ISO-10303-21;
HEADER;
/* Generated by software containing ST-Developer
 * from STEP Tools, Inc. (www.steptools.com) 
 */
/* OPTION: using custom schema-name function */

FILE_DESCRIPTION(
/* description */ (''),
/* implementation_level */ '2;1');

FILE_NAME(
/* name */ 'Drawsting_mold.stp',
/* time_stamp */ '2026-09-08T16:07:18+02:00',
/* author */ (''),
/* organization */ (''),
/* preprocessor_version */ 'ST-DEVELOPER v20',
/* originating_system */ 'SIEMENS PLM Software NX2406.3002',
/* authorisation */ '');

FILE_SCHEMA (('AUTOMOTIVE_DESIGN { 1 0 10303 214 3 1 1 1 }'));
ENDSEC;

DATA;
#10=SHAPE_REPRESENTATION_RELATIONSHIP('None',
'relationship between Drawsting_mold-None and Drawsting_mold-None',#22,
#11);
#11=ADVANCED_BREP_SHAPE_REPRESENTATION('Drawsting_mold-None',(#42,#43),
#2689);
#12=SHAPE_DEFINITION_REPRESENTATION(#13,#22);
#13=PRODUCT_DEFINITION_SHAPE('','',#14);
#14=PRODUCT_DEFINITION(' ','',#16,#15);
#15=PRODUCT_DEFINITION_CONTEXT('part definition',#21,'design');
#16=PRODUCT_DEFINITION_FORMATION_WITH_SPECIFIED_SOURCE(' ',' ',#18,
 .NOT_KNOWN.);
#17=PRODUCT_RELATED_PRODUCT_CATEGORY('part','',(#18));
#18=PRODUCT('Drawsting_mold','Drawsting_mold',' ',(#19));
#19=PRODUCT_CONTEXT(' ',#21,'mechanical');
#20=APPLICATION_PROTOCOL_DEFINITION('international standard',
'automotive_design',2010,#21);
#21=APPLICATION_CONTEXT(
'core data for automotive mechanical design processes');
#22=SHAPE_REPRESENTATION('Drawsting_mold-None',(#1361),#2689);
#23=CONICAL_SURFACE('',#1445,22.1941378290193,24.3743833735842);
#24=CONICAL_SURFACE('',#1467,22.1941378290193,24.3743833735842);
#25=CONICAL_SURFACE('',#1478,22.1941378290193,24.3743833735842);
#26=PRESENTATION_LAYER_ASSIGNMENT('1','Layer 1',(#42,#43));
#27=STYLED_ITEM('',(#29),#42);
#28=STYLED_ITEM('',(#30),#43);
#29=PRESENTATION_STYLE_ASSIGNMENT((#31));
#30=PRESENTATION_STYLE_ASSIGNMENT((#32));
#31=SURFACE_STYLE_USAGE(.BOTH.,#33);
#32=SURFACE_STYLE_USAGE(.BOTH.,#34);
#33=SURFACE_SIDE_STYLE('',(#35));
#34=SURFACE_SIDE_STYLE('',(#36));
#35=SURFACE_STYLE_FILL_AREA(#37);
#36=SURFACE_STYLE_FILL_AREA(#38);
#37=FILL_AREA_STYLE('',(#39));
#38=FILL_AREA_STYLE('',(#40));
#39=FILL_AREA_STYLE_COLOUR('',#41);
#40=FILL_AREA_STYLE_COLOUR('',#41);
#41=COLOUR_RGB('medium steel',0.596078431372549,0.666666666666667,0.686274509803922);
#42=MANIFOLD_SOLID_BREP('',#44);
#43=MANIFOLD_SOLID_BREP('',#45);
#44=CLOSED_SHELL('',(#265,#266,#267,#268,#269,#270,#271,#272,#273,#274,
#275,#276,#277,#278,#279,#280,#281,#282,#283,#284,#285,#286,#287,#288,#289,
#290,#291,#292,#293,#294,#295,#296));
#45=CLOSED_SHELL('',(#297,#298,#299,#300,#301,#302,#303,#304,#305,#306,
#307,#308,#309,#310,#311,#312,#313,#314,#315,#316,#317,#318,#319,#320,#321,
#322,#323,#324,#325,#326,#327,#328,#329,#330,#331,#332,#333,#334,#335,#336,
#337));
#46=CYLINDRICAL_SURFACE('',#1422,18.);
#47=CYLINDRICAL_SURFACE('',#1423,18.);
#48=CYLINDRICAL_SURFACE('',#1424,0.25);
#49=CYLINDRICAL_SURFACE('',#1425,0.25);
#50=CYLINDRICAL_SURFACE('',#1426,0.25);
#51=CYLINDRICAL_SURFACE('',#1427,0.25);
#52=CYLINDRICAL_SURFACE('',#1428,0.25);
#53=CYLINDRICAL_SURFACE('',#1429,0.25);
#54=CYLINDRICAL_SURFACE('',#1430,0.25);
#55=CYLINDRICAL_SURFACE('',#1431,0.25);
#56=CYLINDRICAL_SURFACE('',#1432,0.25);
#57=CYLINDRICAL_SURFACE('',#1502,18.);
#58=CYLINDRICAL_SURFACE('',#1516,0.25);
#59=CYLINDRICAL_SURFACE('',#1517,0.25);
#60=CYLINDRICAL_SURFACE('',#1518,0.25);
#61=CYLINDRICAL_SURFACE('',#1519,0.25);
#62=CYLINDRICAL_SURFACE('',#1520,0.25);
#63=CYLINDRICAL_SURFACE('',#1521,0.25);
#64=CYLINDRICAL_SURFACE('',#1522,0.25);
#65=CYLINDRICAL_SURFACE('',#1523,0.25);
#66=CYLINDRICAL_SURFACE('',#1524,0.25);
#67=TOROIDAL_SURFACE('',#1367,20.499886483714,4.00021724087485);
#68=TOROIDAL_SURFACE('',#1372,20.499886483714,4.00021724087485);
#69=TOROIDAL_SURFACE('',#1410,20.4998864837139,3.33226983236238);
#70=TOROIDAL_SURFACE('',#1414,20.499886483714,4.00021724087485);
#71=TOROIDAL_SURFACE('',#1421,20.4998864837139,3.33226983236238);
#72=TOROIDAL_SURFACE('',#1451,20.499886483714,4.00021724087485);
#73=TOROIDAL_SURFACE('',#1475,20.499886483714,4.00021724087485);
#74=TOROIDAL_SURFACE('',#1484,20.499886483714,4.00021724087485);
#75=TOROIDAL_SURFACE('',#1493,20.4998864837139,3.33226983236238);
#76=TOROIDAL_SURFACE('',#1495,20.4998864837139,3.33226983236238);
#77=TOROIDAL_SURFACE('',#1496,20.499886483714,2.5);
#78=TOROIDAL_SURFACE('',#1498,20.499886483714,2.5);
#79=TOROIDAL_SURFACE('',#1507,20.499886483714,2.5);
#80=CIRCLE('',#1363,24.4888384731709);
#81=CIRCLE('',#1364,4.00021724087485);
#82=CIRCLE('',#1365,16.4996692428393);
#83=CIRCLE('',#1366,4.00021724087485);
#84=CIRCLE('',#1368,16.4996692428393);
#85=CIRCLE('',#1369,4.00021724087485);
#86=CIRCLE('',#1370,24.4888384731709);
#87=CIRCLE('',#1371,4.00021724087485);
#88=CIRCLE('',#1374,0.25);
#89=CIRCLE('',#1375,0.25);
#90=CIRCLE('',#1376,0.25);
#91=CIRCLE('',#1377,0.25);
#92=CIRCLE('',#1378,0.25);
#93=CIRCLE('',#1379,0.25);
#94=CIRCLE('',#1380,0.25);
#95=CIRCLE('',#1381,0.25);
#96=CIRCLE('',#1382,0.25);
#97=CIRCLE('',#1386,3.33226983236238);
#98=CIRCLE('',#1388,3.33226983236238);
#99=CIRCLE('',#1392,18.);
#100=CIRCLE('',#1393,23.8186245323813);
#101=CIRCLE('',#1394,23.8186245323813);
#102=CIRCLE('',#1395,24.4888384731709);
#103=CIRCLE('',#1396,18.);
#104=CIRCLE('',#1398,0.25);
#105=CIRCLE('',#1399,0.25);
#106=CIRCLE('',#1400,0.25);
#107=CIRCLE('',#1401,0.25);
#108=CIRCLE('',#1402,0.25);
#109=CIRCLE('',#1403,0.25);
#110=CIRCLE('',#1404,18.);
#111=CIRCLE('',#1405,16.4996692428393);
#112=CIRCLE('',#1406,17.1676166513516);
#113=CIRCLE('',#1407,17.1676166513516);
#114=CIRCLE('',#1408,18.);
#115=CIRCLE('',#1412,4.00021724087485);
#116=CIRCLE('',#1413,4.00021724087485);
#117=CIRCLE('',#1415,3.33226983236238);
#118=CIRCLE('',#1418,3.33226983236238);
#119=CIRCLE('',#1435,24.4888384731709);
#120=CIRCLE('',#1436,23.8186245323813);
#121=CIRCLE('',#1437,24.4888384731709);
#122=CIRCLE('',#1438,18.);
#123=CIRCLE('',#1439,18.);
#124=CIRCLE('',#1440,24.4888384731709);
#125=CIRCLE('',#1441,23.8186245323813);
#126=CIRCLE('',#1443,21.5749317530228);
#127=CIRCLE('',#1444,22.1941378290193);
#128=CIRCLE('',#1446,3.33226983236238);
#129=CIRCLE('',#1447,2.5);
#130=CIRCLE('',#1448,4.00021724087485);
#131=CIRCLE('',#1450,4.00021724087485);
#132=CIRCLE('',#1455,0.25);
#133=CIRCLE('',#1456,0.25);
#134=CIRCLE('',#1457,0.25);
#135=CIRCLE('',#1458,0.25);
#136=CIRCLE('',#1459,0.25);
#137=CIRCLE('',#1460,0.25);
#138=CIRCLE('',#1461,0.25);
#139=CIRCLE('',#1462,0.25);
#140=CIRCLE('',#1463,0.25);
#141=CIRCLE('',#1465,21.5749317530228);
#142=CIRCLE('',#1466,22.1941378290193);
#143=CIRCLE('',#1468,2.5);
#144=CIRCLE('',#1469,3.33226983236238);
#145=CIRCLE('',#1470,4.00021724087485);
#146=CIRCLE('',#1472,2.5);
#147=CIRCLE('',#1473,4.00021724087485);
#148=CIRCLE('',#1476,21.5749317530228);
#149=CIRCLE('',#1477,22.1941378290193);
#150=CIRCLE('',#1480,2.5);
#151=CIRCLE('',#1481,4.00021724087485);
#152=CIRCLE('',#1483,4.00021724087485);
#153=CIRCLE('',#1485,3.33226983236238);
#154=CIRCLE('',#1486,2.5);
#155=CIRCLE('',#1488,2.5);
#156=CIRCLE('',#1489,3.33226983236238);
#157=CIRCLE('',#1492,17.1676166513516);
#158=CIRCLE('',#1494,17.1676166513516);
#159=CIRCLE('',#1497,2.5);
#160=CIRCLE('',#1499,18.);
#161=CIRCLE('',#1500,18.);
#162=CIRCLE('',#1501,18.);
#163=CIRCLE('',#1506,2.5);
#164=CIRCLE('',#1509,0.25);
#165=CIRCLE('',#1510,0.25);
#166=CIRCLE('',#1511,0.25);
#167=CIRCLE('',#1512,0.25);
#168=CIRCLE('',#1513,0.25);
#169=CIRCLE('',#1514,0.25);
#170=FACE_BOUND('',#418,.T.);
#171=FACE_BOUND('',#419,.T.);
#172=FACE_BOUND('',#420,.T.);
#173=FACE_BOUND('',#421,.T.);
#174=FACE_BOUND('',#423,.T.);
#175=FACE_BOUND('',#424,.T.);
#176=FACE_BOUND('',#425,.T.);
#177=FACE_BOUND('',#426,.T.);
#178=FACE_BOUND('',#427,.T.);
#179=FACE_BOUND('',#428,.T.);
#180=FACE_BOUND('',#429,.T.);
#181=FACE_BOUND('',#430,.T.);
#182=FACE_BOUND('',#431,.T.);
#183=FACE_BOUND('',#432,.T.);
#184=FACE_BOUND('',#439,.T.);
#185=FACE_BOUND('',#440,.T.);
#186=FACE_BOUND('',#441,.T.);
#187=FACE_BOUND('',#442,.T.);
#188=FACE_BOUND('',#443,.T.);
#189=FACE_BOUND('',#444,.T.);
#190=FACE_BOUND('',#445,.T.);
#191=FACE_BOUND('',#446,.T.);
#192=FACE_BOUND('',#447,.T.);
#193=FACE_BOUND('',#450,.T.);
#194=FACE_BOUND('',#451,.T.);
#195=FACE_BOUND('',#459,.T.);
#196=FACE_BOUND('',#460,.T.);
#197=FACE_BOUND('',#461,.T.);
#198=FACE_BOUND('',#462,.T.);
#199=FACE_BOUND('',#463,.T.);
#200=FACE_BOUND('',#464,.T.);
#201=FACE_BOUND('',#465,.T.);
#202=FACE_BOUND('',#466,.T.);
#203=FACE_BOUND('',#467,.T.);
#204=FACE_BOUND('',#468,.T.);
#205=FACE_BOUND('',#469,.T.);
#206=FACE_BOUND('',#470,.T.);
#207=FACE_BOUND('',#471,.T.);
#208=FACE_BOUND('',#472,.T.);
#209=FACE_BOUND('',#473,.T.);
#210=FACE_BOUND('',#474,.T.);
#211=FACE_BOUND('',#475,.T.);
#212=FACE_BOUND('',#476,.T.);
#213=FACE_BOUND('',#479,.T.);
#214=FACE_BOUND('',#480,.T.);
#215=FACE_BOUND('',#483,.T.);
#216=FACE_BOUND('',#484,.T.);
#217=FACE_BOUND('',#488,.T.);
#218=FACE_BOUND('',#489,.T.);
#219=FACE_BOUND('',#490,.T.);
#220=FACE_BOUND('',#491,.T.);
#221=FACE_BOUND('',#492,.T.);
#222=FACE_BOUND('',#493,.T.);
#223=FACE_BOUND('',#494,.T.);
#224=FACE_BOUND('',#495,.T.);
#225=FACE_BOUND('',#496,.T.);
#226=FACE_BOUND('',#497,.T.);
#227=FACE_BOUND('',#501,.T.);
#228=FACE_BOUND('',#502,.T.);
#229=FACE_BOUND('',#506,.T.);
#230=FACE_BOUND('',#507,.T.);
#231=FACE_BOUND('',#521,.T.);
#232=FACE_BOUND('',#522,.T.);
#233=FACE_BOUND('',#523,.T.);
#234=FACE_BOUND('',#524,.T.);
#235=FACE_BOUND('',#525,.T.);
#236=FACE_BOUND('',#526,.T.);
#237=FACE_BOUND('',#527,.T.);
#238=FACE_BOUND('',#528,.T.);
#239=FACE_BOUND('',#529,.T.);
#240=FACE_BOUND('',#530,.T.);
#241=FACE_BOUND('',#531,.T.);
#242=FACE_BOUND('',#532,.T.);
#243=FACE_BOUND('',#533,.T.);
#244=FACE_BOUND('',#534,.T.);
#245=FACE_BOUND('',#535,.T.);
#246=FACE_BOUND('',#536,.T.);
#247=FACE_BOUND('',#537,.T.);
#248=FACE_BOUND('',#538,.T.);
#249=FACE_BOUND('',#539,.T.);
#250=FACE_BOUND('',#540,.T.);
#251=FACE_BOUND('',#541,.T.);
#252=FACE_BOUND('',#542,.T.);
#253=FACE_BOUND('',#543,.T.);
#254=FACE_BOUND('',#544,.T.);
#255=FACE_BOUND('',#545,.T.);
#256=B_SPLINE_CURVE_WITH_KNOTS('',3,(#1941,#1942,#1943,#1944,#1945,#1946,
#1947,#1948,#1949,#1950,#1951,#1952,#1953,#1954,#1955,#1956,#1957,#1958,
#1959,#1960,#1961,#1962,#1963,#1964,#1965,#1966,#1967,#1968,#1969,#1970,
#1971,#1972,#1973,#1974,#1975,#1976,#1977,#1978,#1979,#1980,#1981,#1982,
#1983,#1984,#1985,#1986,#1987,#1988,#1989,#1990,#1991,#1992,#1993,#1994,
#1995,#1996,#1997,#1998,#1999,#2000,#2001,#2002,#2003,#2004),
 .UNSPECIFIED.,.T.,.F.,(1,3,3,3,3,3,3,3,3,3,3,3,3,3,3,3,3,3,3,3,3,3,3,1),
(-0.0086424317459145,0.,0.0163947522491571,0.0327853795394672,0.0550655205409249,
0.0925978036720407,0.168068594277376,0.293784681009878,0.376024139097121,
0.427610204644612,0.463832126747508,0.491037934408277,0.518560857097993,
0.542033957292524,0.565880289730452,0.604649110427216,0.665406042038488,
0.764667266037954,0.86954239000918,0.918145016927095,0.967322973589726,
0.991357568254085,1.,1.01639475224916),.UNSPECIFIED.);
#257=B_SPLINE_CURVE_WITH_KNOTS('',3,(#2015,#2016,#2017,#2018,#2019,#2020,
#2021,#2022,#2023,#2024,#2025,#2026,#2027,#2028,#2029,#2030,#2031,#2032,
#2033,#2034,#2035,#2036,#2037,#2038,#2039,#2040,#2041,#2042,#2043,#2044,
#2045,#2046,#2047,#2048,#2049,#2050,#2051,#2052,#2053,#2054,#2055,#2056,
#2057,#2058,#2059,#2060,#2061,#2062,#2063,#2064,#2065,#2066,#2067,#2068,
#2069,#2070,#2071,#2072,#2073,#2074,#2075,#2076,#2077,#2078),
 .UNSPECIFIED.,.T.,.F.,(1,3,3,3,3,3,3,3,3,3,3,3,3,3,3,3,3,3,3,3,3,3,3,1),
(-0.00493937215237206,0.,0.0569746422495103,0.158460213317631,0.266784720932038,
0.326872911288765,0.373140089576876,0.404694279535769,0.430769646103786,
0.456988764716392,0.481239492772016,0.515132215801069,0.564731932442914,
0.64355910749326,0.759777211906831,0.84135496292579,0.878627667941318,0.910282904857319,
0.930160747180007,0.950263510666103,0.967970162016715,0.995060627847628,
1.,1.05697464224951),.UNSPECIFIED.);
#258=B_SPLINE_CURVE_WITH_KNOTS('',3,(#2201,#2202,#2203,#2204,#2205,#2206,
#2207,#2208,#2209,#2210,#2211,#2212,#2213,#2214,#2215,#2216,#2217,#2218,
#2219,#2220,#2221,#2222,#2223,#2224,#2225,#2226,#2227,#2228,#2229,#2230,
#2231,#2232,#2233,#2234,#2235,#2236,#2237,#2238,#2239,#2240,#2241,#2242,
#2243,#2244,#2245,#2246,#2247,#2248,#2249,#2250,#2251,#2252,#2253,#2254,
#2255,#2256,#2257,#2258,#2259,#2260,#2261),.UNSPECIFIED.,.T.,.F.,(1,3,3,
3,3,3,3,3,3,3,3,3,3,3,3,3,3,3,3,3,3,3,1),(-0.0148515662388059,0.,0.024109000813523,
0.0536805339445735,0.0984455634889201,0.173451148534841,0.275955732283953,
0.354738445250098,0.407473245442157,0.447051410369842,0.47887483988345,
0.51092469011669,0.539826868857259,0.570131367458219,0.617211726157494,
0.685152805440782,0.780437594281296,0.877714247890934,0.922414330758391,
0.959762528521583,0.985148433761194,1.,1.02410900081352),.UNSPECIFIED.);
#259=B_SPLINE_CURVE_WITH_KNOTS('',3,(#2357,#2358,#2359,#2360,#2361,#2362,
#2363,#2364,#2365,#2366,#2367,#2368,#2369,#2370,#2371,#2372,#2373,#2374,
#2375,#2376,#2377,#2378,#2379,#2380,#2381,#2382,#2383,#2384,#2385,#2386,
#2387,#2388,#2389,#2390,#2391,#2392,#2393,#2394,#2395,#2396,#2397,#2398,
#2399,#2400,#2401,#2402,#2403,#2404,#2405,#2406,#2407,#2408,#2409,#2410,
#2411,#2412,#2413,#2414,#2415,#2416,#2417,#2418,#2419,#2420),
 .UNSPECIFIED.,.T.,.F.,(1,3,3,3,3,3,3,3,3,3,3,3,3,3,3,3,3,3,3,3,3,3,3,1),
(-0.0318063789267065,0.,0.0946163360465096,0.195363394655552,0.250126494857951,
0.296463374062291,0.319308384671605,0.338849937882959,0.358549065734574,
0.376194439890501,0.405915115078671,0.459529543954334,0.560603734148151,
0.668424634276637,0.729721599549093,0.776439014576328,0.808312111075074,
0.834543336170105,0.860927146857569,0.885220297238222,0.91895033406099,
0.968193621073294,1.,1.09461633604651),.UNSPECIFIED.);
#260=B_SPLINE_CURVE_WITH_KNOTS('',3,(#2477,#2478,#2479,#2480,#2481,#2482,
#2483,#2484,#2485,#2486,#2487,#2488,#2489,#2490,#2491,#2492,#2493,#2494,
#2495,#2496,#2497,#2498,#2499,#2500,#2501,#2502,#2503,#2504,#2505,#2506,
#2507,#2508,#2509,#2510,#2511,#2512,#2513,#2514,#2515,#2516,#2517,#2518,
#2519,#2520,#2521,#2522,#2523,#2524,#2525,#2526,#2527,#2528,#2529,#2530,
#2531,#2532,#2533,#2534,#2535,#2536,#2537),.UNSPECIFIED.,.T.,.F.,(1,3,3,
3,3,3,3,3,3,3,3,3,3,3,3,3,3,3,3,3,3,3,1),(-0.0100075174973699,0.,0.0405770454307976,
0.0913433367962805,0.164701834343434,0.264163376382615,0.348680837744293,
0.391820601452279,0.426180618282143,0.451110528139268,0.47623124032385,
0.49908783071612,0.534372504308363,0.591590539132426,0.683543084117781,
0.778729672991718,0.842360194025958,0.888899942989771,0.924183224170616,
0.959896755034708,0.98999248250263,1.,1.0405770454308),.UNSPECIFIED.);
#261=B_SPLINE_CURVE_WITH_KNOTS('',3,(#2556,#2557,#2558,#2559,#2560,#2561,
#2562,#2563,#2564,#2565,#2566,#2567,#2568,#2569,#2570,#2571,#2572,#2573,
#2574,#2575,#2576,#2577,#2578,#2579,#2580,#2581,#2582,#2583,#2584,#2585,
#2586,#2587,#2588,#2589,#2590,#2591,#2592,#2593,#2594,#2595,#2596,#2597,
#2598,#2599,#2600,#2601,#2602,#2603,#2604,#2605,#2606,#2607,#2608,#2609,
#2610,#2611,#2612,#2613,#2614,#2615,#2616),.UNSPECIFIED.,.T.,.F.,(1,3,3,
3,3,3,3,3,3,3,3,3,3,3,3,3,3,3,3,3,3,3,1),(-0.0543469706709148,0.,0.0555914447445167,
0.0839008039275662,0.112599794678605,0.137224868365424,0.160334050268361,
0.195214480328875,0.248371678657543,0.335531163633484,0.461127549442426,
0.518387683843047,0.567088079180663,0.588583139928839,0.610464441456297,
0.629558059902195,0.645719187120984,0.674073741594878,0.7272116349037,0.832434213471794,
0.945653029329085,1.,1.05559144474452),.UNSPECIFIED.);
#262=B_SPLINE_CURVE_WITH_KNOTS('',3,(#2637,#2638,#2639,#2640),
 .UNSPECIFIED.,.F.,.F.,(4,4),(0.,1.),.UNSPECIFIED.);
#263=B_SPLINE_CURVE_WITH_KNOTS('',3,(#2642,#2643,#2644,#2645),
 .UNSPECIFIED.,.F.,.F.,(4,4),(0.,1.),.UNSPECIFIED.);
#264=B_SPLINE_CURVE_WITH_KNOTS('',3,(#2652,#2653,#2654,#2655),
 .UNSPECIFIED.,.F.,.F.,(4,4),(0.,1.),.UNSPECIFIED.);
#265=ADVANCED_FACE('',(#374),#338,.F.);
#266=ADVANCED_FACE('',(#170,#171),#67,.F.);
#267=ADVANCED_FACE('',(#172,#173),#68,.F.);
#268=ADVANCED_FACE('',(#375),#339,.F.);
#269=ADVANCED_FACE('',(#174,#175,#176,#177,#178,#179,#180,#181,#182,#183),
#340,.T.);
#270=ADVANCED_FACE('',(#376),#341,.F.);
#271=ADVANCED_FACE('',(#377),#342,.T.);
#272=ADVANCED_FACE('',(#378),#343,.T.);
#273=ADVANCED_FACE('',(#379),#344,.F.);
#274=ADVANCED_FACE('',(#380),#345,.T.);
#275=ADVANCED_FACE('',(#381),#346,.F.);
#276=ADVANCED_FACE('',(#184,#185),#347,.F.);
#277=ADVANCED_FACE('',(#186,#187,#188,#189,#190,#191,#192),#348,.F.);
#278=ADVANCED_FACE('',(#382),#69,.F.);
#279=ADVANCED_FACE('',(#383),#349,.F.);
#280=ADVANCED_FACE('',(#193,#194),#70,.F.);
#281=ADVANCED_FACE('',(#384),#350,.F.);
#282=ADVANCED_FACE('',(#385),#351,.F.);
#283=ADVANCED_FACE('',(#386),#352,.T.);
#284=ADVANCED_FACE('',(#387),#353,.F.);
#285=ADVANCED_FACE('',(#388),#71,.F.);
#286=ADVANCED_FACE('',(#389),#46,.F.);
#287=ADVANCED_FACE('',(#390),#47,.F.);
#288=ADVANCED_FACE('',(#195,#196),#48,.F.);
#289=ADVANCED_FACE('',(#197,#198),#49,.F.);
#290=ADVANCED_FACE('',(#199,#200),#50,.F.);
#291=ADVANCED_FACE('',(#201,#202),#51,.F.);
#292=ADVANCED_FACE('',(#203,#204),#52,.F.);
#293=ADVANCED_FACE('',(#205,#206),#53,.F.);
#294=ADVANCED_FACE('',(#207,#208),#54,.F.);
#295=ADVANCED_FACE('',(#209,#210),#55,.F.);
#296=ADVANCED_FACE('',(#211,#212),#56,.F.);
#297=ADVANCED_FACE('',(#391),#354,.F.);
#298=ADVANCED_FACE('',(#392),#355,.T.);
#299=ADVANCED_FACE('',(#213,#214),#356,.T.);
#300=ADVANCED_FACE('',(#393),#23,.T.);
#301=ADVANCED_FACE('',(#394),#357,.F.);
#302=ADVANCED_FACE('',(#215,#216),#72,.F.);
#303=ADVANCED_FACE('',(#395),#358,.F.);
#304=ADVANCED_FACE('',(#396),#359,.F.);
#305=ADVANCED_FACE('',(#397),#360,.F.);
#306=ADVANCED_FACE('',(#217,#218,#219,#220,#221,#222,#223,#224,#225,#226),
#361,.F.);
#307=ADVANCED_FACE('',(#398),#24,.T.);
#308=ADVANCED_FACE('',(#399),#362,.T.);
#309=ADVANCED_FACE('',(#400),#363,.F.);
#310=ADVANCED_FACE('',(#227,#228),#73,.F.);
#311=ADVANCED_FACE('',(#401),#25,.T.);
#312=ADVANCED_FACE('',(#402),#364,.F.);
#313=ADVANCED_FACE('',(#403),#365,.T.);
#314=ADVANCED_FACE('',(#229,#230),#74,.F.);
#315=ADVANCED_FACE('',(#404),#366,.F.);
#316=ADVANCED_FACE('',(#405),#367,.T.);
#317=ADVANCED_FACE('',(#406),#368,.F.);
#318=ADVANCED_FACE('',(#407),#75,.T.);
#319=ADVANCED_FACE('',(#408),#76,.T.);
#320=ADVANCED_FACE('',(#409),#77,.T.);
#321=ADVANCED_FACE('',(#410),#78,.T.);
#322=ADVANCED_FACE('',(#411),#57,.F.);
#323=ADVANCED_FACE('',(#412),#369,.F.);
#324=ADVANCED_FACE('',(#413),#370,.F.);
#325=ADVANCED_FACE('',(#414),#371,.F.);
#326=ADVANCED_FACE('',(#415),#79,.T.);
#327=ADVANCED_FACE('',(#416),#372,.F.);
#328=ADVANCED_FACE('',(#231,#232,#233,#234,#235,#236,#237),#373,.T.);
#329=ADVANCED_FACE('',(#238,#239),#58,.F.);
#330=ADVANCED_FACE('',(#240,#241),#59,.F.);
#331=ADVANCED_FACE('',(#242,#243),#60,.F.);
#332=ADVANCED_FACE('',(#244,#245),#61,.F.);
#333=ADVANCED_FACE('',(#246,#247),#62,.F.);
#334=ADVANCED_FACE('',(#248,#249),#63,.F.);
#335=ADVANCED_FACE('',(#250,#251),#64,.F.);
#336=ADVANCED_FACE('',(#252,#253),#65,.F.);
#337=ADVANCED_FACE('',(#254,#255),#66,.F.);
#338=PLANE('',#1362);
#339=PLANE('',#1373);
#340=PLANE('',#1383);
#341=PLANE('',#1384);
#342=PLANE('',#1385);
#343=PLANE('',#1387);
#344=PLANE('',#1389);
#345=PLANE('',#1390);
#346=PLANE('',#1391);
#347=PLANE('',#1397);
#348=PLANE('',#1409);
#349=PLANE('',#1411);
#350=PLANE('',#1416);
#351=PLANE('',#1417);
#352=PLANE('',#1419);
#353=PLANE('',#1420);
#354=PLANE('',#1433);
#355=PLANE('',#1434);
#356=PLANE('',#1442);
#357=PLANE('',#1449);
#358=PLANE('',#1452);
#359=PLANE('',#1453);
#360=PLANE('',#1454);
#361=PLANE('',#1464);
#362=PLANE('',#1471);
#363=PLANE('',#1474);
#364=PLANE('',#1479);
#365=PLANE('',#1482);
#366=PLANE('',#1487);
#367=PLANE('',#1490);
#368=PLANE('',#1491);
#369=PLANE('',#1503);
#370=PLANE('',#1504);
#371=PLANE('',#1505);
#372=PLANE('',#1508);
#373=PLANE('',#1515);
#374=FACE_OUTER_BOUND('',#417,.T.);
#375=FACE_OUTER_BOUND('',#422,.T.);
#376=FACE_OUTER_BOUND('',#433,.T.);
#377=FACE_OUTER_BOUND('',#434,.T.);
#378=FACE_OUTER_BOUND('',#435,.T.);
#379=FACE_OUTER_BOUND('',#436,.T.);
#380=FACE_OUTER_BOUND('',#437,.T.);
#381=FACE_OUTER_BOUND('',#438,.T.);
#382=FACE_OUTER_BOUND('',#448,.T.);
#383=FACE_OUTER_BOUND('',#449,.T.);
#384=FACE_OUTER_BOUND('',#452,.T.);
#385=FACE_OUTER_BOUND('',#453,.T.);
#386=FACE_OUTER_BOUND('',#454,.T.);
#387=FACE_OUTER_BOUND('',#455,.T.);
#388=FACE_OUTER_BOUND('',#456,.T.);
#389=FACE_OUTER_BOUND('',#457,.T.);
#390=FACE_OUTER_BOUND('',#458,.T.);
#391=FACE_OUTER_BOUND('',#477,.T.);
#392=FACE_OUTER_BOUND('',#478,.T.);
#393=FACE_OUTER_BOUND('',#481,.T.);
#394=FACE_OUTER_BOUND('',#482,.T.);
#395=FACE_OUTER_BOUND('',#485,.T.);
#396=FACE_OUTER_BOUND('',#486,.T.);
#397=FACE_OUTER_BOUND('',#487,.T.);
#398=FACE_OUTER_BOUND('',#498,.T.);
#399=FACE_OUTER_BOUND('',#499,.T.);
#400=FACE_OUTER_BOUND('',#500,.T.);
#401=FACE_OUTER_BOUND('',#503,.T.);
#402=FACE_OUTER_BOUND('',#504,.T.);
#403=FACE_OUTER_BOUND('',#505,.T.);
#404=FACE_OUTER_BOUND('',#508,.T.);
#405=FACE_OUTER_BOUND('',#509,.T.);
#406=FACE_OUTER_BOUND('',#510,.T.);
#407=FACE_OUTER_BOUND('',#511,.T.);
#408=FACE_OUTER_BOUND('',#512,.T.);
#409=FACE_OUTER_BOUND('',#513,.T.);
#410=FACE_OUTER_BOUND('',#514,.T.);
#411=FACE_OUTER_BOUND('',#515,.T.);
#412=FACE_OUTER_BOUND('',#516,.T.);
#413=FACE_OUTER_BOUND('',#517,.T.);
#414=FACE_OUTER_BOUND('',#518,.T.);
#415=FACE_OUTER_BOUND('',#519,.T.);
#416=FACE_OUTER_BOUND('',#520,.T.);
#417=EDGE_LOOP('',(#546,#547,#548,#549));
#418=EDGE_LOOP('',(#550));
#419=EDGE_LOOP('',(#551,#552,#553,#554));
#420=EDGE_LOOP('',(#555));
#421=EDGE_LOOP('',(#556,#557,#558,#559));
#422=EDGE_LOOP('',(#560,#561,#562,#563));
#423=EDGE_LOOP('',(#564));
#424=EDGE_LOOP('',(#565));
#425=EDGE_LOOP('',(#566));
#426=EDGE_LOOP('',(#567));
#427=EDGE_LOOP('',(#568));
#428=EDGE_LOOP('',(#569));
#429=EDGE_LOOP('',(#570));
#430=EDGE_LOOP('',(#571));
#431=EDGE_LOOP('',(#572));
#432=EDGE_LOOP('',(#573,#574,#575,#576));
#433=EDGE_LOOP('',(#577,#578,#579,#580));
#434=EDGE_LOOP('',(#581,#582,#583,#584));
#435=EDGE_LOOP('',(#585,#586,#587,#588));
#436=EDGE_LOOP('',(#589,#590,#591,#592));
#437=EDGE_LOOP('',(#593,#594,#595,#596));
#438=EDGE_LOOP('',(#597,#598,#599,#600));
#439=EDGE_LOOP('',(#601,#602,#603,#604));
#440=EDGE_LOOP('',(#605,#606,#607,#608,#609,#610,#611,#612,#613,#614,#615,
#616,#617,#618,#619,#620));
#441=EDGE_LOOP('',(#621));
#442=EDGE_LOOP('',(#622));
#443=EDGE_LOOP('',(#623));
#444=EDGE_LOOP('',(#624));
#445=EDGE_LOOP('',(#625));
#446=EDGE_LOOP('',(#626));
#447=EDGE_LOOP('',(#627,#628,#629,#630,#631,#632,#633,#634,#635,#636,#637,
#638,#639,#640,#641,#642));
#448=EDGE_LOOP('',(#643,#644,#645,#646));
#449=EDGE_LOOP('',(#647,#648,#649,#650));
#450=EDGE_LOOP('',(#651));
#451=EDGE_LOOP('',(#652,#653,#654,#655));
#452=EDGE_LOOP('',(#656,#657,#658,#659));
#453=EDGE_LOOP('',(#660,#661,#662,#663));
#454=EDGE_LOOP('',(#664,#665,#666,#667));
#455=EDGE_LOOP('',(#668,#669,#670,#671));
#456=EDGE_LOOP('',(#672,#673,#674,#675));
#457=EDGE_LOOP('',(#676,#677,#678,#679));
#458=EDGE_LOOP('',(#680,#681,#682,#683));
#459=EDGE_LOOP('',(#684));
#460=EDGE_LOOP('',(#685));
#461=EDGE_LOOP('',(#686));
#462=EDGE_LOOP('',(#687));
#463=EDGE_LOOP('',(#688));
#464=EDGE_LOOP('',(#689));
#465=EDGE_LOOP('',(#690));
#466=EDGE_LOOP('',(#691));
#467=EDGE_LOOP('',(#692));
#468=EDGE_LOOP('',(#693));
#469=EDGE_LOOP('',(#694));
#470=EDGE_LOOP('',(#695));
#471=EDGE_LOOP('',(#696));
#472=EDGE_LOOP('',(#697));
#473=EDGE_LOOP('',(#698));
#474=EDGE_LOOP('',(#699));
#475=EDGE_LOOP('',(#700));
#476=EDGE_LOOP('',(#701));
#477=EDGE_LOOP('',(#702,#703,#704,#705));
#478=EDGE_LOOP('',(#706,#707,#708,#709));
#479=EDGE_LOOP('',(#710,#711,#712,#713,#714,#715,#716,#717,#718,#719,#720,
#721,#722,#723,#724,#725,#726,#727));
#480=EDGE_LOOP('',(#728,#729,#730,#731));
#481=EDGE_LOOP('',(#732,#733,#734,#735));
#482=EDGE_LOOP('',(#736,#737,#738,#739,#740,#741));
#483=EDGE_LOOP('',(#742));
#484=EDGE_LOOP('',(#743,#744,#745,#746));
#485=EDGE_LOOP('',(#747,#748,#749,#750));
#486=EDGE_LOOP('',(#751,#752,#753,#754));
#487=EDGE_LOOP('',(#755,#756,#757,#758));
#488=EDGE_LOOP('',(#759));
#489=EDGE_LOOP('',(#760));
#490=EDGE_LOOP('',(#761));
#491=EDGE_LOOP('',(#762));
#492=EDGE_LOOP('',(#763));
#493=EDGE_LOOP('',(#764));
#494=EDGE_LOOP('',(#765));
#495=EDGE_LOOP('',(#766));
#496=EDGE_LOOP('',(#767));
#497=EDGE_LOOP('',(#768,#769,#770,#771));
#498=EDGE_LOOP('',(#772,#773,#774,#775));
#499=EDGE_LOOP('',(#776,#777,#778,#779,#780,#781));
#500=EDGE_LOOP('',(#782,#783,#784,#785));
#501=EDGE_LOOP('',(#786));
#502=EDGE_LOOP('',(#787,#788,#789,#790));
#503=EDGE_LOOP('',(#791,#792,#793,#794));
#504=EDGE_LOOP('',(#795,#796,#797,#798));
#505=EDGE_LOOP('',(#799,#800,#801,#802));
#506=EDGE_LOOP('',(#803));
#507=EDGE_LOOP('',(#804,#805,#806,#807));
#508=EDGE_LOOP('',(#808,#809,#810,#811,#812,#813));
#509=EDGE_LOOP('',(#814,#815,#816,#817,#818,#819));
#510=EDGE_LOOP('',(#820,#821,#822,#823));
#511=EDGE_LOOP('',(#824,#825,#826,#827));
#512=EDGE_LOOP('',(#828,#829,#830,#831));
#513=EDGE_LOOP('',(#832,#833,#834,#835));
#514=EDGE_LOOP('',(#836,#837,#838,#839,#840));
#515=EDGE_LOOP('',(#841,#842,#843,#844,#845,#846,#847,#848,#849,#850,#851,
#852));
#516=EDGE_LOOP('',(#853,#854,#855));
#517=EDGE_LOOP('',(#856,#857,#858,#859));
#518=EDGE_LOOP('',(#860,#861,#862,#863));
#519=EDGE_LOOP('',(#864,#865,#866,#867,#868));
#520=EDGE_LOOP('',(#869,#870,#871));
#521=EDGE_LOOP('',(#872));
#522=EDGE_LOOP('',(#873));
#523=EDGE_LOOP('',(#874));
#524=EDGE_LOOP('',(#875));
#525=EDGE_LOOP('',(#876));
#526=EDGE_LOOP('',(#877));
#527=EDGE_LOOP('',(#878,#879,#880,#881));
#528=EDGE_LOOP('',(#882));
#529=EDGE_LOOP('',(#883));
#530=EDGE_LOOP('',(#884));
#531=EDGE_LOOP('',(#885));
#532=EDGE_LOOP('',(#886));
#533=EDGE_LOOP('',(#887));
#534=EDGE_LOOP('',(#888));
#535=EDGE_LOOP('',(#889));
#536=EDGE_LOOP('',(#890));
#537=EDGE_LOOP('',(#891));
#538=EDGE_LOOP('',(#892));
#539=EDGE_LOOP('',(#893));
#540=EDGE_LOOP('',(#894));
#541=EDGE_LOOP('',(#895));
#542=EDGE_LOOP('',(#896));
#543=EDGE_LOOP('',(#897));
#544=EDGE_LOOP('',(#898));
#545=EDGE_LOOP('',(#899));
#546=ORIENTED_EDGE('',*,*,#1028,.T.);
#547=ORIENTED_EDGE('',*,*,#1029,.F.);
#548=ORIENTED_EDGE('',*,*,#1030,.F.);
#549=ORIENTED_EDGE('',*,*,#1031,.F.);
#550=ORIENTED_EDGE('',*,*,#1032,.F.);
#551=ORIENTED_EDGE('',*,*,#1033,.F.);
#552=ORIENTED_EDGE('',*,*,#1034,.T.);
#553=ORIENTED_EDGE('',*,*,#1035,.T.);
#554=ORIENTED_EDGE('',*,*,#1036,.F.);
#555=ORIENTED_EDGE('',*,*,#1037,.F.);
#556=ORIENTED_EDGE('',*,*,#1038,.T.);
#557=ORIENTED_EDGE('',*,*,#1039,.F.);
#558=ORIENTED_EDGE('',*,*,#1040,.F.);
#559=ORIENTED_EDGE('',*,*,#1041,.T.);
#560=ORIENTED_EDGE('',*,*,#1042,.T.);
#561=ORIENTED_EDGE('',*,*,#1043,.F.);
#562=ORIENTED_EDGE('',*,*,#1044,.F.);
#563=ORIENTED_EDGE('',*,*,#1030,.T.);
#564=ORIENTED_EDGE('',*,*,#1045,.T.);
#565=ORIENTED_EDGE('',*,*,#1046,.T.);
#566=ORIENTED_EDGE('',*,*,#1047,.T.);
#567=ORIENTED_EDGE('',*,*,#1048,.T.);
#568=ORIENTED_EDGE('',*,*,#1049,.T.);
#569=ORIENTED_EDGE('',*,*,#1050,.T.);
#570=ORIENTED_EDGE('',*,*,#1051,.T.);
#571=ORIENTED_EDGE('',*,*,#1052,.T.);
#572=ORIENTED_EDGE('',*,*,#1053,.T.);
#573=ORIENTED_EDGE('',*,*,#1044,.T.);
#574=ORIENTED_EDGE('',*,*,#1054,.T.);
#575=ORIENTED_EDGE('',*,*,#1055,.T.);
#576=ORIENTED_EDGE('',*,*,#1031,.T.);
#577=ORIENTED_EDGE('',*,*,#1055,.F.);
#578=ORIENTED_EDGE('',*,*,#1056,.T.);
#579=ORIENTED_EDGE('',*,*,#1057,.F.);
#580=ORIENTED_EDGE('',*,*,#1028,.F.);
#581=ORIENTED_EDGE('',*,*,#1058,.F.);
#582=ORIENTED_EDGE('',*,*,#1059,.F.);
#583=ORIENTED_EDGE('',*,*,#1060,.F.);
#584=ORIENTED_EDGE('',*,*,#1061,.F.);
#585=ORIENTED_EDGE('',*,*,#1062,.T.);
#586=ORIENTED_EDGE('',*,*,#1063,.T.);
#587=ORIENTED_EDGE('',*,*,#1041,.F.);
#588=ORIENTED_EDGE('',*,*,#1064,.T.);
#589=ORIENTED_EDGE('',*,*,#1065,.F.);
#590=ORIENTED_EDGE('',*,*,#1066,.T.);
#591=ORIENTED_EDGE('',*,*,#1067,.T.);
#592=ORIENTED_EDGE('',*,*,#1036,.T.);
#593=ORIENTED_EDGE('',*,*,#1068,.T.);
#594=ORIENTED_EDGE('',*,*,#1069,.F.);
#595=ORIENTED_EDGE('',*,*,#1070,.T.);
#596=ORIENTED_EDGE('',*,*,#1034,.F.);
#597=ORIENTED_EDGE('',*,*,#1071,.F.);
#598=ORIENTED_EDGE('',*,*,#1072,.F.);
#599=ORIENTED_EDGE('',*,*,#1073,.F.);
#600=ORIENTED_EDGE('',*,*,#1061,.T.);
#601=ORIENTED_EDGE('',*,*,#1057,.T.);
#602=ORIENTED_EDGE('',*,*,#1074,.F.);
#603=ORIENTED_EDGE('',*,*,#1042,.F.);
#604=ORIENTED_EDGE('',*,*,#1029,.T.);
#605=ORIENTED_EDGE('',*,*,#1073,.T.);
#606=ORIENTED_EDGE('',*,*,#1075,.F.);
#607=ORIENTED_EDGE('',*,*,#1068,.F.);
#608=ORIENTED_EDGE('',*,*,#1033,.T.);
#609=ORIENTED_EDGE('',*,*,#1067,.F.);
#610=ORIENTED_EDGE('',*,*,#1076,.F.);
#611=ORIENTED_EDGE('',*,*,#1064,.F.);
#612=ORIENTED_EDGE('',*,*,#1040,.T.);
#613=ORIENTED_EDGE('',*,*,#1077,.F.);
#614=ORIENTED_EDGE('',*,*,#1078,.F.);
#615=ORIENTED_EDGE('',*,*,#1079,.F.);
#616=ORIENTED_EDGE('',*,*,#1080,.F.);
#617=ORIENTED_EDGE('',*,*,#1081,.T.);
#618=ORIENTED_EDGE('',*,*,#1082,.F.);
#619=ORIENTED_EDGE('',*,*,#1083,.T.);
#620=ORIENTED_EDGE('',*,*,#1058,.T.);
#621=ORIENTED_EDGE('',*,*,#1084,.T.);
#622=ORIENTED_EDGE('',*,*,#1085,.T.);
#623=ORIENTED_EDGE('',*,*,#1086,.T.);
#624=ORIENTED_EDGE('',*,*,#1087,.T.);
#625=ORIENTED_EDGE('',*,*,#1088,.T.);
#626=ORIENTED_EDGE('',*,*,#1089,.T.);
#627=ORIENTED_EDGE('',*,*,#1060,.T.);
#628=ORIENTED_EDGE('',*,*,#1090,.F.);
#629=ORIENTED_EDGE('',*,*,#1091,.T.);
#630=ORIENTED_EDGE('',*,*,#1092,.T.);
#631=ORIENTED_EDGE('',*,*,#1093,.F.);
#632=ORIENTED_EDGE('',*,*,#1094,.F.);
#633=ORIENTED_EDGE('',*,*,#1095,.F.);
#634=ORIENTED_EDGE('',*,*,#1096,.T.);
#635=ORIENTED_EDGE('',*,*,#1038,.F.);
#636=ORIENTED_EDGE('',*,*,#1063,.F.);
#637=ORIENTED_EDGE('',*,*,#1097,.F.);
#638=ORIENTED_EDGE('',*,*,#1065,.T.);
#639=ORIENTED_EDGE('',*,*,#1035,.F.);
#640=ORIENTED_EDGE('',*,*,#1070,.F.);
#641=ORIENTED_EDGE('',*,*,#1098,.T.);
#642=ORIENTED_EDGE('',*,*,#1071,.T.);
#643=ORIENTED_EDGE('',*,*,#1062,.F.);
#644=ORIENTED_EDGE('',*,*,#1076,.T.);
#645=ORIENTED_EDGE('',*,*,#1066,.F.);
#646=ORIENTED_EDGE('',*,*,#1097,.T.);
#647=ORIENTED_EDGE('',*,*,#1043,.T.);
#648=ORIENTED_EDGE('',*,*,#1074,.T.);
#649=ORIENTED_EDGE('',*,*,#1056,.F.);
#650=ORIENTED_EDGE('',*,*,#1054,.F.);
#651=ORIENTED_EDGE('',*,*,#1099,.F.);
#652=ORIENTED_EDGE('',*,*,#1080,.T.);
#653=ORIENTED_EDGE('',*,*,#1100,.T.);
#654=ORIENTED_EDGE('',*,*,#1093,.T.);
#655=ORIENTED_EDGE('',*,*,#1101,.F.);
#656=ORIENTED_EDGE('',*,*,#1096,.F.);
#657=ORIENTED_EDGE('',*,*,#1102,.F.);
#658=ORIENTED_EDGE('',*,*,#1077,.T.);
#659=ORIENTED_EDGE('',*,*,#1039,.T.);
#660=ORIENTED_EDGE('',*,*,#1083,.F.);
#661=ORIENTED_EDGE('',*,*,#1103,.F.);
#662=ORIENTED_EDGE('',*,*,#1090,.T.);
#663=ORIENTED_EDGE('',*,*,#1059,.T.);
#664=ORIENTED_EDGE('',*,*,#1104,.T.);
#665=ORIENTED_EDGE('',*,*,#1094,.T.);
#666=ORIENTED_EDGE('',*,*,#1100,.F.);
#667=ORIENTED_EDGE('',*,*,#1079,.T.);
#668=ORIENTED_EDGE('',*,*,#1092,.F.);
#669=ORIENTED_EDGE('',*,*,#1105,.F.);
#670=ORIENTED_EDGE('',*,*,#1081,.F.);
#671=ORIENTED_EDGE('',*,*,#1101,.T.);
#672=ORIENTED_EDGE('',*,*,#1102,.T.);
#673=ORIENTED_EDGE('',*,*,#1095,.T.);
#674=ORIENTED_EDGE('',*,*,#1104,.F.);
#675=ORIENTED_EDGE('',*,*,#1078,.T.);
#676=ORIENTED_EDGE('',*,*,#1098,.F.);
#677=ORIENTED_EDGE('',*,*,#1069,.T.);
#678=ORIENTED_EDGE('',*,*,#1075,.T.);
#679=ORIENTED_EDGE('',*,*,#1072,.T.);
#680=ORIENTED_EDGE('',*,*,#1082,.T.);
#681=ORIENTED_EDGE('',*,*,#1105,.T.);
#682=ORIENTED_EDGE('',*,*,#1091,.F.);
#683=ORIENTED_EDGE('',*,*,#1103,.T.);
#684=ORIENTED_EDGE('',*,*,#1032,.T.);
#685=ORIENTED_EDGE('',*,*,#1053,.F.);
#686=ORIENTED_EDGE('',*,*,#1037,.T.);
#687=ORIENTED_EDGE('',*,*,#1052,.F.);
#688=ORIENTED_EDGE('',*,*,#1099,.T.);
#689=ORIENTED_EDGE('',*,*,#1051,.F.);
#690=ORIENTED_EDGE('',*,*,#1050,.F.);
#691=ORIENTED_EDGE('',*,*,#1089,.F.);
#692=ORIENTED_EDGE('',*,*,#1049,.F.);
#693=ORIENTED_EDGE('',*,*,#1088,.F.);
#694=ORIENTED_EDGE('',*,*,#1048,.F.);
#695=ORIENTED_EDGE('',*,*,#1087,.F.);
#696=ORIENTED_EDGE('',*,*,#1047,.F.);
#697=ORIENTED_EDGE('',*,*,#1086,.F.);
#698=ORIENTED_EDGE('',*,*,#1046,.F.);
#699=ORIENTED_EDGE('',*,*,#1085,.F.);
#700=ORIENTED_EDGE('',*,*,#1045,.F.);
#701=ORIENTED_EDGE('',*,*,#1084,.F.);
#702=ORIENTED_EDGE('',*,*,#1106,.F.);
#703=ORIENTED_EDGE('',*,*,#1107,.F.);
#704=ORIENTED_EDGE('',*,*,#1108,.F.);
#705=ORIENTED_EDGE('',*,*,#1109,.T.);
#706=ORIENTED_EDGE('',*,*,#1110,.F.);
#707=ORIENTED_EDGE('',*,*,#1111,.F.);
#708=ORIENTED_EDGE('',*,*,#1112,.F.);
#709=ORIENTED_EDGE('',*,*,#1109,.F.);
#710=ORIENTED_EDGE('',*,*,#1113,.T.);
#711=ORIENTED_EDGE('',*,*,#1114,.F.);
#712=ORIENTED_EDGE('',*,*,#1115,.F.);
#713=ORIENTED_EDGE('',*,*,#1116,.F.);
#714=ORIENTED_EDGE('',*,*,#1117,.T.);
#715=ORIENTED_EDGE('',*,*,#1118,.F.);
#716=ORIENTED_EDGE('',*,*,#1119,.T.);
#717=ORIENTED_EDGE('',*,*,#1120,.F.);
#718=ORIENTED_EDGE('',*,*,#1121,.T.);
#719=ORIENTED_EDGE('',*,*,#1110,.T.);
#720=ORIENTED_EDGE('',*,*,#1108,.T.);
#721=ORIENTED_EDGE('',*,*,#1122,.F.);
#722=ORIENTED_EDGE('',*,*,#1123,.F.);
#723=ORIENTED_EDGE('',*,*,#1124,.T.);
#724=ORIENTED_EDGE('',*,*,#1125,.F.);
#725=ORIENTED_EDGE('',*,*,#1126,.F.);
#726=ORIENTED_EDGE('',*,*,#1127,.F.);
#727=ORIENTED_EDGE('',*,*,#1128,.F.);
#728=ORIENTED_EDGE('',*,*,#1129,.T.);
#729=ORIENTED_EDGE('',*,*,#1130,.F.);
#730=ORIENTED_EDGE('',*,*,#1131,.F.);
#731=ORIENTED_EDGE('',*,*,#1132,.T.);
#732=ORIENTED_EDGE('',*,*,#1133,.F.);
#733=ORIENTED_EDGE('',*,*,#1134,.F.);
#734=ORIENTED_EDGE('',*,*,#1135,.T.);
#735=ORIENTED_EDGE('',*,*,#1136,.T.);
#736=ORIENTED_EDGE('',*,*,#1128,.T.);
#737=ORIENTED_EDGE('',*,*,#1137,.F.);
#738=ORIENTED_EDGE('',*,*,#1138,.F.);
#739=ORIENTED_EDGE('',*,*,#1139,.T.);
#740=ORIENTED_EDGE('',*,*,#1133,.T.);
#741=ORIENTED_EDGE('',*,*,#1140,.T.);
#742=ORIENTED_EDGE('',*,*,#1141,.F.);
#743=ORIENTED_EDGE('',*,*,#1136,.F.);
#744=ORIENTED_EDGE('',*,*,#1142,.T.);
#745=ORIENTED_EDGE('',*,*,#1113,.F.);
#746=ORIENTED_EDGE('',*,*,#1140,.F.);
#747=ORIENTED_EDGE('',*,*,#1130,.T.);
#748=ORIENTED_EDGE('',*,*,#1143,.T.);
#749=ORIENTED_EDGE('',*,*,#1144,.T.);
#750=ORIENTED_EDGE('',*,*,#1145,.F.);
#751=ORIENTED_EDGE('',*,*,#1131,.T.);
#752=ORIENTED_EDGE('',*,*,#1145,.T.);
#753=ORIENTED_EDGE('',*,*,#1146,.T.);
#754=ORIENTED_EDGE('',*,*,#1147,.F.);
#755=ORIENTED_EDGE('',*,*,#1148,.T.);
#756=ORIENTED_EDGE('',*,*,#1149,.F.);
#757=ORIENTED_EDGE('',*,*,#1132,.F.);
#758=ORIENTED_EDGE('',*,*,#1147,.T.);
#759=ORIENTED_EDGE('',*,*,#1150,.T.);
#760=ORIENTED_EDGE('',*,*,#1151,.T.);
#761=ORIENTED_EDGE('',*,*,#1152,.T.);
#762=ORIENTED_EDGE('',*,*,#1153,.T.);
#763=ORIENTED_EDGE('',*,*,#1154,.T.);
#764=ORIENTED_EDGE('',*,*,#1155,.T.);
#765=ORIENTED_EDGE('',*,*,#1156,.T.);
#766=ORIENTED_EDGE('',*,*,#1157,.T.);
#767=ORIENTED_EDGE('',*,*,#1158,.T.);
#768=ORIENTED_EDGE('',*,*,#1144,.F.);
#769=ORIENTED_EDGE('',*,*,#1159,.F.);
#770=ORIENTED_EDGE('',*,*,#1148,.F.);
#771=ORIENTED_EDGE('',*,*,#1146,.F.);
#772=ORIENTED_EDGE('',*,*,#1160,.F.);
#773=ORIENTED_EDGE('',*,*,#1161,.F.);
#774=ORIENTED_EDGE('',*,*,#1162,.T.);
#775=ORIENTED_EDGE('',*,*,#1163,.T.);
#776=ORIENTED_EDGE('',*,*,#1162,.F.);
#777=ORIENTED_EDGE('',*,*,#1164,.F.);
#778=ORIENTED_EDGE('',*,*,#1165,.T.);
#779=ORIENTED_EDGE('',*,*,#1166,.T.);
#780=ORIENTED_EDGE('',*,*,#1126,.T.);
#781=ORIENTED_EDGE('',*,*,#1167,.F.);
#782=ORIENTED_EDGE('',*,*,#1124,.F.);
#783=ORIENTED_EDGE('',*,*,#1168,.T.);
#784=ORIENTED_EDGE('',*,*,#1160,.T.);
#785=ORIENTED_EDGE('',*,*,#1169,.T.);
#786=ORIENTED_EDGE('',*,*,#1170,.F.);
#787=ORIENTED_EDGE('',*,*,#1167,.T.);
#788=ORIENTED_EDGE('',*,*,#1125,.T.);
#789=ORIENTED_EDGE('',*,*,#1169,.F.);
#790=ORIENTED_EDGE('',*,*,#1163,.F.);
#791=ORIENTED_EDGE('',*,*,#1171,.F.);
#792=ORIENTED_EDGE('',*,*,#1172,.F.);
#793=ORIENTED_EDGE('',*,*,#1173,.T.);
#794=ORIENTED_EDGE('',*,*,#1174,.T.);
#795=ORIENTED_EDGE('',*,*,#1121,.F.);
#796=ORIENTED_EDGE('',*,*,#1175,.F.);
#797=ORIENTED_EDGE('',*,*,#1176,.T.);
#798=ORIENTED_EDGE('',*,*,#1111,.T.);
#799=ORIENTED_EDGE('',*,*,#1173,.F.);
#800=ORIENTED_EDGE('',*,*,#1177,.F.);
#801=ORIENTED_EDGE('',*,*,#1118,.T.);
#802=ORIENTED_EDGE('',*,*,#1178,.F.);
#803=ORIENTED_EDGE('',*,*,#1179,.F.);
#804=ORIENTED_EDGE('',*,*,#1178,.T.);
#805=ORIENTED_EDGE('',*,*,#1117,.F.);
#806=ORIENTED_EDGE('',*,*,#1180,.F.);
#807=ORIENTED_EDGE('',*,*,#1174,.F.);
#808=ORIENTED_EDGE('',*,*,#1116,.T.);
#809=ORIENTED_EDGE('',*,*,#1181,.T.);
#810=ORIENTED_EDGE('',*,*,#1182,.F.);
#811=ORIENTED_EDGE('',*,*,#1183,.T.);
#812=ORIENTED_EDGE('',*,*,#1171,.T.);
#813=ORIENTED_EDGE('',*,*,#1180,.T.);
#814=ORIENTED_EDGE('',*,*,#1135,.F.);
#815=ORIENTED_EDGE('',*,*,#1184,.F.);
#816=ORIENTED_EDGE('',*,*,#1185,.T.);
#817=ORIENTED_EDGE('',*,*,#1186,.T.);
#818=ORIENTED_EDGE('',*,*,#1114,.T.);
#819=ORIENTED_EDGE('',*,*,#1142,.F.);
#820=ORIENTED_EDGE('',*,*,#1129,.F.);
#821=ORIENTED_EDGE('',*,*,#1149,.T.);
#822=ORIENTED_EDGE('',*,*,#1159,.T.);
#823=ORIENTED_EDGE('',*,*,#1143,.F.);
#824=ORIENTED_EDGE('',*,*,#1181,.F.);
#825=ORIENTED_EDGE('',*,*,#1115,.T.);
#826=ORIENTED_EDGE('',*,*,#1186,.F.);
#827=ORIENTED_EDGE('',*,*,#1187,.T.);
#828=ORIENTED_EDGE('',*,*,#1137,.T.);
#829=ORIENTED_EDGE('',*,*,#1127,.T.);
#830=ORIENTED_EDGE('',*,*,#1166,.F.);
#831=ORIENTED_EDGE('',*,*,#1188,.T.);
#832=ORIENTED_EDGE('',*,*,#1134,.T.);
#833=ORIENTED_EDGE('',*,*,#1139,.F.);
#834=ORIENTED_EDGE('',*,*,#1189,.F.);
#835=ORIENTED_EDGE('',*,*,#1184,.T.);
#836=ORIENTED_EDGE('',*,*,#1183,.F.);
#837=ORIENTED_EDGE('',*,*,#1190,.F.);
#838=ORIENTED_EDGE('',*,*,#1191,.T.);
#839=ORIENTED_EDGE('',*,*,#1177,.T.);
#840=ORIENTED_EDGE('',*,*,#1172,.T.);
#841=ORIENTED_EDGE('',*,*,#1192,.F.);
#842=ORIENTED_EDGE('',*,*,#1190,.T.);
#843=ORIENTED_EDGE('',*,*,#1193,.F.);
#844=ORIENTED_EDGE('',*,*,#1189,.T.);
#845=ORIENTED_EDGE('',*,*,#1194,.F.);
#846=ORIENTED_EDGE('',*,*,#1195,.T.);
#847=ORIENTED_EDGE('',*,*,#1196,.F.);
#848=ORIENTED_EDGE('',*,*,#1122,.T.);
#849=ORIENTED_EDGE('',*,*,#1107,.T.);
#850=ORIENTED_EDGE('',*,*,#1197,.T.);
#851=ORIENTED_EDGE('',*,*,#1175,.T.);
#852=ORIENTED_EDGE('',*,*,#1120,.T.);
#853=ORIENTED_EDGE('',*,*,#1192,.T.);
#854=ORIENTED_EDGE('',*,*,#1119,.F.);
#855=ORIENTED_EDGE('',*,*,#1191,.F.);
#856=ORIENTED_EDGE('',*,*,#1187,.F.);
#857=ORIENTED_EDGE('',*,*,#1185,.F.);
#858=ORIENTED_EDGE('',*,*,#1193,.T.);
#859=ORIENTED_EDGE('',*,*,#1182,.T.);
#860=ORIENTED_EDGE('',*,*,#1188,.F.);
#861=ORIENTED_EDGE('',*,*,#1165,.F.);
#862=ORIENTED_EDGE('',*,*,#1194,.T.);
#863=ORIENTED_EDGE('',*,*,#1138,.T.);
#864=ORIENTED_EDGE('',*,*,#1164,.T.);
#865=ORIENTED_EDGE('',*,*,#1161,.T.);
#866=ORIENTED_EDGE('',*,*,#1168,.F.);
#867=ORIENTED_EDGE('',*,*,#1198,.F.);
#868=ORIENTED_EDGE('',*,*,#1195,.F.);
#869=ORIENTED_EDGE('',*,*,#1196,.T.);
#870=ORIENTED_EDGE('',*,*,#1198,.T.);
#871=ORIENTED_EDGE('',*,*,#1123,.T.);
#872=ORIENTED_EDGE('',*,*,#1199,.F.);
#873=ORIENTED_EDGE('',*,*,#1200,.F.);
#874=ORIENTED_EDGE('',*,*,#1201,.F.);
#875=ORIENTED_EDGE('',*,*,#1202,.F.);
#876=ORIENTED_EDGE('',*,*,#1203,.F.);
#877=ORIENTED_EDGE('',*,*,#1204,.F.);
#878=ORIENTED_EDGE('',*,*,#1176,.F.);
#879=ORIENTED_EDGE('',*,*,#1197,.F.);
#880=ORIENTED_EDGE('',*,*,#1106,.T.);
#881=ORIENTED_EDGE('',*,*,#1112,.T.);
#882=ORIENTED_EDGE('',*,*,#1179,.T.);
#883=ORIENTED_EDGE('',*,*,#1158,.F.);
#884=ORIENTED_EDGE('',*,*,#1141,.T.);
#885=ORIENTED_EDGE('',*,*,#1157,.F.);
#886=ORIENTED_EDGE('',*,*,#1170,.T.);
#887=ORIENTED_EDGE('',*,*,#1156,.F.);
#888=ORIENTED_EDGE('',*,*,#1204,.T.);
#889=ORIENTED_EDGE('',*,*,#1155,.F.);
#890=ORIENTED_EDGE('',*,*,#1203,.T.);
#891=ORIENTED_EDGE('',*,*,#1154,.F.);
#892=ORIENTED_EDGE('',*,*,#1202,.T.);
#893=ORIENTED_EDGE('',*,*,#1153,.F.);
#894=ORIENTED_EDGE('',*,*,#1201,.T.);
#895=ORIENTED_EDGE('',*,*,#1152,.F.);
#896=ORIENTED_EDGE('',*,*,#1200,.T.);
#897=ORIENTED_EDGE('',*,*,#1151,.F.);
#898=ORIENTED_EDGE('',*,*,#1199,.T.);
#899=ORIENTED_EDGE('',*,*,#1150,.F.);
#900=VERTEX_POINT('',#1933);
#901=VERTEX_POINT('',#1934);
#902=VERTEX_POINT('',#1936);
#903=VERTEX_POINT('',#1938);
#904=VERTEX_POINT('',#2005);
#905=VERTEX_POINT('',#2007);
#906=VERTEX_POINT('',#2008);
#907=VERTEX_POINT('',#2010);
#908=VERTEX_POINT('',#2012);
#909=VERTEX_POINT('',#2079);
#910=VERTEX_POINT('',#2081);
#911=VERTEX_POINT('',#2082);
#912=VERTEX_POINT('',#2084);
#913=VERTEX_POINT('',#2086);
#914=VERTEX_POINT('',#2090);
#915=VERTEX_POINT('',#2092);
#916=VERTEX_POINT('',#2096);
#917=VERTEX_POINT('',#2098);
#918=VERTEX_POINT('',#2100);
#919=VERTEX_POINT('',#2102);
#920=VERTEX_POINT('',#2104);
#921=VERTEX_POINT('',#2106);
#922=VERTEX_POINT('',#2108);
#923=VERTEX_POINT('',#2110);
#924=VERTEX_POINT('',#2112);
#925=VERTEX_POINT('',#2114);
#926=VERTEX_POINT('',#2118);
#927=VERTEX_POINT('',#2122);
#928=VERTEX_POINT('',#2123);
#929=VERTEX_POINT('',#2125);
#930=VERTEX_POINT('',#2127);
#931=VERTEX_POINT('',#2131);
#932=VERTEX_POINT('',#2132);
#933=VERTEX_POINT('',#2137);
#934=VERTEX_POINT('',#2139);
#935=VERTEX_POINT('',#2143);
#936=VERTEX_POINT('',#2145);
#937=VERTEX_POINT('',#2149);
#938=VERTEX_POINT('',#2151);
#939=VERTEX_POINT('',#2158);
#940=VERTEX_POINT('',#2160);
#941=VERTEX_POINT('',#2162);
#942=VERTEX_POINT('',#2164);
#943=VERTEX_POINT('',#2166);
#944=VERTEX_POINT('',#2168);
#945=VERTEX_POINT('',#2172);
#946=VERTEX_POINT('',#2174);
#947=VERTEX_POINT('',#2176);
#948=VERTEX_POINT('',#2178);
#949=VERTEX_POINT('',#2180);
#950=VERTEX_POINT('',#2182);
#951=VERTEX_POINT('',#2184);
#952=VERTEX_POINT('',#2186);
#953=VERTEX_POINT('',#2188);
#954=VERTEX_POINT('',#2190);
#955=VERTEX_POINT('',#2192);
#956=VERTEX_POINT('',#2194);
#957=VERTEX_POINT('',#2262);
#958=VERTEX_POINT('',#2287);
#959=VERTEX_POINT('',#2288);
#960=VERTEX_POINT('',#2290);
#961=VERTEX_POINT('',#2292);
#962=VERTEX_POINT('',#2296);
#963=VERTEX_POINT('',#2298);
#964=VERTEX_POINT('',#2302);
#965=VERTEX_POINT('',#2303);
#966=VERTEX_POINT('',#2305);
#967=VERTEX_POINT('',#2307);
#968=VERTEX_POINT('',#2309);
#969=VERTEX_POINT('',#2311);
#970=VERTEX_POINT('',#2313);
#971=VERTEX_POINT('',#2315);
#972=VERTEX_POINT('',#2317);
#973=VERTEX_POINT('',#2320);
#974=VERTEX_POINT('',#2322);
#975=VERTEX_POINT('',#2324);
#976=VERTEX_POINT('',#2326);
#977=VERTEX_POINT('',#2328);
#978=VERTEX_POINT('',#2330);
#979=VERTEX_POINT('',#2333);
#980=VERTEX_POINT('',#2334);
#981=VERTEX_POINT('',#2336);
#982=VERTEX_POINT('',#2338);
#983=VERTEX_POINT('',#2342);
#984=VERTEX_POINT('',#2343);
#985=VERTEX_POINT('',#2345);
#986=VERTEX_POINT('',#2347);
#987=VERTEX_POINT('',#2351);
#988=VERTEX_POINT('',#2353);
#989=VERTEX_POINT('',#2421);
#990=VERTEX_POINT('',#2425);
#991=VERTEX_POINT('',#2427);
#992=VERTEX_POINT('',#2431);
#993=VERTEX_POINT('',#2435);
#994=VERTEX_POINT('',#2439);
#995=VERTEX_POINT('',#2441);
#996=VERTEX_POINT('',#2443);
#997=VERTEX_POINT('',#2445);
#998=VERTEX_POINT('',#2447);
#999=VERTEX_POINT('',#2449);
#1000=VERTEX_POINT('',#2451);
#1001=VERTEX_POINT('',#2453);
#1002=VERTEX_POINT('',#2455);
#1003=VERTEX_POINT('',#2459);
#1004=VERTEX_POINT('',#2460);
#1005=VERTEX_POINT('',#2462);
#1006=VERTEX_POINT('',#2464);
#1007=VERTEX_POINT('',#2468);
#1008=VERTEX_POINT('',#2470);
#1009=VERTEX_POINT('',#2538);
#1010=VERTEX_POINT('',#2541);
#1011=VERTEX_POINT('',#2542);
#1012=VERTEX_POINT('',#2544);
#1013=VERTEX_POINT('',#2546);
#1014=VERTEX_POINT('',#2550);
#1015=VERTEX_POINT('',#2617);
#1016=VERTEX_POINT('',#2621);
#1017=VERTEX_POINT('',#2623);
#1018=VERTEX_POINT('',#2627);
#1019=VERTEX_POINT('',#2629);
#1020=VERTEX_POINT('',#2646);
#1021=VERTEX_POINT('',#2656);
#1022=VERTEX_POINT('',#2667);
#1023=VERTEX_POINT('',#2669);
#1024=VERTEX_POINT('',#2671);
#1025=VERTEX_POINT('',#2673);
#1026=VERTEX_POINT('',#2675);
#1027=VERTEX_POINT('',#2677);
#1028=EDGE_CURVE('',#900,#901,#1205,.T.);
#1029=EDGE_CURVE('',#902,#901,#1206,.T.);
#1030=EDGE_CURVE('',#903,#902,#1207,.T.);
#1031=EDGE_CURVE('',#900,#903,#1208,.T.);
#1032=EDGE_CURVE('',#904,#904,#256,.T.);
#1033=EDGE_CURVE('',#905,#906,#80,.T.);
#1034=EDGE_CURVE('',#905,#907,#81,.T.);
#1035=EDGE_CURVE('',#907,#908,#82,.T.);
#1036=EDGE_CURVE('',#906,#908,#83,.T.);
#1037=EDGE_CURVE('',#909,#909,#257,.T.);
#1038=EDGE_CURVE('',#910,#911,#84,.T.);
#1039=EDGE_CURVE('',#912,#911,#85,.T.);
#1040=EDGE_CURVE('',#913,#912,#86,.T.);
#1041=EDGE_CURVE('',#913,#910,#87,.T.);
#1042=EDGE_CURVE('',#902,#914,#1209,.T.);
#1043=EDGE_CURVE('',#915,#914,#1210,.T.);
#1044=EDGE_CURVE('',#903,#915,#1211,.T.);
#1045=EDGE_CURVE('',#916,#916,#88,.T.);
#1046=EDGE_CURVE('',#917,#917,#89,.T.);
#1047=EDGE_CURVE('',#918,#918,#90,.T.);
#1048=EDGE_CURVE('',#919,#919,#91,.T.);
#1049=EDGE_CURVE('',#920,#920,#92,.T.);
#1050=EDGE_CURVE('',#921,#921,#93,.T.);
#1051=EDGE_CURVE('',#922,#922,#94,.T.);
#1052=EDGE_CURVE('',#923,#923,#95,.T.);
#1053=EDGE_CURVE('',#924,#924,#96,.T.);
#1054=EDGE_CURVE('',#915,#925,#1212,.T.);
#1055=EDGE_CURVE('',#925,#900,#1213,.T.);
#1056=EDGE_CURVE('',#925,#926,#1214,.T.);
#1057=EDGE_CURVE('',#901,#926,#1215,.T.);
#1058=EDGE_CURVE('',#927,#928,#1216,.T.);
#1059=EDGE_CURVE('',#929,#927,#1217,.T.);
#1060=EDGE_CURVE('',#930,#929,#1218,.T.);
#1061=EDGE_CURVE('',#928,#930,#1219,.T.);
#1062=EDGE_CURVE('',#931,#932,#97,.T.);
#1063=EDGE_CURVE('',#932,#910,#1220,.T.);
#1064=EDGE_CURVE('',#913,#931,#1221,.T.);
#1065=EDGE_CURVE('',#933,#908,#1222,.T.);
#1066=EDGE_CURVE('',#933,#934,#98,.T.);
#1067=EDGE_CURVE('',#934,#906,#1223,.T.);
#1068=EDGE_CURVE('',#905,#935,#1224,.T.);
#1069=EDGE_CURVE('',#936,#935,#1225,.T.);
#1070=EDGE_CURVE('',#936,#907,#1226,.T.);
#1071=EDGE_CURVE('',#937,#930,#1227,.T.);
#1072=EDGE_CURVE('',#938,#937,#1228,.T.);
#1073=EDGE_CURVE('',#928,#938,#1229,.T.);
#1074=EDGE_CURVE('',#914,#926,#1230,.T.);
#1075=EDGE_CURVE('',#935,#938,#99,.T.);
#1076=EDGE_CURVE('',#931,#934,#100,.T.);
#1077=EDGE_CURVE('',#939,#912,#1231,.T.);
#1078=EDGE_CURVE('',#940,#939,#101,.T.);
#1079=EDGE_CURVE('',#941,#940,#1232,.T.);
#1080=EDGE_CURVE('',#942,#941,#102,.T.);
#1081=EDGE_CURVE('',#942,#943,#1233,.T.);
#1082=EDGE_CURVE('',#944,#943,#103,.T.);
#1083=EDGE_CURVE('',#944,#927,#1234,.T.);
#1084=EDGE_CURVE('',#945,#945,#104,.T.);
#1085=EDGE_CURVE('',#946,#946,#105,.T.);
#1086=EDGE_CURVE('',#947,#947,#106,.T.);
#1087=EDGE_CURVE('',#948,#948,#107,.T.);
#1088=EDGE_CURVE('',#949,#949,#108,.T.);
#1089=EDGE_CURVE('',#950,#950,#109,.T.);
#1090=EDGE_CURVE('',#951,#929,#1235,.T.);
#1091=EDGE_CURVE('',#951,#952,#110,.T.);
#1092=EDGE_CURVE('',#952,#953,#1236,.T.);
#1093=EDGE_CURVE('',#954,#953,#111,.T.);
#1094=EDGE_CURVE('',#955,#954,#1237,.T.);
#1095=EDGE_CURVE('',#956,#955,#112,.T.);
#1096=EDGE_CURVE('',#956,#911,#1238,.T.);
#1097=EDGE_CURVE('',#933,#932,#113,.T.);
#1098=EDGE_CURVE('',#936,#937,#114,.T.);
#1099=EDGE_CURVE('',#957,#957,#258,.T.);
#1100=EDGE_CURVE('',#941,#954,#115,.T.);
#1101=EDGE_CURVE('',#942,#953,#116,.T.);
#1102=EDGE_CURVE('',#939,#956,#117,.T.);
#1103=EDGE_CURVE('',#951,#944,#1239,.T.);
#1104=EDGE_CURVE('',#940,#955,#118,.T.);
#1105=EDGE_CURVE('',#943,#952,#1240,.T.);
#1106=EDGE_CURVE('',#958,#959,#1241,.T.);
#1107=EDGE_CURVE('',#960,#958,#1242,.T.);
#1108=EDGE_CURVE('',#961,#960,#1243,.T.);
#1109=EDGE_CURVE('',#961,#959,#1244,.T.);
#1110=EDGE_CURVE('',#962,#961,#1245,.T.);
#1111=EDGE_CURVE('',#963,#962,#1246,.T.);
#1112=EDGE_CURVE('',#959,#963,#1247,.T.);
#1113=EDGE_CURVE('',#964,#965,#119,.T.);
#1114=EDGE_CURVE('',#966,#965,#1248,.T.);
#1115=EDGE_CURVE('',#967,#966,#120,.T.);
#1116=EDGE_CURVE('',#968,#967,#1249,.T.);
#1117=EDGE_CURVE('',#968,#969,#121,.T.);
#1118=EDGE_CURVE('',#970,#969,#1250,.T.);
#1119=EDGE_CURVE('',#970,#971,#1251,.T.);
#1120=EDGE_CURVE('',#972,#971,#122,.T.);
#1121=EDGE_CURVE('',#972,#962,#1252,.T.);
#1122=EDGE_CURVE('',#973,#960,#123,.T.);
#1123=EDGE_CURVE('',#974,#973,#1253,.T.);
#1124=EDGE_CURVE('',#974,#975,#1254,.T.);
#1125=EDGE_CURVE('',#976,#975,#124,.T.);
#1126=EDGE_CURVE('',#977,#976,#1255,.T.);
#1127=EDGE_CURVE('',#978,#977,#125,.T.);
#1128=EDGE_CURVE('',#964,#978,#1256,.T.);
#1129=EDGE_CURVE('',#979,#980,#1257,.T.);
#1130=EDGE_CURVE('',#981,#980,#1258,.T.);
#1131=EDGE_CURVE('',#982,#981,#1259,.T.);
#1132=EDGE_CURVE('',#982,#979,#1260,.T.);
#1133=EDGE_CURVE('',#983,#984,#1261,.T.);
#1134=EDGE_CURVE('',#985,#983,#126,.T.);
#1135=EDGE_CURVE('',#985,#986,#1262,.T.);
#1136=EDGE_CURVE('',#986,#984,#127,.T.);
#1137=EDGE_CURVE('',#987,#978,#128,.T.);
#1138=EDGE_CURVE('',#988,#987,#1263,.T.);
#1139=EDGE_CURVE('',#988,#983,#129,.T.);
#1140=EDGE_CURVE('',#984,#964,#130,.T.);
#1141=EDGE_CURVE('',#989,#989,#259,.T.);
#1142=EDGE_CURVE('',#986,#965,#131,.T.);
#1143=EDGE_CURVE('',#980,#990,#1264,.T.);
#1144=EDGE_CURVE('',#990,#991,#1265,.T.);
#1145=EDGE_CURVE('',#981,#991,#1266,.T.);
#1146=EDGE_CURVE('',#991,#992,#1267,.T.);
#1147=EDGE_CURVE('',#982,#992,#1268,.T.);
#1148=EDGE_CURVE('',#992,#993,#1269,.T.);
#1149=EDGE_CURVE('',#979,#993,#1270,.T.);
#1150=EDGE_CURVE('',#994,#994,#132,.T.);
#1151=EDGE_CURVE('',#995,#995,#133,.T.);
#1152=EDGE_CURVE('',#996,#996,#134,.T.);
#1153=EDGE_CURVE('',#997,#997,#135,.T.);
#1154=EDGE_CURVE('',#998,#998,#136,.T.);
#1155=EDGE_CURVE('',#999,#999,#137,.T.);
#1156=EDGE_CURVE('',#1000,#1000,#138,.T.);
#1157=EDGE_CURVE('',#1001,#1001,#139,.T.);
#1158=EDGE_CURVE('',#1002,#1002,#140,.T.);
#1159=EDGE_CURVE('',#993,#990,#1271,.T.);
#1160=EDGE_CURVE('',#1003,#1004,#1272,.T.);
#1161=EDGE_CURVE('',#1005,#1003,#141,.T.);
#1162=EDGE_CURVE('',#1005,#1006,#1273,.T.);
#1163=EDGE_CURVE('',#1006,#1004,#142,.T.);
#1164=EDGE_CURVE('',#1007,#1005,#143,.T.);
#1165=EDGE_CURVE('',#1007,#1008,#1274,.T.);
#1166=EDGE_CURVE('',#1008,#977,#144,.T.);
#1167=EDGE_CURVE('',#1006,#976,#145,.T.);
#1168=EDGE_CURVE('',#974,#1003,#146,.T.);
#1169=EDGE_CURVE('',#1004,#975,#147,.T.);
#1170=EDGE_CURVE('',#1009,#1009,#260,.T.);
#1171=EDGE_CURVE('',#1010,#1011,#1275,.T.);
#1172=EDGE_CURVE('',#1012,#1010,#148,.T.);
#1173=EDGE_CURVE('',#1012,#1013,#1276,.T.);
#1174=EDGE_CURVE('',#1013,#1011,#149,.T.);
#1175=EDGE_CURVE('',#1014,#972,#1277,.T.);
#1176=EDGE_CURVE('',#1014,#963,#1278,.T.);
#1177=EDGE_CURVE('',#970,#1012,#150,.T.);
#1178=EDGE_CURVE('',#1013,#969,#151,.T.);
#1179=EDGE_CURVE('',#1015,#1015,#261,.T.);
#1180=EDGE_CURVE('',#1011,#968,#152,.T.);
#1181=EDGE_CURVE('',#967,#1016,#153,.T.);
#1182=EDGE_CURVE('',#1017,#1016,#1279,.T.);
#1183=EDGE_CURVE('',#1017,#1010,#154,.T.);
#1184=EDGE_CURVE('',#1018,#985,#155,.T.);
#1185=EDGE_CURVE('',#1018,#1019,#1280,.T.);
#1186=EDGE_CURVE('',#1019,#966,#156,.T.);
#1187=EDGE_CURVE('',#1019,#1016,#157,.T.);
#1188=EDGE_CURVE('',#1008,#987,#158,.T.);
#1189=EDGE_CURVE('',#1018,#988,#262,.T.);
#1190=EDGE_CURVE('',#1020,#1017,#263,.T.);
#1191=EDGE_CURVE('',#1020,#970,#159,.T.);
#1192=EDGE_CURVE('',#1020,#971,#1281,.T.);
#1193=EDGE_CURVE('',#1018,#1017,#160,.T.);
#1194=EDGE_CURVE('',#1007,#988,#161,.T.);
#1195=EDGE_CURVE('',#1007,#1021,#264,.T.);
#1196=EDGE_CURVE('',#973,#1021,#1282,.T.);
#1197=EDGE_CURVE('',#958,#1014,#162,.T.);
#1198=EDGE_CURVE('',#1021,#974,#163,.T.);
#1199=EDGE_CURVE('',#1022,#1022,#164,.T.);
#1200=EDGE_CURVE('',#1023,#1023,#165,.T.);
#1201=EDGE_CURVE('',#1024,#1024,#166,.T.);
#1202=EDGE_CURVE('',#1025,#1025,#167,.T.);
#1203=EDGE_CURVE('',#1026,#1026,#168,.T.);
#1204=EDGE_CURVE('',#1027,#1027,#169,.T.);
#1205=LINE('',#1932,#1283);
#1206=LINE('',#1935,#1284);
#1207=LINE('',#1937,#1285);
#1208=LINE('',#1939,#1286);
#1209=LINE('',#2089,#1287);
#1210=LINE('',#2091,#1288);
#1211=LINE('',#2093,#1289);
#1212=LINE('',#2113,#1290);
#1213=LINE('',#2115,#1291);
#1214=LINE('',#2117,#1292);
#1215=LINE('',#2119,#1293);
#1216=LINE('',#2121,#1294);
#1217=LINE('',#2124,#1295);
#1218=LINE('',#2126,#1296);
#1219=LINE('',#2128,#1297);
#1220=LINE('',#2133,#1298);
#1221=LINE('',#2134,#1299);
#1222=LINE('',#2136,#1300);
#1223=LINE('',#2140,#1301);
#1224=LINE('',#2142,#1302);
#1225=LINE('',#2144,#1303);
#1226=LINE('',#2146,#1304);
#1227=LINE('',#2148,#1305);
#1228=LINE('',#2150,#1306);
#1229=LINE('',#2152,#1307);
#1230=LINE('',#2154,#1308);
#1231=LINE('',#2157,#1309);
#1232=LINE('',#2161,#1310);
#1233=LINE('',#2165,#1311);
#1234=LINE('',#2169,#1312);
#1235=LINE('',#2183,#1313);
#1236=LINE('',#2187,#1314);
#1237=LINE('',#2191,#1315);
#1238=LINE('',#2195,#1316);
#1239=LINE('',#2268,#1317);
#1240=LINE('',#2272,#1318);
#1241=LINE('',#2286,#1319);
#1242=LINE('',#2289,#1320);
#1243=LINE('',#2291,#1321);
#1244=LINE('',#2293,#1322);
#1245=LINE('',#2295,#1323);
#1246=LINE('',#2297,#1324);
#1247=LINE('',#2299,#1325);
#1248=LINE('',#2304,#1326);
#1249=LINE('',#2308,#1327);
#1250=LINE('',#2312,#1328);
#1251=LINE('',#2314,#1329);
#1252=LINE('',#2318,#1330);
#1253=LINE('',#2321,#1331);
#1254=LINE('',#2323,#1332);
#1255=LINE('',#2327,#1333);
#1256=LINE('',#2331,#1334);
#1257=LINE('',#2332,#1335);
#1258=LINE('',#2335,#1336);
#1259=LINE('',#2337,#1337);
#1260=LINE('',#2339,#1338);
#1261=LINE('',#2341,#1339);
#1262=LINE('',#2346,#1340);
#1263=LINE('',#2352,#1341);
#1264=LINE('',#2424,#1342);
#1265=LINE('',#2426,#1343);
#1266=LINE('',#2428,#1344);
#1267=LINE('',#2430,#1345);
#1268=LINE('',#2432,#1346);
#1269=LINE('',#2434,#1347);
#1270=LINE('',#2436,#1348);
#1271=LINE('',#2456,#1349);
#1272=LINE('',#2458,#1350);
#1273=LINE('',#2463,#1351);
#1274=LINE('',#2469,#1352);
#1275=LINE('',#2540,#1353);
#1276=LINE('',#2545,#1354);
#1277=LINE('',#2549,#1355);
#1278=LINE('',#2551,#1356);
#1279=LINE('',#2622,#1357);
#1280=LINE('',#2628,#1358);
#1281=LINE('',#2649,#1359);
#1282=LINE('',#2657,#1360);
#1283=VECTOR('',#1527,1.);
#1284=VECTOR('',#1528,1.);
#1285=VECTOR('',#1529,1.);
#1286=VECTOR('',#1530,1.);
#1287=VECTOR('',#1553,1.);
#1288=VECTOR('',#1554,1.);
#1289=VECTOR('',#1555,1.);
#1290=VECTOR('',#1576,1.);
#1291=VECTOR('',#1577,1.);
#1292=VECTOR('',#1580,1.);
#1293=VECTOR('',#1581,1.);
#1294=VECTOR('',#1584,1.);
#1295=VECTOR('',#1585,1.);
#1296=VECTOR('',#1586,1.);
#1297=VECTOR('',#1587,1.);
#1298=VECTOR('',#1592,1.);
#1299=VECTOR('',#1593,1.);
#1300=VECTOR('',#1596,1.);
#1301=VECTOR('',#1599,1.);
#1302=VECTOR('',#1602,1.);
#1303=VECTOR('',#1603,1.);
#1304=VECTOR('',#1604,1.);
#1305=VECTOR('',#1607,1.);
#1306=VECTOR('',#1608,1.);
#1307=VECTOR('',#1609,1.);
#1308=VECTOR('',#1612,1.);
#1309=VECTOR('',#1617,1.);
#1310=VECTOR('',#1620,1.);
#1311=VECTOR('',#1623,1.);
#1312=VECTOR('',#1626,1.);
#1313=VECTOR('',#1641,1.);
#1314=VECTOR('',#1644,1.);
#1315=VECTOR('',#1647,1.);
#1316=VECTOR('',#1650,1.);
#1317=VECTOR('',#1671,1.);
#1318=VECTOR('',#1678,1.);
#1319=VECTOR('',#1705,1.);
#1320=VECTOR('',#1706,1.);
#1321=VECTOR('',#1707,1.);
#1322=VECTOR('',#1708,1.);
#1323=VECTOR('',#1711,1.);
#1324=VECTOR('',#1712,1.);
#1325=VECTOR('',#1713,1.);
#1326=VECTOR('',#1718,1.);
#1327=VECTOR('',#1721,1.);
#1328=VECTOR('',#1724,1.);
#1329=VECTOR('',#1725,1.);
#1330=VECTOR('',#1728,1.);
#1331=VECTOR('',#1731,1.);
#1332=VECTOR('',#1732,1.);
#1333=VECTOR('',#1735,1.);
#1334=VECTOR('',#1738,1.);
#1335=VECTOR('',#1739,1.);
#1336=VECTOR('',#1740,1.);
#1337=VECTOR('',#1741,1.);
#1338=VECTOR('',#1742,1.);
#1339=VECTOR('',#1745,1.);
#1340=VECTOR('',#1748,1.);
#1341=VECTOR('',#1755,1.);
#1342=VECTOR('',#1766,1.);
#1343=VECTOR('',#1767,1.);
#1344=VECTOR('',#1768,1.);
#1345=VECTOR('',#1771,1.);
#1346=VECTOR('',#1772,1.);
#1347=VECTOR('',#1775,1.);
#1348=VECTOR('',#1776,1.);
#1349=VECTOR('',#1797,1.);
#1350=VECTOR('',#1800,1.);
#1351=VECTOR('',#1803,1.);
#1352=VECTOR('',#1810,1.);
#1353=VECTOR('',#1825,1.);
#1354=VECTOR('',#1828,1.);
#1355=VECTOR('',#1833,1.);
#1356=VECTOR('',#1834,1.);
#1357=VECTOR('',#1849,1.);
#1358=VECTOR('',#1856,1.);
#1359=VECTOR('',#1877,1.);
#1360=VECTOR('',#1882,1.);
#1361=AXIS2_PLACEMENT_3D('',#1931,#1525,#1526);
#1362=AXIS2_PLACEMENT_3D('',#1940,#1531,#1532);
#1363=AXIS2_PLACEMENT_3D('',#2006,#1533,#1534);
#1364=AXIS2_PLACEMENT_3D('',#2009,#1535,#1536);
#1365=AXIS2_PLACEMENT_3D('',#2011,#1537,#1538);
#1366=AXIS2_PLACEMENT_3D('',#2013,#1539,#1540);
#1367=AXIS2_PLACEMENT_3D('',#2014,#1541,#1542);
#1368=AXIS2_PLACEMENT_3D('',#2080,#1543,#1544);
#1369=AXIS2_PLACEMENT_3D('',#2083,#1545,#1546);
#1370=AXIS2_PLACEMENT_3D('',#2085,#1547,#1548);
#1371=AXIS2_PLACEMENT_3D('',#2087,#1549,#1550);
#1372=AXIS2_PLACEMENT_3D('',#2088,#1551,#1552);
#1373=AXIS2_PLACEMENT_3D('',#2094,#1556,#1557);
#1374=AXIS2_PLACEMENT_3D('',#2095,#1558,#1559);
#1375=AXIS2_PLACEMENT_3D('',#2097,#1560,#1561);
#1376=AXIS2_PLACEMENT_3D('',#2099,#1562,#1563);
#1377=AXIS2_PLACEMENT_3D('',#2101,#1564,#1565);
#1378=AXIS2_PLACEMENT_3D('',#2103,#1566,#1567);
#1379=AXIS2_PLACEMENT_3D('',#2105,#1568,#1569);
#1380=AXIS2_PLACEMENT_3D('',#2107,#1570,#1571);
#1381=AXIS2_PLACEMENT_3D('',#2109,#1572,#1573);
#1382=AXIS2_PLACEMENT_3D('',#2111,#1574,#1575);
#1383=AXIS2_PLACEMENT_3D('',#2116,#1578,#1579);
#1384=AXIS2_PLACEMENT_3D('',#2120,#1582,#1583);
#1385=AXIS2_PLACEMENT_3D('',#2129,#1588,#1589);
#1386=AXIS2_PLACEMENT_3D('',#2130,#1590,#1591);
#1387=AXIS2_PLACEMENT_3D('',#2135,#1594,#1595);
#1388=AXIS2_PLACEMENT_3D('',#2138,#1597,#1598);
#1389=AXIS2_PLACEMENT_3D('',#2141,#1600,#1601);
#1390=AXIS2_PLACEMENT_3D('',#2147,#1605,#1606);
#1391=AXIS2_PLACEMENT_3D('',#2153,#1610,#1611);
#1392=AXIS2_PLACEMENT_3D('',#2155,#1613,#1614);
#1393=AXIS2_PLACEMENT_3D('',#2156,#1615,#1616);
#1394=AXIS2_PLACEMENT_3D('',#2159,#1618,#1619);
#1395=AXIS2_PLACEMENT_3D('',#2163,#1621,#1622);
#1396=AXIS2_PLACEMENT_3D('',#2167,#1624,#1625);
#1397=AXIS2_PLACEMENT_3D('',#2170,#1627,#1628);
#1398=AXIS2_PLACEMENT_3D('',#2171,#1629,#1630);
#1399=AXIS2_PLACEMENT_3D('',#2173,#1631,#1632);
#1400=AXIS2_PLACEMENT_3D('',#2175,#1633,#1634);
#1401=AXIS2_PLACEMENT_3D('',#2177,#1635,#1636);
#1402=AXIS2_PLACEMENT_3D('',#2179,#1637,#1638);
#1403=AXIS2_PLACEMENT_3D('',#2181,#1639,#1640);
#1404=AXIS2_PLACEMENT_3D('',#2185,#1642,#1643);
#1405=AXIS2_PLACEMENT_3D('',#2189,#1645,#1646);
#1406=AXIS2_PLACEMENT_3D('',#2193,#1648,#1649);
#1407=AXIS2_PLACEMENT_3D('',#2196,#1651,#1652);
#1408=AXIS2_PLACEMENT_3D('',#2197,#1653,#1654);
#1409=AXIS2_PLACEMENT_3D('',#2198,#1655,#1656);
#1410=AXIS2_PLACEMENT_3D('',#2199,#1657,#1658);
#1411=AXIS2_PLACEMENT_3D('',#2200,#1659,#1660);
#1412=AXIS2_PLACEMENT_3D('',#2263,#1661,#1662);
#1413=AXIS2_PLACEMENT_3D('',#2264,#1663,#1664);
#1414=AXIS2_PLACEMENT_3D('',#2265,#1665,#1666);
#1415=AXIS2_PLACEMENT_3D('',#2266,#1667,#1668);
#1416=AXIS2_PLACEMENT_3D('',#2267,#1669,#1670);
#1417=AXIS2_PLACEMENT_3D('',#2269,#1672,#1673);
#1418=AXIS2_PLACEMENT_3D('',#2270,#1674,#1675);
#1419=AXIS2_PLACEMENT_3D('',#2271,#1676,#1677);
#1420=AXIS2_PLACEMENT_3D('',#2273,#1679,#1680);
#1421=AXIS2_PLACEMENT_3D('',#2274,#1681,#1682);
#1422=AXIS2_PLACEMENT_3D('',#2275,#1683,#1684);
#1423=AXIS2_PLACEMENT_3D('',#2276,#1685,#1686);
#1424=AXIS2_PLACEMENT_3D('',#2277,#1687,#1688);
#1425=AXIS2_PLACEMENT_3D('',#2278,#1689,#1690);
#1426=AXIS2_PLACEMENT_3D('',#2279,#1691,#1692);
#1427=AXIS2_PLACEMENT_3D('',#2280,#1693,#1694);
#1428=AXIS2_PLACEMENT_3D('',#2281,#1695,#1696);
#1429=AXIS2_PLACEMENT_3D('',#2282,#1697,#1698);
#1430=AXIS2_PLACEMENT_3D('',#2283,#1699,#1700);
#1431=AXIS2_PLACEMENT_3D('',#2284,#1701,#1702);
#1432=AXIS2_PLACEMENT_3D('',#2285,#1703,#1704);
#1433=AXIS2_PLACEMENT_3D('',#2294,#1709,#1710);
#1434=AXIS2_PLACEMENT_3D('',#2300,#1714,#1715);
#1435=AXIS2_PLACEMENT_3D('',#2301,#1716,#1717);
#1436=AXIS2_PLACEMENT_3D('',#2306,#1719,#1720);
#1437=AXIS2_PLACEMENT_3D('',#2310,#1722,#1723);
#1438=AXIS2_PLACEMENT_3D('',#2316,#1726,#1727);
#1439=AXIS2_PLACEMENT_3D('',#2319,#1729,#1730);
#1440=AXIS2_PLACEMENT_3D('',#2325,#1733,#1734);
#1441=AXIS2_PLACEMENT_3D('',#2329,#1736,#1737);
#1442=AXIS2_PLACEMENT_3D('',#2340,#1743,#1744);
#1443=AXIS2_PLACEMENT_3D('',#2344,#1746,#1747);
#1444=AXIS2_PLACEMENT_3D('',#2348,#1749,#1750);
#1445=AXIS2_PLACEMENT_3D('',#2349,#1751,#1752);
#1446=AXIS2_PLACEMENT_3D('',#2350,#1753,#1754);
#1447=AXIS2_PLACEMENT_3D('',#2354,#1756,#1757);
#1448=AXIS2_PLACEMENT_3D('',#2355,#1758,#1759);
#1449=AXIS2_PLACEMENT_3D('',#2356,#1760,#1761);
#1450=AXIS2_PLACEMENT_3D('',#2422,#1762,#1763);
#1451=AXIS2_PLACEMENT_3D('',#2423,#1764,#1765);
#1452=AXIS2_PLACEMENT_3D('',#2429,#1769,#1770);
#1453=AXIS2_PLACEMENT_3D('',#2433,#1773,#1774);
#1454=AXIS2_PLACEMENT_3D('',#2437,#1777,#1778);
#1455=AXIS2_PLACEMENT_3D('',#2438,#1779,#1780);
#1456=AXIS2_PLACEMENT_3D('',#2440,#1781,#1782);
#1457=AXIS2_PLACEMENT_3D('',#2442,#1783,#1784);
#1458=AXIS2_PLACEMENT_3D('',#2444,#1785,#1786);
#1459=AXIS2_PLACEMENT_3D('',#2446,#1787,#1788);
#1460=AXIS2_PLACEMENT_3D('',#2448,#1789,#1790);
#1461=AXIS2_PLACEMENT_3D('',#2450,#1791,#1792);
#1462=AXIS2_PLACEMENT_3D('',#2452,#1793,#1794);
#1463=AXIS2_PLACEMENT_3D('',#2454,#1795,#1796);
#1464=AXIS2_PLACEMENT_3D('',#2457,#1798,#1799);
#1465=AXIS2_PLACEMENT_3D('',#2461,#1801,#1802);
#1466=AXIS2_PLACEMENT_3D('',#2465,#1804,#1805);
#1467=AXIS2_PLACEMENT_3D('',#2466,#1806,#1807);
#1468=AXIS2_PLACEMENT_3D('',#2467,#1808,#1809);
#1469=AXIS2_PLACEMENT_3D('',#2471,#1811,#1812);
#1470=AXIS2_PLACEMENT_3D('',#2472,#1813,#1814);
#1471=AXIS2_PLACEMENT_3D('',#2473,#1815,#1816);
#1472=AXIS2_PLACEMENT_3D('',#2474,#1817,#1818);
#1473=AXIS2_PLACEMENT_3D('',#2475,#1819,#1820);
#1474=AXIS2_PLACEMENT_3D('',#2476,#1821,#1822);
#1475=AXIS2_PLACEMENT_3D('',#2539,#1823,#1824);
#1476=AXIS2_PLACEMENT_3D('',#2543,#1826,#1827);
#1477=AXIS2_PLACEMENT_3D('',#2547,#1829,#1830);
#1478=AXIS2_PLACEMENT_3D('',#2548,#1831,#1832);
#1479=AXIS2_PLACEMENT_3D('',#2552,#1835,#1836);
#1480=AXIS2_PLACEMENT_3D('',#2553,#1837,#1838);
#1481=AXIS2_PLACEMENT_3D('',#2554,#1839,#1840);
#1482=AXIS2_PLACEMENT_3D('',#2555,#1841,#1842);
#1483=AXIS2_PLACEMENT_3D('',#2618,#1843,#1844);
#1484=AXIS2_PLACEMENT_3D('',#2619,#1845,#1846);
#1485=AXIS2_PLACEMENT_3D('',#2620,#1847,#1848);
#1486=AXIS2_PLACEMENT_3D('',#2624,#1850,#1851);
#1487=AXIS2_PLACEMENT_3D('',#2625,#1852,#1853);
#1488=AXIS2_PLACEMENT_3D('',#2626,#1854,#1855);
#1489=AXIS2_PLACEMENT_3D('',#2630,#1857,#1858);
#1490=AXIS2_PLACEMENT_3D('',#2631,#1859,#1860);
#1491=AXIS2_PLACEMENT_3D('',#2632,#1861,#1862);
#1492=AXIS2_PLACEMENT_3D('',#2633,#1863,#1864);
#1493=AXIS2_PLACEMENT_3D('',#2634,#1865,#1866);
#1494=AXIS2_PLACEMENT_3D('',#2635,#1867,#1868);
#1495=AXIS2_PLACEMENT_3D('',#2636,#1869,#1870);
#1496=AXIS2_PLACEMENT_3D('',#2641,#1871,#1872);
#1497=AXIS2_PLACEMENT_3D('',#2647,#1873,#1874);
#1498=AXIS2_PLACEMENT_3D('',#2648,#1875,#1876);
#1499=AXIS2_PLACEMENT_3D('',#2650,#1878,#1879);
#1500=AXIS2_PLACEMENT_3D('',#2651,#1880,#1881);
#1501=AXIS2_PLACEMENT_3D('',#2658,#1883,#1884);
#1502=AXIS2_PLACEMENT_3D('',#2659,#1885,#1886);
#1503=AXIS2_PLACEMENT_3D('',#2660,#1887,#1888);
#1504=AXIS2_PLACEMENT_3D('',#2661,#1889,#1890);
#1505=AXIS2_PLACEMENT_3D('',#2662,#1891,#1892);
#1506=AXIS2_PLACEMENT_3D('',#2663,#1893,#1894);
#1507=AXIS2_PLACEMENT_3D('',#2664,#1895,#1896);
#1508=AXIS2_PLACEMENT_3D('',#2665,#1897,#1898);
#1509=AXIS2_PLACEMENT_3D('',#2666,#1899,#1900);
#1510=AXIS2_PLACEMENT_3D('',#2668,#1901,#1902);
#1511=AXIS2_PLACEMENT_3D('',#2670,#1903,#1904);
#1512=AXIS2_PLACEMENT_3D('',#2672,#1905,#1906);
#1513=AXIS2_PLACEMENT_3D('',#2674,#1907,#1908);
#1514=AXIS2_PLACEMENT_3D('',#2676,#1909,#1910);
#1515=AXIS2_PLACEMENT_3D('',#2678,#1911,#1912);
#1516=AXIS2_PLACEMENT_3D('',#2679,#1913,#1914);
#1517=AXIS2_PLACEMENT_3D('',#2680,#1915,#1916);
#1518=AXIS2_PLACEMENT_3D('',#2681,#1917,#1918);
#1519=AXIS2_PLACEMENT_3D('',#2682,#1919,#1920);
#1520=AXIS2_PLACEMENT_3D('',#2683,#1921,#1922);
#1521=AXIS2_PLACEMENT_3D('',#2684,#1923,#1924);
#1522=AXIS2_PLACEMENT_3D('',#2685,#1925,#1926);
#1523=AXIS2_PLACEMENT_3D('',#2686,#1927,#1928);
#1524=AXIS2_PLACEMENT_3D('',#2687,#1929,#1930);
#1525=DIRECTION('',(0.,0.,1.));
#1526=DIRECTION('',(1.,0.,0.));
#1527=DIRECTION('',(0.,0.,-1.));
#1528=DIRECTION('',(0.906307787036651,0.422618261740698,0.));
#1529=DIRECTION('',(0.,0.,-1.));
#1530=DIRECTION('',(-0.906307787036651,-0.422618261740698,0.));
#1531=DIRECTION('',(0.422618261740698,-0.906307787036651,0.));
#1532=DIRECTION('',(0.906307787036651,0.422618261740698,0.));
#1533=DIRECTION('',(0.,0.,1.));
#1534=DIRECTION('',(1.,0.,0.));
#1535=DIRECTION('',(0.,1.,0.));
#1536=DIRECTION('',(1.,0.,-5.42071646213088E-17));
#1537=DIRECTION('',(0.,0.,1.));
#1538=DIRECTION('',(-1.,0.,0.));
#1539=DIRECTION('',(-0.17364817766693,0.984807753012208,0.));
#1540=DIRECTION('',(0.984807753012208,0.17364817766693,-5.42071646213088E-17));
#1541=DIRECTION('',(0.,0.,-1.));
#1542=DIRECTION('',(-1.,0.,0.));
#1543=DIRECTION('',(0.,0.,1.));
#1544=DIRECTION('',(-0.939692620785909,-0.342020143325668,0.));
#1545=DIRECTION('',(-0.5,0.866025403784439,0.));
#1546=DIRECTION('',(0.866025403784439,0.5,-5.42071646213088E-17));
#1547=DIRECTION('',(0.,0.,1.));
#1548=DIRECTION('',(1.,0.,0.));
#1549=DIRECTION('',(-0.342020143325668,0.939692620785909,0.));
#1550=DIRECTION('',(0.939692620785909,0.342020143325668,-5.42071646213088E-17));
#1551=DIRECTION('',(0.,0.,-1.));
#1552=DIRECTION('',(-0.939692620785909,-0.342020143325668,0.));
#1553=DIRECTION('',(0.422618261740698,-0.906307787036651,0.));
#1554=DIRECTION('',(0.,0.,-1.));
#1555=DIRECTION('',(0.422618261740698,-0.906307787036651,0.));
#1556=DIRECTION('',(0.906307787036651,0.422618261740698,0.));
#1557=DIRECTION('',(-0.422618261740698,0.906307787036651,0.));
#1558=DIRECTION('',(0.,0.,-1.));
#1559=DIRECTION('',(-1.,0.,0.));
#1560=DIRECTION('',(0.,0.,-1.));
#1561=DIRECTION('',(-1.,0.,0.));
#1562=DIRECTION('',(0.,0.,-1.));
#1563=DIRECTION('',(-1.,0.,0.));
#1564=DIRECTION('',(0.,0.,-1.));
#1565=DIRECTION('',(-1.,0.,0.));
#1566=DIRECTION('',(0.,0.,-1.));
#1567=DIRECTION('',(-1.,0.,0.));
#1568=DIRECTION('',(0.,0.,-1.));
#1569=DIRECTION('',(-1.,0.,0.));
#1570=DIRECTION('',(0.,0.,-1.));
#1571=DIRECTION('',(-1.,0.,0.));
#1572=DIRECTION('',(0.,0.,-1.));
#1573=DIRECTION('',(-1.,0.,0.));
#1574=DIRECTION('',(0.,0.,-1.));
#1575=DIRECTION('',(-1.,0.,0.));
#1576=DIRECTION('',(0.906307787036651,0.422618261740698,0.));
#1577=DIRECTION('',(-0.422618261740698,0.906307787036651,0.));
#1578=DIRECTION('',(0.,0.,1.));
#1579=DIRECTION('',(1.,0.,0.));
#1580=DIRECTION('',(0.,0.,-1.));
#1581=DIRECTION('',(0.422618261740698,-0.906307787036651,0.));
#1582=DIRECTION('',(-0.906307787036651,-0.422618261740698,0.));
#1583=DIRECTION('',(0.422618261740698,-0.906307787036651,0.));
#1584=DIRECTION('',(-0.422618261740699,0.90630778703665,0.));
#1585=DIRECTION('',(5.00401002685617E-16,-6.67201336914156E-16,-1.));
#1586=DIRECTION('',(0.422618261740699,-0.90630778703665,5.42101086242752E-16));
#1587=DIRECTION('',(0.,0.,1.));
#1588=DIRECTION('',(-0.90630778703665,-0.422618261740699,0.));
#1589=DIRECTION('',(0.422618261740699,-0.90630778703665,0.));
#1590=DIRECTION('',(-0.342020143325668,0.939692620785909,0.));
#1591=DIRECTION('',(0.939692620785908,0.342020143325668,0.));
#1592=DIRECTION('',(0.939692620785909,0.342020143325668,0.));
#1593=DIRECTION('',(0.939692620785909,0.342020143325668,0.));
#1594=DIRECTION('',(0.342020143325668,-0.939692620785909,0.));
#1595=DIRECTION('',(0.,0.,-1.));
#1596=DIRECTION('',(0.984807753012208,0.17364817766693,0.));
#1597=DIRECTION('',(0.17364817766693,-0.984807753012208,0.));
#1598=DIRECTION('',(0.984807753012208,0.17364817766693,0.));
#1599=DIRECTION('',(-0.984807753012208,-0.17364817766693,0.));
#1600=DIRECTION('',(0.17364817766693,-0.984807753012208,0.));
#1601=DIRECTION('',(0.,0.,-1.));
#1602=DIRECTION('',(1.,0.,0.));
#1603=DIRECTION('',(0.,0.,-1.));
#1604=DIRECTION('',(1.,0.,0.));
#1605=DIRECTION('',(0.,-1.,0.));
#1606=DIRECTION('',(0.,0.,-1.));
#1607=DIRECTION('',(0.90630778703665,0.422618261740699,0.));
#1608=DIRECTION('',(0.,0.,1.));
#1609=DIRECTION('',(-0.90630778703665,-0.422618261740699,0.));
#1610=DIRECTION('',(-0.422618261740699,0.90630778703665,0.));
#1611=DIRECTION('',(-0.90630778703665,-0.422618261740699,0.));
#1612=DIRECTION('',(0.906307787036651,0.422618261740698,0.));
#1613=DIRECTION('',(0.,0.,-1.));
#1614=DIRECTION('',(1.,0.,0.));
#1615=DIRECTION('',(0.,0.,-1.));
#1616=DIRECTION('',(1.,0.,0.));
#1617=DIRECTION('',(-0.866025403784439,-0.5,0.));
#1618=DIRECTION('',(0.,0.,-1.));
#1619=DIRECTION('',(1.,0.,0.));
#1620=DIRECTION('',(0.766044443118978,0.642787609686539,0.));
#1621=DIRECTION('',(0.,0.,-1.));
#1622=DIRECTION('',(1.,0.,0.));
#1623=DIRECTION('',(0.64278760968654,0.766044443118978,0.));
#1624=DIRECTION('',(0.,0.,-1.));
#1625=DIRECTION('',(1.,0.,0.));
#1626=DIRECTION('',(0.90630778703665,0.422618261740699,0.));
#1627=DIRECTION('',(0.,0.,1.));
#1628=DIRECTION('',(1.,0.,0.));
#1629=DIRECTION('',(0.,0.,1.));
#1630=DIRECTION('',(1.,0.,0.));
#1631=DIRECTION('',(0.,0.,1.));
#1632=DIRECTION('',(1.,0.,0.));
#1633=DIRECTION('',(0.,0.,1.));
#1634=DIRECTION('',(1.,0.,0.));
#1635=DIRECTION('',(0.,0.,1.));
#1636=DIRECTION('',(1.,0.,0.));
#1637=DIRECTION('',(0.,0.,1.));
#1638=DIRECTION('',(1.,0.,0.));
#1639=DIRECTION('',(0.,0.,1.));
#1640=DIRECTION('',(1.,0.,0.));
#1641=DIRECTION('',(0.90630778703665,0.422618261740699,0.));
#1642=DIRECTION('',(0.,0.,-1.));
#1643=DIRECTION('',(-1.,0.,0.));
#1644=DIRECTION('',(0.64278760968654,0.766044443118978,0.));
#1645=DIRECTION('',(0.,0.,1.));
#1646=DIRECTION('',(-0.766044443118978,-0.642787609686539,0.));
#1647=DIRECTION('',(0.766044443118978,0.642787609686539,0.));
#1648=DIRECTION('',(0.,0.,1.));
#1649=DIRECTION('',(-1.,0.,0.));
#1650=DIRECTION('',(0.866025403784439,0.5,0.));
#1651=DIRECTION('',(0.,0.,1.));
#1652=DIRECTION('',(-1.,0.,0.));
#1653=DIRECTION('',(0.,0.,-1.));
#1654=DIRECTION('',(-1.,0.,0.));
#1655=DIRECTION('',(0.,0.,1.));
#1656=DIRECTION('',(1.,0.,0.));
#1657=DIRECTION('',(0.,0.,1.));
#1658=DIRECTION('',(1.,0.,0.));
#1659=DIRECTION('',(-0.422618261740698,0.906307787036651,0.));
#1660=DIRECTION('',(-0.906307787036651,-0.422618261740698,0.));
#1661=DIRECTION('',(-0.642787609686539,0.766044443118978,0.));
#1662=DIRECTION('',(0.766044443118978,0.642787609686539,-5.42071646213088E-17));
#1663=DIRECTION('',(-0.766044443118978,0.64278760968654,0.));
#1664=DIRECTION('',(0.64278760968654,0.766044443118977,-5.42071646213088E-17));
#1665=DIRECTION('',(0.,0.,-1.));
#1666=DIRECTION('',(-0.766044443118978,-0.642787609686539,0.));
#1667=DIRECTION('',(-0.5,0.866025403784439,0.));
#1668=DIRECTION('',(0.866025403784439,0.5,0.));
#1669=DIRECTION('',(0.5,-0.866025403784439,0.));
#1670=DIRECTION('',(0.,0.,-1.));
#1671=DIRECTION('',(0.,0.,-1.));
#1672=DIRECTION('',(0.422618261740699,-0.90630778703665,8.16168369094862E-16));
#1673=DIRECTION('',(0.90630778703665,0.422618261740699,0.));
#1674=DIRECTION('',(-0.642787609686539,0.766044443118978,0.));
#1675=DIRECTION('',(0.766044443118979,0.642787609686539,0.));
#1676=DIRECTION('',(0.642787609686539,-0.766044443118978,0.));
#1677=DIRECTION('',(0.,0.,-1.));
#1678=DIRECTION('',(0.,0.,1.));
#1679=DIRECTION('',(0.766044443118978,-0.64278760968654,0.));
#1680=DIRECTION('',(0.,0.,-1.));
#1681=DIRECTION('',(0.,0.,1.));
#1682=DIRECTION('',(1.,0.,0.));
#1683=DIRECTION('',(0.,0.,-1.));
#1684=DIRECTION('',(-1.,0.,0.));
#1685=DIRECTION('',(0.,0.,-1.));
#1686=DIRECTION('',(-1.,0.,0.));
#1687=DIRECTION('',(0.,0.,-1.));
#1688=DIRECTION('',(-1.,0.,0.));
#1689=DIRECTION('',(0.,0.,-1.));
#1690=DIRECTION('',(-1.,0.,0.));
#1691=DIRECTION('',(0.,0.,-1.));
#1692=DIRECTION('',(-1.,0.,0.));
#1693=DIRECTION('',(0.,0.,-1.));
#1694=DIRECTION('',(-1.,0.,0.));
#1695=DIRECTION('',(0.,0.,-1.));
#1696=DIRECTION('',(-1.,0.,0.));
#1697=DIRECTION('',(0.,0.,-1.));
#1698=DIRECTION('',(-1.,0.,0.));
#1699=DIRECTION('',(0.,0.,-1.));
#1700=DIRECTION('',(-1.,0.,0.));
#1701=DIRECTION('',(0.,0.,-1.));
#1702=DIRECTION('',(-1.,0.,0.));
#1703=DIRECTION('',(0.,0.,-1.));
#1704=DIRECTION('',(-1.,0.,0.));
#1705=DIRECTION('',(0.90630778703665,0.422618261740699,0.));
#1706=DIRECTION('',(0.,0.,-1.));
#1707=DIRECTION('',(-0.90630778703665,-0.422618261740699,0.));
#1708=DIRECTION('',(5.00401002685617E-16,-6.67201336914156E-16,-1.));
#1709=DIRECTION('',(0.422618261740699,-0.90630778703665,8.16168369094862E-16));
#1710=DIRECTION('',(0.90630778703665,0.422618261740699,0.));
#1711=DIRECTION('',(0.422618261740699,-0.90630778703665,0.));
#1712=DIRECTION('',(0.,0.,1.));
#1713=DIRECTION('',(-0.422618261740699,0.90630778703665,1.00150723165785E-16));
#1714=DIRECTION('',(-0.90630778703665,-0.422618261740699,0.));
#1715=DIRECTION('',(0.422618261740699,-0.90630778703665,0.));
#1716=DIRECTION('',(0.,0.,-1.));
#1717=DIRECTION('',(1.,0.,0.));
#1718=DIRECTION('',(-0.939692620785909,-0.342020143325668,0.));
#1719=DIRECTION('',(0.,0.,1.));
#1720=DIRECTION('',(1.,0.,0.));
#1721=DIRECTION('',(0.984807753012208,0.17364817766693,0.));
#1722=DIRECTION('',(0.,0.,-1.));
#1723=DIRECTION('',(1.,0.,0.));
#1724=DIRECTION('',(-1.,0.,0.));
#1725=DIRECTION('',(1.,0.,0.));
#1726=DIRECTION('',(0.,0.,1.));
#1727=DIRECTION('',(1.,0.,0.));
#1728=DIRECTION('',(0.90630778703665,0.422618261740699,0.));
#1729=DIRECTION('',(0.,0.,1.));
#1730=DIRECTION('',(1.,0.,0.));
#1731=DIRECTION('',(0.64278760968654,0.766044443118978,0.));
#1732=DIRECTION('',(-0.64278760968654,-0.766044443118978,0.));
#1733=DIRECTION('',(0.,0.,1.));
#1734=DIRECTION('',(1.,0.,0.));
#1735=DIRECTION('',(-0.766044443118978,-0.642787609686539,0.));
#1736=DIRECTION('',(0.,0.,1.));
#1737=DIRECTION('',(1.,0.,0.));
#1738=DIRECTION('',(0.866025403784439,0.5,0.));
#1739=DIRECTION('',(-0.906307787036651,-0.422618261740698,0.));
#1740=DIRECTION('',(-0.422618261740698,0.906307787036651,0.));
#1741=DIRECTION('',(-0.906307787036651,-0.422618261740698,0.));
#1742=DIRECTION('',(-0.422618261740698,0.906307787036651,0.));
#1743=DIRECTION('',(0.,0.,1.));
#1744=DIRECTION('',(1.,0.,0.));
#1745=DIRECTION('',(-0.357406282581658,-0.206348613458584,-0.910868266488014));
#1746=DIRECTION('',(0.,0.,1.));
#1747=DIRECTION('',(-0.939692620785909,-0.342020143325668,0.));
#1748=DIRECTION('',(-0.38780853875287,-0.141150764700315,-0.910868266488014));
#1749=DIRECTION('',(0.,0.,1.));
#1750=DIRECTION('',(-0.939692620785908,-0.342020143325668,0.));
#1751=DIRECTION('',(0.,0.,-1.));
#1752=DIRECTION('',(-0.939692620785909,-0.342020143325668,-1.18622862024242E-17));
#1753=DIRECTION('',(0.5,-0.866025403784439,0.));
#1754=DIRECTION('',(0.866025403784439,0.5,0.));
#1755=DIRECTION('',(0.866025403784439,0.5,0.));
#1756=DIRECTION('',(0.5,-0.866025403784439,0.));
#1757=DIRECTION('',(0.866025403784439,0.5,8.67361737988405E-17));
#1758=DIRECTION('',(-0.5,0.866025403784439,0.));
#1759=DIRECTION('',(0.866025403784439,0.5,-5.42071646213088E-17));
#1760=DIRECTION('',(0.5,-0.866025403784439,0.));
#1761=DIRECTION('',(0.,0.,-1.));
#1762=DIRECTION('',(-0.342020143325668,0.939692620785909,0.));
#1763=DIRECTION('',(0.939692620785909,0.342020143325668,-5.42071646213088E-17));
#1764=DIRECTION('',(0.,0.,-1.));
#1765=DIRECTION('',(-0.939692620785909,-0.342020143325668,0.));
#1766=DIRECTION('',(0.,0.,-1.));
#1767=DIRECTION('',(0.422618261740698,-0.906307787036651,0.));
#1768=DIRECTION('',(0.,0.,-1.));
#1769=DIRECTION('',(0.906307787036651,0.422618261740698,0.));
#1770=DIRECTION('',(-0.422618261740698,0.906307787036651,0.));
#1771=DIRECTION('',(0.906307787036651,0.422618261740698,0.));
#1772=DIRECTION('',(0.,0.,-1.));
#1773=DIRECTION('',(-0.422618261740698,0.906307787036651,0.));
#1774=DIRECTION('',(-0.906307787036651,-0.422618261740698,0.));
#1775=DIRECTION('',(-0.422618261740698,0.906307787036651,0.));
#1776=DIRECTION('',(0.,0.,-1.));
#1777=DIRECTION('',(-0.906307787036651,-0.422618261740698,0.));
#1778=DIRECTION('',(0.422618261740698,-0.906307787036651,0.));
#1779=DIRECTION('',(0.,0.,1.));
#1780=DIRECTION('',(1.,0.,0.));
#1781=DIRECTION('',(0.,0.,1.));
#1782=DIRECTION('',(1.,0.,0.));
#1783=DIRECTION('',(0.,0.,1.));
#1784=DIRECTION('',(1.,0.,0.));
#1785=DIRECTION('',(0.,0.,1.));
#1786=DIRECTION('',(1.,0.,0.));
#1787=DIRECTION('',(0.,0.,1.));
#1788=DIRECTION('',(1.,0.,0.));
#1789=DIRECTION('',(0.,0.,1.));
#1790=DIRECTION('',(1.,0.,0.));
#1791=DIRECTION('',(0.,0.,1.));
#1792=DIRECTION('',(1.,0.,0.));
#1793=DIRECTION('',(0.,0.,1.));
#1794=DIRECTION('',(1.,0.,0.));
#1795=DIRECTION('',(0.,0.,1.));
#1796=DIRECTION('',(1.,0.,0.));
#1797=DIRECTION('',(-0.906307787036651,-0.422618261740698,0.));
#1798=DIRECTION('',(0.,0.,1.));
#1799=DIRECTION('',(1.,0.,0.));
#1800=DIRECTION('',(-0.26527666401435,-0.316144417370508,-0.910868266488014));
#1801=DIRECTION('',(0.,0.,1.));
#1802=DIRECTION('',(-0.766044443118978,-0.642787609686539,0.));
#1803=DIRECTION('',(-0.316144417370508,-0.265276664014349,-0.910868266488014));
#1804=DIRECTION('',(0.,0.,1.));
#1805=DIRECTION('',(-0.766044443118978,-0.642787609686539,0.));
#1806=DIRECTION('',(0.,0.,-1.));
#1807=DIRECTION('',(-0.766044443118978,-0.642787609686539,-1.18622862024242E-17));
#1808=DIRECTION('',(0.642787609686539,-0.766044443118978,0.));
#1809=DIRECTION('',(0.766044443118978,0.642787609686539,8.67361737988405E-17));
#1810=DIRECTION('',(0.766044443118978,0.642787609686539,0.));
#1811=DIRECTION('',(0.642787609686539,-0.766044443118978,0.));
#1812=DIRECTION('',(0.766044443118979,0.642787609686539,0.));
#1813=DIRECTION('',(-0.642787609686539,0.766044443118978,0.));
#1814=DIRECTION('',(0.766044443118978,0.642787609686539,-5.42071646213088E-17));
#1815=DIRECTION('',(0.642787609686539,-0.766044443118978,0.));
#1816=DIRECTION('',(0.,0.,-1.));
#1817=DIRECTION('',(0.766044443118978,-0.64278760968654,0.));
#1818=DIRECTION('',(0.64278760968654,0.766044443118978,8.67361737988405E-17));
#1819=DIRECTION('',(-0.766044443118978,0.64278760968654,0.));
#1820=DIRECTION('',(0.64278760968654,0.766044443118977,-5.42071646213088E-17));
#1821=DIRECTION('',(0.766044443118978,-0.64278760968654,0.));
#1822=DIRECTION('',(0.,0.,-1.));
#1823=DIRECTION('',(0.,0.,-1.));
#1824=DIRECTION('',(-0.766044443118978,-0.642787609686539,0.));
#1825=DIRECTION('',(-0.406427428714665,-0.0716641213823617,-0.910868266488014));
#1826=DIRECTION('',(0.,0.,1.));
#1827=DIRECTION('',(-1.,0.,0.));
#1828=DIRECTION('',(-0.412697226917167,0.,-0.910868266488014));
#1829=DIRECTION('',(0.,0.,1.));
#1830=DIRECTION('',(-1.,0.,0.));
#1831=DIRECTION('',(0.,0.,-1.));
#1832=DIRECTION('',(-1.,0.,-1.18622862024242E-17));
#1833=DIRECTION('',(0.,0.,1.));
#1834=DIRECTION('',(0.90630778703665,0.422618261740699,0.));
#1835=DIRECTION('',(-0.422618261740699,0.90630778703665,0.));
#1836=DIRECTION('',(-0.90630778703665,-0.422618261740699,0.));
#1837=DIRECTION('',(0.,-1.,0.));
#1838=DIRECTION('',(0.999999999999999,0.,8.67361737988405E-17));
#1839=DIRECTION('',(0.,1.,0.));
#1840=DIRECTION('',(1.,0.,-5.42071646213088E-17));
#1841=DIRECTION('',(0.,-1.,0.));
#1842=DIRECTION('',(0.,0.,-1.));
#1843=DIRECTION('',(-0.17364817766693,0.984807753012208,0.));
#1844=DIRECTION('',(0.984807753012208,0.17364817766693,-5.42071646213088E-17));
#1845=DIRECTION('',(0.,0.,-1.));
#1846=DIRECTION('',(-1.,0.,0.));
#1847=DIRECTION('',(-0.17364817766693,0.984807753012208,0.));
#1848=DIRECTION('',(0.984807753012208,0.17364817766693,0.));
#1849=DIRECTION('',(0.984807753012208,0.17364817766693,0.));
#1850=DIRECTION('',(0.17364817766693,-0.984807753012208,0.));
#1851=DIRECTION('',(0.984807753012208,0.17364817766693,8.67361737988405E-17));
#1852=DIRECTION('',(0.17364817766693,-0.984807753012208,0.));
#1853=DIRECTION('',(0.,0.,-1.));
#1854=DIRECTION('',(0.342020143325668,-0.939692620785909,0.));
#1855=DIRECTION('',(0.939692620785909,0.342020143325668,8.67361737988405E-17));
#1856=DIRECTION('',(0.939692620785909,0.342020143325668,0.));
#1857=DIRECTION('',(0.342020143325668,-0.939692620785909,0.));
#1858=DIRECTION('',(0.939692620785908,0.342020143325668,0.));
#1859=DIRECTION('',(0.342020143325668,-0.939692620785909,0.));
#1860=DIRECTION('',(0.,0.,-1.));
#1861=DIRECTION('',(0.422618261740698,-0.906307787036651,0.));
#1862=DIRECTION('',(0.906307787036651,0.422618261740698,0.));
#1863=DIRECTION('',(0.,0.,-1.));
#1864=DIRECTION('',(-1.,0.,0.));
#1865=DIRECTION('',(0.,0.,1.));
#1866=DIRECTION('',(1.,0.,0.));
#1867=DIRECTION('',(0.,0.,-1.));
#1868=DIRECTION('',(-1.,0.,0.));
#1869=DIRECTION('',(0.,0.,1.));
#1870=DIRECTION('',(1.,0.,0.));
#1871=DIRECTION('',(0.,0.,-1.));
#1872=DIRECTION('',(-0.939692620785909,-0.342020143325668,0.));
#1873=DIRECTION('',(0.,-1.,0.));
#1874=DIRECTION('',(0.999999999999999,0.,8.67361737988405E-17));
#1875=DIRECTION('',(0.,0.,-1.));
#1876=DIRECTION('',(-1.,0.,0.));
#1877=DIRECTION('',(0.,0.,-1.));
#1878=DIRECTION('',(0.,0.,-1.));
#1879=DIRECTION('',(-1.,0.,0.));
#1880=DIRECTION('',(0.,0.,-1.));
#1881=DIRECTION('',(-1.,0.,0.));
#1882=DIRECTION('',(0.,0.,1.));
#1883=DIRECTION('',(0.,0.,-1.));
#1884=DIRECTION('',(-1.,0.,0.));
#1885=DIRECTION('',(0.,0.,-1.));
#1886=DIRECTION('',(-1.,0.,0.));
#1887=DIRECTION('',(0.,-1.,0.));
#1888=DIRECTION('',(0.,0.,-1.));
#1889=DIRECTION('',(0.,0.,1.));
#1890=DIRECTION('',(1.,0.,0.));
#1891=DIRECTION('',(0.,0.,1.));
#1892=DIRECTION('',(1.,0.,0.));
#1893=DIRECTION('',(0.766044443118978,-0.64278760968654,0.));
#1894=DIRECTION('',(0.64278760968654,0.766044443118978,8.67361737988405E-17));
#1895=DIRECTION('',(0.,0.,-1.));
#1896=DIRECTION('',(-0.766044443118978,-0.642787609686539,0.));
#1897=DIRECTION('',(-0.766044443118977,0.64278760968654,0.));
#1898=DIRECTION('',(-0.64278760968654,-0.766044443118978,0.));
#1899=DIRECTION('',(0.,0.,1.));
#1900=DIRECTION('',(1.,0.,0.));
#1901=DIRECTION('',(0.,0.,1.));
#1902=DIRECTION('',(1.,0.,0.));
#1903=DIRECTION('',(0.,0.,1.));
#1904=DIRECTION('',(1.,0.,0.));
#1905=DIRECTION('',(0.,0.,1.));
#1906=DIRECTION('',(1.,0.,0.));
#1907=DIRECTION('',(0.,0.,1.));
#1908=DIRECTION('',(1.,0.,0.));
#1909=DIRECTION('',(0.,0.,1.));
#1910=DIRECTION('',(1.,0.,0.));
#1911=DIRECTION('',(0.,0.,1.));
#1912=DIRECTION('',(1.,0.,0.));
#1913=DIRECTION('',(0.,0.,-1.));
#1914=DIRECTION('',(-1.,0.,0.));
#1915=DIRECTION('',(0.,0.,-1.));
#1916=DIRECTION('',(-1.,0.,0.));
#1917=DIRECTION('',(0.,0.,-1.));
#1918=DIRECTION('',(-1.,0.,0.));
#1919=DIRECTION('',(0.,0.,-1.));
#1920=DIRECTION('',(-1.,0.,0.));
#1921=DIRECTION('',(0.,0.,-1.));
#1922=DIRECTION('',(-1.,0.,0.));
#1923=DIRECTION('',(0.,0.,-1.));
#1924=DIRECTION('',(-1.,0.,0.));
#1925=DIRECTION('',(0.,0.,-1.));
#1926=DIRECTION('',(-1.,0.,0.));
#1927=DIRECTION('',(0.,0.,-1.));
#1928=DIRECTION('',(-1.,0.,0.));
#1929=DIRECTION('',(0.,0.,-1.));
#1930=DIRECTION('',(-1.,0.,0.));
#1931=CARTESIAN_POINT('',(0.,0.,0.));
#1932=CARTESIAN_POINT('',(95.4725545397707,72.1040312995779,11.));
#1933=CARTESIAN_POINT('',(95.4725545397707,72.1040312995779,11.));
#1934=CARTESIAN_POINT('',(95.4725545397707,72.1040312995779,1.));
#1935=CARTESIAN_POINT('',(95.4725545397707,72.1040312995779,1.));
#1936=CARTESIAN_POINT('',(-37.85409619864,9.93279302410048,1.));
#1937=CARTESIAN_POINT('',(-37.85409619864,9.93279302410048,11.));
#1938=CARTESIAN_POINT('',(-37.85409619864,9.93279302410048,11.));
#1939=CARTESIAN_POINT('',(95.4725545397707,72.1040312995779,11.));
#1940=CARTESIAN_POINT('',(95.4725545397707,72.1040312995779,11.));
#1941=CARTESIAN_POINT('',(-24.0273613244512,-1.86582495798115,3.04444899496983));
#1942=CARTESIAN_POINT('',(-24.0298900531532,-1.85389237199126,3.04115282833843));
#1943=CARTESIAN_POINT('',(-24.0316378087182,-1.84111737717411,3.03956981183689));
#1944=CARTESIAN_POINT('',(-24.0323709381969,-1.82851218691272,3.04003617152425));
#1945=CARTESIAN_POINT('',(-24.0331043651113,-1.81590188263888,3.04050272041695));
#1946=CARTESIAN_POINT('',(-24.0328451215118,-1.80317665054333,3.04301747293144));
#1947=CARTESIAN_POINT('',(-24.0317563262259,-1.79125631680996,3.04707894129862));
#1948=CARTESIAN_POINT('',(-24.0302798588027,-1.77509167625869,3.05258652000692));
#1949=CARTESIAN_POINT('',(-24.0272856914975,-1.75993569560506,3.06098892915099));
#1950=CARTESIAN_POINT('',(-24.0234644228979,-1.74634203967573,3.07070589411935));
#1951=CARTESIAN_POINT('',(-24.0170466697735,-1.72351173462437,3.08702536516925));
#1952=CARTESIAN_POINT('',(-24.008196916682,-1.70414253239922,3.10737828164253));
#1953=CARTESIAN_POINT('',(-23.99839479404,-1.68744318105998,3.12868052508809));
#1954=CARTESIAN_POINT('',(-23.9787751484711,-1.65401824174049,3.17131848030399));
#1955=CARTESIAN_POINT('',(-23.9546805823272,-1.62967930519796,3.21925942438532));
#1956=CARTESIAN_POINT('',(-23.928775739781,-1.61104586837678,3.26723740319483));
#1957=CARTESIAN_POINT('',(-23.885878254376,-1.58018956872324,3.34668720653087));
#1958=CARTESIAN_POINT('',(-23.8360962788789,-1.56410935052593,3.42975639842301));
#1959=CARTESIAN_POINT('',(-23.7833247021051,-1.56399705298066,3.50925309525122));
#1960=CARTESIAN_POINT('',(-23.7486119728813,-1.56392318453632,3.56154539879592));
#1961=CARTESIAN_POINT('',(-23.7117933619085,-1.57092100675468,3.6135216413578));
#1962=CARTESIAN_POINT('',(-23.6753749814798,-1.58825009680062,3.66161393015604));
#1963=CARTESIAN_POINT('',(-23.6524555518795,-1.59915593211423,3.6918801807265));
#1964=CARTESIAN_POINT('',(-23.6292968530251,-1.61440565677454,3.72112565143996));
#1965=CARTESIAN_POINT('',(-23.6078910808064,-1.63536440182368,3.74687069644613));
#1966=CARTESIAN_POINT('',(-23.5928406043589,-1.6501005718393,3.76497213140235));
#1967=CARTESIAN_POINT('',(-23.57838583163,-1.66801140994293,3.78166286223723));
#1968=CARTESIAN_POINT('',(-23.5662139315067,-1.68912201058362,3.79498655855162));
#1969=CARTESIAN_POINT('',(-23.5570588272925,-1.7050003653954,3.80500798717343));
#1970=CARTESIAN_POINT('',(-23.5490390687985,-1.72307365307331,3.81329034210936));
#1971=CARTESIAN_POINT('',(-23.5432579730759,-1.74242056800006,3.81864225124418));
#1972=CARTESIAN_POINT('',(-23.5374364260406,-1.76190285658996,3.82403160859993));
#1973=CARTESIAN_POINT('',(-23.5337955771758,-1.7833048375257,3.82650918910368));
#1974=CARTESIAN_POINT('',(-23.5329807398554,-1.80430205352914,3.82553547891155));
#1975=CARTESIAN_POINT('',(-23.5322816694982,-1.82231611710283,3.82470010734131));
#1976=CARTESIAN_POINT('',(-23.5336045942286,-1.84049957401522,3.82134947094518));
#1977=CARTESIAN_POINT('',(-23.5366023737043,-1.8574743059438,3.81600486379126));
#1978=CARTESIAN_POINT('',(-23.5396558547247,-1.87476444425836,3.81056094884068));
#1979=CARTESIAN_POINT('',(-23.5444714718076,-1.8912064317861,3.80297524536846));
#1980=CARTESIAN_POINT('',(-23.5503966463298,-1.90614892524173,3.79405767644653));
#1981=CARTESIAN_POINT('',(-23.5599727739052,-1.93029863139621,3.77964531148773));
#1982=CARTESIAN_POINT('',(-23.5726336300343,-1.95121217491988,3.76143922158736));
#1983=CARTESIAN_POINT('',(-23.5864002029969,-1.96868968372545,3.74175052063456));
#1984=CARTESIAN_POINT('',(-23.6079049059947,-1.99599122326078,3.71099488758399));
#1985=CARTESIAN_POINT('',(-23.63271526746,-2.0160171588958,3.67570510108476));
#1986=CARTESIAN_POINT('',(-23.6577459609592,-2.03047584343456,3.63939881924917));
#1987=CARTESIAN_POINT('',(-23.6984729563785,-2.05400131143641,3.58032551494547));
#1988=CARTESIAN_POINT('',(-23.7411926099088,-2.06385476275047,3.51650786196308));
#1989=CARTESIAN_POINT('',(-23.7819321023037,-2.0639950056597,3.45293062410797));
#1990=CARTESIAN_POINT('',(-23.8250272843314,-2.06414335786898,3.38567714407846));
#1991=CARTESIAN_POINT('',(-23.867181301442,-2.0535461303151,3.31674367361827));
#1992=CARTESIAN_POINT('',(-23.9061340586723,-2.03145202374947,3.25060155044632));
#1993=CARTESIAN_POINT('',(-23.9243147212871,-2.02113990399706,3.21973062598499));
#1994=CARTESIAN_POINT('',(-23.9419743869443,-2.00818747055761,3.18919203170988));
#1995=CARTESIAN_POINT('',(-23.9586292558222,-1.99170835321942,3.16019299175314));
#1996=CARTESIAN_POINT('',(-23.9753909480988,-1.97512353974307,3.1310079535739));
#1997=CARTESIAN_POINT('',(-23.9915475794893,-1.95471410097261,3.10258865240688));
#1998=CARTESIAN_POINT('',(-24.0051149817921,-1.92833285591167,3.07961622712498));
#1999=CARTESIAN_POINT('',(-24.0117904684438,-1.91535265193983,3.06831324407024));
#2000=CARTESIAN_POINT('',(-24.0179285450748,-1.90060206241619,3.0582090367622));
#2001=CARTESIAN_POINT('',(-24.022710811537,-1.88427665616054,3.05103852205298));
#2002=CARTESIAN_POINT('',(-24.0244496629434,-1.87834067249025,3.04843129393535));
#2003=CARTESIAN_POINT('',(-24.0260179244815,-1.87216420491366,3.04620010023758));
#2004=CARTESIAN_POINT('',(-24.0273613244512,-1.86582495798115,3.04444899496983));
#2005=CARTESIAN_POINT('',(-24.0273613244512,-1.86582495798115,3.04444899496983));
#2006=CARTESIAN_POINT('',(0.,0.,1.));
#2007=CARTESIAN_POINT('',(-24.4888384731709,0.,1.));
#2008=CARTESIAN_POINT('',(-24.1167979906423,-4.25244217404593,1.));
#2009=CARTESIAN_POINT('',(-20.499886483714,0.,1.3));
#2010=CARTESIAN_POINT('',(-16.4996692428393,0.,1.3));
#2011=CARTESIAN_POINT('',(0.,0.,1.30000129727807));
#2012=CARTESIAN_POINT('',(-16.2490021924852,-2.86513749612614,1.30000129727807));
#2013=CARTESIAN_POINT('',(-20.1884471450317,-3.55976793027586,1.3));
#2014=CARTESIAN_POINT('',(0.,0.,1.3));
#2015=CARTESIAN_POINT('',(-21.8873564011254,-9.89482307013416,3.20000704879901));
#2016=CARTESIAN_POINT('',(-21.8861094908996,-9.8622183489332,3.22699636397044));
#2017=CARTESIAN_POINT('',(-21.8789462238632,-9.83426543155367,3.25950731185251));
#2018=CARTESIAN_POINT('',(-21.8689966084259,-9.80989206020112,3.29267340424647));
#2019=CARTESIAN_POINT('',(-21.8513470309513,-9.76665624785102,3.3515065843753));
#2020=CARTESIAN_POINT('',(-21.8241147518249,-9.73281857835987,3.41508276792506));
#2021=CARTESIAN_POINT('',(-21.7911827653557,-9.70716229466773,3.47752814816235));
#2022=CARTESIAN_POINT('',(-21.7560772902972,-9.67981271379468,3.54409488079759));
#2023=CARTESIAN_POINT('',(-21.7131482217973,-9.66108723586732,3.61169622069998));
#2024=CARTESIAN_POINT('',(-21.6643744480383,-9.65582134998658,3.6749806049187));
#2025=CARTESIAN_POINT('',(-21.6371239411823,-9.65287923482434,3.71033836818191));
#2026=CARTESIAN_POINT('',(-21.6075658247847,-9.65416670152509,3.7449452453329));
#2027=CARTESIAN_POINT('',(-21.5768352762588,-9.66185874136849,3.77653453938737));
#2028=CARTESIAN_POINT('',(-21.5531844016402,-9.66777869654745,3.80084632257425));
#2029=CARTESIAN_POINT('',(-21.5283372722789,-9.67767628765185,3.82384895591233));
#2030=CARTESIAN_POINT('',(-21.5041453713118,-9.69293864378778,3.84301363577016));
#2031=CARTESIAN_POINT('',(-21.4875965143228,-9.70337910273943,3.85612354171098));
#2032=CARTESIAN_POINT('',(-21.4710338709689,-9.71660442501394,3.86766101607305));
#2033=CARTESIAN_POINT('',(-21.4559379696253,-9.73255996245469,3.87616231433525));
#2034=CARTESIAN_POINT('',(-21.443456407873,-9.74575228673694,3.88319134008331));
#2035=CARTESIAN_POINT('',(-21.4317232934034,-9.76115087158496,3.8882577399147));
#2036=CARTESIAN_POINT('',(-21.4219362141726,-9.77782481032116,3.89058730078827));
#2037=CARTESIAN_POINT('',(-21.4121142660812,-9.79455815403742,3.89292516129154));
#2038=CARTESIAN_POINT('',(-21.4040203256892,-9.81304445744028,3.89252906945604));
#2039=CARTESIAN_POINT('',(-21.3983941370553,-9.83150903380091,3.88947186987992));
#2040=CARTESIAN_POINT('',(-21.3931685652778,-9.84865882656338,3.88663236042463));
#2041=CARTESIAN_POINT('',(-21.389899058407,-9.86619825472726,3.88147802424464));
#2042=CARTESIAN_POINT('',(-21.3884577538906,-9.88296373803501,3.87467170241178));
#2043=CARTESIAN_POINT('',(-21.3864514127014,-9.90630181776287,3.86519708848788));
#2044=CARTESIAN_POINT('',(-21.3878755521659,-9.92877664754832,3.85231672427238));
#2045=CARTESIAN_POINT('',(-21.3915739938243,-9.94911174183255,3.83778176128276));
#2046=CARTESIAN_POINT('',(-21.3969716070846,-9.97878936951938,3.81656901380204));
#2047=CARTESIAN_POINT('',(-21.4072371644387,-10.0049441567952,3.79126095413906));
#2048=CARTESIAN_POINT('',(-21.4197885482031,-10.0271968154076,3.76466850370686));
#2049=CARTESIAN_POINT('',(-21.4396638998567,-10.062434317778,3.72255885957569));
#2050=CARTESIAN_POINT('',(-21.4658004927552,-10.0892669855697,3.67586649297319));
#2051=CARTESIAN_POINT('',(-21.493897145155,-10.1089911973445,3.62862808805416));
#2052=CARTESIAN_POINT('',(-21.535156346159,-10.1379556877288,3.5592597228864));
#2053=CARTESIAN_POINT('',(-21.5820774870434,-10.1528630443609,3.48616220729472));
#2054=CARTESIAN_POINT('',(-21.6302372934394,-10.1542702434518,3.41522641734797));
#2055=CARTESIAN_POINT('',(-21.6642104431,-10.1552629174033,3.36518651086799));
#2056=CARTESIAN_POINT('',(-21.6996084232833,-10.1496816680703,3.31496444578513));
#2057=CARTESIAN_POINT('',(-21.7355570549139,-10.1343605147945,3.26878966169089));
#2058=CARTESIAN_POINT('',(-21.7520894781274,-10.1273144666257,3.24755433122591));
#2059=CARTESIAN_POINT('',(-21.7689274282517,-10.1180832015407,3.22697322849238));
#2060=CARTESIAN_POINT('',(-21.7856941987245,-10.1057473083436,3.20851765429355));
#2061=CARTESIAN_POINT('',(-21.799885041327,-10.0953066144124,3.19289746380904));
#2062=CARTESIAN_POINT('',(-21.814326860034,-10.0823818186028,3.17849049802814));
#2063=CARTESIAN_POINT('',(-21.8279177682461,-10.0664137190909,3.16778136798608));
#2064=CARTESIAN_POINT('',(-21.8364866991014,-10.056345993044,3.16102936926612));
#2065=CARTESIAN_POINT('',(-21.8448659994434,-10.0448300061678,3.15568533532452));
#2066=CARTESIAN_POINT('',(-21.8523105115683,-10.0323347255475,3.15271508753784));
#2067=CARTESIAN_POINT('',(-21.8598066365205,-10.0197528151052,3.14972424701342));
#2068=CARTESIAN_POINT('',(-21.8665180934357,-10.0058066964497,3.14915699175802));
#2069=CARTESIAN_POINT('',(-21.8717058578113,-9.99193197418816,3.15116215251637));
#2070=CARTESIAN_POINT('',(-21.8763034372523,-9.9796357068173,3.15293919657832));
#2071=CARTESIAN_POINT('',(-21.8798472678572,-9.96711400332332,3.15670903554965));
#2072=CARTESIAN_POINT('',(-21.8823283812318,-9.95515256153329,3.16183366239427));
#2073=CARTESIAN_POINT('',(-21.8861082781722,-9.93692968720232,3.16964086763103));
#2074=CARTESIAN_POINT('',(-21.8875917288893,-9.91949551492475,3.18069345418212));
#2075=CARTESIAN_POINT('',(-21.8875375813963,-9.90352906888407,3.19303780075252));
#2076=CARTESIAN_POINT('',(-21.8875276067169,-9.90058783980131,3.19531179153595));
#2077=CARTESIAN_POINT('',(-21.8874658785009,-9.89768572935777,3.19763741613291));
#2078=CARTESIAN_POINT('',(-21.8873564011254,-9.89482307013416,3.20000704879901));
#2079=CARTESIAN_POINT('',(-21.8873564011254,-9.89482307013416,3.20000704879901));
#2080=CARTESIAN_POINT('',(0.,0.,1.30000129727807));
#2081=CARTESIAN_POINT('',(-15.5046174329043,-5.64321923926202,1.3));
#2082=CARTESIAN_POINT('',(-14.2891327183396,-8.24983462141964,1.30000129727807));
#2083=CARTESIAN_POINT('',(-17.7534224695935,-10.249943241857,1.3));
#2084=CARTESIAN_POINT('',(-21.2079562269397,-12.2444192365854,1.));
#2085=CARTESIAN_POINT('',(0.,0.,1.));
#2086=CARTESIAN_POINT('',(-23.0119808048567,-8.37567604447305,1.));
#2087=CARTESIAN_POINT('',(-19.2635920556948,-7.01137411331978,1.3));
#2088=CARTESIAN_POINT('',(0.,0.,1.3));
#2089=CARTESIAN_POINT('',(-37.85409619864,9.93279302410048,1.));
#2090=CARTESIAN_POINT('',(-16.7231831116051,-35.382596327732,1.));
#2091=CARTESIAN_POINT('',(-16.7231831116051,-35.382596327732,11.));
#2092=CARTESIAN_POINT('',(-16.7231831116051,-35.382596327732,11.));
#2093=CARTESIAN_POINT('',(-37.85409619864,9.93279302410048,11.));
#2094=CARTESIAN_POINT('',(-37.85409619864,9.93279302410048,11.));
#2095=CARTESIAN_POINT('',(95.6359528688108,44.6930314272734,11.));
#2096=CARTESIAN_POINT('',(95.3859528688108,44.6930314272734,11.));
#2097=CARTESIAN_POINT('',(45.7243209119698,21.2818542166394,11.));
#2098=CARTESIAN_POINT('',(45.4743209119698,21.2818542166394,11.));
#2099=CARTESIAN_POINT('',(9.22825918055591,-6.96360625803889,11.));
#2100=CARTESIAN_POINT('',(8.97825918055591,-6.96360625803889,11.));
#2101=CARTESIAN_POINT('',(5.8811147794946,12.847750385487,11.));
#2102=CARTESIAN_POINT('',(5.6311147794946,12.847750385487,11.));
#2103=CARTESIAN_POINT('',(-3.1787493215333,-7.6800524059753,11.));
#2104=CARTESIAN_POINT('',(-3.4287493215333,-7.6800524059753,11.));
#2105=CARTESIAN_POINT('',(-10.2488430816855,3.95621752764679,11.));
#2106=CARTESIAN_POINT('',(-10.4988430816855,3.95621752764679,11.));
#2107=CARTESIAN_POINT('',(-16.4809578594149,-16.8711302883145,11.));
#2108=CARTESIAN_POINT('',(-16.7309578594149,-16.8711302883145,11.));
#2109=CARTESIAN_POINT('',(-21.6375390190241,-9.90437689659463,11.));
#2110=CARTESIAN_POINT('',(-21.8875390190241,-9.90437689659463,11.));
#2111=CARTESIAN_POINT('',(-23.782792705063,-1.81399648693831,11.));
#2112=CARTESIAN_POINT('',(-24.032792705063,-1.81399648693831,11.));
#2113=CARTESIAN_POINT('',(-16.7231831116051,-35.382596327732,11.));
#2114=CARTESIAN_POINT('',(116.603467626806,26.7886419477454,11.));
#2115=CARTESIAN_POINT('',(116.603467626806,26.7886419477454,11.));
#2116=CARTESIAN_POINT('',(0.,0.,11.));
#2117=CARTESIAN_POINT('',(116.603467626806,26.7886419477454,11.));
#2118=CARTESIAN_POINT('',(116.603467626806,26.7886419477454,1.));
#2119=CARTESIAN_POINT('',(116.603467626806,26.7886419477454,1.));
#2120=CARTESIAN_POINT('',(116.603467626806,26.7886419477454,11.));
#2121=CARTESIAN_POINT('',(99.6938565740315,46.4880087914769,1.));
#2122=CARTESIAN_POINT('',(100.073911742165,45.6729778532391,1.));
#2123=CARTESIAN_POINT('',(99.2286752186837,47.4855934273124,1.));
#2124=CARTESIAN_POINT('',(100.073911742165,45.6729778532391,0.));
#2125=CARTESIAN_POINT('',(100.073911742165,45.6729778532391,1.3));
#2126=CARTESIAN_POINT('',(100.073911742165,45.6729778532391,1.3));
#2127=CARTESIAN_POINT('',(99.2286752186837,47.4855934273124,1.3));
#2128=CARTESIAN_POINT('',(99.2286752186837,47.4855934273124,1.3));
#2129=CARTESIAN_POINT('',(99.6938565740315,46.4880087914769,0.));
#2130=CARTESIAN_POINT('',(-19.2635920556948,-7.01137411331978,1.3));
#2131=CARTESIAN_POINT('',(-22.3821857103489,-8.14644937638533,1.));
#2132=CARTESIAN_POINT('',(-16.1322826837564,-5.87167070765539,1.3));
#2133=CARTESIAN_POINT('',(-2.96655185941995E-16,8.15053424739743E-16,1.3));
#2134=CARTESIAN_POINT('',(-19.2635920556948,-7.01137411331978,1.));
#2135=CARTESIAN_POINT('',(-19.2635920556948,-7.01137411331978,1.3));
#2136=CARTESIAN_POINT('',(0.,0.,1.3));
#2137=CARTESIAN_POINT('',(-16.9068019789925,-2.98112534639165,1.3));
#2138=CARTESIAN_POINT('',(-20.1884471450317,-3.55976793027586,1.3));
#2139=CARTESIAN_POINT('',(-23.4567661055759,-4.13606074458085,1.));
#2140=CARTESIAN_POINT('',(-20.1884471450317,-3.55976793027586,1.));
#2141=CARTESIAN_POINT('',(-20.1884471450317,-3.55976793027586,1.3));
#2142=CARTESIAN_POINT('',(-20.499886483714,0.,1.));
#2143=CARTESIAN_POINT('',(-18.,0.,1.));
#2144=CARTESIAN_POINT('',(-18.,0.,1.3));
#2145=CARTESIAN_POINT('',(-18.0000618360665,-0.000230932459309948,1.3));
#2146=CARTESIAN_POINT('',(0.,0.,1.3));
#2147=CARTESIAN_POINT('',(-20.499886483714,0.,1.3));
#2148=CARTESIAN_POINT('',(99.2286752186837,47.4855934273124,1.3));
#2149=CARTESIAN_POINT('',(15.8178287368791,8.59047693965598,1.3));
#2150=CARTESIAN_POINT('',(15.8178287368791,8.59047693965599,1.3));
#2151=CARTESIAN_POINT('',(15.8178287368791,8.59047693965598,1.));
#2152=CARTESIAN_POINT('',(99.2286752186837,47.4855934273124,1.));
#2153=CARTESIAN_POINT('',(99.2286752186837,47.4855934273124,1.3));
#2154=CARTESIAN_POINT('',(-16.7231831116051,-35.382596327732,1.));
#2155=CARTESIAN_POINT('',(0.,0.,1.));
#2156=CARTESIAN_POINT('',(0.,0.,1.));
#2157=CARTESIAN_POINT('',(-17.7534224695935,-10.249943241857,1.));
#2158=CARTESIAN_POINT('',(-20.6275339282454,-11.9093122661906,1.));
#2159=CARTESIAN_POINT('',(0.,0.,1.));
#2160=CARTESIAN_POINT('',(-18.2461249657681,-15.3103167291905,1.));
#2161=CARTESIAN_POINT('',(-15.7038241254189,-13.1770730317119,1.));
#2162=CARTESIAN_POINT('',(-18.7595386308108,-15.7411219461693,1.));
#2163=CARTESIAN_POINT('',(0.,0.,1.));
#2164=CARTESIAN_POINT('',(-15.7411219461693,-18.7595386308108,1.));
#2165=CARTESIAN_POINT('',(-13.1770730317119,-15.7038241254189,1.));
#2166=CARTESIAN_POINT('',(-11.5701769743577,-13.7887999761416,1.));
#2167=CARTESIAN_POINT('',(0.,0.,1.));
#2168=CARTESIAN_POINT('',(16.6732229797942,6.78259798794401,1.));
#2169=CARTESIAN_POINT('',(100.073911742165,45.6729778532391,1.));
#2170=CARTESIAN_POINT('',(39.3746857140828,18.3607174859229,1.));
#2171=CARTESIAN_POINT('',(95.6359528688108,44.6930314272734,1.3));
#2172=CARTESIAN_POINT('',(95.8859528688108,44.6930314272734,1.3));
#2173=CARTESIAN_POINT('',(45.7243209119698,21.2818542166394,1.3));
#2174=CARTESIAN_POINT('',(45.9743209119698,21.2818542166394,1.3));
#2175=CARTESIAN_POINT('',(9.22825918055591,-6.96360625803889,1.3));
#2176=CARTESIAN_POINT('',(9.47825918055591,-6.96360625803889,1.3));
#2177=CARTESIAN_POINT('',(5.8811147794946,12.847750385487,1.3));
#2178=CARTESIAN_POINT('',(6.1311147794946,12.847750385487,1.3));
#2179=CARTESIAN_POINT('',(-3.1787493215333,-7.6800524059753,1.3));
#2180=CARTESIAN_POINT('',(-2.9287493215333,-7.6800524059753,1.3));
#2181=CARTESIAN_POINT('',(-10.2488430816855,3.95621752764679,1.3));
#2182=CARTESIAN_POINT('',(-9.9988430816855,3.95621752764679,1.3));
#2183=CARTESIAN_POINT('',(100.073911742165,45.6729778532391,1.3));
#2184=CARTESIAN_POINT('',(16.6732229797942,6.78259798794401,1.3));
#2185=CARTESIAN_POINT('',(0.,0.,1.3));
#2186=CARTESIAN_POINT('',(-11.5701719107769,-13.7887939428753,1.3));
#2187=CARTESIAN_POINT('',(1.32887527912007E-15,-1.11505875659026E-15,1.3));
#2188=CARTESIAN_POINT('',(-10.6057829532232,-12.6394799367782,1.30000129727807));
#2189=CARTESIAN_POINT('',(0.,0.,1.30000129727807));
#2190=CARTESIAN_POINT('',(-12.639479936778,-10.605782953223,1.3));
#2191=CARTESIAN_POINT('',(0.,0.,1.3));
#2192=CARTESIAN_POINT('',(-13.1511573373647,-11.0351312713371,1.3));
#2193=CARTESIAN_POINT('',(0.,0.,1.3));
#2194=CARTESIAN_POINT('',(-14.8675921425032,-8.58380832567577,1.3));
#2195=CARTESIAN_POINT('',(0.,0.,1.3));
#2196=CARTESIAN_POINT('',(0.,0.,1.3));
#2197=CARTESIAN_POINT('',(0.,0.,1.3));
#2198=CARTESIAN_POINT('',(0.,0.,1.3));
#2199=CARTESIAN_POINT('',(0.,0.,1.3));
#2200=CARTESIAN_POINT('',(-16.7231831116051,-35.382596327732,11.));
#2201=CARTESIAN_POINT('',(-16.6555276820023,-17.0500866434456,3.50863751958345));
#2202=CARTESIAN_POINT('',(-16.6673692298449,-17.0385353526042,3.50861998804233));
#2203=CARTESIAN_POINT('',(-16.6781591799737,-17.0256103652942,3.5111734192314));
#2204=CARTESIAN_POINT('',(-16.6871443674641,-17.0125061133289,3.5157777507745));
#2205=CARTESIAN_POINT('',(-16.6981557004837,-16.9964468733276,3.52142035177848));
#2206=CARTESIAN_POINT('',(-16.7068312417494,-16.9796872706476,3.53020521267953));
#2207=CARTESIAN_POINT('',(-16.7132670958691,-16.963501380427,3.54057749930779));
#2208=CARTESIAN_POINT('',(-16.7229835281563,-16.9390649803144,3.55623690034643));
#2209=CARTESIAN_POINT('',(-16.7280821541816,-16.9151244334509,3.57585175464307));
#2210=CARTESIAN_POINT('',(-16.7300242154515,-16.8927161700584,3.59660896248762));
#2211=CARTESIAN_POINT('',(-16.7332650384235,-16.8553222855842,3.63124764102116));
#2212=CARTESIAN_POINT('',(-16.7280198883772,-16.8207577493364,3.6702126399388));
#2213=CARTESIAN_POINT('',(-16.7173339503761,-16.7897279319486,3.70934836201049));
#2214=CARTESIAN_POINT('',(-16.7027863313564,-16.7474845686091,3.76262693939838));
#2215=CARTESIAN_POINT('',(-16.6775092849714,-16.7102804767437,3.81824688150003));
#2216=CARTESIAN_POINT('',(-16.6434845734468,-16.6811695891528,3.87144102594458));
#2217=CARTESIAN_POINT('',(-16.6172482601469,-16.6587223050159,3.9124588091035));
#2218=CARTESIAN_POINT('',(-16.585046899115,-16.6405506570554,3.95313179353312));
#2219=CARTESIAN_POINT('',(-16.5477043531634,-16.6302051846572,3.9901883543378));
#2220=CARTESIAN_POINT('',(-16.5226129366382,-16.6232537958197,4.01508761009144));
#2221=CARTESIAN_POINT('',(-16.4946532523819,-16.6197502880622,4.0388487538636));
#2222=CARTESIAN_POINT('',(-16.4650574634241,-16.6216364458908,4.05930371931724));
#2223=CARTESIAN_POINT('',(-16.4428141845754,-16.6230540237292,4.0746770381727));
#2224=CARTESIAN_POINT('',(-16.4191523720392,-16.6276130239667,4.08847992952926));
#2225=CARTESIAN_POINT('',(-16.3957331928631,-16.6361052764304,4.0990882097062));
#2226=CARTESIAN_POINT('',(-16.376878479796,-16.642942364199,4.10762890523473));
#2227=CARTESIAN_POINT('',(-16.3577593991888,-16.6525373317389,4.11425505935665));
#2228=CARTESIAN_POINT('',(-16.340030009346,-16.6646373318367,4.11805613651246));
#2229=CARTESIAN_POINT('',(-16.3222223228864,-16.6767907680131,4.1218740000035));
#2230=CARTESIAN_POINT('',(-16.3053448222662,-16.6918661592334,4.12289566295108));
#2231=CARTESIAN_POINT('',(-16.2911518634911,-16.7084229316543,4.12093888044245));
#2232=CARTESIAN_POINT('',(-16.2782981611521,-16.72341739671,4.11916674115096));
#2233=CARTESIAN_POINT('',(-16.2672847196143,-16.739983002106,4.11494626094199));
#2234=CARTESIAN_POINT('',(-16.2586548775872,-16.7567564089954,4.10883309713695));
#2235=CARTESIAN_POINT('',(-16.2495912607835,-16.7743729229547,4.10241265815172));
#2236=CARTESIAN_POINT('',(-16.242909540155,-16.7925985437984,4.0937989433433));
#2237=CARTESIAN_POINT('',(-16.2384634325147,-16.8103318268017,4.08382520025545));
#2238=CARTESIAN_POINT('',(-16.2315951707089,-16.8377258622582,4.06841795323131));
#2239=CARTESIAN_POINT('',(-16.2298124478285,-16.8646643984705,4.04939679956831));
#2240=CARTESIAN_POINT('',(-16.2316273276571,-16.8894137763131,4.02892330530626));
#2241=CARTESIAN_POINT('',(-16.2342387336949,-16.9250253213352,3.99946427133325));
#2242=CARTESIAN_POINT('',(-16.2442225575826,-16.9573229977153,3.96610426070892));
#2243=CARTESIAN_POINT('',(-16.2584392047693,-16.9850839996832,3.9318982674404));
#2244=CARTESIAN_POINT('',(-16.2783122956072,-17.0238904008419,3.88408257626536));
#2245=CARTESIAN_POINT('',(-16.3070227313539,-17.0552622913108,3.83299014438411));
#2246=CARTESIAN_POINT('',(-16.3407332233559,-17.0781014250513,3.78269905638777));
#2247=CARTESIAN_POINT('',(-16.37511351289,-17.1013943520919,3.73140872914484));
#2248=CARTESIAN_POINT('',(-16.4157845725444,-17.1167724806415,3.67910007157612));
#2249=CARTESIAN_POINT('',(-16.4613343401602,-17.1203589333216,3.63148055399586));
#2250=CARTESIAN_POINT('',(-16.4824887381158,-17.1220245674448,3.60936491481535));
#2251=CARTESIAN_POINT('',(-16.5050406566639,-17.1211261314687,3.58796347788433));
#2252=CARTESIAN_POINT('',(-16.5286389834009,-17.1165411894893,3.5689508066222));
#2253=CARTESIAN_POINT('',(-16.5483080906131,-17.1127196594139,3.55310382418082));
#2254=CARTESIAN_POINT('',(-16.5691454546384,-17.1062011456904,3.53860999953976));
#2255=CARTESIAN_POINT('',(-16.5899678350757,-17.0961121213732,3.52778203646298));
#2256=CARTESIAN_POINT('',(-16.6041678244059,-17.0892318303282,3.52039782020481));
#2257=CARTESIAN_POINT('',(-16.618645782629,-17.0804998678212,3.51463190256872));
#2258=CARTESIAN_POINT('',(-16.6322845704742,-17.0701283448878,3.51148234232201));
#2259=CARTESIAN_POINT('',(-16.6403278790052,-17.0640118659283,3.50962492763908));
#2260=CARTESIAN_POINT('',(-16.6481732595216,-17.0572607961978,3.50864840788639));
#2261=CARTESIAN_POINT('',(-16.6555276820023,-17.0500866434456,3.50863751958345));
#2262=CARTESIAN_POINT('',(-16.6555276820023,-17.0500866434456,3.50863751958345));
#2263=CARTESIAN_POINT('',(-15.7038241254189,-13.1770730317119,1.3));
#2264=CARTESIAN_POINT('',(-13.1770730317119,-15.7038241254189,1.3));
#2265=CARTESIAN_POINT('',(0.,0.,1.3));
#2266=CARTESIAN_POINT('',(-17.7534224695935,-10.249943241857,1.3));
#2267=CARTESIAN_POINT('',(-17.7534224695935,-10.249943241857,1.3));
#2268=CARTESIAN_POINT('',(16.6732229797942,6.78259798794401,1.3));
#2269=CARTESIAN_POINT('',(100.073911742165,45.6729778532391,0.));
#2270=CARTESIAN_POINT('',(-15.7038241254189,-13.1770730317119,1.3));
#2271=CARTESIAN_POINT('',(-15.7038241254189,-13.1770730317119,1.3));
#2272=CARTESIAN_POINT('',(-11.5701769743577,-13.7887999761416,1.3));
#2273=CARTESIAN_POINT('',(-13.1770730317119,-15.7038241254189,1.3));
#2274=CARTESIAN_POINT('',(0.,0.,1.3));
#2275=CARTESIAN_POINT('',(0.,0.,1.3));
#2276=CARTESIAN_POINT('',(0.,0.,1.3));
#2277=CARTESIAN_POINT('',(-23.782792705063,-1.81399648693831,11.));
#2278=CARTESIAN_POINT('',(-21.6375390190241,-9.90437689659463,11.));
#2279=CARTESIAN_POINT('',(-16.4809578594149,-16.8711302883145,11.));
#2280=CARTESIAN_POINT('',(-10.2488430816855,3.95621752764679,11.));
#2281=CARTESIAN_POINT('',(-3.1787493215333,-7.6800524059753,11.));
#2282=CARTESIAN_POINT('',(5.8811147794946,12.847750385487,11.));
#2283=CARTESIAN_POINT('',(9.22825918055591,-6.96360625803889,11.));
#2284=CARTESIAN_POINT('',(45.7243209119698,21.2818542166394,11.));
#2285=CARTESIAN_POINT('',(95.6359528688108,44.6930314272734,11.));
#2286=CARTESIAN_POINT('',(100.073911742165,45.6729778532391,-1.654462957641E-15));
#2287=CARTESIAN_POINT('',(16.6732229797942,6.78259798794401,-1.33518758602293E-15));
#2288=CARTESIAN_POINT('',(100.073911742165,45.6729778532391,-1.654462957641E-15));
#2289=CARTESIAN_POINT('',(16.6732229797942,6.78259798794401,1.3));
#2290=CARTESIAN_POINT('',(16.6732229797942,6.78259798794401,1.));
#2291=CARTESIAN_POINT('',(100.073911742165,45.6729778532391,1.));
#2292=CARTESIAN_POINT('',(100.073911742165,45.6729778532391,1.));
#2293=CARTESIAN_POINT('',(100.073911742165,45.6729778532391,0.));
#2294=CARTESIAN_POINT('',(100.073911742165,45.6729778532391,0.));
#2295=CARTESIAN_POINT('',(99.6938565740315,46.4880087914769,1.));
#2296=CARTESIAN_POINT('',(99.2286752186837,47.4855934273124,1.));
#2297=CARTESIAN_POINT('',(99.2286752186837,47.4855934273124,1.3));
#2298=CARTESIAN_POINT('',(99.2286752186837,47.4855934273124,-1.0842021724855E-15));
#2299=CARTESIAN_POINT('',(99.2286752186837,47.4855934273124,-1.45416151130943E-15));
#2300=CARTESIAN_POINT('',(99.6938565740315,46.4880087914769,0.));
#2301=CARTESIAN_POINT('',(0.,0.,1.));
#2302=CARTESIAN_POINT('',(-21.2079562269397,-12.2444192365854,1.));
#2303=CARTESIAN_POINT('',(-23.0119808048567,-8.37567604447305,1.));
#2304=CARTESIAN_POINT('',(-19.2635920556948,-7.01137411331978,1.));
#2305=CARTESIAN_POINT('',(-22.3821857103489,-8.14644937638533,1.));
#2306=CARTESIAN_POINT('',(0.,0.,1.));
#2307=CARTESIAN_POINT('',(-23.4567661055759,-4.13606074458085,1.));
#2308=CARTESIAN_POINT('',(-20.1884471450317,-3.55976793027586,1.));
#2309=CARTESIAN_POINT('',(-24.1167979906423,-4.25244217404593,1.));
#2310=CARTESIAN_POINT('',(0.,0.,1.));
#2311=CARTESIAN_POINT('',(-24.4888384731709,0.,1.));
#2312=CARTESIAN_POINT('',(-20.499886483714,0.,1.));
#2313=CARTESIAN_POINT('',(-22.9818212129121,0.,1.));
#2314=CARTESIAN_POINT('',(-20.499886483714,0.,1.));
#2315=CARTESIAN_POINT('',(-18.,0.,1.));
#2316=CARTESIAN_POINT('',(0.,0.,1.));
#2317=CARTESIAN_POINT('',(15.8178287368791,8.59047693965598,1.));
#2318=CARTESIAN_POINT('',(99.2286752186837,47.4855934273124,1.));
#2319=CARTESIAN_POINT('',(0.,0.,1.));
#2320=CARTESIAN_POINT('',(-11.5701769743577,-13.7887999761416,1.));
#2321=CARTESIAN_POINT('',(25.309560112314,30.1627591908293,1.));
#2322=CARTESIAN_POINT('',(-14.7724299236912,-17.6050964329052,1.));
#2323=CARTESIAN_POINT('',(-13.1770730317119,-15.7038241254189,1.));
#2324=CARTESIAN_POINT('',(-15.7411219461693,-18.7595386308108,1.));
#2325=CARTESIAN_POINT('',(0.,0.,1.));
#2326=CARTESIAN_POINT('',(-18.7595386308108,-15.7411219461693,1.));
#2327=CARTESIAN_POINT('',(-15.7038241254189,-13.1770730317119,1.));
#2328=CARTESIAN_POINT('',(-18.2461249657681,-15.3103167291905,1.));
#2329=CARTESIAN_POINT('',(0.,0.,1.));
#2330=CARTESIAN_POINT('',(-20.6275339282454,-11.9093122661906,1.));
#2331=CARTESIAN_POINT('',(-17.7534224695935,-10.249943241857,1.));
#2332=CARTESIAN_POINT('',(95.4725545397707,72.1040312995779,1.));
#2333=CARTESIAN_POINT('',(95.4725545397707,72.1040312995779,1.));
#2334=CARTESIAN_POINT('',(-37.85409619864,9.93279302410047,1.));
#2335=CARTESIAN_POINT('',(-37.85409619864,9.93279302410048,1.));
#2336=CARTESIAN_POINT('',(-16.7231831116051,-35.382596327732,1.));
#2337=CARTESIAN_POINT('',(-16.7231831116051,-35.382596327732,1.));
#2338=CARTESIAN_POINT('',(116.603467626806,26.7886419477454,1.));
#2339=CARTESIAN_POINT('',(116.603467626806,26.7886419477454,1.));
#2340=CARTESIAN_POINT('',(39.3746857140828,18.3607174859229,1.));
#2341=CARTESIAN_POINT('',(-19.2206871750239,-11.0970689145096,-2.32370671455672));
#2342=CARTESIAN_POINT('',(-18.6844389830333,-10.7874658765114,-0.957050657148963));
#2343=CARTESIAN_POINT('',(-19.2206871750239,-11.0970689145096,-2.32370671455672));
#2344=CARTESIAN_POINT('',(0.,0.,-0.957050657148963));
#2345=CARTESIAN_POINT('',(-20.2738041622751,-7.37906125041038,-0.957050657148963));
#2346=CARTESIAN_POINT('',(-20.8556675426348,-7.59084220127081,-2.32370671455672));
#2347=CARTESIAN_POINT('',(-20.8556675426348,-7.59084220127082,-2.32370671455672));
#2348=CARTESIAN_POINT('',(0.,0.,-2.32370671455672));
#2349=CARTESIAN_POINT('',(0.,0.,-2.32370671455672));
#2350=CARTESIAN_POINT('',(-17.7534224695935,-10.249943241857,1.3));
#2351=CARTESIAN_POINT('',(-14.8675921425032,-8.58380832567577,1.3));
#2352=CARTESIAN_POINT('',(0.,0.,1.3));
#2353=CARTESIAN_POINT('',(-15.5885194725886,-9.00003593224432,1.3));
#2354=CARTESIAN_POINT('',(-17.7534224695935,-10.249943241857,1.3));
#2355=CARTESIAN_POINT('',(-17.7534224695935,-10.249943241857,1.3));
#2356=CARTESIAN_POINT('',(-17.7534224695935,-10.249943241857,1.3));
#2357=CARTESIAN_POINT('',(-21.6335179087909,-9.65440923733801,-1.11346865186097));
#2358=CARTESIAN_POINT('',(-21.6784139803936,-9.65368701569729,-1.05966553808498));
#2359=CARTESIAN_POINT('',(-21.7191182137418,-9.66480602462933,-1.00153913434039));
#2360=CARTESIAN_POINT('',(-21.7539523046736,-9.68313506753811,-0.943559946725816));
#2361=CARTESIAN_POINT('',(-21.7910778891724,-9.70266985122522,-0.881766709946216));
#2362=CARTESIAN_POINT('',(-21.8226616312489,-9.7308664242806,-0.818381595371212));
#2363=CARTESIAN_POINT('',(-21.8464530170059,-9.76706359990682,-0.7575370775391));
#2364=CARTESIAN_POINT('',(-21.8594624174333,-9.7868566273863,-0.72426660290698));
#2365=CARTESIAN_POINT('',(-21.8703023374057,-9.80930301217272,-0.691347532641438));
#2366=CARTESIAN_POINT('',(-21.8777325796478,-9.83504397919658,-0.660523401908643));
#2367=CARTESIAN_POINT('',(-21.8839997873838,-9.85675578648502,-0.634524083946582));
#2368=CARTESIAN_POINT('',(-21.888003345904,-9.88123946450574,-0.609412795462708));
#2369=CARTESIAN_POINT('',(-21.8874973242425,-9.90894260052215,-0.588945133164242));
#2370=CARTESIAN_POINT('',(-21.8872461128692,-9.9226956537469,-0.578784086818792));
#2371=CARTESIAN_POINT('',(-21.8858330399989,-9.93747901329535,-0.5696766959098));
#2372=CARTESIAN_POINT('',(-21.8827936524582,-9.95285539470552,-0.562836706063467));
#2373=CARTESIAN_POINT('',(-21.8801988520441,-9.96598259231254,-0.556997237338831));
#2374=CARTESIAN_POINT('',(-21.8763184921785,-9.97983752740079,-0.552754228960375));
#2375=CARTESIAN_POINT('',(-21.8711602094747,-9.99337767958241,-0.550961995818461));
#2376=CARTESIAN_POINT('',(-21.8659749938397,-10.0069885289336,-0.549160404893213));
#2377=CARTESIAN_POINT('',(-21.859332229141,-10.0206270529509,-0.549852362219092));
#2378=CARTESIAN_POINT('',(-21.8519451171827,-10.0329460416972,-0.552862429376017));
#2379=CARTESIAN_POINT('',(-21.8452862232569,-10.0440506303102,-0.555575765524257));
#2380=CARTESIAN_POINT('',(-21.8378974116244,-10.0543711558035,-0.56015721058899));
#2381=CARTESIAN_POINT('',(-21.8303165614217,-10.0635523317193,-0.565923636573787));
#2382=CARTESIAN_POINT('',(-21.8176183079358,-10.0789312003107,-0.575582650655922));
#2383=CARTESIAN_POINT('',(-21.8040750149261,-10.0915962507349,-0.588701045124956));
#2384=CARTESIAN_POINT('',(-21.790725985933,-10.1019465126019,-0.603044242049094));
#2385=CARTESIAN_POINT('',(-21.7667323898948,-10.1205501130775,-0.628824759348961));
#2386=CARTESIAN_POINT('',(-21.7424960921942,-10.1326339172642,-0.659263288321782));
#2387=CARTESIAN_POINT('',(-21.7190076741356,-10.1407301454285,-0.690394735129933));
#2388=CARTESIAN_POINT('',(-21.6749639860415,-10.1559115742977,-0.748770047154665));
#2389=CARTESIAN_POINT('',(-21.6317580707088,-10.1577337411803,-0.811946394108192));
#2390=CARTESIAN_POINT('',(-21.5909741176905,-10.1500020377423,-0.874034148420782));
#2391=CARTESIAN_POINT('',(-21.5475155432657,-10.141763287341,-0.940193632531012));
#2392=CARTESIAN_POINT('',(-21.5054478370204,-10.1221096525467,-1.00739900089828));
#2393=CARTESIAN_POINT('',(-21.4695103385399,-10.0894886534734,-1.07047014056897));
#2394=CARTESIAN_POINT('',(-21.4489423733392,-10.0708188071536,-1.10656739443351));
#2395=CARTESIAN_POINT('',(-21.4300716671119,-10.0475149028199,-1.14192854733799));
#2396=CARTESIAN_POINT('',(-21.4153516652122,-10.0189752377959,-1.17423063945371));
#2397=CARTESIAN_POINT('',(-21.4041360163082,-9.99722993742644,-1.19884265557329));
#2398=CARTESIAN_POINT('',(-21.3951373447754,-9.97194833011572,-1.22216069488847));
#2399=CARTESIAN_POINT('',(-21.3906335306599,-9.94359015730608,-1.24165248544955));
#2400=CARTESIAN_POINT('',(-21.3875516753026,-9.92418531852834,-1.2549902648568));
#2401=CARTESIAN_POINT('',(-21.3865695164108,-9.90291689876476,-1.26676433506845));
#2402=CARTESIAN_POINT('',(-21.3886411913212,-9.88092756046843,-1.2754889625278));
#2403=CARTESIAN_POINT('',(-21.3903471355086,-9.86282019059911,-1.28267335590288));
#2404=CARTESIAN_POINT('',(-21.3942126362222,-9.84380870301709,-1.28790586055887));
#2405=CARTESIAN_POINT('',(-21.4003398260672,-9.82540511137619,-1.29038939768203));
#2406=CARTESIAN_POINT('',(-21.4064899054746,-9.80693276877919,-1.29288221264371));
#2407=CARTESIAN_POINT('',(-21.4151227497443,-9.78858588515075,-1.29262956346357));
#2408=CARTESIAN_POINT('',(-21.4253886428762,-9.77211874788427,-1.28967831413104));
#2409=CARTESIAN_POINT('',(-21.4348814598494,-9.75689167332428,-1.28694930951388));
#2410=CARTESIAN_POINT('',(-21.4459657269186,-9.74287173387521,-1.2818960986743));
#2411=CARTESIAN_POINT('',(-21.4576753353077,-9.73074206345346,-1.27517441683288));
#2412=CARTESIAN_POINT('',(-21.4738705208238,-9.71396590355105,-1.26587787327777));
#2413=CARTESIAN_POINT('',(-21.4916665758969,-9.70030466628727,-1.25318953720252));
#2414=CARTESIAN_POINT('',(-21.5093499826113,-9.68974332293118,-1.23884016611747));
#2415=CARTESIAN_POINT('',(-21.5350962750957,-9.67436645356049,-1.21794808853921));
#2416=CARTESIAN_POINT('',(-21.5613924094445,-9.66490343212564,-1.19297502679919));
#2417=CARTESIAN_POINT('',(-21.5862656867541,-9.65969129138269,-1.16670808448319));
#2418=CARTESIAN_POINT('',(-21.6024583408438,-9.65629815620928,-1.14960814603831));
#2419=CARTESIAN_POINT('',(-21.6182745409094,-9.6546544501133,-1.13173618902089));
#2420=CARTESIAN_POINT('',(-21.6335179087909,-9.65440923733801,-1.11346865186097));
#2421=CARTESIAN_POINT('',(-21.6335179087909,-9.65440923733801,-1.11346865186097));
#2422=CARTESIAN_POINT('',(-19.2635920556948,-7.01137411331978,1.3));
#2423=CARTESIAN_POINT('',(0.,0.,1.3));
#2424=CARTESIAN_POINT('',(-37.85409619864,9.93279302410048,11.));
#2425=CARTESIAN_POINT('',(-37.85409619864,9.93279302410048,-9.));
#2426=CARTESIAN_POINT('',(-37.85409619864,9.93279302410048,-9.));
#2427=CARTESIAN_POINT('',(-16.7231831116051,-35.382596327732,-9.));
#2428=CARTESIAN_POINT('',(-16.7231831116051,-35.382596327732,11.));
#2429=CARTESIAN_POINT('',(-37.85409619864,9.93279302410048,11.));
#2430=CARTESIAN_POINT('',(-16.7231831116051,-35.382596327732,-9.));
#2431=CARTESIAN_POINT('',(116.603467626806,26.7886419477454,-9.));
#2432=CARTESIAN_POINT('',(116.603467626806,26.7886419477454,11.));
#2433=CARTESIAN_POINT('',(-16.7231831116051,-35.382596327732,11.));
#2434=CARTESIAN_POINT('',(116.603467626806,26.7886419477454,-9.));
#2435=CARTESIAN_POINT('',(95.4725545397707,72.1040312995779,-9.));
#2436=CARTESIAN_POINT('',(95.4725545397707,72.1040312995779,11.));
#2437=CARTESIAN_POINT('',(116.603467626806,26.7886419477454,11.));
#2438=CARTESIAN_POINT('',(95.6359528688108,44.6930314272734,-9.));
#2439=CARTESIAN_POINT('',(95.8859528688108,44.6930314272734,-9.));
#2440=CARTESIAN_POINT('',(45.7243209119698,21.2818542166394,-9.));
#2441=CARTESIAN_POINT('',(45.9743209119698,21.2818542166394,-9.));
#2442=CARTESIAN_POINT('',(9.22825918055591,-6.96360625803889,-9.));
#2443=CARTESIAN_POINT('',(9.47825918055591,-6.96360625803889,-9.));
#2444=CARTESIAN_POINT('',(5.8811147794946,12.847750385487,-9.));
#2445=CARTESIAN_POINT('',(6.1311147794946,12.847750385487,-9.));
#2446=CARTESIAN_POINT('',(-3.1787493215333,-7.6800524059753,-9.));
#2447=CARTESIAN_POINT('',(-2.9287493215333,-7.6800524059753,-9.));
#2448=CARTESIAN_POINT('',(-10.2488430816855,3.95621752764679,-9.));
#2449=CARTESIAN_POINT('',(-9.9988430816855,3.95621752764679,-9.));
#2450=CARTESIAN_POINT('',(-16.4809578594149,-16.8711302883145,-9.));
#2451=CARTESIAN_POINT('',(-16.2309578594149,-16.8711302883145,-9.));
#2452=CARTESIAN_POINT('',(-21.6375390190241,-9.90437689659463,-9.));
#2453=CARTESIAN_POINT('',(-21.3875390190241,-9.90437689659463,-9.));
#2454=CARTESIAN_POINT('',(-23.782792705063,-1.81399648693831,-9.));
#2455=CARTESIAN_POINT('',(-23.532792705063,-1.81399648693831,-9.));
#2456=CARTESIAN_POINT('',(95.4725545397707,72.1040312995779,-9.));
#2457=CARTESIAN_POINT('',(0.,0.,-9.));
#2458=CARTESIAN_POINT('',(-14.2661168041689,-17.0016959537369,-2.32370671455672));
#2459=CARTESIAN_POINT('',(-13.8680988106758,-16.5273565800743,-0.957050657148963));
#2460=CARTESIAN_POINT('',(-14.2661168041689,-17.0016959537369,-2.32370671455672));
#2461=CARTESIAN_POINT('',(0.,0.,-0.957050657148963));
#2462=CARTESIAN_POINT('',(-16.5273565800743,-13.8680988106758,-0.957050657148963));
#2463=CARTESIAN_POINT('',(-17.0016959537369,-14.2661168041689,-2.32370671455672));
#2464=CARTESIAN_POINT('',(-17.0016959537369,-14.2661168041689,-2.32370671455672));
#2465=CARTESIAN_POINT('',(0.,0.,-2.32370671455672));
#2466=CARTESIAN_POINT('',(0.,0.,-2.32370671455672));
#2467=CARTESIAN_POINT('',(-15.7038241254189,-13.1770730317119,1.3));
#2468=CARTESIAN_POINT('',(-13.7886253029536,-11.5703895504139,1.3));
#2469=CARTESIAN_POINT('',(0.,0.,1.3));
#2470=CARTESIAN_POINT('',(-13.1511573373647,-11.0351312713371,1.3));
#2471=CARTESIAN_POINT('',(-15.7038241254189,-13.1770730317119,1.3));
#2472=CARTESIAN_POINT('',(-15.7038241254189,-13.1770730317119,1.3));
#2473=CARTESIAN_POINT('',(-15.7038241254189,-13.1770730317119,1.3));
#2474=CARTESIAN_POINT('',(-13.1770730317119,-15.7038241254189,1.3));
#2475=CARTESIAN_POINT('',(-13.1770730317119,-15.7038241254189,1.3));
#2476=CARTESIAN_POINT('',(-13.1770730317119,-15.7038241254189,1.3));
#2477=CARTESIAN_POINT('',(-16.3682827062756,-16.6479614959957,-1.51007996633888));
#2478=CARTESIAN_POINT('',(-16.3919272213663,-16.636023673764,-1.50190966387421));
#2479=CARTESIAN_POINT('',(-16.4167042387789,-16.6283616254127,-1.48972840310904));
#2480=CARTESIAN_POINT('',(-16.4401584388315,-16.6244819409046,-1.47547438318873));
#2481=CARTESIAN_POINT('',(-16.4695093459107,-16.6196268505907,-1.4576367074953));
#2482=CARTESIAN_POINT('',(-16.4978213526508,-16.620348440702,-1.43604453052143));
#2483=CARTESIAN_POINT('',(-16.5234415327855,-16.6247664567626,-1.4130811286301));
#2484=CARTESIAN_POINT('',(-16.5603556977886,-16.6311320394005,-1.37999491292088));
#2485=CARTESIAN_POINT('',(-16.5929808609879,-16.6452232138731,-1.34302446649654));
#2486=CARTESIAN_POINT('',(-16.6203055468459,-16.6635677145984,-1.30541177281409));
#2487=CARTESIAN_POINT('',(-16.6572363580253,-16.6883613131777,-1.2545761549572));
#2488=CARTESIAN_POINT('',(-16.6858709758264,-16.7216815941417,-1.20080966512033));
#2489=CARTESIAN_POINT('',(-16.7048681989812,-16.7599360445997,-1.14847831772376));
#2490=CARTESIAN_POINT('',(-16.7210449432541,-16.7925109350096,-1.10391649848361));
#2491=CARTESIAN_POINT('',(-16.7308046094174,-16.8295680411171,-1.05904457228865));
#2492=CARTESIAN_POINT('',(-16.7309561211944,-16.8701980290949,-1.01832912809874));
#2493=CARTESIAN_POINT('',(-16.7310340470597,-16.8910949325262,-0.997388272643311));
#2494=CARTESIAN_POINT('',(-16.7285282510619,-16.9132795809129,-0.977255715488952));
#2495=CARTESIAN_POINT('',(-16.7223191288493,-16.9362819392299,-0.959718772030453));
#2496=CARTESIAN_POINT('',(-16.7173813231236,-16.9545745694464,-0.945772514112336));
#2497=CARTESIAN_POINT('',(-16.7099389315692,-16.9737825869903,-0.933220299381552));
#2498=CARTESIAN_POINT('',(-16.6993967343054,-16.9927216446544,-0.924072921222127));
#2499=CARTESIAN_POINT('',(-16.6917309363839,-17.0064932508238,-0.917421371196318));
#2500=CARTESIAN_POINT('',(-16.6822140339068,-17.0204062214174,-0.912494492987179));
#2501=CARTESIAN_POINT('',(-16.6712175104625,-17.0333069363969,-0.910189555426272));
#2502=CARTESIAN_POINT('',(-16.6601672979682,-17.0462706373861,-0.907873364317052));
#2503=CARTESIAN_POINT('',(-16.6473009875277,-17.0585256460959,-0.908209816205055));
#2504=CARTESIAN_POINT('',(-16.6338985835548,-17.0688905848848,-0.911120673880665));
#2505=CARTESIAN_POINT('',(-16.621639721452,-17.0783711493845,-0.913783166588562));
#2506=CARTESIAN_POINT('',(-16.6086666251414,-17.0865342506451,-0.918591069053081));
#2507=CARTESIAN_POINT('',(-16.5958453332009,-17.0931682768819,-0.92482435386713));
#2508=CARTESIAN_POINT('',(-16.5761473649668,-17.1033604508596,-0.934400849498827));
#2509=CARTESIAN_POINT('',(-16.5562863438593,-17.1102935023944,-0.94750037878214));
#2510=CARTESIAN_POINT('',(-16.5374622207068,-17.1146611018782,-0.961997830069093));
#2511=CARTESIAN_POINT('',(-16.5070387694983,-17.1217199937436,-0.985428536418749));
#2512=CARTESIAN_POINT('',(-16.4782123213808,-17.1225329535803,-1.01314704170896));
#2513=CARTESIAN_POINT('',(-16.4517335654586,-17.1194162940473,-1.04167026480895));
#2514=CARTESIAN_POINT('',(-16.4093699159752,-17.1144299165755,-1.08730487955796));
#2515=CARTESIAN_POINT('',(-16.3713917048544,-17.0992535925094,-1.13669254664402));
#2516=CARTESIAN_POINT('',(-16.3390333237485,-17.076939486787,-1.18524228072309));
#2517=CARTESIAN_POINT('',(-16.3055596370648,-17.0538562743995,-1.23546539237452));
#2518=CARTESIAN_POINT('',(-16.2770948756964,-17.0222716580798,-1.28645423671228));
#2519=CARTESIAN_POINT('',(-16.2575220711727,-16.9832750542762,-1.33411820164526));
#2520=CARTESIAN_POINT('',(-16.244375476278,-16.9570819478229,-1.36613297179708));
#2521=CARTESIAN_POINT('',(-16.2350093539819,-16.9269398202733,-1.39733459234321));
#2522=CARTESIAN_POINT('',(-16.2319905491475,-16.8938300332073,-1.42523595626484));
#2523=CARTESIAN_POINT('',(-16.2297789140131,-16.8695731592516,-1.44567703812647));
#2524=CARTESIAN_POINT('',(-16.2309909586347,-16.8431842121807,-1.46475359038198));
#2525=CARTESIAN_POINT('',(-16.2370646636653,-16.8162111744556,-1.48045997235948));
#2526=CARTESIAN_POINT('',(-16.241677378661,-16.7957263246039,-1.49238828684159));
#2527=CARTESIAN_POINT('',(-16.2492580041281,-16.7744525071456,-1.50259713621763));
#2528=CARTESIAN_POINT('',(-16.2600509468006,-16.7540827084198,-1.50979259227025));
#2529=CARTESIAN_POINT('',(-16.2709218115663,-16.7335658453203,-1.51703999754696));
#2530=CARTESIAN_POINT('',(-16.2855102582473,-16.7133595411882,-1.52135651904868));
#2531=CARTESIAN_POINT('',(-16.3025451787717,-16.6960048607327,-1.52187498260579));
#2532=CARTESIAN_POINT('',(-16.316979985312,-16.6812991006099,-1.522314310816));
#2533=CARTESIAN_POINT('',(-16.3335473988562,-16.6682166322614,-1.52006694101619));
#2534=CARTESIAN_POINT('',(-16.3506988974509,-16.6577465897148,-1.51548214713321));
#2535=CARTESIAN_POINT('',(-16.3564783438505,-16.6542185569098,-1.51393723428765));
#2536=CARTESIAN_POINT('',(-16.3623583433063,-16.6509526305006,-1.51212711344393));
#2537=CARTESIAN_POINT('',(-16.3682827062756,-16.6479614959957,-1.51007996633888));
#2538=CARTESIAN_POINT('',(-16.3682827062756,-16.6479614959957,-1.51007996633888));
#2539=CARTESIAN_POINT('',(0.,0.,1.3));
#2540=CARTESIAN_POINT('',(-21.8569590054397,-3.85397158889788,-2.32370671455672));
#2541=CARTESIAN_POINT('',(-21.2471600610862,-3.7464475822008,-0.957050657148963));
#2542=CARTESIAN_POINT('',(-21.8569590054397,-3.85397158889788,-2.32370671455672));
#2543=CARTESIAN_POINT('',(0.,0.,-0.957050657148963));
#2544=CARTESIAN_POINT('',(-21.5749317530228,0.,-0.957050657148961));
#2545=CARTESIAN_POINT('',(-22.1941378290193,0.,-2.32370671455672));
#2546=CARTESIAN_POINT('',(-22.1941378290193,0.,-2.32370671455672));
#2547=CARTESIAN_POINT('',(0.,0.,-2.32370671455672));
#2548=CARTESIAN_POINT('',(0.,0.,-2.32370671455672));
#2549=CARTESIAN_POINT('',(15.8178287368791,8.59047693965599,1.3));
#2550=CARTESIAN_POINT('',(15.8178287368791,8.59047693965598,-1.0842021724855E-15));
#2551=CARTESIAN_POINT('',(99.2286752186837,47.4855934273124,-1.0842021724855E-15));
#2552=CARTESIAN_POINT('',(99.2286752186837,47.4855934273124,1.3));
#2553=CARTESIAN_POINT('',(-20.4998864837139,0.,1.3));
#2554=CARTESIAN_POINT('',(-20.499886483714,0.,1.3));
#2555=CARTESIAN_POINT('',(-20.499886483714,0.,1.3));
#2556=CARTESIAN_POINT('',(-23.6167092772104,-2.00085551131963,-1.09845514091238));
#2557=CARTESIAN_POINT('',(-23.5951149597773,-1.98166212061609,-1.12933884235759));
#2558=CARTESIAN_POINT('',(-23.5743849396702,-1.95655465554311,-1.15870344207158));
#2559=CARTESIAN_POINT('',(-23.5586768737214,-1.92477597123998,-1.18176587245452));
#2560=CARTESIAN_POINT('',(-23.5505866059524,-1.908408707046,-1.19364392528491));
#2561=CARTESIAN_POINT('',(-23.5437285236173,-1.88992339859897,-1.20402376424422));
#2562=CARTESIAN_POINT('',(-23.5391536886508,-1.87003245468862,-1.2116296267329));
#2563=CARTESIAN_POINT('',(-23.5345420452637,-1.8499814712938,-1.21929668482481));
#2564=CARTESIAN_POINT('',(-23.5322155606421,-1.8278443596168,-1.2242599716272));
#2565=CARTESIAN_POINT('',(-23.5329228234542,-1.80593160846242,-1.22545332227747));
#2566=CARTESIAN_POINT('',(-23.5335322935984,-1.78704871602719,-1.22648166928));
#2567=CARTESIAN_POINT('',(-23.5364028376371,-1.76781670343183,-1.22474952225048));
#2568=CARTESIAN_POINT('',(-23.5411283287738,-1.74997829239377,-1.22057179520226));
#2569=CARTESIAN_POINT('',(-23.5455821270309,-1.73316550369249,-1.21663426724849));
#2570=CARTESIAN_POINT('',(-23.5517419568451,-1.71716967164001,-1.21048752775001));
#2571=CARTESIAN_POINT('',(-23.5589165587921,-1.70273341520797,-1.20286323130073));
#2572=CARTESIAN_POINT('',(-23.5696916120261,-1.68105257037426,-1.19141281206903));
#2573=CARTESIAN_POINT('',(-23.5829910499548,-1.66226996766348,-1.17638258259044));
#2574=CARTESIAN_POINT('',(-23.5970577359724,-1.64665694810512,-1.15978032761606));
#2575=CARTESIAN_POINT('',(-23.618430899902,-1.62293425847944,-1.13455457673735));
#2576=CARTESIAN_POINT('',(-23.6421862652929,-1.6055718808788,-1.10499041065287));
#2577=CARTESIAN_POINT('',(-23.6657477674966,-1.59308817430597,-1.07425070780875));
#2578=CARTESIAN_POINT('',(-23.7042303523744,-1.57269875712765,-1.0240440947672));
#2579=CARTESIAN_POINT('',(-23.7435107413473,-1.56436660867634,-0.969017856356482));
#2580=CARTESIAN_POINT('',(-23.7803620698393,-1.56400830319274,-0.913707885551851));
#2581=CARTESIAN_POINT('',(-23.8332483300443,-1.56349409006083,-0.834331167598839));
#2582=CARTESIAN_POINT('',(-23.8831943495201,-1.57906440170127,-0.751309350373415));
#2583=CARTESIAN_POINT('',(-23.9263157481416,-1.60929881693334,-0.671783823634483));
#2584=CARTESIAN_POINT('',(-23.9461742123758,-1.62322250848139,-0.635160363381972));
#2585=CARTESIAN_POINT('',(-23.9648585606615,-1.64049620093063,-0.598807965360094));
#2586=CARTESIAN_POINT('',(-23.9814833613772,-1.66226638744115,-0.564468766048083));
#2587=CARTESIAN_POINT('',(-23.9955766398772,-1.68072154409138,-0.535358528419187));
#2588=CARTESIAN_POINT('',(-24.0085191173166,-1.70270478250632,-0.506993527260306));
#2589=CARTESIAN_POINT('',(-24.0182499048641,-1.72997323383634,-0.483576384470471));
#2590=CARTESIAN_POINT('',(-24.0225796749513,-1.74210648865411,-0.473156791618112));
#2591=CARTESIAN_POINT('',(-24.0262992395214,-1.7554902453059,-0.463642232727253));
#2592=CARTESIAN_POINT('',(-24.0288978059441,-1.7700387877229,-0.456151033705911));
#2593=CARTESIAN_POINT('',(-24.0315227875997,-1.78473522058223,-0.448583684324964));
#2594=CARTESIAN_POINT('',(-24.0330126401353,-1.80112019929152,-0.442991537645966));
#2595=CARTESIAN_POINT('',(-24.0327648846692,-1.81772602081165,-0.440911693179451));
#2596=CARTESIAN_POINT('',(-24.0325483789387,-1.83223732737329,-0.439094182337392));
#2597=CARTESIAN_POINT('',(-24.0309706139641,-1.84732262769294,-0.439969674092967));
#2598=CARTESIAN_POINT('',(-24.0282747983855,-1.86130971825896,-0.443289631077912));
#2599=CARTESIAN_POINT('',(-24.0259732516896,-1.8732511664549,-0.446124037144086));
#2600=CARTESIAN_POINT('',(-24.022843769208,-1.88470135003843,-0.450714355018546));
#2601=CARTESIAN_POINT('',(-24.0192304269665,-1.89521965888495,-0.456392215250463));
#2602=CARTESIAN_POINT('',(-24.0129281374689,-1.9135653961404,-0.466295378725494));
#2603=CARTESIAN_POINT('',(-24.0050419110041,-1.92962337740334,-0.479637478828569));
#2604=CARTESIAN_POINT('',(-23.9966187797134,-1.94352798812463,-0.494131278714082));
#2605=CARTESIAN_POINT('',(-23.9808921130388,-1.96948901977773,-0.521192374140901));
#2606=CARTESIAN_POINT('',(-23.962807675279,-1.98919725226259,-0.553018988635897));
#2607=CARTESIAN_POINT('',(-23.9440814266645,-2.00500944012251,-0.585467539031837));
#2608=CARTESIAN_POINT('',(-23.9072085625926,-2.03614438154299,-0.649360260564596));
#2609=CARTESIAN_POINT('',(-23.8663160836975,-2.05347592906215,-0.718349599301251));
#2610=CARTESIAN_POINT('',(-23.824167188724,-2.06054902110048,-0.786060119669309));
#2611=CARTESIAN_POINT('',(-23.7788857893621,-2.0681477850897,-0.858802883523723));
#2612=CARTESIAN_POINT('',(-23.7305686602811,-2.06379399104453,-0.93267071657667));
#2613=CARTESIAN_POINT('',(-23.6835348971929,-2.04344776188971,-1.00176132465364));
#2614=CARTESIAN_POINT('',(-23.6607496021373,-2.03359112265608,-1.03523195909235));
#2615=CARTESIAN_POINT('',(-23.6379879845992,-2.01976838253423,-1.0680228177713));
#2616=CARTESIAN_POINT('',(-23.6167092772104,-2.00085551131963,-1.09845514091238));
#2617=CARTESIAN_POINT('',(-23.6167092772104,-2.00085551131963,-1.09845514091238));
#2618=CARTESIAN_POINT('',(-20.1884471450317,-3.55976793027586,1.3));
#2619=CARTESIAN_POINT('',(0.,0.,1.3));
#2620=CARTESIAN_POINT('',(-20.1884471450317,-3.55976793027586,1.3));
#2621=CARTESIAN_POINT('',(-16.9068019789925,-2.98112534639165,1.3));
#2622=CARTESIAN_POINT('',(0.,0.,1.3));
#2623=CARTESIAN_POINT('',(-17.7265918647757,-3.12567642974238,1.3));
#2624=CARTESIAN_POINT('',(-20.1884471450317,-3.55976793027586,1.3));
#2625=CARTESIAN_POINT('',(-20.1884471450317,-3.55976793027586,1.3));
#2626=CARTESIAN_POINT('',(-19.2635920556948,-7.01137411331978,1.3));
#2627=CARTESIAN_POINT('',(-16.914282620147,-6.15697294298435,1.3));
#2628=CARTESIAN_POINT('',(-2.96655185941995E-16,8.15053424739743E-16,1.3));
#2629=CARTESIAN_POINT('',(-16.1322826837564,-5.87167070765539,1.3));
#2630=CARTESIAN_POINT('',(-19.2635920556948,-7.01137411331978,1.3));
#2631=CARTESIAN_POINT('',(-19.2635920556948,-7.01137411331978,1.3));
#2632=CARTESIAN_POINT('',(95.4725545397707,72.1040312995779,11.));
#2633=CARTESIAN_POINT('',(0.,0.,1.3));
#2634=CARTESIAN_POINT('',(0.,0.,1.3));
#2635=CARTESIAN_POINT('',(0.,0.,1.3));
#2636=CARTESIAN_POINT('',(0.,0.,1.3));
#2637=CARTESIAN_POINT('',(-16.9142494083501,-6.15696085354848,1.3));
#2638=CARTESIAN_POINT('',(-16.5561245356359,-7.1407925784052,1.3));
#2639=CARTESIAN_POINT('',(-16.1119499261382,-8.09328412110343,1.3));
#2640=CARTESIAN_POINT('',(-15.588457258748,-9.00000001623254,1.3));
#2641=CARTESIAN_POINT('',(0.,0.,1.3));
#2642=CARTESIAN_POINT('',(-17.9999999940745,-0.000461863331821546,1.3));
#2643=CARTESIAN_POINT('',(-17.9999731279053,-1.04750546285675,1.3));
#2644=CARTESIAN_POINT('',(-17.9083567661868,-2.09453055241463,1.3));
#2645=CARTESIAN_POINT('',(-17.726539552596,-3.12566720721357,1.3));
#2646=CARTESIAN_POINT('',(-18.0000618360665,-0.000230932459309948,1.3));
#2647=CARTESIAN_POINT('',(-20.4998864837139,0.,1.3));
#2648=CARTESIAN_POINT('',(0.,0.,1.3));
#2649=CARTESIAN_POINT('',(-18.,0.,1.3));
#2650=CARTESIAN_POINT('',(0.,0.,1.3));
#2651=CARTESIAN_POINT('',(0.,0.,1.3));
#2652=CARTESIAN_POINT('',(-13.7886231305311,-11.5703877274784,1.3));
#2653=CARTESIAN_POINT('',(-13.1155442072169,-12.3725070539243,1.3));
#2654=CARTESIAN_POINT('',(-12.3723065867817,-13.1157333143651,1.3));
#2655=CARTESIAN_POINT('',(-11.5701769726951,-13.7887999775367,1.3));
#2656=CARTESIAN_POINT('',(-11.5701719107769,-13.7887939428753,1.3));
#2657=CARTESIAN_POINT('',(-11.5701769743577,-13.7887999761416,1.3));
#2658=CARTESIAN_POINT('',(0.,0.,-1.0842021724855E-15));
#2659=CARTESIAN_POINT('',(0.,0.,1.3));
#2660=CARTESIAN_POINT('',(-22.6967781427021,0.,-0.357621291915659));
#2661=CARTESIAN_POINT('',(0.,0.,1.3));
#2662=CARTESIAN_POINT('',(0.,0.,1.3));
#2663=CARTESIAN_POINT('',(-13.1770730317119,-15.7038241254189,1.3));
#2664=CARTESIAN_POINT('',(0.,0.,1.3));
#2665=CARTESIAN_POINT('',(-14.5892077699332,-17.3867407729212,-0.357621291915659));
#2666=CARTESIAN_POINT('',(95.6359528688108,44.6930314272734,0.));
#2667=CARTESIAN_POINT('',(95.8859528688108,44.6930314272734,0.));
#2668=CARTESIAN_POINT('',(45.7243209119698,21.2818542166394,0.));
#2669=CARTESIAN_POINT('',(45.9743209119698,21.2818542166394,0.));
#2670=CARTESIAN_POINT('',(9.22825918055591,-6.96360625803889,0.));
#2671=CARTESIAN_POINT('',(9.47825918055591,-6.96360625803889,0.));
#2672=CARTESIAN_POINT('',(5.8811147794946,12.847750385487,0.));
#2673=CARTESIAN_POINT('',(6.1311147794946,12.847750385487,0.));
#2674=CARTESIAN_POINT('',(-3.1787493215333,-7.6800524059753,0.));
#2675=CARTESIAN_POINT('',(-2.9287493215333,-7.6800524059753,0.));
#2676=CARTESIAN_POINT('',(-10.2488430816855,3.95621752764679,0.));
#2677=CARTESIAN_POINT('',(-9.9988430816855,3.95621752764679,0.));
#2678=CARTESIAN_POINT('',(0.,0.,0.));
#2679=CARTESIAN_POINT('',(-23.782792705063,-1.81399648693831,11.));
#2680=CARTESIAN_POINT('',(-21.6375390190241,-9.90437689659463,11.));
#2681=CARTESIAN_POINT('',(-16.4809578594149,-16.8711302883145,11.));
#2682=CARTESIAN_POINT('',(-10.2488430816855,3.95621752764679,11.));
#2683=CARTESIAN_POINT('',(-3.1787493215333,-7.6800524059753,11.));
#2684=CARTESIAN_POINT('',(5.8811147794946,12.847750385487,11.));
#2685=CARTESIAN_POINT('',(9.22825918055591,-6.96360625803889,11.));
#2686=CARTESIAN_POINT('',(45.7243209119698,21.2818542166394,11.));
#2687=CARTESIAN_POINT('',(95.6359528688108,44.6930314272734,11.));
#2688=MECHANICAL_DESIGN_GEOMETRIC_PRESENTATION_REPRESENTATION('',(#27,#28),
#2689);
#2689=(
GEOMETRIC_REPRESENTATION_CONTEXT(3)
GLOBAL_UNCERTAINTY_ASSIGNED_CONTEXT((#2690))
GLOBAL_UNIT_ASSIGNED_CONTEXT((#2696,#2692,#2691))
REPRESENTATION_CONTEXT('Drawsting_mold','TOP_LEVEL_ASSEMBLY_PART')
);
#2690=UNCERTAINTY_MEASURE_WITH_UNIT(LENGTH_MEASURE(0.0508),#2696,
'DISTANCE_ACCURACY_VALUE','Maximum Tolerance applied to model');
#2691=(
NAMED_UNIT(*)
SI_UNIT($,.STERADIAN.)
SOLID_ANGLE_UNIT()
);
#2692=(
CONVERSION_BASED_UNIT('DEGREE',#2694)
NAMED_UNIT(#2693)
PLANE_ANGLE_UNIT()
);
#2693=DIMENSIONAL_EXPONENTS(0.,0.,0.,0.,0.,0.,0.);
#2694=PLANE_ANGLE_MEASURE_WITH_UNIT(PLANE_ANGLE_MEASURE(0.0174532925),#2695);
#2695=(
NAMED_UNIT(*)
PLANE_ANGLE_UNIT()
SI_UNIT($,.RADIAN.)
);
#2696=(
LENGTH_UNIT()
NAMED_UNIT(*)
SI_UNIT(.MILLI.,.METRE.)
);
ENDSEC;
END-ISO-10303-21;
