ISO-10303-21;
HEADER;
/* Generated by software containing ST-Developer
 * from STEP Tools, Inc. (www.steptools.com) 
 */
/* OPTION: using custom schema-name function */

FILE_DESCRIPTION(
/* description */ (''),
/* implementation_level */ '2;1');

FILE_NAME(
/* name */ 'menstrual_cup_medium_drawstring.stp',
/* time_stamp */ '2026-09-08T16:07:39+02:00',
/* author */ (''),
/* organization */ (''),
/* preprocessor_version */ 'ST-DEVELOPER v20',
/* originating_system */ 'SIEMENS PLM Software NX2406.3002',
/* authorisation */ '');

FILE_SCHEMA (('AUTOMOTIVE_DESIGN { 1 0 10303 214 3 1 1 1 }'));
ENDSEC;

DATA;
#10=SHAPE_REPRESENTATION_RELATIONSHIP('None',
'relationship between menstrual_cup_medium_drawstring-None and menstru
al_cup_medium_drawstring-None',#22,#11);
#11=ADVANCED_BREP_SHAPE_REPRESENTATION(
'menstrual_cup_medium_drawstring-None',(#820,#821,#822,#823,#824,#825,#826),
#5436);
#12=SHAPE_DEFINITION_REPRESENTATION(#13,#22);
#13=PRODUCT_DEFINITION_SHAPE('','',#14);
#14=PRODUCT_DEFINITION(' ','',#16,#15);
#15=PRODUCT_DEFINITION_CONTEXT('part definition',#21,'design');
#16=PRODUCT_DEFINITION_FORMATION_WITH_SPECIFIED_SOURCE(' ',' ',#18,
 .NOT_KNOWN.);
#17=PRODUCT_RELATED_PRODUCT_CATEGORY('part','',(#18));
#18=PRODUCT('menstrual_cup_medium_drawstring',
'menstrual_cup_medium_drawstring',' ',(#19));
#19=PRODUCT_CONTEXT(' ',#21,'mechanical');
#20=APPLICATION_PROTOCOL_DEFINITION('international standard',
'automotive_design',2010,#21);
#21=APPLICATION_CONTEXT(
'core data for automotive mechanical design processes');
#22=SHAPE_REPRESENTATION('menstrual_cup_medium_drawstring-None',(#3067),
#5436);
#23=SURFACE_OF_LINEAR_EXTRUSION('',#1154,#3060);
#24=SURFACE_OF_LINEAR_EXTRUSION('',#1164,#3066);
#25=OVER_RIDING_STYLED_ITEM('',(#140),#1165,#132);
#26=OVER_RIDING_STYLED_ITEM('',(#141),#1166,#132);
#27=OVER_RIDING_STYLED_ITEM('',(#142),#1167,#132);
#28=OVER_RIDING_STYLED_ITEM('',(#143),#1168,#132);
#29=OVER_RIDING_STYLED_ITEM('',(#144),#1169,#132);
#30=OVER_RIDING_STYLED_ITEM('',(#145),#1170,#132);
#31=OVER_RIDING_STYLED_ITEM('',(#146),#1171,#132);
#32=OVER_RIDING_STYLED_ITEM('',(#147),#1172,#132);
#33=OVER_RIDING_STYLED_ITEM('',(#148),#1173,#132);
#34=OVER_RIDING_STYLED_ITEM('',(#149),#1174,#132);
#35=OVER_RIDING_STYLED_ITEM('',(#150),#1175,#132);
#36=OVER_RIDING_STYLED_ITEM('',(#151),#1176,#132);
#37=OVER_RIDING_STYLED_ITEM('',(#152),#1177,#132);
#38=OVER_RIDING_STYLED_ITEM('',(#153),#1178,#132);
#39=OVER_RIDING_STYLED_ITEM('',(#154),#1179,#132);
#40=OVER_RIDING_STYLED_ITEM('',(#155),#1180,#132);
#41=OVER_RIDING_STYLED_ITEM('',(#156),#1181,#132);
#42=OVER_RIDING_STYLED_ITEM('',(#157),#1182,#132);
#43=OVER_RIDING_STYLED_ITEM('',(#158),#1183,#132);
#44=OVER_RIDING_STYLED_ITEM('',(#159),#1184,#132);
#45=OVER_RIDING_STYLED_ITEM('',(#160),#1185,#132);
#46=OVER_RIDING_STYLED_ITEM('',(#161),#1186,#132);
#47=OVER_RIDING_STYLED_ITEM('',(#162),#1187,#132);
#48=OVER_RIDING_STYLED_ITEM('',(#163),#1188,#132);
#49=OVER_RIDING_STYLED_ITEM('',(#164),#1189,#132);
#50=OVER_RIDING_STYLED_ITEM('',(#165),#1190,#132);
#51=OVER_RIDING_STYLED_ITEM('',(#166),#1191,#132);
#52=OVER_RIDING_STYLED_ITEM('',(#167),#1192,#132);
#53=OVER_RIDING_STYLED_ITEM('',(#168),#1193,#132);
#54=OVER_RIDING_STYLED_ITEM('',(#169),#1194,#132);
#55=OVER_RIDING_STYLED_ITEM('',(#170),#1195,#132);
#56=OVER_RIDING_STYLED_ITEM('',(#171),#1196,#132);
#57=OVER_RIDING_STYLED_ITEM('',(#172),#1197,#132);
#58=OVER_RIDING_STYLED_ITEM('',(#173),#1198,#132);
#59=OVER_RIDING_STYLED_ITEM('',(#174),#1199,#132);
#60=OVER_RIDING_STYLED_ITEM('',(#175),#1208,#132);
#61=OVER_RIDING_STYLED_ITEM('',(#176),#1209,#132);
#62=OVER_RIDING_STYLED_ITEM('',(#177),#1210,#132);
#63=OVER_RIDING_STYLED_ITEM('',(#178),#1211,#132);
#64=OVER_RIDING_STYLED_ITEM('',(#179),#1212,#132);
#65=OVER_RIDING_STYLED_ITEM('',(#180),#1213,#132);
#66=OVER_RIDING_STYLED_ITEM('',(#181),#1214,#132);
#67=OVER_RIDING_STYLED_ITEM('',(#182),#1215,#132);
#68=OVER_RIDING_STYLED_ITEM('',(#183),#1216,#132);
#69=OVER_RIDING_STYLED_ITEM('',(#184),#1217,#132);
#70=OVER_RIDING_STYLED_ITEM('',(#185),#1218,#132);
#71=OVER_RIDING_STYLED_ITEM('',(#186),#1219,#132);
#72=OVER_RIDING_STYLED_ITEM('',(#187),#1220,#132);
#73=OVER_RIDING_STYLED_ITEM('',(#188),#1221,#132);
#74=OVER_RIDING_STYLED_ITEM('',(#189),#1222,#132);
#75=OVER_RIDING_STYLED_ITEM('',(#190),#1223,#132);
#76=OVER_RIDING_STYLED_ITEM('',(#191),#1224,#132);
#77=OVER_RIDING_STYLED_ITEM('',(#192),#1225,#132);
#78=OVER_RIDING_STYLED_ITEM('',(#193),#1226,#132);
#79=OVER_RIDING_STYLED_ITEM('',(#194),#1227,#132);
#80=OVER_RIDING_STYLED_ITEM('',(#195),#1228,#132);
#81=OVER_RIDING_STYLED_ITEM('',(#196),#1229,#132);
#82=OVER_RIDING_STYLED_ITEM('',(#197),#1230,#132);
#83=OVER_RIDING_STYLED_ITEM('',(#198),#1231,#132);
#84=OVER_RIDING_STYLED_ITEM('',(#199),#1232,#132);
#85=OVER_RIDING_STYLED_ITEM('',(#200),#1233,#132);
#86=OVER_RIDING_STYLED_ITEM('',(#201),#1234,#132);
#87=OVER_RIDING_STYLED_ITEM('',(#202),#1235,#132);
#88=OVER_RIDING_STYLED_ITEM('',(#203),#1236,#132);
#89=OVER_RIDING_STYLED_ITEM('',(#204),#1237,#132);
#90=OVER_RIDING_STYLED_ITEM('',(#205),#1238,#132);
#91=OVER_RIDING_STYLED_ITEM('',(#206),#1239,#132);
#92=OVER_RIDING_STYLED_ITEM('',(#207),#1240,#132);
#93=OVER_RIDING_STYLED_ITEM('',(#208),#1241,#132);
#94=OVER_RIDING_STYLED_ITEM('',(#209),#1242,#132);
#95=OVER_RIDING_STYLED_ITEM('',(#210),#1243,#132);
#96=OVER_RIDING_STYLED_ITEM('',(#211),#1244,#132);
#97=OVER_RIDING_STYLED_ITEM('',(#212),#1245,#132);
#98=OVER_RIDING_STYLED_ITEM('',(#213),#1246,#132);
#99=OVER_RIDING_STYLED_ITEM('',(#214),#1247,#132);
#100=OVER_RIDING_STYLED_ITEM('',(#215),#1248,#132);
#101=OVER_RIDING_STYLED_ITEM('',(#216),#1249,#132);
#102=OVER_RIDING_STYLED_ITEM('',(#217),#1250,#132);
#103=OVER_RIDING_STYLED_ITEM('',(#218),#1251,#132);
#104=OVER_RIDING_STYLED_ITEM('',(#219),#1252,#132);
#105=OVER_RIDING_STYLED_ITEM('',(#220),#1253,#132);
#106=OVER_RIDING_STYLED_ITEM('',(#221),#1254,#132);
#107=OVER_RIDING_STYLED_ITEM('',(#222),#1255,#132);
#108=OVER_RIDING_STYLED_ITEM('',(#223),#1256,#132);
#109=OVER_RIDING_STYLED_ITEM('',(#224),#1257,#132);
#110=OVER_RIDING_STYLED_ITEM('',(#225),#1258,#132);
#111=OVER_RIDING_STYLED_ITEM('',(#226),#1259,#132);
#112=OVER_RIDING_STYLED_ITEM('',(#228),#1260,#133);
#113=OVER_RIDING_STYLED_ITEM('',(#229),#1261,#133);
#114=OVER_RIDING_STYLED_ITEM('',(#230),#1268,#133);
#115=OVER_RIDING_STYLED_ITEM('',(#231),#1269,#133);
#116=OVER_RIDING_STYLED_ITEM('',(#233),#1270,#134);
#117=OVER_RIDING_STYLED_ITEM('',(#234),#1271,#134);
#118=OVER_RIDING_STYLED_ITEM('',(#235),#1277,#134);
#119=OVER_RIDING_STYLED_ITEM('',(#237),#1278,#135);
#120=OVER_RIDING_STYLED_ITEM('',(#238),#1283,#135);
#121=OVER_RIDING_STYLED_ITEM('',(#240),#1284,#136);
#122=OVER_RIDING_STYLED_ITEM('',(#241),#1285,#136);
#123=OVER_RIDING_STYLED_ITEM('',(#242),#1292,#136);
#124=OVER_RIDING_STYLED_ITEM('',(#243),#1293,#136);
#125=OVER_RIDING_STYLED_ITEM('',(#245),#1294,#137);
#126=OVER_RIDING_STYLED_ITEM('',(#246),#1295,#137);
#127=OVER_RIDING_STYLED_ITEM('',(#247),#1296,#137);
#128=OVER_RIDING_STYLED_ITEM('',(#249),#1302,#138);
#129=OVER_RIDING_STYLED_ITEM('',(#250),#1303,#138);
#130=OVER_RIDING_STYLED_ITEM('',(#251),#1304,#138);
#131=PRESENTATION_LAYER_ASSIGNMENT('1','Layer 1',(#820,#821,#822,#823,#824,
#825,#826));
#132=STYLED_ITEM('',(#139),#820);
#133=STYLED_ITEM('',(#227),#821);
#134=STYLED_ITEM('',(#232),#822);
#135=STYLED_ITEM('',(#236),#823);
#136=STYLED_ITEM('',(#239),#824);
#137=STYLED_ITEM('',(#244),#825);
#138=STYLED_ITEM('',(#248),#826);
#139=PRESENTATION_STYLE_ASSIGNMENT((#252));
#140=PRESENTATION_STYLE_ASSIGNMENT((#253));
#141=PRESENTATION_STYLE_ASSIGNMENT((#254));
#142=PRESENTATION_STYLE_ASSIGNMENT((#255));
#143=PRESENTATION_STYLE_ASSIGNMENT((#256));
#144=PRESENTATION_STYLE_ASSIGNMENT((#257));
#145=PRESENTATION_STYLE_ASSIGNMENT((#258));
#146=PRESENTATION_STYLE_ASSIGNMENT((#259));
#147=PRESENTATION_STYLE_ASSIGNMENT((#260));
#148=PRESENTATION_STYLE_ASSIGNMENT((#261));
#149=PRESENTATION_STYLE_ASSIGNMENT((#262));
#150=PRESENTATION_STYLE_ASSIGNMENT((#263));
#151=PRESENTATION_STYLE_ASSIGNMENT((#264));
#152=PRESENTATION_STYLE_ASSIGNMENT((#265));
#153=PRESENTATION_STYLE_ASSIGNMENT((#266));
#154=PRESENTATION_STYLE_ASSIGNMENT((#267));
#155=PRESENTATION_STYLE_ASSIGNMENT((#268));
#156=PRESENTATION_STYLE_ASSIGNMENT((#269));
#157=PRESENTATION_STYLE_ASSIGNMENT((#270));
#158=PRESENTATION_STYLE_ASSIGNMENT((#271));
#159=PRESENTATION_STYLE_ASSIGNMENT((#272));
#160=PRESENTATION_STYLE_ASSIGNMENT((#273));
#161=PRESENTATION_STYLE_ASSIGNMENT((#274));
#162=PRESENTATION_STYLE_ASSIGNMENT((#275));
#163=PRESENTATION_STYLE_ASSIGNMENT((#276));
#164=PRESENTATION_STYLE_ASSIGNMENT((#277));
#165=PRESENTATION_STYLE_ASSIGNMENT((#278));
#166=PRESENTATION_STYLE_ASSIGNMENT((#279));
#167=PRESENTATION_STYLE_ASSIGNMENT((#280));
#168=PRESENTATION_STYLE_ASSIGNMENT((#281));
#169=PRESENTATION_STYLE_ASSIGNMENT((#282));
#170=PRESENTATION_STYLE_ASSIGNMENT((#283));
#171=PRESENTATION_STYLE_ASSIGNMENT((#284));
#172=PRESENTATION_STYLE_ASSIGNMENT((#285));
#173=PRESENTATION_STYLE_ASSIGNMENT((#286));
#174=PRESENTATION_STYLE_ASSIGNMENT((#287));
#175=PRESENTATION_STYLE_ASSIGNMENT((#288));
#176=PRESENTATION_STYLE_ASSIGNMENT((#289));
#177=PRESENTATION_STYLE_ASSIGNMENT((#290));
#178=PRESENTATION_STYLE_ASSIGNMENT((#291));
#179=PRESENTATION_STYLE_ASSIGNMENT((#292));
#180=PRESENTATION_STYLE_ASSIGNMENT((#293));
#181=PRESENTATION_STYLE_ASSIGNMENT((#294));
#182=PRESENTATION_STYLE_ASSIGNMENT((#295));
#183=PRESENTATION_STYLE_ASSIGNMENT((#296));
#184=PRESENTATION_STYLE_ASSIGNMENT((#297));
#185=PRESENTATION_STYLE_ASSIGNMENT((#298));
#186=PRESENTATION_STYLE_ASSIGNMENT((#299));
#187=PRESENTATION_STYLE_ASSIGNMENT((#300));
#188=PRESENTATION_STYLE_ASSIGNMENT((#301));
#189=PRESENTATION_STYLE_ASSIGNMENT((#302));
#190=PRESENTATION_STYLE_ASSIGNMENT((#303));
#191=PRESENTATION_STYLE_ASSIGNMENT((#304));
#192=PRESENTATION_STYLE_ASSIGNMENT((#305));
#193=PRESENTATION_STYLE_ASSIGNMENT((#306));
#194=PRESENTATION_STYLE_ASSIGNMENT((#307));
#195=PRESENTATION_STYLE_ASSIGNMENT((#308));
#196=PRESENTATION_STYLE_ASSIGNMENT((#309));
#197=PRESENTATION_STYLE_ASSIGNMENT((#310));
#198=PRESENTATION_STYLE_ASSIGNMENT((#311));
#199=PRESENTATION_STYLE_ASSIGNMENT((#312));
#200=PRESENTATION_STYLE_ASSIGNMENT((#313));
#201=PRESENTATION_STYLE_ASSIGNMENT((#314));
#202=PRESENTATION_STYLE_ASSIGNMENT((#315));
#203=PRESENTATION_STYLE_ASSIGNMENT((#316));
#204=PRESENTATION_STYLE_ASSIGNMENT((#317));
#205=PRESENTATION_STYLE_ASSIGNMENT((#318));
#206=PRESENTATION_STYLE_ASSIGNMENT((#319));
#207=PRESENTATION_STYLE_ASSIGNMENT((#320));
#208=PRESENTATION_STYLE_ASSIGNMENT((#321));
#209=PRESENTATION_STYLE_ASSIGNMENT((#322));
#210=PRESENTATION_STYLE_ASSIGNMENT((#323));
#211=PRESENTATION_STYLE_ASSIGNMENT((#324));
#212=PRESENTATION_STYLE_ASSIGNMENT((#325));
#213=PRESENTATION_STYLE_ASSIGNMENT((#326));
#214=PRESENTATION_STYLE_ASSIGNMENT((#327));
#215=PRESENTATION_STYLE_ASSIGNMENT((#328));
#216=PRESENTATION_STYLE_ASSIGNMENT((#329));
#217=PRESENTATION_STYLE_ASSIGNMENT((#330));
#218=PRESENTATION_STYLE_ASSIGNMENT((#331));
#219=PRESENTATION_STYLE_ASSIGNMENT((#332));
#220=PRESENTATION_STYLE_ASSIGNMENT((#333));
#221=PRESENTATION_STYLE_ASSIGNMENT((#334));
#222=PRESENTATION_STYLE_ASSIGNMENT((#335));
#223=PRESENTATION_STYLE_ASSIGNMENT((#336));
#224=PRESENTATION_STYLE_ASSIGNMENT((#337));
#225=PRESENTATION_STYLE_ASSIGNMENT((#338));
#226=PRESENTATION_STYLE_ASSIGNMENT((#339));
#227=PRESENTATION_STYLE_ASSIGNMENT((#340));
#228=PRESENTATION_STYLE_ASSIGNMENT((#341));
#229=PRESENTATION_STYLE_ASSIGNMENT((#342));
#230=PRESENTATION_STYLE_ASSIGNMENT((#343));
#231=PRESENTATION_STYLE_ASSIGNMENT((#344));
#232=PRESENTATION_STYLE_ASSIGNMENT((#345));
#233=PRESENTATION_STYLE_ASSIGNMENT((#346));
#234=PRESENTATION_STYLE_ASSIGNMENT((#347));
#235=PRESENTATION_STYLE_ASSIGNMENT((#348));
#236=PRESENTATION_STYLE_ASSIGNMENT((#349));
#237=PRESENTATION_STYLE_ASSIGNMENT((#350));
#238=PRESENTATION_STYLE_ASSIGNMENT((#351));
#239=PRESENTATION_STYLE_ASSIGNMENT((#352));
#240=PRESENTATION_STYLE_ASSIGNMENT((#353));
#241=PRESENTATION_STYLE_ASSIGNMENT((#354));
#242=PRESENTATION_STYLE_ASSIGNMENT((#355));
#243=PRESENTATION_STYLE_ASSIGNMENT((#356));
#244=PRESENTATION_STYLE_ASSIGNMENT((#357));
#245=PRESENTATION_STYLE_ASSIGNMENT((#358));
#246=PRESENTATION_STYLE_ASSIGNMENT((#359));
#247=PRESENTATION_STYLE_ASSIGNMENT((#360));
#248=PRESENTATION_STYLE_ASSIGNMENT((#361));
#249=PRESENTATION_STYLE_ASSIGNMENT((#362));
#250=PRESENTATION_STYLE_ASSIGNMENT((#363));
#251=PRESENTATION_STYLE_ASSIGNMENT((#364));
#252=SURFACE_STYLE_USAGE(.BOTH.,#365);
#253=SURFACE_STYLE_USAGE(.BOTH.,#366);
#254=SURFACE_STYLE_USAGE(.BOTH.,#367);
#255=SURFACE_STYLE_USAGE(.BOTH.,#368);
#256=SURFACE_STYLE_USAGE(.BOTH.,#369);
#257=SURFACE_STYLE_USAGE(.BOTH.,#370);
#258=SURFACE_STYLE_USAGE(.BOTH.,#371);
#259=SURFACE_STYLE_USAGE(.BOTH.,#372);
#260=SURFACE_STYLE_USAGE(.BOTH.,#373);
#261=SURFACE_STYLE_USAGE(.BOTH.,#374);
#262=SURFACE_STYLE_USAGE(.BOTH.,#375);
#263=SURFACE_STYLE_USAGE(.BOTH.,#376);
#264=SURFACE_STYLE_USAGE(.BOTH.,#377);
#265=SURFACE_STYLE_USAGE(.BOTH.,#378);
#266=SURFACE_STYLE_USAGE(.BOTH.,#379);
#267=SURFACE_STYLE_USAGE(.BOTH.,#380);
#268=SURFACE_STYLE_USAGE(.BOTH.,#381);
#269=SURFACE_STYLE_USAGE(.BOTH.,#382);
#270=SURFACE_STYLE_USAGE(.BOTH.,#383);
#271=SURFACE_STYLE_USAGE(.BOTH.,#384);
#272=SURFACE_STYLE_USAGE(.BOTH.,#385);
#273=SURFACE_STYLE_USAGE(.BOTH.,#386);
#274=SURFACE_STYLE_USAGE(.BOTH.,#387);
#275=SURFACE_STYLE_USAGE(.BOTH.,#388);
#276=SURFACE_STYLE_USAGE(.BOTH.,#389);
#277=SURFACE_STYLE_USAGE(.BOTH.,#390);
#278=SURFACE_STYLE_USAGE(.BOTH.,#391);
#279=SURFACE_STYLE_USAGE(.BOTH.,#392);
#280=SURFACE_STYLE_USAGE(.BOTH.,#393);
#281=SURFACE_STYLE_USAGE(.BOTH.,#394);
#282=SURFACE_STYLE_USAGE(.BOTH.,#395);
#283=SURFACE_STYLE_USAGE(.BOTH.,#396);
#284=SURFACE_STYLE_USAGE(.BOTH.,#397);
#285=SURFACE_STYLE_USAGE(.BOTH.,#398);
#286=SURFACE_STYLE_USAGE(.BOTH.,#399);
#287=SURFACE_STYLE_USAGE(.BOTH.,#400);
#288=SURFACE_STYLE_USAGE(.BOTH.,#401);
#289=SURFACE_STYLE_USAGE(.BOTH.,#402);
#290=SURFACE_STYLE_USAGE(.BOTH.,#403);
#291=SURFACE_STYLE_USAGE(.BOTH.,#404);
#292=SURFACE_STYLE_USAGE(.BOTH.,#405);
#293=SURFACE_STYLE_USAGE(.BOTH.,#406);
#294=SURFACE_STYLE_USAGE(.BOTH.,#407);
#295=SURFACE_STYLE_USAGE(.BOTH.,#408);
#296=SURFACE_STYLE_USAGE(.BOTH.,#409);
#297=SURFACE_STYLE_USAGE(.BOTH.,#410);
#298=SURFACE_STYLE_USAGE(.BOTH.,#411);
#299=SURFACE_STYLE_USAGE(.BOTH.,#412);
#300=SURFACE_STYLE_USAGE(.BOTH.,#413);
#301=SURFACE_STYLE_USAGE(.BOTH.,#414);
#302=SURFACE_STYLE_USAGE(.BOTH.,#415);
#303=SURFACE_STYLE_USAGE(.BOTH.,#416);
#304=SURFACE_STYLE_USAGE(.BOTH.,#417);
#305=SURFACE_STYLE_USAGE(.BOTH.,#418);
#306=SURFACE_STYLE_USAGE(.BOTH.,#419);
#307=SURFACE_STYLE_USAGE(.BOTH.,#420);
#308=SURFACE_STYLE_USAGE(.BOTH.,#421);
#309=SURFACE_STYLE_USAGE(.BOTH.,#422);
#310=SURFACE_STYLE_USAGE(.BOTH.,#423);
#311=SURFACE_STYLE_USAGE(.BOTH.,#424);
#312=SURFACE_STYLE_USAGE(.BOTH.,#425);
#313=SURFACE_STYLE_USAGE(.BOTH.,#426);
#314=SURFACE_STYLE_USAGE(.BOTH.,#427);
#315=SURFACE_STYLE_USAGE(.BOTH.,#428);
#316=SURFACE_STYLE_USAGE(.BOTH.,#429);
#317=SURFACE_STYLE_USAGE(.BOTH.,#430);
#318=SURFACE_STYLE_USAGE(.BOTH.,#431);
#319=SURFACE_STYLE_USAGE(.BOTH.,#432);
#320=SURFACE_STYLE_USAGE(.BOTH.,#433);
#321=SURFACE_STYLE_USAGE(.BOTH.,#434);
#322=SURFACE_STYLE_USAGE(.BOTH.,#435);
#323=SURFACE_STYLE_USAGE(.BOTH.,#436);
#324=SURFACE_STYLE_USAGE(.BOTH.,#437);
#325=SURFACE_STYLE_USAGE(.BOTH.,#438);
#326=SURFACE_STYLE_USAGE(.BOTH.,#439);
#327=SURFACE_STYLE_USAGE(.BOTH.,#440);
#328=SURFACE_STYLE_USAGE(.BOTH.,#441);
#329=SURFACE_STYLE_USAGE(.BOTH.,#442);
#330=SURFACE_STYLE_USAGE(.BOTH.,#443);
#331=SURFACE_STYLE_USAGE(.BOTH.,#444);
#332=SURFACE_STYLE_USAGE(.BOTH.,#445);
#333=SURFACE_STYLE_USAGE(.BOTH.,#446);
#334=SURFACE_STYLE_USAGE(.BOTH.,#447);
#335=SURFACE_STYLE_USAGE(.BOTH.,#448);
#336=SURFACE_STYLE_USAGE(.BOTH.,#449);
#337=SURFACE_STYLE_USAGE(.BOTH.,#450);
#338=SURFACE_STYLE_USAGE(.BOTH.,#451);
#339=SURFACE_STYLE_USAGE(.BOTH.,#452);
#340=SURFACE_STYLE_USAGE(.BOTH.,#453);
#341=SURFACE_STYLE_USAGE(.BOTH.,#454);
#342=SURFACE_STYLE_USAGE(.BOTH.,#455);
#343=SURFACE_STYLE_USAGE(.BOTH.,#456);
#344=SURFACE_STYLE_USAGE(.BOTH.,#457);
#345=SURFACE_STYLE_USAGE(.BOTH.,#458);
#346=SURFACE_STYLE_USAGE(.BOTH.,#459);
#347=SURFACE_STYLE_USAGE(.BOTH.,#460);
#348=SURFACE_STYLE_USAGE(.BOTH.,#461);
#349=SURFACE_STYLE_USAGE(.BOTH.,#462);
#350=SURFACE_STYLE_USAGE(.BOTH.,#463);
#351=SURFACE_STYLE_USAGE(.BOTH.,#464);
#352=SURFACE_STYLE_USAGE(.BOTH.,#465);
#353=SURFACE_STYLE_USAGE(.BOTH.,#466);
#354=SURFACE_STYLE_USAGE(.BOTH.,#467);
#355=SURFACE_STYLE_USAGE(.BOTH.,#468);
#356=SURFACE_STYLE_USAGE(.BOTH.,#469);
#357=SURFACE_STYLE_USAGE(.BOTH.,#470);
#358=SURFACE_STYLE_USAGE(.BOTH.,#471);
#359=SURFACE_STYLE_USAGE(.BOTH.,#472);
#360=SURFACE_STYLE_USAGE(.BOTH.,#473);
#361=SURFACE_STYLE_USAGE(.BOTH.,#474);
#362=SURFACE_STYLE_USAGE(.BOTH.,#475);
#363=SURFACE_STYLE_USAGE(.BOTH.,#476);
#364=SURFACE_STYLE_USAGE(.BOTH.,#477);
#365=SURFACE_SIDE_STYLE('',(#478));
#366=SURFACE_SIDE_STYLE('',(#479));
#367=SURFACE_SIDE_STYLE('',(#480));
#368=SURFACE_SIDE_STYLE('',(#481));
#369=SURFACE_SIDE_STYLE('',(#482));
#370=SURFACE_SIDE_STYLE('',(#483));
#371=SURFACE_SIDE_STYLE('',(#484));
#372=SURFACE_SIDE_STYLE('',(#485));
#373=SURFACE_SIDE_STYLE('',(#486));
#374=SURFACE_SIDE_STYLE('',(#487));
#375=SURFACE_SIDE_STYLE('',(#488));
#376=SURFACE_SIDE_STYLE('',(#489));
#377=SURFACE_SIDE_STYLE('',(#490));
#378=SURFACE_SIDE_STYLE('',(#491));
#379=SURFACE_SIDE_STYLE('',(#492));
#380=SURFACE_SIDE_STYLE('',(#493));
#381=SURFACE_SIDE_STYLE('',(#494));
#382=SURFACE_SIDE_STYLE('',(#495));
#383=SURFACE_SIDE_STYLE('',(#496));
#384=SURFACE_SIDE_STYLE('',(#497));
#385=SURFACE_SIDE_STYLE('',(#498));
#386=SURFACE_SIDE_STYLE('',(#499));
#387=SURFACE_SIDE_STYLE('',(#500));
#388=SURFACE_SIDE_STYLE('',(#501));
#389=SURFACE_SIDE_STYLE('',(#502));
#390=SURFACE_SIDE_STYLE('',(#503));
#391=SURFACE_SIDE_STYLE('',(#504));
#392=SURFACE_SIDE_STYLE('',(#505));
#393=SURFACE_SIDE_STYLE('',(#506));
#394=SURFACE_SIDE_STYLE('',(#507));
#395=SURFACE_SIDE_STYLE('',(#508));
#396=SURFACE_SIDE_STYLE('',(#509));
#397=SURFACE_SIDE_STYLE('',(#510));
#398=SURFACE_SIDE_STYLE('',(#511));
#399=SURFACE_SIDE_STYLE('',(#512));
#400=SURFACE_SIDE_STYLE('',(#513));
#401=SURFACE_SIDE_STYLE('',(#514));
#402=SURFACE_SIDE_STYLE('',(#515));
#403=SURFACE_SIDE_STYLE('',(#516));
#404=SURFACE_SIDE_STYLE('',(#517));
#405=SURFACE_SIDE_STYLE('',(#518));
#406=SURFACE_SIDE_STYLE('',(#519));
#407=SURFACE_SIDE_STYLE('',(#520));
#408=SURFACE_SIDE_STYLE('',(#521));
#409=SURFACE_SIDE_STYLE('',(#522));
#410=SURFACE_SIDE_STYLE('',(#523));
#411=SURFACE_SIDE_STYLE('',(#524));
#412=SURFACE_SIDE_STYLE('',(#525));
#413=SURFACE_SIDE_STYLE('',(#526));
#414=SURFACE_SIDE_STYLE('',(#527));
#415=SURFACE_SIDE_STYLE('',(#528));
#416=SURFACE_SIDE_STYLE('',(#529));
#417=SURFACE_SIDE_STYLE('',(#530));
#418=SURFACE_SIDE_STYLE('',(#531));
#419=SURFACE_SIDE_STYLE('',(#532));
#420=SURFACE_SIDE_STYLE('',(#533));
#421=SURFACE_SIDE_STYLE('',(#534));
#422=SURFACE_SIDE_STYLE('',(#535));
#423=SURFACE_SIDE_STYLE('',(#536));
#424=SURFACE_SIDE_STYLE('',(#537));
#425=SURFACE_SIDE_STYLE('',(#538));
#426=SURFACE_SIDE_STYLE('',(#539));
#427=SURFACE_SIDE_STYLE('',(#540));
#428=SURFACE_SIDE_STYLE('',(#541));
#429=SURFACE_SIDE_STYLE('',(#542));
#430=SURFACE_SIDE_STYLE('',(#543));
#431=SURFACE_SIDE_STYLE('',(#544));
#432=SURFACE_SIDE_STYLE('',(#545));
#433=SURFACE_SIDE_STYLE('',(#546));
#434=SURFACE_SIDE_STYLE('',(#547));
#435=SURFACE_SIDE_STYLE('',(#548));
#436=SURFACE_SIDE_STYLE('',(#549));
#437=SURFACE_SIDE_STYLE('',(#550));
#438=SURFACE_SIDE_STYLE('',(#551));
#439=SURFACE_SIDE_STYLE('',(#552));
#440=SURFACE_SIDE_STYLE('',(#553));
#441=SURFACE_SIDE_STYLE('',(#554));
#442=SURFACE_SIDE_STYLE('',(#555));
#443=SURFACE_SIDE_STYLE('',(#556));
#444=SURFACE_SIDE_STYLE('',(#557));
#445=SURFACE_SIDE_STYLE('',(#558));
#446=SURFACE_SIDE_STYLE('',(#559));
#447=SURFACE_SIDE_STYLE('',(#560));
#448=SURFACE_SIDE_STYLE('',(#561));
#449=SURFACE_SIDE_STYLE('',(#562));
#450=SURFACE_SIDE_STYLE('',(#563));
#451=SURFACE_SIDE_STYLE('',(#564));
#452=SURFACE_SIDE_STYLE('',(#565));
#453=SURFACE_SIDE_STYLE('',(#566));
#454=SURFACE_SIDE_STYLE('',(#567));
#455=SURFACE_SIDE_STYLE('',(#568));
#456=SURFACE_SIDE_STYLE('',(#569));
#457=SURFACE_SIDE_STYLE('',(#570));
#458=SURFACE_SIDE_STYLE('',(#571));
#459=SURFACE_SIDE_STYLE('',(#572));
#460=SURFACE_SIDE_STYLE('',(#573));
#461=SURFACE_SIDE_STYLE('',(#574));
#462=SURFACE_SIDE_STYLE('',(#575));
#463=SURFACE_SIDE_STYLE('',(#576));
#464=SURFACE_SIDE_STYLE('',(#577));
#465=SURFACE_SIDE_STYLE('',(#578));
#466=SURFACE_SIDE_STYLE('',(#579));
#467=SURFACE_SIDE_STYLE('',(#580));
#468=SURFACE_SIDE_STYLE('',(#581));
#469=SURFACE_SIDE_STYLE('',(#582));
#470=SURFACE_SIDE_STYLE('',(#583));
#471=SURFACE_SIDE_STYLE('',(#584));
#472=SURFACE_SIDE_STYLE('',(#585));
#473=SURFACE_SIDE_STYLE('',(#586));
#474=SURFACE_SIDE_STYLE('',(#587));
#475=SURFACE_SIDE_STYLE('',(#588));
#476=SURFACE_SIDE_STYLE('',(#589));
#477=SURFACE_SIDE_STYLE('',(#590));
#478=SURFACE_STYLE_FILL_AREA(#591);
#479=SURFACE_STYLE_FILL_AREA(#592);
#480=SURFACE_STYLE_FILL_AREA(#593);
#481=SURFACE_STYLE_FILL_AREA(#594);
#482=SURFACE_STYLE_FILL_AREA(#595);
#483=SURFACE_STYLE_FILL_AREA(#596);
#484=SURFACE_STYLE_FILL_AREA(#597);
#485=SURFACE_STYLE_FILL_AREA(#598);
#486=SURFACE_STYLE_FILL_AREA(#599);
#487=SURFACE_STYLE_FILL_AREA(#600);
#488=SURFACE_STYLE_FILL_AREA(#601);
#489=SURFACE_STYLE_FILL_AREA(#602);
#490=SURFACE_STYLE_FILL_AREA(#603);
#491=SURFACE_STYLE_FILL_AREA(#604);
#492=SURFACE_STYLE_FILL_AREA(#605);
#493=SURFACE_STYLE_FILL_AREA(#606);
#494=SURFACE_STYLE_FILL_AREA(#607);
#495=SURFACE_STYLE_FILL_AREA(#608);
#496=SURFACE_STYLE_FILL_AREA(#609);
#497=SURFACE_STYLE_FILL_AREA(#610);
#498=SURFACE_STYLE_FILL_AREA(#611);
#499=SURFACE_STYLE_FILL_AREA(#612);
#500=SURFACE_STYLE_FILL_AREA(#613);
#501=SURFACE_STYLE_FILL_AREA(#614);
#502=SURFACE_STYLE_FILL_AREA(#615);
#503=SURFACE_STYLE_FILL_AREA(#616);
#504=SURFACE_STYLE_FILL_AREA(#617);
#505=SURFACE_STYLE_FILL_AREA(#618);
#506=SURFACE_STYLE_FILL_AREA(#619);
#507=SURFACE_STYLE_FILL_AREA(#620);
#508=SURFACE_STYLE_FILL_AREA(#621);
#509=SURFACE_STYLE_FILL_AREA(#622);
#510=SURFACE_STYLE_FILL_AREA(#623);
#511=SURFACE_STYLE_FILL_AREA(#624);
#512=SURFACE_STYLE_FILL_AREA(#625);
#513=SURFACE_STYLE_FILL_AREA(#626);
#514=SURFACE_STYLE_FILL_AREA(#627);
#515=SURFACE_STYLE_FILL_AREA(#628);
#516=SURFACE_STYLE_FILL_AREA(#629);
#517=SURFACE_STYLE_FILL_AREA(#630);
#518=SURFACE_STYLE_FILL_AREA(#631);
#519=SURFACE_STYLE_FILL_AREA(#632);
#520=SURFACE_STYLE_FILL_AREA(#633);
#521=SURFACE_STYLE_FILL_AREA(#634);
#522=SURFACE_STYLE_FILL_AREA(#635);
#523=SURFACE_STYLE_FILL_AREA(#636);
#524=SURFACE_STYLE_FILL_AREA(#637);
#525=SURFACE_STYLE_FILL_AREA(#638);
#526=SURFACE_STYLE_FILL_AREA(#639);
#527=SURFACE_STYLE_FILL_AREA(#640);
#528=SURFACE_STYLE_FILL_AREA(#641);
#529=SURFACE_STYLE_FILL_AREA(#642);
#530=SURFACE_STYLE_FILL_AREA(#643);
#531=SURFACE_STYLE_FILL_AREA(#644);
#532=SURFACE_STYLE_FILL_AREA(#645);
#533=SURFACE_STYLE_FILL_AREA(#646);
#534=SURFACE_STYLE_FILL_AREA(#647);
#535=SURFACE_STYLE_FILL_AREA(#648);
#536=SURFACE_STYLE_FILL_AREA(#649);
#537=SURFACE_STYLE_FILL_AREA(#650);
#538=SURFACE_STYLE_FILL_AREA(#651);
#539=SURFACE_STYLE_FILL_AREA(#652);
#540=SURFACE_STYLE_FILL_AREA(#653);
#541=SURFACE_STYLE_FILL_AREA(#654);
#542=SURFACE_STYLE_FILL_AREA(#655);
#543=SURFACE_STYLE_FILL_AREA(#656);
#544=SURFACE_STYLE_FILL_AREA(#657);
#545=SURFACE_STYLE_FILL_AREA(#658);
#546=SURFACE_STYLE_FILL_AREA(#659);
#547=SURFACE_STYLE_FILL_AREA(#660);
#548=SURFACE_STYLE_FILL_AREA(#661);
#549=SURFACE_STYLE_FILL_AREA(#662);
#550=SURFACE_STYLE_FILL_AREA(#663);
#551=SURFACE_STYLE_FILL_AREA(#664);
#552=SURFACE_STYLE_FILL_AREA(#665);
#553=SURFACE_STYLE_FILL_AREA(#666);
#554=SURFACE_STYLE_FILL_AREA(#667);
#555=SURFACE_STYLE_FILL_AREA(#668);
#556=SURFACE_STYLE_FILL_AREA(#669);
#557=SURFACE_STYLE_FILL_AREA(#670);
#558=SURFACE_STYLE_FILL_AREA(#671);
#559=SURFACE_STYLE_FILL_AREA(#672);
#560=SURFACE_STYLE_FILL_AREA(#673);
#561=SURFACE_STYLE_FILL_AREA(#674);
#562=SURFACE_STYLE_FILL_AREA(#675);
#563=SURFACE_STYLE_FILL_AREA(#676);
#564=SURFACE_STYLE_FILL_AREA(#677);
#565=SURFACE_STYLE_FILL_AREA(#678);
#566=SURFACE_STYLE_FILL_AREA(#679);
#567=SURFACE_STYLE_FILL_AREA(#680);
#568=SURFACE_STYLE_FILL_AREA(#681);
#569=SURFACE_STYLE_FILL_AREA(#682);
#570=SURFACE_STYLE_FILL_AREA(#683);
#571=SURFACE_STYLE_FILL_AREA(#684);
#572=SURFACE_STYLE_FILL_AREA(#685);
#573=SURFACE_STYLE_FILL_AREA(#686);
#574=SURFACE_STYLE_FILL_AREA(#687);
#575=SURFACE_STYLE_FILL_AREA(#688);
#576=SURFACE_STYLE_FILL_AREA(#689);
#577=SURFACE_STYLE_FILL_AREA(#690);
#578=SURFACE_STYLE_FILL_AREA(#691);
#579=SURFACE_STYLE_FILL_AREA(#692);
#580=SURFACE_STYLE_FILL_AREA(#693);
#581=SURFACE_STYLE_FILL_AREA(#694);
#582=SURFACE_STYLE_FILL_AREA(#695);
#583=SURFACE_STYLE_FILL_AREA(#696);
#584=SURFACE_STYLE_FILL_AREA(#697);
#585=SURFACE_STYLE_FILL_AREA(#698);
#586=SURFACE_STYLE_FILL_AREA(#699);
#587=SURFACE_STYLE_FILL_AREA(#700);
#588=SURFACE_STYLE_FILL_AREA(#701);
#589=SURFACE_STYLE_FILL_AREA(#702);
#590=SURFACE_STYLE_FILL_AREA(#703);
#591=FILL_AREA_STYLE('',(#704));
#592=FILL_AREA_STYLE('',(#705));
#593=FILL_AREA_STYLE('',(#706));
#594=FILL_AREA_STYLE('',(#707));
#595=FILL_AREA_STYLE('',(#708));
#596=FILL_AREA_STYLE('',(#709));
#597=FILL_AREA_STYLE('',(#710));
#598=FILL_AREA_STYLE('',(#711));
#599=FILL_AREA_STYLE('',(#712));
#600=FILL_AREA_STYLE('',(#713));
#601=FILL_AREA_STYLE('',(#714));
#602=FILL_AREA_STYLE('',(#715));
#603=FILL_AREA_STYLE('',(#716));
#604=FILL_AREA_STYLE('',(#717));
#605=FILL_AREA_STYLE('',(#718));
#606=FILL_AREA_STYLE('',(#719));
#607=FILL_AREA_STYLE('',(#720));
#608=FILL_AREA_STYLE('',(#721));
#609=FILL_AREA_STYLE('',(#722));
#610=FILL_AREA_STYLE('',(#723));
#611=FILL_AREA_STYLE('',(#724));
#612=FILL_AREA_STYLE('',(#725));
#613=FILL_AREA_STYLE('',(#726));
#614=FILL_AREA_STYLE('',(#727));
#615=FILL_AREA_STYLE('',(#728));
#616=FILL_AREA_STYLE('',(#729));
#617=FILL_AREA_STYLE('',(#730));
#618=FILL_AREA_STYLE('',(#731));
#619=FILL_AREA_STYLE('',(#732));
#620=FILL_AREA_STYLE('',(#733));
#621=FILL_AREA_STYLE('',(#734));
#622=FILL_AREA_STYLE('',(#735));
#623=FILL_AREA_STYLE('',(#736));
#624=FILL_AREA_STYLE('',(#737));
#625=FILL_AREA_STYLE('',(#738));
#626=FILL_AREA_STYLE('',(#739));
#627=FILL_AREA_STYLE('',(#740));
#628=FILL_AREA_STYLE('',(#741));
#629=FILL_AREA_STYLE('',(#742));
#630=FILL_AREA_STYLE('',(#743));
#631=FILL_AREA_STYLE('',(#744));
#632=FILL_AREA_STYLE('',(#745));
#633=FILL_AREA_STYLE('',(#746));
#634=FILL_AREA_STYLE('',(#747));
#635=FILL_AREA_STYLE('',(#748));
#636=FILL_AREA_STYLE('',(#749));
#637=FILL_AREA_STYLE('',(#750));
#638=FILL_AREA_STYLE('',(#751));
#639=FILL_AREA_STYLE('',(#752));
#640=FILL_AREA_STYLE('',(#753));
#641=FILL_AREA_STYLE('',(#754));
#642=FILL_AREA_STYLE('',(#755));
#643=FILL_AREA_STYLE('',(#756));
#644=FILL_AREA_STYLE('',(#757));
#645=FILL_AREA_STYLE('',(#758));
#646=FILL_AREA_STYLE('',(#759));
#647=FILL_AREA_STYLE('',(#760));
#648=FILL_AREA_STYLE('',(#761));
#649=FILL_AREA_STYLE('',(#762));
#650=FILL_AREA_STYLE('',(#763));
#651=FILL_AREA_STYLE('',(#764));
#652=FILL_AREA_STYLE('',(#765));
#653=FILL_AREA_STYLE('',(#766));
#654=FILL_AREA_STYLE('',(#767));
#655=FILL_AREA_STYLE('',(#768));
#656=FILL_AREA_STYLE('',(#769));
#657=FILL_AREA_STYLE('',(#770));
#658=FILL_AREA_STYLE('',(#771));
#659=FILL_AREA_STYLE('',(#772));
#660=FILL_AREA_STYLE('',(#773));
#661=FILL_AREA_STYLE('',(#774));
#662=FILL_AREA_STYLE('',(#775));
#663=FILL_AREA_STYLE('',(#776));
#664=FILL_AREA_STYLE('',(#777));
#665=FILL_AREA_STYLE('',(#778));
#666=FILL_AREA_STYLE('',(#779));
#667=FILL_AREA_STYLE('',(#780));
#668=FILL_AREA_STYLE('',(#781));
#669=FILL_AREA_STYLE('',(#782));
#670=FILL_AREA_STYLE('',(#783));
#671=FILL_AREA_STYLE('',(#784));
#672=FILL_AREA_STYLE('',(#785));
#673=FILL_AREA_STYLE('',(#786));
#674=FILL_AREA_STYLE('',(#787));
#675=FILL_AREA_STYLE('',(#788));
#676=FILL_AREA_STYLE('',(#789));
#677=FILL_AREA_STYLE('',(#790));
#678=FILL_AREA_STYLE('',(#791));
#679=FILL_AREA_STYLE('',(#792));
#680=FILL_AREA_STYLE('',(#793));
#681=FILL_AREA_STYLE('',(#794));
#682=FILL_AREA_STYLE('',(#795));
#683=FILL_AREA_STYLE('',(#796));
#684=FILL_AREA_STYLE('',(#797));
#685=FILL_AREA_STYLE('',(#798));
#686=FILL_AREA_STYLE('',(#799));
#687=FILL_AREA_STYLE('',(#800));
#688=FILL_AREA_STYLE('',(#801));
#689=FILL_AREA_STYLE('',(#802));
#690=FILL_AREA_STYLE('',(#803));
#691=FILL_AREA_STYLE('',(#804));
#692=FILL_AREA_STYLE('',(#805));
#693=FILL_AREA_STYLE('',(#806));
#694=FILL_AREA_STYLE('',(#807));
#695=FILL_AREA_STYLE('',(#808));
#696=FILL_AREA_STYLE('',(#809));
#697=FILL_AREA_STYLE('',(#810));
#698=FILL_AREA_STYLE('',(#811));
#699=FILL_AREA_STYLE('',(#812));
#700=FILL_AREA_STYLE('',(#813));
#701=FILL_AREA_STYLE('',(#814));
#702=FILL_AREA_STYLE('',(#815));
#703=FILL_AREA_STYLE('',(#816));
#704=FILL_AREA_STYLE_COLOUR('',#817);
#705=FILL_AREA_STYLE_COLOUR('',#818);
#706=FILL_AREA_STYLE_COLOUR('',#818);
#707=FILL_AREA_STYLE_COLOUR('',#818);
#708=FILL_AREA_STYLE_COLOUR('',#818);
#709=FILL_AREA_STYLE_COLOUR('',#818);
#710=FILL_AREA_STYLE_COLOUR('',#818);
#711=FILL_AREA_STYLE_COLOUR('',#818);
#712=FILL_AREA_STYLE_COLOUR('',#818);
#713=FILL_AREA_STYLE_COLOUR('',#818);
#714=FILL_AREA_STYLE_COLOUR('',#818);
#715=FILL_AREA_STYLE_COLOUR('',#818);
#716=FILL_AREA_STYLE_COLOUR('',#818);
#717=FILL_AREA_STYLE_COLOUR('',#818);
#718=FILL_AREA_STYLE_COLOUR('',#818);
#719=FILL_AREA_STYLE_COLOUR('',#818);
#720=FILL_AREA_STYLE_COLOUR('',#818);
#721=FILL_AREA_STYLE_COLOUR('',#818);
#722=FILL_AREA_STYLE_COLOUR('',#818);
#723=FILL_AREA_STYLE_COLOUR('',#818);
#724=FILL_AREA_STYLE_COLOUR('',#818);
#725=FILL_AREA_STYLE_COLOUR('',#818);
#726=FILL_AREA_STYLE_COLOUR('',#818);
#727=FILL_AREA_STYLE_COLOUR('',#818);
#728=FILL_AREA_STYLE_COLOUR('',#819);
#729=FILL_AREA_STYLE_COLOUR('',#819);
#730=FILL_AREA_STYLE_COLOUR('',#819);
#731=FILL_AREA_STYLE_COLOUR('',#819);
#732=FILL_AREA_STYLE_COLOUR('',#819);
#733=FILL_AREA_STYLE_COLOUR('',#819);
#734=FILL_AREA_STYLE_COLOUR('',#819);
#735=FILL_AREA_STYLE_COLOUR('',#819);
#736=FILL_AREA_STYLE_COLOUR('',#819);
#737=FILL_AREA_STYLE_COLOUR('',#819);
#738=FILL_AREA_STYLE_COLOUR('',#819);
#739=FILL_AREA_STYLE_COLOUR('',#819);
#740=FILL_AREA_STYLE_COLOUR('',#818);
#741=FILL_AREA_STYLE_COLOUR('',#818);
#742=FILL_AREA_STYLE_COLOUR('',#818);
#743=FILL_AREA_STYLE_COLOUR('',#818);
#744=FILL_AREA_STYLE_COLOUR('',#818);
#745=FILL_AREA_STYLE_COLOUR('',#818);
#746=FILL_AREA_STYLE_COLOUR('',#818);
#747=FILL_AREA_STYLE_COLOUR('',#818);
#748=FILL_AREA_STYLE_COLOUR('',#818);
#749=FILL_AREA_STYLE_COLOUR('',#818);
#750=FILL_AREA_STYLE_COLOUR('',#818);
#751=FILL_AREA_STYLE_COLOUR('',#818);
#752=FILL_AREA_STYLE_COLOUR('',#818);
#753=FILL_AREA_STYLE_COLOUR('',#818);
#754=FILL_AREA_STYLE_COLOUR('',#818);
#755=FILL_AREA_STYLE_COLOUR('',#818);
#756=FILL_AREA_STYLE_COLOUR('',#818);
#757=FILL_AREA_STYLE_COLOUR('',#818);
#758=FILL_AREA_STYLE_COLOUR('',#818);
#759=FILL_AREA_STYLE_COLOUR('',#818);
#760=FILL_AREA_STYLE_COLOUR('',#818);
#761=FILL_AREA_STYLE_COLOUR('',#818);
#762=FILL_AREA_STYLE_COLOUR('',#818);
#763=FILL_AREA_STYLE_COLOUR('',#818);
#764=FILL_AREA_STYLE_COLOUR('',#818);
#765=FILL_AREA_STYLE_COLOUR('',#818);
#766=FILL_AREA_STYLE_COLOUR('',#818);
#767=FILL_AREA_STYLE_COLOUR('',#818);
#768=FILL_AREA_STYLE_COLOUR('',#818);
#769=FILL_AREA_STYLE_COLOUR('',#818);
#770=FILL_AREA_STYLE_COLOUR('',#818);
#771=FILL_AREA_STYLE_COLOUR('',#818);
#772=FILL_AREA_STYLE_COLOUR('',#818);
#773=FILL_AREA_STYLE_COLOUR('',#818);
#774=FILL_AREA_STYLE_COLOUR('',#818);
#775=FILL_AREA_STYLE_COLOUR('',#818);
#776=FILL_AREA_STYLE_COLOUR('',#818);
#777=FILL_AREA_STYLE_COLOUR('',#818);
#778=FILL_AREA_STYLE_COLOUR('',#818);
#779=FILL_AREA_STYLE_COLOUR('',#818);
#780=FILL_AREA_STYLE_COLOUR('',#818);
#781=FILL_AREA_STYLE_COLOUR('',#818);
#782=FILL_AREA_STYLE_COLOUR('',#818);
#783=FILL_AREA_STYLE_COLOUR('',#818);
#784=FILL_AREA_STYLE_COLOUR('',#818);
#785=FILL_AREA_STYLE_COLOUR('',#818);
#786=FILL_AREA_STYLE_COLOUR('',#818);
#787=FILL_AREA_STYLE_COLOUR('',#818);
#788=FILL_AREA_STYLE_COLOUR('',#818);
#789=FILL_AREA_STYLE_COLOUR('',#818);
#790=FILL_AREA_STYLE_COLOUR('',#818);
#791=FILL_AREA_STYLE_COLOUR('',#818);
#792=FILL_AREA_STYLE_COLOUR('',#818);
#793=FILL_AREA_STYLE_COLOUR('',#819);
#794=FILL_AREA_STYLE_COLOUR('',#819);
#795=FILL_AREA_STYLE_COLOUR('',#819);
#796=FILL_AREA_STYLE_COLOUR('',#819);
#797=FILL_AREA_STYLE_COLOUR('',#818);
#798=FILL_AREA_STYLE_COLOUR('',#819);
#799=FILL_AREA_STYLE_COLOUR('',#819);
#800=FILL_AREA_STYLE_COLOUR('',#819);
#801=FILL_AREA_STYLE_COLOUR('',#818);
#802=FILL_AREA_STYLE_COLOUR('',#819);
#803=FILL_AREA_STYLE_COLOUR('',#819);
#804=FILL_AREA_STYLE_COLOUR('',#818);
#805=FILL_AREA_STYLE_COLOUR('',#819);
#806=FILL_AREA_STYLE_COLOUR('',#819);
#807=FILL_AREA_STYLE_COLOUR('',#819);
#808=FILL_AREA_STYLE_COLOUR('',#819);
#809=FILL_AREA_STYLE_COLOUR('',#818);
#810=FILL_AREA_STYLE_COLOUR('',#819);
#811=FILL_AREA_STYLE_COLOUR('',#819);
#812=FILL_AREA_STYLE_COLOUR('',#819);
#813=FILL_AREA_STYLE_COLOUR('',#818);
#814=FILL_AREA_STYLE_COLOUR('',#819);
#815=FILL_AREA_STYLE_COLOUR('',#819);
#816=FILL_AREA_STYLE_COLOUR('',#819);
#817=COLOUR_RGB('medium royal',0.2,0.4,0.8);
#818=COLOUR_RGB('medium steel',0.596078431372549,0.666666666666667,0.686274509803922);
#819=COLOUR_RGB('strong pink',0.933333333333333,0.584313725490196,0.741176470588235);
#820=MANIFOLD_SOLID_BREP('',#827);
#821=MANIFOLD_SOLID_BREP('',#828);
#822=MANIFOLD_SOLID_BREP('',#829);
#823=MANIFOLD_SOLID_BREP('',#830);
#824=MANIFOLD_SOLID_BREP('',#831);
#825=MANIFOLD_SOLID_BREP('',#832);
#826=MANIFOLD_SOLID_BREP('',#833);
#827=CLOSED_SHELL('',(#1165,#1166,#1167,#1168,#1169,#1170,#1171,#1172,#1173,
#1174,#1175,#1176,#1177,#1178,#1179,#1180,#1181,#1182,#1183,#1184,#1185,
#1186,#1187,#1188,#1189,#1190,#1191,#1192,#1193,#1194,#1195,#1196,#1197,
#1198,#1199,#1200,#1201,#1202,#1203,#1204,#1205,#1206,#1207,#1208,#1209,
#1210,#1211,#1212,#1213,#1214,#1215,#1216,#1217,#1218,#1219,#1220,#1221,
#1222,#1223,#1224,#1225,#1226,#1227,#1228,#1229,#1230,#1231,#1232,#1233,
#1234,#1235,#1236,#1237,#1238,#1239,#1240,#1241,#1242,#1243,#1244,#1245,
#1246,#1247,#1248,#1249,#1250,#1251,#1252,#1253,#1254,#1255,#1256,#1257,
#1258,#1259));
#828=CLOSED_SHELL('',(#1260,#1261,#1262,#1263,#1264,#1265,#1266,#1267,#1268,
#1269));
#829=CLOSED_SHELL('',(#1270,#1271,#1272,#1273,#1274,#1275,#1276,#1277));
#830=CLOSED_SHELL('',(#1278,#1279,#1280,#1281,#1282,#1283));
#831=CLOSED_SHELL('',(#1284,#1285,#1286,#1287,#1288,#1289,#1290,#1291,#1292,
#1293));
#832=CLOSED_SHELL('',(#1294,#1295,#1296,#1297,#1298,#1299,#1300,#1301));
#833=CLOSED_SHELL('',(#1302,#1303,#1304,#1305,#1306,#1307,#1308,#1309));
#834=SPHERICAL_SURFACE('',#3170,1.);
#835=SPHERICAL_SURFACE('',#3174,1.);
#836=SPHERICAL_SURFACE('',#3181,1.);
#837=SPHERICAL_SURFACE('',#3185,1.);
#838=SPHERICAL_SURFACE('',#3212,1.);
#839=SPHERICAL_SURFACE('',#3216,1.);
#840=SPHERICAL_SURFACE('',#3223,1.);
#841=SPHERICAL_SURFACE('',#3227,1.);
#842=(
BOUNDED_SURFACE()
B_SPLINE_SURFACE(3,3,((#4432,#4433,#4434,#4435,#4436,#4437,#4438),(#4439,
#4440,#4441,#4442,#4443,#4444,#4445),(#4446,#4447,#4448,#4449,#4450,#4451,
#4452),(#4453,#4454,#4455,#4456,#4457,#4458,#4459)),.UNSPECIFIED.,.F.,.T.,
 .F.)
B_SPLINE_SURFACE_WITH_KNOTS((4,4),(1,3,3,3,1),(0.,1.),(-0.5,0.,0.5,1.,1.5),
 .UNSPECIFIED.)
GEOMETRIC_REPRESENTATION_ITEM()
RATIONAL_B_SPLINE_SURFACE(((1.,0.333333333333333,0.333333333333333,1.,0.333333333333333,
0.333333333333333,1.),(0.995849452213467,0.331949817404489,0.331949817404489,
0.995849452213467,0.331949817404489,0.331949817404489,0.995849452213467),
(0.995849452213467,0.331949817404489,0.331949817404489,0.995849452213467,
0.331949817404489,0.331949817404489,0.995849452213467),(1.,0.333333333333333,
0.333333333333333,1.,0.333333333333333,0.333333333333333,1.)))
REPRESENTATION_ITEM('')
SURFACE()
);
#843=(
BOUNDED_SURFACE()
B_SPLINE_SURFACE(3,3,((#4462,#4463,#4464,#4465,#4466,#4467,#4468),(#4469,
#4470,#4471,#4472,#4473,#4474,#4475),(#4476,#4477,#4478,#4479,#4480,#4481,
#4482),(#4483,#4484,#4485,#4486,#4487,#4488,#4489)),.UNSPECIFIED.,.F.,.T.,
 .F.)
B_SPLINE_SURFACE_WITH_KNOTS((4,4),(1,3,3,3,1),(0.,1.),(-0.5,0.,0.5,1.,1.5),
 .UNSPECIFIED.)
GEOMETRIC_REPRESENTATION_ITEM()
RATIONAL_B_SPLINE_SURFACE(((1.,0.333333333333333,0.333333333333333,1.,0.333333333333333,
0.333333333333333,1.),(0.99568587115792,0.331895290385973,0.331895290385973,
0.99568587115792,0.331895290385973,0.331895290385973,0.99568587115792),
(0.99568587115792,0.331895290385973,0.331895290385973,0.99568587115792,
0.331895290385973,0.331895290385973,0.99568587115792),(1.,0.333333333333333,
0.333333333333333,1.,0.333333333333333,0.333333333333333,1.)))
REPRESENTATION_ITEM('')
SURFACE()
);
#844=(
BOUNDED_SURFACE()
B_SPLINE_SURFACE(3,3,((#4494,#4495,#4496,#4497,#4498,#4499,#4500),(#4501,
#4502,#4503,#4504,#4505,#4506,#4507),(#4508,#4509,#4510,#4511,#4512,#4513,
#4514),(#4515,#4516,#4517,#4518,#4519,#4520,#4521)),.UNSPECIFIED.,.F.,.T.,
 .F.)
B_SPLINE_SURFACE_WITH_KNOTS((4,4),(1,3,3,3,1),(0.,1.),(-0.5,0.,0.5,1.,1.5),
 .UNSPECIFIED.)
GEOMETRIC_REPRESENTATION_ITEM()
RATIONAL_B_SPLINE_SURFACE(((1.,0.333333333333333,0.333333333333333,1.,0.333333333333333,
0.333333333333333,1.),(0.999242380788212,0.333080793596071,0.333080793596071,
0.999242380788212,0.333080793596071,0.333080793596071,0.999242380788212),
(0.999242380788212,0.333080793596071,0.333080793596071,0.999242380788212,
0.333080793596071,0.333080793596071,0.999242380788212),(1.,0.333333333333333,
0.333333333333333,1.,0.333333333333333,0.333333333333333,1.)))
REPRESENTATION_ITEM('')
SURFACE()
);
#845=(
BOUNDED_SURFACE()
B_SPLINE_SURFACE(3,3,((#4526,#4527,#4528,#4529,#4530,#4531,#4532),(#4533,
#4534,#4535,#4536,#4537,#4538,#4539),(#4540,#4541,#4542,#4543,#4544,#4545,
#4546),(#4547,#4548,#4549,#4550,#4551,#4552,#4553)),.UNSPECIFIED.,.F.,.T.,
 .F.)
B_SPLINE_SURFACE_WITH_KNOTS((4,4),(1,3,3,3,1),(0.,1.),(-0.5,0.,0.5,1.,1.5),
 .UNSPECIFIED.)
GEOMETRIC_REPRESENTATION_ITEM()
RATIONAL_B_SPLINE_SURFACE(((1.,0.333333333333333,0.333333333333333,1.,0.333333333333333,
0.333333333333333,1.),(0.997212365248084,0.332404121749361,0.332404121749361,
0.997212365248084,0.332404121749361,0.332404121749361,0.997212365248084),
(0.997212365248084,0.332404121749361,0.332404121749361,0.997212365248084,
0.332404121749361,0.332404121749361,0.997212365248084),(1.,0.333333333333333,
0.333333333333333,1.,0.333333333333333,0.333333333333333,1.)))
REPRESENTATION_ITEM('')
SURFACE()
);
#846=(
BOUNDED_SURFACE()
B_SPLINE_SURFACE(3,3,((#4558,#4559,#4560,#4561,#4562,#4563,#4564),(#4565,
#4566,#4567,#4568,#4569,#4570,#4571),(#4572,#4573,#4574,#4575,#4576,#4577,
#4578),(#4579,#4580,#4581,#4582,#4583,#4584,#4585)),.UNSPECIFIED.,.F.,.T.,
 .F.)
B_SPLINE_SURFACE_WITH_KNOTS((4,4),(1,3,3,3,1),(0.,1.),(-0.5,0.,0.5,1.,1.5),
 .UNSPECIFIED.)
GEOMETRIC_REPRESENTATION_ITEM()
RATIONAL_B_SPLINE_SURFACE(((1.,0.333333333333333,0.333333333333333,1.,0.333333333333333,
0.333333333333333,1.),(0.926955807768365,0.308985269256122,0.308985269256122,
0.926955807768365,0.308985269256122,0.308985269256122,0.926955807768365),
(0.926955807768365,0.308985269256122,0.308985269256122,0.926955807768365,
0.308985269256122,0.308985269256122,0.926955807768365),(1.,0.333333333333333,
0.333333333333333,1.,0.333333333333333,0.333333333333333,1.)))
REPRESENTATION_ITEM('')
SURFACE()
);
#847=(
BOUNDED_SURFACE()
B_SPLINE_SURFACE(3,3,((#4590,#4591,#4592,#4593,#4594,#4595,#4596),(#4597,
#4598,#4599,#4600,#4601,#4602,#4603),(#4604,#4605,#4606,#4607,#4608,#4609,
#4610),(#4611,#4612,#4613,#4614,#4615,#4616,#4617)),.UNSPECIFIED.,.F.,.T.,
 .F.)
B_SPLINE_SURFACE_WITH_KNOTS((4,4),(1,3,3,3,1),(0.,1.),(-0.5,0.,0.5,1.,1.5),
 .UNSPECIFIED.)
GEOMETRIC_REPRESENTATION_ITEM()
RATIONAL_B_SPLINE_SURFACE(((1.,0.333333333333333,0.333333333333333,1.,0.333333333333333,
0.333333333333333,1.),(0.996494513709844,0.332164837903281,0.332164837903281,
0.996494513709844,0.332164837903281,0.332164837903281,0.996494513709844),
(0.996494513709844,0.332164837903281,0.332164837903281,0.996494513709844,
0.332164837903281,0.332164837903281,0.996494513709844),(1.,0.333333333333333,
0.333333333333333,1.,0.333333333333333,0.333333333333333,1.)))
REPRESENTATION_ITEM('')
SURFACE()
);
#848=(
BOUNDED_SURFACE()
B_SPLINE_SURFACE(3,3,((#4623,#4624,#4625,#4626,#4627,#4628,#4629),(#4630,
#4631,#4632,#4633,#4634,#4635,#4636),(#4637,#4638,#4639,#4640,#4641,#4642,
#4643),(#4644,#4645,#4646,#4647,#4648,#4649,#4650)),.UNSPECIFIED.,.F.,.T.,
 .F.)
B_SPLINE_SURFACE_WITH_KNOTS((4,4),(1,3,3,3,1),(0.,1.),(-0.5,0.,0.5,1.,1.5),
 .UNSPECIFIED.)
GEOMETRIC_REPRESENTATION_ITEM()
RATIONAL_B_SPLINE_SURFACE(((1.,0.333333333333333,0.333333333333333,1.,0.333333333333333,
0.333333333333333,1.),(0.995849452213467,0.331949817404489,0.331949817404489,
0.995849452213467,0.331949817404489,0.331949817404489,0.995849452213467),
(0.995849452213467,0.331949817404489,0.331949817404489,0.995849452213467,
0.331949817404489,0.331949817404489,0.995849452213467),(1.,0.333333333333333,
0.333333333333333,1.,0.333333333333333,0.333333333333333,1.)))
REPRESENTATION_ITEM('')
SURFACE()
);
#849=(
BOUNDED_SURFACE()
B_SPLINE_SURFACE(3,3,((#5024,#5025,#5026,#5027),(#5028,#5029,#5030,#5031),
(#5032,#5033,#5034,#5035),(#5036,#5037,#5038,#5039)),.UNSPECIFIED.,.F.,
 .F.,.F.)
B_SPLINE_SURFACE_WITH_KNOTS((4,4),(4,4),(0.,1.),(0.,1.),.UNSPECIFIED.)
GEOMETRIC_REPRESENTATION_ITEM()
RATIONAL_B_SPLINE_SURFACE(((1.,0.991403469304574,0.991403469304574,1.),
(0.999706966002203,0.991112954382533,0.991112954382533,0.999706966002203),
(0.999706966002203,0.991112954382533,0.991112954382533,0.999706966002203),
(1.,0.991403469304574,0.991403469304574,1.)))
REPRESENTATION_ITEM('')
SURFACE()
);
#850=(
BOUNDED_SURFACE()
B_SPLINE_SURFACE(3,3,((#5069,#5070,#5071,#5072),(#5073,#5074,#5075,#5076),
(#5077,#5078,#5079,#5080),(#5081,#5082,#5083,#5084)),.UNSPECIFIED.,.F.,
 .F.,.F.)
B_SPLINE_SURFACE_WITH_KNOTS((4,4),(4,4),(0.,1.),(0.,1.),.UNSPECIFIED.)
GEOMETRIC_REPRESENTATION_ITEM()
RATIONAL_B_SPLINE_SURFACE(((1.,0.988939834649569,0.988939834649569,1.),
(0.999818601613139,0.988760442558861,0.988760442558861,0.999818601613139),
(0.999818601613139,0.988760442558861,0.988760442558861,0.999818601613139),
(1.,0.988939834649569,0.988939834649569,1.)))
REPRESENTATION_ITEM('')
SURFACE()
);
#851=(
BOUNDED_SURFACE()
B_SPLINE_SURFACE(3,3,((#5102,#5103,#5104,#5105),(#5106,#5107,#5108,#5109),
(#5110,#5111,#5112,#5113),(#5114,#5115,#5116,#5117)),.UNSPECIFIED.,.F.,
 .F.,.F.)
B_SPLINE_SURFACE_WITH_KNOTS((4,4),(4,4),(0.,1.),(0.,1.),.UNSPECIFIED.)
GEOMETRIC_REPRESENTATION_ITEM()
RATIONAL_B_SPLINE_SURFACE(((1.,0.991427069764354,0.991427069764354,1.),
(0.999816600523745,0.991245242559014,0.991245242559014,0.999816600523745),
(0.999816600523745,0.991245242559014,0.991245242559014,0.999816600523745),
(1.,0.991427069764354,0.991427069764354,1.)))
REPRESENTATION_ITEM('')
SURFACE()
);
#852=(
BOUNDED_SURFACE()
B_SPLINE_SURFACE(3,3,((#5143,#5144,#5145,#5146),(#5147,#5148,#5149,#5150),
(#5151,#5152,#5153,#5154),(#5155,#5156,#5157,#5158)),.UNSPECIFIED.,.F.,
 .F.,.F.)
B_SPLINE_SURFACE_WITH_KNOTS((4,4),(4,4),(0.,1.),(0.,1.),.UNSPECIFIED.)
GEOMETRIC_REPRESENTATION_ITEM()
RATIONAL_B_SPLINE_SURFACE(((1.,0.988992243072532,0.988992243072532,1.),
(0.999816600523745,0.988810862413132,0.988810862413132,0.999816600523745),
(0.999816600523745,0.988810862413132,0.988810862413132,0.999816600523745),
(1.,0.988992243072532,0.988992243072532,1.)))
REPRESENTATION_ITEM('')
SURFACE()
);
#853=(
BOUNDED_SURFACE()
B_SPLINE_SURFACE(3,3,((#5297,#5298,#5299,#5300),(#5301,#5302,#5303,#5304),
(#5305,#5306,#5307,#5308),(#5309,#5310,#5311,#5312)),.UNSPECIFIED.,.F.,
 .F.,.F.)
B_SPLINE_SURFACE_WITH_KNOTS((4,4),(4,4),(0.,1.),(0.,1.),.UNSPECIFIED.)
GEOMETRIC_REPRESENTATION_ITEM()
RATIONAL_B_SPLINE_SURFACE(((1.,0.991863189534811,0.991863189534811,1.),
(0.999870857085789,0.991735097432016,0.991735097432016,0.999870857085789),
(0.999870857085789,0.991735097432016,0.991735097432016,0.999870857085789),
(1.,0.991863189534811,0.991863189534811,1.)))
REPRESENTATION_ITEM('')
SURFACE()
);
#854=(
BOUNDED_SURFACE()
B_SPLINE_SURFACE(3,3,((#5381,#5382,#5383,#5384),(#5385,#5386,#5387,#5388),
(#5389,#5390,#5391,#5392),(#5393,#5394,#5395,#5396)),.UNSPECIFIED.,.F.,
 .F.,.F.)
B_SPLINE_SURFACE_WITH_KNOTS((4,4),(4,4),(0.,1.),(0.,1.),.UNSPECIFIED.)
GEOMETRIC_REPRESENTATION_ITEM()
RATIONAL_B_SPLINE_SURFACE(((1.,0.990807707235609,0.990807707235609,1.),
(0.999809674093592,0.990619130860653,0.990619130860653,0.999809674093592),
(0.999809674093592,0.990619130860653,0.990619130860653,0.999809674093592),
(1.,0.990807707235609,0.990807707235609,1.)))
REPRESENTATION_ITEM('')
SURFACE()
);
#855=CONICAL_SURFACE('',#3116,17.6376830081336,1.96910417977823);
#856=CONICAL_SURFACE('',#3133,19.5,1.96910417977654);
#857=CONICAL_SURFACE('',#3135,17.5174738306614,1.96910417977811);
#858=CONICAL_SURFACE('',#3141,13.0064280515746,31.2856074132056);
#859=CONICAL_SURFACE('',#3142,13.0982202000044,21.5087082515236);
#860=CONICAL_SURFACE('',#3144,12.4076702234399,34.01741361466);
#861=CONICAL_SURFACE('',#3145,10.8390950420164,41.4822894569321);
#862=CONICAL_SURFACE('',#3146,6.50096024900565,56.1766370569855);
#863=CONICAL_SURFACE('',#3236,19.5,1.96910417977654);
#864=CONICAL_SURFACE('',#3249,17.6376830081336,1.96910417977823);
#865=CONICAL_SURFACE('',#3252,19.5,1.96910417977654);
#866=CONICAL_SURFACE('',#3271,19.5,1.96910417977654);
#867=CONICAL_SURFACE('',#3283,17.6376830081336,1.96910417977823);
#868=CONICAL_SURFACE('',#3288,19.5,1.96910417977654);
#869=CONICAL_SURFACE('',#3299,19.5,1.96910417977654);
#870=TOROIDAL_SURFACE('',#3110,20.5,2.5);
#871=TOROIDAL_SURFACE('',#3233,20.5,2.5);
#872=TOROIDAL_SURFACE('',#3248,20.5,2.5);
#873=TOROIDAL_SURFACE('',#3268,20.5,2.5);
#874=TOROIDAL_SURFACE('',#3284,20.5,2.5);
#875=TOROIDAL_SURFACE('',#3289,20.5,2.5);
#876=TOROIDAL_SURFACE('',#3295,20.5,2.5);
#877=CYLINDRICAL_SURFACE('',#3081,0.99);
#878=CYLINDRICAL_SURFACE('',#3083,0.99);
#879=CYLINDRICAL_SURFACE('',#3085,0.99);
#880=CYLINDRICAL_SURFACE('',#3086,0.99);
#881=CYLINDRICAL_SURFACE('',#3089,0.99);
#882=CYLINDRICAL_SURFACE('',#3091,0.99);
#883=CYLINDRICAL_SURFACE('',#3093,0.99);
#884=CYLINDRICAL_SURFACE('',#3094,0.99);
#885=CYLINDRICAL_SURFACE('',#3096,0.99);
#886=CYLINDRICAL_SURFACE('',#3098,0.99);
#887=CYLINDRICAL_SURFACE('',#3099,0.99);
#888=CYLINDRICAL_SURFACE('',#3101,0.99);
#889=CYLINDRICAL_SURFACE('',#3103,0.99);
#890=CYLINDRICAL_SURFACE('',#3104,0.99);
#891=CYLINDRICAL_SURFACE('',#3136,1.3);
#892=CYLINDRICAL_SURFACE('',#3138,17.6147014604425);
#893=CYLINDRICAL_SURFACE('',#3158,1.);
#894=CYLINDRICAL_SURFACE('',#3161,1.);
#895=CYLINDRICAL_SURFACE('',#3164,1.);
#896=CYLINDRICAL_SURFACE('',#3166,1.);
#897=CYLINDRICAL_SURFACE('',#3168,1.);
#898=CYLINDRICAL_SURFACE('',#3172,1.);
#899=CYLINDRICAL_SURFACE('',#3175,1.);
#900=CYLINDRICAL_SURFACE('',#3176,1.);
#901=CYLINDRICAL_SURFACE('',#3177,1.);
#902=CYLINDRICAL_SURFACE('',#3179,1.);
#903=CYLINDRICAL_SURFACE('',#3183,1.);
#904=CYLINDRICAL_SURFACE('',#3186,1.);
#905=CYLINDRICAL_SURFACE('',#3187,1.);
#906=CYLINDRICAL_SURFACE('',#3188,1.);
#907=CYLINDRICAL_SURFACE('',#3200,1.);
#908=CYLINDRICAL_SURFACE('',#3203,1.);
#909=CYLINDRICAL_SURFACE('',#3205,1.);
#910=CYLINDRICAL_SURFACE('',#3208,1.);
#911=CYLINDRICAL_SURFACE('',#3210,1.);
#912=CYLINDRICAL_SURFACE('',#3214,1.);
#913=CYLINDRICAL_SURFACE('',#3217,1.);
#914=CYLINDRICAL_SURFACE('',#3218,1.);
#915=CYLINDRICAL_SURFACE('',#3219,1.);
#916=CYLINDRICAL_SURFACE('',#3221,1.);
#917=CYLINDRICAL_SURFACE('',#3225,1.);
#918=CYLINDRICAL_SURFACE('',#3228,1.);
#919=CYLINDRICAL_SURFACE('',#3229,1.);
#920=CYLINDRICAL_SURFACE('',#3230,1.);
#921=ELLIPSE('',#3079,1.40007142674936,0.99);
#922=ELLIPSE('',#3080,1.40007142674936,0.99);
#923=ELLIPSE('',#3082,1.40007142674936,0.99);
#924=ELLIPSE('',#3084,1.40007142674936,0.99);
#925=ELLIPSE('',#3087,1.40007142674936,0.99);
#926=ELLIPSE('',#3088,1.40007142674936,0.99);
#927=ELLIPSE('',#3090,1.40007142674936,0.99);
#928=ELLIPSE('',#3092,1.40007142674936,0.99);
#929=ELLIPSE('',#3095,1.40007142674936,0.99);
#930=ELLIPSE('',#3097,1.40007142674936,0.99);
#931=ELLIPSE('',#3100,1.40007142674936,0.99);
#932=ELLIPSE('',#3102,1.40007142674936,0.99);
#933=ELLIPSE('',#3112,38.0888462526472,16.8640724492843);
#934=ELLIPSE('',#3113,20.2912723311387,18.1806279734329);
#935=ELLIPSE('',#3114,20.4120679257182,18.2007931625909);
#936=ELLIPSE('',#3115,37.3991692994724,16.88130986457);
#937=ELLIPSE('',#3148,1.02524460775047,1.);
#938=ELLIPSE('',#3156,1.60184039022545,1.);
#939=ELLIPSE('',#3157,1.28008335163302,1.);
#940=ELLIPSE('',#3165,1.28008335163302,1.);
#941=ELLIPSE('',#3194,1.02914424408471,1.);
#942=ELLIPSE('',#3201,1.27190227164845,1.);
#943=ELLIPSE('',#3202,1.61827566004876,1.);
#944=ELLIPSE('',#3204,1.27190227164845,1.);
#945=ELLIPSE('',#3234,41.6714728629217,18.8097505663562);
#946=ELLIPSE('',#3235,22.6553958178535,20.2010974487226);
#947=ELLIPSE('',#3241,20.4120679257182,18.2007931625909);
#948=ELLIPSE('',#3243,37.9828586195377,17.14477668646);
#949=ELLIPSE('',#3245,37.2304251512423,16.8051418023519);
#950=ELLIPSE('',#3250,42.4239063312164,19.1493854504639);
#951=ELLIPSE('',#3269,42.441544847726,18.7912566955702);
#952=ELLIPSE('',#3270,22.523782100994,20.180917995193);
#953=ELLIPSE('',#3274,20.2912723311387,18.1806279734329);
#954=ELLIPSE('',#3276,38.6992782565878,17.1343449976186);
#955=ELLIPSE('',#3280,37.9134631255168,16.7864204841213);
#956=ELLIPSE('',#3285,42.4239063312164,19.1493854504639);
#957=ELLIPSE('',#3297,43.2273599787963,19.1391812090673);
#958=ELLIPSE('',#3298,42.441544847726,18.7912566955703);
#959=FACE_OUTER_BOUND('',#1485,.T.);
#960=FACE_OUTER_BOUND('',#1486,.T.);
#961=FACE_OUTER_BOUND('',#1487,.T.);
#962=FACE_OUTER_BOUND('',#1488,.T.);
#963=FACE_OUTER_BOUND('',#1489,.T.);
#964=FACE_OUTER_BOUND('',#1490,.T.);
#965=FACE_OUTER_BOUND('',#1491,.T.);
#966=FACE_OUTER_BOUND('',#1492,.T.);
#967=FACE_OUTER_BOUND('',#1493,.T.);
#968=FACE_OUTER_BOUND('',#1494,.T.);
#969=FACE_OUTER_BOUND('',#1495,.T.);
#970=FACE_OUTER_BOUND('',#1496,.T.);
#971=FACE_OUTER_BOUND('',#1497,.T.);
#972=FACE_OUTER_BOUND('',#1498,.T.);
#973=FACE_OUTER_BOUND('',#1499,.T.);
#974=FACE_OUTER_BOUND('',#1500,.T.);
#975=FACE_OUTER_BOUND('',#1501,.T.);
#976=FACE_OUTER_BOUND('',#1502,.T.);
#977=FACE_OUTER_BOUND('',#1503,.T.);
#978=FACE_OUTER_BOUND('',#1504,.T.);
#979=FACE_OUTER_BOUND('',#1505,.T.);
#980=FACE_OUTER_BOUND('',#1549,.T.);
#981=FACE_OUTER_BOUND('',#1550,.T.);
#982=FACE_OUTER_BOUND('',#1551,.T.);
#983=FACE_OUTER_BOUND('',#1552,.T.);
#984=FACE_OUTER_BOUND('',#1553,.T.);
#985=FACE_OUTER_BOUND('',#1554,.T.);
#986=FACE_OUTER_BOUND('',#1555,.T.);
#987=FACE_OUTER_BOUND('',#1556,.T.);
#988=FACE_OUTER_BOUND('',#1557,.T.);
#989=FACE_OUTER_BOUND('',#1558,.T.);
#990=FACE_OUTER_BOUND('',#1559,.T.);
#991=FACE_OUTER_BOUND('',#1560,.T.);
#992=FACE_OUTER_BOUND('',#1561,.T.);
#993=FACE_OUTER_BOUND('',#1562,.T.);
#994=FACE_OUTER_BOUND('',#1563,.T.);
#995=FACE_OUTER_BOUND('',#1564,.T.);
#996=FACE_OUTER_BOUND('',#1565,.T.);
#997=FACE_OUTER_BOUND('',#1566,.T.);
#998=FACE_OUTER_BOUND('',#1567,.T.);
#999=FACE_OUTER_BOUND('',#1568,.T.);
#1000=FACE_OUTER_BOUND('',#1569,.T.);
#1001=FACE_OUTER_BOUND('',#1570,.T.);
#1002=FACE_OUTER_BOUND('',#1571,.T.);
#1003=FACE_OUTER_BOUND('',#1572,.T.);
#1004=FACE_OUTER_BOUND('',#1573,.T.);
#1005=FACE_OUTER_BOUND('',#1574,.T.);
#1006=FACE_OUTER_BOUND('',#1575,.T.);
#1007=FACE_OUTER_BOUND('',#1576,.T.);
#1008=FACE_OUTER_BOUND('',#1577,.T.);
#1009=FACE_OUTER_BOUND('',#1578,.T.);
#1010=FACE_OUTER_BOUND('',#1579,.T.);
#1011=FACE_OUTER_BOUND('',#1580,.T.);
#1012=FACE_OUTER_BOUND('',#1581,.T.);
#1013=FACE_OUTER_BOUND('',#1582,.T.);
#1014=FACE_OUTER_BOUND('',#1583,.T.);
#1015=FACE_OUTER_BOUND('',#1584,.T.);
#1016=FACE_OUTER_BOUND('',#1585,.T.);
#1017=FACE_OUTER_BOUND('',#1586,.T.);
#1018=FACE_OUTER_BOUND('',#1587,.T.);
#1019=FACE_OUTER_BOUND('',#1588,.T.);
#1020=FACE_OUTER_BOUND('',#1589,.T.);
#1021=FACE_OUTER_BOUND('',#1590,.T.);
#1022=FACE_OUTER_BOUND('',#1591,.T.);
#1023=FACE_OUTER_BOUND('',#1592,.T.);
#1024=FACE_OUTER_BOUND('',#1593,.T.);
#1025=FACE_OUTER_BOUND('',#1594,.T.);
#1026=FACE_OUTER_BOUND('',#1595,.T.);
#1027=FACE_OUTER_BOUND('',#1596,.T.);
#1028=FACE_OUTER_BOUND('',#1597,.T.);
#1029=FACE_OUTER_BOUND('',#1598,.T.);
#1030=FACE_OUTER_BOUND('',#1599,.T.);
#1031=FACE_OUTER_BOUND('',#1600,.T.);
#1032=FACE_OUTER_BOUND('',#1601,.T.);
#1033=FACE_OUTER_BOUND('',#1602,.T.);
#1034=FACE_OUTER_BOUND('',#1603,.T.);
#1035=FACE_OUTER_BOUND('',#1604,.T.);
#1036=FACE_OUTER_BOUND('',#1605,.T.);
#1037=FACE_OUTER_BOUND('',#1606,.T.);
#1038=FACE_OUTER_BOUND('',#1607,.T.);
#1039=FACE_OUTER_BOUND('',#1608,.T.);
#1040=FACE_OUTER_BOUND('',#1609,.T.);
#1041=FACE_OUTER_BOUND('',#1610,.T.);
#1042=FACE_OUTER_BOUND('',#1611,.T.);
#1043=FACE_OUTER_BOUND('',#1612,.T.);
#1044=FACE_OUTER_BOUND('',#1613,.T.);
#1045=FACE_OUTER_BOUND('',#1614,.T.);
#1046=FACE_OUTER_BOUND('',#1615,.T.);
#1047=FACE_OUTER_BOUND('',#1616,.T.);
#1048=FACE_OUTER_BOUND('',#1617,.T.);
#1049=FACE_OUTER_BOUND('',#1618,.T.);
#1050=FACE_OUTER_BOUND('',#1619,.T.);
#1051=FACE_OUTER_BOUND('',#1620,.T.);
#1052=FACE_OUTER_BOUND('',#1621,.T.);
#1053=FACE_OUTER_BOUND('',#1622,.T.);
#1054=FACE_OUTER_BOUND('',#1623,.T.);
#1055=FACE_OUTER_BOUND('',#1624,.T.);
#1056=FACE_OUTER_BOUND('',#1625,.T.);
#1057=FACE_OUTER_BOUND('',#1626,.T.);
#1058=FACE_OUTER_BOUND('',#1627,.T.);
#1059=FACE_OUTER_BOUND('',#1628,.T.);
#1060=FACE_OUTER_BOUND('',#1629,.T.);
#1061=FACE_OUTER_BOUND('',#1630,.T.);
#1062=FACE_OUTER_BOUND('',#1631,.T.);
#1063=FACE_OUTER_BOUND('',#1632,.T.);
#1064=FACE_OUTER_BOUND('',#1633,.T.);
#1065=FACE_OUTER_BOUND('',#1634,.T.);
#1066=FACE_OUTER_BOUND('',#1635,.T.);
#1067=FACE_OUTER_BOUND('',#1636,.T.);
#1068=FACE_OUTER_BOUND('',#1637,.T.);
#1069=FACE_OUTER_BOUND('',#1638,.T.);
#1070=FACE_OUTER_BOUND('',#1639,.T.);
#1071=FACE_OUTER_BOUND('',#1640,.T.);
#1072=FACE_OUTER_BOUND('',#1641,.T.);
#1073=FACE_OUTER_BOUND('',#1642,.T.);
#1074=FACE_OUTER_BOUND('',#1643,.T.);
#1075=FACE_OUTER_BOUND('',#1644,.T.);
#1076=FACE_OUTER_BOUND('',#1645,.T.);
#1077=FACE_OUTER_BOUND('',#1646,.T.);
#1078=FACE_OUTER_BOUND('',#1647,.T.);
#1079=FACE_OUTER_BOUND('',#1648,.T.);
#1080=FACE_OUTER_BOUND('',#1649,.T.);
#1081=FACE_OUTER_BOUND('',#1650,.T.);
#1082=B_SPLINE_CURVE_WITH_KNOTS('',3,(#3948,#3949,#3950,#3951),
 .UNSPECIFIED.,.F.,.F.,(4,4),(0.,1.),.UNSPECIFIED.);
#1083=B_SPLINE_CURVE_WITH_KNOTS('',3,(#3960,#3961,#3962,#3963),
 .UNSPECIFIED.,.F.,.F.,(4,4),(0.,1.),.UNSPECIFIED.);
#1084=B_SPLINE_CURVE_WITH_KNOTS('',3,(#4012,#4013,#4014,#4015,#4016,#4017,
#4018,#4019,#4020,#4021,#4022,#4023,#4024,#4025,#4026,#4027),
 .UNSPECIFIED.,.F.,.F.,(4,3,3,3,3,4),(0.,0.210048015525771,0.420147356809874,
0.631523785761941,0.846319880618317,1.),.UNSPECIFIED.);
#1085=B_SPLINE_CURVE_WITH_KNOTS('',3,(#4032,#4033,#4034,#4035,#4036,#4037,
#4038,#4039,#4040,#4041,#4042,#4043,#4044,#4045,#4046,#4047),
 .UNSPECIFIED.,.F.,.F.,(4,3,3,3,3,4),(0.,0.217799166528364,0.435777870420295,
0.652830017779417,0.866740176511382,1.),.UNSPECIFIED.);
#1086=B_SPLINE_CURVE_WITH_KNOTS('',3,(#4049,#4050,#4051,#4052,#4053,#4054,
#4055,#4056,#4057,#4058,#4059,#4060,#4061,#4062,#4063,#4064),
 .UNSPECIFIED.,.F.,.F.,(4,3,3,3,3,4),(0.,0.217832373709947,0.43572564905804,
0.654435039138043,0.871296667349819,1.),.UNSPECIFIED.);
#1087=B_SPLINE_CURVE_WITH_KNOTS('',3,(#4069,#4070,#4071,#4072,#4073,#4074,
#4075,#4076,#4077,#4078,#4079,#4080,#4081,#4082,#4083,#4084),
 .UNSPECIFIED.,.F.,.F.,(4,3,3,3,3,4),(0.,0.211288043164526,0.422518296054962,
0.636530777050421,0.854188933243339,1.),.UNSPECIFIED.);
#1088=B_SPLINE_CURVE_WITH_KNOTS('',3,(#4086,#4087,#4088,#4089,#4090,#4091),
 .UNSPECIFIED.,.F.,.F.,(4,2,4),(0.,0.5,1.),.UNSPECIFIED.);
#1089=B_SPLINE_CURVE_WITH_KNOTS('',3,(#4096,#4097,#4098,#4099,#4100,#4101,
#4102,#4103,#4104,#4105,#4106,#4107,#4108,#4109,#4110,#4111),
 .UNSPECIFIED.,.F.,.F.,(4,3,3,3,3,4),(0.,0.0291714227025117,0.071362755891987,
0.180890642018223,0.565200559460253,1.),.UNSPECIFIED.);
#1090=B_SPLINE_CURVE_WITH_KNOTS('',3,(#4115,#4116,#4117,#4118,#4119,#4120,
#4121,#4122,#4123,#4124,#4125,#4126,#4127),.UNSPECIFIED.,.F.,.F.,(4,3,3,
3,4),(0.,0.396616281554861,0.660325327088192,0.925899657641512,1.),
 .UNSPECIFIED.);
#1091=B_SPLINE_CURVE_WITH_KNOTS('',3,(#4129,#4130,#4131,#4132,#4133,#4134,
#4135),.UNSPECIFIED.,.F.,.F.,(4,3,4),(0.,0.691598730999159,1.),
 .UNSPECIFIED.);
#1092=B_SPLINE_CURVE_WITH_KNOTS('',3,(#4139,#4140,#4141,#4142),
 .UNSPECIFIED.,.F.,.F.,(4,4),(0.,1.),.UNSPECIFIED.);
#1093=B_SPLINE_CURVE_WITH_KNOTS('',3,(#4144,#4145,#4146,#4147,#4148,#4149,
#4150,#4151,#4152,#4153,#4154,#4155,#4156),.UNSPECIFIED.,.F.,.F.,(4,3,3,
3,4),(0.,0.265043953540103,0.528905862891321,0.880562281695836,1.),
 .UNSPECIFIED.);
#1094=B_SPLINE_CURVE_WITH_KNOTS('',3,(#4167,#4168,#4169,#4170,#4171,#4172,
#4173,#4174,#4175,#4176,#4177,#4178,#4179),.UNSPECIFIED.,.F.,.F.,(4,3,3,
3,4),(0.,0.184463351860486,0.530972185099253,0.911324183036734,1.),
 .UNSPECIFIED.);
#1095=B_SPLINE_CURVE_WITH_KNOTS('',3,(#4183,#4184,#4185,#4186,#4187,#4188,
#4189,#4190,#4191,#4192,#4193,#4194,#4195,#4196,#4197,#4198),
 .UNSPECIFIED.,.F.,.F.,(4,3,3,3,3,4),(0.,0.352042744303704,0.579908291874608,
0.771448231122036,0.96427179881574,1.),.UNSPECIFIED.);
#1096=B_SPLINE_CURVE_WITH_KNOTS('',3,(#4199,#4200,#4201,#4202,#4203,#4204,
#4205,#4206,#4207,#4208,#4209,#4210,#4211),.UNSPECIFIED.,.F.,.F.,(4,3,3,
3,4),(0.,0.257016069607183,0.511300929250679,0.89485975447742,1.),
 .UNSPECIFIED.);
#1097=B_SPLINE_CURVE_WITH_KNOTS('',3,(#4215,#4216,#4217,#4218,#4219,#4220,
#4221,#4222,#4223,#4224),.UNSPECIFIED.,.F.,.F.,(4,3,3,4),(0.,0.349237253921917,
0.733541904005388,1.),.UNSPECIFIED.);
#1098=B_SPLINE_CURVE_WITH_KNOTS('',3,(#4228,#4229,#4230,#4231,#4232,#4233,
#4234,#4235,#4236,#4237,#4238,#4239,#4240),.UNSPECIFIED.,.F.,.F.,(4,3,3,
3,4),(0.,0.337239891210639,0.679714599438646,0.891607000383357,1.),
 .UNSPECIFIED.);
#1099=B_SPLINE_CURVE_WITH_KNOTS('',3,(#4241,#4242,#4243,#4244,#4245,#4246,
#4247,#4248,#4249,#4250,#4251,#4252,#4253,#4254,#4255,#4256),
 .UNSPECIFIED.,.F.,.F.,(4,3,3,3,3,4),(0.,0.221773603474412,0.380412311327431,
0.540108580260103,0.723436366545962,1.),.UNSPECIFIED.);
#1100=B_SPLINE_CURVE_WITH_KNOTS('',3,(#4262,#4263,#4264,#4265),
 .UNSPECIFIED.,.F.,.F.,(4,4),(0.,1.),.UNSPECIFIED.);
#1101=B_SPLINE_CURVE_WITH_KNOTS('',3,(#4268,#4269,#4270,#4271,#4272,#4273,
#4274,#4275,#4276,#4277,#4278,#4279,#4280,#4281,#4282,#4283,#4284,#4285,
#4286),.UNSPECIFIED.,.F.,.F.,(4,3,3,3,3,3,4),(0.,0.186018158373368,0.372147462957726,
0.557631393323967,0.755358789775293,0.974239557367673,1.),.UNSPECIFIED.);
#1102=B_SPLINE_CURVE_WITH_KNOTS('',3,(#4288,#4289,#4290,#4291),
 .UNSPECIFIED.,.F.,.F.,(4,4),(0.,1.),.UNSPECIFIED.);
#1103=B_SPLINE_CURVE_WITH_KNOTS('',3,(#4293,#4294,#4295,#4296,#4297,#4298,
#4299,#4300,#4301,#4302,#4303,#4304,#4305,#4306,#4307,#4308),
 .UNSPECIFIED.,.F.,.F.,(4,3,3,3,3,4),(0.,0.228173825930716,0.456563309756605,
0.681067874453609,0.896721970256546,1.),.UNSPECIFIED.);
#1104=B_SPLINE_CURVE_WITH_KNOTS('',3,(#4310,#4311,#4312,#4313),
 .UNSPECIFIED.,.F.,.F.,(4,4),(0.,1.),.UNSPECIFIED.);
#1105=B_SPLINE_CURVE_WITH_KNOTS('',3,(#4315,#4316,#4317,#4318,#4319,#4320,
#4321,#4322,#4323,#4324,#4325,#4326,#4327,#4328,#4329,#4330,#4331,#4332,
#4333),.UNSPECIFIED.,.F.,.F.,(4,3,3,3,3,3,4),(0.,0.159961274976854,0.319836705240396,
0.481041725249961,0.645179767599262,0.812711247241618,1.),.UNSPECIFIED.);
#1106=B_SPLINE_CURVE_WITH_KNOTS('',3,(#4337,#4338,#4339,#4340,#4341,#4342,
#4343,#4344,#4345,#4346),.UNSPECIFIED.,.F.,.F.,(4,3,3,4),(0.,0.334702364027725,
0.670562890957925,1.),.UNSPECIFIED.);
#1107=B_SPLINE_CURVE_WITH_KNOTS('',3,(#4347,#4348,#4349,#4350),
 .UNSPECIFIED.,.F.,.F.,(4,4),(0.,1.),.UNSPECIFIED.);
#1108=B_SPLINE_CURVE_WITH_KNOTS('',3,(#4353,#4354,#4355,#4356,#4357,#4358,
#4359,#4360,#4361,#4362,#4363,#4364,#4365,#4366,#4367,#4368),
 .UNSPECIFIED.,.F.,.F.,(4,3,3,3,3,4),(0.,0.206614550404536,0.413014256978733,
0.622761313381516,0.839866414405636,1.),.UNSPECIFIED.);
#1109=B_SPLINE_CURVE_WITH_KNOTS('',3,(#4370,#4371,#4372,#4373),
 .UNSPECIFIED.,.F.,.F.,(4,4),(0.,1.),.UNSPECIFIED.);
#1110=B_SPLINE_CURVE_WITH_KNOTS('',3,(#4375,#4376,#4377,#4378,#4379,#4380,
#4381,#4382,#4383,#4384,#4385,#4386,#4387,#4388,#4389,#4390),
 .UNSPECIFIED.,.F.,.F.,(4,3,3,3,3,4),(0.,0.238199081032099,0.477539732313936,
0.698405592757479,0.895119952004384,1.),.UNSPECIFIED.);
#1111=B_SPLINE_CURVE_WITH_KNOTS('',3,(#4392,#4393,#4394,#4395),
 .UNSPECIFIED.,.F.,.F.,(4,4),(0.,1.),.UNSPECIFIED.);
#1112=B_SPLINE_CURVE_WITH_KNOTS('',3,(#4397,#4398,#4399,#4400,#4401,#4402,
#4403,#4404,#4405,#4406,#4407,#4408,#4409),.UNSPECIFIED.,.F.,.F.,(4,3,3,
3,4),(0.,0.285508114862563,0.569794297710031,0.872762767151118,1.),
 .UNSPECIFIED.);
#1113=B_SPLINE_CURVE_WITH_KNOTS('',3,(#4413,#4414,#4415,#4416,#4417,#4418,
#4419,#4420,#4421,#4422,#4423,#4424,#4425,#4426,#4427,#4428,#4429,#4430,
#4431),.UNSPECIFIED.,.F.,.F.,(4,3,3,3,3,3,4),(0.,0.172195908817287,0.344427536232679,
0.515955457633584,0.685005643683419,0.85094224549862,1.),.UNSPECIFIED.);
#1114=B_SPLINE_CURVE_WITH_KNOTS('',3,(#4738,#4739,#4740,#4741,#4742,#4743,
#4744,#4745,#4746,#4747,#4748,#4749,#4750,#4751,#4752,#4753,#4754,#4755,
#4756,#4757,#4758,#4759),.UNSPECIFIED.,.F.,.F.,(4,3,3,3,3,3,3,4),(0.,0.0334334774085393,
0.138754872397995,0.515032415795447,0.68776726150697,0.863383579402493,
0.974833915452765,1.),.UNSPECIFIED.);
#1115=B_SPLINE_CURVE_WITH_KNOTS('',3,(#4849,#4850,#4851,#4852,#4853,#4854,
#4855,#4856,#4857,#4858,#4859,#4860,#4861,#4862,#4863,#4864,#4865,#4866,
#4867,#4868,#4869,#4870,#4871,#4872,#4873),.UNSPECIFIED.,.F.,.F.,(4,3,3,
3,3,3,3,3,4),(0.,0.125067035617584,0.248652330487737,0.439306100104143,
0.738932317608845,0.869682788752239,0.942405529357011,0.982159846833544,
1.),.UNSPECIFIED.);
#1116=B_SPLINE_CURVE_WITH_KNOTS('',3,(#4902,#4903,#4904,#4905,#4906,#4907,
#4908,#4909,#4910,#4911),.UNSPECIFIED.,.F.,.F.,(4,2,2,2,4),(0.,0.25,0.5,
0.75,1.),.UNSPECIFIED.);
#1117=B_SPLINE_CURVE_WITH_KNOTS('',3,(#4916,#4917,#4918,#4919,#4920,#4921),
 .UNSPECIFIED.,.F.,.F.,(4,2,4),(0.,0.499999999999999,1.),.UNSPECIFIED.);
#1118=B_SPLINE_CURVE_WITH_KNOTS('',3,(#4923,#4924,#4925,#4926,#4927,#4928),
 .UNSPECIFIED.,.F.,.F.,(4,2,4),(0.,0.5,1.),.UNSPECIFIED.);
#1119=B_SPLINE_CURVE_WITH_KNOTS('',3,(#4930,#4931,#4932,#4933,#4934,#4935,
#4936,#4937),.UNSPECIFIED.,.F.,.F.,(4,2,2,4),(0.,0.5,0.75,1.),
 .UNSPECIFIED.);
#1120=B_SPLINE_CURVE_WITH_KNOTS('',3,(#4945,#4946,#4947,#4948),
 .UNSPECIFIED.,.F.,.F.,(4,4),(0.,1.),.UNSPECIFIED.);
#1121=B_SPLINE_CURVE_WITH_KNOTS('',3,(#4951,#4952,#4953,#4954,#4955,#4956,
#4957,#4958,#4959,#4960),.UNSPECIFIED.,.F.,.F.,(4,3,3,4),(0.,0.157356049685184,
0.95506148258642,1.),.UNSPECIFIED.);
#1122=B_SPLINE_CURVE_WITH_KNOTS('',3,(#4981,#4982,#4983,#4984),
 .UNSPECIFIED.,.F.,.F.,(4,4),(0.,1.),.UNSPECIFIED.);
#1123=B_SPLINE_CURVE_WITH_KNOTS('',3,(#4998,#4999,#5000,#5001),
 .UNSPECIFIED.,.F.,.F.,(4,4),(0.,1.),.UNSPECIFIED.);
#1124=B_SPLINE_CURVE_WITH_KNOTS('',3,(#5003,#5004,#5005,#5006),
 .UNSPECIFIED.,.F.,.F.,(4,4),(0.,1.),.UNSPECIFIED.);
#1125=B_SPLINE_CURVE_WITH_KNOTS('',3,(#5010,#5011,#5012,#5013),
 .UNSPECIFIED.,.F.,.F.,(4,4),(0.,1.),.UNSPECIFIED.);
#1126=B_SPLINE_CURVE_WITH_KNOTS('',3,(#5015,#5016,#5017,#5018),
 .UNSPECIFIED.,.F.,.F.,(4,4),(0.,1.),.UNSPECIFIED.);
#1127=B_SPLINE_CURVE_WITH_KNOTS('',3,(#5020,#5021,#5022,#5023),
 .UNSPECIFIED.,.F.,.F.,(4,4),(0.,1.),.UNSPECIFIED.);
#1128=B_SPLINE_CURVE_WITH_KNOTS('',3,(#5044,#5045,#5046,#5047),
 .UNSPECIFIED.,.F.,.F.,(4,4),(0.,1.),.UNSPECIFIED.);
#1129=B_SPLINE_CURVE_WITH_KNOTS('',3,(#5053,#5054,#5055,#5056),
 .UNSPECIFIED.,.F.,.F.,(4,4),(0.,1.),.UNSPECIFIED.);
#1130=B_SPLINE_CURVE_WITH_KNOTS('',3,(#5064,#5065,#5066,#5067),
 .UNSPECIFIED.,.F.,.F.,(4,4),(0.,1.),.UNSPECIFIED.);
#1131=B_SPLINE_CURVE_WITH_KNOTS('',3,(#5088,#5089,#5090,#5091),
 .UNSPECIFIED.,.F.,.F.,(4,4),(0.,1.),.UNSPECIFIED.);
#1132=B_SPLINE_CURVE_WITH_KNOTS('',3,(#5093,#5094,#5095,#5096),
 .UNSPECIFIED.,.F.,.F.,(4,4),(0.,1.),.UNSPECIFIED.);
#1133=B_SPLINE_CURVE_WITH_KNOTS('',3,(#5098,#5099,#5100,#5101),
 .UNSPECIFIED.,.F.,.F.,(4,4),(0.,1.),.UNSPECIFIED.);
#1134=B_SPLINE_CURVE_WITH_KNOTS('',3,(#5118,#5119,#5120,#5121),
 .UNSPECIFIED.,.F.,.F.,(4,4),(0.,1.),.UNSPECIFIED.);
#1135=B_SPLINE_CURVE_WITH_KNOTS('',3,(#5129,#5130,#5131,#5132),
 .UNSPECIFIED.,.F.,.F.,(4,4),(0.,1.),.UNSPECIFIED.);
#1136=B_SPLINE_CURVE_WITH_KNOTS('',3,(#5134,#5135,#5136,#5137),
 .UNSPECIFIED.,.F.,.F.,(4,4),(0.,1.),.UNSPECIFIED.);
#1137=B_SPLINE_CURVE_WITH_KNOTS('',3,(#5159,#5160,#5161,#5162,#5163,#5164,
#5165,#5166,#5167,#5168),.UNSPECIFIED.,.F.,.F.,(4,2,2,2,4),(0.,0.25,0.499999999999999,
0.75,1.),.UNSPECIFIED.);
#1138=B_SPLINE_CURVE_WITH_KNOTS('',3,(#5173,#5174,#5175,#5176,#5177,#5178,
#5179,#5180,#5181,#5182),.UNSPECIFIED.,.F.,.F.,(4,2,2,2,4),(0.,0.5,0.75,
0.875,1.),.UNSPECIFIED.);
#1139=B_SPLINE_CURVE_WITH_KNOTS('',3,(#5184,#5185,#5186,#5187),
 .UNSPECIFIED.,.F.,.F.,(4,4),(0.,1.),.UNSPECIFIED.);
#1140=B_SPLINE_CURVE_WITH_KNOTS('',3,(#5189,#5190,#5191,#5192),
 .UNSPECIFIED.,.F.,.F.,(4,4),(0.,1.),.UNSPECIFIED.);
#1141=B_SPLINE_CURVE_WITH_KNOTS('',3,(#5203,#5204,#5205,#5206,#5207,#5208,
#5209),.UNSPECIFIED.,.F.,.F.,(4,3,4),(0.,0.146496948930756,1.),
 .UNSPECIFIED.);
#1142=B_SPLINE_CURVE_WITH_KNOTS('',3,(#5211,#5212,#5213,#5214),
 .UNSPECIFIED.,.F.,.F.,(4,4),(0.,1.),.UNSPECIFIED.);
#1143=B_SPLINE_CURVE_WITH_KNOTS('',3,(#5232,#5233,#5234,#5235),
 .UNSPECIFIED.,.F.,.F.,(4,4),(0.,1.),.UNSPECIFIED.);
#1144=B_SPLINE_CURVE_WITH_KNOTS('',3,(#5250,#5251,#5252,#5253,#5254,#5255),
 .UNSPECIFIED.,.F.,.F.,(4,2,4),(0.,0.5,1.),.UNSPECIFIED.);
#1145=B_SPLINE_CURVE_WITH_KNOTS('',3,(#5259,#5260,#5261,#5262,#5263,#5264),
 .UNSPECIFIED.,.F.,.F.,(4,2,4),(0.,0.5,1.),.UNSPECIFIED.);
#1146=B_SPLINE_CURVE_WITH_KNOTS('',3,(#5266,#5267,#5268,#5269),
 .UNSPECIFIED.,.F.,.F.,(4,4),(0.,1.),.UNSPECIFIED.);
#1147=B_SPLINE_CURVE_WITH_KNOTS('',3,(#5271,#5272,#5273,#5274,#5275,#5276),
 .UNSPECIFIED.,.F.,.F.,(4,2,4),(0.,0.5,1.),.UNSPECIFIED.);
#1148=B_SPLINE_CURVE_WITH_KNOTS('',3,(#5278,#5279,#5280,#5281),
 .UNSPECIFIED.,.F.,.F.,(4,4),(0.,1.),.UNSPECIFIED.);
#1149=B_SPLINE_CURVE_WITH_KNOTS('',3,(#5283,#5284,#5285,#5286),
 .UNSPECIFIED.,.F.,.F.,(4,4),(0.,1.),.UNSPECIFIED.);
#1150=B_SPLINE_CURVE_WITH_KNOTS('',3,(#5288,#5289,#5290,#5291),
 .UNSPECIFIED.,.F.,.F.,(4,4),(0.,1.),.UNSPECIFIED.);
#1151=B_SPLINE_CURVE_WITH_KNOTS('',3,(#5293,#5294,#5295,#5296),
 .UNSPECIFIED.,.F.,.F.,(4,4),(0.,1.),.UNSPECIFIED.);
#1152=B_SPLINE_CURVE_WITH_KNOTS('',3,(#5317,#5318,#5319,#5320,#5321),
 .UNSPECIFIED.,.F.,.F.,(4,1,4),(0.,0.534510118605414,1.),.UNSPECIFIED.);
#1153=B_SPLINE_CURVE_WITH_KNOTS('',3,(#5329,#5330,#5331,#5332,#5333),
 .UNSPECIFIED.,.F.,.F.,(4,1,4),(0.,0.465489881394586,1.),.UNSPECIFIED.);
#1154=B_SPLINE_CURVE_WITH_KNOTS('',3,(#5335,#5336,#5337,#5338,#5339),
 .UNSPECIFIED.,.F.,.F.,(4,1,4),(0.,0.465489881394586,1.),.UNSPECIFIED.);
#1155=B_SPLINE_CURVE_WITH_KNOTS('',3,(#5340,#5341,#5342,#5343,#5344,#5345),
 .UNSPECIFIED.,.F.,.F.,(4,2,4),(0.,0.5,1.),.UNSPECIFIED.);
#1156=B_SPLINE_CURVE_WITH_KNOTS('',3,(#5348,#5349,#5350,#5351,#5352,#5353,
#5354,#5355),.UNSPECIFIED.,.F.,.F.,(4,2,2,4),(0.,0.25,0.5,1.),
 .UNSPECIFIED.);
#1157=B_SPLINE_CURVE_WITH_KNOTS('',3,(#5357,#5358,#5359,#5360),
 .UNSPECIFIED.,.F.,.F.,(4,4),(0.,1.),.UNSPECIFIED.);
#1158=B_SPLINE_CURVE_WITH_KNOTS('',3,(#5364,#5365,#5366,#5367),
 .UNSPECIFIED.,.F.,.F.,(4,4),(0.,1.),.UNSPECIFIED.);
#1159=B_SPLINE_CURVE_WITH_KNOTS('',3,(#5372,#5373,#5374,#5375),
 .UNSPECIFIED.,.F.,.F.,(4,4),(0.,1.),.UNSPECIFIED.);
#1160=B_SPLINE_CURVE_WITH_KNOTS('',3,(#5377,#5378,#5379,#5380),
 .UNSPECIFIED.,.F.,.F.,(4,4),(0.,1.),.UNSPECIFIED.);
#1161=B_SPLINE_CURVE_WITH_KNOTS('',3,(#5398,#5399,#5400,#5401,#5402,#5403,
#5404,#5405,#5406,#5407),.UNSPECIFIED.,.F.,.F.,(4,3,3,4),(0.,0.332602869174059,
0.665245029429129,1.),.UNSPECIFIED.);
#1162=B_SPLINE_CURVE_WITH_KNOTS('',3,(#5419,#5420,#5421,#5422),
 .UNSPECIFIED.,.F.,.F.,(4,4),(0.,1.),.UNSPECIFIED.);
#1163=B_SPLINE_CURVE_WITH_KNOTS('',3,(#5424,#5425,#5426,#5427),
 .UNSPECIFIED.,.F.,.F.,(4,4),(0.,1.),.UNSPECIFIED.);
#1164=B_SPLINE_CURVE_WITH_KNOTS('',3,(#5431,#5432,#5433,#5434),
 .UNSPECIFIED.,.F.,.F.,(4,4),(0.,1.),.UNSPECIFIED.);
#1165=ADVANCED_FACE('',(#1434,#1435),#1310,.T.);
#1166=ADVANCED_FACE('',(#1436,#1437),#1311,.T.);
#1167=ADVANCED_FACE('',(#959),#1312,.T.);
#1168=ADVANCED_FACE('',(#960),#1313,.T.);
#1169=ADVANCED_FACE('',(#961),#1314,.T.);
#1170=ADVANCED_FACE('',(#962),#1315,.F.);
#1171=ADVANCED_FACE('',(#963),#1316,.F.);
#1172=ADVANCED_FACE('',(#964),#1317,.F.);
#1173=ADVANCED_FACE('',(#965),#1318,.F.);
#1174=ADVANCED_FACE('',(#966),#877,.T.);
#1175=ADVANCED_FACE('',(#967),#878,.T.);
#1176=ADVANCED_FACE('',(#968),#879,.T.);
#1177=ADVANCED_FACE('',(#969),#880,.T.);
#1178=ADVANCED_FACE('',(#970),#881,.T.);
#1179=ADVANCED_FACE('',(#971),#882,.T.);
#1180=ADVANCED_FACE('',(#972),#883,.T.);
#1181=ADVANCED_FACE('',(#973),#884,.T.);
#1182=ADVANCED_FACE('',(#974),#885,.T.);
#1183=ADVANCED_FACE('',(#975),#886,.T.);
#1184=ADVANCED_FACE('',(#976),#887,.T.);
#1185=ADVANCED_FACE('',(#977),#888,.T.);
#1186=ADVANCED_FACE('',(#978),#889,.T.);
#1187=ADVANCED_FACE('',(#979),#890,.T.);
#1188=ADVANCED_FACE('',(#1438,#1439),#870,.T.);
#1189=ADVANCED_FACE('',(#1440,#1441,#1442),#855,.F.);
#1190=ADVANCED_FACE('',(#1443,#1444,#1445,#1446),#842,.T.);
#1191=ADVANCED_FACE('',(#1447,#1448),#843,.T.);
#1192=ADVANCED_FACE('',(#1449,#1450),#844,.T.);
#1193=ADVANCED_FACE('',(#1451,#1452),#845,.T.);
#1194=ADVANCED_FACE('',(#1453,#1454),#846,.T.);
#1195=ADVANCED_FACE('',(#1455,#1456),#847,.T.);
#1196=ADVANCED_FACE('',(#1457,#1458),#1319,.T.);
#1197=ADVANCED_FACE('',(#1459,#1460),#848,.T.);
#1198=ADVANCED_FACE('',(#1461,#1462),#856,.T.);
#1199=ADVANCED_FACE('',(#1463,#1464),#857,.F.);
#1200=ADVANCED_FACE('',(#1465,#1466),#891,.F.);
#1201=ADVANCED_FACE('',(#1467,#1468),#892,.F.);
#1202=ADVANCED_FACE('',(#1469,#1470),#1320,.F.);
#1203=ADVANCED_FACE('',(#1471,#1472),#858,.F.);
#1204=ADVANCED_FACE('',(#1473,#1474),#859,.F.);
#1205=ADVANCED_FACE('',(#1475,#1476),#860,.F.);
#1206=ADVANCED_FACE('',(#1477,#1478),#861,.F.);
#1207=ADVANCED_FACE('',(#1479,#1480),#862,.F.);
#1208=ADVANCED_FACE('',(#980),#1321,.F.);
#1209=ADVANCED_FACE('',(#981),#1322,.F.);
#1210=ADVANCED_FACE('',(#982),#1323,.T.);
#1211=ADVANCED_FACE('',(#983),#1324,.T.);
#1212=ADVANCED_FACE('',(#984),#1325,.T.);
#1213=ADVANCED_FACE('',(#985),#1326,.T.);
#1214=ADVANCED_FACE('',(#986),#1327,.F.);
#1215=ADVANCED_FACE('',(#987),#1328,.F.);
#1216=ADVANCED_FACE('',(#988),#893,.T.);
#1217=ADVANCED_FACE('',(#989),#894,.T.);
#1218=ADVANCED_FACE('',(#990),#895,.T.);
#1219=ADVANCED_FACE('',(#991),#896,.T.);
#1220=ADVANCED_FACE('',(#992),#897,.T.);
#1221=ADVANCED_FACE('',(#993),#834,.T.);
#1222=ADVANCED_FACE('',(#994),#898,.T.);
#1223=ADVANCED_FACE('',(#995),#835,.T.);
#1224=ADVANCED_FACE('',(#996),#899,.T.);
#1225=ADVANCED_FACE('',(#997),#900,.T.);
#1226=ADVANCED_FACE('',(#998),#901,.T.);
#1227=ADVANCED_FACE('',(#999),#902,.T.);
#1228=ADVANCED_FACE('',(#1000),#836,.T.);
#1229=ADVANCED_FACE('',(#1001),#903,.T.);
#1230=ADVANCED_FACE('',(#1002),#837,.T.);
#1231=ADVANCED_FACE('',(#1003),#904,.T.);
#1232=ADVANCED_FACE('',(#1004),#905,.T.);
#1233=ADVANCED_FACE('',(#1005),#906,.T.);
#1234=ADVANCED_FACE('',(#1006),#1329,.T.);
#1235=ADVANCED_FACE('',(#1007),#1330,.T.);
#1236=ADVANCED_FACE('',(#1008),#1331,.F.);
#1237=ADVANCED_FACE('',(#1009),#1332,.F.);
#1238=ADVANCED_FACE('',(#1010),#1333,.T.);
#1239=ADVANCED_FACE('',(#1011),#1334,.F.);
#1240=ADVANCED_FACE('',(#1012),#1335,.T.);
#1241=ADVANCED_FACE('',(#1013),#1336,.F.);
#1242=ADVANCED_FACE('',(#1014),#907,.T.);
#1243=ADVANCED_FACE('',(#1015),#908,.T.);
#1244=ADVANCED_FACE('',(#1016),#909,.T.);
#1245=ADVANCED_FACE('',(#1017),#910,.T.);
#1246=ADVANCED_FACE('',(#1018),#911,.T.);
#1247=ADVANCED_FACE('',(#1019),#838,.T.);
#1248=ADVANCED_FACE('',(#1020),#912,.T.);
#1249=ADVANCED_FACE('',(#1021),#839,.T.);
#1250=ADVANCED_FACE('',(#1022),#913,.T.);
#1251=ADVANCED_FACE('',(#1023),#914,.T.);
#1252=ADVANCED_FACE('',(#1024),#915,.T.);
#1253=ADVANCED_FACE('',(#1025),#916,.T.);
#1254=ADVANCED_FACE('',(#1026),#840,.T.);
#1255=ADVANCED_FACE('',(#1027),#917,.T.);
#1256=ADVANCED_FACE('',(#1028),#841,.T.);
#1257=ADVANCED_FACE('',(#1029),#918,.T.);
#1258=ADVANCED_FACE('',(#1030),#919,.T.);
#1259=ADVANCED_FACE('',(#1031),#920,.T.);
#1260=ADVANCED_FACE('',(#1032),#871,.T.);
#1261=ADVANCED_FACE('',(#1033),#863,.T.);
#1262=ADVANCED_FACE('',(#1034),#1337,.T.);
#1263=ADVANCED_FACE('',(#1035),#1338,.T.);
#1264=ADVANCED_FACE('',(#1036),#1339,.F.);
#1265=ADVANCED_FACE('',(#1037),#1340,.F.);
#1266=ADVANCED_FACE('',(#1038),#1341,.T.);
#1267=ADVANCED_FACE('',(#1039),#1342,.T.);
#1268=ADVANCED_FACE('',(#1040),#872,.T.);
#1269=ADVANCED_FACE('',(#1041),#864,.F.);
#1270=ADVANCED_FACE('',(#1042),#865,.T.);
#1271=ADVANCED_FACE('',(#1043),#849,.T.);
#1272=ADVANCED_FACE('',(#1044),#1343,.F.);
#1273=ADVANCED_FACE('',(#1045),#1344,.F.);
#1274=ADVANCED_FACE('',(#1046),#1345,.T.);
#1275=ADVANCED_FACE('',(#1047),#1346,.T.);
#1276=ADVANCED_FACE('',(#1048),#1347,.T.);
#1277=ADVANCED_FACE('',(#1049),#850,.T.);
#1278=ADVANCED_FACE('',(#1050),#851,.T.);
#1279=ADVANCED_FACE('',(#1051),#1348,.F.);
#1280=ADVANCED_FACE('',(#1052),#1349,.T.);
#1281=ADVANCED_FACE('',(#1053),#1350,.T.);
#1282=ADVANCED_FACE('',(#1054),#1351,.T.);
#1283=ADVANCED_FACE('',(#1055),#852,.T.);
#1284=ADVANCED_FACE('',(#1056),#873,.T.);
#1285=ADVANCED_FACE('',(#1057),#866,.T.);
#1286=ADVANCED_FACE('',(#1058),#1352,.T.);
#1287=ADVANCED_FACE('',(#1059),#1353,.F.);
#1288=ADVANCED_FACE('',(#1060),#1354,.F.);
#1289=ADVANCED_FACE('',(#1061),#1355,.T.);
#1290=ADVANCED_FACE('',(#1062),#1356,.T.);
#1291=ADVANCED_FACE('',(#1063),#1357,.T.);
#1292=ADVANCED_FACE('',(#1064),#867,.F.);
#1293=ADVANCED_FACE('',(#1065),#874,.T.);
#1294=ADVANCED_FACE('',(#1066),#868,.T.);
#1295=ADVANCED_FACE('',(#1067),#875,.T.);
#1296=ADVANCED_FACE('',(#1068),#853,.T.);
#1297=ADVANCED_FACE('',(#1069),#1358,.T.);
#1298=ADVANCED_FACE('',(#1070),#1359,.T.);
#1299=ADVANCED_FACE('',(#1071),#1360,.T.);
#1300=ADVANCED_FACE('',(#1072),#1361,.T.);
#1301=ADVANCED_FACE('',(#1073),#23,.F.);
#1302=ADVANCED_FACE('',(#1074),#876,.T.);
#1303=ADVANCED_FACE('',(#1075),#854,.T.);
#1304=ADVANCED_FACE('',(#1076),#869,.T.);
#1305=ADVANCED_FACE('',(#1077),#1362,.T.);
#1306=ADVANCED_FACE('',(#1078),#1363,.T.);
#1307=ADVANCED_FACE('',(#1079),#1364,.T.);
#1308=ADVANCED_FACE('',(#1080),#1365,.T.);
#1309=ADVANCED_FACE('',(#1081),#24,.F.);
#1310=PLANE('',#3069);
#1311=PLANE('',#3071);
#1312=PLANE('',#3072);
#1313=PLANE('',#3073);
#1314=PLANE('',#3074);
#1315=PLANE('',#3075);
#1316=PLANE('',#3076);
#1317=PLANE('',#3077);
#1318=PLANE('',#3078);
#1319=PLANE('',#3131);
#1320=PLANE('',#3139);
#1321=PLANE('',#3147);
#1322=PLANE('',#3149);
#1323=PLANE('',#3150);
#1324=PLANE('',#3151);
#1325=PLANE('',#3152);
#1326=PLANE('',#3153);
#1327=PLANE('',#3154);
#1328=PLANE('',#3155);
#1329=PLANE('',#3189);
#1330=PLANE('',#3190);
#1331=PLANE('',#3191);
#1332=PLANE('',#3192);
#1333=PLANE('',#3193);
#1334=PLANE('',#3195);
#1335=PLANE('',#3196);
#1336=PLANE('',#3197);
#1337=PLANE('',#3237);
#1338=PLANE('',#3239);
#1339=PLANE('',#3240);
#1340=PLANE('',#3242);
#1341=PLANE('',#3244);
#1342=PLANE('',#3246);
#1343=PLANE('',#3254);
#1344=PLANE('',#3255);
#1345=PLANE('',#3256);
#1346=PLANE('',#3258);
#1347=PLANE('',#3259);
#1348=PLANE('',#3261);
#1349=PLANE('',#3262);
#1350=PLANE('',#3263);
#1351=PLANE('',#3265);
#1352=PLANE('',#3272);
#1353=PLANE('',#3273);
#1354=PLANE('',#3275);
#1355=PLANE('',#3277);
#1356=PLANE('',#3279);
#1357=PLANE('',#3281);
#1358=PLANE('',#3290);
#1359=PLANE('',#3291);
#1360=PLANE('',#3292);
#1361=PLANE('',#3293);
#1362=PLANE('',#3300);
#1363=PLANE('',#3301);
#1364=PLANE('',#3302);
#1365=PLANE('',#3303);
#1366=CIRCLE('',#3068,17.9469515471661);
#1367=CIRCLE('',#3070,17.8266184383137);
#1368=CIRCLE('',#3105,18.0014762482299);
#1369=CIRCLE('',#3106,18.2458633986245);
#1370=CIRCLE('',#3107,18.0014762482299);
#1371=CIRCLE('',#3108,18.1300937933371);
#1372=CIRCLE('',#3109,19.9149573381208);
#1373=CIRCLE('',#3111,17.6147014604426);
#1374=CIRCLE('',#3117,15.);
#1375=CIRCLE('',#3118,17.5);
#1376=CIRCLE('',#3119,17.2074927927738);
#1377=CIRCLE('',#3120,17.1395610150606);
#1378=CIRCLE('',#3121,13.0982202000044);
#1379=CIRCLE('',#3122,11.1777620827283);
#1380=CIRCLE('',#3123,12.4076702234397);
#1381=CIRCLE('',#3124,1.3);
#1382=CIRCLE('',#3125,5.04984193569704);
#1383=CIRCLE('',#3126,17.);
#1384=CIRCLE('',#3127,1.3);
#1385=CIRCLE('',#3128,6.50096024900558);
#1386=CIRCLE('',#3129,9.97612712302337);
#1387=CIRCLE('',#3130,5.0084949118349);
#1388=CIRCLE('',#3132,19.5);
#1389=CIRCLE('',#3134,17.5149968845363);
#1390=CIRCLE('',#3137,17.6147014604425);
#1391=CIRCLE('',#3140,13.0064280515746);
#1392=CIRCLE('',#3143,10.8390950420164);
#1393=CIRCLE('',#3159,1.);
#1394=CIRCLE('',#3160,1.);
#1395=CIRCLE('',#3162,1.);
#1396=CIRCLE('',#3163,1.);
#1397=CIRCLE('',#3167,1.);
#1398=CIRCLE('',#3169,1.);
#1399=CIRCLE('',#3171,1.);
#1400=CIRCLE('',#3173,1.);
#1401=CIRCLE('',#3178,1.);
#1402=CIRCLE('',#3180,1.);
#1403=CIRCLE('',#3182,1.);
#1404=CIRCLE('',#3184,1.);
#1405=CIRCLE('',#3198,1.);
#1406=CIRCLE('',#3199,1.);
#1407=CIRCLE('',#3206,1.);
#1408=CIRCLE('',#3207,1.);
#1409=CIRCLE('',#3209,1.);
#1410=CIRCLE('',#3211,1.);
#1411=CIRCLE('',#3213,1.);
#1412=CIRCLE('',#3215,1.);
#1413=CIRCLE('',#3220,1.);
#1414=CIRCLE('',#3222,1.);
#1415=CIRCLE('',#3224,1.);
#1416=CIRCLE('',#3226,1.);
#1417=CIRCLE('',#3231,22.7541366013754);
#1418=CIRCLE('',#3232,19.9149573381208);
#1419=CIRCLE('',#3238,18.2458633986245);
#1420=CIRCLE('',#3247,18.0014762482299);
#1421=CIRCLE('',#3251,19.5);
#1422=CIRCLE('',#3253,19.2074927927738);
#1423=CIRCLE('',#3257,17.2074927927738);
#1424=CIRCLE('',#3260,19.1395610150606);
#1425=CIRCLE('',#3264,17.1395610150606);
#1426=CIRCLE('',#3266,19.9149573381208);
#1427=CIRCLE('',#3267,22.8699062066628);
#1428=CIRCLE('',#3278,18.1300937933371);
#1429=CIRCLE('',#3282,18.0014762482299);
#1430=CIRCLE('',#3286,19.5);
#1431=CIRCLE('',#3287,19.9149573381208);
#1432=CIRCLE('',#3294,19.9149573381208);
#1433=CIRCLE('',#3296,19.5);
#1434=FACE_BOUND('',#1481,.T.);
#1435=FACE_BOUND('',#1482,.T.);
#1436=FACE_BOUND('',#1483,.T.);
#1437=FACE_BOUND('',#1484,.T.);
#1438=FACE_BOUND('',#1506,.T.);
#1439=FACE_BOUND('',#1507,.T.);
#1440=FACE_BOUND('',#1508,.T.);
#1441=FACE_BOUND('',#1509,.T.);
#1442=FACE_BOUND('',#1510,.T.);
#1443=FACE_BOUND('',#1511,.T.);
#1444=FACE_BOUND('',#1512,.T.);
#1445=FACE_BOUND('',#1513,.T.);
#1446=FACE_BOUND('',#1514,.T.);
#1447=FACE_BOUND('',#1515,.T.);
#1448=FACE_BOUND('',#1516,.T.);
#1449=FACE_BOUND('',#1517,.T.);
#1450=FACE_BOUND('',#1518,.T.);
#1451=FACE_BOUND('',#1519,.T.);
#1452=FACE_BOUND('',#1520,.T.);
#1453=FACE_BOUND('',#1521,.T.);
#1454=FACE_BOUND('',#1522,.T.);
#1455=FACE_BOUND('',#1523,.T.);
#1456=FACE_BOUND('',#1524,.T.);
#1457=FACE_BOUND('',#1525,.T.);
#1458=FACE_BOUND('',#1526,.T.);
#1459=FACE_BOUND('',#1527,.T.);
#1460=FACE_BOUND('',#1528,.T.);
#1461=FACE_BOUND('',#1529,.T.);
#1462=FACE_BOUND('',#1530,.T.);
#1463=FACE_BOUND('',#1531,.T.);
#1464=FACE_BOUND('',#1532,.T.);
#1465=FACE_BOUND('',#1533,.T.);
#1466=FACE_BOUND('',#1534,.T.);
#1467=FACE_BOUND('',#1535,.T.);
#1468=FACE_BOUND('',#1536,.T.);
#1469=FACE_BOUND('',#1537,.T.);
#1470=FACE_BOUND('',#1538,.T.);
#1471=FACE_BOUND('',#1539,.T.);
#1472=FACE_BOUND('',#1540,.T.);
#1473=FACE_BOUND('',#1541,.T.);
#1474=FACE_BOUND('',#1542,.T.);
#1475=FACE_BOUND('',#1543,.T.);
#1476=FACE_BOUND('',#1544,.T.);
#1477=FACE_BOUND('',#1545,.T.);
#1478=FACE_BOUND('',#1546,.T.);
#1479=FACE_BOUND('',#1547,.T.);
#1480=FACE_BOUND('',#1548,.T.);
#1481=EDGE_LOOP('',(#1651,#1652,#1653,#1654));
#1482=EDGE_LOOP('',(#1655,#1656,#1657,#1658));
#1483=EDGE_LOOP('',(#1659,#1660,#1661,#1662));
#1484=EDGE_LOOP('',(#1663,#1664,#1665,#1666));
#1485=EDGE_LOOP('',(#1667,#1668,#1669,#1670));
#1486=EDGE_LOOP('',(#1671,#1672,#1673,#1674));
#1487=EDGE_LOOP('',(#1675,#1676,#1677,#1678));
#1488=EDGE_LOOP('',(#1679,#1680,#1681,#1682));
#1489=EDGE_LOOP('',(#1683,#1684,#1685,#1686));
#1490=EDGE_LOOP('',(#1687,#1688,#1689,#1690));
#1491=EDGE_LOOP('',(#1691,#1692,#1693,#1694));
#1492=EDGE_LOOP('',(#1695,#1696,#1697,#1698));
#1493=EDGE_LOOP('',(#1699,#1700,#1701,#1702));
#1494=EDGE_LOOP('',(#1703,#1704,#1705,#1706));
#1495=EDGE_LOOP('',(#1707,#1708,#1709,#1710));
#1496=EDGE_LOOP('',(#1711,#1712,#1713,#1714));
#1497=EDGE_LOOP('',(#1715,#1716,#1717,#1718));
#1498=EDGE_LOOP('',(#1719,#1720,#1721,#1722));
#1499=EDGE_LOOP('',(#1723,#1724,#1725,#1726));
#1500=EDGE_LOOP('',(#1727,#1728,#1729,#1730));
#1501=EDGE_LOOP('',(#1731,#1732,#1733,#1734));
#1502=EDGE_LOOP('',(#1735,#1736,#1737,#1738));
#1503=EDGE_LOOP('',(#1739,#1740,#1741,#1742));
#1504=EDGE_LOOP('',(#1743,#1744,#1745,#1746));
#1505=EDGE_LOOP('',(#1747,#1748,#1749,#1750));
#1506=EDGE_LOOP('',(#1751,#1752,#1753,#1754,#1755,#1756,#1757,#1758,#1759,
#1760));
#1507=EDGE_LOOP('',(#1761));
#1508=EDGE_LOOP('',(#1762));
#1509=EDGE_LOOP('',(#1763,#1764,#1765,#1766,#1767,#1768,#1769,#1770,#1771,
#1772,#1773,#1774));
#1510=EDGE_LOOP('',(#1775,#1776,#1777,#1778,#1779,#1780,#1781,#1782));
#1511=EDGE_LOOP('',(#1783));
#1512=EDGE_LOOP('',(#1784));
#1513=EDGE_LOOP('',(#1785,#1786,#1787,#1788,#1789,#1790,#1791,#1792));
#1514=EDGE_LOOP('',(#1793,#1794,#1795,#1796,#1797,#1798,#1799,#1800));
#1515=EDGE_LOOP('',(#1801));
#1516=EDGE_LOOP('',(#1802));
#1517=EDGE_LOOP('',(#1803));
#1518=EDGE_LOOP('',(#1804));
#1519=EDGE_LOOP('',(#1805));
#1520=EDGE_LOOP('',(#1806));
#1521=EDGE_LOOP('',(#1807));
#1522=EDGE_LOOP('',(#1808));
#1523=EDGE_LOOP('',(#1809));
#1524=EDGE_LOOP('',(#1810));
#1525=EDGE_LOOP('',(#1811));
#1526=EDGE_LOOP('',(#1812));
#1527=EDGE_LOOP('',(#1813));
#1528=EDGE_LOOP('',(#1814));
#1529=EDGE_LOOP('',(#1815));
#1530=EDGE_LOOP('',(#1816));
#1531=EDGE_LOOP('',(#1817));
#1532=EDGE_LOOP('',(#1818));
#1533=EDGE_LOOP('',(#1819));
#1534=EDGE_LOOP('',(#1820));
#1535=EDGE_LOOP('',(#1821));
#1536=EDGE_LOOP('',(#1822));
#1537=EDGE_LOOP('',(#1823));
#1538=EDGE_LOOP('',(#1824));
#1539=EDGE_LOOP('',(#1825));
#1540=EDGE_LOOP('',(#1826));
#1541=EDGE_LOOP('',(#1827));
#1542=EDGE_LOOP('',(#1828));
#1543=EDGE_LOOP('',(#1829));
#1544=EDGE_LOOP('',(#1830));
#1545=EDGE_LOOP('',(#1831));
#1546=EDGE_LOOP('',(#1832));
#1547=EDGE_LOOP('',(#1833));
#1548=EDGE_LOOP('',(#1834));
#1549=EDGE_LOOP('',(#1835,#1836,#1837,#1838));
#1550=EDGE_LOOP('',(#1839,#1840,#1841,#1842,#1843));
#1551=EDGE_LOOP('',(#1844,#1845,#1846,#1847,#1848,#1849));
#1552=EDGE_LOOP('',(#1850,#1851,#1852,#1853));
#1553=EDGE_LOOP('',(#1854,#1855,#1856,#1857,#1858,#1859,#1860,#1861));
#1554=EDGE_LOOP('',(#1862,#1863,#1864,#1865));
#1555=EDGE_LOOP('',(#1866,#1867,#1868,#1869));
#1556=EDGE_LOOP('',(#1870,#1871,#1872,#1873));
#1557=EDGE_LOOP('',(#1874,#1875,#1876,#1877));
#1558=EDGE_LOOP('',(#1878,#1879,#1880,#1881));
#1559=EDGE_LOOP('',(#1882,#1883,#1884,#1885));
#1560=EDGE_LOOP('',(#1886,#1887,#1888,#1889,#1890));
#1561=EDGE_LOOP('',(#1891,#1892,#1893,#1894,#1895));
#1562=EDGE_LOOP('',(#1896,#1897,#1898));
#1563=EDGE_LOOP('',(#1899,#1900,#1901,#1902));
#1564=EDGE_LOOP('',(#1903,#1904,#1905));
#1565=EDGE_LOOP('',(#1906,#1907,#1908,#1909,#1910));
#1566=EDGE_LOOP('',(#1911,#1912,#1913,#1914));
#1567=EDGE_LOOP('',(#1915,#1916,#1917,#1918));
#1568=EDGE_LOOP('',(#1919,#1920,#1921,#1922));
#1569=EDGE_LOOP('',(#1923,#1924,#1925));
#1570=EDGE_LOOP('',(#1926,#1927,#1928,#1929));
#1571=EDGE_LOOP('',(#1930,#1931,#1932));
#1572=EDGE_LOOP('',(#1933,#1934,#1935,#1936));
#1573=EDGE_LOOP('',(#1937,#1938,#1939,#1940));
#1574=EDGE_LOOP('',(#1941,#1942,#1943,#1944,#1945));
#1575=EDGE_LOOP('',(#1946,#1947,#1948,#1949,#1950,#1951));
#1576=EDGE_LOOP('',(#1952,#1953,#1954,#1955,#1956,#1957,#1958,#1959));
#1577=EDGE_LOOP('',(#1960,#1961,#1962,#1963));
#1578=EDGE_LOOP('',(#1964,#1965,#1966,#1967));
#1579=EDGE_LOOP('',(#1968,#1969,#1970,#1971));
#1580=EDGE_LOOP('',(#1972,#1973,#1974,#1975,#1976));
#1581=EDGE_LOOP('',(#1977,#1978,#1979,#1980));
#1582=EDGE_LOOP('',(#1981,#1982,#1983,#1984));
#1583=EDGE_LOOP('',(#1985,#1986,#1987,#1988));
#1584=EDGE_LOOP('',(#1989,#1990,#1991,#1992));
#1585=EDGE_LOOP('',(#1993,#1994,#1995,#1996,#1997));
#1586=EDGE_LOOP('',(#1998,#1999,#2000,#2001));
#1587=EDGE_LOOP('',(#2002,#2003,#2004,#2005,#2006));
#1588=EDGE_LOOP('',(#2007,#2008,#2009));
#1589=EDGE_LOOP('',(#2010,#2011,#2012,#2013));
#1590=EDGE_LOOP('',(#2014,#2015,#2016));
#1591=EDGE_LOOP('',(#2017,#2018,#2019,#2020,#2021));
#1592=EDGE_LOOP('',(#2022,#2023,#2024,#2025));
#1593=EDGE_LOOP('',(#2026,#2027,#2028,#2029));
#1594=EDGE_LOOP('',(#2030,#2031,#2032,#2033));
#1595=EDGE_LOOP('',(#2034,#2035,#2036));
#1596=EDGE_LOOP('',(#2037,#2038,#2039,#2040));
#1597=EDGE_LOOP('',(#2041,#2042,#2043));
#1598=EDGE_LOOP('',(#2044,#2045,#2046,#2047));
#1599=EDGE_LOOP('',(#2048,#2049,#2050,#2051));
#1600=EDGE_LOOP('',(#2052,#2053,#2054,#2055,#2056));
#1601=EDGE_LOOP('',(#2057,#2058,#2059,#2060,#2061,#2062));
#1602=EDGE_LOOP('',(#2063,#2064,#2065));
#1603=EDGE_LOOP('',(#2066,#2067,#2068,#2069));
#1604=EDGE_LOOP('',(#2070,#2071,#2072,#2073,#2074));
#1605=EDGE_LOOP('',(#2075,#2076,#2077));
#1606=EDGE_LOOP('',(#2078,#2079,#2080,#2081,#2082,#2083));
#1607=EDGE_LOOP('',(#2084,#2085,#2086,#2087,#2088,#2089));
#1608=EDGE_LOOP('',(#2090,#2091,#2092,#2093,#2094,#2095));
#1609=EDGE_LOOP('',(#2096,#2097,#2098,#2099));
#1610=EDGE_LOOP('',(#2100,#2101,#2102,#2103,#2104));
#1611=EDGE_LOOP('',(#2105,#2106,#2107));
#1612=EDGE_LOOP('',(#2108,#2109,#2110,#2111,#2112,#2113));
#1613=EDGE_LOOP('',(#2114,#2115,#2116,#2117));
#1614=EDGE_LOOP('',(#2118,#2119,#2120,#2121,#2122));
#1615=EDGE_LOOP('',(#2123,#2124,#2125,#2126,#2127,#2128));
#1616=EDGE_LOOP('',(#2129,#2130,#2131,#2132));
#1617=EDGE_LOOP('',(#2133,#2134,#2135,#2136));
#1618=EDGE_LOOP('',(#2137,#2138,#2139,#2140));
#1619=EDGE_LOOP('',(#2141,#2142,#2143,#2144));
#1620=EDGE_LOOP('',(#2145,#2146,#2147,#2148));
#1621=EDGE_LOOP('',(#2149,#2150,#2151,#2152));
#1622=EDGE_LOOP('',(#2153,#2154,#2155,#2156));
#1623=EDGE_LOOP('',(#2157,#2158,#2159,#2160));
#1624=EDGE_LOOP('',(#2161,#2162,#2163,#2164));
#1625=EDGE_LOOP('',(#2165,#2166,#2167,#2168,#2169,#2170));
#1626=EDGE_LOOP('',(#2171,#2172,#2173));
#1627=EDGE_LOOP('',(#2174,#2175,#2176,#2177));
#1628=EDGE_LOOP('',(#2178,#2179,#2180));
#1629=EDGE_LOOP('',(#2181,#2182,#2183,#2184,#2185,#2186));
#1630=EDGE_LOOP('',(#2187,#2188,#2189,#2190,#2191,#2192));
#1631=EDGE_LOOP('',(#2193,#2194,#2195,#2196,#2197));
#1632=EDGE_LOOP('',(#2198,#2199,#2200,#2201,#2202,#2203));
#1633=EDGE_LOOP('',(#2204,#2205,#2206,#2207,#2208));
#1634=EDGE_LOOP('',(#2209,#2210,#2211,#2212));
#1635=EDGE_LOOP('',(#2213,#2214,#2215,#2216));
#1636=EDGE_LOOP('',(#2217,#2218,#2219,#2220));
#1637=EDGE_LOOP('',(#2221,#2222,#2223,#2224,#2225));
#1638=EDGE_LOOP('',(#2226,#2227,#2228));
#1639=EDGE_LOOP('',(#2229,#2230,#2231));
#1640=EDGE_LOOP('',(#2232,#2233,#2234,#2235));
#1641=EDGE_LOOP('',(#2236,#2237,#2238,#2239,#2240,#2241));
#1642=EDGE_LOOP('',(#2242,#2243,#2244,#2245,#2246,#2247,#2248));
#1643=EDGE_LOOP('',(#2249,#2250,#2251,#2252));
#1644=EDGE_LOOP('',(#2253,#2254,#2255,#2256));
#1645=EDGE_LOOP('',(#2257,#2258,#2259,#2260,#2261));
#1646=EDGE_LOOP('',(#2262,#2263,#2264,#2265));
#1647=EDGE_LOOP('',(#2266,#2267,#2268,#2269,#2270,#2271));
#1648=EDGE_LOOP('',(#2272,#2273,#2274,#2275));
#1649=EDGE_LOOP('',(#2276,#2277,#2278));
#1650=EDGE_LOOP('',(#2279,#2280,#2281,#2282,#2283,#2284));
#1651=ORIENTED_EDGE('',*,*,#2488,.T.);
#1652=ORIENTED_EDGE('',*,*,#2489,.T.);
#1653=ORIENTED_EDGE('',*,*,#2490,.T.);
#1654=ORIENTED_EDGE('',*,*,#2491,.T.);
#1655=ORIENTED_EDGE('',*,*,#2492,.T.);
#1656=ORIENTED_EDGE('',*,*,#2493,.T.);
#1657=ORIENTED_EDGE('',*,*,#2494,.T.);
#1658=ORIENTED_EDGE('',*,*,#2495,.T.);
#1659=ORIENTED_EDGE('',*,*,#2496,.T.);
#1660=ORIENTED_EDGE('',*,*,#2497,.T.);
#1661=ORIENTED_EDGE('',*,*,#2498,.T.);
#1662=ORIENTED_EDGE('',*,*,#2499,.T.);
#1663=ORIENTED_EDGE('',*,*,#2500,.T.);
#1664=ORIENTED_EDGE('',*,*,#2501,.T.);
#1665=ORIENTED_EDGE('',*,*,#2502,.T.);
#1666=ORIENTED_EDGE('',*,*,#2503,.T.);
#1667=ORIENTED_EDGE('',*,*,#2504,.T.);
#1668=ORIENTED_EDGE('',*,*,#2505,.T.);
#1669=ORIENTED_EDGE('',*,*,#2506,.T.);
#1670=ORIENTED_EDGE('',*,*,#2507,.F.);
#1671=ORIENTED_EDGE('',*,*,#2508,.T.);
#1672=ORIENTED_EDGE('',*,*,#2509,.T.);
#1673=ORIENTED_EDGE('',*,*,#2510,.T.);
#1674=ORIENTED_EDGE('',*,*,#2511,.F.);
#1675=ORIENTED_EDGE('',*,*,#2511,.T.);
#1676=ORIENTED_EDGE('',*,*,#2512,.T.);
#1677=ORIENTED_EDGE('',*,*,#2507,.T.);
#1678=ORIENTED_EDGE('',*,*,#2513,.T.);
#1679=ORIENTED_EDGE('',*,*,#2514,.T.);
#1680=ORIENTED_EDGE('',*,*,#2515,.T.);
#1681=ORIENTED_EDGE('',*,*,#2516,.F.);
#1682=ORIENTED_EDGE('',*,*,#2517,.T.);
#1683=ORIENTED_EDGE('',*,*,#2518,.T.);
#1684=ORIENTED_EDGE('',*,*,#2519,.T.);
#1685=ORIENTED_EDGE('',*,*,#2514,.F.);
#1686=ORIENTED_EDGE('',*,*,#2520,.T.);
#1687=ORIENTED_EDGE('',*,*,#2521,.T.);
#1688=ORIENTED_EDGE('',*,*,#2522,.T.);
#1689=ORIENTED_EDGE('',*,*,#2518,.F.);
#1690=ORIENTED_EDGE('',*,*,#2523,.T.);
#1691=ORIENTED_EDGE('',*,*,#2516,.T.);
#1692=ORIENTED_EDGE('',*,*,#2524,.T.);
#1693=ORIENTED_EDGE('',*,*,#2521,.F.);
#1694=ORIENTED_EDGE('',*,*,#2525,.T.);
#1695=ORIENTED_EDGE('',*,*,#2526,.F.);
#1696=ORIENTED_EDGE('',*,*,#2499,.F.);
#1697=ORIENTED_EDGE('',*,*,#2527,.F.);
#1698=ORIENTED_EDGE('',*,*,#2519,.F.);
#1699=ORIENTED_EDGE('',*,*,#2527,.T.);
#1700=ORIENTED_EDGE('',*,*,#2498,.F.);
#1701=ORIENTED_EDGE('',*,*,#2528,.F.);
#1702=ORIENTED_EDGE('',*,*,#2515,.F.);
#1703=ORIENTED_EDGE('',*,*,#2526,.T.);
#1704=ORIENTED_EDGE('',*,*,#2522,.F.);
#1705=ORIENTED_EDGE('',*,*,#2529,.F.);
#1706=ORIENTED_EDGE('',*,*,#2496,.F.);
#1707=ORIENTED_EDGE('',*,*,#2528,.T.);
#1708=ORIENTED_EDGE('',*,*,#2497,.F.);
#1709=ORIENTED_EDGE('',*,*,#2529,.T.);
#1710=ORIENTED_EDGE('',*,*,#2524,.F.);
#1711=ORIENTED_EDGE('',*,*,#2530,.F.);
#1712=ORIENTED_EDGE('',*,*,#2491,.F.);
#1713=ORIENTED_EDGE('',*,*,#2531,.F.);
#1714=ORIENTED_EDGE('',*,*,#2523,.F.);
#1715=ORIENTED_EDGE('',*,*,#2531,.T.);
#1716=ORIENTED_EDGE('',*,*,#2490,.F.);
#1717=ORIENTED_EDGE('',*,*,#2532,.F.);
#1718=ORIENTED_EDGE('',*,*,#2525,.F.);
#1719=ORIENTED_EDGE('',*,*,#2530,.T.);
#1720=ORIENTED_EDGE('',*,*,#2520,.F.);
#1721=ORIENTED_EDGE('',*,*,#2533,.F.);
#1722=ORIENTED_EDGE('',*,*,#2488,.F.);
#1723=ORIENTED_EDGE('',*,*,#2532,.T.);
#1724=ORIENTED_EDGE('',*,*,#2489,.F.);
#1725=ORIENTED_EDGE('',*,*,#2533,.T.);
#1726=ORIENTED_EDGE('',*,*,#2517,.F.);
#1727=ORIENTED_EDGE('',*,*,#2510,.F.);
#1728=ORIENTED_EDGE('',*,*,#2534,.T.);
#1729=ORIENTED_EDGE('',*,*,#2500,.F.);
#1730=ORIENTED_EDGE('',*,*,#2535,.F.);
#1731=ORIENTED_EDGE('',*,*,#2535,.T.);
#1732=ORIENTED_EDGE('',*,*,#2503,.F.);
#1733=ORIENTED_EDGE('',*,*,#2536,.F.);
#1734=ORIENTED_EDGE('',*,*,#2512,.F.);
#1735=ORIENTED_EDGE('',*,*,#2502,.F.);
#1736=ORIENTED_EDGE('',*,*,#2537,.T.);
#1737=ORIENTED_EDGE('',*,*,#2504,.F.);
#1738=ORIENTED_EDGE('',*,*,#2536,.T.);
#1739=ORIENTED_EDGE('',*,*,#2494,.F.);
#1740=ORIENTED_EDGE('',*,*,#2538,.T.);
#1741=ORIENTED_EDGE('',*,*,#2508,.F.);
#1742=ORIENTED_EDGE('',*,*,#2539,.F.);
#1743=ORIENTED_EDGE('',*,*,#2539,.T.);
#1744=ORIENTED_EDGE('',*,*,#2513,.F.);
#1745=ORIENTED_EDGE('',*,*,#2540,.F.);
#1746=ORIENTED_EDGE('',*,*,#2495,.F.);
#1747=ORIENTED_EDGE('',*,*,#2506,.F.);
#1748=ORIENTED_EDGE('',*,*,#2541,.T.);
#1749=ORIENTED_EDGE('',*,*,#2492,.F.);
#1750=ORIENTED_EDGE('',*,*,#2540,.T.);
#1751=ORIENTED_EDGE('',*,*,#2542,.T.);
#1752=ORIENTED_EDGE('',*,*,#2543,.T.);
#1753=ORIENTED_EDGE('',*,*,#2544,.T.);
#1754=ORIENTED_EDGE('',*,*,#2545,.F.);
#1755=ORIENTED_EDGE('',*,*,#2546,.T.);
#1756=ORIENTED_EDGE('',*,*,#2547,.T.);
#1757=ORIENTED_EDGE('',*,*,#2548,.T.);
#1758=ORIENTED_EDGE('',*,*,#2549,.T.);
#1759=ORIENTED_EDGE('',*,*,#2550,.T.);
#1760=ORIENTED_EDGE('',*,*,#2551,.F.);
#1761=ORIENTED_EDGE('',*,*,#2552,.F.);
#1762=ORIENTED_EDGE('',*,*,#2553,.T.);
#1763=ORIENTED_EDGE('',*,*,#2554,.T.);
#1764=ORIENTED_EDGE('',*,*,#2555,.T.);
#1765=ORIENTED_EDGE('',*,*,#2556,.F.);
#1766=ORIENTED_EDGE('',*,*,#2557,.T.);
#1767=ORIENTED_EDGE('',*,*,#2548,.F.);
#1768=ORIENTED_EDGE('',*,*,#2558,.T.);
#1769=ORIENTED_EDGE('',*,*,#2559,.T.);
#1770=ORIENTED_EDGE('',*,*,#2560,.T.);
#1771=ORIENTED_EDGE('',*,*,#2561,.T.);
#1772=ORIENTED_EDGE('',*,*,#2562,.T.);
#1773=ORIENTED_EDGE('',*,*,#2543,.F.);
#1774=ORIENTED_EDGE('',*,*,#2563,.T.);
#1775=ORIENTED_EDGE('',*,*,#2534,.F.);
#1776=ORIENTED_EDGE('',*,*,#2509,.F.);
#1777=ORIENTED_EDGE('',*,*,#2538,.F.);
#1778=ORIENTED_EDGE('',*,*,#2493,.F.);
#1779=ORIENTED_EDGE('',*,*,#2541,.F.);
#1780=ORIENTED_EDGE('',*,*,#2505,.F.);
#1781=ORIENTED_EDGE('',*,*,#2537,.F.);
#1782=ORIENTED_EDGE('',*,*,#2501,.F.);
#1783=ORIENTED_EDGE('',*,*,#2564,.T.);
#1784=ORIENTED_EDGE('',*,*,#2565,.F.);
#1785=ORIENTED_EDGE('',*,*,#2566,.F.);
#1786=ORIENTED_EDGE('',*,*,#2567,.T.);
#1787=ORIENTED_EDGE('',*,*,#2568,.T.);
#1788=ORIENTED_EDGE('',*,*,#2569,.T.);
#1789=ORIENTED_EDGE('',*,*,#2570,.F.);
#1790=ORIENTED_EDGE('',*,*,#2571,.T.);
#1791=ORIENTED_EDGE('',*,*,#2572,.T.);
#1792=ORIENTED_EDGE('',*,*,#2573,.T.);
#1793=ORIENTED_EDGE('',*,*,#2574,.T.);
#1794=ORIENTED_EDGE('',*,*,#2575,.T.);
#1795=ORIENTED_EDGE('',*,*,#2576,.F.);
#1796=ORIENTED_EDGE('',*,*,#2577,.T.);
#1797=ORIENTED_EDGE('',*,*,#2578,.F.);
#1798=ORIENTED_EDGE('',*,*,#2579,.T.);
#1799=ORIENTED_EDGE('',*,*,#2580,.F.);
#1800=ORIENTED_EDGE('',*,*,#2581,.T.);
#1801=ORIENTED_EDGE('',*,*,#2582,.T.);
#1802=ORIENTED_EDGE('',*,*,#2564,.F.);
#1803=ORIENTED_EDGE('',*,*,#2583,.T.);
#1804=ORIENTED_EDGE('',*,*,#2584,.F.);
#1805=ORIENTED_EDGE('',*,*,#2585,.T.);
#1806=ORIENTED_EDGE('',*,*,#2586,.F.);
#1807=ORIENTED_EDGE('',*,*,#2587,.T.);
#1808=ORIENTED_EDGE('',*,*,#2588,.T.);
#1809=ORIENTED_EDGE('',*,*,#2589,.T.);
#1810=ORIENTED_EDGE('',*,*,#2590,.F.);
#1811=ORIENTED_EDGE('',*,*,#2586,.T.);
#1812=ORIENTED_EDGE('',*,*,#2591,.F.);
#1813=ORIENTED_EDGE('',*,*,#2592,.T.);
#1814=ORIENTED_EDGE('',*,*,#2587,.F.);
#1815=ORIENTED_EDGE('',*,*,#2552,.T.);
#1816=ORIENTED_EDGE('',*,*,#2592,.F.);
#1817=ORIENTED_EDGE('',*,*,#2565,.T.);
#1818=ORIENTED_EDGE('',*,*,#2593,.F.);
#1819=ORIENTED_EDGE('',*,*,#2588,.F.);
#1820=ORIENTED_EDGE('',*,*,#2585,.F.);
#1821=ORIENTED_EDGE('',*,*,#2553,.F.);
#1822=ORIENTED_EDGE('',*,*,#2594,.F.);
#1823=ORIENTED_EDGE('',*,*,#2593,.T.);
#1824=ORIENTED_EDGE('',*,*,#2594,.T.);
#1825=ORIENTED_EDGE('',*,*,#2595,.T.);
#1826=ORIENTED_EDGE('',*,*,#2584,.T.);
#1827=ORIENTED_EDGE('',*,*,#2582,.F.);
#1828=ORIENTED_EDGE('',*,*,#2595,.F.);
#1829=ORIENTED_EDGE('',*,*,#2583,.F.);
#1830=ORIENTED_EDGE('',*,*,#2596,.F.);
#1831=ORIENTED_EDGE('',*,*,#2596,.T.);
#1832=ORIENTED_EDGE('',*,*,#2590,.T.);
#1833=ORIENTED_EDGE('',*,*,#2589,.F.);
#1834=ORIENTED_EDGE('',*,*,#2591,.T.);
#1835=ORIENTED_EDGE('',*,*,#2597,.F.);
#1836=ORIENTED_EDGE('',*,*,#2598,.T.);
#1837=ORIENTED_EDGE('',*,*,#2576,.T.);
#1838=ORIENTED_EDGE('',*,*,#2599,.T.);
#1839=ORIENTED_EDGE('',*,*,#2556,.T.);
#1840=ORIENTED_EDGE('',*,*,#2600,.T.);
#1841=ORIENTED_EDGE('',*,*,#2601,.F.);
#1842=ORIENTED_EDGE('',*,*,#2602,.T.);
#1843=ORIENTED_EDGE('',*,*,#2603,.T.);
#1844=ORIENTED_EDGE('',*,*,#2604,.T.);
#1845=ORIENTED_EDGE('',*,*,#2605,.T.);
#1846=ORIENTED_EDGE('',*,*,#2606,.T.);
#1847=ORIENTED_EDGE('',*,*,#2574,.F.);
#1848=ORIENTED_EDGE('',*,*,#2607,.T.);
#1849=ORIENTED_EDGE('',*,*,#2608,.T.);
#1850=ORIENTED_EDGE('',*,*,#2609,.T.);
#1851=ORIENTED_EDGE('',*,*,#2610,.T.);
#1852=ORIENTED_EDGE('',*,*,#2551,.T.);
#1853=ORIENTED_EDGE('',*,*,#2611,.T.);
#1854=ORIENTED_EDGE('',*,*,#2612,.T.);
#1855=ORIENTED_EDGE('',*,*,#2613,.T.);
#1856=ORIENTED_EDGE('',*,*,#2554,.F.);
#1857=ORIENTED_EDGE('',*,*,#2614,.T.);
#1858=ORIENTED_EDGE('',*,*,#2615,.T.);
#1859=ORIENTED_EDGE('',*,*,#2616,.T.);
#1860=ORIENTED_EDGE('',*,*,#2578,.T.);
#1861=ORIENTED_EDGE('',*,*,#2617,.T.);
#1862=ORIENTED_EDGE('',*,*,#2618,.T.);
#1863=ORIENTED_EDGE('',*,*,#2619,.T.);
#1864=ORIENTED_EDGE('',*,*,#2580,.T.);
#1865=ORIENTED_EDGE('',*,*,#2620,.T.);
#1866=ORIENTED_EDGE('',*,*,#2601,.T.);
#1867=ORIENTED_EDGE('',*,*,#2621,.T.);
#1868=ORIENTED_EDGE('',*,*,#2597,.T.);
#1869=ORIENTED_EDGE('',*,*,#2622,.T.);
#1870=ORIENTED_EDGE('',*,*,#2623,.T.);
#1871=ORIENTED_EDGE('',*,*,#2624,.T.);
#1872=ORIENTED_EDGE('',*,*,#2625,.T.);
#1873=ORIENTED_EDGE('',*,*,#2626,.T.);
#1874=ORIENTED_EDGE('',*,*,#2621,.F.);
#1875=ORIENTED_EDGE('',*,*,#2627,.T.);
#1876=ORIENTED_EDGE('',*,*,#2612,.F.);
#1877=ORIENTED_EDGE('',*,*,#2628,.T.);
#1878=ORIENTED_EDGE('',*,*,#2625,.F.);
#1879=ORIENTED_EDGE('',*,*,#2629,.T.);
#1880=ORIENTED_EDGE('',*,*,#2615,.F.);
#1881=ORIENTED_EDGE('',*,*,#2630,.T.);
#1882=ORIENTED_EDGE('',*,*,#2608,.F.);
#1883=ORIENTED_EDGE('',*,*,#2631,.T.);
#1884=ORIENTED_EDGE('',*,*,#2623,.F.);
#1885=ORIENTED_EDGE('',*,*,#2632,.T.);
#1886=ORIENTED_EDGE('',*,*,#2622,.F.);
#1887=ORIENTED_EDGE('',*,*,#2633,.T.);
#1888=ORIENTED_EDGE('',*,*,#2605,.F.);
#1889=ORIENTED_EDGE('',*,*,#2634,.T.);
#1890=ORIENTED_EDGE('',*,*,#2602,.F.);
#1891=ORIENTED_EDGE('',*,*,#2550,.F.);
#1892=ORIENTED_EDGE('',*,*,#2635,.F.);
#1893=ORIENTED_EDGE('',*,*,#2604,.F.);
#1894=ORIENTED_EDGE('',*,*,#2636,.F.);
#1895=ORIENTED_EDGE('',*,*,#2611,.F.);
#1896=ORIENTED_EDGE('',*,*,#2636,.T.);
#1897=ORIENTED_EDGE('',*,*,#2632,.F.);
#1898=ORIENTED_EDGE('',*,*,#2637,.F.);
#1899=ORIENTED_EDGE('',*,*,#2637,.T.);
#1900=ORIENTED_EDGE('',*,*,#2626,.F.);
#1901=ORIENTED_EDGE('',*,*,#2638,.F.);
#1902=ORIENTED_EDGE('',*,*,#2609,.F.);
#1903=ORIENTED_EDGE('',*,*,#2638,.T.);
#1904=ORIENTED_EDGE('',*,*,#2630,.F.);
#1905=ORIENTED_EDGE('',*,*,#2639,.F.);
#1906=ORIENTED_EDGE('',*,*,#2542,.F.);
#1907=ORIENTED_EDGE('',*,*,#2610,.F.);
#1908=ORIENTED_EDGE('',*,*,#2639,.T.);
#1909=ORIENTED_EDGE('',*,*,#2614,.F.);
#1910=ORIENTED_EDGE('',*,*,#2563,.F.);
#1911=ORIENTED_EDGE('',*,*,#2628,.F.);
#1912=ORIENTED_EDGE('',*,*,#2617,.F.);
#1913=ORIENTED_EDGE('',*,*,#2577,.F.);
#1914=ORIENTED_EDGE('',*,*,#2598,.F.);
#1915=ORIENTED_EDGE('',*,*,#2575,.F.);
#1916=ORIENTED_EDGE('',*,*,#2606,.F.);
#1917=ORIENTED_EDGE('',*,*,#2633,.F.);
#1918=ORIENTED_EDGE('',*,*,#2599,.F.);
#1919=ORIENTED_EDGE('',*,*,#2579,.F.);
#1920=ORIENTED_EDGE('',*,*,#2616,.F.);
#1921=ORIENTED_EDGE('',*,*,#2640,.F.);
#1922=ORIENTED_EDGE('',*,*,#2620,.F.);
#1923=ORIENTED_EDGE('',*,*,#2640,.T.);
#1924=ORIENTED_EDGE('',*,*,#2629,.F.);
#1925=ORIENTED_EDGE('',*,*,#2641,.F.);
#1926=ORIENTED_EDGE('',*,*,#2641,.T.);
#1927=ORIENTED_EDGE('',*,*,#2624,.F.);
#1928=ORIENTED_EDGE('',*,*,#2642,.F.);
#1929=ORIENTED_EDGE('',*,*,#2618,.F.);
#1930=ORIENTED_EDGE('',*,*,#2642,.T.);
#1931=ORIENTED_EDGE('',*,*,#2631,.F.);
#1932=ORIENTED_EDGE('',*,*,#2643,.F.);
#1933=ORIENTED_EDGE('',*,*,#2581,.F.);
#1934=ORIENTED_EDGE('',*,*,#2619,.F.);
#1935=ORIENTED_EDGE('',*,*,#2643,.T.);
#1936=ORIENTED_EDGE('',*,*,#2607,.F.);
#1937=ORIENTED_EDGE('',*,*,#2555,.F.);
#1938=ORIENTED_EDGE('',*,*,#2613,.F.);
#1939=ORIENTED_EDGE('',*,*,#2627,.F.);
#1940=ORIENTED_EDGE('',*,*,#2600,.F.);
#1941=ORIENTED_EDGE('',*,*,#2634,.F.);
#1942=ORIENTED_EDGE('',*,*,#2635,.T.);
#1943=ORIENTED_EDGE('',*,*,#2549,.F.);
#1944=ORIENTED_EDGE('',*,*,#2557,.F.);
#1945=ORIENTED_EDGE('',*,*,#2603,.F.);
#1946=ORIENTED_EDGE('',*,*,#2644,.T.);
#1947=ORIENTED_EDGE('',*,*,#2645,.T.);
#1948=ORIENTED_EDGE('',*,*,#2646,.T.);
#1949=ORIENTED_EDGE('',*,*,#2647,.T.);
#1950=ORIENTED_EDGE('',*,*,#2570,.T.);
#1951=ORIENTED_EDGE('',*,*,#2648,.T.);
#1952=ORIENTED_EDGE('',*,*,#2561,.F.);
#1953=ORIENTED_EDGE('',*,*,#2649,.T.);
#1954=ORIENTED_EDGE('',*,*,#2650,.T.);
#1955=ORIENTED_EDGE('',*,*,#2651,.T.);
#1956=ORIENTED_EDGE('',*,*,#2566,.T.);
#1957=ORIENTED_EDGE('',*,*,#2652,.T.);
#1958=ORIENTED_EDGE('',*,*,#2653,.T.);
#1959=ORIENTED_EDGE('',*,*,#2654,.T.);
#1960=ORIENTED_EDGE('',*,*,#2655,.F.);
#1961=ORIENTED_EDGE('',*,*,#2656,.T.);
#1962=ORIENTED_EDGE('',*,*,#2657,.F.);
#1963=ORIENTED_EDGE('',*,*,#2658,.T.);
#1964=ORIENTED_EDGE('',*,*,#2655,.T.);
#1965=ORIENTED_EDGE('',*,*,#2659,.T.);
#1966=ORIENTED_EDGE('',*,*,#2568,.F.);
#1967=ORIENTED_EDGE('',*,*,#2660,.T.);
#1968=ORIENTED_EDGE('',*,*,#2661,.T.);
#1969=ORIENTED_EDGE('',*,*,#2662,.T.);
#1970=ORIENTED_EDGE('',*,*,#2545,.T.);
#1971=ORIENTED_EDGE('',*,*,#2663,.T.);
#1972=ORIENTED_EDGE('',*,*,#2657,.T.);
#1973=ORIENTED_EDGE('',*,*,#2664,.T.);
#1974=ORIENTED_EDGE('',*,*,#2559,.F.);
#1975=ORIENTED_EDGE('',*,*,#2665,.T.);
#1976=ORIENTED_EDGE('',*,*,#2666,.T.);
#1977=ORIENTED_EDGE('',*,*,#2667,.T.);
#1978=ORIENTED_EDGE('',*,*,#2668,.T.);
#1979=ORIENTED_EDGE('',*,*,#2572,.F.);
#1980=ORIENTED_EDGE('',*,*,#2669,.T.);
#1981=ORIENTED_EDGE('',*,*,#2670,.T.);
#1982=ORIENTED_EDGE('',*,*,#2671,.T.);
#1983=ORIENTED_EDGE('',*,*,#2672,.T.);
#1984=ORIENTED_EDGE('',*,*,#2673,.T.);
#1985=ORIENTED_EDGE('',*,*,#2653,.F.);
#1986=ORIENTED_EDGE('',*,*,#2674,.T.);
#1987=ORIENTED_EDGE('',*,*,#2670,.F.);
#1988=ORIENTED_EDGE('',*,*,#2675,.T.);
#1989=ORIENTED_EDGE('',*,*,#2656,.F.);
#1990=ORIENTED_EDGE('',*,*,#2676,.T.);
#1991=ORIENTED_EDGE('',*,*,#2650,.F.);
#1992=ORIENTED_EDGE('',*,*,#2677,.T.);
#1993=ORIENTED_EDGE('',*,*,#2666,.F.);
#1994=ORIENTED_EDGE('',*,*,#2678,.T.);
#1995=ORIENTED_EDGE('',*,*,#2644,.F.);
#1996=ORIENTED_EDGE('',*,*,#2679,.T.);
#1997=ORIENTED_EDGE('',*,*,#2658,.F.);
#1998=ORIENTED_EDGE('',*,*,#2672,.F.);
#1999=ORIENTED_EDGE('',*,*,#2680,.T.);
#2000=ORIENTED_EDGE('',*,*,#2646,.F.);
#2001=ORIENTED_EDGE('',*,*,#2681,.T.);
#2002=ORIENTED_EDGE('',*,*,#2562,.F.);
#2003=ORIENTED_EDGE('',*,*,#2654,.F.);
#2004=ORIENTED_EDGE('',*,*,#2682,.F.);
#2005=ORIENTED_EDGE('',*,*,#2663,.F.);
#2006=ORIENTED_EDGE('',*,*,#2544,.F.);
#2007=ORIENTED_EDGE('',*,*,#2682,.T.);
#2008=ORIENTED_EDGE('',*,*,#2675,.F.);
#2009=ORIENTED_EDGE('',*,*,#2683,.F.);
#2010=ORIENTED_EDGE('',*,*,#2683,.T.);
#2011=ORIENTED_EDGE('',*,*,#2673,.F.);
#2012=ORIENTED_EDGE('',*,*,#2684,.F.);
#2013=ORIENTED_EDGE('',*,*,#2661,.F.);
#2014=ORIENTED_EDGE('',*,*,#2684,.T.);
#2015=ORIENTED_EDGE('',*,*,#2681,.F.);
#2016=ORIENTED_EDGE('',*,*,#2685,.F.);
#2017=ORIENTED_EDGE('',*,*,#2546,.F.);
#2018=ORIENTED_EDGE('',*,*,#2662,.F.);
#2019=ORIENTED_EDGE('',*,*,#2685,.T.);
#2020=ORIENTED_EDGE('',*,*,#2645,.F.);
#2021=ORIENTED_EDGE('',*,*,#2686,.F.);
#2022=ORIENTED_EDGE('',*,*,#2679,.F.);
#2023=ORIENTED_EDGE('',*,*,#2648,.F.);
#2024=ORIENTED_EDGE('',*,*,#2569,.F.);
#2025=ORIENTED_EDGE('',*,*,#2659,.F.);
#2026=ORIENTED_EDGE('',*,*,#2567,.F.);
#2027=ORIENTED_EDGE('',*,*,#2651,.F.);
#2028=ORIENTED_EDGE('',*,*,#2676,.F.);
#2029=ORIENTED_EDGE('',*,*,#2660,.F.);
#2030=ORIENTED_EDGE('',*,*,#2571,.F.);
#2031=ORIENTED_EDGE('',*,*,#2647,.F.);
#2032=ORIENTED_EDGE('',*,*,#2687,.F.);
#2033=ORIENTED_EDGE('',*,*,#2669,.F.);
#2034=ORIENTED_EDGE('',*,*,#2687,.T.);
#2035=ORIENTED_EDGE('',*,*,#2680,.F.);
#2036=ORIENTED_EDGE('',*,*,#2688,.F.);
#2037=ORIENTED_EDGE('',*,*,#2688,.T.);
#2038=ORIENTED_EDGE('',*,*,#2671,.F.);
#2039=ORIENTED_EDGE('',*,*,#2689,.F.);
#2040=ORIENTED_EDGE('',*,*,#2667,.F.);
#2041=ORIENTED_EDGE('',*,*,#2689,.T.);
#2042=ORIENTED_EDGE('',*,*,#2674,.F.);
#2043=ORIENTED_EDGE('',*,*,#2690,.F.);
#2044=ORIENTED_EDGE('',*,*,#2573,.F.);
#2045=ORIENTED_EDGE('',*,*,#2668,.F.);
#2046=ORIENTED_EDGE('',*,*,#2690,.T.);
#2047=ORIENTED_EDGE('',*,*,#2652,.F.);
#2048=ORIENTED_EDGE('',*,*,#2677,.F.);
#2049=ORIENTED_EDGE('',*,*,#2649,.F.);
#2050=ORIENTED_EDGE('',*,*,#2560,.F.);
#2051=ORIENTED_EDGE('',*,*,#2664,.F.);
#2052=ORIENTED_EDGE('',*,*,#2547,.F.);
#2053=ORIENTED_EDGE('',*,*,#2686,.T.);
#2054=ORIENTED_EDGE('',*,*,#2678,.F.);
#2055=ORIENTED_EDGE('',*,*,#2665,.F.);
#2056=ORIENTED_EDGE('',*,*,#2558,.F.);
#2057=ORIENTED_EDGE('',*,*,#2691,.F.);
#2058=ORIENTED_EDGE('',*,*,#2692,.F.);
#2059=ORIENTED_EDGE('',*,*,#2693,.T.);
#2060=ORIENTED_EDGE('',*,*,#2694,.T.);
#2061=ORIENTED_EDGE('',*,*,#2695,.T.);
#2062=ORIENTED_EDGE('',*,*,#2696,.F.);
#2063=ORIENTED_EDGE('',*,*,#2697,.F.);
#2064=ORIENTED_EDGE('',*,*,#2696,.T.);
#2065=ORIENTED_EDGE('',*,*,#2698,.T.);
#2066=ORIENTED_EDGE('',*,*,#2699,.T.);
#2067=ORIENTED_EDGE('',*,*,#2700,.F.);
#2068=ORIENTED_EDGE('',*,*,#2701,.T.);
#2069=ORIENTED_EDGE('',*,*,#2702,.T.);
#2070=ORIENTED_EDGE('',*,*,#2703,.F.);
#2071=ORIENTED_EDGE('',*,*,#2692,.T.);
#2072=ORIENTED_EDGE('',*,*,#2704,.T.);
#2073=ORIENTED_EDGE('',*,*,#2701,.F.);
#2074=ORIENTED_EDGE('',*,*,#2705,.T.);
#2075=ORIENTED_EDGE('',*,*,#2694,.F.);
#2076=ORIENTED_EDGE('',*,*,#2706,.T.);
#2077=ORIENTED_EDGE('',*,*,#2707,.T.);
#2078=ORIENTED_EDGE('',*,*,#2708,.F.);
#2079=ORIENTED_EDGE('',*,*,#2709,.T.);
#2080=ORIENTED_EDGE('',*,*,#2698,.F.);
#2081=ORIENTED_EDGE('',*,*,#2695,.F.);
#2082=ORIENTED_EDGE('',*,*,#2707,.F.);
#2083=ORIENTED_EDGE('',*,*,#2710,.T.);
#2084=ORIENTED_EDGE('',*,*,#2706,.F.);
#2085=ORIENTED_EDGE('',*,*,#2693,.F.);
#2086=ORIENTED_EDGE('',*,*,#2703,.T.);
#2087=ORIENTED_EDGE('',*,*,#2711,.F.);
#2088=ORIENTED_EDGE('',*,*,#2712,.F.);
#2089=ORIENTED_EDGE('',*,*,#2710,.F.);
#2090=ORIENTED_EDGE('',*,*,#2709,.F.);
#2091=ORIENTED_EDGE('',*,*,#2713,.F.);
#2092=ORIENTED_EDGE('',*,*,#2702,.F.);
#2093=ORIENTED_EDGE('',*,*,#2704,.F.);
#2094=ORIENTED_EDGE('',*,*,#2691,.T.);
#2095=ORIENTED_EDGE('',*,*,#2697,.T.);
#2096=ORIENTED_EDGE('',*,*,#2711,.T.);
#2097=ORIENTED_EDGE('',*,*,#2705,.F.);
#2098=ORIENTED_EDGE('',*,*,#2700,.T.);
#2099=ORIENTED_EDGE('',*,*,#2714,.T.);
#2100=ORIENTED_EDGE('',*,*,#2699,.F.);
#2101=ORIENTED_EDGE('',*,*,#2713,.T.);
#2102=ORIENTED_EDGE('',*,*,#2708,.T.);
#2103=ORIENTED_EDGE('',*,*,#2712,.T.);
#2104=ORIENTED_EDGE('',*,*,#2714,.F.);
#2105=ORIENTED_EDGE('',*,*,#2715,.F.);
#2106=ORIENTED_EDGE('',*,*,#2716,.F.);
#2107=ORIENTED_EDGE('',*,*,#2717,.F.);
#2108=ORIENTED_EDGE('',*,*,#2718,.F.);
#2109=ORIENTED_EDGE('',*,*,#2719,.F.);
#2110=ORIENTED_EDGE('',*,*,#2720,.T.);
#2111=ORIENTED_EDGE('',*,*,#2721,.T.);
#2112=ORIENTED_EDGE('',*,*,#2722,.T.);
#2113=ORIENTED_EDGE('',*,*,#2716,.T.);
#2114=ORIENTED_EDGE('',*,*,#2722,.F.);
#2115=ORIENTED_EDGE('',*,*,#2723,.F.);
#2116=ORIENTED_EDGE('',*,*,#2724,.T.);
#2117=ORIENTED_EDGE('',*,*,#2717,.T.);
#2118=ORIENTED_EDGE('',*,*,#2725,.F.);
#2119=ORIENTED_EDGE('',*,*,#2726,.T.);
#2120=ORIENTED_EDGE('',*,*,#2723,.T.);
#2121=ORIENTED_EDGE('',*,*,#2721,.F.);
#2122=ORIENTED_EDGE('',*,*,#2727,.T.);
#2123=ORIENTED_EDGE('',*,*,#2726,.F.);
#2124=ORIENTED_EDGE('',*,*,#2728,.T.);
#2125=ORIENTED_EDGE('',*,*,#2729,.F.);
#2126=ORIENTED_EDGE('',*,*,#2718,.T.);
#2127=ORIENTED_EDGE('',*,*,#2715,.T.);
#2128=ORIENTED_EDGE('',*,*,#2724,.F.);
#2129=ORIENTED_EDGE('',*,*,#2729,.T.);
#2130=ORIENTED_EDGE('',*,*,#2730,.F.);
#2131=ORIENTED_EDGE('',*,*,#2731,.F.);
#2132=ORIENTED_EDGE('',*,*,#2719,.T.);
#2133=ORIENTED_EDGE('',*,*,#2731,.T.);
#2134=ORIENTED_EDGE('',*,*,#2732,.T.);
#2135=ORIENTED_EDGE('',*,*,#2727,.F.);
#2136=ORIENTED_EDGE('',*,*,#2720,.F.);
#2137=ORIENTED_EDGE('',*,*,#2732,.F.);
#2138=ORIENTED_EDGE('',*,*,#2730,.T.);
#2139=ORIENTED_EDGE('',*,*,#2728,.F.);
#2140=ORIENTED_EDGE('',*,*,#2725,.T.);
#2141=ORIENTED_EDGE('',*,*,#2733,.F.);
#2142=ORIENTED_EDGE('',*,*,#2734,.T.);
#2143=ORIENTED_EDGE('',*,*,#2735,.F.);
#2144=ORIENTED_EDGE('',*,*,#2736,.T.);
#2145=ORIENTED_EDGE('',*,*,#2737,.T.);
#2146=ORIENTED_EDGE('',*,*,#2738,.T.);
#2147=ORIENTED_EDGE('',*,*,#2735,.T.);
#2148=ORIENTED_EDGE('',*,*,#2739,.T.);
#2149=ORIENTED_EDGE('',*,*,#2740,.T.);
#2150=ORIENTED_EDGE('',*,*,#2741,.F.);
#2151=ORIENTED_EDGE('',*,*,#2739,.F.);
#2152=ORIENTED_EDGE('',*,*,#2734,.F.);
#2153=ORIENTED_EDGE('',*,*,#2738,.F.);
#2154=ORIENTED_EDGE('',*,*,#2742,.T.);
#2155=ORIENTED_EDGE('',*,*,#2743,.F.);
#2156=ORIENTED_EDGE('',*,*,#2736,.F.);
#2157=ORIENTED_EDGE('',*,*,#2743,.T.);
#2158=ORIENTED_EDGE('',*,*,#2744,.T.);
#2159=ORIENTED_EDGE('',*,*,#2740,.F.);
#2160=ORIENTED_EDGE('',*,*,#2733,.T.);
#2161=ORIENTED_EDGE('',*,*,#2744,.F.);
#2162=ORIENTED_EDGE('',*,*,#2742,.F.);
#2163=ORIENTED_EDGE('',*,*,#2737,.F.);
#2164=ORIENTED_EDGE('',*,*,#2741,.T.);
#2165=ORIENTED_EDGE('',*,*,#2745,.F.);
#2166=ORIENTED_EDGE('',*,*,#2746,.F.);
#2167=ORIENTED_EDGE('',*,*,#2747,.F.);
#2168=ORIENTED_EDGE('',*,*,#2748,.F.);
#2169=ORIENTED_EDGE('',*,*,#2749,.T.);
#2170=ORIENTED_EDGE('',*,*,#2750,.F.);
#2171=ORIENTED_EDGE('',*,*,#2751,.F.);
#2172=ORIENTED_EDGE('',*,*,#2752,.T.);
#2173=ORIENTED_EDGE('',*,*,#2746,.T.);
#2174=ORIENTED_EDGE('',*,*,#2753,.F.);
#2175=ORIENTED_EDGE('',*,*,#2754,.T.);
#2176=ORIENTED_EDGE('',*,*,#2755,.F.);
#2177=ORIENTED_EDGE('',*,*,#2756,.F.);
#2178=ORIENTED_EDGE('',*,*,#2748,.T.);
#2179=ORIENTED_EDGE('',*,*,#2757,.F.);
#2180=ORIENTED_EDGE('',*,*,#2758,.T.);
#2181=ORIENTED_EDGE('',*,*,#2759,.T.);
#2182=ORIENTED_EDGE('',*,*,#2760,.T.);
#2183=ORIENTED_EDGE('',*,*,#2757,.T.);
#2184=ORIENTED_EDGE('',*,*,#2747,.T.);
#2185=ORIENTED_EDGE('',*,*,#2752,.F.);
#2186=ORIENTED_EDGE('',*,*,#2761,.T.);
#2187=ORIENTED_EDGE('',*,*,#2762,.F.);
#2188=ORIENTED_EDGE('',*,*,#2749,.F.);
#2189=ORIENTED_EDGE('',*,*,#2758,.F.);
#2190=ORIENTED_EDGE('',*,*,#2760,.F.);
#2191=ORIENTED_EDGE('',*,*,#2763,.F.);
#2192=ORIENTED_EDGE('',*,*,#2764,.F.);
#2193=ORIENTED_EDGE('',*,*,#2765,.F.);
#2194=ORIENTED_EDGE('',*,*,#2750,.T.);
#2195=ORIENTED_EDGE('',*,*,#2762,.T.);
#2196=ORIENTED_EDGE('',*,*,#2766,.T.);
#2197=ORIENTED_EDGE('',*,*,#2753,.T.);
#2198=ORIENTED_EDGE('',*,*,#2756,.T.);
#2199=ORIENTED_EDGE('',*,*,#2767,.F.);
#2200=ORIENTED_EDGE('',*,*,#2761,.F.);
#2201=ORIENTED_EDGE('',*,*,#2751,.T.);
#2202=ORIENTED_EDGE('',*,*,#2745,.T.);
#2203=ORIENTED_EDGE('',*,*,#2765,.T.);
#2204=ORIENTED_EDGE('',*,*,#2755,.T.);
#2205=ORIENTED_EDGE('',*,*,#2768,.F.);
#2206=ORIENTED_EDGE('',*,*,#2763,.T.);
#2207=ORIENTED_EDGE('',*,*,#2759,.F.);
#2208=ORIENTED_EDGE('',*,*,#2767,.T.);
#2209=ORIENTED_EDGE('',*,*,#2764,.T.);
#2210=ORIENTED_EDGE('',*,*,#2768,.T.);
#2211=ORIENTED_EDGE('',*,*,#2754,.F.);
#2212=ORIENTED_EDGE('',*,*,#2766,.F.);
#2213=ORIENTED_EDGE('',*,*,#2769,.F.);
#2214=ORIENTED_EDGE('',*,*,#2770,.F.);
#2215=ORIENTED_EDGE('',*,*,#2771,.T.);
#2216=ORIENTED_EDGE('',*,*,#2772,.T.);
#2217=ORIENTED_EDGE('',*,*,#2773,.F.);
#2218=ORIENTED_EDGE('',*,*,#2772,.F.);
#2219=ORIENTED_EDGE('',*,*,#2774,.T.);
#2220=ORIENTED_EDGE('',*,*,#2775,.F.);
#2221=ORIENTED_EDGE('',*,*,#2776,.F.);
#2222=ORIENTED_EDGE('',*,*,#2777,.F.);
#2223=ORIENTED_EDGE('',*,*,#2778,.F.);
#2224=ORIENTED_EDGE('',*,*,#2779,.T.);
#2225=ORIENTED_EDGE('',*,*,#2770,.T.);
#2226=ORIENTED_EDGE('',*,*,#2780,.F.);
#2227=ORIENTED_EDGE('',*,*,#2775,.T.);
#2228=ORIENTED_EDGE('',*,*,#2781,.T.);
#2229=ORIENTED_EDGE('',*,*,#2782,.F.);
#2230=ORIENTED_EDGE('',*,*,#2778,.T.);
#2231=ORIENTED_EDGE('',*,*,#2783,.T.);
#2232=ORIENTED_EDGE('',*,*,#2783,.F.);
#2233=ORIENTED_EDGE('',*,*,#2777,.T.);
#2234=ORIENTED_EDGE('',*,*,#2784,.T.);
#2235=ORIENTED_EDGE('',*,*,#2785,.F.);
#2236=ORIENTED_EDGE('',*,*,#2769,.T.);
#2237=ORIENTED_EDGE('',*,*,#2773,.T.);
#2238=ORIENTED_EDGE('',*,*,#2780,.T.);
#2239=ORIENTED_EDGE('',*,*,#2786,.F.);
#2240=ORIENTED_EDGE('',*,*,#2784,.F.);
#2241=ORIENTED_EDGE('',*,*,#2776,.T.);
#2242=ORIENTED_EDGE('',*,*,#2774,.F.);
#2243=ORIENTED_EDGE('',*,*,#2771,.F.);
#2244=ORIENTED_EDGE('',*,*,#2779,.F.);
#2245=ORIENTED_EDGE('',*,*,#2782,.T.);
#2246=ORIENTED_EDGE('',*,*,#2785,.T.);
#2247=ORIENTED_EDGE('',*,*,#2786,.T.);
#2248=ORIENTED_EDGE('',*,*,#2781,.F.);
#2249=ORIENTED_EDGE('',*,*,#2787,.F.);
#2250=ORIENTED_EDGE('',*,*,#2788,.F.);
#2251=ORIENTED_EDGE('',*,*,#2789,.T.);
#2252=ORIENTED_EDGE('',*,*,#2790,.F.);
#2253=ORIENTED_EDGE('',*,*,#2791,.F.);
#2254=ORIENTED_EDGE('',*,*,#2792,.T.);
#2255=ORIENTED_EDGE('',*,*,#2793,.F.);
#2256=ORIENTED_EDGE('',*,*,#2794,.F.);
#2257=ORIENTED_EDGE('',*,*,#2795,.F.);
#2258=ORIENTED_EDGE('',*,*,#2790,.T.);
#2259=ORIENTED_EDGE('',*,*,#2796,.T.);
#2260=ORIENTED_EDGE('',*,*,#2797,.F.);
#2261=ORIENTED_EDGE('',*,*,#2792,.F.);
#2262=ORIENTED_EDGE('',*,*,#2798,.F.);
#2263=ORIENTED_EDGE('',*,*,#2794,.T.);
#2264=ORIENTED_EDGE('',*,*,#2799,.T.);
#2265=ORIENTED_EDGE('',*,*,#2800,.T.);
#2266=ORIENTED_EDGE('',*,*,#2801,.F.);
#2267=ORIENTED_EDGE('',*,*,#2787,.T.);
#2268=ORIENTED_EDGE('',*,*,#2795,.T.);
#2269=ORIENTED_EDGE('',*,*,#2791,.T.);
#2270=ORIENTED_EDGE('',*,*,#2798,.T.);
#2271=ORIENTED_EDGE('',*,*,#2802,.F.);
#2272=ORIENTED_EDGE('',*,*,#2799,.F.);
#2273=ORIENTED_EDGE('',*,*,#2793,.T.);
#2274=ORIENTED_EDGE('',*,*,#2797,.T.);
#2275=ORIENTED_EDGE('',*,*,#2803,.F.);
#2276=ORIENTED_EDGE('',*,*,#2804,.F.);
#2277=ORIENTED_EDGE('',*,*,#2788,.T.);
#2278=ORIENTED_EDGE('',*,*,#2801,.T.);
#2279=ORIENTED_EDGE('',*,*,#2789,.F.);
#2280=ORIENTED_EDGE('',*,*,#2804,.T.);
#2281=ORIENTED_EDGE('',*,*,#2802,.T.);
#2282=ORIENTED_EDGE('',*,*,#2800,.F.);
#2283=ORIENTED_EDGE('',*,*,#2803,.T.);
#2284=ORIENTED_EDGE('',*,*,#2796,.F.);
#2285=VERTEX_POINT('',#3912);
#2286=VERTEX_POINT('',#3913);
#2287=VERTEX_POINT('',#3915);
#2288=VERTEX_POINT('',#3917);
#2289=VERTEX_POINT('',#3920);
#2290=VERTEX_POINT('',#3921);
#2291=VERTEX_POINT('',#3923);
#2292=VERTEX_POINT('',#3925);
#2293=VERTEX_POINT('',#3929);
#2294=VERTEX_POINT('',#3930);
#2295=VERTEX_POINT('',#3932);
#2296=VERTEX_POINT('',#3934);
#2297=VERTEX_POINT('',#3937);
#2298=VERTEX_POINT('',#3938);
#2299=VERTEX_POINT('',#3940);
#2300=VERTEX_POINT('',#3942);
#2301=VERTEX_POINT('',#3946);
#2302=VERTEX_POINT('',#3947);
#2303=VERTEX_POINT('',#3952);
#2304=VERTEX_POINT('',#3954);
#2305=VERTEX_POINT('',#3958);
#2306=VERTEX_POINT('',#3959);
#2307=VERTEX_POINT('',#3964);
#2308=VERTEX_POINT('',#3966);
#2309=VERTEX_POINT('',#3973);
#2310=VERTEX_POINT('',#3974);
#2311=VERTEX_POINT('',#3976);
#2312=VERTEX_POINT('',#3978);
#2313=VERTEX_POINT('',#3982);
#2314=VERTEX_POINT('',#3983);
#2315=VERTEX_POINT('',#3988);
#2316=VERTEX_POINT('',#3989);
#2317=VERTEX_POINT('',#4092);
#2318=VERTEX_POINT('',#4093);
#2319=VERTEX_POINT('',#4095);
#2320=VERTEX_POINT('',#4112);
#2321=VERTEX_POINT('',#4114);
#2322=VERTEX_POINT('',#4128);
#2323=VERTEX_POINT('',#4136);
#2324=VERTEX_POINT('',#4138);
#2325=VERTEX_POINT('',#4143);
#2326=VERTEX_POINT('',#4157);
#2327=VERTEX_POINT('',#4160);
#2328=VERTEX_POINT('',#4163);
#2329=VERTEX_POINT('',#4165);
#2330=VERTEX_POINT('',#4166);
#2331=VERTEX_POINT('',#4180);
#2332=VERTEX_POINT('',#4182);
#2333=VERTEX_POINT('',#4212);
#2334=VERTEX_POINT('',#4214);
#2335=VERTEX_POINT('',#4225);
#2336=VERTEX_POINT('',#4227);
#2337=VERTEX_POINT('',#4259);
#2338=VERTEX_POINT('',#4261);
#2339=VERTEX_POINT('',#4266);
#2340=VERTEX_POINT('',#4267);
#2341=VERTEX_POINT('',#4287);
#2342=VERTEX_POINT('',#4292);
#2343=VERTEX_POINT('',#4309);
#2344=VERTEX_POINT('',#4314);
#2345=VERTEX_POINT('',#4334);
#2346=VERTEX_POINT('',#4336);
#2347=VERTEX_POINT('',#4351);
#2348=VERTEX_POINT('',#4352);
#2349=VERTEX_POINT('',#4369);
#2350=VERTEX_POINT('',#4374);
#2351=VERTEX_POINT('',#4391);
#2352=VERTEX_POINT('',#4396);
#2353=VERTEX_POINT('',#4410);
#2354=VERTEX_POINT('',#4412);
#2355=VERTEX_POINT('',#4461);
#2356=VERTEX_POINT('',#4491);
#2357=VERTEX_POINT('',#4493);
#2358=VERTEX_POINT('',#4523);
#2359=VERTEX_POINT('',#4525);
#2360=VERTEX_POINT('',#4555);
#2361=VERTEX_POINT('',#4557);
#2362=VERTEX_POINT('',#4587);
#2363=VERTEX_POINT('',#4589);
#2364=VERTEX_POINT('',#4619);
#2365=VERTEX_POINT('',#4622);
#2366=VERTEX_POINT('',#4653);
#2367=VERTEX_POINT('',#4657);
#2368=VERTEX_POINT('',#4661);
#2369=VERTEX_POINT('',#4665);
#2370=VERTEX_POINT('',#4670);
#2371=VERTEX_POINT('',#4671);
#2372=VERTEX_POINT('',#4676);
#2373=VERTEX_POINT('',#4678);
#2374=VERTEX_POINT('',#4680);
#2375=VERTEX_POINT('',#4684);
#2376=VERTEX_POINT('',#4685);
#2377=VERTEX_POINT('',#4687);
#2378=VERTEX_POINT('',#4690);
#2379=VERTEX_POINT('',#4694);
#2380=VERTEX_POINT('',#4695);
#2381=VERTEX_POINT('',#4700);
#2382=VERTEX_POINT('',#4701);
#2383=VERTEX_POINT('',#4704);
#2384=VERTEX_POINT('',#4706);
#2385=VERTEX_POINT('',#4711);
#2386=VERTEX_POINT('',#4712);
#2387=VERTEX_POINT('',#4720);
#2388=VERTEX_POINT('',#4721);
#2389=VERTEX_POINT('',#4723);
#2390=VERTEX_POINT('',#4725);
#2391=VERTEX_POINT('',#4785);
#2392=VERTEX_POINT('',#4786);
#2393=VERTEX_POINT('',#4788);
#2394=VERTEX_POINT('',#4790);
#2395=VERTEX_POINT('',#4795);
#2396=VERTEX_POINT('',#4797);
#2397=VERTEX_POINT('',#4800);
#2398=VERTEX_POINT('',#4802);
#2399=VERTEX_POINT('',#4806);
#2400=VERTEX_POINT('',#4807);
#2401=VERTEX_POINT('',#4809);
#2402=VERTEX_POINT('',#4811);
#2403=VERTEX_POINT('',#4818);
#2404=VERTEX_POINT('',#4819);
#2405=VERTEX_POINT('',#4825);
#2406=VERTEX_POINT('',#4829);
#2407=VERTEX_POINT('',#4830);
#2408=VERTEX_POINT('',#4835);
#2409=VERTEX_POINT('',#4836);
#2410=VERTEX_POINT('',#4838);
#2411=VERTEX_POINT('',#4840);
#2412=VERTEX_POINT('',#4912);
#2413=VERTEX_POINT('',#4913);
#2414=VERTEX_POINT('',#4915);
#2415=VERTEX_POINT('',#4922);
#2416=VERTEX_POINT('',#4929);
#2417=VERTEX_POINT('',#4938);
#2418=VERTEX_POINT('',#4942);
#2419=VERTEX_POINT('',#4949);
#2420=VERTEX_POINT('',#4950);
#2421=VERTEX_POINT('',#4961);
#2422=VERTEX_POINT('',#4963);
#2423=VERTEX_POINT('',#4967);
#2424=VERTEX_POINT('',#4972);
#2425=VERTEX_POINT('',#4976);
#2426=VERTEX_POINT('',#4977);
#2427=VERTEX_POINT('',#4985);
#2428=VERTEX_POINT('',#4994);
#2429=VERTEX_POINT('',#4995);
#2430=VERTEX_POINT('',#4997);
#2431=VERTEX_POINT('',#5007);
#2432=VERTEX_POINT('',#5009);
#2433=VERTEX_POINT('',#5014);
#2434=VERTEX_POINT('',#5019);
#2435=VERTEX_POINT('',#5041);
#2436=VERTEX_POINT('',#5048);
#2437=VERTEX_POINT('',#5049);
#2438=VERTEX_POINT('',#5057);
#2439=VERTEX_POINT('',#5061);
#2440=VERTEX_POINT('',#5086);
#2441=VERTEX_POINT('',#5087);
#2442=VERTEX_POINT('',#5092);
#2443=VERTEX_POINT('',#5097);
#2444=VERTEX_POINT('',#5122);
#2445=VERTEX_POINT('',#5123);
#2446=VERTEX_POINT('',#5128);
#2447=VERTEX_POINT('',#5138);
#2448=VERTEX_POINT('',#5169);
#2449=VERTEX_POINT('',#5170);
#2450=VERTEX_POINT('',#5172);
#2451=VERTEX_POINT('',#5183);
#2452=VERTEX_POINT('',#5188);
#2453=VERTEX_POINT('',#5193);
#2454=VERTEX_POINT('',#5197);
#2455=VERTEX_POINT('',#5201);
#2456=VERTEX_POINT('',#5202);
#2457=VERTEX_POINT('',#5210);
#2458=VERTEX_POINT('',#5215);
#2459=VERTEX_POINT('',#5219);
#2460=VERTEX_POINT('',#5223);
#2461=VERTEX_POINT('',#5224);
#2462=VERTEX_POINT('',#5229);
#2463=VERTEX_POINT('',#5231);
#2464=VERTEX_POINT('',#5246);
#2465=VERTEX_POINT('',#5247);
#2466=VERTEX_POINT('',#5249);
#2467=VERTEX_POINT('',#5256);
#2468=VERTEX_POINT('',#5265);
#2469=VERTEX_POINT('',#5270);
#2470=VERTEX_POINT('',#5282);
#2471=VERTEX_POINT('',#5287);
#2472=VERTEX_POINT('',#5292);
#2473=VERTEX_POINT('',#5314);
#2474=VERTEX_POINT('',#5322);
#2475=VERTEX_POINT('',#5326);
#2476=VERTEX_POINT('',#5346);
#2477=VERTEX_POINT('',#5347);
#2478=VERTEX_POINT('',#5356);
#2479=VERTEX_POINT('',#5361);
#2480=VERTEX_POINT('',#5368);
#2481=VERTEX_POINT('',#5369);
#2482=VERTEX_POINT('',#5371);
#2483=VERTEX_POINT('',#5376);
#2484=VERTEX_POINT('',#5408);
#2485=VERTEX_POINT('',#5412);
#2486=VERTEX_POINT('',#5414);
#2487=VERTEX_POINT('',#5418);
#2488=EDGE_CURVE('',#2285,#2286,#2805,.T.);
#2489=EDGE_CURVE('',#2286,#2287,#2806,.T.);
#2490=EDGE_CURVE('',#2287,#2288,#2807,.T.);
#2491=EDGE_CURVE('',#2288,#2285,#2808,.T.);
#2492=EDGE_CURVE('',#2289,#2290,#2809,.T.);
#2493=EDGE_CURVE('',#2290,#2291,#1366,.T.);
#2494=EDGE_CURVE('',#2291,#2292,#2810,.T.);
#2495=EDGE_CURVE('',#2292,#2289,#2811,.T.);
#2496=EDGE_CURVE('',#2293,#2294,#2812,.T.);
#2497=EDGE_CURVE('',#2294,#2295,#2813,.T.);
#2498=EDGE_CURVE('',#2295,#2296,#2814,.T.);
#2499=EDGE_CURVE('',#2296,#2293,#2815,.T.);
#2500=EDGE_CURVE('',#2297,#2298,#2816,.T.);
#2501=EDGE_CURVE('',#2298,#2299,#1367,.T.);
#2502=EDGE_CURVE('',#2299,#2300,#2817,.T.);
#2503=EDGE_CURVE('',#2300,#2297,#2818,.T.);
#2504=EDGE_CURVE('',#2301,#2302,#2819,.T.);
#2505=EDGE_CURVE('',#2302,#2303,#1082,.T.);
#2506=EDGE_CURVE('',#2303,#2304,#2820,.T.);
#2507=EDGE_CURVE('',#2301,#2304,#2821,.T.);
#2508=EDGE_CURVE('',#2305,#2306,#2822,.T.);
#2509=EDGE_CURVE('',#2306,#2307,#1083,.T.);
#2510=EDGE_CURVE('',#2307,#2308,#2823,.T.);
#2511=EDGE_CURVE('',#2305,#2308,#2824,.T.);
#2512=EDGE_CURVE('',#2308,#2301,#2825,.T.);
#2513=EDGE_CURVE('',#2304,#2305,#2826,.T.);
#2514=EDGE_CURVE('',#2309,#2310,#2827,.T.);
#2515=EDGE_CURVE('',#2310,#2311,#2828,.T.);
#2516=EDGE_CURVE('',#2312,#2311,#2829,.T.);
#2517=EDGE_CURVE('',#2312,#2309,#2830,.T.);
#2518=EDGE_CURVE('',#2313,#2314,#2831,.T.);
#2519=EDGE_CURVE('',#2314,#2310,#2832,.T.);
#2520=EDGE_CURVE('',#2309,#2313,#2833,.T.);
#2521=EDGE_CURVE('',#2315,#2316,#2834,.T.);
#2522=EDGE_CURVE('',#2316,#2314,#2835,.T.);
#2523=EDGE_CURVE('',#2313,#2315,#2836,.T.);
#2524=EDGE_CURVE('',#2311,#2316,#2837,.T.);
#2525=EDGE_CURVE('',#2315,#2312,#2838,.T.);
#2526=EDGE_CURVE('',#2293,#2314,#921,.T.);
#2527=EDGE_CURVE('',#2310,#2296,#922,.T.);
#2528=EDGE_CURVE('',#2311,#2295,#923,.T.);
#2529=EDGE_CURVE('',#2294,#2316,#924,.T.);
#2530=EDGE_CURVE('',#2285,#2313,#925,.T.);
#2531=EDGE_CURVE('',#2315,#2288,#926,.T.);
#2532=EDGE_CURVE('',#2312,#2287,#927,.T.);
#2533=EDGE_CURVE('',#2286,#2309,#928,.T.);
#2534=EDGE_CURVE('',#2307,#2298,#1084,.T.);
#2535=EDGE_CURVE('',#2308,#2297,#929,.T.);
#2536=EDGE_CURVE('',#2301,#2300,#930,.T.);
#2537=EDGE_CURVE('',#2299,#2302,#1085,.T.);
#2538=EDGE_CURVE('',#2291,#2306,#1086,.T.);
#2539=EDGE_CURVE('',#2292,#2305,#931,.T.);
#2540=EDGE_CURVE('',#2289,#2304,#932,.T.);
#2541=EDGE_CURVE('',#2303,#2290,#1087,.T.);
#2542=EDGE_CURVE('',#2317,#2318,#1088,.T.);
#2543=EDGE_CURVE('',#2318,#2319,#1368,.T.);
#2544=EDGE_CURVE('',#2319,#2320,#1089,.T.);
#2545=EDGE_CURVE('',#2321,#2320,#1369,.T.);
#2546=EDGE_CURVE('',#2321,#2322,#1090,.T.);
#2547=EDGE_CURVE('',#2322,#2323,#1091,.T.);
#2548=EDGE_CURVE('',#2323,#2324,#1370,.T.);
#2549=EDGE_CURVE('',#2324,#2325,#1092,.T.);
#2550=EDGE_CURVE('',#2325,#2326,#1093,.T.);
#2551=EDGE_CURVE('',#2317,#2326,#1371,.T.);
#2552=EDGE_CURVE('',#2327,#2327,#1372,.T.);
#2553=EDGE_CURVE('',#2328,#2328,#1373,.T.);
#2554=EDGE_CURVE('',#2329,#2330,#933,.T.);
#2555=EDGE_CURVE('',#2330,#2331,#1094,.T.);
#2556=EDGE_CURVE('',#2332,#2331,#934,.T.);
#2557=EDGE_CURVE('',#2332,#2324,#1095,.T.);
#2558=EDGE_CURVE('',#2323,#2333,#1096,.T.);
#2559=EDGE_CURVE('',#2333,#2334,#935,.T.);
#2560=EDGE_CURVE('',#2334,#2335,#1097,.T.);
#2561=EDGE_CURVE('',#2335,#2336,#936,.T.);
#2562=EDGE_CURVE('',#2336,#2319,#1098,.T.);
#2563=EDGE_CURVE('',#2318,#2329,#1099,.T.);
#2564=EDGE_CURVE('',#2337,#2337,#1374,.T.);
#2565=EDGE_CURVE('',#2338,#2338,#1375,.T.);
#2566=EDGE_CURVE('',#2339,#2340,#1100,.T.);
#2567=EDGE_CURVE('',#2339,#2341,#1101,.T.);
#2568=EDGE_CURVE('',#2341,#2342,#1102,.T.);
#2569=EDGE_CURVE('',#2342,#2343,#1103,.T.);
#2570=EDGE_CURVE('',#2344,#2343,#1104,.T.);
#2571=EDGE_CURVE('',#2344,#2345,#1105,.T.);
#2572=EDGE_CURVE('',#2345,#2346,#1376,.T.);
#2573=EDGE_CURVE('',#2346,#2340,#1106,.T.);
#2574=EDGE_CURVE('',#2347,#2348,#1107,.T.);
#2575=EDGE_CURVE('',#2348,#2349,#1108,.T.);
#2576=EDGE_CURVE('',#2350,#2349,#1109,.T.);
#2577=EDGE_CURVE('',#2350,#2351,#1110,.T.);
#2578=EDGE_CURVE('',#2352,#2351,#1111,.T.);
#2579=EDGE_CURVE('',#2352,#2353,#1112,.T.);
#2580=EDGE_CURVE('',#2354,#2353,#1377,.T.);
#2581=EDGE_CURVE('',#2354,#2347,#1113,.T.);
#2582=EDGE_CURVE('',#2355,#2355,#1378,.T.);
#2583=EDGE_CURVE('',#2356,#2356,#1379,.T.);
#2584=EDGE_CURVE('',#2357,#2357,#1380,.T.);
#2585=EDGE_CURVE('',#2358,#2358,#1381,.T.);
#2586=EDGE_CURVE('',#2359,#2359,#1382,.T.);
#2587=EDGE_CURVE('',#2360,#2360,#1383,.T.);
#2588=EDGE_CURVE('',#2361,#2361,#1384,.T.);
#2589=EDGE_CURVE('',#2362,#2362,#1385,.T.);
#2590=EDGE_CURVE('',#2363,#2363,#1386,.T.);
#2591=EDGE_CURVE('',#2364,#2364,#1387,.T.);
#2592=EDGE_CURVE('',#2365,#2365,#1388,.T.);
#2593=EDGE_CURVE('',#2366,#2366,#1389,.T.);
#2594=EDGE_CURVE('',#2367,#2367,#1390,.T.);
#2595=EDGE_CURVE('',#2368,#2368,#1391,.T.);
#2596=EDGE_CURVE('',#2369,#2369,#1392,.T.);
#2597=EDGE_CURVE('',#2370,#2371,#2839,.T.);
#2598=EDGE_CURVE('',#2370,#2350,#2840,.T.);
#2599=EDGE_CURVE('',#2349,#2371,#2841,.T.);
#2600=EDGE_CURVE('',#2331,#2372,#2842,.T.);
#2601=EDGE_CURVE('',#2373,#2372,#2843,.T.);
#2602=EDGE_CURVE('',#2373,#2374,#937,.T.);
#2603=EDGE_CURVE('',#2374,#2332,#2844,.T.);
#2604=EDGE_CURVE('',#2375,#2376,#2845,.T.);
#2605=EDGE_CURVE('',#2376,#2377,#2846,.T.);
#2606=EDGE_CURVE('',#2377,#2348,#2847,.T.);
#2607=EDGE_CURVE('',#2347,#2378,#2848,.T.);
#2608=EDGE_CURVE('',#2378,#2375,#2849,.T.);
#2609=EDGE_CURVE('',#2379,#2380,#2850,.T.);
#2610=EDGE_CURVE('',#2380,#2317,#2851,.T.);
#2611=EDGE_CURVE('',#2326,#2379,#2852,.T.);
#2612=EDGE_CURVE('',#2381,#2382,#2853,.T.);
#2613=EDGE_CURVE('',#2382,#2330,#2854,.T.);
#2614=EDGE_CURVE('',#2329,#2383,#2855,.T.);
#2615=EDGE_CURVE('',#2383,#2384,#2856,.T.);
#2616=EDGE_CURVE('',#2384,#2352,#2857,.T.);
#2617=EDGE_CURVE('',#2351,#2381,#2858,.T.);
#2618=EDGE_CURVE('',#2385,#2386,#2859,.T.);
#2619=EDGE_CURVE('',#2386,#2354,#2860,.T.);
#2620=EDGE_CURVE('',#2353,#2385,#2861,.T.);
#2621=EDGE_CURVE('',#2372,#2370,#2862,.T.);
#2622=EDGE_CURVE('',#2371,#2373,#2863,.T.);
#2623=EDGE_CURVE('',#2387,#2388,#2864,.T.);
#2624=EDGE_CURVE('',#2388,#2389,#2865,.T.);
#2625=EDGE_CURVE('',#2389,#2390,#2866,.T.);
#2626=EDGE_CURVE('',#2390,#2387,#2867,.T.);
#2627=EDGE_CURVE('',#2372,#2382,#938,.T.);
#2628=EDGE_CURVE('',#2381,#2370,#939,.T.);
#2629=EDGE_CURVE('',#2389,#2384,#1393,.T.);
#2630=EDGE_CURVE('',#2383,#2390,#1394,.T.);
#2631=EDGE_CURVE('',#2378,#2388,#1395,.T.);
#2632=EDGE_CURVE('',#2387,#2375,#1396,.T.);
#2633=EDGE_CURVE('',#2371,#2377,#940,.T.);
#2634=EDGE_CURVE('',#2376,#2374,#1114,.T.);
#2635=EDGE_CURVE('',#2376,#2325,#2868,.T.);
#2636=EDGE_CURVE('',#2379,#2375,#1397,.T.);
#2637=EDGE_CURVE('',#2379,#2387,#1398,.T.);
#2638=EDGE_CURVE('',#2380,#2390,#1399,.T.);
#2639=EDGE_CURVE('',#2380,#2383,#1400,.T.);
#2640=EDGE_CURVE('',#2385,#2384,#1401,.T.);
#2641=EDGE_CURVE('',#2385,#2389,#1402,.T.);
#2642=EDGE_CURVE('',#2386,#2388,#1403,.T.);
#2643=EDGE_CURVE('',#2386,#2378,#1404,.T.);
#2644=EDGE_CURVE('',#2391,#2392,#2869,.T.);
#2645=EDGE_CURVE('',#2392,#2393,#2870,.T.);
#2646=EDGE_CURVE('',#2393,#2394,#2871,.T.);
#2647=EDGE_CURVE('',#2394,#2344,#2872,.T.);
#2648=EDGE_CURVE('',#2343,#2391,#2873,.T.);
#2649=EDGE_CURVE('',#2335,#2395,#2874,.T.);
#2650=EDGE_CURVE('',#2395,#2396,#2875,.T.);
#2651=EDGE_CURVE('',#2396,#2339,#2876,.T.);
#2652=EDGE_CURVE('',#2340,#2397,#2877,.T.);
#2653=EDGE_CURVE('',#2397,#2398,#2878,.T.);
#2654=EDGE_CURVE('',#2398,#2336,#2879,.T.);
#2655=EDGE_CURVE('',#2399,#2400,#2880,.T.);
#2656=EDGE_CURVE('',#2399,#2401,#2881,.T.);
#2657=EDGE_CURVE('',#2402,#2401,#2882,.T.);
#2658=EDGE_CURVE('',#2402,#2400,#2883,.T.);
#2659=EDGE_CURVE('',#2400,#2342,#2884,.T.);
#2660=EDGE_CURVE('',#2341,#2399,#2885,.T.);
#2661=EDGE_CURVE('',#2403,#2404,#2886,.T.);
#2662=EDGE_CURVE('',#2404,#2321,#2887,.T.);
#2663=EDGE_CURVE('',#2320,#2403,#2888,.T.);
#2664=EDGE_CURVE('',#2401,#2334,#2889,.T.);
#2665=EDGE_CURVE('',#2333,#2405,#2890,.T.);
#2666=EDGE_CURVE('',#2405,#2402,#941,.T.);
#2667=EDGE_CURVE('',#2406,#2407,#2891,.T.);
#2668=EDGE_CURVE('',#2407,#2346,#2892,.T.);
#2669=EDGE_CURVE('',#2345,#2406,#2893,.T.);
#2670=EDGE_CURVE('',#2408,#2409,#2894,.T.);
#2671=EDGE_CURVE('',#2409,#2410,#2895,.T.);
#2672=EDGE_CURVE('',#2410,#2411,#2896,.T.);
#2673=EDGE_CURVE('',#2411,#2408,#2897,.T.);
#2674=EDGE_CURVE('',#2397,#2409,#1405,.T.);
#2675=EDGE_CURVE('',#2408,#2398,#1406,.T.);
#2676=EDGE_CURVE('',#2399,#2396,#942,.T.);
#2677=EDGE_CURVE('',#2395,#2401,#943,.T.);
#2678=EDGE_CURVE('',#2405,#2392,#1115,.T.);
#2679=EDGE_CURVE('',#2391,#2400,#944,.T.);
#2680=EDGE_CURVE('',#2410,#2394,#1407,.T.);
#2681=EDGE_CURVE('',#2393,#2411,#1408,.T.);
#2682=EDGE_CURVE('',#2403,#2398,#1409,.T.);
#2683=EDGE_CURVE('',#2403,#2408,#1410,.T.);
#2684=EDGE_CURVE('',#2404,#2411,#1411,.T.);
#2685=EDGE_CURVE('',#2404,#2393,#1412,.T.);
#2686=EDGE_CURVE('',#2322,#2392,#2898,.T.);
#2687=EDGE_CURVE('',#2406,#2394,#1413,.T.);
#2688=EDGE_CURVE('',#2406,#2410,#1414,.T.);
#2689=EDGE_CURVE('',#2407,#2409,#1415,.T.);
#2690=EDGE_CURVE('',#2407,#2397,#1416,.T.);
#2691=EDGE_CURVE('',#2412,#2413,#1116,.T.);
#2692=EDGE_CURVE('',#2414,#2412,#1417,.T.);
#2693=EDGE_CURVE('',#2414,#2415,#1117,.T.);
#2694=EDGE_CURVE('',#2415,#2416,#1118,.T.);
#2695=EDGE_CURVE('',#2416,#2417,#1119,.T.);
#2696=EDGE_CURVE('',#2413,#2417,#1418,.T.);
#2697=EDGE_CURVE('',#2413,#2418,#945,.T.);
#2698=EDGE_CURVE('',#2417,#2418,#946,.T.);
#2699=EDGE_CURVE('',#2419,#2420,#1120,.T.);
#2700=EDGE_CURVE('',#2421,#2420,#1121,.T.);
#2701=EDGE_CURVE('',#2421,#2422,#2899,.T.);
#2702=EDGE_CURVE('',#2422,#2419,#2900,.T.);
#2703=EDGE_CURVE('',#2414,#2423,#2901,.T.);
#2704=EDGE_CURVE('',#2412,#2422,#2902,.T.);
#2705=EDGE_CURVE('',#2421,#2423,#1419,.T.);
#2706=EDGE_CURVE('',#2415,#2424,#2903,.T.);
#2707=EDGE_CURVE('',#2424,#2416,#2904,.T.);
#2708=EDGE_CURVE('',#2425,#2426,#947,.T.);
#2709=EDGE_CURVE('',#2425,#2418,#2905,.T.);
#2710=EDGE_CURVE('',#2424,#2426,#2906,.T.);
#2711=EDGE_CURVE('',#2427,#2423,#1122,.T.);
#2712=EDGE_CURVE('',#2426,#2427,#948,.T.);
#2713=EDGE_CURVE('',#2419,#2425,#949,.T.);
#2714=EDGE_CURVE('',#2420,#2427,#1420,.T.);
#2715=EDGE_CURVE('',#2428,#2429,#950,.T.);
#2716=EDGE_CURVE('',#2430,#2428,#1421,.T.);
#2717=EDGE_CURVE('',#2429,#2430,#1123,.T.);
#2718=EDGE_CURVE('',#2431,#2428,#1124,.T.);
#2719=EDGE_CURVE('',#2432,#2431,#1422,.T.);
#2720=EDGE_CURVE('',#2432,#2433,#1125,.T.);
#2721=EDGE_CURVE('',#2433,#2434,#1126,.T.);
#2722=EDGE_CURVE('',#2434,#2430,#1127,.T.);
#2723=EDGE_CURVE('',#2435,#2434,#2907,.T.);
#2724=EDGE_CURVE('',#2435,#2429,#2908,.T.);
#2725=EDGE_CURVE('',#2436,#2437,#1128,.T.);
#2726=EDGE_CURVE('',#2436,#2435,#2909,.T.);
#2727=EDGE_CURVE('',#2433,#2437,#2910,.T.);
#2728=EDGE_CURVE('',#2436,#2438,#1129,.T.);
#2729=EDGE_CURVE('',#2431,#2438,#2911,.T.);
#2730=EDGE_CURVE('',#2439,#2438,#1423,.T.);
#2731=EDGE_CURVE('',#2432,#2439,#2912,.T.);
#2732=EDGE_CURVE('',#2439,#2437,#1130,.T.);
#2733=EDGE_CURVE('',#2440,#2441,#1424,.T.);
#2734=EDGE_CURVE('',#2440,#2442,#1131,.T.);
#2735=EDGE_CURVE('',#2443,#2442,#1132,.T.);
#2736=EDGE_CURVE('',#2443,#2441,#1133,.T.);
#2737=EDGE_CURVE('',#2444,#2445,#1134,.T.);
#2738=EDGE_CURVE('',#2445,#2443,#2913,.T.);
#2739=EDGE_CURVE('',#2442,#2444,#2914,.T.);
#2740=EDGE_CURVE('',#2440,#2446,#2915,.T.);
#2741=EDGE_CURVE('',#2444,#2446,#1135,.T.);
#2742=EDGE_CURVE('',#2445,#2447,#1136,.T.);
#2743=EDGE_CURVE('',#2441,#2447,#2916,.T.);
#2744=EDGE_CURVE('',#2447,#2446,#1425,.T.);
#2745=EDGE_CURVE('',#2448,#2449,#1137,.T.);
#2746=EDGE_CURVE('',#2450,#2448,#1426,.T.);
#2747=EDGE_CURVE('',#2451,#2450,#1138,.T.);
#2748=EDGE_CURVE('',#2452,#2451,#1139,.T.);
#2749=EDGE_CURVE('',#2452,#2453,#1140,.T.);
#2750=EDGE_CURVE('',#2449,#2453,#1427,.T.);
#2751=EDGE_CURVE('',#2454,#2448,#951,.T.);
#2752=EDGE_CURVE('',#2454,#2450,#952,.T.);
#2753=EDGE_CURVE('',#2455,#2456,#2917,.T.);
#2754=EDGE_CURVE('',#2455,#2457,#1141,.T.);
#2755=EDGE_CURVE('',#2458,#2457,#1142,.T.);
#2756=EDGE_CURVE('',#2456,#2458,#2918,.T.);
#2757=EDGE_CURVE('',#2459,#2451,#2919,.T.);
#2758=EDGE_CURVE('',#2459,#2452,#2920,.T.);
#2759=EDGE_CURVE('',#2460,#2461,#953,.T.);
#2760=EDGE_CURVE('',#2461,#2459,#2921,.T.);
#2761=EDGE_CURVE('',#2454,#2460,#2922,.T.);
#2762=EDGE_CURVE('',#2453,#2462,#2923,.T.);
#2763=EDGE_CURVE('',#2463,#2461,#954,.T.);
#2764=EDGE_CURVE('',#2462,#2463,#1143,.T.);
#2765=EDGE_CURVE('',#2449,#2456,#2924,.T.);
#2766=EDGE_CURVE('',#2462,#2455,#1428,.T.);
#2767=EDGE_CURVE('',#2460,#2458,#955,.T.);
#2768=EDGE_CURVE('',#2463,#2457,#1429,.T.);
#2769=EDGE_CURVE('',#2464,#2465,#956,.T.);
#2770=EDGE_CURVE('',#2466,#2464,#1430,.T.);
#2771=EDGE_CURVE('',#2466,#2467,#1144,.T.);
#2772=EDGE_CURVE('',#2467,#2465,#1431,.T.);
#2773=EDGE_CURVE('',#2465,#2468,#1145,.T.);
#2774=EDGE_CURVE('',#2467,#2469,#1146,.T.);
#2775=EDGE_CURVE('',#2468,#2469,#1147,.T.);
#2776=EDGE_CURVE('',#2470,#2464,#1148,.T.);
#2777=EDGE_CURVE('',#2471,#2470,#1149,.T.);
#2778=EDGE_CURVE('',#2472,#2471,#1150,.T.);
#2779=EDGE_CURVE('',#2472,#2466,#1151,.T.);
#2780=EDGE_CURVE('',#2468,#2473,#2925,.T.);
#2781=EDGE_CURVE('',#2469,#2473,#2926,.T.);
#2782=EDGE_CURVE('',#2472,#2474,#1152,.T.);
#2783=EDGE_CURVE('',#2471,#2474,#2927,.T.);
#2784=EDGE_CURVE('',#2470,#2475,#2928,.T.);
#2785=EDGE_CURVE('',#2474,#2475,#2929,.T.);
#2786=EDGE_CURVE('',#2475,#2473,#1153,.T.);
#2787=EDGE_CURVE('',#2476,#2477,#1155,.T.);
#2788=EDGE_CURVE('',#2478,#2476,#1156,.T.);
#2789=EDGE_CURVE('',#2478,#2479,#1157,.T.);
#2790=EDGE_CURVE('',#2477,#2479,#1432,.T.);
#2791=EDGE_CURVE('',#2480,#2481,#1158,.T.);
#2792=EDGE_CURVE('',#2480,#2482,#1433,.T.);
#2793=EDGE_CURVE('',#2483,#2482,#1159,.T.);
#2794=EDGE_CURVE('',#2481,#2483,#1160,.T.);
#2795=EDGE_CURVE('',#2477,#2480,#957,.T.);
#2796=EDGE_CURVE('',#2479,#2484,#1161,.T.);
#2797=EDGE_CURVE('',#2482,#2484,#958,.T.);
#2798=EDGE_CURVE('',#2481,#2485,#2930,.T.);
#2799=EDGE_CURVE('',#2483,#2486,#2931,.T.);
#2800=EDGE_CURVE('',#2486,#2485,#2932,.T.);
#2801=EDGE_CURVE('',#2476,#2487,#2933,.T.);
#2802=EDGE_CURVE('',#2487,#2485,#1162,.T.);
#2803=EDGE_CURVE('',#2486,#2484,#1163,.T.);
#2804=EDGE_CURVE('',#2478,#2487,#2934,.T.);
#2805=LINE('',#3911,#2935);
#2806=LINE('',#3914,#2936);
#2807=LINE('',#3916,#2937);
#2808=LINE('',#3918,#2938);
#2809=LINE('',#3919,#2939);
#2810=LINE('',#3924,#2940);
#2811=LINE('',#3926,#2941);
#2812=LINE('',#3928,#2942);
#2813=LINE('',#3931,#2943);
#2814=LINE('',#3933,#2944);
#2815=LINE('',#3935,#2945);
#2816=LINE('',#3936,#2946);
#2817=LINE('',#3941,#2947);
#2818=LINE('',#3943,#2948);
#2819=LINE('',#3945,#2949);
#2820=LINE('',#3953,#2950);
#2821=LINE('',#3955,#2951);
#2822=LINE('',#3957,#2952);
#2823=LINE('',#3965,#2953);
#2824=LINE('',#3967,#2954);
#2825=LINE('',#3969,#2955);
#2826=LINE('',#3970,#2956);
#2827=LINE('',#3972,#2957);
#2828=LINE('',#3975,#2958);
#2829=LINE('',#3977,#2959);
#2830=LINE('',#3979,#2960);
#2831=LINE('',#3981,#2961);
#2832=LINE('',#3984,#2962);
#2833=LINE('',#3985,#2963);
#2834=LINE('',#3987,#2964);
#2835=LINE('',#3990,#2965);
#2836=LINE('',#3991,#2966);
#2837=LINE('',#3993,#2967);
#2838=LINE('',#3994,#2968);
#2839=LINE('',#4669,#2969);
#2840=LINE('',#4672,#2970);
#2841=LINE('',#4673,#2971);
#2842=LINE('',#4675,#2972);
#2843=LINE('',#4677,#2973);
#2844=LINE('',#4681,#2974);
#2845=LINE('',#4683,#2975);
#2846=LINE('',#4686,#2976);
#2847=LINE('',#4688,#2977);
#2848=LINE('',#4689,#2978);
#2849=LINE('',#4691,#2979);
#2850=LINE('',#4693,#2980);
#2851=LINE('',#4696,#2981);
#2852=LINE('',#4697,#2982);
#2853=LINE('',#4699,#2983);
#2854=LINE('',#4702,#2984);
#2855=LINE('',#4703,#2985);
#2856=LINE('',#4705,#2986);
#2857=LINE('',#4707,#2987);
#2858=LINE('',#4708,#2988);
#2859=LINE('',#4710,#2989);
#2860=LINE('',#4713,#2990);
#2861=LINE('',#4714,#2991);
#2862=LINE('',#4716,#2992);
#2863=LINE('',#4717,#2993);
#2864=LINE('',#4719,#2994);
#2865=LINE('',#4722,#2995);
#2866=LINE('',#4724,#2996);
#2867=LINE('',#4726,#2997);
#2868=LINE('',#4761,#2998);
#2869=LINE('',#4784,#2999);
#2870=LINE('',#4787,#3000);
#2871=LINE('',#4789,#3001);
#2872=LINE('',#4791,#3002);
#2873=LINE('',#4792,#3003);
#2874=LINE('',#4794,#3004);
#2875=LINE('',#4796,#3005);
#2876=LINE('',#4798,#3006);
#2877=LINE('',#4799,#3007);
#2878=LINE('',#4801,#3008);
#2879=LINE('',#4803,#3009);
#2880=LINE('',#4805,#3010);
#2881=LINE('',#4808,#3011);
#2882=LINE('',#4810,#3012);
#2883=LINE('',#4812,#3013);
#2884=LINE('',#4814,#3014);
#2885=LINE('',#4815,#3015);
#2886=LINE('',#4817,#3016);
#2887=LINE('',#4820,#3017);
#2888=LINE('',#4821,#3018);
#2889=LINE('',#4823,#3019);
#2890=LINE('',#4824,#3020);
#2891=LINE('',#4828,#3021);
#2892=LINE('',#4831,#3022);
#2893=LINE('',#4832,#3023);
#2894=LINE('',#4834,#3024);
#2895=LINE('',#4837,#3025);
#2896=LINE('',#4839,#3026);
#2897=LINE('',#4841,#3027);
#2898=LINE('',#4887,#3028);
#2899=LINE('',#4962,#3029);
#2900=LINE('',#4964,#3030);
#2901=LINE('',#4966,#3031);
#2902=LINE('',#4968,#3032);
#2903=LINE('',#4971,#3033);
#2904=LINE('',#4973,#3034);
#2905=LINE('',#4978,#3035);
#2906=LINE('',#4979,#3036);
#2907=LINE('',#5040,#3037);
#2908=LINE('',#5042,#3038);
#2909=LINE('',#5050,#3039);
#2910=LINE('',#5051,#3040);
#2911=LINE('',#5058,#3041);
#2912=LINE('',#5062,#3042);
#2913=LINE('',#5124,#3043);
#2914=LINE('',#5125,#3044);
#2915=LINE('',#5127,#3045);
#2916=LINE('',#5139,#3046);
#2917=LINE('',#5200,#3047);
#2918=LINE('',#5216,#3048);
#2919=LINE('',#5218,#3049);
#2920=LINE('',#5220,#3050);
#2921=LINE('',#5225,#3051);
#2922=LINE('',#5226,#3052);
#2923=LINE('',#5228,#3053);
#2924=LINE('',#5237,#3054);
#2925=LINE('',#5313,#3055);
#2926=LINE('',#5315,#3056);
#2927=LINE('',#5323,#3057);
#2928=LINE('',#5325,#3058);
#2929=LINE('',#5327,#3059);
#2930=LINE('',#5411,#3061);
#2931=LINE('',#5413,#3062);
#2932=LINE('',#5415,#3063);
#2933=LINE('',#5417,#3064);
#2934=LINE('',#5429,#3065);
#2935=VECTOR('',#3306,1.);
#2936=VECTOR('',#3307,1.);
#2937=VECTOR('',#3308,1.);
#2938=VECTOR('',#3309,1.);
#2939=VECTOR('',#3310,1.);
#2940=VECTOR('',#3313,1.);
#2941=VECTOR('',#3314,1.);
#2942=VECTOR('',#3317,1.);
#2943=VECTOR('',#3318,1.);
#2944=VECTOR('',#3319,1.);
#2945=VECTOR('',#3320,1.);
#2946=VECTOR('',#3321,1.);
#2947=VECTOR('',#3324,1.);
#2948=VECTOR('',#3325,1.);
#2949=VECTOR('',#3328,1.);
#2950=VECTOR('',#3329,1.);
#2951=VECTOR('',#3330,1.);
#2952=VECTOR('',#3333,1.);
#2953=VECTOR('',#3334,1.);
#2954=VECTOR('',#3335,1.);
#2955=VECTOR('',#3338,1.);
#2956=VECTOR('',#3339,1.);
#2957=VECTOR('',#3342,1.);
#2958=VECTOR('',#3343,1.);
#2959=VECTOR('',#3344,1.);
#2960=VECTOR('',#3345,1.);
#2961=VECTOR('',#3348,1.);
#2962=VECTOR('',#3349,1.);
#2963=VECTOR('',#3350,1.);
#2964=VECTOR('',#3353,1.);
#2965=VECTOR('',#3354,1.);
#2966=VECTOR('',#3355,1.);
#2967=VECTOR('',#3358,1.);
#2968=VECTOR('',#3359,1.);
#2969=VECTOR('',#3498,1.);
#2970=VECTOR('',#3499,1.);
#2971=VECTOR('',#3500,1.);
#2972=VECTOR('',#3503,1.);
#2973=VECTOR('',#3504,1.);
#2974=VECTOR('',#3507,1.);
#2975=VECTOR('',#3510,1.);
#2976=VECTOR('',#3511,1.);
#2977=VECTOR('',#3512,1.);
#2978=VECTOR('',#3513,1.);
#2979=VECTOR('',#3514,1.);
#2980=VECTOR('',#3517,1.);
#2981=VECTOR('',#3518,1.);
#2982=VECTOR('',#3519,1.);
#2983=VECTOR('',#3522,1.);
#2984=VECTOR('',#3523,1.);
#2985=VECTOR('',#3524,1.);
#2986=VECTOR('',#3525,1.);
#2987=VECTOR('',#3526,1.);
#2988=VECTOR('',#3527,1.);
#2989=VECTOR('',#3530,1.);
#2990=VECTOR('',#3531,1.);
#2991=VECTOR('',#3532,1.);
#2992=VECTOR('',#3535,1.);
#2993=VECTOR('',#3536,1.);
#2994=VECTOR('',#3539,1.);
#2995=VECTOR('',#3540,1.);
#2996=VECTOR('',#3541,1.);
#2997=VECTOR('',#3542,1.);
#2998=VECTOR('',#3567,1.);
#2999=VECTOR('',#3612,1.);
#3000=VECTOR('',#3613,1.);
#3001=VECTOR('',#3614,1.);
#3002=VECTOR('',#3615,1.);
#3003=VECTOR('',#3616,1.);
#3004=VECTOR('',#3619,1.);
#3005=VECTOR('',#3620,1.);
#3006=VECTOR('',#3621,1.);
#3007=VECTOR('',#3622,1.);
#3008=VECTOR('',#3623,1.);
#3009=VECTOR('',#3624,1.);
#3010=VECTOR('',#3627,1.);
#3011=VECTOR('',#3628,1.);
#3012=VECTOR('',#3629,1.);
#3013=VECTOR('',#3630,1.);
#3014=VECTOR('',#3633,1.);
#3015=VECTOR('',#3634,1.);
#3016=VECTOR('',#3637,1.);
#3017=VECTOR('',#3638,1.);
#3018=VECTOR('',#3639,1.);
#3019=VECTOR('',#3642,1.);
#3020=VECTOR('',#3643,1.);
#3021=VECTOR('',#3648,1.);
#3022=VECTOR('',#3649,1.);
#3023=VECTOR('',#3650,1.);
#3024=VECTOR('',#3653,1.);
#3025=VECTOR('',#3654,1.);
#3026=VECTOR('',#3655,1.);
#3027=VECTOR('',#3656,1.);
#3028=VECTOR('',#3697,1.);
#3029=VECTOR('',#3738,1.);
#3030=VECTOR('',#3739,1.);
#3031=VECTOR('',#3742,1.);
#3032=VECTOR('',#3743,1.);
#3033=VECTOR('',#3748,1.);
#3034=VECTOR('',#3749,1.);
#3035=VECTOR('',#3754,1.);
#3036=VECTOR('',#3755,1.);
#3037=VECTOR('',#3780,1.);
#3038=VECTOR('',#3781,1.);
#3039=VECTOR('',#3784,1.);
#3040=VECTOR('',#3785,1.);
#3041=VECTOR('',#3788,1.);
#3042=VECTOR('',#3793,1.);
#3043=VECTOR('',#3800,1.);
#3044=VECTOR('',#3801,1.);
#3045=VECTOR('',#3804,1.);
#3046=VECTOR('',#3807,1.);
#3047=VECTOR('',#3826,1.);
#3048=VECTOR('',#3827,1.);
#3049=VECTOR('',#3830,1.);
#3050=VECTOR('',#3831,1.);
#3051=VECTOR('',#3836,1.);
#3052=VECTOR('',#3837,1.);
#3053=VECTOR('',#3840,1.);
#3054=VECTOR('',#3845,1.);
#3055=VECTOR('',#3870,1.);
#3056=VECTOR('',#3871,1.);
#3057=VECTOR('',#3874,1.);
#3058=VECTOR('',#3877,1.);
#3059=VECTOR('',#3878,1.);
#3060=VECTOR('',#3883,1.);
#3061=VECTOR('',#3896,1.);
#3062=VECTOR('',#3897,1.);
#3063=VECTOR('',#3898,1.);
#3064=VECTOR('',#3901,1.);
#3065=VECTOR('',#3906,1.);
#3066=VECTOR('',#3909,1.);
#3067=AXIS2_PLACEMENT_3D('',#3910,#3304,#3305);
#3068=AXIS2_PLACEMENT_3D('',#3922,#3311,#3312);
#3069=AXIS2_PLACEMENT_3D('',#3927,#3315,#3316);
#3070=AXIS2_PLACEMENT_3D('',#3939,#3322,#3323);
#3071=AXIS2_PLACEMENT_3D('',#3944,#3326,#3327);
#3072=AXIS2_PLACEMENT_3D('',#3956,#3331,#3332);
#3073=AXIS2_PLACEMENT_3D('',#3968,#3336,#3337);
#3074=AXIS2_PLACEMENT_3D('',#3971,#3340,#3341);
#3075=AXIS2_PLACEMENT_3D('',#3980,#3346,#3347);
#3076=AXIS2_PLACEMENT_3D('',#3986,#3351,#3352);
#3077=AXIS2_PLACEMENT_3D('',#3992,#3356,#3357);
#3078=AXIS2_PLACEMENT_3D('',#3995,#3360,#3361);
#3079=AXIS2_PLACEMENT_3D('',#3996,#3362,#3363);
#3080=AXIS2_PLACEMENT_3D('',#3997,#3364,#3365);
#3081=AXIS2_PLACEMENT_3D('',#3998,#3366,#3367);
#3082=AXIS2_PLACEMENT_3D('',#3999,#3368,#3369);
#3083=AXIS2_PLACEMENT_3D('',#4000,#3370,#3371);
#3084=AXIS2_PLACEMENT_3D('',#4001,#3372,#3373);
#3085=AXIS2_PLACEMENT_3D('',#4002,#3374,#3375);
#3086=AXIS2_PLACEMENT_3D('',#4003,#3376,#3377);
#3087=AXIS2_PLACEMENT_3D('',#4004,#3378,#3379);
#3088=AXIS2_PLACEMENT_3D('',#4005,#3380,#3381);
#3089=AXIS2_PLACEMENT_3D('',#4006,#3382,#3383);
#3090=AXIS2_PLACEMENT_3D('',#4007,#3384,#3385);
#3091=AXIS2_PLACEMENT_3D('',#4008,#3386,#3387);
#3092=AXIS2_PLACEMENT_3D('',#4009,#3388,#3389);
#3093=AXIS2_PLACEMENT_3D('',#4010,#3390,#3391);
#3094=AXIS2_PLACEMENT_3D('',#4011,#3392,#3393);
#3095=AXIS2_PLACEMENT_3D('',#4028,#3394,#3395);
#3096=AXIS2_PLACEMENT_3D('',#4029,#3396,#3397);
#3097=AXIS2_PLACEMENT_3D('',#4030,#3398,#3399);
#3098=AXIS2_PLACEMENT_3D('',#4031,#3400,#3401);
#3099=AXIS2_PLACEMENT_3D('',#4048,#3402,#3403);
#3100=AXIS2_PLACEMENT_3D('',#4065,#3404,#3405);
#3101=AXIS2_PLACEMENT_3D('',#4066,#3406,#3407);
#3102=AXIS2_PLACEMENT_3D('',#4067,#3408,#3409);
#3103=AXIS2_PLACEMENT_3D('',#4068,#3410,#3411);
#3104=AXIS2_PLACEMENT_3D('',#4085,#3412,#3413);
#3105=AXIS2_PLACEMENT_3D('',#4094,#3414,#3415);
#3106=AXIS2_PLACEMENT_3D('',#4113,#3416,#3417);
#3107=AXIS2_PLACEMENT_3D('',#4137,#3418,#3419);
#3108=AXIS2_PLACEMENT_3D('',#4158,#3420,#3421);
#3109=AXIS2_PLACEMENT_3D('',#4159,#3422,#3423);
#3110=AXIS2_PLACEMENT_3D('',#4161,#3424,#3425);
#3111=AXIS2_PLACEMENT_3D('',#4162,#3426,#3427);
#3112=AXIS2_PLACEMENT_3D('',#4164,#3428,#3429);
#3113=AXIS2_PLACEMENT_3D('',#4181,#3430,#3431);
#3114=AXIS2_PLACEMENT_3D('',#4213,#3432,#3433);
#3115=AXIS2_PLACEMENT_3D('',#4226,#3434,#3435);
#3116=AXIS2_PLACEMENT_3D('',#4257,#3436,#3437);
#3117=AXIS2_PLACEMENT_3D('',#4258,#3438,#3439);
#3118=AXIS2_PLACEMENT_3D('',#4260,#3440,#3441);
#3119=AXIS2_PLACEMENT_3D('',#4335,#3442,#3443);
#3120=AXIS2_PLACEMENT_3D('',#4411,#3444,#3445);
#3121=AXIS2_PLACEMENT_3D('',#4460,#3446,#3447);
#3122=AXIS2_PLACEMENT_3D('',#4490,#3448,#3449);
#3123=AXIS2_PLACEMENT_3D('',#4492,#3450,#3451);
#3124=AXIS2_PLACEMENT_3D('',#4522,#3452,#3453);
#3125=AXIS2_PLACEMENT_3D('',#4524,#3454,#3455);
#3126=AXIS2_PLACEMENT_3D('',#4554,#3456,#3457);
#3127=AXIS2_PLACEMENT_3D('',#4556,#3458,#3459);
#3128=AXIS2_PLACEMENT_3D('',#4586,#3460,#3461);
#3129=AXIS2_PLACEMENT_3D('',#4588,#3462,#3463);
#3130=AXIS2_PLACEMENT_3D('',#4618,#3464,#3465);
#3131=AXIS2_PLACEMENT_3D('',#4620,#3466,#3467);
#3132=AXIS2_PLACEMENT_3D('',#4621,#3468,#3469);
#3133=AXIS2_PLACEMENT_3D('',#4651,#3470,#3471);
#3134=AXIS2_PLACEMENT_3D('',#4652,#3472,#3473);
#3135=AXIS2_PLACEMENT_3D('',#4654,#3474,#3475);
#3136=AXIS2_PLACEMENT_3D('',#4655,#3476,#3477);
#3137=AXIS2_PLACEMENT_3D('',#4656,#3478,#3479);
#3138=AXIS2_PLACEMENT_3D('',#4658,#3480,#3481);
#3139=AXIS2_PLACEMENT_3D('',#4659,#3482,#3483);
#3140=AXIS2_PLACEMENT_3D('',#4660,#3484,#3485);
#3141=AXIS2_PLACEMENT_3D('',#4662,#3486,#3487);
#3142=AXIS2_PLACEMENT_3D('',#4663,#3488,#3489);
#3143=AXIS2_PLACEMENT_3D('',#4664,#3490,#3491);
#3144=AXIS2_PLACEMENT_3D('',#4666,#3492,#3493);
#3145=AXIS2_PLACEMENT_3D('',#4667,#3494,#3495);
#3146=AXIS2_PLACEMENT_3D('',#4668,#3496,#3497);
#3147=AXIS2_PLACEMENT_3D('',#4674,#3501,#3502);
#3148=AXIS2_PLACEMENT_3D('',#4679,#3505,#3506);
#3149=AXIS2_PLACEMENT_3D('',#4682,#3508,#3509);
#3150=AXIS2_PLACEMENT_3D('',#4692,#3515,#3516);
#3151=AXIS2_PLACEMENT_3D('',#4698,#3520,#3521);
#3152=AXIS2_PLACEMENT_3D('',#4709,#3528,#3529);
#3153=AXIS2_PLACEMENT_3D('',#4715,#3533,#3534);
#3154=AXIS2_PLACEMENT_3D('',#4718,#3537,#3538);
#3155=AXIS2_PLACEMENT_3D('',#4727,#3543,#3544);
#3156=AXIS2_PLACEMENT_3D('',#4728,#3545,#3546);
#3157=AXIS2_PLACEMENT_3D('',#4729,#3547,#3548);
#3158=AXIS2_PLACEMENT_3D('',#4730,#3549,#3550);
#3159=AXIS2_PLACEMENT_3D('',#4731,#3551,#3552);
#3160=AXIS2_PLACEMENT_3D('',#4732,#3553,#3554);
#3161=AXIS2_PLACEMENT_3D('',#4733,#3555,#3556);
#3162=AXIS2_PLACEMENT_3D('',#4734,#3557,#3558);
#3163=AXIS2_PLACEMENT_3D('',#4735,#3559,#3560);
#3164=AXIS2_PLACEMENT_3D('',#4736,#3561,#3562);
#3165=AXIS2_PLACEMENT_3D('',#4737,#3563,#3564);
#3166=AXIS2_PLACEMENT_3D('',#4760,#3565,#3566);
#3167=AXIS2_PLACEMENT_3D('',#4762,#3568,#3569);
#3168=AXIS2_PLACEMENT_3D('',#4763,#3570,#3571);
#3169=AXIS2_PLACEMENT_3D('',#4764,#3572,#3573);
#3170=AXIS2_PLACEMENT_3D('',#4765,#3574,#3575);
#3171=AXIS2_PLACEMENT_3D('',#4766,#3576,#3577);
#3172=AXIS2_PLACEMENT_3D('',#4767,#3578,#3579);
#3173=AXIS2_PLACEMENT_3D('',#4768,#3580,#3581);
#3174=AXIS2_PLACEMENT_3D('',#4769,#3582,#3583);
#3175=AXIS2_PLACEMENT_3D('',#4770,#3584,#3585);
#3176=AXIS2_PLACEMENT_3D('',#4771,#3586,#3587);
#3177=AXIS2_PLACEMENT_3D('',#4772,#3588,#3589);
#3178=AXIS2_PLACEMENT_3D('',#4773,#3590,#3591);
#3179=AXIS2_PLACEMENT_3D('',#4774,#3592,#3593);
#3180=AXIS2_PLACEMENT_3D('',#4775,#3594,#3595);
#3181=AXIS2_PLACEMENT_3D('',#4776,#3596,#3597);
#3182=AXIS2_PLACEMENT_3D('',#4777,#3598,#3599);
#3183=AXIS2_PLACEMENT_3D('',#4778,#3600,#3601);
#3184=AXIS2_PLACEMENT_3D('',#4779,#3602,#3603);
#3185=AXIS2_PLACEMENT_3D('',#4780,#3604,#3605);
#3186=AXIS2_PLACEMENT_3D('',#4781,#3606,#3607);
#3187=AXIS2_PLACEMENT_3D('',#4782,#3608,#3609);
#3188=AXIS2_PLACEMENT_3D('',#4783,#3610,#3611);
#3189=AXIS2_PLACEMENT_3D('',#4793,#3617,#3618);
#3190=AXIS2_PLACEMENT_3D('',#4804,#3625,#3626);
#3191=AXIS2_PLACEMENT_3D('',#4813,#3631,#3632);
#3192=AXIS2_PLACEMENT_3D('',#4816,#3635,#3636);
#3193=AXIS2_PLACEMENT_3D('',#4822,#3640,#3641);
#3194=AXIS2_PLACEMENT_3D('',#4826,#3644,#3645);
#3195=AXIS2_PLACEMENT_3D('',#4827,#3646,#3647);
#3196=AXIS2_PLACEMENT_3D('',#4833,#3651,#3652);
#3197=AXIS2_PLACEMENT_3D('',#4842,#3657,#3658);
#3198=AXIS2_PLACEMENT_3D('',#4843,#3659,#3660);
#3199=AXIS2_PLACEMENT_3D('',#4844,#3661,#3662);
#3200=AXIS2_PLACEMENT_3D('',#4845,#3663,#3664);
#3201=AXIS2_PLACEMENT_3D('',#4846,#3665,#3666);
#3202=AXIS2_PLACEMENT_3D('',#4847,#3667,#3668);
#3203=AXIS2_PLACEMENT_3D('',#4848,#3669,#3670);
#3204=AXIS2_PLACEMENT_3D('',#4874,#3671,#3672);
#3205=AXIS2_PLACEMENT_3D('',#4875,#3673,#3674);
#3206=AXIS2_PLACEMENT_3D('',#4876,#3675,#3676);
#3207=AXIS2_PLACEMENT_3D('',#4877,#3677,#3678);
#3208=AXIS2_PLACEMENT_3D('',#4878,#3679,#3680);
#3209=AXIS2_PLACEMENT_3D('',#4879,#3681,#3682);
#3210=AXIS2_PLACEMENT_3D('',#4880,#3683,#3684);
#3211=AXIS2_PLACEMENT_3D('',#4881,#3685,#3686);
#3212=AXIS2_PLACEMENT_3D('',#4882,#3687,#3688);
#3213=AXIS2_PLACEMENT_3D('',#4883,#3689,#3690);
#3214=AXIS2_PLACEMENT_3D('',#4884,#3691,#3692);
#3215=AXIS2_PLACEMENT_3D('',#4885,#3693,#3694);
#3216=AXIS2_PLACEMENT_3D('',#4886,#3695,#3696);
#3217=AXIS2_PLACEMENT_3D('',#4888,#3698,#3699);
#3218=AXIS2_PLACEMENT_3D('',#4889,#3700,#3701);
#3219=AXIS2_PLACEMENT_3D('',#4890,#3702,#3703);
#3220=AXIS2_PLACEMENT_3D('',#4891,#3704,#3705);
#3221=AXIS2_PLACEMENT_3D('',#4892,#3706,#3707);
#3222=AXIS2_PLACEMENT_3D('',#4893,#3708,#3709);
#3223=AXIS2_PLACEMENT_3D('',#4894,#3710,#3711);
#3224=AXIS2_PLACEMENT_3D('',#4895,#3712,#3713);
#3225=AXIS2_PLACEMENT_3D('',#4896,#3714,#3715);
#3226=AXIS2_PLACEMENT_3D('',#4897,#3716,#3717);
#3227=AXIS2_PLACEMENT_3D('',#4898,#3718,#3719);
#3228=AXIS2_PLACEMENT_3D('',#4899,#3720,#3721);
#3229=AXIS2_PLACEMENT_3D('',#4900,#3722,#3723);
#3230=AXIS2_PLACEMENT_3D('',#4901,#3724,#3725);
#3231=AXIS2_PLACEMENT_3D('',#4914,#3726,#3727);
#3232=AXIS2_PLACEMENT_3D('',#4939,#3728,#3729);
#3233=AXIS2_PLACEMENT_3D('',#4940,#3730,#3731);
#3234=AXIS2_PLACEMENT_3D('',#4941,#3732,#3733);
#3235=AXIS2_PLACEMENT_3D('',#4943,#3734,#3735);
#3236=AXIS2_PLACEMENT_3D('',#4944,#3736,#3737);
#3237=AXIS2_PLACEMENT_3D('',#4965,#3740,#3741);
#3238=AXIS2_PLACEMENT_3D('',#4969,#3744,#3745);
#3239=AXIS2_PLACEMENT_3D('',#4970,#3746,#3747);
#3240=AXIS2_PLACEMENT_3D('',#4974,#3750,#3751);
#3241=AXIS2_PLACEMENT_3D('',#4975,#3752,#3753);
#3242=AXIS2_PLACEMENT_3D('',#4980,#3756,#3757);
#3243=AXIS2_PLACEMENT_3D('',#4986,#3758,#3759);
#3244=AXIS2_PLACEMENT_3D('',#4987,#3760,#3761);
#3245=AXIS2_PLACEMENT_3D('',#4988,#3762,#3763);
#3246=AXIS2_PLACEMENT_3D('',#4989,#3764,#3765);
#3247=AXIS2_PLACEMENT_3D('',#4990,#3766,#3767);
#3248=AXIS2_PLACEMENT_3D('',#4991,#3768,#3769);
#3249=AXIS2_PLACEMENT_3D('',#4992,#3770,#3771);
#3250=AXIS2_PLACEMENT_3D('',#4993,#3772,#3773);
#3251=AXIS2_PLACEMENT_3D('',#4996,#3774,#3775);
#3252=AXIS2_PLACEMENT_3D('',#5002,#3776,#3777);
#3253=AXIS2_PLACEMENT_3D('',#5008,#3778,#3779);
#3254=AXIS2_PLACEMENT_3D('',#5043,#3782,#3783);
#3255=AXIS2_PLACEMENT_3D('',#5052,#3786,#3787);
#3256=AXIS2_PLACEMENT_3D('',#5059,#3789,#3790);
#3257=AXIS2_PLACEMENT_3D('',#5060,#3791,#3792);
#3258=AXIS2_PLACEMENT_3D('',#5063,#3794,#3795);
#3259=AXIS2_PLACEMENT_3D('',#5068,#3796,#3797);
#3260=AXIS2_PLACEMENT_3D('',#5085,#3798,#3799);
#3261=AXIS2_PLACEMENT_3D('',#5126,#3802,#3803);
#3262=AXIS2_PLACEMENT_3D('',#5133,#3805,#3806);
#3263=AXIS2_PLACEMENT_3D('',#5140,#3808,#3809);
#3264=AXIS2_PLACEMENT_3D('',#5141,#3810,#3811);
#3265=AXIS2_PLACEMENT_3D('',#5142,#3812,#3813);
#3266=AXIS2_PLACEMENT_3D('',#5171,#3814,#3815);
#3267=AXIS2_PLACEMENT_3D('',#5194,#3816,#3817);
#3268=AXIS2_PLACEMENT_3D('',#5195,#3818,#3819);
#3269=AXIS2_PLACEMENT_3D('',#5196,#3820,#3821);
#3270=AXIS2_PLACEMENT_3D('',#5198,#3822,#3823);
#3271=AXIS2_PLACEMENT_3D('',#5199,#3824,#3825);
#3272=AXIS2_PLACEMENT_3D('',#5217,#3828,#3829);
#3273=AXIS2_PLACEMENT_3D('',#5221,#3832,#3833);
#3274=AXIS2_PLACEMENT_3D('',#5222,#3834,#3835);
#3275=AXIS2_PLACEMENT_3D('',#5227,#3838,#3839);
#3276=AXIS2_PLACEMENT_3D('',#5230,#3841,#3842);
#3277=AXIS2_PLACEMENT_3D('',#5236,#3843,#3844);
#3278=AXIS2_PLACEMENT_3D('',#5238,#3846,#3847);
#3279=AXIS2_PLACEMENT_3D('',#5239,#3848,#3849);
#3280=AXIS2_PLACEMENT_3D('',#5240,#3850,#3851);
#3281=AXIS2_PLACEMENT_3D('',#5241,#3852,#3853);
#3282=AXIS2_PLACEMENT_3D('',#5242,#3854,#3855);
#3283=AXIS2_PLACEMENT_3D('',#5243,#3856,#3857);
#3284=AXIS2_PLACEMENT_3D('',#5244,#3858,#3859);
#3285=AXIS2_PLACEMENT_3D('',#5245,#3860,#3861);
#3286=AXIS2_PLACEMENT_3D('',#5248,#3862,#3863);
#3287=AXIS2_PLACEMENT_3D('',#5257,#3864,#3865);
#3288=AXIS2_PLACEMENT_3D('',#5258,#3866,#3867);
#3289=AXIS2_PLACEMENT_3D('',#5277,#3868,#3869);
#3290=AXIS2_PLACEMENT_3D('',#5316,#3872,#3873);
#3291=AXIS2_PLACEMENT_3D('',#5324,#3875,#3876);
#3292=AXIS2_PLACEMENT_3D('',#5328,#3879,#3880);
#3293=AXIS2_PLACEMENT_3D('',#5334,#3881,#3882);
#3294=AXIS2_PLACEMENT_3D('',#5362,#3884,#3885);
#3295=AXIS2_PLACEMENT_3D('',#5363,#3886,#3887);
#3296=AXIS2_PLACEMENT_3D('',#5370,#3888,#3889);
#3297=AXIS2_PLACEMENT_3D('',#5397,#3890,#3891);
#3298=AXIS2_PLACEMENT_3D('',#5409,#3892,#3893);
#3299=AXIS2_PLACEMENT_3D('',#5410,#3894,#3895);
#3300=AXIS2_PLACEMENT_3D('',#5416,#3899,#3900);
#3301=AXIS2_PLACEMENT_3D('',#5423,#3902,#3903);
#3302=AXIS2_PLACEMENT_3D('',#5428,#3904,#3905);
#3303=AXIS2_PLACEMENT_3D('',#5430,#3907,#3908);
#3304=DIRECTION('',(0.,0.,1.));
#3305=DIRECTION('',(1.,0.,0.));
#3306=DIRECTION('',(-0.999999500631748,0.,-0.000999367927409463));
#3307=DIRECTION('',(0.000999367927408707,0.,-0.999999500631748));
#3308=DIRECTION('',(0.999999500631748,0.,0.000999367927408884));
#3309=DIRECTION('',(-0.000999367927409139,0.,0.999999500631748));
#3310=DIRECTION('',(-2.34291072916505E-15,0.,1.));
#3311=DIRECTION('',(0.,1.,0.));
#3312=DIRECTION('',(0.,0.,1.));
#3313=DIRECTION('',(2.34291072916505E-15,0.,-1.));
#3314=DIRECTION('',(-1.,0.,-2.34291072916505E-15));
#3315=DIRECTION('',(0.,1.,0.));
#3316=DIRECTION('',(0.,0.,1.));
#3317=DIRECTION('',(0.000999367927409139,0.,-0.999999500631748));
#3318=DIRECTION('',(-0.999999500631748,0.,-0.000999367927408884));
#3319=DIRECTION('',(-0.000999367927408707,0.,0.999999500631748));
#3320=DIRECTION('',(0.999999500631748,0.,0.000999367927409463));
#3321=DIRECTION('',(-2.34291072916505E-15,0.,1.));
#3322=DIRECTION('',(0.,-1.,0.));
#3323=DIRECTION('',(0.,0.,-1.));
#3324=DIRECTION('',(2.34291072916505E-15,0.,-1.));
#3325=DIRECTION('',(1.,0.,2.34291072916505E-15));
#3326=DIRECTION('',(0.,-1.,0.));
#3327=DIRECTION('',(0.,0.,-1.));
#3328=DIRECTION('',(-2.34291072916505E-15,0.,1.));
#3329=DIRECTION('',(2.34291072916505E-15,0.,-1.));
#3330=DIRECTION('',(0.,1.,0.));
#3331=DIRECTION('',(-1.,0.,-2.34291072916505E-15));
#3332=DIRECTION('',(-2.34274405430668E-15,0.,1.));
#3333=DIRECTION('',(-2.34291072916505E-15,0.,1.));
#3334=DIRECTION('',(2.34291072916505E-15,0.,-1.));
#3335=DIRECTION('',(0.,-1.,0.));
#3336=DIRECTION('',(1.,0.,2.34291072916505E-15));
#3337=DIRECTION('',(2.34361141604467E-15,0.,-1.));
#3338=DIRECTION('',(-1.,0.,-2.34291072916505E-15));
#3339=DIRECTION('',(1.,0.,2.34291072916505E-15));
#3340=DIRECTION('',(2.34291072916505E-15,0.,-1.));
#3341=DIRECTION('',(-1.,0.,-2.34361141604467E-15));
#3342=DIRECTION('',(0.,-1.,0.));
#3343=DIRECTION('',(0.000999367927408707,0.,-0.999999500631748));
#3344=DIRECTION('',(0.,-1.,0.));
#3345=DIRECTION('',(-0.000999367927408707,0.,0.999999500631748));
#3346=DIRECTION('',(-0.999999500631748,0.,-0.000999367927408707));
#3347=DIRECTION('',(-0.000999367927408706,0.,0.999999500631748));
#3348=DIRECTION('',(0.,-1.,0.));
#3349=DIRECTION('',(-0.999999500631748,0.,-0.000999367927409463));
#3350=DIRECTION('',(0.999999500631748,0.,0.000999367927409463));
#3351=DIRECTION('',(-0.000999367927409463,0.,0.999999500631748));
#3352=DIRECTION('',(0.999999500631748,0.,0.000999367927409463));
#3353=DIRECTION('',(0.,-1.,0.));
#3354=DIRECTION('',(-0.000999367927409139,0.,0.999999500631748));
#3355=DIRECTION('',(0.000999367927409139,0.,-0.999999500631748));
#3356=DIRECTION('',(0.999999500631748,0.,0.000999367927409139));
#3357=DIRECTION('',(0.00099936792740914,0.,-0.999999500631748));
#3358=DIRECTION('',(0.999999500631748,0.,0.000999367927408884));
#3359=DIRECTION('',(-0.999999500631748,0.,-0.000999367927408884));
#3360=DIRECTION('',(0.000999367927408884,0.,-0.999999500631748));
#3361=DIRECTION('',(-0.999999500631748,0.,-0.000999367927408883));
#3362=DIRECTION('',(0.707813087918242,0.,-0.706399768241499));
#3363=DIRECTION('',(-0.706399768241499,0.,-0.707813087918242));
#3364=DIRECTION('',(-0.706399768241499,0.,-0.707813087918241));
#3365=DIRECTION('',(-0.707813087918242,0.,0.706399768241499));
#3366=DIRECTION('',(0.999999500631748,0.,0.000999367927409463));
#3367=DIRECTION('',(0.000999367927409028,0.,-0.99999950063175));
#3368=DIRECTION('',(0.707813087918241,0.,-0.706399768241499));
#3369=DIRECTION('',(-0.706399768241499,0.,-0.707813087918241));
#3370=DIRECTION('',(-0.000999367927408707,0.,0.999999500631748));
#3371=DIRECTION('',(0.999999500631748,0.,0.000999367927408151));
#3372=DIRECTION('',(-0.706399768241499,0.,-0.707813087918241));
#3373=DIRECTION('',(-0.707813087918241,0.,0.706399768241499));
#3374=DIRECTION('',(0.000999367927409139,0.,-0.999999500631748));
#3375=DIRECTION('',(-0.999999500631748,0.,-0.000999367927409904));
#3376=DIRECTION('',(-0.999999500631748,0.,-0.000999367927408884));
#3377=DIRECTION('',(-0.000999367927408151,0.,0.999999500631748));
#3378=DIRECTION('',(-0.707813087918242,0.,0.706399768241499));
#3379=DIRECTION('',(-0.706399768241499,0.,-0.707813087918242));
#3380=DIRECTION('',(-0.706399768241499,0.,-0.707813087918241));
#3381=DIRECTION('',(0.707813087918241,0.,-0.706399768241499));
#3382=DIRECTION('',(-0.000999367927409139,0.,0.999999500631748));
#3383=DIRECTION('',(0.999999500631748,0.,0.000999367927409904));
#3384=DIRECTION('',(-0.707813087918241,0.,0.706399768241499));
#3385=DIRECTION('',(-0.706399768241499,0.,-0.707813087918241));
#3386=DIRECTION('',(0.999999500631748,0.,0.000999367927408884));
#3387=DIRECTION('',(0.000999367927408151,0.,-0.999999500631748));
#3388=DIRECTION('',(-0.706399768241499,0.,-0.707813087918241));
#3389=DIRECTION('',(0.707813087918242,0.,-0.706399768241499));
#3390=DIRECTION('',(-0.999999500631748,0.,-0.000999367927409463));
#3391=DIRECTION('',(-0.000999367927409028,0.,0.99999950063175));
#3392=DIRECTION('',(0.000999367927408707,0.,-0.999999500631748));
#3393=DIRECTION('',(-0.999999500631748,0.,-0.000999367927408151));
#3394=DIRECTION('',(-0.707106781186546,0.,-0.707106781186549));
#3395=DIRECTION('',(0.707106781186549,0.,-0.707106781186546));
#3396=DIRECTION('',(2.34291072916505E-15,0.,-1.));
#3397=DIRECTION('',(-1.,0.,-3.50449187066022E-15));
#3398=DIRECTION('',(-0.707106781186549,0.,0.707106781186546));
#3399=DIRECTION('',(-0.707106781186546,0.,-0.707106781186549));
#3400=DIRECTION('',(-1.,0.,-2.34291072916505E-15));
#3401=DIRECTION('',(-2.34291072916505E-15,0.,1.));
#3402=DIRECTION('',(2.34291072916505E-15,0.,-1.));
#3403=DIRECTION('',(-1.,0.,-3.50449187066022E-15));
#3404=DIRECTION('',(-0.707106781186546,0.,-0.707106781186549));
#3405=DIRECTION('',(0.707106781186549,0.,-0.707106781186546));
#3406=DIRECTION('',(2.34291072916505E-15,0.,-1.));
#3407=DIRECTION('',(-1.,0.,-3.50449187066022E-15));
#3408=DIRECTION('',(-0.707106781186549,0.,0.707106781186546));
#3409=DIRECTION('',(0.707106781186546,0.,0.707106781186549));
#3410=DIRECTION('',(1.,0.,2.34291072916505E-15));
#3411=DIRECTION('',(2.34291072916505E-15,0.,-1.));
#3412=DIRECTION('',(2.34291072916505E-15,0.,-1.));
#3413=DIRECTION('',(-1.,0.,-3.50449187066022E-15));
#3414=DIRECTION('',(0.,-1.,0.));
#3415=DIRECTION('',(-4.67373272195652E-15,0.,1.));
#3416=DIRECTION('',(0.,1.,0.));
#3417=DIRECTION('',(0.,0.,-1.));
#3418=DIRECTION('',(0.,-1.,0.));
#3419=DIRECTION('',(-4.67373272195652E-15,0.,1.));
#3420=DIRECTION('',(0.,1.,0.));
#3421=DIRECTION('',(0.,0.,-1.));
#3422=DIRECTION('',(0.,-1.,0.));
#3423=DIRECTION('',(-4.70375437478024E-15,0.,1.));
#3424=DIRECTION('',(0.,-1.,0.));
#3425=DIRECTION('',(-4.67621110915488E-15,0.,1.));
#3426=DIRECTION('',(0.,-1.,0.));
#3427=DIRECTION('',(-4.67787463182065E-15,0.,1.));
#3428=DIRECTION('',(-0.896112578135228,0.443826821302898,0.));
#3429=DIRECTION('',(0.443826821302898,0.896112578135228,0.));
#3430=DIRECTION('',(-0.4438268213029,-0.896112578135227,1.19626542849666E-16));
#3431=DIRECTION('',(-0.896112578135227,0.4438268213029,2.41533058799208E-16));
#3432=DIRECTION('',(-0.452422103702402,0.891803924683837,3.4122923667103E-17));
#3433=DIRECTION('',(0.891803924683836,0.452422103702401,-6.72623132224914E-17));
#3434=DIRECTION('',(0.891803924683836,0.452422103702403,0.));
#3435=DIRECTION('',(-0.452422103702403,0.891803924683835,0.));
#3436=DIRECTION('',(0.,1.,0.));
#3437=DIRECTION('',(4.68541604488747E-15,1.06714102089964E-15,-1.));
#3438=DIRECTION('',(0.,-1.,0.));
#3439=DIRECTION('',(-4.68375338513738E-15,0.,1.));
#3440=DIRECTION('',(0.,-1.,0.));
#3441=DIRECTION('',(-4.70853514907991E-15,0.,1.));
#3442=DIRECTION('',(2.42861286636754E-15,1.,0.));
#3443=DIRECTION('',(1.,-2.41949038856649E-15,0.));
#3444=DIRECTION('',(0.,-1.,0.));
#3445=DIRECTION('',(0.,0.,-1.));
#3446=DIRECTION('',(-3.88578058618805E-16,-1.,-5.31020079391842E-30));
#3447=DIRECTION('',(1.,-3.97318898939313E-16,4.6858214583301E-15));
#3448=DIRECTION('',(-3.88578058618805E-16,-1.,-5.31020079391842E-30));
#3449=DIRECTION('',(-1.,3.87985417639476E-16,-4.6858214583301E-15));
#3450=DIRECTION('',(0.,-1.,0.));
#3451=DIRECTION('',(-4.68365417509564E-15,0.,1.));
#3452=DIRECTION('',(0.,-1.,0.));
#3453=DIRECTION('',(0.,0.,1.));
#3454=DIRECTION('',(0.,-1.,0.));
#3455=DIRECTION('',(-4.63752474312928E-15,0.,1.));
#3456=DIRECTION('',(0.,-1.,0.));
#3457=DIRECTION('',(-4.69395764087842E-15,0.,1.));
#3458=DIRECTION('',(0.,1.,0.));
#3459=DIRECTION('',(0.,0.,1.));
#3460=DIRECTION('',(0.,-1.,0.));
#3461=DIRECTION('',(-4.66971949785999E-15,0.,1.));
#3462=DIRECTION('',(0.,-1.,0.));
#3463=DIRECTION('',(-4.69496160922809E-15,0.,1.));
#3464=DIRECTION('',(-3.88578058618805E-16,-1.,-5.31020079391842E-30));
#3465=DIRECTION('',(1.,-3.4635624204743E-16,4.6858214583301E-15));
#3466=DIRECTION('',(0.,-1.,0.));
#3467=DIRECTION('',(-4.68548810861336E-15,0.,1.));
#3468=DIRECTION('',(0.,-1.,0.));
#3469=DIRECTION('',(-4.6704093583991E-15,0.,1.));
#3470=DIRECTION('',(0.,1.,0.));
#3471=DIRECTION('',(4.68444886457486E-15,-1.80294939117658E-15,-1.));
#3472=DIRECTION('',(0.,-1.,0.));
#3473=DIRECTION('',(-4.70450355498764E-15,0.,1.));
#3474=DIRECTION('',(0.,1.,0.));
#3475=DIRECTION('',(4.67955590370088E-15,-1.06961277798877E-15,-1.));
#3476=DIRECTION('',(0.,1.,0.));
#3477=DIRECTION('',(4.6704093583991E-15,0.,-1.));
#3478=DIRECTION('',(0.,1.,0.));
#3479=DIRECTION('',(1.,0.,4.74705379828746E-15));
#3480=DIRECTION('',(0.,1.,0.));
#3481=DIRECTION('',(4.67787463182067E-15,0.,-1.));
#3482=DIRECTION('',(0.,-1.,0.));
#3483=DIRECTION('',(-4.68548810861336E-15,0.,1.));
#3484=DIRECTION('',(3.88578058618805E-16,1.,5.31020079391842E-30));
#3485=DIRECTION('',(1.,-4.00122955149118E-16,4.6858214583301E-15));
#3486=DIRECTION('',(3.88578058618805E-16,1.,5.31020079391842E-30));
#3487=DIRECTION('',(-1.,4.2063425409379E-16,-4.6858214583301E-15));
#3488=DIRECTION('',(3.88578058618805E-16,1.,5.31020079391842E-30));
#3489=DIRECTION('',(-1.,2.1833990926578E-16,-4.6858214583301E-15));
#3490=DIRECTION('',(3.88578058618805E-16,1.,5.31020079391842E-30));
#3491=DIRECTION('',(1.,-4.00108004693282E-16,4.6858214583301E-15));
#3492=DIRECTION('',(3.88578058618805E-16,1.,5.31020079391842E-30));
#3493=DIRECTION('',(-1.,3.98753079258332E-16,-4.6858214583301E-15));
#3494=DIRECTION('',(3.88578058618805E-16,1.,5.31020079391842E-30));
#3495=DIRECTION('',(-1.,3.36279328739982E-16,-4.6858214583301E-15));
#3496=DIRECTION('',(3.88578058618805E-16,1.,5.31020079391842E-30));
#3497=DIRECTION('',(-1.,3.65700429257331E-16,-4.6858214583301E-15));
#3498=DIRECTION('',(-0.896112578135227,0.4438268213029,0.));
#3499=DIRECTION('',(0.,0.,-1.));
#3500=DIRECTION('',(0.,0.,1.));
#3501=DIRECTION('',(-0.4438268213029,-0.896112578135227,0.));
#3502=DIRECTION('',(0.896112578135227,-0.4438268213029,0.));
#3503=DIRECTION('',(5.30934682564224E-17,1.07198849726419E-16,1.));
#3504=DIRECTION('',(0.896112578135227,-0.4438268213029,0.));
#3505=DIRECTION('',(0.4438268213029,0.896112578135227,-1.19626542849666E-16));
#3506=DIRECTION('',(-2.78645760671225E-16,4.51273587408756E-18,-1.));
#3507=DIRECTION('',(-5.30934682564226E-17,-1.07198849726419E-16,-1.));
#3508=DIRECTION('',(0.4438268213029,0.896112578135227,-1.19626542849666E-16));
#3509=DIRECTION('',(-0.896112578135227,0.4438268213029,0.));
#3510=DIRECTION('',(0.,0.,-1.));
#3511=DIRECTION('',(-0.432898469250883,-0.874047589581012,-0.220544159904235));
#3512=DIRECTION('',(0.,0.,-1.));
#3513=DIRECTION('',(0.,0.,1.));
#3514=DIRECTION('',(0.432898469250884,0.874047589581012,0.220544159904235));
#3515=DIRECTION('',(-0.896112578135227,0.4438268213029,0.));
#3516=DIRECTION('',(-0.4438268213029,-0.896112578135227,0.));
#3517=DIRECTION('',(0.995002211081738,0.,0.0998528915077158));
#3518=DIRECTION('',(0.,0.,-1.));
#3519=DIRECTION('',(0.,0.,1.));
#3520=DIRECTION('',(0.,1.,0.));
#3521=DIRECTION('',(0.,0.,1.));
#3522=DIRECTION('',(0.432898469250882,0.874047589581013,0.220544159904235));
#3523=DIRECTION('',(-5.30934682564224E-17,-1.07198849726419E-16,-1.));
#3524=DIRECTION('',(0.,0.,1.));
#3525=DIRECTION('',(-0.432898469250882,-0.874047589581013,-0.220544159904235));
#3526=DIRECTION('',(0.,0.,-1.));
#3527=DIRECTION('',(0.,0.,1.));
#3528=DIRECTION('',(0.896112578135228,-0.443826821302898,0.));
#3529=DIRECTION('',(0.443826821302898,0.896112578135228,0.));
#3530=DIRECTION('',(-0.995002211081738,0.,-0.0998528915077158));
#3531=DIRECTION('',(0.,0.,-1.));
#3532=DIRECTION('',(0.,0.,1.));
#3533=DIRECTION('',(0.,-1.,0.));
#3534=DIRECTION('',(0.,0.,-1.));
#3535=DIRECTION('',(-0.432898469250882,-0.874047589581013,-0.220544159904235));
#3536=DIRECTION('',(0.432898469250883,0.874047589581012,0.220544159904235));
#3537=DIRECTION('',(-0.0978834134472152,-0.197632395724452,0.975376990466832));
#3538=DIRECTION('',(0.,-0.980083460475547,-0.19858602796339));
#3539=DIRECTION('',(-0.432898469250884,-0.874047589581012,-0.220544159904235));
#3540=DIRECTION('',(0.995002211081739,-3.46944695195361E-18,0.0998528915077158));
#3541=DIRECTION('',(0.432898469250882,0.874047589581013,0.220544159904235));
#3542=DIRECTION('',(-0.995002211081739,3.46944695195361E-18,-0.0998528915077158));
#3543=DIRECTION('',(0.097883413447215,0.197632395724452,-0.975376990466832));
#3544=DIRECTION('',(0.,0.980083460475548,0.19858602796339));
#3545=DIRECTION('',(-0.346717126456417,-0.700042365985033,0.624281923531254));
#3546=DIRECTION('',(-0.277073061717736,-0.559426883978811,-0.781199129513159));
#3547=DIRECTION('',(0.277073061717736,0.559426883978811,0.781199129513159));
#3548=DIRECTION('',(-0.346717126456417,-0.700042365985033,0.624281923531254));
#3549=DIRECTION('',(0.432898469250882,0.874047589581013,0.220544159904235));
#3550=DIRECTION('',(-0.896112578135228,0.443826821302899,0.));
#3551=DIRECTION('',(0.432898469250882,0.874047589581013,0.220544159904235));
#3552=DIRECTION('',(0.896112578135228,-0.443826821302899,0.));
#3553=DIRECTION('',(-0.432898469250882,-0.874047589581013,-0.220544159904235));
#3554=DIRECTION('',(0.896112578135228,-0.443826821302895,0.));
#3555=DIRECTION('',(-0.432898469250882,-0.874047589581013,-0.220544159904235));
#3556=DIRECTION('',(0.896112578135228,-0.443826821302895,0.));
#3557=DIRECTION('',(0.432898469250883,0.874047589581012,0.220544159904235));
#3558=DIRECTION('',(-0.896112578135226,0.4438268213029,0.));
#3559=DIRECTION('',(-0.432898469250883,-0.874047589581012,-0.220544159904235));
#3560=DIRECTION('',(-0.896112578135228,0.443826821302902,0.));
#3561=DIRECTION('',(0.432898469250883,0.874047589581012,0.220544159904235));
#3562=DIRECTION('',(-0.896112578135228,0.443826821302902,0.));
#3563=DIRECTION('',(0.277073061717737,0.559426883978811,0.781199129513159));
#3564=DIRECTION('',(0.346717126456418,0.700042365985032,-0.624281923531254));
#3565=DIRECTION('',(-0.432898469250883,-0.874047589581012,-0.220544159904235));
#3566=DIRECTION('',(0.896112578135226,-0.443826821302899,0.));
#3567=DIRECTION('',(0.,0.,-1.));
#3568=DIRECTION('',(0.,0.,1.));
#3569=DIRECTION('',(1.,0.,0.));
#3570=DIRECTION('',(0.,0.,1.));
#3571=DIRECTION('',(1.,0.,0.));
#3572=DIRECTION('',(0.995002211081739,0.,0.0998528915077147));
#3573=DIRECTION('',(0.0998528915077158,0.,-0.995002211081738));
#3574=DIRECTION('',(0.,1.,0.));
#3575=DIRECTION('',(0.,0.,1.));
#3576=DIRECTION('',(0.995002211081738,0.,0.0998528915077147));
#3577=DIRECTION('',(0.0998528915077158,0.,-0.995002211081738));
#3578=DIRECTION('',(0.995002211081738,0.,0.0998528915077158));
#3579=DIRECTION('',(0.0998528915077158,0.,-0.995002211081738));
#3580=DIRECTION('',(9.67916039961571E-16,0.,-1.));
#3581=DIRECTION('',(-1.,0.,-8.67361737988404E-16));
#3582=DIRECTION('',(0.,1.,0.));
#3583=DIRECTION('',(0.,0.,1.));
#3584=DIRECTION('',(0.,0.,1.));
#3585=DIRECTION('',(1.,0.,0.));
#3586=DIRECTION('',(0.,0.,1.));
#3587=DIRECTION('',(1.,0.,0.));
#3588=DIRECTION('',(0.,0.,-1.));
#3589=DIRECTION('',(-0.999999999999999,0.,0.));
#3590=DIRECTION('',(0.,0.,1.));
#3591=DIRECTION('',(1.,0.,0.));
#3592=DIRECTION('',(0.,0.,1.));
#3593=DIRECTION('',(1.,0.,0.));
#3594=DIRECTION('',(-0.995002211081738,0.,-0.0998528915077163));
#3595=DIRECTION('',(-0.0998528915077158,0.,0.995002211081739));
#3596=DIRECTION('',(0.,-1.,0.));
#3597=DIRECTION('',(0.,0.,-0.999999999999999));
#3598=DIRECTION('',(-0.995002211081738,0.,-0.0998528915077165));
#3599=DIRECTION('',(-0.0998528915077158,0.,0.995002211081739));
#3600=DIRECTION('',(-0.995002211081738,0.,-0.0998528915077158));
#3601=DIRECTION('',(-0.0998528915077158,0.,0.995002211081739));
#3602=DIRECTION('',(0.,0.,-1.));
#3603=DIRECTION('',(-0.999999999999999,0.,0.));
#3604=DIRECTION('',(0.,-1.,0.));
#3605=DIRECTION('',(0.,0.,-0.999999999999999));
#3606=DIRECTION('',(0.,0.,1.));
#3607=DIRECTION('',(1.,0.,0.));
#3608=DIRECTION('',(-5.30934682564224E-17,-1.07198849726419E-16,-1.));
#3609=DIRECTION('',(0.,1.,0.));
#3610=DIRECTION('',(0.,0.,1.));
#3611=DIRECTION('',(1.,0.,0.));
#3612=DIRECTION('',(-0.439610002487817,0.866549008858308,0.236296129801877));
#3613=DIRECTION('',(0.,0.,1.));
#3614=DIRECTION('',(0.439610002487817,-0.866549008858308,-0.236296129801877));
#3615=DIRECTION('',(0.,0.,-1.));
#3616=DIRECTION('',(3.08759298198944E-17,-6.08619144960188E-17,1.));
#3617=DIRECTION('',(0.891803924683836,0.452422103702401,0.));
#3618=DIRECTION('',(-0.452422103702401,0.891803924683836,0.));
#3619=DIRECTION('',(1.54379649099473E-17,-3.04309572480094E-17,1.));
#3620=DIRECTION('',(0.439610002487819,-0.866549008858307,-0.236296129801877));
#3621=DIRECTION('',(-3.08759298198945E-17,6.08619144960188E-17,-1.));
#3622=DIRECTION('',(0.,0.,1.));
#3623=DIRECTION('',(-0.439610002487819,0.866549008858307,0.236296129801877));
#3624=DIRECTION('',(0.,0.,-1.));
#3625=DIRECTION('',(-0.891803924683835,-0.452422103702403,0.));
#3626=DIRECTION('',(0.452422103702403,-0.891803924683835,0.));
#3627=DIRECTION('',(0.891803924683836,0.452422103702401,0.));
#3628=DIRECTION('',(-0.439610002487819,0.866549008858307,0.236296129801877));
#3629=DIRECTION('',(-0.891803924683837,-0.452422103702401,0.));
#3630=DIRECTION('',(0.439610002487817,-0.866549008858308,-0.236296129801877));
#3631=DIRECTION('',(0.106905592141701,-0.210729815944915,0.971681089164884));
#3632=DIRECTION('',(0.,-0.977281718680718,-0.211944432180847));
#3633=DIRECTION('',(-3.08759298198944E-17,6.08619144960188E-17,-1.));
#3634=DIRECTION('',(3.08759298198945E-17,-6.08619144960188E-17,1.));
#3635=DIRECTION('',(0.452422103702402,-0.891803924683836,-6.8245847334206E-17));
#3636=DIRECTION('',(0.891803924683836,0.452422103702401,0.));
#3637=DIRECTION('',(0.994002057333377,0.,-0.109361373514661));
#3638=DIRECTION('',(0.,0.,-1.));
#3639=DIRECTION('',(0.,0.,1.));
#3640=DIRECTION('',(0.,1.,0.));
#3641=DIRECTION('',(0.,0.,1.));
#3642=DIRECTION('',(-1.54379649099473E-17,3.04309572480094E-17,-1.));
#3643=DIRECTION('',(1.54379649099472E-17,-3.04309572480094E-17,1.));
#3644=DIRECTION('',(-0.452422103702402,0.891803924683836,3.4122923667103E-17));
#3645=DIRECTION('',(1.54379649099472E-17,-3.04309572480094E-17,1.));
#3646=DIRECTION('',(-0.452422103702402,0.891803924683836,3.4122923667103E-17));
#3647=DIRECTION('',(-0.891803924683836,-0.452422103702401,0.));
#3648=DIRECTION('',(-0.994002057333377,2.41404618563564E-15,0.109361373514662));
#3649=DIRECTION('',(0.,0.,-1.));
#3650=DIRECTION('',(0.,0.,1.));
#3651=DIRECTION('',(-2.42861286636754E-15,-1.,0.));
#3652=DIRECTION('',(1.,-2.42861286636753E-15,0.));
#3653=DIRECTION('',(0.439610002487819,-0.866549008858307,-0.236296129801877));
#3654=DIRECTION('',(0.994002057333377,-2.41181061488925E-15,-0.109361373514662));
#3655=DIRECTION('',(-0.439610002487817,0.866549008858308,0.236296129801877));
#3656=DIRECTION('',(-0.994002057333377,3.46944695195361E-18,0.109361373514661));
#3657=DIRECTION('',(-0.106905592141701,0.210729815944915,-0.971681089164884));
#3658=DIRECTION('',(0.,0.977281718680718,0.211944432180847));
#3659=DIRECTION('',(-0.439610002487819,0.866549008858307,0.236296129801877));
#3660=DIRECTION('',(-0.891803924683835,-0.452422103702403,0.));
#3661=DIRECTION('',(0.439610002487819,-0.866549008858307,-0.236296129801877));
#3662=DIRECTION('',(-0.891803924683835,-0.452422103702402,0.));
#3663=DIRECTION('',(-0.439610002487819,0.866549008858307,0.236296129801877));
#3664=DIRECTION('',(-0.891803924683835,-0.452422103702403,0.));
#3665=DIRECTION('',(-0.27957048040182,0.551082826430798,0.7862239279626));
#3666=DIRECTION('',(-0.355705083470006,0.701157584637387,-0.617941692313329));
#3667=DIRECTION('',(0.355705083470006,-0.701157584637387,0.617941692313329));
#3668=DIRECTION('',(-0.27957048040182,0.551082826430798,0.786223927962599));
#3669=DIRECTION('',(0.439610002487819,-0.866549008858307,-0.236296129801877));
#3670=DIRECTION('',(0.891803924683836,0.452422103702402,0.));
#3671=DIRECTION('',(-0.279570480401818,0.551082826430799,0.786223927962599));
#3672=DIRECTION('',(0.355705083470005,-0.701157584637388,0.617941692313329));
#3673=DIRECTION('',(-0.439610002487817,0.866549008858308,0.236296129801877));
#3674=DIRECTION('',(-0.891803924683837,-0.452422103702402,0.));
#3675=DIRECTION('',(-0.439610002487817,0.866549008858308,0.236296129801877));
#3676=DIRECTION('',(0.891803924683836,0.452422103702402,0.));
#3677=DIRECTION('',(0.439610002487817,-0.866549008858308,-0.236296129801877));
#3678=DIRECTION('',(0.891803924683837,0.452422103702402,0.));
#3679=DIRECTION('',(0.439610002487817,-0.866549008858308,-0.236296129801877));
#3680=DIRECTION('',(0.891803924683837,0.452422103702402,0.));
#3681=DIRECTION('',(0.,0.,1.));
#3682=DIRECTION('',(1.,0.,0.));
#3683=DIRECTION('',(0.,0.,1.));
#3684=DIRECTION('',(1.,0.,0.));
#3685=DIRECTION('',(0.994002057333378,0.,-0.10936137351466));
#3686=DIRECTION('',(-0.109361373514659,0.,-0.994002057333378));
#3687=DIRECTION('',(0.,1.,0.));
#3688=DIRECTION('',(0.,0.,1.));
#3689=DIRECTION('',(0.994002057333377,0.,-0.109361373514662));
#3690=DIRECTION('',(-0.109361373514662,0.,-0.994002057333378));
#3691=DIRECTION('',(0.994002057333377,0.,-0.109361373514661));
#3692=DIRECTION('',(-0.109361373514661,0.,-0.994002057333378));
#3693=DIRECTION('',(-4.86296210400679E-16,0.,-1.));
#3694=DIRECTION('',(-1.,0.,4.33680868994202E-16));
#3695=DIRECTION('',(0.,1.,0.));
#3696=DIRECTION('',(0.,0.,1.));
#3697=DIRECTION('',(0.,0.,1.));
#3698=DIRECTION('',(0.,0.,1.));
#3699=DIRECTION('',(1.,0.,0.));
#3700=DIRECTION('',(3.08759298198944E-17,-6.08619144960188E-17,1.));
#3701=DIRECTION('',(0.,-1.,0.));
#3702=DIRECTION('',(-3.08759298198945E-17,6.08619144960188E-17,-1.));
#3703=DIRECTION('',(0.,1.,0.));
#3704=DIRECTION('',(0.,0.,1.));
#3705=DIRECTION('',(1.,0.,0.));
#3706=DIRECTION('',(0.,0.,1.));
#3707=DIRECTION('',(1.,0.,0.));
#3708=DIRECTION('',(-0.994002057333377,2.58647805603818E-15,0.109361373514663));
#3709=DIRECTION('',(0.109361373514663,0.,0.994002057333378));
#3710=DIRECTION('',(-2.16840434497101E-15,-1.,0.));
#3711=DIRECTION('',(1.,-1.73472347597681E-15,0.));
#3712=DIRECTION('',(-0.994002057333377,2.4113519376606E-15,0.109361373514662));
#3713=DIRECTION('',(0.109361373514662,0.,0.994002057333378));
#3714=DIRECTION('',(-0.994002057333377,2.41404618563564E-15,0.109361373514662));
#3715=DIRECTION('',(0.109361373514662,0.,0.994002057333378));
#3716=DIRECTION('',(0.,0.,-1.));
#3717=DIRECTION('',(-1.,0.,0.));
#3718=DIRECTION('',(-2.37169225231204E-15,-1.,0.));
#3719=DIRECTION('',(1.,-1.73472347597681E-15,0.));
#3720=DIRECTION('',(0.,0.,1.));
#3721=DIRECTION('',(1.,0.,0.));
#3722=DIRECTION('',(1.54379649099473E-17,-3.04309572480094E-17,1.));
#3723=DIRECTION('',(0.,-1.,0.));
#3724=DIRECTION('',(0.,0.,1.));
#3725=DIRECTION('',(1.,0.,0.));
#3726=DIRECTION('',(0.,1.,0.));
#3727=DIRECTION('',(0.,0.,1.));
#3728=DIRECTION('',(0.,-1.,0.));
#3729=DIRECTION('',(-4.70375437478024E-15,0.,1.));
#3730=DIRECTION('',(0.,-1.,0.));
#3731=DIRECTION('',(-4.67621110915488E-15,0.,1.));
#3732=DIRECTION('',(-0.891803924683836,-0.452422103702403,0.));
#3733=DIRECTION('',(-0.452422103702403,0.891803924683835,0.));
#3734=DIRECTION('',(-0.452422103702402,0.891803924683837,3.4122923667103E-17));
#3735=DIRECTION('',(0.891803924683836,0.452422103702401,-6.72623132224914E-17));
#3736=DIRECTION('',(0.,1.,0.));
#3737=DIRECTION('',(4.68444886457486E-15,-1.80294939117658E-15,-1.));
#3738=DIRECTION('',(-1.,0.,0.));
#3739=DIRECTION('',(0.452422103702403,-0.891803924683835,0.));
#3740=DIRECTION('',(0.,0.,1.));
#3741=DIRECTION('',(1.,0.,0.));
#3742=DIRECTION('',(0.,0.,1.));
#3743=DIRECTION('',(0.,0.,1.));
#3744=DIRECTION('',(0.,-1.,0.));
#3745=DIRECTION('',(0.,0.,-1.));
#3746=DIRECTION('',(0.,1.,0.));
#3747=DIRECTION('',(0.,0.,1.));
#3748=DIRECTION('',(-0.452422103702401,0.891803924683836,0.));
#3749=DIRECTION('',(-0.891803924683836,-0.452422103702402,0.));
#3750=DIRECTION('',(0.,0.,-1.));
#3751=DIRECTION('',(-1.,0.,0.));
#3752=DIRECTION('',(0.452422103702402,-0.891803924683837,-3.4122923667103E-17));
#3753=DIRECTION('',(0.891803924683836,0.452422103702401,-6.72623132224914E-17));
#3754=DIRECTION('',(-1.54379649099473E-17,3.04309572480094E-17,-1.));
#3755=DIRECTION('',(7.54227598250785E-17,0.,1.));
#3756=DIRECTION('',(-0.452422103702402,0.891803924683836,3.4122923667103E-17));
#3757=DIRECTION('',(-0.891803924683836,-0.452422103702401,0.));
#3758=DIRECTION('',(0.891803924683837,0.452422103702402,0.));
#3759=DIRECTION('',(-0.452422103702401,0.891803924683836,0.));
#3760=DIRECTION('',(0.891803924683836,0.452422103702402,0.));
#3761=DIRECTION('',(-0.452422103702401,0.891803924683836,0.));
#3762=DIRECTION('',(-0.891803924683836,-0.452422103702403,0.));
#3763=DIRECTION('',(-0.452422103702403,0.891803924683835,0.));
#3764=DIRECTION('',(-0.891803924683836,-0.452422103702403,0.));
#3765=DIRECTION('',(0.452422103702403,-0.891803924683835,0.));
#3766=DIRECTION('',(0.,-1.,0.));
#3767=DIRECTION('',(-4.67373272195652E-15,0.,1.));
#3768=DIRECTION('',(0.,-1.,0.));
#3769=DIRECTION('',(-4.67621110915488E-15,0.,1.));
#3770=DIRECTION('',(0.,1.,0.));
#3771=DIRECTION('',(4.68541604488747E-15,1.06714102089964E-15,-1.));
#3772=DIRECTION('',(0.891803924683837,0.452422103702402,0.));
#3773=DIRECTION('',(-0.452422103702401,0.891803924683836,0.));
#3774=DIRECTION('',(0.,-1.,0.));
#3775=DIRECTION('',(-4.6704093583991E-15,0.,1.));
#3776=DIRECTION('',(0.,1.,0.));
#3777=DIRECTION('',(4.68444886457486E-15,-1.80294939117658E-15,-1.));
#3778=DIRECTION('',(-2.42861286636754E-15,-1.,0.));
#3779=DIRECTION('',(1.,-2.43850326311172E-15,0.));
#3780=DIRECTION('',(-0.891803924683836,-0.452422103702402,0.));
#3781=DIRECTION('',(-0.452422103702401,0.891803924683836,0.));
#3782=DIRECTION('',(0.,0.,-1.));
#3783=DIRECTION('',(-1.,0.,0.));
#3784=DIRECTION('',(-1.50845519650157E-16,0.,-1.));
#3785=DIRECTION('',(3.08759298198945E-17,-6.08619144960188E-17,1.));
#3786=DIRECTION('',(0.452422103702402,-0.891803924683836,-6.8245847334206E-17));
#3787=DIRECTION('',(0.891803924683836,0.452422103702401,0.));
#3788=DIRECTION('',(0.,0.,1.));
#3789=DIRECTION('',(0.891803924683836,0.452422103702402,0.));
#3790=DIRECTION('',(-0.452422103702401,0.891803924683836,0.));
#3791=DIRECTION('',(-2.42861286636754E-15,-1.,0.));
#3792=DIRECTION('',(1.,-2.41949038856649E-15,0.));
#3793=DIRECTION('',(0.,0.,1.));
#3794=DIRECTION('',(-2.42861286636754E-15,-1.,0.));
#3795=DIRECTION('',(1.,-2.42861286636753E-15,0.));
#3796=DIRECTION('',(-0.891803924683836,-0.452422103702403,0.));
#3797=DIRECTION('',(0.452422103702403,-0.891803924683835,0.));
#3798=DIRECTION('',(0.,-1.,0.));
#3799=DIRECTION('',(0.,0.,-1.));
#3800=DIRECTION('',(0.,0.,-1.));
#3801=DIRECTION('',(0.,0.,1.));
#3802=DIRECTION('',(-0.4438268213029,-0.896112578135227,0.));
#3803=DIRECTION('',(0.896112578135227,-0.4438268213029,0.));
#3804=DIRECTION('',(0.,0.,1.));
#3805=DIRECTION('',(-0.896112578135227,0.4438268213029,0.));
#3806=DIRECTION('',(-0.4438268213029,-0.896112578135227,0.));
#3807=DIRECTION('',(0.,0.,1.));
#3808=DIRECTION('',(0.896112578135228,-0.443826821302898,0.));
#3809=DIRECTION('',(0.443826821302898,0.896112578135228,0.));
#3810=DIRECTION('',(0.,1.,0.));
#3811=DIRECTION('',(0.,0.,-1.));
#3812=DIRECTION('',(0.,-1.,0.));
#3813=DIRECTION('',(0.,0.,-1.));
#3814=DIRECTION('',(0.,-1.,0.));
#3815=DIRECTION('',(-4.70375437478024E-15,0.,1.));
#3816=DIRECTION('',(0.,1.,0.));
#3817=DIRECTION('',(0.,0.,1.));
#3818=DIRECTION('',(0.,-1.,0.));
#3819=DIRECTION('',(-4.67621110915488E-15,0.,1.));
#3820=DIRECTION('',(0.896112578135228,-0.443826821302898,0.));
#3821=DIRECTION('',(0.443826821302898,0.896112578135228,0.));
#3822=DIRECTION('',(0.4438268213029,0.896112578135227,-1.19626542849666E-16));
#3823=DIRECTION('',(-0.896112578135227,0.4438268213029,2.41533058799208E-16));
#3824=DIRECTION('',(0.,1.,0.));
#3825=DIRECTION('',(4.68444886457486E-15,-1.80294939117658E-15,-1.));
#3826=DIRECTION('',(1.,0.,0.));
#3827=DIRECTION('',(-0.443826821302898,-0.896112578135228,0.));
#3828=DIRECTION('',(0.,0.,1.));
#3829=DIRECTION('',(1.,0.,0.));
#3830=DIRECTION('',(0.896112578135227,-0.4438268213029,0.));
#3831=DIRECTION('',(-0.4438268213029,-0.896112578135227,2.04918288187639E-16));
#3832=DIRECTION('',(-9.09482324731515E-17,-1.83629855534883E-16,-1.));
#3833=DIRECTION('',(0.,1.,-1.83880688453542E-16));
#3834=DIRECTION('',(0.4438268213029,0.896112578135227,-1.19626542849666E-16));
#3835=DIRECTION('',(-0.896112578135227,0.4438268213029,2.41533058799208E-16));
#3836=DIRECTION('',(-2.69534280281868E-16,0.,-1.));
#3837=DIRECTION('',(5.30934682564224E-17,1.07198849726419E-16,1.));
#3838=DIRECTION('',(0.4438268213029,0.896112578135227,-1.19626542849666E-16));
#3839=DIRECTION('',(-0.896112578135227,0.4438268213029,0.));
#3840=DIRECTION('',(0.,0.,1.));
#3841=DIRECTION('',(-0.896112578135227,0.4438268213029,0.));
#3842=DIRECTION('',(0.4438268213029,0.896112578135227,0.));
#3843=DIRECTION('',(-0.896112578135227,0.4438268213029,0.));
#3844=DIRECTION('',(-0.4438268213029,-0.896112578135227,0.));
#3845=DIRECTION('',(0.,0.,1.));
#3846=DIRECTION('',(0.,-1.,0.));
#3847=DIRECTION('',(0.,0.,-1.));
#3848=DIRECTION('',(0.,1.,0.));
#3849=DIRECTION('',(0.,0.,1.));
#3850=DIRECTION('',(0.896112578135228,-0.443826821302898,0.));
#3851=DIRECTION('',(0.443826821302898,0.896112578135228,0.));
#3852=DIRECTION('',(0.896112578135228,-0.443826821302898,0.));
#3853=DIRECTION('',(0.443826821302898,0.896112578135228,0.));
#3854=DIRECTION('',(0.,-1.,0.));
#3855=DIRECTION('',(-4.67373272195652E-15,0.,1.));
#3856=DIRECTION('',(0.,1.,0.));
#3857=DIRECTION('',(4.68541604488747E-15,1.06714102089964E-15,-1.));
#3858=DIRECTION('',(0.,-1.,0.));
#3859=DIRECTION('',(-4.67621110915488E-15,0.,1.));
#3860=DIRECTION('',(0.891803924683836,0.452422103702401,0.));
#3861=DIRECTION('',(-0.452422103702401,0.891803924683836,0.));
#3862=DIRECTION('',(0.,-1.,0.));
#3863=DIRECTION('',(-4.6704093583991E-15,0.,1.));
#3864=DIRECTION('',(0.,-1.,0.));
#3865=DIRECTION('',(-4.70375437478024E-15,0.,1.));
#3866=DIRECTION('',(0.,1.,0.));
#3867=DIRECTION('',(4.68444886457486E-15,-1.80294939117658E-15,-1.));
#3868=DIRECTION('',(0.,-1.,0.));
#3869=DIRECTION('',(-4.67621110915488E-15,0.,1.));
#3870=DIRECTION('',(0.,0.,1.));
#3871=DIRECTION('',(0.891803924683836,0.452422103702401,0.));
#3872=DIRECTION('',(-0.452422103702401,0.891803924683836,0.));
#3873=DIRECTION('',(-0.891803924683837,-0.452422103702401,0.));
#3874=DIRECTION('',(0.,0.,1.));
#3875=DIRECTION('',(-0.891803924683835,-0.452422103702403,0.));
#3876=DIRECTION('',(0.452422103702403,-0.891803924683835,0.));
#3877=DIRECTION('',(0.,0.,1.));
#3878=DIRECTION('',(0.891803924683836,0.452422103702401,0.));
#3879=DIRECTION('',(0.452422103702401,-0.891803924683836,0.));
#3880=DIRECTION('',(0.891803924683836,0.452422103702401,0.));
#3881=DIRECTION('',(0.891803924683836,0.452422103702401,0.));
#3882=DIRECTION('',(-0.452422103702401,0.891803924683836,0.));
#3883=DIRECTION('',(0.891803924683836,0.452422103702401,0.));
#3884=DIRECTION('',(0.,-1.,0.));
#3885=DIRECTION('',(-4.70375437478024E-15,0.,1.));
#3886=DIRECTION('',(0.,-1.,0.));
#3887=DIRECTION('',(-4.67621110915488E-15,0.,1.));
#3888=DIRECTION('',(0.,-1.,0.));
#3889=DIRECTION('',(-4.6704093583991E-15,0.,1.));
#3890=DIRECTION('',(-0.896112578135227,0.4438268213029,0.));
#3891=DIRECTION('',(0.4438268213029,0.896112578135227,0.));
#3892=DIRECTION('',(0.896112578135228,-0.443826821302899,0.));
#3893=DIRECTION('',(0.443826821302899,0.896112578135228,0.));
#3894=DIRECTION('',(0.,1.,0.));
#3895=DIRECTION('',(4.68444886457486E-15,-1.80294939117658E-15,-1.));
#3896=DIRECTION('',(0.,0.,1.));
#3897=DIRECTION('',(0.,0.,1.));
#3898=DIRECTION('',(-0.896112578135227,0.4438268213029,0.));
#3899=DIRECTION('',(-0.443826821302901,-0.896112578135227,0.));
#3900=DIRECTION('',(0.896112578135227,-0.443826821302901,0.));
#3901=DIRECTION('',(0.,0.,1.));
#3902=DIRECTION('',(-0.896112578135227,0.4438268213029,0.));
#3903=DIRECTION('',(-0.4438268213029,-0.896112578135227,0.));
#3904=DIRECTION('',(0.896112578135228,-0.443826821302899,0.));
#3905=DIRECTION('',(0.443826821302899,0.896112578135228,0.));
#3906=DIRECTION('',(-0.896112578135227,0.4438268213029,0.));
#3907=DIRECTION('',(0.4438268213029,0.896112578135227,0.));
#3908=DIRECTION('',(-0.896112578135227,0.4438268213029,0.));
#3909=DIRECTION('',(-0.896112578135227,0.4438268213029,0.));
#3910=CARTESIAN_POINT('',(0.,0.,0.));
#3911=CARTESIAN_POINT('',(5.19801051617471,31.1000000000001,16.9899836923709));
#3912=CARTESIAN_POINT('',(9.18800678380839,31.1000000000001,16.9939711686625));
#3913=CARTESIAN_POINT('',(4.20801101054928,31.1000000000001,16.9889943181228));
#3914=CARTESIAN_POINT('',(4.21100060395133,31.1000000000001,13.9975115747301));
#3915=CARTESIAN_POINT('',(4.21198997819947,31.1000000000001,13.0075120691047));
#3916=CARTESIAN_POINT('',(8.20198624583314,31.1000000000001,13.0114995453963));
#3917=CARTESIAN_POINT('',(9.19198575145858,31.1000000000001,13.0124889196444));
#3918=CARTESIAN_POINT('',(9.18899615805652,31.1000000000001,16.0039716630371));
#3919=CARTESIAN_POINT('',(4.1899999999998,31.1000000000001,18.));
#3920=CARTESIAN_POINT('',(4.18999999999981,31.1000000000001,12.99));
#3921=CARTESIAN_POINT('',(4.1899999999998,31.1000000000001,17.7705647022352));
#3922=CARTESIAN_POINT('',(6.69999999999984,31.1000000000001,0.));
#3923=CARTESIAN_POINT('',(9.20999999999981,31.1000000000001,17.7705647022352));
#3924=CARTESIAN_POINT('',(9.20999999999981,31.1000000000001,18.));
#3925=CARTESIAN_POINT('',(9.20999999999982,31.1000000000001,12.99));
#3926=CARTESIAN_POINT('',(3.19999999999981,31.1000000000001,12.99));
#3927=CARTESIAN_POINT('',(3.1999999999998,31.1000000000001,18.));
#3928=CARTESIAN_POINT('',(9.19099637721044,27.6000000000001,14.0024884252698));
#3929=CARTESIAN_POINT('',(9.18800678380839,27.6000000000001,16.9939711686625));
#3930=CARTESIAN_POINT('',(9.19198575145858,27.6000000000001,13.0124889196444));
#3931=CARTESIAN_POINT('',(5.2019894838249,27.6000000000001,13.0085014433528));
#3932=CARTESIAN_POINT('',(4.21198997819947,27.6000000000001,13.0075120691047));
#3933=CARTESIAN_POINT('',(4.20900038479742,27.6000000000001,15.9989948124974));
#3934=CARTESIAN_POINT('',(4.20801101054928,27.6000000000001,16.9889943181228));
#3935=CARTESIAN_POINT('',(8.19800727818296,27.6000000000001,16.9929817944144));
#3936=CARTESIAN_POINT('',(9.20999999999981,27.6000000000001,18.));
#3937=CARTESIAN_POINT('',(9.20999999999982,27.6000000000001,12.99));
#3938=CARTESIAN_POINT('',(9.20999999999981,27.6000000000001,17.6490290085666));
#3939=CARTESIAN_POINT('',(6.69999999999984,27.6000000000001,0.));
#3940=CARTESIAN_POINT('',(4.1899999999998,27.6000000000001,17.6490290085666));
#3941=CARTESIAN_POINT('',(4.1899999999998,27.6000000000001,18.));
#3942=CARTESIAN_POINT('',(4.18999999999981,27.6000000000001,12.99));
#3943=CARTESIAN_POINT('',(10.1999999999998,27.6000000000001,12.99));
#3944=CARTESIAN_POINT('',(10.1999999999998,27.6000000000001,18.));
#3945=CARTESIAN_POINT('',(3.1999999999998,28.5900000000001,18.));
#3946=CARTESIAN_POINT('',(3.19999999999981,28.5900000000001,12.));
#3947=CARTESIAN_POINT('',(3.1999999999998,28.5900000000001,17.5143659754228));
#3948=CARTESIAN_POINT('',(3.1999999999998,28.5900000000001,17.5143659754228));
#3949=CARTESIAN_POINT('',(3.1999999999998,29.096666630436,17.5321300410391));
#3950=CARTESIAN_POINT('',(3.1999999999998,29.6033332972147,17.5498930701172));
#3951=CARTESIAN_POINT('',(3.1999999999998,30.1100000000001,17.5676550720606));
#3952=CARTESIAN_POINT('',(3.1999999999998,30.1100000000001,17.5676550720606));
#3953=CARTESIAN_POINT('',(3.1999999999998,30.1100000000001,18.));
#3954=CARTESIAN_POINT('',(3.19999999999981,30.1100000000001,12.));
#3955=CARTESIAN_POINT('',(3.19999999999981,26.1000000000001,12.));
#3956=CARTESIAN_POINT('',(3.1999999999998,26.1000000000001,18.));
#3957=CARTESIAN_POINT('',(10.1999999999998,30.1100000000001,18.));
#3958=CARTESIAN_POINT('',(10.1999999999998,30.1100000000001,12.));
#3959=CARTESIAN_POINT('',(10.1999999999998,30.1100000000001,17.5676550720606));
#3960=CARTESIAN_POINT('',(10.1999999999998,30.1100000000001,17.5676550720606));
#3961=CARTESIAN_POINT('',(10.1999999999998,29.6033332972147,17.5498930701172));
#3962=CARTESIAN_POINT('',(10.1999999999998,29.096666630436,17.5321300410391));
#3963=CARTESIAN_POINT('',(10.1999999999998,28.5900000000001,17.5143659754228));
#3964=CARTESIAN_POINT('',(10.1999999999998,28.5900000000001,17.5143659754228));
#3965=CARTESIAN_POINT('',(10.1999999999998,28.5900000000001,18.));
#3966=CARTESIAN_POINT('',(10.1999999999998,28.5900000000001,12.));
#3967=CARTESIAN_POINT('',(10.1999999999998,30.1000000000001,12.));
#3968=CARTESIAN_POINT('',(10.1999999999998,30.1000000000001,18.));
#3969=CARTESIAN_POINT('',(-2.81149287499805E-14,28.5900000000001,12.));
#3970=CARTESIAN_POINT('',(-2.81149287499805E-14,30.1100000000001,12.));
#3971=CARTESIAN_POINT('',(-2.81149287499805E-14,0.,12.));
#3972=CARTESIAN_POINT('',(5.19899989042285,25.1000000000001,15.9999841867455));
#3973=CARTESIAN_POINT('',(5.19899989042285,30.1100000000001,15.9999841867455));
#3974=CARTESIAN_POINT('',(5.19899989042285,28.5900000000001,15.9999841867455));
#3975=CARTESIAN_POINT('',(5.20100010957676,28.5900000000001,13.9985009489783));
#3976=CARTESIAN_POINT('',(5.20100010957676,28.5900000000001,13.9985009489783));
#3977=CARTESIAN_POINT('',(5.20100010957676,25.1000000000001,13.9985009489783));
#3978=CARTESIAN_POINT('',(5.20100010957676,30.1100000000001,13.9985009489783));
#3979=CARTESIAN_POINT('',(5.19899989042285,30.1100000000001,15.9999841867455));
#3980=CARTESIAN_POINT('',(5.20100010957676,25.1000000000001,13.9985009489783));
#3981=CARTESIAN_POINT('',(8.19899665243109,25.1000000000001,16.0029822887889));
#3982=CARTESIAN_POINT('',(8.19899665243109,30.1100000000001,16.0029822887889));
#3983=CARTESIAN_POINT('',(8.19899665243109,28.5900000000001,16.0029822887889));
#3984=CARTESIAN_POINT('',(5.19899989042285,28.5900000000001,15.9999841867455));
#3985=CARTESIAN_POINT('',(8.19899665243109,30.1100000000001,16.0029822887889));
#3986=CARTESIAN_POINT('',(5.19899989042285,25.1000000000001,15.9999841867455));
#3987=CARTESIAN_POINT('',(8.20099687158501,25.1000000000001,14.0014990510217));
#3988=CARTESIAN_POINT('',(8.20099687158501,30.1100000000001,14.0014990510217));
#3989=CARTESIAN_POINT('',(8.20099687158501,28.5900000000001,14.0014990510217));
#3990=CARTESIAN_POINT('',(8.19899665243109,28.5900000000001,16.0029822887889));
#3991=CARTESIAN_POINT('',(8.20099687158501,30.1100000000001,14.0014990510217));
#3992=CARTESIAN_POINT('',(8.19899665243109,25.1000000000001,16.0029822887889));
#3993=CARTESIAN_POINT('',(8.20099687158501,28.5900000000001,14.0014990510217));
#3994=CARTESIAN_POINT('',(5.20100010957676,30.1100000000001,13.9985009489783));
#3995=CARTESIAN_POINT('',(8.20099687158501,25.1000000000001,14.0014990510217));
#3996=CARTESIAN_POINT('',(9.18800678380839,28.5900000000001,16.9939711686625));
#3997=CARTESIAN_POINT('',(4.20801101054928,28.5900000000001,16.9889943181228));
#3998=CARTESIAN_POINT('',(5.19801051617471,28.5900000000001,16.9899836923709));
#3999=CARTESIAN_POINT('',(4.21198997819947,28.5900000000001,13.0075120691047));
#4000=CARTESIAN_POINT('',(4.21100060395133,28.5900000000001,13.9975115747301));
#4001=CARTESIAN_POINT('',(9.19198575145858,28.5900000000001,13.0124889196444));
#4002=CARTESIAN_POINT('',(9.18899615805652,28.5900000000001,16.0039716630371));
#4003=CARTESIAN_POINT('',(8.20198624583314,28.5900000000001,13.0114995453963));
#4004=CARTESIAN_POINT('',(9.18800678380838,30.1100000000001,16.9939711686625));
#4005=CARTESIAN_POINT('',(9.19198575145858,30.1100000000001,13.0124889196444));
#4006=CARTESIAN_POINT('',(9.18899615805652,30.1100000000001,16.0039716630371));
#4007=CARTESIAN_POINT('',(4.21198997819947,30.1100000000001,13.0075120691047));
#4008=CARTESIAN_POINT('',(8.20198624583314,30.1100000000001,13.0114995453963));
#4009=CARTESIAN_POINT('',(4.20801101054928,30.1100000000001,16.9889943181228));
#4010=CARTESIAN_POINT('',(5.19801051617471,30.1100000000001,16.9899836923709));
#4011=CARTESIAN_POINT('',(4.21100060395133,30.1100000000001,13.9975115747301));
#4012=CARTESIAN_POINT('',(10.1999999999998,28.5900000000001,17.5143659754228));
#4013=CARTESIAN_POINT('',(10.1999999999998,28.4812103283046,17.5105517379138));
#4014=CARTESIAN_POINT('',(10.1815373160194,28.3707884754908,17.5103969633105));
#4015=CARTESIAN_POINT('',(10.1461377276513,28.2679035006904,17.51375734708));
#4016=CARTESIAN_POINT('',(10.1107233516329,28.1649755472259,17.5171191345997));
#4017=CARTESIAN_POINT('',(10.057411869095,28.0667772976287,17.5240711941715));
#4018=CARTESIAN_POINT('',(9.99070246150469,27.9812277383125,17.533598580395));
#4019=CARTESIAN_POINT('',(9.92357874190017,27.895146856481,17.5431851383413));
#4020=CARTESIAN_POINT('',(9.84109804812787,27.8195237551346,17.5556105639355));
#4021=CARTESIAN_POINT('',(9.74998037389439,27.760228226674,17.5693591562473));
#4022=CARTESIAN_POINT('',(9.65740849196378,27.6999863613517,17.5833271715079));
#4023=CARTESIAN_POINT('',(9.55341202530523,27.6549528158087,17.5990178527463));
#4024=CARTESIAN_POINT('',(9.44639531447629,27.628637812636,17.6147876125221));
#4025=CARTESIAN_POINT('',(9.36930924182028,27.6096826398335,17.6261468557509));
#4026=CARTESIAN_POINT('',(9.28939211639653,27.6000000000001,17.6377380637753));
#4027=CARTESIAN_POINT('',(9.20999999999981,27.6000000000001,17.6490290085666));
#4028=CARTESIAN_POINT('',(9.20999999999982,28.5900000000001,12.99));
#4029=CARTESIAN_POINT('',(9.20999999999981,28.5900000000001,18.));
#4030=CARTESIAN_POINT('',(4.18999999999981,28.5900000000001,12.99));
#4031=CARTESIAN_POINT('',(-3.04344103718539E-14,28.5900000000001,12.99));
#4032=CARTESIAN_POINT('',(4.1899999999998,27.6000000000001,17.6490290085666));
#4033=CARTESIAN_POINT('',(4.07825255667731,27.6000000000001,17.6331365715037));
#4034=CARTESIAN_POINT('',(3.96503281269963,27.6194418196877,17.6165677389331));
#4035=CARTESIAN_POINT('',(3.85966471000556,27.6567376595061,17.6008628380483));
#4036=CARTESIAN_POINT('',(3.75422180889545,27.6940599747916,17.585146788612));
#4037=CARTESIAN_POINT('',(3.65370933172219,27.7503100515633,17.5698740468563));
#4038=CARTESIAN_POINT('',(3.56655836153663,27.8209612991337,17.5567872430015));
#4039=CARTESIAN_POINT('',(3.47979195059201,27.8913007935465,17.5437581855074));
#4040=CARTESIAN_POINT('',(3.40384325207238,27.9779201400797,17.5325574147035));
#4041=CARTESIAN_POINT('',(3.34533229919962,28.073631454071,17.5247073414788));
#4042=CARTESIAN_POINT('',(3.28766106809934,28.1679691641423,17.5169699288259));
#4043=CARTESIAN_POINT('',(3.245327511704,28.2738059849744,17.5122977472918));
#4044=CARTESIAN_POINT('',(3.22205997396237,28.3821728939849,17.5114751224442));
#4045=CARTESIAN_POINT('',(3.20743448430519,28.4502900761514,17.5109580375968));
#4046=CARTESIAN_POINT('',(3.1999999999998,28.5203712471227,17.5119247455083));
#4047=CARTESIAN_POINT('',(3.1999999999998,28.5900000000001,17.5143659754228));
#4048=CARTESIAN_POINT('',(4.1899999999998,28.5900000000001,18.));
#4049=CARTESIAN_POINT('',(9.20999999999981,31.1000000000001,17.7705647022352));
#4050=CARTESIAN_POINT('',(9.32220875366652,31.1000000000001,17.7547157983639));
#4051=CARTESIAN_POINT('',(9.43569953726693,31.0803969837551,17.7368618381094));
#4052=CARTESIAN_POINT('',(9.54110903877645,31.0429881051978,17.7186573070813));
#4053=CARTESIAN_POINT('',(9.64655894907897,31.0055648859254,17.7004457973357));
#4054=CARTESIAN_POINT('',(9.74684974595719,30.9492998846464,17.6813941883328));
#4055=CARTESIAN_POINT('',(9.83377932335132,30.8787648247411,17.6635086100929));
#4056=CARTESIAN_POINT('',(9.92101026148997,30.8079852393383,17.6455610275118));
#4057=CARTESIAN_POINT('',(9.99721725833041,30.720834320141,17.6283102162373));
#4058=CARTESIAN_POINT('',(10.0558451718967,30.6244375036667,17.6137663679382));
#4059=CARTESIAN_POINT('',(10.1139703300603,30.5288673244943,17.5993472383586));
#4060=CARTESIAN_POINT('',(10.156429955366,30.4214804945099,17.5872098026933));
#4061=CARTESIAN_POINT('',(10.1793059438269,30.3113603418288,17.5788225753876));
#4062=CARTESIAN_POINT('',(10.1930125081562,30.2453798505707,17.5737972156831));
#4063=CARTESIAN_POINT('',(10.1999999999998,30.1775347624355,17.5700226098819));
#4064=CARTESIAN_POINT('',(10.1999999999998,30.1100000000001,17.5676550720606));
#4065=CARTESIAN_POINT('',(9.20999999999982,30.1100000000001,12.99));
#4066=CARTESIAN_POINT('',(9.20999999999981,30.1100000000001,18.));
#4067=CARTESIAN_POINT('',(4.18999999999981,30.1100000000001,12.99));
#4068=CARTESIAN_POINT('',(-3.04344103718539E-14,30.1100000000001,12.99));
#4069=CARTESIAN_POINT('',(3.1999999999998,30.1100000000001,17.5676550720606));
#4070=CARTESIAN_POINT('',(3.1999999999998,30.2198488215591,17.5715059960927));
#4071=CARTESIAN_POINT('',(3.21881712146482,30.3310704207035,17.5791812071476));
#4072=CARTESIAN_POINT('',(3.25466810976933,30.434429121871,17.5898244559167));
#4073=CARTESIAN_POINT('',(3.29052244964078,30.5377974856342,17.6004686996809));
#4074=CARTESIAN_POINT('',(3.34435066874951,30.636136619552,17.6143480826513));
#4075=CARTESIAN_POINT('',(3.41159050189291,30.7217014412743,17.6298825077287));
#4076=CARTESIAN_POINT('',(3.47971225587577,30.8083885352552,17.6456206830619));
#4077=CARTESIAN_POINT('',(3.56342666341388,30.8843285835953,17.6634584435881));
#4078=CARTESIAN_POINT('',(3.65596960184357,30.9436135398644,17.6814588407597));
#4079=CARTESIAN_POINT('',(3.75005238182539,31.0038849510768,17.6997587503522));
#4080=CARTESIAN_POINT('',(3.85585020448024,31.0485896098507,17.7187079684835));
#4081=CARTESIAN_POINT('',(3.96474972036044,31.0740343933297,17.7363872678047));
#4082=CARTESIAN_POINT('',(4.03826645754156,31.0912118568339,17.7483223475086));
#4083=CARTESIAN_POINT('',(4.11431678589962,31.1000000000001,17.7598748411883));
#4084=CARTESIAN_POINT('',(4.1899999999998,31.1000000000001,17.7705647022352));
#4085=CARTESIAN_POINT('',(4.1899999999998,30.1100000000001,18.));
#4086=CARTESIAN_POINT('',(22.4115774608743,33.3959551316633,-9.04691298986252));
#4087=CARTESIAN_POINT('',(22.6294143011994,33.3959551316633,-8.66860047658468));
#4088=CARTESIAN_POINT('',(22.8078956599535,33.3335505978531,-8.28219950342919));
#4089=CARTESIAN_POINT('',(23.1243479246762,33.1226680316951,-7.50470207095568));
#4090=CARTESIAN_POINT('',(23.2683138710969,33.0169890104357,-7.07391266689336));
#4091=CARTESIAN_POINT('',(23.3686203665333,32.6859014658836,-6.79781157373254));
#4092=CARTESIAN_POINT('',(22.4115774608743,33.3959551316633,-9.04691298986252));
#4093=CARTESIAN_POINT('',(23.3686203665333,32.6859014658836,-6.79781157373253));
#4094=CARTESIAN_POINT('',(6.69999999999984,32.6859014658836,3.13950037708109E-14));
#4095=CARTESIAN_POINT('',(-10.2776847364437,32.6859014658836,-5.98426002990474));
#4096=CARTESIAN_POINT('',(-10.2776847364437,32.6859014658836,-5.98426002990474));
#4097=CARTESIAN_POINT('',(-10.277532059921,32.7179800948487,-5.98801083176392));
#4098=CARTESIAN_POINT('',(-10.2757712291833,32.749613409032,-5.99822272921206));
#4099=CARTESIAN_POINT('',(-10.2729455920479,32.778499013174,-6.01239198851242));
#4100=CARTESIAN_POINT('',(-10.2688620530633,32.8202437542552,-6.03286904199201));
#4101=CARTESIAN_POINT('',(-10.2625587021482,32.857835797441,-6.0617244069134));
#4102=CARTESIAN_POINT('',(-10.2553528749638,32.8913494871074,-6.09340274457998));
#4103=CARTESIAN_POINT('',(-10.2367906379737,32.9776808733702,-6.17500625742756));
#4104=CARTESIAN_POINT('',(-10.2120084865114,33.0430831161719,-6.27667075740071));
#4105=CARTESIAN_POINT('',(-10.1857082060033,33.1000859203451,-6.37921720427618));
#4106=CARTESIAN_POINT('',(-10.0940412498891,33.2987634039145,-6.73663242813553));
#4107=CARTESIAN_POINT('',(-9.97754326153301,33.4140753684462,-7.13254894086447));
#4108=CARTESIAN_POINT('',(-9.84193887267161,33.5067509703162,-7.5180925805561));
#4109=CARTESIAN_POINT('',(-9.6886747692996,33.6114956850289,-7.95384544035856));
#4110=CARTESIAN_POINT('',(-9.50640909254553,33.681142073153,-8.3957237556872));
#4111=CARTESIAN_POINT('',(-9.27769606241747,33.6811420731522,-8.8104914561152));
#4112=CARTESIAN_POINT('',(-9.27769606241747,33.6811420731522,-8.8104914561152));
#4113=CARTESIAN_POINT('',(6.69999999999984,33.6811420731522,3.13950037708109E-14));
#4114=CARTESIAN_POINT('',(-6.52034149673649,33.6811420731522,-12.5751382446053));
#4115=CARTESIAN_POINT('',(-6.52034149673649,33.6811420731522,-12.5751382446053));
#4116=CARTESIAN_POINT('',(-6.40390688298424,33.6811420731522,-12.6975468675488));
#4117=CARTESIAN_POINT('',(-6.27554928341991,33.6606332519751,-12.8137157363187));
#4118=CARTESIAN_POINT('',(-6.14660461231043,33.6086768386567,-12.9097089296091));
#4119=CARTESIAN_POINT('',(-6.06037585852856,33.5739321940515,-12.9739021479697));
#4120=CARTESIAN_POINT('',(-5.97220163311433,33.5239459214133,-13.0303036372003));
#4121=CARTESIAN_POINT('',(-5.89149001053025,33.4586675121548,-13.0748875003745));
#4122=CARTESIAN_POINT('',(-5.81042245383231,33.3931012284612,-13.1196679760975));
#4123=CARTESIAN_POINT('',(-5.73491567949399,33.3099901735012,-13.153777516397));
#4124=CARTESIAN_POINT('',(-5.67547811278052,33.2161241872929,-13.176854119454));
#4125=CARTESIAN_POINT('',(-5.65862500260019,33.1895091373299,-13.1833973303459));
#4126=CARTESIAN_POINT('',(-5.64291986473447,33.1619142175679,-13.1891324361046));
#4127=CARTESIAN_POINT('',(-5.62853757205265,33.1335641768546,-13.1940949621571));
#4128=CARTESIAN_POINT('',(-5.62853757205265,33.1335641768546,-13.1940949621571));
#4129=CARTESIAN_POINT('',(-5.62853757205265,33.1335641768546,-13.1940949621571));
#4130=CARTESIAN_POINT('',(-5.5929672557435,33.0354667568845,-13.1980020577141));
#4131=CARTESIAN_POINT('',(-5.57267876268537,32.9300328283883,-13.1943319885695));
#4132=CARTESIAN_POINT('',(-5.56920212643553,32.8261180342646,-13.1846756349401));
#4133=CARTESIAN_POINT('',(-5.56763381348392,32.7792420007146,-13.1803196473205));
#4134=CARTESIAN_POINT('',(-5.56938334902753,32.7322431833584,-13.174703525888));
#4135=CARTESIAN_POINT('',(-5.57436010914448,32.6859014658835,-13.1678863538018));
#4136=CARTESIAN_POINT('',(-5.57436010914453,32.6859014658836,-13.1678863538014));
#4137=CARTESIAN_POINT('',(6.69999999999984,32.6859014658836,3.13950037708109E-14));
#4138=CARTESIAN_POINT('',(18.7057504401182,32.6859014658836,-13.4132435855457));
#4139=CARTESIAN_POINT('',(18.7057504401182,32.6859014658836,-13.4132435855457));
#4140=CARTESIAN_POINT('',(18.7155168443148,32.7383489000755,-13.4069220019361));
#4141=CARTESIAN_POINT('',(18.7295156162213,32.7900110718858,-13.3990096891641));
#4142=CARTESIAN_POINT('',(18.7473273169902,32.8397819529661,-13.3894346624913));
#4143=CARTESIAN_POINT('',(18.7473273169902,32.839781952966,-13.3894346624908));
#4144=CARTESIAN_POINT('',(18.7473273169902,32.839781952966,-13.3894346624908));
#4145=CARTESIAN_POINT('',(18.7971120591185,32.9403002891257,-13.3576693322875));
#4146=CARTESIAN_POINT('',(18.8640708826087,33.0314290025044,-13.3173676489663));
#4147=CARTESIAN_POINT('',(18.9393683322389,33.1060841582032,-13.2689074130735));
#4148=CARTESIAN_POINT('',(19.0144750093549,33.1805501686941,-13.2205699553238));
#4149=CARTESIAN_POINT('',(19.0995295341044,33.2406556157326,-13.1628077701476));
#4150=CARTESIAN_POINT('',(19.1855253340491,33.2849513379287,-13.0982684730136));
#4151=CARTESIAN_POINT('',(19.2997410852987,33.3437829226226,-13.0125502831482));
#4152=CARTESIAN_POINT('',(19.4183926313279,33.3767674974892,-12.9125745213211));
#4153=CARTESIAN_POINT('',(19.5300921547506,33.3895105099648,-12.8066744110043));
#4154=CARTESIAN_POINT('',(19.5684521185575,33.3938867282545,-12.7703060875378));
#4155=CARTESIAN_POINT('',(19.6062995108274,33.3959551316633,-12.7330494063706));
#4156=CARTESIAN_POINT('',(19.6434398951255,33.3959551316633,-12.6951827334809));
#4157=CARTESIAN_POINT('',(19.6434398951255,33.3959551316633,-12.6951827334809));
#4158=CARTESIAN_POINT('',(6.69999999999984,33.3959551316633,3.13950037708109E-14));
#4159=CARTESIAN_POINT('',(6.69999999999984,30.1694187765514,3.13950037708109E-14));
#4160=CARTESIAN_POINT('',(6.69999999999975,30.1694187765514,19.9149573381208));
#4161=CARTESIAN_POINT('',(6.69999999999984,32.6000000000001,3.13950037708109E-14));
#4162=CARTESIAN_POINT('',(6.69999999999984,21.4361982863868,3.13950037708109E-14));
#4163=CARTESIAN_POINT('',(6.69999999999976,21.4361982863868,17.6147014604426));
#4164=CARTESIAN_POINT('',(7.87348484050009,0.789556000505974,3.13950037708109E-14));
#4165=CARTESIAN_POINT('',(23.3076900390095,31.9521283103604,-6.87969045935612));
#4166=CARTESIAN_POINT('',(22.8138694640377,30.9550753894144,-7.89033961721837));
#4167=CARTESIAN_POINT('',(22.8138694640377,30.9550753894144,-7.89033961721837));
#4168=CARTESIAN_POINT('',(22.7561275351898,30.8384910230742,-7.99914730065877));
#4169=CARTESIAN_POINT('',(22.6859203392243,30.7506022969156,-8.13241279644826));
#4170=CARTESIAN_POINT('',(22.6127035530608,30.6798409269553,-8.26804939749289));
#4171=CARTESIAN_POINT('',(22.4756648405261,30.5473979784915,-8.52191830042755));
#4172=CARTESIAN_POINT('',(22.3213554319165,30.469125377856,-8.79701115395236));
#4173=CARTESIAN_POINT('',(22.1608599351971,30.4289017429733,-9.06792334994547));
#4174=CARTESIAN_POINT('',(21.9848580573391,30.3847918743581,-9.36500991127595));
#4175=CARTESIAN_POINT('',(21.7956507715196,30.386770472718,-9.66706847748183));
#4176=CARTESIAN_POINT('',(21.6071636962768,30.4483592760962,-9.953184202682));
#4177=CARTESIAN_POINT('',(21.5626895592294,30.46289135411,-10.0206941364934));
#4178=CARTESIAN_POINT('',(21.5181453766448,30.4808906637731,-10.0875337116996));
#4179=CARTESIAN_POINT('',(21.4739300645996,30.5027896325821,-10.1532007709194));
#4180=CARTESIAN_POINT('',(21.4739300645996,30.5027896325821,-10.1532007709194));
#4181=CARTESIAN_POINT('',(6.39037222194154,37.9733772513569,3.14784590711251E-14));
#4182=CARTESIAN_POINT('',(19.2450241890082,31.6067225913245,-12.8585018446915));
#4183=CARTESIAN_POINT('',(19.2450241890082,31.6067225913245,-12.8585018446915));
#4184=CARTESIAN_POINT('',(19.1321713508741,31.6626163681179,-12.9712881814521));
#4185=CARTESIAN_POINT('',(19.0220924286546,31.7440774477502,-13.0794228616064));
#4186=CARTESIAN_POINT('',(18.9294396777091,31.8522243580558,-13.1705291108577));
#4187=CARTESIAN_POINT('',(18.8690825462904,31.9226749082147,-13.2298787988379));
#4188=CARTESIAN_POINT('',(18.8149416049802,32.0061657232598,-13.2832190777081));
#4189=CARTESIAN_POINT('',(18.7738102403465,32.0994738062845,-13.3248178911499));
#4190=CARTESIAN_POINT('',(18.7392136403391,32.1779575243573,-13.3598076738191));
#4191=CARTESIAN_POINT('',(18.7131906292359,32.2653365058851,-13.3871751712701));
#4192=CARTESIAN_POINT('',(18.6997570568988,32.3555492185912,-13.4033649589866));
#4193=CARTESIAN_POINT('',(18.6862678266388,32.4461357002461,-13.4196218241666));
#4194=CARTESIAN_POINT('',(18.6853288849399,32.5422205531612,-13.4248797272339));
#4195=CARTESIAN_POINT('',(18.6975162799303,32.634195179892,-13.4182245714741));
#4196=CARTESIAN_POINT('',(18.6998133035506,32.6515301304896,-13.4169702386171));
#4197=CARTESIAN_POINT('',(18.7025633278169,32.6687860711777,-13.4153065348646));
#4198=CARTESIAN_POINT('',(18.7057504401182,32.6859014658836,-13.4132435855457));
#4199=CARTESIAN_POINT('',(-5.57436010914453,32.6859014658836,-13.1678863538014));
#4200=CARTESIAN_POINT('',(-5.58480900894876,32.5886052427841,-13.1535734380887));
#4201=CARTESIAN_POINT('',(-5.61002495301619,32.4935971186354,-13.1255875785126));
#4202=CARTESIAN_POINT('',(-5.64519097455951,32.4089660546625,-13.0884186663362));
#4203=CARTESIAN_POINT('',(-5.68013352955994,32.3248727885541,-13.0514859483024));
#4204=CARTESIAN_POINT('',(-5.7255217324713,32.2485409315611,-13.0047570820145));
#4205=CARTESIAN_POINT('',(-5.77635396249189,32.1825340882326,-12.9526431084466));
#4206=CARTESIAN_POINT('',(-5.85264153336446,32.083472887564,-12.8744319331665));
#4207=CARTESIAN_POINT('',(-5.94308380721105,32.0046588112249,-12.7820634205046));
#4208=CARTESIAN_POINT('',(-6.03702592082382,31.9456952725452,-12.6848621690591));
#4209=CARTESIAN_POINT('',(-6.06306582492546,31.929351113002,-12.6579188614321));
#4210=CARTESIAN_POINT('',(-6.08951267174386,31.9144255555678,-12.6304695210084));
#4211=CARTESIAN_POINT('',(-6.11622081992632,31.9008762133276,-12.6026443502417));
#4212=CARTESIAN_POINT('',(-6.11622081992632,31.9008762133276,-12.6026443502417));
#4213=CARTESIAN_POINT('',(7.01750305788824,38.5637612060729,3.13710568139321E-14));
#4214=CARTESIAN_POINT('',(-8.31577182299809,30.7850193927117,-9.80974400056008));
#4215=CARTESIAN_POINT('',(-8.31577182299809,30.7850193927117,-9.80974400056008));
#4216=CARTESIAN_POINT('',(-8.49014085719364,30.6965600317605,-9.53727664938357));
#4217=CARTESIAN_POINT('',(-8.66857231577711,30.667696651631,-9.24549200776439));
#4218=CARTESIAN_POINT('',(-8.83629242422017,30.67914471452,-8.95530761265801));
#4219=CARTESIAN_POINT('',(-9.02087582145146,30.691743814052,-8.635946851629));
#4220=CARTESIAN_POINT('',(-9.19810111962971,30.7525560215759,-8.30887725932263));
#4221=CARTESIAN_POINT('',(-9.35779275498704,30.8691270739453,-7.99721905732265));
#4222=CARTESIAN_POINT('',(-9.46833849540023,30.9498228052283,-7.78147521689644));
#4223=CARTESIAN_POINT('',(-9.57523612660149,31.0573208738828,-7.56269931683501));
#4224=CARTESIAN_POINT('',(-9.65999785138433,31.2244012136931,-7.38898352448054));
#4225=CARTESIAN_POINT('',(-9.65999785138433,31.2244012136931,-7.38898352448054));
#4226=CARTESIAN_POINT('',(5.55330365611075,1.23629523753821,3.13950037708109E-14));
#4227=CARTESIAN_POINT('',(-10.1694999871013,32.2287199694498,-6.23758438371663));
#4228=CARTESIAN_POINT('',(-10.1694999871013,32.2287199694498,-6.23758438371663));
#4229=CARTESIAN_POINT('',(-10.1882767729498,32.2657323328502,-6.1904719486632));
#4230=CARTESIAN_POINT('',(-10.2061798242105,32.3065934833543,-6.14546295769201));
#4231=CARTESIAN_POINT('',(-10.2221717813612,32.3525608559078,-6.10579783151081));
#4232=CARTESIAN_POINT('',(-10.238300485537,32.398921294888,-6.06579352933271));
#4233=CARTESIAN_POINT('',(-10.2528405757455,32.4518091702292,-6.03036097245389));
#4234=CARTESIAN_POINT('',(-10.2629600525761,32.5101015232913,-6.00779180417634));
#4235=CARTESIAN_POINT('',(-10.2692588227206,32.5463850327324,-5.99374384441389));
#4236=CARTESIAN_POINT('',(-10.2738941223031,32.5855492065298,-5.98463599484428));
#4237=CARTESIAN_POINT('',(-10.2761097673946,32.6248386654946,-5.98241291876318));
#4238=CARTESIAN_POINT('',(-10.2772548613761,32.6451443196673,-5.98126398428325));
#4239=CARTESIAN_POINT('',(-10.2777810309108,32.6656691837639,-5.98189436516663));
#4240=CARTESIAN_POINT('',(-10.2776847364437,32.6859014658836,-5.98426002990474));
#4241=CARTESIAN_POINT('',(23.3686203665333,32.6859014658836,-6.79781157373253));
#4242=CARTESIAN_POINT('',(23.3828386035702,32.6389704952827,-6.7586748182151));
#4243=CARTESIAN_POINT('',(23.3949653348592,32.5864426910642,-6.72375150995293));
#4244=CARTESIAN_POINT('',(23.4026620823098,32.5291890355839,-6.69927419573697));
#4245=CARTESIAN_POINT('',(23.4081767577788,32.4881671193249,-6.68173634028327));
#4246=CARTESIAN_POINT('',(23.4114330164699,32.443802746006,-6.66945033620682));
#4247=CARTESIAN_POINT('',(23.4115725918237,32.3990757209258,-6.66494929419498));
#4248=CARTESIAN_POINT('',(23.411712787387,32.3541499492615,-6.66042825159686));
#4249=CARTESIAN_POINT('',(23.4086490977865,32.3077633715271,-6.66381553045195));
#4250=CARTESIAN_POINT('',(23.4028622253074,32.2642185923026,-6.6742629583556));
#4251=CARTESIAN_POINT('',(23.3962137410805,32.2141903985102,-6.68626591157075));
#4252=CARTESIAN_POINT('',(23.3859182772928,32.1664724346629,-6.70756858449583));
#4253=CARTESIAN_POINT('',(23.3737229731465,32.1234188712972,-6.73381279606388));
#4254=CARTESIAN_POINT('',(23.3553485506997,32.058550922812,-6.77335442818322));
#4255=CARTESIAN_POINT('',(23.3323310980893,32.0018800646937,-6.82467598889802));
#4256=CARTESIAN_POINT('',(23.3076900390095,31.9521283103604,-6.87969045935612));
#4257=CARTESIAN_POINT('',(6.69999999999984,22.1046379011011,3.13950037708109E-14));
#4258=CARTESIAN_POINT('',(6.69999999999984,1.10000000000015,3.13950037708109E-14));
#4259=CARTESIAN_POINT('',(6.69999999999977,1.10000000000015,15.));
#4260=CARTESIAN_POINT('',(6.69999999999984,18.1000000000001,3.13950037708109E-14));
#4261=CARTESIAN_POINT('',(6.69999999999976,18.1000000000001,17.5));
#4262=CARTESIAN_POINT('',(-1.25039359246773,14.6475849578876,-15.3691280021044));
#4263=CARTESIAN_POINT('',(-1.15519837704752,14.4599383640804,-15.4016017340762));
#4264=CARTESIAN_POINT('',(-1.06001045685183,14.27230615045,-15.4323291521087));
#4265=CARTESIAN_POINT('',(-0.964829678628303,14.0846880149089,-15.4613469414021));
#4266=CARTESIAN_POINT('',(-1.25039359246773,14.6475849578876,-15.3691280021044));
#4267=CARTESIAN_POINT('',(-0.964829678628305,14.0846880149089,-15.4613469414021));
#4268=CARTESIAN_POINT('',(-1.25039359246773,14.6475849578876,-15.3691280021044));
#4269=CARTESIAN_POINT('',(-1.29536651887552,14.7362345440744,-15.3537864878097));
#4270=CARTESIAN_POINT('',(-1.32781183418871,14.8340654087139,-15.3453631558803));
#4271=CARTESIAN_POINT('',(-1.34458565721164,14.9332380331932,-15.3450395562778));
#4272=CARTESIAN_POINT('',(-1.36136784192405,15.0324600948634,-15.344715795362));
#4273=CARTESIAN_POINT('',(-1.36289645144018,15.1356476033827,-15.352502829613));
#4274=CARTESIAN_POINT('',(-1.34953711669125,15.2342574005245,-15.3674828212568));
#4275=CARTESIAN_POINT('',(-1.33620706640048,15.3326510391126,-15.3824299758658));
#4276=CARTESIAN_POINT('',(-1.30784755085185,15.4289989204626,-15.4048414909823));
#4277=CARTESIAN_POINT('',(-1.26759854109592,15.5167838222666,-15.4323413821675));
#4278=CARTESIAN_POINT('',(-1.22468811738805,15.6103733876846,-15.4616596682529));
#4279=CARTESIAN_POINT('',(-1.16733605506238,15.6965585732692,-15.4974051080981));
#4280=CARTESIAN_POINT('',(-1.10046933480768,15.7705401030255,-15.5363338647466));
#4281=CARTESIAN_POINT('',(-1.02651576616773,15.8523625420218,-15.5793884734654));
#4282=CARTESIAN_POINT('',(-0.939171856149112,15.9213147414711,-15.6273497772424));
#4283=CARTESIAN_POINT('',(-0.844977742519316,15.9737499532665,-15.6762962652806));
#4284=CARTESIAN_POINT('',(-0.833765240390315,15.9799916376058,-15.6821226654684));
#4285=CARTESIAN_POINT('',(-0.822439673758238,15.9860134836574,-15.6879722264617));
#4286=CARTESIAN_POINT('',(-0.811011771486315,15.9918109862739,-15.6938388932842));
#4287=CARTESIAN_POINT('',(-0.811011771486315,15.9918109862739,-15.6938388932842));
#4288=CARTESIAN_POINT('',(-0.811011771486315,15.9918109862739,-15.6938388932842));
#4289=CARTESIAN_POINT('',(-0.100985690678354,16.3520151570243,-16.0583402997763));
#4290=CARTESIAN_POINT('',(0.630011290794958,16.722858100192,-16.3702657210934));
#4291=CARTESIAN_POINT('',(1.38195157955335,17.1043258173466,-16.6296843363888));
#4292=CARTESIAN_POINT('',(1.38195157955335,17.1043258173466,-16.6296843363888));
#4293=CARTESIAN_POINT('',(1.38195157955335,17.1043258173466,-16.6296843363888));
#4294=CARTESIAN_POINT('',(1.48599581543493,17.1571086216972,-16.6655794892426));
#4295=CARTESIAN_POINT('',(1.60071906196831,17.1918406234092,-16.7027849714944));
#4296=CARTESIAN_POINT('',(1.71678274165778,17.2055840107874,-16.7379990455842));
#4297=CARTESIAN_POINT('',(1.83290434963453,17.2193342575974,-16.7732306952928));
#4298=CARTESIAN_POINT('',(1.95368079063251,17.2124029091157,-16.8074622297769));
#4299=CARTESIAN_POINT('',(2.06869280502358,17.1846816270553,-16.8377662449278));
#4300=CARTESIAN_POINT('',(2.18171485597069,17.1574399847805,-16.867545933271));
#4301=CARTESIAN_POINT('',(2.29244244068025,17.1092402162108,-16.8943971550431));
#4302=CARTESIAN_POINT('',(2.39053309184469,17.0435975283532,-16.9161269179709));
#4303=CARTESIAN_POINT('',(2.48480137101623,16.9805127883594,-16.9370099209247));
#4304=CARTESIAN_POINT('',(2.57010641386817,16.8994482459288,-16.9537817193498));
#4305=CARTESIAN_POINT('',(2.63835114455419,16.8071816623835,-16.9652633126582));
#4306=CARTESIAN_POINT('',(2.67142472537693,16.7624663227896,-16.9708276602707));
#4307=CARTESIAN_POINT('',(2.70093075668011,16.7147100021703,-16.9752383709942));
#4308=CARTESIAN_POINT('',(2.72617760793967,16.6649439963653,-16.9784362570898));
#4309=CARTESIAN_POINT('',(2.72617760793967,16.6649439963653,-16.9784362570898));
#4310=CARTESIAN_POINT('',(3.5761327364203,14.9895322223137,-17.0462284879881));
#4311=CARTESIAN_POINT('',(3.29244352548101,15.5487337945529,-17.0368252670385));
#4312=CARTESIAN_POINT('',(3.00851977058296,16.1083976943866,-17.0141990564514));
#4313=CARTESIAN_POINT('',(2.72617760793967,16.6649439963653,-16.9784362570898));
#4314=CARTESIAN_POINT('',(3.5761327364203,14.9895322223137,-17.0462284879881));
#4315=CARTESIAN_POINT('',(3.5761327364203,14.9895322223137,-17.0462284879881));
#4316=CARTESIAN_POINT('',(3.62585783325178,14.8915152683526,-17.0478766862777));
#4317=CARTESIAN_POINT('',(3.659656006618,14.7836522476207,-17.0454612589338));
#4318=CARTESIAN_POINT('',(3.67478405541574,14.6749448394484,-17.0394224987666));
#4319=CARTESIAN_POINT('',(3.68990754596948,14.5662701859887,-17.0333855581429));
#4320=CARTESIAN_POINT('',(3.68681050392591,14.4537880033818,-17.0235720415303));
#4321=CARTESIAN_POINT('',(3.66602245686069,14.3466433574095,-17.0107960146875));
#4322=CARTESIAN_POINT('',(3.64505931135794,14.2385962283881,-16.9979123749299));
#4323=CARTESIAN_POINT('',(3.60556875965276,14.1330640194949,-16.9816657484191));
#4324=CARTESIAN_POINT('',(3.55107958446547,14.0383686044242,-16.9631365313676));
#4325=CARTESIAN_POINT('',(3.49560565800011,13.9419618140079,-16.9442724465169));
#4326=CARTESIAN_POINT('',(3.42312105973525,13.8541958087649,-16.9225231988929));
#4327=CARTESIAN_POINT('',(3.33974729507617,13.7818441974308,-16.899252204994));
#4328=CARTESIAN_POINT('',(3.25466900608775,13.7080134027793,-16.8755054502195));
#4329=CARTESIAN_POINT('',(3.15598003625621,13.6482370161531,-16.8495179358863));
#4330=CARTESIAN_POINT('',(3.051789639364,13.6070711193434,-16.823004920334));
#4331=CARTESIAN_POINT('',(2.93567758217837,13.5611949435437,-16.7934582359005));
#4332=CARTESIAN_POINT('',(2.80908153019062,13.5371101186113,-16.7623095459591));
#4333=CARTESIAN_POINT('',(2.68432881173646,13.5371101186113,-16.732369620622));
#4334=CARTESIAN_POINT('',(2.68432881173646,13.5371101186113,-16.732369620622));
#4335=CARTESIAN_POINT('',(6.69999999999983,13.5371101186113,3.13950037708109E-14));
#4336=CARTESIAN_POINT('',(-0.0730257539444711,13.5371101186113,-15.8184680152589));
#4337=CARTESIAN_POINT('',(-0.0730257539444711,13.5371101186113,-15.8184680152589));
#4338=CARTESIAN_POINT('',(-0.191683915610602,13.5371101186113,-15.7676619078593));
#4339=CARTESIAN_POINT('',(-0.312216048079327,13.5587170973555,-15.716604278084));
#4340=CARTESIAN_POINT('',(-0.424799123520888,13.60102492139,-15.6697415100409));
#4341=CARTESIAN_POINT('',(-0.537599054161391,13.643414237883,-15.6227884759));
#4342=CARTESIAN_POINT('',(-0.645778141373888,13.7080267028423,-15.5786703093238));
#4343=CARTESIAN_POINT('',(-0.738482447372524,13.7906736583739,-15.5426056685943));
#4344=CARTESIAN_POINT('',(-0.82924275169572,13.8715875140425,-15.5072973004159));
#4345=CARTESIAN_POINT('',(-0.908083840889163,13.9728319398164,-15.4786470601186));
#4346=CARTESIAN_POINT('',(-0.964829678628305,14.0846880149089,-15.4613469414021));
#4347=CARTESIAN_POINT('',(9.56054813620112,14.2911319360769,-17.0361071108192));
#4348=CARTESIAN_POINT('',(9.83951845948386,14.8543895032655,-17.0372689819494));
#4349=CARTESIAN_POINT('',(10.1188536817002,15.4183838229631,-17.0254090658541));
#4350=CARTESIAN_POINT('',(10.3967483952202,15.9794696704824,-17.0005690297733));
#4351=CARTESIAN_POINT('',(9.56054813620111,14.2911319360769,-17.0361071108193));
#4352=CARTESIAN_POINT('',(10.3967483952202,15.9794696704824,-17.0005690297733));
#4353=CARTESIAN_POINT('',(10.3967483952202,15.9794696704824,-17.0005690297733));
#4354=CARTESIAN_POINT('',(10.4455867478599,16.078077190342,-16.9962035403175));
#4355=CARTESIAN_POINT('',(10.511781187665,16.16957343531,-16.9872029232802));
#4356=CARTESIAN_POINT('',(10.5894982043251,16.246473922742,-16.9740095342626));
#4357=CARTESIAN_POINT('',(10.6671694417264,16.3233291118924,-16.9608239168193));
#4358=CARTESIAN_POINT('',(10.7584161873202,16.3877201651832,-16.943085251155));
#4359=CARTESIAN_POINT('',(10.8555543476123,16.434955317169,-16.9219565986168));
#4360=CARTESIAN_POINT('',(10.9542866639845,16.4829656558015,-16.9004811990349));
#4361=CARTESIAN_POINT('',(11.0616808325987,16.5145703262421,-16.8749349569817));
#4362=CARTESIAN_POINT('',(11.1692156166449,16.5279693205407,-16.8471681986015));
#4363=CARTESIAN_POINT('',(11.2804889705463,16.5418341462131,-16.8184360970835));
#4364=CARTESIAN_POINT('',(11.394838452849,16.5366149799486,-16.7865701984681));
#4365=CARTESIAN_POINT('',(11.5034530979588,16.5132168653314,-16.7540907674839));
#4366=CARTESIAN_POINT('',(11.5840575692329,16.4958527920463,-16.7299873203003));
#4367=CARTESIAN_POINT('',(11.6628851740086,16.4683084043916,-16.7051563718236));
#4368=CARTESIAN_POINT('',(11.7366877946567,16.4317554273157,-16.6807305443265));
#4369=CARTESIAN_POINT('',(11.7366877946591,16.4317554273146,-16.6807305443257));
#4370=CARTESIAN_POINT('',(13.9595514018488,15.3308150845042,-15.7636180544044));
#4371=CARTESIAN_POINT('',(13.2395113192552,15.6874366841398,-16.1228733930576));
#4372=CARTESIAN_POINT('',(12.4985580526107,16.054416169857,-16.4285808058409));
#4373=CARTESIAN_POINT('',(11.7366877946592,16.4317554273145,-16.680730544326));
#4374=CARTESIAN_POINT('',(13.9595514018488,15.3308150845042,-15.7636180544044));
#4375=CARTESIAN_POINT('',(13.9595514018488,15.3308150845042,-15.7636180544044));
#4376=CARTESIAN_POINT('',(14.0648316639245,15.2786718547325,-15.7110897339402));
#4377=CARTESIAN_POINT('',(14.1627020328166,15.2065802057811,-15.6589986347143));
#4378=CARTESIAN_POINT('',(14.2447669502513,15.1191710762641,-15.6122325375067));
#4379=CARTESIAN_POINT('',(14.327053364139,15.0315260260547,-15.5653402167559));
#4380=CARTESIAN_POINT('',(14.3958199781746,14.9255897905674,-15.5224399096835));
#4381=CARTESIAN_POINT('',(14.4426081491846,14.810051477578,-15.4890728036177));
#4382=CARTESIAN_POINT('',(14.4857904531384,14.7034174621394,-15.4582772310383));
#4383=CARTESIAN_POINT('',(14.5114217370039,14.5850622977087,-15.4347394408812));
#4384=CARTESIAN_POINT('',(14.5152121094647,14.4667131223553,-15.4219723862643));
#4385=CARTESIAN_POINT('',(14.5185971024448,14.3610213646423,-15.4105707652623));
#4386=CARTESIAN_POINT('',(14.504654244597,14.2522175335501,-15.4074311207548));
#4387=CARTESIAN_POINT('',(14.4744537261101,14.1503815162087,-15.4128677596577));
#4388=CARTESIAN_POINT('',(14.4581650238155,14.0954560827241,-15.4158000203277));
#4389=CARTESIAN_POINT('',(14.4370726757355,14.0418276851768,-15.4211897786894));
#4390=CARTESIAN_POINT('',(14.4118371586812,13.9908756850662,-15.428791461547));
#4391=CARTESIAN_POINT('',(14.411837158676,13.9908756850557,-15.4287914615486));
#4392=CARTESIAN_POINT('',(14.1209108582204,13.4034782934711,-15.5110274022124));
#4393=CARTESIAN_POINT('',(14.2178491995457,13.5992025327366,-15.4854135264203));
#4394=CARTESIAN_POINT('',(14.3148243641692,13.7950011204172,-15.4580145797189));
#4395=CARTESIAN_POINT('',(14.411837158676,13.9908756850557,-15.4287914615486));
#4396=CARTESIAN_POINT('',(14.1209108582204,13.4034782934711,-15.5110274022125));
#4397=CARTESIAN_POINT('',(14.1209108582204,13.4034782934711,-15.5110274022125));
#4398=CARTESIAN_POINT('',(14.0723427696838,13.3054164528057,-15.5238604770334));
#4399=CARTESIAN_POINT('',(14.0069662169453,13.2151409705433,-15.5451047994441));
#4400=CARTESIAN_POINT('',(13.9313482193698,13.1396419298499,-15.5719652708693));
#4401=CARTESIAN_POINT('',(13.8559232968434,13.0643356604736,-15.5987571595893));
#4402=CARTESIAN_POINT('',(13.7684132277549,13.0015740634659,-15.6317659973645));
#4403=CARTESIAN_POINT('',(13.6757504736742,12.9547570101335,-15.6678150746081));
#4404=CARTESIAN_POINT('',(13.5770306014044,12.904879650337,-15.7062205843109));
#4405=CARTESIAN_POINT('',(13.4699965297257,12.8717667561841,-15.7490154424758));
#4406=CARTESIAN_POINT('',(13.3624146970956,12.8568195158029,-15.7927313053828));
#4407=CARTESIAN_POINT('',(13.3167817271954,12.8504793470798,-15.8112742564315));
#4408=CARTESIAN_POINT('',(13.2707218005615,12.847305114774,-15.8301179153954));
#4409=CARTESIAN_POINT('',(13.2247982800852,12.847305114774,-15.849023919257));
#4410=CARTESIAN_POINT('',(13.2247982800852,12.847305114774,-15.849023919257));
#4411=CARTESIAN_POINT('',(6.69999999999984,12.847305114774,3.13950037708109E-14));
#4412=CARTESIAN_POINT('',(10.4566607143363,12.847305114774,-16.7228003655591));
#4413=CARTESIAN_POINT('',(10.4566607143363,12.847305114774,-16.7228003655591));
#4414=CARTESIAN_POINT('',(10.3419034020104,12.847305114774,-16.7485797970822));
#4415=CARTESIAN_POINT('',(10.225747632479,12.867592646649,-16.7755136801835));
#4416=CARTESIAN_POINT('',(10.1178272964101,12.9064587325753,-16.8015222989371));
#4417=CARTESIAN_POINT('',(10.0098964480798,12.9453286043539,-16.8275334511279));
#4418=CARTESIAN_POINT('',(9.90720427592245,13.0038806546352,-16.8533571453445));
#4419=CARTESIAN_POINT('',(9.81852215512758,13.0773835738031,-16.877217516607));
#4420=CARTESIAN_POINT('',(9.73021712498433,13.1505739467279,-16.9009764297305));
#4421=CARTESIAN_POINT('',(9.65334027331306,13.2406706391872,-16.9234769800863));
#4422=CARTESIAN_POINT('',(9.59479119216244,13.3401750261895,-16.9432248167781));
#4423=CARTESIAN_POINT('',(9.53708424794868,13.4382481982516,-16.9626886117331));
#4424=CARTESIAN_POINT('',(9.4955695228521,13.5482491550752,-16.9800469878769));
#4425=CARTESIAN_POINT('',(9.47420128517783,13.6608286549794,-16.9940659900838));
#4426=CARTESIAN_POINT('',(9.45322255176884,13.7713560345327,-17.0078294512752));
#4427=CARTESIAN_POINT('',(9.45108676936996,13.8875002049477,-17.0187698382038));
#4428=CARTESIAN_POINT('',(9.46827931475217,13.9992992230678,-17.0259278882871));
#4429=CARTESIAN_POINT('',(9.48376394441271,14.0999920729929,-17.0323748542347));
#4430=CARTESIAN_POINT('',(9.51524223961545,14.1996566537248,-17.0359184182994));
#4431=CARTESIAN_POINT('',(9.56054813620111,14.2911319360769,-17.0361071108193));
#4432=CARTESIAN_POINT('',(6.69999999999976,18.1000000000001,17.5));
#4433=CARTESIAN_POINT('',(-28.3000000000002,18.1000000000001,17.4999999999999));
#4434=CARTESIAN_POINT('',(-28.3000000000001,18.1000000000001,-17.5000000000001));
#4435=CARTESIAN_POINT('',(6.69999999999993,18.1000000000001,-17.5));
#4436=CARTESIAN_POINT('',(41.6999999999999,18.1000000000001,-17.4999999999998));
#4437=CARTESIAN_POINT('',(41.6999999999997,18.1000000000001,17.5000000000002));
#4438=CARTESIAN_POINT('',(6.69999999999976,18.1000000000001,17.5));
#4439=CARTESIAN_POINT('',(6.69999999999976,12.3519110078163,17.3023755947458));
#4440=CARTESIAN_POINT('',(-27.9047511894918,12.3519110078163,17.3023755947456));
#4441=CARTESIAN_POINT('',(-27.9047511894916,12.3519110078163,-17.3023755947459));
#4442=CARTESIAN_POINT('',(6.69999999999993,12.3519110078163,-17.3023755947457));
#4443=CARTESIAN_POINT('',(41.3047511894914,12.3519110078163,-17.3023755947456));
#4444=CARTESIAN_POINT('',(41.3047511894913,12.3519110078163,17.302375594746));
#4445=CARTESIAN_POINT('',(6.69999999999976,12.3519110078163,17.3023755947458));
#4446=CARTESIAN_POINT('',(6.69999999999977,6.66162654356183,16.4655690558848));
#4447=CARTESIAN_POINT('',(-26.2311381117698,6.66162654356183,16.4655690558847));
#4448=CARTESIAN_POINT('',(-26.2311381117697,6.66162654356183,-16.4655690558849));
#4449=CARTESIAN_POINT('',(6.69999999999992,6.66162654356183,-16.4655690558848));
#4450=CARTESIAN_POINT('',(39.6311381117695,6.66162654356183,-16.4655690558846));
#4451=CARTESIAN_POINT('',(39.6311381117694,6.66162654356183,16.465569055885));
#4452=CARTESIAN_POINT('',(6.69999999999977,6.66162654356183,16.4655690558848));
#4453=CARTESIAN_POINT('',(6.69999999999977,1.10000000000018,15.));
#4454=CARTESIAN_POINT('',(-23.3000000000003,1.10000000000018,14.9999999999999));
#4455=CARTESIAN_POINT('',(-23.3000000000001,1.10000000000018,-15.0000000000001));
#4456=CARTESIAN_POINT('',(6.69999999999991,1.10000000000018,-15.));
#4457=CARTESIAN_POINT('',(36.6999999999999,1.10000000000018,-14.9999999999998));
#4458=CARTESIAN_POINT('',(36.6999999999998,1.10000000000018,15.0000000000002));
#4459=CARTESIAN_POINT('',(6.69999999999977,1.10000000000018,15.));
#4460=CARTESIAN_POINT('',(6.69999999999985,-3.78173475703822,3.13950037708109E-14));
#4461=CARTESIAN_POINT('',(19.7982202000043,-3.78173475703823,9.27709250499244E-14));
#4462=CARTESIAN_POINT('',(6.69999999999977,1.10000000000015,15.));
#4463=CARTESIAN_POINT('',(-23.3000000000002,1.10000000000015,14.9999999999999));
#4464=CARTESIAN_POINT('',(-23.3000000000001,1.10000000000015,-15.0000000000001));
#4465=CARTESIAN_POINT('',(6.69999999999991,1.10000000000015,-15.));
#4466=CARTESIAN_POINT('',(36.6999999999999,1.10000000000015,-14.9999999999998));
#4467=CARTESIAN_POINT('',(36.6999999999998,1.10000000000015,15.0000000000002));
#4468=CARTESIAN_POINT('',(6.69999999999977,1.10000000000015,15.));
#4469=CARTESIAN_POINT('',(6.69999999999978,-0.596033253578374,14.5530707006795));
#4470=CARTESIAN_POINT('',(-22.4061414013593,-0.596033253578374,14.5530707006794));
#4471=CARTESIAN_POINT('',(-22.4061414013591,-0.596033253578374,-14.5530707006796));
#4472=CARTESIAN_POINT('',(6.69999999999991,-0.596033253578374,-14.5530707006795));
#4473=CARTESIAN_POINT('',(35.8061414013589,-0.596033253578374,-14.5530707006793));
#4474=CARTESIAN_POINT('',(35.8061414013588,-0.596033253578374,14.5530707006797));
#4475=CARTESIAN_POINT('',(6.69999999999978,-0.596033253578374,14.5530707006795));
#4476=CARTESIAN_POINT('',(6.69999999999978,-2.23032873385912,13.916397410075));
#4477=CARTESIAN_POINT('',(-21.1327948201502,-2.23032873385912,13.9163974100749));
#4478=CARTESIAN_POINT('',(-21.1327948201501,-2.23032873385912,-13.9163974100751));
#4479=CARTESIAN_POINT('',(6.69999999999991,-2.23032873385912,-13.916397410075));
#4480=CARTESIAN_POINT('',(34.5327948201499,-2.23032873385912,-13.9163974100748));
#4481=CARTESIAN_POINT('',(34.5327948201498,-2.23032873385912,13.9163974100752));
#4482=CARTESIAN_POINT('',(6.69999999999978,-2.23032873385912,13.916397410075));
#4483=CARTESIAN_POINT('',(6.69999999999978,-3.78173475703821,13.0982202000044));
#4484=CARTESIAN_POINT('',(-19.496440400009,-3.78173475703821,13.0982202000043));
#4485=CARTESIAN_POINT('',(-19.4964404000089,-3.78173475703821,-13.0982202000045));
#4486=CARTESIAN_POINT('',(6.69999999999991,-3.78173475703821,-13.0982202000044));
#4487=CARTESIAN_POINT('',(32.8964404000087,-3.78173475703821,-13.0982202000043));
#4488=CARTESIAN_POINT('',(32.8964404000086,-3.78173475703821,13.0982202000046));
#4489=CARTESIAN_POINT('',(6.69999999999978,-3.78173475703821,13.0982202000044));
#4490=CARTESIAN_POINT('',(6.69999999999984,-6.82221893597095,3.13950037708108E-14));
#4491=CARTESIAN_POINT('',(-4.47776208272842,-6.82221893597094,-2.09819936525457E-14));
#4492=CARTESIAN_POINT('',(6.69999999999984,-4.99999999999995,3.13950037708109E-14));
#4493=CARTESIAN_POINT('',(6.69999999999979,-4.99999999999995,12.4076702234397));
#4494=CARTESIAN_POINT('',(6.69999999999979,-4.99999999999995,12.4076702234397));
#4495=CARTESIAN_POINT('',(-18.1153404468795,-4.99999999999995,12.4076702234396));
#4496=CARTESIAN_POINT('',(-18.1153404468794,-4.99999999999995,-12.4076702234397));
#4497=CARTESIAN_POINT('',(6.6999999999999,-4.99999999999995,-12.4076702234396));
#4498=CARTESIAN_POINT('',(31.5153404468792,-4.99999999999995,-12.4076702234395));
#4499=CARTESIAN_POINT('',(31.5153404468791,-4.99999999999995,12.4076702234398));
#4500=CARTESIAN_POINT('',(6.69999999999979,-4.99999999999995,12.4076702234397));
#4501=CARTESIAN_POINT('',(6.69999999999979,-5.62673039111426,12.0268277725924));
#4502=CARTESIAN_POINT('',(-17.3536555451849,-5.62673039111426,12.0268277725923));
#4503=CARTESIAN_POINT('',(-17.3536555451848,-5.62673039111426,-12.0268277725924));
#4504=CARTESIAN_POINT('',(6.6999999999999,-5.62673039111426,-12.0268277725923));
#4505=CARTESIAN_POINT('',(30.7536555451846,-5.62673039111426,-12.0268277725922));
#4506=CARTESIAN_POINT('',(30.7536555451845,-5.62673039111426,12.0268277725925));
#4507=CARTESIAN_POINT('',(6.69999999999979,-5.62673039111426,12.0268277725924));
#4508=CARTESIAN_POINT('',(6.69999999999979,-6.2345972347035,11.6165475561811));
#4509=CARTESIAN_POINT('',(-16.5330951123623,-6.2345972347035,11.616547556181));
#4510=CARTESIAN_POINT('',(-16.5330951123622,-6.2345972347035,-11.6165475561811));
#4511=CARTESIAN_POINT('',(6.6999999999999,-6.2345972347035,-11.616547556181));
#4512=CARTESIAN_POINT('',(29.933095112362,-6.2345972347035,-11.6165475561809));
#4513=CARTESIAN_POINT('',(29.9330951123619,-6.2345972347035,11.6165475561812));
#4514=CARTESIAN_POINT('',(6.69999999999979,-6.2345972347035,11.6165475561811));
#4515=CARTESIAN_POINT('',(6.69999999999979,-6.82221893597095,11.1777620827283));
#4516=CARTESIAN_POINT('',(-15.6555241654567,-6.82221893597095,11.1777620827282));
#4517=CARTESIAN_POINT('',(-15.6555241654566,-6.82221893597095,-11.1777620827283));
#4518=CARTESIAN_POINT('',(6.6999999999999,-6.82221893597095,-11.1777620827282));
#4519=CARTESIAN_POINT('',(29.0555241654564,-6.82221893597095,-11.1777620827281));
#4520=CARTESIAN_POINT('',(29.0555241654563,-6.82221893597095,11.1777620827284));
#4521=CARTESIAN_POINT('',(6.69999999999979,-6.82221893597095,11.1777620827283));
#4522=CARTESIAN_POINT('',(6.69999999999984,-14.4222464174318,3.13950037708109E-14));
#4523=CARTESIAN_POINT('',(6.69999999999984,-14.4222464174318,1.30000000000003));
#4524=CARTESIAN_POINT('',(6.69999999999984,-12.4999999999999,3.13950037708109E-14));
#4525=CARTESIAN_POINT('',(6.69999999999982,-12.4999999999999,5.04984193569708));
#4526=CARTESIAN_POINT('',(6.69999999999982,-12.4999999999999,5.04984193569707));
#4527=CARTESIAN_POINT('',(-3.39968387139426,-12.4999999999999,5.04984193569702));
#4528=CARTESIAN_POINT('',(-3.39968387139421,-12.4999999999999,-5.04984193569706));
#4529=CARTESIAN_POINT('',(6.69999999999987,-12.4999999999999,-5.04984193569701));
#4530=CARTESIAN_POINT('',(16.7996838713939,-12.4999999999999,-5.04984193569696));
#4531=CARTESIAN_POINT('',(16.7996838713939,-12.4999999999999,5.04984193569712));
#4532=CARTESIAN_POINT('',(6.69999999999982,-12.4999999999999,5.04984193569707));
#4533=CARTESIAN_POINT('',(6.69999999999983,-13.2543591959879,3.86033981907472));
#4534=CARTESIAN_POINT('',(-1.02067963814955,-13.2543591959879,3.86033981907468));
#4535=CARTESIAN_POINT('',(-1.02067963814951,-13.2543591959879,-3.8603398190747));
#4536=CARTESIAN_POINT('',(6.69999999999986,-13.2543591959879,-3.86033981907466));
#4537=CARTESIAN_POINT('',(14.4206796381492,-13.2543591959879,-3.86033981907462));
#4538=CARTESIAN_POINT('',(14.4206796381492,-13.2543591959879,3.86033981907476));
#4539=CARTESIAN_POINT('',(6.69999999999983,-13.2543591959879,3.86033981907472));
#4540=CARTESIAN_POINT('',(6.69999999999983,-13.8968991685555,2.60689837023343));
#4541=CARTESIAN_POINT('',(1.48620325953304,-13.8968991685555,2.6068983702334));
#4542=CARTESIAN_POINT('',(1.48620325953306,-13.8968991685555,-2.60689837023339));
#4543=CARTESIAN_POINT('',(6.69999999999986,-13.8968991685555,-2.60689837023337));
#4544=CARTESIAN_POINT('',(11.9137967404667,-13.8968991685555,-2.60689837023334));
#4545=CARTESIAN_POINT('',(11.9137967404666,-13.8968991685555,2.60689837023345));
#4546=CARTESIAN_POINT('',(6.69999999999983,-13.8968991685555,2.60689837023343));
#4547=CARTESIAN_POINT('',(6.69999999999984,-14.4222464174318,1.30000000000003));
#4548=CARTESIAN_POINT('',(4.09999999999983,-14.4222464174318,1.30000000000002));
#4549=CARTESIAN_POINT('',(4.09999999999985,-14.4222464174318,-1.29999999999998));
#4550=CARTESIAN_POINT('',(6.69999999999985,-14.4222464174318,-1.29999999999997));
#4551=CARTESIAN_POINT('',(9.29999999999986,-14.4222464174318,-1.29999999999996));
#4552=CARTESIAN_POINT('',(9.29999999999984,-14.4222464174318,1.30000000000005));
#4553=CARTESIAN_POINT('',(6.69999999999984,-14.4222464174318,1.30000000000003));
#4554=CARTESIAN_POINT('',(6.69999999999984,1.10000000000013,3.13950037708109E-14));
#4555=CARTESIAN_POINT('',(6.69999999999976,1.10000000000013,17.));
#4556=CARTESIAN_POINT('',(6.69999999999984,-16.4380014260828,3.13950037708109E-14));
#4557=CARTESIAN_POINT('',(6.69999999999984,-16.4380014260828,1.30000000000003));
#4558=CARTESIAN_POINT('',(6.69999999999984,-16.4380014260828,1.30000000000004));
#4559=CARTESIAN_POINT('',(4.09999999999982,-16.4380014260828,1.30000000000003));
#4560=CARTESIAN_POINT('',(4.09999999999984,-16.4380014260828,-1.29999999999999));
#4561=CARTESIAN_POINT('',(6.69999999999985,-16.4380014260828,-1.29999999999998));
#4562=CARTESIAN_POINT('',(9.29999999999987,-16.4380014260828,-1.29999999999996));
#4563=CARTESIAN_POINT('',(9.29999999999985,-16.4380014260828,1.30000000000005));
#4564=CARTESIAN_POINT('',(6.69999999999984,-16.4380014260828,1.30000000000004));
#4565=CARTESIAN_POINT('',(6.6999999999998,-13.3917741292955,9.19738511341562));
#4566=CARTESIAN_POINT('',(-11.6947702268314,-13.3917741292955,9.19738511341554));
#4567=CARTESIAN_POINT('',(-11.6947702268313,-13.3917741292955,-9.19738511341565));
#4568=CARTESIAN_POINT('',(6.69999999999989,-13.3917741292955,-9.19738511341556));
#4569=CARTESIAN_POINT('',(25.0947702268311,-13.3917741292955,-9.19738511341547));
#4570=CARTESIAN_POINT('',(25.094770226831,-13.3917741292955,9.19738511341571));
#4571=CARTESIAN_POINT('',(6.6999999999998,-13.3917741292955,9.19738511341562));
#4572=CARTESIAN_POINT('',(6.69999999999978,-7.08510834612813,14.8431055344706));
#4573=CARTESIAN_POINT('',(-22.9862110689413,-7.08510834612813,14.8431055344704));
#4574=CARTESIAN_POINT('',(-22.9862110689411,-7.08510834612813,-14.8431055344706));
#4575=CARTESIAN_POINT('',(6.69999999999991,-7.08510834612813,-14.8431055344705));
#4576=CARTESIAN_POINT('',(36.386211068941,-7.08510834612813,-14.8431055344704));
#4577=CARTESIAN_POINT('',(36.3862110689408,-7.08510834612813,14.8431055344707));
#4578=CARTESIAN_POINT('',(6.69999999999978,-7.08510834612813,14.8431055344706));
#4579=CARTESIAN_POINT('',(6.69999999999976,1.10000000000014,17.));
#4580=CARTESIAN_POINT('',(-27.3000000000002,1.10000000000014,16.9999999999999));
#4581=CARTESIAN_POINT('',(-27.3000000000001,1.10000000000014,-17.0000000000001));
#4582=CARTESIAN_POINT('',(6.69999999999992,1.10000000000014,-17.));
#4583=CARTESIAN_POINT('',(40.6999999999999,1.10000000000014,-16.9999999999998));
#4584=CARTESIAN_POINT('',(40.6999999999997,1.10000000000014,17.0000000000002));
#4585=CARTESIAN_POINT('',(6.69999999999976,1.10000000000014,17.));
#4586=CARTESIAN_POINT('',(6.69999999999984,-11.4999999999999,3.13950037708109E-14));
#4587=CARTESIAN_POINT('',(6.69999999999981,-11.4999999999999,6.50096024900561));
#4588=CARTESIAN_POINT('',(6.69999999999984,-8.29999999999995,3.13950037708109E-14));
#4589=CARTESIAN_POINT('',(6.6999999999998,-8.29999999999995,9.9761271230234));
#4590=CARTESIAN_POINT('',(6.6999999999998,-8.29999999999995,9.9761271230234));
#4591=CARTESIAN_POINT('',(-13.2522542460469,-8.29999999999995,9.97612712302331));
#4592=CARTESIAN_POINT('',(-13.2522542460468,-8.29999999999995,-9.97612712302343));
#4593=CARTESIAN_POINT('',(6.69999999999989,-8.29999999999995,-9.97612712302334));
#4594=CARTESIAN_POINT('',(26.6522542460466,-8.29999999999995,-9.97612712302324));
#4595=CARTESIAN_POINT('',(26.6522542460465,-8.29999999999995,9.9761271230235));
#4596=CARTESIAN_POINT('',(6.6999999999998,-8.29999999999995,9.9761271230234));
#4597=CARTESIAN_POINT('',(6.6999999999998,-9.48384411676561,8.92940251153341));
#4598=CARTESIAN_POINT('',(-11.158805023067,-9.48384411676561,8.92940251153333));
#4599=CARTESIAN_POINT('',(-11.1588050230669,-9.48384411676561,-8.92940251153343));
#4600=CARTESIAN_POINT('',(6.69999999999989,-9.48384411676561,-8.92940251153335));
#4601=CARTESIAN_POINT('',(24.5588050230666,-9.48384411676561,-8.92940251153326));
#4602=CARTESIAN_POINT('',(24.5588050230666,-9.48384411676561,8.92940251153349));
#4603=CARTESIAN_POINT('',(6.6999999999998,-9.48384411676561,8.92940251153341));
#4604=CARTESIAN_POINT('',(6.69999999999981,-10.5542631225819,7.76693855205473));
#4605=CARTESIAN_POINT('',(-8.83387710410959,-10.5542631225819,7.76693855205465));
#4606=CARTESIAN_POINT('',(-8.83387710410951,-10.5542631225819,-7.76693855205474));
#4607=CARTESIAN_POINT('',(6.69999999999988,-10.5542631225819,-7.76693855205466));
#4608=CARTESIAN_POINT('',(22.2338771041093,-10.5542631225819,-7.76693855205459));
#4609=CARTESIAN_POINT('',(22.2338771041092,-10.5542631225819,7.7669385520548));
#4610=CARTESIAN_POINT('',(6.69999999999981,-10.5542631225819,7.76693855205473));
#4611=CARTESIAN_POINT('',(6.69999999999981,-11.4999999999999,6.50096024900561));
#4612=CARTESIAN_POINT('',(-6.30192049801135,-11.4999999999999,6.50096024900555));
#4613=CARTESIAN_POINT('',(-6.30192049801129,-11.4999999999999,-6.50096024900561));
#4614=CARTESIAN_POINT('',(6.69999999999988,-11.4999999999999,-6.50096024900555));
#4615=CARTESIAN_POINT('',(19.701920498011,-11.4999999999999,-6.50096024900549));
#4616=CARTESIAN_POINT('',(19.701920498011,-11.4999999999999,6.50096024900567));
#4617=CARTESIAN_POINT('',(6.69999999999981,-11.4999999999999,6.50096024900561));
#4618=CARTESIAN_POINT('',(6.69999999999984,-12.5,3.13950037708109E-14));
#4619=CARTESIAN_POINT('',(11.7084949118347,-12.5,5.4863916702624E-14));
#4620=CARTESIAN_POINT('',(11.3222324457713,-12.4999999999999,4.22244817607036E-14));
#4621=CARTESIAN_POINT('',(6.69999999999984,18.1000000000001,3.13950037708109E-14));
#4622=CARTESIAN_POINT('',(6.69999999999975,18.1000000000001,19.5));
#4623=CARTESIAN_POINT('',(6.69999999999976,1.10000000000013,17.));
#4624=CARTESIAN_POINT('',(-27.3000000000002,1.10000000000013,16.9999999999999));
#4625=CARTESIAN_POINT('',(-27.3000000000001,1.10000000000013,-17.0000000000001));
#4626=CARTESIAN_POINT('',(6.69999999999992,1.10000000000013,-17.));
#4627=CARTESIAN_POINT('',(40.6999999999999,1.10000000000013,-16.9999999999998));
#4628=CARTESIAN_POINT('',(40.6999999999998,1.10000000000013,17.0000000000002));
#4629=CARTESIAN_POINT('',(6.69999999999976,1.10000000000013,17.));
#4630=CARTESIAN_POINT('',(6.69999999999976,6.6616265435618,18.4655690558848));
#4631=CARTESIAN_POINT('',(-30.2311381117698,6.6616265435618,18.4655690558847));
#4632=CARTESIAN_POINT('',(-30.2311381117697,6.6616265435618,-18.4655690558849));
#4633=CARTESIAN_POINT('',(6.69999999999993,6.6616265435618,-18.4655690558848));
#4634=CARTESIAN_POINT('',(43.6311381117695,6.6616265435618,-18.4655690558846));
#4635=CARTESIAN_POINT('',(43.6311381117693,6.6616265435618,18.465569055885));
#4636=CARTESIAN_POINT('',(6.69999999999976,6.6616265435618,18.4655690558848));
#4637=CARTESIAN_POINT('',(6.69999999999975,12.3519110078163,19.3023755947458));
#4638=CARTESIAN_POINT('',(-31.9047511894917,12.3519110078163,19.3023755947456));
#4639=CARTESIAN_POINT('',(-31.9047511894915,12.3519110078163,-19.3023755947459));
#4640=CARTESIAN_POINT('',(6.69999999999994,12.3519110078163,-19.3023755947457));
#4641=CARTESIAN_POINT('',(45.3047511894914,12.3519110078163,-19.3023755947455));
#4642=CARTESIAN_POINT('',(45.3047511894912,12.3519110078163,19.3023755947459));
#4643=CARTESIAN_POINT('',(6.69999999999975,12.3519110078163,19.3023755947458));
#4644=CARTESIAN_POINT('',(6.69999999999975,18.1000000000001,19.5));
#4645=CARTESIAN_POINT('',(-32.3000000000002,18.1000000000001,19.4999999999998));
#4646=CARTESIAN_POINT('',(-32.3,18.1000000000001,-19.5000000000001));
#4647=CARTESIAN_POINT('',(6.69999999999994,18.1000000000001,-19.4999999999999));
#4648=CARTESIAN_POINT('',(45.6999999999999,18.1000000000001,-19.4999999999998));
#4649=CARTESIAN_POINT('',(45.6999999999997,18.1000000000001,19.5000000000002));
#4650=CARTESIAN_POINT('',(6.69999999999975,18.1000000000001,19.5));
#4651=CARTESIAN_POINT('',(6.69999999999984,18.1000000000001,3.13950037708109E-14));
#4652=CARTESIAN_POINT('',(6.69999999999984,18.5361982863869,3.13950037708109E-14));
#4653=CARTESIAN_POINT('',(6.69999999999976,18.5361982863869,17.5149968845363));
#4654=CARTESIAN_POINT('',(6.69999999999984,18.6082425601573,3.13950037708109E-14));
#4655=CARTESIAN_POINT('',(6.69999999999982,-50.,3.13950037708108E-14));
#4656=CARTESIAN_POINT('',(6.69999999999997,18.5361982863869,-1.80446152945275E-14));
#4657=CARTESIAN_POINT('',(24.3147014604424,18.5361982863869,6.55733201789657E-14));
#4658=CARTESIAN_POINT('',(6.69999999999997,18.5361982863869,-1.80446152945275E-14));
#4659=CARTESIAN_POINT('',(6.69999999999993,18.5361982863869,-1.80446152945277E-14));
#4660=CARTESIAN_POINT('',(6.69999999999985,-4.01465887803524,3.13950037708109E-14));
#4661=CARTESIAN_POINT('',(19.7064280515745,-4.01465887803525,9.23408034311059E-14));
#4662=CARTESIAN_POINT('',(6.69999999999985,-4.01465887803524,3.13950037708109E-14));
#4663=CARTESIAN_POINT('',(6.69999999999985,-3.78173475703822,3.13950037708109E-14));
#4664=CARTESIAN_POINT('',(6.69999999999984,-7.32398445336754,3.13950037708109E-14));
#4665=CARTESIAN_POINT('',(17.5390950420162,-7.32398445336754,8.21850679075706E-14));
#4666=CARTESIAN_POINT('',(6.69999999999985,-4.99999999999995,3.13950037708109E-14));
#4667=CARTESIAN_POINT('',(6.69999999999984,-7.32398445336754,3.13950037708109E-14));
#4668=CARTESIAN_POINT('',(6.69999999999984,-11.4999999999999,3.13950037708109E-14));
#4669=CARTESIAN_POINT('',(16.2172506853346,14.2126213208004,-9.82827024601516));
#4670=CARTESIAN_POINT('',(13.9595514018488,15.3308150845042,-9.82827024601516));
#4671=CARTESIAN_POINT('',(11.7366877946584,16.4317554273149,-9.82827024601516));
#4672=CARTESIAN_POINT('',(13.9595514018488,15.3308150845042,-15.2823114336302));
#4673=CARTESIAN_POINT('',(11.7366877946584,16.4317554273149,-8.8030256382647));
#4674=CARTESIAN_POINT('',(20.6978135760107,11.9934872142859,-18.8720062929487));
#4675=CARTESIAN_POINT('',(21.4739300645996,30.5027896325821,-4.9747553922495));
#4676=CARTESIAN_POINT('',(21.4739300645996,30.5027896325821,-5.99999999999997));
#4677=CARTESIAN_POINT('',(28.2121922387615,27.1654617623638,-5.99999999999997));
#4678=CARTESIAN_POINT('',(19.2510664574092,31.6037299753928,-5.99999999999997));
#4679=CARTESIAN_POINT('',(19.2510664574092,31.6037299753928,-4.9747553922495));
#4680=CARTESIAN_POINT('',(19.2450241890082,31.6067225913245,-5.99997669348631));
#4681=CARTESIAN_POINT('',(19.2450241890082,31.6067225913245,-5.99999999999998));
#4682=CARTESIAN_POINT('',(28.2121922387615,27.1654617623638,-5.99999999999998));
#4683=CARTESIAN_POINT('',(18.7473273169902,32.8397819529662,-20.));
#4684=CARTESIAN_POINT('',(18.7473273169902,32.8397819529662,-3.74961247961564));
#4685=CARTESIAN_POINT('',(18.7473273169902,32.8397819529662,-4.7748570873661));
#4686=CARTESIAN_POINT('',(10.742691803076,16.6779498528934,-8.85289325554833));
#4687=CARTESIAN_POINT('',(10.3967483952203,15.9794696704826,-9.02913734897737));
#4688=CARTESIAN_POINT('',(10.3967483952203,15.9794696704826,-16.9497464937397));
#4689=CARTESIAN_POINT('',(9.56054813620112,14.2911319360769,-20.));
#4690=CARTESIAN_POINT('',(9.56054813620112,14.2911319360769,-8.42990275682298));
#4691=CARTESIAN_POINT('',(19.1206722963366,33.5935875273877,-3.55940840019975));
#4692=CARTESIAN_POINT('',(17.0234734153653,29.35921906229,-20.));
#4693=CARTESIAN_POINT('',(23.0288508929649,33.3959551316633,-3.40987144857935));
#4694=CARTESIAN_POINT('',(19.6434398951255,33.3959551316633,-3.74961247961564));
#4695=CARTESIAN_POINT('',(22.4115774608743,33.3959551316633,-3.47181757931019));
#4696=CARTESIAN_POINT('',(22.4115774608743,33.3959551316633,-20.));
#4697=CARTESIAN_POINT('',(19.6434398951255,33.3959551316633,-20.));
#4698=CARTESIAN_POINT('',(25.138720100015,33.3959551316633,-20.));
#4699=CARTESIAN_POINT('',(22.2721592292876,29.8613304155548,-5.02462300953314));
#4700=CARTESIAN_POINT('',(14.4118371586811,13.990875685066,-9.02913734897737));
#4701=CARTESIAN_POINT('',(22.8138694640377,30.9550753894144,-4.74864368153683));
#4702=CARTESIAN_POINT('',(22.8138694640377,30.9550753894144,-8.67521801822023));
#4703=CARTESIAN_POINT('',(23.3076900390095,31.9521283103604,-20.));
#4704=CARTESIAN_POINT('',(23.3076900390095,31.9521283103604,-3.47181757931019));
#4705=CARTESIAN_POINT('',(13.9433327057685,13.0449375104985,-8.24257670136614));
#4706=CARTESIAN_POINT('',(14.1209108582204,13.4034782934711,-8.15210785651752));
#4707=CARTESIAN_POINT('',(14.1209108582204,13.4034782934711,-20.));
#4708=CARTESIAN_POINT('',(14.4118371586811,13.990875685066,-8.8030256382647));
#4709=CARTESIAN_POINT('',(23.3815687164854,32.1012937257083,-20.));
#4710=CARTESIAN_POINT('',(10.0431112757459,12.847305114774,-8.47140427989974));
#4711=CARTESIAN_POINT('',(13.2247982800852,12.847305114774,-8.15210785651752));
#4712=CARTESIAN_POINT('',(10.4566607143363,12.847305114774,-8.42990275682297));
#4713=CARTESIAN_POINT('',(10.4566607143363,12.847305114774,-20.));
#4714=CARTESIAN_POINT('',(13.2247982800852,12.847305114774,-20.));
#4715=CARTESIAN_POINT('',(9.96138050944682,12.847305114774,-20.));
#4716=CARTESIAN_POINT('',(13.9595514018488,15.3308150845042,-9.82827024601516));
#4717=CARTESIAN_POINT('',(19.2510664574092,31.6037299753928,-5.99999999999997));
#4718=CARTESIAN_POINT('',(16.2172506853346,14.2126213208004,-9.82827024601516));
#4719=CARTESIAN_POINT('',(9.74156187045644,12.4034782934711,-7.76897192002415));
#4720=CARTESIAN_POINT('',(19.5455564816782,32.1983227359388,-2.77423548914881));
#4721=CARTESIAN_POINT('',(10.3587773008891,13.6496727190496,-7.45452576635614));
#4722=CARTESIAN_POINT('',(12.7133654280476,13.6496727190496,-7.21823238912746));
#4723=CARTESIAN_POINT('',(13.126914866638,13.6496727190496,-7.17673086605069));
#4724=CARTESIAN_POINT('',(23.1266763047542,33.8397819529662,-2.08225920060809));
#4725=CARTESIAN_POINT('',(22.3136940474271,32.1983227359388,-2.49644058884336));
#4726=CARTESIAN_POINT('',(20.1628299137689,32.1983227359388,-2.71228935841797));
#4727=CARTESIAN_POINT('',(25.5076167955036,32.9704194691056,-2.01947281892236));
#4728=CARTESIAN_POINT('',(21.9177568859025,31.3989022107173,-4.74864368153683));
#4729=CARTESIAN_POINT('',(13.5157245805459,14.4347025063689,-9.02913734897737));
#4730=CARTESIAN_POINT('',(13.8616679884016,15.1331826887797,-8.85289325554833));
#4731=CARTESIAN_POINT('',(13.2247982800852,13.847305114774,-8.15210785651752));
#4732=CARTESIAN_POINT('',(22.4115774608743,32.3959551316633,-3.47181757931019));
#4733=CARTESIAN_POINT('',(23.3478009254651,34.2862456285339,-2.9948498093892));
#4734=CARTESIAN_POINT('',(10.4566607143363,13.847305114774,-8.42990275682298));
#4735=CARTESIAN_POINT('',(19.6434398951255,32.3959551316633,-3.74961247961564));
#4736=CARTESIAN_POINT('',(21.1249373182747,35.3871859713446,-2.9948498093892));
#4737=CARTESIAN_POINT('',(11.2928609733555,15.5356428491797,-9.02913734897737));
#4738=CARTESIAN_POINT('',(18.7473273169902,32.8397819529662,-4.7748570873661));
#4739=CARTESIAN_POINT('',(18.7473273169902,32.8397819529662,-4.79698533169162));
#4740=CARTESIAN_POINT('',(18.7452077208914,32.8339050442057,-4.81912691623599));
#4741=CARTESIAN_POINT('',(18.7425055503575,32.8259918968058,-4.83961446293059));
#4742=CARTESIAN_POINT('',(18.7339985844363,32.8010797476958,-4.90411330168094));
#4743=CARTESIAN_POINT('',(18.7216569098525,32.760195721321,-4.96106803730806));
#4744=CARTESIAN_POINT('',(18.712707505716,32.7199615345956,-5.01723032204395));
#4745=CARTESIAN_POINT('',(18.6810968663347,32.5778483449381,-5.21560394586671));
#4746=CARTESIAN_POINT('',(18.6774334159968,32.4084909424648,-5.40552605962857));
#4747=CARTESIAN_POINT('',(18.7249897258514,32.2364305442483,-5.57488101994536));
#4748=CARTESIAN_POINT('',(18.7470793839696,32.1565093858592,-5.6535455165277));
#4749=CARTESIAN_POINT('',(18.7805219941953,32.074146627834,-5.7283654934163));
#4750=CARTESIAN_POINT('',(18.8284198139049,31.993268533728,-5.79338841504737));
#4751=CARTESIAN_POINT('',(18.8767644376016,31.9116359865982,-5.85901788830886));
#4752=CARTESIAN_POINT('',(18.9419113525175,31.8290267509661,-5.91632225836198));
#4753=CARTESIAN_POINT('',(19.0234706404552,31.7563306728822,-5.95335826697748));
#4754=CARTESIAN_POINT('',(19.0756846969298,31.7097908216582,-5.97706862902627));
#4755=CARTESIAN_POINT('',(19.1359081842904,31.6663653137112,-5.99283567313814));
#4756=CARTESIAN_POINT('',(19.2001850104417,31.630364229788,-5.9980181715922));
#4757=CARTESIAN_POINT('',(19.2149015017272,31.622121606909,-5.99920472976414));
#4758=CARTESIAN_POINT('',(19.2298719294595,31.6142272055383,-5.99985980018238));
#4759=CARTESIAN_POINT('',(19.2450241890082,31.6067225913245,-5.99997669348631));
#4760=CARTESIAN_POINT('',(11.6388043812112,16.2341230315905,-8.85289325554833));
#4761=CARTESIAN_POINT('',(18.7473273169902,32.8397819529662,-20.));
#4762=CARTESIAN_POINT('',(19.6434398951255,32.3959551316633,-3.74961247961564));
#4763=CARTESIAN_POINT('',(19.6434398951255,32.3959551316633,-20.));
#4764=CARTESIAN_POINT('',(19.6434398951255,32.3959551316633,-3.74961247961564));
#4765=CARTESIAN_POINT('',(19.6434398951255,32.3959551316633,-3.74961247961564));
#4766=CARTESIAN_POINT('',(22.4115774608743,32.3959551316633,-3.47181757931019));
#4767=CARTESIAN_POINT('',(25.6210434662167,32.3959551316633,-3.14973340978785));
#4768=CARTESIAN_POINT('',(22.4115774608743,32.3959551316633,-3.47181757931019));
#4769=CARTESIAN_POINT('',(22.4115774608743,32.3959551316633,-3.47181757931019));
#4770=CARTESIAN_POINT('',(22.4115774608743,32.3959551316633,-20.));
#4771=CARTESIAN_POINT('',(13.5157245805459,14.4347025063689,-18.8720062929487));
#4772=CARTESIAN_POINT('',(11.2928609733555,15.5356428491797,-18.8720062929487));
#4773=CARTESIAN_POINT('',(13.2247982800852,13.847305114774,-8.15210785651753));
#4774=CARTESIAN_POINT('',(13.2247982800852,13.847305114774,-20.));
#4775=CARTESIAN_POINT('',(13.2247982800852,13.847305114774,-8.15210785651752));
#4776=CARTESIAN_POINT('',(13.2247982800852,13.847305114774,-8.15210785651752));
#4777=CARTESIAN_POINT('',(10.4566607143363,13.847305114774,-8.42990275682297));
#4778=CARTESIAN_POINT('',(25.9944506142617,13.847305114774,-6.87061652422236));
#4779=CARTESIAN_POINT('',(10.4566607143363,13.847305114774,-8.42990275682297));
#4780=CARTESIAN_POINT('',(10.4566607143363,13.847305114774,-8.42990275682297));
#4781=CARTESIAN_POINT('',(10.4566607143363,13.847305114774,-20.));
#4782=CARTESIAN_POINT('',(21.9177568859025,31.3989022107173,-5.99999999999998));
#4783=CARTESIAN_POINT('',(19.6888510103111,32.5028351694597,-20.));
#4784=CARTESIAN_POINT('',(-5.12409895513275,32.139226511542,-5.02831891083512));
#4785=CARTESIAN_POINT('',(2.7261776079397,16.6649439963652,-9.24794530520909));
#4786=CARTESIAN_POINT('',(-5.62853757205265,33.1335641768546,-4.75717655232136));
#4787=CARTESIAN_POINT('',(-5.62853757205265,33.1335641768546,-21.));
#4788=CARTESIAN_POINT('',(-5.62853757205265,33.1335641768546,-3.72803230823665));
#4789=CARTESIAN_POINT('',(4.20605711938089,13.7478399345562,-9.01425566667862));
#4790=CARTESIAN_POINT('',(3.5761327364203,14.9895322223137,-8.67566306660341));
#4791=CARTESIAN_POINT('',(3.5761327364203,14.9895322223137,-21.));
#4792=CARTESIAN_POINT('',(2.7261776079397,16.6649439963652,-9.004762503324));
#4793=CARTESIAN_POINT('',(2.2737555042373,17.5567479210491,-21.));
#4794=CARTESIAN_POINT('',(-9.65999785138432,31.2244012136931,-4.97085575591529));
#4795=CARTESIAN_POINT('',(-9.65999785138432,31.2244012136931,-4.7276729540302));
#4796=CARTESIAN_POINT('',(-1.59591010402844,15.3286590666266,-9.06222565824382));
#4797=CARTESIAN_POINT('',(-1.25039359246774,14.6475849578876,-9.24794530520909));
#4798=CARTESIAN_POINT('',(-1.25039359246774,14.6475849578876,-15.2015054625179));
#4799=CARTESIAN_POINT('',(-0.964829678628301,14.0846880149089,-21.));
#4800=CARTESIAN_POINT('',(-0.964829678628303,14.0846880149089,-8.37229540217547));
#4801=CARTESIAN_POINT('',(-11.0132355543453,33.8918718890971,-2.97114573389385));
#4802=CARTESIAN_POINT('',(-10.1694999871013,32.2287199694498,-3.42466464380871));
#4803=CARTESIAN_POINT('',(-10.1694999871013,32.2287199694498,-21.));
#4804=CARTESIAN_POINT('',(-9.20757574768192,30.3325972890093,-21.));
#4805=CARTESIAN_POINT('',(-3.07706804386572,14.8422152988347,-10.0339067474087));
#4806=CARTESIAN_POINT('',(-0.811011771486303,15.9918109862739,-10.0339067474087));
#4807=CARTESIAN_POINT('',(1.38195157955347,17.1043258173467,-10.0339067474087));
#4808=CARTESIAN_POINT('',(-8.31577182299809,30.7850193927117,-6.));
#4809=CARTESIAN_POINT('',(-8.31577182299808,30.7850193927117,-6.));
#4810=CARTESIAN_POINT('',(-6.12280847195828,31.8975342237845,-6.));
#4811=CARTESIAN_POINT('',(-6.12280847195828,31.8975342237845,-6.));
#4812=CARTESIAN_POINT('',(1.38195157955347,17.1043258173467,-10.0339067474087));
#4813=CARTESIAN_POINT('',(-10.5818280953775,29.6354237052725,-6.));
#4814=CARTESIAN_POINT('',(1.38195157955347,17.1043258173467,-16.909700201178));
#4815=CARTESIAN_POINT('',(-0.811011771486303,15.9918109862739,-9.004762503324));
#4816=CARTESIAN_POINT('',(-7.5360876672849,12.5801047803226,-6.));
#4817=CARTESIAN_POINT('',(-7.16310134358659,33.6811420731522,-3.65731505048753));
#4818=CARTESIAN_POINT('',(-9.27769606241747,33.6811420731522,-3.42466464380871));
#4819=CARTESIAN_POINT('',(-6.52034149673649,33.6811420731522,-3.72803230823665));
#4820=CARTESIAN_POINT('',(-6.52034149673649,33.6811420731522,-20.));
#4821=CARTESIAN_POINT('',(-9.27769606241747,33.6811420731522,-20.));
#4822=CARTESIAN_POINT('',(-7.02765267936309,33.6811420731522,-20.));
#4823=CARTESIAN_POINT('',(-8.31577182299809,30.7850193927117,-8.25201645149966));
#4824=CARTESIAN_POINT('',(-6.11622081992632,31.9008762133276,-17.5));
#4825=CARTESIAN_POINT('',(-6.11622081992632,31.9008762133276,-5.99997192144707));
#4826=CARTESIAN_POINT('',(-6.12280847195828,31.8975342237845,-4.97085575591529));
#4827=CARTESIAN_POINT('',(-15.0408477187967,27.3733131867605,-17.5));
#4828=CARTESIAN_POINT('',(0.345986957186852,13.5371101186113,-8.41839571481703));
#4829=CARTESIAN_POINT('',(2.68432881173647,13.5371101186113,-8.67566306660341));
#4830=CARTESIAN_POINT('',(-0.0730257539444706,13.5371101186113,-8.37229540217547));
#4831=CARTESIAN_POINT('',(-0.0730257539444709,13.5371101186113,-20.));
#4832=CARTESIAN_POINT('',(2.68432881173646,13.5371101186113,-20.));
#4833=CARTESIAN_POINT('',(-1.8083600056369,13.5371101186113,-20.));
#4834=CARTESIAN_POINT('',(0.204766636206453,13.9895322223137,-7.49246820344824));
#4835=CARTESIAN_POINT('',(-9.17079047027577,32.4704122572072,-2.45298355464383));
#4836=CARTESIAN_POINT('',(0.0338798381972326,14.3263803026664,-7.40061431301059));
#4837=CARTESIAN_POINT('',(3.21024711500949,14.3263803026664,-7.75008229008009));
#4838=CARTESIAN_POINT('',(2.79123440387817,14.3263803026664,-7.70398197743852));
#4839=CARTESIAN_POINT('',(-6.79813388688741,33.2287199694498,-2.54957101879446));
#4840=CARTESIAN_POINT('',(-6.41343590459478,32.4704122572072,-2.75635121907177));
#4841=CARTESIAN_POINT('',(-9.81355031712587,32.4704122572072,-2.38226629689471));
#4842=CARTESIAN_POINT('',(-1.26737962905611,11.2749996000993,-7.91920522269496));
#4843=CARTESIAN_POINT('',(-0.0730257539444685,14.5371101186113,-8.37229540217547));
#4844=CARTESIAN_POINT('',(-9.27769606241747,32.6811420731522,-3.42466464380871));
#4845=CARTESIAN_POINT('',(0.891771051181604,12.6353251034835,-8.89088631185984));
#4846=CARTESIAN_POINT('',(-0.3585896677839,15.10000706159,-9.24794530520909));
#4847=CARTESIAN_POINT('',(-8.76819392670049,31.6768233173955,-4.7276729540302));
#4848=CARTESIAN_POINT('',(-8.20886623085639,30.5742895767668,-5.02831891083512));
#4849=CARTESIAN_POINT('',(-6.11622081992632,31.9008762133276,-5.99997192144707));
#4850=CARTESIAN_POINT('',(-6.04251807717038,31.9382664389179,-5.99934362639286));
#4851=CARTESIAN_POINT('',(-5.97268393514498,31.9858100416108,-5.98495669343864));
#4852=CARTESIAN_POINT('',(-5.91318586063058,32.0374476979204,-5.95997570878921));
#4853=CARTESIAN_POINT('',(-5.85409384888931,32.0887329372805,-5.93516521449574));
#4854=CARTESIAN_POINT('',(-5.80320094471917,32.1452894758226,-5.89963615379985));
#4855=CARTESIAN_POINT('',(-5.76139911320788,32.2024620168585,-5.85814507417132));
#4856=CARTESIAN_POINT('',(-5.69718886066328,32.2902826497305,-5.79441215613933));
#4857=CARTESIAN_POINT('',(-5.65208163955625,32.3819915831789,-5.71517835581893));
#4858=CARTESIAN_POINT('',(-5.62194921673723,32.4705450338516,-5.63063470792171));
#4859=CARTESIAN_POINT('',(-5.57476133653373,32.6092212248452,-5.49823793541848));
#4860=CARTESIAN_POINT('',(-5.56203888413487,32.7453297599607,-5.34890292006038));
#4861=CARTESIAN_POINT('',(-5.57159304038552,32.8694364427994,-5.19562886247405));
#4862=CARTESIAN_POINT('',(-5.57580078744408,32.9240942813319,-5.12812541705798));
#4863=CARTESIAN_POINT('',(-5.58451488940935,32.9770966598353,-5.05935165508211));
#4864=CARTESIAN_POINT('',(-5.59621585218811,33.0258873221405,-4.98832730479811));
#4865=CARTESIAN_POINT('',(-5.60272658814179,33.0530357820818,-4.94880741231371));
#4866=CARTESIAN_POINT('',(-5.61031849924872,33.0792704489062,-4.90857619644852));
#4867=CARTESIAN_POINT('',(-5.61734632992215,33.1009572711275,-4.86589667208625));
#4868=CARTESIAN_POINT('',(-5.62117988834129,33.1127870524318,-4.84261573981188));
#4869=CARTESIAN_POINT('',(-5.62491447036604,33.1234601006731,-4.81825355580259));
#4870=CARTESIAN_POINT('',(-5.62701079532415,33.1293237699794,-4.79260468628828));
#4871=CARTESIAN_POINT('',(-5.62795630689923,33.1319684778908,-4.78103620167923));
#4872=CARTESIAN_POINT('',(-5.62853757205265,33.1335641768546,-4.7690811022173));
#4873=CARTESIAN_POINT('',(-5.62853757205265,33.1335641768546,-4.75717655232136));
#4874=CARTESIAN_POINT('',(1.83437368325587,16.2125218926628,-9.24794530520909));
#4875=CARTESIAN_POINT('',(-6.01590287981658,31.6868044078396,-5.02831891083512));
#4876=CARTESIAN_POINT('',(2.68432881173647,14.5371101186113,-8.67566306660341));
#4877=CARTESIAN_POINT('',(-6.52034149673649,32.6811420731522,-3.72803230823665));
#4878=CARTESIAN_POINT('',(3.08473440222137,13.7478399345562,-8.89088631185984));
#4879=CARTESIAN_POINT('',(-9.27769606241747,32.6811420731522,-3.42466464380871));
#4880=CARTESIAN_POINT('',(-9.27769606241747,32.6811420731522,-20.));
#4881=CARTESIAN_POINT('',(-9.27769606241747,32.6811420731522,-3.42466464380871));
#4882=CARTESIAN_POINT('',(-9.27769606241747,32.6811420731522,-3.42466464380871));
#4883=CARTESIAN_POINT('',(-6.52034149673649,32.6811420731522,-3.72803230823665));
#4884=CARTESIAN_POINT('',(-0.874601325329393,32.6811420731522,-4.34918383915839));
#4885=CARTESIAN_POINT('',(-6.52034149673649,32.6811420731522,-3.72803230823665));
#4886=CARTESIAN_POINT('',(-6.52034149673649,32.6811420731522,-3.72803230823665));
#4887=CARTESIAN_POINT('',(-5.62853757205265,33.1335641768546,-21.));
#4888=CARTESIAN_POINT('',(-6.52034149673649,32.6811420731522,-21.));
#4889=CARTESIAN_POINT('',(1.83437368325587,16.2125218926628,-6.));
#4890=CARTESIAN_POINT('',(-0.358589667783901,15.10000706159,-6.));
#4891=CARTESIAN_POINT('',(2.68432881173647,14.5371101186113,-8.67566306660341));
#4892=CARTESIAN_POINT('',(2.68432881173647,14.5371101186113,-20.));
#4893=CARTESIAN_POINT('',(2.68432881173647,14.5371101186113,-8.67566306660341));
#4894=CARTESIAN_POINT('',(2.68432881173647,14.5371101186113,-8.67566306660341));
#4895=CARTESIAN_POINT('',(-0.0730257539444682,14.5371101186113,-8.37229540217547));
#4896=CARTESIAN_POINT('',(-1.3023486270912,14.5371101186113,-8.23704373251497));
#4897=CARTESIAN_POINT('',(-0.0730257539444683,14.5371101186113,-8.37229540217547));
#4898=CARTESIAN_POINT('',(-0.0730257539444683,14.5371101186113,-8.37229540217547));
#4899=CARTESIAN_POINT('',(-0.0730257539444685,14.5371101186113,-21.));
#4900=CARTESIAN_POINT('',(-8.76819392670049,31.6768233173955,-17.5));
#4901=CARTESIAN_POINT('',(-6.56864292362872,32.7926801380114,-21.));
#4902=CARTESIAN_POINT('',(-12.0276526793631,33.6811420731521,-12.9238445361743));
#4903=CARTESIAN_POINT('',(-11.8606447277767,33.3519398846222,-13.4438450228113));
#4904=CARTESIAN_POINT('',(-11.6550511620013,32.9466786311426,-13.9121809531305));
#4905=CARTESIAN_POINT('',(-11.1351446345192,31.9218509804092,-14.4648856330311));
#4906=CARTESIAN_POINT('',(-10.8021060014201,31.2653729753812,-14.4573976165195));
#4907=CARTESIAN_POINT('',(-10.3637649741631,30.4013253409737,-13.6284181973693));
#4908=CARTESIAN_POINT('',(-10.2697721159157,30.2160488056511,-12.9739082184325));
#4909=CARTESIAN_POINT('',(-10.1945588614905,30.0677901884534,-11.7203264653681));
#4910=CARTESIAN_POINT('',(-10.2100235094814,30.0982737427698,-11.0822598191373));
#4911=CARTESIAN_POINT('',(-10.2461161807072,30.1694187765514,-10.4611028180183));
#4912=CARTESIAN_POINT('',(-12.0276526793631,33.6811420731522,-12.9238445361743));
#4913=CARTESIAN_POINT('',(-10.2461161807072,30.1694187765514,-10.4611028180183));
#4914=CARTESIAN_POINT('',(6.69999999999984,33.6811420731522,3.13950037708109E-14));
#4915=CARTESIAN_POINT('',(-7.02765267936309,33.6811420731522,-18.1466879729837));
#4916=CARTESIAN_POINT('',(-7.0276526793631,33.6811420731522,-18.1466879729837));
#4917=CARTESIAN_POINT('',(-6.7541063552687,33.1419339234754,-18.6779023436187));
#4918=CARTESIAN_POINT('',(-6.39668449373789,32.4373922658675,-19.0390116360637));
#4919=CARTESIAN_POINT('',(-5.67643977735907,31.0176626382851,-18.8858759708744));
#4920=CARTESIAN_POINT('',(-5.3631586402836,30.4001301497375,-18.2685030741401));
#4921=CARTESIAN_POINT('',(-5.26121478741905,30.1991807988149,-17.4999999999965));
#4922=CARTESIAN_POINT('',(-5.26121478741515,30.1991807988072,-17.5));
#4923=CARTESIAN_POINT('',(-5.26121478741434,30.1991807988151,-17.5));
#4924=CARTESIAN_POINT('',(-5.67446292199509,30.2668976386947,-17.5));
#4925=CARTESIAN_POINT('',(-6.0823367877396,30.372487286198,-17.5));
#4926=CARTESIAN_POINT('',(-6.85309868964061,30.6859385635797,-17.5));
#4927=CARTESIAN_POINT('',(-7.22523903734311,30.8977445867416,-17.5));
#4928=CARTESIAN_POINT('',(-7.53485212340798,31.1811886890471,-17.5));
#4929=CARTESIAN_POINT('',(-7.53485212340794,31.1811886890472,-17.5));
#4930=CARTESIAN_POINT('',(-7.53485212340793,31.1811886890472,-17.5));
#4931=CARTESIAN_POINT('',(-8.19026013868244,30.8486928737153,-16.6714490320866));
#4932=CARTESIAN_POINT('',(-8.72855045721663,30.5756121756233,-15.7613036053588));
#4933=CARTESIAN_POINT('',(-9.32606202675661,30.2724878746469,-14.2498340603684));
#4934=CARTESIAN_POINT('',(-9.48902175658994,30.1898165813846,-13.7225072481375));
#4935=CARTESIAN_POINT('',(-9.68129477665707,30.0922743281872,-12.6399353929218));
#4936=CARTESIAN_POINT('',(-9.75495121909553,30.0549075912656,-12.0454664017858));
#4937=CARTESIAN_POINT('',(-9.52922943489816,30.1694187765514,-11.541994529916));
#4938=CARTESIAN_POINT('',(-9.52922943489816,30.1694187765514,-11.541994529916));
#4939=CARTESIAN_POINT('',(6.69999999999984,30.1694187765514,3.13950037708109E-14));
#4940=CARTESIAN_POINT('',(6.69999999999984,32.6000000000001,3.13950037708109E-14));
#4941=CARTESIAN_POINT('',(5.42231050925977,-0.715819370267417,3.13950037708109E-14));
#4942=CARTESIAN_POINT('',(-10.0993796723658,29.8801751853069,-10.6766277745754));
#4943=CARTESIAN_POINT('',(7.05239729144581,38.5814634409658,3.13684249945352E-14));
#4944=CARTESIAN_POINT('',(6.69999999999984,18.1000000000001,3.13950037708109E-14));
#4945=CARTESIAN_POINT('',(-10.8012914056862,31.263767263223,-4.));
#4946=CARTESIAN_POINT('',(-10.8180097476554,31.7378119556746,-4.));
#4947=CARTESIAN_POINT('',(-10.8347269018603,32.2118566900171,-4.));
#4948=CARTESIAN_POINT('',(-10.8514428784528,32.6859014658836,-4.));
#4949=CARTESIAN_POINT('',(-10.8012914056862,31.263767263223,-4.));
#4950=CARTESIAN_POINT('',(-10.8514428784528,32.6859014658836,-4.));
#4951=CARTESIAN_POINT('',(-11.1020091888886,33.6811420731522,-4.));
#4952=CARTESIAN_POINT('',(-11.0780033356183,33.6323084203127,-4.));
#4953=CARTESIAN_POINT('',(-11.0555955321217,33.5826560262395,-4.));
#4954=CARTESIAN_POINT('',(-11.0348655179499,33.5323442666467,-4.));
#4955=CARTESIAN_POINT('',(-10.9307356179819,33.2796209230833,-4.));
#4956=CARTESIAN_POINT('',(-10.8684126091545,33.0055682089735,-4.));
#4957=CARTESIAN_POINT('',(-10.8535400983408,32.7326379378943,-4.));
#4958=CARTESIAN_POINT('',(-10.852691581957,32.7170665384468,-4.));
#4959=CARTESIAN_POINT('',(-10.8519924370795,32.7014862804838,-4.));
#4960=CARTESIAN_POINT('',(-10.8514428784528,32.6859014658836,-4.));
#4961=CARTESIAN_POINT('',(-11.1020091888886,33.6811420731522,-4.));
#4962=CARTESIAN_POINT('',(-7.02765267936309,33.6811420731522,-4.));
#4963=CARTESIAN_POINT('',(-12.0276526793631,33.6811420731522,-4.));
#4964=CARTESIAN_POINT('',(-9.71763470058258,29.1276883786753,-4.));
#4965=CARTESIAN_POINT('',(0.,0.,-4.));
#4966=CARTESIAN_POINT('',(-7.02765267936309,33.6811420731522,-20.));
#4967=CARTESIAN_POINT('',(-7.02765267936309,33.6811420731522,-12.0192796404795));
#4968=CARTESIAN_POINT('',(-12.0276526793631,33.6811420731522,-20.));
#4969=CARTESIAN_POINT('',(6.69999999999984,33.6811420731522,3.13950037708109E-14));
#4970=CARTESIAN_POINT('',(-7.02765267936309,33.6811420731522,-20.));
#4971=CARTESIAN_POINT('',(1.38195157955346,17.1043258173467,-17.5));
#4972=CARTESIAN_POINT('',(-6.12280847195829,31.8975342237845,-17.5));
#4973=CARTESIAN_POINT('',(-15.0408477187967,27.3733131867605,-17.5));
#4974=CARTESIAN_POINT('',(-7.5360876672849,12.5801047803226,-17.5));
#4975=CARTESIAN_POINT('',(7.01750305788824,38.5637612060729,3.13710568139321E-14));
#4976=CARTESIAN_POINT('',(-10.0993796723658,29.8801751853069,-6.19437883009329));
#4977=CARTESIAN_POINT('',(-6.12280847195829,31.8975342237845,-12.5957775889797));
#4978=CARTESIAN_POINT('',(-10.0993796723658,29.8801751853069,-20.));
#4979=CARTESIAN_POINT('',(-6.12280847195829,31.8975342237845,-17.5));
#4980=CARTESIAN_POINT('',(-15.0408477187967,27.3733131867605,-17.5));
#4981=CARTESIAN_POINT('',(-6.52275598989165,32.6859014658836,-12.2152311131379));
#4982=CARTESIAN_POINT('',(-6.6801642247637,32.9961809161749,-12.0605605531641));
#4983=CARTESIAN_POINT('',(-6.85340765855,33.3376743421415,-11.9682137544931));
#4984=CARTESIAN_POINT('',(-7.02765267936309,33.6811420731522,-12.0192796404795));
#4985=CARTESIAN_POINT('',(-6.52275598989165,32.6859014658836,-12.2152311131379));
#4986=CARTESIAN_POINT('',(5.53540715140696,8.91713082915618,3.13950037708109E-14));
#4987=CARTESIAN_POINT('',(-4.76554216085108,29.222122449733,-20.));
#4988=CARTESIAN_POINT('',(5.55847752230759,-0.984228618300973,3.13950037708109E-14));
#4989=CARTESIAN_POINT('',(-9.71763470058258,29.1276883786753,-20.));
#4990=CARTESIAN_POINT('',(6.69999999999984,32.6859014658836,3.13950037708109E-14));
#4991=CARTESIAN_POINT('',(6.69999999999984,32.6000000000001,3.13950037708109E-14));
#4992=CARTESIAN_POINT('',(6.69999999999984,22.1046379011011,3.13950037708109E-14));
#4993=CARTESIAN_POINT('',(5.39924013835917,9.18554007718966,3.13950037708109E-14));
#4994=CARTESIAN_POINT('',(0.876834932440769,18.1000000000001,-18.610232362761));
#4995=CARTESIAN_POINT('',(-2.39356931205301,24.5465447569307,-17.5));
#4996=CARTESIAN_POINT('',(6.69999999999984,18.1000000000001,3.13950037708109E-14));
#4997=CARTESIAN_POINT('',(-1.90232526704265,18.1000000000001,-17.5));
#4998=CARTESIAN_POINT('',(-2.39356931205302,24.5465447569307,-17.5));
#4999=CARTESIAN_POINT('',(-2.23332354429401,22.397423719081,-17.5));
#5000=CARTESIAN_POINT('',(-2.06977456193289,20.2485599643739,-17.5));
#5001=CARTESIAN_POINT('',(-1.90232526704265,18.1000000000001,-17.5));
#5002=CARTESIAN_POINT('',(6.69999999999984,18.1000000000001,3.13950037708109E-14));
#5003=CARTESIAN_POINT('',(3.19163999436307,13.5371101186113,-18.8843636232547));
#5004=CARTESIAN_POINT('',(2.41777517384597,15.062534447936,-18.8863502141425));
#5005=CARTESIAN_POINT('',(1.64614083875576,16.5835620962821,-18.7963199844276));
#5006=CARTESIAN_POINT('',(0.87683493244077,18.1000000000001,-18.610232362761));
#5007=CARTESIAN_POINT('',(3.19163999436308,13.5371101186113,-18.8843636232547));
#5008=CARTESIAN_POINT('',(6.69999999999983,13.5371101186113,3.13950037708109E-14));
#5009=CARTESIAN_POINT('',(-1.8083600056369,13.5371101186113,-17.2202087501557));
#5010=CARTESIAN_POINT('',(-1.8083600056369,13.5371101186113,-17.2202087501557));
#5011=CARTESIAN_POINT('',(-2.07151083363082,14.0558269082383,-17.1445420086071));
#5012=CARTESIAN_POINT('',(-2.33360767525312,14.5724661044517,-17.0569505568506));
#5013=CARTESIAN_POINT('',(-2.59461962085329,15.0869667788677,-16.9570846857867));
#5014=CARTESIAN_POINT('',(-2.59461962085398,15.0869667788691,-16.9570846857945));
#5015=CARTESIAN_POINT('',(-2.59461962085398,15.0869667788691,-16.9570846857945));
#5016=CARTESIAN_POINT('',(-2.27084576414561,15.2512208770194,-17.1483456482065));
#5017=CARTESIAN_POINT('',(-1.94212524706141,15.417984471295,-17.3294204158359));
#5018=CARTESIAN_POINT('',(-1.6092872473962,15.5868369105282,-17.5));
#5019=CARTESIAN_POINT('',(-1.6092872473962,15.5868369105282,-17.5));
#5020=CARTESIAN_POINT('',(-1.60928724739627,15.5868369105282,-17.5));
#5021=CARTESIAN_POINT('',(-1.73936795939441,16.4183269605887,-17.5));
#5022=CARTESIAN_POINT('',(-1.83655868975168,17.2561419529785,-17.5));
#5023=CARTESIAN_POINT('',(-1.90232526704269,18.1000000000001,-17.5));
#5024=CARTESIAN_POINT('',(-2.56429964440558,13.5371101186113,-16.8255915641361));
#5025=CARTESIAN_POINT('',(-0.753183433105147,13.5371101186113,-17.8228060280894));
#5026=CARTESIAN_POINT('',(1.19420576227561,13.5371101186113,-18.5172510868717));
#5027=CARTESIAN_POINT('',(3.22764556875459,13.5371101186113,-18.8910172856908));
#5028=CARTESIAN_POINT('',(-2.63307586744615,15.0549590579982,-16.9505012370333));
#5029=CARTESIAN_POINT('',(-0.808514308166713,15.0549590579982,-17.9551188126113));
#5030=CARTESIAN_POINT('',(1.15333189732697,15.0549590579982,-18.654719286275));
#5031=CARTESIAN_POINT('',(3.20186753565919,15.0549590579982,-19.0312602471853));
#5032=CARTESIAN_POINT('',(-2.68011773045298,16.5763681763907,-17.0359375035348));
#5033=CARTESIAN_POINT('',(-0.846359763029199,16.5763681763907,-18.0456186919062));
#5034=CARTESIAN_POINT('',(1.12537481171702,16.5763681763907,-18.7487453888761));
#5035=CARTESIAN_POINT('',(3.18423576340057,16.5763681763907,-19.1271842437445));
#5036=CARTESIAN_POINT('',(-2.70538387883053,18.1000000000001,-17.0818252564483));
#5037=CARTESIAN_POINT('',(-0.866686527677799,18.1000000000001,-18.0942261073499));
#5038=CARTESIAN_POINT('',(1.11035908257547,18.1000000000001,-18.7992467361407));
#5039=CARTESIAN_POINT('',(3.17476575210486,18.1000000000001,-19.1787049483918));
#5040=CARTESIAN_POINT('',(-7.5360876672849,12.5801047803226,-17.5));
#5041=CARTESIAN_POINT('',(1.38195157955346,17.1043258173467,-17.5));
#5042=CARTESIAN_POINT('',(1.38195157955346,17.1043258173467,-17.5));
#5043=CARTESIAN_POINT('',(-7.5360876672849,12.5801047803226,-17.5));
#5044=CARTESIAN_POINT('',(1.38195157955335,17.1043258173466,-16.6296843363888));
#5045=CARTESIAN_POINT('',(-0.0163170165299307,16.394968522238,-16.1472831292318));
#5046=CARTESIAN_POINT('',(-1.34306290865774,15.7218954946576,-15.4855678962805));
#5047=CARTESIAN_POINT('',(-2.59461962085412,15.086966778869,-14.635346443569));
#5048=CARTESIAN_POINT('',(1.38195157955346,17.1043258173467,-16.6296843363885));
#5049=CARTESIAN_POINT('',(-2.59461962085398,15.0869667788691,-14.6353464435686));
#5050=CARTESIAN_POINT('',(1.38195157955346,17.1043258173467,-6.));
#5051=CARTESIAN_POINT('',(-2.59461962085398,15.0869667788691,-20.));
#5052=CARTESIAN_POINT('',(-7.5360876672849,12.5801047803226,-6.));
#5053=CARTESIAN_POINT('',(1.38195157955346,17.1043258173467,-16.6296843363885));
#5054=CARTESIAN_POINT('',(1.98332040385771,15.9189215824338,-16.7630991454623));
#5055=CARTESIAN_POINT('',(2.58657221161499,14.7298056543481,-16.8344834165904));
#5056=CARTESIAN_POINT('',(3.19163999436307,13.5371101186113,-16.8460445886924));
#5057=CARTESIAN_POINT('',(3.19163999436308,13.5371101186113,-16.8460445886923));
#5058=CARTESIAN_POINT('',(3.19163999436308,13.5371101186113,-20.));
#5059=CARTESIAN_POINT('',(-4.76554216085108,29.222122449733,-20.));
#5060=CARTESIAN_POINT('',(6.69999999999983,13.5371101186113,3.13950037708109E-14));
#5061=CARTESIAN_POINT('',(-1.8083600056369,13.5371101186113,-14.9567917090479));
#5062=CARTESIAN_POINT('',(-1.8083600056369,13.5371101186113,-20.));
#5063=CARTESIAN_POINT('',(-1.8083600056369,13.5371101186113,-20.));
#5064=CARTESIAN_POINT('',(-1.8083600056369,13.5371101186113,-14.9567917090479));
#5065=CARTESIAN_POINT('',(-2.07187296402861,14.056540731253,-14.8630293086668));
#5066=CARTESIAN_POINT('',(-2.33397860864846,14.5731972797304,-14.7560601862017));
#5067=CARTESIAN_POINT('',(-2.59461962085398,15.0869667788691,-14.6353464435686));
#5068=CARTESIAN_POINT('',(-9.71763470058258,29.1276883786753,-20.));
#5069=CARTESIAN_POINT('',(-2.69241730269337,17.1257604547858,-14.7188945077967));
#5070=CARTESIAN_POINT('',(-0.89252415143801,17.1257604547858,-15.8674418778383));
#5071=CARTESIAN_POINT('',(1.08585260200061,17.1257604547858,-16.6704374186847));
#5072=CARTESIAN_POINT('',(3.17706943556703,17.1257604547858,-17.1012373399635));
#5073=CARTESIAN_POINT('',(-2.66209685957449,15.9276858550998,-14.6713792208036));
#5074=CARTESIAN_POINT('',(-0.868014093032019,15.9276858550998,-15.8162188695972));
#5075=CARTESIAN_POINT('',(1.10397609793953,15.9276858550998,-16.6166221937824));
#5076=CARTESIAN_POINT('',(3.18844210059545,15.9276858550998,-17.0460314140215));
#5077=CARTESIAN_POINT('',(-2.6167512940595,14.7312520452119,-14.6003180047501));
#5078=CARTESIAN_POINT('',(-0.831358215185279,14.7312520452119,-15.73961259221));
#5079=CARTESIAN_POINT('',(1.13108058876894,14.7312520452119,-16.5361391415744));
#5080=CARTESIAN_POINT('',(3.20545042481763,14.7312520452119,-16.9634685068172));
#5081=CARTESIAN_POINT('',(-2.55640528298573,13.5371101186113,-14.505749530806));
#5082=CARTESIAN_POINT('',(-0.782576465849124,13.5371101186113,-15.637664734442));
#5083=CARTESIAN_POINT('',(1.16715132435607,13.5371101186113,-16.4290320605481));
#5084=CARTESIAN_POINT('',(3.22808515238584,13.5371101186113,-16.8535935486851));
#5085=CARTESIAN_POINT('',(6.69999999999984,12.847305114774,3.13950037708109E-14));
#5086=CARTESIAN_POINT('',(9.96138050944682,12.847305114774,-18.8596445624467));
#5087=CARTESIAN_POINT('',(14.9613805094468,12.847305114774,-17.2647730343422));
#5088=CARTESIAN_POINT('',(9.96138050944682,12.847305114774,-18.8596445624467));
#5089=CARTESIAN_POINT('',(10.5542556344536,14.044355025418,-18.8822691986417));
#5090=CARTESIAN_POINT('',(11.1460327379316,15.2391879657129,-18.849523728609));
#5091=CARTESIAN_POINT('',(11.7366877946584,16.4317554273149,-18.7601966286304));
#5092=CARTESIAN_POINT('',(11.7366877946584,16.4317554273149,-18.7601966286304));
#5093=CARTESIAN_POINT('',(15.7517765581193,14.4431614418983,-17.031215731667));
#5094=CARTESIAN_POINT('',(14.4700768182417,15.0779619516718,-17.7714053891291));
#5095=CARTESIAN_POINT('',(13.1310272747264,15.7411666839413,-18.3457467305052));
#5096=CARTESIAN_POINT('',(11.7366877946585,16.4317554273149,-18.7601966286306));
#5097=CARTESIAN_POINT('',(15.7517765581193,14.4431614418984,-17.0312157316668));
#5098=CARTESIAN_POINT('',(15.7517765581193,14.4431614418984,-17.0312157316668));
#5099=CARTESIAN_POINT('',(15.4893162289029,13.9132385283126,-17.1214645566979));
#5100=CARTESIAN_POINT('',(15.2258420011629,13.3812684936961,-17.1992074832686));
#5101=CARTESIAN_POINT('',(14.9613805094469,12.847305114774,-17.2647730343424));
#5102=CARTESIAN_POINT('',(9.92547201272069,12.847305114774,-18.8658189894947));
#5103=CARTESIAN_POINT('',(11.9533798081856,12.847305114774,-18.5191094274931));
#5104=CARTESIAN_POINT('',(13.8997868893161,12.847305114774,-17.8526883730419));
#5105=CARTESIAN_POINT('',(15.714634019762,12.847305114774,-16.8836953697635));
#5106=CARTESIAN_POINT('',(9.94629944431926,14.046954636,-18.9876388512096));
#5107=CARTESIAN_POINT('',(11.9873017917541,14.046954636,-18.6386905254987));
#5108=CARTESIAN_POINT('',(13.9462771606221,14.046954636,-17.9679662748417));
#5109=CARTESIAN_POINT('',(15.7728430734113,14.046954636,-16.9927163158631));
#5110=CARTESIAN_POINT('',(9.9623793216283,15.2491728408814,-19.0816902190371));
#5111=CARTESIAN_POINT('',(12.0134913548445,15.2491728408814,-18.7310134494901));
#5112=CARTESIAN_POINT('',(13.9821701057089,15.2491728408814,-18.0569669040652));
#5113=CARTESIAN_POINT('',(15.8177835374588,15.2491728408814,-17.0768862447908));
#5114=CARTESIAN_POINT('',(9.97370279752457,16.4532982708511,-19.1479213460623));
#5115=CARTESIAN_POINT('',(12.0319340880002,16.4532982708511,-18.7960274035395));
#5116=CARTESIAN_POINT('',(14.0074459763343,16.4532982708511,-18.1196412927061));
#5117=CARTESIAN_POINT('',(15.8494306857316,16.4532982708511,-17.1361588463839));
#5118=CARTESIAN_POINT('',(11.7366877946585,16.4317554273149,-16.6807305443262));
#5119=CARTESIAN_POINT('',(13.1469766026414,15.7332672975437,-16.2139792170367));
#5120=CARTESIAN_POINT('',(14.4864814687207,15.0698370530214,-15.5659865606115));
#5121=CARTESIAN_POINT('',(15.7517765581148,14.4431614419006,-14.7279807712694));
#5122=CARTESIAN_POINT('',(11.7366877946584,16.4317554273149,-16.680730544326));
#5123=CARTESIAN_POINT('',(15.7517765581193,14.4431614418984,-14.7279807712809));
#5124=CARTESIAN_POINT('',(15.7517765581193,14.4431614418984,-20.));
#5125=CARTESIAN_POINT('',(11.7366877946584,16.4317554273149,-18.8720062929487));
#5126=CARTESIAN_POINT('',(20.6978135760107,11.9934872142859,-18.8720062929487));
#5127=CARTESIAN_POINT('',(9.96138050944682,12.847305114774,-20.));
#5128=CARTESIAN_POINT('',(9.96138050944682,12.847305114774,-16.8264062996703));
#5129=CARTESIAN_POINT('',(11.7366877946584,16.4317554273149,-16.680730544326));
#5130=CARTESIAN_POINT('',(11.1464491657677,15.2400287581209,-16.7891359881279));
#5131=CARTESIAN_POINT('',(10.5546652321431,14.0451820273565,-16.8371143311836));
#5132=CARTESIAN_POINT('',(9.96138050944682,12.847305114774,-16.8264062996703));
#5133=CARTESIAN_POINT('',(17.9195859935005,28.9153922409871,-20.));
#5134=CARTESIAN_POINT('',(15.7517765581179,14.4431614418955,-14.7279807712665));
#5135=CARTESIAN_POINT('',(15.4896603912526,13.9139334124334,-14.8381035108899));
#5136=CARTESIAN_POINT('',(15.2261785504086,13.38194800651,-14.9343180880458));
#5137=CARTESIAN_POINT('',(14.9613805094469,12.847305114774,-15.0171283495585));
#5138=CARTESIAN_POINT('',(14.9613805094468,12.847305114774,-15.0171283495585));
#5139=CARTESIAN_POINT('',(14.9613805094468,12.847305114774,-20.));
#5140=CARTESIAN_POINT('',(24.2776812946207,31.6574669044054,-20.));
#5141=CARTESIAN_POINT('',(6.69999999999984,12.847305114774,3.13950037708109E-14));
#5142=CARTESIAN_POINT('',(9.96138050944682,12.847305114774,-20.));
#5143=CARTESIAN_POINT('',(9.97891700640864,16.4532982708511,-17.1144879707105));
#5144=CARTESIAN_POINT('',(12.0667205948885,16.4532982708511,-16.7144915054921));
#5145=CARTESIAN_POINT('',(14.0476632235303,16.4532982708511,-15.9432669608317));
#5146=CARTESIAN_POINT('',(15.8563276875039,16.4532982708511,-14.8262826937017));
#5147=CARTESIAN_POINT('',(9.96627379983568,15.2491728408815,-17.0484960574108));
#5148=CARTESIAN_POINT('',(12.046027007046,15.2491728408815,-16.6500419422818));
#5149=CARTESIAN_POINT('',(14.0193313005868,15.2491728408815,-15.8817911695141));
#5150=CARTESIAN_POINT('',(15.8210217184365,15.2491728408815,-14.7691138924057));
#5151=CARTESIAN_POINT('',(9.94831984185067,14.046954636,-16.9547843845137));
#5152=CARTESIAN_POINT('',(12.016641122655,14.046954636,-16.5585204802735));
#5153=CARTESIAN_POINT('',(13.9790986150552,14.046954636,-15.7944926058118));
#5154=CARTESIAN_POINT('',(15.7708855538806,14.046954636,-14.6879314605124));
#5155=CARTESIAN_POINT('',(9.92506501069307,12.847305114774,-16.8334045120346));
#5156=CARTESIAN_POINT('',(11.978579109783,12.847305114774,-16.4399774744317));
#5157=CARTESIAN_POINT('',(13.9269873028957,12.847305114774,-15.6814193012573));
#5158=CARTESIAN_POINT('',(15.7059467786752,12.847305114774,-14.5827800644682));
#5159=CARTESIAN_POINT('',(23.5406805129717,30.1694187765514,-10.6300049689161));
#5160=CARTESIAN_POINT('',(23.5072079924957,30.1018357798042,-11.2090585946097));
#5161=CARTESIAN_POINT('',(23.4929243251534,30.072996211412,-11.7904128649901));
#5162=CARTESIAN_POINT('',(23.5481769043195,30.1845544336479,-12.9457185549749));
#5163=CARTESIAN_POINT('',(23.6183312020362,30.3262001061865,-13.5423910349342));
#5164=CARTESIAN_POINT('',(23.9552396646124,31.006438200199,-14.4411914938766));
#5165=CARTESIAN_POINT('',(24.2418106106305,31.5850418738145,-14.6347685113624));
#5166=CARTESIAN_POINT('',(24.7472033844136,32.6054597479669,-14.3472869939441));
#5167=CARTESIAN_POINT('',(24.9634424764989,33.0420592525514,-13.9692526753991));
#5168=CARTESIAN_POINT('',(25.1387201000151,33.3959551316636,-13.5294571574347));
#5169=CARTESIAN_POINT('',(23.5406805129717,30.1694187765514,-10.6300049689161));
#5170=CARTESIAN_POINT('',(25.138720100015,33.3959551316633,-13.5294571574343));
#5171=CARTESIAN_POINT('',(6.69999999999984,30.1694187765514,3.13950037708109E-14));
#5172=CARTESIAN_POINT('',(22.147025521958,30.1694187765514,-12.5696033470887));
#5173=CARTESIAN_POINT('',(19.4151940130456,31.5224408460092,-18.8720062929487));
#5174=CARTESIAN_POINT('',(20.2506409419477,31.1086605198882,-18.0707877521353));
#5175=CARTESIAN_POINT('',(20.9624848799098,30.756098308445,-17.1265386980423));
#5176=CARTESIAN_POINT('',(21.7684504935066,30.3569194942089,-15.5297238328583));
#5177=CARTESIAN_POINT('',(21.9925032716908,30.2459505883238,-14.973237127754));
#5178=CARTESIAN_POINT('',(22.2143543942693,30.1360721188781,-14.0811057619542));
#5179=CARTESIAN_POINT('',(22.267877886737,30.1095629925623,-13.7802307189068));
#5180=CARTESIAN_POINT('',(22.2984481610584,30.0944221408329,-13.1653846789412));
#5181=CARTESIAN_POINT('',(22.2803778514152,30.1033720074953,-12.840466511691));
#5182=CARTESIAN_POINT('',(22.1470255219581,30.1694187765514,-12.5696033470887));
#5183=CARTESIAN_POINT('',(19.4151940130456,31.5224408460092,-18.8720062929487));
#5184=CARTESIAN_POINT('',(19.0312573836632,31.1599224668619,-18.8720062929487));
#5185=CARTESIAN_POINT('',(19.1696858617191,31.2673742632454,-18.8720062929487));
#5186=CARTESIAN_POINT('',(19.3009357870976,31.3887853647306,-18.8720062929487));
#5187=CARTESIAN_POINT('',(19.4151940130456,31.5224408460092,-18.8720062929487));
#5188=CARTESIAN_POINT('',(19.0312573836632,31.1599224668618,-18.8720062929487));
#5189=CARTESIAN_POINT('',(19.0312573836526,31.1599224668621,-18.872006292956));
#5190=CARTESIAN_POINT('',(19.3864610490508,31.877099656444,-19.2436196095675));
#5191=CARTESIAN_POINT('',(19.8160689896833,32.7445034743056,-19.0096787492802));
#5192=CARTESIAN_POINT('',(20.138720100015,33.3959551316633,-18.5049564164578));
#5193=CARTESIAN_POINT('',(20.138720100015,33.3959551316633,-18.5049564164578));
#5194=CARTESIAN_POINT('',(6.69999999999984,33.3959551316633,3.13950037708109E-14));
#5195=CARTESIAN_POINT('',(6.69999999999984,32.6000000000001,3.13950037708109E-14));
#5196=CARTESIAN_POINT('',(8.00758776876072,-1.19281333138355,3.13950037708109E-14));
#5197=CARTESIAN_POINT('',(23.26615522087,29.6151359899763,-11.0185916534546));
#5198=CARTESIAN_POINT('',(6.35630599739696,37.9902495780291,3.14876410864397E-14));
#5199=CARTESIAN_POINT('',(6.69999999999984,18.1000000000001,3.13950037708109E-14));
#5200=CARTESIAN_POINT('',(25.138720100015,33.3959551316633,-4.));
#5201=CARTESIAN_POINT('',(24.3833339886797,33.3959551316633,-4.));
#5202=CARTESIAN_POINT('',(25.138720100015,33.3959551316633,-4.));
#5203=CARTESIAN_POINT('',(24.3833339886797,33.3959551316633,-4.));
#5204=CARTESIAN_POINT('',(24.3717360940567,33.3622740656519,-4.));
#5205=CARTESIAN_POINT('',(24.3608676687972,33.3283328825349,-4.));
#5206=CARTESIAN_POINT('',(24.3507456650167,33.2941792530525,-4.));
#5207=CARTESIAN_POINT('',(24.2923688164751,33.0972042964458,-4.));
#5208=CARTESIAN_POINT('',(24.2586828146383,32.8912172550959,-4.));
#5209=CARTESIAN_POINT('',(24.2514428784525,32.6859014658836,-4.));
#5210=CARTESIAN_POINT('',(24.2514428784525,32.6859014658836,-4.));
#5211=CARTESIAN_POINT('',(24.2103840269451,31.5215897443428,-4.));
#5212=CARTESIAN_POINT('',(24.2240711038252,31.909693623556,-4.));
#5213=CARTESIAN_POINT('',(24.237757385806,32.2977975308032,-4.));
#5214=CARTESIAN_POINT('',(24.2514428784525,32.6859014658836,-4.));
#5215=CARTESIAN_POINT('',(24.2103840269451,31.5215897443428,-4.));
#5216=CARTESIAN_POINT('',(24.2776812946207,31.6574669044054,-4.));
#5217=CARTESIAN_POINT('',(0.,0.,-4.));
#5218=CARTESIAN_POINT('',(28.2121922387615,27.1654617623638,-18.8720062929487));
#5219=CARTESIAN_POINT('',(19.2510664574092,31.6037299753928,-18.8720062929487));
#5220=CARTESIAN_POINT('',(19.2510664574092,31.6037299753928,-18.8720062929487));
#5221=CARTESIAN_POINT('',(28.2121922387615,27.1654617623638,-18.8720062929487));
#5222=CARTESIAN_POINT('',(6.39037222194154,37.9733772513569,3.14784590711251E-14));
#5223=CARTESIAN_POINT('',(23.26615522087,29.6151359899763,-6.76947262430923));
#5224=CARTESIAN_POINT('',(19.2510664574092,31.6037299753928,-12.8524602983108));
#5225=CARTESIAN_POINT('',(19.2510664574092,31.6037299753928,-5.99999999999998));
#5226=CARTESIAN_POINT('',(23.26615522087,29.6151359899763,-20.));
#5227=CARTESIAN_POINT('',(28.2121922387615,27.1654617623638,-5.99999999999998));
#5228=CARTESIAN_POINT('',(20.138720100015,33.3959551316633,-20.));
#5229=CARTESIAN_POINT('',(20.138720100015,33.3959551316633,-12.1696796600657));
#5230=CARTESIAN_POINT('',(7.89229172947826,8.66969260463936,3.13950037708109E-14));
#5231=CARTESIAN_POINT('',(19.787044574945,32.6859014658836,-12.3605182500161));
#5232=CARTESIAN_POINT('',(20.138720100015,33.3959551316633,-12.1696796600659));
#5233=CARTESIAN_POINT('',(20.0167540077733,33.1496983843967,-12.1811484185184));
#5234=CARTESIAN_POINT('',(19.8978645436142,32.9096535310278,-12.2543880553649));
#5235=CARTESIAN_POINT('',(19.787044574945,32.6859014658836,-12.3605182500161));
#5236=CARTESIAN_POINT('',(17.9195859935005,28.9153922409871,-20.));
#5237=CARTESIAN_POINT('',(25.138720100015,33.3959551316633,-20.));
#5238=CARTESIAN_POINT('',(6.69999999999984,33.3959551316633,3.13950037708109E-14));
#5239=CARTESIAN_POINT('',(25.138720100015,33.3959551316633,-20.));
#5240=CARTESIAN_POINT('',(7.8680814360598,-1.47448486059808,3.13950037708109E-14));
#5241=CARTESIAN_POINT('',(24.2776812946207,31.6574669044054,-20.));
#5242=CARTESIAN_POINT('',(6.69999999999984,32.6859014658836,3.13950037708109E-14));
#5243=CARTESIAN_POINT('',(6.69999999999984,22.1046379011011,3.13950037708109E-14));
#5244=CARTESIAN_POINT('',(6.69999999999984,32.6000000000001,3.13950037708109E-14));
#5245=CARTESIAN_POINT('',(5.39924013835917,9.18554007718968,3.13950037708109E-14));
#5246=CARTESIAN_POINT('',(0.876834932440774,18.1000000000001,-18.610232362761));
#5247=CARTESIAN_POINT('',(-5.24611618070718,30.1694187765514,-15.934109136573));
#5248=CARTESIAN_POINT('',(6.69999999999984,18.1000000000001,3.13950037708109E-14));
#5249=CARTESIAN_POINT('',(-4.08249089125866,18.1000000000001,-16.2477041510462));
#5250=CARTESIAN_POINT('',(-4.08249089125866,18.1000000000001,-16.2477041510462));
#5251=CARTESIAN_POINT('',(-4.74393048486843,20.2028129291845,-15.8955200454107));
#5252=CARTESIAN_POINT('',(-5.54452627825734,22.2194547556641,-15.3858915513879));
#5253=CARTESIAN_POINT('',(-7.03179516992666,26.2703933203024,-14.2682322811181));
#5254=CARTESIAN_POINT('',(-7.78470548769854,28.2616670305756,-13.6208678327842));
#5255=CARTESIAN_POINT('',(-8.57690002619229,30.1694187765514,-12.7758307506362));
#5256=CARTESIAN_POINT('',(-8.5769000261923,30.1694187765514,-12.7758307506362));
#5257=CARTESIAN_POINT('',(6.69999999999984,30.1694187765514,3.13950037708109E-14));
#5258=CARTESIAN_POINT('',(6.69999999999984,18.1000000000001,3.13950037708109E-14));
#5259=CARTESIAN_POINT('',(-5.24611618070717,30.1694187765514,-15.934109136573));
#5260=CARTESIAN_POINT('',(-5.18403130621304,30.0470385164264,-16.6161115132674));
#5261=CARTESIAN_POINT('',(-5.19597796034757,30.0705874831034,-17.3541454346801));
#5262=CARTESIAN_POINT('',(-5.49948424405104,30.6688520081077,-18.5729458724283));
#5263=CARTESIAN_POINT('',(-5.80521880939464,31.2715088700374,-18.9658387253342));
#5264=CARTESIAN_POINT('',(-6.12280847195828,31.8975342237845,-18.9724163401014));
#5265=CARTESIAN_POINT('',(-6.12280847195828,31.8975342237845,-18.9724163401013));
#5266=CARTESIAN_POINT('',(-8.5769000261923,30.1694187765514,-12.7758307506362));
#5267=CARTESIAN_POINT('',(-8.93516925820889,30.1101889459882,-12.7310023720863));
#5268=CARTESIAN_POINT('',(-9.29972003142533,30.0903470774433,-12.6699927011832));
#5269=CARTESIAN_POINT('',(-9.6577340895638,30.10422692822,-12.5957775889798));
#5270=CARTESIAN_POINT('',(-9.6577340895638,30.10422692822,-12.5957775889798));
#5271=CARTESIAN_POINT('',(-6.12280847195829,31.8975342237845,-18.9724163401013));
#5272=CARTESIAN_POINT('',(-7.03936322086974,31.4325557501722,-18.1886336007795));
#5273=CARTESIAN_POINT('',(-7.81244596561446,31.0403622286675,-17.2520532488787));
#5274=CARTESIAN_POINT('',(-9.06679110334754,30.4040189134222,-15.0856848490493));
#5275=CARTESIAN_POINT('',(-9.57455403856502,30.1464250982631,-13.8917052300892));
#5276=CARTESIAN_POINT('',(-9.65773408956509,30.1042269282193,-12.5957775889801));
#5277=CARTESIAN_POINT('',(6.69999999999984,32.6000000000001,3.13950037708109E-14));
#5278=CARTESIAN_POINT('',(1.38195157955347,17.1043258173467,-18.718539001501));
#5279=CARTESIAN_POINT('',(1.21339197274985,17.4365865925397,-18.6869968618058));
#5280=CARTESIAN_POINT('',(1.04499356326768,17.7685296193232,-18.6509083011835));
#5281=CARTESIAN_POINT('',(0.876834932440774,18.1000000000001,-18.610232362761));
#5282=CARTESIAN_POINT('',(1.38195157955347,17.1043258173467,-18.718539001501));
#5283=CARTESIAN_POINT('',(-2.59461962084992,15.0869667788711,-16.957084685789));
#5284=CARTESIAN_POINT('',(-1.32621194930642,15.7304441747745,-17.7063634399681));
#5285=CARTESIAN_POINT('',(4.28559263289559E-5,16.4032680684814,-18.2914396881496));
#5286=CARTESIAN_POINT('',(1.38195157955342,17.1043258173466,-18.7185390015011));
#5287=CARTESIAN_POINT('',(-2.59461962085398,15.0869667788691,-16.9570846858006));
#5288=CARTESIAN_POINT('',(-4.01648947245897,17.8897235488721,-16.2823142599478));
#5289=CARTESIAN_POINT('',(-3.54711889263906,16.9645111823918,-16.5501314728434));
#5290=CARTESIAN_POINT('',(-3.07227391947528,16.0285078191203,-16.7743292088835));
#5291=CARTESIAN_POINT('',(-2.59461962085398,15.0869667788691,-16.9570846858006));
#5292=CARTESIAN_POINT('',(-4.01648947245897,17.8897235488721,-16.2823142599478));
#5293=CARTESIAN_POINT('',(-4.01648947245897,17.8897235488721,-16.2823142599478));
#5294=CARTESIAN_POINT('',(-4.03845248938786,17.9598596628067,-16.2709750678022));
#5295=CARTESIAN_POINT('',(-4.06045692311296,18.0299508019393,-16.2594361571734));
#5296=CARTESIAN_POINT('',(-4.08249089125866,18.1000000000001,-16.2477041510462));
#5297=CARTESIAN_POINT('',(-4.02167121901425,15.0689101387267,-16.0912069340676));
#5298=CARTESIAN_POINT('',(-2.33704292379849,15.0689101387267,-17.2136852404842));
#5299=CARTESIAN_POINT('',(-0.498137626947314,15.0689101387267,-18.0600642044419));
#5300=CARTESIAN_POINT('',(1.45015619994756,15.0689101387267,-18.6096833503064));
#5301=CARTESIAN_POINT('',(-4.06300837813508,16.0781321216644,-16.1532462158075));
#5302=CARTESIAN_POINT('',(-2.37188503690678,16.0781321216644,-17.2800522117619));
#5303=CARTESIAN_POINT('',(-0.525889882578045,16.0781321216644,-18.1296943705327));
#5304=CARTESIAN_POINT('',(1.42991554677985,16.0781321216644,-18.6814325604925));
#5305=CARTESIAN_POINT('',(-4.09332322021763,17.0886259068677,-16.1987430779253));
#5306=CARTESIAN_POINT('',(-2.39743669984551,17.0886259068677,-17.3287228097559));
#5307=CARTESIAN_POINT('',(-0.54624215798287,17.0886259068677,-18.1807580511078));
#5308=CARTESIAN_POINT('',(1.41507194800633,17.0886259068677,-18.7340502541754));
#5309=CARTESIAN_POINT('',(-4.11260400042075,18.1000000000001,-16.2276798936289));
#5310=CARTESIAN_POINT('',(-2.41368801316605,18.1000000000001,-17.3596781780775));
#5311=CARTESIAN_POINT('',(-0.559186568105323,18.1000000000001,-18.2132354626295));
#5312=CARTESIAN_POINT('',(1.4056311544638,18.1000000000001,-18.7675160457482));
#5313=CARTESIAN_POINT('',(-6.12280847195828,31.8975342237845,-21.));
#5314=CARTESIAN_POINT('',(-6.12280847195829,31.8975342237845,-12.5957775889798));
#5315=CARTESIAN_POINT('',(-10.5818280953775,29.6354237052725,-12.5957775889798));
#5316=CARTESIAN_POINT('',(-6.12280847195828,31.8975342237845,-21.));
#5317=CARTESIAN_POINT('',(-10.0993796723658,29.8801751853069,-12.5957775889798));
#5318=CARTESIAN_POINT('',(-8.82545560864218,27.3690457102422,-13.7943552817846));
#5319=CARTESIAN_POINT('',(-6.33365121222836,22.4572588588022,-15.3229781818481));
#5320=CARTESIAN_POINT('',(-3.79797978026019,17.4590023274958,-16.471785622044));
#5321=CARTESIAN_POINT('',(-2.594619620854,15.0869667788691,-16.6296843363885));
#5322=CARTESIAN_POINT('',(-2.59461962085398,15.0869667788691,-16.6296843363885));
#5323=CARTESIAN_POINT('',(-2.59461962085398,15.0869667788691,-21.));
#5324=CARTESIAN_POINT('',(-10.0993796723658,29.8801751853069,-21.));
#5325=CARTESIAN_POINT('',(1.38195157955347,17.1043258173467,-21.));
#5326=CARTESIAN_POINT('',(1.38195157955346,17.1043258173467,-16.6296843363885));
#5327=CARTESIAN_POINT('',(-3.07706804386572,14.8422152988347,-16.6296843363885));
#5328=CARTESIAN_POINT('',(-2.59461962085397,15.0869667788691,-21.));
#5329=CARTESIAN_POINT('',(1.38195157955346,17.1043258173467,-16.6296843363885));
#5330=CARTESIAN_POINT('',(0.178591420147274,19.4763613659734,-16.471785622044));
#5331=CARTESIAN_POINT('',(-2.35708001182089,24.4746178972798,-15.3229781818481));
#5332=CARTESIAN_POINT('',(-4.84888440823471,29.3864047487198,-13.7943552817846));
#5333=CARTESIAN_POINT('',(-6.12280847195829,31.8975342237845,-12.5957775889798));
#5334=CARTESIAN_POINT('',(1.38195157955347,17.1043258173467,-21.));
#5335=CARTESIAN_POINT('',(-3.07706804386572,14.8422152988347,-16.6296843363885));
#5336=CARTESIAN_POINT('',(-4.28042820327191,17.2142508474614,-16.471785622044));
#5337=CARTESIAN_POINT('',(-6.81609963524007,22.2125073787678,-15.3229781818481));
#5338=CARTESIAN_POINT('',(-9.3079040316539,27.1242942302078,-13.7943552817846));
#5339=CARTESIAN_POINT('',(-10.5818280953775,29.6354237052725,-12.5957775889798));
#5340=CARTESIAN_POINT('',(19.251066457411,31.6037299753965,-19.0259710440537));
#5341=CARTESIAN_POINT('',(18.9686772780224,31.0335695357085,-18.9154742678244));
#5342=CARTESIAN_POINT('',(18.7256519673475,30.542887072982,-18.4756781916705));
#5343=CARTESIAN_POINT('',(18.4891169360469,30.0653088678256,-17.3017897502634));
#5344=CARTESIAN_POINT('',(18.4846432838073,30.0562762996038,-16.6386602845298));
#5345=CARTESIAN_POINT('',(18.5406805129717,30.1694187765514,-16.012614114157));
#5346=CARTESIAN_POINT('',(19.2510664574092,31.6037299753928,-19.0259710440655));
#5347=CARTESIAN_POINT('',(18.5406805129717,30.1694187765514,-16.012614114157));
#5348=CARTESIAN_POINT('',(22.2425304477207,30.1221170773517,-12.8524602983108));
#5349=CARTESIAN_POINT('',(22.3740866729406,30.0569598831703,-13.4569191484688));
#5350=CARTESIAN_POINT('',(22.2365211325777,30.125093372187,-14.0722416842846));
#5351=CARTESIAN_POINT('',(21.8977980020942,30.2928562336536,-15.2239131147071));
#5352=CARTESIAN_POINT('',(21.6567999038552,30.4122178211274,-15.7781378455171));
#5353=CARTESIAN_POINT('',(20.8204688755933,30.8264360241605,-17.3297952582672));
#5354=CARTESIAN_POINT('',(20.0949236027021,31.1857842355747,-18.2517430178398));
#5355=CARTESIAN_POINT('',(19.2510664574033,31.6037299753958,-19.0259710440585));
#5356=CARTESIAN_POINT('',(22.2425304477207,30.1221170773517,-12.8524602983108));
#5357=CARTESIAN_POINT('',(22.2425304477207,30.1221170773517,-12.8524602983108));
#5358=CARTESIAN_POINT('',(22.1190325381283,30.1333899117122,-12.8697051025125));
#5359=CARTESIAN_POINT('',(21.9956110429625,30.1490709688475,-12.8853452049783));
#5360=CARTESIAN_POINT('',(21.872853292399,30.1694187765515,-12.8992266724219));
#5361=CARTESIAN_POINT('',(21.872853292399,30.1694187765515,-12.8992266724219));
#5362=CARTESIAN_POINT('',(6.69999999999984,30.1694187765514,3.13950037708109E-14));
#5363=CARTESIAN_POINT('',(6.69999999999984,32.6000000000001,3.13950037708109E-14));
#5364=CARTESIAN_POINT('',(12.5629363084238,18.1000000000001,-18.5977412027203));
#5365=CARTESIAN_POINT('',(12.2880604812082,17.5450094623167,-18.6643890087608));
#5366=CARTESIAN_POINT('',(12.0125299540063,16.9886970466744,-18.7184799280524));
#5367=CARTESIAN_POINT('',(11.7366877946584,16.4317554273149,-18.7601966286304));
#5368=CARTESIAN_POINT('',(12.5629363084238,18.1000000000001,-18.5977412027203));
#5369=CARTESIAN_POINT('',(11.7366877946584,16.4317554273149,-18.7601966286304));
#5370=CARTESIAN_POINT('',(6.69999999999984,18.1000000000001,3.13950037708109E-14));
#5371=CARTESIAN_POINT('',(17.5629363084238,18.1000000000001,-16.1940302197792));
#5372=CARTESIAN_POINT('',(15.7517765581193,14.4431614418984,-17.0312157316667));
#5373=CARTESIAN_POINT('',(16.3610162043586,15.6732522878978,-16.8217244062553));
#5374=CARTESIAN_POINT('',(16.9665635810253,16.8958882234523,-16.5442265232695));
#5375=CARTESIAN_POINT('',(17.5629363084238,18.1000000000001,-16.1940302197792));
#5376=CARTESIAN_POINT('',(15.7517765581193,14.4431614418984,-17.0312157316667));
#5377=CARTESIAN_POINT('',(11.7366877946585,16.4317554273149,-18.7601966286306));
#5378=CARTESIAN_POINT('',(13.1310272747264,15.7411666839413,-18.3457467305052));
#5379=CARTESIAN_POINT('',(14.4700768182417,15.0779619516718,-17.771405389129));
#5380=CARTESIAN_POINT('',(15.7517765581194,14.4431614418983,-17.031215731667));
#5381=CARTESIAN_POINT('',(11.6638837249866,14.421255118477,-18.6356477811601));
#5382=CARTESIAN_POINT('',(13.7389604749156,14.421255118477,-18.0829200290567));
#5383=CARTESIAN_POINT('',(15.6939545450316,14.421255118477,-17.1944102250292));
#5384=CARTESIAN_POINT('',(17.4749533017989,14.421255118477,-15.9946206958056));
#5385=CARTESIAN_POINT('',(11.6898348564024,15.6456773712463,-18.733074749917));
#5386=CARTESIAN_POINT('',(13.7757600855503,15.6456773712463,-18.1774573429935));
#5387=CARTESIAN_POINT('',(15.7409748439098,15.6456773712463,-17.2843024191434));
#5388=CARTESIAN_POINT('',(17.5312846432698,15.6456773712463,-16.0782404029984));
#5389=CARTESIAN_POINT('',(11.7082484530351,16.8721590963334,-18.8022039479894));
#5390=CARTESIAN_POINT('',(13.8018712086305,16.8721590963334,-18.24453618968));
#5391=CARTESIAN_POINT('',(15.7743380450445,16.8721590963334,-17.3480853261902));
#5392=CARTESIAN_POINT('',(17.5712544843919,16.8721590963334,-16.1375726738783));
#5393=CARTESIAN_POINT('',(11.7191140011315,18.1000000000001,-18.8429959041454));
#5394=CARTESIAN_POINT('',(13.8172789352869,18.1000000000001,-18.2841182685893));
#5395=CARTESIAN_POINT('',(15.7940250987911,18.1000000000001,-17.3857225275511));
#5396=CARTESIAN_POINT('',(17.5948400032766,18.1000000000001,-16.1725836310405));
#5397=CARTESIAN_POINT('',(8.03179806217914,8.95136413385379,3.13950037708109E-14));
#5398=CARTESIAN_POINT('',(21.872853292399,30.1694187765515,-12.8992266724219));
#5399=CARTESIAN_POINT('',(21.3709352551129,28.8947434514222,-13.4219530704735));
#5400=CARTESIAN_POINT('',(20.8629115485381,27.5986749156902,-13.8897065976176));
#5401=CARTESIAN_POINT('',(20.3636025979267,26.2837994660569,-14.3041398391146));
#5402=CARTESIAN_POINT('',(19.8642296444343,24.9687554718441,-14.7186262038762));
#5403=CARTESIAN_POINT('',(19.3727705048671,23.6328423685195,-15.0804441162076));
#5404=CARTESIAN_POINT('',(18.9047734358737,22.2784568083154,-15.3921033815799));
#5405=CARTESIAN_POINT('',(18.4338353349909,20.9155598889879,-15.7057212058808));
#5406=CARTESIAN_POINT('',(17.9859346971549,19.5316581061791,-15.9690546381018));
#5407=CARTESIAN_POINT('',(17.5778477862431,18.1301071548431,-16.1852648396339));
#5408=CARTESIAN_POINT('',(17.5778477862431,18.1301071548431,-16.1852648396339));
#5409=CARTESIAN_POINT('',(8.00758776876071,-1.19281333138356,3.13950037708109E-14));
#5410=CARTESIAN_POINT('',(6.69999999999984,18.1000000000001,3.13950037708109E-14));
#5411=CARTESIAN_POINT('',(11.7366877946584,16.4317554273149,-21.));
#5412=CARTESIAN_POINT('',(11.7366877946584,16.4317554273149,-16.680730544326));
#5413=CARTESIAN_POINT('',(15.7517765581193,14.4431614418984,-21.));
#5414=CARTESIAN_POINT('',(15.7517765581193,14.4431614418984,-16.680730544326));
#5415=CARTESIAN_POINT('',(16.2172506853346,14.2126213208004,-16.680730544326));
#5416=CARTESIAN_POINT('',(11.7366877946584,16.4317554273149,-21.));
#5417=CARTESIAN_POINT('',(19.2510664574092,31.6037299753928,-21.));
#5418=CARTESIAN_POINT('',(19.2510664574092,31.6037299753928,-12.8524602983108));
#5419=CARTESIAN_POINT('',(19.2510664574092,31.6037299753928,-12.8524602983108));
#5420=CARTESIAN_POINT('',(16.8453344311727,26.7464148586438,-14.9431410998695));
#5421=CARTESIAN_POINT('',(14.3003412088069,21.6079231579035,-16.153169288613));
#5422=CARTESIAN_POINT('',(11.7366877946584,16.4317554273149,-16.680730544326));
#5423=CARTESIAN_POINT('',(19.2510664574092,31.6037299753928,-21.));
#5424=CARTESIAN_POINT('',(15.7517765581193,14.4431614418984,-16.680730544326));
#5425=CARTESIAN_POINT('',(18.3154299722677,19.6193291724869,-16.153169288613));
#5426=CARTESIAN_POINT('',(20.8604231946336,24.7578208732272,-14.9431410998695));
#5427=CARTESIAN_POINT('',(23.26615522087,29.6151359899763,-12.8524602983108));
#5428=CARTESIAN_POINT('',(15.7517765581193,14.4431614418984,-21.));
#5429=CARTESIAN_POINT('',(23.7316293480853,29.3845958688783,-12.8524602983108));
#5430=CARTESIAN_POINT('',(23.26615522087,29.6151359899763,-21.));
#5431=CARTESIAN_POINT('',(23.7316293480853,29.3845958688783,-12.8524602983108));
#5432=CARTESIAN_POINT('',(21.3258973218488,24.5272807521293,-14.9431410998695));
#5433=CARTESIAN_POINT('',(18.780904099483,19.388789051389,-16.153169288613));
#5434=CARTESIAN_POINT('',(16.2172506853346,14.2126213208004,-16.680730544326));
#5435=MECHANICAL_DESIGN_GEOMETRIC_PRESENTATION_REPRESENTATION('',(#132,
#25,#26,#27,#28,#29,#30,#31,#32,#33,#34,#35,#36,#37,#38,#39,#40,#41,#42,
#43,#44,#45,#46,#47,#48,#49,#50,#51,#52,#53,#54,#55,#56,#57,#58,#59,#60,
#61,#62,#63,#64,#65,#66,#67,#68,#69,#70,#71,#72,#73,#74,#75,#76,#77,#78,
#79,#80,#81,#82,#83,#84,#85,#86,#87,#88,#89,#90,#91,#92,#93,#94,#95,#96,
#97,#98,#99,#100,#101,#102,#103,#104,#105,#106,#107,#108,#109,#110,#111,
#133,#112,#113,#114,#115,#134,#116,#117,#118,#135,#119,#120,#136,#121,#122,
#123,#124,#137,#125,#126,#127,#138,#128,#129,#130),#5436);
#5436=(
GEOMETRIC_REPRESENTATION_CONTEXT(3)
GLOBAL_UNCERTAINTY_ASSIGNED_CONTEXT((#5437))
GLOBAL_UNIT_ASSIGNED_CONTEXT((#5443,#5439,#5438))
REPRESENTATION_CONTEXT('menstrual_cup_medium_drawstring',
'TOP_LEVEL_ASSEMBLY_PART')
);
#5437=UNCERTAINTY_MEASURE_WITH_UNIT(LENGTH_MEASURE(0.0508),#5443,
'DISTANCE_ACCURACY_VALUE','Maximum Tolerance applied to model');
#5438=(
NAMED_UNIT(*)
SI_UNIT($,.STERADIAN.)
SOLID_ANGLE_UNIT()
);
#5439=(
CONVERSION_BASED_UNIT('DEGREE',#5441)
NAMED_UNIT(#5440)
PLANE_ANGLE_UNIT()
);
#5440=DIMENSIONAL_EXPONENTS(0.,0.,0.,0.,0.,0.,0.);
#5441=PLANE_ANGLE_MEASURE_WITH_UNIT(PLANE_ANGLE_MEASURE(0.0174532925),#5442);
#5442=(
NAMED_UNIT(*)
PLANE_ANGLE_UNIT()
SI_UNIT($,.RADIAN.)
);
#5443=(
LENGTH_UNIT()
NAMED_UNIT(*)
SI_UNIT(.MILLI.,.METRE.)
);
ENDSEC;
END-ISO-10303-21;
