ISO-10303-21;
HEADER;
/* Generated by software containing ST-Developer
 * from STEP Tools, Inc. (www.steptools.com) 
 */
/* OPTION: using custom schema-name function */

FILE_DESCRIPTION(
/* description */ (''),
/* implementation_level */ '2;1');

FILE_NAME(
/* name */ 'Balloon_Top_mold.stp',
/* time_stamp */ '2026-09-08T16:05:22+02:00',
/* author */ (''),
/* organization */ (''),
/* preprocessor_version */ 'ST-DEVELOPER v20',
/* originating_system */ 'SIEMENS PLM Software NX2406.3002',
/* authorisation */ '');

FILE_SCHEMA (('AUTOMOTIVE_DESIGN { 1 0 10303 214 3 1 1 1 }'));
ENDSEC;

DATA;
#10=SHAPE_REPRESENTATION_RELATIONSHIP('None',
'relationship between Balloon_Top_mold-None and Balloon_Top_mold-None',
#22,#11);
#11=ADVANCED_BREP_SHAPE_REPRESENTATION('Balloon_Top_mold-None',(#60,#61,
#62,#63,#64),#3156);
#12=SHAPE_DEFINITION_REPRESENTATION(#13,#22);
#13=PRODUCT_DEFINITION_SHAPE('','',#14);
#14=PRODUCT_DEFINITION(' ','',#16,#15);
#15=PRODUCT_DEFINITION_CONTEXT('part definition',#21,'design');
#16=PRODUCT_DEFINITION_FORMATION_WITH_SPECIFIED_SOURCE(' ',' ',#18,
 .NOT_KNOWN.);
#17=PRODUCT_RELATED_PRODUCT_CATEGORY('part','',(#18));
#18=PRODUCT('Balloon_Top_mold','Balloon_Top_mold',' ',(#19));
#19=PRODUCT_CONTEXT(' ',#21,'mechanical');
#20=APPLICATION_PROTOCOL_DEFINITION('international standard',
'automotive_design',2010,#21);
#21=APPLICATION_CONTEXT(
'core data for automotive mechanical design processes');
#22=SHAPE_REPRESENTATION('Balloon_Top_mold-None',(#1264),#3156);
#23=PRESENTATION_LAYER_ASSIGNMENT('1','Layer 1',(#60,#61,#62,#63,#64));
#24=STYLED_ITEM('',(#29),#60);
#25=STYLED_ITEM('',(#30),#61);
#26=STYLED_ITEM('',(#31),#62);
#27=STYLED_ITEM('',(#32),#63);
#28=STYLED_ITEM('',(#33),#64);
#29=PRESENTATION_STYLE_ASSIGNMENT((#34));
#30=PRESENTATION_STYLE_ASSIGNMENT((#35));
#31=PRESENTATION_STYLE_ASSIGNMENT((#36));
#32=PRESENTATION_STYLE_ASSIGNMENT((#37));
#33=PRESENTATION_STYLE_ASSIGNMENT((#38));
#34=SURFACE_STYLE_USAGE(.BOTH.,#39);
#35=SURFACE_STYLE_USAGE(.BOTH.,#40);
#36=SURFACE_STYLE_USAGE(.BOTH.,#41);
#37=SURFACE_STYLE_USAGE(.BOTH.,#42);
#38=SURFACE_STYLE_USAGE(.BOTH.,#43);
#39=SURFACE_SIDE_STYLE('',(#44));
#40=SURFACE_SIDE_STYLE('',(#45));
#41=SURFACE_SIDE_STYLE('',(#46));
#42=SURFACE_SIDE_STYLE('',(#47));
#43=SURFACE_SIDE_STYLE('',(#48));
#44=SURFACE_STYLE_FILL_AREA(#49);
#45=SURFACE_STYLE_FILL_AREA(#50);
#46=SURFACE_STYLE_FILL_AREA(#51);
#47=SURFACE_STYLE_FILL_AREA(#52);
#48=SURFACE_STYLE_FILL_AREA(#53);
#49=FILL_AREA_STYLE('',(#54));
#50=FILL_AREA_STYLE('',(#55));
#51=FILL_AREA_STYLE('',(#56));
#52=FILL_AREA_STYLE('',(#57));
#53=FILL_AREA_STYLE('',(#58));
#54=FILL_AREA_STYLE_COLOUR('',#59);
#55=FILL_AREA_STYLE_COLOUR('',#59);
#56=FILL_AREA_STYLE_COLOUR('',#59);
#57=FILL_AREA_STYLE_COLOUR('',#59);
#58=FILL_AREA_STYLE_COLOUR('',#59);
#59=COLOUR_RGB('medium steel',0.596078431372549,0.666666666666667,0.686274509803922);
#60=MANIFOLD_SOLID_BREP('',#65);
#61=MANIFOLD_SOLID_BREP('',#66);
#62=MANIFOLD_SOLID_BREP('',#67);
#63=MANIFOLD_SOLID_BREP('',#68);
#64=MANIFOLD_SOLID_BREP('',#69);
#65=CLOSED_SHELL('',(#175,#176,#177,#178,#179,#180,#181,#182,#183,#184,
#185,#186,#187,#188,#189,#190,#191,#192,#193,#194,#195,#196,#197,#198,#199,
#200));
#66=CLOSED_SHELL('',(#201,#202,#203,#204,#205,#206,#207,#208,#209,#210,
#211,#212,#213,#214));
#67=CLOSED_SHELL('',(#215,#216,#217,#218,#219,#220,#221,#222,#223,#224,
#225,#226,#227,#228,#229,#230,#231,#232,#233,#234,#235,#236,#237,#238,#239,
#240));
#68=CLOSED_SHELL('',(#241,#242,#243,#244,#245));
#69=CLOSED_SHELL('',(#246,#247,#248,#249,#250));
#70=SPHERICAL_SURFACE('',#1306,2.5);
#71=SPHERICAL_SURFACE('',#1307,2.5);
#72=SPHERICAL_SURFACE('',#1328,2.5);
#73=SPHERICAL_SURFACE('',#1329,2.5);
#74=SPHERICAL_SURFACE('',#1371,2.5);
#75=SPHERICAL_SURFACE('',#1372,2.5);
#76=SPHERICAL_SURFACE('',#1380,2.5);
#77=SPHERICAL_SURFACE('',#1388,2.5);
#78=CONICAL_SURFACE('',#1291,1.5,59.);
#79=CONICAL_SURFACE('',#1294,1.5,59.);
#80=CONICAL_SURFACE('',#1339,1.5,59.);
#81=CONICAL_SURFACE('',#1345,1.5,59.);
#82=(
BOUNDED_SURFACE()
B_SPLINE_SURFACE(3,2,((#2169,#2170,#2171),(#2172,#2173,#2174),(#2175,#2176,
#2177),(#2178,#2179,#2180),(#2181,#2182,#2183),(#2184,#2185,#2186),(#2187,
#2188,#2189),(#2190,#2191,#2192),(#2193,#2194,#2195),(#2196,#2197,#2198),
(#2199,#2200,#2201),(#2202,#2203,#2204),(#2205,#2206,#2207),(#2208,#2209,
#2210),(#2211,#2212,#2213),(#2214,#2215,#2216),(#2217,#2218,#2219),(#2220,
#2221,#2222)),.UNSPECIFIED.,.F.,.F.,.F.)
B_SPLINE_SURFACE_WITH_KNOTS((4,2,2,2,2,2,2,2,4),(3,3),(0.,0.125,0.25,0.375,
0.5,0.625,0.75,0.875,1.),(0.,1.),.UNSPECIFIED.)
GEOMETRIC_REPRESENTATION_ITEM()
RATIONAL_B_SPLINE_SURFACE(((1.,0.821941960233163,1.),(1.,0.821799544942415,
1.),(1.,0.829442349740077,1.),(1.,0.854519938550719,1.),(1.,0.871852813012419,
1.),(1.,0.906857426252992,1.),(1.,0.924780387867133,1.),(1.,0.952193714669222,
1.),(1.,0.961771183624128,1.),(1.,0.961768031858934,1.),(1.,0.952322475394836,
1.),(1.,0.925029583581762,1.),(1.,0.907360899360558,1.),(1.,0.872512662451088,
1.),(1.,0.855825375262173,1.),(1.,0.830963173568287,1.),(1.,0.823757591676784,
1.),(1.,0.823758508711584,1.)))
REPRESENTATION_ITEM('')
SURFACE()
);
#83=(
BOUNDED_SURFACE()
B_SPLINE_SURFACE(3,2,((#2380,#2381,#2382),(#2383,#2384,#2385),(#2386,#2387,
#2388),(#2389,#2390,#2391),(#2392,#2393,#2394),(#2395,#2396,#2397),(#2398,
#2399,#2400),(#2401,#2402,#2403),(#2404,#2405,#2406),(#2407,#2408,#2409),
(#2410,#2411,#2412),(#2413,#2414,#2415),(#2416,#2417,#2418),(#2419,#2420,
#2421),(#2422,#2423,#2424),(#2425,#2426,#2427),(#2428,#2429,#2430),(#2431,
#2432,#2433),(#2434,#2435,#2436),(#2437,#2438,#2439),(#2440,#2441,#2442),
(#2443,#2444,#2445),(#2446,#2447,#2448),(#2449,#2450,#2451),(#2452,#2453,
#2454),(#2455,#2456,#2457),(#2458,#2459,#2460),(#2461,#2462,#2463),(#2464,
#2465,#2466),(#2467,#2468,#2469),(#2470,#2471,#2472),(#2473,#2474,#2475),
(#2476,#2477,#2478),(#2479,#2480,#2481)),.UNSPECIFIED.,.T.,.F.,.F.)
B_SPLINE_SURFACE_WITH_KNOTS((1,3,2,2,2,2,2,2,2,2,2,2,2,2,2,2,2,3,1),(3,
3),(-0.0625,0.,0.0625,0.125,0.1875,0.25,0.3125,0.375,0.4375,0.5,0.5625,
0.625,0.6875,0.75,0.8125,0.875,0.9375,1.,1.0625),(0.,1.),.UNSPECIFIED.)
GEOMETRIC_REPRESENTATION_ITEM()
RATIONAL_B_SPLINE_SURFACE(((1.,0.935404057915596,1.),(1.,0.921497193737079,
1.),(1.,0.903568221838352,1.),(1.,0.867833247048173,1.),(1.,0.850184277247649,
1.),(1.,0.824687153176131,1.),(1.,0.816997045679195,1.),(1.,0.817009775649759,
1.),(1.,0.824530428903292,1.),(1.,0.850341628105308,1.),(1.,0.867619205999519,
1.),(1.,0.903408520432852,1.),(1.,0.921295373944831,1.),(1.,0.949023779550475,
1.),(1.,0.95836867739727,1.),(1.,0.958377650765863,1.),(1.,0.948954697353614,
1.),(1.,0.920949885393269,1.),(1.,0.902689618651773,1.),(1.,0.866676919451888,
1.),(1.,0.848839123882048,1.),(1.,0.82275511136816,1.),(1.,0.81508475293689,
1.),(1.,0.815132510042172,1.),(1.,0.822963050506363,1.),(1.,0.848609744874316,
1.),(1.,0.866491955174283,1.),(1.,0.902332514799163,1.),(1.,0.920614297108805,
1.),(1.,0.948602275192126,1.),(1.,0.958239512790039,1.),(1.,0.95850383036582,
1.),(1.,0.949310922094113,1.),(1.,0.935404057915596,1.)))
REPRESENTATION_ITEM('')
SURFACE()
);
#84=(
BOUNDED_SURFACE()
B_SPLINE_SURFACE(3,2,((#2860,#2861,#2862),(#2863,#2864,#2865),(#2866,#2867,
#2868),(#2869,#2870,#2871),(#2872,#2873,#2874),(#2875,#2876,#2877),(#2878,
#2879,#2880),(#2881,#2882,#2883),(#2884,#2885,#2886),(#2887,#2888,#2889),
(#2890,#2891,#2892),(#2893,#2894,#2895),(#2896,#2897,#2898),(#2899,#2900,
#2901),(#2902,#2903,#2904),(#2905,#2906,#2907),(#2908,#2909,#2910),(#2911,
#2912,#2913)),.UNSPECIFIED.,.F.,.F.,.F.)
B_SPLINE_SURFACE_WITH_KNOTS((4,2,2,2,2,2,2,2,4),(3,3),(0.,0.125,0.25,0.375,
0.5,0.625,0.75,0.875,1.),(0.,1.),.UNSPECIFIED.)
GEOMETRIC_REPRESENTATION_ITEM()
RATIONAL_B_SPLINE_SURFACE(((1.,0.823758508711584,1.),(1.,0.823573017299167,
1.),(1.,0.831139848337344,1.),(1.,0.855731058196795,1.),(1.,0.872807489966812,
1.),(1.,0.90759139298521,1.),(1.,0.925150297854023,1.),(1.,0.952612398225191,
1.),(1.,0.96186308468915,1.),(1.,0.961674614150249,1.),(1.,0.952070114711373,
1.),(1.,0.924453694380067,1.),(1.,0.906490105860148,1.),(1.,0.871578051581457,
1.),(1.,0.854271912253488,1.),(1.,0.82944871189323,1.),(1.,0.821722197254058,
1.),(1.,0.821941960233162,1.)))
REPRESENTATION_ITEM('')
SURFACE()
);
#85=SURFACE_OF_REVOLUTION('',#434,#88);
#86=SURFACE_OF_REVOLUTION('',#446,#89);
#87=SURFACE_OF_REVOLUTION('',#465,#90);
#88=AXIS1_PLACEMENT('',#2143,#1457);
#89=AXIS1_PLACEMENT('',#2548,#1538);
#90=AXIS1_PLACEMENT('',#3052,#1633);
#91=PLANE('',#1276);
#92=PLANE('',#1281);
#93=PLANE('',#1282);
#94=PLANE('',#1283);
#95=PLANE('',#1296);
#96=PLANE('',#1297);
#97=PLANE('',#1299);
#98=PLANE('',#1300);
#99=PLANE('',#1301);
#100=PLANE('',#1303);
#101=PLANE('',#1305);
#102=PLANE('',#1310);
#103=PLANE('',#1315);
#104=PLANE('',#1319);
#105=PLANE('',#1323);
#106=PLANE('',#1325);
#107=PLANE('',#1327);
#108=PLANE('',#1330);
#109=PLANE('',#1334);
#110=PLANE('',#1335);
#111=PLANE('',#1361);
#112=PLANE('',#1362);
#113=PLANE('',#1363);
#114=PLANE('',#1364);
#115=PLANE('',#1365);
#116=PLANE('',#1366);
#117=PLANE('',#1368);
#118=PLANE('',#1370);
#119=PLANE('',#1374);
#120=PLANE('',#1377);
#121=PLANE('',#1379);
#122=PLANE('',#1382);
#123=PLANE('',#1385);
#124=PLANE('',#1387);
#125=TOROIDAL_SURFACE('',#1274,14.,5.);
#126=TOROIDAL_SURFACE('',#1312,14.,3.7);
#127=TOROIDAL_SURFACE('',#1314,14.,3.7);
#128=TOROIDAL_SURFACE('',#1355,14.,5.);
#129=TOROIDAL_SURFACE('',#1376,14.,3.7);
#130=TOROIDAL_SURFACE('',#1384,14.,3.7);
#131=FACE_BOUND('',#325,.T.);
#132=FACE_BOUND('',#326,.T.);
#133=FACE_BOUND('',#328,.T.);
#134=FACE_BOUND('',#329,.T.);
#135=FACE_BOUND('',#333,.T.);
#136=FACE_BOUND('',#334,.T.);
#137=FACE_BOUND('',#344,.T.);
#138=FACE_BOUND('',#345,.T.);
#139=FACE_BOUND('',#349,.T.);
#140=FACE_BOUND('',#350,.T.);
#141=FACE_BOUND('',#351,.T.);
#142=FACE_BOUND('',#352,.T.);
#143=FACE_BOUND('',#356,.T.);
#144=FACE_BOUND('',#357,.T.);
#145=FACE_BOUND('',#360,.T.);
#146=FACE_BOUND('',#361,.T.);
#147=FACE_BOUND('',#362,.T.);
#148=FACE_BOUND('',#363,.T.);
#149=FACE_BOUND('',#364,.T.);
#150=FACE_BOUND('',#365,.T.);
#151=FACE_BOUND('',#366,.T.);
#152=FACE_BOUND('',#367,.T.);
#153=FACE_BOUND('',#368,.T.);
#154=FACE_BOUND('',#369,.T.);
#155=FACE_BOUND('',#371,.T.);
#156=FACE_BOUND('',#372,.T.);
#157=FACE_BOUND('',#373,.T.);
#158=FACE_BOUND('',#374,.T.);
#159=FACE_BOUND('',#378,.T.);
#160=FACE_BOUND('',#379,.T.);
#161=FACE_BOUND('',#390,.T.);
#162=FACE_BOUND('',#391,.T.);
#163=FACE_BOUND('',#393,.T.);
#164=FACE_BOUND('',#394,.T.);
#165=FACE_BOUND('',#398,.T.);
#166=FACE_BOUND('',#399,.T.);
#167=FACE_BOUND('',#403,.T.);
#168=FACE_BOUND('',#404,.T.);
#169=FACE_BOUND('',#405,.T.);
#170=FACE_BOUND('',#406,.T.);
#171=FACE_BOUND('',#412,.T.);
#172=FACE_BOUND('',#413,.T.);
#173=FACE_BOUND('',#418,.T.);
#174=FACE_BOUND('',#419,.T.);
#175=ADVANCED_FACE('',(#269),#251,.T.);
#176=ADVANCED_FACE('',(#270),#252,.F.);
#177=ADVANCED_FACE('',(#131,#132),#125,.F.);
#178=ADVANCED_FACE('',(#271),#91,.F.);
#179=ADVANCED_FACE('',(#133,#134),#92,.F.);
#180=ADVANCED_FACE('',(#272),#93,.T.);
#181=ADVANCED_FACE('',(#273),#94,.F.);
#182=ADVANCED_FACE('',(#274),#253,.F.);
#183=ADVANCED_FACE('',(#135,#136),#85,.T.);
#184=ADVANCED_FACE('',(#275),#254,.F.);
#185=ADVANCED_FACE('',(#276),#82,.T.);
#186=ADVANCED_FACE('',(#277),#255,.F.);
#187=ADVANCED_FACE('',(#278),#78,.F.);
#188=ADVANCED_FACE('',(#279),#256,.F.);
#189=ADVANCED_FACE('',(#280),#79,.F.);
#190=ADVANCED_FACE('',(#281),#257,.F.);
#191=ADVANCED_FACE('',(#282),#95,.F.);
#192=ADVANCED_FACE('',(#283),#96,.T.);
#193=ADVANCED_FACE('',(#137,#138),#258,.F.);
#194=ADVANCED_FACE('',(#284),#97,.T.);
#195=ADVANCED_FACE('',(#285),#98,.T.);
#196=ADVANCED_FACE('',(#286),#99,.T.);
#197=ADVANCED_FACE('',(#139,#140),#100,.T.);
#198=ADVANCED_FACE('',(#141,#142),#101,.T.);
#199=ADVANCED_FACE('',(#287),#70,.F.);
#200=ADVANCED_FACE('',(#288),#71,.F.);
#201=ADVANCED_FACE('',(#289),#102,.T.);
#202=ADVANCED_FACE('',(#143,#144),#126,.T.);
#203=ADVANCED_FACE('',(#290),#127,.T.);
#204=ADVANCED_FACE('',(#291),#103,.F.);
#205=ADVANCED_FACE('',(#145,#146),#83,.T.);
#206=ADVANCED_FACE('',(#147,#148),#259,.T.);
#207=ADVANCED_FACE('',(#149,#150),#104,.F.);
#208=ADVANCED_FACE('',(#151,#152),#86,.T.);
#209=ADVANCED_FACE('',(#153,#154),#260,.T.);
#210=ADVANCED_FACE('',(#292),#105,.F.);
#211=ADVANCED_FACE('',(#155,#156),#106,.T.);
#212=ADVANCED_FACE('',(#157,#158),#107,.T.);
#213=ADVANCED_FACE('',(#293),#72,.F.);
#214=ADVANCED_FACE('',(#294),#73,.F.);
#215=ADVANCED_FACE('',(#295),#108,.F.);
#216=ADVANCED_FACE('',(#159,#160),#261,.F.);
#217=ADVANCED_FACE('',(#296),#109,.F.);
#218=ADVANCED_FACE('',(#297),#110,.F.);
#219=ADVANCED_FACE('',(#298),#262,.F.);
#220=ADVANCED_FACE('',(#299),#80,.F.);
#221=ADVANCED_FACE('',(#300),#263,.F.);
#222=ADVANCED_FACE('',(#301),#264,.F.);
#223=ADVANCED_FACE('',(#302),#81,.F.);
#224=ADVANCED_FACE('',(#303),#265,.F.);
#225=ADVANCED_FACE('',(#304),#84,.T.);
#226=ADVANCED_FACE('',(#305),#266,.F.);
#227=ADVANCED_FACE('',(#161,#162),#128,.F.);
#228=ADVANCED_FACE('',(#306),#267,.F.);
#229=ADVANCED_FACE('',(#163,#164),#87,.T.);
#230=ADVANCED_FACE('',(#307),#268,.F.);
#231=ADVANCED_FACE('',(#308),#111,.T.);
#232=ADVANCED_FACE('',(#309),#112,.F.);
#233=ADVANCED_FACE('',(#165,#166),#113,.F.);
#234=ADVANCED_FACE('',(#310),#114,.F.);
#235=ADVANCED_FACE('',(#311),#115,.F.);
#236=ADVANCED_FACE('',(#312),#116,.F.);
#237=ADVANCED_FACE('',(#167,#168),#117,.F.);
#238=ADVANCED_FACE('',(#169,#170),#118,.F.);
#239=ADVANCED_FACE('',(#313),#74,.T.);
#240=ADVANCED_FACE('',(#314),#75,.T.);
#241=ADVANCED_FACE('',(#315),#119,.F.);
#242=ADVANCED_FACE('',(#316),#129,.T.);
#243=ADVANCED_FACE('',(#317),#120,.T.);
#244=ADVANCED_FACE('',(#171,#172),#121,.F.);
#245=ADVANCED_FACE('',(#318),#76,.T.);
#246=ADVANCED_FACE('',(#319),#122,.F.);
#247=ADVANCED_FACE('',(#320),#130,.T.);
#248=ADVANCED_FACE('',(#321),#123,.T.);
#249=ADVANCED_FACE('',(#173,#174),#124,.F.);
#250=ADVANCED_FACE('',(#322),#77,.T.);
#251=CYLINDRICAL_SURFACE('',#1266,2.96691934060021);
#252=CYLINDRICAL_SURFACE('',#1269,1.5);
#253=CYLINDRICAL_SURFACE('',#1284,0.4);
#254=CYLINDRICAL_SURFACE('',#1287,3.5);
#255=CYLINDRICAL_SURFACE('',#1290,0.4);
#256=CYLINDRICAL_SURFACE('',#1293,1.5);
#257=CYLINDRICAL_SURFACE('',#1295,2.96691934060021);
#258=CYLINDRICAL_SURFACE('',#1298,0.4);
#259=CYLINDRICAL_SURFACE('',#1317,2.2);
#260=CYLINDRICAL_SURFACE('',#1322,2.96691934060021);
#261=CYLINDRICAL_SURFACE('',#1332,0.4);
#262=CYLINDRICAL_SURFACE('',#1337,0.4);
#263=CYLINDRICAL_SURFACE('',#1341,1.5);
#264=CYLINDRICAL_SURFACE('',#1343,2.96691934060021);
#265=CYLINDRICAL_SURFACE('',#1347,1.5);
#266=CYLINDRICAL_SURFACE('',#1351,3.5);
#267=CYLINDRICAL_SURFACE('',#1357,2.96691934060021);
#268=CYLINDRICAL_SURFACE('',#1360,0.4);
#269=FACE_OUTER_BOUND('',#323,.T.);
#270=FACE_OUTER_BOUND('',#324,.T.);
#271=FACE_OUTER_BOUND('',#327,.T.);
#272=FACE_OUTER_BOUND('',#330,.T.);
#273=FACE_OUTER_BOUND('',#331,.T.);
#274=FACE_OUTER_BOUND('',#332,.T.);
#275=FACE_OUTER_BOUND('',#335,.T.);
#276=FACE_OUTER_BOUND('',#336,.T.);
#277=FACE_OUTER_BOUND('',#337,.T.);
#278=FACE_OUTER_BOUND('',#338,.T.);
#279=FACE_OUTER_BOUND('',#339,.T.);
#280=FACE_OUTER_BOUND('',#340,.T.);
#281=FACE_OUTER_BOUND('',#341,.T.);
#282=FACE_OUTER_BOUND('',#342,.T.);
#283=FACE_OUTER_BOUND('',#343,.T.);
#284=FACE_OUTER_BOUND('',#346,.T.);
#285=FACE_OUTER_BOUND('',#347,.T.);
#286=FACE_OUTER_BOUND('',#348,.T.);
#287=FACE_OUTER_BOUND('',#353,.T.);
#288=FACE_OUTER_BOUND('',#354,.T.);
#289=FACE_OUTER_BOUND('',#355,.T.);
#290=FACE_OUTER_BOUND('',#358,.T.);
#291=FACE_OUTER_BOUND('',#359,.T.);
#292=FACE_OUTER_BOUND('',#370,.T.);
#293=FACE_OUTER_BOUND('',#375,.T.);
#294=FACE_OUTER_BOUND('',#376,.T.);
#295=FACE_OUTER_BOUND('',#377,.T.);
#296=FACE_OUTER_BOUND('',#380,.T.);
#297=FACE_OUTER_BOUND('',#381,.T.);
#298=FACE_OUTER_BOUND('',#382,.T.);
#299=FACE_OUTER_BOUND('',#383,.T.);
#300=FACE_OUTER_BOUND('',#384,.T.);
#301=FACE_OUTER_BOUND('',#385,.T.);
#302=FACE_OUTER_BOUND('',#386,.T.);
#303=FACE_OUTER_BOUND('',#387,.T.);
#304=FACE_OUTER_BOUND('',#388,.T.);
#305=FACE_OUTER_BOUND('',#389,.T.);
#306=FACE_OUTER_BOUND('',#392,.T.);
#307=FACE_OUTER_BOUND('',#395,.T.);
#308=FACE_OUTER_BOUND('',#396,.T.);
#309=FACE_OUTER_BOUND('',#397,.T.);
#310=FACE_OUTER_BOUND('',#400,.T.);
#311=FACE_OUTER_BOUND('',#401,.T.);
#312=FACE_OUTER_BOUND('',#402,.T.);
#313=FACE_OUTER_BOUND('',#407,.T.);
#314=FACE_OUTER_BOUND('',#408,.T.);
#315=FACE_OUTER_BOUND('',#409,.T.);
#316=FACE_OUTER_BOUND('',#410,.T.);
#317=FACE_OUTER_BOUND('',#411,.T.);
#318=FACE_OUTER_BOUND('',#414,.T.);
#319=FACE_OUTER_BOUND('',#415,.T.);
#320=FACE_OUTER_BOUND('',#416,.T.);
#321=FACE_OUTER_BOUND('',#417,.T.);
#322=FACE_OUTER_BOUND('',#420,.T.);
#323=EDGE_LOOP('',(#611,#612,#613,#614));
#324=EDGE_LOOP('',(#615,#616,#617,#618,#619));
#325=EDGE_LOOP('',(#620,#621,#622,#623,#624,#625,#626,#627,#628));
#326=EDGE_LOOP('',(#629));
#327=EDGE_LOOP('',(#630,#631,#632,#633,#634,#635,#636,#637,#638));
#328=EDGE_LOOP('',(#639));
#329=EDGE_LOOP('',(#640,#641,#642,#643,#644,#645,#646,#647,#648,#649));
#330=EDGE_LOOP('',(#650,#651,#652,#653));
#331=EDGE_LOOP('',(#654,#655,#656,#657));
#332=EDGE_LOOP('',(#658,#659,#660,#661));
#333=EDGE_LOOP('',(#662));
#334=EDGE_LOOP('',(#663,#664,#665,#666,#667,#668,#669,#670));
#335=EDGE_LOOP('',(#671,#672,#673,#674));
#336=EDGE_LOOP('',(#675,#676,#677,#678));
#337=EDGE_LOOP('',(#679,#680,#681,#682));
#338=EDGE_LOOP('',(#683,#684,#685));
#339=EDGE_LOOP('',(#686,#687,#688,#689,#690));
#340=EDGE_LOOP('',(#691,#692,#693));
#341=EDGE_LOOP('',(#694,#695,#696,#697));
#342=EDGE_LOOP('',(#698,#699,#700,#701));
#343=EDGE_LOOP('',(#702));
#344=EDGE_LOOP('',(#703));
#345=EDGE_LOOP('',(#704));
#346=EDGE_LOOP('',(#705,#706,#707,#708));
#347=EDGE_LOOP('',(#709,#710,#711,#712));
#348=EDGE_LOOP('',(#713,#714,#715,#716));
#349=EDGE_LOOP('',(#717));
#350=EDGE_LOOP('',(#718,#719,#720,#721,#722,#723,#724,#725,#726,#727));
#351=EDGE_LOOP('',(#728));
#352=EDGE_LOOP('',(#729,#730,#731,#732,#733,#734,#735,#736,#737,#738));
#353=EDGE_LOOP('',(#739));
#354=EDGE_LOOP('',(#740));
#355=EDGE_LOOP('',(#741,#742,#743,#744));
#356=EDGE_LOOP('',(#745));
#357=EDGE_LOOP('',(#746,#747,#748,#749));
#358=EDGE_LOOP('',(#750,#751,#752,#753));
#359=EDGE_LOOP('',(#754,#755,#756,#757));
#360=EDGE_LOOP('',(#758));
#361=EDGE_LOOP('',(#759));
#362=EDGE_LOOP('',(#760));
#363=EDGE_LOOP('',(#761));
#364=EDGE_LOOP('',(#762));
#365=EDGE_LOOP('',(#763));
#366=EDGE_LOOP('',(#764));
#367=EDGE_LOOP('',(#765));
#368=EDGE_LOOP('',(#766));
#369=EDGE_LOOP('',(#767));
#370=EDGE_LOOP('',(#768));
#371=EDGE_LOOP('',(#769));
#372=EDGE_LOOP('',(#770,#771,#772,#773));
#373=EDGE_LOOP('',(#774));
#374=EDGE_LOOP('',(#775,#776,#777,#778));
#375=EDGE_LOOP('',(#779));
#376=EDGE_LOOP('',(#780));
#377=EDGE_LOOP('',(#781,#782,#783,#784));
#378=EDGE_LOOP('',(#785));
#379=EDGE_LOOP('',(#786));
#380=EDGE_LOOP('',(#787));
#381=EDGE_LOOP('',(#788,#789,#790,#791));
#382=EDGE_LOOP('',(#792,#793,#794,#795));
#383=EDGE_LOOP('',(#796,#797,#798));
#384=EDGE_LOOP('',(#799,#800,#801,#802,#803));
#385=EDGE_LOOP('',(#804,#805,#806,#807));
#386=EDGE_LOOP('',(#808,#809,#810));
#387=EDGE_LOOP('',(#811,#812,#813,#814,#815));
#388=EDGE_LOOP('',(#816,#817,#818,#819));
#389=EDGE_LOOP('',(#820,#821,#822,#823));
#390=EDGE_LOOP('',(#824,#825,#826,#827,#828,#829,#830,#831,#832));
#391=EDGE_LOOP('',(#833));
#392=EDGE_LOOP('',(#834,#835,#836,#837));
#393=EDGE_LOOP('',(#838));
#394=EDGE_LOOP('',(#839,#840,#841,#842,#843,#844,#845,#846));
#395=EDGE_LOOP('',(#847,#848,#849,#850));
#396=EDGE_LOOP('',(#851,#852,#853,#854));
#397=EDGE_LOOP('',(#855,#856,#857,#858,#859,#860,#861,#862,#863));
#398=EDGE_LOOP('',(#864));
#399=EDGE_LOOP('',(#865,#866,#867,#868,#869,#870,#871,#872,#873,#874));
#400=EDGE_LOOP('',(#875,#876,#877,#878));
#401=EDGE_LOOP('',(#879,#880,#881,#882));
#402=EDGE_LOOP('',(#883,#884,#885,#886));
#403=EDGE_LOOP('',(#887));
#404=EDGE_LOOP('',(#888,#889,#890,#891,#892,#893,#894,#895,#896,#897));
#405=EDGE_LOOP('',(#898));
#406=EDGE_LOOP('',(#899,#900,#901,#902,#903,#904,#905,#906,#907,#908));
#407=EDGE_LOOP('',(#909));
#408=EDGE_LOOP('',(#910));
#409=EDGE_LOOP('',(#911,#912));
#410=EDGE_LOOP('',(#913,#914,#915,#916));
#411=EDGE_LOOP('',(#917,#918));
#412=EDGE_LOOP('',(#919));
#413=EDGE_LOOP('',(#920,#921,#922,#923));
#414=EDGE_LOOP('',(#924));
#415=EDGE_LOOP('',(#925,#926));
#416=EDGE_LOOP('',(#927,#928,#929,#930));
#417=EDGE_LOOP('',(#931,#932));
#418=EDGE_LOOP('',(#933));
#419=EDGE_LOOP('',(#934,#935,#936,#937));
#420=EDGE_LOOP('',(#938));
#421=CIRCLE('',#1265,2.96691934060021);
#422=CIRCLE('',#1267,1.5);
#423=CIRCLE('',#1268,1.5);
#424=CIRCLE('',#1270,19.);
#425=CIRCLE('',#1271,19.);
#426=CIRCLE('',#1272,19.);
#427=CIRCLE('',#1273,14.);
#428=CIRCLE('',#1275,1.5);
#429=CIRCLE('',#1277,0.4);
#430=CIRCLE('',#1278,0.4);
#431=CIRCLE('',#1279,2.96691934060021);
#432=CIRCLE('',#1280,0.4);
#433=CIRCLE('',#1285,3.5);
#434=CIRCLE('',#1286,0.799999999999997);
#435=CIRCLE('',#1288,5.);
#436=CIRCLE('',#1289,5.);
#437=CIRCLE('',#1292,1.5);
#438=CIRCLE('',#1302,2.5);
#439=CIRCLE('',#1304,2.5);
#440=CIRCLE('',#1308,14.);
#441=CIRCLE('',#1309,14.);
#442=CIRCLE('',#1311,14.);
#443=CIRCLE('',#1313,14.);
#444=CIRCLE('',#1316,2.2);
#445=CIRCLE('',#1318,2.70042106187754);
#446=CIRCLE('',#1320,0.799999999999997);
#447=CIRCLE('',#1321,2.96691934060021);
#448=CIRCLE('',#1324,2.5);
#449=CIRCLE('',#1326,2.5);
#450=CIRCLE('',#1331,0.4);
#451=CIRCLE('',#1333,14.);
#452=CIRCLE('',#1336,0.4);
#453=CIRCLE('',#1338,1.5);
#454=CIRCLE('',#1340,1.5);
#455=CIRCLE('',#1342,2.96691934060021);
#456=CIRCLE('',#1344,1.5);
#457=CIRCLE('',#1346,1.5);
#458=CIRCLE('',#1348,5.);
#459=CIRCLE('',#1349,5.);
#460=CIRCLE('',#1350,3.5);
#461=CIRCLE('',#1352,19.);
#462=CIRCLE('',#1353,19.);
#463=CIRCLE('',#1354,19.);
#464=CIRCLE('',#1356,2.96691934060021);
#465=CIRCLE('',#1358,0.799999999999997);
#466=CIRCLE('',#1359,0.4);
#467=CIRCLE('',#1367,2.5);
#468=CIRCLE('',#1369,2.5);
#469=CIRCLE('',#1373,14.);
#470=CIRCLE('',#1375,14.);
#471=CIRCLE('',#1378,2.5);
#472=CIRCLE('',#1381,14.);
#473=CIRCLE('',#1383,14.);
#474=CIRCLE('',#1386,2.5);
#475=LINE('',#1744,#543);
#476=LINE('',#1748,#544);
#477=LINE('',#1752,#545);
#478=LINE('',#1844,#546);
#479=LINE('',#1848,#547);
#480=LINE('',#1850,#548);
#481=LINE('',#1852,#549);
#482=LINE('',#1854,#550);
#483=LINE('',#1856,#551);
#484=LINE('',#1860,#552);
#485=LINE('',#1863,#553);
#486=LINE('',#1865,#554);
#487=LINE('',#1867,#555);
#488=LINE('',#1869,#556);
#489=LINE('',#1873,#557);
#490=LINE('',#1877,#558);
#491=LINE('',#1881,#559);
#492=LINE('',#1882,#560);
#493=LINE('',#1884,#561);
#494=LINE('',#1885,#562);
#495=LINE('',#1887,#563);
#496=LINE('',#1939,#564);
#497=LINE('',#2144,#565);
#498=LINE('',#2165,#566);
#499=LINE('',#2223,#567);
#500=LINE('',#2224,#568);
#501=LINE('',#2231,#569);
#502=LINE('',#2234,#570);
#503=LINE('',#2241,#571);
#504=LINE('',#2242,#572);
#505=LINE('',#2261,#573);
#506=LINE('',#2265,#574);
#507=LINE('',#2342,#575);
#508=LINE('',#2343,#576);
#509=LINE('',#2561,#577);
#510=LINE('',#2564,#578);
#511=LINE('',#2566,#579);
#512=LINE('',#2568,#580);
#513=LINE('',#2638,#581);
#514=LINE('',#2640,#582);
#515=LINE('',#2642,#583);
#516=LINE('',#2683,#584);
#517=LINE('',#2687,#585);
#518=LINE('',#2734,#586);
#519=LINE('',#2738,#587);
#520=LINE('',#2743,#588);
#521=LINE('',#2777,#589);
#522=LINE('',#2807,#590);
#523=LINE('',#2914,#591);
#524=LINE('',#2918,#592);
#525=LINE('',#2927,#593);
#526=LINE('',#2961,#594);
#527=LINE('',#3053,#595);
#528=LINE('',#3057,#596);
#529=LINE('',#3059,#597);
#530=LINE('',#3062,#598);
#531=LINE('',#3063,#599);
#532=LINE('',#3065,#600);
#533=LINE('',#3066,#601);
#534=LINE('',#3067,#602);
#535=LINE('',#3069,#603);
#536=LINE('',#3070,#604);
#537=LINE('',#3071,#605);
#538=LINE('',#3072,#606);
#539=LINE('',#3088,#607);
#540=LINE('',#3114,#608);
#541=LINE('',#3123,#609);
#542=LINE('',#3149,#610);
#543=VECTOR('',#1391,1.);
#544=VECTOR('',#1394,1.);
#545=VECTOR('',#1399,1.);
#546=VECTOR('',#1414,1.);
#547=VECTOR('',#1417,1.);
#548=VECTOR('',#1418,1.);
#549=VECTOR('',#1419,1.);
#550=VECTOR('',#1420,1.);
#551=VECTOR('',#1421,1.);
#552=VECTOR('',#1426,1.);
#553=VECTOR('',#1427,1.);
#554=VECTOR('',#1428,1.);
#555=VECTOR('',#1429,1.);
#556=VECTOR('',#1430,1.);
#557=VECTOR('',#1433,1.);
#558=VECTOR('',#1436,1.);
#559=VECTOR('',#1441,1.);
#560=VECTOR('',#1442,1.);
#561=VECTOR('',#1445,1.);
#562=VECTOR('',#1446,1.);
#563=VECTOR('',#1449,1.);
#564=VECTOR('',#1450,1.);
#565=VECTOR('',#1458,1.);
#566=VECTOR('',#1459,1.);
#567=VECTOR('',#1466,1.);
#568=VECTOR('',#1467,1.);
#569=VECTOR('',#1472,1.);
#570=VECTOR('',#1475,1.);
#571=VECTOR('',#1480,1.);
#572=VECTOR('',#1481,1.);
#573=VECTOR('',#1510,1.);
#574=VECTOR('',#1513,1.);
#575=VECTOR('',#1524,1.);
#576=VECTOR('',#1525,1.);
#577=VECTOR('',#1557,1.);
#578=VECTOR('',#1558,1.);
#579=VECTOR('',#1559,1.);
#580=VECTOR('',#1560,1.);
#581=VECTOR('',#1571,1.);
#582=VECTOR('',#1572,1.);
#583=VECTOR('',#1573,1.);
#584=VECTOR('',#1576,1.);
#585=VECTOR('',#1579,1.);
#586=VECTOR('',#1586,1.);
#587=VECTOR('',#1589,1.);
#588=VECTOR('',#1594,1.);
#589=VECTOR('',#1595,1.);
#590=VECTOR('',#1602,1.);
#591=VECTOR('',#1611,1.);
#592=VECTOR('',#1614,1.);
#593=VECTOR('',#1627,1.);
#594=VECTOR('',#1628,1.);
#595=VECTOR('',#1634,1.);
#596=VECTOR('',#1637,1.);
#597=VECTOR('',#1640,1.);
#598=VECTOR('',#1641,1.);
#599=VECTOR('',#1642,1.);
#600=VECTOR('',#1645,1.);
#601=VECTOR('',#1646,1.);
#602=VECTOR('',#1647,1.);
#603=VECTOR('',#1650,1.);
#604=VECTOR('',#1651,1.);
#605=VECTOR('',#1652,1.);
#606=VECTOR('',#1653,1.);
#607=VECTOR('',#1676,1.);
#608=VECTOR('',#1683,1.);
#609=VECTOR('',#1694,1.);
#610=VECTOR('',#1701,1.);
#611=ORIENTED_EDGE('',*,*,#1055,.F.);
#612=ORIENTED_EDGE('',*,*,#1056,.T.);
#613=ORIENTED_EDGE('',*,*,#1057,.F.);
#614=ORIENTED_EDGE('',*,*,#1058,.T.);
#615=ORIENTED_EDGE('',*,*,#1058,.F.);
#616=ORIENTED_EDGE('',*,*,#1059,.F.);
#617=ORIENTED_EDGE('',*,*,#1060,.F.);
#618=ORIENTED_EDGE('',*,*,#1061,.F.);
#619=ORIENTED_EDGE('',*,*,#1062,.F.);
#620=ORIENTED_EDGE('',*,*,#1062,.T.);
#621=ORIENTED_EDGE('',*,*,#1063,.T.);
#622=ORIENTED_EDGE('',*,*,#1064,.F.);
#623=ORIENTED_EDGE('',*,*,#1065,.T.);
#624=ORIENTED_EDGE('',*,*,#1066,.F.);
#625=ORIENTED_EDGE('',*,*,#1067,.T.);
#626=ORIENTED_EDGE('',*,*,#1068,.T.);
#627=ORIENTED_EDGE('',*,*,#1069,.F.);
#628=ORIENTED_EDGE('',*,*,#1055,.T.);
#629=ORIENTED_EDGE('',*,*,#1070,.F.);
#630=ORIENTED_EDGE('',*,*,#1057,.T.);
#631=ORIENTED_EDGE('',*,*,#1071,.F.);
#632=ORIENTED_EDGE('',*,*,#1072,.T.);
#633=ORIENTED_EDGE('',*,*,#1073,.F.);
#634=ORIENTED_EDGE('',*,*,#1074,.F.);
#635=ORIENTED_EDGE('',*,*,#1075,.T.);
#636=ORIENTED_EDGE('',*,*,#1076,.T.);
#637=ORIENTED_EDGE('',*,*,#1077,.F.);
#638=ORIENTED_EDGE('',*,*,#1059,.T.);
#639=ORIENTED_EDGE('',*,*,#1078,.T.);
#640=ORIENTED_EDGE('',*,*,#1079,.T.);
#641=ORIENTED_EDGE('',*,*,#1080,.T.);
#642=ORIENTED_EDGE('',*,*,#1081,.F.);
#643=ORIENTED_EDGE('',*,*,#1082,.F.);
#644=ORIENTED_EDGE('',*,*,#1083,.T.);
#645=ORIENTED_EDGE('',*,*,#1084,.T.);
#646=ORIENTED_EDGE('',*,*,#1085,.T.);
#647=ORIENTED_EDGE('',*,*,#1086,.T.);
#648=ORIENTED_EDGE('',*,*,#1087,.T.);
#649=ORIENTED_EDGE('',*,*,#1088,.T.);
#650=ORIENTED_EDGE('',*,*,#1074,.T.);
#651=ORIENTED_EDGE('',*,*,#1089,.T.);
#652=ORIENTED_EDGE('',*,*,#1082,.T.);
#653=ORIENTED_EDGE('',*,*,#1090,.T.);
#654=ORIENTED_EDGE('',*,*,#1091,.F.);
#655=ORIENTED_EDGE('',*,*,#1076,.F.);
#656=ORIENTED_EDGE('',*,*,#1092,.F.);
#657=ORIENTED_EDGE('',*,*,#1080,.F.);
#658=ORIENTED_EDGE('',*,*,#1093,.T.);
#659=ORIENTED_EDGE('',*,*,#1094,.F.);
#660=ORIENTED_EDGE('',*,*,#1095,.T.);
#661=ORIENTED_EDGE('',*,*,#1088,.F.);
#662=ORIENTED_EDGE('',*,*,#1096,.T.);
#663=ORIENTED_EDGE('',*,*,#1097,.T.);
#664=ORIENTED_EDGE('',*,*,#1098,.T.);
#665=ORIENTED_EDGE('',*,*,#1099,.T.);
#666=ORIENTED_EDGE('',*,*,#1100,.T.);
#667=ORIENTED_EDGE('',*,*,#1101,.T.);
#668=ORIENTED_EDGE('',*,*,#1102,.T.);
#669=ORIENTED_EDGE('',*,*,#1103,.T.);
#670=ORIENTED_EDGE('',*,*,#1094,.T.);
#671=ORIENTED_EDGE('',*,*,#1102,.F.);
#672=ORIENTED_EDGE('',*,*,#1104,.F.);
#673=ORIENTED_EDGE('',*,*,#1105,.T.);
#674=ORIENTED_EDGE('',*,*,#1106,.F.);
#675=ORIENTED_EDGE('',*,*,#1065,.F.);
#676=ORIENTED_EDGE('',*,*,#1107,.F.);
#677=ORIENTED_EDGE('',*,*,#1105,.F.);
#678=ORIENTED_EDGE('',*,*,#1108,.F.);
#679=ORIENTED_EDGE('',*,*,#1109,.T.);
#680=ORIENTED_EDGE('',*,*,#1100,.F.);
#681=ORIENTED_EDGE('',*,*,#1110,.T.);
#682=ORIENTED_EDGE('',*,*,#1084,.F.);
#683=ORIENTED_EDGE('',*,*,#1111,.F.);
#684=ORIENTED_EDGE('',*,*,#1063,.F.);
#685=ORIENTED_EDGE('',*,*,#1061,.T.);
#686=ORIENTED_EDGE('',*,*,#1112,.F.);
#687=ORIENTED_EDGE('',*,*,#1068,.F.);
#688=ORIENTED_EDGE('',*,*,#1113,.F.);
#689=ORIENTED_EDGE('',*,*,#1114,.F.);
#690=ORIENTED_EDGE('',*,*,#1072,.F.);
#691=ORIENTED_EDGE('',*,*,#1115,.T.);
#692=ORIENTED_EDGE('',*,*,#1113,.T.);
#693=ORIENTED_EDGE('',*,*,#1067,.F.);
#694=ORIENTED_EDGE('',*,*,#1116,.T.);
#695=ORIENTED_EDGE('',*,*,#1086,.F.);
#696=ORIENTED_EDGE('',*,*,#1117,.T.);
#697=ORIENTED_EDGE('',*,*,#1098,.F.);
#698=ORIENTED_EDGE('',*,*,#1092,.T.);
#699=ORIENTED_EDGE('',*,*,#1075,.F.);
#700=ORIENTED_EDGE('',*,*,#1090,.F.);
#701=ORIENTED_EDGE('',*,*,#1081,.T.);
#702=ORIENTED_EDGE('',*,*,#1070,.T.);
#703=ORIENTED_EDGE('',*,*,#1078,.F.);
#704=ORIENTED_EDGE('',*,*,#1096,.F.);
#705=ORIENTED_EDGE('',*,*,#1085,.F.);
#706=ORIENTED_EDGE('',*,*,#1110,.F.);
#707=ORIENTED_EDGE('',*,*,#1099,.F.);
#708=ORIENTED_EDGE('',*,*,#1117,.F.);
#709=ORIENTED_EDGE('',*,*,#1093,.F.);
#710=ORIENTED_EDGE('',*,*,#1087,.F.);
#711=ORIENTED_EDGE('',*,*,#1116,.F.);
#712=ORIENTED_EDGE('',*,*,#1097,.F.);
#713=ORIENTED_EDGE('',*,*,#1069,.T.);
#714=ORIENTED_EDGE('',*,*,#1112,.T.);
#715=ORIENTED_EDGE('',*,*,#1071,.T.);
#716=ORIENTED_EDGE('',*,*,#1056,.F.);
#717=ORIENTED_EDGE('',*,*,#1118,.F.);
#718=ORIENTED_EDGE('',*,*,#1101,.F.);
#719=ORIENTED_EDGE('',*,*,#1109,.F.);
#720=ORIENTED_EDGE('',*,*,#1083,.F.);
#721=ORIENTED_EDGE('',*,*,#1089,.F.);
#722=ORIENTED_EDGE('',*,*,#1073,.T.);
#723=ORIENTED_EDGE('',*,*,#1114,.T.);
#724=ORIENTED_EDGE('',*,*,#1115,.F.);
#725=ORIENTED_EDGE('',*,*,#1066,.T.);
#726=ORIENTED_EDGE('',*,*,#1108,.T.);
#727=ORIENTED_EDGE('',*,*,#1104,.T.);
#728=ORIENTED_EDGE('',*,*,#1119,.F.);
#729=ORIENTED_EDGE('',*,*,#1091,.T.);
#730=ORIENTED_EDGE('',*,*,#1079,.F.);
#731=ORIENTED_EDGE('',*,*,#1095,.F.);
#732=ORIENTED_EDGE('',*,*,#1103,.F.);
#733=ORIENTED_EDGE('',*,*,#1106,.T.);
#734=ORIENTED_EDGE('',*,*,#1107,.T.);
#735=ORIENTED_EDGE('',*,*,#1064,.T.);
#736=ORIENTED_EDGE('',*,*,#1111,.T.);
#737=ORIENTED_EDGE('',*,*,#1060,.T.);
#738=ORIENTED_EDGE('',*,*,#1077,.T.);
#739=ORIENTED_EDGE('',*,*,#1119,.T.);
#740=ORIENTED_EDGE('',*,*,#1118,.T.);
#741=ORIENTED_EDGE('',*,*,#1120,.F.);
#742=ORIENTED_EDGE('',*,*,#1121,.F.);
#743=ORIENTED_EDGE('',*,*,#1122,.F.);
#744=ORIENTED_EDGE('',*,*,#1123,.F.);
#745=ORIENTED_EDGE('',*,*,#1124,.T.);
#746=ORIENTED_EDGE('',*,*,#1122,.T.);
#747=ORIENTED_EDGE('',*,*,#1125,.F.);
#748=ORIENTED_EDGE('',*,*,#1126,.T.);
#749=ORIENTED_EDGE('',*,*,#1127,.T.);
#750=ORIENTED_EDGE('',*,*,#1128,.T.);
#751=ORIENTED_EDGE('',*,*,#1129,.F.);
#752=ORIENTED_EDGE('',*,*,#1120,.T.);
#753=ORIENTED_EDGE('',*,*,#1130,.T.);
#754=ORIENTED_EDGE('',*,*,#1131,.F.);
#755=ORIENTED_EDGE('',*,*,#1128,.F.);
#756=ORIENTED_EDGE('',*,*,#1132,.F.);
#757=ORIENTED_EDGE('',*,*,#1126,.F.);
#758=ORIENTED_EDGE('',*,*,#1124,.F.);
#759=ORIENTED_EDGE('',*,*,#1133,.F.);
#760=ORIENTED_EDGE('',*,*,#1133,.T.);
#761=ORIENTED_EDGE('',*,*,#1134,.T.);
#762=ORIENTED_EDGE('',*,*,#1134,.F.);
#763=ORIENTED_EDGE('',*,*,#1135,.T.);
#764=ORIENTED_EDGE('',*,*,#1135,.F.);
#765=ORIENTED_EDGE('',*,*,#1136,.T.);
#766=ORIENTED_EDGE('',*,*,#1136,.F.);
#767=ORIENTED_EDGE('',*,*,#1137,.F.);
#768=ORIENTED_EDGE('',*,*,#1137,.T.);
#769=ORIENTED_EDGE('',*,*,#1138,.F.);
#770=ORIENTED_EDGE('',*,*,#1123,.T.);
#771=ORIENTED_EDGE('',*,*,#1127,.F.);
#772=ORIENTED_EDGE('',*,*,#1132,.T.);
#773=ORIENTED_EDGE('',*,*,#1130,.F.);
#774=ORIENTED_EDGE('',*,*,#1139,.F.);
#775=ORIENTED_EDGE('',*,*,#1121,.T.);
#776=ORIENTED_EDGE('',*,*,#1129,.T.);
#777=ORIENTED_EDGE('',*,*,#1131,.T.);
#778=ORIENTED_EDGE('',*,*,#1125,.T.);
#779=ORIENTED_EDGE('',*,*,#1139,.T.);
#780=ORIENTED_EDGE('',*,*,#1138,.T.);
#781=ORIENTED_EDGE('',*,*,#1140,.T.);
#782=ORIENTED_EDGE('',*,*,#1141,.F.);
#783=ORIENTED_EDGE('',*,*,#1142,.F.);
#784=ORIENTED_EDGE('',*,*,#1143,.T.);
#785=ORIENTED_EDGE('',*,*,#1144,.F.);
#786=ORIENTED_EDGE('',*,*,#1145,.F.);
#787=ORIENTED_EDGE('',*,*,#1146,.T.);
#788=ORIENTED_EDGE('',*,*,#1147,.F.);
#789=ORIENTED_EDGE('',*,*,#1148,.F.);
#790=ORIENTED_EDGE('',*,*,#1149,.F.);
#791=ORIENTED_EDGE('',*,*,#1140,.F.);
#792=ORIENTED_EDGE('',*,*,#1150,.F.);
#793=ORIENTED_EDGE('',*,*,#1151,.T.);
#794=ORIENTED_EDGE('',*,*,#1152,.F.);
#795=ORIENTED_EDGE('',*,*,#1153,.T.);
#796=ORIENTED_EDGE('',*,*,#1154,.T.);
#797=ORIENTED_EDGE('',*,*,#1155,.T.);
#798=ORIENTED_EDGE('',*,*,#1156,.F.);
#799=ORIENTED_EDGE('',*,*,#1157,.F.);
#800=ORIENTED_EDGE('',*,*,#1158,.F.);
#801=ORIENTED_EDGE('',*,*,#1159,.F.);
#802=ORIENTED_EDGE('',*,*,#1160,.F.);
#803=ORIENTED_EDGE('',*,*,#1154,.F.);
#804=ORIENTED_EDGE('',*,*,#1161,.F.);
#805=ORIENTED_EDGE('',*,*,#1162,.T.);
#806=ORIENTED_EDGE('',*,*,#1163,.F.);
#807=ORIENTED_EDGE('',*,*,#1164,.T.);
#808=ORIENTED_EDGE('',*,*,#1165,.F.);
#809=ORIENTED_EDGE('',*,*,#1166,.F.);
#810=ORIENTED_EDGE('',*,*,#1167,.T.);
#811=ORIENTED_EDGE('',*,*,#1167,.F.);
#812=ORIENTED_EDGE('',*,*,#1168,.F.);
#813=ORIENTED_EDGE('',*,*,#1169,.F.);
#814=ORIENTED_EDGE('',*,*,#1164,.F.);
#815=ORIENTED_EDGE('',*,*,#1170,.F.);
#816=ORIENTED_EDGE('',*,*,#1171,.F.);
#817=ORIENTED_EDGE('',*,*,#1172,.F.);
#818=ORIENTED_EDGE('',*,*,#1173,.F.);
#819=ORIENTED_EDGE('',*,*,#1174,.F.);
#820=ORIENTED_EDGE('',*,*,#1175,.F.);
#821=ORIENTED_EDGE('',*,*,#1176,.F.);
#822=ORIENTED_EDGE('',*,*,#1177,.F.);
#823=ORIENTED_EDGE('',*,*,#1174,.T.);
#824=ORIENTED_EDGE('',*,*,#1172,.T.);
#825=ORIENTED_EDGE('',*,*,#1178,.F.);
#826=ORIENTED_EDGE('',*,*,#1165,.T.);
#827=ORIENTED_EDGE('',*,*,#1170,.T.);
#828=ORIENTED_EDGE('',*,*,#1163,.T.);
#829=ORIENTED_EDGE('',*,*,#1179,.F.);
#830=ORIENTED_EDGE('',*,*,#1157,.T.);
#831=ORIENTED_EDGE('',*,*,#1156,.T.);
#832=ORIENTED_EDGE('',*,*,#1180,.F.);
#833=ORIENTED_EDGE('',*,*,#1146,.F.);
#834=ORIENTED_EDGE('',*,*,#1181,.F.);
#835=ORIENTED_EDGE('',*,*,#1182,.T.);
#836=ORIENTED_EDGE('',*,*,#1183,.F.);
#837=ORIENTED_EDGE('',*,*,#1184,.T.);
#838=ORIENTED_EDGE('',*,*,#1145,.T.);
#839=ORIENTED_EDGE('',*,*,#1183,.T.);
#840=ORIENTED_EDGE('',*,*,#1185,.T.);
#841=ORIENTED_EDGE('',*,*,#1186,.T.);
#842=ORIENTED_EDGE('',*,*,#1187,.T.);
#843=ORIENTED_EDGE('',*,*,#1176,.T.);
#844=ORIENTED_EDGE('',*,*,#1188,.T.);
#845=ORIENTED_EDGE('',*,*,#1150,.T.);
#846=ORIENTED_EDGE('',*,*,#1189,.T.);
#847=ORIENTED_EDGE('',*,*,#1186,.F.);
#848=ORIENTED_EDGE('',*,*,#1190,.T.);
#849=ORIENTED_EDGE('',*,*,#1191,.F.);
#850=ORIENTED_EDGE('',*,*,#1192,.T.);
#851=ORIENTED_EDGE('',*,*,#1193,.T.);
#852=ORIENTED_EDGE('',*,*,#1194,.T.);
#853=ORIENTED_EDGE('',*,*,#1142,.T.);
#854=ORIENTED_EDGE('',*,*,#1195,.T.);
#855=ORIENTED_EDGE('',*,*,#1194,.F.);
#856=ORIENTED_EDGE('',*,*,#1196,.F.);
#857=ORIENTED_EDGE('',*,*,#1159,.T.);
#858=ORIENTED_EDGE('',*,*,#1197,.F.);
#859=ORIENTED_EDGE('',*,*,#1161,.T.);
#860=ORIENTED_EDGE('',*,*,#1169,.T.);
#861=ORIENTED_EDGE('',*,*,#1198,.F.);
#862=ORIENTED_EDGE('',*,*,#1147,.T.);
#863=ORIENTED_EDGE('',*,*,#1143,.F.);
#864=ORIENTED_EDGE('',*,*,#1144,.T.);
#865=ORIENTED_EDGE('',*,*,#1149,.T.);
#866=ORIENTED_EDGE('',*,*,#1199,.T.);
#867=ORIENTED_EDGE('',*,*,#1191,.T.);
#868=ORIENTED_EDGE('',*,*,#1200,.T.);
#869=ORIENTED_EDGE('',*,*,#1181,.T.);
#870=ORIENTED_EDGE('',*,*,#1201,.T.);
#871=ORIENTED_EDGE('',*,*,#1152,.T.);
#872=ORIENTED_EDGE('',*,*,#1202,.T.);
#873=ORIENTED_EDGE('',*,*,#1195,.F.);
#874=ORIENTED_EDGE('',*,*,#1141,.T.);
#875=ORIENTED_EDGE('',*,*,#1201,.F.);
#876=ORIENTED_EDGE('',*,*,#1184,.F.);
#877=ORIENTED_EDGE('',*,*,#1189,.F.);
#878=ORIENTED_EDGE('',*,*,#1153,.F.);
#879=ORIENTED_EDGE('',*,*,#1190,.F.);
#880=ORIENTED_EDGE('',*,*,#1185,.F.);
#881=ORIENTED_EDGE('',*,*,#1182,.F.);
#882=ORIENTED_EDGE('',*,*,#1200,.F.);
#883=ORIENTED_EDGE('',*,*,#1179,.T.);
#884=ORIENTED_EDGE('',*,*,#1162,.F.);
#885=ORIENTED_EDGE('',*,*,#1197,.T.);
#886=ORIENTED_EDGE('',*,*,#1158,.T.);
#887=ORIENTED_EDGE('',*,*,#1203,.T.);
#888=ORIENTED_EDGE('',*,*,#1188,.F.);
#889=ORIENTED_EDGE('',*,*,#1175,.T.);
#890=ORIENTED_EDGE('',*,*,#1173,.T.);
#891=ORIENTED_EDGE('',*,*,#1180,.T.);
#892=ORIENTED_EDGE('',*,*,#1155,.F.);
#893=ORIENTED_EDGE('',*,*,#1160,.T.);
#894=ORIENTED_EDGE('',*,*,#1196,.T.);
#895=ORIENTED_EDGE('',*,*,#1193,.F.);
#896=ORIENTED_EDGE('',*,*,#1202,.F.);
#897=ORIENTED_EDGE('',*,*,#1151,.F.);
#898=ORIENTED_EDGE('',*,*,#1204,.T.);
#899=ORIENTED_EDGE('',*,*,#1148,.T.);
#900=ORIENTED_EDGE('',*,*,#1198,.T.);
#901=ORIENTED_EDGE('',*,*,#1168,.T.);
#902=ORIENTED_EDGE('',*,*,#1166,.T.);
#903=ORIENTED_EDGE('',*,*,#1178,.T.);
#904=ORIENTED_EDGE('',*,*,#1171,.T.);
#905=ORIENTED_EDGE('',*,*,#1177,.T.);
#906=ORIENTED_EDGE('',*,*,#1187,.F.);
#907=ORIENTED_EDGE('',*,*,#1192,.F.);
#908=ORIENTED_EDGE('',*,*,#1199,.F.);
#909=ORIENTED_EDGE('',*,*,#1204,.F.);
#910=ORIENTED_EDGE('',*,*,#1203,.F.);
#911=ORIENTED_EDGE('',*,*,#1205,.F.);
#912=ORIENTED_EDGE('',*,*,#1206,.F.);
#913=ORIENTED_EDGE('',*,*,#1207,.T.);
#914=ORIENTED_EDGE('',*,*,#1205,.T.);
#915=ORIENTED_EDGE('',*,*,#1208,.T.);
#916=ORIENTED_EDGE('',*,*,#1209,.T.);
#917=ORIENTED_EDGE('',*,*,#1210,.F.);
#918=ORIENTED_EDGE('',*,*,#1209,.F.);
#919=ORIENTED_EDGE('',*,*,#1211,.T.);
#920=ORIENTED_EDGE('',*,*,#1210,.T.);
#921=ORIENTED_EDGE('',*,*,#1208,.F.);
#922=ORIENTED_EDGE('',*,*,#1206,.T.);
#923=ORIENTED_EDGE('',*,*,#1207,.F.);
#924=ORIENTED_EDGE('',*,*,#1211,.F.);
#925=ORIENTED_EDGE('',*,*,#1212,.F.);
#926=ORIENTED_EDGE('',*,*,#1213,.F.);
#927=ORIENTED_EDGE('',*,*,#1214,.F.);
#928=ORIENTED_EDGE('',*,*,#1215,.T.);
#929=ORIENTED_EDGE('',*,*,#1216,.F.);
#930=ORIENTED_EDGE('',*,*,#1212,.T.);
#931=ORIENTED_EDGE('',*,*,#1217,.F.);
#932=ORIENTED_EDGE('',*,*,#1215,.F.);
#933=ORIENTED_EDGE('',*,*,#1218,.T.);
#934=ORIENTED_EDGE('',*,*,#1217,.T.);
#935=ORIENTED_EDGE('',*,*,#1214,.T.);
#936=ORIENTED_EDGE('',*,*,#1213,.T.);
#937=ORIENTED_EDGE('',*,*,#1216,.T.);
#938=ORIENTED_EDGE('',*,*,#1218,.F.);
#939=VERTEX_POINT('',#1742);
#940=VERTEX_POINT('',#1743);
#941=VERTEX_POINT('',#1745);
#942=VERTEX_POINT('',#1747);
#943=VERTEX_POINT('',#1751);
#944=VERTEX_POINT('',#1753);
#945=VERTEX_POINT('',#1755);
#946=VERTEX_POINT('',#1789);
#947=VERTEX_POINT('',#1791);
#948=VERTEX_POINT('',#1806);
#949=VERTEX_POINT('',#1808);
#950=VERTEX_POINT('',#1822);
#951=VERTEX_POINT('',#1839);
#952=VERTEX_POINT('',#1842);
#953=VERTEX_POINT('',#1845);
#954=VERTEX_POINT('',#1847);
#955=VERTEX_POINT('',#1849);
#956=VERTEX_POINT('',#1851);
#957=VERTEX_POINT('',#1853);
#958=VERTEX_POINT('',#1855);
#959=VERTEX_POINT('',#1859);
#960=VERTEX_POINT('',#1861);
#961=VERTEX_POINT('',#1862);
#962=VERTEX_POINT('',#1864);
#963=VERTEX_POINT('',#1866);
#964=VERTEX_POINT('',#1868);
#965=VERTEX_POINT('',#1870);
#966=VERTEX_POINT('',#1872);
#967=VERTEX_POINT('',#1874);
#968=VERTEX_POINT('',#1876);
#969=VERTEX_POINT('',#1878);
#970=VERTEX_POINT('',#1888);
#971=VERTEX_POINT('',#1938);
#972=VERTEX_POINT('',#2002);
#973=VERTEX_POINT('',#2010);
#974=VERTEX_POINT('',#2045);
#975=VERTEX_POINT('',#2053);
#976=VERTEX_POINT('',#2085);
#977=VERTEX_POINT('',#2111);
#978=VERTEX_POINT('',#2113);
#979=VERTEX_POINT('',#2145);
#980=VERTEX_POINT('',#2164);
#981=VERTEX_POINT('',#2233);
#982=VERTEX_POINT('',#2251);
#983=VERTEX_POINT('',#2254);
#984=VERTEX_POINT('',#2259);
#985=VERTEX_POINT('',#2260);
#986=VERTEX_POINT('',#2262);
#987=VERTEX_POINT('',#2264);
#988=VERTEX_POINT('',#2293);
#989=VERTEX_POINT('',#2304);
#990=VERTEX_POINT('',#2306);
#991=VERTEX_POINT('',#2319);
#992=VERTEX_POINT('',#2320);
#993=VERTEX_POINT('',#2379);
#994=VERTEX_POINT('',#2483);
#995=VERTEX_POINT('',#2486);
#996=VERTEX_POINT('',#2546);
#997=VERTEX_POINT('',#2550);
#998=VERTEX_POINT('',#2554);
#999=VERTEX_POINT('',#2557);
#1000=VERTEX_POINT('',#2562);
#1001=VERTEX_POINT('',#2563);
#1002=VERTEX_POINT('',#2565);
#1003=VERTEX_POINT('',#2567);
#1004=VERTEX_POINT('',#2571);
#1005=VERTEX_POINT('',#2633);
#1006=VERTEX_POINT('',#2636);
#1007=VERTEX_POINT('',#2639);
#1008=VERTEX_POINT('',#2641);
#1009=VERTEX_POINT('',#2681);
#1010=VERTEX_POINT('',#2682);
#1011=VERTEX_POINT('',#2684);
#1012=VERTEX_POINT('',#2686);
#1013=VERTEX_POINT('',#2690);
#1014=VERTEX_POINT('',#2691);
#1015=VERTEX_POINT('',#2696);
#1016=VERTEX_POINT('',#2733);
#1017=VERTEX_POINT('',#2735);
#1018=VERTEX_POINT('',#2737);
#1019=VERTEX_POINT('',#2741);
#1020=VERTEX_POINT('',#2742);
#1021=VERTEX_POINT('',#2744);
#1022=VERTEX_POINT('',#2776);
#1023=VERTEX_POINT('',#2798);
#1024=VERTEX_POINT('',#2799);
#1025=VERTEX_POINT('',#2804);
#1026=VERTEX_POINT('',#2808);
#1027=VERTEX_POINT('',#2825);
#1028=VERTEX_POINT('',#2826);
#1029=VERTEX_POINT('',#2841);
#1030=VERTEX_POINT('',#2843);
#1031=VERTEX_POINT('',#2915);
#1032=VERTEX_POINT('',#2917);
#1033=VERTEX_POINT('',#2925);
#1034=VERTEX_POINT('',#2926);
#1035=VERTEX_POINT('',#2928);
#1036=VERTEX_POINT('',#2960);
#1037=VERTEX_POINT('',#2970);
#1038=VERTEX_POINT('',#2990);
#1039=VERTEX_POINT('',#3054);
#1040=VERTEX_POINT('',#3056);
#1041=VERTEX_POINT('',#3060);
#1042=VERTEX_POINT('',#3061);
#1043=VERTEX_POINT('',#3078);
#1044=VERTEX_POINT('',#3081);
#1045=VERTEX_POINT('',#3086);
#1046=VERTEX_POINT('',#3087);
#1047=VERTEX_POINT('',#3100);
#1048=VERTEX_POINT('',#3111);
#1049=VERTEX_POINT('',#3117);
#1050=VERTEX_POINT('',#3121);
#1051=VERTEX_POINT('',#3122);
#1052=VERTEX_POINT('',#3135);
#1053=VERTEX_POINT('',#3137);
#1054=VERTEX_POINT('',#3152);
#1055=EDGE_CURVE('',#939,#940,#1219,.T.);
#1056=EDGE_CURVE('',#939,#941,#475,.T.);
#1057=EDGE_CURVE('',#942,#941,#421,.T.);
#1058=EDGE_CURVE('',#942,#940,#476,.T.);
#1059=EDGE_CURVE('',#943,#942,#422,.T.);
#1060=EDGE_CURVE('',#944,#943,#477,.T.);
#1061=EDGE_CURVE('',#945,#944,#423,.T.);
#1062=EDGE_CURVE('',#940,#945,#1220,.T.);
#1063=EDGE_CURVE('',#945,#946,#1221,.T.);
#1064=EDGE_CURVE('',#947,#946,#424,.T.);
#1065=EDGE_CURVE('',#947,#948,#1222,.T.);
#1066=EDGE_CURVE('',#949,#948,#425,.T.);
#1067=EDGE_CURVE('',#949,#950,#1223,.T.);
#1068=EDGE_CURVE('',#950,#951,#1224,.T.);
#1069=EDGE_CURVE('',#939,#951,#426,.T.);
#1070=EDGE_CURVE('',#952,#952,#427,.T.);
#1071=EDGE_CURVE('',#953,#941,#478,.T.);
#1072=EDGE_CURVE('',#953,#954,#428,.T.);
#1073=EDGE_CURVE('',#955,#954,#479,.T.);
#1074=EDGE_CURVE('',#956,#955,#480,.T.);
#1075=EDGE_CURVE('',#956,#957,#481,.T.);
#1076=EDGE_CURVE('',#957,#958,#482,.T.);
#1077=EDGE_CURVE('',#943,#958,#483,.T.);
#1078=EDGE_CURVE('',#959,#959,#429,.T.);
#1079=EDGE_CURVE('',#960,#961,#484,.T.);
#1080=EDGE_CURVE('',#961,#962,#485,.T.);
#1081=EDGE_CURVE('',#963,#962,#486,.T.);
#1082=EDGE_CURVE('',#964,#963,#487,.T.);
#1083=EDGE_CURVE('',#964,#965,#488,.T.);
#1084=EDGE_CURVE('',#965,#966,#430,.T.);
#1085=EDGE_CURVE('',#966,#967,#489,.T.);
#1086=EDGE_CURVE('',#967,#968,#431,.T.);
#1087=EDGE_CURVE('',#968,#969,#490,.T.);
#1088=EDGE_CURVE('',#969,#960,#432,.T.);
#1089=EDGE_CURVE('',#955,#964,#491,.T.);
#1090=EDGE_CURVE('',#963,#956,#492,.T.);
#1091=EDGE_CURVE('',#958,#961,#493,.T.);
#1092=EDGE_CURVE('',#962,#957,#494,.T.);
#1093=EDGE_CURVE('',#969,#970,#495,.T.);
#1094=EDGE_CURVE('',#971,#970,#1225,.T.);
#1095=EDGE_CURVE('',#971,#960,#496,.T.);
#1096=EDGE_CURVE('',#972,#972,#1226,.T.);
#1097=EDGE_CURVE('',#970,#973,#1227,.T.);
#1098=EDGE_CURVE('',#973,#974,#1228,.T.);
#1099=EDGE_CURVE('',#974,#975,#1229,.T.);
#1100=EDGE_CURVE('',#975,#976,#1230,.T.);
#1101=EDGE_CURVE('',#976,#977,#1231,.T.);
#1102=EDGE_CURVE('',#977,#978,#433,.T.);
#1103=EDGE_CURVE('',#978,#971,#1232,.T.);
#1104=EDGE_CURVE('',#979,#977,#497,.T.);
#1105=EDGE_CURVE('',#979,#980,#1233,.T.);
#1106=EDGE_CURVE('',#978,#980,#498,.T.);
#1107=EDGE_CURVE('',#980,#947,#435,.T.);
#1108=EDGE_CURVE('',#948,#979,#436,.T.);
#1109=EDGE_CURVE('',#965,#976,#499,.T.);
#1110=EDGE_CURVE('',#975,#966,#500,.T.);
#1111=EDGE_CURVE('',#946,#944,#1234,.T.);
#1112=EDGE_CURVE('',#951,#953,#501,.T.);
#1113=EDGE_CURVE('',#981,#950,#437,.T.);
#1114=EDGE_CURVE('',#954,#981,#502,.T.);
#1115=EDGE_CURVE('',#949,#981,#1235,.T.);
#1116=EDGE_CURVE('',#973,#968,#503,.T.);
#1117=EDGE_CURVE('',#967,#974,#504,.T.);
#1118=EDGE_CURVE('',#982,#982,#438,.T.);
#1119=EDGE_CURVE('',#983,#983,#439,.T.);
#1120=EDGE_CURVE('',#984,#985,#440,.T.);
#1121=EDGE_CURVE('',#986,#984,#505,.T.);
#1122=EDGE_CURVE('',#987,#986,#441,.T.);
#1123=EDGE_CURVE('',#985,#987,#506,.T.);
#1124=EDGE_CURVE('',#988,#988,#1236,.T.);
#1125=EDGE_CURVE('',#989,#986,#1237,.T.);
#1126=EDGE_CURVE('',#989,#990,#442,.T.);
#1127=EDGE_CURVE('',#990,#987,#1238,.T.);
#1128=EDGE_CURVE('',#991,#992,#443,.T.);
#1129=EDGE_CURVE('',#984,#992,#1239,.T.);
#1130=EDGE_CURVE('',#985,#991,#1240,.T.);
#1131=EDGE_CURVE('',#992,#989,#507,.T.);
#1132=EDGE_CURVE('',#990,#991,#508,.T.);
#1133=EDGE_CURVE('',#993,#993,#1241,.T.);
#1134=EDGE_CURVE('',#994,#994,#444,.T.);
#1135=EDGE_CURVE('',#995,#995,#445,.T.);
#1136=EDGE_CURVE('',#996,#996,#1242,.T.);
#1137=EDGE_CURVE('',#997,#997,#447,.T.);
#1138=EDGE_CURVE('',#998,#998,#448,.T.);
#1139=EDGE_CURVE('',#999,#999,#449,.T.);
#1140=EDGE_CURVE('',#1000,#1001,#509,.T.);
#1141=EDGE_CURVE('',#1002,#1001,#510,.T.);
#1142=EDGE_CURVE('',#1003,#1002,#511,.T.);
#1143=EDGE_CURVE('',#1003,#1000,#512,.T.);
#1144=EDGE_CURVE('',#1004,#1004,#450,.T.);
#1145=EDGE_CURVE('',#1005,#1005,#1243,.T.);
#1146=EDGE_CURVE('',#1006,#1006,#451,.T.);
#1147=EDGE_CURVE('',#1007,#1000,#513,.T.);
#1148=EDGE_CURVE('',#1008,#1007,#514,.T.);
#1149=EDGE_CURVE('',#1001,#1008,#515,.T.);
#1150=EDGE_CURVE('',#1009,#1010,#1244,.T.);
#1151=EDGE_CURVE('',#1009,#1011,#516,.T.);
#1152=EDGE_CURVE('',#1012,#1011,#452,.T.);
#1153=EDGE_CURVE('',#1012,#1010,#517,.T.);
#1154=EDGE_CURVE('',#1013,#1014,#453,.T.);
#1155=EDGE_CURVE('',#1014,#1015,#1245,.T.);
#1156=EDGE_CURVE('',#1013,#1015,#1246,.T.);
#1157=EDGE_CURVE('',#1016,#1013,#1247,.T.);
#1158=EDGE_CURVE('',#1017,#1016,#518,.T.);
#1159=EDGE_CURVE('',#1018,#1017,#454,.T.);
#1160=EDGE_CURVE('',#1014,#1018,#519,.T.);
#1161=EDGE_CURVE('',#1019,#1020,#455,.T.);
#1162=EDGE_CURVE('',#1019,#1021,#520,.T.);
#1163=EDGE_CURVE('',#1022,#1021,#1248,.T.);
#1164=EDGE_CURVE('',#1022,#1020,#521,.T.);
#1165=EDGE_CURVE('',#1023,#1024,#1249,.T.);
#1166=EDGE_CURVE('',#1025,#1023,#1250,.T.);
#1167=EDGE_CURVE('',#1025,#1024,#456,.T.);
#1168=EDGE_CURVE('',#1026,#1025,#522,.T.);
#1169=EDGE_CURVE('',#1020,#1026,#457,.T.);
#1170=EDGE_CURVE('',#1024,#1022,#1251,.T.);
#1171=EDGE_CURVE('',#1027,#1028,#458,.T.);
#1172=EDGE_CURVE('',#1029,#1027,#1252,.T.);
#1173=EDGE_CURVE('',#1030,#1029,#459,.T.);
#1174=EDGE_CURVE('',#1028,#1030,#1253,.T.);
#1175=EDGE_CURVE('',#1031,#1030,#523,.T.);
#1176=EDGE_CURVE('',#1032,#1031,#460,.T.);
#1177=EDGE_CURVE('',#1028,#1032,#524,.T.);
#1178=EDGE_CURVE('',#1023,#1027,#461,.T.);
#1179=EDGE_CURVE('',#1016,#1021,#462,.T.);
#1180=EDGE_CURVE('',#1029,#1015,#463,.T.);
#1181=EDGE_CURVE('',#1033,#1034,#464,.T.);
#1182=EDGE_CURVE('',#1033,#1035,#525,.T.);
#1183=EDGE_CURVE('',#1036,#1035,#1254,.T.);
#1184=EDGE_CURVE('',#1036,#1034,#526,.T.);
#1185=EDGE_CURVE('',#1035,#1037,#1255,.T.);
#1186=EDGE_CURVE('',#1037,#1038,#1256,.T.);
#1187=EDGE_CURVE('',#1038,#1032,#1257,.T.);
#1188=EDGE_CURVE('',#1031,#1009,#1258,.T.);
#1189=EDGE_CURVE('',#1010,#1036,#1259,.T.);
#1190=EDGE_CURVE('',#1037,#1039,#527,.T.);
#1191=EDGE_CURVE('',#1040,#1039,#466,.T.);
#1192=EDGE_CURVE('',#1040,#1038,#528,.T.);
#1193=EDGE_CURVE('',#1041,#1042,#529,.T.);
#1194=EDGE_CURVE('',#1042,#1003,#530,.T.);
#1195=EDGE_CURVE('',#1002,#1041,#531,.T.);
#1196=EDGE_CURVE('',#1018,#1042,#532,.T.);
#1197=EDGE_CURVE('',#1019,#1017,#533,.T.);
#1198=EDGE_CURVE('',#1007,#1026,#534,.T.);
#1199=EDGE_CURVE('',#1008,#1040,#535,.T.);
#1200=EDGE_CURVE('',#1039,#1033,#536,.T.);
#1201=EDGE_CURVE('',#1034,#1012,#537,.T.);
#1202=EDGE_CURVE('',#1011,#1041,#538,.T.);
#1203=EDGE_CURVE('',#1043,#1043,#467,.T.);
#1204=EDGE_CURVE('',#1044,#1044,#468,.T.);
#1205=EDGE_CURVE('',#1045,#1046,#469,.T.);
#1206=EDGE_CURVE('',#1046,#1045,#539,.T.);
#1207=EDGE_CURVE('',#1047,#1045,#1260,.T.);
#1208=EDGE_CURVE('',#1046,#1048,#1261,.T.);
#1209=EDGE_CURVE('',#1048,#1047,#470,.T.);
#1210=EDGE_CURVE('',#1047,#1048,#540,.T.);
#1211=EDGE_CURVE('',#1049,#1049,#471,.T.);
#1212=EDGE_CURVE('',#1050,#1051,#472,.T.);
#1213=EDGE_CURVE('',#1051,#1050,#541,.T.);
#1214=EDGE_CURVE('',#1052,#1051,#1262,.T.);
#1215=EDGE_CURVE('',#1052,#1053,#473,.T.);
#1216=EDGE_CURVE('',#1050,#1053,#1263,.T.);
#1217=EDGE_CURVE('',#1053,#1052,#542,.T.);
#1218=EDGE_CURVE('',#1054,#1054,#474,.T.);
#1219=B_SPLINE_CURVE_WITH_KNOTS('',3,(#1711,#1712,#1713,#1714,#1715,#1716,
#1717,#1718,#1719,#1720,#1721,#1722,#1723,#1724,#1725,#1726,#1727,#1728,
#1729,#1730,#1731,#1732,#1733,#1734,#1735,#1736,#1737,#1738,#1739,#1740,
#1741),.UNSPECIFIED.,.F.,.F.,(4,3,3,3,3,3,3,3,3,3,4),(0.,0.0575272906938014,
0.17650370472244,0.293609050881282,0.398628594822277,0.500268141994497,
0.614235545842756,0.733851613151587,0.846183225620546,0.951603564486367,
1.),.UNSPECIFIED.);
#1220=B_SPLINE_CURVE_WITH_KNOTS('',3,(#1756,#1757,#1758,#1759,#1760,#1761,
#1762,#1763,#1764,#1765,#1766,#1767,#1768,#1769,#1770,#1771,#1772,#1773,
#1774,#1775,#1776,#1777),.UNSPECIFIED.,.F.,.F.,(4,3,3,3,3,3,3,4),(0.,0.032657235885448,
0.189910148630977,0.338913694104477,0.492413831263426,0.658038368575296,
0.834283171207015,1.),.UNSPECIFIED.);
#1221=B_SPLINE_CURVE_WITH_KNOTS('',3,(#1779,#1780,#1781,#1782,#1783,#1784,
#1785,#1786,#1787,#1788),.UNSPECIFIED.,.F.,.F.,(4,3,3,4),(0.,0.38228844747256,
0.695392619138378,1.),.UNSPECIFIED.);
#1222=B_SPLINE_CURVE_WITH_KNOTS('',3,(#1792,#1793,#1794,#1795,#1796,#1797,
#1798,#1799,#1800,#1801,#1802,#1803,#1804,#1805),.UNSPECIFIED.,.F.,.F.,
(4,2,2,2,2,2,4),(0.,0.125,0.25,0.5,0.75,0.875,1.),.UNSPECIFIED.);
#1223=B_SPLINE_CURVE_WITH_KNOTS('',3,(#1809,#1810,#1811,#1812,#1813,#1814,
#1815,#1816,#1817,#1818,#1819,#1820,#1821),.UNSPECIFIED.,.F.,.F.,(4,3,3,
3,4),(0.,0.22814731578877,0.470267349573183,0.730788537578088,1.),
 .UNSPECIFIED.);
#1224=B_SPLINE_CURVE_WITH_KNOTS('',3,(#1823,#1824,#1825,#1826,#1827,#1828,
#1829,#1830,#1831,#1832,#1833,#1834,#1835,#1836,#1837,#1838),
 .UNSPECIFIED.,.F.,.F.,(4,3,3,3,3,4),(0.,0.221259790133654,0.442462997855893,
0.669495905087628,0.889066391873244,1.),.UNSPECIFIED.);
#1225=B_SPLINE_CURVE_WITH_KNOTS('',3,(#1889,#1890,#1891,#1892,#1893,#1894,
#1895,#1896,#1897,#1898,#1899,#1900,#1901,#1902,#1903,#1904,#1905,#1906,
#1907,#1908,#1909,#1910,#1911,#1912,#1913,#1914,#1915,#1916,#1917,#1918,
#1919,#1920,#1921,#1922,#1923,#1924,#1925,#1926,#1927,#1928,#1929,#1930,
#1931,#1932,#1933,#1934,#1935,#1936,#1937),.UNSPECIFIED.,.F.,.F.,(4,3,3,
3,3,3,3,3,3,3,3,3,3,3,3,3,4),(0.,0.0133085424301366,0.0874051383922475,
0.161469798469993,0.231072869035002,0.299776471744333,0.372361205102726,
0.447279236230688,0.518186252499073,0.584137951484416,0.65128430111257,
0.726358840726168,0.809981380812115,0.866119107001584,0.922274634609234,
0.993246112298568,1.),.UNSPECIFIED.);
#1226=B_SPLINE_CURVE_WITH_KNOTS('',3,(#1941,#1942,#1943,#1944,#1945,#1946,
#1947,#1948,#1949,#1950,#1951,#1952,#1953,#1954,#1955,#1956,#1957,#1958,
#1959,#1960,#1961,#1962,#1963,#1964,#1965,#1966,#1967,#1968,#1969,#1970,
#1971,#1972,#1973,#1974,#1975,#1976,#1977,#1978,#1979,#1980,#1981,#1982,
#1983,#1984,#1985,#1986,#1987,#1988,#1989,#1990,#1991,#1992,#1993,#1994,
#1995,#1996,#1997,#1998,#1999,#2000,#2001),.UNSPECIFIED.,.T.,.F.,(1,3,3,
3,3,3,3,3,3,3,3,3,3,3,3,3,3,3,3,3,3,3,1),(-0.0199345836461875,0.,0.0495382436040564,
0.0987929358941945,0.152090843664443,0.207038090025042,0.256868362638444,
0.304162626020483,0.354261257889406,0.409668370390637,0.467188184812481,
0.518457046240371,0.563847212737244,0.611457973819025,0.665650071381412,
0.723277666507775,0.776703374914799,0.824756066891085,0.872586431508713,
0.924695384794924,0.980065416353813,1.,1.04953824360406),.UNSPECIFIED.);
#1227=B_SPLINE_CURVE_WITH_KNOTS('',3,(#2003,#2004,#2005,#2006,#2007,#2008,
#2009),.UNSPECIFIED.,.F.,.F.,(4,3,4),(0.,0.361258489495544,1.),
 .UNSPECIFIED.);
#1228=B_SPLINE_CURVE_WITH_KNOTS('',3,(#2011,#2012,#2013,#2014,#2015,#2016,
#2017,#2018,#2019,#2020,#2021,#2022,#2023,#2024,#2025,#2026,#2027,#2028,
#2029,#2030,#2031,#2032,#2033,#2034,#2035,#2036,#2037,#2038,#2039,#2040,
#2041,#2042,#2043,#2044),.UNSPECIFIED.,.F.,.F.,(4,3,3,3,3,3,3,3,3,3,3,4),
(0.,0.0358399895748111,0.141205156517992,0.246535747485635,0.3518375295878,
0.457121056418008,0.562397129750078,0.667676009477292,0.772968220259044,
0.878284755625102,0.983634449052751,1.),.UNSPECIFIED.);
#1229=B_SPLINE_CURVE_WITH_KNOTS('',3,(#2046,#2047,#2048,#2049,#2050,#2051,
#2052),.UNSPECIFIED.,.F.,.F.,(4,3,4),(0.,0.948269471538795,1.),
 .UNSPECIFIED.);
#1230=B_SPLINE_CURVE_WITH_KNOTS('',3,(#2054,#2055,#2056,#2057,#2058,#2059,
#2060,#2061,#2062,#2063,#2064,#2065,#2066,#2067,#2068,#2069,#2070,#2071,
#2072,#2073,#2074,#2075,#2076,#2077,#2078,#2079,#2080,#2081,#2082,#2083,
#2084),.UNSPECIFIED.,.F.,.F.,(4,3,3,3,3,3,3,3,3,3,4),(0.,0.0833330061165449,
0.173070905562732,0.278092401854405,0.39459715446417,0.502107529078234,
0.598809364566568,0.69642278880641,0.802377779740835,0.914732363620058,
1.),.UNSPECIFIED.);
#1231=B_SPLINE_CURVE_WITH_KNOTS('',3,(#2086,#2087,#2088,#2089,#2090,#2091,
#2092,#2093,#2094,#2095,#2096,#2097,#2098,#2099,#2100,#2101,#2102,#2103,
#2104,#2105,#2106,#2107,#2108,#2109,#2110),.UNSPECIFIED.,.F.,.F.,(4,3,3,
3,3,3,3,3,4),(0.,0.109567190486428,0.23679641414233,0.364028530078421,0.491253775330233,
0.61846347884476,0.745652057884893,0.872825520845224,1.),.UNSPECIFIED.);
#1232=B_SPLINE_CURVE_WITH_KNOTS('',3,(#2114,#2115,#2116,#2117,#2118,#2119,
#2120,#2121,#2122,#2123,#2124,#2125,#2126,#2127,#2128,#2129,#2130,#2131,
#2132,#2133,#2134,#2135,#2136,#2137,#2138,#2139,#2140,#2141),
 .UNSPECIFIED.,.F.,.F.,(4,3,3,3,3,3,3,3,3,4),(0.,0.124978887893621,0.24207800919253,
0.359190277215517,0.476307423231846,0.593420431501992,0.710520927411631,
0.827602854390759,0.944664936801768,1.),.UNSPECIFIED.);
#1233=B_SPLINE_CURVE_WITH_KNOTS('',3,(#2146,#2147,#2148,#2149,#2150,#2151,
#2152,#2153,#2154,#2155,#2156,#2157,#2158,#2159,#2160,#2161,#2162,#2163),
 .UNSPECIFIED.,.F.,.F.,(4,2,2,2,2,2,2,2,4),(0.,0.125,0.25,0.375,0.5,0.625,
0.75,0.875,1.),.UNSPECIFIED.);
#1234=B_SPLINE_CURVE_WITH_KNOTS('',3,(#2226,#2227,#2228,#2229),
 .UNSPECIFIED.,.F.,.F.,(4,4),(0.,1.),.UNSPECIFIED.);
#1235=B_SPLINE_CURVE_WITH_KNOTS('',3,(#2236,#2237,#2238,#2239),
 .UNSPECIFIED.,.F.,.F.,(4,4),(0.,1.),.UNSPECIFIED.);
#1236=B_SPLINE_CURVE_WITH_KNOTS('',3,(#2267,#2268,#2269,#2270,#2271,#2272,
#2273,#2274,#2275,#2276,#2277,#2278,#2279,#2280,#2281,#2282,#2283,#2284,
#2285,#2286,#2287,#2288,#2289,#2290,#2291,#2292),.UNSPECIFIED.,.T.,.F.,
(2,2,2,2,2,2,2,2,2,2,2,2,2,2,2),(-0.125,0.,0.0624999999999999,0.125,0.1875,
0.25,0.375,0.5,0.5625,0.625,0.6875,0.75,0.875,1.,1.0625),.UNSPECIFIED.);
#1237=B_SPLINE_CURVE_WITH_KNOTS('',3,(#2294,#2295,#2296,#2297,#2298,#2299,
#2300,#2301,#2302,#2303),.UNSPECIFIED.,.F.,.F.,(4,2,2,2,4),(0.,0.25,0.5,
0.75,1.),.UNSPECIFIED.);
#1238=B_SPLINE_CURVE_WITH_KNOTS('',3,(#2307,#2308,#2309,#2310,#2311,#2312,
#2313,#2314,#2315,#2316),.UNSPECIFIED.,.F.,.F.,(4,2,2,2,4),(0.,0.25,0.5,
0.75,1.),.UNSPECIFIED.);
#1239=B_SPLINE_CURVE_WITH_KNOTS('',3,(#2321,#2322,#2323,#2324,#2325,#2326,
#2327,#2328,#2329,#2330),.UNSPECIFIED.,.F.,.F.,(4,2,2,2,4),(0.,0.25,0.5,
0.75,1.),.UNSPECIFIED.);
#1240=B_SPLINE_CURVE_WITH_KNOTS('',3,(#2331,#2332,#2333,#2334,#2335,#2336,
#2337,#2338,#2339,#2340),.UNSPECIFIED.,.F.,.F.,(4,2,2,2,4),(0.,0.25,0.5,
0.75,1.),.UNSPECIFIED.);
#1241=B_SPLINE_CURVE_WITH_KNOTS('',3,(#2345,#2346,#2347,#2348,#2349,#2350,
#2351,#2352,#2353,#2354,#2355,#2356,#2357,#2358,#2359,#2360,#2361,#2362,
#2363,#2364,#2365,#2366,#2367,#2368,#2369,#2370,#2371,#2372,#2373,#2374,
#2375,#2376,#2377,#2378),.UNSPECIFIED.,.T.,.F.,(2,2,2,2,2,2,2,2,2,2,2,2,
2,2,2,2,2,2,2),(-0.0624999999999999,0.,0.0312500000000001,0.0625000000000002,
0.125,0.25,0.3125,0.375,0.4375,0.5,0.53125,0.5625,0.625,0.75,0.8125,0.875,
0.9375,1.,1.03125),.UNSPECIFIED.);
#1242=B_SPLINE_CURVE_WITH_KNOTS('',3,(#2488,#2489,#2490,#2491,#2492,#2493,
#2494,#2495,#2496,#2497,#2498,#2499,#2500,#2501,#2502,#2503,#2504,#2505,
#2506,#2507,#2508,#2509,#2510,#2511,#2512,#2513,#2514,#2515,#2516,#2517,
#2518,#2519,#2520,#2521,#2522,#2523,#2524,#2525,#2526,#2527,#2528,#2529,
#2530,#2531,#2532,#2533,#2534,#2535,#2536,#2537,#2538,#2539,#2540,#2541,
#2542,#2543,#2544,#2545),.UNSPECIFIED.,.T.,.F.,(1,3,3,3,3,3,3,3,3,3,3,3,
3,3,3,3,3,3,3,3,3,1),(-0.0536677599153348,0.,0.0332889373281384,0.086977183912702,
0.140703698235377,0.194445763041771,0.248181388084055,0.301900359108093,
0.355602422470686,0.409292082459363,0.462974944796248,0.516656376121284,
0.570341608067258,0.624036148577816,0.677745379046736,0.731472240187067,
0.785212636458749,0.838950885865006,0.892662464228448,0.946332240084665,
1.,1.03328893732814),.UNSPECIFIED.);
#1243=B_SPLINE_CURVE_WITH_KNOTS('',3,(#2572,#2573,#2574,#2575,#2576,#2577,
#2578,#2579,#2580,#2581,#2582,#2583,#2584,#2585,#2586,#2587,#2588,#2589,
#2590,#2591,#2592,#2593,#2594,#2595,#2596,#2597,#2598,#2599,#2600,#2601,
#2602,#2603,#2604,#2605,#2606,#2607,#2608,#2609,#2610,#2611,#2612,#2613,
#2614,#2615,#2616,#2617,#2618,#2619,#2620,#2621,#2622,#2623,#2624,#2625,
#2626,#2627,#2628,#2629,#2630,#2631,#2632),.UNSPECIFIED.,.T.,.F.,(1,3,3,
3,3,3,3,3,3,3,3,3,3,3,3,3,3,3,3,3,3,3,1),(-0.0359322656352167,0.,0.0497439938000308,
0.0994068355286151,0.15042292310354,0.204391051613088,0.257321076503052,
0.306073339336086,0.353497708711319,0.404792404058834,0.463004002448736,
0.506782085332807,0.550882081105078,0.591016681778799,0.648118889133806,
0.705835236353411,0.763597133807772,0.81355654941517,0.860814996616441,
0.910628855479878,0.964067734364783,1.,1.04974399380003),.UNSPECIFIED.);
#1244=B_SPLINE_CURVE_WITH_KNOTS('',3,(#2644,#2645,#2646,#2647,#2648,#2649,
#2650,#2651,#2652,#2653,#2654,#2655,#2656,#2657,#2658,#2659,#2660,#2661,
#2662,#2663,#2664,#2665,#2666,#2667,#2668,#2669,#2670,#2671,#2672,#2673,
#2674,#2675,#2676,#2677,#2678,#2679,#2680),.UNSPECIFIED.,.F.,.F.,(4,3,3,
3,3,3,3,3,3,3,3,3,4),(0.,0.0212939374941185,0.1166600496452,0.213005759101143,
0.318169475439821,0.427938540774038,0.497270948158901,0.594036222458639,
0.690449375536509,0.792272038060485,0.905283526509764,0.993309408074991,
1.),.UNSPECIFIED.);
#1245=B_SPLINE_CURVE_WITH_KNOTS('',3,(#2692,#2693,#2694,#2695),
 .UNSPECIFIED.,.F.,.F.,(4,4),(0.,1.),.UNSPECIFIED.);
#1246=B_SPLINE_CURVE_WITH_KNOTS('',3,(#2697,#2698,#2699,#2700,#2701,#2702,
#2703,#2704,#2705,#2706,#2707,#2708,#2709,#2710,#2711,#2712),
 .UNSPECIFIED.,.F.,.F.,(4,3,3,3,3,4),(0.,0.303376381113497,0.53992628614977,
0.77825235777846,0.989764965441818,1.),.UNSPECIFIED.);
#1247=B_SPLINE_CURVE_WITH_KNOTS('',3,(#2714,#2715,#2716,#2717,#2718,#2719,
#2720,#2721,#2722,#2723,#2724,#2725,#2726,#2727,#2728,#2729,#2730,#2731,
#2732),.UNSPECIFIED.,.F.,.F.,(4,3,3,3,3,3,4),(0.,0.0915344483193443,0.284526888573139,
0.48192084035517,0.695819293061574,0.927096867987044,1.),.UNSPECIFIED.);
#1248=B_SPLINE_CURVE_WITH_KNOTS('',3,(#2745,#2746,#2747,#2748,#2749,#2750,
#2751,#2752,#2753,#2754,#2755,#2756,#2757,#2758,#2759,#2760,#2761,#2762,
#2763,#2764,#2765,#2766,#2767,#2768,#2769,#2770,#2771,#2772,#2773,#2774,
#2775),.UNSPECIFIED.,.F.,.F.,(4,3,3,3,3,3,3,3,3,3,4),(0.,0.0483964355113302,
0.153816774377406,0.266148386846637,0.385764454155758,0.499731858004292,
0.601371405176758,0.706390949118008,0.823496295277132,0.942472709306059,
1.),.UNSPECIFIED.);
#1249=B_SPLINE_CURVE_WITH_KNOTS('',3,(#2779,#2780,#2781,#2782,#2783,#2784,
#2785,#2786,#2787,#2788,#2789,#2790,#2791,#2792,#2793,#2794,#2795,#2796,
#2797),.UNSPECIFIED.,.F.,.F.,(4,3,3,3,3,3,4),(0.,0.00708187950399989,0.205654254113081,
0.398977053275388,0.60165085364557,0.824994650008098,1.),.UNSPECIFIED.);
#1250=B_SPLINE_CURVE_WITH_KNOTS('',3,(#2800,#2801,#2802,#2803),
 .UNSPECIFIED.,.F.,.F.,(4,4),(0.,1.),.UNSPECIFIED.);
#1251=B_SPLINE_CURVE_WITH_KNOTS('',3,(#2810,#2811,#2812,#2813,#2814,#2815,
#2816,#2817,#2818,#2819,#2820,#2821,#2822),.UNSPECIFIED.,.F.,.F.,(4,3,3,
3,4),(0.,0.234834562834696,0.50397440696118,0.783389581268443,1.),
 .UNSPECIFIED.);
#1252=B_SPLINE_CURVE_WITH_KNOTS('',3,(#2827,#2828,#2829,#2830,#2831,#2832,
#2833,#2834,#2835,#2836,#2837,#2838,#2839,#2840),.UNSPECIFIED.,.F.,.F.,
(4,2,2,2,2,2,4),(0.,0.125,0.25,0.5,0.75,0.875,1.),.UNSPECIFIED.);
#1253=B_SPLINE_CURVE_WITH_KNOTS('',3,(#2844,#2845,#2846,#2847,#2848,#2849,
#2850,#2851,#2852,#2853,#2854,#2855,#2856,#2857,#2858,#2859),
 .UNSPECIFIED.,.F.,.F.,(4,2,2,2,2,2,2,4),(0.,0.25,0.375,0.5,0.625,0.75,
0.875,1.),.UNSPECIFIED.);
#1254=B_SPLINE_CURVE_WITH_KNOTS('',3,(#2929,#2930,#2931,#2932,#2933,#2934,
#2935,#2936,#2937,#2938,#2939,#2940,#2941,#2942,#2943,#2944,#2945,#2946,
#2947,#2948,#2949,#2950,#2951,#2952,#2953,#2954,#2955,#2956,#2957,#2958,
#2959),.UNSPECIFIED.,.F.,.F.,(4,3,3,3,3,3,3,3,3,3,4),(0.,0.0926171636691978,
0.202274936947218,0.311900980305219,0.421448940415678,0.489373214545185,
0.59887937271637,0.708389644305769,0.817985211647688,0.927635199808322,
1.),.UNSPECIFIED.);
#1255=B_SPLINE_CURVE_WITH_KNOTS('',3,(#2963,#2964,#2965,#2966,#2967,#2968,
#2969),.UNSPECIFIED.,.F.,.F.,(4,3,4),(0.,0.638741510503529,1.),
 .UNSPECIFIED.);
#1256=B_SPLINE_CURVE_WITH_KNOTS('',3,(#2971,#2972,#2973,#2974,#2975,#2976,
#2977,#2978,#2979,#2980,#2981,#2982,#2983,#2984,#2985,#2986,#2987,#2988,
#2989),.UNSPECIFIED.,.F.,.F.,(4,3,3,3,3,3,4),(0.,0.169222159689332,0.385326117229922,
0.509694425645131,0.682828297311969,0.855545620233821,1.),.UNSPECIFIED.);
#1257=B_SPLINE_CURVE_WITH_KNOTS('',3,(#2991,#2992,#2993,#2994,#2995,#2996,
#2997,#2998,#2999,#3000,#3001,#3002,#3003,#3004,#3005,#3006,#3007,#3008,
#3009,#3010,#3011,#3012,#3013,#3014,#3015,#3016,#3017,#3018),
 .UNSPECIFIED.,.F.,.F.,(4,3,3,3,3,3,3,3,3,4),(0.,0.0553350631982318,0.172397145609241,
0.289479072588369,0.406579568498008,0.523692576768154,0.640809722784483,
0.75792199080747,0.875021112106379,1.),.UNSPECIFIED.);
#1258=B_SPLINE_CURVE_WITH_KNOTS('',3,(#3019,#3020,#3021,#3022,#3023,#3024,
#3025,#3026,#3027,#3028,#3029,#3030,#3031,#3032,#3033,#3034,#3035,#3036,
#3037,#3038,#3039,#3040,#3041,#3042,#3043),.UNSPECIFIED.,.F.,.F.,(4,3,3,
3,3,3,3,3,4),(0.,0.127174479154776,0.254347942115107,0.38153652115524,0.508746224669766,
0.635971469921578,0.763203585857669,0.890432809513571,1.),.UNSPECIFIED.);
#1259=B_SPLINE_CURVE_WITH_KNOTS('',3,(#3044,#3045,#3046,#3047,#3048,#3049,
#3050),.UNSPECIFIED.,.F.,.F.,(4,3,4),(0.,0.0517305284611754,1.),
 .UNSPECIFIED.);
#1260=B_SPLINE_CURVE_WITH_KNOTS('',3,(#3090,#3091,#3092,#3093,#3094,#3095,
#3096,#3097,#3098,#3099),.UNSPECIFIED.,.F.,.F.,(4,2,2,2,4),(0.,0.25,0.5,
0.75,1.),.UNSPECIFIED.);
#1261=B_SPLINE_CURVE_WITH_KNOTS('',3,(#3101,#3102,#3103,#3104,#3105,#3106,
#3107,#3108,#3109,#3110),.UNSPECIFIED.,.F.,.F.,(4,2,2,2,4),(0.,0.25,0.5,
0.75,1.),.UNSPECIFIED.);
#1262=B_SPLINE_CURVE_WITH_KNOTS('',3,(#3125,#3126,#3127,#3128,#3129,#3130,
#3131,#3132,#3133,#3134),.UNSPECIFIED.,.F.,.F.,(4,2,2,2,4),(0.,0.25,0.5,
0.75,1.),.UNSPECIFIED.);
#1263=B_SPLINE_CURVE_WITH_KNOTS('',3,(#3138,#3139,#3140,#3141,#3142,#3143,
#3144,#3145,#3146,#3147),.UNSPECIFIED.,.F.,.F.,(4,2,2,2,4),(0.,0.25,0.5,
0.75,1.),.UNSPECIFIED.);
#1264=AXIS2_PLACEMENT_3D('',#1710,#1389,#1390);
#1265=AXIS2_PLACEMENT_3D('',#1746,#1392,#1393);
#1266=AXIS2_PLACEMENT_3D('',#1749,#1395,#1396);
#1267=AXIS2_PLACEMENT_3D('',#1750,#1397,#1398);
#1268=AXIS2_PLACEMENT_3D('',#1754,#1400,#1401);
#1269=AXIS2_PLACEMENT_3D('',#1778,#1402,#1403);
#1270=AXIS2_PLACEMENT_3D('',#1790,#1404,#1405);
#1271=AXIS2_PLACEMENT_3D('',#1807,#1406,#1407);
#1272=AXIS2_PLACEMENT_3D('',#1840,#1408,#1409);
#1273=AXIS2_PLACEMENT_3D('',#1841,#1410,#1411);
#1274=AXIS2_PLACEMENT_3D('',#1843,#1412,#1413);
#1275=AXIS2_PLACEMENT_3D('',#1846,#1415,#1416);
#1276=AXIS2_PLACEMENT_3D('',#1857,#1422,#1423);
#1277=AXIS2_PLACEMENT_3D('',#1858,#1424,#1425);
#1278=AXIS2_PLACEMENT_3D('',#1871,#1431,#1432);
#1279=AXIS2_PLACEMENT_3D('',#1875,#1434,#1435);
#1280=AXIS2_PLACEMENT_3D('',#1879,#1437,#1438);
#1281=AXIS2_PLACEMENT_3D('',#1880,#1439,#1440);
#1282=AXIS2_PLACEMENT_3D('',#1883,#1443,#1444);
#1283=AXIS2_PLACEMENT_3D('',#1886,#1447,#1448);
#1284=AXIS2_PLACEMENT_3D('',#1940,#1451,#1452);
#1285=AXIS2_PLACEMENT_3D('',#2112,#1453,#1454);
#1286=AXIS2_PLACEMENT_3D('',#2142,#1455,#1456);
#1287=AXIS2_PLACEMENT_3D('',#2166,#1460,#1461);
#1288=AXIS2_PLACEMENT_3D('',#2167,#1462,#1463);
#1289=AXIS2_PLACEMENT_3D('',#2168,#1464,#1465);
#1290=AXIS2_PLACEMENT_3D('',#2225,#1468,#1469);
#1291=AXIS2_PLACEMENT_3D('',#2230,#1470,#1471);
#1292=AXIS2_PLACEMENT_3D('',#2232,#1473,#1474);
#1293=AXIS2_PLACEMENT_3D('',#2235,#1476,#1477);
#1294=AXIS2_PLACEMENT_3D('',#2240,#1478,#1479);
#1295=AXIS2_PLACEMENT_3D('',#2243,#1482,#1483);
#1296=AXIS2_PLACEMENT_3D('',#2244,#1484,#1485);
#1297=AXIS2_PLACEMENT_3D('',#2245,#1486,#1487);
#1298=AXIS2_PLACEMENT_3D('',#2246,#1488,#1489);
#1299=AXIS2_PLACEMENT_3D('',#2247,#1490,#1491);
#1300=AXIS2_PLACEMENT_3D('',#2248,#1492,#1493);
#1301=AXIS2_PLACEMENT_3D('',#2249,#1494,#1495);
#1302=AXIS2_PLACEMENT_3D('',#2250,#1496,#1497);
#1303=AXIS2_PLACEMENT_3D('',#2252,#1498,#1499);
#1304=AXIS2_PLACEMENT_3D('',#2253,#1500,#1501);
#1305=AXIS2_PLACEMENT_3D('',#2255,#1502,#1503);
#1306=AXIS2_PLACEMENT_3D('',#2256,#1504,#1505);
#1307=AXIS2_PLACEMENT_3D('',#2257,#1506,#1507);
#1308=AXIS2_PLACEMENT_3D('',#2258,#1508,#1509);
#1309=AXIS2_PLACEMENT_3D('',#2263,#1511,#1512);
#1310=AXIS2_PLACEMENT_3D('',#2266,#1514,#1515);
#1311=AXIS2_PLACEMENT_3D('',#2305,#1516,#1517);
#1312=AXIS2_PLACEMENT_3D('',#2317,#1518,#1519);
#1313=AXIS2_PLACEMENT_3D('',#2318,#1520,#1521);
#1314=AXIS2_PLACEMENT_3D('',#2341,#1522,#1523);
#1315=AXIS2_PLACEMENT_3D('',#2344,#1526,#1527);
#1316=AXIS2_PLACEMENT_3D('',#2482,#1528,#1529);
#1317=AXIS2_PLACEMENT_3D('',#2484,#1530,#1531);
#1318=AXIS2_PLACEMENT_3D('',#2485,#1532,#1533);
#1319=AXIS2_PLACEMENT_3D('',#2487,#1534,#1535);
#1320=AXIS2_PLACEMENT_3D('',#2547,#1536,#1537);
#1321=AXIS2_PLACEMENT_3D('',#2549,#1539,#1540);
#1322=AXIS2_PLACEMENT_3D('',#2551,#1541,#1542);
#1323=AXIS2_PLACEMENT_3D('',#2552,#1543,#1544);
#1324=AXIS2_PLACEMENT_3D('',#2553,#1545,#1546);
#1325=AXIS2_PLACEMENT_3D('',#2555,#1547,#1548);
#1326=AXIS2_PLACEMENT_3D('',#2556,#1549,#1550);
#1327=AXIS2_PLACEMENT_3D('',#2558,#1551,#1552);
#1328=AXIS2_PLACEMENT_3D('',#2559,#1553,#1554);
#1329=AXIS2_PLACEMENT_3D('',#2560,#1555,#1556);
#1330=AXIS2_PLACEMENT_3D('',#2569,#1561,#1562);
#1331=AXIS2_PLACEMENT_3D('',#2570,#1563,#1564);
#1332=AXIS2_PLACEMENT_3D('',#2634,#1565,#1566);
#1333=AXIS2_PLACEMENT_3D('',#2635,#1567,#1568);
#1334=AXIS2_PLACEMENT_3D('',#2637,#1569,#1570);
#1335=AXIS2_PLACEMENT_3D('',#2643,#1574,#1575);
#1336=AXIS2_PLACEMENT_3D('',#2685,#1577,#1578);
#1337=AXIS2_PLACEMENT_3D('',#2688,#1580,#1581);
#1338=AXIS2_PLACEMENT_3D('',#2689,#1582,#1583);
#1339=AXIS2_PLACEMENT_3D('',#2713,#1584,#1585);
#1340=AXIS2_PLACEMENT_3D('',#2736,#1587,#1588);
#1341=AXIS2_PLACEMENT_3D('',#2739,#1590,#1591);
#1342=AXIS2_PLACEMENT_3D('',#2740,#1592,#1593);
#1343=AXIS2_PLACEMENT_3D('',#2778,#1596,#1597);
#1344=AXIS2_PLACEMENT_3D('',#2805,#1598,#1599);
#1345=AXIS2_PLACEMENT_3D('',#2806,#1600,#1601);
#1346=AXIS2_PLACEMENT_3D('',#2809,#1603,#1604);
#1347=AXIS2_PLACEMENT_3D('',#2823,#1605,#1606);
#1348=AXIS2_PLACEMENT_3D('',#2824,#1607,#1608);
#1349=AXIS2_PLACEMENT_3D('',#2842,#1609,#1610);
#1350=AXIS2_PLACEMENT_3D('',#2916,#1612,#1613);
#1351=AXIS2_PLACEMENT_3D('',#2919,#1615,#1616);
#1352=AXIS2_PLACEMENT_3D('',#2920,#1617,#1618);
#1353=AXIS2_PLACEMENT_3D('',#2921,#1619,#1620);
#1354=AXIS2_PLACEMENT_3D('',#2922,#1621,#1622);
#1355=AXIS2_PLACEMENT_3D('',#2923,#1623,#1624);
#1356=AXIS2_PLACEMENT_3D('',#2924,#1625,#1626);
#1357=AXIS2_PLACEMENT_3D('',#2962,#1629,#1630);
#1358=AXIS2_PLACEMENT_3D('',#3051,#1631,#1632);
#1359=AXIS2_PLACEMENT_3D('',#3055,#1635,#1636);
#1360=AXIS2_PLACEMENT_3D('',#3058,#1638,#1639);
#1361=AXIS2_PLACEMENT_3D('',#3064,#1643,#1644);
#1362=AXIS2_PLACEMENT_3D('',#3068,#1648,#1649);
#1363=AXIS2_PLACEMENT_3D('',#3073,#1654,#1655);
#1364=AXIS2_PLACEMENT_3D('',#3074,#1656,#1657);
#1365=AXIS2_PLACEMENT_3D('',#3075,#1658,#1659);
#1366=AXIS2_PLACEMENT_3D('',#3076,#1660,#1661);
#1367=AXIS2_PLACEMENT_3D('',#3077,#1662,#1663);
#1368=AXIS2_PLACEMENT_3D('',#3079,#1664,#1665);
#1369=AXIS2_PLACEMENT_3D('',#3080,#1666,#1667);
#1370=AXIS2_PLACEMENT_3D('',#3082,#1668,#1669);
#1371=AXIS2_PLACEMENT_3D('',#3083,#1670,#1671);
#1372=AXIS2_PLACEMENT_3D('',#3084,#1672,#1673);
#1373=AXIS2_PLACEMENT_3D('',#3085,#1674,#1675);
#1374=AXIS2_PLACEMENT_3D('',#3089,#1677,#1678);
#1375=AXIS2_PLACEMENT_3D('',#3112,#1679,#1680);
#1376=AXIS2_PLACEMENT_3D('',#3113,#1681,#1682);
#1377=AXIS2_PLACEMENT_3D('',#3115,#1684,#1685);
#1378=AXIS2_PLACEMENT_3D('',#3116,#1686,#1687);
#1379=AXIS2_PLACEMENT_3D('',#3118,#1688,#1689);
#1380=AXIS2_PLACEMENT_3D('',#3119,#1690,#1691);
#1381=AXIS2_PLACEMENT_3D('',#3120,#1692,#1693);
#1382=AXIS2_PLACEMENT_3D('',#3124,#1695,#1696);
#1383=AXIS2_PLACEMENT_3D('',#3136,#1697,#1698);
#1384=AXIS2_PLACEMENT_3D('',#3148,#1699,#1700);
#1385=AXIS2_PLACEMENT_3D('',#3150,#1702,#1703);
#1386=AXIS2_PLACEMENT_3D('',#3151,#1704,#1705);
#1387=AXIS2_PLACEMENT_3D('',#3153,#1706,#1707);
#1388=AXIS2_PLACEMENT_3D('',#3154,#1708,#1709);
#1389=DIRECTION('',(0.,0.,1.));
#1390=DIRECTION('',(1.,0.,0.));
#1391=DIRECTION('',(0.,1.,0.));
#1392=DIRECTION('',(0.,1.,5.78241158658936E-16));
#1393=DIRECTION('',(0.,0.,-1.));
#1394=DIRECTION('',(0.,-1.,0.));
#1395=DIRECTION('',(0.,-1.,0.));
#1396=DIRECTION('',(0.,0.,-1.));
#1397=DIRECTION('',(0.,-1.,-5.78241158658936E-16));
#1398=DIRECTION('',(0.,0.,-1.));
#1399=DIRECTION('',(0.,1.,5.78241158658936E-16));
#1400=DIRECTION('',(0.,1.,5.78241158658936E-16));
#1401=DIRECTION('',(0.,0.,-1.));
#1402=DIRECTION('',(0.,-1.,-5.78241158658936E-16));
#1403=DIRECTION('',(0.,0.,-1.));
#1404=DIRECTION('',(0.,0.,-1.));
#1405=DIRECTION('',(1.,0.,0.));
#1406=DIRECTION('',(0.,0.,-1.));
#1407=DIRECTION('',(1.,0.,0.));
#1408=DIRECTION('',(0.,0.,-1.));
#1409=DIRECTION('',(1.,0.,0.));
#1410=DIRECTION('',(0.,0.,1.));
#1411=DIRECTION('',(1.,0.,0.));
#1412=DIRECTION('',(0.,0.,1.));
#1413=DIRECTION('',(1.,0.,0.));
#1414=DIRECTION('',(-1.,0.,0.));
#1415=DIRECTION('',(0.,-1.,-5.78241158658936E-16));
#1416=DIRECTION('',(0.,0.,-1.));
#1417=DIRECTION('',(-1.,0.,0.));
#1418=DIRECTION('',(0.,-5.78241158658936E-16,1.));
#1419=DIRECTION('',(-1.,0.,0.));
#1420=DIRECTION('',(0.,-5.78241158658936E-16,1.));
#1421=DIRECTION('',(-1.,0.,0.));
#1422=DIRECTION('',(0.,-1.,-5.78241158658936E-16));
#1423=DIRECTION('',(0.,5.79397640976254E-16,-1.));
#1424=DIRECTION('',(0.,1.,-2.89120579329468E-16));
#1425=DIRECTION('',(0.,0.,1.));
#1426=DIRECTION('',(-1.,0.,0.));
#1427=DIRECTION('',(0.,-2.89120579329468E-16,-1.));
#1428=DIRECTION('',(-1.,0.,0.));
#1429=DIRECTION('',(0.,-2.89120579329468E-16,-1.));
#1430=DIRECTION('',(-1.,0.,0.));
#1431=DIRECTION('',(0.,1.,-2.89120579329468E-16));
#1432=DIRECTION('',(0.,0.,0.999999999999998));
#1433=DIRECTION('',(-1.,0.,0.));
#1434=DIRECTION('',(0.,1.,-2.89120579329468E-16));
#1435=DIRECTION('',(0.,0.,1.));
#1436=DIRECTION('',(-1.,0.,0.));
#1437=DIRECTION('',(0.,1.,-2.89120579329468E-16));
#1438=DIRECTION('',(0.,0.,0.999999999999998));
#1439=DIRECTION('',(0.,1.,-2.89120579329468E-16));
#1440=DIRECTION('',(0.,2.91433543964104E-16,1.));
#1441=DIRECTION('',(0.,-1.,0.));
#1442=DIRECTION('',(0.,1.,3.72412934460215E-16));
#1443=DIRECTION('',(1.,0.,0.));
#1444=DIRECTION('',(0.,0.,-1.));
#1445=DIRECTION('',(0.,-1.,0.));
#1446=DIRECTION('',(0.,1.,3.72412934460215E-16));
#1447=DIRECTION('',(1.,0.,0.));
#1448=DIRECTION('',(0.,0.,-1.));
#1449=DIRECTION('',(0.,1.,-2.89120579329468E-16));
#1450=DIRECTION('',(0.,-1.,2.89120579329468E-16));
#1451=DIRECTION('',(0.,1.,-2.89120579329468E-16));
#1452=DIRECTION('',(0.,0.,0.999999999999998));
#1453=DIRECTION('',(0.,1.,0.));
#1454=DIRECTION('',(0.,0.,1.));
#1455=DIRECTION('',(1.,0.,0.));
#1456=DIRECTION('',(0.,1.,-6.12323399573677E-17));
#1457=DIRECTION('',(0.,1.,0.));
#1458=DIRECTION('',(0.,-1.,0.));
#1459=DIRECTION('',(0.,1.,0.));
#1460=DIRECTION('',(0.,1.,0.));
#1461=DIRECTION('',(0.,0.,1.));
#1462=DIRECTION('',(0.,0.,1.));
#1463=DIRECTION('',(1.,0.,0.));
#1464=DIRECTION('',(0.,0.,1.));
#1465=DIRECTION('',(1.,0.,0.));
#1466=DIRECTION('',(0.,1.,-2.89120579329468E-16));
#1467=DIRECTION('',(0.,-1.,2.89120579329468E-16));
#1468=DIRECTION('',(0.,1.,-2.89120579329468E-16));
#1469=DIRECTION('',(0.,0.,0.999999999999998));
#1470=DIRECTION('',(0.,1.,5.78241158658936E-16));
#1471=DIRECTION('',(0.,-5.37356428679843E-16,1.));
#1472=DIRECTION('',(0.,1.,5.78241158658936E-16));
#1473=DIRECTION('',(0.,1.,5.78241158658936E-16));
#1474=DIRECTION('',(0.,0.,-1.));
#1475=DIRECTION('',(0.,-1.,-5.78241158658936E-16));
#1476=DIRECTION('',(0.,-1.,-5.78241158658936E-16));
#1477=DIRECTION('',(0.,0.,-1.));
#1478=DIRECTION('',(0.,1.,5.78241158658936E-16));
#1479=DIRECTION('',(0.,-5.37356428679843E-16,1.));
#1480=DIRECTION('',(0.,-1.,0.));
#1481=DIRECTION('',(0.,1.,0.));
#1482=DIRECTION('',(0.,-1.,0.));
#1483=DIRECTION('',(0.,0.,-1.));
#1484=DIRECTION('',(0.,-3.72412934460215E-16,1.));
#1485=DIRECTION('',(0.,-1.,-3.72531866466019E-16));
#1486=DIRECTION('',(0.,0.,1.));
#1487=DIRECTION('',(1.,0.,0.));
#1488=DIRECTION('',(0.,1.,-2.89120579329468E-16));
#1489=DIRECTION('',(0.,0.,1.));
#1490=DIRECTION('',(0.,0.,1.));
#1491=DIRECTION('',(1.,0.,0.));
#1492=DIRECTION('',(0.,0.,1.));
#1493=DIRECTION('',(1.,0.,0.));
#1494=DIRECTION('',(0.,0.,1.));
#1495=DIRECTION('',(1.,0.,0.));
#1496=DIRECTION('',(0.,0.,1.));
#1497=DIRECTION('',(0.999999999999999,0.,0.));
#1498=DIRECTION('',(0.,0.,1.));
#1499=DIRECTION('',(1.,0.,0.));
#1500=DIRECTION('',(0.,0.,1.));
#1501=DIRECTION('',(1.,0.,0.));
#1502=DIRECTION('',(0.,0.,1.));
#1503=DIRECTION('',(1.,0.,0.));
#1504=DIRECTION('',(0.,0.,1.));
#1505=DIRECTION('',(1.,0.,0.));
#1506=DIRECTION('',(0.,0.,1.));
#1507=DIRECTION('',(0.999999999999999,0.,0.));
#1508=DIRECTION('',(0.,0.,-1.));
#1509=DIRECTION('',(1.,0.,0.));
#1510=DIRECTION('',(0.,1.,0.));
#1511=DIRECTION('',(0.,0.,-1.));
#1512=DIRECTION('',(1.,0.,0.));
#1513=DIRECTION('',(0.,-1.,0.));
#1514=DIRECTION('',(0.,0.,1.));
#1515=DIRECTION('',(1.,0.,0.));
#1516=DIRECTION('',(0.,0.,1.));
#1517=DIRECTION('',(1.,0.,0.));
#1518=DIRECTION('',(0.,0.,1.));
#1519=DIRECTION('',(1.,0.,0.));
#1520=DIRECTION('',(0.,0.,1.));
#1521=DIRECTION('',(1.,0.,0.));
#1522=DIRECTION('',(0.,0.,1.));
#1523=DIRECTION('',(1.,0.,0.));
#1524=DIRECTION('',(0.,-1.,0.));
#1525=DIRECTION('',(0.,1.,0.));
#1526=DIRECTION('',(0.,0.,1.));
#1527=DIRECTION('',(1.,0.,0.));
#1528=DIRECTION('',(0.,1.,0.));
#1529=DIRECTION('',(0.,0.,-1.));
#1530=DIRECTION('',(0.,1.,0.));
#1531=DIRECTION('',(0.,0.,1.));
#1532=DIRECTION('',(0.,1.,0.));
#1533=DIRECTION('',(0.,0.,1.));
#1534=DIRECTION('',(0.,-1.,0.));
#1535=DIRECTION('',(0.,0.,-1.));
#1536=DIRECTION('',(1.,0.,0.));
#1537=DIRECTION('',(0.,1.,-6.12323399573677E-17));
#1538=DIRECTION('',(0.,1.,0.));
#1539=DIRECTION('',(0.,-1.,2.89120579329468E-16));
#1540=DIRECTION('',(0.,0.,1.));
#1541=DIRECTION('',(0.,-1.,0.));
#1542=DIRECTION('',(0.,0.,-1.));
#1543=DIRECTION('',(0.,1.,-2.89120579329468E-16));
#1544=DIRECTION('',(0.,2.91433543964104E-16,1.));
#1545=DIRECTION('',(1.,0.,0.));
#1546=DIRECTION('',(0.,0.,-1.));
#1547=DIRECTION('',(1.,0.,0.));
#1548=DIRECTION('',(0.,0.,-1.));
#1549=DIRECTION('',(-1.,0.,0.));
#1550=DIRECTION('',(0.,0.,1.));
#1551=DIRECTION('',(-1.,0.,0.));
#1552=DIRECTION('',(0.,0.,1.));
#1553=DIRECTION('',(-1.,0.,0.));
#1554=DIRECTION('',(0.,0.,1.));
#1555=DIRECTION('',(1.,0.,0.));
#1556=DIRECTION('',(0.,0.,-1.));
#1557=DIRECTION('',(0.,-1.,0.));
#1558=DIRECTION('',(-1.,0.,0.));
#1559=DIRECTION('',(0.,-1.,0.));
#1560=DIRECTION('',(-1.,0.,0.));
#1561=DIRECTION('',(0.,0.,-1.));
#1562=DIRECTION('',(-1.,0.,0.));
#1563=DIRECTION('',(0.,1.,-2.89120579329468E-16));
#1564=DIRECTION('',(0.,0.,0.999999999999998));
#1565=DIRECTION('',(0.,1.,-2.89120579329468E-16));
#1566=DIRECTION('',(0.,0.,0.999999999999998));
#1567=DIRECTION('',(0.,0.,-1.));
#1568=DIRECTION('',(1.,0.,0.));
#1569=DIRECTION('',(0.,0.,1.));
#1570=DIRECTION('',(1.,0.,0.));
#1571=DIRECTION('',(0.,-5.78241158658936E-16,1.));
#1572=DIRECTION('',(0.,1.,0.));
#1573=DIRECTION('',(0.,-2.89120579329468E-16,-1.));
#1574=DIRECTION('',(1.,0.,0.));
#1575=DIRECTION('',(0.,0.,-1.));
#1576=DIRECTION('',(0.,-1.,2.89120579329468E-16));
#1577=DIRECTION('',(0.,1.,-2.89120579329468E-16));
#1578=DIRECTION('',(0.,0.,0.999999999999998));
#1579=DIRECTION('',(0.,1.,-2.89120579329468E-16));
#1580=DIRECTION('',(0.,1.,-2.89120579329468E-16));
#1581=DIRECTION('',(0.,0.,0.999999999999998));
#1582=DIRECTION('',(0.,1.,5.78241158658936E-16));
#1583=DIRECTION('',(0.,0.,-1.));
#1584=DIRECTION('',(0.,1.,5.78241158658936E-16));
#1585=DIRECTION('',(0.,-5.37356428679843E-16,1.));
#1586=DIRECTION('',(0.,-1.,-5.78241158658936E-16));
#1587=DIRECTION('',(0.,-1.,-5.78241158658936E-16));
#1588=DIRECTION('',(0.,0.,-1.));
#1589=DIRECTION('',(0.,1.,5.78241158658936E-16));
#1590=DIRECTION('',(0.,-1.,-5.78241158658936E-16));
#1591=DIRECTION('',(0.,0.,-1.));
#1592=DIRECTION('',(0.,-1.,-5.78241158658936E-16));
#1593=DIRECTION('',(0.,0.,-1.));
#1594=DIRECTION('',(0.,-1.,0.));
#1595=DIRECTION('',(0.,1.,0.));
#1596=DIRECTION('',(0.,-1.,0.));
#1597=DIRECTION('',(0.,0.,-1.));
#1598=DIRECTION('',(0.,1.,5.78241158658936E-16));
#1599=DIRECTION('',(0.,0.,-1.));
#1600=DIRECTION('',(0.,1.,5.78241158658936E-16));
#1601=DIRECTION('',(0.,-5.37356428679843E-16,1.));
#1602=DIRECTION('',(0.,-1.,-5.78241158658936E-16));
#1603=DIRECTION('',(0.,-1.,-5.78241158658936E-16));
#1604=DIRECTION('',(0.,0.,-1.));
#1605=DIRECTION('',(0.,-1.,-5.78241158658936E-16));
#1606=DIRECTION('',(0.,0.,-1.));
#1607=DIRECTION('',(0.,0.,-1.));
#1608=DIRECTION('',(1.,0.,0.));
#1609=DIRECTION('',(0.,0.,-1.));
#1610=DIRECTION('',(1.,0.,0.));
#1611=DIRECTION('',(0.,1.,0.));
#1612=DIRECTION('',(0.,1.,0.));
#1613=DIRECTION('',(0.,0.,1.));
#1614=DIRECTION('',(0.,-1.,0.));
#1615=DIRECTION('',(0.,1.,0.));
#1616=DIRECTION('',(0.,0.,1.));
#1617=DIRECTION('',(0.,0.,1.));
#1618=DIRECTION('',(1.,0.,0.));
#1619=DIRECTION('',(0.,0.,1.));
#1620=DIRECTION('',(1.,0.,0.));
#1621=DIRECTION('',(0.,0.,1.));
#1622=DIRECTION('',(1.,0.,0.));
#1623=DIRECTION('',(0.,0.,1.));
#1624=DIRECTION('',(1.,0.,0.));
#1625=DIRECTION('',(0.,1.,-2.89120579329468E-16));
#1626=DIRECTION('',(0.,0.,1.));
#1627=DIRECTION('',(0.,1.,0.));
#1628=DIRECTION('',(0.,-1.,0.));
#1629=DIRECTION('',(0.,-1.,0.));
#1630=DIRECTION('',(0.,0.,-1.));
#1631=DIRECTION('',(1.,0.,0.));
#1632=DIRECTION('',(0.,1.,-6.12323399573677E-17));
#1633=DIRECTION('',(0.,1.,0.));
#1634=DIRECTION('',(0.,-1.,2.89120579329468E-16));
#1635=DIRECTION('',(0.,1.,-2.89120579329468E-16));
#1636=DIRECTION('',(0.,0.,0.999999999999998));
#1637=DIRECTION('',(0.,1.,-2.89120579329468E-16));
#1638=DIRECTION('',(0.,1.,-2.89120579329468E-16));
#1639=DIRECTION('',(0.,0.,0.999999999999998));
#1640=DIRECTION('',(0.,1.,0.));
#1641=DIRECTION('',(0.,-5.78241158658936E-16,1.));
#1642=DIRECTION('',(0.,-2.89120579329468E-16,-1.));
#1643=DIRECTION('',(1.,0.,0.));
#1644=DIRECTION('',(0.,0.,-1.));
#1645=DIRECTION('',(1.,0.,0.));
#1646=DIRECTION('',(1.,0.,0.));
#1647=DIRECTION('',(1.,0.,0.));
#1648=DIRECTION('',(0.,-1.,-5.78241158658936E-16));
#1649=DIRECTION('',(0.,5.79397640976254E-16,-1.));
#1650=DIRECTION('',(1.,0.,0.));
#1651=DIRECTION('',(1.,0.,0.));
#1652=DIRECTION('',(1.,0.,0.));
#1653=DIRECTION('',(1.,0.,0.));
#1654=DIRECTION('',(0.,1.,-2.89120579329468E-16));
#1655=DIRECTION('',(0.,2.91433543964104E-16,1.));
#1656=DIRECTION('',(0.,0.,1.));
#1657=DIRECTION('',(1.,0.,0.));
#1658=DIRECTION('',(0.,0.,1.));
#1659=DIRECTION('',(1.,0.,0.));
#1660=DIRECTION('',(0.,0.,1.));
#1661=DIRECTION('',(1.,0.,0.));
#1662=DIRECTION('',(0.,0.,1.));
#1663=DIRECTION('',(0.999999999999999,0.,0.));
#1664=DIRECTION('',(0.,0.,1.));
#1665=DIRECTION('',(1.,0.,0.));
#1666=DIRECTION('',(0.,0.,1.));
#1667=DIRECTION('',(1.,0.,0.));
#1668=DIRECTION('',(0.,0.,1.));
#1669=DIRECTION('',(1.,0.,0.));
#1670=DIRECTION('',(0.,0.,1.));
#1671=DIRECTION('',(1.,0.,0.));
#1672=DIRECTION('',(0.,0.,1.));
#1673=DIRECTION('',(0.999999999999999,0.,0.));
#1674=DIRECTION('',(0.,0.,1.));
#1675=DIRECTION('',(1.,0.,0.));
#1676=DIRECTION('',(0.,-1.,0.));
#1677=DIRECTION('',(0.,0.,1.));
#1678=DIRECTION('',(1.,0.,0.));
#1679=DIRECTION('',(0.,0.,-1.));
#1680=DIRECTION('',(1.,0.,0.));
#1681=DIRECTION('',(0.,0.,1.));
#1682=DIRECTION('',(1.,0.,0.));
#1683=DIRECTION('',(0.,1.,0.));
#1684=DIRECTION('',(0.,0.,1.));
#1685=DIRECTION('',(1.,0.,0.));
#1686=DIRECTION('',(1.,0.,0.));
#1687=DIRECTION('',(0.,0.,-1.));
#1688=DIRECTION('',(1.,0.,0.));
#1689=DIRECTION('',(0.,0.,-1.));
#1690=DIRECTION('',(1.,0.,0.));
#1691=DIRECTION('',(0.,0.,-1.));
#1692=DIRECTION('',(0.,0.,1.));
#1693=DIRECTION('',(1.,0.,0.));
#1694=DIRECTION('',(0.,1.,0.));
#1695=DIRECTION('',(0.,0.,1.));
#1696=DIRECTION('',(1.,0.,0.));
#1697=DIRECTION('',(0.,0.,-1.));
#1698=DIRECTION('',(1.,0.,0.));
#1699=DIRECTION('',(0.,0.,1.));
#1700=DIRECTION('',(1.,0.,0.));
#1701=DIRECTION('',(0.,-1.,0.));
#1702=DIRECTION('',(0.,0.,1.));
#1703=DIRECTION('',(1.,0.,0.));
#1704=DIRECTION('',(-1.,0.,0.));
#1705=DIRECTION('',(0.,0.,1.));
#1706=DIRECTION('',(-1.,0.,0.));
#1707=DIRECTION('',(0.,0.,1.));
#1708=DIRECTION('',(-1.,0.,0.));
#1709=DIRECTION('',(0.,0.,1.));
#1710=CARTESIAN_POINT('',(0.,0.,0.));
#1711=CARTESIAN_POINT('',(2.87040820041726,18.7819263325938,10.));
#1712=CARTESIAN_POINT('',(2.86516526078364,18.7827276016783,10.168125326766));
#1713=CARTESIAN_POINT('',(2.84545975897192,18.7770476324129,10.3365386076288));
#1714=CARTESIAN_POINT('',(2.81189720628605,18.7653364906757,10.5009486443198));
#1715=CARTESIAN_POINT('',(2.74283930014832,18.7412397858027,10.8392367652555));
#1716=CARTESIAN_POINT('',(2.61208797185226,18.6901318974866,11.1682209542927));
#1717=CARTESIAN_POINT('',(2.43453067707839,18.624281454109,11.4579201509289));
#1718=CARTESIAN_POINT('',(2.25938773993022,18.5593264204094,11.7436801263382));
#1719=CARTESIAN_POINT('',(2.03410519539786,18.4784572229673,12.0002634715779));
#1720=CARTESIAN_POINT('',(1.77634533924397,18.3996333034144,12.2097858203705));
#1721=CARTESIAN_POINT('',(1.54460704442239,18.3287668737814,12.398156315919));
#1722=CARTESIAN_POINT('',(1.28095864299775,18.2581285621255,12.553339854918));
#1723=CARTESIAN_POINT('',(1.00031161748576,18.2032185885919,12.6648309918156));
#1724=CARTESIAN_POINT('',(0.728971016880766,18.1501294629522,12.7726250152611));
#1725=CARTESIAN_POINT('',(0.43488365075711,18.1112292957874,12.8417386515038));
#1726=CARTESIAN_POINT('',(0.139390647938603,18.0971259300951,12.8651631824463));
#1727=CARTESIAN_POINT('',(-0.190477049988064,18.0813819201538,12.8913126886047));
#1728=CARTESIAN_POINT('',(-0.531742763696392,18.0971033250809,12.8604853253703));
#1729=CARTESIAN_POINT('',(-0.849662158535877,18.1381083645122,12.7768778270048));
#1730=CARTESIAN_POINT('',(-1.18366721043177,18.181188121663,12.6890400691211));
#1731=CARTESIAN_POINT('',(-1.50309465540617,18.2519380341476,12.5410415282544));
#1732=CARTESIAN_POINT('',(-1.78244679424339,18.3279878014597,12.3478847854339));
#1733=CARTESIAN_POINT('',(-2.04549423052681,18.3995988383563,12.166001853693));
#1734=CARTESIAN_POINT('',(-2.28089272494056,18.4773496179547,11.939194806731));
#1735=CARTESIAN_POINT('',(-2.47276465451232,18.5444188382165,11.6821143182937));
#1736=CARTESIAN_POINT('',(-2.65293031368543,18.6073961080323,11.4407185301591));
#1737=CARTESIAN_POINT('',(-2.79890730029217,18.6623553928026,11.1665810812018));
#1738=CARTESIAN_POINT('',(-2.89883392851283,18.6989727912916,10.8778397386681));
#1739=CARTESIAN_POINT('',(-2.94484179652156,18.7158320455915,10.7448984615281));
#1740=CARTESIAN_POINT('',(-2.98161542331569,18.7290421726317,10.6078491233627));
#1741=CARTESIAN_POINT('',(-3.00837512553728,18.7379949323966,10.4690034969589));
#1742=CARTESIAN_POINT('',(2.87040820041726,18.7819263325938,10.));
#1743=CARTESIAN_POINT('',(-3.00837512553728,18.7379949323966,10.4690034969589));
#1744=CARTESIAN_POINT('',(2.87040820041726,97.2000000258128,10.));
#1745=CARTESIAN_POINT('',(2.87040820041726,25.,10.));
#1746=CARTESIAN_POINT('',(-0.0950695475379799,25.,9.9075224350997));
#1747=CARTESIAN_POINT('',(-3.00837512553722,25.,10.4690034969586));
#1748=CARTESIAN_POINT('',(-3.00837512553722,-47.2000000258127,10.4690034969585));
#1749=CARTESIAN_POINT('',(-0.0950695475379799,97.2000000258128,9.9075224350997));
#1750=CARTESIAN_POINT('',(-4.47938470475938,25.,10.1755229731812));
#1751=CARTESIAN_POINT('',(-5.96907987018271,25.,10.));
#1752=CARTESIAN_POINT('',(-5.96907987018271,25.,10.));
#1753=CARTESIAN_POINT('',(-5.96907987018271,18.2,10.));
#1754=CARTESIAN_POINT('',(-4.47938470475938,18.2,10.1755229731812));
#1755=CARTESIAN_POINT('',(-4.84359999821544,18.1999999999997,8.7204122488675));
#1756=CARTESIAN_POINT('',(-3.00837512553728,18.7379949323966,10.4690034969589));
#1757=CARTESIAN_POINT('',(-3.00182286060601,18.7421807513318,10.4361616430756));
#1758=CARTESIAN_POINT('',(-2.99635583760809,18.7458841835747,10.403018487165));
#1759=CARTESIAN_POINT('',(-2.99200645297435,18.749079639032,10.3697031372478));
#1760=CARTESIAN_POINT('',(-2.97126137307075,18.7643208706939,10.2108002913856));
#1761=CARTESIAN_POINT('',(-2.97646377779342,18.76775478891,10.0448778508985));
#1762=CARTESIAN_POINT('',(-3.00736920892256,18.7591928255016,9.88713022012334));
#1763=CARTESIAN_POINT('',(-3.03671827848951,18.7510620326112,9.73732657654054));
#1764=CARTESIAN_POINT('',(-3.08983461065811,18.7320354937347,9.59088373901604));
#1765=CARTESIAN_POINT('',(-3.16176185775642,18.7052752402592,9.45867568605805));
#1766=CARTESIAN_POINT('',(-3.23590085646028,18.6776921131721,9.32240225613664));
#1767=CARTESIAN_POINT('',(-3.33172846833294,18.6413345978082,9.19771865492305));
#1768=CARTESIAN_POINT('',(-3.44175927784886,18.6011880423087,9.09231778789599));
#1769=CARTESIAN_POINT('',(-3.56037833078125,18.5579079245599,8.97869005871716));
#1770=CARTESIAN_POINT('',(-3.69850246730269,18.5092201735305,8.88448372208988));
#1771=CARTESIAN_POINT('',(-3.84624380772041,18.461308875119,8.81569482062048));
#1772=CARTESIAN_POINT('',(-4.00319784248313,18.4104099758999,8.74261645540468));
#1773=CARTESIAN_POINT('',(-4.175435365178,18.3591024116469,8.69629878832685));
#1774=CARTESIAN_POINT('',(-4.34939053594729,18.3135357095207,8.68116641731013));
#1775=CARTESIAN_POINT('',(-4.51281302616191,18.2707279913056,8.66695028482341));
#1776=CARTESIAN_POINT('',(-4.68207982080293,18.2319103185086,8.67998362867221));
#1777=CARTESIAN_POINT('',(-4.84359999821544,18.1999999999997,8.7204122488675));
#1778=CARTESIAN_POINT('',(-4.47938470475938,25.,10.1755229731812));
#1779=CARTESIAN_POINT('',(-4.84359999821544,18.1999999999997,8.7204122488675));
#1780=CARTESIAN_POINT('',(-5.03303752345444,18.1745401661799,8.81150803986615));
#1781=CARTESIAN_POINT('',(-5.21174144301664,18.1549971393918,8.93511600696701));
#1782=CARTESIAN_POINT('',(-5.35978877837592,18.1404753776696,9.08579555824712));
#1783=CARTESIAN_POINT('',(-5.48139065411925,18.1285476151048,9.20955946137553));
#1784=CARTESIAN_POINT('',(-5.58520834274554,18.119578494395,9.35479782803133));
#1785=CARTESIAN_POINT('',(-5.65978112606788,18.1124103304132,9.5117510339061));
#1786=CARTESIAN_POINT('',(-5.73217142260195,18.1054519537357,9.66411076367688));
#1787=CARTESIAN_POINT('',(-5.77873316401778,18.0999027138855,9.8318719884866));
#1788=CARTESIAN_POINT('',(-5.79334011507723,18.0952261746306,9.99999999999999));
#1789=CARTESIAN_POINT('',(-5.79334011507723,18.0952261746306,9.99999999999999));
#1790=CARTESIAN_POINT('',(0.,0.,10.));
#1791=CARTESIAN_POINT('',(-6.78596706563985,-17.7468490438176,9.99999999998061));
#1792=CARTESIAN_POINT('',(-6.78596706563985,-17.7468490438176,9.99999999998061));
#1793=CARTESIAN_POINT('',(-6.7859670656351,-17.7468490438164,9.25886157000177));
#1794=CARTESIAN_POINT('',(-6.49299102640721,-17.6681858697876,8.52566378622197));
#1795=CARTESIAN_POINT('',(-5.57527256615799,-17.4353978825109,7.37273905417741));
#1796=CARTESIAN_POINT('',(-4.97342814986775,-17.2874720599537,6.9401632779318));
#1797=CARTESIAN_POINT('',(-3.00892284479315,-16.8650543887969,5.97196515189118));
#1798=CARTESIAN_POINT('',(-1.51976620935645,-16.6261179432927,5.74735677789127));
#1799=CARTESIAN_POINT('',(1.44147415085897,-16.6416829753925,5.75268422967248));
#1800=CARTESIAN_POINT('',(2.92622126430397,-16.8941074612737,5.98329055050881));
#1801=CARTESIAN_POINT('',(4.87818241273665,-17.3263430113816,6.95506135306621));
#1802=CARTESIAN_POINT('',(5.478561679481,-17.4771163907028,7.39245433376883));
#1803=CARTESIAN_POINT('',(6.37922176398359,-17.7099738424758,8.53100872435076));
#1804=CARTESIAN_POINT('',(6.67236626769348,-17.7898715113332,9.25216093076542));
#1805=CARTESIAN_POINT('',(6.67236626769348,-17.7898715113332,10.));
#1806=CARTESIAN_POINT('',(6.67236626769348,-17.7898715113332,10.));
#1807=CARTESIAN_POINT('',(0.,0.,10.));
#1808=CARTESIAN_POINT('',(5.88180805467125,18.0666636103074,10.));
#1809=CARTESIAN_POINT('',(5.88180805467125,18.0666636103074,10.));
#1810=CARTESIAN_POINT('',(5.87381542153325,18.0692657030337,9.85472743763562));
#1811=CARTESIAN_POINT('',(5.84176842822665,18.0727706737973,9.70910081651381));
#1812=CARTESIAN_POINT('',(5.78901169244213,18.077483355917,9.57356747041939));
#1813=CARTESIAN_POINT('',(5.73296065185643,18.0824903134709,9.42957097462248));
#1814=CARTESIAN_POINT('',(5.65228862101829,18.0890339912796,9.29344749220589));
#1815=CARTESIAN_POINT('',(5.55490198222773,18.0979370786741,9.17370461268314));
#1816=CARTESIAN_POINT('',(5.45009316328262,18.107518701845,9.04483570483577));
#1817=CARTESIAN_POINT('',(5.32365196279787,18.1201273223806,8.93180221720461));
#1818=CARTESIAN_POINT('',(5.18628290594895,18.1364621284238,8.83935327035824));
#1819=CARTESIAN_POINT('',(5.04415263637426,18.153363098989,8.74370004219621));
#1820=CARTESIAN_POINT('',(4.88762381381138,18.1746094546221,8.6679577890318));
#1821=CARTESIAN_POINT('',(4.72652539958103,18.2,8.61283231823005));
#1822=CARTESIAN_POINT('',(4.72652539958103,18.2,8.61283231823005));
#1823=CARTESIAN_POINT('',(4.72652539958103,18.2,8.61283231823005));
#1824=CARTESIAN_POINT('',(4.55301908466194,18.2409668210079,8.59911468848995));
#1825=CARTESIAN_POINT('',(4.37639615814565,18.2894362049056,8.61632144229206));
#1826=CARTESIAN_POINT('',(4.21110537195022,18.3403253072489,8.66171032163024));
#1827=CARTESIAN_POINT('',(4.04574448436187,18.3912359921439,8.70711845082341));
#1828=CARTESIAN_POINT('',(3.88704420741657,18.445864016082,8.78184233725858));
#1829=CARTESIAN_POINT('',(3.74680327042821,18.4973395068174,8.88023325464167));
#1830=CARTESIAN_POINT('',(3.60307149464215,18.550096311298,8.98107329165501));
#1831=CARTESIAN_POINT('',(3.4745462184783,18.6009573118446,9.10989703346382));
#1832=CARTESIAN_POINT('',(3.37313550011377,18.6417796107364,9.25707115812045));
#1833=CARTESIAN_POINT('',(3.27514801200808,18.6812239080614,9.39927725844033));
#1834=CARTESIAN_POINT('',(3.1996778928641,18.7122933918816,9.56329898711652));
#1835=CARTESIAN_POINT('',(3.15569597229294,18.7289280955051,9.7340878997635));
#1836=CARTESIAN_POINT('',(3.13336436791384,18.7373742846543,9.82080513220904));
#1837=CARTESIAN_POINT('',(3.11869292627417,18.7422996895392,9.91029662115515));
#1838=CARTESIAN_POINT('',(3.11220746167965,18.7433765558788,9.99999999999999));
#1839=CARTESIAN_POINT('',(3.11220746167965,18.7433765558788,9.99999999999999));
#1840=CARTESIAN_POINT('',(0.,0.,10.));
#1841=CARTESIAN_POINT('',(0.,0.,5.));
#1842=CARTESIAN_POINT('',(14.,0.,5.));
#1843=CARTESIAN_POINT('',(0.,0.,10.));
#1844=CARTESIAN_POINT('',(25.3,25.,10.));
#1845=CARTESIAN_POINT('',(3.11220746167965,25.,10.));
#1846=CARTESIAN_POINT('',(4.60830240519226,25.,10.1081661684447));
#1847=CARTESIAN_POINT('',(6.10439734870487,25.,10.));
#1848=CARTESIAN_POINT('',(25.3,25.,10.));
#1849=CARTESIAN_POINT('',(25.3,25.,10.));
#1850=CARTESIAN_POINT('',(25.3,25.,-1.99999999999999));
#1851=CARTESIAN_POINT('',(25.3,25.,-1.99999999999999));
#1852=CARTESIAN_POINT('',(25.3,25.,-1.99999999999999));
#1853=CARTESIAN_POINT('',(-25.3,25.,-1.99999999999999));
#1854=CARTESIAN_POINT('',(-25.3,25.,-1.99999999999999));
#1855=CARTESIAN_POINT('',(-25.3,25.,10.));
#1856=CARTESIAN_POINT('',(25.3,25.,10.));
#1857=CARTESIAN_POINT('',(25.3,25.,-1.99999999999999));
#1858=CARTESIAN_POINT('',(-0.0628400758422833,-47.2000000258128,6.45158824929611));
#1859=CARTESIAN_POINT('',(-0.0628400758422833,-47.2000000258128,6.85158824929611));
#1860=CARTESIAN_POINT('',(25.3,-47.2000000258128,10.));
#1861=CARTESIAN_POINT('',(-3.77837548359781,-47.2000000258128,10.));
#1862=CARTESIAN_POINT('',(-25.3,-47.2000000258128,10.));
#1863=CARTESIAN_POINT('',(-25.3,-47.2000000258128,22.));
#1864=CARTESIAN_POINT('',(-25.3,-47.2000000258128,-2.00000000000002));
#1865=CARTESIAN_POINT('',(25.3,-47.2000000258128,-2.00000000000002));
#1866=CARTESIAN_POINT('',(25.3,-47.2000000258128,-2.00000000000002));
#1867=CARTESIAN_POINT('',(25.3,-47.2000000258128,22.));
#1868=CARTESIAN_POINT('',(25.3,-47.2000000258128,10.));
#1869=CARTESIAN_POINT('',(25.3,-47.2000000258128,10.));
#1870=CARTESIAN_POINT('',(3.80485971241954,-47.2000000258128,10.));
#1871=CARTESIAN_POINT('',(3.40493045246202,-47.2000000258128,10.0075224350997));
#1872=CARTESIAN_POINT('',(3.0050011925045,-47.2000000258128,10.));
#1873=CARTESIAN_POINT('',(25.3,-47.2000000258128,10.));
#1874=CARTESIAN_POINT('',(2.87040820041726,-47.2000000258128,10.));
#1875=CARTESIAN_POINT('',(-0.0950695475379799,-47.2000000258128,9.9075224350997));
#1876=CARTESIAN_POINT('',(-3.06054729549322,-47.2000000258128,10.));
#1877=CARTESIAN_POINT('',(25.3,-47.2000000258128,10.));
#1878=CARTESIAN_POINT('',(-3.16529418136301,-47.2000000258128,10.));
#1879=CARTESIAN_POINT('',(-3.47183483248041,-47.2000000258128,9.7430314626019));
#1880=CARTESIAN_POINT('',(25.3,-47.2000000258128,22.));
#1881=CARTESIAN_POINT('',(25.3,0.,10.));
#1882=CARTESIAN_POINT('',(25.3,-47.2000000258128,-2.00000000000002));
#1883=CARTESIAN_POINT('',(25.3,0.,0.));
#1884=CARTESIAN_POINT('',(-25.3,0.,10.));
#1885=CARTESIAN_POINT('',(-25.3,-47.2000000258128,-2.00000000000002));
#1886=CARTESIAN_POINT('',(-25.3,0.,0.));
#1887=CARTESIAN_POINT('',(-3.16529418136301,-47.2000000258128,10.));
#1888=CARTESIAN_POINT('',(-3.16529418136299,-40.6888770074357,9.99999999999999));
#1889=CARTESIAN_POINT('',(-3.77837548359769,-40.7728984677112,10.0000000000001));
#1890=CARTESIAN_POINT('',(-3.78360456826218,-40.7715013536266,9.9937621662403));
#1891=CARTESIAN_POINT('',(-3.78864437773629,-40.7700936933016,9.9873630903495));
#1892=CARTESIAN_POINT('',(-3.79348235475601,-40.768688865491,9.98081891267857));
#1893=CARTESIAN_POINT('',(-3.82015313955406,-40.7609443350683,9.94474219019103));
#1894=CARTESIAN_POINT('',(-3.84099893474469,-40.7531942441851,9.90352672113496));
#1895=CARTESIAN_POINT('',(-3.85424740962144,-40.7475395110817,9.86033713528808));
#1896=CARTESIAN_POINT('',(-3.86747328871741,-40.741894422342,9.81722121093225));
#1897=CARTESIAN_POINT('',(-3.87344718717274,-40.7382571687672,9.77083439374233));
#1898=CARTESIAN_POINT('',(-3.87144741522132,-40.7377210565778,9.72543078888918));
#1899=CARTESIAN_POINT('',(-3.86956489581786,-40.7372163782326,9.68268933176355));
#1900=CARTESIAN_POINT('',(-3.86058086274839,-40.7394384785449,9.63964714214925));
#1901=CARTESIAN_POINT('',(-3.84534985838696,-40.7437786366287,9.59990031497137));
#1902=CARTESIAN_POINT('',(-3.83029471463528,-40.7480686822689,9.56061241361989));
#1903=CARTESIAN_POINT('',(-3.80879814427884,-40.7544762857788,9.52349616539178));
#1904=CARTESIAN_POINT('',(-3.78252535432494,-40.7614462799167,9.49109615416742));
#1905=CARTESIAN_POINT('',(-3.75479336839787,-40.7688033889136,9.45689663988336));
#1906=CARTESIAN_POINT('',(-3.72099493922949,-40.7769383814742,9.42701569440841));
#1907=CARTESIAN_POINT('',(-3.68356097773586,-40.7837260417033,9.40366139996339));
#1908=CARTESIAN_POINT('',(-3.64500216491959,-40.7907176640108,9.379605333439));
#1909=CARTESIAN_POINT('',(-3.60138468349967,-40.7964254788728,9.36181540617665));
#1910=CARTESIAN_POINT('',(-3.55650306200797,-40.7987735822312,9.35209503438285));
#1911=CARTESIAN_POINT('',(-3.51401444851796,-40.8009964889069,9.34289293547467));
#1912=CARTESIAN_POINT('',(-3.46912136553864,-40.8002045319387,9.34070394168299));
#1913=CARTESIAN_POINT('',(-3.42610631470916,-40.7957206471151,9.34565393094913));
#1914=CARTESIAN_POINT('',(-3.38599182793469,-40.7915391168138,9.35027013562915));
#1915=CARTESIAN_POINT('',(-3.34644456709089,-40.784049507342,9.36116121953986));
#1916=CARTESIAN_POINT('',(-3.31044905136714,-40.7740312540125,9.37703333466343));
#1917=CARTESIAN_POINT('',(-3.27374807973442,-40.7638166585591,9.39321651846256));
#1918=CARTESIAN_POINT('',(-3.23981177288925,-40.7507690688202,9.41488874879943));
#1919=CARTESIAN_POINT('',(-3.21038036211851,-40.7365967749605,9.44030789244626));
#1920=CARTESIAN_POINT('',(-3.17750431495225,-40.7207657634941,9.46870207891488));
#1921=CARTESIAN_POINT('',(-3.14937678439561,-40.7031452325264,9.50242274916276));
#1922=CARTESIAN_POINT('',(-3.12738228760702,-40.6868375818973,9.53967845836974));
#1923=CARTESIAN_POINT('',(-3.10302310461903,-40.6687766528568,9.58093962686307));
#1924=CARTESIAN_POINT('',(-3.08540847381401,-40.6517755109939,9.62815484062149));
#1925=CARTESIAN_POINT('',(-3.07720619836301,-40.6417714103708,9.67769968522949));
#1926=CARTESIAN_POINT('',(-3.07165726164505,-40.635003517533,9.71121736079083));
#1927=CARTESIAN_POINT('',(-3.07035414799468,-40.6314218226783,9.74662625258762));
#1928=CARTESIAN_POINT('',(-3.07365096135077,-40.6320277245098,9.78110513818249));
#1929=CARTESIAN_POINT('',(-3.07695011035539,-40.6326340555963,9.81560845056462));
#1930=CARTESIAN_POINT('',(-3.08491689991456,-40.6374234071121,9.84997656084075));
#1931=CARTESIAN_POINT('',(-3.0966346772112,-40.6451039024434,9.88168514443531));
#1932=CARTESIAN_POINT('',(-3.11141518138534,-40.6547918825465,9.92168153968254));
#1933=CARTESIAN_POINT('',(-3.13246747713327,-40.6691270479086,9.9586877585191));
#1934=CARTESIAN_POINT('',(-3.15784412328779,-40.6844303825404,9.99084154016276));
#1935=CARTESIAN_POINT('',(-3.16028459132768,-40.6859021018073,9.99393376424884));
#1936=CARTESIAN_POINT('',(-3.16276837351509,-40.6873852203939,9.99698693548192));
#1937=CARTESIAN_POINT('',(-3.16529418136299,-40.6888770074357,9.99999999999999));
#1938=CARTESIAN_POINT('',(-3.77837548359769,-40.7728984677112,10.0000000000001));
#1939=CARTESIAN_POINT('',(-3.77837548359781,-47.2000000258128,10.));
#1940=CARTESIAN_POINT('',(-3.47183483248041,-47.2000000258128,9.7430314626019));
#1941=CARTESIAN_POINT('',(-0.0628400758422837,-40.7184662982774,6.85158824929611));
#1942=CARTESIAN_POINT('',(-0.104860050314225,-40.7184080597526,6.85158824929611));
#1943=CARTESIAN_POINT('',(-0.147451793748818,-40.722266513274,6.84473523136967));
#1944=CARTESIAN_POINT('',(-0.186921134404703,-40.7287464303805,6.83185643216976));
#1945=CARTESIAN_POINT('',(-0.226259060328474,-40.7352047723465,6.8190205134416));
#1946=CARTESIAN_POINT('',(-0.26360274501637,-40.7442840850689,6.79995819123162));
#1947=CARTESIAN_POINT('',(-0.296727292289804,-40.7535941671564,6.7760828871292));
#1948=CARTESIAN_POINT('',(-0.332515434045265,-40.7636528868954,6.75028773404775));
#1949=CARTESIAN_POINT('',(-0.364384665640154,-40.7741815898236,6.71814081622265));
#1950=CARTESIAN_POINT('',(-0.389985137916707,-40.782424664741,6.68175364278592));
#1951=CARTESIAN_POINT('',(-0.416299234980475,-40.7908975191141,6.64435216037002));
#1952=CARTESIAN_POINT('',(-0.436698266400906,-40.7971216593926,6.60121735328529));
#1953=CARTESIAN_POINT('',(-0.448870279633207,-40.7991896158825,6.55637699755249));
#1954=CARTESIAN_POINT('',(-0.4599329386004,-40.8010690993311,6.51562338071256));
#1955=CARTESIAN_POINT('',(-0.464505980823947,-40.7995692634968,6.47229711411285));
#1956=CARTESIAN_POINT('',(-0.462275961077696,-40.7948347244215,6.43035211061221));
#1957=CARTESIAN_POINT('',(-0.46015381968237,-40.7903292211064,6.39043621820567));
#1958=CARTESIAN_POINT('',(-0.451890839316494,-40.7828374352889,6.35073602416464));
#1959=CARTESIAN_POINT('',(-0.438427851017322,-40.7735415417332,6.31398801986656));
#1960=CARTESIAN_POINT('',(-0.424163082401584,-40.7636920367272,6.27505150987683));
#1961=CARTESIAN_POINT('',(-0.403767039857816,-40.7516129552839,6.23844440053682));
#1962=CARTESIAN_POINT('',(-0.378766228044512,-40.7391609222797,6.20625038765487));
#1963=CARTESIAN_POINT('',(-0.351168855399057,-40.7254156328237,6.17071273483421));
#1964=CARTESIAN_POINT('',(-0.317218364085188,-40.7108624618232,6.13958228316408));
#1965=CARTESIAN_POINT('',(-0.279071110165433,-40.6983150997182,6.1150705829017));
#1966=CARTESIAN_POINT('',(-0.239610340359715,-40.6853356970925,6.0897148767312));
#1967=CARTESIAN_POINT('',(-0.194244505886261,-40.6742009247191,6.07071531560602));
#1968=CARTESIAN_POINT('',(-0.147042724506234,-40.6681006600762,6.06055127667334));
#1969=CARTESIAN_POINT('',(-0.104916105725516,-40.6626562993856,6.05148008103473));
#1970=CARTESIAN_POINT('',(-0.0600019696923568,-40.6611829663051,6.04925766904636));
#1971=CARTESIAN_POINT('',(-0.0169527390321702,-40.6641204844616,6.05422902602266));
#1972=CARTESIAN_POINT('',(0.0213484477442579,-40.6667340138986,6.05865207538177));
#1973=CARTESIAN_POINT('',(0.059181173047051,-40.6727994102973,6.06878702883097));
#1974=CARTESIAN_POINT('',(0.0939223022024327,-40.6810100887179,6.08358613404435));
#1975=CARTESIAN_POINT('',(0.130397599330207,-40.6896306183982,6.09912396407483));
#1976=CARTESIAN_POINT('',(0.164388100223405,-40.7007397259458,6.12011103442887));
#1977=CARTESIAN_POINT('',(0.194162665947222,-40.7124186394356,6.14507627446857));
#1978=CARTESIAN_POINT('',(0.227981951154683,-40.7256840724192,6.17343291217765));
#1979=CARTESIAN_POINT('',(0.257252789123641,-40.7399911958191,6.20766209543704));
#1980=CARTESIAN_POINT('',(0.280047300876588,-40.7528132053254,6.24560706839151));
#1981=CARTESIAN_POINT('',(0.304207140918659,-40.7664032177831,6.28582484041123));
#1982=CARTESIAN_POINT('',(0.321741255714447,-40.7786862373281,6.33153514242545));
#1983=CARTESIAN_POINT('',(0.330491326687389,-40.7870711311523,6.37885305984808));
#1984=CARTESIAN_POINT('',(0.338605002646042,-40.7948461893944,6.4227295324153));
#1985=CARTESIAN_POINT('',(0.339322578401115,-40.7994386412047,6.46937495938946));
#1986=CARTESIAN_POINT('',(0.332243791303386,-40.7999491205209,6.51410814949775));
#1987=CARTESIAN_POINT('',(0.325855227430912,-40.8004098251123,6.5544795914243));
#1988=CARTESIAN_POINT('',(0.31298821287132,-40.7975871754974,6.59440155580716));
#1989=CARTESIAN_POINT('',(0.29484629099517,-40.792263999163,6.63064260690469));
#1990=CARTESIAN_POINT('',(0.276758203965179,-40.7869566189708,6.66677611529403));
#1991=CARTESIAN_POINT('',(0.253039936465749,-40.7790825006373,6.70019452715226));
#1992=CARTESIAN_POINT('',(0.225437832181514,-40.7703811191251,6.7288892549658));
#1993=CARTESIAN_POINT('',(0.195400167217654,-40.760911943156,6.76011595461944));
#1994=CARTESIAN_POINT('',(0.159989044193676,-40.7502569722355,6.78659897604083));
#1995=CARTESIAN_POINT('',(0.12145521889598,-40.7411999522371,6.80660267764704));
#1996=CARTESIAN_POINT('',(0.0806610035399846,-40.7316116484173,6.8277797942436));
#1997=CARTESIAN_POINT('',(0.0349738182571238,-40.7236866873588,6.84226189232467));
#1998=CARTESIAN_POINT('',(-0.0114727141238532,-40.7203519298108,6.8482762805626));
#1999=CARTESIAN_POINT('',(-0.0284570679874438,-40.7191324910424,6.85047559432985));
#2000=CARTESIAN_POINT('',(-0.0456705760869261,-40.7184900947301,6.85158824929611));
#2001=CARTESIAN_POINT('',(-0.0628400758422837,-40.7184662982774,6.85158824929611));
#2002=CARTESIAN_POINT('',(-0.0628400758422837,-40.7184662982774,6.85158824929611));
#2003=CARTESIAN_POINT('',(-3.16529418136299,-40.6888770074357,9.99999999999999));
#2004=CARTESIAN_POINT('',(-3.15197518203843,-40.6810105695283,9.99999999999999));
#2005=CARTESIAN_POINT('',(-3.13887901446283,-40.6727540511977,10.));
#2006=CARTESIAN_POINT('',(-3.12603872417038,-40.6641283029076,10.));
#2007=CARTESIAN_POINT('',(-3.10340072455099,-40.6489207272174,10.));
#2008=CARTESIAN_POINT('',(-3.08151311282102,-40.63253227458,10.));
#2009=CARTESIAN_POINT('',(-3.06054729549322,-40.6150914062267,10.));
#2010=CARTESIAN_POINT('',(-3.06054729549322,-40.6150914062267,10.));
#2011=CARTESIAN_POINT('',(-3.06054729549322,-40.6150914062267,10.));
#2012=CARTESIAN_POINT('',(-3.06409092682427,-40.6180392525506,9.88636638658789));
#2013=CARTESIAN_POINT('',(-3.06108742408458,-40.6208973757875,9.77233876873025));
#2014=CARTESIAN_POINT('',(-3.05156561659163,-40.6236453202147,9.65904433284947));
#2015=CARTESIAN_POINT('',(-3.02374565544737,-40.6316740172085,9.32803083500249));
#2016=CARTESIAN_POINT('',(-2.93836891240593,-40.6388887488012,8.99723069027088));
#2017=CARTESIAN_POINT('',(-2.80249124856548,-40.6449203850634,8.69406534626923));
#2018=CARTESIAN_POINT('',(-2.66665760145079,-40.6509500674145,8.39099821079887));
#2019=CARTESIAN_POINT('',(-2.47660732218674,-40.6559731660892,8.10718622750437));
#2020=CARTESIAN_POINT('',(-2.24807546494971,-40.6597897784348,7.8661562520699));
#2021=CARTESIAN_POINT('',(-2.01960506931895,-40.6636053643365,7.6251910994992));
#2022=CARTESIAN_POINT('',(-1.74637072893317,-40.6663271945592,7.4203373004479));
#2023=CARTESIAN_POINT('',(-1.451002233694,-40.6678676641119,7.26857246887425));
#2024=CARTESIAN_POINT('',(-1.15568386341328,-40.6694078722422,7.11683339226769));
#2025=CARTESIAN_POINT('',(-0.830092902811658,-40.6698125599216,7.01397952909834));
#2026=CARTESIAN_POINT('',(-0.501194880071464,-40.6690700003118,6.96853067126263));
#2027=CARTESIAN_POINT('',(-0.17231929165789,-40.6683274913526,6.9230849135201));
#2028=CARTESIAN_POINT('',(0.168933206287841,-40.6664159817212,6.93378256634542));
#2029=CARTESIAN_POINT('',(0.494304732866601,-40.6633938215716,6.99973146406599));
#2030=CARTESIAN_POINT('',(0.819685488560126,-40.6603715756988,7.0656822324172));
#2031=CARTESIAN_POINT('',(1.13815704162966,-40.6561497175984,7.18870539663738));
#2032=CARTESIAN_POINT('',(1.42335620264737,-40.6508829580224,7.35860234714056));
#2033=CARTESIAN_POINT('',(1.70859171634205,-40.6456155271232,7.52852095341908));
#2034=CARTESIAN_POINT('',(1.96841111569427,-40.6391490455766,7.75000926362085));
#2035=CARTESIAN_POINT('',(2.18131799862774,-40.6317857684496,8.00471658234193));
#2036=CARTESIAN_POINT('',(2.39427394546338,-40.6244207944723,8.25948259777961));
#2037=CARTESIAN_POINT('',(2.56616758628133,-40.6159456656251,8.55450538554514));
#2038=CARTESIAN_POINT('',(2.68278878821738,-40.6068706681171,8.86535477099662));
#2039=CARTESIAN_POINT('',(2.79944634305044,-40.5977928417714,9.17630105371472));
#2040=CARTESIAN_POINT('',(2.8640144875674,-40.587856241703,9.51165582610592));
#2041=CARTESIAN_POINT('',(2.87116241434203,-40.5778234224174,9.8436606942133));
#2042=CARTESIAN_POINT('',(2.87228414390102,-40.5762489644932,9.89576246945868));
#2043=CARTESIAN_POINT('',(2.87203255838006,-40.5746686962481,9.94791171892811));
#2044=CARTESIAN_POINT('',(2.87040820041726,-40.5730860987431,10.));
#2045=CARTESIAN_POINT('',(2.87040820041726,-40.5730860987431,10.));
#2046=CARTESIAN_POINT('',(2.87040820041726,-40.5730860987431,10.));
#2047=CARTESIAN_POINT('',(2.90912455791282,-40.6108071012435,10.));
#2048=CARTESIAN_POINT('',(2.95190169729663,-40.6447552091669,10.));
#2049=CARTESIAN_POINT('',(2.99743117981277,-40.6738910391563,10.));
#2050=CARTESIAN_POINT('',(2.99994554757754,-40.6755000667067,10.));
#2051=CARTESIAN_POINT('',(3.00246896423226,-40.6770950407028,9.99999999999996));
#2052=CARTESIAN_POINT('',(3.0050011925045,-40.6786758110503,9.99999999999996));
#2053=CARTESIAN_POINT('',(3.0050011925045,-40.6786758110503,9.99999999999996));
#2054=CARTESIAN_POINT('',(3.0050011925045,-40.6786758110503,9.99999999999996));
#2055=CARTESIAN_POINT('',(3.00565912002574,-40.6790865292813,9.96502137098065));
#2056=CARTESIAN_POINT('',(3.01104570595798,-40.6829057749457,9.92980750157685));
#2057=CARTESIAN_POINT('',(3.02057939813816,-40.6891748757702,9.89673314391982));
#2058=CARTESIAN_POINT('',(3.03087360518001,-40.6959440708138,9.8610204023017));
#2059=CARTESIAN_POINT('',(3.04616202579406,-40.7056077376321,9.82696313838546));
#2060=CARTESIAN_POINT('',(3.06533415164869,-40.7161314731997,9.79615935300185));
#2061=CARTESIAN_POINT('',(3.08772832975193,-40.728423819411,9.76017870790464));
#2062=CARTESIAN_POINT('',(3.11596850364928,-40.7421227589609,9.7277071543042));
#2063=CARTESIAN_POINT('',(3.14848900615701,-40.7544357026215,9.70054070173924));
#2064=CARTESIAN_POINT('',(3.1844048233126,-40.7680341835508,9.67053792601775));
#2065=CARTESIAN_POINT('',(3.22676793296986,-40.7802776706396,9.64618062826551));
#2066=CARTESIAN_POINT('',(3.27210089750738,-40.7883551973983,9.63022108427976));
#2067=CARTESIAN_POINT('',(3.31395011444182,-40.7958119823906,9.61548799931062));
#2068=CARTESIAN_POINT('',(3.35964652358571,-40.7999011207981,9.607555710521));
#2069=CARTESIAN_POINT('',(3.40463556541433,-40.7999981180446,9.60752254379768));
#2070=CARTESIAN_POINT('',(3.44524972245392,-40.8000856829546,9.60749260231738));
#2071=CARTESIAN_POINT('',(3.48638613312787,-40.7969848287687,9.61384073526566));
#2072=CARTESIAN_POINT('',(3.52478955938917,-40.7915802363522,9.62590247429232));
#2073=CARTESIAN_POINT('',(3.56360178236573,-40.7861181131412,9.63809260809451));
#2074=CARTESIAN_POINT('',(3.60062395220317,-40.778217408763,9.656364369015));
#2075=CARTESIAN_POINT('',(3.63352938398325,-40.7694487379868,9.67928086474739));
#2076=CARTESIAN_POINT('',(3.66920846820294,-40.7599409416687,9.7041290292304));
#2077=CARTESIAN_POINT('',(3.70099458930068,-40.7491952052437,9.73506758947273));
#2078=CARTESIAN_POINT('',(3.72677905173162,-40.7394376188556,9.77000721632793));
#2079=CARTESIAN_POINT('',(3.75404982569306,-40.7291175691934,9.80696089216342));
#2080=CARTESIAN_POINT('',(3.77536929972249,-40.7196668790404,9.84955420535096));
#2081=CARTESIAN_POINT('',(3.7885791012526,-40.7135946862222,9.89432475720321));
#2082=CARTESIAN_POINT('',(3.79860693649298,-40.7089851582902,9.92831101479926));
#2083=CARTESIAN_POINT('',(3.80418774207585,-40.7062380131451,9.96427478620355));
#2084=CARTESIAN_POINT('',(3.80485971241941,-40.7058795611636,9.99999999999973));
#2085=CARTESIAN_POINT('',(3.80485971241941,-40.7058795611636,9.99999999999973));
#2086=CARTESIAN_POINT('',(3.80485971241941,-40.7058795611636,9.99999999999973));
#2087=CARTESIAN_POINT('',(3.87292080868144,-40.6695734428182,9.99999999999973));
#2088=CARTESIAN_POINT('',(3.93631989448246,-40.6228403906288,10.));
#2089=CARTESIAN_POINT('',(3.99113942270929,-40.568570082184,10.));
#2090=CARTESIAN_POINT('',(4.05477812638177,-40.505568954866,10.));
#2091=CARTESIAN_POINT('',(4.10841542823222,-40.4307097768876,10.));
#2092=CARTESIAN_POINT('',(4.14761025621728,-40.3501939889471,10.));
#2093=CARTESIAN_POINT('',(4.18680602298788,-40.2696762725109,10.));
#2094=CARTESIAN_POINT('',(4.21263999591637,-40.1812805774082,10.));
#2095=CARTESIAN_POINT('',(4.22297363115602,-40.092327630433,10.));
#2096=CARTESIAN_POINT('',(4.23330672921497,-40.0033793075622,10.));
#2097=CARTESIAN_POINT('',(4.22842618193656,-39.9114205238653,10.));
#2098=CARTESIAN_POINT('',(4.2087359332407,-39.8240656661679,10.));
#2099=CARTESIAN_POINT('',(4.18904804066532,-39.7367212612877,10.));
#2100=CARTESIAN_POINT('',(4.15401110310699,-39.6515710683291,10.));
#2101=CARTESIAN_POINT('',(4.10652469594064,-39.5756652101074,10.));
#2102=CARTESIAN_POINT('',(4.05904605824214,-39.4997717711896,10.));
#2103=CARTESIAN_POINT('',(3.99781290244244,-39.4310271303176,10.));
#2104=CARTESIAN_POINT('',(3.92789272808113,-39.375123603365,10.));
#2105=CARTESIAN_POINT('',(3.85798084555585,-39.3192267060136,10.));
#2106=CARTESIAN_POINT('',(3.77745627879267,-39.2746268133866,10.));
#2107=CARTESIAN_POINT('',(3.69298447406233,-39.2450185601902,10.));
#2108=CARTESIAN_POINT('',(3.60851227477434,-39.2154101686972,10.));
#2109=CARTESIAN_POINT('',(3.51776306986062,-39.199977282452,10.));
#2110=CARTESIAN_POINT('',(3.42825212761282,-39.2000000258128,10.));
#2111=CARTESIAN_POINT('',(3.42825212761282,-39.2000000258128,10.));
#2112=CARTESIAN_POINT('',(-0.0717478723871821,-39.2000000258128,10.));
#2113=CARTESIAN_POINT('',(-3.57174787238718,-39.2000000258128,10.));
#2114=CARTESIAN_POINT('',(-3.57174787238718,-39.2000000258128,10.));
#2115=CARTESIAN_POINT('',(-3.66712315991054,-39.1999757924116,10.));
#2116=CARTESIAN_POINT('',(-3.76399157001397,-39.2175647555265,10.));
#2117=CARTESIAN_POINT('',(-3.8532709536091,-39.2511152804449,10.));
#2118=CARTESIAN_POINT('',(-3.93708558410545,-39.2826121920022,10.));
#2119=CARTESIAN_POINT('',(-4.01661684852215,-39.329017978319,10.));
#2120=CARTESIAN_POINT('',(-4.08527785744187,-39.38648634855,10.));
#2121=CARTESIAN_POINT('',(-4.1539465675778,-39.4439611645988,10.));
#2122=CARTESIAN_POINT('',(-4.21363731932925,-39.5140866915494,10.));
#2123=CARTESIAN_POINT('',(-4.25940754360437,-39.5910531309979,10.));
#2124=CARTESIAN_POINT('',(-4.30517971936286,-39.668022852028,10.));
#2125=CARTESIAN_POINT('',(-4.33829302456717,-39.7539573650045,10.));
#2126=CARTESIAN_POINT('',(-4.35600619221868,-39.8417393319502,10.));
#2127=CARTESIAN_POINT('',(-4.37371876673064,-39.9295183594468,10.));
#2128=CARTESIAN_POINT('',(-4.37652088278506,-40.0215658355486,10.));
#2129=CARTESIAN_POINT('',(-4.36418061157527,-40.1102597511829,10.));
#2130=CARTESIAN_POINT('',(-4.35184162894554,-40.1989444053344,10.));
#2131=CARTESIAN_POINT('',(-4.32402318848604,-40.2867218742563,10.));
#2132=CARTESIAN_POINT('',(-4.28302751939814,-40.3663244715151,10.));
#2133=CARTESIAN_POINT('',(-4.24203824750913,-40.4459146471288,10.));
#2134=CARTESIAN_POINT('',(-4.18674564392346,-40.5195270178497,10.));
#2135=CARTESIAN_POINT('',(-4.12172553514595,-40.5810664517013,10.));
#2136=CARTESIAN_POINT('',(-4.05671632744073,-40.64259556804,10.));
#2137=CARTESIAN_POINT('',(-3.98019046357963,-40.6937521034405,10.));
#2138=CARTESIAN_POINT('',(-3.89848156849444,-40.7302991376271,10.));
#2139=CARTESIAN_POINT('',(-3.85970475064963,-40.7476433653999,10.));
#2140=CARTESIAN_POINT('',(-3.81941489561661,-40.7619335007552,10.0000000000001));
#2141=CARTESIAN_POINT('',(-3.77837548359769,-40.7728984677112,10.0000000000001));
#2142=CARTESIAN_POINT('',(0.,-40.,13.4994677538803));
#2143=CARTESIAN_POINT('',(-0.0717478723871821,-40.,10.));
#2144=CARTESIAN_POINT('',(3.42825212761282,-40.,10.));
#2145=CARTESIAN_POINT('',(3.42825212761282,-22.4714166458946,10.));
#2146=CARTESIAN_POINT('',(3.42825212761282,-22.4714166458946,10.));
#2147=CARTESIAN_POINT('',(3.42825212761282,-22.4714166458946,9.45916419431883));
#2148=CARTESIAN_POINT('',(3.29237504099587,-22.2949090378484,8.92537765408337));
#2149=CARTESIAN_POINT('',(2.88827643580354,-21.7775670229607,8.0737621492629));
#2150=CARTESIAN_POINT('',(2.62226147204337,-21.4386963432003,7.72925175259154));
#2151=CARTESIAN_POINT('',(2.03257855341477,-20.7284367658932,7.17408523754532));
#2152=CARTESIAN_POINT('',(1.70602323484697,-20.3467911860323,6.95750105807992));
#2153=CARTESIAN_POINT('',(0.956653901192239,-19.6482705134514,6.62959057184442));
#2154=CARTESIAN_POINT('',(0.492777793648875,-19.2829772156242,6.50357521590786));
#2155=CARTESIAN_POINT('',(-0.591036274388913,-19.2532346440279,6.49657095776528));
#2156=CARTESIAN_POINT('',(-1.06823653564584,-19.604501106294,6.61893388577285));
#2157=CARTESIAN_POINT('',(-1.83618531044188,-20.300407402542,6.94854817308726));
#2158=CARTESIAN_POINT('',(-2.16637554285996,-20.681691161453,7.16625390738199));
#2159=CARTESIAN_POINT('',(-2.76377582992195,-21.3921594688635,7.72611181647179));
#2160=CARTESIAN_POINT('',(-3.0264695398659,-21.7234280096069,8.06455387346519));
#2161=CARTESIAN_POINT('',(-3.43587959339114,-22.2422132921069,8.92345478277882));
#2162=CARTESIAN_POINT('',(-3.57174787238413,-22.4170724763973,9.45221660655167));
#2163=CARTESIAN_POINT('',(-3.57174787238718,-22.4170724764012,9.9999999999805));
#2164=CARTESIAN_POINT('',(-3.57174787238718,-22.4170724764012,9.9999999999805));
#2165=CARTESIAN_POINT('',(-3.57174787238718,-40.,10.));
#2166=CARTESIAN_POINT('',(-0.0717478723871821,-40.,10.));
#2167=CARTESIAN_POINT('',(-8.57174787238718,-22.4170724764012,9.99999999998699));
#2168=CARTESIAN_POINT('',(8.42825212761282,-22.4714166458946,10.));
#2169=CARTESIAN_POINT('',(6.67236626769348,-17.7898715113332,10.));
#2170=CARTESIAN_POINT('',(3.42825212761282,-19.0066266600723,10.));
#2171=CARTESIAN_POINT('',(3.42825212761282,-22.4714166458946,10.));
#2172=CARTESIAN_POINT('',(6.67236626907193,-17.7898715108162,9.42192512262745));
#2173=CARTESIAN_POINT('',(3.42825212756155,-19.0066266601253,9.77983377146603));
#2174=CARTESIAN_POINT('',(3.42825212761282,-22.4714166472123,9.52393833633964));
#2175=CARTESIAN_POINT('',(6.50400078176625,-17.7440166621362,8.84792821866736));
#2176=CARTESIAN_POINT('',(3.44494088435457,-19.0063610273345,9.54552017817011));
#2177=CARTESIAN_POINT('',(3.3291016134194,-22.3425415924029,9.05123500352796));
#2178=CARTESIAN_POINT('',(5.86784342274103,-17.5770157670003,7.81028292946532));
#2179=CARTESIAN_POINT('',(3.36147120321247,-18.937243876844,8.91012484326401));
#2180=CARTESIAN_POINT('',(2.96371820350679,-21.8737022000404,8.19670358905189));
#2181=CARTESIAN_POINT('',(5.40173544284218,-17.4559033114401,7.34740976612198));
#2182=CARTESIAN_POINT('',(3.25271346552213,-18.8633154146954,8.51660637977955));
#2183=CARTESIAN_POINT('',(2.69886146044615,-21.5337557678843,7.81551392510426));
#2184=CARTESIAN_POINT('',(4.23730368585854,-17.1801821192399,6.5895408600603));
#2185=CARTESIAN_POINT('',(2.75002692660182,-18.5961991597794,7.71494287824766));
#2186=CARTESIAN_POINT('',(2.0636551816043,-20.7635126095996,7.19138659057527));
#2187=CARTESIAN_POINT('',(3.53167472293943,-17.0217648143523,6.28788231461391));
#2188=CARTESIAN_POINT('',(2.36234540114103,-18.4009195960103,7.30831542380564));
#2189=CARTESIAN_POINT('',(1.68994423706531,-20.3230224976331,6.9429619070104));
#2190=CARTESIAN_POINT('',(1.89749127932535,-16.7494749971816,5.86994284903094));
#2191=CARTESIAN_POINT('',(1.31803643748835,-18.0242220837447,6.70566764030164));
#2192=CARTESIAN_POINT('',(0.866718665212527,-19.574417769196,6.59877646305006));
#2193=CARTESIAN_POINT('',(0.923196294234729,-16.6366722881194,5.74906768613697));
#2194=CARTESIAN_POINT('',(0.627523175902278,-17.8464735755064,6.49921162004373));
#2195=CARTESIAN_POINT('',(0.398131111647607,-19.2697564556767,6.49923221172543));
#2196=CARTESIAN_POINT('',(-1.07091281284619,-16.6308447301951,5.75094352528397));
#2197=CARTESIAN_POINT('',(-0.777209565172731,-17.8413831720269,6.50078920062614));
#2198=CARTESIAN_POINT('',(-0.552996157332294,-19.2655535999444,6.50077702120945));
#2199=CARTESIAN_POINT('',(-2.03417455498683,-16.7366538966104,5.87194728148549));
#2200=CARTESIAN_POINT('',(-1.4600560800706,-18.0120012090956,6.70599186436752));
#2201=CARTESIAN_POINT('',(-1.01701253115447,-19.5622064103007,6.60042717225372));
#2202=CARTESIAN_POINT('',(-3.66961335549078,-16.9997227171853,6.29402793822359));
#2203=CARTESIAN_POINT('',(-2.50518242133765,-18.3803871776717,7.31030816956567));
#2204=CARTESIAN_POINT('',(-1.84263949265591,-20.302349272793,6.94802300868317));
#2205=CARTESIAN_POINT('',(-4.36862959416354,-17.1531165943315,6.59510215769392));
#2206=CARTESIAN_POINT('',(-2.88935057182752,-18.5709613702723,7.71386121201802));
#2207=CARTESIAN_POINT('',(-2.2138659503346,-20.7352303385715,7.19596648281346));
#2208=CARTESIAN_POINT('',(-5.53504647213772,-17.423570618307,7.36123989290415));
#2209=CARTESIAN_POINT('',(-3.39369523056615,-18.8346158592084,8.51891063251104));
#2210=CARTESIAN_POINT('',(-2.85184232609611,-21.5005427435281,7.82690344120849));
#2211=CARTESIAN_POINT('',(-5.98645509382525,-17.5389166108984,7.81312511542204));
#2212=CARTESIAN_POINT('',(-3.49953778923941,-18.9054825522296,8.90154768046975));
#2213=CARTESIAN_POINT('',(-3.10909190356919,-21.8276263261498,8.19904421281739));
#2214=CARTESIAN_POINT('',(-6.62292355555213,-17.7031129280771,8.85865146069761));
#2215=CARTESIAN_POINT('',(-3.58686898120229,-18.9752174371087,9.54329545691417));
#2216=CARTESIAN_POINT('',(-3.47548470345127,-22.2930989960088,9.0600659086929));
#2217=CARTESIAN_POINT('',(-6.78596706669525,-17.7468490434133,9.41673610537187));
#2218=CARTESIAN_POINT('',(-3.57174787236153,-18.9758889445978,9.77241734010361));
#2219=CARTESIAN_POINT('',(-3.57174787238645,-22.417072477411,9.51966502804015));
#2220=CARTESIAN_POINT('',(-6.78596706563985,-17.7468490438176,9.99999999999349));
#2221=CARTESIAN_POINT('',(-3.57174787238718,-18.9758889445519,9.99999999999742));
#2222=CARTESIAN_POINT('',(-3.57174787238718,-22.4170724764012,9.99999999999464));
#2223=CARTESIAN_POINT('',(3.80485971241954,-47.2000000258128,10.));
#2224=CARTESIAN_POINT('',(3.0050011925045,-47.2000000258128,10.));
#2225=CARTESIAN_POINT('',(3.40493045246202,-47.2000000258128,10.0075224350997));
#2226=CARTESIAN_POINT('',(-5.79334011507723,18.0952261746306,9.99999999999999));
#2227=CARTESIAN_POINT('',(-5.85193593271727,18.1301241010302,9.99999999999999));
#2228=CARTESIAN_POINT('',(-5.91051400574054,18.1650518293177,10.));
#2229=CARTESIAN_POINT('',(-5.96907987018271,18.2,10.));
#2230=CARTESIAN_POINT('',(-4.47938470475938,18.2,10.1755229731812));
#2231=CARTESIAN_POINT('',(3.11220746167965,25.,10.));
#2232=CARTESIAN_POINT('',(4.60830240519226,18.2,10.1081661684447));
#2233=CARTESIAN_POINT('',(6.10439734870487,18.2,10.));
#2234=CARTESIAN_POINT('',(6.10439734870487,25.,10.));
#2235=CARTESIAN_POINT('',(4.60830240519226,25.,10.1081661684447));
#2236=CARTESIAN_POINT('',(5.88180805467125,18.0666636103074,10.));
#2237=CARTESIAN_POINT('',(5.95601493012585,18.1110916336861,10.));
#2238=CARTESIAN_POINT('',(6.03020981728856,18.1555396827674,10.));
#2239=CARTESIAN_POINT('',(6.10439734870487,18.2,10.));
#2240=CARTESIAN_POINT('',(4.60830240519226,18.2,10.1081661684447));
#2241=CARTESIAN_POINT('',(-3.06054729549322,97.2000000258128,10.));
#2242=CARTESIAN_POINT('',(2.87040820041726,97.2000000258128,10.));
#2243=CARTESIAN_POINT('',(-0.0950695475379799,97.2000000258128,9.9075224350997));
#2244=CARTESIAN_POINT('',(25.3,-47.2000000258128,-2.00000000000002));
#2245=CARTESIAN_POINT('',(0.,0.,5.));
#2246=CARTESIAN_POINT('',(-0.0628400758422833,-47.2000000258128,6.45158824929611));
#2247=CARTESIAN_POINT('',(0.,-11.1000000129064,10.));
#2248=CARTESIAN_POINT('',(0.,-11.1000000129064,10.));
#2249=CARTESIAN_POINT('',(0.,-11.1000000129064,10.));
#2250=CARTESIAN_POINT('',(14.4282521276128,-32.4714166458946,10.));
#2251=CARTESIAN_POINT('',(16.9282521276128,-32.4714166458946,10.));
#2252=CARTESIAN_POINT('',(0.,-11.1000000129064,10.));
#2253=CARTESIAN_POINT('',(-15.3942490150077,-32.7010789012549,10.));
#2254=CARTESIAN_POINT('',(-12.8942490150077,-32.7010789012549,10.));
#2255=CARTESIAN_POINT('',(0.,-11.1000000129064,10.));
#2256=CARTESIAN_POINT('',(-15.3942490150077,-32.7010789012549,10.));
#2257=CARTESIAN_POINT('',(14.4282521276128,-32.4714166458946,10.));
#2258=CARTESIAN_POINT('',(0.,0.,13.7));
#2259=CARTESIAN_POINT('',(-6.3,12.5023997696442,13.7));
#2260=CARTESIAN_POINT('',(6.3,12.5023997696442,13.7));
#2261=CARTESIAN_POINT('',(-6.3,-11.1000000129064,13.7));
#2262=CARTESIAN_POINT('',(-6.3,-12.5023997696442,13.7));
#2263=CARTESIAN_POINT('',(0.,0.,13.7));
#2264=CARTESIAN_POINT('',(6.3,-12.5023997696442,13.7));
#2265=CARTESIAN_POINT('',(6.3,-11.1000000129064,13.7));
#2266=CARTESIAN_POINT('',(0.,0.,13.7));
#2267=CARTESIAN_POINT('',(-1.31699964700537,-16.0313310955134,6.89007698185964));
#2268=CARTESIAN_POINT('',(-3.10151729028495,-16.2210394582706,7.26947692755078));
#2269=CARTESIAN_POINT('',(-3.67369092397365,-16.3005759792194,7.44865103591188));
#2270=CARTESIAN_POINT('',(-4.7442684572756,-16.4663568696796,7.99504643536966));
#2271=CARTESIAN_POINT('',(-5.25477112647786,-16.5553957838279,8.37367078357762));
#2272=CARTESIAN_POINT('',(-5.91761454064579,-16.6744024851614,9.40169475089121));
#2273=CARTESIAN_POINT('',(-6.01864980794635,-16.6935747879673,10.0739188470413));
#2274=CARTESIAN_POINT('',(-5.61550421737578,-16.6198863699278,11.2169207574452));
#2275=CARTESIAN_POINT('',(-5.17036105917597,-16.5392436353225,11.6766588730204));
#2276=CARTESIAN_POINT('',(-3.65805746490155,-16.2909110566052,12.6821875542458));
#2277=CARTESIAN_POINT('',(-2.43759565041398,-16.118624677302,12.937835140233));
#2278=CARTESIAN_POINT('',(-0.0103519933121646,-15.9893994029759,13.1539519071322));
#2279=CARTESIAN_POINT('',(1.22457640923657,-16.0433315891522,13.1068115053023));
#2280=CARTESIAN_POINT('',(3.00194175699641,-16.2454641774991,12.7253453967305));
#2281=CARTESIAN_POINT('',(3.5827981300417,-16.3299971511442,12.5419632167807));
#2282=CARTESIAN_POINT('',(4.65095927929524,-16.5018920996226,11.9916754558549));
#2283=CARTESIAN_POINT('',(5.15176925327426,-16.5918839720032,11.6172759008667));
#2284=CARTESIAN_POINT('',(5.80900994028251,-16.713076920468,10.5929465005887));
#2285=CARTESIAN_POINT('',(5.9116883917786,-16.7329806243548,9.92780469918433));
#2286=CARTESIAN_POINT('',(5.499357154098,-16.655697883925,8.77144284409498));
#2287=CARTESIAN_POINT('',(5.05062520798444,-16.5723995205999,8.317750050116));
#2288=CARTESIAN_POINT('',(3.55539974263214,-16.3189402811029,7.32692389336681));
#2289=CARTESIAN_POINT('',(2.33055874683998,-16.1379855227503,7.06495912941287));
#2290=CARTESIAN_POINT('',(-0.0882386863274534,-15.9895784379521,6.84636910192565));
#2291=CARTESIAN_POINT('',(-1.31699964700537,-16.0313310955134,6.89007698185964));
#2292=CARTESIAN_POINT('',(-3.10151729028495,-16.2210394582706,7.26947692755078));
#2293=CARTESIAN_POINT('',(-2.50667807585843,-16.1578033373515,7.14301027898701));
#2294=CARTESIAN_POINT('',(-6.3,-12.5023997696442,6.3));
#2295=CARTESIAN_POINT('',(-6.3,-13.5249664551916,6.3));
#2296=CARTESIAN_POINT('',(-6.3,-14.5307085067775,6.64141562782652));
#2297=CARTESIAN_POINT('',(-6.3,-16.0666728641337,7.9873546772363));
#2298=CARTESIAN_POINT('',(-6.3,-16.5384522466248,8.98065982299603));
#2299=CARTESIAN_POINT('',(-6.3,-16.5432453348324,11.0029498589294));
#2300=CARTESIAN_POINT('',(-6.3,-16.075725883581,12.0007605763296));
#2301=CARTESIAN_POINT('',(-6.3,-14.538279811184,13.3558590687155));
#2302=CARTESIAN_POINT('',(-6.3,-13.5258486470827,13.7));
#2303=CARTESIAN_POINT('',(-6.3,-12.5023997696442,13.7));
#2304=CARTESIAN_POINT('',(-6.3,-12.5023997696442,6.3));
#2305=CARTESIAN_POINT('',(0.,0.,6.3));
#2306=CARTESIAN_POINT('',(6.3,-12.5023997696442,6.3));
#2307=CARTESIAN_POINT('',(6.3,-12.5023997696442,6.3));
#2308=CARTESIAN_POINT('',(6.3,-13.5249664551916,6.3));
#2309=CARTESIAN_POINT('',(6.3,-14.5307085067774,6.64141562782651));
#2310=CARTESIAN_POINT('',(6.3,-16.0666728641337,7.9873546772363));
#2311=CARTESIAN_POINT('',(6.3,-16.5384522466248,8.98065982299603));
#2312=CARTESIAN_POINT('',(6.3,-16.5432453348324,11.0029498589294));
#2313=CARTESIAN_POINT('',(6.3,-16.075725883581,12.0007605763296));
#2314=CARTESIAN_POINT('',(6.3,-14.538279811184,13.3558590687155));
#2315=CARTESIAN_POINT('',(6.3,-13.5258486470827,13.7));
#2316=CARTESIAN_POINT('',(6.3,-12.5023997696442,13.7));
#2317=CARTESIAN_POINT('',(0.,0.,10.));
#2318=CARTESIAN_POINT('',(0.,0.,6.3));
#2319=CARTESIAN_POINT('',(6.3,12.5023997696442,6.3));
#2320=CARTESIAN_POINT('',(-6.3,12.5023997696442,6.3));
#2321=CARTESIAN_POINT('',(-6.3,12.5023997696442,13.7));
#2322=CARTESIAN_POINT('',(-6.3,13.5249664551916,13.7));
#2323=CARTESIAN_POINT('',(-6.3,14.5307085067775,13.3585843721735));
#2324=CARTESIAN_POINT('',(-6.3,16.0666728641337,12.0126453227637));
#2325=CARTESIAN_POINT('',(-6.3,16.5384522466248,11.019340177004));
#2326=CARTESIAN_POINT('',(-6.3,16.5432453348324,8.99705014107062));
#2327=CARTESIAN_POINT('',(-6.3,16.075725883581,7.99923942367042));
#2328=CARTESIAN_POINT('',(-6.3,14.538279811184,6.64414093128446));
#2329=CARTESIAN_POINT('',(-6.3,13.5258486470827,6.3));
#2330=CARTESIAN_POINT('',(-6.3,12.5023997696442,6.3));
#2331=CARTESIAN_POINT('',(6.3,12.5023997696442,13.7));
#2332=CARTESIAN_POINT('',(6.3,13.5249664551916,13.7));
#2333=CARTESIAN_POINT('',(6.3,14.5307085067775,13.3585843721735));
#2334=CARTESIAN_POINT('',(6.3,16.0666728641337,12.0126453227637));
#2335=CARTESIAN_POINT('',(6.3,16.5384522466248,11.019340177004));
#2336=CARTESIAN_POINT('',(6.3,16.5432453348324,8.99705014107062));
#2337=CARTESIAN_POINT('',(6.3,16.075725883581,7.99923942367042));
#2338=CARTESIAN_POINT('',(6.3,14.538279811184,6.64414093128446));
#2339=CARTESIAN_POINT('',(6.3,13.5258486470827,6.3));
#2340=CARTESIAN_POINT('',(6.3,12.5023997696442,6.3));
#2341=CARTESIAN_POINT('',(0.,0.,10.));
#2342=CARTESIAN_POINT('',(-6.3,0.,6.3));
#2343=CARTESIAN_POINT('',(6.3,0.,6.3));
#2344=CARTESIAN_POINT('',(0.,0.,6.3));
#2345=CARTESIAN_POINT('',(-0.840940780100757,-19.4509208933349,7.9154587832267));
#2346=CARTESIAN_POINT('',(-0.384385959269926,-19.0989374637005,7.81676847767897));
#2347=CARTESIAN_POINT('',(-0.193266026954094,-19.0137122021878,7.7950543489179));
#2348=CARTESIAN_POINT('',(0.188914203736337,-19.0662647929284,7.80714631856427));
#2349=CARTESIAN_POINT('',(0.355755342012982,-19.1862428909733,7.83726371988016));
#2350=CARTESIAN_POINT('',(0.767713267894911,-19.573546392567,7.94669684249195));
#2351=CARTESIAN_POINT('',(0.973216239244063,-19.8904501304579,8.0503453600456));
#2352=CARTESIAN_POINT('',(1.54520129182921,-20.8018791066588,8.43862616932657));
#2353=CARTESIAN_POINT('',(1.90128555473099,-21.4838136644702,8.79556360018176));
#2354=CARTESIAN_POINT('',(2.15021784010883,-21.9510752323337,9.83044069201214));
#2355=CARTESIAN_POINT('',(2.13924540683807,-21.9302798637323,10.2647225264397));
#2356=CARTESIAN_POINT('',(1.95262088420425,-21.5804235983624,10.9276316263045));
#2357=CARTESIAN_POINT('',(1.80433640819353,-21.3033697195142,11.1773718715532));
#2358=CARTESIAN_POINT('',(1.48286765997756,-20.7251794004068,11.5776778182814));
#2359=CARTESIAN_POINT('',(1.30842266971835,-20.4189645961103,11.7289955196892));
#2360=CARTESIAN_POINT('',(0.915606153605266,-19.8059561389181,11.9797545958421));
#2361=CARTESIAN_POINT('',(0.708754895863229,-19.4886454712892,12.0792088749397));
#2362=CARTESIAN_POINT('',(0.264227443694333,-19.1218034675179,12.1794940046264));
#2363=CARTESIAN_POINT('',(0.07892253382671,-19.0237405158645,12.2033019852476));
#2364=CARTESIAN_POINT('',(-0.306965838314962,-19.0478275366853,12.1958856340915));
#2365=CARTESIAN_POINT('',(-0.480593333920941,-19.1609748177061,12.166601182946));
#2366=CARTESIAN_POINT('',(-0.904667555948818,-19.5403282894731,12.0570624662792));
#2367=CARTESIAN_POINT('',(-1.11161581293717,-19.856235881556,11.9527761301766));
#2368=CARTESIAN_POINT('',(-1.69239236540143,-20.7678443131967,11.5595355785448));
#2369=CARTESIAN_POINT('',(-2.05358302681575,-21.4538829731767,11.1899913112181));
#2370=CARTESIAN_POINT('',(-2.29492242607745,-21.9024482064363,10.1530763824043));
#2371=CARTESIAN_POINT('',(-2.28081496397656,-21.8759618682526,9.72180378090319));
#2372=CARTESIAN_POINT('',(-2.09161881130616,-21.5249355993019,9.06325460151998));
#2373=CARTESIAN_POINT('',(-1.94387623602866,-21.2517855684153,8.8161990505643));
#2374=CARTESIAN_POINT('',(-1.6200596872015,-20.6764547802871,8.41602404628664));
#2375=CARTESIAN_POINT('',(-1.443939886501,-20.3715259711734,8.26463555848336));
#2376=CARTESIAN_POINT('',(-1.04956662686545,-19.7673486847017,8.01549221420811));
#2377=CARTESIAN_POINT('',(-0.840940780100757,-19.4509208933349,7.9154587832267));
#2378=CARTESIAN_POINT('',(-0.384385959269926,-19.0989374637005,7.81676847767897));
#2379=CARTESIAN_POINT('',(-0.536570899546876,-19.2162652735786,7.84966524619488));
#2380=CARTESIAN_POINT('',(-0.920520485295689,-19.6113501117771,7.97032390476301));
#2381=CARTESIAN_POINT('',(-1.52372976611953,-17.6378513986633,8.22257475336737));
#2382=CARTESIAN_POINT('',(-2.50667807585843,-16.1578033373515,7.14301027898706));
#2383=CARTESIAN_POINT('',(-1.18336128595763,-19.9417074051772,8.08023901569146));
#2384=CARTESIAN_POINT('',(-1.91905103490772,-17.7668741626852,8.48105111427564));
#2385=CARTESIAN_POINT('',(-3.2343957333975,-16.2351655031351,7.29772775159497));
#2386=CARTESIAN_POINT('',(-1.41534066101547,-20.3279980555451,8.23533570255818));
#2387=CARTESIAN_POINT('',(-2.16877498513277,-17.8876944649425,8.80982737190104));
#2388=CARTESIAN_POINT('',(-3.84000760683697,-16.3250494807023,7.5160431900886));
#2389=CARTESIAN_POINT('',(-1.81645860813887,-21.0187611365702,8.63059643900252));
#2390=CARTESIAN_POINT('',(-2.42656326304893,-18.0203796051568,9.40664839861759));
#2391=CARTESIAN_POINT('',(-4.85110719008875,-16.4845853088442,8.07241563960826));
#2392=CARTESIAN_POINT('',(-1.98197314008691,-21.3234239396495,8.87062146737692));
#2393=CARTESIAN_POINT('',(-2.42126464222314,-18.0301900121435,9.66125462008618));
#2394=CARTESIAN_POINT('',(-5.24797998789,-16.5544825117835,8.41027695673153));
#2395=CARTESIAN_POINT('',(-2.20970914029695,-21.7431778386902,9.40537569825474));
#2396=CARTESIAN_POINT('',(-2.33756652611501,-18.0052099064057,9.95393050907736));
#2397=CARTESIAN_POINT('',(-5.78696623937423,-16.6507089275052,9.1630016622826));
#2398=CARTESIAN_POINT('',(-2.27180071546494,-21.8596487342205,9.70260980317852));
#2399=CARTESIAN_POINT('',(-2.27170136759396,-17.9776863298322,9.98216280293533));
#2400=CARTESIAN_POINT('',(-5.9294300422522,-16.6773518044672,9.58139097295251));
#2401=CARTESIAN_POINT('',(-2.27169495993886,-21.8594515392535,10.2981715168706));
#2402=CARTESIAN_POINT('',(-2.27179443750441,-17.977724001316,10.0178837812151));
#2403=CARTESIAN_POINT('',(-5.92918508510743,-16.6773066629037,10.4197088199427));
#2404=CARTESIAN_POINT('',(-2.21110911226458,-21.7457581619259,10.5913394198829));
#2405=CARTESIAN_POINT('',(-2.33703683300716,-18.0050519682233,10.0442136398724));
#2406=CARTESIAN_POINT('',(-5.79027966881934,-16.6513004552425,10.8323745093594));
#2407=CARTESIAN_POINT('',(-1.98056757156635,-21.3208333010721,11.1326765558723));
#2408=CARTESIAN_POINT('',(-2.42176482567169,-18.0303391476143,10.3404979317342));
#2409=CARTESIAN_POINT('',(-5.24465331299576,-16.5538886193073,11.5943653695568));
#2410=CARTESIAN_POINT('',(-1.81863098972866,-21.0226618841941,11.3667300426315));
#2411=CARTESIAN_POINT('',(-2.42725060445,-18.0208349518172,10.5899611528651));
#2412=CARTESIAN_POINT('',(-4.85643779831485,-16.4854828159819,11.923821092541));
#2413=CARTESIAN_POINT('',(-1.41736107093616,-20.3313193528782,11.7632007131847));
#2414=CARTESIAN_POINT('',(-2.1707567275615,-17.8886179496998,11.1872944870214));
#2415=CARTESIAN_POINT('',(-3.84524427392858,-16.3258199123719,12.4818966561351));
#2416=CARTESIAN_POINT('',(-1.18587808106757,-19.946115038689,11.9180056526664));
#2417=CARTESIAN_POINT('',(-1.92169535095976,-17.768283337286,11.5153153962282));
#2418=CARTESIAN_POINT('',(-3.24094589748904,-16.2361938835779,12.6998014356046));
#2419=CARTESIAN_POINT('',(-0.664381573240109,-19.2881937154975,12.1374791466042));
#2420=CARTESIAN_POINT('',(-1.15083403242924,-17.5156268804157,12.0230554123188));
#2421=CARTESIAN_POINT('',(-1.79792636300389,-16.0821311789284,13.0087342329346));
#2422=CARTESIAN_POINT('',(-0.371882882642928,-19.032872248647,12.1994694534325));
#2423=CARTESIAN_POINT('',(-0.617148711468557,-17.3937815095076,12.1994231069821));
#2424=CARTESIAN_POINT('',(-0.9447578586687,-16.0219592068792,13.0959923286259));
#2425=CARTESIAN_POINT('',(0.220558247486191,-19.0365381489926,12.200523581616));
#2426=CARTESIAN_POINT('',(0.471612701127143,-17.3985130697461,12.200580231396));
#2427=CARTESIAN_POINT('',(0.80088495864974,-16.027526314738,13.0974761283174));
#2428=CARTESIAN_POINT('',(0.515243116575525,-19.2978266117296,12.1390858467511));
#2429=CARTESIAN_POINT('',(1.0107990911883,-17.5262319562396,12.0237588169982));
#2430=CARTESIAN_POINT('',(1.66221017905036,-16.0936743490766,13.010995837847));
#2431=CARTESIAN_POINT('',(1.03798160555543,-19.9672662848079,11.920611144058));
#2432=CARTESIAN_POINT('',(1.78588416231463,-17.7880492475508,11.5134527219557));
#2433=CARTESIAN_POINT('',(3.11240549845711,-16.257471564819,12.7034689481289));
#2434=CARTESIAN_POINT('',(1.27200247788778,-20.3615554907883,11.7643682511574));
#2435=CARTESIAN_POINT('',(2.0378371016393,-17.9125131054776,11.1802069889662));
#2436=CARTESIAN_POINT('',(3.72515143937628,-16.3518524495723,12.4835400926952));
#2437=CARTESIAN_POINT('',(1.67168608945865,-21.0582114805396,11.3708020828109));
#2438=CARTESIAN_POINT('',(2.29226607772642,-18.0471732760979,10.5827068595842));
#2439=CARTESIAN_POINT('',(4.73539996241464,-16.5168019287876,11.9295529317494));
#2440=CARTESIAN_POINT('',(1.83722392534315,-21.3660562537867,11.1322921344279));
#2441=CARTESIAN_POINT('',(2.28544847601634,-18.0568932125804,10.3273075489842));
#2442=CARTESIAN_POINT('',(5.13360812427636,-16.5888559599713,11.5938242544503));
#2443=CARTESIAN_POINT('',(2.06739853729462,-21.7947334688967,10.5918711347604));
#2444=CARTESIAN_POINT('',(2.19574980648415,-18.0296668925279,10.0352852375627));
#2445=CARTESIAN_POINT('',(5.67989988867319,-16.6890246050455,10.8331229559833));
#2446=CARTESIAN_POINT('',(2.12844756889585,-21.9104061622228,10.2947491304257));
#2447=CARTESIAN_POINT('',(2.12807386719051,-18.0010440040119,10.0129598572064));
#2448=CARTESIAN_POINT('',(5.82028425471002,-16.715933784456,10.4148914390231));
#2449=CARTESIAN_POINT('',(2.12805572381234,-21.9096682221133,9.70234051690403));
#2450=CARTESIAN_POINT('',(2.1284312554455,-18.001190066967,9.9869129469495));
#2451=CARTESIAN_POINT('',(5.81937408359954,-16.7157618573126,9.58101192325076));
#2452=CARTESIAN_POINT('',(2.06555904789434,-21.791309167922,9.4038909008295));
#2453=CARTESIAN_POINT('',(2.19646097515424,-18.0298775995016,9.96228290462934));
#2454=CARTESIAN_POINT('',(5.67553090341966,-16.6882243609199,9.16091164851157));
#2455=CARTESIAN_POINT('',(1.83925260397226,-21.3698329021036,8.8723900900794));
#2456=CARTESIAN_POINT('',(2.2847092762888,-18.0566738373498,9.67521194866748));
#2457=CARTESIAN_POINT('',(5.13842612475883,-16.589738536729,8.41276648543085));
#2458=CARTESIAN_POINT('',(1.6734112158682,-21.0614430362497,8.63165430904531));
#2459=CARTESIAN_POINT('',(2.29230734147586,-18.0473469989587,9.42000467030239));
#2460=CARTESIAN_POINT('',(4.73955399537504,-16.5175582577744,8.07390470671223));
#2461=CARTESIAN_POINT('',(1.27628852133472,-20.3688048937774,8.23910589345189));
#2462=CARTESIAN_POINT('',(2.04150896153374,-17.9143128321586,8.82594293801388));
#2463=CARTESIAN_POINT('',(3.73618826143847,-16.3535775983833,7.52135014354199));
#2464=CARTESIAN_POINT('',(1.04245631355809,-19.9747135622647,8.08223361275303));
#2465=CARTESIAN_POINT('',(1.79104940948521,-17.7905489635175,8.49260519422895));
#2466=CARTESIAN_POINT('',(3.12424609800624,-16.2592621969287,7.30053535625364));
#2467=CARTESIAN_POINT('',(0.523567216382852,-19.3068118785155,7.86344229445704));
#2468=CARTESIAN_POINT('',(1.02444310171338,-17.5301260151506,7.98270827812579));
#2469=CARTESIAN_POINT('',(1.68586241832612,-16.0959036321834,6.99256279574314));
#2470=CARTESIAN_POINT('',(0.228057659849877,-19.0403129734156,7.80041013581585));
#2471=CARTESIAN_POINT('',(0.48547633761803,-17.400294876259,7.80193926965616));
#2472=CARTESIAN_POINT('',(0.822991132265089,-16.0285067089104,6.90383818036951));
#2473=CARTESIAN_POINT('',(-0.365503663929321,-19.0292694727292,7.79959402320457));
#2474=CARTESIAN_POINT('',(-0.60535116500226,-17.3921514740405,7.79808937279281));
#2475=CARTESIAN_POINT('',(-0.925970053991418,-16.0211302589588,6.90268941303424));
#2476=CARTESIAN_POINT('',(-0.657679684633748,-19.2809928183769,7.86040879383456));
#2477=CARTESIAN_POINT('',(-1.13999096007135,-17.5126088546166,7.97167145532154));
#2478=CARTESIAN_POINT('',(-1.77896041831935,-16.0804411715679,6.98829280637916));
#2479=CARTESIAN_POINT('',(-0.920520485295689,-19.6113501117771,7.97032390476301));
#2480=CARTESIAN_POINT('',(-1.52372976611953,-17.6378513986633,8.22257475336737));
#2481=CARTESIAN_POINT('',(-2.50667807585843,-16.1578033373515,7.14301027898706));
#2482=CARTESIAN_POINT('',(-0.0717478723871821,-40.,10.));
#2483=CARTESIAN_POINT('',(-0.0717478723871821,-40.,7.8));
#2484=CARTESIAN_POINT('',(-0.0717478723871821,-19.,10.));
#2485=CARTESIAN_POINT('',(-0.0717478723871821,-40.,10.));
#2486=CARTESIAN_POINT('',(-0.0717478723871821,-40.,12.7004210618775));
#2487=CARTESIAN_POINT('',(-0.0717478723871821,-40.,10.));
#2488=CARTESIAN_POINT('',(2.44337536461094E-16,-40.4974290705754,12.87291821893));
#2489=CARTESIAN_POINT('',(0.20757496912127,-40.4955764472905,12.8662634383094));
#2490=CARTESIAN_POINT('',(0.415588222561299,-40.4946001555516,12.8375350801172));
#2491=CARTESIAN_POINT('',(0.617204233828198,-40.4945598293208,12.787674589762));
#2492=CARTESIAN_POINT('',(0.939532484073094,-40.494495358829,12.7079614533322));
#2493=CARTESIAN_POINT('',(1.25254790430953,-40.4968782832882,12.5714982740562));
#2494=CARTESIAN_POINT('',(1.53030251121745,-40.5013499430909,12.3896134979426));
#2495=CARTESIAN_POINT('',(1.80825302624696,-40.5058247568807,12.2076004333904));
#2496=CARTESIAN_POINT('',(2.05857250526039,-40.5124939106465,11.9750761676889));
#2497=CARTESIAN_POINT('',(2.26052912814181,-40.520438300732,11.7113420637664));
#2498=CARTESIAN_POINT('',(2.46254531217033,-40.5283850337808,11.4475301792515));
#2499=CARTESIAN_POINT('',(2.62175272852586,-40.537805513173,11.1452064527175));
#2500=CARTESIAN_POINT('',(2.72498465022779,-40.5475915251964,10.8294251931448));
#2501=CARTESIAN_POINT('',(2.82820514771453,-40.5573764542455,10.5136788796723));
#2502=CARTESIAN_POINT('',(2.87831250913457,-40.5677875601052,10.1757662617992));
#2503=CARTESIAN_POINT('',(2.87116241434203,-40.5778234224174,9.8436606942133));
#2504=CARTESIAN_POINT('',(2.8640144875674,-40.587856241703,9.51165582610592));
#2505=CARTESIAN_POINT('',(2.79944634305044,-40.5977928417714,9.17630105371472));
#2506=CARTESIAN_POINT('',(2.68278878821738,-40.6068706681171,8.86535477099662));
#2507=CARTESIAN_POINT('',(2.56616758628133,-40.6159456656251,8.55450538554514));
#2508=CARTESIAN_POINT('',(2.39427394546338,-40.6244207944723,8.25948259777961));
#2509=CARTESIAN_POINT('',(2.18131799862774,-40.6317857684496,8.00471658234193));
#2510=CARTESIAN_POINT('',(1.96841111569427,-40.6391490455766,7.75000926362085));
#2511=CARTESIAN_POINT('',(1.70859171634205,-40.6456155271232,7.52852095341908));
#2512=CARTESIAN_POINT('',(1.42335620264737,-40.6508829580224,7.35860234714056));
#2513=CARTESIAN_POINT('',(1.13815704162966,-40.6561497175984,7.18870539663738));
#2514=CARTESIAN_POINT('',(0.819685488560126,-40.6603715756988,7.0656822324172));
#2515=CARTESIAN_POINT('',(0.494304732866601,-40.6633938215716,6.99973146406599));
#2516=CARTESIAN_POINT('',(0.168933206287841,-40.6664159817212,6.93378256634542));
#2517=CARTESIAN_POINT('',(-0.17231929165789,-40.6683274913526,6.9230849135201));
#2518=CARTESIAN_POINT('',(-0.501194880071464,-40.6690700003118,6.96853067126263));
#2519=CARTESIAN_POINT('',(-0.830092902811658,-40.6698125599216,7.01397952909834));
#2520=CARTESIAN_POINT('',(-1.15568386341328,-40.6694078722422,7.11683339226769));
#2521=CARTESIAN_POINT('',(-1.451002233694,-40.6678676641119,7.26857246887425));
#2522=CARTESIAN_POINT('',(-1.74637072893317,-40.6663271945592,7.4203373004479));
#2523=CARTESIAN_POINT('',(-2.01960506931895,-40.6636053643365,7.6251910994992));
#2524=CARTESIAN_POINT('',(-2.24807546494971,-40.6597897784348,7.8661562520699));
#2525=CARTESIAN_POINT('',(-2.47660732218674,-40.6559731660892,8.10718622750437));
#2526=CARTESIAN_POINT('',(-2.66665760145079,-40.6509500674145,8.39099821079887));
#2527=CARTESIAN_POINT('',(-2.80249124856548,-40.6449203850634,8.69406534626923));
#2528=CARTESIAN_POINT('',(-2.93836891240593,-40.6388887488012,8.99723069027088));
#2529=CARTESIAN_POINT('',(-3.02374565544737,-40.6316740172085,9.32803083500249));
#2530=CARTESIAN_POINT('',(-3.05156561659163,-40.6236453202147,9.65904433284947));
#2531=CARTESIAN_POINT('',(-3.07939256017844,-40.6156146081242,9.99014091070934));
#2532=CARTESIAN_POINT('',(-3.05040338426568,-40.6065381174423,10.3305890100065));
#2533=CARTESIAN_POINT('',(-2.96701955519216,-40.5970126088926,10.6521790856191));
#2534=CARTESIAN_POINT('',(-2.88363855240406,-40.5874874232089,10.9737582609725));
#2535=CARTESIAN_POINT('',(-2.74356849437516,-40.5772437497969,11.2853532664812));
#2536=CARTESIAN_POINT('',(-2.55841567311464,-40.5671348856741,11.5611657579581));
#2537=CARTESIAN_POINT('',(-2.37335221922313,-40.5570309007781,11.836845123531));
#2538=CARTESIAN_POINT('',(-2.13814970813998,-40.5467843482313,12.0843771597743));
#2539=CARTESIAN_POINT('',(-1.87225442903308,-40.5374556975494,12.2832800554416));
#2540=CARTESIAN_POINT('',(-1.60656263614968,-40.5281341859634,12.4820307332914));
#2541=CARTESIAN_POINT('',(-1.30290654478421,-40.5194863985307,12.6377007217375));
#2542=CARTESIAN_POINT('',(-0.98637222984261,-40.5125917475794,12.7373969733335));
#2543=CARTESIAN_POINT('',(-0.66985412645482,-40.5056974497431,12.8370881189076));
#2544=CARTESIAN_POINT('',(-0.33173436693986,-40.5003898264662,12.8835535062464));
#2545=CARTESIAN_POINT('',(2.44337536461094E-16,-40.4974290705754,12.87291821893));
#2546=CARTESIAN_POINT('',(2.44337536461094E-16,-40.4974290705754,12.87291821893));
#2547=CARTESIAN_POINT('',(0.,-40.,13.4994677538803));
#2548=CARTESIAN_POINT('',(-0.0717478723871821,-40.,10.));
#2549=CARTESIAN_POINT('',(-0.0950695475379799,-47.2000000258128,9.9075224350997));
#2550=CARTESIAN_POINT('',(-0.0950695475379799,-47.2000000258128,12.8744417756999));
#2551=CARTESIAN_POINT('',(-0.0950695475379799,97.2000000258128,9.9075224350997));
#2552=CARTESIAN_POINT('',(25.3,-47.2000000258128,22.));
#2553=CARTESIAN_POINT('',(6.3,-0.00239976964422524,10.2));
#2554=CARTESIAN_POINT('',(6.3,-0.00239976964422524,7.7));
#2555=CARTESIAN_POINT('',(6.3,-11.1000000129064,3.99999999999999));
#2556=CARTESIAN_POINT('',(-6.3,-0.0976002303557776,9.6));
#2557=CARTESIAN_POINT('',(-6.3,-0.0976002303557776,12.1));
#2558=CARTESIAN_POINT('',(-6.3,-11.1000000129064,3.99999999999999));
#2559=CARTESIAN_POINT('',(-6.3,-0.0976002303557776,9.6));
#2560=CARTESIAN_POINT('',(6.3,-0.00239976964422524,10.2));
#2561=CARTESIAN_POINT('',(-25.3,25.,22.));
#2562=CARTESIAN_POINT('',(-25.3,25.,22.));
#2563=CARTESIAN_POINT('',(-25.3,-47.2000000258128,22.));
#2564=CARTESIAN_POINT('',(25.3,-47.2000000258128,22.));
#2565=CARTESIAN_POINT('',(25.3,-47.2000000258128,22.));
#2566=CARTESIAN_POINT('',(25.3,25.,22.));
#2567=CARTESIAN_POINT('',(25.3,25.,22.));
#2568=CARTESIAN_POINT('',(25.3,25.,22.));
#2569=CARTESIAN_POINT('',(25.3,25.,22.));
#2570=CARTESIAN_POINT('',(-0.0628400758422833,-47.2000000258128,13.4165171917378));
#2571=CARTESIAN_POINT('',(-0.0628400758422833,-47.2000000258128,13.8165171917378));
#2572=CARTESIAN_POINT('',(7.32560922943534E-16,-40.736616935384,13.811550259807));
#2573=CARTESIAN_POINT('',(-0.0417658384926504,-40.7341351912784,13.8181941807104));
#2574=CARTESIAN_POINT('',(-0.0853569692038627,-40.7342128317972,13.8181150407037));
#2575=CARTESIAN_POINT('',(-0.127090824332158,-40.7368287872725,13.8113232723882));
#2576=CARTESIAN_POINT('',(-0.168790368365632,-40.7394425920648,13.8045370878607));
#2577=CARTESIAN_POINT('',(-0.209738359186323,-40.744613050615,13.7909118396102));
#2578=CARTESIAN_POINT('',(-0.246885092928935,-40.7510378652871,13.7716614324141));
#2579=CARTESIAN_POINT('',(-0.285054492021534,-40.7576395578347,13.7518810533355));
#2580=CARTESIAN_POINT('',(-0.320241610598194,-40.7656819754216,13.72567611275));
#2581=CARTESIAN_POINT('',(-0.350054615137291,-40.773229175695,13.694919433858));
#2582=CARTESIAN_POINT('',(-0.381531790275294,-40.7811976628864,13.6624459081898));
#2583=CARTESIAN_POINT('',(-0.407897730148984,-40.7887940839324,13.6239284598559));
#2584=CARTESIAN_POINT('',(-0.426828773790463,-40.7937559660445,13.5823852952598));
#2585=CARTESIAN_POINT('',(-0.4453744991388,-40.7986168551007,13.5416876910869));
#2586=CARTESIAN_POINT('',(-0.457270752908641,-40.8010166725942,13.4968054836425));
#2587=CARTESIAN_POINT('',(-0.461261501495717,-40.7995681117469,13.4520188477595));
#2588=CARTESIAN_POINT('',(-0.464945022305441,-40.7982310683555,13.4106801110106));
#2589=CARTESIAN_POINT('',(-0.462010745237773,-40.7935573404076,13.3682775008975));
#2590=CARTESIAN_POINT('',(-0.453032105521302,-40.7858142087043,13.3284820852463));
#2591=CARTESIAN_POINT('',(-0.444278479626322,-40.7782651277381,13.2896839830898));
#2592=CARTESIAN_POINT('',(-0.429642436105532,-40.7676506839021,13.2523746117046));
#2593=CARTESIAN_POINT('',(-0.410588346431364,-40.7553158046546,13.2188529807579));
#2594=CARTESIAN_POINT('',(-0.38997627253585,-40.7419723467992,13.1825904068965));
#2595=CARTESIAN_POINT('',(-0.363771978655051,-40.7263240493429,13.1498424829548));
#2596=CARTESIAN_POINT('',(-0.333647592958518,-40.7107526240431,13.1221309001525));
#2597=CARTESIAN_POINT('',(-0.299572546869863,-40.6931390852941,13.0907850838198));
#2598=CARTESIAN_POINT('',(-0.259456079894284,-40.6751011966633,13.0649397295034));
#2599=CARTESIAN_POINT('',(-0.215469155843139,-40.6613410835018,13.0467816593121));
#2600=CARTESIAN_POINT('',(-0.182280859690459,-40.650959027458,13.0330813284964));
#2601=CARTESIAN_POINT('',(-0.145996636791667,-40.6429037004615,13.0234915630893));
#2602=CARTESIAN_POINT('',(-0.109041361708737,-40.639327284629,13.0191943492227));
#2603=CARTESIAN_POINT('',(-0.0719131551209928,-40.6357341330267,13.0148770266258));
#2604=CARTESIAN_POINT('',(-0.0331216487541366,-40.6367366301643,13.0158937599593));
#2605=CARTESIAN_POINT('',(0.00354233888522232,-40.6420030082999,13.0220639308628));
#2606=CARTESIAN_POINT('',(0.0370913707494514,-40.6468219573357,13.0277098868424));
#2607=CARTESIAN_POINT('',(0.0696904304662267,-40.6551363262276,13.0376827357436));
#2608=CARTESIAN_POINT('',(0.0997159982863567,-40.665174078812,13.0510373389909));
#2609=CARTESIAN_POINT('',(0.142230625096539,-40.679387009195,13.0699467556807));
#2610=CARTESIAN_POINT('',(0.180908023206102,-40.6972922788034,13.0961182198592));
#2611=CARTESIAN_POINT('',(0.213763009281842,-40.7145674040369,13.1275695610159));
#2612=CARTESIAN_POINT('',(0.246951785860779,-40.7320180360484,13.1593404323336));
#2613=CARTESIAN_POINT('',(0.275198863524498,-40.749337760555,13.1975399833858));
#2614=CARTESIAN_POINT('',(0.296018294764378,-40.7632684966039,13.2398234741202));
#2615=CARTESIAN_POINT('',(0.31678626485622,-40.7771647988748,13.2820024491763));
#2616=CARTESIAN_POINT('',(0.330653723200449,-40.7880410614717,13.3297396961391));
#2617=CARTESIAN_POINT('',(0.335317998533486,-40.7940225418787,13.3781746851768));
#2618=CARTESIAN_POINT('',(0.339368177525025,-40.7992165033309,13.420232745872));
#2619=CARTESIAN_POINT('',(0.336601193254731,-40.8009150054338,13.4640247347401));
#2620=CARTESIAN_POINT('',(0.327135553101151,-40.7995123098429,13.5055060046874));
#2621=CARTESIAN_POINT('',(0.318157821634817,-40.7981819165321,13.5448491126469));
#2622=CARTESIAN_POINT('',(0.302988217964198,-40.7940963972827,13.5831578508399));
#2623=CARTESIAN_POINT('',(0.282871094476123,-40.7885466281698,13.6177230234552));
#2624=CARTESIAN_POINT('',(0.261669257408516,-40.7826976159806,13.6541519472243));
#2625=CARTESIAN_POINT('',(0.234463439644331,-40.7751142156758,13.68737789648));
#2626=CARTESIAN_POINT('',(0.203178774099706,-40.7676380113274,13.7152377492419));
#2627=CARTESIAN_POINT('',(0.169680064175468,-40.7596327091628,13.7450692692519));
#2628=CARTESIAN_POINT('',(0.130545381101834,-40.7515753374784,13.7695648810283));
#2629=CARTESIAN_POINT('',(0.0887415254733662,-40.7456119370574,13.7866833951419));
#2630=CARTESIAN_POINT('',(0.0604234381141238,-40.7415723074218,13.7982795403022));
#2631=CARTESIAN_POINT('',(0.0304302690972113,-40.7384251150756,13.8067095500727));
#2632=CARTESIAN_POINT('',(7.32560922943534E-16,-40.736616935384,13.811550259807));
#2633=CARTESIAN_POINT('',(7.32560922943534E-16,-40.736616935384,13.811550259807));
#2634=CARTESIAN_POINT('',(-0.0628400758422833,-47.2000000258128,13.4165171917378));
#2635=CARTESIAN_POINT('',(0.,0.,15.));
#2636=CARTESIAN_POINT('',(14.,0.,15.));
#2637=CARTESIAN_POINT('',(0.,0.,15.));
#2638=CARTESIAN_POINT('',(-25.3,25.,-1.99999999999999));
#2639=CARTESIAN_POINT('',(-25.3,25.,10.));
#2640=CARTESIAN_POINT('',(-25.3,0.,10.));
#2641=CARTESIAN_POINT('',(-25.3,-47.2000000258128,10.));
#2642=CARTESIAN_POINT('',(-25.3,-47.2000000258128,22.));
#2643=CARTESIAN_POINT('',(-25.3,0.,0.));
#2644=CARTESIAN_POINT('',(3.80485971241942,-40.7058795611636,10.));
#2645=CARTESIAN_POINT('',(3.80503317048565,-40.705787032694,10.0092218749834));
#2646=CARTESIAN_POINT('',(3.8048872610783,-40.7058474062259,10.0184580532751));
#2647=CARTESIAN_POINT('',(3.80442283194757,-40.7060598304011,10.0276678746078));
#2648=CARTESIAN_POINT('',(3.80235894341235,-40.7070038276459,10.0685956360298));
#2649=CARTESIAN_POINT('',(3.79379308102386,-40.7111121801319,10.1096334950241));
#2650=CARTESIAN_POINT('',(3.77961019384697,-40.7173907126674,10.1475763225706));
#2651=CARTESIAN_POINT('',(3.7652633160605,-40.7237418411677,10.1859578666733));
#2652=CARTESIAN_POINT('',(3.74487125572586,-40.7323975753908,10.2221731847828));
#2653=CARTESIAN_POINT('',(3.71995614036679,-40.7415964122713,10.2540154694032));
#2654=CARTESIAN_POINT('',(3.69280128359105,-40.7516221775304,10.2887202125206));
#2655=CARTESIAN_POINT('',(3.65955032660314,-40.7625164481916,10.3191663151535));
#2656=CARTESIAN_POINT('',(3.62246215692799,-40.7719574824449,10.3432007894095));
#2657=CARTESIAN_POINT('',(3.58384944352491,-40.7817865991967,10.3682232230957));
#2658=CARTESIAN_POINT('',(3.53984199260285,-40.7902771387233,10.3869808794366));
#2659=CARTESIAN_POINT('',(3.4942273047765,-40.7951598345266,10.3974276443067));
#2660=CARTESIAN_POINT('',(3.46514363932917,-40.7982730135921,10.4040884421542));
#2661=CARTESIAN_POINT('',(3.43492907910719,-40.7999896033474,10.4075224350997));
#2662=CARTESIAN_POINT('',(3.40493045246158,-40.7999999517671,10.4075224350996));
#2663=CARTESIAN_POINT('',(3.3634436916781,-40.8000142631693,10.4075224350996));
#2664=CARTESIAN_POINT('',(3.32137768762553,-40.7966705557879,10.4008421807063));
#2665=CARTESIAN_POINT('',(3.282344864529,-40.7903725617222,10.3882753387408));
#2666=CARTESIAN_POINT('',(3.24339012862258,-40.7840871671209,10.3757336373954));
#2667=CARTESIAN_POINT('',(3.20641962591348,-40.7747402081762,10.35707999191));
#2668=CARTESIAN_POINT('',(3.17380327422611,-40.7639125525056,10.3339887082133));
#2669=CARTESIAN_POINT('',(3.13934482317437,-40.7524733748041,10.3095932799138));
#2670=CARTESIAN_POINT('',(3.10882685565462,-40.739128918367,10.2796896625719));
#2671=CARTESIAN_POINT('',(3.08386030379048,-40.7264388905851,10.2460889030537));
#2672=CARTESIAN_POINT('',(3.05625554039603,-40.7124079096033,10.2089375566674));
#2673=CARTESIAN_POINT('',(3.03461388947648,-40.6988175411358,10.1660319921653));
#2674=CARTESIAN_POINT('',(3.02119613419475,-40.6899025299111,10.1204293568714));
#2675=CARTESIAN_POINT('',(3.01070574310138,-40.6829325150028,10.084775891066));
#2676=CARTESIAN_POINT('',(3.00504638446169,-40.6787787497844,10.046541816026));
#2677=CARTESIAN_POINT('',(3.00493227389629,-40.6786405156308,10.0087295573373));
#2678=CARTESIAN_POINT('',(3.00492349224055,-40.6786298774858,10.0058196231216));
#2679=CARTESIAN_POINT('',(3.00494647118227,-40.6786416506847,10.0029092518065));
#2680=CARTESIAN_POINT('',(3.0050011925045,-40.6786758110503,9.99999999999999));
#2681=CARTESIAN_POINT('',(3.80485971241942,-40.7058795611636,10.));
#2682=CARTESIAN_POINT('',(3.0050011925045,-40.6786758110503,9.99999999999999));
#2683=CARTESIAN_POINT('',(3.80485971241954,-47.2000000258128,10.));
#2684=CARTESIAN_POINT('',(3.80485971241954,-47.2000000258128,10.));
#2685=CARTESIAN_POINT('',(3.40493045246202,-47.2000000258128,10.0075224350997));
#2686=CARTESIAN_POINT('',(3.0050011925045,-47.2000000258128,10.));
#2687=CARTESIAN_POINT('',(3.0050011925045,-47.2000000258128,10.));
#2688=CARTESIAN_POINT('',(3.40493045246202,-47.2000000258128,10.0075224350997));
#2689=CARTESIAN_POINT('',(4.60830240519226,18.2,10.1081661684447));
#2690=CARTESIAN_POINT('',(4.45377478996132,18.1999999999998,11.6001853426281));
#2691=CARTESIAN_POINT('',(6.10439734870487,18.2,10.));
#2692=CARTESIAN_POINT('',(6.10439734870487,18.2,10.));
#2693=CARTESIAN_POINT('',(6.03020981728856,18.1555396827674,10.));
#2694=CARTESIAN_POINT('',(5.95601493012584,18.1110916336861,9.99999999999983));
#2695=CARTESIAN_POINT('',(5.88180805467125,18.0666636103074,9.99999999999983));
#2696=CARTESIAN_POINT('',(5.88180805467125,18.0666636103074,9.99999999999983));
#2697=CARTESIAN_POINT('',(4.45377478996132,18.1999999999998,11.6001853426281));
#2698=CARTESIAN_POINT('',(4.68216268638756,18.1594688214991,11.5560233255984));
#2699=CARTESIAN_POINT('',(4.90924063270372,18.127470128749,11.4741260545646));
#2700=CARTESIAN_POINT('',(5.11110317098848,18.1057111698684,11.3535766673473));
#2701=CARTESIAN_POINT('',(5.26909276399671,18.0886813183315,11.2592275682739));
#2702=CARTESIAN_POINT('',(5.4153869067812,18.0773738484768,11.1386983530313));
#2703=CARTESIAN_POINT('',(5.53504644423763,18.07069232346,10.9980234364421));
#2704=CARTESIAN_POINT('',(5.65523812396608,18.0639810847908,10.8567229193255));
#2705=CARTESIAN_POINT('',(5.75179782733726,18.0616156725371,10.6903923550954));
#2706=CARTESIAN_POINT('',(5.81120505305485,18.061614216518,10.514529629459));
#2707=CARTESIAN_POINT('',(5.86405990047115,18.0616129210921,10.3580638558524));
#2708=CARTESIAN_POINT('',(5.88905059849364,18.0633991543117,10.1893283926777));
#2709=CARTESIAN_POINT('',(5.882927932652,18.0662368083748,10.0243143511849));
#2710=CARTESIAN_POINT('',(5.88262709987875,18.066376234462,10.0162065051892));
#2711=CARTESIAN_POINT('',(5.88225376107331,18.0665185055131,10.0081010738227));
#2712=CARTESIAN_POINT('',(5.88180805467125,18.0666636103074,9.99999999999983));
#2713=CARTESIAN_POINT('',(4.60830240519226,18.2,10.1081661684447));
#2714=CARTESIAN_POINT('',(3.11220746167965,18.7433765558788,10.));
#2715=CARTESIAN_POINT('',(3.10697256186071,18.7442457746254,10.0724062547609));
#2716=CARTESIAN_POINT('',(3.10701504615027,18.7426248059321,10.1454554920869));
#2717=CARTESIAN_POINT('',(3.11231047579885,18.7385508190775,10.2177478602996));
#2718=CARTESIAN_POINT('',(3.12344630721498,18.7299835764145,10.3697724699184));
#2719=CARTESIAN_POINT('',(3.15853227683425,18.7101043188544,10.5212889458229));
#2720=CARTESIAN_POINT('',(3.21379555018494,18.6817312321337,10.6607515748188));
#2721=CARTESIAN_POINT('',(3.27036566141839,18.6526871930368,10.8035121453905));
#2722=CARTESIAN_POINT('',(3.34929775751379,18.6141538018639,10.937304977464));
#2723=CARTESIAN_POINT('',(3.44400525358673,18.5710209060188,11.0538998216279));
#2724=CARTESIAN_POINT('',(3.54656081668624,18.5243137433872,11.1801564580457));
#2725=CARTESIAN_POINT('',(3.67010450325327,18.4711434979846,11.2895206274569));
#2726=CARTESIAN_POINT('',(3.80584676928993,18.417980731196,11.3754723478696));
#2727=CARTESIAN_POINT('',(3.95235059893268,18.360603252859,11.4682382679659));
#2728=CARTESIAN_POINT('',(4.11715680008889,18.3017825367077,11.5362221390269));
#2729=CARTESIAN_POINT('',(4.28795991400947,18.248931779628,11.5735605482424));
#2730=CARTESIAN_POINT('',(4.34248539302959,18.2320602321473,11.5854800888269));
#2731=CARTESIAN_POINT('',(4.39791456187581,18.2156817197298,11.5943999291551));
#2732=CARTESIAN_POINT('',(4.45377478996132,18.1999999999998,11.6001853426281));
#2733=CARTESIAN_POINT('',(3.11220746167965,18.7433765558788,10.));
#2734=CARTESIAN_POINT('',(3.11220746167965,25.,10.));
#2735=CARTESIAN_POINT('',(3.11220746167965,25.,10.));
#2736=CARTESIAN_POINT('',(4.60830240519226,25.,10.1081661684447));
#2737=CARTESIAN_POINT('',(6.10439734870487,25.,10.));
#2738=CARTESIAN_POINT('',(6.10439734870487,25.,10.));
#2739=CARTESIAN_POINT('',(4.60830240519226,25.,10.1081661684447));
#2740=CARTESIAN_POINT('',(-0.0950695475379799,25.,9.9075224350997));
#2741=CARTESIAN_POINT('',(2.87040820041726,25.,10.));
#2742=CARTESIAN_POINT('',(-3.00837512553721,25.,10.4690034969585));
#2743=CARTESIAN_POINT('',(2.87040820041726,97.2000000258128,10.));
#2744=CARTESIAN_POINT('',(2.87040820041726,18.7819263325937,10.));
#2745=CARTESIAN_POINT('',(-3.00837512553316,18.7379949323953,10.4690034969796));
#2746=CARTESIAN_POINT('',(-2.98161542331192,18.7290421726304,10.6078491233763));
#2747=CARTESIAN_POINT('',(-2.94484179651927,18.7158320455906,10.7448984615347));
#2748=CARTESIAN_POINT('',(-2.89883392851283,18.6989727912916,10.8778397386681));
#2749=CARTESIAN_POINT('',(-2.79890730029217,18.6623553928026,11.1665810812018));
#2750=CARTESIAN_POINT('',(-2.65293031368543,18.6073961080323,11.4407185301591));
#2751=CARTESIAN_POINT('',(-2.47276465451232,18.5444188382165,11.6821143182937));
#2752=CARTESIAN_POINT('',(-2.28089272494056,18.4773496179547,11.939194806731));
#2753=CARTESIAN_POINT('',(-2.04549423052681,18.3995988383563,12.166001853693));
#2754=CARTESIAN_POINT('',(-1.78244679424339,18.3279878014597,12.3478847854339));
#2755=CARTESIAN_POINT('',(-1.50309465540617,18.2519380341476,12.5410415282544));
#2756=CARTESIAN_POINT('',(-1.18366721043177,18.181188121663,12.6890400691211));
#2757=CARTESIAN_POINT('',(-0.849662158535877,18.1381083645122,12.7768778270048));
#2758=CARTESIAN_POINT('',(-0.531742763696392,18.0971033250809,12.8604853253703));
#2759=CARTESIAN_POINT('',(-0.190477049988064,18.0813819201538,12.8913126886047));
#2760=CARTESIAN_POINT('',(0.139390647938603,18.0971259300951,12.8651631824463));
#2761=CARTESIAN_POINT('',(0.43488365075711,18.1112292957874,12.8417386515038));
#2762=CARTESIAN_POINT('',(0.728971016880766,18.1501294629522,12.7726250152611));
#2763=CARTESIAN_POINT('',(1.00031161748576,18.2032185885919,12.6648309918156));
#2764=CARTESIAN_POINT('',(1.28095864299775,18.2581285621255,12.553339854918));
#2765=CARTESIAN_POINT('',(1.54460704442239,18.3287668737814,12.398156315919));
#2766=CARTESIAN_POINT('',(1.77634533924397,18.3996333034144,12.2097858203705));
#2767=CARTESIAN_POINT('',(2.03410519539786,18.4784572229673,12.0002634715779));
#2768=CARTESIAN_POINT('',(2.25938773993022,18.5593264204094,11.7436801263382));
#2769=CARTESIAN_POINT('',(2.43453067707839,18.624281454109,11.4579201509289));
#2770=CARTESIAN_POINT('',(2.61208797185226,18.6901318974866,11.1682209542927));
#2771=CARTESIAN_POINT('',(2.74283930014832,18.7412397858027,10.8392367652555));
#2772=CARTESIAN_POINT('',(2.81189720628605,18.7653364906757,10.5009486443198));
#2773=CARTESIAN_POINT('',(2.84545975897192,18.7770476324129,10.3365386076288));
#2774=CARTESIAN_POINT('',(2.86516526078364,18.7827276016783,10.168125326766));
#2775=CARTESIAN_POINT('',(2.87040820041726,18.7819263325937,10.));
#2776=CARTESIAN_POINT('',(-3.00837512553316,18.7379949323953,10.4690034969796));
#2777=CARTESIAN_POINT('',(-3.00837512553722,-47.2000000258127,10.4690034969585));
#2778=CARTESIAN_POINT('',(-0.0950695475379799,97.2000000258128,9.9075224350997));
#2779=CARTESIAN_POINT('',(-5.79334011507723,18.0952261746306,10.));
#2780=CARTESIAN_POINT('',(-5.79383984909868,18.0950661805457,10.0057520071759));
#2781=CARTESIAN_POINT('',(-5.79430376037772,18.0949072099474,10.0115072678203));
#2782=CARTESIAN_POINT('',(-5.79473176659087,18.0947492668748,10.0172651132002));
#2783=CARTESIAN_POINT('',(-5.80656671934456,18.0903819265303,10.1764773534438));
#2784=CARTESIAN_POINT('',(-5.79013635598731,18.0866534021495,10.3400817008442));
#2785=CARTESIAN_POINT('',(-5.7473400583921,18.0842285311928,10.4939331685809));
#2786=CARTESIAN_POINT('',(-5.70560539408445,18.0818638131902,10.6439680949655));
#2787=CARTESIAN_POINT('',(-5.63791839683366,18.0807264328225,10.7886630605587));
#2788=CARTESIAN_POINT('',(-5.55112589489507,18.0821060731268,10.9179805436428));
#2789=CARTESIAN_POINT('',(-5.46009377984924,18.0835531056711,11.0536148868707));
#2790=CARTESIAN_POINT('',(-5.34601519922081,18.0878771865778,11.1757101600059));
#2791=CARTESIAN_POINT('',(-5.2189326899059,18.0963813797055,11.2780005772562));
#2792=CARTESIAN_POINT('',(-5.07891374316177,18.1057512620841,11.3907037066059));
#2793=CARTESIAN_POINT('',(-4.92004311072655,18.1204850664054,11.4820993727387));
#2794=CARTESIAN_POINT('',(-4.7546112231207,18.1409621585435,11.5499821744566));
#2795=CARTESIAN_POINT('',(-4.62433523323442,18.1570876678808,11.6034392154058));
#2796=CARTESIAN_POINT('',(-4.48825390463068,18.1769288514629,11.643272291963));
#2797=CARTESIAN_POINT('',(-4.35098799585327,18.2,11.6700176319679));
#2798=CARTESIAN_POINT('',(-5.79334011507723,18.0952261746306,10.));
#2799=CARTESIAN_POINT('',(-4.35098799585327,18.2,11.6700176319679));
#2800=CARTESIAN_POINT('',(-5.96907987018271,18.2,10.));
#2801=CARTESIAN_POINT('',(-5.91051400574054,18.1650518293177,10.));
#2802=CARTESIAN_POINT('',(-5.85193593271727,18.1301241010302,10.));
#2803=CARTESIAN_POINT('',(-5.79334011507723,18.0952261746306,10.));
#2804=CARTESIAN_POINT('',(-5.96907987018271,18.2,10.));
#2805=CARTESIAN_POINT('',(-4.47938470475938,18.2,10.1755229731812));
#2806=CARTESIAN_POINT('',(-4.47938470475938,18.2,10.1755229731812));
#2807=CARTESIAN_POINT('',(-5.96907987018271,25.,10.));
#2808=CARTESIAN_POINT('',(-5.96907987018271,25.,10.));
#2809=CARTESIAN_POINT('',(-4.47938470475938,25.,10.1755229731812));
#2810=CARTESIAN_POINT('',(-4.35098799585327,18.2,11.6700176319679));
#2811=CARTESIAN_POINT('',(-4.20010093464376,18.240794845153,11.6570544527676));
#2812=CARTESIAN_POINT('',(-4.05121682665081,18.28757871853,11.6208340353358));
#2813=CARTESIAN_POINT('',(-3.9130856273695,18.3360283874234,11.5645173414014));
#2814=CARTESIAN_POINT('',(-3.75494349586958,18.3914969126308,11.5000421029023));
#2815=CARTESIAN_POINT('',(-3.60683060299811,18.4504929374464,11.4075400336037));
#2816=CARTESIAN_POINT('',(-3.47942372679069,18.5055024798085,11.2935918630712));
#2817=CARTESIAN_POINT('',(-3.34741809483392,18.5624975935678,11.1755307292516));
#2818=CARTESIAN_POINT('',(-3.23381858260758,18.616759578167,11.0307047462189));
#2819=CARTESIAN_POINT('',(-3.14997379056836,18.659672648336,10.8702650988867));
#2820=CARTESIAN_POINT('',(-3.08497775751223,18.6929386301509,10.7458931448524));
#2821=CARTESIAN_POINT('',(-3.03637449267122,18.7201079448625,10.6093444529629));
#2822=CARTESIAN_POINT('',(-3.00837512553316,18.7379949323953,10.4690034969796));
#2823=CARTESIAN_POINT('',(-4.47938470475938,25.,10.1755229731812));
#2824=CARTESIAN_POINT('',(-8.57174787238718,-22.4170724764012,9.99999999998699));
#2825=CARTESIAN_POINT('',(-6.78596706563985,-17.7468490438176,10.));
#2826=CARTESIAN_POINT('',(-3.57174787238718,-22.4170724764012,9.99999999998751));
#2827=CARTESIAN_POINT('',(6.67236626769348,-17.7898715113332,10.));
#2828=CARTESIAN_POINT('',(6.67236626769348,-17.7898715113332,10.7478740715312));
#2829=CARTESIAN_POINT('',(6.37699355878952,-17.7093586186095,11.4743731296589));
#2830=CARTESIAN_POINT('',(5.47004824762274,-17.4749549284648,12.6157120600429));
#2831=CARTESIAN_POINT('',(4.86864556385132,-17.3240766175904,13.050861121008));
#2832=CARTESIAN_POINT('',(2.92011532703169,-16.8930675718098,14.017377081327));
#2833=CARTESIAN_POINT('',(1.42139310349748,-16.6395668314985,14.2497121975881));
#2834=CARTESIAN_POINT('',(-1.5403523593165,-16.6280481276027,14.250287324657));
#2835=CARTESIAN_POINT('',(-3.03562201612079,-16.8701405750052,14.0197064919203));
#2836=CARTESIAN_POINT('',(-4.98602765686706,-17.2905152530492,13.0511635513277));
#2837=CARTESIAN_POINT('',(-5.58899332604581,-17.4388091258952,12.6144123901581));
#2838=CARTESIAN_POINT('',(-6.49770340316873,-17.6694517842291,11.4639376431695));
#2839=CARTESIAN_POINT('',(-6.78596706563985,-17.7468490438176,10.7411731186543));
#2840=CARTESIAN_POINT('',(-6.78596706563985,-17.7468490438176,10.));
#2841=CARTESIAN_POINT('',(6.67236626769348,-17.7898715113332,10.));
#2842=CARTESIAN_POINT('',(8.42825212761282,-22.4714166458946,10.));
#2843=CARTESIAN_POINT('',(3.42825212761282,-22.4714166458946,10.));
#2844=CARTESIAN_POINT('',(-3.57174787238718,-22.4170724764012,9.99999999998751));
#2845=CARTESIAN_POINT('',(-3.5717478723911,-22.4170724764063,11.097170382383));
#2846=CARTESIAN_POINT('',(-3.06316297838925,-21.7481822370194,11.9934472823855));
#2847=CARTESIAN_POINT('',(-2.16558234541903,-20.6807620576219,12.8344234511732));
#2848=CARTESIAN_POINT('',(-1.83951975073608,-20.3040115529012,13.0495214084966));
#2849=CARTESIAN_POINT('',(-1.07193054920078,-19.6072713716034,13.3799752732472));
#2850=CARTESIAN_POINT('',(-0.594143099384407,-19.255614097977,13.5025832939378));
#2851=CARTESIAN_POINT('',(0.484707427752092,-19.2803164347002,13.4973338421015));
#2852=CARTESIAN_POINT('',(0.950947251671415,-19.6435210924414,13.3724040308205));
#2853=CARTESIAN_POINT('',(1.704580682199,-20.3448818949703,13.0436279552582));
#2854=CARTESIAN_POINT('',(2.03176732756595,-20.7274910812759,12.8265290015337));
#2855=CARTESIAN_POINT('',(2.62170435179679,-21.4379939590481,12.2714219134681));
#2856=CARTESIAN_POINT('',(2.89037809406753,-21.7802385303335,11.9230900966073));
#2857=CARTESIAN_POINT('',(3.29377921661146,-22.296725995892,11.0703705778984));
#2858=CARTESIAN_POINT('',(3.42825212761282,-22.4714166458946,10.5416274341743));
#2859=CARTESIAN_POINT('',(3.42825212761282,-22.4714166458946,10.));
#2860=CARTESIAN_POINT('',(-6.78596706563985,-17.7468490438176,9.99999999998484));
#2861=CARTESIAN_POINT('',(-3.57174787238718,-18.9758889445519,9.99999999999399));
#2862=CARTESIAN_POINT('',(-3.57174787238718,-22.4170724764012,9.99999999998751));
#2863=CARTESIAN_POINT('',(-6.7859670646125,-17.7468490442123,10.5709381941749));
#2864=CARTESIAN_POINT('',(-3.57174787242062,-18.9758889445015,10.2214044961155));
#2865=CARTESIAN_POINT('',(-3.57174787238886,-22.4170724754187,10.4701843951695));
#2866=CARTESIAN_POINT('',(-6.61846107415343,-17.7019566407466,11.1493324024828));
#2867=CARTESIAN_POINT('',(-3.58634155897743,-18.9747612871902,10.4614879860943));
#2868=CARTESIAN_POINT('',(-3.47290888266622,-22.2898210523862,10.9465090373806));
#2869=CARTESIAN_POINT('',(-5.98880902845955,-17.5395289516843,12.1823525371342));
#2870=CARTESIAN_POINT('',(-3.4997507435331,-18.9056867044507,11.0960028517647));
#2871=CARTESIAN_POINT('',(-3.11045393040599,-21.8293622605741,11.7972315011276));
#2872=CARTESIAN_POINT('',(-5.52629049879686,-17.4214181618892,12.6461075288091));
#2873=CARTESIAN_POINT('',(-3.3907122053396,-18.8328752960566,11.4880017561145));
#2874=CARTESIAN_POINT('',(-2.84694465293631,-21.4944438847826,12.179147376549));
#2875=CARTESIAN_POINT('',(-4.35978545877986,-17.1511900170061,13.4090864098913));
#2876=CARTESIAN_POINT('',(-2.88472527446251,-18.5687202614783,12.2914219977268));
#2877=CARTESIAN_POINT('',(-2.20913882404154,-20.7297867463106,12.8074829259101));
#2878=CARTESIAN_POINT('',(-3.66607950951219,-16.9986974470539,13.7081155379594));
#2879=CARTESIAN_POINT('',(-2.50361529625335,-18.3791925868942,12.6923867527761));
#2880=CARTESIAN_POINT('',(-1.84067728208585,-20.2994575785125,13.0537422067376));
#2881=CARTESIAN_POINT('',(-2.01304668186884,-16.7337190642188,14.1322555171127));
#2882=CARTESIAN_POINT('',(-1.44612977363819,-18.0077255295377,13.3002973244139));
#2883=CARTESIAN_POINT('',(-1.00652731922398,-19.5539564824782,13.403033956263));
#2884=CARTESIAN_POINT('',(-1.04844351369816,-16.6298389743614,14.25033532967));
#2885=CARTESIAN_POINT('',(-0.761310643963007,-17.8397881126643,13.5012521658713));
#2886=CARTESIAN_POINT('',(-0.542275909523145,-19.2626518403586,13.5002761537523));
#2887=CARTESIAN_POINT('',(0.933158361693308,-16.6377905008239,14.2496632127584));
#2888=CARTESIAN_POINT('',(0.634609315434834,-17.8481795275839,13.4987390330895));
#2889=CARTESIAN_POINT('',(0.402879547880671,-19.2727752330255,13.4997226458946));
#2890=CARTESIAN_POINT('',(1.90883172321676,-16.7508799032571,14.1284746468412));
#2891=CARTESIAN_POINT('',(1.32594617708634,-18.026410109918,13.2916340598208));
#2892=CARTESIAN_POINT('',(0.872242637310831,-19.5782306936866,13.3999202982529));
#2893=CARTESIAN_POINT('',(3.54711204387417,-17.0248296467853,13.7068301219038));
#2894=CARTESIAN_POINT('',(2.37167178053912,-18.4049800603298,12.6843488727054));
#2895=CARTESIAN_POINT('',(1.69791276695008,-20.3314990143799,13.0526836289489));
#2896=CARTESIAN_POINT('',(4.25086114611655,-17.1832487749013,13.4035388074608));
#2897=CARTESIAN_POINT('',(2.75678790521456,-18.599581762944,12.2767585101249));
#2898=CARTESIAN_POINT('',(2.07092125861087,-20.7720582572659,12.8029143120772));
#2899=CARTESIAN_POINT('',(5.40951202222934,-17.4578909282227,12.645590003818));
#2900=CARTESIAN_POINT('',(3.25503110847037,-18.8647694613851,11.4770665621382));
#2901=CARTESIAN_POINT('',(2.70323567125734,-21.539329918534,12.1787211795641));
#2902=CARTESIAN_POINT('',(5.87431034529445,-17.5786992460764,12.1810412614612));
#2903=CARTESIAN_POINT('',(3.36258887669592,-18.938063185467,11.0839990852888));
#2904=CARTESIAN_POINT('',(2.96741256804598,-21.8784270106872,11.7961516270153));
#2905=CARTESIAN_POINT('',(6.50366257659412,-17.743942202584,11.1507326566814));
#2906=CARTESIAN_POINT('',(3.44459029857952,-19.0061811542608,10.4544113158681));
#2907=CARTESIAN_POINT('',(3.3289275351605,-22.3423339672935,10.9476621879257));
#2908=CARTESIAN_POINT('',(6.67236626634099,-17.7898715118405,10.569916242689));
#2909=CARTESIAN_POINT('',(3.4282521276676,-19.0066266600164,10.2165662696448));
#2910=CARTESIAN_POINT('',(3.42825212761282,-22.4714166445955,10.4693427880412));
#2911=CARTESIAN_POINT('',(6.67236626769348,-17.7898715113332,10.));
#2912=CARTESIAN_POINT('',(3.42825212761282,-19.0066266600723,10.));
#2913=CARTESIAN_POINT('',(3.42825212761282,-22.4714166458946,10.));
#2914=CARTESIAN_POINT('',(3.42825212761282,-40.,10.));
#2915=CARTESIAN_POINT('',(3.42825212761282,-39.2000000258128,10.));
#2916=CARTESIAN_POINT('',(-0.0717478723871821,-39.2000000258128,10.));
#2917=CARTESIAN_POINT('',(-3.57174787238718,-39.2000000258128,10.));
#2918=CARTESIAN_POINT('',(-3.57174787238718,-40.,10.));
#2919=CARTESIAN_POINT('',(-0.0717478723871821,-40.,10.));
#2920=CARTESIAN_POINT('',(0.,0.,10.));
#2921=CARTESIAN_POINT('',(0.,0.,10.));
#2922=CARTESIAN_POINT('',(0.,0.,10.));
#2923=CARTESIAN_POINT('',(0.,0.,10.));
#2924=CARTESIAN_POINT('',(-0.0950695475379799,-47.2000000258128,9.9075224350997));
#2925=CARTESIAN_POINT('',(-3.06054729549322,-47.2000000258128,10.));
#2926=CARTESIAN_POINT('',(2.87040820041726,-47.2000000258128,10.));
#2927=CARTESIAN_POINT('',(-3.06054729549322,97.2000000258128,10.));
#2928=CARTESIAN_POINT('',(-3.06054729549357,-40.6150914062268,9.99999999998891));
#2929=CARTESIAN_POINT('',(2.87040820041726,-40.573086098743,10.));
#2930=CARTESIAN_POINT('',(2.86165916590704,-40.5645619922933,10.2805552588257));
#2931=CARTESIAN_POINT('',(2.81220557769793,-40.5558597529968,10.5626207601407));
#2932=CARTESIAN_POINT('',(2.72498465022779,-40.5475915251964,10.8294251931448));
#2933=CARTESIAN_POINT('',(2.62175272852586,-40.537805513173,11.1452064527175));
#2934=CARTESIAN_POINT('',(2.46254531217033,-40.5283850337808,11.4475301792515));
#2935=CARTESIAN_POINT('',(2.26052912814181,-40.520438300732,11.7113420637664));
#2936=CARTESIAN_POINT('',(2.05857250526039,-40.5124939106465,11.9750761676889));
#2937=CARTESIAN_POINT('',(1.80825302624696,-40.5058247568807,12.2076004333904));
#2938=CARTESIAN_POINT('',(1.53030251121745,-40.5013499430909,12.3896134979426));
#2939=CARTESIAN_POINT('',(1.25254790430953,-40.4968782832882,12.5714982740562));
#2940=CARTESIAN_POINT('',(0.939532484073094,-40.494495358829,12.7079614533322));
#2941=CARTESIAN_POINT('',(0.617204233828198,-40.4945598293208,12.787674589762));
#2942=CARTESIAN_POINT('',(0.415588222561299,-40.4946001555516,12.8375350801172));
#2943=CARTESIAN_POINT('',(0.20757496912127,-40.4955764472905,12.8662634383094));
#2944=CARTESIAN_POINT('',(-2.70966056348605E-17,-40.4974290705754,12.87291821893));
#2945=CARTESIAN_POINT('',(-0.331734366939861,-40.5003898264662,12.8835535062464));
#2946=CARTESIAN_POINT('',(-0.66985412645482,-40.5056974497431,12.8370881189076));
#2947=CARTESIAN_POINT('',(-0.98637222984261,-40.5125917475794,12.7373969733335));
#2948=CARTESIAN_POINT('',(-1.30290654478421,-40.5194863985307,12.6377007217375));
#2949=CARTESIAN_POINT('',(-1.60656263614968,-40.5281341859634,12.4820307332914));
#2950=CARTESIAN_POINT('',(-1.87225442903308,-40.5374556975494,12.2832800554416));
#2951=CARTESIAN_POINT('',(-2.13814970813998,-40.5467843482313,12.0843771597743));
#2952=CARTESIAN_POINT('',(-2.37335221922313,-40.5570309007781,11.836845123531));
#2953=CARTESIAN_POINT('',(-2.55841567311464,-40.5671348856741,11.5611657579581));
#2954=CARTESIAN_POINT('',(-2.74356849437516,-40.5772437497969,11.2853532664812));
#2955=CARTESIAN_POINT('',(-2.88363855240406,-40.5874874232089,10.9737582609725));
#2956=CARTESIAN_POINT('',(-2.96701955519216,-40.5970126088926,10.6521790856191));
#2957=CARTESIAN_POINT('',(-3.02213857256153,-40.6033092335144,10.439599150631));
#2958=CARTESIAN_POINT('',(-3.05370165204205,-40.6093967097416,10.219519224465));
#2959=CARTESIAN_POINT('',(-3.06054729549357,-40.6150914062268,9.99999999998891));
#2960=CARTESIAN_POINT('',(2.87040820041726,-40.573086098743,10.));
#2961=CARTESIAN_POINT('',(2.87040820041726,97.2000000258128,10.));
#2962=CARTESIAN_POINT('',(-0.0950695475379799,97.2000000258128,9.9075224350997));
#2963=CARTESIAN_POINT('',(-3.06054729549357,-40.6150914062268,9.99999999998891));
#2964=CARTESIAN_POINT('',(-3.08151311282129,-40.6325322745801,9.99999999998891));
#2965=CARTESIAN_POINT('',(-3.10340072455109,-40.6489207272175,10.));
#2966=CARTESIAN_POINT('',(-3.12603872417038,-40.6641283029076,10.));
#2967=CARTESIAN_POINT('',(-3.13887901446283,-40.6727540511977,10.));
#2968=CARTESIAN_POINT('',(-3.15197518203842,-40.6810105695283,10.));
#2969=CARTESIAN_POINT('',(-3.16529418136299,-40.6888770074357,10.));
#2970=CARTESIAN_POINT('',(-3.16529418136299,-40.6888770074357,10.));
#2971=CARTESIAN_POINT('',(-3.16529418136299,-40.6888770074357,10.));
#2972=CARTESIAN_POINT('',(-3.18954373989656,-40.7031992280347,10.0289275704234));
#2973=CARTESIAN_POINT('',(-3.21793752006324,-40.7184158614842,10.0544299978519));
#2974=CARTESIAN_POINT('',(-3.24939843546867,-40.7324543234396,10.0754800289764));
#2975=CARTESIAN_POINT('',(-3.28933660980769,-40.7502755004078,10.1022020681179));
#2976=CARTESIAN_POINT('',(-3.335579996281,-40.7666325384795,10.1224060109648));
#2977=CARTESIAN_POINT('',(-3.38427384881456,-40.7783069190065,10.1333301612155));
#2978=CARTESIAN_POINT('',(-3.41261772016867,-40.7851023792665,10.1396889250686));
#2979=CARTESIAN_POINT('',(-3.44222258879685,-40.7904619999643,10.1430314626019));
#2980=CARTESIAN_POINT('',(-3.47183483248041,-40.7940816995718,10.1430314626019));
#2981=CARTESIAN_POINT('',(-3.51267097612389,-40.7990733704056,10.1430314626019));
#2982=CARTESIAN_POINT('',(-3.55448643218996,-40.8007998734281,10.1365538664622));
#2983=CARTESIAN_POINT('',(-3.59365666844393,-40.7996430973588,10.124029415723));
#2984=CARTESIAN_POINT('',(-3.63277642326585,-40.798487812108,10.1115211061224));
#2985=CARTESIAN_POINT('',(-3.67030171204395,-40.7944844175028,10.0927012020312));
#2986=CARTESIAN_POINT('',(-3.70349649550989,-40.7889963619114,10.0691186808157));
#2987=CARTESIAN_POINT('',(-3.73127977424588,-40.7844029842089,10.0493806469497));
#2988=CARTESIAN_POINT('',(-3.75660170408073,-40.7787160162862,10.0259741858595));
#2989=CARTESIAN_POINT('',(-3.77837548359769,-40.7728984677112,9.99999999999999));
#2990=CARTESIAN_POINT('',(-3.77837548359769,-40.7728984677112,9.99999999999999));
#2991=CARTESIAN_POINT('',(-3.77837548359769,-40.7728984677112,9.99999999999999));
#2992=CARTESIAN_POINT('',(-3.81941489561661,-40.7619335007552,9.99999999999999));
#2993=CARTESIAN_POINT('',(-3.85970475064963,-40.7476433653999,10.));
#2994=CARTESIAN_POINT('',(-3.89848156849444,-40.7302991376271,10.));
#2995=CARTESIAN_POINT('',(-3.98019046357963,-40.6937521034405,10.));
#2996=CARTESIAN_POINT('',(-4.05671632744073,-40.64259556804,10.));
#2997=CARTESIAN_POINT('',(-4.12172553514595,-40.5810664517013,10.));
#2998=CARTESIAN_POINT('',(-4.18674564392346,-40.5195270178497,10.));
#2999=CARTESIAN_POINT('',(-4.24203824750913,-40.4459146471288,10.));
#3000=CARTESIAN_POINT('',(-4.28302751939814,-40.3663244715151,10.));
#3001=CARTESIAN_POINT('',(-4.32402318848604,-40.2867218742563,10.));
#3002=CARTESIAN_POINT('',(-4.35184162894554,-40.1989444053344,10.));
#3003=CARTESIAN_POINT('',(-4.36418061157527,-40.1102597511829,10.));
#3004=CARTESIAN_POINT('',(-4.37652088278506,-40.0215658355486,10.));
#3005=CARTESIAN_POINT('',(-4.37371876673064,-39.9295183594468,10.));
#3006=CARTESIAN_POINT('',(-4.35600619221868,-39.8417393319502,10.));
#3007=CARTESIAN_POINT('',(-4.33829302456717,-39.7539573650045,10.));
#3008=CARTESIAN_POINT('',(-4.30517971936286,-39.668022852028,10.));
#3009=CARTESIAN_POINT('',(-4.25940754360437,-39.5910531309979,10.));
#3010=CARTESIAN_POINT('',(-4.21363731932925,-39.5140866915494,10.));
#3011=CARTESIAN_POINT('',(-4.1539465675778,-39.4439611645988,10.));
#3012=CARTESIAN_POINT('',(-4.08527785744187,-39.38648634855,10.));
#3013=CARTESIAN_POINT('',(-4.01661684852215,-39.329017978319,10.));
#3014=CARTESIAN_POINT('',(-3.93708558410545,-39.2826121920022,10.));
#3015=CARTESIAN_POINT('',(-3.8532709536091,-39.2511152804449,10.));
#3016=CARTESIAN_POINT('',(-3.76399157001397,-39.2175647555265,10.));
#3017=CARTESIAN_POINT('',(-3.66712315991054,-39.1999757924116,10.));
#3018=CARTESIAN_POINT('',(-3.57174787238718,-39.2000000258128,10.));
#3019=CARTESIAN_POINT('',(3.42825212761282,-39.2000000258128,10.));
#3020=CARTESIAN_POINT('',(3.51776306986062,-39.199977282452,10.));
#3021=CARTESIAN_POINT('',(3.60851227477434,-39.2154101686972,10.));
#3022=CARTESIAN_POINT('',(3.69298447406233,-39.2450185601902,10.));
#3023=CARTESIAN_POINT('',(3.77745627879267,-39.2746268133866,10.));
#3024=CARTESIAN_POINT('',(3.85798084555585,-39.3192267060136,10.));
#3025=CARTESIAN_POINT('',(3.92789272808113,-39.375123603365,10.));
#3026=CARTESIAN_POINT('',(3.99781290244244,-39.4310271303176,10.));
#3027=CARTESIAN_POINT('',(4.05904605824214,-39.4997717711896,10.));
#3028=CARTESIAN_POINT('',(4.10652469594064,-39.5756652101074,10.));
#3029=CARTESIAN_POINT('',(4.15401110310699,-39.6515710683291,10.));
#3030=CARTESIAN_POINT('',(4.18904804066532,-39.7367212612877,10.));
#3031=CARTESIAN_POINT('',(4.2087359332407,-39.8240656661679,10.));
#3032=CARTESIAN_POINT('',(4.22842618193656,-39.9114205238653,10.));
#3033=CARTESIAN_POINT('',(4.23330672921497,-40.0033793075622,10.));
#3034=CARTESIAN_POINT('',(4.22297363115602,-40.092327630433,10.));
#3035=CARTESIAN_POINT('',(4.21263999591637,-40.1812805774082,10.));
#3036=CARTESIAN_POINT('',(4.18680602298788,-40.2696762725109,10.));
#3037=CARTESIAN_POINT('',(4.14761025621728,-40.3501939889471,10.));
#3038=CARTESIAN_POINT('',(4.10841542823222,-40.4307097768876,10.));
#3039=CARTESIAN_POINT('',(4.05477812638177,-40.505568954866,10.));
#3040=CARTESIAN_POINT('',(3.99113942270929,-40.568570082184,10.));
#3041=CARTESIAN_POINT('',(3.93631989448246,-40.6228403906288,10.));
#3042=CARTESIAN_POINT('',(3.87292080868145,-40.6695734428182,10.));
#3043=CARTESIAN_POINT('',(3.80485971241942,-40.7058795611636,10.));
#3044=CARTESIAN_POINT('',(3.0050011925045,-40.6786758110503,9.99999999999999));
#3045=CARTESIAN_POINT('',(3.00246896423226,-40.6770950407028,9.99999999999999));
#3046=CARTESIAN_POINT('',(2.99994554757754,-40.6755000667067,10.));
#3047=CARTESIAN_POINT('',(2.99743117981277,-40.6738910391563,10.));
#3048=CARTESIAN_POINT('',(2.95190169729661,-40.6447552091669,10.));
#3049=CARTESIAN_POINT('',(2.90912455791283,-40.6108071012434,10.));
#3050=CARTESIAN_POINT('',(2.87040820041726,-40.573086098743,10.));
#3051=CARTESIAN_POINT('',(0.,-40.,13.4994677538803));
#3052=CARTESIAN_POINT('',(-0.0717478723871821,-40.,10.));
#3053=CARTESIAN_POINT('',(-3.16529418136301,-47.2000000258128,10.));
#3054=CARTESIAN_POINT('',(-3.16529418136301,-47.2000000258128,10.));
#3055=CARTESIAN_POINT('',(-3.47183483248041,-47.2000000258128,9.7430314626019));
#3056=CARTESIAN_POINT('',(-3.77837548359781,-47.2000000258128,10.));
#3057=CARTESIAN_POINT('',(-3.77837548359781,-47.2000000258128,10.));
#3058=CARTESIAN_POINT('',(-3.47183483248041,-47.2000000258128,9.7430314626019));
#3059=CARTESIAN_POINT('',(25.3,0.,10.));
#3060=CARTESIAN_POINT('',(25.3,-47.2000000258128,10.));
#3061=CARTESIAN_POINT('',(25.3,25.,10.));
#3062=CARTESIAN_POINT('',(25.3,25.,-1.99999999999999));
#3063=CARTESIAN_POINT('',(25.3,-47.2000000258128,22.));
#3064=CARTESIAN_POINT('',(25.3,0.,0.));
#3065=CARTESIAN_POINT('',(25.3,25.,10.));
#3066=CARTESIAN_POINT('',(25.3,25.,10.));
#3067=CARTESIAN_POINT('',(25.3,25.,10.));
#3068=CARTESIAN_POINT('',(25.3,25.,-1.99999999999999));
#3069=CARTESIAN_POINT('',(25.3,-47.2000000258128,10.));
#3070=CARTESIAN_POINT('',(25.3,-47.2000000258128,10.));
#3071=CARTESIAN_POINT('',(25.3,-47.2000000258128,10.));
#3072=CARTESIAN_POINT('',(25.3,-47.2000000258128,10.));
#3073=CARTESIAN_POINT('',(25.3,-47.2000000258128,22.));
#3074=CARTESIAN_POINT('',(0.,-11.1000000129064,10.));
#3075=CARTESIAN_POINT('',(0.,-11.1000000129064,10.));
#3076=CARTESIAN_POINT('',(0.,-11.1000000129064,10.));
#3077=CARTESIAN_POINT('',(14.4282521276128,-32.4714166458946,10.));
#3078=CARTESIAN_POINT('',(16.9282521276128,-32.4714166458946,10.));
#3079=CARTESIAN_POINT('',(0.,-11.1000000129064,10.));
#3080=CARTESIAN_POINT('',(-15.3942490150077,-32.7010789012549,10.));
#3081=CARTESIAN_POINT('',(-12.8942490150077,-32.7010789012549,10.));
#3082=CARTESIAN_POINT('',(0.,-11.1000000129064,10.));
#3083=CARTESIAN_POINT('',(-15.3942490150077,-32.7010789012549,10.));
#3084=CARTESIAN_POINT('',(14.4282521276128,-32.4714166458946,10.));
#3085=CARTESIAN_POINT('',(0.,0.,6.3));
#3086=CARTESIAN_POINT('',(6.3,-12.5023997696442,6.3));
#3087=CARTESIAN_POINT('',(6.3,12.5023997696442,6.3));
#3088=CARTESIAN_POINT('',(6.3,-11.1000000129064,6.3));
#3089=CARTESIAN_POINT('',(0.,0.,6.3));
#3090=CARTESIAN_POINT('',(6.3,-12.5023997696442,13.7));
#3091=CARTESIAN_POINT('',(6.3,-13.5249664551916,13.7));
#3092=CARTESIAN_POINT('',(6.3,-14.5307085067775,13.3585843721735));
#3093=CARTESIAN_POINT('',(6.3,-16.0666728641337,12.0126453227637));
#3094=CARTESIAN_POINT('',(6.3,-16.5384522466248,11.019340177004));
#3095=CARTESIAN_POINT('',(6.3,-16.5432453348324,8.99705014107062));
#3096=CARTESIAN_POINT('',(6.3,-16.075725883581,7.99923942367042));
#3097=CARTESIAN_POINT('',(6.3,-14.538279811184,6.64414093128446));
#3098=CARTESIAN_POINT('',(6.3,-13.5258486470827,6.3));
#3099=CARTESIAN_POINT('',(6.3,-12.5023997696442,6.3));
#3100=CARTESIAN_POINT('',(6.3,-12.5023997696442,13.7));
#3101=CARTESIAN_POINT('',(6.3,12.5023997696442,6.3));
#3102=CARTESIAN_POINT('',(6.3,13.5249664551916,6.3));
#3103=CARTESIAN_POINT('',(6.3,14.5307085067774,6.64141562782651));
#3104=CARTESIAN_POINT('',(6.3,16.0666728641337,7.9873546772363));
#3105=CARTESIAN_POINT('',(6.3,16.5384522466248,8.98065982299603));
#3106=CARTESIAN_POINT('',(6.3,16.5432453348324,11.0029498589294));
#3107=CARTESIAN_POINT('',(6.3,16.075725883581,12.0007605763296));
#3108=CARTESIAN_POINT('',(6.3,14.538279811184,13.3558590687155));
#3109=CARTESIAN_POINT('',(6.3,13.5258486470827,13.7));
#3110=CARTESIAN_POINT('',(6.3,12.5023997696442,13.7));
#3111=CARTESIAN_POINT('',(6.3,12.5023997696442,13.7));
#3112=CARTESIAN_POINT('',(0.,0.,13.7));
#3113=CARTESIAN_POINT('',(0.,0.,10.));
#3114=CARTESIAN_POINT('',(6.3,0.,13.7));
#3115=CARTESIAN_POINT('',(0.,0.,13.7));
#3116=CARTESIAN_POINT('',(6.3,-0.00239976964422524,10.2));
#3117=CARTESIAN_POINT('',(6.3,-0.00239976964422524,7.7));
#3118=CARTESIAN_POINT('',(6.3,-11.1000000129064,3.99999999999999));
#3119=CARTESIAN_POINT('',(6.3,-0.00239976964422524,10.2));
#3120=CARTESIAN_POINT('',(0.,0.,6.3));
#3121=CARTESIAN_POINT('',(-6.3,12.5023997696442,6.3));
#3122=CARTESIAN_POINT('',(-6.3,-12.5023997696442,6.3));
#3123=CARTESIAN_POINT('',(-6.3,-11.1000000129064,6.3));
#3124=CARTESIAN_POINT('',(0.,0.,6.3));
#3125=CARTESIAN_POINT('',(-6.3,-12.5023997696442,13.7));
#3126=CARTESIAN_POINT('',(-6.3,-13.5249664551916,13.7));
#3127=CARTESIAN_POINT('',(-6.3,-14.5307085067775,13.3585843721735));
#3128=CARTESIAN_POINT('',(-6.3,-16.0666728641337,12.0126453227637));
#3129=CARTESIAN_POINT('',(-6.3,-16.5384522466248,11.019340177004));
#3130=CARTESIAN_POINT('',(-6.3,-16.5432453348324,8.99705014107062));
#3131=CARTESIAN_POINT('',(-6.3,-16.075725883581,7.99923942367042));
#3132=CARTESIAN_POINT('',(-6.3,-14.538279811184,6.64414093128446));
#3133=CARTESIAN_POINT('',(-6.3,-13.5258486470827,6.3));
#3134=CARTESIAN_POINT('',(-6.3,-12.5023997696442,6.3));
#3135=CARTESIAN_POINT('',(-6.3,-12.5023997696442,13.7));
#3136=CARTESIAN_POINT('',(0.,0.,13.7));
#3137=CARTESIAN_POINT('',(-6.3,12.5023997696442,13.7));
#3138=CARTESIAN_POINT('',(-6.3,12.5023997696442,6.3));
#3139=CARTESIAN_POINT('',(-6.3,13.5249664551916,6.3));
#3140=CARTESIAN_POINT('',(-6.3,14.5307085067774,6.64141562782651));
#3141=CARTESIAN_POINT('',(-6.3,16.0666728641337,7.9873546772363));
#3142=CARTESIAN_POINT('',(-6.3,16.5384522466248,8.98065982299603));
#3143=CARTESIAN_POINT('',(-6.3,16.5432453348324,11.0029498589294));
#3144=CARTESIAN_POINT('',(-6.3,16.075725883581,12.0007605763296));
#3145=CARTESIAN_POINT('',(-6.3,14.538279811184,13.3558590687155));
#3146=CARTESIAN_POINT('',(-6.3,13.5258486470827,13.7));
#3147=CARTESIAN_POINT('',(-6.3,12.5023997696442,13.7));
#3148=CARTESIAN_POINT('',(0.,0.,10.));
#3149=CARTESIAN_POINT('',(-6.3,0.,13.7));
#3150=CARTESIAN_POINT('',(0.,0.,13.7));
#3151=CARTESIAN_POINT('',(-6.3,-0.0976002303557776,9.6));
#3152=CARTESIAN_POINT('',(-6.3,-0.0976002303557776,12.1));
#3153=CARTESIAN_POINT('',(-6.3,-11.1000000129064,3.99999999999999));
#3154=CARTESIAN_POINT('',(-6.3,-0.0976002303557776,9.6));
#3155=MECHANICAL_DESIGN_GEOMETRIC_PRESENTATION_REPRESENTATION('',(#24,#25,
#26,#27,#28),#3156);
#3156=(
GEOMETRIC_REPRESENTATION_CONTEXT(3)
GLOBAL_UNCERTAINTY_ASSIGNED_CONTEXT((#3157))
GLOBAL_UNIT_ASSIGNED_CONTEXT((#3163,#3159,#3158))
REPRESENTATION_CONTEXT('Balloon_Top_mold','TOP_LEVEL_ASSEMBLY_PART')
);
#3157=UNCERTAINTY_MEASURE_WITH_UNIT(LENGTH_MEASURE(0.0508),#3163,
'DISTANCE_ACCURACY_VALUE','Maximum Tolerance applied to model');
#3158=(
NAMED_UNIT(*)
SI_UNIT($,.STERADIAN.)
SOLID_ANGLE_UNIT()
);
#3159=(
CONVERSION_BASED_UNIT('DEGREE',#3161)
NAMED_UNIT(#3160)
PLANE_ANGLE_UNIT()
);
#3160=DIMENSIONAL_EXPONENTS(0.,0.,0.,0.,0.,0.,0.);
#3161=PLANE_ANGLE_MEASURE_WITH_UNIT(PLANE_ANGLE_MEASURE(0.0174532925),#3162);
#3162=(
NAMED_UNIT(*)
PLANE_ANGLE_UNIT()
SI_UNIT($,.RADIAN.)
);
#3163=(
LENGTH_UNIT()
NAMED_UNIT(*)
SI_UNIT(.MILLI.,.METRE.)
);
ENDSEC;
END-ISO-10303-21;
