ISO-10303-21;
HEADER;
/* Generated by software containing ST-Developer
 * from STEP Tools, Inc. (www.steptools.com) 
 */
/* OPTION: using custom schema-name function */

FILE_DESCRIPTION(
/* description */ (''),
/* implementation_level */ '2;1');

FILE_NAME(
/* name */ 'menstrual_cup_medium_without_balloon_mold.stp',
/* time_stamp */ '2026-09-08T16:05:52+02:00',
/* author */ (''),
/* organization */ (''),
/* preprocessor_version */ 'ST-DEVELOPER v20',
/* originating_system */ 'SIEMENS PLM Software NX2406.3002',
/* authorisation */ '');

FILE_SCHEMA (('AUTOMOTIVE_DESIGN { 1 0 10303 214 3 1 1 1 }'));
ENDSEC;

DATA;
#10=SHAPE_REPRESENTATION_RELATIONSHIP('None',
'relationship between menstrual_cup_medium_without_balloon_mold-None a
nd menstrual_cup_medium_without_balloon_mold-None',#22,#11);
#11=ADVANCED_BREP_SHAPE_REPRESENTATION(
'menstrual_cup_medium_without_balloon_mold-None',(#871,#872,#873,#874,#875,
#876),#5882);
#12=SHAPE_DEFINITION_REPRESENTATION(#13,#22);
#13=PRODUCT_DEFINITION_SHAPE('','',#14);
#14=PRODUCT_DEFINITION(' ','',#16,#15);
#15=PRODUCT_DEFINITION_CONTEXT('part definition',#21,'design');
#16=PRODUCT_DEFINITION_FORMATION_WITH_SPECIFIED_SOURCE(' ',' ',#18,
 .NOT_KNOWN.);
#17=PRODUCT_RELATED_PRODUCT_CATEGORY('part','',(#18));
#18=PRODUCT('menstrual_cup_medium_without_balloon_mold',
'menstrual_cup_medium_without_balloon_mold',' ',(#19));
#19=PRODUCT_CONTEXT(' ',#21,'mechanical');
#20=APPLICATION_PROTOCOL_DEFINITION('international standard',
'automotive_design',2010,#21);
#21=APPLICATION_CONTEXT(
'core data for automotive mechanical design processes');
#22=SHAPE_REPRESENTATION(
'menstrual_cup_medium_without_balloon_mold-None',(#3535),#5882);
#23=TOROIDAL_SURFACE('',#3724,20.5,2.5);
#24=TOROIDAL_SURFACE('',#3750,20.5,2.5);
#25=TOROIDAL_SURFACE('',#3771,20.5,2.5);
#26=TOROIDAL_SURFACE('',#3809,20.5,2.5);
#27=OVER_RIDING_STYLED_ITEM('',(#149),#1004,#142);
#28=OVER_RIDING_STYLED_ITEM('',(#150),#1005,#142);
#29=OVER_RIDING_STYLED_ITEM('',(#151),#1006,#142);
#30=OVER_RIDING_STYLED_ITEM('',(#152),#1007,#142);
#31=OVER_RIDING_STYLED_ITEM('',(#153),#1008,#142);
#32=OVER_RIDING_STYLED_ITEM('',(#154),#1009,#142);
#33=OVER_RIDING_STYLED_ITEM('',(#155),#1010,#142);
#34=OVER_RIDING_STYLED_ITEM('',(#156),#1011,#142);
#35=OVER_RIDING_STYLED_ITEM('',(#157),#1012,#142);
#36=OVER_RIDING_STYLED_ITEM('',(#158),#1013,#142);
#37=OVER_RIDING_STYLED_ITEM('',(#159),#1014,#142);
#38=OVER_RIDING_STYLED_ITEM('',(#160),#1015,#142);
#39=OVER_RIDING_STYLED_ITEM('',(#161),#1016,#142);
#40=OVER_RIDING_STYLED_ITEM('',(#162),#1017,#142);
#41=OVER_RIDING_STYLED_ITEM('',(#163),#1018,#142);
#42=OVER_RIDING_STYLED_ITEM('',(#164),#1019,#142);
#43=OVER_RIDING_STYLED_ITEM('',(#165),#1020,#142);
#44=OVER_RIDING_STYLED_ITEM('',(#166),#1021,#142);
#45=OVER_RIDING_STYLED_ITEM('',(#167),#1022,#142);
#46=OVER_RIDING_STYLED_ITEM('',(#168),#1023,#142);
#47=OVER_RIDING_STYLED_ITEM('',(#169),#1024,#142);
#48=OVER_RIDING_STYLED_ITEM('',(#170),#1025,#142);
#49=OVER_RIDING_STYLED_ITEM('',(#171),#1026,#142);
#50=OVER_RIDING_STYLED_ITEM('',(#172),#1027,#142);
#51=OVER_RIDING_STYLED_ITEM('',(#173),#1028,#142);
#52=OVER_RIDING_STYLED_ITEM('',(#174),#1029,#142);
#53=OVER_RIDING_STYLED_ITEM('',(#175),#1030,#142);
#54=OVER_RIDING_STYLED_ITEM('',(#176),#1031,#142);
#55=OVER_RIDING_STYLED_ITEM('',(#177),#1032,#142);
#56=OVER_RIDING_STYLED_ITEM('',(#178),#1033,#142);
#57=OVER_RIDING_STYLED_ITEM('',(#179),#1034,#142);
#58=OVER_RIDING_STYLED_ITEM('',(#180),#1035,#142);
#59=OVER_RIDING_STYLED_ITEM('',(#181),#1036,#142);
#60=OVER_RIDING_STYLED_ITEM('',(#182),#1037,#142);
#61=OVER_RIDING_STYLED_ITEM('',(#183),#1038,#142);
#62=OVER_RIDING_STYLED_ITEM('',(#184),#1039,#142);
#63=OVER_RIDING_STYLED_ITEM('',(#185),#1040,#142);
#64=OVER_RIDING_STYLED_ITEM('',(#186),#1041,#142);
#65=OVER_RIDING_STYLED_ITEM('',(#187),#1042,#142);
#66=OVER_RIDING_STYLED_ITEM('',(#189),#1048,#143);
#67=OVER_RIDING_STYLED_ITEM('',(#190),#1049,#143);
#68=OVER_RIDING_STYLED_ITEM('',(#191),#1050,#143);
#69=OVER_RIDING_STYLED_ITEM('',(#192),#1051,#143);
#70=OVER_RIDING_STYLED_ITEM('',(#193),#1052,#143);
#71=OVER_RIDING_STYLED_ITEM('',(#194),#1053,#143);
#72=OVER_RIDING_STYLED_ITEM('',(#195),#1054,#143);
#73=OVER_RIDING_STYLED_ITEM('',(#196),#1055,#143);
#74=OVER_RIDING_STYLED_ITEM('',(#197),#1056,#143);
#75=OVER_RIDING_STYLED_ITEM('',(#198),#1057,#143);
#76=OVER_RIDING_STYLED_ITEM('',(#199),#1058,#143);
#77=OVER_RIDING_STYLED_ITEM('',(#200),#1059,#143);
#78=OVER_RIDING_STYLED_ITEM('',(#201),#1060,#143);
#79=OVER_RIDING_STYLED_ITEM('',(#202),#1061,#143);
#80=OVER_RIDING_STYLED_ITEM('',(#203),#1062,#143);
#81=OVER_RIDING_STYLED_ITEM('',(#204),#1063,#143);
#82=OVER_RIDING_STYLED_ITEM('',(#205),#1064,#143);
#83=OVER_RIDING_STYLED_ITEM('',(#206),#1065,#143);
#84=OVER_RIDING_STYLED_ITEM('',(#207),#1066,#143);
#85=OVER_RIDING_STYLED_ITEM('',(#208),#1067,#143);
#86=OVER_RIDING_STYLED_ITEM('',(#209),#1068,#143);
#87=OVER_RIDING_STYLED_ITEM('',(#210),#1069,#143);
#88=OVER_RIDING_STYLED_ITEM('',(#211),#1070,#143);
#89=OVER_RIDING_STYLED_ITEM('',(#212),#1071,#143);
#90=OVER_RIDING_STYLED_ITEM('',(#213),#1072,#143);
#91=OVER_RIDING_STYLED_ITEM('',(#214),#1073,#143);
#92=OVER_RIDING_STYLED_ITEM('',(#215),#1074,#143);
#93=OVER_RIDING_STYLED_ITEM('',(#216),#1075,#143);
#94=OVER_RIDING_STYLED_ITEM('',(#217),#1076,#143);
#95=OVER_RIDING_STYLED_ITEM('',(#218),#1077,#143);
#96=OVER_RIDING_STYLED_ITEM('',(#219),#1078,#143);
#97=OVER_RIDING_STYLED_ITEM('',(#220),#1079,#143);
#98=OVER_RIDING_STYLED_ITEM('',(#221),#1080,#143);
#99=OVER_RIDING_STYLED_ITEM('',(#222),#1081,#143);
#100=OVER_RIDING_STYLED_ITEM('',(#223),#1082,#143);
#101=OVER_RIDING_STYLED_ITEM('',(#224),#1083,#143);
#102=OVER_RIDING_STYLED_ITEM('',(#225),#1084,#143);
#103=OVER_RIDING_STYLED_ITEM('',(#226),#1085,#143);
#104=OVER_RIDING_STYLED_ITEM('',(#227),#1086,#143);
#105=OVER_RIDING_STYLED_ITEM('',(#229),#1095,#144);
#106=OVER_RIDING_STYLED_ITEM('',(#230),#1096,#144);
#107=OVER_RIDING_STYLED_ITEM('',(#231),#1097,#144);
#108=OVER_RIDING_STYLED_ITEM('',(#232),#1101,#144);
#109=OVER_RIDING_STYLED_ITEM('',(#233),#1102,#144);
#110=OVER_RIDING_STYLED_ITEM('',(#235),#1108,#145);
#111=OVER_RIDING_STYLED_ITEM('',(#236),#1110,#145);
#112=OVER_RIDING_STYLED_ITEM('',(#237),#1111,#145);
#113=OVER_RIDING_STYLED_ITEM('',(#238),#1114,#145);
#114=OVER_RIDING_STYLED_ITEM('',(#239),#1115,#145);
#115=OVER_RIDING_STYLED_ITEM('',(#241),#1119,#146);
#116=OVER_RIDING_STYLED_ITEM('',(#242),#1120,#146);
#117=OVER_RIDING_STYLED_ITEM('',(#243),#1121,#146);
#118=OVER_RIDING_STYLED_ITEM('',(#244),#1122,#146);
#119=OVER_RIDING_STYLED_ITEM('',(#245),#1123,#146);
#120=OVER_RIDING_STYLED_ITEM('',(#246),#1124,#146);
#121=OVER_RIDING_STYLED_ITEM('',(#247),#1125,#146);
#122=OVER_RIDING_STYLED_ITEM('',(#248),#1126,#146);
#123=OVER_RIDING_STYLED_ITEM('',(#249),#1127,#146);
#124=OVER_RIDING_STYLED_ITEM('',(#250),#1128,#146);
#125=OVER_RIDING_STYLED_ITEM('',(#251),#1129,#146);
#126=OVER_RIDING_STYLED_ITEM('',(#252),#1130,#146);
#127=OVER_RIDING_STYLED_ITEM('',(#253),#1131,#146);
#128=OVER_RIDING_STYLED_ITEM('',(#255),#1138,#147);
#129=OVER_RIDING_STYLED_ITEM('',(#256),#1139,#147);
#130=OVER_RIDING_STYLED_ITEM('',(#257),#1140,#147);
#131=OVER_RIDING_STYLED_ITEM('',(#258),#1141,#147);
#132=OVER_RIDING_STYLED_ITEM('',(#259),#1142,#147);
#133=OVER_RIDING_STYLED_ITEM('',(#260),#1143,#147);
#134=OVER_RIDING_STYLED_ITEM('',(#261),#1144,#147);
#135=OVER_RIDING_STYLED_ITEM('',(#262),#1145,#147);
#136=OVER_RIDING_STYLED_ITEM('',(#263),#1146,#147);
#137=OVER_RIDING_STYLED_ITEM('',(#264),#1147,#147);
#138=OVER_RIDING_STYLED_ITEM('',(#265),#1148,#147);
#139=OVER_RIDING_STYLED_ITEM('',(#266),#1149,#147);
#140=OVER_RIDING_STYLED_ITEM('',(#267),#1150,#147);
#141=PRESENTATION_LAYER_ASSIGNMENT('1','Layer 1',(#871,#872,#873,#874,#875,
#876));
#142=STYLED_ITEM('',(#148),#871);
#143=STYLED_ITEM('',(#188),#872);
#144=STYLED_ITEM('',(#228),#873);
#145=STYLED_ITEM('',(#234),#874);
#146=STYLED_ITEM('',(#240),#875);
#147=STYLED_ITEM('',(#254),#876);
#148=PRESENTATION_STYLE_ASSIGNMENT((#268));
#149=PRESENTATION_STYLE_ASSIGNMENT((#269));
#150=PRESENTATION_STYLE_ASSIGNMENT((#270));
#151=PRESENTATION_STYLE_ASSIGNMENT((#271));
#152=PRESENTATION_STYLE_ASSIGNMENT((#272));
#153=PRESENTATION_STYLE_ASSIGNMENT((#273));
#154=PRESENTATION_STYLE_ASSIGNMENT((#274));
#155=PRESENTATION_STYLE_ASSIGNMENT((#275));
#156=PRESENTATION_STYLE_ASSIGNMENT((#276));
#157=PRESENTATION_STYLE_ASSIGNMENT((#277));
#158=PRESENTATION_STYLE_ASSIGNMENT((#278));
#159=PRESENTATION_STYLE_ASSIGNMENT((#279));
#160=PRESENTATION_STYLE_ASSIGNMENT((#280));
#161=PRESENTATION_STYLE_ASSIGNMENT((#281));
#162=PRESENTATION_STYLE_ASSIGNMENT((#282));
#163=PRESENTATION_STYLE_ASSIGNMENT((#283));
#164=PRESENTATION_STYLE_ASSIGNMENT((#284));
#165=PRESENTATION_STYLE_ASSIGNMENT((#285));
#166=PRESENTATION_STYLE_ASSIGNMENT((#286));
#167=PRESENTATION_STYLE_ASSIGNMENT((#287));
#168=PRESENTATION_STYLE_ASSIGNMENT((#288));
#169=PRESENTATION_STYLE_ASSIGNMENT((#289));
#170=PRESENTATION_STYLE_ASSIGNMENT((#290));
#171=PRESENTATION_STYLE_ASSIGNMENT((#291));
#172=PRESENTATION_STYLE_ASSIGNMENT((#292));
#173=PRESENTATION_STYLE_ASSIGNMENT((#293));
#174=PRESENTATION_STYLE_ASSIGNMENT((#294));
#175=PRESENTATION_STYLE_ASSIGNMENT((#295));
#176=PRESENTATION_STYLE_ASSIGNMENT((#296));
#177=PRESENTATION_STYLE_ASSIGNMENT((#297));
#178=PRESENTATION_STYLE_ASSIGNMENT((#298));
#179=PRESENTATION_STYLE_ASSIGNMENT((#299));
#180=PRESENTATION_STYLE_ASSIGNMENT((#300));
#181=PRESENTATION_STYLE_ASSIGNMENT((#301));
#182=PRESENTATION_STYLE_ASSIGNMENT((#302));
#183=PRESENTATION_STYLE_ASSIGNMENT((#303));
#184=PRESENTATION_STYLE_ASSIGNMENT((#304));
#185=PRESENTATION_STYLE_ASSIGNMENT((#305));
#186=PRESENTATION_STYLE_ASSIGNMENT((#306));
#187=PRESENTATION_STYLE_ASSIGNMENT((#307));
#188=PRESENTATION_STYLE_ASSIGNMENT((#308));
#189=PRESENTATION_STYLE_ASSIGNMENT((#309));
#190=PRESENTATION_STYLE_ASSIGNMENT((#310));
#191=PRESENTATION_STYLE_ASSIGNMENT((#311));
#192=PRESENTATION_STYLE_ASSIGNMENT((#312));
#193=PRESENTATION_STYLE_ASSIGNMENT((#313));
#194=PRESENTATION_STYLE_ASSIGNMENT((#314));
#195=PRESENTATION_STYLE_ASSIGNMENT((#315));
#196=PRESENTATION_STYLE_ASSIGNMENT((#316));
#197=PRESENTATION_STYLE_ASSIGNMENT((#317));
#198=PRESENTATION_STYLE_ASSIGNMENT((#318));
#199=PRESENTATION_STYLE_ASSIGNMENT((#319));
#200=PRESENTATION_STYLE_ASSIGNMENT((#320));
#201=PRESENTATION_STYLE_ASSIGNMENT((#321));
#202=PRESENTATION_STYLE_ASSIGNMENT((#322));
#203=PRESENTATION_STYLE_ASSIGNMENT((#323));
#204=PRESENTATION_STYLE_ASSIGNMENT((#324));
#205=PRESENTATION_STYLE_ASSIGNMENT((#325));
#206=PRESENTATION_STYLE_ASSIGNMENT((#326));
#207=PRESENTATION_STYLE_ASSIGNMENT((#327));
#208=PRESENTATION_STYLE_ASSIGNMENT((#328));
#209=PRESENTATION_STYLE_ASSIGNMENT((#329));
#210=PRESENTATION_STYLE_ASSIGNMENT((#330));
#211=PRESENTATION_STYLE_ASSIGNMENT((#331));
#212=PRESENTATION_STYLE_ASSIGNMENT((#332));
#213=PRESENTATION_STYLE_ASSIGNMENT((#333));
#214=PRESENTATION_STYLE_ASSIGNMENT((#334));
#215=PRESENTATION_STYLE_ASSIGNMENT((#335));
#216=PRESENTATION_STYLE_ASSIGNMENT((#336));
#217=PRESENTATION_STYLE_ASSIGNMENT((#337));
#218=PRESENTATION_STYLE_ASSIGNMENT((#338));
#219=PRESENTATION_STYLE_ASSIGNMENT((#339));
#220=PRESENTATION_STYLE_ASSIGNMENT((#340));
#221=PRESENTATION_STYLE_ASSIGNMENT((#341));
#222=PRESENTATION_STYLE_ASSIGNMENT((#342));
#223=PRESENTATION_STYLE_ASSIGNMENT((#343));
#224=PRESENTATION_STYLE_ASSIGNMENT((#344));
#225=PRESENTATION_STYLE_ASSIGNMENT((#345));
#226=PRESENTATION_STYLE_ASSIGNMENT((#346));
#227=PRESENTATION_STYLE_ASSIGNMENT((#347));
#228=PRESENTATION_STYLE_ASSIGNMENT((#348));
#229=PRESENTATION_STYLE_ASSIGNMENT((#349));
#230=PRESENTATION_STYLE_ASSIGNMENT((#350));
#231=PRESENTATION_STYLE_ASSIGNMENT((#351));
#232=PRESENTATION_STYLE_ASSIGNMENT((#352));
#233=PRESENTATION_STYLE_ASSIGNMENT((#353));
#234=PRESENTATION_STYLE_ASSIGNMENT((#354));
#235=PRESENTATION_STYLE_ASSIGNMENT((#355));
#236=PRESENTATION_STYLE_ASSIGNMENT((#356));
#237=PRESENTATION_STYLE_ASSIGNMENT((#357));
#238=PRESENTATION_STYLE_ASSIGNMENT((#358));
#239=PRESENTATION_STYLE_ASSIGNMENT((#359));
#240=PRESENTATION_STYLE_ASSIGNMENT((#360));
#241=PRESENTATION_STYLE_ASSIGNMENT((#361));
#242=PRESENTATION_STYLE_ASSIGNMENT((#362));
#243=PRESENTATION_STYLE_ASSIGNMENT((#363));
#244=PRESENTATION_STYLE_ASSIGNMENT((#364));
#245=PRESENTATION_STYLE_ASSIGNMENT((#365));
#246=PRESENTATION_STYLE_ASSIGNMENT((#366));
#247=PRESENTATION_STYLE_ASSIGNMENT((#367));
#248=PRESENTATION_STYLE_ASSIGNMENT((#368));
#249=PRESENTATION_STYLE_ASSIGNMENT((#369));
#250=PRESENTATION_STYLE_ASSIGNMENT((#370));
#251=PRESENTATION_STYLE_ASSIGNMENT((#371));
#252=PRESENTATION_STYLE_ASSIGNMENT((#372));
#253=PRESENTATION_STYLE_ASSIGNMENT((#373));
#254=PRESENTATION_STYLE_ASSIGNMENT((#374));
#255=PRESENTATION_STYLE_ASSIGNMENT((#375));
#256=PRESENTATION_STYLE_ASSIGNMENT((#376));
#257=PRESENTATION_STYLE_ASSIGNMENT((#377));
#258=PRESENTATION_STYLE_ASSIGNMENT((#378));
#259=PRESENTATION_STYLE_ASSIGNMENT((#379));
#260=PRESENTATION_STYLE_ASSIGNMENT((#380));
#261=PRESENTATION_STYLE_ASSIGNMENT((#381));
#262=PRESENTATION_STYLE_ASSIGNMENT((#382));
#263=PRESENTATION_STYLE_ASSIGNMENT((#383));
#264=PRESENTATION_STYLE_ASSIGNMENT((#384));
#265=PRESENTATION_STYLE_ASSIGNMENT((#385));
#266=PRESENTATION_STYLE_ASSIGNMENT((#386));
#267=PRESENTATION_STYLE_ASSIGNMENT((#387));
#268=SURFACE_STYLE_USAGE(.BOTH.,#388);
#269=SURFACE_STYLE_USAGE(.BOTH.,#389);
#270=SURFACE_STYLE_USAGE(.BOTH.,#390);
#271=SURFACE_STYLE_USAGE(.BOTH.,#391);
#272=SURFACE_STYLE_USAGE(.BOTH.,#392);
#273=SURFACE_STYLE_USAGE(.BOTH.,#393);
#274=SURFACE_STYLE_USAGE(.BOTH.,#394);
#275=SURFACE_STYLE_USAGE(.BOTH.,#395);
#276=SURFACE_STYLE_USAGE(.BOTH.,#396);
#277=SURFACE_STYLE_USAGE(.BOTH.,#397);
#278=SURFACE_STYLE_USAGE(.BOTH.,#398);
#279=SURFACE_STYLE_USAGE(.BOTH.,#399);
#280=SURFACE_STYLE_USAGE(.BOTH.,#400);
#281=SURFACE_STYLE_USAGE(.BOTH.,#401);
#282=SURFACE_STYLE_USAGE(.BOTH.,#402);
#283=SURFACE_STYLE_USAGE(.BOTH.,#403);
#284=SURFACE_STYLE_USAGE(.BOTH.,#404);
#285=SURFACE_STYLE_USAGE(.BOTH.,#405);
#286=SURFACE_STYLE_USAGE(.BOTH.,#406);
#287=SURFACE_STYLE_USAGE(.BOTH.,#407);
#288=SURFACE_STYLE_USAGE(.BOTH.,#408);
#289=SURFACE_STYLE_USAGE(.BOTH.,#409);
#290=SURFACE_STYLE_USAGE(.BOTH.,#410);
#291=SURFACE_STYLE_USAGE(.BOTH.,#411);
#292=SURFACE_STYLE_USAGE(.BOTH.,#412);
#293=SURFACE_STYLE_USAGE(.BOTH.,#413);
#294=SURFACE_STYLE_USAGE(.BOTH.,#414);
#295=SURFACE_STYLE_USAGE(.BOTH.,#415);
#296=SURFACE_STYLE_USAGE(.BOTH.,#416);
#297=SURFACE_STYLE_USAGE(.BOTH.,#417);
#298=SURFACE_STYLE_USAGE(.BOTH.,#418);
#299=SURFACE_STYLE_USAGE(.BOTH.,#419);
#300=SURFACE_STYLE_USAGE(.BOTH.,#420);
#301=SURFACE_STYLE_USAGE(.BOTH.,#421);
#302=SURFACE_STYLE_USAGE(.BOTH.,#422);
#303=SURFACE_STYLE_USAGE(.BOTH.,#423);
#304=SURFACE_STYLE_USAGE(.BOTH.,#424);
#305=SURFACE_STYLE_USAGE(.BOTH.,#425);
#306=SURFACE_STYLE_USAGE(.BOTH.,#426);
#307=SURFACE_STYLE_USAGE(.BOTH.,#427);
#308=SURFACE_STYLE_USAGE(.BOTH.,#428);
#309=SURFACE_STYLE_USAGE(.BOTH.,#429);
#310=SURFACE_STYLE_USAGE(.BOTH.,#430);
#311=SURFACE_STYLE_USAGE(.BOTH.,#431);
#312=SURFACE_STYLE_USAGE(.BOTH.,#432);
#313=SURFACE_STYLE_USAGE(.BOTH.,#433);
#314=SURFACE_STYLE_USAGE(.BOTH.,#434);
#315=SURFACE_STYLE_USAGE(.BOTH.,#435);
#316=SURFACE_STYLE_USAGE(.BOTH.,#436);
#317=SURFACE_STYLE_USAGE(.BOTH.,#437);
#318=SURFACE_STYLE_USAGE(.BOTH.,#438);
#319=SURFACE_STYLE_USAGE(.BOTH.,#439);
#320=SURFACE_STYLE_USAGE(.BOTH.,#440);
#321=SURFACE_STYLE_USAGE(.BOTH.,#441);
#322=SURFACE_STYLE_USAGE(.BOTH.,#442);
#323=SURFACE_STYLE_USAGE(.BOTH.,#443);
#324=SURFACE_STYLE_USAGE(.BOTH.,#444);
#325=SURFACE_STYLE_USAGE(.BOTH.,#445);
#326=SURFACE_STYLE_USAGE(.BOTH.,#446);
#327=SURFACE_STYLE_USAGE(.BOTH.,#447);
#328=SURFACE_STYLE_USAGE(.BOTH.,#448);
#329=SURFACE_STYLE_USAGE(.BOTH.,#449);
#330=SURFACE_STYLE_USAGE(.BOTH.,#450);
#331=SURFACE_STYLE_USAGE(.BOTH.,#451);
#332=SURFACE_STYLE_USAGE(.BOTH.,#452);
#333=SURFACE_STYLE_USAGE(.BOTH.,#453);
#334=SURFACE_STYLE_USAGE(.BOTH.,#454);
#335=SURFACE_STYLE_USAGE(.BOTH.,#455);
#336=SURFACE_STYLE_USAGE(.BOTH.,#456);
#337=SURFACE_STYLE_USAGE(.BOTH.,#457);
#338=SURFACE_STYLE_USAGE(.BOTH.,#458);
#339=SURFACE_STYLE_USAGE(.BOTH.,#459);
#340=SURFACE_STYLE_USAGE(.BOTH.,#460);
#341=SURFACE_STYLE_USAGE(.BOTH.,#461);
#342=SURFACE_STYLE_USAGE(.BOTH.,#462);
#343=SURFACE_STYLE_USAGE(.BOTH.,#463);
#344=SURFACE_STYLE_USAGE(.BOTH.,#464);
#345=SURFACE_STYLE_USAGE(.BOTH.,#465);
#346=SURFACE_STYLE_USAGE(.BOTH.,#466);
#347=SURFACE_STYLE_USAGE(.BOTH.,#467);
#348=SURFACE_STYLE_USAGE(.BOTH.,#468);
#349=SURFACE_STYLE_USAGE(.BOTH.,#469);
#350=SURFACE_STYLE_USAGE(.BOTH.,#470);
#351=SURFACE_STYLE_USAGE(.BOTH.,#471);
#352=SURFACE_STYLE_USAGE(.BOTH.,#472);
#353=SURFACE_STYLE_USAGE(.BOTH.,#473);
#354=SURFACE_STYLE_USAGE(.BOTH.,#474);
#355=SURFACE_STYLE_USAGE(.BOTH.,#475);
#356=SURFACE_STYLE_USAGE(.BOTH.,#476);
#357=SURFACE_STYLE_USAGE(.BOTH.,#477);
#358=SURFACE_STYLE_USAGE(.BOTH.,#478);
#359=SURFACE_STYLE_USAGE(.BOTH.,#479);
#360=SURFACE_STYLE_USAGE(.BOTH.,#480);
#361=SURFACE_STYLE_USAGE(.BOTH.,#481);
#362=SURFACE_STYLE_USAGE(.BOTH.,#482);
#363=SURFACE_STYLE_USAGE(.BOTH.,#483);
#364=SURFACE_STYLE_USAGE(.BOTH.,#484);
#365=SURFACE_STYLE_USAGE(.BOTH.,#485);
#366=SURFACE_STYLE_USAGE(.BOTH.,#486);
#367=SURFACE_STYLE_USAGE(.BOTH.,#487);
#368=SURFACE_STYLE_USAGE(.BOTH.,#488);
#369=SURFACE_STYLE_USAGE(.BOTH.,#489);
#370=SURFACE_STYLE_USAGE(.BOTH.,#490);
#371=SURFACE_STYLE_USAGE(.BOTH.,#491);
#372=SURFACE_STYLE_USAGE(.BOTH.,#492);
#373=SURFACE_STYLE_USAGE(.BOTH.,#493);
#374=SURFACE_STYLE_USAGE(.BOTH.,#494);
#375=SURFACE_STYLE_USAGE(.BOTH.,#495);
#376=SURFACE_STYLE_USAGE(.BOTH.,#496);
#377=SURFACE_STYLE_USAGE(.BOTH.,#497);
#378=SURFACE_STYLE_USAGE(.BOTH.,#498);
#379=SURFACE_STYLE_USAGE(.BOTH.,#499);
#380=SURFACE_STYLE_USAGE(.BOTH.,#500);
#381=SURFACE_STYLE_USAGE(.BOTH.,#501);
#382=SURFACE_STYLE_USAGE(.BOTH.,#502);
#383=SURFACE_STYLE_USAGE(.BOTH.,#503);
#384=SURFACE_STYLE_USAGE(.BOTH.,#504);
#385=SURFACE_STYLE_USAGE(.BOTH.,#505);
#386=SURFACE_STYLE_USAGE(.BOTH.,#506);
#387=SURFACE_STYLE_USAGE(.BOTH.,#507);
#388=SURFACE_SIDE_STYLE('',(#508));
#389=SURFACE_SIDE_STYLE('',(#509));
#390=SURFACE_SIDE_STYLE('',(#510));
#391=SURFACE_SIDE_STYLE('',(#511));
#392=SURFACE_SIDE_STYLE('',(#512));
#393=SURFACE_SIDE_STYLE('',(#513));
#394=SURFACE_SIDE_STYLE('',(#514));
#395=SURFACE_SIDE_STYLE('',(#515));
#396=SURFACE_SIDE_STYLE('',(#516));
#397=SURFACE_SIDE_STYLE('',(#517));
#398=SURFACE_SIDE_STYLE('',(#518));
#399=SURFACE_SIDE_STYLE('',(#519));
#400=SURFACE_SIDE_STYLE('',(#520));
#401=SURFACE_SIDE_STYLE('',(#521));
#402=SURFACE_SIDE_STYLE('',(#522));
#403=SURFACE_SIDE_STYLE('',(#523));
#404=SURFACE_SIDE_STYLE('',(#524));
#405=SURFACE_SIDE_STYLE('',(#525));
#406=SURFACE_SIDE_STYLE('',(#526));
#407=SURFACE_SIDE_STYLE('',(#527));
#408=SURFACE_SIDE_STYLE('',(#528));
#409=SURFACE_SIDE_STYLE('',(#529));
#410=SURFACE_SIDE_STYLE('',(#530));
#411=SURFACE_SIDE_STYLE('',(#531));
#412=SURFACE_SIDE_STYLE('',(#532));
#413=SURFACE_SIDE_STYLE('',(#533));
#414=SURFACE_SIDE_STYLE('',(#534));
#415=SURFACE_SIDE_STYLE('',(#535));
#416=SURFACE_SIDE_STYLE('',(#536));
#417=SURFACE_SIDE_STYLE('',(#537));
#418=SURFACE_SIDE_STYLE('',(#538));
#419=SURFACE_SIDE_STYLE('',(#539));
#420=SURFACE_SIDE_STYLE('',(#540));
#421=SURFACE_SIDE_STYLE('',(#541));
#422=SURFACE_SIDE_STYLE('',(#542));
#423=SURFACE_SIDE_STYLE('',(#543));
#424=SURFACE_SIDE_STYLE('',(#544));
#425=SURFACE_SIDE_STYLE('',(#545));
#426=SURFACE_SIDE_STYLE('',(#546));
#427=SURFACE_SIDE_STYLE('',(#547));
#428=SURFACE_SIDE_STYLE('',(#548));
#429=SURFACE_SIDE_STYLE('',(#549));
#430=SURFACE_SIDE_STYLE('',(#550));
#431=SURFACE_SIDE_STYLE('',(#551));
#432=SURFACE_SIDE_STYLE('',(#552));
#433=SURFACE_SIDE_STYLE('',(#553));
#434=SURFACE_SIDE_STYLE('',(#554));
#435=SURFACE_SIDE_STYLE('',(#555));
#436=SURFACE_SIDE_STYLE('',(#556));
#437=SURFACE_SIDE_STYLE('',(#557));
#438=SURFACE_SIDE_STYLE('',(#558));
#439=SURFACE_SIDE_STYLE('',(#559));
#440=SURFACE_SIDE_STYLE('',(#560));
#441=SURFACE_SIDE_STYLE('',(#561));
#442=SURFACE_SIDE_STYLE('',(#562));
#443=SURFACE_SIDE_STYLE('',(#563));
#444=SURFACE_SIDE_STYLE('',(#564));
#445=SURFACE_SIDE_STYLE('',(#565));
#446=SURFACE_SIDE_STYLE('',(#566));
#447=SURFACE_SIDE_STYLE('',(#567));
#448=SURFACE_SIDE_STYLE('',(#568));
#449=SURFACE_SIDE_STYLE('',(#569));
#450=SURFACE_SIDE_STYLE('',(#570));
#451=SURFACE_SIDE_STYLE('',(#571));
#452=SURFACE_SIDE_STYLE('',(#572));
#453=SURFACE_SIDE_STYLE('',(#573));
#454=SURFACE_SIDE_STYLE('',(#574));
#455=SURFACE_SIDE_STYLE('',(#575));
#456=SURFACE_SIDE_STYLE('',(#576));
#457=SURFACE_SIDE_STYLE('',(#577));
#458=SURFACE_SIDE_STYLE('',(#578));
#459=SURFACE_SIDE_STYLE('',(#579));
#460=SURFACE_SIDE_STYLE('',(#580));
#461=SURFACE_SIDE_STYLE('',(#581));
#462=SURFACE_SIDE_STYLE('',(#582));
#463=SURFACE_SIDE_STYLE('',(#583));
#464=SURFACE_SIDE_STYLE('',(#584));
#465=SURFACE_SIDE_STYLE('',(#585));
#466=SURFACE_SIDE_STYLE('',(#586));
#467=SURFACE_SIDE_STYLE('',(#587));
#468=SURFACE_SIDE_STYLE('',(#588));
#469=SURFACE_SIDE_STYLE('',(#589));
#470=SURFACE_SIDE_STYLE('',(#590));
#471=SURFACE_SIDE_STYLE('',(#591));
#472=SURFACE_SIDE_STYLE('',(#592));
#473=SURFACE_SIDE_STYLE('',(#593));
#474=SURFACE_SIDE_STYLE('',(#594));
#475=SURFACE_SIDE_STYLE('',(#595));
#476=SURFACE_SIDE_STYLE('',(#596));
#477=SURFACE_SIDE_STYLE('',(#597));
#478=SURFACE_SIDE_STYLE('',(#598));
#479=SURFACE_SIDE_STYLE('',(#599));
#480=SURFACE_SIDE_STYLE('',(#600));
#481=SURFACE_SIDE_STYLE('',(#601));
#482=SURFACE_SIDE_STYLE('',(#602));
#483=SURFACE_SIDE_STYLE('',(#603));
#484=SURFACE_SIDE_STYLE('',(#604));
#485=SURFACE_SIDE_STYLE('',(#605));
#486=SURFACE_SIDE_STYLE('',(#606));
#487=SURFACE_SIDE_STYLE('',(#607));
#488=SURFACE_SIDE_STYLE('',(#608));
#489=SURFACE_SIDE_STYLE('',(#609));
#490=SURFACE_SIDE_STYLE('',(#610));
#491=SURFACE_SIDE_STYLE('',(#611));
#492=SURFACE_SIDE_STYLE('',(#612));
#493=SURFACE_SIDE_STYLE('',(#613));
#494=SURFACE_SIDE_STYLE('',(#614));
#495=SURFACE_SIDE_STYLE('',(#615));
#496=SURFACE_SIDE_STYLE('',(#616));
#497=SURFACE_SIDE_STYLE('',(#617));
#498=SURFACE_SIDE_STYLE('',(#618));
#499=SURFACE_SIDE_STYLE('',(#619));
#500=SURFACE_SIDE_STYLE('',(#620));
#501=SURFACE_SIDE_STYLE('',(#621));
#502=SURFACE_SIDE_STYLE('',(#622));
#503=SURFACE_SIDE_STYLE('',(#623));
#504=SURFACE_SIDE_STYLE('',(#624));
#505=SURFACE_SIDE_STYLE('',(#625));
#506=SURFACE_SIDE_STYLE('',(#626));
#507=SURFACE_SIDE_STYLE('',(#627));
#508=SURFACE_STYLE_FILL_AREA(#628);
#509=SURFACE_STYLE_FILL_AREA(#629);
#510=SURFACE_STYLE_FILL_AREA(#630);
#511=SURFACE_STYLE_FILL_AREA(#631);
#512=SURFACE_STYLE_FILL_AREA(#632);
#513=SURFACE_STYLE_FILL_AREA(#633);
#514=SURFACE_STYLE_FILL_AREA(#634);
#515=SURFACE_STYLE_FILL_AREA(#635);
#516=SURFACE_STYLE_FILL_AREA(#636);
#517=SURFACE_STYLE_FILL_AREA(#637);
#518=SURFACE_STYLE_FILL_AREA(#638);
#519=SURFACE_STYLE_FILL_AREA(#639);
#520=SURFACE_STYLE_FILL_AREA(#640);
#521=SURFACE_STYLE_FILL_AREA(#641);
#522=SURFACE_STYLE_FILL_AREA(#642);
#523=SURFACE_STYLE_FILL_AREA(#643);
#524=SURFACE_STYLE_FILL_AREA(#644);
#525=SURFACE_STYLE_FILL_AREA(#645);
#526=SURFACE_STYLE_FILL_AREA(#646);
#527=SURFACE_STYLE_FILL_AREA(#647);
#528=SURFACE_STYLE_FILL_AREA(#648);
#529=SURFACE_STYLE_FILL_AREA(#649);
#530=SURFACE_STYLE_FILL_AREA(#650);
#531=SURFACE_STYLE_FILL_AREA(#651);
#532=SURFACE_STYLE_FILL_AREA(#652);
#533=SURFACE_STYLE_FILL_AREA(#653);
#534=SURFACE_STYLE_FILL_AREA(#654);
#535=SURFACE_STYLE_FILL_AREA(#655);
#536=SURFACE_STYLE_FILL_AREA(#656);
#537=SURFACE_STYLE_FILL_AREA(#657);
#538=SURFACE_STYLE_FILL_AREA(#658);
#539=SURFACE_STYLE_FILL_AREA(#659);
#540=SURFACE_STYLE_FILL_AREA(#660);
#541=SURFACE_STYLE_FILL_AREA(#661);
#542=SURFACE_STYLE_FILL_AREA(#662);
#543=SURFACE_STYLE_FILL_AREA(#663);
#544=SURFACE_STYLE_FILL_AREA(#664);
#545=SURFACE_STYLE_FILL_AREA(#665);
#546=SURFACE_STYLE_FILL_AREA(#666);
#547=SURFACE_STYLE_FILL_AREA(#667);
#548=SURFACE_STYLE_FILL_AREA(#668);
#549=SURFACE_STYLE_FILL_AREA(#669);
#550=SURFACE_STYLE_FILL_AREA(#670);
#551=SURFACE_STYLE_FILL_AREA(#671);
#552=SURFACE_STYLE_FILL_AREA(#672);
#553=SURFACE_STYLE_FILL_AREA(#673);
#554=SURFACE_STYLE_FILL_AREA(#674);
#555=SURFACE_STYLE_FILL_AREA(#675);
#556=SURFACE_STYLE_FILL_AREA(#676);
#557=SURFACE_STYLE_FILL_AREA(#677);
#558=SURFACE_STYLE_FILL_AREA(#678);
#559=SURFACE_STYLE_FILL_AREA(#679);
#560=SURFACE_STYLE_FILL_AREA(#680);
#561=SURFACE_STYLE_FILL_AREA(#681);
#562=SURFACE_STYLE_FILL_AREA(#682);
#563=SURFACE_STYLE_FILL_AREA(#683);
#564=SURFACE_STYLE_FILL_AREA(#684);
#565=SURFACE_STYLE_FILL_AREA(#685);
#566=SURFACE_STYLE_FILL_AREA(#686);
#567=SURFACE_STYLE_FILL_AREA(#687);
#568=SURFACE_STYLE_FILL_AREA(#688);
#569=SURFACE_STYLE_FILL_AREA(#689);
#570=SURFACE_STYLE_FILL_AREA(#690);
#571=SURFACE_STYLE_FILL_AREA(#691);
#572=SURFACE_STYLE_FILL_AREA(#692);
#573=SURFACE_STYLE_FILL_AREA(#693);
#574=SURFACE_STYLE_FILL_AREA(#694);
#575=SURFACE_STYLE_FILL_AREA(#695);
#576=SURFACE_STYLE_FILL_AREA(#696);
#577=SURFACE_STYLE_FILL_AREA(#697);
#578=SURFACE_STYLE_FILL_AREA(#698);
#579=SURFACE_STYLE_FILL_AREA(#699);
#580=SURFACE_STYLE_FILL_AREA(#700);
#581=SURFACE_STYLE_FILL_AREA(#701);
#582=SURFACE_STYLE_FILL_AREA(#702);
#583=SURFACE_STYLE_FILL_AREA(#703);
#584=SURFACE_STYLE_FILL_AREA(#704);
#585=SURFACE_STYLE_FILL_AREA(#705);
#586=SURFACE_STYLE_FILL_AREA(#706);
#587=SURFACE_STYLE_FILL_AREA(#707);
#588=SURFACE_STYLE_FILL_AREA(#708);
#589=SURFACE_STYLE_FILL_AREA(#709);
#590=SURFACE_STYLE_FILL_AREA(#710);
#591=SURFACE_STYLE_FILL_AREA(#711);
#592=SURFACE_STYLE_FILL_AREA(#712);
#593=SURFACE_STYLE_FILL_AREA(#713);
#594=SURFACE_STYLE_FILL_AREA(#714);
#595=SURFACE_STYLE_FILL_AREA(#715);
#596=SURFACE_STYLE_FILL_AREA(#716);
#597=SURFACE_STYLE_FILL_AREA(#717);
#598=SURFACE_STYLE_FILL_AREA(#718);
#599=SURFACE_STYLE_FILL_AREA(#719);
#600=SURFACE_STYLE_FILL_AREA(#720);
#601=SURFACE_STYLE_FILL_AREA(#721);
#602=SURFACE_STYLE_FILL_AREA(#722);
#603=SURFACE_STYLE_FILL_AREA(#723);
#604=SURFACE_STYLE_FILL_AREA(#724);
#605=SURFACE_STYLE_FILL_AREA(#725);
#606=SURFACE_STYLE_FILL_AREA(#726);
#607=SURFACE_STYLE_FILL_AREA(#727);
#608=SURFACE_STYLE_FILL_AREA(#728);
#609=SURFACE_STYLE_FILL_AREA(#729);
#610=SURFACE_STYLE_FILL_AREA(#730);
#611=SURFACE_STYLE_FILL_AREA(#731);
#612=SURFACE_STYLE_FILL_AREA(#732);
#613=SURFACE_STYLE_FILL_AREA(#733);
#614=SURFACE_STYLE_FILL_AREA(#734);
#615=SURFACE_STYLE_FILL_AREA(#735);
#616=SURFACE_STYLE_FILL_AREA(#736);
#617=SURFACE_STYLE_FILL_AREA(#737);
#618=SURFACE_STYLE_FILL_AREA(#738);
#619=SURFACE_STYLE_FILL_AREA(#739);
#620=SURFACE_STYLE_FILL_AREA(#740);
#621=SURFACE_STYLE_FILL_AREA(#741);
#622=SURFACE_STYLE_FILL_AREA(#742);
#623=SURFACE_STYLE_FILL_AREA(#743);
#624=SURFACE_STYLE_FILL_AREA(#744);
#625=SURFACE_STYLE_FILL_AREA(#745);
#626=SURFACE_STYLE_FILL_AREA(#746);
#627=SURFACE_STYLE_FILL_AREA(#747);
#628=FILL_AREA_STYLE('',(#748));
#629=FILL_AREA_STYLE('',(#749));
#630=FILL_AREA_STYLE('',(#750));
#631=FILL_AREA_STYLE('',(#751));
#632=FILL_AREA_STYLE('',(#752));
#633=FILL_AREA_STYLE('',(#753));
#634=FILL_AREA_STYLE('',(#754));
#635=FILL_AREA_STYLE('',(#755));
#636=FILL_AREA_STYLE('',(#756));
#637=FILL_AREA_STYLE('',(#757));
#638=FILL_AREA_STYLE('',(#758));
#639=FILL_AREA_STYLE('',(#759));
#640=FILL_AREA_STYLE('',(#760));
#641=FILL_AREA_STYLE('',(#761));
#642=FILL_AREA_STYLE('',(#762));
#643=FILL_AREA_STYLE('',(#763));
#644=FILL_AREA_STYLE('',(#764));
#645=FILL_AREA_STYLE('',(#765));
#646=FILL_AREA_STYLE('',(#766));
#647=FILL_AREA_STYLE('',(#767));
#648=FILL_AREA_STYLE('',(#768));
#649=FILL_AREA_STYLE('',(#769));
#650=FILL_AREA_STYLE('',(#770));
#651=FILL_AREA_STYLE('',(#771));
#652=FILL_AREA_STYLE('',(#772));
#653=FILL_AREA_STYLE('',(#773));
#654=FILL_AREA_STYLE('',(#774));
#655=FILL_AREA_STYLE('',(#775));
#656=FILL_AREA_STYLE('',(#776));
#657=FILL_AREA_STYLE('',(#777));
#658=FILL_AREA_STYLE('',(#778));
#659=FILL_AREA_STYLE('',(#779));
#660=FILL_AREA_STYLE('',(#780));
#661=FILL_AREA_STYLE('',(#781));
#662=FILL_AREA_STYLE('',(#782));
#663=FILL_AREA_STYLE('',(#783));
#664=FILL_AREA_STYLE('',(#784));
#665=FILL_AREA_STYLE('',(#785));
#666=FILL_AREA_STYLE('',(#786));
#667=FILL_AREA_STYLE('',(#787));
#668=FILL_AREA_STYLE('',(#788));
#669=FILL_AREA_STYLE('',(#789));
#670=FILL_AREA_STYLE('',(#790));
#671=FILL_AREA_STYLE('',(#791));
#672=FILL_AREA_STYLE('',(#792));
#673=FILL_AREA_STYLE('',(#793));
#674=FILL_AREA_STYLE('',(#794));
#675=FILL_AREA_STYLE('',(#795));
#676=FILL_AREA_STYLE('',(#796));
#677=FILL_AREA_STYLE('',(#797));
#678=FILL_AREA_STYLE('',(#798));
#679=FILL_AREA_STYLE('',(#799));
#680=FILL_AREA_STYLE('',(#800));
#681=FILL_AREA_STYLE('',(#801));
#682=FILL_AREA_STYLE('',(#802));
#683=FILL_AREA_STYLE('',(#803));
#684=FILL_AREA_STYLE('',(#804));
#685=FILL_AREA_STYLE('',(#805));
#686=FILL_AREA_STYLE('',(#806));
#687=FILL_AREA_STYLE('',(#807));
#688=FILL_AREA_STYLE('',(#808));
#689=FILL_AREA_STYLE('',(#809));
#690=FILL_AREA_STYLE('',(#810));
#691=FILL_AREA_STYLE('',(#811));
#692=FILL_AREA_STYLE('',(#812));
#693=FILL_AREA_STYLE('',(#813));
#694=FILL_AREA_STYLE('',(#814));
#695=FILL_AREA_STYLE('',(#815));
#696=FILL_AREA_STYLE('',(#816));
#697=FILL_AREA_STYLE('',(#817));
#698=FILL_AREA_STYLE('',(#818));
#699=FILL_AREA_STYLE('',(#819));
#700=FILL_AREA_STYLE('',(#820));
#701=FILL_AREA_STYLE('',(#821));
#702=FILL_AREA_STYLE('',(#822));
#703=FILL_AREA_STYLE('',(#823));
#704=FILL_AREA_STYLE('',(#824));
#705=FILL_AREA_STYLE('',(#825));
#706=FILL_AREA_STYLE('',(#826));
#707=FILL_AREA_STYLE('',(#827));
#708=FILL_AREA_STYLE('',(#828));
#709=FILL_AREA_STYLE('',(#829));
#710=FILL_AREA_STYLE('',(#830));
#711=FILL_AREA_STYLE('',(#831));
#712=FILL_AREA_STYLE('',(#832));
#713=FILL_AREA_STYLE('',(#833));
#714=FILL_AREA_STYLE('',(#834));
#715=FILL_AREA_STYLE('',(#835));
#716=FILL_AREA_STYLE('',(#836));
#717=FILL_AREA_STYLE('',(#837));
#718=FILL_AREA_STYLE('',(#838));
#719=FILL_AREA_STYLE('',(#839));
#720=FILL_AREA_STYLE('',(#840));
#721=FILL_AREA_STYLE('',(#841));
#722=FILL_AREA_STYLE('',(#842));
#723=FILL_AREA_STYLE('',(#843));
#724=FILL_AREA_STYLE('',(#844));
#725=FILL_AREA_STYLE('',(#845));
#726=FILL_AREA_STYLE('',(#846));
#727=FILL_AREA_STYLE('',(#847));
#728=FILL_AREA_STYLE('',(#848));
#729=FILL_AREA_STYLE('',(#849));
#730=FILL_AREA_STYLE('',(#850));
#731=FILL_AREA_STYLE('',(#851));
#732=FILL_AREA_STYLE('',(#852));
#733=FILL_AREA_STYLE('',(#853));
#734=FILL_AREA_STYLE('',(#854));
#735=FILL_AREA_STYLE('',(#855));
#736=FILL_AREA_STYLE('',(#856));
#737=FILL_AREA_STYLE('',(#857));
#738=FILL_AREA_STYLE('',(#858));
#739=FILL_AREA_STYLE('',(#859));
#740=FILL_AREA_STYLE('',(#860));
#741=FILL_AREA_STYLE('',(#861));
#742=FILL_AREA_STYLE('',(#862));
#743=FILL_AREA_STYLE('',(#863));
#744=FILL_AREA_STYLE('',(#864));
#745=FILL_AREA_STYLE('',(#865));
#746=FILL_AREA_STYLE('',(#866));
#747=FILL_AREA_STYLE('',(#867));
#748=FILL_AREA_STYLE_COLOUR('',#868);
#749=FILL_AREA_STYLE_COLOUR('',#869);
#750=FILL_AREA_STYLE_COLOUR('',#869);
#751=FILL_AREA_STYLE_COLOUR('',#869);
#752=FILL_AREA_STYLE_COLOUR('',#869);
#753=FILL_AREA_STYLE_COLOUR('',#869);
#754=FILL_AREA_STYLE_COLOUR('',#870);
#755=FILL_AREA_STYLE_COLOUR('',#869);
#756=FILL_AREA_STYLE_COLOUR('',#869);
#757=FILL_AREA_STYLE_COLOUR('',#869);
#758=FILL_AREA_STYLE_COLOUR('',#869);
#759=FILL_AREA_STYLE_COLOUR('',#869);
#760=FILL_AREA_STYLE_COLOUR('',#869);
#761=FILL_AREA_STYLE_COLOUR('',#869);
#762=FILL_AREA_STYLE_COLOUR('',#869);
#763=FILL_AREA_STYLE_COLOUR('',#869);
#764=FILL_AREA_STYLE_COLOUR('',#869);
#765=FILL_AREA_STYLE_COLOUR('',#869);
#766=FILL_AREA_STYLE_COLOUR('',#869);
#767=FILL_AREA_STYLE_COLOUR('',#869);
#768=FILL_AREA_STYLE_COLOUR('',#869);
#769=FILL_AREA_STYLE_COLOUR('',#869);
#770=FILL_AREA_STYLE_COLOUR('',#869);
#771=FILL_AREA_STYLE_COLOUR('',#869);
#772=FILL_AREA_STYLE_COLOUR('',#869);
#773=FILL_AREA_STYLE_COLOUR('',#869);
#774=FILL_AREA_STYLE_COLOUR('',#870);
#775=FILL_AREA_STYLE_COLOUR('',#870);
#776=FILL_AREA_STYLE_COLOUR('',#870);
#777=FILL_AREA_STYLE_COLOUR('',#870);
#778=FILL_AREA_STYLE_COLOUR('',#870);
#779=FILL_AREA_STYLE_COLOUR('',#870);
#780=FILL_AREA_STYLE_COLOUR('',#870);
#781=FILL_AREA_STYLE_COLOUR('',#869);
#782=FILL_AREA_STYLE_COLOUR('',#869);
#783=FILL_AREA_STYLE_COLOUR('',#869);
#784=FILL_AREA_STYLE_COLOUR('',#869);
#785=FILL_AREA_STYLE_COLOUR('',#869);
#786=FILL_AREA_STYLE_COLOUR('',#869);
#787=FILL_AREA_STYLE_COLOUR('',#869);
#788=FILL_AREA_STYLE_COLOUR('',#868);
#789=FILL_AREA_STYLE_COLOUR('',#869);
#790=FILL_AREA_STYLE_COLOUR('',#869);
#791=FILL_AREA_STYLE_COLOUR('',#869);
#792=FILL_AREA_STYLE_COLOUR('',#870);
#793=FILL_AREA_STYLE_COLOUR('',#869);
#794=FILL_AREA_STYLE_COLOUR('',#869);
#795=FILL_AREA_STYLE_COLOUR('',#869);
#796=FILL_AREA_STYLE_COLOUR('',#869);
#797=FILL_AREA_STYLE_COLOUR('',#869);
#798=FILL_AREA_STYLE_COLOUR('',#869);
#799=FILL_AREA_STYLE_COLOUR('',#869);
#800=FILL_AREA_STYLE_COLOUR('',#869);
#801=FILL_AREA_STYLE_COLOUR('',#869);
#802=FILL_AREA_STYLE_COLOUR('',#869);
#803=FILL_AREA_STYLE_COLOUR('',#869);
#804=FILL_AREA_STYLE_COLOUR('',#869);
#805=FILL_AREA_STYLE_COLOUR('',#869);
#806=FILL_AREA_STYLE_COLOUR('',#869);
#807=FILL_AREA_STYLE_COLOUR('',#869);
#808=FILL_AREA_STYLE_COLOUR('',#869);
#809=FILL_AREA_STYLE_COLOUR('',#869);
#810=FILL_AREA_STYLE_COLOUR('',#870);
#811=FILL_AREA_STYLE_COLOUR('',#869);
#812=FILL_AREA_STYLE_COLOUR('',#869);
#813=FILL_AREA_STYLE_COLOUR('',#870);
#814=FILL_AREA_STYLE_COLOUR('',#870);
#815=FILL_AREA_STYLE_COLOUR('',#869);
#816=FILL_AREA_STYLE_COLOUR('',#869);
#817=FILL_AREA_STYLE_COLOUR('',#869);
#818=FILL_AREA_STYLE_COLOUR('',#869);
#819=FILL_AREA_STYLE_COLOUR('',#870);
#820=FILL_AREA_STYLE_COLOUR('',#870);
#821=FILL_AREA_STYLE_COLOUR('',#870);
#822=FILL_AREA_STYLE_COLOUR('',#870);
#823=FILL_AREA_STYLE_COLOUR('',#869);
#824=FILL_AREA_STYLE_COLOUR('',#869);
#825=FILL_AREA_STYLE_COLOUR('',#869);
#826=FILL_AREA_STYLE_COLOUR('',#869);
#827=FILL_AREA_STYLE_COLOUR('',#869);
#828=FILL_AREA_STYLE_COLOUR('',#868);
#829=FILL_AREA_STYLE_COLOUR('',#870);
#830=FILL_AREA_STYLE_COLOUR('',#870);
#831=FILL_AREA_STYLE_COLOUR('',#870);
#832=FILL_AREA_STYLE_COLOUR('',#870);
#833=FILL_AREA_STYLE_COLOUR('',#869);
#834=FILL_AREA_STYLE_COLOUR('',#868);
#835=FILL_AREA_STYLE_COLOUR('',#870);
#836=FILL_AREA_STYLE_COLOUR('',#870);
#837=FILL_AREA_STYLE_COLOUR('',#870);
#838=FILL_AREA_STYLE_COLOUR('',#869);
#839=FILL_AREA_STYLE_COLOUR('',#870);
#840=FILL_AREA_STYLE_COLOUR('',#868);
#841=FILL_AREA_STYLE_COLOUR('',#869);
#842=FILL_AREA_STYLE_COLOUR('',#869);
#843=FILL_AREA_STYLE_COLOUR('',#869);
#844=FILL_AREA_STYLE_COLOUR('',#870);
#845=FILL_AREA_STYLE_COLOUR('',#869);
#846=FILL_AREA_STYLE_COLOUR('',#869);
#847=FILL_AREA_STYLE_COLOUR('',#869);
#848=FILL_AREA_STYLE_COLOUR('',#869);
#849=FILL_AREA_STYLE_COLOUR('',#869);
#850=FILL_AREA_STYLE_COLOUR('',#870);
#851=FILL_AREA_STYLE_COLOUR('',#869);
#852=FILL_AREA_STYLE_COLOUR('',#869);
#853=FILL_AREA_STYLE_COLOUR('',#869);
#854=FILL_AREA_STYLE_COLOUR('',#868);
#855=FILL_AREA_STYLE_COLOUR('',#869);
#856=FILL_AREA_STYLE_COLOUR('',#869);
#857=FILL_AREA_STYLE_COLOUR('',#869);
#858=FILL_AREA_STYLE_COLOUR('',#869);
#859=FILL_AREA_STYLE_COLOUR('',#870);
#860=FILL_AREA_STYLE_COLOUR('',#869);
#861=FILL_AREA_STYLE_COLOUR('',#869);
#862=FILL_AREA_STYLE_COLOUR('',#869);
#863=FILL_AREA_STYLE_COLOUR('',#870);
#864=FILL_AREA_STYLE_COLOUR('',#869);
#865=FILL_AREA_STYLE_COLOUR('',#869);
#866=FILL_AREA_STYLE_COLOUR('',#869);
#867=FILL_AREA_STYLE_COLOUR('',#869);
#868=COLOUR_RGB('medium steel',0.596078431372549,0.666666666666667,0.686274509803922);
#869=COLOUR_RGB('medium royal',0.2,0.4,0.8);
#870=COLOUR_RGB('strong pink',0.933333333333333,0.584313725490196,0.741176470588235);
#871=MANIFOLD_SOLID_BREP('',#877);
#872=MANIFOLD_SOLID_BREP('',#878);
#873=MANIFOLD_SOLID_BREP('',#879);
#874=MANIFOLD_SOLID_BREP('',#880);
#875=MANIFOLD_SOLID_BREP('',#881);
#876=MANIFOLD_SOLID_BREP('',#882);
#877=CLOSED_SHELL('',(#1003,#1004,#1005,#1006,#1007,#1008,#1009,#1010,#1011,
#1012,#1013,#1014,#1015,#1016,#1017,#1018,#1019,#1020,#1021,#1022,#1023,
#1024,#1025,#1026,#1027,#1028,#1029,#1030,#1031,#1032,#1033,#1034,#1035,
#1036,#1037,#1038,#1039,#1040,#1041,#1042,#1043,#1044,#1045,#1046));
#878=CLOSED_SHELL('',(#1047,#1048,#1049,#1050,#1051,#1052,#1053,#1054,#1055,
#1056,#1057,#1058,#1059,#1060,#1061,#1062,#1063,#1064,#1065,#1066,#1067,
#1068,#1069,#1070,#1071,#1072,#1073,#1074,#1075,#1076,#1077,#1078,#1079,
#1080,#1081,#1082,#1083,#1084,#1085,#1086,#1087,#1088,#1089,#1090));
#879=CLOSED_SHELL('',(#1091,#1092,#1093,#1094,#1095,#1096,#1097,#1098,#1099,
#1100,#1101,#1102,#1103));
#880=CLOSED_SHELL('',(#1104,#1105,#1106,#1107,#1108,#1109,#1110,#1111,#1112,
#1113,#1114,#1115,#1116));
#881=CLOSED_SHELL('',(#1117,#1118,#1119,#1120,#1121,#1122,#1123,#1124,#1125,
#1126,#1127,#1128,#1129,#1130,#1131,#1132,#1133,#1134,#1135));
#882=CLOSED_SHELL('',(#1136,#1137,#1138,#1139,#1140,#1141,#1142,#1143,#1144,
#1145,#1146,#1147,#1148,#1149,#1150,#1151,#1152,#1153,#1154));
#883=FACE_BOUND('',#1412,.T.);
#884=FACE_BOUND('',#1413,.T.);
#885=FACE_BOUND('',#1457,.T.);
#886=FACE_BOUND('',#1458,.T.);
#887=FACE_BOUND('',#1503,.T.);
#888=FACE_BOUND('',#1504,.T.);
#889=FACE_BOUND('',#1523,.T.);
#890=FACE_BOUND('',#1524,.T.);
#891=(
BOUNDED_SURFACE()
B_SPLINE_SURFACE(3,3,((#4891,#4892,#4893,#4894),(#4895,#4896,#4897,#4898),
(#4899,#4900,#4901,#4902),(#4903,#4904,#4905,#4906)),.UNSPECIFIED.,.F.,
 .F.,.F.)
B_SPLINE_SURFACE_WITH_KNOTS((4,4),(4,4),(0.,1.),(0.,1.),.UNSPECIFIED.)
GEOMETRIC_REPRESENTATION_ITEM()
RATIONAL_B_SPLINE_SURFACE(((1.,0.333333333333333,0.333333333333333,1.),
(0.804737854124286,0.268245951374762,0.268245951374762,0.804737854124286),
(0.804737854124286,0.268245951374762,0.268245951374762,0.804737854124286),
(1.,0.333333333333333,0.333333333333333,1.)))
REPRESENTATION_ITEM('')
SURFACE()
);
#892=(
BOUNDED_SURFACE()
B_SPLINE_SURFACE(3,3,((#4916,#4917,#4918,#4919),(#4920,#4921,#4922,#4923),
(#4924,#4925,#4926,#4927),(#4928,#4929,#4930,#4931)),.UNSPECIFIED.,.F.,
 .F.,.F.)
B_SPLINE_SURFACE_WITH_KNOTS((4,4),(4,4),(0.,1.),(0.,1.),.UNSPECIFIED.)
GEOMETRIC_REPRESENTATION_ITEM()
RATIONAL_B_SPLINE_SURFACE(((1.,0.333333333333333,0.333333333333333,1.),
(0.999242380788212,0.333080793596071,0.333080793596071,0.999242380788212),
(0.999242380788212,0.333080793596071,0.333080793596071,0.999242380788212),
(1.,0.333333333333333,0.333333333333333,1.)))
REPRESENTATION_ITEM('')
SURFACE()
);
#893=(
BOUNDED_SURFACE()
B_SPLINE_SURFACE(3,3,((#4934,#4935,#4936,#4937),(#4938,#4939,#4940,#4941),
(#4942,#4943,#4944,#4945),(#4946,#4947,#4948,#4949)),.UNSPECIFIED.,.F.,
 .F.,.F.)
B_SPLINE_SURFACE_WITH_KNOTS((4,4),(4,4),(0.,1.),(0.,1.),.UNSPECIFIED.)
GEOMETRIC_REPRESENTATION_ITEM()
RATIONAL_B_SPLINE_SURFACE(((1.,0.333333333333333,0.333333333333333,1.),
(0.995685871157919,0.331895290385973,0.331895290385973,0.995685871157919),
(0.995685871157919,0.331895290385973,0.331895290385973,0.995685871157919),
(1.,0.333333333333333,0.333333333333333,1.)))
REPRESENTATION_ITEM('')
SURFACE()
);
#894=(
BOUNDED_SURFACE()
B_SPLINE_SURFACE(3,3,((#4951,#4952,#4953,#4954),(#4955,#4956,#4957,#4958),
(#4959,#4960,#4961,#4962),(#4963,#4964,#4965,#4966)),.UNSPECIFIED.,.F.,
 .F.,.F.)
B_SPLINE_SURFACE_WITH_KNOTS((4,4),(4,4),(0.,1.),(0.,1.),.UNSPECIFIED.)
GEOMETRIC_REPRESENTATION_ITEM()
RATIONAL_B_SPLINE_SURFACE(((1.,0.333333333333333,0.333333333333333,1.),
(0.999325629835277,0.333108543278426,0.333108543278426,0.999325629835277),
(0.999325629835277,0.333108543278426,0.333108543278426,0.999325629835277),
(1.,0.333333333333333,0.333333333333333,1.)))
REPRESENTATION_ITEM('')
SURFACE()
);
#895=(
BOUNDED_SURFACE()
B_SPLINE_SURFACE(3,3,((#4969,#4970,#4971,#4972),(#4973,#4974,#4975,#4976),
(#4977,#4978,#4979,#4980),(#4981,#4982,#4983,#4984)),.UNSPECIFIED.,.F.,
 .F.,.F.)
B_SPLINE_SURFACE_WITH_KNOTS((4,4),(4,4),(0.,1.),(0.,1.),.UNSPECIFIED.)
GEOMETRIC_REPRESENTATION_ITEM()
RATIONAL_B_SPLINE_SURFACE(((1.,0.333333333333333,0.333333333333333,1.),
(0.996494513709844,0.332164837903281,0.332164837903281,0.996494513709844),
(0.996494513709844,0.332164837903281,0.332164837903281,0.996494513709844),
(1.,0.333333333333333,0.333333333333333,1.)))
REPRESENTATION_ITEM('')
SURFACE()
);
#896=(
BOUNDED_SURFACE()
B_SPLINE_SURFACE(3,3,((#4990,#4991,#4992,#4993),(#4994,#4995,#4996,#4997),
(#4998,#4999,#5000,#5001),(#5002,#5003,#5004,#5005)),.UNSPECIFIED.,.F.,
 .F.,.F.)
B_SPLINE_SURFACE_WITH_KNOTS((4,4),(4,4),(0.,1.),(0.,1.),.UNSPECIFIED.)
GEOMETRIC_REPRESENTATION_ITEM()
RATIONAL_B_SPLINE_SURFACE(((1.,0.333333333333333,0.333333333333333,1.),
(0.995849452213467,0.331949817404489,0.331949817404489,0.995849452213467),
(0.995849452213467,0.331949817404489,0.331949817404489,0.995849452213467),
(1.,0.333333333333333,0.333333333333333,1.)))
REPRESENTATION_ITEM('')
SURFACE()
);
#897=(
BOUNDED_SURFACE()
B_SPLINE_SURFACE(3,3,((#5218,#5219,#5220,#5221),(#5222,#5223,#5224,#5225),
(#5226,#5227,#5228,#5229),(#5230,#5231,#5232,#5233)),.UNSPECIFIED.,.F.,
 .F.,.F.)
B_SPLINE_SURFACE_WITH_KNOTS((4,4),(4,4),(0.,1.),(0.,1.),.UNSPECIFIED.)
GEOMETRIC_REPRESENTATION_ITEM()
RATIONAL_B_SPLINE_SURFACE(((1.,0.333333333333333,0.333333333333333,1.),
(0.804737854124429,0.26824595137481,0.26824595137481,0.804737854124429),
(0.804737854124429,0.26824595137481,0.26824595137481,0.804737854124429),
(1.,0.333333333333333,0.333333333333333,1.)))
REPRESENTATION_ITEM('')
SURFACE()
);
#898=(
BOUNDED_SURFACE()
B_SPLINE_SURFACE(3,3,((#5314,#5315,#5316,#5317),(#5318,#5319,#5320,#5321),
(#5322,#5323,#5324,#5325),(#5326,#5327,#5328,#5329)),.UNSPECIFIED.,.F.,
 .F.,.F.)
B_SPLINE_SURFACE_WITH_KNOTS((4,4),(4,4),(0.,1.),(0.,1.),.UNSPECIFIED.)
GEOMETRIC_REPRESENTATION_ITEM()
RATIONAL_B_SPLINE_SURFACE(((1.,0.333333333333333,0.333333333333333,1.),
(0.996494513709844,0.332164837903281,0.332164837903281,0.996494513709844),
(0.996494513709844,0.332164837903281,0.332164837903281,0.996494513709844),
(1.,0.333333333333333,0.333333333333333,1.)))
REPRESENTATION_ITEM('')
SURFACE()
);
#899=(
BOUNDED_SURFACE()
B_SPLINE_SURFACE(3,3,((#5330,#5331,#5332,#5333),(#5334,#5335,#5336,#5337),
(#5338,#5339,#5340,#5341),(#5342,#5343,#5344,#5345)),.UNSPECIFIED.,.F.,
 .F.,.F.)
B_SPLINE_SURFACE_WITH_KNOTS((4,4),(4,4),(0.,1.),(0.,1.),.UNSPECIFIED.)
GEOMETRIC_REPRESENTATION_ITEM()
RATIONAL_B_SPLINE_SURFACE(((1.,0.333333333333333,0.333333333333333,1.),
(0.999325629835277,0.333108543278426,0.333108543278426,0.999325629835277),
(0.999325629835277,0.333108543278426,0.333108543278426,0.999325629835277),
(1.,0.333333333333333,0.333333333333333,1.)))
REPRESENTATION_ITEM('')
SURFACE()
);
#900=(
BOUNDED_SURFACE()
B_SPLINE_SURFACE(3,3,((#5357,#5358,#5359,#5360),(#5361,#5362,#5363,#5364),
(#5365,#5366,#5367,#5368),(#5369,#5370,#5371,#5372)),.UNSPECIFIED.,.F.,
 .F.,.F.)
B_SPLINE_SURFACE_WITH_KNOTS((4,4),(4,4),(0.,1.),(0.,1.),.UNSPECIFIED.)
GEOMETRIC_REPRESENTATION_ITEM()
RATIONAL_B_SPLINE_SURFACE(((1.,0.333333333333333,0.333333333333333,1.),
(0.995849452213467,0.331949817404489,0.331949817404489,0.995849452213467),
(0.995849452213467,0.331949817404489,0.331949817404489,0.995849452213467),
(1.,0.333333333333333,0.333333333333333,1.)))
REPRESENTATION_ITEM('')
SURFACE()
);
#901=(
BOUNDED_SURFACE()
B_SPLINE_SURFACE(3,3,((#5374,#5375,#5376,#5377),(#5378,#5379,#5380,#5381),
(#5382,#5383,#5384,#5385),(#5386,#5387,#5388,#5389)),.UNSPECIFIED.,.F.,
 .F.,.F.)
B_SPLINE_SURFACE_WITH_KNOTS((4,4),(4,4),(0.,1.),(0.,1.),.UNSPECIFIED.)
GEOMETRIC_REPRESENTATION_ITEM()
RATIONAL_B_SPLINE_SURFACE(((1.,0.333333333333333,0.333333333333333,1.),
(0.995685871157919,0.331895290385973,0.331895290385973,0.995685871157919),
(0.995685871157919,0.331895290385973,0.331895290385973,0.995685871157919),
(1.,0.333333333333333,0.333333333333333,1.)))
REPRESENTATION_ITEM('')
SURFACE()
);
#902=(
BOUNDED_SURFACE()
B_SPLINE_SURFACE(3,3,((#5391,#5392,#5393,#5394),(#5395,#5396,#5397,#5398),
(#5399,#5400,#5401,#5402),(#5403,#5404,#5405,#5406)),.UNSPECIFIED.,.F.,
 .F.,.F.)
B_SPLINE_SURFACE_WITH_KNOTS((4,4),(4,4),(0.,1.),(0.,1.),.UNSPECIFIED.)
GEOMETRIC_REPRESENTATION_ITEM()
RATIONAL_B_SPLINE_SURFACE(((1.,0.333333333333333,0.333333333333333,1.),
(0.999242380788212,0.333080793596071,0.333080793596071,0.999242380788212),
(0.999242380788212,0.333080793596071,0.333080793596071,0.999242380788212),
(1.,0.333333333333333,0.333333333333333,1.)))
REPRESENTATION_ITEM('')
SURFACE()
);
#903=(
BOUNDED_SURFACE()
B_SPLINE_SURFACE(3,3,((#5477,#5478,#5479,#5480),(#5481,#5482,#5483,#5484),
(#5485,#5486,#5487,#5488),(#5489,#5490,#5491,#5492)),.UNSPECIFIED.,.F.,
 .F.,.F.)
B_SPLINE_SURFACE_WITH_KNOTS((4,4),(4,4),(0.,1.),(0.,1.),.UNSPECIFIED.)
GEOMETRIC_REPRESENTATION_ITEM()
RATIONAL_B_SPLINE_SURFACE(((1.,0.333333333333333,0.333333333333333,1.),
(0.995849452213467,0.331949817404489,0.331949817404489,0.995849452213467),
(0.995849452213467,0.331949817404489,0.331949817404489,0.995849452213467),
(1.,0.333333333333333,0.333333333333333,1.)))
REPRESENTATION_ITEM('')
SURFACE()
);
#904=(
BOUNDED_SURFACE()
B_SPLINE_SURFACE(3,3,((#5498,#5499,#5500,#5501),(#5502,#5503,#5504,#5505),
(#5506,#5507,#5508,#5509),(#5510,#5511,#5512,#5513)),.UNSPECIFIED.,.F.,
 .F.,.F.)
B_SPLINE_SURFACE_WITH_KNOTS((4,4),(4,4),(0.,1.),(0.,1.),.UNSPECIFIED.)
GEOMETRIC_REPRESENTATION_ITEM()
RATIONAL_B_SPLINE_SURFACE(((1.,0.333333333333333,0.333333333333333,1.),
(0.938923282213881,0.312974427404627,0.312974427404627,0.938923282213881),
(0.938923282213881,0.312974427404627,0.312974427404627,0.938923282213881),
(1.,0.333333333333333,0.333333333333333,1.)))
REPRESENTATION_ITEM('')
SURFACE()
);
#905=(
BOUNDED_SURFACE()
B_SPLINE_SURFACE(3,3,((#5577,#5578,#5579,#5580),(#5581,#5582,#5583,#5584),
(#5585,#5586,#5587,#5588),(#5589,#5590,#5591,#5592)),.UNSPECIFIED.,.F.,
 .F.,.F.)
B_SPLINE_SURFACE_WITH_KNOTS((4,4),(4,4),(0.,1.),(0.,1.),.UNSPECIFIED.)
GEOMETRIC_REPRESENTATION_ITEM()
RATIONAL_B_SPLINE_SURFACE(((1.,0.333333333333333,0.333333333333333,1.),
(0.995849452213467,0.331949817404489,0.331949817404489,0.995849452213467),
(0.995849452213467,0.331949817404489,0.331949817404489,0.995849452213467),
(1.,0.333333333333333,0.333333333333333,1.)))
REPRESENTATION_ITEM('')
SURFACE()
);
#906=(
BOUNDED_SURFACE()
B_SPLINE_SURFACE(3,3,((#5598,#5599,#5600,#5601),(#5602,#5603,#5604,#5605),
(#5606,#5607,#5608,#5609),(#5610,#5611,#5612,#5613)),.UNSPECIFIED.,.F.,
 .F.,.F.)
B_SPLINE_SURFACE_WITH_KNOTS((4,4),(4,4),(0.,1.),(0.,1.),.UNSPECIFIED.)
GEOMETRIC_REPRESENTATION_ITEM()
RATIONAL_B_SPLINE_SURFACE(((1.,0.333333333333333,0.333333333333333,1.),
(0.938923282213881,0.312974427404627,0.312974427404627,0.938923282213881),
(0.938923282213881,0.312974427404627,0.312974427404627,0.938923282213881),
(1.,0.333333333333333,0.333333333333333,1.)))
REPRESENTATION_ITEM('')
SURFACE()
);
#907=SPHERICAL_SURFACE('',#3584,1.);
#908=SPHERICAL_SURFACE('',#3622,2.5);
#909=SPHERICAL_SURFACE('',#3660,1.);
#910=SPHERICAL_SURFACE('',#3709,2.5);
#911=SPHERICAL_SURFACE('',#3791,2.5);
#912=SPHERICAL_SURFACE('',#3825,2.5);
#913=ELLIPSE('',#3578,1.41421356237333,1.);
#914=ELLIPSE('',#3590,0.707106781186547,0.5);
#915=ELLIPSE('',#3593,0.707106781186547,0.5);
#916=ELLIPSE('',#3654,1.41421356237329,1.);
#917=ELLIPSE('',#3664,0.707106781186547,0.5);
#918=ELLIPSE('',#3666,0.707106781186547,0.5);
#919=ELLIPSE('',#3763,0.707106781186547,0.5);
#920=ELLIPSE('',#3772,0.707106781186547,0.5);
#921=ELLIPSE('',#3797,0.707106781186547,0.5);
#922=ELLIPSE('',#3800,0.707106781186547,0.5);
#923=CONICAL_SURFACE('',#3563,17.6376830081336,1.96910417977823);
#924=CONICAL_SURFACE('',#3607,17.5174738306614,1.96910417977811);
#925=CONICAL_SURFACE('',#3612,13.0064280515746,31.2856074132056);
#926=CONICAL_SURFACE('',#3613,13.0982202000044,21.5087082515236);
#927=CONICAL_SURFACE('',#3615,12.4076702234399,34.01741361466);
#928=CONICAL_SURFACE('',#3616,10.8390950420164,41.4822894569321);
#929=CONICAL_SURFACE('',#3617,6.50096024900565,56.1766370569855);
#930=CONICAL_SURFACE('',#3646,17.6376830081336,1.96910417977823);
#931=CONICAL_SURFACE('',#3678,6.50096024900565,56.1766370569855);
#932=CONICAL_SURFACE('',#3683,10.8390950420164,41.4822894569321);
#933=CONICAL_SURFACE('',#3685,12.4076702234399,34.01741361466);
#934=CONICAL_SURFACE('',#3689,13.0982202000044,21.5087082515236);
#935=CONICAL_SURFACE('',#3691,13.0064280515746,31.2856074132056);
#936=CONICAL_SURFACE('',#3698,17.5174738306614,1.96910417977811);
#937=CONICAL_SURFACE('',#3722,19.5,1.96910417977654);
#938=CONICAL_SURFACE('',#3746,19.5,1.96910417977654);
#939=CONICAL_SURFACE('',#3783,17.6376830081336,1.96910417977823);
#940=CONICAL_SURFACE('',#3816,17.6376830081336,1.96910417977823);
#941=CYLINDRICAL_SURFACE('',#3556,3.25);
#942=CYLINDRICAL_SURFACE('',#3566,3.25);
#943=CYLINDRICAL_SURFACE('',#3580,1.);
#944=CYLINDRICAL_SURFACE('',#3582,1.);
#945=CYLINDRICAL_SURFACE('',#3585,1.);
#946=CYLINDRICAL_SURFACE('',#3587,0.5);
#947=CYLINDRICAL_SURFACE('',#3589,0.5);
#948=CYLINDRICAL_SURFACE('',#3591,0.5);
#949=CYLINDRICAL_SURFACE('',#3592,0.5);
#950=CYLINDRICAL_SURFACE('',#3594,0.5);
#951=CYLINDRICAL_SURFACE('',#3595,0.5);
#952=CYLINDRICAL_SURFACE('',#3609,17.6147014604425);
#953=CYLINDRICAL_SURFACE('',#3649,3.25);
#954=CYLINDRICAL_SURFACE('',#3653,3.25);
#955=CYLINDRICAL_SURFACE('',#3657,1.);
#956=CYLINDRICAL_SURFACE('',#3665,0.5);
#957=CYLINDRICAL_SURFACE('',#3667,0.5);
#958=CYLINDRICAL_SURFACE('',#3668,1.);
#959=CYLINDRICAL_SURFACE('',#3669,0.5);
#960=CYLINDRICAL_SURFACE('',#3670,0.5);
#961=CYLINDRICAL_SURFACE('',#3672,0.5);
#962=CYLINDRICAL_SURFACE('',#3674,1.);
#963=CYLINDRICAL_SURFACE('',#3695,17.6147014604425);
#964=CYLINDRICAL_SURFACE('',#3702,0.5);
#965=CYLINDRICAL_SURFACE('',#3728,18.9161068902699);
#966=CYLINDRICAL_SURFACE('',#3732,3.25);
#967=CYLINDRICAL_SURFACE('',#3752,18.9161068902699);
#968=CYLINDRICAL_SURFACE('',#3756,3.25);
#969=CYLINDRICAL_SURFACE('',#3761,18.9161068902699);
#970=CYLINDRICAL_SURFACE('',#3764,0.5);
#971=CYLINDRICAL_SURFACE('',#3765,0.5);
#972=CYLINDRICAL_SURFACE('',#3773,0.5);
#973=CYLINDRICAL_SURFACE('',#3778,0.5);
#974=CYLINDRICAL_SURFACE('',#3780,3.25);
#975=CYLINDRICAL_SURFACE('',#3795,18.9161068902699);
#976=CYLINDRICAL_SURFACE('',#3798,0.5);
#977=CYLINDRICAL_SURFACE('',#3801,0.5);
#978=CYLINDRICAL_SURFACE('',#3802,0.5);
#979=CYLINDRICAL_SURFACE('',#3812,0.5);
#980=CYLINDRICAL_SURFACE('',#3814,3.25);
#981=B_SPLINE_CURVE_WITH_KNOTS('',3,(#4736,#4737,#4738,#4739),
 .UNSPECIFIED.,.F.,.F.,(4,4),(0.,1.),.UNSPECIFIED.);
#982=B_SPLINE_CURVE_WITH_KNOTS('',3,(#4752,#4753,#4754,#4755),
 .UNSPECIFIED.,.F.,.F.,(4,4),(0.,1.),.UNSPECIFIED.);
#983=B_SPLINE_CURVE_WITH_KNOTS('',3,(#4760,#4761,#4762,#4763,#4764,#4765,
#4766,#4767,#4768,#4769,#4770,#4771,#4772,#4773,#4774,#4775),
 .UNSPECIFIED.,.F.,.F.,(4,3,3,3,3,4),(0.,0.162651855292527,0.376758622796219,
0.585717357228094,0.792931504056888,1.),.UNSPECIFIED.);
#984=B_SPLINE_CURVE_WITH_KNOTS('',3,(#4781,#4782,#4783,#4784,#4785,#4786,
#4787,#4788,#4789,#4790,#4791,#4792,#4793,#4794,#4795,#4796),
 .UNSPECIFIED.,.F.,.F.,(4,3,3,3,3,4),(0.,0.140100274821,0.354561998617319,
0.569614941976095,0.784942405410302,1.),.UNSPECIFIED.);
#985=B_SPLINE_CURVE_WITH_KNOTS('',3,(#4843,#4844,#4845,#4846,#4847,#4848,
#4849,#4850,#4851,#4852,#4853,#4854,#4855,#4856,#4857,#4858,#4859,#4860,
#4861),.UNSPECIFIED.,.F.,.F.,(4,3,3,3,3,3,4),(0.,0.00622753328230509,0.171865066608619,
0.336478291418096,0.533901913164323,0.787843687359106,1.),.UNSPECIFIED.);
#986=B_SPLINE_CURVE_WITH_KNOTS('',3,(#4863,#4864,#4865,#4866,#4867,#4868,
#4869),.UNSPECIFIED.,.F.,.F.,(4,3,4),(0.,0.301111023893043,1.),
 .UNSPECIFIED.);
#987=B_SPLINE_CURVE_WITH_KNOTS('',3,(#4871,#4872,#4873,#4874,#4875,#4876,
#4877,#4878,#4879,#4880,#4881,#4882,#4883),.UNSPECIFIED.,.F.,.F.,(4,3,3,
3,4),(0.,0.178648963559195,0.508191719653854,0.753321292989637,1.),
 .UNSPECIFIED.);
#988=B_SPLINE_CURVE_WITH_KNOTS('',3,(#5123,#5124,#5125,#5126),
 .UNSPECIFIED.,.F.,.F.,(4,4),(0.,1.),.UNSPECIFIED.);
#989=B_SPLINE_CURVE_WITH_KNOTS('',3,(#5140,#5141,#5142,#5143),
 .UNSPECIFIED.,.F.,.F.,(4,4),(0.,1.),.UNSPECIFIED.);
#990=B_SPLINE_CURVE_WITH_KNOTS('',3,(#5151,#5152,#5153,#5154,#5155,#5156,
#5157,#5158,#5159,#5160,#5161,#5162,#5163,#5164,#5165,#5166),
 .UNSPECIFIED.,.F.,.F.,(4,3,3,3,3,4),(0.,0.139844249551923,0.354306608106883,
0.569360286983252,0.784688752761438,1.),.UNSPECIFIED.);
#991=B_SPLINE_CURVE_WITH_KNOTS('',3,(#5172,#5173,#5174,#5175,#5176,#5177,
#5178,#5179,#5180,#5181,#5182,#5183,#5184,#5185,#5186,#5187),
 .UNSPECIFIED.,.F.,.F.,(4,3,3,3,3,4),(0.,0.162379355492568,0.376494846294935,
0.585460345063981,0.792677910836314,1.),.UNSPECIFIED.);
#992=B_SPLINE_CURVE_WITH_KNOTS('',3,(#5242,#5243,#5244,#5245,#5246,#5247,
#5248,#5249,#5250,#5251,#5252,#5253,#5254,#5255,#5256,#5257),
 .UNSPECIFIED.,.F.,.F.,(4,3,3,3,3,4),(0.,0.101779637357051,0.290880082144816,
0.477867080412104,0.71341480884804,1.),.UNSPECIFIED.);
#993=B_SPLINE_CURVE_WITH_KNOTS('',3,(#5263,#5264,#5265,#5266,#5267,#5268,
#5269,#5270,#5271,#5272,#5273,#5274,#5275),.UNSPECIFIED.,.F.,.F.,(4,3,3,
3,4),(0.,0.178377844129669,0.507979332931566,0.753130709107548,1.),
 .UNSPECIFIED.);
#994=B_SPLINE_CURVE_WITH_KNOTS('',3,(#5277,#5278,#5279,#5280,#5281,#5282,
#5283,#5284,#5285,#5286),.UNSPECIFIED.,.F.,.F.,(4,3,3,4),(0.,0.0454605029391226,
0.191937096226903,1.),.UNSPECIFIED.);
#995=B_SPLINE_CURVE_WITH_KNOTS('',3,(#5635,#5636,#5637,#5638,#5639,#5640,
#5641,#5642,#5643,#5644,#5645,#5646,#5647,#5648,#5649,#5650),
 .UNSPECIFIED.,.F.,.F.,(4,3,3,3,3,4),(0.,0.139925192087341,0.355689572867466,
0.57088667418139,0.78542064977698,1.),.UNSPECIFIED.);
#996=B_SPLINE_CURVE_WITH_KNOTS('',3,(#5671,#5672,#5673,#5674,#5675,#5676,
#5677,#5678,#5679,#5680,#5681,#5682,#5683,#5684,#5685,#5686),
 .UNSPECIFIED.,.F.,.F.,(4,3,3,3,3,4),(0.,0.11875648544871,0.335322108735228,
0.556486652651938,0.778252841430893,1.),.UNSPECIFIED.);
#997=B_SPLINE_CURVE_WITH_KNOTS('',3,(#5716,#5717,#5718,#5719),
 .UNSPECIFIED.,.F.,.F.,(4,4),(0.,1.),.UNSPECIFIED.);
#998=B_SPLINE_CURVE_WITH_KNOTS('',3,(#5723,#5724,#5725,#5726),
 .UNSPECIFIED.,.F.,.F.,(4,4),(0.,1.),.UNSPECIFIED.);
#999=B_SPLINE_CURVE_WITH_KNOTS('',3,(#5781,#5782,#5783,#5784,#5785,#5786,
#5787,#5788,#5789,#5790,#5791,#5792,#5793,#5794,#5795,#5796),
 .UNSPECIFIED.,.F.,.F.,(4,3,3,3,3,4),(0.,0.119005455779519,0.335577022727397,
0.556743739591692,0.778508330517307,1.),.UNSPECIFIED.);
#1000=B_SPLINE_CURVE_WITH_KNOTS('',3,(#5820,#5821,#5822,#5823,#5824,#5825,
#5826,#5827,#5828,#5829,#5830,#5831,#5832,#5833,#5834,#5835),
 .UNSPECIFIED.,.F.,.F.,(4,3,3,3,3,4),(0.,0.140185843389667,0.355948642174791,
0.571143397000427,0.785675006002705,1.),.UNSPECIFIED.);
#1001=B_SPLINE_CURVE_WITH_KNOTS('',3,(#5843,#5844,#5845,#5846),
 .UNSPECIFIED.,.F.,.F.,(4,4),(0.,1.),.UNSPECIFIED.);
#1002=B_SPLINE_CURVE_WITH_KNOTS('',3,(#5850,#5851,#5852,#5853),
 .UNSPECIFIED.,.F.,.F.,(4,4),(0.,1.),.UNSPECIFIED.);
#1003=ADVANCED_FACE('',(#1223),#1155,.F.);
#1004=ADVANCED_FACE('',(#1224),#1156,.T.);
#1005=ADVANCED_FACE('',(#1225),#1157,.F.);
#1006=ADVANCED_FACE('',(#1226),#941,.T.);
#1007=ADVANCED_FACE('',(#1227),#1158,.T.);
#1008=ADVANCED_FACE('',(#1228),#1159,.F.);
#1009=ADVANCED_FACE('',(#1229),#923,.T.);
#1010=ADVANCED_FACE('',(#1230),#942,.T.);
#1011=ADVANCED_FACE('',(#1231),#1160,.T.);
#1012=ADVANCED_FACE('',(#1232),#1161,.T.);
#1013=ADVANCED_FACE('',(#1233),#1162,.T.);
#1014=ADVANCED_FACE('',(#1234),#1163,.T.);
#1015=ADVANCED_FACE('',(#1235),#1164,.T.);
#1016=ADVANCED_FACE('',(#1236),#1165,.T.);
#1017=ADVANCED_FACE('',(#1237),#1166,.T.);
#1018=ADVANCED_FACE('',(#1238),#943,.F.);
#1019=ADVANCED_FACE('',(#1239),#944,.F.);
#1020=ADVANCED_FACE('',(#1240),#907,.F.);
#1021=ADVANCED_FACE('',(#1241),#945,.F.);
#1022=ADVANCED_FACE('',(#1242),#946,.F.);
#1023=ADVANCED_FACE('',(#1243),#891,.T.);
#1024=ADVANCED_FACE('',(#1244),#947,.F.);
#1025=ADVANCED_FACE('',(#1245),#948,.F.);
#1026=ADVANCED_FACE('',(#1246),#949,.F.);
#1027=ADVANCED_FACE('',(#1247),#950,.F.);
#1028=ADVANCED_FACE('',(#1248),#951,.F.);
#1029=ADVANCED_FACE('',(#1249),#892,.T.);
#1030=ADVANCED_FACE('',(#1250),#893,.T.);
#1031=ADVANCED_FACE('',(#1251),#894,.T.);
#1032=ADVANCED_FACE('',(#1252),#895,.T.);
#1033=ADVANCED_FACE('',(#1253),#1167,.F.);
#1034=ADVANCED_FACE('',(#1254),#924,.T.);
#1035=ADVANCED_FACE('',(#1255),#896,.T.);
#1036=ADVANCED_FACE('',(#1256),#952,.T.);
#1037=ADVANCED_FACE('',(#1257),#1168,.T.);
#1038=ADVANCED_FACE('',(#1258),#925,.T.);
#1039=ADVANCED_FACE('',(#1259),#926,.T.);
#1040=ADVANCED_FACE('',(#1260),#927,.T.);
#1041=ADVANCED_FACE('',(#1261),#928,.T.);
#1042=ADVANCED_FACE('',(#1262),#929,.T.);
#1043=ADVANCED_FACE('',(#1263),#1169,.T.);
#1044=ADVANCED_FACE('',(#883,#884),#1170,.T.);
#1045=ADVANCED_FACE('',(#1264),#1171,.T.);
#1046=ADVANCED_FACE('',(#1265),#908,.T.);
#1047=ADVANCED_FACE('',(#1266),#1172,.T.);
#1048=ADVANCED_FACE('',(#1267),#1173,.T.);
#1049=ADVANCED_FACE('',(#1268),#1174,.T.);
#1050=ADVANCED_FACE('',(#1269),#1175,.T.);
#1051=ADVANCED_FACE('',(#1270),#930,.T.);
#1052=ADVANCED_FACE('',(#1271),#953,.T.);
#1053=ADVANCED_FACE('',(#1272),#1176,.T.);
#1054=ADVANCED_FACE('',(#1273),#954,.T.);
#1055=ADVANCED_FACE('',(#1274),#955,.F.);
#1056=ADVANCED_FACE('',(#1275),#909,.F.);
#1057=ADVANCED_FACE('',(#1276),#897,.T.);
#1058=ADVANCED_FACE('',(#1277),#956,.F.);
#1059=ADVANCED_FACE('',(#1278),#957,.F.);
#1060=ADVANCED_FACE('',(#1279),#958,.F.);
#1061=ADVANCED_FACE('',(#1280),#959,.F.);
#1062=ADVANCED_FACE('',(#1281),#960,.F.);
#1063=ADVANCED_FACE('',(#1282),#1177,.T.);
#1064=ADVANCED_FACE('',(#1283),#961,.F.);
#1065=ADVANCED_FACE('',(#1284),#1178,.T.);
#1066=ADVANCED_FACE('',(#1285),#962,.F.);
#1067=ADVANCED_FACE('',(#1286),#1179,.T.);
#1068=ADVANCED_FACE('',(#1287),#931,.T.);
#1069=ADVANCED_FACE('',(#1288),#1180,.F.);
#1070=ADVANCED_FACE('',(#1289),#932,.T.);
#1071=ADVANCED_FACE('',(#1290),#933,.T.);
#1072=ADVANCED_FACE('',(#1291),#898,.T.);
#1073=ADVANCED_FACE('',(#1292),#899,.T.);
#1074=ADVANCED_FACE('',(#1293),#934,.T.);
#1075=ADVANCED_FACE('',(#1294),#935,.T.);
#1076=ADVANCED_FACE('',(#1295),#1181,.T.);
#1077=ADVANCED_FACE('',(#1296),#963,.T.);
#1078=ADVANCED_FACE('',(#1297),#900,.T.);
#1079=ADVANCED_FACE('',(#1298),#936,.T.);
#1080=ADVANCED_FACE('',(#1299),#901,.T.);
#1081=ADVANCED_FACE('',(#1300),#902,.T.);
#1082=ADVANCED_FACE('',(#1301),#1182,.T.);
#1083=ADVANCED_FACE('',(#1302),#1183,.T.);
#1084=ADVANCED_FACE('',(#1303),#964,.F.);
#1085=ADVANCED_FACE('',(#1304),#1184,.T.);
#1086=ADVANCED_FACE('',(#1305),#1185,.T.);
#1087=ADVANCED_FACE('',(#1306),#1186,.T.);
#1088=ADVANCED_FACE('',(#885,#886),#1187,.T.);
#1089=ADVANCED_FACE('',(#1307),#1188,.T.);
#1090=ADVANCED_FACE('',(#1308),#910,.T.);
#1091=ADVANCED_FACE('',(#1309),#1189,.F.);
#1092=ADVANCED_FACE('',(#1310),#1190,.F.);
#1093=ADVANCED_FACE('',(#1311),#1191,.F.);
#1094=ADVANCED_FACE('',(#1312),#1192,.T.);
#1095=ADVANCED_FACE('',(#1313),#937,.F.);
#1096=ADVANCED_FACE('',(#1314),#23,.F.);
#1097=ADVANCED_FACE('',(#1315),#903,.T.);
#1098=ADVANCED_FACE('',(#1316),#1193,.F.);
#1099=ADVANCED_FACE('',(#1317),#965,.F.);
#1100=ADVANCED_FACE('',(#1318),#1194,.F.);
#1101=ADVANCED_FACE('',(#1319),#904,.T.);
#1102=ADVANCED_FACE('',(#1320),#966,.T.);
#1103=ADVANCED_FACE('',(#1321),#1195,.F.);
#1104=ADVANCED_FACE('',(#1322),#1196,.F.);
#1105=ADVANCED_FACE('',(#1323),#1197,.T.);
#1106=ADVANCED_FACE('',(#1324),#1198,.F.);
#1107=ADVANCED_FACE('',(#1325),#1199,.F.);
#1108=ADVANCED_FACE('',(#1326),#938,.F.);
#1109=ADVANCED_FACE('',(#1327),#1200,.F.);
#1110=ADVANCED_FACE('',(#1328),#24,.F.);
#1111=ADVANCED_FACE('',(#1329),#905,.T.);
#1112=ADVANCED_FACE('',(#1330),#967,.F.);
#1113=ADVANCED_FACE('',(#1331),#1201,.F.);
#1114=ADVANCED_FACE('',(#1332),#968,.T.);
#1115=ADVANCED_FACE('',(#1333),#906,.T.);
#1116=ADVANCED_FACE('',(#1334),#1202,.F.);
#1117=ADVANCED_FACE('',(#1335),#1203,.F.);
#1118=ADVANCED_FACE('',(#1336),#969,.T.);
#1119=ADVANCED_FACE('',(#1337),#970,.F.);
#1120=ADVANCED_FACE('',(#1338),#971,.F.);
#1121=ADVANCED_FACE('',(#1339),#1204,.T.);
#1122=ADVANCED_FACE('',(#1340),#25,.F.);
#1123=ADVANCED_FACE('',(#1341),#972,.F.);
#1124=ADVANCED_FACE('',(#1342),#1205,.T.);
#1125=ADVANCED_FACE('',(#1343),#973,.F.);
#1126=ADVANCED_FACE('',(#1344),#974,.T.);
#1127=ADVANCED_FACE('',(#1345),#1206,.T.);
#1128=ADVANCED_FACE('',(#1346),#939,.T.);
#1129=ADVANCED_FACE('',(#1347),#1207,.T.);
#1130=ADVANCED_FACE('',(#1348),#1208,.T.);
#1131=ADVANCED_FACE('',(#1349),#1209,.T.);
#1132=ADVANCED_FACE('',(#1350),#1210,.T.);
#1133=ADVANCED_FACE('',(#887,#888),#1211,.F.);
#1134=ADVANCED_FACE('',(#1351),#1212,.F.);
#1135=ADVANCED_FACE('',(#1352),#911,.F.);
#1136=ADVANCED_FACE('',(#1353),#1213,.F.);
#1137=ADVANCED_FACE('',(#1354),#975,.T.);
#1138=ADVANCED_FACE('',(#1355),#976,.F.);
#1139=ADVANCED_FACE('',(#1356),#977,.F.);
#1140=ADVANCED_FACE('',(#1357),#978,.F.);
#1141=ADVANCED_FACE('',(#1358),#1214,.T.);
#1142=ADVANCED_FACE('',(#1359),#26,.F.);
#1143=ADVANCED_FACE('',(#1360),#1215,.T.);
#1144=ADVANCED_FACE('',(#1361),#979,.F.);
#1145=ADVANCED_FACE('',(#1362),#980,.T.);
#1146=ADVANCED_FACE('',(#1363),#940,.T.);
#1147=ADVANCED_FACE('',(#1364),#1216,.F.);
#1148=ADVANCED_FACE('',(#1365),#1217,.T.);
#1149=ADVANCED_FACE('',(#1366),#1218,.F.);
#1150=ADVANCED_FACE('',(#1367),#1219,.T.);
#1151=ADVANCED_FACE('',(#1368),#1220,.F.);
#1152=ADVANCED_FACE('',(#889,#890),#1221,.F.);
#1153=ADVANCED_FACE('',(#1369),#1222,.F.);
#1154=ADVANCED_FACE('',(#1370),#912,.F.);
#1155=PLANE('',#3551);
#1156=PLANE('',#3552);
#1157=PLANE('',#3553);
#1158=PLANE('',#3557);
#1159=PLANE('',#3558);
#1160=PLANE('',#3568);
#1161=PLANE('',#3569);
#1162=PLANE('',#3570);
#1163=PLANE('',#3572);
#1164=PLANE('',#3573);
#1165=PLANE('',#3575);
#1166=PLANE('',#3576);
#1167=PLANE('',#3604);
#1168=PLANE('',#3610);
#1169=PLANE('',#3618);
#1170=PLANE('',#3620);
#1171=PLANE('',#3621);
#1172=PLANE('',#3638);
#1173=PLANE('',#3639);
#1174=PLANE('',#3640);
#1175=PLANE('',#3641);
#1176=PLANE('',#3650);
#1177=PLANE('',#3671);
#1178=PLANE('',#3673);
#1179=PLANE('',#3675);
#1180=PLANE('',#3680);
#1181=PLANE('',#3694);
#1182=PLANE('',#3700);
#1183=PLANE('',#3701);
#1184=PLANE('',#3703);
#1185=PLANE('',#3704);
#1186=PLANE('',#3705);
#1187=PLANE('',#3707);
#1188=PLANE('',#3708);
#1189=PLANE('',#3710);
#1190=PLANE('',#3711);
#1191=PLANE('',#3712);
#1192=PLANE('',#3719);
#1193=PLANE('',#3727);
#1194=PLANE('',#3729);
#1195=PLANE('',#3733);
#1196=PLANE('',#3734);
#1197=PLANE('',#3735);
#1198=PLANE('',#3736);
#1199=PLANE('',#3743);
#1200=PLANE('',#3748);
#1201=PLANE('',#3753);
#1202=PLANE('',#3757);
#1203=PLANE('',#3759);
#1204=PLANE('',#3767);
#1205=PLANE('',#3776);
#1206=PLANE('',#3781);
#1207=PLANE('',#3784);
#1208=PLANE('',#3785);
#1209=PLANE('',#3786);
#1210=PLANE('',#3787);
#1211=PLANE('',#3789);
#1212=PLANE('',#3790);
#1213=PLANE('',#3793);
#1214=PLANE('',#3805);
#1215=PLANE('',#3811);
#1216=PLANE('',#3817);
#1217=PLANE('',#3818);
#1218=PLANE('',#3819);
#1219=PLANE('',#3820);
#1220=PLANE('',#3821);
#1221=PLANE('',#3823);
#1222=PLANE('',#3824);
#1223=FACE_OUTER_BOUND('',#1371,.T.);
#1224=FACE_OUTER_BOUND('',#1372,.T.);
#1225=FACE_OUTER_BOUND('',#1373,.T.);
#1226=FACE_OUTER_BOUND('',#1374,.T.);
#1227=FACE_OUTER_BOUND('',#1375,.T.);
#1228=FACE_OUTER_BOUND('',#1376,.T.);
#1229=FACE_OUTER_BOUND('',#1377,.T.);
#1230=FACE_OUTER_BOUND('',#1378,.T.);
#1231=FACE_OUTER_BOUND('',#1379,.T.);
#1232=FACE_OUTER_BOUND('',#1380,.T.);
#1233=FACE_OUTER_BOUND('',#1381,.T.);
#1234=FACE_OUTER_BOUND('',#1382,.T.);
#1235=FACE_OUTER_BOUND('',#1383,.T.);
#1236=FACE_OUTER_BOUND('',#1384,.T.);
#1237=FACE_OUTER_BOUND('',#1385,.T.);
#1238=FACE_OUTER_BOUND('',#1386,.T.);
#1239=FACE_OUTER_BOUND('',#1387,.T.);
#1240=FACE_OUTER_BOUND('',#1388,.T.);
#1241=FACE_OUTER_BOUND('',#1389,.T.);
#1242=FACE_OUTER_BOUND('',#1390,.T.);
#1243=FACE_OUTER_BOUND('',#1391,.T.);
#1244=FACE_OUTER_BOUND('',#1392,.T.);
#1245=FACE_OUTER_BOUND('',#1393,.T.);
#1246=FACE_OUTER_BOUND('',#1394,.T.);
#1247=FACE_OUTER_BOUND('',#1395,.T.);
#1248=FACE_OUTER_BOUND('',#1396,.T.);
#1249=FACE_OUTER_BOUND('',#1397,.T.);
#1250=FACE_OUTER_BOUND('',#1398,.T.);
#1251=FACE_OUTER_BOUND('',#1399,.T.);
#1252=FACE_OUTER_BOUND('',#1400,.T.);
#1253=FACE_OUTER_BOUND('',#1401,.T.);
#1254=FACE_OUTER_BOUND('',#1402,.T.);
#1255=FACE_OUTER_BOUND('',#1403,.T.);
#1256=FACE_OUTER_BOUND('',#1404,.T.);
#1257=FACE_OUTER_BOUND('',#1405,.T.);
#1258=FACE_OUTER_BOUND('',#1406,.T.);
#1259=FACE_OUTER_BOUND('',#1407,.T.);
#1260=FACE_OUTER_BOUND('',#1408,.T.);
#1261=FACE_OUTER_BOUND('',#1409,.T.);
#1262=FACE_OUTER_BOUND('',#1410,.T.);
#1263=FACE_OUTER_BOUND('',#1411,.T.);
#1264=FACE_OUTER_BOUND('',#1414,.T.);
#1265=FACE_OUTER_BOUND('',#1415,.T.);
#1266=FACE_OUTER_BOUND('',#1416,.T.);
#1267=FACE_OUTER_BOUND('',#1417,.T.);
#1268=FACE_OUTER_BOUND('',#1418,.T.);
#1269=FACE_OUTER_BOUND('',#1419,.T.);
#1270=FACE_OUTER_BOUND('',#1420,.T.);
#1271=FACE_OUTER_BOUND('',#1421,.T.);
#1272=FACE_OUTER_BOUND('',#1422,.T.);
#1273=FACE_OUTER_BOUND('',#1423,.T.);
#1274=FACE_OUTER_BOUND('',#1424,.T.);
#1275=FACE_OUTER_BOUND('',#1425,.T.);
#1276=FACE_OUTER_BOUND('',#1426,.T.);
#1277=FACE_OUTER_BOUND('',#1427,.T.);
#1278=FACE_OUTER_BOUND('',#1428,.T.);
#1279=FACE_OUTER_BOUND('',#1429,.T.);
#1280=FACE_OUTER_BOUND('',#1430,.T.);
#1281=FACE_OUTER_BOUND('',#1431,.T.);
#1282=FACE_OUTER_BOUND('',#1432,.T.);
#1283=FACE_OUTER_BOUND('',#1433,.T.);
#1284=FACE_OUTER_BOUND('',#1434,.T.);
#1285=FACE_OUTER_BOUND('',#1435,.T.);
#1286=FACE_OUTER_BOUND('',#1436,.T.);
#1287=FACE_OUTER_BOUND('',#1437,.T.);
#1288=FACE_OUTER_BOUND('',#1438,.T.);
#1289=FACE_OUTER_BOUND('',#1439,.T.);
#1290=FACE_OUTER_BOUND('',#1440,.T.);
#1291=FACE_OUTER_BOUND('',#1441,.T.);
#1292=FACE_OUTER_BOUND('',#1442,.T.);
#1293=FACE_OUTER_BOUND('',#1443,.T.);
#1294=FACE_OUTER_BOUND('',#1444,.T.);
#1295=FACE_OUTER_BOUND('',#1445,.T.);
#1296=FACE_OUTER_BOUND('',#1446,.T.);
#1297=FACE_OUTER_BOUND('',#1447,.T.);
#1298=FACE_OUTER_BOUND('',#1448,.T.);
#1299=FACE_OUTER_BOUND('',#1449,.T.);
#1300=FACE_OUTER_BOUND('',#1450,.T.);
#1301=FACE_OUTER_BOUND('',#1451,.T.);
#1302=FACE_OUTER_BOUND('',#1452,.T.);
#1303=FACE_OUTER_BOUND('',#1453,.T.);
#1304=FACE_OUTER_BOUND('',#1454,.T.);
#1305=FACE_OUTER_BOUND('',#1455,.T.);
#1306=FACE_OUTER_BOUND('',#1456,.T.);
#1307=FACE_OUTER_BOUND('',#1459,.T.);
#1308=FACE_OUTER_BOUND('',#1460,.T.);
#1309=FACE_OUTER_BOUND('',#1461,.T.);
#1310=FACE_OUTER_BOUND('',#1462,.T.);
#1311=FACE_OUTER_BOUND('',#1463,.T.);
#1312=FACE_OUTER_BOUND('',#1464,.T.);
#1313=FACE_OUTER_BOUND('',#1465,.T.);
#1314=FACE_OUTER_BOUND('',#1466,.T.);
#1315=FACE_OUTER_BOUND('',#1467,.T.);
#1316=FACE_OUTER_BOUND('',#1468,.T.);
#1317=FACE_OUTER_BOUND('',#1469,.T.);
#1318=FACE_OUTER_BOUND('',#1470,.T.);
#1319=FACE_OUTER_BOUND('',#1471,.T.);
#1320=FACE_OUTER_BOUND('',#1472,.T.);
#1321=FACE_OUTER_BOUND('',#1473,.T.);
#1322=FACE_OUTER_BOUND('',#1474,.T.);
#1323=FACE_OUTER_BOUND('',#1475,.T.);
#1324=FACE_OUTER_BOUND('',#1476,.T.);
#1325=FACE_OUTER_BOUND('',#1477,.T.);
#1326=FACE_OUTER_BOUND('',#1478,.T.);
#1327=FACE_OUTER_BOUND('',#1479,.T.);
#1328=FACE_OUTER_BOUND('',#1480,.T.);
#1329=FACE_OUTER_BOUND('',#1481,.T.);
#1330=FACE_OUTER_BOUND('',#1482,.T.);
#1331=FACE_OUTER_BOUND('',#1483,.T.);
#1332=FACE_OUTER_BOUND('',#1484,.T.);
#1333=FACE_OUTER_BOUND('',#1485,.T.);
#1334=FACE_OUTER_BOUND('',#1486,.T.);
#1335=FACE_OUTER_BOUND('',#1487,.T.);
#1336=FACE_OUTER_BOUND('',#1488,.T.);
#1337=FACE_OUTER_BOUND('',#1489,.T.);
#1338=FACE_OUTER_BOUND('',#1490,.T.);
#1339=FACE_OUTER_BOUND('',#1491,.T.);
#1340=FACE_OUTER_BOUND('',#1492,.T.);
#1341=FACE_OUTER_BOUND('',#1493,.T.);
#1342=FACE_OUTER_BOUND('',#1494,.T.);
#1343=FACE_OUTER_BOUND('',#1495,.T.);
#1344=FACE_OUTER_BOUND('',#1496,.T.);
#1345=FACE_OUTER_BOUND('',#1497,.T.);
#1346=FACE_OUTER_BOUND('',#1498,.T.);
#1347=FACE_OUTER_BOUND('',#1499,.T.);
#1348=FACE_OUTER_BOUND('',#1500,.T.);
#1349=FACE_OUTER_BOUND('',#1501,.T.);
#1350=FACE_OUTER_BOUND('',#1502,.T.);
#1351=FACE_OUTER_BOUND('',#1505,.T.);
#1352=FACE_OUTER_BOUND('',#1506,.T.);
#1353=FACE_OUTER_BOUND('',#1507,.T.);
#1354=FACE_OUTER_BOUND('',#1508,.T.);
#1355=FACE_OUTER_BOUND('',#1509,.T.);
#1356=FACE_OUTER_BOUND('',#1510,.T.);
#1357=FACE_OUTER_BOUND('',#1511,.T.);
#1358=FACE_OUTER_BOUND('',#1512,.T.);
#1359=FACE_OUTER_BOUND('',#1513,.T.);
#1360=FACE_OUTER_BOUND('',#1514,.T.);
#1361=FACE_OUTER_BOUND('',#1515,.T.);
#1362=FACE_OUTER_BOUND('',#1516,.T.);
#1363=FACE_OUTER_BOUND('',#1517,.T.);
#1364=FACE_OUTER_BOUND('',#1518,.T.);
#1365=FACE_OUTER_BOUND('',#1519,.T.);
#1366=FACE_OUTER_BOUND('',#1520,.T.);
#1367=FACE_OUTER_BOUND('',#1521,.T.);
#1368=FACE_OUTER_BOUND('',#1522,.T.);
#1369=FACE_OUTER_BOUND('',#1525,.T.);
#1370=FACE_OUTER_BOUND('',#1526,.T.);
#1371=EDGE_LOOP('',(#1671,#1672,#1673,#1674,#1675,#1676,#1677,#1678,#1679,
#1680,#1681,#1682,#1683,#1684,#1685,#1686,#1687,#1688,#1689,#1690,#1691,
#1692,#1693,#1694,#1695,#1696,#1697,#1698,#1699,#1700,#1701,#1702,#1703,
#1704,#1705,#1706,#1707,#1708,#1709,#1710,#1711,#1712,#1713,#1714,#1715,
#1716,#1717,#1718,#1719,#1720));
#1372=EDGE_LOOP('',(#1721,#1722,#1723,#1724));
#1373=EDGE_LOOP('',(#1725,#1726,#1727,#1728));
#1374=EDGE_LOOP('',(#1729,#1730,#1731,#1732));
#1375=EDGE_LOOP('',(#1733,#1734,#1735,#1736));
#1376=EDGE_LOOP('',(#1737,#1738,#1739,#1740));
#1377=EDGE_LOOP('',(#1741,#1742,#1743,#1744,#1745,#1746,#1747,#1748,#1749,
#1750));
#1378=EDGE_LOOP('',(#1751,#1752,#1753,#1754));
#1379=EDGE_LOOP('',(#1755,#1756,#1757,#1758));
#1380=EDGE_LOOP('',(#1759,#1760,#1761,#1762,#1763,#1764));
#1381=EDGE_LOOP('',(#1765,#1766,#1767,#1768));
#1382=EDGE_LOOP('',(#1769,#1770,#1771,#1772));
#1383=EDGE_LOOP('',(#1773,#1774,#1775,#1776));
#1384=EDGE_LOOP('',(#1777,#1778,#1779,#1780));
#1385=EDGE_LOOP('',(#1781,#1782,#1783,#1784));
#1386=EDGE_LOOP('',(#1785,#1786,#1787,#1788,#1789));
#1387=EDGE_LOOP('',(#1790,#1791,#1792,#1793,#1794,#1795,#1796));
#1388=EDGE_LOOP('',(#1797,#1798,#1799));
#1389=EDGE_LOOP('',(#1800,#1801,#1802,#1803));
#1390=EDGE_LOOP('',(#1804,#1805,#1806,#1807));
#1391=EDGE_LOOP('',(#1808,#1809,#1810,#1811));
#1392=EDGE_LOOP('',(#1812,#1813,#1814,#1815));
#1393=EDGE_LOOP('',(#1816,#1817,#1818,#1819));
#1394=EDGE_LOOP('',(#1820,#1821,#1822,#1823));
#1395=EDGE_LOOP('',(#1824,#1825,#1826,#1827));
#1396=EDGE_LOOP('',(#1828,#1829,#1830,#1831));
#1397=EDGE_LOOP('',(#1832,#1833,#1834,#1835,#1836,#1837));
#1398=EDGE_LOOP('',(#1838,#1839,#1840,#1841));
#1399=EDGE_LOOP('',(#1842,#1843,#1844,#1845));
#1400=EDGE_LOOP('',(#1846,#1847,#1848,#1849,#1850));
#1401=EDGE_LOOP('',(#1851,#1852,#1853,#1854));
#1402=EDGE_LOOP('',(#1855,#1856,#1857,#1858));
#1403=EDGE_LOOP('',(#1859,#1860,#1861,#1862));
#1404=EDGE_LOOP('',(#1863,#1864,#1865,#1866));
#1405=EDGE_LOOP('',(#1867,#1868,#1869,#1870));
#1406=EDGE_LOOP('',(#1871,#1872,#1873,#1874));
#1407=EDGE_LOOP('',(#1875,#1876,#1877,#1878));
#1408=EDGE_LOOP('',(#1879,#1880,#1881,#1882));
#1409=EDGE_LOOP('',(#1883,#1884,#1885,#1886));
#1410=EDGE_LOOP('',(#1887,#1888,#1889,#1890));
#1411=EDGE_LOOP('',(#1891,#1892));
#1412=EDGE_LOOP('',(#1893));
#1413=EDGE_LOOP('',(#1894,#1895,#1896,#1897,#1898,#1899));
#1414=EDGE_LOOP('',(#1900,#1901));
#1415=EDGE_LOOP('',(#1902));
#1416=EDGE_LOOP('',(#1903,#1904,#1905,#1906,#1907,#1908,#1909,#1910,#1911,
#1912,#1913,#1914,#1915,#1916,#1917,#1918,#1919,#1920,#1921,#1922,#1923,
#1924,#1925,#1926,#1927,#1928,#1929,#1930,#1931,#1932,#1933,#1934,#1935,
#1936,#1937,#1938,#1939,#1940,#1941,#1942,#1943,#1944,#1945,#1946,#1947,
#1948,#1949,#1950,#1951,#1952));
#1417=EDGE_LOOP('',(#1953,#1954,#1955,#1956));
#1418=EDGE_LOOP('',(#1957,#1958,#1959,#1960));
#1419=EDGE_LOOP('',(#1961,#1962,#1963,#1964));
#1420=EDGE_LOOP('',(#1965,#1966,#1967,#1968,#1969,#1970,#1971,#1972,#1973,
#1974));
#1421=EDGE_LOOP('',(#1975,#1976,#1977,#1978));
#1422=EDGE_LOOP('',(#1979,#1980,#1981,#1982));
#1423=EDGE_LOOP('',(#1983,#1984,#1985,#1986));
#1424=EDGE_LOOP('',(#1987,#1988,#1989,#1990,#1991));
#1425=EDGE_LOOP('',(#1992,#1993,#1994));
#1426=EDGE_LOOP('',(#1995,#1996,#1997,#1998));
#1427=EDGE_LOOP('',(#1999,#2000,#2001,#2002));
#1428=EDGE_LOOP('',(#2003,#2004,#2005,#2006));
#1429=EDGE_LOOP('',(#2007,#2008,#2009,#2010,#2011,#2012,#2013));
#1430=EDGE_LOOP('',(#2014,#2015,#2016,#2017));
#1431=EDGE_LOOP('',(#2018,#2019,#2020,#2021));
#1432=EDGE_LOOP('',(#2022,#2023,#2024,#2025));
#1433=EDGE_LOOP('',(#2026,#2027,#2028,#2029));
#1434=EDGE_LOOP('',(#2030,#2031,#2032,#2033));
#1435=EDGE_LOOP('',(#2034,#2035,#2036,#2037));
#1436=EDGE_LOOP('',(#2038,#2039,#2040,#2041));
#1437=EDGE_LOOP('',(#2042,#2043,#2044,#2045));
#1438=EDGE_LOOP('',(#2046,#2047,#2048,#2049));
#1439=EDGE_LOOP('',(#2050,#2051,#2052,#2053));
#1440=EDGE_LOOP('',(#2054,#2055,#2056,#2057));
#1441=EDGE_LOOP('',(#2058,#2059,#2060,#2061,#2062));
#1442=EDGE_LOOP('',(#2063,#2064,#2065,#2066));
#1443=EDGE_LOOP('',(#2067,#2068,#2069,#2070));
#1444=EDGE_LOOP('',(#2071,#2072,#2073,#2074));
#1445=EDGE_LOOP('',(#2075,#2076,#2077,#2078));
#1446=EDGE_LOOP('',(#2079,#2080,#2081,#2082));
#1447=EDGE_LOOP('',(#2083,#2084,#2085,#2086));
#1448=EDGE_LOOP('',(#2087,#2088,#2089,#2090));
#1449=EDGE_LOOP('',(#2091,#2092,#2093,#2094));
#1450=EDGE_LOOP('',(#2095,#2096,#2097,#2098,#2099,#2100));
#1451=EDGE_LOOP('',(#2101,#2102,#2103,#2104));
#1452=EDGE_LOOP('',(#2105,#2106,#2107,#2108));
#1453=EDGE_LOOP('',(#2109,#2110,#2111,#2112));
#1454=EDGE_LOOP('',(#2113,#2114,#2115,#2116,#2117,#2118));
#1455=EDGE_LOOP('',(#2119,#2120,#2121,#2122));
#1456=EDGE_LOOP('',(#2123,#2124));
#1457=EDGE_LOOP('',(#2125));
#1458=EDGE_LOOP('',(#2126,#2127,#2128,#2129,#2130,#2131));
#1459=EDGE_LOOP('',(#2132,#2133));
#1460=EDGE_LOOP('',(#2134));
#1461=EDGE_LOOP('',(#2135,#2136,#2137,#2138));
#1462=EDGE_LOOP('',(#2139,#2140,#2141,#2142));
#1463=EDGE_LOOP('',(#2143,#2144,#2145,#2146));
#1464=EDGE_LOOP('',(#2147,#2148,#2149,#2150,#2151,#2152,#2153,#2154,#2155,
#2156,#2157,#2158,#2159,#2160,#2161,#2162,#2163,#2164));
#1465=EDGE_LOOP('',(#2165,#2166,#2167,#2168));
#1466=EDGE_LOOP('',(#2169,#2170,#2171,#2172));
#1467=EDGE_LOOP('',(#2173,#2174,#2175,#2176));
#1468=EDGE_LOOP('',(#2177,#2178,#2179,#2180,#2181,#2182));
#1469=EDGE_LOOP('',(#2183,#2184,#2185,#2186));
#1470=EDGE_LOOP('',(#2187,#2188,#2189,#2190));
#1471=EDGE_LOOP('',(#2191,#2192,#2193,#2194));
#1472=EDGE_LOOP('',(#2195,#2196,#2197,#2198));
#1473=EDGE_LOOP('',(#2199,#2200));
#1474=EDGE_LOOP('',(#2201,#2202,#2203,#2204));
#1475=EDGE_LOOP('',(#2205,#2206,#2207,#2208));
#1476=EDGE_LOOP('',(#2209,#2210,#2211,#2212));
#1477=EDGE_LOOP('',(#2213,#2214,#2215,#2216,#2217,#2218,#2219,#2220,#2221,
#2222,#2223,#2224,#2225,#2226,#2227,#2228,#2229,#2230));
#1478=EDGE_LOOP('',(#2231,#2232,#2233,#2234));
#1479=EDGE_LOOP('',(#2235,#2236,#2237,#2238,#2239,#2240));
#1480=EDGE_LOOP('',(#2241,#2242,#2243,#2244));
#1481=EDGE_LOOP('',(#2245,#2246,#2247,#2248));
#1482=EDGE_LOOP('',(#2249,#2250,#2251,#2252));
#1483=EDGE_LOOP('',(#2253,#2254,#2255,#2256));
#1484=EDGE_LOOP('',(#2257,#2258,#2259,#2260));
#1485=EDGE_LOOP('',(#2261,#2262,#2263,#2264));
#1486=EDGE_LOOP('',(#2265,#2266));
#1487=EDGE_LOOP('',(#2267,#2268));
#1488=EDGE_LOOP('',(#2269,#2270,#2271,#2272));
#1489=EDGE_LOOP('',(#2273,#2274,#2275,#2276));
#1490=EDGE_LOOP('',(#2277,#2278,#2279,#2280));
#1491=EDGE_LOOP('',(#2281,#2282,#2283,#2284));
#1492=EDGE_LOOP('',(#2285,#2286,#2287,#2288));
#1493=EDGE_LOOP('',(#2289,#2290,#2291,#2292));
#1494=EDGE_LOOP('',(#2293,#2294,#2295,#2296,#2297,#2298));
#1495=EDGE_LOOP('',(#2299,#2300,#2301,#2302));
#1496=EDGE_LOOP('',(#2303,#2304,#2305,#2306));
#1497=EDGE_LOOP('',(#2307,#2308,#2309,#2310));
#1498=EDGE_LOOP('',(#2311,#2312,#2313,#2314,#2315,#2316,#2317,#2318,#2319,
#2320));
#1499=EDGE_LOOP('',(#2321,#2322,#2323,#2324));
#1500=EDGE_LOOP('',(#2325,#2326,#2327,#2328));
#1501=EDGE_LOOP('',(#2329,#2330,#2331,#2332));
#1502=EDGE_LOOP('',(#2333,#2334,#2335,#2336,#2337,#2338,#2339,#2340,#2341,
#2342,#2343,#2344,#2345,#2346,#2347,#2348,#2349,#2350));
#1503=EDGE_LOOP('',(#2351));
#1504=EDGE_LOOP('',(#2352,#2353,#2354,#2355,#2356,#2357));
#1505=EDGE_LOOP('',(#2358,#2359));
#1506=EDGE_LOOP('',(#2360));
#1507=EDGE_LOOP('',(#2361,#2362));
#1508=EDGE_LOOP('',(#2363,#2364,#2365,#2366));
#1509=EDGE_LOOP('',(#2367,#2368,#2369,#2370));
#1510=EDGE_LOOP('',(#2371,#2372,#2373,#2374));
#1511=EDGE_LOOP('',(#2375,#2376,#2377,#2378));
#1512=EDGE_LOOP('',(#2379,#2380,#2381,#2382,#2383,#2384));
#1513=EDGE_LOOP('',(#2385,#2386,#2387,#2388));
#1514=EDGE_LOOP('',(#2389,#2390,#2391,#2392));
#1515=EDGE_LOOP('',(#2393,#2394,#2395,#2396));
#1516=EDGE_LOOP('',(#2397,#2398,#2399,#2400));
#1517=EDGE_LOOP('',(#2401,#2402,#2403,#2404,#2405,#2406,#2407,#2408,#2409,
#2410));
#1518=EDGE_LOOP('',(#2411,#2412,#2413,#2414));
#1519=EDGE_LOOP('',(#2415,#2416,#2417,#2418));
#1520=EDGE_LOOP('',(#2419,#2420,#2421,#2422));
#1521=EDGE_LOOP('',(#2423,#2424,#2425,#2426));
#1522=EDGE_LOOP('',(#2427,#2428,#2429,#2430,#2431,#2432,#2433,#2434,#2435,
#2436,#2437,#2438,#2439,#2440,#2441,#2442,#2443,#2444));
#1523=EDGE_LOOP('',(#2445));
#1524=EDGE_LOOP('',(#2446,#2447,#2448,#2449,#2450,#2451));
#1525=EDGE_LOOP('',(#2452,#2453));
#1526=EDGE_LOOP('',(#2454));
#1527=CIRCLE('',#3536,0.5);
#1528=CIRCLE('',#3537,77.11318394999);
#1529=CIRCLE('',#3538,23.0633670147392);
#1530=CIRCLE('',#3539,23.0633670147392);
#1531=CIRCLE('',#3540,23.0633670147392);
#1532=CIRCLE('',#3541,23.0633670147392);
#1533=CIRCLE('',#3542,23.0633670147392);
#1534=CIRCLE('',#3543,23.0633670147392);
#1535=CIRCLE('',#3544,1.);
#1536=CIRCLE('',#3545,0.5);
#1537=CIRCLE('',#3546,0.5);
#1538=CIRCLE('',#3547,23.0633670147392);
#1539=CIRCLE('',#3548,23.0633670147392);
#1540=CIRCLE('',#3549,77.11318394999);
#1541=CIRCLE('',#3550,0.5);
#1542=CIRCLE('',#3554,3.25);
#1543=CIRCLE('',#3555,3.25);
#1544=CIRCLE('',#3559,17.7168673775427);
#1545=CIRCLE('',#3560,17.6813386597282);
#1546=CIRCLE('',#3561,17.6147014604426);
#1547=CIRCLE('',#3562,17.6813386597282);
#1548=CIRCLE('',#3564,3.25);
#1549=CIRCLE('',#3565,3.25);
#1550=CIRCLE('',#3567,11.5564516446477);
#1551=CIRCLE('',#3571,9.97612712302337);
#1552=CIRCLE('',#3574,0.5);
#1553=CIRCLE('',#3577,1.);
#1554=CIRCLE('',#3579,1.);
#1555=CIRCLE('',#3581,1.);
#1556=CIRCLE('',#3583,1.);
#1557=CIRCLE('',#3586,0.5);
#1558=CIRCLE('',#3588,0.5);
#1559=CIRCLE('',#3596,12.4076702234397);
#1560=CIRCLE('',#3597,11.1777620827283);
#1561=CIRCLE('',#3598,15.);
#1562=CIRCLE('',#3599,13.0982202000044);
#1563=CIRCLE('',#3600,5.04984193569704);
#1564=CIRCLE('',#3601,6.50096024900558);
#1565=CIRCLE('',#3602,9.97612712302337);
#1566=CIRCLE('',#3603,5.0084949118349);
#1567=CIRCLE('',#3605,17.5);
#1568=CIRCLE('',#3606,17.5149968845363);
#1569=CIRCLE('',#3608,17.6147014604425);
#1570=CIRCLE('',#3611,13.0064280515746);
#1571=CIRCLE('',#3614,10.8390950420164);
#1572=CIRCLE('',#3619,2.5);
#1573=CIRCLE('',#3623,0.5);
#1574=CIRCLE('',#3624,77.11318394999);
#1575=CIRCLE('',#3625,23.0633670147392);
#1576=CIRCLE('',#3626,23.0633670147392);
#1577=CIRCLE('',#3627,0.5);
#1578=CIRCLE('',#3628,0.5);
#1579=CIRCLE('',#3629,1.);
#1580=CIRCLE('',#3630,23.0633670147392);
#1581=CIRCLE('',#3631,23.0633670147392);
#1582=CIRCLE('',#3632,23.0633670147392);
#1583=CIRCLE('',#3633,23.0633670147392);
#1584=CIRCLE('',#3634,23.0633670147392);
#1585=CIRCLE('',#3635,23.0633670147392);
#1586=CIRCLE('',#3636,77.11318394999);
#1587=CIRCLE('',#3637,0.5);
#1588=CIRCLE('',#3642,17.7168673775427);
#1589=CIRCLE('',#3643,17.6813386597282);
#1590=CIRCLE('',#3644,17.6147014604426);
#1591=CIRCLE('',#3645,17.6813386597282);
#1592=CIRCLE('',#3647,3.25);
#1593=CIRCLE('',#3648,3.25);
#1594=CIRCLE('',#3651,3.25);
#1595=CIRCLE('',#3652,3.25);
#1596=CIRCLE('',#3655,1.);
#1597=CIRCLE('',#3656,1.);
#1598=CIRCLE('',#3658,1.);
#1599=CIRCLE('',#3659,1.);
#1600=CIRCLE('',#3661,0.5);
#1601=CIRCLE('',#3662,0.5);
#1602=CIRCLE('',#3663,0.5);
#1603=CIRCLE('',#3676,5.0084949118349);
#1604=CIRCLE('',#3677,6.50096024900558);
#1605=CIRCLE('',#3679,5.04984193569704);
#1606=CIRCLE('',#3681,9.97612712302337);
#1607=CIRCLE('',#3682,10.8390950420164);
#1608=CIRCLE('',#3684,11.1777620827283);
#1609=CIRCLE('',#3686,9.97612712302337);
#1610=CIRCLE('',#3687,13.0064280515746);
#1611=CIRCLE('',#3688,13.0982202000044);
#1612=CIRCLE('',#3690,12.4076702234397);
#1613=CIRCLE('',#3692,17.6147014604425);
#1614=CIRCLE('',#3693,17.5149968845363);
#1615=CIRCLE('',#3696,17.5);
#1616=CIRCLE('',#3697,15.);
#1617=CIRCLE('',#3699,11.5564516446477);
#1618=CIRCLE('',#3706,2.5);
#1619=CIRCLE('',#3713,2.5);
#1620=CIRCLE('',#3714,77.1131839499913);
#1621=CIRCLE('',#3715,25.8603087862362);
#1622=CIRCLE('',#3716,25.8603087862362);
#1623=CIRCLE('',#3717,77.1131839499913);
#1624=CIRCLE('',#3718,2.5);
#1625=CIRCLE('',#3720,19.9149573381208);
#1626=CIRCLE('',#3721,19.5);
#1627=CIRCLE('',#3723,18.9161068902699);
#1628=CIRCLE('',#3725,17.);
#1629=CIRCLE('',#3726,18.9161068902699);
#1630=CIRCLE('',#3730,3.25);
#1631=CIRCLE('',#3731,3.25);
#1632=CIRCLE('',#3737,2.5);
#1633=CIRCLE('',#3738,77.1131839499913);
#1634=CIRCLE('',#3739,25.8603087862362);
#1635=CIRCLE('',#3740,25.8603087862362);
#1636=CIRCLE('',#3741,77.1131839499913);
#1637=CIRCLE('',#3742,2.5);
#1638=CIRCLE('',#3744,19.9149573381208);
#1639=CIRCLE('',#3745,19.5);
#1640=CIRCLE('',#3747,18.9161068902699);
#1641=CIRCLE('',#3749,18.9161068902699);
#1642=CIRCLE('',#3751,17.);
#1643=CIRCLE('',#3754,3.25);
#1644=CIRCLE('',#3755,3.25);
#1645=CIRCLE('',#3758,18.9161068902699);
#1646=CIRCLE('',#3760,18.9161068902699);
#1647=CIRCLE('',#3762,0.5);
#1648=CIRCLE('',#3766,17.7501004362153);
#1649=CIRCLE('',#3768,2.5);
#1650=CIRCLE('',#3769,18.0014762482299);
#1651=CIRCLE('',#3770,2.5);
#1652=CIRCLE('',#3774,3.25);
#1653=CIRCLE('',#3775,17.7501004362153);
#1654=CIRCLE('',#3777,0.5);
#1655=CIRCLE('',#3779,3.25);
#1656=CIRCLE('',#3782,17.7168673775427);
#1657=CIRCLE('',#3788,2.5);
#1658=CIRCLE('',#3792,18.9161068902699);
#1659=CIRCLE('',#3794,18.9161068902699);
#1660=CIRCLE('',#3796,0.5);
#1661=CIRCLE('',#3799,0.5);
#1662=CIRCLE('',#3803,17.7501004362153);
#1663=CIRCLE('',#3804,3.25);
#1664=CIRCLE('',#3806,2.5);
#1665=CIRCLE('',#3807,18.0014762482299);
#1666=CIRCLE('',#3808,2.5);
#1667=CIRCLE('',#3810,17.7501004362153);
#1668=CIRCLE('',#3813,3.25);
#1669=CIRCLE('',#3815,17.7168673775427);
#1670=CIRCLE('',#3822,2.5);
#1671=ORIENTED_EDGE('',*,*,#2711,.T.);
#1672=ORIENTED_EDGE('',*,*,#2712,.T.);
#1673=ORIENTED_EDGE('',*,*,#2713,.T.);
#1674=ORIENTED_EDGE('',*,*,#2714,.T.);
#1675=ORIENTED_EDGE('',*,*,#2715,.F.);
#1676=ORIENTED_EDGE('',*,*,#2716,.F.);
#1677=ORIENTED_EDGE('',*,*,#2717,.F.);
#1678=ORIENTED_EDGE('',*,*,#2718,.T.);
#1679=ORIENTED_EDGE('',*,*,#2719,.T.);
#1680=ORIENTED_EDGE('',*,*,#2720,.F.);
#1681=ORIENTED_EDGE('',*,*,#2721,.F.);
#1682=ORIENTED_EDGE('',*,*,#2722,.F.);
#1683=ORIENTED_EDGE('',*,*,#2723,.F.);
#1684=ORIENTED_EDGE('',*,*,#2724,.F.);
#1685=ORIENTED_EDGE('',*,*,#2725,.F.);
#1686=ORIENTED_EDGE('',*,*,#2726,.T.);
#1687=ORIENTED_EDGE('',*,*,#2727,.T.);
#1688=ORIENTED_EDGE('',*,*,#2728,.F.);
#1689=ORIENTED_EDGE('',*,*,#2729,.F.);
#1690=ORIENTED_EDGE('',*,*,#2730,.T.);
#1691=ORIENTED_EDGE('',*,*,#2731,.F.);
#1692=ORIENTED_EDGE('',*,*,#2732,.T.);
#1693=ORIENTED_EDGE('',*,*,#2733,.F.);
#1694=ORIENTED_EDGE('',*,*,#2734,.F.);
#1695=ORIENTED_EDGE('',*,*,#2735,.T.);
#1696=ORIENTED_EDGE('',*,*,#2736,.T.);
#1697=ORIENTED_EDGE('',*,*,#2737,.T.);
#1698=ORIENTED_EDGE('',*,*,#2738,.T.);
#1699=ORIENTED_EDGE('',*,*,#2739,.F.);
#1700=ORIENTED_EDGE('',*,*,#2740,.F.);
#1701=ORIENTED_EDGE('',*,*,#2741,.F.);
#1702=ORIENTED_EDGE('',*,*,#2742,.T.);
#1703=ORIENTED_EDGE('',*,*,#2743,.F.);
#1704=ORIENTED_EDGE('',*,*,#2744,.F.);
#1705=ORIENTED_EDGE('',*,*,#2745,.F.);
#1706=ORIENTED_EDGE('',*,*,#2746,.F.);
#1707=ORIENTED_EDGE('',*,*,#2747,.F.);
#1708=ORIENTED_EDGE('',*,*,#2748,.F.);
#1709=ORIENTED_EDGE('',*,*,#2749,.T.);
#1710=ORIENTED_EDGE('',*,*,#2750,.T.);
#1711=ORIENTED_EDGE('',*,*,#2751,.F.);
#1712=ORIENTED_EDGE('',*,*,#2752,.F.);
#1713=ORIENTED_EDGE('',*,*,#2753,.F.);
#1714=ORIENTED_EDGE('',*,*,#2754,.T.);
#1715=ORIENTED_EDGE('',*,*,#2755,.T.);
#1716=ORIENTED_EDGE('',*,*,#2756,.T.);
#1717=ORIENTED_EDGE('',*,*,#2757,.T.);
#1718=ORIENTED_EDGE('',*,*,#2758,.T.);
#1719=ORIENTED_EDGE('',*,*,#2759,.T.);
#1720=ORIENTED_EDGE('',*,*,#2760,.F.);
#1721=ORIENTED_EDGE('',*,*,#2761,.F.);
#1722=ORIENTED_EDGE('',*,*,#2762,.F.);
#1723=ORIENTED_EDGE('',*,*,#2760,.T.);
#1724=ORIENTED_EDGE('',*,*,#2763,.T.);
#1725=ORIENTED_EDGE('',*,*,#2764,.T.);
#1726=ORIENTED_EDGE('',*,*,#2761,.T.);
#1727=ORIENTED_EDGE('',*,*,#2765,.T.);
#1728=ORIENTED_EDGE('',*,*,#2766,.T.);
#1729=ORIENTED_EDGE('',*,*,#2757,.F.);
#1730=ORIENTED_EDGE('',*,*,#2767,.F.);
#1731=ORIENTED_EDGE('',*,*,#2755,.F.);
#1732=ORIENTED_EDGE('',*,*,#2768,.F.);
#1733=ORIENTED_EDGE('',*,*,#2712,.F.);
#1734=ORIENTED_EDGE('',*,*,#2769,.F.);
#1735=ORIENTED_EDGE('',*,*,#2770,.F.);
#1736=ORIENTED_EDGE('',*,*,#2771,.T.);
#1737=ORIENTED_EDGE('',*,*,#2772,.T.);
#1738=ORIENTED_EDGE('',*,*,#2773,.T.);
#1739=ORIENTED_EDGE('',*,*,#2774,.T.);
#1740=ORIENTED_EDGE('',*,*,#2770,.T.);
#1741=ORIENTED_EDGE('',*,*,#2775,.F.);
#1742=ORIENTED_EDGE('',*,*,#2766,.F.);
#1743=ORIENTED_EDGE('',*,*,#2776,.F.);
#1744=ORIENTED_EDGE('',*,*,#2777,.T.);
#1745=ORIENTED_EDGE('',*,*,#2753,.T.);
#1746=ORIENTED_EDGE('',*,*,#2778,.T.);
#1747=ORIENTED_EDGE('',*,*,#2715,.T.);
#1748=ORIENTED_EDGE('',*,*,#2779,.T.);
#1749=ORIENTED_EDGE('',*,*,#2780,.F.);
#1750=ORIENTED_EDGE('',*,*,#2773,.F.);
#1751=ORIENTED_EDGE('',*,*,#2732,.F.);
#1752=ORIENTED_EDGE('',*,*,#2781,.T.);
#1753=ORIENTED_EDGE('',*,*,#2730,.F.);
#1754=ORIENTED_EDGE('',*,*,#2782,.T.);
#1755=ORIENTED_EDGE('',*,*,#2744,.T.);
#1756=ORIENTED_EDGE('',*,*,#2783,.T.);
#1757=ORIENTED_EDGE('',*,*,#2784,.T.);
#1758=ORIENTED_EDGE('',*,*,#2785,.F.);
#1759=ORIENTED_EDGE('',*,*,#2754,.F.);
#1760=ORIENTED_EDGE('',*,*,#2777,.F.);
#1761=ORIENTED_EDGE('',*,*,#2786,.T.);
#1762=ORIENTED_EDGE('',*,*,#2787,.T.);
#1763=ORIENTED_EDGE('',*,*,#2758,.F.);
#1764=ORIENTED_EDGE('',*,*,#2768,.T.);
#1765=ORIENTED_EDGE('',*,*,#2714,.F.);
#1766=ORIENTED_EDGE('',*,*,#2788,.T.);
#1767=ORIENTED_EDGE('',*,*,#2789,.T.);
#1768=ORIENTED_EDGE('',*,*,#2779,.F.);
#1769=ORIENTED_EDGE('',*,*,#2737,.F.);
#1770=ORIENTED_EDGE('',*,*,#2790,.T.);
#1771=ORIENTED_EDGE('',*,*,#2791,.T.);
#1772=ORIENTED_EDGE('',*,*,#2792,.T.);
#1773=ORIENTED_EDGE('',*,*,#2739,.T.);
#1774=ORIENTED_EDGE('',*,*,#2793,.T.);
#1775=ORIENTED_EDGE('',*,*,#2794,.T.);
#1776=ORIENTED_EDGE('',*,*,#2795,.T.);
#1777=ORIENTED_EDGE('',*,*,#2741,.T.);
#1778=ORIENTED_EDGE('',*,*,#2796,.T.);
#1779=ORIENTED_EDGE('',*,*,#2797,.T.);
#1780=ORIENTED_EDGE('',*,*,#2798,.T.);
#1781=ORIENTED_EDGE('',*,*,#2743,.T.);
#1782=ORIENTED_EDGE('',*,*,#2799,.T.);
#1783=ORIENTED_EDGE('',*,*,#2800,.T.);
#1784=ORIENTED_EDGE('',*,*,#2783,.F.);
#1785=ORIENTED_EDGE('',*,*,#2794,.F.);
#1786=ORIENTED_EDGE('',*,*,#2801,.T.);
#1787=ORIENTED_EDGE('',*,*,#2802,.T.);
#1788=ORIENTED_EDGE('',*,*,#2800,.F.);
#1789=ORIENTED_EDGE('',*,*,#2803,.T.);
#1790=ORIENTED_EDGE('',*,*,#2784,.F.);
#1791=ORIENTED_EDGE('',*,*,#2802,.F.);
#1792=ORIENTED_EDGE('',*,*,#2804,.F.);
#1793=ORIENTED_EDGE('',*,*,#2791,.F.);
#1794=ORIENTED_EDGE('',*,*,#2805,.T.);
#1795=ORIENTED_EDGE('',*,*,#2806,.T.);
#1796=ORIENTED_EDGE('',*,*,#2807,.T.);
#1797=ORIENTED_EDGE('',*,*,#2801,.F.);
#1798=ORIENTED_EDGE('',*,*,#2808,.F.);
#1799=ORIENTED_EDGE('',*,*,#2804,.T.);
#1800=ORIENTED_EDGE('',*,*,#2793,.F.);
#1801=ORIENTED_EDGE('',*,*,#2738,.F.);
#1802=ORIENTED_EDGE('',*,*,#2792,.F.);
#1803=ORIENTED_EDGE('',*,*,#2808,.T.);
#1804=ORIENTED_EDGE('',*,*,#2796,.F.);
#1805=ORIENTED_EDGE('',*,*,#2740,.T.);
#1806=ORIENTED_EDGE('',*,*,#2795,.F.);
#1807=ORIENTED_EDGE('',*,*,#2809,.F.);
#1808=ORIENTED_EDGE('',*,*,#2809,.T.);
#1809=ORIENTED_EDGE('',*,*,#2803,.F.);
#1810=ORIENTED_EDGE('',*,*,#2810,.F.);
#1811=ORIENTED_EDGE('',*,*,#2797,.F.);
#1812=ORIENTED_EDGE('',*,*,#2799,.F.);
#1813=ORIENTED_EDGE('',*,*,#2742,.F.);
#1814=ORIENTED_EDGE('',*,*,#2798,.F.);
#1815=ORIENTED_EDGE('',*,*,#2810,.T.);
#1816=ORIENTED_EDGE('',*,*,#2765,.F.);
#1817=ORIENTED_EDGE('',*,*,#2811,.F.);
#1818=ORIENTED_EDGE('',*,*,#2786,.F.);
#1819=ORIENTED_EDGE('',*,*,#2776,.T.);
#1820=ORIENTED_EDGE('',*,*,#2763,.F.);
#1821=ORIENTED_EDGE('',*,*,#2759,.F.);
#1822=ORIENTED_EDGE('',*,*,#2787,.F.);
#1823=ORIENTED_EDGE('',*,*,#2811,.T.);
#1824=ORIENTED_EDGE('',*,*,#2788,.F.);
#1825=ORIENTED_EDGE('',*,*,#2713,.F.);
#1826=ORIENTED_EDGE('',*,*,#2771,.F.);
#1827=ORIENTED_EDGE('',*,*,#2812,.F.);
#1828=ORIENTED_EDGE('',*,*,#2789,.F.);
#1829=ORIENTED_EDGE('',*,*,#2812,.T.);
#1830=ORIENTED_EDGE('',*,*,#2774,.F.);
#1831=ORIENTED_EDGE('',*,*,#2780,.T.);
#1832=ORIENTED_EDGE('',*,*,#2813,.F.);
#1833=ORIENTED_EDGE('',*,*,#2745,.T.);
#1834=ORIENTED_EDGE('',*,*,#2785,.T.);
#1835=ORIENTED_EDGE('',*,*,#2807,.F.);
#1836=ORIENTED_EDGE('',*,*,#2814,.T.);
#1837=ORIENTED_EDGE('',*,*,#2723,.T.);
#1838=ORIENTED_EDGE('',*,*,#2815,.F.);
#1839=ORIENTED_EDGE('',*,*,#2748,.T.);
#1840=ORIENTED_EDGE('',*,*,#2816,.T.);
#1841=ORIENTED_EDGE('',*,*,#2720,.T.);
#1842=ORIENTED_EDGE('',*,*,#2817,.F.);
#1843=ORIENTED_EDGE('',*,*,#2733,.T.);
#1844=ORIENTED_EDGE('',*,*,#2782,.F.);
#1845=ORIENTED_EDGE('',*,*,#2729,.T.);
#1846=ORIENTED_EDGE('',*,*,#2790,.F.);
#1847=ORIENTED_EDGE('',*,*,#2736,.F.);
#1848=ORIENTED_EDGE('',*,*,#2818,.T.);
#1849=ORIENTED_EDGE('',*,*,#2726,.F.);
#1850=ORIENTED_EDGE('',*,*,#2819,.F.);
#1851=ORIENTED_EDGE('',*,*,#2817,.T.);
#1852=ORIENTED_EDGE('',*,*,#2728,.T.);
#1853=ORIENTED_EDGE('',*,*,#2820,.F.);
#1854=ORIENTED_EDGE('',*,*,#2734,.T.);
#1855=ORIENTED_EDGE('',*,*,#2821,.T.);
#1856=ORIENTED_EDGE('',*,*,#2718,.F.);
#1857=ORIENTED_EDGE('',*,*,#2822,.F.);
#1858=ORIENTED_EDGE('',*,*,#2750,.F.);
#1859=ORIENTED_EDGE('',*,*,#2821,.F.);
#1860=ORIENTED_EDGE('',*,*,#2749,.F.);
#1861=ORIENTED_EDGE('',*,*,#2815,.T.);
#1862=ORIENTED_EDGE('',*,*,#2719,.F.);
#1863=ORIENTED_EDGE('',*,*,#2823,.F.);
#1864=ORIENTED_EDGE('',*,*,#2716,.T.);
#1865=ORIENTED_EDGE('',*,*,#2778,.F.);
#1866=ORIENTED_EDGE('',*,*,#2752,.T.);
#1867=ORIENTED_EDGE('',*,*,#2717,.T.);
#1868=ORIENTED_EDGE('',*,*,#2823,.T.);
#1869=ORIENTED_EDGE('',*,*,#2751,.T.);
#1870=ORIENTED_EDGE('',*,*,#2822,.T.);
#1871=ORIENTED_EDGE('',*,*,#2813,.T.);
#1872=ORIENTED_EDGE('',*,*,#2722,.T.);
#1873=ORIENTED_EDGE('',*,*,#2824,.T.);
#1874=ORIENTED_EDGE('',*,*,#2746,.T.);
#1875=ORIENTED_EDGE('',*,*,#2824,.F.);
#1876=ORIENTED_EDGE('',*,*,#2721,.T.);
#1877=ORIENTED_EDGE('',*,*,#2816,.F.);
#1878=ORIENTED_EDGE('',*,*,#2747,.T.);
#1879=ORIENTED_EDGE('',*,*,#2825,.F.);
#1880=ORIENTED_EDGE('',*,*,#2724,.T.);
#1881=ORIENTED_EDGE('',*,*,#2814,.F.);
#1882=ORIENTED_EDGE('',*,*,#2806,.F.);
#1883=ORIENTED_EDGE('',*,*,#2819,.T.);
#1884=ORIENTED_EDGE('',*,*,#2725,.T.);
#1885=ORIENTED_EDGE('',*,*,#2825,.T.);
#1886=ORIENTED_EDGE('',*,*,#2805,.F.);
#1887=ORIENTED_EDGE('',*,*,#2820,.T.);
#1888=ORIENTED_EDGE('',*,*,#2727,.F.);
#1889=ORIENTED_EDGE('',*,*,#2818,.F.);
#1890=ORIENTED_EDGE('',*,*,#2735,.F.);
#1891=ORIENTED_EDGE('',*,*,#2781,.F.);
#1892=ORIENTED_EDGE('',*,*,#2731,.T.);
#1893=ORIENTED_EDGE('',*,*,#2826,.F.);
#1894=ORIENTED_EDGE('',*,*,#2769,.T.);
#1895=ORIENTED_EDGE('',*,*,#2711,.F.);
#1896=ORIENTED_EDGE('',*,*,#2762,.T.);
#1897=ORIENTED_EDGE('',*,*,#2764,.F.);
#1898=ORIENTED_EDGE('',*,*,#2775,.T.);
#1899=ORIENTED_EDGE('',*,*,#2772,.F.);
#1900=ORIENTED_EDGE('',*,*,#2767,.T.);
#1901=ORIENTED_EDGE('',*,*,#2756,.F.);
#1902=ORIENTED_EDGE('',*,*,#2826,.T.);
#1903=ORIENTED_EDGE('',*,*,#2827,.T.);
#1904=ORIENTED_EDGE('',*,*,#2828,.T.);
#1905=ORIENTED_EDGE('',*,*,#2829,.F.);
#1906=ORIENTED_EDGE('',*,*,#2830,.T.);
#1907=ORIENTED_EDGE('',*,*,#2831,.T.);
#1908=ORIENTED_EDGE('',*,*,#2832,.T.);
#1909=ORIENTED_EDGE('',*,*,#2833,.T.);
#1910=ORIENTED_EDGE('',*,*,#2834,.T.);
#1911=ORIENTED_EDGE('',*,*,#2835,.T.);
#1912=ORIENTED_EDGE('',*,*,#2836,.F.);
#1913=ORIENTED_EDGE('',*,*,#2837,.F.);
#1914=ORIENTED_EDGE('',*,*,#2838,.F.);
#1915=ORIENTED_EDGE('',*,*,#2839,.T.);
#1916=ORIENTED_EDGE('',*,*,#2840,.T.);
#1917=ORIENTED_EDGE('',*,*,#2841,.F.);
#1918=ORIENTED_EDGE('',*,*,#2842,.F.);
#1919=ORIENTED_EDGE('',*,*,#2843,.F.);
#1920=ORIENTED_EDGE('',*,*,#2844,.F.);
#1921=ORIENTED_EDGE('',*,*,#2845,.F.);
#1922=ORIENTED_EDGE('',*,*,#2846,.F.);
#1923=ORIENTED_EDGE('',*,*,#2847,.T.);
#1924=ORIENTED_EDGE('',*,*,#2848,.F.);
#1925=ORIENTED_EDGE('',*,*,#2849,.F.);
#1926=ORIENTED_EDGE('',*,*,#2850,.F.);
#1927=ORIENTED_EDGE('',*,*,#2851,.T.);
#1928=ORIENTED_EDGE('',*,*,#2852,.T.);
#1929=ORIENTED_EDGE('',*,*,#2853,.T.);
#1930=ORIENTED_EDGE('',*,*,#2854,.T.);
#1931=ORIENTED_EDGE('',*,*,#2855,.F.);
#1932=ORIENTED_EDGE('',*,*,#2856,.F.);
#1933=ORIENTED_EDGE('',*,*,#2857,.T.);
#1934=ORIENTED_EDGE('',*,*,#2858,.F.);
#1935=ORIENTED_EDGE('',*,*,#2859,.T.);
#1936=ORIENTED_EDGE('',*,*,#2860,.F.);
#1937=ORIENTED_EDGE('',*,*,#2861,.F.);
#1938=ORIENTED_EDGE('',*,*,#2862,.T.);
#1939=ORIENTED_EDGE('',*,*,#2863,.T.);
#1940=ORIENTED_EDGE('',*,*,#2864,.F.);
#1941=ORIENTED_EDGE('',*,*,#2865,.F.);
#1942=ORIENTED_EDGE('',*,*,#2866,.F.);
#1943=ORIENTED_EDGE('',*,*,#2867,.F.);
#1944=ORIENTED_EDGE('',*,*,#2868,.F.);
#1945=ORIENTED_EDGE('',*,*,#2869,.F.);
#1946=ORIENTED_EDGE('',*,*,#2870,.T.);
#1947=ORIENTED_EDGE('',*,*,#2871,.T.);
#1948=ORIENTED_EDGE('',*,*,#2872,.F.);
#1949=ORIENTED_EDGE('',*,*,#2873,.F.);
#1950=ORIENTED_EDGE('',*,*,#2874,.F.);
#1951=ORIENTED_EDGE('',*,*,#2875,.T.);
#1952=ORIENTED_EDGE('',*,*,#2876,.T.);
#1953=ORIENTED_EDGE('',*,*,#2877,.F.);
#1954=ORIENTED_EDGE('',*,*,#2878,.T.);
#1955=ORIENTED_EDGE('',*,*,#2879,.F.);
#1956=ORIENTED_EDGE('',*,*,#2880,.T.);
#1957=ORIENTED_EDGE('',*,*,#2881,.F.);
#1958=ORIENTED_EDGE('',*,*,#2882,.T.);
#1959=ORIENTED_EDGE('',*,*,#2883,.F.);
#1960=ORIENTED_EDGE('',*,*,#2884,.T.);
#1961=ORIENTED_EDGE('',*,*,#2879,.T.);
#1962=ORIENTED_EDGE('',*,*,#2885,.F.);
#1963=ORIENTED_EDGE('',*,*,#2827,.F.);
#1964=ORIENTED_EDGE('',*,*,#2886,.T.);
#1965=ORIENTED_EDGE('',*,*,#2887,.F.);
#1966=ORIENTED_EDGE('',*,*,#2877,.T.);
#1967=ORIENTED_EDGE('',*,*,#2888,.T.);
#1968=ORIENTED_EDGE('',*,*,#2889,.T.);
#1969=ORIENTED_EDGE('',*,*,#2874,.T.);
#1970=ORIENTED_EDGE('',*,*,#2890,.T.);
#1971=ORIENTED_EDGE('',*,*,#2836,.T.);
#1972=ORIENTED_EDGE('',*,*,#2891,.T.);
#1973=ORIENTED_EDGE('',*,*,#2892,.T.);
#1974=ORIENTED_EDGE('',*,*,#2883,.T.);
#1975=ORIENTED_EDGE('',*,*,#2834,.F.);
#1976=ORIENTED_EDGE('',*,*,#2893,.F.);
#1977=ORIENTED_EDGE('',*,*,#2832,.F.);
#1978=ORIENTED_EDGE('',*,*,#2894,.F.);
#1979=ORIENTED_EDGE('',*,*,#2829,.T.);
#1980=ORIENTED_EDGE('',*,*,#2895,.F.);
#1981=ORIENTED_EDGE('',*,*,#2881,.T.);
#1982=ORIENTED_EDGE('',*,*,#2896,.T.);
#1983=ORIENTED_EDGE('',*,*,#2859,.F.);
#1984=ORIENTED_EDGE('',*,*,#2897,.T.);
#1985=ORIENTED_EDGE('',*,*,#2857,.F.);
#1986=ORIENTED_EDGE('',*,*,#2898,.T.);
#1987=ORIENTED_EDGE('',*,*,#2899,.F.);
#1988=ORIENTED_EDGE('',*,*,#2900,.T.);
#1989=ORIENTED_EDGE('',*,*,#2901,.T.);
#1990=ORIENTED_EDGE('',*,*,#2902,.F.);
#1991=ORIENTED_EDGE('',*,*,#2903,.T.);
#1992=ORIENTED_EDGE('',*,*,#2901,.F.);
#1993=ORIENTED_EDGE('',*,*,#2904,.F.);
#1994=ORIENTED_EDGE('',*,*,#2905,.T.);
#1995=ORIENTED_EDGE('',*,*,#2906,.T.);
#1996=ORIENTED_EDGE('',*,*,#2907,.F.);
#1997=ORIENTED_EDGE('',*,*,#2908,.F.);
#1998=ORIENTED_EDGE('',*,*,#2903,.F.);
#1999=ORIENTED_EDGE('',*,*,#2888,.F.);
#2000=ORIENTED_EDGE('',*,*,#2880,.F.);
#2001=ORIENTED_EDGE('',*,*,#2909,.F.);
#2002=ORIENTED_EDGE('',*,*,#2910,.F.);
#2003=ORIENTED_EDGE('',*,*,#2892,.F.);
#2004=ORIENTED_EDGE('',*,*,#2911,.F.);
#2005=ORIENTED_EDGE('',*,*,#2912,.T.);
#2006=ORIENTED_EDGE('',*,*,#2884,.F.);
#2007=ORIENTED_EDGE('',*,*,#2913,.F.);
#2008=ORIENTED_EDGE('',*,*,#2914,.F.);
#2009=ORIENTED_EDGE('',*,*,#2904,.T.);
#2010=ORIENTED_EDGE('',*,*,#2900,.F.);
#2011=ORIENTED_EDGE('',*,*,#2915,.F.);
#2012=ORIENTED_EDGE('',*,*,#2916,.F.);
#2013=ORIENTED_EDGE('',*,*,#2917,.F.);
#2014=ORIENTED_EDGE('',*,*,#2876,.F.);
#2015=ORIENTED_EDGE('',*,*,#2918,.F.);
#2016=ORIENTED_EDGE('',*,*,#2909,.T.);
#2017=ORIENTED_EDGE('',*,*,#2886,.F.);
#2018=ORIENTED_EDGE('',*,*,#2847,.F.);
#2019=ORIENTED_EDGE('',*,*,#2919,.F.);
#2020=ORIENTED_EDGE('',*,*,#2908,.T.);
#2021=ORIENTED_EDGE('',*,*,#2920,.F.);
#2022=ORIENTED_EDGE('',*,*,#2919,.T.);
#2023=ORIENTED_EDGE('',*,*,#2846,.T.);
#2024=ORIENTED_EDGE('',*,*,#2921,.F.);
#2025=ORIENTED_EDGE('',*,*,#2899,.T.);
#2026=ORIENTED_EDGE('',*,*,#2849,.T.);
#2027=ORIENTED_EDGE('',*,*,#2922,.F.);
#2028=ORIENTED_EDGE('',*,*,#2906,.F.);
#2029=ORIENTED_EDGE('',*,*,#2923,.F.);
#2030=ORIENTED_EDGE('',*,*,#2922,.T.);
#2031=ORIENTED_EDGE('',*,*,#2848,.T.);
#2032=ORIENTED_EDGE('',*,*,#2920,.T.);
#2033=ORIENTED_EDGE('',*,*,#2907,.T.);
#2034=ORIENTED_EDGE('',*,*,#2851,.F.);
#2035=ORIENTED_EDGE('',*,*,#2924,.F.);
#2036=ORIENTED_EDGE('',*,*,#2905,.F.);
#2037=ORIENTED_EDGE('',*,*,#2925,.F.);
#2038=ORIENTED_EDGE('',*,*,#2924,.T.);
#2039=ORIENTED_EDGE('',*,*,#2850,.T.);
#2040=ORIENTED_EDGE('',*,*,#2923,.T.);
#2041=ORIENTED_EDGE('',*,*,#2902,.T.);
#2042=ORIENTED_EDGE('',*,*,#2862,.F.);
#2043=ORIENTED_EDGE('',*,*,#2926,.T.);
#2044=ORIENTED_EDGE('',*,*,#2854,.F.);
#2045=ORIENTED_EDGE('',*,*,#2927,.F.);
#2046=ORIENTED_EDGE('',*,*,#2861,.T.);
#2047=ORIENTED_EDGE('',*,*,#2928,.T.);
#2048=ORIENTED_EDGE('',*,*,#2855,.T.);
#2049=ORIENTED_EDGE('',*,*,#2926,.F.);
#2050=ORIENTED_EDGE('',*,*,#2864,.T.);
#2051=ORIENTED_EDGE('',*,*,#2929,.T.);
#2052=ORIENTED_EDGE('',*,*,#2913,.T.);
#2053=ORIENTED_EDGE('',*,*,#2930,.T.);
#2054=ORIENTED_EDGE('',*,*,#2865,.T.);
#2055=ORIENTED_EDGE('',*,*,#2930,.F.);
#2056=ORIENTED_EDGE('',*,*,#2917,.T.);
#2057=ORIENTED_EDGE('',*,*,#2931,.F.);
#2058=ORIENTED_EDGE('',*,*,#2853,.F.);
#2059=ORIENTED_EDGE('',*,*,#2932,.F.);
#2060=ORIENTED_EDGE('',*,*,#2929,.F.);
#2061=ORIENTED_EDGE('',*,*,#2863,.F.);
#2062=ORIENTED_EDGE('',*,*,#2927,.T.);
#2063=ORIENTED_EDGE('',*,*,#2856,.T.);
#2064=ORIENTED_EDGE('',*,*,#2928,.F.);
#2065=ORIENTED_EDGE('',*,*,#2860,.T.);
#2066=ORIENTED_EDGE('',*,*,#2898,.F.);
#2067=ORIENTED_EDGE('',*,*,#2868,.T.);
#2068=ORIENTED_EDGE('',*,*,#2933,.F.);
#2069=ORIENTED_EDGE('',*,*,#2842,.T.);
#2070=ORIENTED_EDGE('',*,*,#2934,.F.);
#2071=ORIENTED_EDGE('',*,*,#2867,.T.);
#2072=ORIENTED_EDGE('',*,*,#2935,.T.);
#2073=ORIENTED_EDGE('',*,*,#2843,.T.);
#2074=ORIENTED_EDGE('',*,*,#2933,.T.);
#2075=ORIENTED_EDGE('',*,*,#2936,.T.);
#2076=ORIENTED_EDGE('',*,*,#2872,.T.);
#2077=ORIENTED_EDGE('',*,*,#2937,.T.);
#2078=ORIENTED_EDGE('',*,*,#2838,.T.);
#2079=ORIENTED_EDGE('',*,*,#2873,.T.);
#2080=ORIENTED_EDGE('',*,*,#2936,.F.);
#2081=ORIENTED_EDGE('',*,*,#2837,.T.);
#2082=ORIENTED_EDGE('',*,*,#2890,.F.);
#2083=ORIENTED_EDGE('',*,*,#2840,.F.);
#2084=ORIENTED_EDGE('',*,*,#2938,.F.);
#2085=ORIENTED_EDGE('',*,*,#2870,.F.);
#2086=ORIENTED_EDGE('',*,*,#2939,.T.);
#2087=ORIENTED_EDGE('',*,*,#2871,.F.);
#2088=ORIENTED_EDGE('',*,*,#2938,.T.);
#2089=ORIENTED_EDGE('',*,*,#2839,.F.);
#2090=ORIENTED_EDGE('',*,*,#2937,.F.);
#2091=ORIENTED_EDGE('',*,*,#2841,.T.);
#2092=ORIENTED_EDGE('',*,*,#2939,.F.);
#2093=ORIENTED_EDGE('',*,*,#2869,.T.);
#2094=ORIENTED_EDGE('',*,*,#2934,.T.);
#2095=ORIENTED_EDGE('',*,*,#2844,.T.);
#2096=ORIENTED_EDGE('',*,*,#2935,.F.);
#2097=ORIENTED_EDGE('',*,*,#2866,.T.);
#2098=ORIENTED_EDGE('',*,*,#2931,.T.);
#2099=ORIENTED_EDGE('',*,*,#2916,.T.);
#2100=ORIENTED_EDGE('',*,*,#2940,.T.);
#2101=ORIENTED_EDGE('',*,*,#2932,.T.);
#2102=ORIENTED_EDGE('',*,*,#2852,.F.);
#2103=ORIENTED_EDGE('',*,*,#2925,.T.);
#2104=ORIENTED_EDGE('',*,*,#2914,.T.);
#2105=ORIENTED_EDGE('',*,*,#2918,.T.);
#2106=ORIENTED_EDGE('',*,*,#2875,.F.);
#2107=ORIENTED_EDGE('',*,*,#2889,.F.);
#2108=ORIENTED_EDGE('',*,*,#2910,.T.);
#2109=ORIENTED_EDGE('',*,*,#2830,.F.);
#2110=ORIENTED_EDGE('',*,*,#2896,.F.);
#2111=ORIENTED_EDGE('',*,*,#2912,.F.);
#2112=ORIENTED_EDGE('',*,*,#2941,.F.);
#2113=ORIENTED_EDGE('',*,*,#2891,.F.);
#2114=ORIENTED_EDGE('',*,*,#2835,.F.);
#2115=ORIENTED_EDGE('',*,*,#2894,.T.);
#2116=ORIENTED_EDGE('',*,*,#2831,.F.);
#2117=ORIENTED_EDGE('',*,*,#2941,.T.);
#2118=ORIENTED_EDGE('',*,*,#2911,.T.);
#2119=ORIENTED_EDGE('',*,*,#2921,.T.);
#2120=ORIENTED_EDGE('',*,*,#2845,.T.);
#2121=ORIENTED_EDGE('',*,*,#2940,.F.);
#2122=ORIENTED_EDGE('',*,*,#2915,.T.);
#2123=ORIENTED_EDGE('',*,*,#2858,.T.);
#2124=ORIENTED_EDGE('',*,*,#2897,.F.);
#2125=ORIENTED_EDGE('',*,*,#2942,.F.);
#2126=ORIENTED_EDGE('',*,*,#2878,.F.);
#2127=ORIENTED_EDGE('',*,*,#2887,.T.);
#2128=ORIENTED_EDGE('',*,*,#2882,.F.);
#2129=ORIENTED_EDGE('',*,*,#2895,.T.);
#2130=ORIENTED_EDGE('',*,*,#2828,.F.);
#2131=ORIENTED_EDGE('',*,*,#2885,.T.);
#2132=ORIENTED_EDGE('',*,*,#2833,.F.);
#2133=ORIENTED_EDGE('',*,*,#2893,.T.);
#2134=ORIENTED_EDGE('',*,*,#2942,.T.);
#2135=ORIENTED_EDGE('',*,*,#2943,.F.);
#2136=ORIENTED_EDGE('',*,*,#2944,.F.);
#2137=ORIENTED_EDGE('',*,*,#2945,.F.);
#2138=ORIENTED_EDGE('',*,*,#2946,.F.);
#2139=ORIENTED_EDGE('',*,*,#2947,.T.);
#2140=ORIENTED_EDGE('',*,*,#2948,.T.);
#2141=ORIENTED_EDGE('',*,*,#2943,.T.);
#2142=ORIENTED_EDGE('',*,*,#2949,.F.);
#2143=ORIENTED_EDGE('',*,*,#2945,.T.);
#2144=ORIENTED_EDGE('',*,*,#2950,.F.);
#2145=ORIENTED_EDGE('',*,*,#2951,.T.);
#2146=ORIENTED_EDGE('',*,*,#2952,.T.);
#2147=ORIENTED_EDGE('',*,*,#2951,.F.);
#2148=ORIENTED_EDGE('',*,*,#2953,.F.);
#2149=ORIENTED_EDGE('',*,*,#2947,.F.);
#2150=ORIENTED_EDGE('',*,*,#2954,.F.);
#2151=ORIENTED_EDGE('',*,*,#2955,.F.);
#2152=ORIENTED_EDGE('',*,*,#2956,.F.);
#2153=ORIENTED_EDGE('',*,*,#2957,.T.);
#2154=ORIENTED_EDGE('',*,*,#2958,.T.);
#2155=ORIENTED_EDGE('',*,*,#2959,.F.);
#2156=ORIENTED_EDGE('',*,*,#2960,.T.);
#2157=ORIENTED_EDGE('',*,*,#2961,.F.);
#2158=ORIENTED_EDGE('',*,*,#2962,.T.);
#2159=ORIENTED_EDGE('',*,*,#2963,.F.);
#2160=ORIENTED_EDGE('',*,*,#2964,.T.);
#2161=ORIENTED_EDGE('',*,*,#2965,.T.);
#2162=ORIENTED_EDGE('',*,*,#2966,.F.);
#2163=ORIENTED_EDGE('',*,*,#2967,.F.);
#2164=ORIENTED_EDGE('',*,*,#2968,.F.);
#2165=ORIENTED_EDGE('',*,*,#2957,.F.);
#2166=ORIENTED_EDGE('',*,*,#2969,.T.);
#2167=ORIENTED_EDGE('',*,*,#2965,.F.);
#2168=ORIENTED_EDGE('',*,*,#2970,.F.);
#2169=ORIENTED_EDGE('',*,*,#2956,.T.);
#2170=ORIENTED_EDGE('',*,*,#2971,.F.);
#2171=ORIENTED_EDGE('',*,*,#2966,.T.);
#2172=ORIENTED_EDGE('',*,*,#2969,.F.);
#2173=ORIENTED_EDGE('',*,*,#2964,.F.);
#2174=ORIENTED_EDGE('',*,*,#2972,.F.);
#2175=ORIENTED_EDGE('',*,*,#2958,.F.);
#2176=ORIENTED_EDGE('',*,*,#2970,.T.);
#2177=ORIENTED_EDGE('',*,*,#2968,.T.);
#2178=ORIENTED_EDGE('',*,*,#2973,.F.);
#2179=ORIENTED_EDGE('',*,*,#2954,.T.);
#2180=ORIENTED_EDGE('',*,*,#2949,.T.);
#2181=ORIENTED_EDGE('',*,*,#2946,.T.);
#2182=ORIENTED_EDGE('',*,*,#2952,.F.);
#2183=ORIENTED_EDGE('',*,*,#2967,.T.);
#2184=ORIENTED_EDGE('',*,*,#2971,.T.);
#2185=ORIENTED_EDGE('',*,*,#2955,.T.);
#2186=ORIENTED_EDGE('',*,*,#2973,.T.);
#2187=ORIENTED_EDGE('',*,*,#2953,.T.);
#2188=ORIENTED_EDGE('',*,*,#2950,.T.);
#2189=ORIENTED_EDGE('',*,*,#2944,.T.);
#2190=ORIENTED_EDGE('',*,*,#2948,.F.);
#2191=ORIENTED_EDGE('',*,*,#2959,.T.);
#2192=ORIENTED_EDGE('',*,*,#2972,.T.);
#2193=ORIENTED_EDGE('',*,*,#2963,.T.);
#2194=ORIENTED_EDGE('',*,*,#2974,.F.);
#2195=ORIENTED_EDGE('',*,*,#2975,.T.);
#2196=ORIENTED_EDGE('',*,*,#2960,.F.);
#2197=ORIENTED_EDGE('',*,*,#2974,.T.);
#2198=ORIENTED_EDGE('',*,*,#2962,.F.);
#2199=ORIENTED_EDGE('',*,*,#2961,.T.);
#2200=ORIENTED_EDGE('',*,*,#2975,.F.);
#2201=ORIENTED_EDGE('',*,*,#2976,.T.);
#2202=ORIENTED_EDGE('',*,*,#2977,.F.);
#2203=ORIENTED_EDGE('',*,*,#2978,.F.);
#2204=ORIENTED_EDGE('',*,*,#2979,.T.);
#2205=ORIENTED_EDGE('',*,*,#2978,.T.);
#2206=ORIENTED_EDGE('',*,*,#2980,.T.);
#2207=ORIENTED_EDGE('',*,*,#2981,.T.);
#2208=ORIENTED_EDGE('',*,*,#2982,.T.);
#2209=ORIENTED_EDGE('',*,*,#2981,.F.);
#2210=ORIENTED_EDGE('',*,*,#2983,.T.);
#2211=ORIENTED_EDGE('',*,*,#2984,.T.);
#2212=ORIENTED_EDGE('',*,*,#2985,.F.);
#2213=ORIENTED_EDGE('',*,*,#2986,.F.);
#2214=ORIENTED_EDGE('',*,*,#2976,.F.);
#2215=ORIENTED_EDGE('',*,*,#2987,.F.);
#2216=ORIENTED_EDGE('',*,*,#2988,.F.);
#2217=ORIENTED_EDGE('',*,*,#2989,.F.);
#2218=ORIENTED_EDGE('',*,*,#2990,.T.);
#2219=ORIENTED_EDGE('',*,*,#2991,.T.);
#2220=ORIENTED_EDGE('',*,*,#2992,.F.);
#2221=ORIENTED_EDGE('',*,*,#2993,.T.);
#2222=ORIENTED_EDGE('',*,*,#2994,.F.);
#2223=ORIENTED_EDGE('',*,*,#2995,.T.);
#2224=ORIENTED_EDGE('',*,*,#2996,.F.);
#2225=ORIENTED_EDGE('',*,*,#2997,.T.);
#2226=ORIENTED_EDGE('',*,*,#2998,.T.);
#2227=ORIENTED_EDGE('',*,*,#2999,.F.);
#2228=ORIENTED_EDGE('',*,*,#3000,.F.);
#2229=ORIENTED_EDGE('',*,*,#3001,.F.);
#2230=ORIENTED_EDGE('',*,*,#2984,.F.);
#2231=ORIENTED_EDGE('',*,*,#3002,.T.);
#2232=ORIENTED_EDGE('',*,*,#2998,.F.);
#2233=ORIENTED_EDGE('',*,*,#3003,.F.);
#2234=ORIENTED_EDGE('',*,*,#2990,.F.);
#2235=ORIENTED_EDGE('',*,*,#3001,.T.);
#2236=ORIENTED_EDGE('',*,*,#3004,.F.);
#2237=ORIENTED_EDGE('',*,*,#2987,.T.);
#2238=ORIENTED_EDGE('',*,*,#2979,.F.);
#2239=ORIENTED_EDGE('',*,*,#2982,.F.);
#2240=ORIENTED_EDGE('',*,*,#2985,.T.);
#2241=ORIENTED_EDGE('',*,*,#2989,.T.);
#2242=ORIENTED_EDGE('',*,*,#3005,.F.);
#2243=ORIENTED_EDGE('',*,*,#2999,.T.);
#2244=ORIENTED_EDGE('',*,*,#3002,.F.);
#2245=ORIENTED_EDGE('',*,*,#2997,.F.);
#2246=ORIENTED_EDGE('',*,*,#3006,.F.);
#2247=ORIENTED_EDGE('',*,*,#2991,.F.);
#2248=ORIENTED_EDGE('',*,*,#3003,.T.);
#2249=ORIENTED_EDGE('',*,*,#2988,.T.);
#2250=ORIENTED_EDGE('',*,*,#3004,.T.);
#2251=ORIENTED_EDGE('',*,*,#3000,.T.);
#2252=ORIENTED_EDGE('',*,*,#3005,.T.);
#2253=ORIENTED_EDGE('',*,*,#2986,.T.);
#2254=ORIENTED_EDGE('',*,*,#2983,.F.);
#2255=ORIENTED_EDGE('',*,*,#2980,.F.);
#2256=ORIENTED_EDGE('',*,*,#2977,.T.);
#2257=ORIENTED_EDGE('',*,*,#3007,.T.);
#2258=ORIENTED_EDGE('',*,*,#2993,.F.);
#2259=ORIENTED_EDGE('',*,*,#3008,.T.);
#2260=ORIENTED_EDGE('',*,*,#2995,.F.);
#2261=ORIENTED_EDGE('',*,*,#2992,.T.);
#2262=ORIENTED_EDGE('',*,*,#3006,.T.);
#2263=ORIENTED_EDGE('',*,*,#2996,.T.);
#2264=ORIENTED_EDGE('',*,*,#3008,.F.);
#2265=ORIENTED_EDGE('',*,*,#3007,.F.);
#2266=ORIENTED_EDGE('',*,*,#2994,.T.);
#2267=ORIENTED_EDGE('',*,*,#3009,.F.);
#2268=ORIENTED_EDGE('',*,*,#3010,.T.);
#2269=ORIENTED_EDGE('',*,*,#3011,.T.);
#2270=ORIENTED_EDGE('',*,*,#3009,.T.);
#2271=ORIENTED_EDGE('',*,*,#3012,.T.);
#2272=ORIENTED_EDGE('',*,*,#3013,.T.);
#2273=ORIENTED_EDGE('',*,*,#3014,.F.);
#2274=ORIENTED_EDGE('',*,*,#3015,.F.);
#2275=ORIENTED_EDGE('',*,*,#3016,.T.);
#2276=ORIENTED_EDGE('',*,*,#3017,.F.);
#2277=ORIENTED_EDGE('',*,*,#3018,.F.);
#2278=ORIENTED_EDGE('',*,*,#3019,.F.);
#2279=ORIENTED_EDGE('',*,*,#3016,.F.);
#2280=ORIENTED_EDGE('',*,*,#3020,.F.);
#2281=ORIENTED_EDGE('',*,*,#3021,.F.);
#2282=ORIENTED_EDGE('',*,*,#3022,.T.);
#2283=ORIENTED_EDGE('',*,*,#3017,.T.);
#2284=ORIENTED_EDGE('',*,*,#3019,.T.);
#2285=ORIENTED_EDGE('',*,*,#3013,.F.);
#2286=ORIENTED_EDGE('',*,*,#3023,.T.);
#2287=ORIENTED_EDGE('',*,*,#3024,.T.);
#2288=ORIENTED_EDGE('',*,*,#3025,.T.);
#2289=ORIENTED_EDGE('',*,*,#3026,.T.);
#2290=ORIENTED_EDGE('',*,*,#3027,.F.);
#2291=ORIENTED_EDGE('',*,*,#3028,.F.);
#2292=ORIENTED_EDGE('',*,*,#3029,.F.);
#2293=ORIENTED_EDGE('',*,*,#3030,.T.);
#2294=ORIENTED_EDGE('',*,*,#3031,.F.);
#2295=ORIENTED_EDGE('',*,*,#3032,.T.);
#2296=ORIENTED_EDGE('',*,*,#3033,.F.);
#2297=ORIENTED_EDGE('',*,*,#3034,.F.);
#2298=ORIENTED_EDGE('',*,*,#3027,.T.);
#2299=ORIENTED_EDGE('',*,*,#3035,.T.);
#2300=ORIENTED_EDGE('',*,*,#3030,.F.);
#2301=ORIENTED_EDGE('',*,*,#3026,.F.);
#2302=ORIENTED_EDGE('',*,*,#3036,.F.);
#2303=ORIENTED_EDGE('',*,*,#3037,.F.);
#2304=ORIENTED_EDGE('',*,*,#3038,.F.);
#2305=ORIENTED_EDGE('',*,*,#3032,.F.);
#2306=ORIENTED_EDGE('',*,*,#3039,.F.);
#2307=ORIENTED_EDGE('',*,*,#3040,.F.);
#2308=ORIENTED_EDGE('',*,*,#3041,.T.);
#2309=ORIENTED_EDGE('',*,*,#3015,.T.);
#2310=ORIENTED_EDGE('',*,*,#3042,.F.);
#2311=ORIENTED_EDGE('',*,*,#3043,.T.);
#2312=ORIENTED_EDGE('',*,*,#3044,.F.);
#2313=ORIENTED_EDGE('',*,*,#3045,.T.);
#2314=ORIENTED_EDGE('',*,*,#3028,.T.);
#2315=ORIENTED_EDGE('',*,*,#3034,.T.);
#2316=ORIENTED_EDGE('',*,*,#3046,.T.);
#2317=ORIENTED_EDGE('',*,*,#3024,.F.);
#2318=ORIENTED_EDGE('',*,*,#3047,.T.);
#2319=ORIENTED_EDGE('',*,*,#3021,.T.);
#2320=ORIENTED_EDGE('',*,*,#3018,.T.);
#2321=ORIENTED_EDGE('',*,*,#3048,.F.);
#2322=ORIENTED_EDGE('',*,*,#3049,.T.);
#2323=ORIENTED_EDGE('',*,*,#3036,.T.);
#2324=ORIENTED_EDGE('',*,*,#3050,.T.);
#2325=ORIENTED_EDGE('',*,*,#3051,.T.);
#2326=ORIENTED_EDGE('',*,*,#3050,.F.);
#2327=ORIENTED_EDGE('',*,*,#3029,.T.);
#2328=ORIENTED_EDGE('',*,*,#3045,.F.);
#2329=ORIENTED_EDGE('',*,*,#3052,.T.);
#2330=ORIENTED_EDGE('',*,*,#3043,.F.);
#2331=ORIENTED_EDGE('',*,*,#3020,.T.);
#2332=ORIENTED_EDGE('',*,*,#3041,.F.);
#2333=ORIENTED_EDGE('',*,*,#3053,.T.);
#2334=ORIENTED_EDGE('',*,*,#3042,.T.);
#2335=ORIENTED_EDGE('',*,*,#3014,.T.);
#2336=ORIENTED_EDGE('',*,*,#3022,.F.);
#2337=ORIENTED_EDGE('',*,*,#3047,.F.);
#2338=ORIENTED_EDGE('',*,*,#3023,.F.);
#2339=ORIENTED_EDGE('',*,*,#3012,.F.);
#2340=ORIENTED_EDGE('',*,*,#3010,.F.);
#2341=ORIENTED_EDGE('',*,*,#3011,.F.);
#2342=ORIENTED_EDGE('',*,*,#3025,.F.);
#2343=ORIENTED_EDGE('',*,*,#3046,.F.);
#2344=ORIENTED_EDGE('',*,*,#3033,.T.);
#2345=ORIENTED_EDGE('',*,*,#3038,.T.);
#2346=ORIENTED_EDGE('',*,*,#3054,.T.);
#2347=ORIENTED_EDGE('',*,*,#3039,.T.);
#2348=ORIENTED_EDGE('',*,*,#3031,.T.);
#2349=ORIENTED_EDGE('',*,*,#3035,.F.);
#2350=ORIENTED_EDGE('',*,*,#3049,.F.);
#2351=ORIENTED_EDGE('',*,*,#3055,.T.);
#2352=ORIENTED_EDGE('',*,*,#3052,.F.);
#2353=ORIENTED_EDGE('',*,*,#3040,.T.);
#2354=ORIENTED_EDGE('',*,*,#3053,.F.);
#2355=ORIENTED_EDGE('',*,*,#3048,.T.);
#2356=ORIENTED_EDGE('',*,*,#3051,.F.);
#2357=ORIENTED_EDGE('',*,*,#3044,.T.);
#2358=ORIENTED_EDGE('',*,*,#3054,.F.);
#2359=ORIENTED_EDGE('',*,*,#3037,.T.);
#2360=ORIENTED_EDGE('',*,*,#3055,.F.);
#2361=ORIENTED_EDGE('',*,*,#3056,.F.);
#2362=ORIENTED_EDGE('',*,*,#3057,.T.);
#2363=ORIENTED_EDGE('',*,*,#3058,.T.);
#2364=ORIENTED_EDGE('',*,*,#3059,.T.);
#2365=ORIENTED_EDGE('',*,*,#3060,.T.);
#2366=ORIENTED_EDGE('',*,*,#3056,.T.);
#2367=ORIENTED_EDGE('',*,*,#3061,.F.);
#2368=ORIENTED_EDGE('',*,*,#3062,.T.);
#2369=ORIENTED_EDGE('',*,*,#3063,.F.);
#2370=ORIENTED_EDGE('',*,*,#3064,.T.);
#2371=ORIENTED_EDGE('',*,*,#3065,.F.);
#2372=ORIENTED_EDGE('',*,*,#3066,.F.);
#2373=ORIENTED_EDGE('',*,*,#3067,.F.);
#2374=ORIENTED_EDGE('',*,*,#3068,.F.);
#2375=ORIENTED_EDGE('',*,*,#3069,.F.);
#2376=ORIENTED_EDGE('',*,*,#3064,.F.);
#2377=ORIENTED_EDGE('',*,*,#3070,.F.);
#2378=ORIENTED_EDGE('',*,*,#3071,.T.);
#2379=ORIENTED_EDGE('',*,*,#3072,.F.);
#2380=ORIENTED_EDGE('',*,*,#3061,.T.);
#2381=ORIENTED_EDGE('',*,*,#3069,.T.);
#2382=ORIENTED_EDGE('',*,*,#3073,.F.);
#2383=ORIENTED_EDGE('',*,*,#3074,.F.);
#2384=ORIENTED_EDGE('',*,*,#3075,.T.);
#2385=ORIENTED_EDGE('',*,*,#3059,.F.);
#2386=ORIENTED_EDGE('',*,*,#3076,.T.);
#2387=ORIENTED_EDGE('',*,*,#3077,.T.);
#2388=ORIENTED_EDGE('',*,*,#3078,.T.);
#2389=ORIENTED_EDGE('',*,*,#3079,.T.);
#2390=ORIENTED_EDGE('',*,*,#3080,.F.);
#2391=ORIENTED_EDGE('',*,*,#3081,.T.);
#2392=ORIENTED_EDGE('',*,*,#3067,.T.);
#2393=ORIENTED_EDGE('',*,*,#3082,.F.);
#2394=ORIENTED_EDGE('',*,*,#3068,.T.);
#2395=ORIENTED_EDGE('',*,*,#3081,.F.);
#2396=ORIENTED_EDGE('',*,*,#3083,.T.);
#2397=ORIENTED_EDGE('',*,*,#3084,.F.);
#2398=ORIENTED_EDGE('',*,*,#3085,.F.);
#2399=ORIENTED_EDGE('',*,*,#3075,.F.);
#2400=ORIENTED_EDGE('',*,*,#3086,.F.);
#2401=ORIENTED_EDGE('',*,*,#3087,.F.);
#2402=ORIENTED_EDGE('',*,*,#3088,.F.);
#2403=ORIENTED_EDGE('',*,*,#3089,.F.);
#2404=ORIENTED_EDGE('',*,*,#3083,.F.);
#2405=ORIENTED_EDGE('',*,*,#3080,.T.);
#2406=ORIENTED_EDGE('',*,*,#3090,.T.);
#2407=ORIENTED_EDGE('',*,*,#3077,.F.);
#2408=ORIENTED_EDGE('',*,*,#3091,.T.);
#2409=ORIENTED_EDGE('',*,*,#3073,.T.);
#2410=ORIENTED_EDGE('',*,*,#3071,.F.);
#2411=ORIENTED_EDGE('',*,*,#3089,.T.);
#2412=ORIENTED_EDGE('',*,*,#3092,.T.);
#2413=ORIENTED_EDGE('',*,*,#3093,.T.);
#2414=ORIENTED_EDGE('',*,*,#3082,.T.);
#2415=ORIENTED_EDGE('',*,*,#3094,.F.);
#2416=ORIENTED_EDGE('',*,*,#3095,.F.);
#2417=ORIENTED_EDGE('',*,*,#3065,.T.);
#2418=ORIENTED_EDGE('',*,*,#3093,.F.);
#2419=ORIENTED_EDGE('',*,*,#3096,.T.);
#2420=ORIENTED_EDGE('',*,*,#3097,.T.);
#2421=ORIENTED_EDGE('',*,*,#3087,.T.);
#2422=ORIENTED_EDGE('',*,*,#3070,.T.);
#2423=ORIENTED_EDGE('',*,*,#3098,.F.);
#2424=ORIENTED_EDGE('',*,*,#3096,.F.);
#2425=ORIENTED_EDGE('',*,*,#3063,.T.);
#2426=ORIENTED_EDGE('',*,*,#3099,.T.);
#2427=ORIENTED_EDGE('',*,*,#3095,.T.);
#2428=ORIENTED_EDGE('',*,*,#3100,.T.);
#2429=ORIENTED_EDGE('',*,*,#3099,.F.);
#2430=ORIENTED_EDGE('',*,*,#3062,.F.);
#2431=ORIENTED_EDGE('',*,*,#3072,.T.);
#2432=ORIENTED_EDGE('',*,*,#3085,.T.);
#2433=ORIENTED_EDGE('',*,*,#3101,.T.);
#2434=ORIENTED_EDGE('',*,*,#3086,.T.);
#2435=ORIENTED_EDGE('',*,*,#3074,.T.);
#2436=ORIENTED_EDGE('',*,*,#3091,.F.);
#2437=ORIENTED_EDGE('',*,*,#3076,.F.);
#2438=ORIENTED_EDGE('',*,*,#3058,.F.);
#2439=ORIENTED_EDGE('',*,*,#3057,.F.);
#2440=ORIENTED_EDGE('',*,*,#3060,.F.);
#2441=ORIENTED_EDGE('',*,*,#3078,.F.);
#2442=ORIENTED_EDGE('',*,*,#3090,.F.);
#2443=ORIENTED_EDGE('',*,*,#3079,.F.);
#2444=ORIENTED_EDGE('',*,*,#3066,.T.);
#2445=ORIENTED_EDGE('',*,*,#3102,.T.);
#2446=ORIENTED_EDGE('',*,*,#3094,.T.);
#2447=ORIENTED_EDGE('',*,*,#3092,.F.);
#2448=ORIENTED_EDGE('',*,*,#3088,.T.);
#2449=ORIENTED_EDGE('',*,*,#3097,.F.);
#2450=ORIENTED_EDGE('',*,*,#3098,.T.);
#2451=ORIENTED_EDGE('',*,*,#3100,.F.);
#2452=ORIENTED_EDGE('',*,*,#3084,.T.);
#2453=ORIENTED_EDGE('',*,*,#3101,.F.);
#2454=ORIENTED_EDGE('',*,*,#3102,.F.);
#2455=VERTEX_POINT('',#4626);
#2456=VERTEX_POINT('',#4627);
#2457=VERTEX_POINT('',#4629);
#2458=VERTEX_POINT('',#4631);
#2459=VERTEX_POINT('',#4633);
#2460=VERTEX_POINT('',#4635);
#2461=VERTEX_POINT('',#4637);
#2462=VERTEX_POINT('',#4639);
#2463=VERTEX_POINT('',#4641);
#2464=VERTEX_POINT('',#4643);
#2465=VERTEX_POINT('',#4645);
#2466=VERTEX_POINT('',#4647);
#2467=VERTEX_POINT('',#4649);
#2468=VERTEX_POINT('',#4651);
#2469=VERTEX_POINT('',#4653);
#2470=VERTEX_POINT('',#4655);
#2471=VERTEX_POINT('',#4657);
#2472=VERTEX_POINT('',#4659);
#2473=VERTEX_POINT('',#4661);
#2474=VERTEX_POINT('',#4663);
#2475=VERTEX_POINT('',#4665);
#2476=VERTEX_POINT('',#4667);
#2477=VERTEX_POINT('',#4669);
#2478=VERTEX_POINT('',#4671);
#2479=VERTEX_POINT('',#4673);
#2480=VERTEX_POINT('',#4675);
#2481=VERTEX_POINT('',#4677);
#2482=VERTEX_POINT('',#4679);
#2483=VERTEX_POINT('',#4681);
#2484=VERTEX_POINT('',#4683);
#2485=VERTEX_POINT('',#4685);
#2486=VERTEX_POINT('',#4687);
#2487=VERTEX_POINT('',#4689);
#2488=VERTEX_POINT('',#4691);
#2489=VERTEX_POINT('',#4693);
#2490=VERTEX_POINT('',#4695);
#2491=VERTEX_POINT('',#4697);
#2492=VERTEX_POINT('',#4699);
#2493=VERTEX_POINT('',#4701);
#2494=VERTEX_POINT('',#4703);
#2495=VERTEX_POINT('',#4705);
#2496=VERTEX_POINT('',#4707);
#2497=VERTEX_POINT('',#4709);
#2498=VERTEX_POINT('',#4711);
#2499=VERTEX_POINT('',#4713);
#2500=VERTEX_POINT('',#4715);
#2501=VERTEX_POINT('',#4717);
#2502=VERTEX_POINT('',#4719);
#2503=VERTEX_POINT('',#4721);
#2504=VERTEX_POINT('',#4723);
#2505=VERTEX_POINT('',#4727);
#2506=VERTEX_POINT('',#4728);
#2507=VERTEX_POINT('',#4733);
#2508=VERTEX_POINT('',#4735);
#2509=VERTEX_POINT('',#4745);
#2510=VERTEX_POINT('',#4747);
#2511=VERTEX_POINT('',#4751);
#2512=VERTEX_POINT('',#4756);
#2513=VERTEX_POINT('',#4776);
#2514=VERTEX_POINT('',#4780);
#2515=VERTEX_POINT('',#4802);
#2516=VERTEX_POINT('',#4804);
#2517=VERTEX_POINT('',#4808);
#2518=VERTEX_POINT('',#4812);
#2519=VERTEX_POINT('',#4816);
#2520=VERTEX_POINT('',#4818);
#2521=VERTEX_POINT('',#4822);
#2522=VERTEX_POINT('',#4824);
#2523=VERTEX_POINT('',#4828);
#2524=VERTEX_POINT('',#4830);
#2525=VERTEX_POINT('',#4834);
#2526=VERTEX_POINT('',#4838);
#2527=VERTEX_POINT('',#4862);
#2528=VERTEX_POINT('',#4870);
#2529=VERTEX_POINT('',#5018);
#2530=VERTEX_POINT('',#5023);
#2531=VERTEX_POINT('',#5024);
#2532=VERTEX_POINT('',#5026);
#2533=VERTEX_POINT('',#5028);
#2534=VERTEX_POINT('',#5030);
#2535=VERTEX_POINT('',#5032);
#2536=VERTEX_POINT('',#5034);
#2537=VERTEX_POINT('',#5036);
#2538=VERTEX_POINT('',#5038);
#2539=VERTEX_POINT('',#5040);
#2540=VERTEX_POINT('',#5042);
#2541=VERTEX_POINT('',#5044);
#2542=VERTEX_POINT('',#5046);
#2543=VERTEX_POINT('',#5048);
#2544=VERTEX_POINT('',#5050);
#2545=VERTEX_POINT('',#5052);
#2546=VERTEX_POINT('',#5054);
#2547=VERTEX_POINT('',#5056);
#2548=VERTEX_POINT('',#5058);
#2549=VERTEX_POINT('',#5060);
#2550=VERTEX_POINT('',#5062);
#2551=VERTEX_POINT('',#5064);
#2552=VERTEX_POINT('',#5066);
#2553=VERTEX_POINT('',#5068);
#2554=VERTEX_POINT('',#5070);
#2555=VERTEX_POINT('',#5072);
#2556=VERTEX_POINT('',#5074);
#2557=VERTEX_POINT('',#5076);
#2558=VERTEX_POINT('',#5078);
#2559=VERTEX_POINT('',#5080);
#2560=VERTEX_POINT('',#5082);
#2561=VERTEX_POINT('',#5084);
#2562=VERTEX_POINT('',#5086);
#2563=VERTEX_POINT('',#5088);
#2564=VERTEX_POINT('',#5090);
#2565=VERTEX_POINT('',#5092);
#2566=VERTEX_POINT('',#5094);
#2567=VERTEX_POINT('',#5096);
#2568=VERTEX_POINT('',#5098);
#2569=VERTEX_POINT('',#5100);
#2570=VERTEX_POINT('',#5102);
#2571=VERTEX_POINT('',#5104);
#2572=VERTEX_POINT('',#5106);
#2573=VERTEX_POINT('',#5108);
#2574=VERTEX_POINT('',#5110);
#2575=VERTEX_POINT('',#5112);
#2576=VERTEX_POINT('',#5114);
#2577=VERTEX_POINT('',#5116);
#2578=VERTEX_POINT('',#5118);
#2579=VERTEX_POINT('',#5120);
#2580=VERTEX_POINT('',#5127);
#2581=VERTEX_POINT('',#5128);
#2582=VERTEX_POINT('',#5130);
#2583=VERTEX_POINT('',#5132);
#2584=VERTEX_POINT('',#5136);
#2585=VERTEX_POINT('',#5137);
#2586=VERTEX_POINT('',#5139);
#2587=VERTEX_POINT('',#5144);
#2588=VERTEX_POINT('',#5167);
#2589=VERTEX_POINT('',#5171);
#2590=VERTEX_POINT('',#5199);
#2591=VERTEX_POINT('',#5200);
#2592=VERTEX_POINT('',#5202);
#2593=VERTEX_POINT('',#5204);
#2594=VERTEX_POINT('',#5206);
#2595=VERTEX_POINT('',#5210);
#2596=VERTEX_POINT('',#5214);
#2597=VERTEX_POINT('',#5216);
#2598=VERTEX_POINT('',#5235);
#2599=VERTEX_POINT('',#5239);
#2600=VERTEX_POINT('',#5258);
#2601=VERTEX_POINT('',#5259);
#2602=VERTEX_POINT('',#5262);
#2603=VERTEX_POINT('',#5276);
#2604=VERTEX_POINT('',#5415);
#2605=VERTEX_POINT('',#5420);
#2606=VERTEX_POINT('',#5421);
#2607=VERTEX_POINT('',#5423);
#2608=VERTEX_POINT('',#5425);
#2609=VERTEX_POINT('',#5429);
#2610=VERTEX_POINT('',#5430);
#2611=VERTEX_POINT('',#5435);
#2612=VERTEX_POINT('',#5437);
#2613=VERTEX_POINT('',#5442);
#2614=VERTEX_POINT('',#5444);
#2615=VERTEX_POINT('',#5446);
#2616=VERTEX_POINT('',#5448);
#2617=VERTEX_POINT('',#5450);
#2618=VERTEX_POINT('',#5452);
#2619=VERTEX_POINT('',#5454);
#2620=VERTEX_POINT('',#5456);
#2621=VERTEX_POINT('',#5458);
#2622=VERTEX_POINT('',#5460);
#2623=VERTEX_POINT('',#5462);
#2624=VERTEX_POINT('',#5464);
#2625=VERTEX_POINT('',#5466);
#2626=VERTEX_POINT('',#5468);
#2627=VERTEX_POINT('',#5518);
#2628=VERTEX_POINT('',#5519);
#2629=VERTEX_POINT('',#5521);
#2630=VERTEX_POINT('',#5523);
#2631=VERTEX_POINT('',#5527);
#2632=VERTEX_POINT('',#5529);
#2633=VERTEX_POINT('',#5533);
#2634=VERTEX_POINT('',#5535);
#2635=VERTEX_POINT('',#5540);
#2636=VERTEX_POINT('',#5542);
#2637=VERTEX_POINT('',#5544);
#2638=VERTEX_POINT('',#5546);
#2639=VERTEX_POINT('',#5548);
#2640=VERTEX_POINT('',#5550);
#2641=VERTEX_POINT('',#5552);
#2642=VERTEX_POINT('',#5554);
#2643=VERTEX_POINT('',#5556);
#2644=VERTEX_POINT('',#5558);
#2645=VERTEX_POINT('',#5560);
#2646=VERTEX_POINT('',#5562);
#2647=VERTEX_POINT('',#5564);
#2648=VERTEX_POINT('',#5566);
#2649=VERTEX_POINT('',#5616);
#2650=VERTEX_POINT('',#5617);
#2651=VERTEX_POINT('',#5621);
#2652=VERTEX_POINT('',#5623);
#2653=VERTEX_POINT('',#5627);
#2654=VERTEX_POINT('',#5628);
#2655=VERTEX_POINT('',#5630);
#2656=VERTEX_POINT('',#5632);
#2657=VERTEX_POINT('',#5651);
#2658=VERTEX_POINT('',#5652);
#2659=VERTEX_POINT('',#5657);
#2660=VERTEX_POINT('',#5661);
#2661=VERTEX_POINT('',#5663);
#2662=VERTEX_POINT('',#5667);
#2663=VERTEX_POINT('',#5668);
#2664=VERTEX_POINT('',#5670);
#2665=VERTEX_POINT('',#5687);
#2666=VERTEX_POINT('',#5691);
#2667=VERTEX_POINT('',#5693);
#2668=VERTEX_POINT('',#5695);
#2669=VERTEX_POINT('',#5697);
#2670=VERTEX_POINT('',#5701);
#2671=VERTEX_POINT('',#5705);
#2672=VERTEX_POINT('',#5706);
#2673=VERTEX_POINT('',#5711);
#2674=VERTEX_POINT('',#5712);
#2675=VERTEX_POINT('',#5720);
#2676=VERTEX_POINT('',#5722);
#2677=VERTEX_POINT('',#5731);
#2678=VERTEX_POINT('',#5732);
#2679=VERTEX_POINT('',#5744);
#2680=VERTEX_POINT('',#5749);
#2681=VERTEX_POINT('',#5750);
#2682=VERTEX_POINT('',#5754);
#2683=VERTEX_POINT('',#5756);
#2684=VERTEX_POINT('',#5760);
#2685=VERTEX_POINT('',#5761);
#2686=VERTEX_POINT('',#5763);
#2687=VERTEX_POINT('',#5765);
#2688=VERTEX_POINT('',#5769);
#2689=VERTEX_POINT('',#5770);
#2690=VERTEX_POINT('',#5772);
#2691=VERTEX_POINT('',#5774);
#2692=VERTEX_POINT('',#5778);
#2693=VERTEX_POINT('',#5780);
#2694=VERTEX_POINT('',#5799);
#2695=VERTEX_POINT('',#5801);
#2696=VERTEX_POINT('',#5803);
#2697=VERTEX_POINT('',#5807);
#2698=VERTEX_POINT('',#5809);
#2699=VERTEX_POINT('',#5813);
#2700=VERTEX_POINT('',#5815);
#2701=VERTEX_POINT('',#5819);
#2702=VERTEX_POINT('',#5838);
#2703=VERTEX_POINT('',#5839);
#2704=VERTEX_POINT('',#5847);
#2705=VERTEX_POINT('',#5849);
#2706=VERTEX_POINT('',#5858);
#2707=VERTEX_POINT('',#5862);
#2708=VERTEX_POINT('',#5866);
#2709=VERTEX_POINT('',#5870);
#2710=VERTEX_POINT('',#5877);
#2711=EDGE_CURVE('',#2455,#2456,#3103,.T.);
#2712=EDGE_CURVE('',#2456,#2457,#3104,.T.);
#2713=EDGE_CURVE('',#2457,#2458,#1527,.T.);
#2714=EDGE_CURVE('',#2458,#2459,#3105,.T.);
#2715=EDGE_CURVE('',#2460,#2459,#3106,.T.);
#2716=EDGE_CURVE('',#2461,#2460,#3107,.T.);
#2717=EDGE_CURVE('',#2462,#2461,#3108,.T.);
#2718=EDGE_CURVE('',#2462,#2463,#3109,.T.);
#2719=EDGE_CURVE('',#2463,#2464,#1528,.T.);
#2720=EDGE_CURVE('',#2465,#2464,#1529,.T.);
#2721=EDGE_CURVE('',#2466,#2465,#3110,.T.);
#2722=EDGE_CURVE('',#2467,#2466,#3111,.T.);
#2723=EDGE_CURVE('',#2468,#2467,#1530,.T.);
#2724=EDGE_CURVE('',#2469,#2468,#3112,.T.);
#2725=EDGE_CURVE('',#2470,#2469,#3113,.T.);
#2726=EDGE_CURVE('',#2470,#2471,#1531,.T.);
#2727=EDGE_CURVE('',#2471,#2472,#3114,.T.);
#2728=EDGE_CURVE('',#2473,#2472,#3115,.T.);
#2729=EDGE_CURVE('',#2474,#2473,#1532,.T.);
#2730=EDGE_CURVE('',#2474,#2475,#3116,.T.);
#2731=EDGE_CURVE('',#2476,#2475,#3117,.T.);
#2732=EDGE_CURVE('',#2476,#2477,#3118,.T.);
#2733=EDGE_CURVE('',#2478,#2477,#1533,.T.);
#2734=EDGE_CURVE('',#2479,#2478,#3119,.T.);
#2735=EDGE_CURVE('',#2479,#2480,#3120,.T.);
#2736=EDGE_CURVE('',#2480,#2481,#1534,.T.);
#2737=EDGE_CURVE('',#2481,#2482,#3121,.T.);
#2738=EDGE_CURVE('',#2482,#2483,#1535,.T.);
#2739=EDGE_CURVE('',#2484,#2483,#3122,.T.);
#2740=EDGE_CURVE('',#2485,#2484,#1536,.T.);
#2741=EDGE_CURVE('',#2486,#2485,#3123,.T.);
#2742=EDGE_CURVE('',#2486,#2487,#1537,.T.);
#2743=EDGE_CURVE('',#2488,#2487,#3124,.T.);
#2744=EDGE_CURVE('',#2489,#2488,#3125,.T.);
#2745=EDGE_CURVE('',#2490,#2489,#1538,.T.);
#2746=EDGE_CURVE('',#2491,#2490,#3126,.T.);
#2747=EDGE_CURVE('',#2492,#2491,#3127,.T.);
#2748=EDGE_CURVE('',#2493,#2492,#1539,.T.);
#2749=EDGE_CURVE('',#2493,#2494,#1540,.T.);
#2750=EDGE_CURVE('',#2494,#2495,#3128,.T.);
#2751=EDGE_CURVE('',#2496,#2495,#3129,.T.);
#2752=EDGE_CURVE('',#2497,#2496,#3130,.T.);
#2753=EDGE_CURVE('',#2498,#2497,#3131,.T.);
#2754=EDGE_CURVE('',#2498,#2499,#3132,.T.);
#2755=EDGE_CURVE('',#2499,#2500,#3133,.T.);
#2756=EDGE_CURVE('',#2500,#2501,#3134,.T.);
#2757=EDGE_CURVE('',#2501,#2502,#3135,.T.);
#2758=EDGE_CURVE('',#2502,#2503,#3136,.T.);
#2759=EDGE_CURVE('',#2503,#2504,#1541,.T.);
#2760=EDGE_CURVE('',#2455,#2504,#3137,.T.);
#2761=EDGE_CURVE('',#2505,#2506,#3138,.T.);
#2762=EDGE_CURVE('',#2455,#2505,#3139,.T.);
#2763=EDGE_CURVE('',#2504,#2506,#3140,.T.);
#2764=EDGE_CURVE('',#2507,#2505,#3141,.T.);
#2765=EDGE_CURVE('',#2506,#2508,#3142,.T.);
#2766=EDGE_CURVE('',#2508,#2507,#981,.T.);
#2767=EDGE_CURVE('',#2500,#2501,#1542,.T.);
#2768=EDGE_CURVE('',#2502,#2499,#1543,.T.);
#2769=EDGE_CURVE('',#2509,#2456,#3143,.T.);
#2770=EDGE_CURVE('',#2510,#2509,#3144,.T.);
#2771=EDGE_CURVE('',#2510,#2457,#3145,.T.);
#2772=EDGE_CURVE('',#2509,#2511,#3146,.T.);
#2773=EDGE_CURVE('',#2511,#2512,#982,.T.);
#2774=EDGE_CURVE('',#2512,#2510,#3147,.T.);
#2775=EDGE_CURVE('',#2507,#2511,#1544,.T.);
#2776=EDGE_CURVE('',#2513,#2508,#983,.T.);
#2777=EDGE_CURVE('',#2513,#2498,#1545,.T.);
#2778=EDGE_CURVE('',#2497,#2460,#1546,.T.);
#2779=EDGE_CURVE('',#2459,#2514,#1547,.T.);
#2780=EDGE_CURVE('',#2512,#2514,#984,.T.);
#2781=EDGE_CURVE('',#2476,#2475,#1548,.T.);
#2782=EDGE_CURVE('',#2474,#2477,#1549,.T.);
#2783=EDGE_CURVE('',#2488,#2515,#3148,.T.);
#2784=EDGE_CURVE('',#2515,#2516,#3149,.T.);
#2785=EDGE_CURVE('',#2489,#2516,#1550,.T.);
#2786=EDGE_CURVE('',#2513,#2517,#3150,.T.);
#2787=EDGE_CURVE('',#2517,#2503,#3151,.T.);
#2788=EDGE_CURVE('',#2458,#2518,#3152,.T.);
#2789=EDGE_CURVE('',#2518,#2514,#3153,.T.);
#2790=EDGE_CURVE('',#2481,#2519,#1551,.T.);
#2791=EDGE_CURVE('',#2519,#2520,#3154,.T.);
#2792=EDGE_CURVE('',#2520,#2482,#3155,.T.);
#2793=EDGE_CURVE('',#2483,#2521,#3156,.T.);
#2794=EDGE_CURVE('',#2521,#2522,#3157,.T.);
#2795=EDGE_CURVE('',#2522,#2484,#3158,.T.);
#2796=EDGE_CURVE('',#2485,#2523,#3159,.T.);
#2797=EDGE_CURVE('',#2523,#2524,#1552,.T.);
#2798=EDGE_CURVE('',#2524,#2486,#3160,.T.);
#2799=EDGE_CURVE('',#2487,#2525,#3161,.T.);
#2800=EDGE_CURVE('',#2525,#2515,#3162,.T.);
#2801=EDGE_CURVE('',#2521,#2526,#1553,.T.);
#2802=EDGE_CURVE('',#2526,#2515,#913,.T.);
#2803=EDGE_CURVE('',#2525,#2522,#1554,.T.);
#2804=EDGE_CURVE('',#2520,#2526,#1555,.T.);
#2805=EDGE_CURVE('',#2519,#2527,#985,.T.);
#2806=EDGE_CURVE('',#2527,#2528,#986,.T.);
#2807=EDGE_CURVE('',#2528,#2516,#987,.T.);
#2808=EDGE_CURVE('',#2520,#2521,#1556,.T.);
#2809=EDGE_CURVE('',#2523,#2522,#1557,.T.);
#2810=EDGE_CURVE('',#2524,#2525,#1558,.T.);
#2811=EDGE_CURVE('',#2517,#2506,#914,.T.);
#2812=EDGE_CURVE('',#2518,#2510,#915,.T.);
#2813=EDGE_CURVE('',#2490,#2467,#1559,.T.);
#2814=EDGE_CURVE('',#2528,#2468,#1560,.T.);
#2815=EDGE_CURVE('',#2493,#2464,#1561,.T.);
#2816=EDGE_CURVE('',#2492,#2465,#1562,.T.);
#2817=EDGE_CURVE('',#2478,#2473,#1563,.T.);
#2818=EDGE_CURVE('',#2480,#2471,#1564,.T.);
#2819=EDGE_CURVE('',#2519,#2470,#1565,.T.);
#2820=EDGE_CURVE('',#2479,#2472,#1566,.T.);
#2821=EDGE_CURVE('',#2494,#2463,#1567,.T.);
#2822=EDGE_CURVE('',#2495,#2462,#1568,.T.);
#2823=EDGE_CURVE('',#2461,#2496,#1569,.T.);
#2824=EDGE_CURVE('',#2466,#2491,#1570,.T.);
#2825=EDGE_CURVE('',#2469,#2527,#1571,.T.);
#2826=EDGE_CURVE('',#2529,#2529,#1572,.T.);
#2827=EDGE_CURVE('',#2530,#2531,#3163,.T.);
#2828=EDGE_CURVE('',#2531,#2532,#3164,.T.);
#2829=EDGE_CURVE('',#2533,#2532,#3165,.T.);
#2830=EDGE_CURVE('',#2533,#2534,#1573,.T.);
#2831=EDGE_CURVE('',#2534,#2535,#3166,.T.);
#2832=EDGE_CURVE('',#2535,#2536,#3167,.T.);
#2833=EDGE_CURVE('',#2536,#2537,#3168,.T.);
#2834=EDGE_CURVE('',#2537,#2538,#3169,.T.);
#2835=EDGE_CURVE('',#2538,#2539,#3170,.T.);
#2836=EDGE_CURVE('',#2540,#2539,#3171,.T.);
#2837=EDGE_CURVE('',#2541,#2540,#3172,.T.);
#2838=EDGE_CURVE('',#2542,#2541,#3173,.T.);
#2839=EDGE_CURVE('',#2542,#2543,#3174,.T.);
#2840=EDGE_CURVE('',#2543,#2544,#1574,.T.);
#2841=EDGE_CURVE('',#2545,#2544,#1575,.T.);
#2842=EDGE_CURVE('',#2546,#2545,#3175,.T.);
#2843=EDGE_CURVE('',#2547,#2546,#3176,.T.);
#2844=EDGE_CURVE('',#2548,#2547,#1576,.T.);
#2845=EDGE_CURVE('',#2549,#2548,#3177,.T.);
#2846=EDGE_CURVE('',#2550,#2549,#3178,.T.);
#2847=EDGE_CURVE('',#2550,#2551,#1577,.T.);
#2848=EDGE_CURVE('',#2552,#2551,#3179,.T.);
#2849=EDGE_CURVE('',#2553,#2552,#1578,.T.);
#2850=EDGE_CURVE('',#2554,#2553,#3180,.T.);
#2851=EDGE_CURVE('',#2554,#2555,#1579,.T.);
#2852=EDGE_CURVE('',#2555,#2556,#3181,.T.);
#2853=EDGE_CURVE('',#2556,#2557,#1580,.T.);
#2854=EDGE_CURVE('',#2557,#2558,#3182,.T.);
#2855=EDGE_CURVE('',#2559,#2558,#3183,.T.);
#2856=EDGE_CURVE('',#2560,#2559,#1581,.T.);
#2857=EDGE_CURVE('',#2560,#2561,#3184,.T.);
#2858=EDGE_CURVE('',#2562,#2561,#3185,.T.);
#2859=EDGE_CURVE('',#2562,#2563,#3186,.T.);
#2860=EDGE_CURVE('',#2564,#2563,#1582,.T.);
#2861=EDGE_CURVE('',#2565,#2564,#3187,.T.);
#2862=EDGE_CURVE('',#2565,#2566,#3188,.T.);
#2863=EDGE_CURVE('',#2566,#2567,#1583,.T.);
#2864=EDGE_CURVE('',#2568,#2567,#3189,.T.);
#2865=EDGE_CURVE('',#2569,#2568,#3190,.T.);
#2866=EDGE_CURVE('',#2570,#2569,#1584,.T.);
#2867=EDGE_CURVE('',#2571,#2570,#3191,.T.);
#2868=EDGE_CURVE('',#2572,#2571,#3192,.T.);
#2869=EDGE_CURVE('',#2573,#2572,#1585,.T.);
#2870=EDGE_CURVE('',#2573,#2574,#1586,.T.);
#2871=EDGE_CURVE('',#2574,#2575,#3193,.T.);
#2872=EDGE_CURVE('',#2576,#2575,#3194,.T.);
#2873=EDGE_CURVE('',#2577,#2576,#3195,.T.);
#2874=EDGE_CURVE('',#2578,#2577,#3196,.T.);
#2875=EDGE_CURVE('',#2578,#2579,#3197,.T.);
#2876=EDGE_CURVE('',#2579,#2530,#1587,.T.);
#2877=EDGE_CURVE('',#2580,#2581,#988,.T.);
#2878=EDGE_CURVE('',#2580,#2582,#3198,.T.);
#2879=EDGE_CURVE('',#2583,#2582,#3199,.T.);
#2880=EDGE_CURVE('',#2583,#2581,#3200,.T.);
#2881=EDGE_CURVE('',#2584,#2585,#3201,.T.);
#2882=EDGE_CURVE('',#2584,#2586,#3202,.T.);
#2883=EDGE_CURVE('',#2587,#2586,#989,.T.);
#2884=EDGE_CURVE('',#2587,#2585,#3203,.T.);
#2885=EDGE_CURVE('',#2531,#2582,#3204,.T.);
#2886=EDGE_CURVE('',#2530,#2583,#3205,.T.);
#2887=EDGE_CURVE('',#2580,#2586,#1588,.T.);
#2888=EDGE_CURVE('',#2581,#2588,#990,.T.);
#2889=EDGE_CURVE('',#2588,#2578,#1589,.T.);
#2890=EDGE_CURVE('',#2577,#2540,#1590,.T.);
#2891=EDGE_CURVE('',#2539,#2589,#1591,.T.);
#2892=EDGE_CURVE('',#2589,#2587,#991,.T.);
#2893=EDGE_CURVE('',#2536,#2537,#1592,.T.);
#2894=EDGE_CURVE('',#2538,#2535,#1593,.T.);
#2895=EDGE_CURVE('',#2584,#2532,#3206,.T.);
#2896=EDGE_CURVE('',#2585,#2533,#3207,.T.);
#2897=EDGE_CURVE('',#2562,#2561,#1594,.T.);
#2898=EDGE_CURVE('',#2560,#2563,#1595,.T.);
#2899=EDGE_CURVE('',#2590,#2591,#3208,.T.);
#2900=EDGE_CURVE('',#2590,#2592,#916,.T.);
#2901=EDGE_CURVE('',#2592,#2593,#1596,.T.);
#2902=EDGE_CURVE('',#2594,#2593,#3209,.T.);
#2903=EDGE_CURVE('',#2594,#2591,#1597,.T.);
#2904=EDGE_CURVE('',#2595,#2592,#1598,.T.);
#2905=EDGE_CURVE('',#2595,#2593,#1599,.T.);
#2906=EDGE_CURVE('',#2594,#2596,#1600,.T.);
#2907=EDGE_CURVE('',#2597,#2596,#1601,.T.);
#2908=EDGE_CURVE('',#2591,#2597,#1602,.T.);
#2909=EDGE_CURVE('',#2598,#2583,#917,.T.);
#2910=EDGE_CURVE('',#2588,#2598,#3210,.T.);
#2911=EDGE_CURVE('',#2599,#2589,#3211,.T.);
#2912=EDGE_CURVE('',#2599,#2585,#918,.T.);
#2913=EDGE_CURVE('',#2600,#2601,#992,.T.);
#2914=EDGE_CURVE('',#2595,#2600,#3212,.T.);
#2915=EDGE_CURVE('',#2602,#2590,#3213,.T.);
#2916=EDGE_CURVE('',#2603,#2602,#993,.T.);
#2917=EDGE_CURVE('',#2601,#2603,#994,.T.);
#2918=EDGE_CURVE('',#2598,#2579,#3214,.T.);
#2919=EDGE_CURVE('',#2591,#2550,#3215,.T.);
#2920=EDGE_CURVE('',#2551,#2597,#3216,.T.);
#2921=EDGE_CURVE('',#2590,#2549,#3217,.T.);
#2922=EDGE_CURVE('',#2596,#2552,#3218,.T.);
#2923=EDGE_CURVE('',#2553,#2594,#3219,.T.);
#2924=EDGE_CURVE('',#2593,#2554,#3220,.T.);
#2925=EDGE_CURVE('',#2555,#2595,#3221,.T.);
#2926=EDGE_CURVE('',#2565,#2558,#1603,.T.);
#2927=EDGE_CURVE('',#2566,#2557,#1604,.T.);
#2928=EDGE_CURVE('',#2564,#2559,#1605,.T.);
#2929=EDGE_CURVE('',#2567,#2600,#1606,.T.);
#2930=EDGE_CURVE('',#2601,#2568,#1607,.T.);
#2931=EDGE_CURVE('',#2569,#2603,#1608,.T.);
#2932=EDGE_CURVE('',#2600,#2556,#1609,.T.);
#2933=EDGE_CURVE('',#2546,#2571,#1610,.T.);
#2934=EDGE_CURVE('',#2572,#2545,#1611,.T.);
#2935=EDGE_CURVE('',#2570,#2547,#1612,.T.);
#2936=EDGE_CURVE('',#2541,#2576,#1613,.T.);
#2937=EDGE_CURVE('',#2575,#2542,#1614,.T.);
#2938=EDGE_CURVE('',#2574,#2543,#1615,.T.);
#2939=EDGE_CURVE('',#2573,#2544,#1616,.T.);
#2940=EDGE_CURVE('',#2602,#2548,#1617,.T.);
#2941=EDGE_CURVE('',#2534,#2599,#3222,.T.);
#2942=EDGE_CURVE('',#2604,#2604,#1618,.T.);
#2943=EDGE_CURVE('',#2605,#2606,#3223,.T.);
#2944=EDGE_CURVE('',#2607,#2605,#3224,.T.);
#2945=EDGE_CURVE('',#2608,#2607,#3225,.T.);
#2946=EDGE_CURVE('',#2606,#2608,#3226,.T.);
#2947=EDGE_CURVE('',#2609,#2610,#3227,.T.);
#2948=EDGE_CURVE('',#2610,#2605,#3228,.T.);
#2949=EDGE_CURVE('',#2609,#2606,#3229,.T.);
#2950=EDGE_CURVE('',#2611,#2607,#3230,.T.);
#2951=EDGE_CURVE('',#2611,#2612,#3231,.T.);
#2952=EDGE_CURVE('',#2612,#2608,#3232,.T.);
#2953=EDGE_CURVE('',#2610,#2611,#3233,.T.);
#2954=EDGE_CURVE('',#2613,#2609,#3234,.T.);
#2955=EDGE_CURVE('',#2614,#2613,#3235,.T.);
#2956=EDGE_CURVE('',#2615,#2614,#1619,.T.);
#2957=EDGE_CURVE('',#2615,#2616,#3236,.T.);
#2958=EDGE_CURVE('',#2616,#2617,#1620,.T.);
#2959=EDGE_CURVE('',#2618,#2617,#1621,.T.);
#2960=EDGE_CURVE('',#2618,#2619,#3237,.T.);
#2961=EDGE_CURVE('',#2620,#2619,#3238,.T.);
#2962=EDGE_CURVE('',#2620,#2621,#3239,.T.);
#2963=EDGE_CURVE('',#2622,#2621,#1622,.T.);
#2964=EDGE_CURVE('',#2622,#2623,#1623,.T.);
#2965=EDGE_CURVE('',#2623,#2624,#3240,.T.);
#2966=EDGE_CURVE('',#2625,#2624,#1624,.T.);
#2967=EDGE_CURVE('',#2626,#2625,#3241,.T.);
#2968=EDGE_CURVE('',#2612,#2626,#3242,.T.);
#2969=EDGE_CURVE('',#2615,#2624,#1625,.T.);
#2970=EDGE_CURVE('',#2616,#2623,#1626,.T.);
#2971=EDGE_CURVE('',#2625,#2614,#1627,.T.);
#2972=EDGE_CURVE('',#2617,#2622,#1628,.T.);
#2973=EDGE_CURVE('',#2613,#2626,#1629,.T.);
#2974=EDGE_CURVE('',#2618,#2621,#1630,.T.);
#2975=EDGE_CURVE('',#2620,#2619,#1631,.T.);
#2976=EDGE_CURVE('',#2627,#2628,#3243,.T.);
#2977=EDGE_CURVE('',#2629,#2628,#3244,.T.);
#2978=EDGE_CURVE('',#2630,#2629,#3245,.T.);
#2979=EDGE_CURVE('',#2630,#2627,#3246,.T.);
#2980=EDGE_CURVE('',#2629,#2631,#3247,.T.);
#2981=EDGE_CURVE('',#2631,#2632,#3248,.T.);
#2982=EDGE_CURVE('',#2632,#2630,#3249,.T.);
#2983=EDGE_CURVE('',#2631,#2633,#3250,.T.);
#2984=EDGE_CURVE('',#2633,#2634,#3251,.T.);
#2985=EDGE_CURVE('',#2632,#2634,#3252,.T.);
#2986=EDGE_CURVE('',#2628,#2633,#3253,.T.);
#2987=EDGE_CURVE('',#2635,#2627,#3254,.T.);
#2988=EDGE_CURVE('',#2636,#2635,#3255,.T.);
#2989=EDGE_CURVE('',#2637,#2636,#1632,.T.);
#2990=EDGE_CURVE('',#2637,#2638,#3256,.T.);
#2991=EDGE_CURVE('',#2638,#2639,#1633,.T.);
#2992=EDGE_CURVE('',#2640,#2639,#1634,.T.);
#2993=EDGE_CURVE('',#2640,#2641,#3257,.T.);
#2994=EDGE_CURVE('',#2642,#2641,#3258,.T.);
#2995=EDGE_CURVE('',#2642,#2643,#3259,.T.);
#2996=EDGE_CURVE('',#2644,#2643,#1635,.T.);
#2997=EDGE_CURVE('',#2644,#2645,#1636,.T.);
#2998=EDGE_CURVE('',#2645,#2646,#3260,.T.);
#2999=EDGE_CURVE('',#2647,#2646,#1637,.T.);
#3000=EDGE_CURVE('',#2648,#2647,#3261,.T.);
#3001=EDGE_CURVE('',#2634,#2648,#3262,.T.);
#3002=EDGE_CURVE('',#2637,#2646,#1638,.T.);
#3003=EDGE_CURVE('',#2638,#2645,#1639,.T.);
#3004=EDGE_CURVE('',#2635,#2648,#1640,.T.);
#3005=EDGE_CURVE('',#2647,#2636,#1641,.T.);
#3006=EDGE_CURVE('',#2639,#2644,#1642,.T.);
#3007=EDGE_CURVE('',#2642,#2641,#1643,.T.);
#3008=EDGE_CURVE('',#2640,#2643,#1644,.T.);
#3009=EDGE_CURVE('',#2649,#2650,#1645,.T.);
#3010=EDGE_CURVE('',#2649,#2650,#3263,.T.);
#3011=EDGE_CURVE('',#2651,#2649,#3264,.T.);
#3012=EDGE_CURVE('',#2650,#2652,#3265,.T.);
#3013=EDGE_CURVE('',#2652,#2651,#1646,.T.);
#3014=EDGE_CURVE('',#2653,#2654,#1647,.T.);
#3015=EDGE_CURVE('',#2655,#2653,#3266,.T.);
#3016=EDGE_CURVE('',#2655,#2656,#919,.T.);
#3017=EDGE_CURVE('',#2654,#2656,#3267,.T.);
#3018=EDGE_CURVE('',#2657,#2658,#995,.T.);
#3019=EDGE_CURVE('',#2656,#2657,#3268,.T.);
#3020=EDGE_CURVE('',#2658,#2655,#3269,.T.);
#3021=EDGE_CURVE('',#2659,#2657,#1648,.T.);
#3022=EDGE_CURVE('',#2659,#2654,#3270,.T.);
#3023=EDGE_CURVE('',#2652,#2660,#1649,.T.);
#3024=EDGE_CURVE('',#2660,#2661,#1650,.T.);
#3025=EDGE_CURVE('',#2661,#2651,#1651,.T.);
#3026=EDGE_CURVE('',#2662,#2663,#920,.T.);
#3027=EDGE_CURVE('',#2664,#2663,#3271,.T.);
#3028=EDGE_CURVE('',#2665,#2664,#996,.T.);
#3029=EDGE_CURVE('',#2662,#2665,#3272,.T.);
#3030=EDGE_CURVE('',#2663,#2666,#3273,.T.);
#3031=EDGE_CURVE('',#2667,#2666,#3274,.T.);
#3032=EDGE_CURVE('',#2667,#2668,#1652,.T.);
#3033=EDGE_CURVE('',#2669,#2668,#3275,.T.);
#3034=EDGE_CURVE('',#2664,#2669,#1653,.T.);
#3035=EDGE_CURVE('',#2670,#2666,#1654,.T.);
#3036=EDGE_CURVE('',#2670,#2662,#3276,.T.);
#3037=EDGE_CURVE('',#2671,#2672,#1655,.T.);
#3038=EDGE_CURVE('',#2668,#2671,#3277,.T.);
#3039=EDGE_CURVE('',#2672,#2667,#3278,.T.);
#3040=EDGE_CURVE('',#2673,#2674,#3279,.T.);
#3041=EDGE_CURVE('',#2673,#2655,#3280,.T.);
#3042=EDGE_CURVE('',#2674,#2653,#3281,.T.);
#3043=EDGE_CURVE('',#2658,#2675,#997,.T.);
#3044=EDGE_CURVE('',#2676,#2675,#1656,.T.);
#3045=EDGE_CURVE('',#2676,#2665,#998,.T.);
#3046=EDGE_CURVE('',#2669,#2661,#3282,.T.);
#3047=EDGE_CURVE('',#2660,#2659,#3283,.T.);
#3048=EDGE_CURVE('',#2677,#2678,#3284,.T.);
#3049=EDGE_CURVE('',#2677,#2670,#3285,.T.);
#3050=EDGE_CURVE('',#2662,#2678,#3286,.T.);
#3051=EDGE_CURVE('',#2676,#2678,#3287,.T.);
#3052=EDGE_CURVE('',#2673,#2675,#3288,.T.);
#3053=EDGE_CURVE('',#2677,#2674,#3289,.T.);
#3054=EDGE_CURVE('',#2671,#2672,#3290,.T.);
#3055=EDGE_CURVE('',#2679,#2679,#1657,.T.);
#3056=EDGE_CURVE('',#2680,#2681,#1658,.T.);
#3057=EDGE_CURVE('',#2680,#2681,#3291,.T.);
#3058=EDGE_CURVE('',#2681,#2682,#3292,.T.);
#3059=EDGE_CURVE('',#2682,#2683,#1659,.T.);
#3060=EDGE_CURVE('',#2683,#2680,#3293,.T.);
#3061=EDGE_CURVE('',#2684,#2685,#3294,.T.);
#3062=EDGE_CURVE('',#2684,#2686,#1660,.T.);
#3063=EDGE_CURVE('',#2687,#2686,#3295,.T.);
#3064=EDGE_CURVE('',#2687,#2685,#921,.T.);
#3065=EDGE_CURVE('',#2688,#2689,#3296,.T.);
#3066=EDGE_CURVE('',#2690,#2688,#1661,.T.);
#3067=EDGE_CURVE('',#2691,#2690,#3297,.T.);
#3068=EDGE_CURVE('',#2689,#2691,#922,.T.);
#3069=EDGE_CURVE('',#2685,#2692,#3298,.T.);
#3070=EDGE_CURVE('',#2693,#2687,#3299,.T.);
#3071=EDGE_CURVE('',#2693,#2692,#999,.T.);
#3072=EDGE_CURVE('',#2684,#2694,#3300,.T.);
#3073=EDGE_CURVE('',#2695,#2692,#1662,.T.);
#3074=EDGE_CURVE('',#2696,#2695,#3301,.T.);
#3075=EDGE_CURVE('',#2696,#2694,#1663,.T.);
#3076=EDGE_CURVE('',#2682,#2697,#1664,.T.);
#3077=EDGE_CURVE('',#2697,#2698,#1665,.T.);
#3078=EDGE_CURVE('',#2698,#2683,#1666,.T.);
#3079=EDGE_CURVE('',#2690,#2699,#3302,.T.);
#3080=EDGE_CURVE('',#2700,#2699,#1667,.T.);
#3081=EDGE_CURVE('',#2700,#2691,#3303,.T.);
#3082=EDGE_CURVE('',#2689,#2701,#3304,.T.);
#3083=EDGE_CURVE('',#2700,#2701,#1000,.T.);
#3084=EDGE_CURVE('',#2702,#2703,#1668,.T.);
#3085=EDGE_CURVE('',#2694,#2702,#3305,.T.);
#3086=EDGE_CURVE('',#2703,#2696,#3306,.T.);
#3087=EDGE_CURVE('',#2704,#2693,#1001,.T.);
#3088=EDGE_CURVE('',#2705,#2704,#1669,.T.);
#3089=EDGE_CURVE('',#2701,#2705,#1002,.T.);
#3090=EDGE_CURVE('',#2699,#2698,#3307,.T.);
#3091=EDGE_CURVE('',#2697,#2695,#3308,.T.);
#3092=EDGE_CURVE('',#2705,#2706,#3309,.T.);
#3093=EDGE_CURVE('',#2706,#2689,#3310,.T.);
#3094=EDGE_CURVE('',#2707,#2706,#3311,.T.);
#3095=EDGE_CURVE('',#2688,#2707,#3312,.T.);
#3096=EDGE_CURVE('',#2687,#2708,#3313,.T.);
#3097=EDGE_CURVE('',#2708,#2704,#3314,.T.);
#3098=EDGE_CURVE('',#2708,#2709,#3315,.T.);
#3099=EDGE_CURVE('',#2686,#2709,#3316,.T.);
#3100=EDGE_CURVE('',#2707,#2709,#3317,.T.);
#3101=EDGE_CURVE('',#2702,#2703,#3318,.T.);
#3102=EDGE_CURVE('',#2710,#2710,#1670,.T.);
#3103=LINE('',#4625,#3319);
#3104=LINE('',#4628,#3320);
#3105=LINE('',#4632,#3321);
#3106=LINE('',#4634,#3322);
#3107=LINE('',#4636,#3323);
#3108=LINE('',#4638,#3324);
#3109=LINE('',#4640,#3325);
#3110=LINE('',#4646,#3326);
#3111=LINE('',#4648,#3327);
#3112=LINE('',#4652,#3328);
#3113=LINE('',#4654,#3329);
#3114=LINE('',#4658,#3330);
#3115=LINE('',#4660,#3331);
#3116=LINE('',#4664,#3332);
#3117=LINE('',#4666,#3333);
#3118=LINE('',#4668,#3334);
#3119=LINE('',#4672,#3335);
#3120=LINE('',#4674,#3336);
#3121=LINE('',#4678,#3337);
#3122=LINE('',#4682,#3338);
#3123=LINE('',#4686,#3339);
#3124=LINE('',#4690,#3340);
#3125=LINE('',#4692,#3341);
#3126=LINE('',#4696,#3342);
#3127=LINE('',#4698,#3343);
#3128=LINE('',#4704,#3344);
#3129=LINE('',#4706,#3345);
#3130=LINE('',#4708,#3346);
#3131=LINE('',#4710,#3347);
#3132=LINE('',#4712,#3348);
#3133=LINE('',#4714,#3349);
#3134=LINE('',#4716,#3350);
#3135=LINE('',#4718,#3351);
#3136=LINE('',#4720,#3352);
#3137=LINE('',#4724,#3353);
#3138=LINE('',#4726,#3354);
#3139=LINE('',#4729,#3355);
#3140=LINE('',#4730,#3356);
#3141=LINE('',#4732,#3357);
#3142=LINE('',#4734,#3358);
#3143=LINE('',#4744,#3359);
#3144=LINE('',#4746,#3360);
#3145=LINE('',#4748,#3361);
#3146=LINE('',#4750,#3362);
#3147=LINE('',#4757,#3363);
#3148=LINE('',#4801,#3364);
#3149=LINE('',#4803,#3365);
#3150=LINE('',#4807,#3366);
#3151=LINE('',#4809,#3367);
#3152=LINE('',#4811,#3368);
#3153=LINE('',#4813,#3369);
#3154=LINE('',#4817,#3370);
#3155=LINE('',#4819,#3371);
#3156=LINE('',#4821,#3372);
#3157=LINE('',#4823,#3373);
#3158=LINE('',#4825,#3374);
#3159=LINE('',#4827,#3375);
#3160=LINE('',#4831,#3376);
#3161=LINE('',#4833,#3377);
#3162=LINE('',#4835,#3378);
#3163=LINE('',#5022,#3379);
#3164=LINE('',#5025,#3380);
#3165=LINE('',#5027,#3381);
#3166=LINE('',#5031,#3382);
#3167=LINE('',#5033,#3383);
#3168=LINE('',#5035,#3384);
#3169=LINE('',#5037,#3385);
#3170=LINE('',#5039,#3386);
#3171=LINE('',#5041,#3387);
#3172=LINE('',#5043,#3388);
#3173=LINE('',#5045,#3389);
#3174=LINE('',#5047,#3390);
#3175=LINE('',#5053,#3391);
#3176=LINE('',#5055,#3392);
#3177=LINE('',#5059,#3393);
#3178=LINE('',#5061,#3394);
#3179=LINE('',#5065,#3395);
#3180=LINE('',#5069,#3396);
#3181=LINE('',#5073,#3397);
#3182=LINE('',#5077,#3398);
#3183=LINE('',#5079,#3399);
#3184=LINE('',#5083,#3400);
#3185=LINE('',#5085,#3401);
#3186=LINE('',#5087,#3402);
#3187=LINE('',#5091,#3403);
#3188=LINE('',#5093,#3404);
#3189=LINE('',#5097,#3405);
#3190=LINE('',#5099,#3406);
#3191=LINE('',#5103,#3407);
#3192=LINE('',#5105,#3408);
#3193=LINE('',#5111,#3409);
#3194=LINE('',#5113,#3410);
#3195=LINE('',#5115,#3411);
#3196=LINE('',#5117,#3412);
#3197=LINE('',#5119,#3413);
#3198=LINE('',#5129,#3414);
#3199=LINE('',#5131,#3415);
#3200=LINE('',#5133,#3416);
#3201=LINE('',#5135,#3417);
#3202=LINE('',#5138,#3418);
#3203=LINE('',#5145,#3419);
#3204=LINE('',#5147,#3420);
#3205=LINE('',#5148,#3421);
#3206=LINE('',#5192,#3422);
#3207=LINE('',#5193,#3423);
#3208=LINE('',#5198,#3424);
#3209=LINE('',#5205,#3425);
#3210=LINE('',#5236,#3426);
#3211=LINE('',#5238,#3427);
#3212=LINE('',#5260,#3428);
#3213=LINE('',#5261,#3429);
#3214=LINE('',#5288,#3430);
#3215=LINE('',#5290,#3431);
#3216=LINE('',#5291,#3432);
#3217=LINE('',#5293,#3433);
#3218=LINE('',#5295,#3434);
#3219=LINE('',#5296,#3435);
#3220=LINE('',#5299,#3436);
#3221=LINE('',#5300,#3437);
#3222=LINE('',#5409,#3438);
#3223=LINE('',#5419,#3439);
#3224=LINE('',#5422,#3440);
#3225=LINE('',#5424,#3441);
#3226=LINE('',#5426,#3442);
#3227=LINE('',#5428,#3443);
#3228=LINE('',#5431,#3444);
#3229=LINE('',#5432,#3445);
#3230=LINE('',#5434,#3446);
#3231=LINE('',#5436,#3447);
#3232=LINE('',#5438,#3448);
#3233=LINE('',#5440,#3449);
#3234=LINE('',#5441,#3450);
#3235=LINE('',#5443,#3451);
#3236=LINE('',#5447,#3452);
#3237=LINE('',#5453,#3453);
#3238=LINE('',#5455,#3454);
#3239=LINE('',#5457,#3455);
#3240=LINE('',#5463,#3456);
#3241=LINE('',#5467,#3457);
#3242=LINE('',#5469,#3458);
#3243=LINE('',#5517,#3459);
#3244=LINE('',#5520,#3460);
#3245=LINE('',#5522,#3461);
#3246=LINE('',#5524,#3462);
#3247=LINE('',#5526,#3463);
#3248=LINE('',#5528,#3464);
#3249=LINE('',#5530,#3465);
#3250=LINE('',#5532,#3466);
#3251=LINE('',#5534,#3467);
#3252=LINE('',#5536,#3468);
#3253=LINE('',#5538,#3469);
#3254=LINE('',#5539,#3470);
#3255=LINE('',#5541,#3471);
#3256=LINE('',#5545,#3472);
#3257=LINE('',#5551,#3473);
#3258=LINE('',#5553,#3474);
#3259=LINE('',#5555,#3475);
#3260=LINE('',#5561,#3476);
#3261=LINE('',#5565,#3477);
#3262=LINE('',#5567,#3478);
#3263=LINE('',#5618,#3479);
#3264=LINE('',#5620,#3480);
#3265=LINE('',#5622,#3481);
#3266=LINE('',#5629,#3482);
#3267=LINE('',#5633,#3483);
#3268=LINE('',#5653,#3484);
#3269=LINE('',#5654,#3485);
#3270=LINE('',#5658,#3486);
#3271=LINE('',#5669,#3487);
#3272=LINE('',#5688,#3488);
#3273=LINE('',#5690,#3489);
#3274=LINE('',#5692,#3490);
#3275=LINE('',#5696,#3491);
#3276=LINE('',#5702,#3492);
#3277=LINE('',#5707,#3493);
#3278=LINE('',#5708,#3494);
#3279=LINE('',#5710,#3495);
#3280=LINE('',#5713,#3496);
#3281=LINE('',#5714,#3497);
#3282=LINE('',#5727,#3498);
#3283=LINE('',#5728,#3499);
#3284=LINE('',#5730,#3500);
#3285=LINE('',#5733,#3501);
#3286=LINE('',#5734,#3502);
#3287=LINE('',#5736,#3503);
#3288=LINE('',#5738,#3504);
#3289=LINE('',#5740,#3505);
#3290=LINE('',#5741,#3506);
#3291=LINE('',#5751,#3507);
#3292=LINE('',#5753,#3508);
#3293=LINE('',#5757,#3509);
#3294=LINE('',#5759,#3510);
#3295=LINE('',#5764,#3511);
#3296=LINE('',#5768,#3512);
#3297=LINE('',#5773,#3513);
#3298=LINE('',#5777,#3514);
#3299=LINE('',#5779,#3515);
#3300=LINE('',#5798,#3516);
#3301=LINE('',#5802,#3517);
#3302=LINE('',#5812,#3518);
#3303=LINE('',#5816,#3519);
#3304=LINE('',#5818,#3520);
#3305=LINE('',#5840,#3521);
#3306=LINE('',#5841,#3522);
#3307=LINE('',#5854,#3523);
#3308=LINE('',#5855,#3524);
#3309=LINE('',#5857,#3525);
#3310=LINE('',#5859,#3526);
#3311=LINE('',#5861,#3527);
#3312=LINE('',#5863,#3528);
#3313=LINE('',#5865,#3529);
#3314=LINE('',#5867,#3530);
#3315=LINE('',#5869,#3531);
#3316=LINE('',#5871,#3532);
#3317=LINE('',#5873,#3533);
#3318=LINE('',#5874,#3534);
#3319=VECTOR('',#3828,1.);
#3320=VECTOR('',#3829,1.);
#3321=VECTOR('',#3832,1.);
#3322=VECTOR('',#3833,1.);
#3323=VECTOR('',#3834,1.);
#3324=VECTOR('',#3835,1.);
#3325=VECTOR('',#3836,1.);
#3326=VECTOR('',#3841,1.);
#3327=VECTOR('',#3842,1.);
#3328=VECTOR('',#3845,1.);
#3329=VECTOR('',#3846,1.);
#3330=VECTOR('',#3849,1.);
#3331=VECTOR('',#3850,1.);
#3332=VECTOR('',#3853,1.);
#3333=VECTOR('',#3854,1.);
#3334=VECTOR('',#3855,1.);
#3335=VECTOR('',#3858,1.);
#3336=VECTOR('',#3859,1.);
#3337=VECTOR('',#3862,1.);
#3338=VECTOR('',#3865,1.);
#3339=VECTOR('',#3868,1.);
#3340=VECTOR('',#3871,1.);
#3341=VECTOR('',#3872,1.);
#3342=VECTOR('',#3875,1.);
#3343=VECTOR('',#3876,1.);
#3344=VECTOR('',#3881,1.);
#3345=VECTOR('',#3882,1.);
#3346=VECTOR('',#3883,1.);
#3347=VECTOR('',#3884,1.);
#3348=VECTOR('',#3885,1.);
#3349=VECTOR('',#3886,1.);
#3350=VECTOR('',#3887,1.);
#3351=VECTOR('',#3888,1.);
#3352=VECTOR('',#3889,1.);
#3353=VECTOR('',#3892,1.);
#3354=VECTOR('',#3895,1.);
#3355=VECTOR('',#3896,1.);
#3356=VECTOR('',#3897,1.);
#3357=VECTOR('',#3900,1.);
#3358=VECTOR('',#3901,1.);
#3359=VECTOR('',#3910,1.);
#3360=VECTOR('',#3911,1.);
#3361=VECTOR('',#3912,1.);
#3362=VECTOR('',#3915,1.);
#3363=VECTOR('',#3916,1.);
#3364=VECTOR('',#3935,1.);
#3365=VECTOR('',#3936,1.);
#3366=VECTOR('',#3941,1.);
#3367=VECTOR('',#3942,1.);
#3368=VECTOR('',#3945,1.);
#3369=VECTOR('',#3946,1.);
#3370=VECTOR('',#3951,1.);
#3371=VECTOR('',#3952,1.);
#3372=VECTOR('',#3955,1.);
#3373=VECTOR('',#3956,1.);
#3374=VECTOR('',#3957,1.);
#3375=VECTOR('',#3960,1.);
#3376=VECTOR('',#3963,1.);
#3377=VECTOR('',#3966,1.);
#3378=VECTOR('',#3967,1.);
#3379=VECTOR('',#4062,1.);
#3380=VECTOR('',#4063,1.);
#3381=VECTOR('',#4064,1.);
#3382=VECTOR('',#4067,1.);
#3383=VECTOR('',#4068,1.);
#3384=VECTOR('',#4069,1.);
#3385=VECTOR('',#4070,1.);
#3386=VECTOR('',#4071,1.);
#3387=VECTOR('',#4072,1.);
#3388=VECTOR('',#4073,1.);
#3389=VECTOR('',#4074,1.);
#3390=VECTOR('',#4075,1.);
#3391=VECTOR('',#4080,1.);
#3392=VECTOR('',#4081,1.);
#3393=VECTOR('',#4084,1.);
#3394=VECTOR('',#4085,1.);
#3395=VECTOR('',#4088,1.);
#3396=VECTOR('',#4091,1.);
#3397=VECTOR('',#4094,1.);
#3398=VECTOR('',#4097,1.);
#3399=VECTOR('',#4098,1.);
#3400=VECTOR('',#4101,1.);
#3401=VECTOR('',#4102,1.);
#3402=VECTOR('',#4103,1.);
#3403=VECTOR('',#4106,1.);
#3404=VECTOR('',#4107,1.);
#3405=VECTOR('',#4110,1.);
#3406=VECTOR('',#4111,1.);
#3407=VECTOR('',#4114,1.);
#3408=VECTOR('',#4115,1.);
#3409=VECTOR('',#4120,1.);
#3410=VECTOR('',#4121,1.);
#3411=VECTOR('',#4122,1.);
#3412=VECTOR('',#4123,1.);
#3413=VECTOR('',#4124,1.);
#3414=VECTOR('',#4129,1.);
#3415=VECTOR('',#4130,1.);
#3416=VECTOR('',#4131,1.);
#3417=VECTOR('',#4134,1.);
#3418=VECTOR('',#4135,1.);
#3419=VECTOR('',#4136,1.);
#3420=VECTOR('',#4139,1.);
#3421=VECTOR('',#4140,1.);
#3422=VECTOR('',#4159,1.);
#3423=VECTOR('',#4160,1.);
#3424=VECTOR('',#4169,1.);
#3425=VECTOR('',#4174,1.);
#3426=VECTOR('',#4193,1.);
#3427=VECTOR('',#4196,1.);
#3428=VECTOR('',#4201,1.);
#3429=VECTOR('',#4202,1.);
#3430=VECTOR('',#4205,1.);
#3431=VECTOR('',#4208,1.);
#3432=VECTOR('',#4209,1.);
#3433=VECTOR('',#4212,1.);
#3434=VECTOR('',#4215,1.);
#3435=VECTOR('',#4216,1.);
#3436=VECTOR('',#4221,1.);
#3437=VECTOR('',#4222,1.);
#3438=VECTOR('',#4279,1.);
#3439=VECTOR('',#4296,1.);
#3440=VECTOR('',#4297,1.);
#3441=VECTOR('',#4298,1.);
#3442=VECTOR('',#4299,1.);
#3443=VECTOR('',#4302,1.);
#3444=VECTOR('',#4303,1.);
#3445=VECTOR('',#4304,1.);
#3446=VECTOR('',#4307,1.);
#3447=VECTOR('',#4308,1.);
#3448=VECTOR('',#4309,1.);
#3449=VECTOR('',#4312,1.);
#3450=VECTOR('',#4313,1.);
#3451=VECTOR('',#4314,1.);
#3452=VECTOR('',#4317,1.);
#3453=VECTOR('',#4322,1.);
#3454=VECTOR('',#4323,1.);
#3455=VECTOR('',#4324,1.);
#3456=VECTOR('',#4329,1.);
#3457=VECTOR('',#4332,1.);
#3458=VECTOR('',#4333,1.);
#3459=VECTOR('',#4364,1.);
#3460=VECTOR('',#4365,1.);
#3461=VECTOR('',#4366,1.);
#3462=VECTOR('',#4367,1.);
#3463=VECTOR('',#4370,1.);
#3464=VECTOR('',#4371,1.);
#3465=VECTOR('',#4372,1.);
#3466=VECTOR('',#4375,1.);
#3467=VECTOR('',#4376,1.);
#3468=VECTOR('',#4377,1.);
#3469=VECTOR('',#4380,1.);
#3470=VECTOR('',#4381,1.);
#3471=VECTOR('',#4382,1.);
#3472=VECTOR('',#4385,1.);
#3473=VECTOR('',#4390,1.);
#3474=VECTOR('',#4391,1.);
#3475=VECTOR('',#4392,1.);
#3476=VECTOR('',#4397,1.);
#3477=VECTOR('',#4400,1.);
#3478=VECTOR('',#4401,1.);
#3479=VECTOR('',#4434,1.);
#3480=VECTOR('',#4437,1.);
#3481=VECTOR('',#4438,1.);
#3482=VECTOR('',#4445,1.);
#3483=VECTOR('',#4448,1.);
#3484=VECTOR('',#4451,1.);
#3485=VECTOR('',#4452,1.);
#3486=VECTOR('',#4457,1.);
#3487=VECTOR('',#4470,1.);
#3488=VECTOR('',#4471,1.);
#3489=VECTOR('',#4474,1.);
#3490=VECTOR('',#4475,1.);
#3491=VECTOR('',#4478,1.);
#3492=VECTOR('',#4485,1.);
#3493=VECTOR('',#4490,1.);
#3494=VECTOR('',#4491,1.);
#3495=VECTOR('',#4494,1.);
#3496=VECTOR('',#4495,1.);
#3497=VECTOR('',#4496,1.);
#3498=VECTOR('',#4501,1.);
#3499=VECTOR('',#4502,1.);
#3500=VECTOR('',#4505,1.);
#3501=VECTOR('',#4506,1.);
#3502=VECTOR('',#4507,1.);
#3503=VECTOR('',#4510,1.);
#3504=VECTOR('',#4513,1.);
#3505=VECTOR('',#4516,1.);
#3506=VECTOR('',#4517,1.);
#3507=VECTOR('',#4530,1.);
#3508=VECTOR('',#4533,1.);
#3509=VECTOR('',#4536,1.);
#3510=VECTOR('',#4539,1.);
#3511=VECTOR('',#4542,1.);
#3512=VECTOR('',#4547,1.);
#3513=VECTOR('',#4550,1.);
#3514=VECTOR('',#4555,1.);
#3515=VECTOR('',#4556,1.);
#3516=VECTOR('',#4559,1.);
#3517=VECTOR('',#4562,1.);
#3518=VECTOR('',#4575,1.);
#3519=VECTOR('',#4578,1.);
#3520=VECTOR('',#4581,1.);
#3521=VECTOR('',#4586,1.);
#3522=VECTOR('',#4587,1.);
#3523=VECTOR('',#4592,1.);
#3524=VECTOR('',#4593,1.);
#3525=VECTOR('',#4596,1.);
#3526=VECTOR('',#4597,1.);
#3527=VECTOR('',#4600,1.);
#3528=VECTOR('',#4601,1.);
#3529=VECTOR('',#4604,1.);
#3530=VECTOR('',#4605,1.);
#3531=VECTOR('',#4608,1.);
#3532=VECTOR('',#4609,1.);
#3533=VECTOR('',#4612,1.);
#3534=VECTOR('',#4613,1.);
#3535=AXIS2_PLACEMENT_3D('',#4624,#3826,#3827);
#3536=AXIS2_PLACEMENT_3D('',#4630,#3830,#3831);
#3537=AXIS2_PLACEMENT_3D('',#4642,#3837,#3838);
#3538=AXIS2_PLACEMENT_3D('',#4644,#3839,#3840);
#3539=AXIS2_PLACEMENT_3D('',#4650,#3843,#3844);
#3540=AXIS2_PLACEMENT_3D('',#4656,#3847,#3848);
#3541=AXIS2_PLACEMENT_3D('',#4662,#3851,#3852);
#3542=AXIS2_PLACEMENT_3D('',#4670,#3856,#3857);
#3543=AXIS2_PLACEMENT_3D('',#4676,#3860,#3861);
#3544=AXIS2_PLACEMENT_3D('',#4680,#3863,#3864);
#3545=AXIS2_PLACEMENT_3D('',#4684,#3866,#3867);
#3546=AXIS2_PLACEMENT_3D('',#4688,#3869,#3870);
#3547=AXIS2_PLACEMENT_3D('',#4694,#3873,#3874);
#3548=AXIS2_PLACEMENT_3D('',#4700,#3877,#3878);
#3549=AXIS2_PLACEMENT_3D('',#4702,#3879,#3880);
#3550=AXIS2_PLACEMENT_3D('',#4722,#3890,#3891);
#3551=AXIS2_PLACEMENT_3D('',#4725,#3893,#3894);
#3552=AXIS2_PLACEMENT_3D('',#4731,#3898,#3899);
#3553=AXIS2_PLACEMENT_3D('',#4740,#3902,#3903);
#3554=AXIS2_PLACEMENT_3D('',#4741,#3904,#3905);
#3555=AXIS2_PLACEMENT_3D('',#4742,#3906,#3907);
#3556=AXIS2_PLACEMENT_3D('',#4743,#3908,#3909);
#3557=AXIS2_PLACEMENT_3D('',#4749,#3913,#3914);
#3558=AXIS2_PLACEMENT_3D('',#4758,#3917,#3918);
#3559=AXIS2_PLACEMENT_3D('',#4759,#3919,#3920);
#3560=AXIS2_PLACEMENT_3D('',#4777,#3921,#3922);
#3561=AXIS2_PLACEMENT_3D('',#4778,#3923,#3924);
#3562=AXIS2_PLACEMENT_3D('',#4779,#3925,#3926);
#3563=AXIS2_PLACEMENT_3D('',#4797,#3927,#3928);
#3564=AXIS2_PLACEMENT_3D('',#4798,#3929,#3930);
#3565=AXIS2_PLACEMENT_3D('',#4799,#3931,#3932);
#3566=AXIS2_PLACEMENT_3D('',#4800,#3933,#3934);
#3567=AXIS2_PLACEMENT_3D('',#4805,#3937,#3938);
#3568=AXIS2_PLACEMENT_3D('',#4806,#3939,#3940);
#3569=AXIS2_PLACEMENT_3D('',#4810,#3943,#3944);
#3570=AXIS2_PLACEMENT_3D('',#4814,#3947,#3948);
#3571=AXIS2_PLACEMENT_3D('',#4815,#3949,#3950);
#3572=AXIS2_PLACEMENT_3D('',#4820,#3953,#3954);
#3573=AXIS2_PLACEMENT_3D('',#4826,#3958,#3959);
#3574=AXIS2_PLACEMENT_3D('',#4829,#3961,#3962);
#3575=AXIS2_PLACEMENT_3D('',#4832,#3964,#3965);
#3576=AXIS2_PLACEMENT_3D('',#4836,#3968,#3969);
#3577=AXIS2_PLACEMENT_3D('',#4837,#3970,#3971);
#3578=AXIS2_PLACEMENT_3D('',#4839,#3972,#3973);
#3579=AXIS2_PLACEMENT_3D('',#4840,#3974,#3975);
#3580=AXIS2_PLACEMENT_3D('',#4841,#3976,#3977);
#3581=AXIS2_PLACEMENT_3D('',#4842,#3978,#3979);
#3582=AXIS2_PLACEMENT_3D('',#4884,#3980,#3981);
#3583=AXIS2_PLACEMENT_3D('',#4885,#3982,#3983);
#3584=AXIS2_PLACEMENT_3D('',#4886,#3984,#3985);
#3585=AXIS2_PLACEMENT_3D('',#4887,#3986,#3987);
#3586=AXIS2_PLACEMENT_3D('',#4888,#3988,#3989);
#3587=AXIS2_PLACEMENT_3D('',#4889,#3990,#3991);
#3588=AXIS2_PLACEMENT_3D('',#4890,#3992,#3993);
#3589=AXIS2_PLACEMENT_3D('',#4907,#3994,#3995);
#3590=AXIS2_PLACEMENT_3D('',#4908,#3996,#3997);
#3591=AXIS2_PLACEMENT_3D('',#4909,#3998,#3999);
#3592=AXIS2_PLACEMENT_3D('',#4910,#4000,#4001);
#3593=AXIS2_PLACEMENT_3D('',#4911,#4002,#4003);
#3594=AXIS2_PLACEMENT_3D('',#4912,#4004,#4005);
#3595=AXIS2_PLACEMENT_3D('',#4913,#4006,#4007);
#3596=AXIS2_PLACEMENT_3D('',#4914,#4008,#4009);
#3597=AXIS2_PLACEMENT_3D('',#4915,#4010,#4011);
#3598=AXIS2_PLACEMENT_3D('',#4932,#4012,#4013);
#3599=AXIS2_PLACEMENT_3D('',#4933,#4014,#4015);
#3600=AXIS2_PLACEMENT_3D('',#4950,#4016,#4017);
#3601=AXIS2_PLACEMENT_3D('',#4967,#4018,#4019);
#3602=AXIS2_PLACEMENT_3D('',#4968,#4020,#4021);
#3603=AXIS2_PLACEMENT_3D('',#4985,#4022,#4023);
#3604=AXIS2_PLACEMENT_3D('',#4986,#4024,#4025);
#3605=AXIS2_PLACEMENT_3D('',#4987,#4026,#4027);
#3606=AXIS2_PLACEMENT_3D('',#4988,#4028,#4029);
#3607=AXIS2_PLACEMENT_3D('',#4989,#4030,#4031);
#3608=AXIS2_PLACEMENT_3D('',#5006,#4032,#4033);
#3609=AXIS2_PLACEMENT_3D('',#5007,#4034,#4035);
#3610=AXIS2_PLACEMENT_3D('',#5008,#4036,#4037);
#3611=AXIS2_PLACEMENT_3D('',#5009,#4038,#4039);
#3612=AXIS2_PLACEMENT_3D('',#5010,#4040,#4041);
#3613=AXIS2_PLACEMENT_3D('',#5011,#4042,#4043);
#3614=AXIS2_PLACEMENT_3D('',#5012,#4044,#4045);
#3615=AXIS2_PLACEMENT_3D('',#5013,#4046,#4047);
#3616=AXIS2_PLACEMENT_3D('',#5014,#4048,#4049);
#3617=AXIS2_PLACEMENT_3D('',#5015,#4050,#4051);
#3618=AXIS2_PLACEMENT_3D('',#5016,#4052,#4053);
#3619=AXIS2_PLACEMENT_3D('',#5017,#4054,#4055);
#3620=AXIS2_PLACEMENT_3D('',#5019,#4056,#4057);
#3621=AXIS2_PLACEMENT_3D('',#5020,#4058,#4059);
#3622=AXIS2_PLACEMENT_3D('',#5021,#4060,#4061);
#3623=AXIS2_PLACEMENT_3D('',#5029,#4065,#4066);
#3624=AXIS2_PLACEMENT_3D('',#5049,#4076,#4077);
#3625=AXIS2_PLACEMENT_3D('',#5051,#4078,#4079);
#3626=AXIS2_PLACEMENT_3D('',#5057,#4082,#4083);
#3627=AXIS2_PLACEMENT_3D('',#5063,#4086,#4087);
#3628=AXIS2_PLACEMENT_3D('',#5067,#4089,#4090);
#3629=AXIS2_PLACEMENT_3D('',#5071,#4092,#4093);
#3630=AXIS2_PLACEMENT_3D('',#5075,#4095,#4096);
#3631=AXIS2_PLACEMENT_3D('',#5081,#4099,#4100);
#3632=AXIS2_PLACEMENT_3D('',#5089,#4104,#4105);
#3633=AXIS2_PLACEMENT_3D('',#5095,#4108,#4109);
#3634=AXIS2_PLACEMENT_3D('',#5101,#4112,#4113);
#3635=AXIS2_PLACEMENT_3D('',#5107,#4116,#4117);
#3636=AXIS2_PLACEMENT_3D('',#5109,#4118,#4119);
#3637=AXIS2_PLACEMENT_3D('',#5121,#4125,#4126);
#3638=AXIS2_PLACEMENT_3D('',#5122,#4127,#4128);
#3639=AXIS2_PLACEMENT_3D('',#5134,#4132,#4133);
#3640=AXIS2_PLACEMENT_3D('',#5146,#4137,#4138);
#3641=AXIS2_PLACEMENT_3D('',#5149,#4141,#4142);
#3642=AXIS2_PLACEMENT_3D('',#5150,#4143,#4144);
#3643=AXIS2_PLACEMENT_3D('',#5168,#4145,#4146);
#3644=AXIS2_PLACEMENT_3D('',#5169,#4147,#4148);
#3645=AXIS2_PLACEMENT_3D('',#5170,#4149,#4150);
#3646=AXIS2_PLACEMENT_3D('',#5188,#4151,#4152);
#3647=AXIS2_PLACEMENT_3D('',#5189,#4153,#4154);
#3648=AXIS2_PLACEMENT_3D('',#5190,#4155,#4156);
#3649=AXIS2_PLACEMENT_3D('',#5191,#4157,#4158);
#3650=AXIS2_PLACEMENT_3D('',#5194,#4161,#4162);
#3651=AXIS2_PLACEMENT_3D('',#5195,#4163,#4164);
#3652=AXIS2_PLACEMENT_3D('',#5196,#4165,#4166);
#3653=AXIS2_PLACEMENT_3D('',#5197,#4167,#4168);
#3654=AXIS2_PLACEMENT_3D('',#5201,#4170,#4171);
#3655=AXIS2_PLACEMENT_3D('',#5203,#4172,#4173);
#3656=AXIS2_PLACEMENT_3D('',#5207,#4175,#4176);
#3657=AXIS2_PLACEMENT_3D('',#5208,#4177,#4178);
#3658=AXIS2_PLACEMENT_3D('',#5209,#4179,#4180);
#3659=AXIS2_PLACEMENT_3D('',#5211,#4181,#4182);
#3660=AXIS2_PLACEMENT_3D('',#5212,#4183,#4184);
#3661=AXIS2_PLACEMENT_3D('',#5213,#4185,#4186);
#3662=AXIS2_PLACEMENT_3D('',#5215,#4187,#4188);
#3663=AXIS2_PLACEMENT_3D('',#5217,#4189,#4190);
#3664=AXIS2_PLACEMENT_3D('',#5234,#4191,#4192);
#3665=AXIS2_PLACEMENT_3D('',#5237,#4194,#4195);
#3666=AXIS2_PLACEMENT_3D('',#5240,#4197,#4198);
#3667=AXIS2_PLACEMENT_3D('',#5241,#4199,#4200);
#3668=AXIS2_PLACEMENT_3D('',#5287,#4203,#4204);
#3669=AXIS2_PLACEMENT_3D('',#5289,#4206,#4207);
#3670=AXIS2_PLACEMENT_3D('',#5292,#4210,#4211);
#3671=AXIS2_PLACEMENT_3D('',#5294,#4213,#4214);
#3672=AXIS2_PLACEMENT_3D('',#5297,#4217,#4218);
#3673=AXIS2_PLACEMENT_3D('',#5298,#4219,#4220);
#3674=AXIS2_PLACEMENT_3D('',#5301,#4223,#4224);
#3675=AXIS2_PLACEMENT_3D('',#5302,#4225,#4226);
#3676=AXIS2_PLACEMENT_3D('',#5303,#4227,#4228);
#3677=AXIS2_PLACEMENT_3D('',#5304,#4229,#4230);
#3678=AXIS2_PLACEMENT_3D('',#5305,#4231,#4232);
#3679=AXIS2_PLACEMENT_3D('',#5306,#4233,#4234);
#3680=AXIS2_PLACEMENT_3D('',#5307,#4235,#4236);
#3681=AXIS2_PLACEMENT_3D('',#5308,#4237,#4238);
#3682=AXIS2_PLACEMENT_3D('',#5309,#4239,#4240);
#3683=AXIS2_PLACEMENT_3D('',#5310,#4241,#4242);
#3684=AXIS2_PLACEMENT_3D('',#5311,#4243,#4244);
#3685=AXIS2_PLACEMENT_3D('',#5312,#4245,#4246);
#3686=AXIS2_PLACEMENT_3D('',#5313,#4247,#4248);
#3687=AXIS2_PLACEMENT_3D('',#5346,#4249,#4250);
#3688=AXIS2_PLACEMENT_3D('',#5347,#4251,#4252);
#3689=AXIS2_PLACEMENT_3D('',#5348,#4253,#4254);
#3690=AXIS2_PLACEMENT_3D('',#5349,#4255,#4256);
#3691=AXIS2_PLACEMENT_3D('',#5350,#4257,#4258);
#3692=AXIS2_PLACEMENT_3D('',#5351,#4259,#4260);
#3693=AXIS2_PLACEMENT_3D('',#5352,#4261,#4262);
#3694=AXIS2_PLACEMENT_3D('',#5353,#4263,#4264);
#3695=AXIS2_PLACEMENT_3D('',#5354,#4265,#4266);
#3696=AXIS2_PLACEMENT_3D('',#5355,#4267,#4268);
#3697=AXIS2_PLACEMENT_3D('',#5356,#4269,#4270);
#3698=AXIS2_PLACEMENT_3D('',#5373,#4271,#4272);
#3699=AXIS2_PLACEMENT_3D('',#5390,#4273,#4274);
#3700=AXIS2_PLACEMENT_3D('',#5407,#4275,#4276);
#3701=AXIS2_PLACEMENT_3D('',#5408,#4277,#4278);
#3702=AXIS2_PLACEMENT_3D('',#5410,#4280,#4281);
#3703=AXIS2_PLACEMENT_3D('',#5411,#4282,#4283);
#3704=AXIS2_PLACEMENT_3D('',#5412,#4284,#4285);
#3705=AXIS2_PLACEMENT_3D('',#5413,#4286,#4287);
#3706=AXIS2_PLACEMENT_3D('',#5414,#4288,#4289);
#3707=AXIS2_PLACEMENT_3D('',#5416,#4290,#4291);
#3708=AXIS2_PLACEMENT_3D('',#5417,#4292,#4293);
#3709=AXIS2_PLACEMENT_3D('',#5418,#4294,#4295);
#3710=AXIS2_PLACEMENT_3D('',#5427,#4300,#4301);
#3711=AXIS2_PLACEMENT_3D('',#5433,#4305,#4306);
#3712=AXIS2_PLACEMENT_3D('',#5439,#4310,#4311);
#3713=AXIS2_PLACEMENT_3D('',#5445,#4315,#4316);
#3714=AXIS2_PLACEMENT_3D('',#5449,#4318,#4319);
#3715=AXIS2_PLACEMENT_3D('',#5451,#4320,#4321);
#3716=AXIS2_PLACEMENT_3D('',#5459,#4325,#4326);
#3717=AXIS2_PLACEMENT_3D('',#5461,#4327,#4328);
#3718=AXIS2_PLACEMENT_3D('',#5465,#4330,#4331);
#3719=AXIS2_PLACEMENT_3D('',#5470,#4334,#4335);
#3720=AXIS2_PLACEMENT_3D('',#5471,#4336,#4337);
#3721=AXIS2_PLACEMENT_3D('',#5472,#4338,#4339);
#3722=AXIS2_PLACEMENT_3D('',#5473,#4340,#4341);
#3723=AXIS2_PLACEMENT_3D('',#5474,#4342,#4343);
#3724=AXIS2_PLACEMENT_3D('',#5475,#4344,#4345);
#3725=AXIS2_PLACEMENT_3D('',#5476,#4346,#4347);
#3726=AXIS2_PLACEMENT_3D('',#5493,#4348,#4349);
#3727=AXIS2_PLACEMENT_3D('',#5494,#4350,#4351);
#3728=AXIS2_PLACEMENT_3D('',#5495,#4352,#4353);
#3729=AXIS2_PLACEMENT_3D('',#5496,#4354,#4355);
#3730=AXIS2_PLACEMENT_3D('',#5497,#4356,#4357);
#3731=AXIS2_PLACEMENT_3D('',#5514,#4358,#4359);
#3732=AXIS2_PLACEMENT_3D('',#5515,#4360,#4361);
#3733=AXIS2_PLACEMENT_3D('',#5516,#4362,#4363);
#3734=AXIS2_PLACEMENT_3D('',#5525,#4368,#4369);
#3735=AXIS2_PLACEMENT_3D('',#5531,#4373,#4374);
#3736=AXIS2_PLACEMENT_3D('',#5537,#4378,#4379);
#3737=AXIS2_PLACEMENT_3D('',#5543,#4383,#4384);
#3738=AXIS2_PLACEMENT_3D('',#5547,#4386,#4387);
#3739=AXIS2_PLACEMENT_3D('',#5549,#4388,#4389);
#3740=AXIS2_PLACEMENT_3D('',#5557,#4393,#4394);
#3741=AXIS2_PLACEMENT_3D('',#5559,#4395,#4396);
#3742=AXIS2_PLACEMENT_3D('',#5563,#4398,#4399);
#3743=AXIS2_PLACEMENT_3D('',#5568,#4402,#4403);
#3744=AXIS2_PLACEMENT_3D('',#5569,#4404,#4405);
#3745=AXIS2_PLACEMENT_3D('',#5570,#4406,#4407);
#3746=AXIS2_PLACEMENT_3D('',#5571,#4408,#4409);
#3747=AXIS2_PLACEMENT_3D('',#5572,#4410,#4411);
#3748=AXIS2_PLACEMENT_3D('',#5573,#4412,#4413);
#3749=AXIS2_PLACEMENT_3D('',#5574,#4414,#4415);
#3750=AXIS2_PLACEMENT_3D('',#5575,#4416,#4417);
#3751=AXIS2_PLACEMENT_3D('',#5576,#4418,#4419);
#3752=AXIS2_PLACEMENT_3D('',#5593,#4420,#4421);
#3753=AXIS2_PLACEMENT_3D('',#5594,#4422,#4423);
#3754=AXIS2_PLACEMENT_3D('',#5595,#4424,#4425);
#3755=AXIS2_PLACEMENT_3D('',#5596,#4426,#4427);
#3756=AXIS2_PLACEMENT_3D('',#5597,#4428,#4429);
#3757=AXIS2_PLACEMENT_3D('',#5614,#4430,#4431);
#3758=AXIS2_PLACEMENT_3D('',#5615,#4432,#4433);
#3759=AXIS2_PLACEMENT_3D('',#5619,#4435,#4436);
#3760=AXIS2_PLACEMENT_3D('',#5624,#4439,#4440);
#3761=AXIS2_PLACEMENT_3D('',#5625,#4441,#4442);
#3762=AXIS2_PLACEMENT_3D('',#5626,#4443,#4444);
#3763=AXIS2_PLACEMENT_3D('',#5631,#4446,#4447);
#3764=AXIS2_PLACEMENT_3D('',#5634,#4449,#4450);
#3765=AXIS2_PLACEMENT_3D('',#5655,#4453,#4454);
#3766=AXIS2_PLACEMENT_3D('',#5656,#4455,#4456);
#3767=AXIS2_PLACEMENT_3D('',#5659,#4458,#4459);
#3768=AXIS2_PLACEMENT_3D('',#5660,#4460,#4461);
#3769=AXIS2_PLACEMENT_3D('',#5662,#4462,#4463);
#3770=AXIS2_PLACEMENT_3D('',#5664,#4464,#4465);
#3771=AXIS2_PLACEMENT_3D('',#5665,#4466,#4467);
#3772=AXIS2_PLACEMENT_3D('',#5666,#4468,#4469);
#3773=AXIS2_PLACEMENT_3D('',#5689,#4472,#4473);
#3774=AXIS2_PLACEMENT_3D('',#5694,#4476,#4477);
#3775=AXIS2_PLACEMENT_3D('',#5698,#4479,#4480);
#3776=AXIS2_PLACEMENT_3D('',#5699,#4481,#4482);
#3777=AXIS2_PLACEMENT_3D('',#5700,#4483,#4484);
#3778=AXIS2_PLACEMENT_3D('',#5703,#4486,#4487);
#3779=AXIS2_PLACEMENT_3D('',#5704,#4488,#4489);
#3780=AXIS2_PLACEMENT_3D('',#5709,#4492,#4493);
#3781=AXIS2_PLACEMENT_3D('',#5715,#4497,#4498);
#3782=AXIS2_PLACEMENT_3D('',#5721,#4499,#4500);
#3783=AXIS2_PLACEMENT_3D('',#5729,#4503,#4504);
#3784=AXIS2_PLACEMENT_3D('',#5735,#4508,#4509);
#3785=AXIS2_PLACEMENT_3D('',#5737,#4511,#4512);
#3786=AXIS2_PLACEMENT_3D('',#5739,#4514,#4515);
#3787=AXIS2_PLACEMENT_3D('',#5742,#4518,#4519);
#3788=AXIS2_PLACEMENT_3D('',#5743,#4520,#4521);
#3789=AXIS2_PLACEMENT_3D('',#5745,#4522,#4523);
#3790=AXIS2_PLACEMENT_3D('',#5746,#4524,#4525);
#3791=AXIS2_PLACEMENT_3D('',#5747,#4526,#4527);
#3792=AXIS2_PLACEMENT_3D('',#5748,#4528,#4529);
#3793=AXIS2_PLACEMENT_3D('',#5752,#4531,#4532);
#3794=AXIS2_PLACEMENT_3D('',#5755,#4534,#4535);
#3795=AXIS2_PLACEMENT_3D('',#5758,#4537,#4538);
#3796=AXIS2_PLACEMENT_3D('',#5762,#4540,#4541);
#3797=AXIS2_PLACEMENT_3D('',#5766,#4543,#4544);
#3798=AXIS2_PLACEMENT_3D('',#5767,#4545,#4546);
#3799=AXIS2_PLACEMENT_3D('',#5771,#4548,#4549);
#3800=AXIS2_PLACEMENT_3D('',#5775,#4551,#4552);
#3801=AXIS2_PLACEMENT_3D('',#5776,#4553,#4554);
#3802=AXIS2_PLACEMENT_3D('',#5797,#4557,#4558);
#3803=AXIS2_PLACEMENT_3D('',#5800,#4560,#4561);
#3804=AXIS2_PLACEMENT_3D('',#5804,#4563,#4564);
#3805=AXIS2_PLACEMENT_3D('',#5805,#4565,#4566);
#3806=AXIS2_PLACEMENT_3D('',#5806,#4567,#4568);
#3807=AXIS2_PLACEMENT_3D('',#5808,#4569,#4570);
#3808=AXIS2_PLACEMENT_3D('',#5810,#4571,#4572);
#3809=AXIS2_PLACEMENT_3D('',#5811,#4573,#4574);
#3810=AXIS2_PLACEMENT_3D('',#5814,#4576,#4577);
#3811=AXIS2_PLACEMENT_3D('',#5817,#4579,#4580);
#3812=AXIS2_PLACEMENT_3D('',#5836,#4582,#4583);
#3813=AXIS2_PLACEMENT_3D('',#5837,#4584,#4585);
#3814=AXIS2_PLACEMENT_3D('',#5842,#4588,#4589);
#3815=AXIS2_PLACEMENT_3D('',#5848,#4590,#4591);
#3816=AXIS2_PLACEMENT_3D('',#5856,#4594,#4595);
#3817=AXIS2_PLACEMENT_3D('',#5860,#4598,#4599);
#3818=AXIS2_PLACEMENT_3D('',#5864,#4602,#4603);
#3819=AXIS2_PLACEMENT_3D('',#5868,#4606,#4607);
#3820=AXIS2_PLACEMENT_3D('',#5872,#4610,#4611);
#3821=AXIS2_PLACEMENT_3D('',#5875,#4614,#4615);
#3822=AXIS2_PLACEMENT_3D('',#5876,#4616,#4617);
#3823=AXIS2_PLACEMENT_3D('',#5878,#4618,#4619);
#3824=AXIS2_PLACEMENT_3D('',#5879,#4620,#4621);
#3825=AXIS2_PLACEMENT_3D('',#5880,#4622,#4623);
#3826=DIRECTION('',(0.,0.,1.));
#3827=DIRECTION('',(1.,0.,0.));
#3828=DIRECTION('',(1.,1.0842021724855E-16,0.));
#3829=DIRECTION('',(0.,-1.,0.));
#3830=DIRECTION('',(0.,0.,1.));
#3831=DIRECTION('',(1.,0.,0.));
#3832=DIRECTION('',(1.,0.,0.));
#3833=DIRECTION('',(0.0343605863533804,0.999409500708019,0.));
#3834=DIRECTION('',(0.,1.,0.));
#3835=DIRECTION('',(1.,0.,0.));
#3836=DIRECTION('',(-0.0343605863533784,-0.999409500708019,0.));
#3837=DIRECTION('',(0.,0.,-1.));
#3838=DIRECTION('',(1.,0.,0.));
#3839=DIRECTION('',(0.,0.,1.));
#3840=DIRECTION('',(1.,0.,0.));
#3841=DIRECTION('',(0.366642634480696,0.930361853571531,0.));
#3842=DIRECTION('',(0.519304457118163,0.85458930534919,0.));
#3843=DIRECTION('',(0.,0.,1.));
#3844=DIRECTION('',(1.,0.,0.));
#3845=DIRECTION('',(0.559444842810478,0.828867581615278,0.));
#3846=DIRECTION('',(0.662388508891319,0.749160505692028,0.));
#3847=DIRECTION('',(0.,0.,-1.));
#3848=DIRECTION('',(1.,0.,0.));
#3849=DIRECTION('',(-0.83075756494223,-0.556634411702382,0.));
#3850=DIRECTION('',(-1.,0.,0.));
#3851=DIRECTION('',(0.,0.,1.));
#3852=DIRECTION('',(1.,0.,0.));
#3853=DIRECTION('',(0.,-1.,3.33066907387547E-16));
#3854=DIRECTION('',(1.,1.0842021724855E-16,0.));
#3855=DIRECTION('',(0.,1.,-3.33066907387547E-16));
#3856=DIRECTION('',(0.,0.,1.));
#3857=DIRECTION('',(1.,0.,0.));
#3858=DIRECTION('',(-1.,0.,0.));
#3859=DIRECTION('',(-0.830757564942229,0.556634411702383,0.));
#3860=DIRECTION('',(0.,0.,-1.));
#3861=DIRECTION('',(1.,0.,0.));
#3862=DIRECTION('',(1.,0.,0.));
#3863=DIRECTION('',(0.,0.,1.));
#3864=DIRECTION('',(1.,0.,0.));
#3865=DIRECTION('',(2.74232628174415E-13,-1.,0.));
#3866=DIRECTION('',(0.,0.,-1.));
#3867=DIRECTION('',(1.,0.,0.));
#3868=DIRECTION('',(1.,-2.16840434497101E-16,0.));
#3869=DIRECTION('',(0.,0.,1.));
#3870=DIRECTION('',(1.,0.,0.));
#3871=DIRECTION('',(-3.32690560945032E-13,1.,0.));
#3872=DIRECTION('',(1.,5.6002803174453E-16,0.));
#3873=DIRECTION('',(0.,0.,1.));
#3874=DIRECTION('',(1.,0.,0.));
#3875=DIRECTION('',(0.519304457118162,-0.85458930534919,0.));
#3876=DIRECTION('',(0.366642634480695,-0.930361853571531,0.));
#3877=DIRECTION('',(0.,0.,1.));
#3878=DIRECTION('',(1.,0.,0.));
#3879=DIRECTION('',(0.,0.,-1.));
#3880=DIRECTION('',(1.,0.,0.));
#3881=DIRECTION('',(-0.0343605863533784,0.999409500708019,0.));
#3882=DIRECTION('',(1.,0.,0.));
#3883=DIRECTION('',(0.,-1.,0.));
#3884=DIRECTION('',(0.0343605863533804,-0.999409500708019,0.));
#3885=DIRECTION('',(1.,0.,0.));
#3886=DIRECTION('',(0.,1.,0.));
#3887=DIRECTION('',(1.,1.0842021724855E-16,0.));
#3888=DIRECTION('',(0.,-1.,0.));
#3889=DIRECTION('',(1.,0.,0.));
#3890=DIRECTION('',(0.,0.,1.));
#3891=DIRECTION('',(1.,0.,0.));
#3892=DIRECTION('',(2.16840434497101E-16,-1.,0.));
#3893=DIRECTION('',(0.,0.,1.));
#3894=DIRECTION('',(1.,0.,0.));
#3895=DIRECTION('',(2.16840434497101E-16,-1.,0.));
#3896=DIRECTION('',(0.,0.,1.));
#3897=DIRECTION('',(0.,0.,1.));
#3898=DIRECTION('',(-1.,-2.16840434497101E-16,0.));
#3899=DIRECTION('',(2.16840434497101E-16,-1.,0.));
#3900=DIRECTION('',(1.,1.0842021724855E-16,0.));
#3901=DIRECTION('',(-1.,0.,0.));
#3902=DIRECTION('',(0.,0.,1.));
#3903=DIRECTION('',(1.,0.,0.));
#3904=DIRECTION('',(-1.0842021724855E-16,1.,0.));
#3905=DIRECTION('',(-1.,0.,0.));
#3906=DIRECTION('',(0.,-1.,0.));
#3907=DIRECTION('',(0.,0.,1.));
#3908=DIRECTION('',(0.,-1.,0.));
#3909=DIRECTION('',(0.,0.,-1.));
#3910=DIRECTION('',(0.,0.,-1.));
#3911=DIRECTION('',(0.,1.,0.));
#3912=DIRECTION('',(0.,0.,-1.));
#3913=DIRECTION('',(1.,0.,0.));
#3914=DIRECTION('',(0.,0.,-1.));
#3915=DIRECTION('',(1.,1.0842021724855E-16,0.));
#3916=DIRECTION('',(-1.,0.,0.));
#3917=DIRECTION('',(0.,0.,1.));
#3918=DIRECTION('',(1.,0.,0.));
#3919=DIRECTION('',(-1.0842021724855E-16,1.,0.));
#3920=DIRECTION('',(-1.,-1.95827336629012E-16,0.));
#3921=DIRECTION('',(0.,-1.,0.));
#3922=DIRECTION('',(0.,0.,1.));
#3923=DIRECTION('',(0.,1.,0.));
#3924=DIRECTION('',(0.,0.,-1.));
#3925=DIRECTION('',(0.,-1.,0.));
#3926=DIRECTION('',(0.,0.,1.));
#3927=DIRECTION('',(0.,1.,0.));
#3928=DIRECTION('',(0.,1.06714102089964E-15,1.));
#3929=DIRECTION('',(-1.0842021724855E-16,1.,0.));
#3930=DIRECTION('',(1.,0.,0.));
#3931=DIRECTION('',(0.,-1.,0.));
#3932=DIRECTION('',(0.,0.,1.));
#3933=DIRECTION('',(0.,-1.,3.33066907387547E-16));
#3934=DIRECTION('',(0.,-5.33761069531325E-16,-1.));
#3935=DIRECTION('',(0.,0.,1.));
#3936=DIRECTION('',(-1.,-5.6002803174453E-16,0.));
#3937=DIRECTION('',(-5.6002803174453E-16,1.,0.));
#3938=DIRECTION('',(1.,5.25380311588187E-16,0.));
#3939=DIRECTION('',(5.6002803174453E-16,-1.,0.));
#3940=DIRECTION('',(1.,5.60315682740509E-16,0.));
#3941=DIRECTION('',(1.,0.,0.));
#3942=DIRECTION('',(0.,0.,-1.));
#3943=DIRECTION('',(0.,1.,0.));
#3944=DIRECTION('',(0.,0.,1.));
#3945=DIRECTION('',(0.,0.,1.));
#3946=DIRECTION('',(1.,0.,0.));
#3947=DIRECTION('',(0.,1.,0.));
#3948=DIRECTION('',(0.,0.,1.));
#3949=DIRECTION('',(0.,1.,0.));
#3950=DIRECTION('',(0.,0.,-1.));
#3951=DIRECTION('',(1.,0.,0.));
#3952=DIRECTION('',(0.,0.,-1.));
#3953=DIRECTION('',(0.,1.,0.));
#3954=DIRECTION('',(0.,0.,1.));
#3955=DIRECTION('',(0.,0.,1.));
#3956=DIRECTION('',(-2.74232628174415E-13,1.,0.));
#3957=DIRECTION('',(0.,0.,-1.));
#3958=DIRECTION('',(-1.,-2.74232628174415E-13,0.));
#3959=DIRECTION('',(2.74232622287512E-13,-1.,0.));
#3960=DIRECTION('',(0.,0.,1.));
#3961=DIRECTION('',(-2.16840434497101E-16,-1.,0.));
#3962=DIRECTION('',(1.,0.,0.));
#3963=DIRECTION('',(0.,0.,-1.));
#3964=DIRECTION('',(-2.16840434497101E-16,-1.,0.));
#3965=DIRECTION('',(1.,-2.16840434497101E-16,0.));
#3966=DIRECTION('',(0.,0.,1.));
#3967=DIRECTION('',(3.32690560945032E-13,-1.,0.));
#3968=DIRECTION('',(1.,3.32690560945032E-13,0.));
#3969=DIRECTION('',(-3.3269047239326E-13,1.,0.));
#3970=DIRECTION('',(3.32690560945032E-13,-1.,0.));
#3971=DIRECTION('',(1.,3.33066907387547E-13,0.));
#3972=DIRECTION('',(-0.70710678118643,-0.707106781186665,0.));
#3973=DIRECTION('',(-0.707106781186665,0.70710678118643,0.));
#3974=DIRECTION('',(2.16840434497101E-16,1.,0.));
#3975=DIRECTION('',(1.,0.,0.));
#3976=DIRECTION('',(3.32690560945032E-13,-1.,0.));
#3977=DIRECTION('',(1.,3.32690560945032E-13,0.));
#3978=DIRECTION('',(-1.,-6.07912158112622E-13,0.));
#3979=DIRECTION('',(-6.07912158112622E-13,1.,0.));
#3980=DIRECTION('',(-1.,-5.6002803174453E-16,0.));
#3981=DIRECTION('',(5.6002803174453E-16,-1.,0.));
#3982=DIRECTION('',(0.,0.,1.));
#3983=DIRECTION('',(-1.,0.,0.));
#3984=DIRECTION('',(0.,1.,1.0842021724855E-16));
#3985=DIRECTION('',(0.,0.,1.));
#3986=DIRECTION('',(0.,0.,-1.));
#3987=DIRECTION('',(-1.,0.,0.));
#3988=DIRECTION('',(0.,0.,-1.));
#3989=DIRECTION('',(1.,0.,0.));
#3990=DIRECTION('',(0.,0.,-1.));
#3991=DIRECTION('',(-1.,0.,0.));
#3992=DIRECTION('',(0.,0.,1.));
#3993=DIRECTION('',(-1.,0.,0.));
#3994=DIRECTION('',(0.,0.,-1.));
#3995=DIRECTION('',(-1.,0.,0.));
#3996=DIRECTION('',(-0.707106781186547,0.,0.707106781186547));
#3997=DIRECTION('',(-0.707106781186547,0.,-0.707106781186547));
#3998=DIRECTION('',(-1.,0.,0.));
#3999=DIRECTION('',(0.,0.,1.));
#4000=DIRECTION('',(0.,0.,-1.));
#4001=DIRECTION('',(-1.,0.,0.));
#4002=DIRECTION('',(-0.707106781186547,0.,-0.707106781186547));
#4003=DIRECTION('',(0.707106781186547,0.,-0.707106781186547));
#4004=DIRECTION('',(0.,0.,-1.));
#4005=DIRECTION('',(-1.,0.,0.));
#4006=DIRECTION('',(-1.,0.,0.));
#4007=DIRECTION('',(0.,0.,1.));
#4008=DIRECTION('',(0.,1.,0.));
#4009=DIRECTION('',(0.,0.,-1.));
#4010=DIRECTION('',(3.88578058618805E-16,1.,-3.48939338860618E-30));
#4011=DIRECTION('',(-1.,3.87985417639476E-16,0.));
#4012=DIRECTION('',(0.,1.,0.));
#4013=DIRECTION('',(0.,0.,-1.));
#4014=DIRECTION('',(3.88578058618805E-16,1.,-3.48939338860618E-30));
#4015=DIRECTION('',(1.,-3.97318898939313E-16,0.));
#4016=DIRECTION('',(0.,1.,0.));
#4017=DIRECTION('',(0.,0.,-1.));
#4018=DIRECTION('',(0.,1.,0.));
#4019=DIRECTION('',(0.,0.,-1.));
#4020=DIRECTION('',(0.,1.,0.));
#4021=DIRECTION('',(0.,0.,-1.));
#4022=DIRECTION('',(3.88578058618805E-16,1.,-3.48939338860618E-30));
#4023=DIRECTION('',(1.,-3.4635624204743E-16,0.));
#4024=DIRECTION('',(0.,-1.,0.));
#4025=DIRECTION('',(0.,0.,-1.));
#4026=DIRECTION('',(0.,1.,0.));
#4027=DIRECTION('',(0.,0.,-1.));
#4028=DIRECTION('',(0.,1.,0.));
#4029=DIRECTION('',(0.,0.,-1.));
#4030=DIRECTION('',(0.,1.,0.));
#4031=DIRECTION('',(0.,-1.06961277798877E-15,1.));
#4032=DIRECTION('',(0.,-1.,0.));
#4033=DIRECTION('',(1.,0.,-6.12323399573676E-17));
#4034=DIRECTION('',(0.,1.,0.));
#4035=DIRECTION('',(0.,0.,1.));
#4036=DIRECTION('',(0.,-1.,0.));
#4037=DIRECTION('',(0.,0.,-1.));
#4038=DIRECTION('',(-3.88578058618805E-16,-1.,3.48939338860618E-30));
#4039=DIRECTION('',(1.,-4.00122955149118E-16,0.));
#4040=DIRECTION('',(3.88578058618805E-16,1.,-3.48939338860618E-30));
#4041=DIRECTION('',(-1.,4.2063425409379E-16,-3.96863424061466E-46));
#4042=DIRECTION('',(3.88578058618805E-16,1.,-3.48939338860618E-30));
#4043=DIRECTION('',(-1.,2.1833990926578E-16,-2.45336717039165E-46));
#4044=DIRECTION('',(-3.88578058618805E-16,-1.,3.48939338860618E-30));
#4045=DIRECTION('',(1.,-4.00108004693282E-16,0.));
#4046=DIRECTION('',(3.88578058618805E-16,1.,-3.48939338860618E-30));
#4047=DIRECTION('',(-1.,3.98753079258332E-16,4.02159901536744E-46));
#4048=DIRECTION('',(3.88578058618805E-16,1.,-3.48939338860618E-30));
#4049=DIRECTION('',(-1.,3.36279328739982E-16,6.95326459318916E-47));
#4050=DIRECTION('',(3.88578058618805E-16,1.,-3.48939338860618E-30));
#4051=DIRECTION('',(-1.,3.65700429257331E-16,5.47759693032248E-48));
#4052=DIRECTION('',(1.0842021724855E-16,-1.,0.));
#4053=DIRECTION('',(1.,1.07552855510562E-16,0.));
#4054=DIRECTION('',(-1.0842021724855E-16,1.,0.));
#4055=DIRECTION('',(-1.,0.,0.));
#4056=DIRECTION('',(-1.0842021724855E-16,1.,0.));
#4057=DIRECTION('',(-1.,-1.07552855510562E-16,0.));
#4058=DIRECTION('',(-1.0842021724855E-16,1.,0.));
#4059=DIRECTION('',(-1.,-1.07552855510562E-16,0.));
#4060=DIRECTION('',(0.,-0.999999999999999,0.));
#4061=DIRECTION('',(1.,0.,0.));
#4062=DIRECTION('',(0.,1.,0.));
#4063=DIRECTION('',(-1.,-1.0842021724855E-16,0.));
#4064=DIRECTION('',(-2.16840434497101E-16,1.,0.));
#4065=DIRECTION('',(0.,0.,-1.));
#4066=DIRECTION('',(1.,0.,0.));
#4067=DIRECTION('',(-1.,0.,0.));
#4068=DIRECTION('',(0.,1.,0.));
#4069=DIRECTION('',(-1.,-1.0842021724855E-16,0.));
#4070=DIRECTION('',(0.,-1.,0.));
#4071=DIRECTION('',(-1.,0.,0.));
#4072=DIRECTION('',(-0.0343605863533804,0.999409500708019,0.));
#4073=DIRECTION('',(0.,1.,0.));
#4074=DIRECTION('',(-1.,0.,0.));
#4075=DIRECTION('',(0.0343605863533784,-0.999409500708019,0.));
#4076=DIRECTION('',(0.,0.,1.));
#4077=DIRECTION('',(1.,0.,0.));
#4078=DIRECTION('',(0.,0.,-1.));
#4079=DIRECTION('',(1.,0.,0.));
#4080=DIRECTION('',(-0.366642634480695,0.930361853571531,0.));
#4081=DIRECTION('',(-0.519304457118162,0.85458930534919,0.));
#4082=DIRECTION('',(0.,0.,-1.));
#4083=DIRECTION('',(1.,0.,0.));
#4084=DIRECTION('',(-1.,-5.6002803174453E-16,0.));
#4085=DIRECTION('',(3.32690560945032E-13,-1.,0.));
#4086=DIRECTION('',(0.,0.,-1.));
#4087=DIRECTION('',(1.,0.,0.));
#4088=DIRECTION('',(-1.,2.16840434497101E-16,0.));
#4089=DIRECTION('',(0.,0.,1.));
#4090=DIRECTION('',(1.,0.,0.));
#4091=DIRECTION('',(-2.74232628174415E-13,1.,0.));
#4092=DIRECTION('',(0.,0.,-1.));
#4093=DIRECTION('',(1.,0.,0.));
#4094=DIRECTION('',(-1.,0.,0.));
#4095=DIRECTION('',(0.,0.,1.));
#4096=DIRECTION('',(1.,0.,0.));
#4097=DIRECTION('',(0.830757564942229,-0.556634411702383,0.));
#4098=DIRECTION('',(1.,0.,0.));
#4099=DIRECTION('',(0.,0.,-1.));
#4100=DIRECTION('',(1.,0.,0.));
#4101=DIRECTION('',(0.,-1.,3.33066907387547E-16));
#4102=DIRECTION('',(-1.,-1.0842021724855E-16,0.));
#4103=DIRECTION('',(0.,1.,-3.33066907387547E-16));
#4104=DIRECTION('',(0.,0.,-1.));
#4105=DIRECTION('',(1.,0.,0.));
#4106=DIRECTION('',(1.,0.,0.));
#4107=DIRECTION('',(0.83075756494223,0.556634411702382,0.));
#4108=DIRECTION('',(0.,0.,1.));
#4109=DIRECTION('',(1.,0.,0.));
#4110=DIRECTION('',(-0.662388508891319,-0.749160505692028,0.));
#4111=DIRECTION('',(-0.559444842810478,-0.828867581615278,0.));
#4112=DIRECTION('',(0.,0.,-1.));
#4113=DIRECTION('',(1.,0.,0.));
#4114=DIRECTION('',(-0.519304457118163,-0.85458930534919,0.));
#4115=DIRECTION('',(-0.366642634480696,-0.930361853571531,0.));
#4116=DIRECTION('',(0.,0.,-1.));
#4117=DIRECTION('',(1.,0.,0.));
#4118=DIRECTION('',(0.,0.,1.));
#4119=DIRECTION('',(1.,0.,0.));
#4120=DIRECTION('',(0.0343605863533784,0.999409500708019,0.));
#4121=DIRECTION('',(-1.,0.,0.));
#4122=DIRECTION('',(0.,-1.,0.));
#4123=DIRECTION('',(-0.0343605863533804,-0.999409500708019,0.));
#4124=DIRECTION('',(-1.,0.,0.));
#4125=DIRECTION('',(0.,0.,-1.));
#4126=DIRECTION('',(1.,0.,0.));
#4127=DIRECTION('',(0.,0.,1.));
#4128=DIRECTION('',(1.,0.,0.));
#4129=DIRECTION('',(-1.,-1.0842021724855E-16,0.));
#4130=DIRECTION('',(0.,1.,0.));
#4131=DIRECTION('',(1.,0.,0.));
#4132=DIRECTION('',(0.,0.,1.));
#4133=DIRECTION('',(1.,0.,0.));
#4134=DIRECTION('',(2.16840434497101E-16,-1.,0.));
#4135=DIRECTION('',(-1.,-1.0842021724855E-16,0.));
#4136=DIRECTION('',(1.,0.,0.));
#4137=DIRECTION('',(0.,0.,1.));
#4138=DIRECTION('',(1.,0.,0.));
#4139=DIRECTION('',(0.,0.,-1.));
#4140=DIRECTION('',(0.,0.,-1.));
#4141=DIRECTION('',(1.,0.,0.));
#4142=DIRECTION('',(0.,0.,-1.));
#4143=DIRECTION('',(-1.0842021724855E-16,1.,0.));
#4144=DIRECTION('',(-1.,-1.95827336629012E-16,0.));
#4145=DIRECTION('',(0.,-1.,0.));
#4146=DIRECTION('',(0.,0.,1.));
#4147=DIRECTION('',(0.,1.,0.));
#4148=DIRECTION('',(0.,0.,-1.));
#4149=DIRECTION('',(0.,-1.,0.));
#4150=DIRECTION('',(0.,0.,1.));
#4151=DIRECTION('',(0.,1.,0.));
#4152=DIRECTION('',(0.,1.06714102089964E-15,1.));
#4153=DIRECTION('',(-1.0842021724855E-16,1.,0.));
#4154=DIRECTION('',(-1.,0.,0.));
#4155=DIRECTION('',(0.,-1.,0.));
#4156=DIRECTION('',(0.,0.,1.));
#4157=DIRECTION('',(0.,-1.,0.));
#4158=DIRECTION('',(0.,0.,-1.));
#4159=DIRECTION('',(0.,0.,1.));
#4160=DIRECTION('',(0.,0.,1.));
#4161=DIRECTION('',(-1.,-2.16840434497101E-16,0.));
#4162=DIRECTION('',(2.16840434497101E-16,-1.,0.));
#4163=DIRECTION('',(-1.0842021724855E-16,1.,0.));
#4164=DIRECTION('',(1.,0.,0.));
#4165=DIRECTION('',(0.,-1.,0.));
#4166=DIRECTION('',(0.,0.,1.));
#4167=DIRECTION('',(0.,-1.,3.33066907387547E-16));
#4168=DIRECTION('',(0.,-5.33761069531325E-16,-1.));
#4169=DIRECTION('',(-3.32690560945032E-13,1.,0.));
#4170=DIRECTION('',(-0.70710678118645,-0.707106781186645,0.));
#4171=DIRECTION('',(0.707106781186645,-0.70710678118645,0.));
#4172=DIRECTION('',(2.74232628174415E-13,-1.,0.));
#4173=DIRECTION('',(1.,2.74086309204336E-13,0.));
#4174=DIRECTION('',(2.74232628174415E-13,-1.,0.));
#4175=DIRECTION('',(2.16840434497101E-16,1.,0.));
#4176=DIRECTION('',(1.,0.,0.));
#4177=DIRECTION('',(2.74232628174415E-13,-1.,0.));
#4178=DIRECTION('',(1.,2.74086309204336E-13,0.));
#4179=DIRECTION('',(1.,0.,0.));
#4180=DIRECTION('',(0.,0.,1.));
#4181=DIRECTION('',(0.,0.,1.));
#4182=DIRECTION('',(-1.,0.,0.));
#4183=DIRECTION('',(0.,1.,1.0842021724855E-16));
#4184=DIRECTION('',(0.,0.,1.));
#4185=DIRECTION('',(0.,0.,1.));
#4186=DIRECTION('',(-1.,0.,0.));
#4187=DIRECTION('',(-2.16840434497101E-16,-1.,0.));
#4188=DIRECTION('',(1.,0.,0.));
#4189=DIRECTION('',(0.,0.,-1.));
#4190=DIRECTION('',(1.,0.,0.));
#4191=DIRECTION('',(0.707106781186547,0.,-0.707106781186547));
#4192=DIRECTION('',(0.707106781186547,0.,0.707106781186547));
#4193=DIRECTION('',(-1.,0.,0.));
#4194=DIRECTION('',(1.,0.,0.));
#4195=DIRECTION('',(0.,0.,-1.));
#4196=DIRECTION('',(-1.,0.,0.));
#4197=DIRECTION('',(0.707106781186547,0.,0.707106781186547));
#4198=DIRECTION('',(0.707106781186547,0.,-0.707106781186547));
#4199=DIRECTION('',(1.,0.,0.));
#4200=DIRECTION('',(0.,0.,-1.));
#4201=DIRECTION('',(-1.,0.,0.));
#4202=DIRECTION('',(1.,5.6002803174453E-16,0.));
#4203=DIRECTION('',(-1.,0.,0.));
#4204=DIRECTION('',(0.,0.,1.));
#4205=DIRECTION('',(0.,0.,1.));
#4206=DIRECTION('',(0.,0.,-1.));
#4207=DIRECTION('',(-1.,0.,0.));
#4208=DIRECTION('',(0.,0.,1.));
#4209=DIRECTION('',(0.,0.,-1.));
#4210=DIRECTION('',(0.,0.,-1.));
#4211=DIRECTION('',(-1.,0.,0.));
#4212=DIRECTION('',(0.,0.,1.));
#4213=DIRECTION('',(1.,3.32690560945032E-13,0.));
#4214=DIRECTION('',(-3.3269047239326E-13,1.,0.));
#4215=DIRECTION('',(0.,0.,1.));
#4216=DIRECTION('',(0.,0.,-1.));
#4217=DIRECTION('',(0.,0.,-1.));
#4218=DIRECTION('',(-1.,0.,0.));
#4219=DIRECTION('',(-2.16840434497101E-16,-1.,0.));
#4220=DIRECTION('',(1.,-2.16840434497101E-16,0.));
#4221=DIRECTION('',(0.,0.,1.));
#4222=DIRECTION('',(0.,0.,-1.));
#4223=DIRECTION('',(0.,0.,-1.));
#4224=DIRECTION('',(-1.,0.,0.));
#4225=DIRECTION('',(-1.,-2.74232628174415E-13,0.));
#4226=DIRECTION('',(2.74232622287512E-13,-1.,0.));
#4227=DIRECTION('',(3.88578058618805E-16,1.,-3.48939338860618E-30));
#4228=DIRECTION('',(1.,-3.4635624204743E-16,0.));
#4229=DIRECTION('',(0.,1.,0.));
#4230=DIRECTION('',(0.,0.,-1.));
#4231=DIRECTION('',(3.88578058618805E-16,1.,-3.48939338860618E-30));
#4232=DIRECTION('',(-1.,3.65700429257331E-16,5.47759693032248E-48));
#4233=DIRECTION('',(0.,1.,0.));
#4234=DIRECTION('',(0.,0.,-1.));
#4235=DIRECTION('',(0.,-1.,0.));
#4236=DIRECTION('',(0.,0.,-1.));
#4237=DIRECTION('',(0.,1.,0.));
#4238=DIRECTION('',(0.,0.,-1.));
#4239=DIRECTION('',(-3.88578058618805E-16,-1.,3.48939338860618E-30));
#4240=DIRECTION('',(1.,-4.00108004693282E-16,0.));
#4241=DIRECTION('',(3.88578058618805E-16,1.,-3.48939338860618E-30));
#4242=DIRECTION('',(-1.,3.36279328739982E-16,6.95326459318916E-47));
#4243=DIRECTION('',(3.88578058618805E-16,1.,-3.48939338860618E-30));
#4244=DIRECTION('',(-1.,3.87985417639476E-16,0.));
#4245=DIRECTION('',(3.88578058618805E-16,1.,-3.48939338860618E-30));
#4246=DIRECTION('',(-1.,3.98753079258332E-16,4.02159901536744E-46));
#4247=DIRECTION('',(0.,1.,0.));
#4248=DIRECTION('',(0.,0.,-1.));
#4249=DIRECTION('',(-3.88578058618805E-16,-1.,3.48939338860618E-30));
#4250=DIRECTION('',(1.,-4.00122955149118E-16,0.));
#4251=DIRECTION('',(3.88578058618805E-16,1.,-3.48939338860618E-30));
#4252=DIRECTION('',(1.,-3.97318898939313E-16,0.));
#4253=DIRECTION('',(3.88578058618805E-16,1.,-3.48939338860618E-30));
#4254=DIRECTION('',(-1.,2.1833990926578E-16,-2.45336717039165E-46));
#4255=DIRECTION('',(0.,1.,0.));
#4256=DIRECTION('',(0.,0.,-1.));
#4257=DIRECTION('',(3.88578058618805E-16,1.,-3.48939338860618E-30));
#4258=DIRECTION('',(-1.,4.2063425409379E-16,-3.96863424061466E-46));
#4259=DIRECTION('',(0.,-1.,0.));
#4260=DIRECTION('',(1.,0.,-6.12323399573676E-17));
#4261=DIRECTION('',(0.,1.,0.));
#4262=DIRECTION('',(0.,0.,-1.));
#4263=DIRECTION('',(0.,-1.,0.));
#4264=DIRECTION('',(0.,0.,-1.));
#4265=DIRECTION('',(0.,1.,0.));
#4266=DIRECTION('',(0.,0.,1.));
#4267=DIRECTION('',(0.,1.,0.));
#4268=DIRECTION('',(0.,0.,-1.));
#4269=DIRECTION('',(0.,1.,0.));
#4270=DIRECTION('',(0.,0.,-1.));
#4271=DIRECTION('',(0.,1.,0.));
#4272=DIRECTION('',(0.,-1.06961277798877E-15,1.));
#4273=DIRECTION('',(-5.6002803174453E-16,1.,0.));
#4274=DIRECTION('',(1.,5.25380311588187E-16,0.));
#4275=DIRECTION('',(0.,1.,0.));
#4276=DIRECTION('',(0.,0.,1.));
#4277=DIRECTION('',(0.,1.,0.));
#4278=DIRECTION('',(0.,0.,1.));
#4279=DIRECTION('',(0.,0.,-1.));
#4280=DIRECTION('',(0.,0.,-1.));
#4281=DIRECTION('',(-1.,0.,0.));
#4282=DIRECTION('',(0.,1.,0.));
#4283=DIRECTION('',(0.,0.,1.));
#4284=DIRECTION('',(5.6002803174453E-16,-1.,0.));
#4285=DIRECTION('',(1.,5.60315682740509E-16,0.));
#4286=DIRECTION('',(1.0842021724855E-16,-1.,0.));
#4287=DIRECTION('',(1.,1.07552855510562E-16,0.));
#4288=DIRECTION('',(-1.0842021724855E-16,1.,0.));
#4289=DIRECTION('',(-1.,0.,0.));
#4290=DIRECTION('',(-1.0842021724855E-16,1.,0.));
#4291=DIRECTION('',(-1.,-1.07552855510562E-16,0.));
#4292=DIRECTION('',(-1.0842021724855E-16,1.,0.));
#4293=DIRECTION('',(-1.,-1.07552855510562E-16,0.));
#4294=DIRECTION('',(0.,-0.999999999999999,0.));
#4295=DIRECTION('',(1.,0.,0.));
#4296=DIRECTION('',(-2.10269512239613E-16,1.,0.));
#4297=DIRECTION('',(1.,1.0842021724855E-16,0.));
#4298=DIRECTION('',(-5.25673780599032E-17,-1.,0.));
#4299=DIRECTION('',(-1.,-1.0842021724855E-16,0.));
#4300=DIRECTION('',(0.,0.,1.));
#4301=DIRECTION('',(1.,0.,0.));
#4302=DIRECTION('',(2.10269512239613E-16,-1.,0.));
#4303=DIRECTION('',(0.,0.,-1.));
#4304=DIRECTION('',(0.,0.,-1.));
#4305=DIRECTION('',(-1.,-2.10269512239613E-16,0.));
#4306=DIRECTION('',(2.08166817117217E-16,-1.,0.));
#4307=DIRECTION('',(0.,0.,-1.));
#4308=DIRECTION('',(5.25673780599032E-17,1.,0.));
#4309=DIRECTION('',(0.,0.,-1.));
#4310=DIRECTION('',(1.,-5.25673780599032E-17,0.));
#4311=DIRECTION('',(5.20417042793042E-17,1.,0.));
#4312=DIRECTION('',(-1.,-1.0842021724855E-16,0.));
#4313=DIRECTION('',(1.,1.0842021724855E-16,0.));
#4314=DIRECTION('',(0.,1.,0.));
#4315=DIRECTION('',(0.,0.,1.));
#4316=DIRECTION('',(0.999999999999999,0.,0.));
#4317=DIRECTION('',(-0.034360586353351,-0.99940950070802,0.));
#4318=DIRECTION('',(0.,0.,-1.));
#4319=DIRECTION('',(1.,0.,0.));
#4320=DIRECTION('',(0.,0.,1.));
#4321=DIRECTION('',(1.,0.,0.));
#4322=DIRECTION('',(0.,1.,-3.33066907387547E-16));
#4323=DIRECTION('',(1.,1.0842021724855E-16,0.));
#4324=DIRECTION('',(0.,-1.,3.33066907387547E-16));
#4325=DIRECTION('',(0.,0.,1.));
#4326=DIRECTION('',(1.,0.,0.));
#4327=DIRECTION('',(0.,0.,-1.));
#4328=DIRECTION('',(1.,0.,0.));
#4329=DIRECTION('',(-0.034360586353351,0.99940950070802,0.));
#4330=DIRECTION('',(0.,0.,1.));
#4331=DIRECTION('',(1.,0.,0.));
#4332=DIRECTION('',(0.,-1.,0.));
#4333=DIRECTION('',(1.,1.0842021724855E-16,0.));
#4334=DIRECTION('',(0.,0.,1.));
#4335=DIRECTION('',(1.,0.,0.));
#4336=DIRECTION('',(0.,1.,0.));
#4337=DIRECTION('',(0.,0.,-1.));
#4338=DIRECTION('',(0.,1.,0.));
#4339=DIRECTION('',(0.,0.,-1.));
#4340=DIRECTION('',(0.,1.,0.));
#4341=DIRECTION('',(0.,-1.80294939117658E-15,1.));
#4342=DIRECTION('',(0.,-1.,0.));
#4343=DIRECTION('',(0.,0.,-1.));
#4344=DIRECTION('',(0.,-1.,0.));
#4345=DIRECTION('',(0.,0.,-1.));
#4346=DIRECTION('',(0.,1.,0.));
#4347=DIRECTION('',(0.,0.,-1.));
#4348=DIRECTION('',(-1.0842021724855E-16,1.,0.));
#4349=DIRECTION('',(1.,0.,0.));
#4350=DIRECTION('',(1.0842021724855E-16,-1.,0.));
#4351=DIRECTION('',(1.,1.11022302462516E-16,0.));
#4352=DIRECTION('',(0.,1.,0.));
#4353=DIRECTION('',(0.,0.,1.));
#4354=DIRECTION('',(-1.0842021724855E-16,1.,0.));
#4355=DIRECTION('',(-1.,-1.07552855510562E-16,0.));
#4356=DIRECTION('',(0.,1.,0.));
#4357=DIRECTION('',(0.,0.,1.));
#4358=DIRECTION('',(1.0842021724855E-16,-1.,0.));
#4359=DIRECTION('',(1.,0.,0.));
#4360=DIRECTION('',(0.,-1.,3.33066907387547E-16));
#4361=DIRECTION('',(0.,-5.33761069531325E-16,-1.));
#4362=DIRECTION('',(1.0842021724855E-16,-1.,0.));
#4363=DIRECTION('',(1.,1.07552855510562E-16,0.));
#4364=DIRECTION('',(-5.25673780599032E-17,-1.,0.));
#4365=DIRECTION('',(0.,0.,-1.));
#4366=DIRECTION('',(-5.25673780599032E-17,-1.,0.));
#4367=DIRECTION('',(0.,0.,-1.));
#4368=DIRECTION('',(1.,-5.25673780599032E-17,0.));
#4369=DIRECTION('',(5.20417042793042E-17,1.,0.));
#4370=DIRECTION('',(1.,1.0842021724855E-16,0.));
#4371=DIRECTION('',(-2.10269512239613E-16,1.,0.));
#4372=DIRECTION('',(-1.,-1.0842021724855E-16,0.));
#4373=DIRECTION('',(0.,0.,1.));
#4374=DIRECTION('',(1.,0.,0.));
#4375=DIRECTION('',(0.,0.,-1.));
#4376=DIRECTION('',(-2.10269512239613E-16,1.,0.));
#4377=DIRECTION('',(0.,0.,-1.));
#4378=DIRECTION('',(-1.,-2.10269512239613E-16,0.));
#4379=DIRECTION('',(2.08166817117217E-16,-1.,0.));
#4380=DIRECTION('',(1.,1.0842021724855E-16,0.));
#4381=DIRECTION('',(-1.,-1.0842021724855E-16,0.));
#4382=DIRECTION('',(0.,1.,0.));
#4383=DIRECTION('',(0.,0.,-1.));
#4384=DIRECTION('',(1.,0.,0.));
#4385=DIRECTION('',(0.034360586353351,-0.99940950070802,0.));
#4386=DIRECTION('',(0.,0.,1.));
#4387=DIRECTION('',(1.,0.,0.));
#4388=DIRECTION('',(0.,0.,-1.));
#4389=DIRECTION('',(1.,0.,0.));
#4390=DIRECTION('',(0.,1.,-3.33066907387547E-16));
#4391=DIRECTION('',(-1.,-1.0842021724855E-16,0.));
#4392=DIRECTION('',(0.,-1.,3.33066907387547E-16));
#4393=DIRECTION('',(0.,0.,-1.));
#4394=DIRECTION('',(1.,0.,0.));
#4395=DIRECTION('',(0.,0.,1.));
#4396=DIRECTION('',(1.,0.,0.));
#4397=DIRECTION('',(0.034360586353351,0.99940950070802,0.));
#4398=DIRECTION('',(0.,0.,-1.));
#4399=DIRECTION('',(0.999999999999999,0.,0.));
#4400=DIRECTION('',(0.,-1.,0.));
#4401=DIRECTION('',(-1.,-1.0842021724855E-16,0.));
#4402=DIRECTION('',(0.,0.,1.));
#4403=DIRECTION('',(1.,0.,0.));
#4404=DIRECTION('',(0.,1.,0.));
#4405=DIRECTION('',(0.,0.,-1.));
#4406=DIRECTION('',(0.,1.,0.));
#4407=DIRECTION('',(0.,0.,-1.));
#4408=DIRECTION('',(0.,1.,0.));
#4409=DIRECTION('',(0.,-1.80294939117658E-15,1.));
#4410=DIRECTION('',(-1.0842021724855E-16,1.,0.));
#4411=DIRECTION('',(1.,0.,0.));
#4412=DIRECTION('',(1.0842021724855E-16,-1.,0.));
#4413=DIRECTION('',(1.,1.11022302462516E-16,0.));
#4414=DIRECTION('',(0.,-1.,0.));
#4415=DIRECTION('',(0.,0.,-1.));
#4416=DIRECTION('',(0.,-1.,0.));
#4417=DIRECTION('',(0.,0.,-1.));
#4418=DIRECTION('',(0.,1.,0.));
#4419=DIRECTION('',(0.,0.,-1.));
#4420=DIRECTION('',(0.,1.,0.));
#4421=DIRECTION('',(0.,0.,1.));
#4422=DIRECTION('',(-1.0842021724855E-16,1.,0.));
#4423=DIRECTION('',(-1.,-1.07552855510562E-16,0.));
#4424=DIRECTION('',(1.0842021724855E-16,-1.,0.));
#4425=DIRECTION('',(1.,0.,0.));
#4426=DIRECTION('',(0.,1.,0.));
#4427=DIRECTION('',(0.,0.,1.));
#4428=DIRECTION('',(0.,-1.,3.33066907387547E-16));
#4429=DIRECTION('',(0.,-5.33761069531325E-16,-1.));
#4430=DIRECTION('',(1.0842021724855E-16,-1.,0.));
#4431=DIRECTION('',(1.,1.07552855510562E-16,0.));
#4432=DIRECTION('',(1.0842021724855E-16,-1.,0.));
#4433=DIRECTION('',(1.,0.,0.));
#4434=DIRECTION('',(1.,1.0842021724855E-16,0.));
#4435=DIRECTION('',(1.0842021724855E-16,-1.,0.));
#4436=DIRECTION('',(1.,1.11022302462516E-16,0.));
#4437=DIRECTION('',(0.,1.,0.));
#4438=DIRECTION('',(0.,-1.,0.));
#4439=DIRECTION('',(0.,1.,0.));
#4440=DIRECTION('',(0.,0.,-1.));
#4441=DIRECTION('',(0.,1.,0.));
#4442=DIRECTION('',(0.,0.,1.));
#4443=DIRECTION('',(0.,0.,-1.));
#4444=DIRECTION('',(1.,0.,0.));
#4445=DIRECTION('',(0.,0.,1.));
#4446=DIRECTION('',(0.707106781186547,0.,-0.707106781186547));
#4447=DIRECTION('',(-0.707106781186547,0.,-0.707106781186547));
#4448=DIRECTION('',(0.,0.,-1.));
#4449=DIRECTION('',(0.,0.,-1.));
#4450=DIRECTION('',(-1.,0.,0.));
#4451=DIRECTION('',(1.,0.,0.));
#4452=DIRECTION('',(-1.,0.,0.));
#4453=DIRECTION('',(-1.,0.,0.));
#4454=DIRECTION('',(0.,0.,1.));
#4455=DIRECTION('',(0.,1.,0.));
#4456=DIRECTION('',(0.,0.,-1.));
#4457=DIRECTION('',(-1.,0.,0.));
#4458=DIRECTION('',(0.,-1.,0.));
#4459=DIRECTION('',(0.,0.,-1.));
#4460=DIRECTION('',(0.,0.,1.));
#4461=DIRECTION('',(0.999999999999999,0.,0.));
#4462=DIRECTION('',(0.,1.,0.));
#4463=DIRECTION('',(0.,0.,-1.));
#4464=DIRECTION('',(0.,0.,1.));
#4465=DIRECTION('',(1.,0.,0.));
#4466=DIRECTION('',(0.,-1.,0.));
#4467=DIRECTION('',(0.,0.,-1.));
#4468=DIRECTION('',(0.707106781186547,0.,0.707106781186547));
#4469=DIRECTION('',(0.707106781186547,0.,-0.707106781186547));
#4470=DIRECTION('',(1.,0.,0.));
#4471=DIRECTION('',(-1.,0.,0.));
#4472=DIRECTION('',(-1.,0.,0.));
#4473=DIRECTION('',(0.,0.,1.));
#4474=DIRECTION('',(0.,0.,1.));
#4475=DIRECTION('',(1.,0.,0.));
#4476=DIRECTION('',(0.,1.,0.));
#4477=DIRECTION('',(0.,0.,-1.));
#4478=DIRECTION('',(1.,0.,0.));
#4479=DIRECTION('',(0.,1.,0.));
#4480=DIRECTION('',(0.,0.,-1.));
#4481=DIRECTION('',(0.,-1.,0.));
#4482=DIRECTION('',(0.,0.,-1.));
#4483=DIRECTION('',(0.,0.,1.));
#4484=DIRECTION('',(1.,0.,0.));
#4485=DIRECTION('',(0.,0.,-1.));
#4486=DIRECTION('',(0.,0.,-1.));
#4487=DIRECTION('',(-1.,0.,0.));
#4488=DIRECTION('',(1.0842021724855E-16,-1.,0.));
#4489=DIRECTION('',(-1.,0.,0.));
#4490=DIRECTION('',(0.,-1.,0.));
#4491=DIRECTION('',(0.,1.,0.));
#4492=DIRECTION('',(0.,-1.,0.));
#4493=DIRECTION('',(0.,0.,-1.));
#4494=DIRECTION('',(0.,0.,1.));
#4495=DIRECTION('',(0.,1.,0.));
#4496=DIRECTION('',(0.,1.,0.));
#4497=DIRECTION('',(1.,0.,0.));
#4498=DIRECTION('',(0.,0.,-1.));
#4499=DIRECTION('',(1.0842021724855E-16,-1.,0.));
#4500=DIRECTION('',(-1.,-1.95827336629012E-16,0.));
#4501=DIRECTION('',(-0.0343605863533804,0.999409500708019,0.));
#4502=DIRECTION('',(-0.0343605863533804,-0.999409500708019,0.));
#4503=DIRECTION('',(0.,1.,0.));
#4504=DIRECTION('',(0.,1.06714102089964E-15,1.));
#4505=DIRECTION('',(0.,0.,-1.));
#4506=DIRECTION('',(-2.16840434497101E-16,1.,0.));
#4507=DIRECTION('',(2.16840434497101E-16,-1.,0.));
#4508=DIRECTION('',(-1.,-2.16840434497101E-16,0.));
#4509=DIRECTION('',(2.16840434497101E-16,-1.,0.));
#4510=DIRECTION('',(1.,1.0842021724855E-16,0.));
#4511=DIRECTION('',(0.,0.,1.));
#4512=DIRECTION('',(1.,0.,0.));
#4513=DIRECTION('',(1.,1.0842021724855E-16,0.));
#4514=DIRECTION('',(0.,0.,1.));
#4515=DIRECTION('',(1.,0.,0.));
#4516=DIRECTION('',(1.,1.0842021724855E-16,0.));
#4517=DIRECTION('',(1.,1.0842021724855E-16,0.));
#4518=DIRECTION('',(0.,0.,1.));
#4519=DIRECTION('',(1.,0.,0.));
#4520=DIRECTION('',(-1.0842021724855E-16,1.,0.));
#4521=DIRECTION('',(-1.,0.,0.));
#4522=DIRECTION('',(-1.0842021724855E-16,1.,0.));
#4523=DIRECTION('',(-1.,-1.07552855510562E-16,0.));
#4524=DIRECTION('',(-1.0842021724855E-16,1.,0.));
#4525=DIRECTION('',(-1.,-1.07552855510562E-16,0.));
#4526=DIRECTION('',(0.,-0.999999999999999,0.));
#4527=DIRECTION('',(1.,0.,0.));
#4528=DIRECTION('',(1.0842021724855E-16,-1.,0.));
#4529=DIRECTION('',(1.,0.,0.));
#4530=DIRECTION('',(-1.,-1.0842021724855E-16,0.));
#4531=DIRECTION('',(1.0842021724855E-16,-1.,0.));
#4532=DIRECTION('',(1.,1.11022302462516E-16,0.));
#4533=DIRECTION('',(0.,-1.,0.));
#4534=DIRECTION('',(0.,1.,0.));
#4535=DIRECTION('',(0.,0.,-1.));
#4536=DIRECTION('',(0.,1.,0.));
#4537=DIRECTION('',(0.,1.,0.));
#4538=DIRECTION('',(0.,0.,1.));
#4539=DIRECTION('',(5.68712804326341E-33,0.,1.));
#4540=DIRECTION('',(-5.68712804326341E-33,0.,-1.));
#4541=DIRECTION('',(1.,0.,5.68712804326343E-33));
#4542=DIRECTION('',(-5.68712804326341E-33,0.,-1.));
#4543=DIRECTION('',(-0.707106781186547,0.,0.707106781186547));
#4544=DIRECTION('',(0.707106781186547,-1.84889274661175E-32,0.707106781186547));
#4545=DIRECTION('',(-5.68712804326341E-33,0.,-1.));
#4546=DIRECTION('',(-1.,0.,0.));
#4547=DIRECTION('',(5.68712804326341E-33,0.,1.));
#4548=DIRECTION('',(5.68712804326341E-33,0.,1.));
#4549=DIRECTION('',(1.,0.,5.68712804326343E-33));
#4550=DIRECTION('',(-5.68712804326341E-33,0.,-1.));
#4551=DIRECTION('',(-0.707106781186547,1.84889274661175E-32,-0.707106781186547));
#4552=DIRECTION('',(0.707106781186547,0.,-0.707106781186547));
#4553=DIRECTION('',(-5.68712804326341E-33,0.,-1.));
#4554=DIRECTION('',(-1.,0.,0.));
#4555=DIRECTION('',(-1.,0.,-5.68712804326341E-33));
#4556=DIRECTION('',(1.,0.,5.68712804326341E-33));
#4557=DIRECTION('',(1.,0.,5.68712804326341E-33));
#4558=DIRECTION('',(-5.68712804326343E-33,0.,-1.));
#4559=DIRECTION('',(-1.,0.,-5.68712804326341E-33));
#4560=DIRECTION('',(0.,1.,0.));
#4561=DIRECTION('',(0.,0.,-1.));
#4562=DIRECTION('',(-1.,0.,-5.68712804326341E-33));
#4563=DIRECTION('',(0.,1.,0.));
#4564=DIRECTION('',(0.,0.,-1.));
#4565=DIRECTION('',(0.,-1.,0.));
#4566=DIRECTION('',(0.,0.,-1.));
#4567=DIRECTION('',(-5.68712804326341E-33,0.,-1.));
#4568=DIRECTION('',(1.,0.,5.68712804326341E-33));
#4569=DIRECTION('',(0.,1.,0.));
#4570=DIRECTION('',(0.,0.,-1.));
#4571=DIRECTION('',(-5.68712804326341E-33,0.,-1.));
#4572=DIRECTION('',(0.999999999999999,0.,5.68712804326343E-33));
#4573=DIRECTION('',(0.,-1.,0.));
#4574=DIRECTION('',(0.,0.,-1.));
#4575=DIRECTION('',(1.,0.,5.68712804326341E-33));
#4576=DIRECTION('',(0.,1.,0.));
#4577=DIRECTION('',(0.,0.,-1.));
#4578=DIRECTION('',(-1.,0.,-5.68712804326341E-33));
#4579=DIRECTION('',(0.,-1.,0.));
#4580=DIRECTION('',(0.,0.,-1.));
#4581=DIRECTION('',(1.,0.,5.68712804326341E-33));
#4582=DIRECTION('',(1.,0.,5.68712804326341E-33));
#4583=DIRECTION('',(-5.68712804326343E-33,0.,-1.));
#4584=DIRECTION('',(1.0842021724855E-16,-1.,0.));
#4585=DIRECTION('',(-1.,0.,0.));
#4586=DIRECTION('',(0.,-1.,0.));
#4587=DIRECTION('',(0.,1.,0.));
#4588=DIRECTION('',(0.,-1.,0.));
#4589=DIRECTION('',(0.,0.,-1.));
#4590=DIRECTION('',(1.0842021724855E-16,-1.,0.));
#4591=DIRECTION('',(-1.,-1.95827336629012E-16,0.));
#4592=DIRECTION('',(0.0343605863533804,0.999409500708019,0.));
#4593=DIRECTION('',(0.0343605863533804,-0.999409500708019,0.));
#4594=DIRECTION('',(0.,1.,0.));
#4595=DIRECTION('',(0.,1.06714102089964E-15,1.));
#4596=DIRECTION('',(-1.,-1.0842021724855E-16,0.));
#4597=DIRECTION('',(0.,1.,0.));
#4598=DIRECTION('',(5.68712804326341E-33,0.,1.));
#4599=DIRECTION('',(1.,0.,0.));
#4600=DIRECTION('',(5.68712804326341E-33,0.,1.));
#4601=DIRECTION('',(0.,-1.,0.));
#4602=DIRECTION('',(1.,0.,5.68712804326341E-33));
#4603=DIRECTION('',(0.,0.,-1.));
#4604=DIRECTION('',(2.16840434497101E-16,-1.,0.));
#4605=DIRECTION('',(-1.,-1.0842021724855E-16,0.));
#4606=DIRECTION('',(5.68712804326341E-33,0.,1.));
#4607=DIRECTION('',(1.,0.,0.));
#4608=DIRECTION('',(-5.68712804326341E-33,0.,-1.));
#4609=DIRECTION('',(2.16840434497101E-16,-1.,0.));
#4610=DIRECTION('',(-1.,-2.16840434497101E-16,-3.12907268889715E-32));
#4611=DIRECTION('',(2.16840434497101E-16,-1.,0.));
#4612=DIRECTION('',(-1.,-1.0842021724855E-16,0.));
#4613=DIRECTION('',(-1.,-1.0842021724855E-16,0.));
#4614=DIRECTION('',(5.68712804326341E-33,0.,1.));
#4615=DIRECTION('',(1.,0.,5.68712804326341E-33));
#4616=DIRECTION('',(-1.0842021724855E-16,1.,0.));
#4617=DIRECTION('',(-1.,0.,0.));
#4618=DIRECTION('',(-1.0842021724855E-16,1.,0.));
#4619=DIRECTION('',(-1.,-1.07552855510562E-16,0.));
#4620=DIRECTION('',(-1.0842021724855E-16,1.,0.));
#4621=DIRECTION('',(-1.,-1.07552855510562E-16,0.));
#4622=DIRECTION('',(0.,-0.999999999999999,0.));
#4623=DIRECTION('',(1.,0.,0.));
#4624=CARTESIAN_POINT('',(0.,0.,0.));
#4625=CARTESIAN_POINT('',(6.69999999999984,24.4077886762702,0.));
#4626=CARTESIAN_POINT('',(-2.80147624823006,24.4077886762702,0.));
#4627=CARTESIAN_POINT('',(19.9172612030242,24.4077886762702,0.));
#4628=CARTESIAN_POINT('',(19.9172612030242,25.3744029893494,0.));
#4629=CARTESIAN_POINT('',(19.9172612030242,23.8744029893494,0.));
#4630=CARTESIAN_POINT('',(20.4172612030242,23.8744029893494,0.));
#4631=CARTESIAN_POINT('',(20.4172612030242,23.3744029893494,0.));
#4632=CARTESIAN_POINT('',(19.9172612030242,23.3744029893494,0.));
#4633=CARTESIAN_POINT('',(24.3813386597281,23.3744029893494,0.));
#4634=CARTESIAN_POINT('',(6.69999999999984,-490.903719625688,0.));
#4635=CARTESIAN_POINT('',(24.3147014604424,21.4361982863868,0.));
#4636=CARTESIAN_POINT('',(24.3147014604424,18.5361982863869,0.));
#4637=CARTESIAN_POINT('',(24.3147014604424,18.5361982863869,0.));
#4638=CARTESIAN_POINT('',(6.69999999999993,18.5361982863869,0.));
#4639=CARTESIAN_POINT('',(24.2149968845361,18.5361982863868,0.));
#4640=CARTESIAN_POINT('',(6.69999999999984,-490.903719625719,0.));
#4641=CARTESIAN_POINT('',(24.1999999999998,18.1000000000001,0.));
#4642=CARTESIAN_POINT('',(-52.8676486694653,20.7496542160979,0.));
#4643=CARTESIAN_POINT('',(21.6999999999999,1.10000000000015,0.));
#4644=CARTESIAN_POINT('',(-0.602036572699929,6.97690928690603,0.));
#4645=CARTESIAN_POINT('',(19.7982202000043,-3.78173475703823,0.));
#4646=CARTESIAN_POINT('',(6.69999999999983,-37.0186888854753,0.));
#4647=CARTESIAN_POINT('',(19.7064280515745,-4.01465887803525,0.));
#4648=CARTESIAN_POINT('',(6.69999999999984,-25.4185851515589,0.));
#4649=CARTESIAN_POINT('',(19.1076702234395,-4.99999999999995,0.));
#4650=CARTESIAN_POINT('',(-0.602036572699929,6.97690928690603,0.));
#4651=CARTESIAN_POINT('',(17.8777620827281,-6.82221893597094,0.));
#4652=CARTESIAN_POINT('',(6.69999999999984,-23.3830734052659,0.));
#4653=CARTESIAN_POINT('',(17.5390950420162,-7.32398445336755,0.));
#4654=CARTESIAN_POINT('',(6.69999999999984,-19.5829862535532,0.));
#4655=CARTESIAN_POINT('',(16.6761271230232,-8.29999999999994,0.));
#4656=CARTESIAN_POINT('',(-0.602036572699929,6.97690928690603,0.));
#4657=CARTESIAN_POINT('',(13.2009602490054,-11.5,0.));
#4658=CARTESIAN_POINT('',(6.69999999999984,-15.8558534239257,0.));
#4659=CARTESIAN_POINT('',(11.7084949118347,-12.5,6.0212043388957E-44));
#4660=CARTESIAN_POINT('',(11.3222324457713,-12.4999999999999,0.));
#4661=CARTESIAN_POINT('',(11.7498419356969,-12.4999999999999,0.));
#4662=CARTESIAN_POINT('',(-0.602036572699929,6.97690928690603,0.));
#4663=CARTESIAN_POINT('',(9.94999999999984,-13.5309775429203,1.44622558261209E-16));
#4664=CARTESIAN_POINT('',(9.94999999999984,-14.1273797003287,0.));
#4665=CARTESIAN_POINT('',(9.94999999999984,-14.5922113237298,1.54820031262135E-16));
#4666=CARTESIAN_POINT('',(6.69999999999984,-14.5922113237298,0.));
#4667=CARTESIAN_POINT('',(3.44999999999984,-14.5922113237298,1.44622558261209E-16));
#4668=CARTESIAN_POINT('',(3.44999999999984,-14.1273797003287,0.));
#4669=CARTESIAN_POINT('',(3.44999999999984,-13.5309775429203,-1.98641822127263E-16));
#4670=CARTESIAN_POINT('',(14.0020365726996,6.97690928690603,0.));
#4671=CARTESIAN_POINT('',(1.6501580643028,-12.4999999999999,0.));
#4672=CARTESIAN_POINT('',(11.3222324457713,-12.4999999999999,0.));
#4673=CARTESIAN_POINT('',(1.69150508816495,-12.5,6.0212043388957E-44));
#4674=CARTESIAN_POINT('',(6.69999999999984,-15.8558534239257,0.));
#4675=CARTESIAN_POINT('',(0.199039750994264,-11.5,0.));
#4676=CARTESIAN_POINT('',(14.0020365726996,6.97690928690603,0.));
#4677=CARTESIAN_POINT('',(-3.27612712302353,-8.29999999999994,0.));
#4678=CARTESIAN_POINT('',(-1.75888620569471,-8.29999999999994,0.));
#4679=CARTESIAN_POINT('',(-0.758886205694377,-8.29999999999994,0.));
#4680=CARTESIAN_POINT('',(-0.758886205694985,-7.29999999999994,0.));
#4681=CARTESIAN_POINT('',(0.241113794305015,-7.29999999999994,0.));
#4682=CARTESIAN_POINT('',(0.241113794305289,-8.29999999999994,0.));
#4683=CARTESIAN_POINT('',(0.241113794302289,2.64296167005823,0.));
#4684=CARTESIAN_POINT('',(-0.258886205697712,2.6429616700581,0.));
#4685=CARTESIAN_POINT('',(-0.258886205697698,3.1429616700581,0.));
#4686=CARTESIAN_POINT('',(0.241113794302152,3.1429616700581,0.));
#4687=CARTESIAN_POINT('',(-1.25888620569771,3.1429616700581,0.));
#4688=CARTESIAN_POINT('',(-1.25888620569768,2.6429616700581,0.));
#4689=CARTESIAN_POINT('',(-1.75888620569768,2.64296167005808,0.));
#4690=CARTESIAN_POINT('',(-1.75888620569785,3.1429616700581,0.));
#4691=CARTESIAN_POINT('',(-1.75888620569471,-6.29999999999979,0.));
#4692=CARTESIAN_POINT('',(-1.75888620569471,-6.29999999999979,0.));
#4693=CARTESIAN_POINT('',(-4.85645164464785,-6.2999999999998,0.));
#4694=CARTESIAN_POINT('',(14.0020365726996,6.97690928690603,0.));
#4695=CARTESIAN_POINT('',(-5.70767022343981,-4.99999999999995,0.));
#4696=CARTESIAN_POINT('',(6.69999999999984,-25.4185851515589,0.));
#4697=CARTESIAN_POINT('',(-6.30642805157478,-4.01465887803525,0.));
#4698=CARTESIAN_POINT('',(6.69999999999983,-37.0186888854753,0.));
#4699=CARTESIAN_POINT('',(-6.39822020000456,-3.78173475703824,0.));
#4700=CARTESIAN_POINT('',(14.0020365726996,6.97690928690603,0.));
#4701=CARTESIAN_POINT('',(-8.30000000000016,1.10000000000015,0.));
#4702=CARTESIAN_POINT('',(66.267648669465,20.7496542160979,0.));
#4703=CARTESIAN_POINT('',(-10.8000000000001,18.1000000000002,0.));
#4704=CARTESIAN_POINT('',(6.69999999999984,-490.903719625719,0.));
#4705=CARTESIAN_POINT('',(-10.8149968845364,18.5361982863869,0.));
#4706=CARTESIAN_POINT('',(6.69999999999993,18.5361982863869,0.));
#4707=CARTESIAN_POINT('',(-10.9147014604425,18.5361982863869,0.));
#4708=CARTESIAN_POINT('',(-10.9147014604425,18.5361982863869,0.));
#4709=CARTESIAN_POINT('',(-10.9147014604427,21.4361982863868,0.));
#4710=CARTESIAN_POINT('',(6.69999999999984,-490.903719625688,0.));
#4711=CARTESIAN_POINT('',(-10.9813386597284,23.3744029893494,0.));
#4712=CARTESIAN_POINT('',(-11.3014762482301,23.3744029893494,0.));
#4713=CARTESIAN_POINT('',(-10.3014762482301,23.3744029893494,0.));
#4714=CARTESIAN_POINT('',(-10.3014762482301,25.3744029893494,0.));
#4715=CARTESIAN_POINT('',(-10.3014762482301,24.4077886762702,0.));
#4716=CARTESIAN_POINT('',(6.69999999999984,24.4077886762702,0.));
#4717=CARTESIAN_POINT('',(-3.80147624823006,24.4077886762702,0.));
#4718=CARTESIAN_POINT('',(-3.80147624823006,25.3744029893494,0.));
#4719=CARTESIAN_POINT('',(-3.80147624823006,23.3744029893494,0.));
#4720=CARTESIAN_POINT('',(-11.3014762482301,23.3744029893494,0.));
#4721=CARTESIAN_POINT('',(-3.30147624823006,23.3744029893494,0.));
#4722=CARTESIAN_POINT('',(-3.30147624823006,23.8744029893494,0.));
#4723=CARTESIAN_POINT('',(-2.80147624823006,23.8744029893494,0.));
#4724=CARTESIAN_POINT('',(-2.80147624823006,23.3744029893494,0.));
#4725=CARTESIAN_POINT('',(6.69999999999984,10.4077886762702,0.));
#4726=CARTESIAN_POINT('',(-2.80147624823006,23.3744029893494,4.2));
#4727=CARTESIAN_POINT('',(-2.80147624823006,24.4077886762702,4.2));
#4728=CARTESIAN_POINT('',(-2.80147624823006,23.8744029893494,4.2));
#4729=CARTESIAN_POINT('',(-2.80147624823006,24.4077886762702,4.2));
#4730=CARTESIAN_POINT('',(-2.80147624823006,23.8744029893494,4.2));
#4731=CARTESIAN_POINT('',(-2.80147624823006,23.3744029893494,4.2));
#4732=CARTESIAN_POINT('',(-2.64629775083793E-15,24.4077886762702,4.2));
#4733=CARTESIAN_POINT('',(-10.5118386488325,24.4077886762702,4.2));
#4734=CARTESIAN_POINT('',(-2.80147624823006,23.8744029893494,4.2));
#4735=CARTESIAN_POINT('',(-10.4929617122772,23.8744029893494,4.2));
#4736=CARTESIAN_POINT('',(-10.4929617122772,23.8744029893494,4.2));
#4737=CARTESIAN_POINT('',(-10.4992542185473,24.0521982114541,4.2));
#4738=CARTESIAN_POINT('',(-10.5055465305195,24.2299934404354,4.2));
#4739=CARTESIAN_POINT('',(-10.5118386488325,24.4077886762702,4.2));
#4740=CARTESIAN_POINT('',(0.,0.,4.2));
#4741=CARTESIAN_POINT('',(-7.05147624823006,24.4077886762702,-3.99680288865056E-15));
#4742=CARTESIAN_POINT('',(-7.05147624823006,23.3744029893494,-3.99680288865056E-15));
#4743=CARTESIAN_POINT('',(-7.05147624823006,25.3744029893494,-3.99680288865056E-15));
#4744=CARTESIAN_POINT('',(19.9172612030242,24.4077886762702,1.5));
#4745=CARTESIAN_POINT('',(19.9172612030242,24.4077886762702,1.5));
#4746=CARTESIAN_POINT('',(19.9172612030242,25.3744029893494,1.5));
#4747=CARTESIAN_POINT('',(19.9172612030242,23.8744029893494,1.5));
#4748=CARTESIAN_POINT('',(19.9172612030242,23.8744029893494,1.5));
#4749=CARTESIAN_POINT('',(19.9172612030242,25.3744029893494,1.5));
#4750=CARTESIAN_POINT('',(-2.64629775083793E-15,24.4077886762702,1.5));
#4751=CARTESIAN_POINT('',(24.3532543649445,24.4077886762702,1.5));
#4752=CARTESIAN_POINT('',(24.3532543649445,24.4077886762702,1.5));
#4753=CARTESIAN_POINT('',(24.3471195798661,24.2299934465058,1.5));
#4754=CARTESIAN_POINT('',(24.3409847718918,24.0521982175313,1.5));
#4755=CARTESIAN_POINT('',(24.3348499409499,23.8744029893494,1.5));
#4756=CARTESIAN_POINT('',(24.3348499409499,23.8744029893494,1.5));
#4757=CARTESIAN_POINT('',(24.9172612030242,23.8744029893494,1.5));
#4758=CARTESIAN_POINT('',(0.,0.,1.5));
#4759=CARTESIAN_POINT('',(6.69999999999984,24.4077886762702,0.));
#4760=CARTESIAN_POINT('',(-10.5898738225588,23.3744029893494,3.7));
#4761=CARTESIAN_POINT('',(-10.5808647659357,23.3744029893494,3.74209877088481));
#4762=CARTESIAN_POINT('',(-10.5718101579321,23.3797979300101,3.7845226192941));
#4763=CARTESIAN_POINT('',(-10.5631365361453,23.3903693333659,3.82534520284096));
#4764=CARTESIAN_POINT('',(-10.551784708424,23.4042049319911,3.87877281900409));
#4765=CARTESIAN_POINT('',(-10.5408269710488,23.4273325187333,3.93067491929479));
#4766=CARTESIAN_POINT('',(-10.5312418856398,23.4580824847398,3.9769065500157));
#4767=CARTESIAN_POINT('',(-10.5218851702307,23.4880998156752,4.02203668637885));
#4768=CARTESIAN_POINT('',(-10.5135993702904,23.526174304167,4.06293405191177));
#4769=CARTESIAN_POINT('',(-10.5071982557793,23.5694679792385,4.09625072821222));
#4770=CARTESIAN_POINT('',(-10.5008519852416,23.612390719348,4.12928195126714));
#4771=CARTESIAN_POINT('',(-10.4962003306266,23.6615954730034,4.15571998781929));
#4772=CARTESIAN_POINT('',(-10.4937606270809,23.7131621000495,4.17328783590727));
#4773=CARTESIAN_POINT('',(-10.4913232256385,23.7646800688447,4.19083910698005));
#4774=CARTESIAN_POINT('',(-10.4910347632944,23.8199569057578,4.2));
#4775=CARTESIAN_POINT('',(-10.4929617122772,23.8744029893494,4.2));
#4776=CARTESIAN_POINT('',(-10.5898738225588,23.3744029893494,3.7));
#4777=CARTESIAN_POINT('',(6.69999999999984,23.3744029893494,0.));
#4778=CARTESIAN_POINT('',(6.69999999999984,21.4361982863868,0.));
#4779=CARTESIAN_POINT('',(6.69999999999984,23.3744029893494,0.));
#4780=CARTESIAN_POINT('',(24.3530376082983,23.3744029893494,1.));
#4781=CARTESIAN_POINT('',(24.3348499409499,23.8744029893494,1.5));
#4782=CARTESIAN_POINT('',(24.3335809189545,23.8376251127663,1.5));
#4783=CARTESIAN_POINT('',(24.3326545755768,23.8006114003808,1.49589183622277));
#4784=CARTESIAN_POINT('',(24.3320970920377,23.7647122301017,1.48781957457205));
#4785=CARTESIAN_POINT('',(24.3312506471457,23.7102053842838,1.47556320436141));
#4786=CARTESIAN_POINT('',(24.3312503958835,23.6570450829699,1.45373660014514));
#4787=CARTESIAN_POINT('',(24.3320050771149,23.6096508763019,1.4241536497979));
#4788=CARTESIAN_POINT('',(24.3327618082007,23.5621279381744,1.39449034666835));
#4789=CARTESIAN_POINT('',(24.3342927437747,23.5190845302829,1.35620713015738));
#4790=CARTESIAN_POINT('',(24.3363389388891,23.4840915099542,1.31250111848182));
#4791=CARTESIAN_POINT('',(24.3383877792622,23.4490532517133,1.26873860500377));
#4792=CARTESIAN_POINT('',(24.3410036448914,23.4211129522887,1.21832781536551));
#4793=CARTESIAN_POINT('',(24.3438571011504,23.4025730559789,1.16545849623283));
#4794=CARTESIAN_POINT('',(24.3467070812972,23.384055745177,1.11265358309283));
#4795=CARTESIAN_POINT('',(24.3498687249648,23.3744029893494,1.05594041666194));
#4796=CARTESIAN_POINT('',(24.3530376082983,23.3744029893494,1.));
#4797=CARTESIAN_POINT('',(6.69999999999984,22.1046379011011,0.));
#4798=CARTESIAN_POINT('',(6.69999999999984,-14.5922113237298,1.54820031262135E-16));
#4799=CARTESIAN_POINT('',(6.69999999999984,-13.5309775429203,0.));
#4800=CARTESIAN_POINT('',(6.69999999999984,-14.1273797003287,0.));
#4801=CARTESIAN_POINT('',(-1.75888620569471,-6.29999999999979,1.5));
#4802=CARTESIAN_POINT('',(-1.75888620569471,-6.29999999999979,0.5));
#4803=CARTESIAN_POINT('',(-1.75888620569471,-6.29999999999979,0.5));
#4804=CARTESIAN_POINT('',(-4.84563010905355,-6.2999999999998,0.499999999999993));
#4805=CARTESIAN_POINT('',(6.69999999999985,-6.29999999999979,0.));
#4806=CARTESIAN_POINT('',(-1.75888620569471,-6.29999999999979,1.5));
#4807=CARTESIAN_POINT('',(-11.3014762482301,23.3744029893494,3.7));
#4808=CARTESIAN_POINT('',(-3.30147624823006,23.3744029893494,3.7));
#4809=CARTESIAN_POINT('',(-3.30147624823006,23.3744029893494,4.2));
#4810=CARTESIAN_POINT('',(-11.3014762482301,23.3744029893494,4.2));
#4811=CARTESIAN_POINT('',(20.4172612030242,23.3744029893494,1.5));
#4812=CARTESIAN_POINT('',(20.4172612030242,23.3744029893494,1.));
#4813=CARTESIAN_POINT('',(19.9172612030242,23.3744029893494,1.));
#4814=CARTESIAN_POINT('',(19.9172612030242,23.3744029893494,1.5));
#4815=CARTESIAN_POINT('',(6.69999999999984,-8.29999999999995,0.));
#4816=CARTESIAN_POINT('',(-3.26358933189899,-8.29999999999994,0.5));
#4817=CARTESIAN_POINT('',(-1.75888620569471,-8.29999999999994,0.5));
#4818=CARTESIAN_POINT('',(-0.758886205694377,-8.29999999999994,0.5));
#4819=CARTESIAN_POINT('',(-0.758886205694985,-8.29999999999994,1.5));
#4820=CARTESIAN_POINT('',(-1.75888620569471,-8.29999999999994,1.5));
#4821=CARTESIAN_POINT('',(0.241113794305015,-7.29999999999967,1.5));
#4822=CARTESIAN_POINT('',(0.241113794305015,-7.29999999999961,0.5));
#4823=CARTESIAN_POINT('',(0.241113794305289,-8.29999999999994,0.5));
#4824=CARTESIAN_POINT('',(0.241113794302289,2.64296167005793,0.5));
#4825=CARTESIAN_POINT('',(0.241113794302289,2.64296167005823,1.5));
#4826=CARTESIAN_POINT('',(0.241113794305289,-8.29999999999994,1.5));
#4827=CARTESIAN_POINT('',(-0.258886205697711,3.1429616700581,1.5));
#4828=CARTESIAN_POINT('',(-0.258886205697685,3.1429616700581,0.5));
#4829=CARTESIAN_POINT('',(-0.758886205697685,3.1429616700581,0.5));
#4830=CARTESIAN_POINT('',(-1.25888620569768,3.1429616700581,0.5));
#4831=CARTESIAN_POINT('',(-1.25888620569768,3.1429616700581,1.5));
#4832=CARTESIAN_POINT('',(0.241113794302152,3.1429616700581,1.5));
#4833=CARTESIAN_POINT('',(-1.75888620569768,2.64296167005793,1.5));
#4834=CARTESIAN_POINT('',(-1.75888620569768,2.64296167005793,0.5));
#4835=CARTESIAN_POINT('',(-1.75888620569785,3.1429616700581,0.5));
#4836=CARTESIAN_POINT('',(-1.75888620569785,3.1429616700581,1.5));
#4837=CARTESIAN_POINT('',(-0.758886205694377,-7.29999999999994,0.5));
#4838=CARTESIAN_POINT('',(-0.758886205694985,-7.29999999999994,1.5));
#4839=CARTESIAN_POINT('',(-0.758886205694377,-7.29999999999979,0.5));
#4840=CARTESIAN_POINT('',(-0.758886205697685,2.64296167005793,0.5));
#4841=CARTESIAN_POINT('',(-0.758886205696806,-2.52474277466717E-13,0.5));
#4842=CARTESIAN_POINT('',(-0.758886205694985,-7.29999999999994,0.5));
#4843=CARTESIAN_POINT('',(-3.26358933189899,-8.29999999999994,0.5));
#4844=CARTESIAN_POINT('',(-3.26340237068725,-8.29999999999994,0.503725609469593));
#4845=CARTESIAN_POINT('',(-3.26323170177612,-8.29997917830886,0.507452130676505));
#4846=CARTESIAN_POINT('',(-3.26307737378556,-8.29993751300848,0.511179001654777));
#4847=CARTESIAN_POINT('',(-3.25904179839672,-8.29884799282398,0.608634225055666));
#4848=CARTESIAN_POINT('',(-3.26660383580388,-8.28282509441144,0.707944899589076));
#4849=CARTESIAN_POINT('',(-3.28473519043322,-8.25412976136204,0.799393384166772));
#4850=CARTESIAN_POINT('',(-3.30279720370273,-8.2255441704392,0.890492134132515));
#4851=CARTESIAN_POINT('',(-3.33170938272008,-8.18379614532489,0.976472357238798));
#4852=CARTESIAN_POINT('',(-3.3680524821048,-8.13408263954483,1.05163951128394));
#4853=CARTESIAN_POINT('',(-3.4115868218021,-8.07453227964673,1.14168005470706));
#4854=CARTESIAN_POINT('',(-3.46686961912752,-8.00207990629197,1.21895209003091));
#4855=CARTESIAN_POINT('',(-3.52802909082052,-7.92474940691304,1.28082531885278));
#4856=CARTESIAN_POINT('',(-3.60653926845778,-7.82548054348182,1.36025174376011));
#4857=CARTESIAN_POINT('',(-3.6969132874952,-7.71540436407664,1.41703186370162));
#4858=CARTESIAN_POINT('',(-3.79082008956497,-7.60470639537556,1.45244633057045));
#4859=CARTESIAN_POINT('',(-3.86936792027543,-7.51211368522169,1.48206856758632));
#4860=CARTESIAN_POINT('',(-3.95179481237385,-7.4173584647961,1.49747216257311));
#4861=CARTESIAN_POINT('',(-4.03484253504676,-7.32398445336755,1.49971233162178));
#4862=CARTESIAN_POINT('',(-4.03484253504676,-7.32398445336755,1.49971233162178));
#4863=CARTESIAN_POINT('',(-4.03484253504676,-7.32398445336755,1.49971233162178));
#4864=CARTESIAN_POINT('',(-4.07066948477519,-7.27115434007603,1.50097979762032));
#4865=CARTESIAN_POINT('',(-4.10701965793527,-7.21841805103265,1.49804641975463));
#4866=CARTESIAN_POINT('',(-4.1434054695243,-7.16642608626424,1.4910388537133));
#4867=CARTESIAN_POINT('',(-4.226897970724,-7.04712301203761,1.4749589810772));
#4868=CARTESIAN_POINT('',(-4.31200524296904,-6.92978687574918,1.43698225245403));
#4869=CARTESIAN_POINT('',(-4.39243710729689,-6.82221893597096,1.37847894388851));
#4870=CARTESIAN_POINT('',(-4.39243710729689,-6.82221893597096,1.37847894388851));
#4871=CARTESIAN_POINT('',(-4.39243710729689,-6.82221893597096,1.37847894388851));
#4872=CARTESIAN_POINT('',(-4.43367854528091,-6.77192733555271,1.35112669540639));
#4873=CARTESIAN_POINT('',(-4.47393173828495,-6.72312497457843,1.31897279219792));
#4874=CARTESIAN_POINT('',(-4.51236372315804,-6.67684718363695,1.28210010066426));
#4875=CARTESIAN_POINT('',(-4.58257895694405,-6.59229766269006,1.21473369570481));
#4876=CARTESIAN_POINT('',(-4.64809454362466,-6.51452867788677,1.12989596151528));
#4877=CARTESIAN_POINT('',(-4.70178730728881,-6.45235120337683,1.03055774198822));
#4878=CARTESIAN_POINT('',(-4.74187657403926,-6.40592689605136,0.956387665624766));
#4879=CARTESIAN_POINT('',(-4.77614710937321,-6.36731410715569,0.872488682599736));
#4880=CARTESIAN_POINT('',(-4.8009013508625,-6.34096547788827,0.783289225701075));
#4881=CARTESIAN_POINT('',(-4.82573851851324,-6.31452858129561,0.693790952594826));
#4882=CARTESIAN_POINT('',(-4.84145193007409,-6.29999999999979,0.596479418052643));
#4883=CARTESIAN_POINT('',(-4.84563010905355,-6.2999999999998,0.499999999999993));
#4884=CARTESIAN_POINT('',(4.08820463173495E-15,-7.29999999999979,0.5));
#4885=CARTESIAN_POINT('',(-0.758886205694377,-7.29999999999994,0.5));
#4886=CARTESIAN_POINT('',(-0.758886205694377,-7.29999999999994,0.5));
#4887=CARTESIAN_POINT('',(-0.758886205694985,-7.29999999999994,1.5));
#4888=CARTESIAN_POINT('',(-0.258886205697711,2.6429616700581,0.5));
#4889=CARTESIAN_POINT('',(-0.258886205697712,2.6429616700581,1.5));
#4890=CARTESIAN_POINT('',(-1.25888620569768,2.6429616700581,0.5));
#4891=CARTESIAN_POINT('',(-0.258886205697685,3.1429616700581,0.5));
#4892=CARTESIAN_POINT('',(-0.258886205697685,3.1429616700581,1.5));
#4893=CARTESIAN_POINT('',(-1.25888620569768,3.1429616700581,1.5));
#4894=CARTESIAN_POINT('',(-1.25888620569768,3.1429616700581,0.5));
#4895=CARTESIAN_POINT('',(0.0340070131158451,3.1429616700581,0.5));
#4896=CARTESIAN_POINT('',(0.0340070131158451,3.1429616700581,2.08578643762706));
#4897=CARTESIAN_POINT('',(-1.55177942451121,3.1429616700581,2.08578643762706));
#4898=CARTESIAN_POINT('',(-1.55177942451121,3.1429616700581,0.5));
#4899=CARTESIAN_POINT('',(0.241113794302413,2.93585488887146,0.5));
#4900=CARTESIAN_POINT('',(0.241113794302413,2.93585488887146,2.50000000000019));
#4901=CARTESIAN_POINT('',(-1.75888620569778,2.93585488887146,2.50000000000019));
#4902=CARTESIAN_POINT('',(-1.75888620569778,2.93585488887146,0.5));
#4903=CARTESIAN_POINT('',(0.241113794302315,2.64296167005793,0.5));
#4904=CARTESIAN_POINT('',(0.241113794302315,2.64296167005793,2.5));
#4905=CARTESIAN_POINT('',(-1.75888620569768,2.64296167005793,2.5));
#4906=CARTESIAN_POINT('',(-1.75888620569768,2.64296167005793,0.5));
#4907=CARTESIAN_POINT('',(-1.25888620569768,2.6429616700581,1.5));
#4908=CARTESIAN_POINT('',(-3.30147624823006,23.8744029893494,3.7));
#4909=CARTESIAN_POINT('',(0.,23.8744029893494,3.7));
#4910=CARTESIAN_POINT('',(-3.30147624823006,23.8744029893494,4.2));
#4911=CARTESIAN_POINT('',(20.4172612030242,23.8744029893494,1.));
#4912=CARTESIAN_POINT('',(20.4172612030242,23.8744029893494,1.5));
#4913=CARTESIAN_POINT('',(0.,23.8744029893494,1.));
#4914=CARTESIAN_POINT('',(6.69999999999984,-4.99999999999995,0.));
#4915=CARTESIAN_POINT('',(6.69999999999984,-6.82221893597095,4.81505867894358E-29));
#4916=CARTESIAN_POINT('',(17.8777620827281,-6.82221893597094,-6.8444052781219E-16));
#4917=CARTESIAN_POINT('',(17.8777620827281,-6.82221893597094,22.3555241654565));
#4918=CARTESIAN_POINT('',(-4.47776208272841,-6.82221893597094,22.3555241654565));
#4919=CARTESIAN_POINT('',(-4.47776208272841,-6.82221893597094,2.05332158343657E-15));
#4920=CARTESIAN_POINT('',(18.3165475561809,-6.2345972347035,-7.11308389091008E-16));
#4921=CARTESIAN_POINT('',(18.3165475561809,-6.2345972347035,23.2330951123621));
#4922=CARTESIAN_POINT('',(-4.91654755618122,-6.2345972347035,23.2330951123621));
#4923=CARTESIAN_POINT('',(-4.91654755618122,-6.2345972347035,2.13392516727302E-15));
#4924=CARTESIAN_POINT('',(18.7268277725922,-5.62673039111425,-7.36430806780087E-16));
#4925=CARTESIAN_POINT('',(18.7268277725922,-5.62673039111425,24.0536555451847));
#4926=CARTESIAN_POINT('',(-5.32682777259252,-5.62673039111425,24.0536555451847));
#4927=CARTESIAN_POINT('',(-5.32682777259252,-5.62673039111425,2.20929242034026E-15));
#4928=CARTESIAN_POINT('',(19.1076702234395,-4.99999999999995,-7.59750681200565E-16));
#4929=CARTESIAN_POINT('',(19.1076702234395,-4.99999999999995,24.8153404468793));
#4930=CARTESIAN_POINT('',(-5.70767022343981,-4.99999999999995,24.8153404468793));
#4931=CARTESIAN_POINT('',(-5.70767022343981,-4.99999999999995,2.27925204360169E-15));
#4932=CARTESIAN_POINT('',(6.69999999999984,1.10000000000015,0.));
#4933=CARTESIAN_POINT('',(6.69999999999985,-3.78173475703822,-1.22766114781533E-29));
#4934=CARTESIAN_POINT('',(19.7982202000042,-3.78173475703822,-8.02034672123129E-16));
#4935=CARTESIAN_POINT('',(19.7982202000042,-3.78173475703822,26.1964404000088));
#4936=CARTESIAN_POINT('',(-6.39822020000455,-3.78173475703822,26.1964404000088));
#4937=CARTESIAN_POINT('',(-6.39822020000455,-3.78173475703822,2.40610401636939E-15));
#4938=CARTESIAN_POINT('',(20.6163974100748,-2.23032873385913,-8.52133577195543E-16));
#4939=CARTESIAN_POINT('',(20.6163974100748,-2.23032873385913,27.83279482015));
#4940=CARTESIAN_POINT('',(-7.21639741007515,-2.23032873385913,27.83279482015));
#4941=CARTESIAN_POINT('',(-7.21639741007515,-2.23032873385913,2.55640073158663E-15));
#4942=CARTESIAN_POINT('',(21.2530707006794,-0.59603325357838,-8.91118572567615E-16));
#4943=CARTESIAN_POINT('',(21.2530707006794,-0.59603325357838,29.106141401359));
#4944=CARTESIAN_POINT('',(-7.85307070067967,-0.59603325357838,29.106141401359));
#4945=CARTESIAN_POINT('',(-7.85307070067967,-0.59603325357838,2.67335571770284E-15));
#4946=CARTESIAN_POINT('',(21.6999999999999,1.10000000000015,-9.18485099360516E-16));
#4947=CARTESIAN_POINT('',(21.6999999999999,1.10000000000015,30.));
#4948=CARTESIAN_POINT('',(-8.30000000000016,1.10000000000015,30.));
#4949=CARTESIAN_POINT('',(-8.30000000000017,1.10000000000015,2.75545529808155E-15));
#4950=CARTESIAN_POINT('',(6.69999999999984,-12.4999999999999,0.));
#4951=CARTESIAN_POINT('',(9.94999999999984,-13.5309775429203,-1.99005104861445E-16));
#4952=CARTESIAN_POINT('',(9.94999999999984,-13.5309775429203,6.49999999999999));
#4953=CARTESIAN_POINT('',(3.44999999999985,-13.5309775429203,6.49999999999999));
#4954=CARTESIAN_POINT('',(3.44999999999985,-13.5309775429203,5.97015314584334E-16));
#4955=CARTESIAN_POINT('',(10.5652088475338,-13.2144307278879,-2.36675782158426E-16));
#4956=CARTESIAN_POINT('',(10.5652088475338,-13.2144307278879,7.73041769506797));
#4957=CARTESIAN_POINT('',(2.83479115246586,-13.2144307278879,7.73041769506797));
#4958=CARTESIAN_POINT('',(2.83479115246586,-13.2144307278879,7.10027346475278E-16));
#4959=CARTESIAN_POINT('',(11.1655610190256,-12.8705396370229,-2.73436750417356E-16));
#4960=CARTESIAN_POINT('',(11.1655610190256,-12.8705396370228,8.93112203805155));
#4961=CARTESIAN_POINT('',(2.23443898097407,-12.8705396370228,8.93112203805155));
#4962=CARTESIAN_POINT('',(2.23443898097407,-12.8705396370229,8.20310251252067E-16));
#4963=CARTESIAN_POINT('',(11.7498419356969,-12.4999999999999,-3.09213638137573E-16));
#4964=CARTESIAN_POINT('',(11.7498419356969,-12.4999999999999,10.0996838713941));
#4965=CARTESIAN_POINT('',(1.65015806430281,-12.4999999999999,10.0996838713941));
#4966=CARTESIAN_POINT('',(1.65015806430281,-12.4999999999999,9.27640914412718E-16));
#4967=CARTESIAN_POINT('',(6.69999999999984,-11.4999999999999,0.));
#4968=CARTESIAN_POINT('',(6.69999999999984,-8.29999999999995,0.));
#4969=CARTESIAN_POINT('',(13.2009602490054,-11.4999999999999,-3.98069008016441E-16));
#4970=CARTESIAN_POINT('',(13.2009602490054,-11.4999999999999,13.0019204980111));
#4971=CARTESIAN_POINT('',(0.199039750994298,-11.4999999999999,13.0019204980111));
#4972=CARTESIAN_POINT('',(0.199039750994296,-11.4999999999999,1.19420702404932E-15));
#4973=CARTESIAN_POINT('',(14.4669385520545,-10.5542631225819,-4.75587821847397E-16));
#4974=CARTESIAN_POINT('',(14.4669385520545,-10.5542631225819,15.5338771041093));
#4975=CARTESIAN_POINT('',(-1.06693855205483,-10.5542631225819,15.5338771041093));
#4976=CARTESIAN_POINT('',(-1.06693855205483,-10.5542631225819,1.42676346554219E-15));
#4977=CARTESIAN_POINT('',(15.6294025115332,-9.48384411676562,-5.46768210202384E-16));
#4978=CARTESIAN_POINT('',(15.6294025115332,-9.48384411676562,17.8588050230667));
#4979=CARTESIAN_POINT('',(-2.22940251153352,-9.48384411676562,17.8588050230667));
#4980=CARTESIAN_POINT('',(-2.22940251153352,-9.48384411676562,1.64030463060715E-15));
#4981=CARTESIAN_POINT('',(16.6761271230232,-8.29999999999995,-6.10861607454883E-16));
#4982=CARTESIAN_POINT('',(16.6761271230232,-8.29999999999995,19.9522542460467));
#4983=CARTESIAN_POINT('',(-3.27612712302352,-8.29999999999995,19.9522542460467));
#4984=CARTESIAN_POINT('',(-3.27612712302353,-8.29999999999995,1.83258482236465E-15));
#4985=CARTESIAN_POINT('',(6.69999999999984,-12.5,1.81448456207524E-29));
#4986=CARTESIAN_POINT('',(11.3222324457713,-12.4999999999999,1.08294779898927E-14));
#4987=CARTESIAN_POINT('',(6.69999999999984,18.1000000000001,0.));
#4988=CARTESIAN_POINT('',(6.69999999999984,18.5361982863869,0.));
#4989=CARTESIAN_POINT('',(6.69999999999984,18.6082425601573,0.));
#4990=CARTESIAN_POINT('',(21.6999999999999,1.10000000000018,-9.18485099360516E-16));
#4991=CARTESIAN_POINT('',(21.6999999999999,1.10000000000018,30.));
#4992=CARTESIAN_POINT('',(-8.30000000000016,1.10000000000018,30.));
#4993=CARTESIAN_POINT('',(-8.30000000000017,1.10000000000018,2.75545529808155E-15));
#4994=CARTESIAN_POINT('',(23.1655690558847,6.66162654356185,-1.00822532202145E-15));
#4995=CARTESIAN_POINT('',(23.1655690558847,6.66162654356185,32.9311381117696));
#4996=CARTESIAN_POINT('',(-9.76556905588496,6.66162654356185,32.9311381117696));
#4997=CARTESIAN_POINT('',(-9.76556905588497,6.66162654356185,3.02467596606436E-15));
#4998=CARTESIAN_POINT('',(24.0023755947456,12.3519110078164,-1.05946494448753E-15));
#4999=CARTESIAN_POINT('',(24.0023755947456,12.3519110078164,34.6047511894915));
#5000=CARTESIAN_POINT('',(-10.6023755947459,12.3519110078164,34.6047511894915));
#5001=CARTESIAN_POINT('',(-10.6023755947459,12.3519110078164,3.1783948334626E-15));
#5002=CARTESIAN_POINT('',(24.1999999999998,18.1000000000002,-1.07156594925393E-15));
#5003=CARTESIAN_POINT('',(24.1999999999998,18.1000000000002,35.));
#5004=CARTESIAN_POINT('',(-10.8000000000001,18.1000000000002,35.));
#5005=CARTESIAN_POINT('',(-10.8000000000001,18.1000000000002,3.2146978477618E-15));
#5006=CARTESIAN_POINT('',(6.69999999999997,18.5361982863869,4.9439619065339E-14));
#5007=CARTESIAN_POINT('',(6.69999999999997,18.5361982863869,4.9439619065339E-14));
#5008=CARTESIAN_POINT('',(6.69999999999993,18.5361982863869,4.9439619065339E-14));
#5009=CARTESIAN_POINT('',(6.69999999999985,-4.01465887803524,-1.14638475902994E-29));
#5010=CARTESIAN_POINT('',(6.69999999999985,-4.01465887803524,-1.14638475902994E-29));
#5011=CARTESIAN_POINT('',(6.69999999999985,-3.78173475703822,-1.22766114781533E-29));
#5012=CARTESIAN_POINT('',(6.69999999999984,-7.32398445336754,8.3691193010406E-32));
#5013=CARTESIAN_POINT('',(6.69999999999985,-4.99999999999995,-8.02560479379401E-30));
#5014=CARTESIAN_POINT('',(6.69999999999984,-7.32398445336754,8.3691193010406E-32));
#5015=CARTESIAN_POINT('',(6.69999999999984,-11.4999999999999,1.46554522321461E-29));
#5016=CARTESIAN_POINT('',(6.69999999999984,-14.5922113237298,16.));
#5017=CARTESIAN_POINT('',(6.40773088289874,24.4077886762702,11.089274704494));
#5018=CARTESIAN_POINT('',(3.90773088289874,24.4077886762702,11.089274704494));
#5019=CARTESIAN_POINT('',(6.69999999999984,24.4077886762702,16.));
#5020=CARTESIAN_POINT('',(6.69999999999984,24.4077886762702,16.));
#5021=CARTESIAN_POINT('',(6.40773088289874,24.4077886762702,11.089274704494));
#5022=CARTESIAN_POINT('',(19.9172612030242,25.3744029893494,0.));
#5023=CARTESIAN_POINT('',(19.9172612030242,23.8744029893494,0.));
#5024=CARTESIAN_POINT('',(19.9172612030242,24.4077886762702,0.));
#5025=CARTESIAN_POINT('',(6.69999999999984,24.4077886762702,0.));
#5026=CARTESIAN_POINT('',(-2.80147624823006,24.4077886762702,0.));
#5027=CARTESIAN_POINT('',(-2.80147624823006,23.3744029893494,0.));
#5028=CARTESIAN_POINT('',(-2.80147624823006,23.8744029893494,0.));
#5029=CARTESIAN_POINT('',(-3.30147624823006,23.8744029893494,0.));
#5030=CARTESIAN_POINT('',(-3.30147624823006,23.3744029893494,0.));
#5031=CARTESIAN_POINT('',(-11.3014762482301,23.3744029893494,0.));
#5032=CARTESIAN_POINT('',(-3.80147624823006,23.3744029893494,0.));
#5033=CARTESIAN_POINT('',(-3.80147624823006,25.3744029893494,0.));
#5034=CARTESIAN_POINT('',(-3.80147624823006,24.4077886762702,0.));
#5035=CARTESIAN_POINT('',(6.69999999999984,24.4077886762702,0.));
#5036=CARTESIAN_POINT('',(-10.3014762482301,24.4077886762702,-3.99680288865056E-15));
#5037=CARTESIAN_POINT('',(-10.3014762482301,25.3744029893494,0.));
#5038=CARTESIAN_POINT('',(-10.3014762482301,23.3744029893494,0.));
#5039=CARTESIAN_POINT('',(-11.3014762482301,23.3744029893494,0.));
#5040=CARTESIAN_POINT('',(-10.9813386597284,23.3744029893494,0.));
#5041=CARTESIAN_POINT('',(6.69999999999984,-490.903719625688,0.));
#5042=CARTESIAN_POINT('',(-10.9147014604427,21.4361982863868,0.));
#5043=CARTESIAN_POINT('',(-10.9147014604425,18.5361982863869,0.));
#5044=CARTESIAN_POINT('',(-10.9147014604425,18.5361982863869,0.));
#5045=CARTESIAN_POINT('',(6.69999999999993,18.5361982863869,0.));
#5046=CARTESIAN_POINT('',(-10.8149968845364,18.5361982863869,0.));
#5047=CARTESIAN_POINT('',(6.69999999999984,-490.903719625719,0.));
#5048=CARTESIAN_POINT('',(-10.8000000000001,18.1000000000002,0.));
#5049=CARTESIAN_POINT('',(66.267648669465,20.7496542160979,0.));
#5050=CARTESIAN_POINT('',(-8.30000000000016,1.10000000000015,0.));
#5051=CARTESIAN_POINT('',(14.0020365726996,6.97690928690603,0.));
#5052=CARTESIAN_POINT('',(-6.39822020000456,-3.78173475703824,0.));
#5053=CARTESIAN_POINT('',(6.69999999999983,-37.0186888854753,0.));
#5054=CARTESIAN_POINT('',(-6.30642805157478,-4.01465887803525,0.));
#5055=CARTESIAN_POINT('',(6.69999999999984,-25.4185851515589,0.));
#5056=CARTESIAN_POINT('',(-5.70767022343981,-4.99999999999995,0.));
#5057=CARTESIAN_POINT('',(14.0020365726996,6.97690928690603,0.));
#5058=CARTESIAN_POINT('',(-4.85645164464785,-6.2999999999998,0.));
#5059=CARTESIAN_POINT('',(-1.75888620569471,-6.29999999999979,0.));
#5060=CARTESIAN_POINT('',(-1.75888620569471,-6.29999999999979,0.));
#5061=CARTESIAN_POINT('',(-1.75888620569785,3.1429616700581,0.));
#5062=CARTESIAN_POINT('',(-1.75888620569768,2.64296167005808,0.));
#5063=CARTESIAN_POINT('',(-1.25888620569768,2.6429616700581,0.));
#5064=CARTESIAN_POINT('',(-1.25888620569771,3.1429616700581,0.));
#5065=CARTESIAN_POINT('',(0.241113794302152,3.1429616700581,0.));
#5066=CARTESIAN_POINT('',(-0.258886205697698,3.1429616700581,0.));
#5067=CARTESIAN_POINT('',(-0.258886205697712,2.6429616700581,0.));
#5068=CARTESIAN_POINT('',(0.241113794302289,2.64296167005823,0.));
#5069=CARTESIAN_POINT('',(0.241113794305289,-8.29999999999994,0.));
#5070=CARTESIAN_POINT('',(0.241113794305015,-7.29999999999994,0.));
#5071=CARTESIAN_POINT('',(-0.758886205694985,-7.29999999999994,0.));
#5072=CARTESIAN_POINT('',(-0.758886205694377,-8.29999999999994,0.));
#5073=CARTESIAN_POINT('',(-1.75888620569471,-8.29999999999994,0.));
#5074=CARTESIAN_POINT('',(-3.27612712302353,-8.29999999999994,0.));
#5075=CARTESIAN_POINT('',(14.0020365726996,6.97690928690603,0.));
#5076=CARTESIAN_POINT('',(0.199039750994264,-11.5,0.));
#5077=CARTESIAN_POINT('',(6.69999999999984,-15.8558534239257,0.));
#5078=CARTESIAN_POINT('',(1.69150508816495,-12.5,6.0212043388957E-44));
#5079=CARTESIAN_POINT('',(11.3222324457713,-12.4999999999999,0.));
#5080=CARTESIAN_POINT('',(1.6501580643028,-12.4999999999999,0.));
#5081=CARTESIAN_POINT('',(14.0020365726996,6.97690928690603,0.));
#5082=CARTESIAN_POINT('',(3.44999999999984,-13.5309775429203,1.44622558261209E-16));
#5083=CARTESIAN_POINT('',(3.44999999999984,-14.1273797003287,0.));
#5084=CARTESIAN_POINT('',(3.44999999999984,-14.5922113237298,1.54820031262135E-16));
#5085=CARTESIAN_POINT('',(6.69999999999984,-14.5922113237298,0.));
#5086=CARTESIAN_POINT('',(9.94999999999984,-14.5922113237298,1.54820031262135E-16));
#5087=CARTESIAN_POINT('',(9.94999999999984,-14.1273797003287,0.));
#5088=CARTESIAN_POINT('',(9.94999999999984,-13.5309775429203,-1.98641822127263E-16));
#5089=CARTESIAN_POINT('',(-0.602036572699929,6.97690928690603,0.));
#5090=CARTESIAN_POINT('',(11.7498419356969,-12.4999999999999,0.));
#5091=CARTESIAN_POINT('',(11.3222324457713,-12.4999999999999,0.));
#5092=CARTESIAN_POINT('',(11.7084949118347,-12.5,6.0212043388957E-44));
#5093=CARTESIAN_POINT('',(6.69999999999984,-15.8558534239257,0.));
#5094=CARTESIAN_POINT('',(13.2009602490054,-11.5,0.));
#5095=CARTESIAN_POINT('',(-0.602036572699929,6.97690928690603,0.));
#5096=CARTESIAN_POINT('',(16.6761271230232,-8.29999999999994,0.));
#5097=CARTESIAN_POINT('',(6.69999999999984,-19.5829862535532,0.));
#5098=CARTESIAN_POINT('',(17.5390950420162,-7.32398445336755,0.));
#5099=CARTESIAN_POINT('',(6.69999999999984,-23.3830734052659,0.));
#5100=CARTESIAN_POINT('',(17.8777620827281,-6.82221893597094,0.));
#5101=CARTESIAN_POINT('',(-0.602036572699929,6.97690928690603,0.));
#5102=CARTESIAN_POINT('',(19.1076702234395,-4.99999999999995,0.));
#5103=CARTESIAN_POINT('',(6.69999999999984,-25.4185851515589,0.));
#5104=CARTESIAN_POINT('',(19.7064280515745,-4.01465887803525,0.));
#5105=CARTESIAN_POINT('',(6.69999999999983,-37.0186888854753,0.));
#5106=CARTESIAN_POINT('',(19.7982202000043,-3.78173475703823,0.));
#5107=CARTESIAN_POINT('',(-0.602036572699929,6.97690928690603,0.));
#5108=CARTESIAN_POINT('',(21.6999999999999,1.10000000000015,0.));
#5109=CARTESIAN_POINT('',(-52.8676486694653,20.7496542160979,0.));
#5110=CARTESIAN_POINT('',(24.1999999999998,18.1000000000001,0.));
#5111=CARTESIAN_POINT('',(6.69999999999984,-490.903719625719,0.));
#5112=CARTESIAN_POINT('',(24.2149968845361,18.5361982863868,0.));
#5113=CARTESIAN_POINT('',(6.69999999999993,18.5361982863869,0.));
#5114=CARTESIAN_POINT('',(24.3147014604424,18.5361982863869,0.));
#5115=CARTESIAN_POINT('',(24.3147014604424,18.5361982863869,0.));
#5116=CARTESIAN_POINT('',(24.3147014604424,21.4361982863868,0.));
#5117=CARTESIAN_POINT('',(6.69999999999984,-490.903719625688,0.));
#5118=CARTESIAN_POINT('',(24.3813386597281,23.3744029893494,0.));
#5119=CARTESIAN_POINT('',(19.9172612030242,23.3744029893494,0.));
#5120=CARTESIAN_POINT('',(20.4172612030242,23.3744029893494,0.));
#5121=CARTESIAN_POINT('',(20.4172612030242,23.8744029893494,0.));
#5122=CARTESIAN_POINT('',(6.69999999999984,10.4077886762702,0.));
#5123=CARTESIAN_POINT('',(24.3532543649445,24.4077886762702,-1.5));
#5124=CARTESIAN_POINT('',(24.3471195798661,24.2299934465058,-1.5));
#5125=CARTESIAN_POINT('',(24.3409847718918,24.0521982175313,-1.5));
#5126=CARTESIAN_POINT('',(24.3348499409499,23.8744029893494,-1.5));
#5127=CARTESIAN_POINT('',(24.3532543649445,24.4077886762702,-1.5));
#5128=CARTESIAN_POINT('',(24.3348499409499,23.8744029893494,-1.5));
#5129=CARTESIAN_POINT('',(-2.64629775083793E-15,24.4077886762702,-1.5));
#5130=CARTESIAN_POINT('',(19.9172612030242,24.4077886762702,-1.5));
#5131=CARTESIAN_POINT('',(19.9172612030242,25.3744029893494,-1.5));
#5132=CARTESIAN_POINT('',(19.9172612030242,23.8744029893494,-1.5));
#5133=CARTESIAN_POINT('',(0.,23.8744029893494,-1.5));
#5134=CARTESIAN_POINT('',(0.,0.,-1.5));
#5135=CARTESIAN_POINT('',(-2.80147624823006,23.3744029893494,-4.2));
#5136=CARTESIAN_POINT('',(-2.80147624823006,24.4077886762702,-4.2));
#5137=CARTESIAN_POINT('',(-2.80147624823006,23.8744029893494,-4.2));
#5138=CARTESIAN_POINT('',(-2.64629775083793E-15,24.4077886762702,-4.2));
#5139=CARTESIAN_POINT('',(-10.5118386488325,24.4077886762702,-4.2));
#5140=CARTESIAN_POINT('',(-10.4929617122772,23.8744029893494,-4.2));
#5141=CARTESIAN_POINT('',(-10.4992542185473,24.0521982114541,-4.2));
#5142=CARTESIAN_POINT('',(-10.5055465305195,24.2299934404354,-4.2));
#5143=CARTESIAN_POINT('',(-10.5118386488325,24.4077886762702,-4.2));
#5144=CARTESIAN_POINT('',(-10.4929617122772,23.8744029893494,-4.2));
#5145=CARTESIAN_POINT('',(0.,23.8744029893494,-4.2));
#5146=CARTESIAN_POINT('',(0.,0.,-4.2));
#5147=CARTESIAN_POINT('',(19.9172612030242,24.4077886762702,1.5));
#5148=CARTESIAN_POINT('',(19.9172612030242,23.8744029893494,1.5));
#5149=CARTESIAN_POINT('',(19.9172612030242,25.3744029893494,1.5));
#5150=CARTESIAN_POINT('',(6.69999999999984,24.4077886762702,0.));
#5151=CARTESIAN_POINT('',(24.3348499409499,23.8744029893494,-1.5));
#5152=CARTESIAN_POINT('',(24.3335831894741,23.8376909153228,-1.5));
#5153=CARTESIAN_POINT('',(24.3326578849098,23.8007442413941,-1.49590670369676));
#5154=CARTESIAN_POINT('',(24.3321001063595,23.7649061209079,-1.48786313224254));
#5155=CARTESIAN_POINT('',(24.3312516983103,23.7103946129349,-1.47562847251406));
#5156=CARTESIAN_POINT('',(24.3312494652908,23.6572258038037,-1.45382310913123));
#5157=CARTESIAN_POINT('',(24.3320023884437,23.6098199433377,-1.42425913279882));
#5158=CARTESIAN_POINT('',(24.3327573569804,23.5622853005673,-1.39461484325271));
#5159=CARTESIAN_POINT('',(24.3342867091174,23.5192267113011,-1.35634888226557));
#5160=CARTESIAN_POINT('',(24.3363316451448,23.4842163133414,-1.31265693318058));
#5161=CARTESIAN_POINT('',(24.3383792272749,23.4491606126882,-1.26890844766363));
#5162=CARTESIAN_POINT('',(24.340994125018,23.4212002044892,-1.21850886032373));
#5163=CARTESIAN_POINT('',(24.343846927306,23.4026392041814,-1.1656470072293));
#5164=CARTESIAN_POINT('',(24.346699601719,23.3840790358587,-1.11278752363375));
#5165=CARTESIAN_POINT('',(24.3498650072188,23.3744029893494,-1.0560060461723));
#5166=CARTESIAN_POINT('',(24.3530376082983,23.3744029893494,-1.));
#5167=CARTESIAN_POINT('',(24.3530376082983,23.3744029893494,-1.));
#5168=CARTESIAN_POINT('',(6.69999999999984,23.3744029893494,0.));
#5169=CARTESIAN_POINT('',(6.69999999999984,21.4361982863868,0.));
#5170=CARTESIAN_POINT('',(6.69999999999984,23.3744029893494,0.));
#5171=CARTESIAN_POINT('',(-10.5898738225588,23.3744029893494,-3.7));
#5172=CARTESIAN_POINT('',(-10.5898738225588,23.3744029893494,-3.7));
#5173=CARTESIAN_POINT('',(-10.5808794829706,23.3744029893494,-3.74202999908055));
#5174=CARTESIAN_POINT('',(-10.5718398578622,23.3797800620367,-3.78438349827995));
#5175=CARTESIAN_POINT('',(-10.5631793750826,23.3903171665294,-3.82514358211542));
#5176=CARTESIAN_POINT('',(-10.5518258302157,23.4041308870425,-3.8785784139122));
#5177=CARTESIAN_POINT('',(-10.5408655176103,23.4272376873639,-3.93049134156379));
#5178=CARTESIAN_POINT('',(-10.5312771252005,23.4579694853987,-3.97673658375317));
#5179=CARTESIAN_POINT('',(-10.5219172563776,23.4879688414958,-4.02187964654004));
#5180=CARTESIAN_POINT('',(-10.5136274970189,23.5260272584884,-4.06279303067662));
#5181=CARTESIAN_POINT('',(-10.5072219004066,23.5693081393633,-4.09612767198466));
#5182=CARTESIAN_POINT('',(-10.500871285054,23.6122175267621,-4.12917619153351));
#5183=CARTESIAN_POINT('',(-10.4962146015303,23.6614116167806,-4.15563411632553));
#5184=CARTESIAN_POINT('',(-10.4937696601844,23.7129713898823,-4.1732228213997));
#5185=CARTESIAN_POINT('',(-10.491324075937,23.7645447207141,-4.19081615145381));
#5186=CARTESIAN_POINT('',(-10.4910324192603,23.8198906749035,-4.2));
#5187=CARTESIAN_POINT('',(-10.4929617122772,23.8744029893494,-4.2));
#5188=CARTESIAN_POINT('',(6.69999999999984,22.1046379011011,0.));
#5189=CARTESIAN_POINT('',(-7.05147624823006,24.4077886762702,-3.99680288865056E-15));
#5190=CARTESIAN_POINT('',(-7.05147624823006,23.3744029893494,-3.99680288865056E-15));
#5191=CARTESIAN_POINT('',(-7.05147624823006,25.3744029893494,-3.99680288865056E-15));
#5192=CARTESIAN_POINT('',(-2.80147624823006,24.4077886762702,4.2));
#5193=CARTESIAN_POINT('',(-2.80147624823006,23.8744029893494,4.2));
#5194=CARTESIAN_POINT('',(-2.80147624823006,23.3744029893494,4.2));
#5195=CARTESIAN_POINT('',(6.69999999999984,-14.5922113237298,1.54820031262135E-16));
#5196=CARTESIAN_POINT('',(6.69999999999984,-13.5309775429203,0.));
#5197=CARTESIAN_POINT('',(6.69999999999984,-14.1273797003287,0.));
#5198=CARTESIAN_POINT('',(-1.75888620569471,-6.29999999999979,-0.5));
#5199=CARTESIAN_POINT('',(-1.75888620569471,-6.29999999999979,-0.5));
#5200=CARTESIAN_POINT('',(-1.75888620569768,2.64296167005823,-0.5));
#5201=CARTESIAN_POINT('',(-0.758886205694985,-7.29999999999979,-0.5));
#5202=CARTESIAN_POINT('',(-0.758886205694985,-7.29999999999994,-1.5));
#5203=CARTESIAN_POINT('',(-0.758886205694985,-7.29999999999994,-0.5));
#5204=CARTESIAN_POINT('',(0.241113794305015,-7.29999999999967,-0.5));
#5205=CARTESIAN_POINT('',(0.241113794302151,3.1429616700581,-0.5));
#5206=CARTESIAN_POINT('',(0.241113794302289,2.64296167005823,-0.5));
#5207=CARTESIAN_POINT('',(-0.758886205697711,2.64296167005823,-0.5));
#5208=CARTESIAN_POINT('',(-0.758886205694711,-8.30000000000022,-0.5));
#5209=CARTESIAN_POINT('',(-0.758886205694985,-7.29999999999994,-0.5));
#5210=CARTESIAN_POINT('',(-0.758886205694985,-8.29999999999994,-0.5));
#5211=CARTESIAN_POINT('',(-0.758886205694985,-7.29999999999994,-0.5));
#5212=CARTESIAN_POINT('',(-0.758886205694985,-7.29999999999994,-0.5));
#5213=CARTESIAN_POINT('',(-0.258886205697712,2.6429616700581,-0.5));
#5214=CARTESIAN_POINT('',(-0.258886205697711,3.1429616700581,-0.5));
#5215=CARTESIAN_POINT('',(-0.758886205697711,3.1429616700581,-0.5));
#5216=CARTESIAN_POINT('',(-1.25888620569771,3.1429616700581,-0.5));
#5217=CARTESIAN_POINT('',(-1.25888620569771,2.6429616700581,-0.5));
#5218=CARTESIAN_POINT('',(-1.25888620569771,3.1429616700581,-0.5));
#5219=CARTESIAN_POINT('',(-1.25888620569771,3.1429616700581,-1.5));
#5220=CARTESIAN_POINT('',(-0.258886205697712,3.1429616700581,-1.5));
#5221=CARTESIAN_POINT('',(-0.258886205697712,3.1429616700581,-0.5));
#5222=CARTESIAN_POINT('',(-1.5517794245111,3.1429616700581,-0.5));
#5223=CARTESIAN_POINT('',(-1.5517794245111,3.1429616700581,-2.08578643762678));
#5224=CARTESIAN_POINT('',(0.0340070131156769,3.1429616700581,-2.08578643762678));
#5225=CARTESIAN_POINT('',(0.0340070131156776,3.1429616700581,-0.5));
#5226=CARTESIAN_POINT('',(-1.75888620569763,2.93585488887162,-0.5));
#5227=CARTESIAN_POINT('',(-1.75888620569763,2.93585488887162,-2.49999999999984));
#5228=CARTESIAN_POINT('',(0.241113794302208,2.93585488887162,-2.49999999999984));
#5229=CARTESIAN_POINT('',(0.241113794302209,2.93585488887162,-0.5));
#5230=CARTESIAN_POINT('',(-1.75888620569771,2.64296167005823,-0.5));
#5231=CARTESIAN_POINT('',(-1.75888620569771,2.64296167005823,-2.5));
#5232=CARTESIAN_POINT('',(0.241113794302288,2.64296167005823,-2.5));
#5233=CARTESIAN_POINT('',(0.241113794302288,2.64296167005823,-0.5));
#5234=CARTESIAN_POINT('',(20.4172612030242,23.8744029893494,-1.));
#5235=CARTESIAN_POINT('',(20.4172612030242,23.3744029893494,-1.));
#5236=CARTESIAN_POINT('',(19.9172612030242,23.3744029893494,-1.));
#5237=CARTESIAN_POINT('',(19.9172612030242,23.8744029893494,-1.));
#5238=CARTESIAN_POINT('',(-11.3014762482301,23.3744029893494,-3.7));
#5239=CARTESIAN_POINT('',(-3.30147624823006,23.3744029893494,-3.7));
#5240=CARTESIAN_POINT('',(-3.30147624823006,23.8744029893494,-3.7));
#5241=CARTESIAN_POINT('',(-11.3014762482301,23.8744029893494,-3.7));
#5242=CARTESIAN_POINT('',(-3.26358933189871,-8.29999999999995,-0.5));
#5243=CARTESIAN_POINT('',(-3.26055225990812,-8.29999999999995,-0.560520276171096));
#5244=CARTESIAN_POINT('',(-3.26187002747652,-8.29440428486667,-0.621656967265507));
#5245=CARTESIAN_POINT('',(-3.26749392190566,-8.28348394855804,-0.680995367146681));
#5246=CARTESIAN_POINT('',(-3.27779442928952,-8.26348268320742,-0.789677283890165));
#5247=CARTESIAN_POINT('',(-3.30325533629994,-8.22452962976284,-0.895273558489225));
#5248=CARTESIAN_POINT('',(-3.33961035995249,-8.17347518108219,-0.986868676373133));
#5249=CARTESIAN_POINT('',(-3.37572519870273,-8.12275803125428,-1.07785865740851));
#5250=CARTESIAN_POINT('',(-3.42342743626522,-8.0589022385662,-1.15825768167107));
#5251=CARTESIAN_POINT('',(-3.47746357540917,-7.98927571130775,-1.22449913305753));
#5252=CARTESIAN_POINT('',(-3.54542286969923,-7.90170895077832,-1.30780860631545));
#5253=CARTESIAN_POINT('',(-3.62522202005053,-7.80266364031353,-1.37148553041384));
#5254=CARTESIAN_POINT('',(-3.70929999903754,-7.70168805105786,-1.41577656097832));
#5255=CARTESIAN_POINT('',(-3.81150161495749,-7.57894641865026,-1.46961485429827));
#5256=CARTESIAN_POINT('',(-3.92284511779975,-7.44990781142493,-1.49669125964564));
#5257=CARTESIAN_POINT('',(-4.03484253504676,-7.32398445336753,-1.49971233162173));
#5258=CARTESIAN_POINT('',(-3.26358933189871,-8.29999999999995,-0.5));
#5259=CARTESIAN_POINT('',(-4.03484253504676,-7.32398445336753,-1.49971233162173));
#5260=CARTESIAN_POINT('',(-0.758886205694711,-8.29999999999994,-0.5));
#5261=CARTESIAN_POINT('',(-4.75868991704911,-6.2999999999998,-0.5));
#5262=CARTESIAN_POINT('',(-4.84563010905355,-6.29999999999979,-0.5));
#5263=CARTESIAN_POINT('',(-4.3924371072969,-6.82221893597094,-1.3784789438885));
#5264=CARTESIAN_POINT('',(-4.43361652293156,-6.77200296829887,-1.3511678300223));
#5265=CARTESIAN_POINT('',(-4.47381044145774,-6.72327203403826,-1.31906969334264));
#5266=CARTESIAN_POINT('',(-4.51218980241304,-6.67705661218476,-1.28226692092758));
#5267=CARTESIAN_POINT('',(-4.5824267731336,-6.59247909054901,-1.21491521979941));
#5268=CARTESIAN_POINT('',(-4.64796597052167,-6.51468001505679,-1.1300872069251));
#5269=CARTESIAN_POINT('',(-4.70168257675619,-6.452472486163,-1.03075146093969));
#5270=CARTESIAN_POINT('',(-4.74178612688114,-6.40602981362614,-0.956589738009319));
#5271=CARTESIAN_POINT('',(-4.77607248666253,-6.36739681769424,-0.872696790530733));
#5272=CARTESIAN_POINT('',(-4.80084312239575,-6.34102746062669,-0.783498974827609));
#5273=CARTESIAN_POINT('',(-4.82571369411097,-6.31455171761002,-0.693941294670477));
#5274=CARTESIAN_POINT('',(-4.84144871602529,-6.29999999999979,-0.596553634489836));
#5275=CARTESIAN_POINT('',(-4.84563010905355,-6.29999999999979,-0.5));
#5276=CARTESIAN_POINT('',(-4.3924371072969,-6.82221893597094,-1.3784789438885));
#5277=CARTESIAN_POINT('',(-4.03484253504676,-7.32398445336753,-1.49971233162173));
#5278=CARTESIAN_POINT('',(-4.04026765565387,-7.31598461697437,-1.49990425853595));
#5279=CARTESIAN_POINT('',(-4.04570328330731,-7.30798901808118,-1.50000000000002));
#5280=CARTESIAN_POINT('',(-4.05114770632126,-7.29999999999979,-1.50000000000002));
#5281=CARTESIAN_POINT('',(-4.06868189399191,-7.27427074604874,-1.50000000000002));
#5282=CARTESIAN_POINT('',(-4.08631906008042,-7.24859275949807,-1.49900652096816));
#5283=CARTESIAN_POINT('',(-4.1040026381472,-7.22304195162836,-1.4970343318015));
#5284=CARTESIAN_POINT('',(-4.20014639625836,-7.08412489072066,-1.48631174627765));
#5285=CARTESIAN_POINT('',(-4.2994983132594,-6.94651338921568,-1.44607935313826));
#5286=CARTESIAN_POINT('',(-4.3924371072969,-6.82221893597094,-1.3784789438885));
#5287=CARTESIAN_POINT('',(-1.75888620569471,-7.29999999999994,-0.5));
#5288=CARTESIAN_POINT('',(20.4172612030242,23.3744029893494,1.5));
#5289=CARTESIAN_POINT('',(20.4172612030242,23.8744029893494,1.5));
#5290=CARTESIAN_POINT('',(-1.75888620569768,2.64296167005793,1.5));
#5291=CARTESIAN_POINT('',(-1.25888620569768,3.1429616700581,1.5));
#5292=CARTESIAN_POINT('',(-1.25888620569768,2.6429616700581,1.5));
#5293=CARTESIAN_POINT('',(-1.75888620569471,-6.29999999999979,1.5));
#5294=CARTESIAN_POINT('',(-1.75888620569785,3.1429616700581,1.5));
#5295=CARTESIAN_POINT('',(-0.258886205697711,3.1429616700581,1.5));
#5296=CARTESIAN_POINT('',(0.241113794302289,2.64296167005823,1.5));
#5297=CARTESIAN_POINT('',(-0.258886205697712,2.6429616700581,1.5));
#5298=CARTESIAN_POINT('',(0.241113794302152,3.1429616700581,1.5));
#5299=CARTESIAN_POINT('',(0.241113794305015,-7.29999999999967,1.5));
#5300=CARTESIAN_POINT('',(-0.758886205694985,-8.29999999999994,1.5));
#5301=CARTESIAN_POINT('',(-0.758886205694985,-7.29999999999994,1.5));
#5302=CARTESIAN_POINT('',(0.241113794305289,-8.29999999999994,1.5));
#5303=CARTESIAN_POINT('',(6.69999999999984,-12.5,1.81448456207524E-29));
#5304=CARTESIAN_POINT('',(6.69999999999984,-11.4999999999999,0.));
#5305=CARTESIAN_POINT('',(6.69999999999984,-11.4999999999999,1.46554522321461E-29));
#5306=CARTESIAN_POINT('',(6.69999999999984,-12.4999999999999,0.));
#5307=CARTESIAN_POINT('',(11.3222324457713,-12.4999999999999,1.08294779898927E-14));
#5308=CARTESIAN_POINT('',(6.69999999999984,-8.29999999999995,0.));
#5309=CARTESIAN_POINT('',(6.69999999999984,-7.32398445336754,8.3691193010406E-32));
#5310=CARTESIAN_POINT('',(6.69999999999984,-7.32398445336754,8.3691193010406E-32));
#5311=CARTESIAN_POINT('',(6.69999999999984,-6.82221893597095,4.81505867894358E-29));
#5312=CARTESIAN_POINT('',(6.69999999999985,-4.99999999999995,-8.02560479379401E-30));
#5313=CARTESIAN_POINT('',(6.69999999999984,-8.29999999999995,0.));
#5314=CARTESIAN_POINT('',(0.199039750994296,-11.4999999999999,1.19420702404932E-15));
#5315=CARTESIAN_POINT('',(0.199039750994294,-11.4999999999999,-13.0019204980111));
#5316=CARTESIAN_POINT('',(13.2009602490054,-11.4999999999999,-13.0019204980111));
#5317=CARTESIAN_POINT('',(13.2009602490054,-11.4999999999999,-1.99034504008221E-15));
#5318=CARTESIAN_POINT('',(-1.06693855205483,-10.5542631225819,1.42676346554219E-15));
#5319=CARTESIAN_POINT('',(-1.06693855205483,-10.5542631225819,-15.5338771041093));
#5320=CARTESIAN_POINT('',(14.4669385520545,-10.5542631225819,-15.5338771041093));
#5321=CARTESIAN_POINT('',(14.4669385520545,-10.5542631225819,-2.37793910923698E-15));
#5322=CARTESIAN_POINT('',(-2.22940251153352,-9.48384411676562,1.64030463060715E-15));
#5323=CARTESIAN_POINT('',(-2.22940251153353,-9.48384411676562,-17.8588050230667));
#5324=CARTESIAN_POINT('',(15.6294025115332,-9.48384411676562,-17.8588050230667));
#5325=CARTESIAN_POINT('',(15.6294025115332,-9.48384411676562,-2.73384105101192E-15));
#5326=CARTESIAN_POINT('',(-3.27612712302353,-8.29999999999995,1.83258482236465E-15));
#5327=CARTESIAN_POINT('',(-3.27612712302353,-8.29999999999995,-19.9522542460467));
#5328=CARTESIAN_POINT('',(16.6761271230232,-8.29999999999995,-19.9522542460467));
#5329=CARTESIAN_POINT('',(16.6761271230232,-8.29999999999995,-3.05430803727442E-15));
#5330=CARTESIAN_POINT('',(3.44999999999985,-13.5309775429203,5.97015314584334E-16));
#5331=CARTESIAN_POINT('',(3.44999999999985,-13.5309775429203,-6.49999999999999));
#5332=CARTESIAN_POINT('',(9.94999999999984,-13.5309775429203,-6.49999999999999));
#5333=CARTESIAN_POINT('',(9.94999999999984,-13.5309775429203,-9.95025524307224E-16));
#5334=CARTESIAN_POINT('',(2.83479115246586,-13.2144307278879,7.10027346475278E-16));
#5335=CARTESIAN_POINT('',(2.83479115246586,-13.2144307278879,-7.73041769506797));
#5336=CARTESIAN_POINT('',(10.5652088475338,-13.2144307278879,-7.73041769506797));
#5337=CARTESIAN_POINT('',(10.5652088475338,-13.2144307278879,-1.18337891079213E-15));
#5338=CARTESIAN_POINT('',(2.23443898097407,-12.8705396370229,8.20310251252067E-16));
#5339=CARTESIAN_POINT('',(2.23443898097407,-12.8705396370228,-8.93112203805156));
#5340=CARTESIAN_POINT('',(11.1655610190256,-12.8705396370228,-8.93112203805156));
#5341=CARTESIAN_POINT('',(11.1655610190256,-12.8705396370229,-1.36718375208678E-15));
#5342=CARTESIAN_POINT('',(1.65015806430281,-12.4999999999999,9.27640914412718E-16));
#5343=CARTESIAN_POINT('',(1.6501580643028,-12.4999999999999,-10.0996838713941));
#5344=CARTESIAN_POINT('',(11.7498419356969,-12.4999999999999,-10.0996838713941));
#5345=CARTESIAN_POINT('',(11.7498419356969,-12.4999999999999,-1.54606819068786E-15));
#5346=CARTESIAN_POINT('',(6.69999999999985,-4.01465887803524,-1.14638475902994E-29));
#5347=CARTESIAN_POINT('',(6.69999999999985,-3.78173475703822,-1.22766114781533E-29));
#5348=CARTESIAN_POINT('',(6.69999999999985,-3.78173475703822,-1.22766114781533E-29));
#5349=CARTESIAN_POINT('',(6.69999999999984,-4.99999999999995,0.));
#5350=CARTESIAN_POINT('',(6.69999999999985,-4.01465887803524,-1.14638475902994E-29));
#5351=CARTESIAN_POINT('',(6.69999999999997,18.5361982863869,4.9439619065339E-14));
#5352=CARTESIAN_POINT('',(6.69999999999984,18.5361982863869,0.));
#5353=CARTESIAN_POINT('',(6.69999999999993,18.5361982863869,4.9439619065339E-14));
#5354=CARTESIAN_POINT('',(6.69999999999997,18.5361982863869,4.9439619065339E-14));
#5355=CARTESIAN_POINT('',(6.69999999999984,18.1000000000001,0.));
#5356=CARTESIAN_POINT('',(6.69999999999984,1.10000000000015,0.));
#5357=CARTESIAN_POINT('',(-8.30000000000017,1.10000000000018,2.75545529808155E-15));
#5358=CARTESIAN_POINT('',(-8.30000000000017,1.10000000000018,-30.));
#5359=CARTESIAN_POINT('',(21.6999999999998,1.10000000000018,-30.));
#5360=CARTESIAN_POINT('',(21.6999999999999,1.10000000000018,-4.59242549680258E-15));
#5361=CARTESIAN_POINT('',(-9.76556905588497,6.66162654356185,3.02467596606436E-15));
#5362=CARTESIAN_POINT('',(-9.76556905588497,6.66162654356185,-32.9311381117696));
#5363=CARTESIAN_POINT('',(23.1655690558846,6.66162654356185,-32.9311381117696));
#5364=CARTESIAN_POINT('',(23.1655690558847,6.66162654356185,-5.04112661010726E-15));
#5365=CARTESIAN_POINT('',(-10.6023755947459,12.3519110078164,3.1783948334626E-15));
#5366=CARTESIAN_POINT('',(-10.6023755947459,12.3519110078164,-34.6047511894915));
#5367=CARTESIAN_POINT('',(24.0023755947456,12.3519110078164,-34.6047511894915));
#5368=CARTESIAN_POINT('',(24.0023755947456,12.3519110078164,-5.29732472243767E-15));
#5369=CARTESIAN_POINT('',(-10.8000000000001,18.1000000000002,3.2146978477618E-15));
#5370=CARTESIAN_POINT('',(-10.8000000000001,18.1000000000002,-35.));
#5371=CARTESIAN_POINT('',(24.1999999999998,18.1000000000002,-35.));
#5372=CARTESIAN_POINT('',(24.1999999999998,18.1000000000002,-5.35782974626966E-15));
#5373=CARTESIAN_POINT('',(6.69999999999984,18.6082425601573,0.));
#5374=CARTESIAN_POINT('',(-6.39822020000455,-3.78173475703822,2.40610401636939E-15));
#5375=CARTESIAN_POINT('',(-6.39822020000456,-3.78173475703822,-26.1964404000088));
#5376=CARTESIAN_POINT('',(19.7982202000042,-3.78173475703822,-26.1964404000088));
#5377=CARTESIAN_POINT('',(19.7982202000042,-3.78173475703822,-4.01017336061565E-15));
#5378=CARTESIAN_POINT('',(-7.21639741007515,-2.23032873385913,2.55640073158663E-15));
#5379=CARTESIAN_POINT('',(-7.21639741007516,-2.23032873385913,-27.83279482015));
#5380=CARTESIAN_POINT('',(20.6163974100748,-2.23032873385913,-27.83279482015));
#5381=CARTESIAN_POINT('',(20.6163974100748,-2.23032873385913,-4.26066788597771E-15));
#5382=CARTESIAN_POINT('',(-7.85307070067967,-0.59603325357838,2.67335571770284E-15));
#5383=CARTESIAN_POINT('',(-7.85307070067967,-0.59603325357838,-29.106141401359));
#5384=CARTESIAN_POINT('',(21.2530707006794,-0.59603325357838,-29.106141401359));
#5385=CARTESIAN_POINT('',(21.2530707006794,-0.59603325357838,-4.45559286283807E-15));
#5386=CARTESIAN_POINT('',(-8.30000000000017,1.10000000000015,2.75545529808155E-15));
#5387=CARTESIAN_POINT('',(-8.30000000000017,1.10000000000015,-30.));
#5388=CARTESIAN_POINT('',(21.6999999999998,1.10000000000015,-30.));
#5389=CARTESIAN_POINT('',(21.6999999999999,1.10000000000015,-4.59242549680258E-15));
#5390=CARTESIAN_POINT('',(6.69999999999985,-6.29999999999979,0.));
#5391=CARTESIAN_POINT('',(-4.47776208272841,-6.82221893597094,2.05332158343657E-15));
#5392=CARTESIAN_POINT('',(-4.47776208272841,-6.82221893597094,-22.3555241654565));
#5393=CARTESIAN_POINT('',(17.8777620827281,-6.82221893597094,-22.3555241654565));
#5394=CARTESIAN_POINT('',(17.8777620827281,-6.82221893597094,-3.42220263906095E-15));
#5395=CARTESIAN_POINT('',(-4.91654755618122,-6.2345972347035,2.13392516727302E-15));
#5396=CARTESIAN_POINT('',(-4.91654755618123,-6.2345972347035,-23.2330951123621));
#5397=CARTESIAN_POINT('',(18.3165475561809,-6.2345972347035,-23.2330951123621));
#5398=CARTESIAN_POINT('',(18.3165475561809,-6.2345972347035,-3.55654194545504E-15));
#5399=CARTESIAN_POINT('',(-5.32682777259252,-5.62673039111425,2.20929242034026E-15));
#5400=CARTESIAN_POINT('',(-5.32682777259253,-5.62673039111425,-24.0536555451847));
#5401=CARTESIAN_POINT('',(18.7268277725922,-5.62673039111425,-24.0536555451847));
#5402=CARTESIAN_POINT('',(18.7268277725922,-5.62673039111425,-3.68215403390043E-15));
#5403=CARTESIAN_POINT('',(-5.70767022343981,-4.99999999999995,2.27925204360169E-15));
#5404=CARTESIAN_POINT('',(-5.70767022343981,-4.99999999999995,-24.8153404468793));
#5405=CARTESIAN_POINT('',(19.1076702234395,-4.99999999999995,-24.8153404468793));
#5406=CARTESIAN_POINT('',(19.1076702234395,-4.99999999999995,-3.79875340600282E-15));
#5407=CARTESIAN_POINT('',(-1.75888620569471,-8.29999999999994,1.5));
#5408=CARTESIAN_POINT('',(19.9172612030242,23.3744029893494,1.5));
#5409=CARTESIAN_POINT('',(-3.30147624823006,23.3744029893494,4.2));
#5410=CARTESIAN_POINT('',(-3.30147624823006,23.8744029893494,4.2));
#5411=CARTESIAN_POINT('',(-11.3014762482301,23.3744029893494,4.2));
#5412=CARTESIAN_POINT('',(-1.75888620569471,-6.29999999999979,1.5));
#5413=CARTESIAN_POINT('',(6.69999999999984,-14.5922113237298,16.));
#5414=CARTESIAN_POINT('',(7.19999999999984,24.4077886762702,-9.));
#5415=CARTESIAN_POINT('',(4.69999999999984,24.4077886762702,-9.));
#5416=CARTESIAN_POINT('',(6.69999999999984,24.4077886762702,16.));
#5417=CARTESIAN_POINT('',(6.69999999999984,24.4077886762702,16.));
#5418=CARTESIAN_POINT('',(7.19999999999984,24.4077886762702,-9.));
#5419=CARTESIAN_POINT('',(38.6999999999998,-22.5922113237298,-32.));
#5420=CARTESIAN_POINT('',(38.6999999999998,-22.5922113237298,-32.));
#5421=CARTESIAN_POINT('',(38.6999999999998,43.4077886762702,-32.));
#5422=CARTESIAN_POINT('',(-25.3000000000002,-22.5922113237298,-32.));
#5423=CARTESIAN_POINT('',(-25.3000000000002,-22.5922113237298,-32.));
#5424=CARTESIAN_POINT('',(-25.3000000000002,43.4077886762702,-32.));
#5425=CARTESIAN_POINT('',(-25.3000000000002,43.4077886762702,-32.));
#5426=CARTESIAN_POINT('',(38.6999999999998,43.4077886762702,-32.));
#5427=CARTESIAN_POINT('',(0.,0.,-32.));
#5428=CARTESIAN_POINT('',(38.6999999999998,-22.5922113237298,0.));
#5429=CARTESIAN_POINT('',(38.6999999999998,43.4077886762702,0.));
#5430=CARTESIAN_POINT('',(38.6999999999998,-22.5922113237298,0.));
#5431=CARTESIAN_POINT('',(38.6999999999998,-22.5922113237298,32.));
#5432=CARTESIAN_POINT('',(38.6999999999998,43.4077886762702,32.));
#5433=CARTESIAN_POINT('',(38.6999999999998,-22.5922113237298,32.));
#5434=CARTESIAN_POINT('',(-25.3000000000002,-22.5922113237298,32.));
#5435=CARTESIAN_POINT('',(-25.3000000000002,-22.5922113237298,0.));
#5436=CARTESIAN_POINT('',(-25.3000000000002,43.4077886762702,0.));
#5437=CARTESIAN_POINT('',(-25.3000000000002,43.4077886762702,0.));
#5438=CARTESIAN_POINT('',(-25.3000000000002,43.4077886762702,32.));
#5439=CARTESIAN_POINT('',(-25.3000000000002,43.4077886762702,32.));
#5440=CARTESIAN_POINT('',(-25.3000000000002,-22.5922113237298,0.));
#5441=CARTESIAN_POINT('',(38.6999999999998,43.4077886762702,0.));
#5442=CARTESIAN_POINT('',(25.6161068902697,43.4077886762702,0.));
#5443=CARTESIAN_POINT('',(25.6161068902697,-88.5922113237298,0.));
#5444=CARTESIAN_POINT('',(25.6161068902698,34.5342395448729,0.));
#5445=CARTESIAN_POINT('',(27.1999999999998,32.6000000000001,0.));
#5446=CARTESIAN_POINT('',(26.6149573381206,30.1694187765513,0.));
#5447=CARTESIAN_POINT('',(6.69999999999984,-549.075573297682,0.));
#5448=CARTESIAN_POINT('',(26.1999999999998,18.1000000000001,0.));
#5449=CARTESIAN_POINT('',(-50.8676486694666,20.749654216098,0.));
#5450=CARTESIAN_POINT('',(23.6999999999998,1.10000000000013,0.));
#5451=CARTESIAN_POINT('',(-1.30665024163103,7.68961411709585,0.));
#5452=CARTESIAN_POINT('',(9.94999999999984,-15.5922113237298,1.44622558261209E-16));
#5453=CARTESIAN_POINT('',(9.94999999999984,-14.1273797003287,0.));
#5454=CARTESIAN_POINT('',(9.94999999999984,-14.5922113237298,1.54820031262135E-16));
#5455=CARTESIAN_POINT('',(6.69999999999984,-14.5922113237298,0.));
#5456=CARTESIAN_POINT('',(3.44999999999984,-14.5922113237298,1.44622558261209E-16));
#5457=CARTESIAN_POINT('',(3.44999999999984,-14.1273797003287,0.));
#5458=CARTESIAN_POINT('',(3.44999999999984,-15.5922113237298,4.87886938649681E-16));
#5459=CARTESIAN_POINT('',(14.7066502416307,7.68961411709585,0.));
#5460=CARTESIAN_POINT('',(-10.3000000000002,1.10000000000013,0.));
#5461=CARTESIAN_POINT('',(64.2676486694663,20.749654216098,0.));
#5462=CARTESIAN_POINT('',(-12.8000000000001,18.1000000000001,0.));
#5463=CARTESIAN_POINT('',(6.69999999999984,-549.075573297682,0.));
#5464=CARTESIAN_POINT('',(-13.2149573381209,30.1694187765513,0.));
#5465=CARTESIAN_POINT('',(-13.8000000000001,32.6000000000001,0.));
#5466=CARTESIAN_POINT('',(-12.2161068902701,34.5342395448729,0.));
#5467=CARTESIAN_POINT('',(-12.2161068902701,-88.5922113237298,0.));
#5468=CARTESIAN_POINT('',(-12.2161068902701,43.4077886762702,0.));
#5469=CARTESIAN_POINT('',(38.6999999999998,43.4077886762702,0.));
#5470=CARTESIAN_POINT('',(6.69999999999984,10.4077886762702,0.));
#5471=CARTESIAN_POINT('',(6.69999999999984,30.1694187765514,0.));
#5472=CARTESIAN_POINT('',(6.69999999999984,18.1000000000001,0.));
#5473=CARTESIAN_POINT('',(6.69999999999984,18.1000000000001,0.));
#5474=CARTESIAN_POINT('',(6.69999999999984,34.5342395448729,0.));
#5475=CARTESIAN_POINT('',(6.69999999999984,32.6000000000001,0.));
#5476=CARTESIAN_POINT('',(6.69999999999984,1.10000000000013,0.));
#5477=CARTESIAN_POINT('',(-12.8000000000001,18.1000000000001,3.582091887506E-15));
#5478=CARTESIAN_POINT('',(-12.8000000000001,18.1000000000001,-38.9999999999999));
#5479=CARTESIAN_POINT('',(26.1999999999998,18.1000000000001,-39.));
#5480=CARTESIAN_POINT('',(26.1999999999998,18.1000000000001,-5.97015314584334E-15));
#5481=CARTESIAN_POINT('',(-12.6023755947459,12.3519110078163,3.5457888732068E-15));
#5482=CARTESIAN_POINT('',(-12.6023755947459,12.3519110078163,-38.6047511894915));
#5483=CARTESIAN_POINT('',(26.0023755947456,12.3519110078163,-38.6047511894915));
#5484=CARTESIAN_POINT('',(26.0023755947456,12.3519110078163,-5.90964812201134E-15));
#5485=CARTESIAN_POINT('',(-11.7655690558849,6.6616265435618,3.39207000580856E-15));
#5486=CARTESIAN_POINT('',(-11.765569055885,6.6616265435618,-36.9311381117696));
#5487=CARTESIAN_POINT('',(25.1655690558846,6.6616265435618,-36.9311381117696));
#5488=CARTESIAN_POINT('',(25.1655690558846,6.6616265435618,-5.65345000968093E-15));
#5489=CARTESIAN_POINT('',(-10.3000000000002,1.10000000000013,3.12284933782575E-15));
#5490=CARTESIAN_POINT('',(-10.3000000000002,1.10000000000013,-34.));
#5491=CARTESIAN_POINT('',(23.6999999999998,1.10000000000013,-34.));
#5492=CARTESIAN_POINT('',(23.6999999999998,1.10000000000013,-5.20474889637625E-15));
#5493=CARTESIAN_POINT('',(6.69999999999983,43.4077886762702,0.));
#5494=CARTESIAN_POINT('',(38.6999999999998,43.4077886762702,32.));
#5495=CARTESIAN_POINT('',(6.69999999999983,-88.5922113237298,0.));
#5496=CARTESIAN_POINT('',(-25.3000000000002,-22.5922113237298,32.));
#5497=CARTESIAN_POINT('',(6.69999999999984,-15.5922113237298,0.));
#5498=CARTESIAN_POINT('',(-10.3000000000001,1.10000000000014,3.12284933782575E-15));
#5499=CARTESIAN_POINT('',(-10.3000000000002,1.10000000000014,-34.));
#5500=CARTESIAN_POINT('',(23.6999999999998,1.10000000000014,-34.));
#5501=CARTESIAN_POINT('',(23.6999999999998,1.10000000000014,-5.20474889637625E-15));
#5502=CARTESIAN_POINT('',(-8.34361159952632,-6.3242162891617,2.76346661894636E-15));
#5503=CARTESIAN_POINT('',(-8.34361159952632,-6.3242162891617,-30.0872231990523));
#5504=CARTESIAN_POINT('',(21.743611599526,-6.3242162891617,-30.0872231990523));
#5505=CARTESIAN_POINT('',(21.743611599526,-6.3242162891617,-4.60577769824393E-15));
#5506=CARTESIAN_POINT('',(-3.46213361281976,-12.2502280801611,1.86675366021709E-15));
#5507=CARTESIAN_POINT('',(-3.46213361281976,-12.2502280801611,-20.3242672256392));
#5508=CARTESIAN_POINT('',(16.8621336128194,-12.2502280801611,-20.3242672256392));
#5509=CARTESIAN_POINT('',(16.8621336128194,-12.2502280801611,-3.11125610036181E-15));
#5510=CARTESIAN_POINT('',(3.44999999999985,-15.5922113237298,5.97015314584334E-16));
#5511=CARTESIAN_POINT('',(3.44999999999985,-15.5922113237298,-6.49999999999999));
#5512=CARTESIAN_POINT('',(9.94999999999984,-15.5922113237298,-6.49999999999999));
#5513=CARTESIAN_POINT('',(9.94999999999984,-15.5922113237298,-9.95025524307223E-16));
#5514=CARTESIAN_POINT('',(6.69999999999984,-14.5922113237298,1.54820031262135E-16));
#5515=CARTESIAN_POINT('',(6.69999999999984,-14.1273797003287,0.));
#5516=CARTESIAN_POINT('',(6.69999999999984,-14.5922113237298,16.));
#5517=CARTESIAN_POINT('',(-25.3000000000002,43.4077886762702,0.));
#5518=CARTESIAN_POINT('',(-25.3000000000002,43.4077886762702,0.));
#5519=CARTESIAN_POINT('',(-25.3000000000002,-22.5922113237298,0.));
#5520=CARTESIAN_POINT('',(-25.3000000000002,-22.5922113237298,32.));
#5521=CARTESIAN_POINT('',(-25.3000000000002,-22.5922113237298,32.));
#5522=CARTESIAN_POINT('',(-25.3000000000002,43.4077886762702,32.));
#5523=CARTESIAN_POINT('',(-25.3000000000002,43.4077886762702,32.));
#5524=CARTESIAN_POINT('',(-25.3000000000002,43.4077886762702,32.));
#5525=CARTESIAN_POINT('',(-25.3000000000002,43.4077886762702,32.));
#5526=CARTESIAN_POINT('',(-25.3000000000002,-22.5922113237298,32.));
#5527=CARTESIAN_POINT('',(38.6999999999998,-22.5922113237298,32.));
#5528=CARTESIAN_POINT('',(38.6999999999998,-22.5922113237298,32.));
#5529=CARTESIAN_POINT('',(38.6999999999998,43.4077886762702,32.));
#5530=CARTESIAN_POINT('',(38.6999999999998,43.4077886762702,32.));
#5531=CARTESIAN_POINT('',(0.,0.,32.));
#5532=CARTESIAN_POINT('',(38.6999999999998,-22.5922113237298,32.));
#5533=CARTESIAN_POINT('',(38.6999999999998,-22.5922113237298,0.));
#5534=CARTESIAN_POINT('',(38.6999999999998,-22.5922113237298,0.));
#5535=CARTESIAN_POINT('',(38.6999999999998,43.4077886762702,0.));
#5536=CARTESIAN_POINT('',(38.6999999999998,43.4077886762702,32.));
#5537=CARTESIAN_POINT('',(38.6999999999998,-22.5922113237298,32.));
#5538=CARTESIAN_POINT('',(-25.3000000000002,-22.5922113237298,0.));
#5539=CARTESIAN_POINT('',(38.6999999999998,43.4077886762702,0.));
#5540=CARTESIAN_POINT('',(-12.2161068902701,43.4077886762702,0.));
#5541=CARTESIAN_POINT('',(-12.2161068902701,-88.5922113237298,0.));
#5542=CARTESIAN_POINT('',(-12.2161068902701,34.5342395448729,0.));
#5543=CARTESIAN_POINT('',(-13.8000000000001,32.6000000000001,0.));
#5544=CARTESIAN_POINT('',(-13.2149573381209,30.1694187765513,0.));
#5545=CARTESIAN_POINT('',(6.69999999999984,-549.075573297682,0.));
#5546=CARTESIAN_POINT('',(-12.8000000000001,18.1000000000001,0.));
#5547=CARTESIAN_POINT('',(64.2676486694663,20.749654216098,0.));
#5548=CARTESIAN_POINT('',(-10.3000000000002,1.10000000000013,0.));
#5549=CARTESIAN_POINT('',(14.7066502416307,7.68961411709585,0.));
#5550=CARTESIAN_POINT('',(3.44999999999984,-15.5922113237298,1.44622558261209E-16));
#5551=CARTESIAN_POINT('',(3.44999999999984,-14.1273797003287,0.));
#5552=CARTESIAN_POINT('',(3.44999999999984,-14.5922113237298,1.54820031262135E-16));
#5553=CARTESIAN_POINT('',(6.69999999999984,-14.5922113237298,0.));
#5554=CARTESIAN_POINT('',(9.94999999999984,-14.5922113237298,1.54820031262135E-16));
#5555=CARTESIAN_POINT('',(9.94999999999984,-14.1273797003287,0.));
#5556=CARTESIAN_POINT('',(9.94999999999984,-15.5922113237298,4.87886938649681E-16));
#5557=CARTESIAN_POINT('',(-1.30665024163103,7.68961411709585,0.));
#5558=CARTESIAN_POINT('',(23.6999999999998,1.10000000000013,0.));
#5559=CARTESIAN_POINT('',(-50.8676486694666,20.749654216098,0.));
#5560=CARTESIAN_POINT('',(26.1999999999998,18.1000000000001,0.));
#5561=CARTESIAN_POINT('',(6.69999999999984,-549.075573297682,0.));
#5562=CARTESIAN_POINT('',(26.6149573381206,30.1694187765513,0.));
#5563=CARTESIAN_POINT('',(27.1999999999998,32.6000000000001,0.));
#5564=CARTESIAN_POINT('',(25.6161068902697,34.5342395448729,0.));
#5565=CARTESIAN_POINT('',(25.6161068902697,-88.5922113237298,0.));
#5566=CARTESIAN_POINT('',(25.6161068902697,43.4077886762702,0.));
#5567=CARTESIAN_POINT('',(38.6999999999998,43.4077886762702,0.));
#5568=CARTESIAN_POINT('',(6.69999999999984,10.4077886762702,0.));
#5569=CARTESIAN_POINT('',(6.69999999999984,30.1694187765514,0.));
#5570=CARTESIAN_POINT('',(6.69999999999984,18.1000000000001,0.));
#5571=CARTESIAN_POINT('',(6.69999999999984,18.1000000000001,0.));
#5572=CARTESIAN_POINT('',(6.69999999999983,43.4077886762702,0.));
#5573=CARTESIAN_POINT('',(38.6999999999998,43.4077886762702,32.));
#5574=CARTESIAN_POINT('',(6.69999999999984,34.5342395448729,0.));
#5575=CARTESIAN_POINT('',(6.69999999999984,32.6000000000001,0.));
#5576=CARTESIAN_POINT('',(6.69999999999984,1.10000000000013,0.));
#5577=CARTESIAN_POINT('',(26.1999999999998,18.1000000000001,-1.19403062916867E-15));
#5578=CARTESIAN_POINT('',(26.1999999999998,18.1000000000001,38.9999999999999));
#5579=CARTESIAN_POINT('',(-12.8000000000001,18.1000000000001,39.));
#5580=CARTESIAN_POINT('',(-12.8000000000001,18.1000000000001,3.582091887506E-15));
#5581=CARTESIAN_POINT('',(26.0023755947456,12.3519110078163,-1.18192962440227E-15));
#5582=CARTESIAN_POINT('',(26.0023755947456,12.3519110078163,38.6047511894915));
#5583=CARTESIAN_POINT('',(-12.6023755947459,12.3519110078163,38.6047511894915));
#5584=CARTESIAN_POINT('',(-12.6023755947459,12.3519110078163,3.5457888732068E-15));
#5585=CARTESIAN_POINT('',(25.1655690558846,6.6616265435618,-1.13069000193619E-15));
#5586=CARTESIAN_POINT('',(25.1655690558846,6.6616265435618,36.9311381117696));
#5587=CARTESIAN_POINT('',(-11.7655690558849,6.6616265435618,36.9311381117696));
#5588=CARTESIAN_POINT('',(-11.7655690558849,6.6616265435618,3.39207000580856E-15));
#5589=CARTESIAN_POINT('',(23.6999999999998,1.10000000000013,-1.04094977927525E-15));
#5590=CARTESIAN_POINT('',(23.6999999999999,1.10000000000013,34.));
#5591=CARTESIAN_POINT('',(-10.3000000000001,1.10000000000013,34.));
#5592=CARTESIAN_POINT('',(-10.3000000000002,1.10000000000013,3.12284933782575E-15));
#5593=CARTESIAN_POINT('',(6.69999999999983,-88.5922113237298,0.));
#5594=CARTESIAN_POINT('',(-25.3000000000002,-22.5922113237298,32.));
#5595=CARTESIAN_POINT('',(6.69999999999984,-14.5922113237298,1.54820031262135E-16));
#5596=CARTESIAN_POINT('',(6.69999999999984,-15.5922113237298,0.));
#5597=CARTESIAN_POINT('',(6.69999999999984,-14.1273797003287,0.));
#5598=CARTESIAN_POINT('',(23.6999999999998,1.10000000000014,-1.04094977927525E-15));
#5599=CARTESIAN_POINT('',(23.6999999999998,1.10000000000014,34.));
#5600=CARTESIAN_POINT('',(-10.3000000000001,1.10000000000014,34.));
#5601=CARTESIAN_POINT('',(-10.3000000000001,1.10000000000014,3.12284933782575E-15));
#5602=CARTESIAN_POINT('',(21.743611599526,-6.3242162891617,-9.21155539648785E-16));
#5603=CARTESIAN_POINT('',(21.743611599526,-6.3242162891617,30.0872231990523));
#5604=CARTESIAN_POINT('',(-8.34361159952631,-6.3242162891617,30.0872231990523));
#5605=CARTESIAN_POINT('',(-8.34361159952632,-6.3242162891617,2.76346661894636E-15));
#5606=CARTESIAN_POINT('',(16.8621336128194,-12.2502280801611,-6.22251220072363E-16));
#5607=CARTESIAN_POINT('',(16.8621336128194,-12.2502280801611,20.3242672256392));
#5608=CARTESIAN_POINT('',(-3.46213361281976,-12.2502280801611,20.3242672256392));
#5609=CARTESIAN_POINT('',(-3.46213361281976,-12.2502280801611,1.86675366021709E-15));
#5610=CARTESIAN_POINT('',(9.94999999999984,-15.5922113237298,-1.99005104861445E-16));
#5611=CARTESIAN_POINT('',(9.94999999999984,-15.5922113237298,6.49999999999999));
#5612=CARTESIAN_POINT('',(3.44999999999985,-15.5922113237298,6.49999999999999));
#5613=CARTESIAN_POINT('',(3.44999999999985,-15.5922113237298,5.97015314584334E-16));
#5614=CARTESIAN_POINT('',(6.69999999999984,-14.5922113237298,16.));
#5615=CARTESIAN_POINT('',(6.69999999999983,43.4077886762702,0.));
#5616=CARTESIAN_POINT('',(-12.2161068902701,43.4077886762702,0.));
#5617=CARTESIAN_POINT('',(25.6161068902697,43.4077886762702,0.));
#5618=CARTESIAN_POINT('',(38.6999999999998,43.4077886762702,0.));
#5619=CARTESIAN_POINT('',(38.6999999999998,43.4077886762702,32.));
#5620=CARTESIAN_POINT('',(-12.2161068902701,-88.5922113237298,0.));
#5621=CARTESIAN_POINT('',(-12.2161068902701,34.5342395448729,0.));
#5622=CARTESIAN_POINT('',(25.6161068902697,-88.5922113237298,0.));
#5623=CARTESIAN_POINT('',(25.6161068902698,34.5342395448729,0.));
#5624=CARTESIAN_POINT('',(6.69999999999984,34.5342395448729,0.));
#5625=CARTESIAN_POINT('',(6.69999999999983,-88.5922113237298,0.));
#5626=CARTESIAN_POINT('',(20.4172612030242,24.8744029893494,0.));
#5627=CARTESIAN_POINT('',(19.9172612030242,24.8744029893494,0.));
#5628=CARTESIAN_POINT('',(20.4172612030242,25.3744029893494,0.));
#5629=CARTESIAN_POINT('',(19.9172612030242,24.8744029893494,1.5));
#5630=CARTESIAN_POINT('',(19.9172612030242,24.8744029893494,-1.5));
#5631=CARTESIAN_POINT('',(20.4172612030242,24.8744029893494,-1.));
#5632=CARTESIAN_POINT('',(20.4172612030242,25.3744029893494,-1.));
#5633=CARTESIAN_POINT('',(20.4172612030242,25.3744029893494,1.5));
#5634=CARTESIAN_POINT('',(20.4172612030242,24.8744029893494,1.5));
#5635=CARTESIAN_POINT('',(24.4219091944329,25.3744029893494,-1.));
#5636=CARTESIAN_POINT('',(24.4198351356076,25.3744029893494,-1.03675628216639));
#5637=CARTESIAN_POINT('',(24.41749072476,25.370300706641,-1.07371852381856));
#5638=CARTESIAN_POINT('',(24.4149689734421,25.3622532220284,-1.10955432659187));
#5639=CARTESIAN_POINT('',(24.4111123265616,25.349945780685,-1.16435990396922));
#5640=CARTESIAN_POINT('',(24.4067432266576,25.3279799324911,-1.21775756092051));
#5641=CARTESIAN_POINT('',(24.4023160987624,25.2981947085851,-1.26533107376868));
#5642=CARTESIAN_POINT('',(24.3979001986523,25.268485023968,-1.31278393386156));
#5643=CARTESIAN_POINT('',(24.3933104824426,25.2301792046345,-1.35575146828681));
#5644=CARTESIAN_POINT('',(24.3890540856068,25.1864224172514,-1.39069665549076));
#5645=CARTESIAN_POINT('',(24.3848106369483,25.1427987402586,-1.42553553764397));
#5646=CARTESIAN_POINT('',(24.3807881224941,25.0925593714244,-1.45335558854941));
#5647=CARTESIAN_POINT('',(24.3774290971108,25.0398181735543,-1.47184511954077));
#5648=CARTESIAN_POINT('',(24.3740696515978,24.9870703790853,-1.49033696310796));
#5649=CARTESIAN_POINT('',(24.3712857075645,24.9303657923791,-1.5));
#5650=CARTESIAN_POINT('',(24.3693547360306,24.8744029893494,-1.5));
#5651=CARTESIAN_POINT('',(24.4219091944329,25.3744029893494,-1.));
#5652=CARTESIAN_POINT('',(24.3693547360306,24.8744029893494,-1.5));
#5653=CARTESIAN_POINT('',(24.9172612030242,25.3744029893494,-1.));
#5654=CARTESIAN_POINT('',(0.,24.8744029893494,-1.5));
#5655=CARTESIAN_POINT('',(24.9172612030242,24.8744029893494,-1.));
#5656=CARTESIAN_POINT('',(6.69999999999984,25.3744029893494,0.));
#5657=CARTESIAN_POINT('',(24.4501004362152,25.3744029893494,0.));
#5658=CARTESIAN_POINT('',(24.9172612030242,25.3744029893494,0.));
#5659=CARTESIAN_POINT('',(24.9172612030242,25.3744029893494,1.5));
#5660=CARTESIAN_POINT('',(27.1999999999998,32.6000000000001,0.));
#5661=CARTESIAN_POINT('',(24.7014762482297,32.6859014658836,0.));
#5662=CARTESIAN_POINT('',(6.69999999999984,32.6859014658836,0.));
#5663=CARTESIAN_POINT('',(-11.3014762482301,32.6859014658836,0.));
#5664=CARTESIAN_POINT('',(-13.8000000000001,32.6000000000001,0.));
#5665=CARTESIAN_POINT('',(6.69999999999984,32.6000000000001,0.));
#5666=CARTESIAN_POINT('',(-3.30147624823006,24.8744029893494,-3.7));
#5667=CARTESIAN_POINT('',(-2.80147624823006,24.8744029893494,-4.2));
#5668=CARTESIAN_POINT('',(-3.30147624823006,25.3744029893494,-3.7));
#5669=CARTESIAN_POINT('',(-2.80147624823006,25.3744029893494,-3.7));
#5670=CARTESIAN_POINT('',(-10.6601862171964,25.3744029893494,-3.7));
#5671=CARTESIAN_POINT('',(-10.5283515400544,24.8744029893494,-4.2));
#5672=CARTESIAN_POINT('',(-10.529473417195,24.9061053732939,-4.2));
#5673=CARTESIAN_POINT('',(-10.5313427737965,24.9379297714631,-4.19695485693356));
#5674=CARTESIAN_POINT('',(-10.5338957877989,24.9689783095109,-4.19097404087828));
#5675=CARTESIAN_POINT('',(-10.5385026208326,25.025004414572,-4.1801818474375));
#5676=CARTESIAN_POINT('',(-10.5454890486641,25.0797392980674,-4.15939039044843));
#5677=CARTESIAN_POINT('',(-10.5540965037974,25.1284791867377,-4.13063358661477));
#5678=CARTESIAN_POINT('',(-10.5628863541548,25.1782518920511,-4.10126741525046));
#5679=CARTESIAN_POINT('',(-10.5736128090607,25.2232463307898,-4.06275575412109));
#5680=CARTESIAN_POINT('',(-10.5851688321165,25.259757807677,-4.0185932579194));
#5681=CARTESIAN_POINT('',(-10.5967602207256,25.296381022709,-3.97429560872427));
#5682=CARTESIAN_POINT('',(-10.6095081072446,25.3255345461026,-3.92306185983259));
#5683=CARTESIAN_POINT('',(-10.6222213712952,25.3449041470011,-3.86920006101752));
#5684=CARTESIAN_POINT('',(-10.6349344411663,25.3642734520528,-3.81533908487531));
#5685=CARTESIAN_POINT('',(-10.6479642527649,25.3744029893494,-3.75734475093816));
#5686=CARTESIAN_POINT('',(-10.6601862171964,25.3744029893494,-3.7));
#5687=CARTESIAN_POINT('',(-10.5283515400544,24.8744029893494,-4.2));
#5688=CARTESIAN_POINT('',(0.,24.8744029893494,-4.2));
#5689=CARTESIAN_POINT('',(-2.80147624823006,24.8744029893494,-3.7));
#5690=CARTESIAN_POINT('',(-3.30147624823006,25.3744029893494,4.2));
#5691=CARTESIAN_POINT('',(-3.30147624823006,25.3744029893494,0.));
#5692=CARTESIAN_POINT('',(-2.80147624823006,25.3744029893494,0.));
#5693=CARTESIAN_POINT('',(-3.80147624823006,25.3744029893494,0.));
#5694=CARTESIAN_POINT('',(-7.05147624823006,25.3744029893494,-3.99680288865056E-15));
#5695=CARTESIAN_POINT('',(-10.3014762482301,25.3744029893494,0.));
#5696=CARTESIAN_POINT('',(-2.80147624823006,25.3744029893494,0.));
#5697=CARTESIAN_POINT('',(-11.0501004362155,25.3744029893494,0.));
#5698=CARTESIAN_POINT('',(6.69999999999984,25.3744029893494,0.));
#5699=CARTESIAN_POINT('',(-2.80147624823006,25.3744029893494,4.2));
#5700=CARTESIAN_POINT('',(-3.30147624823006,24.8744029893494,0.));
#5701=CARTESIAN_POINT('',(-2.80147624823006,24.8744029893494,0.));
#5702=CARTESIAN_POINT('',(-2.80147624823006,24.8744029893494,4.2));
#5703=CARTESIAN_POINT('',(-3.30147624823006,24.8744029893494,4.2));
#5704=CARTESIAN_POINT('',(-7.05147624823006,24.4077886762702,-3.99680288865056E-15));
#5705=CARTESIAN_POINT('',(-10.3014762482301,24.4077886762702,0.));
#5706=CARTESIAN_POINT('',(-3.80147624823006,24.4077886762702,0.));
#5707=CARTESIAN_POINT('',(-10.3014762482301,25.3744029893494,0.));
#5708=CARTESIAN_POINT('',(-3.80147624823006,25.3744029893494,0.));
#5709=CARTESIAN_POINT('',(-7.05147624823006,25.3744029893494,-3.99680288865056E-15));
#5710=CARTESIAN_POINT('',(19.9172612030242,24.4077886762702,1.5));
#5711=CARTESIAN_POINT('',(19.9172612030242,24.4077886762702,-1.5));
#5712=CARTESIAN_POINT('',(19.9172612030242,24.4077886762702,0.));
#5713=CARTESIAN_POINT('',(19.9172612030242,25.3744029893494,-1.5));
#5714=CARTESIAN_POINT('',(19.9172612030242,25.3744029893494,0.));
#5715=CARTESIAN_POINT('',(19.9172612030242,25.3744029893494,1.5));
#5716=CARTESIAN_POINT('',(24.3693547360306,24.8744029893494,-1.5));
#5717=CARTESIAN_POINT('',(24.3639879631589,24.7188648843862,-1.5));
#5718=CARTESIAN_POINT('',(24.3586211728128,24.5633267800259,-1.5));
#5719=CARTESIAN_POINT('',(24.3532543649445,24.4077886762702,-1.5));
#5720=CARTESIAN_POINT('',(24.3532543649445,24.4077886762702,-1.5));
#5721=CARTESIAN_POINT('',(6.69999999999984,24.4077886762702,0.));
#5722=CARTESIAN_POINT('',(-10.5118386488325,24.4077886762702,-4.2));
#5723=CARTESIAN_POINT('',(-10.5118386488325,24.4077886762702,-4.2));
#5724=CARTESIAN_POINT('',(-10.5173430939726,24.56332677539,-4.2));
#5725=CARTESIAN_POINT('',(-10.5228473909047,24.7188648797549,-4.2));
#5726=CARTESIAN_POINT('',(-10.5283515400544,24.8744029893494,-4.2));
#5727=CARTESIAN_POINT('',(6.69999999999984,-490.903719625688,0.));
#5728=CARTESIAN_POINT('',(6.69999999999984,-490.903719625688,0.));
#5729=CARTESIAN_POINT('',(6.69999999999984,22.1046379011011,0.));
#5730=CARTESIAN_POINT('',(-2.80147624823006,24.4077886762702,4.2));
#5731=CARTESIAN_POINT('',(-2.80147624823006,24.4077886762702,0.));
#5732=CARTESIAN_POINT('',(-2.80147624823006,24.4077886762702,-4.2));
#5733=CARTESIAN_POINT('',(-2.80147624823006,23.3744029893494,0.));
#5734=CARTESIAN_POINT('',(-2.80147624823006,23.3744029893494,-4.2));
#5735=CARTESIAN_POINT('',(-2.80147624823006,23.3744029893494,4.2));
#5736=CARTESIAN_POINT('',(-2.64629775083793E-15,24.4077886762702,-4.2));
#5737=CARTESIAN_POINT('',(0.,0.,-4.2));
#5738=CARTESIAN_POINT('',(-2.64629775083793E-15,24.4077886762702,-1.5));
#5739=CARTESIAN_POINT('',(0.,0.,-1.5));
#5740=CARTESIAN_POINT('',(6.69999999999984,24.4077886762702,0.));
#5741=CARTESIAN_POINT('',(6.69999999999984,24.4077886762702,0.));
#5742=CARTESIAN_POINT('',(6.69999999999984,10.4077886762702,0.));
#5743=CARTESIAN_POINT('',(7.19999999999984,24.4077886762702,-9.));
#5744=CARTESIAN_POINT('',(4.69999999999984,24.4077886762702,-9.));
#5745=CARTESIAN_POINT('',(6.69999999999984,24.4077886762702,16.));
#5746=CARTESIAN_POINT('',(6.69999999999984,24.4077886762702,16.));
#5747=CARTESIAN_POINT('',(7.19999999999984,24.4077886762702,-9.));
#5748=CARTESIAN_POINT('',(6.69999999999983,43.4077886762702,3.85185988877447E-31));
#5749=CARTESIAN_POINT('',(25.6161068902697,43.4077886762702,2.31111593326468E-30));
#5750=CARTESIAN_POINT('',(-12.2161068902701,43.4077886762702,0.));
#5751=CARTESIAN_POINT('',(38.6999999999998,43.4077886762702,4.23704587765192E-30));
#5752=CARTESIAN_POINT('',(38.6999999999998,43.4077886762702,32.));
#5753=CARTESIAN_POINT('',(-12.2161068902701,-88.5922113237298,0.));
#5754=CARTESIAN_POINT('',(-12.2161068902701,34.5342395448729,0.));
#5755=CARTESIAN_POINT('',(6.69999999999984,34.5342395448729,3.85185988877447E-31));
#5756=CARTESIAN_POINT('',(25.6161068902697,34.5342395448729,1.15555796663234E-30));
#5757=CARTESIAN_POINT('',(25.6161068902697,-88.5922113237298,0.));
#5758=CARTESIAN_POINT('',(6.69999999999983,-88.5922113237298,0.));
#5759=CARTESIAN_POINT('',(-3.30147624823006,25.3744029893494,4.2));
#5760=CARTESIAN_POINT('',(-3.30147624823006,25.3744029893494,-5.77778983316171E-31));
#5761=CARTESIAN_POINT('',(-3.30147624823006,25.3744029893494,3.7));
#5762=CARTESIAN_POINT('',(-3.30147624823006,24.8744029893494,-5.77778983316171E-31));
#5763=CARTESIAN_POINT('',(-2.80147624823006,24.8744029893494,-5.77778983316171E-31));
#5764=CARTESIAN_POINT('',(-2.80147624823006,24.8744029893494,4.2));
#5765=CARTESIAN_POINT('',(-2.80147624823006,24.8744029893494,4.2));
#5766=CARTESIAN_POINT('',(-3.30147624823006,24.8744029893494,3.7));
#5767=CARTESIAN_POINT('',(-3.30147624823006,24.8744029893494,4.2));
#5768=CARTESIAN_POINT('',(19.9172612030242,24.8744029893494,1.5));
#5769=CARTESIAN_POINT('',(19.9172612030242,24.8744029893494,-1.92592994438724E-31));
#5770=CARTESIAN_POINT('',(19.9172612030242,24.8744029893494,1.5));
#5771=CARTESIAN_POINT('',(20.4172612030242,24.8744029893494,-1.92592994438724E-31));
#5772=CARTESIAN_POINT('',(20.4172612030242,25.3744029893494,-1.92592994438724E-31));
#5773=CARTESIAN_POINT('',(20.4172612030242,25.3744029893494,1.5));
#5774=CARTESIAN_POINT('',(20.4172612030242,25.3744029893494,1.));
#5775=CARTESIAN_POINT('',(20.4172612030242,24.8744029893494,1.));
#5776=CARTESIAN_POINT('',(20.4172612030242,24.8744029893494,1.5));
#5777=CARTESIAN_POINT('',(-2.80147624823006,25.3744029893494,3.7));
#5778=CARTESIAN_POINT('',(-10.6601862171964,25.3744029893494,3.7));
#5779=CARTESIAN_POINT('',(-11.3014762482301,24.8744029893494,4.2));
#5780=CARTESIAN_POINT('',(-10.5283515400544,24.8744029893494,4.2));
#5781=CARTESIAN_POINT('',(-10.5283515400544,24.8744029893494,4.2));
#5782=CARTESIAN_POINT('',(-10.5294757295503,24.906170716615,4.2));
#5783=CARTESIAN_POINT('',(-10.5313505267916,24.9380612563658,4.19694216760322));
#5784=CARTESIAN_POINT('',(-10.5339116585576,24.9691712064303,4.19093684423895));
#5785=CARTESIAN_POINT('',(-10.538523780638,25.0251944417519,4.18012237352071));
#5786=CARTESIAN_POINT('',(-10.5455152551338,25.0799222666275,4.15930871134462));
#5787=CARTESIAN_POINT('',(-10.554126973482,25.1286516606547,4.13053177947681));
#5788=CARTESIAN_POINT('',(-10.5629210272352,25.17841279927,4.10114555532643));
#5789=CARTESIAN_POINT('',(-10.5736509287125,25.2233919584065,4.06261571649092));
#5790=CARTESIAN_POINT('',(-10.585209393046,25.2598859164358,4.01843824036201));
#5791=CARTESIAN_POINT('',(-10.5968030346969,25.2964909410832,3.97412631340527));
#5792=CARTESIAN_POINT('',(-10.6095521929928,25.32562374529,3.92288131751894));
#5793=CARTESIAN_POINT('',(-10.6222657659051,25.3449717469492,3.86901196517102));
#5794=CARTESIAN_POINT('',(-10.6349645827293,25.3642972922291,3.8152051366242));
#5795=CARTESIAN_POINT('',(-10.6479782778433,25.3744029893494,3.75727894608074));
#5796=CARTESIAN_POINT('',(-10.6601862171964,25.3744029893494,3.7));
#5797=CARTESIAN_POINT('',(-1.15555796663234E-30,24.8744029893494,3.7));
#5798=CARTESIAN_POINT('',(-2.80147624823006,25.3744029893494,-1.92592994438724E-31));
#5799=CARTESIAN_POINT('',(-3.80147624823006,25.3744029893494,-1.92592994438724E-31));
#5800=CARTESIAN_POINT('',(6.69999999999984,25.3744029893494,-1.92592994438724E-31));
#5801=CARTESIAN_POINT('',(-11.0501004362155,25.3744029893494,0.));
#5802=CARTESIAN_POINT('',(-2.80147624823006,25.3744029893494,-1.92592994438724E-31));
#5803=CARTESIAN_POINT('',(-10.3014762482301,25.3744029893494,0.));
#5804=CARTESIAN_POINT('',(-7.05147624823006,25.3744029893494,-3.99680288865056E-15));
#5805=CARTESIAN_POINT('',(-2.80147624823006,25.3744029893494,4.2));
#5806=CARTESIAN_POINT('',(-13.8000000000001,32.6000000000001,0.));
#5807=CARTESIAN_POINT('',(-11.3014762482301,32.6859014658836,-3.85185988877447E-31));
#5808=CARTESIAN_POINT('',(6.69999999999984,32.6859014658836,3.85185988877447E-31));
#5809=CARTESIAN_POINT('',(24.7014762482297,32.6859014658836,1.15555796663234E-30));
#5810=CARTESIAN_POINT('',(27.1999999999998,32.6000000000001,1.15555796663234E-30));
#5811=CARTESIAN_POINT('',(6.69999999999984,32.6000000000001,0.));
#5812=CARTESIAN_POINT('',(24.9172612030242,25.3744029893494,-1.92592994438724E-31));
#5813=CARTESIAN_POINT('',(24.4501004362152,25.3744029893494,-1.92592994438724E-31));
#5814=CARTESIAN_POINT('',(6.69999999999984,25.3744029893494,-1.92592994438724E-31));
#5815=CARTESIAN_POINT('',(24.4219091944329,25.3744029893494,1.));
#5816=CARTESIAN_POINT('',(24.9172612030242,25.3744029893494,0.999999999999999));
#5817=CARTESIAN_POINT('',(24.9172612030242,25.3744029893494,1.5));
#5818=CARTESIAN_POINT('',(19.9172612030242,24.8744029893494,1.5));
#5819=CARTESIAN_POINT('',(24.3693547360306,24.8744029893494,1.5));
#5820=CARTESIAN_POINT('',(24.4219091944329,25.3744029893494,1.));
#5821=CARTESIAN_POINT('',(24.4198313519449,25.3744029893494,1.03682333589337));
#5822=CARTESIAN_POINT('',(24.4174821317789,25.3702855451947,1.07385377676566));
#5823=CARTESIAN_POINT('',(24.4149550857728,25.3622088695151,1.10975164361276));
#5824=CARTESIAN_POINT('',(24.4110973830784,25.3498792904511,1.16455210918617));
#5825=CARTESIAN_POINT('',(24.4067275603621,25.3278919211983,1.21794076798678));
#5826=CARTESIAN_POINT('',(24.4023001732234,25.2980875319978,1.26550218138615));
#5827=CARTESIAN_POINT('',(24.3978840301991,25.268358836192,1.31294280436046));
#5828=CARTESIAN_POINT('',(24.3932945289547,25.2300358842146,1.35589470804291));
#5829=CARTESIAN_POINT('',(24.3890387965189,25.1862652045159,1.39082215744686));
#5830=CARTESIAN_POINT('',(24.3847960110591,25.1426276859002,1.42564334903119));
#5831=CARTESIAN_POINT('',(24.3807746243004,25.0923773221429,1.45344312382756));
#5832=CARTESIAN_POINT('',(24.3774170448964,25.0396288839141,1.47191143635779));
#5833=CARTESIAN_POINT('',(24.3740629889644,24.9869358003403,1.49036036808545));
#5834=CARTESIAN_POINT('',(24.3712834306891,24.9302998047016,1.5));
#5835=CARTESIAN_POINT('',(24.3693547360306,24.8744029893494,1.5));
#5836=CARTESIAN_POINT('',(-1.15555796663234E-30,24.8744029893494,1.));
#5837=CARTESIAN_POINT('',(-7.05147624823006,24.4077886762702,-3.99680288865056E-15));
#5838=CARTESIAN_POINT('',(-3.80147624823006,24.4077886762702,0.));
#5839=CARTESIAN_POINT('',(-10.3014762482301,24.4077886762702,-3.99680288865056E-15));
#5840=CARTESIAN_POINT('',(-3.80147624823006,25.3744029893494,-1.92592994438724E-31));
#5841=CARTESIAN_POINT('',(-10.3014762482301,25.3744029893494,0.));
#5842=CARTESIAN_POINT('',(-7.05147624823006,25.3744029893494,-3.99680288865056E-15));
#5843=CARTESIAN_POINT('',(-10.5118386488325,24.4077886762702,4.2));
#5844=CARTESIAN_POINT('',(-10.5173430939726,24.56332677539,4.2));
#5845=CARTESIAN_POINT('',(-10.5228473909047,24.7188648797549,4.2));
#5846=CARTESIAN_POINT('',(-10.5283515400544,24.8744029893494,4.2));
#5847=CARTESIAN_POINT('',(-10.5118386488325,24.4077886762702,4.2));
#5848=CARTESIAN_POINT('',(6.69999999999984,24.4077886762702,0.));
#5849=CARTESIAN_POINT('',(24.3532543649445,24.4077886762702,1.5));
#5850=CARTESIAN_POINT('',(24.3693547360306,24.8744029893494,1.5));
#5851=CARTESIAN_POINT('',(24.3639879631589,24.7188648843862,1.5));
#5852=CARTESIAN_POINT('',(24.3586211728128,24.5633267800259,1.5));
#5853=CARTESIAN_POINT('',(24.3532543649445,24.4077886762702,1.5));
#5854=CARTESIAN_POINT('',(6.69999999999984,-490.903719625688,1.84889274661175E-29));
#5855=CARTESIAN_POINT('',(6.69999999999984,-490.903719625688,1.84889274661175E-29));
#5856=CARTESIAN_POINT('',(6.69999999999984,22.1046379011011,1.92592994438724E-31));
#5857=CARTESIAN_POINT('',(-2.64629775083793E-15,24.4077886762702,1.5));
#5858=CARTESIAN_POINT('',(19.9172612030242,24.4077886762702,1.5));
#5859=CARTESIAN_POINT('',(19.9172612030242,25.3744029893494,1.5));
#5860=CARTESIAN_POINT('',(6.2264137513299E-32,-3.61111864572607E-32,1.5));
#5861=CARTESIAN_POINT('',(19.9172612030242,24.4077886762702,1.5));
#5862=CARTESIAN_POINT('',(19.9172612030242,24.4077886762702,2.11852293882596E-30));
#5863=CARTESIAN_POINT('',(19.9172612030242,25.3744029893494,-1.92592994438724E-31));
#5864=CARTESIAN_POINT('',(19.9172612030242,25.3744029893494,1.5));
#5865=CARTESIAN_POINT('',(-2.80147624823006,23.3744029893494,4.2));
#5866=CARTESIAN_POINT('',(-2.80147624823006,24.4077886762702,4.2));
#5867=CARTESIAN_POINT('',(-2.64629775083793E-15,24.4077886762702,4.2));
#5868=CARTESIAN_POINT('',(-2.78830591234226E-32,0.,4.2));
#5869=CARTESIAN_POINT('',(-2.80147624823006,24.4077886762702,4.2));
#5870=CARTESIAN_POINT('',(-2.80147624823006,24.4077886762702,0.));
#5871=CARTESIAN_POINT('',(-2.80147624823006,23.3744029893494,1.92592994438724E-31));
#5872=CARTESIAN_POINT('',(-2.80147624823006,23.3744029893494,4.2));
#5873=CARTESIAN_POINT('',(6.69999999999984,24.4077886762702,0.));
#5874=CARTESIAN_POINT('',(6.69999999999984,24.4077886762702,0.));
#5875=CARTESIAN_POINT('',(6.69999999999984,10.4077886762702,0.));
#5876=CARTESIAN_POINT('',(6.40773088289874,24.4077886762702,11.089274704494));
#5877=CARTESIAN_POINT('',(3.90773088289874,24.4077886762702,11.089274704494));
#5878=CARTESIAN_POINT('',(6.69999999999984,24.4077886762702,16.));
#5879=CARTESIAN_POINT('',(6.69999999999984,24.4077886762702,16.));
#5880=CARTESIAN_POINT('',(6.40773088289874,24.4077886762702,11.089274704494));
#5881=MECHANICAL_DESIGN_GEOMETRIC_PRESENTATION_REPRESENTATION('',(#142,
#27,#28,#29,#30,#31,#32,#33,#34,#35,#36,#37,#38,#39,#40,#41,#42,#43,#44,
#45,#46,#47,#48,#49,#50,#51,#52,#53,#54,#55,#56,#57,#58,#59,#60,#61,#62,
#63,#64,#65,#143,#66,#67,#68,#69,#70,#71,#72,#73,#74,#75,#76,#77,#78,#79,
#80,#81,#82,#83,#84,#85,#86,#87,#88,#89,#90,#91,#92,#93,#94,#95,#96,#97,
#98,#99,#100,#101,#102,#103,#104,#144,#105,#106,#107,#108,#109,#145,#110,
#111,#112,#113,#114,#146,#115,#116,#117,#118,#119,#120,#121,#122,#123,#124,
#125,#126,#127,#147,#128,#129,#130,#131,#132,#133,#134,#135,#136,#137,#138,
#139,#140),#5882);
#5882=(
GEOMETRIC_REPRESENTATION_CONTEXT(3)
GLOBAL_UNCERTAINTY_ASSIGNED_CONTEXT((#5883))
GLOBAL_UNIT_ASSIGNED_CONTEXT((#5889,#5885,#5884))
REPRESENTATION_CONTEXT('menstrual_cup_medium_without_balloon_mold',
'TOP_LEVEL_ASSEMBLY_PART')
);
#5883=UNCERTAINTY_MEASURE_WITH_UNIT(LENGTH_MEASURE(0.0508),#5889,
'DISTANCE_ACCURACY_VALUE','Maximum Tolerance applied to model');
#5884=(
NAMED_UNIT(*)
SI_UNIT($,.STERADIAN.)
SOLID_ANGLE_UNIT()
);
#5885=(
CONVERSION_BASED_UNIT('DEGREE',#5887)
NAMED_UNIT(#5886)
PLANE_ANGLE_UNIT()
);
#5886=DIMENSIONAL_EXPONENTS(0.,0.,0.,0.,0.,0.,0.);
#5887=PLANE_ANGLE_MEASURE_WITH_UNIT(PLANE_ANGLE_MEASURE(0.0174532925),#5888);
#5888=(
NAMED_UNIT(*)
PLANE_ANGLE_UNIT()
SI_UNIT($,.RADIAN.)
);
#5889=(
LENGTH_UNIT()
NAMED_UNIT(*)
SI_UNIT(.MILLI.,.METRE.)
);
ENDSEC;
END-ISO-10303-21;
