ISO-10303-21;
HEADER;
/* Generated by software containing ST-Developer
 * from STEP Tools, Inc. (www.steptools.com) 
 */
/* OPTION: using custom schema-name function */

FILE_DESCRIPTION(
/* description */ (''),
/* implementation_level */ '2;1');

FILE_NAME(
/* name */ 'menstrual_cup_medium_without_balloon.stp',
/* time_stamp */ '2026-09-08T16:05:37+02:00',
/* author */ (''),
/* organization */ (''),
/* preprocessor_version */ 'ST-DEVELOPER v20',
/* originating_system */ 'SIEMENS PLM Software NX2406.3002',
/* authorisation */ '');

FILE_SCHEMA (('AUTOMOTIVE_DESIGN { 1 0 10303 214 3 1 1 1 }'));
ENDSEC;

DATA;
#10=SHAPE_REPRESENTATION_RELATIONSHIP('None',
'relationship between menstrual_cup_medium_without_balloon-None and me
nstrual_cup_medium_without_balloon-None',#22,#11);
#11=ADVANCED_BREP_SHAPE_REPRESENTATION(
'menstrual_cup_medium_without_balloon-None',(#117),#1995);
#12=SHAPE_DEFINITION_REPRESENTATION(#13,#22);
#13=PRODUCT_DEFINITION_SHAPE('','',#14);
#14=PRODUCT_DEFINITION(' ','',#16,#15);
#15=PRODUCT_DEFINITION_CONTEXT('part definition',#21,'design');
#16=PRODUCT_DEFINITION_FORMATION_WITH_SPECIFIED_SOURCE(' ',' ',#18,
 .NOT_KNOWN.);
#17=PRODUCT_RELATED_PRODUCT_CATEGORY('part','',(#18));
#18=PRODUCT('menstrual_cup_medium_without_balloon',
'menstrual_cup_medium_without_balloon',' ',(#19));
#19=PRODUCT_CONTEXT(' ',#21,'mechanical');
#20=APPLICATION_PROTOCOL_DEFINITION('international standard',
'automotive_design',2010,#21);
#21=APPLICATION_CONTEXT(
'core data for automotive mechanical design processes');
#22=SHAPE_REPRESENTATION('menstrual_cup_medium_without_balloon-None',(#971),
#1995);
#23=OVER_RIDING_STYLED_ITEM('',(#38),#272,#36);
#24=OVER_RIDING_STYLED_ITEM('',(#39),#273,#36);
#25=OVER_RIDING_STYLED_ITEM('',(#40),#274,#36);
#26=OVER_RIDING_STYLED_ITEM('',(#41),#275,#36);
#27=OVER_RIDING_STYLED_ITEM('',(#42),#276,#36);
#28=OVER_RIDING_STYLED_ITEM('',(#43),#277,#36);
#29=OVER_RIDING_STYLED_ITEM('',(#44),#278,#36);
#30=OVER_RIDING_STYLED_ITEM('',(#45),#279,#36);
#31=OVER_RIDING_STYLED_ITEM('',(#46),#280,#36);
#32=OVER_RIDING_STYLED_ITEM('',(#47),#281,#36);
#33=OVER_RIDING_STYLED_ITEM('',(#48),#282,#36);
#34=OVER_RIDING_STYLED_ITEM('',(#49),#283,#36);
#35=PRESENTATION_LAYER_ASSIGNMENT('1','Layer 1',(#117));
#36=STYLED_ITEM('',(#37),#117);
#37=PRESENTATION_STYLE_ASSIGNMENT((#50));
#38=PRESENTATION_STYLE_ASSIGNMENT((#51));
#39=PRESENTATION_STYLE_ASSIGNMENT((#52));
#40=PRESENTATION_STYLE_ASSIGNMENT((#53));
#41=PRESENTATION_STYLE_ASSIGNMENT((#54));
#42=PRESENTATION_STYLE_ASSIGNMENT((#55));
#43=PRESENTATION_STYLE_ASSIGNMENT((#56));
#44=PRESENTATION_STYLE_ASSIGNMENT((#57));
#45=PRESENTATION_STYLE_ASSIGNMENT((#58));
#46=PRESENTATION_STYLE_ASSIGNMENT((#59));
#47=PRESENTATION_STYLE_ASSIGNMENT((#60));
#48=PRESENTATION_STYLE_ASSIGNMENT((#61));
#49=PRESENTATION_STYLE_ASSIGNMENT((#62));
#50=SURFACE_STYLE_USAGE(.BOTH.,#63);
#51=SURFACE_STYLE_USAGE(.BOTH.,#64);
#52=SURFACE_STYLE_USAGE(.BOTH.,#65);
#53=SURFACE_STYLE_USAGE(.BOTH.,#66);
#54=SURFACE_STYLE_USAGE(.BOTH.,#67);
#55=SURFACE_STYLE_USAGE(.BOTH.,#68);
#56=SURFACE_STYLE_USAGE(.BOTH.,#69);
#57=SURFACE_STYLE_USAGE(.BOTH.,#70);
#58=SURFACE_STYLE_USAGE(.BOTH.,#71);
#59=SURFACE_STYLE_USAGE(.BOTH.,#72);
#60=SURFACE_STYLE_USAGE(.BOTH.,#73);
#61=SURFACE_STYLE_USAGE(.BOTH.,#74);
#62=SURFACE_STYLE_USAGE(.BOTH.,#75);
#63=SURFACE_SIDE_STYLE('',(#76));
#64=SURFACE_SIDE_STYLE('',(#77));
#65=SURFACE_SIDE_STYLE('',(#78));
#66=SURFACE_SIDE_STYLE('',(#79));
#67=SURFACE_SIDE_STYLE('',(#80));
#68=SURFACE_SIDE_STYLE('',(#81));
#69=SURFACE_SIDE_STYLE('',(#82));
#70=SURFACE_SIDE_STYLE('',(#83));
#71=SURFACE_SIDE_STYLE('',(#84));
#72=SURFACE_SIDE_STYLE('',(#85));
#73=SURFACE_SIDE_STYLE('',(#86));
#74=SURFACE_SIDE_STYLE('',(#87));
#75=SURFACE_SIDE_STYLE('',(#88));
#76=SURFACE_STYLE_FILL_AREA(#89);
#77=SURFACE_STYLE_FILL_AREA(#90);
#78=SURFACE_STYLE_FILL_AREA(#91);
#79=SURFACE_STYLE_FILL_AREA(#92);
#80=SURFACE_STYLE_FILL_AREA(#93);
#81=SURFACE_STYLE_FILL_AREA(#94);
#82=SURFACE_STYLE_FILL_AREA(#95);
#83=SURFACE_STYLE_FILL_AREA(#96);
#84=SURFACE_STYLE_FILL_AREA(#97);
#85=SURFACE_STYLE_FILL_AREA(#98);
#86=SURFACE_STYLE_FILL_AREA(#99);
#87=SURFACE_STYLE_FILL_AREA(#100);
#88=SURFACE_STYLE_FILL_AREA(#101);
#89=FILL_AREA_STYLE('',(#102));
#90=FILL_AREA_STYLE('',(#103));
#91=FILL_AREA_STYLE('',(#104));
#92=FILL_AREA_STYLE('',(#105));
#93=FILL_AREA_STYLE('',(#106));
#94=FILL_AREA_STYLE('',(#107));
#95=FILL_AREA_STYLE('',(#108));
#96=FILL_AREA_STYLE('',(#109));
#97=FILL_AREA_STYLE('',(#110));
#98=FILL_AREA_STYLE('',(#111));
#99=FILL_AREA_STYLE('',(#112));
#100=FILL_AREA_STYLE('',(#113));
#101=FILL_AREA_STYLE('',(#114));
#102=FILL_AREA_STYLE_COLOUR('',#115);
#103=FILL_AREA_STYLE_COLOUR('',#116);
#104=FILL_AREA_STYLE_COLOUR('',#116);
#105=FILL_AREA_STYLE_COLOUR('',#116);
#106=FILL_AREA_STYLE_COLOUR('',#116);
#107=FILL_AREA_STYLE_COLOUR('',#116);
#108=FILL_AREA_STYLE_COLOUR('',#116);
#109=FILL_AREA_STYLE_COLOUR('',#116);
#110=FILL_AREA_STYLE_COLOUR('',#116);
#111=FILL_AREA_STYLE_COLOUR('',#116);
#112=FILL_AREA_STYLE_COLOUR('',#116);
#113=FILL_AREA_STYLE_COLOUR('',#116);
#114=FILL_AREA_STYLE_COLOUR('',#116);
#115=COLOUR_RGB('medium royal',0.2,0.4,0.8);
#116=COLOUR_RGB('strong pink',0.933333333333333,0.584313725490196,0.741176470588235);
#117=MANIFOLD_SOLID_BREP('',#118);
#118=CLOSED_SHELL('',(#233,#234,#235,#236,#237,#238,#239,#240,#241,#242,
#243,#244,#245,#246,#247,#248,#249,#250,#251,#252,#253,#254,#255,#256,#257,
#258,#259,#260,#261,#262,#263,#264,#265,#266,#267,#268,#269,#270,#271,#272,
#273,#274,#275,#276,#277,#278,#279,#280,#281,#282,#283,#284,#285,#286,#287,
#288,#289,#290,#291));
#119=TOROIDAL_SURFACE('',#1059,20.5,2.5);
#120=CONICAL_SURFACE('',#1045,17.6376830081336,1.96910417977823);
#121=CONICAL_SURFACE('',#1058,19.5,1.96910417977654);
#122=CONICAL_SURFACE('',#1062,17.5174738306614,1.96910417977811);
#123=CONICAL_SURFACE('',#1067,13.0064280515746,31.2856074132056);
#124=CONICAL_SURFACE('',#1068,13.0982202000044,21.5087082515236);
#125=CONICAL_SURFACE('',#1070,12.4076702234399,34.01741361466);
#126=CONICAL_SURFACE('',#1071,10.8390950420164,41.4822894569321);
#127=CONICAL_SURFACE('',#1072,6.50096024900565,56.1766370569855);
#128=(
BOUNDED_SURFACE()
B_SPLINE_SURFACE(3,3,((#1511,#1512,#1513,#1514),(#1515,#1516,#1517,#1518),
(#1519,#1520,#1521,#1522),(#1523,#1524,#1525,#1526)),.UNSPECIFIED.,.F.,
 .F.,.F.)
B_SPLINE_SURFACE_WITH_KNOTS((4,4),(4,4),(0.,1.),(0.,1.),.UNSPECIFIED.)
GEOMETRIC_REPRESENTATION_ITEM()
RATIONAL_B_SPLINE_SURFACE(((1.,0.333333333333333,0.333333333333333,1.),
(0.804737854124286,0.268245951374762,0.268245951374762,0.804737854124286),
(0.804737854124286,0.268245951374762,0.268245951374762,0.804737854124286),
(1.,0.333333333333333,0.333333333333333,1.)))
REPRESENTATION_ITEM('')
SURFACE()
);
#129=(
BOUNDED_SURFACE()
B_SPLINE_SURFACE(3,3,((#1528,#1529,#1530,#1531),(#1532,#1533,#1534,#1535),
(#1536,#1537,#1538,#1539),(#1540,#1541,#1542,#1543)),.UNSPECIFIED.,.F.,
 .F.,.F.)
B_SPLINE_SURFACE_WITH_KNOTS((4,4),(4,4),(0.,1.),(0.,1.),.UNSPECIFIED.)
GEOMETRIC_REPRESENTATION_ITEM()
RATIONAL_B_SPLINE_SURFACE(((1.,0.333333333333333,0.333333333333333,1.),
(0.804737854124429,0.26824595137481,0.26824595137481,0.804737854124429),
(0.804737854124429,0.26824595137481,0.26824595137481,0.804737854124429),
(1.,0.333333333333333,0.333333333333333,1.)))
REPRESENTATION_ITEM('')
SURFACE()
);
#130=(
BOUNDED_SURFACE()
B_SPLINE_SURFACE(3,3,((#1751,#1752,#1753,#1754,#1755,#1756,#1757),(#1758,
#1759,#1760,#1761,#1762,#1763,#1764),(#1765,#1766,#1767,#1768,#1769,#1770,
#1771),(#1772,#1773,#1774,#1775,#1776,#1777,#1778)),.UNSPECIFIED.,.F.,.T.,
 .F.)
B_SPLINE_SURFACE_WITH_KNOTS((4,4),(1,3,3,3,1),(0.,1.),(-0.5,0.,0.5,1.,1.5),
 .UNSPECIFIED.)
GEOMETRIC_REPRESENTATION_ITEM()
RATIONAL_B_SPLINE_SURFACE(((1.,0.333333333333333,0.333333333333333,1.,0.333333333333333,
0.333333333333333,1.),(0.999242380788212,0.333080793596071,0.333080793596071,
0.999242380788212,0.333080793596071,0.333080793596071,0.999242380788212),
(0.999242380788212,0.333080793596071,0.333080793596071,0.999242380788212,
0.333080793596071,0.333080793596071,0.999242380788212),(1.,0.333333333333333,
0.333333333333333,1.,0.333333333333333,0.333333333333333,1.)))
REPRESENTATION_ITEM('')
SURFACE()
);
#131=(
BOUNDED_SURFACE()
B_SPLINE_SURFACE(3,3,((#1788,#1789,#1790,#1791,#1792,#1793,#1794),(#1795,
#1796,#1797,#1798,#1799,#1800,#1801),(#1802,#1803,#1804,#1805,#1806,#1807,
#1808),(#1809,#1810,#1811,#1812,#1813,#1814,#1815)),.UNSPECIFIED.,.F.,.T.,
 .F.)
B_SPLINE_SURFACE_WITH_KNOTS((4,4),(1,3,3,3,1),(0.,1.),(-0.5,0.,0.5,1.,1.5),
 .UNSPECIFIED.)
GEOMETRIC_REPRESENTATION_ITEM()
RATIONAL_B_SPLINE_SURFACE(((1.,0.333333333333333,0.333333333333333,1.,0.333333333333333,
0.333333333333333,1.),(0.99568587115792,0.331895290385973,0.331895290385973,
0.99568587115792,0.331895290385973,0.331895290385973,0.99568587115792),
(0.99568587115792,0.331895290385973,0.331895290385973,0.99568587115792,
0.331895290385973,0.331895290385973,0.99568587115792),(1.,0.333333333333333,
0.333333333333333,1.,0.333333333333333,0.333333333333333,1.)))
REPRESENTATION_ITEM('')
SURFACE()
);
#132=(
BOUNDED_SURFACE()
B_SPLINE_SURFACE(3,3,((#1820,#1821,#1822,#1823,#1824,#1825,#1826),(#1827,
#1828,#1829,#1830,#1831,#1832,#1833),(#1834,#1835,#1836,#1837,#1838,#1839,
#1840),(#1841,#1842,#1843,#1844,#1845,#1846,#1847)),.UNSPECIFIED.,.F.,.T.,
 .F.)
B_SPLINE_SURFACE_WITH_KNOTS((4,4),(1,3,3,3,1),(0.,1.),(-0.5,0.,0.5,1.,1.5),
 .UNSPECIFIED.)
GEOMETRIC_REPRESENTATION_ITEM()
RATIONAL_B_SPLINE_SURFACE(((1.,0.333333333333333,0.333333333333333,1.,0.333333333333333,
0.333333333333333,1.),(0.999325629835277,0.333108543278426,0.333108543278426,
0.999325629835277,0.333108543278426,0.333108543278426,0.999325629835277),
(0.999325629835277,0.333108543278426,0.333108543278426,0.999325629835277,
0.333108543278426,0.333108543278426,0.999325629835277),(1.,0.333333333333333,
0.333333333333333,1.,0.333333333333333,0.333333333333333,1.)))
REPRESENTATION_ITEM('')
SURFACE()
);
#133=(
BOUNDED_SURFACE()
B_SPLINE_SURFACE(3,3,((#1852,#1853,#1854,#1855,#1856,#1857,#1858),(#1859,
#1860,#1861,#1862,#1863,#1864,#1865),(#1866,#1867,#1868,#1869,#1870,#1871,
#1872),(#1873,#1874,#1875,#1876,#1877,#1878,#1879)),.UNSPECIFIED.,.F.,.T.,
 .F.)
B_SPLINE_SURFACE_WITH_KNOTS((4,4),(1,3,3,3,1),(0.,1.),(-0.5,0.,0.5,1.,1.5),
 .UNSPECIFIED.)
GEOMETRIC_REPRESENTATION_ITEM()
RATIONAL_B_SPLINE_SURFACE(((1.,0.333333333333333,0.333333333333333,1.,0.333333333333333,
0.333333333333333,1.),(0.938923282213881,0.312974427404627,0.312974427404627,
0.938923282213881,0.312974427404627,0.312974427404627,0.938923282213881),
(0.938923282213881,0.312974427404627,0.312974427404627,0.938923282213881,
0.312974427404627,0.312974427404627,0.938923282213881),(1.,0.333333333333333,
0.333333333333333,1.,0.333333333333333,0.333333333333333,1.)))
REPRESENTATION_ITEM('')
SURFACE()
);
#134=(
BOUNDED_SURFACE()
B_SPLINE_SURFACE(3,3,((#1883,#1884,#1885,#1886,#1887,#1888,#1889),(#1890,
#1891,#1892,#1893,#1894,#1895,#1896),(#1897,#1898,#1899,#1900,#1901,#1902,
#1903),(#1904,#1905,#1906,#1907,#1908,#1909,#1910)),.UNSPECIFIED.,.F.,.T.,
 .F.)
B_SPLINE_SURFACE_WITH_KNOTS((4,4),(1,3,3,3,1),(0.,1.),(-0.5,0.,0.5,1.,1.5),
 .UNSPECIFIED.)
GEOMETRIC_REPRESENTATION_ITEM()
RATIONAL_B_SPLINE_SURFACE(((1.,0.333333333333333,0.333333333333333,1.,0.333333333333333,
0.333333333333333,1.),(0.996494513709844,0.332164837903281,0.332164837903281,
0.996494513709844,0.332164837903281,0.332164837903281,0.996494513709844),
(0.996494513709844,0.332164837903281,0.332164837903281,0.996494513709844,
0.332164837903281,0.332164837903281,0.996494513709844),(1.,0.333333333333333,
0.333333333333333,1.,0.333333333333333,0.333333333333333,1.)))
REPRESENTATION_ITEM('')
SURFACE()
);
#135=(
BOUNDED_SURFACE()
B_SPLINE_SURFACE(3,3,((#1916,#1917,#1918,#1919,#1920,#1921,#1922),(#1923,
#1924,#1925,#1926,#1927,#1928,#1929),(#1930,#1931,#1932,#1933,#1934,#1935,
#1936),(#1937,#1938,#1939,#1940,#1941,#1942,#1943)),.UNSPECIFIED.,.F.,.T.,
 .F.)
B_SPLINE_SURFACE_WITH_KNOTS((4,4),(1,3,3,3,1),(0.,1.),(-0.5,0.,0.5,1.,1.5),
 .UNSPECIFIED.)
GEOMETRIC_REPRESENTATION_ITEM()
RATIONAL_B_SPLINE_SURFACE(((1.,0.333333333333333,0.333333333333333,1.,0.333333333333333,
0.333333333333333,1.),(0.995849452213467,0.331949817404489,0.331949817404489,
0.995849452213467,0.331949817404489,0.331949817404489,0.995849452213467),
(0.995849452213467,0.331949817404489,0.331949817404489,0.995849452213467,
0.331949817404489,0.331949817404489,0.995849452213467),(1.,0.333333333333333,
0.333333333333333,1.,0.333333333333333,0.333333333333333,1.)))
REPRESENTATION_ITEM('')
SURFACE()
);
#136=(
BOUNDED_SURFACE()
B_SPLINE_SURFACE(3,3,((#1953,#1954,#1955,#1956,#1957,#1958,#1959),(#1960,
#1961,#1962,#1963,#1964,#1965,#1966),(#1967,#1968,#1969,#1970,#1971,#1972,
#1973),(#1974,#1975,#1976,#1977,#1978,#1979,#1980)),.UNSPECIFIED.,.F.,.T.,
 .F.)
B_SPLINE_SURFACE_WITH_KNOTS((4,4),(1,3,3,3,1),(0.,1.),(-0.5,0.,0.5,1.,1.5),
 .UNSPECIFIED.)
GEOMETRIC_REPRESENTATION_ITEM()
RATIONAL_B_SPLINE_SURFACE(((1.,0.333333333333333,0.333333333333333,1.,0.333333333333333,
0.333333333333333,1.),(0.995849452213467,0.331949817404489,0.331949817404489,
0.995849452213467,0.331949817404489,0.331949817404489,0.995849452213467),
(0.995849452213467,0.331949817404489,0.331949817404489,0.995849452213467,
0.331949817404489,0.331949817404489,0.995849452213467),(1.,0.333333333333333,
0.333333333333333,1.,0.333333333333333,0.333333333333333,1.)))
REPRESENTATION_ITEM('')
SURFACE()
);
#137=SPHERICAL_SURFACE('',#1002,1.);
#138=SPHERICAL_SURFACE('',#1006,1.);
#139=B_SPLINE_CURVE_WITH_KNOTS('',3,(#1416,#1417,#1418,#1419,#1420,#1421,
#1422,#1423,#1424,#1425,#1426,#1427,#1428),.UNSPECIFIED.,.F.,.F.,(4,3,3,
3,4),(0.,0.246678707010363,0.491808280346146,0.821351036440805,1.),
 .UNSPECIFIED.);
#140=B_SPLINE_CURVE_WITH_KNOTS('',3,(#1430,#1431,#1432,#1433,#1434,#1435,
#1436),.UNSPECIFIED.,.F.,.F.,(4,3,4),(0.,0.698888976106957,1.),
 .UNSPECIFIED.);
#141=B_SPLINE_CURVE_WITH_KNOTS('',3,(#1438,#1439,#1440,#1441,#1442,#1443,
#1444,#1445,#1446,#1447,#1448,#1449,#1450,#1451,#1452,#1453,#1454,#1455,
#1456),.UNSPECIFIED.,.F.,.F.,(4,3,3,3,3,3,4),(0.,0.212156312640894,0.466098086835677,
0.663521708581904,0.828134933391381,0.993772466717695,1.),.UNSPECIFIED.);
#142=B_SPLINE_CURVE_WITH_KNOTS('',3,(#1465,#1466,#1467,#1468,#1469,#1470,
#1471,#1472,#1473,#1474,#1475,#1476,#1477,#1478,#1479,#1480),
 .UNSPECIFIED.,.F.,.F.,(4,3,3,3,3,4),(0.,0.28658519115196,0.522132919587896,
0.709119917855184,0.898220362642949,1.),.UNSPECIFIED.);
#143=B_SPLINE_CURVE_WITH_KNOTS('',3,(#1482,#1483,#1484,#1485,#1486,#1487,
#1488,#1489,#1490,#1491),.UNSPECIFIED.,.F.,.F.,(4,3,3,4),(0.,0.808062903773365,
0.954539497061194,1.),.UNSPECIFIED.);
#144=B_SPLINE_CURVE_WITH_KNOTS('',3,(#1493,#1494,#1495,#1496,#1497,#1498,
#1499,#1500,#1501,#1502,#1503,#1504,#1505),.UNSPECIFIED.,.F.,.F.,(4,3,3,
3,4),(0.,0.246869290892452,0.492020667068433,0.821622155870331,1.),
 .UNSPECIFIED.);
#145=B_SPLINE_CURVE_WITH_KNOTS('',3,(#1556,#1557,#1558,#1559),
 .UNSPECIFIED.,.F.,.F.,(4,4),(0.,1.),.UNSPECIFIED.);
#146=B_SPLINE_CURVE_WITH_KNOTS('',3,(#1565,#1566,#1567,#1568),
 .UNSPECIFIED.,.F.,.F.,(4,4),(0.,1.),.UNSPECIFIED.);
#147=B_SPLINE_CURVE_WITH_KNOTS('',3,(#1573,#1574,#1575,#1576,#1577,#1578,
#1579,#1580,#1581,#1582,#1583,#1584,#1585,#1586,#1587,#1588),
 .UNSPECIFIED.,.F.,.F.,(4,3,3,3,3,4),(0.,0.221491669482693,0.443256260408306,
0.664422977272601,0.880994544220481,1.),.UNSPECIFIED.);
#148=B_SPLINE_CURVE_WITH_KNOTS('',3,(#1593,#1594,#1595,#1596,#1597,#1598,
#1599,#1600,#1601,#1602,#1603,#1604,#1605,#1606,#1607,#1608),
 .UNSPECIFIED.,.F.,.F.,(4,3,3,3,3,4),(0.,0.221747158569114,0.443513347348076,
0.664677891264792,0.881243514551317,1.),.UNSPECIFIED.);
#149=B_SPLINE_CURVE_WITH_KNOTS('',3,(#1610,#1611,#1612,#1613,#1614,#1615,
#1616,#1617,#1618,#1619,#1620,#1621,#1622,#1623,#1624,#1625),
 .UNSPECIFIED.,.F.,.F.,(4,3,3,3,3,4),(0.,0.207068495943112,0.414282642771906,
0.623241377203781,0.837348144707473,1.),.UNSPECIFIED.);
#150=B_SPLINE_CURVE_WITH_KNOTS('',3,(#1630,#1631,#1632,#1633,#1634,#1635,
#1636,#1637,#1638,#1639,#1640,#1641,#1642,#1643,#1644,#1645),
 .UNSPECIFIED.,.F.,.F.,(4,3,3,3,3,4),(0.,0.207322089163686,0.414539654936019,
0.623505153705065,0.837620644507432,1.),.UNSPECIFIED.);
#151=B_SPLINE_CURVE_WITH_KNOTS('',3,(#1658,#1659,#1660,#1661),
 .UNSPECIFIED.,.F.,.F.,(4,4),(0.,1.),.UNSPECIFIED.);
#152=B_SPLINE_CURVE_WITH_KNOTS('',3,(#1665,#1666,#1667,#1668),
 .UNSPECIFIED.,.F.,.F.,(4,4),(0.,1.),.UNSPECIFIED.);
#153=B_SPLINE_CURVE_WITH_KNOTS('',3,(#1674,#1675,#1676,#1677,#1678,#1679,
#1680,#1681,#1682,#1683,#1684,#1685,#1686,#1687,#1688,#1689),
 .UNSPECIFIED.,.F.,.F.,(4,3,3,3,3,4),(0.,0.21457935022302,0.42911332581861,
0.644310427132534,0.860074807912659,1.),.UNSPECIFIED.);
#154=B_SPLINE_CURVE_WITH_KNOTS('',3,(#1694,#1695,#1696,#1697,#1698,#1699,
#1700,#1701,#1702,#1703,#1704,#1705,#1706,#1707,#1708,#1709),
 .UNSPECIFIED.,.F.,.F.,(4,3,3,3,3,4),(0.,0.214324993997295,0.428856602999573,
0.644051357825209,0.859814156610333,1.),.UNSPECIFIED.);
#155=B_SPLINE_CURVE_WITH_KNOTS('',3,(#1711,#1712,#1713,#1714,#1715,#1716,
#1717,#1718,#1719,#1720,#1721,#1722,#1723,#1724,#1725,#1726),
 .UNSPECIFIED.,.F.,.F.,(4,3,3,3,3,4),(0.,0.215311247238562,0.430639713016748,
0.645693391893117,0.860155750448077,1.),.UNSPECIFIED.);
#156=B_SPLINE_CURVE_WITH_KNOTS('',3,(#1731,#1732,#1733,#1734,#1735,#1736,
#1737,#1738,#1739,#1740,#1741,#1742,#1743,#1744,#1745,#1746),
 .UNSPECIFIED.,.F.,.F.,(4,3,3,3,3,4),(0.,0.215057594589698,0.430385058023905,
0.645438001382681,0.859899725179,1.),.UNSPECIFIED.);
#157=CYLINDRICAL_SURFACE('',#994,1.);
#158=CYLINDRICAL_SURFACE('',#998,1.);
#159=CYLINDRICAL_SURFACE('',#1000,1.);
#160=CYLINDRICAL_SURFACE('',#1004,1.);
#161=CYLINDRICAL_SURFACE('',#1007,1.);
#162=CYLINDRICAL_SURFACE('',#1010,0.5);
#163=CYLINDRICAL_SURFACE('',#1013,0.5);
#164=CYLINDRICAL_SURFACE('',#1017,3.25);
#165=CYLINDRICAL_SURFACE('',#1019,0.5);
#166=CYLINDRICAL_SURFACE('',#1021,0.5);
#167=CYLINDRICAL_SURFACE('',#1022,0.5);
#168=CYLINDRICAL_SURFACE('',#1024,0.5);
#169=CYLINDRICAL_SURFACE('',#1026,0.5);
#170=CYLINDRICAL_SURFACE('',#1027,0.5);
#171=CYLINDRICAL_SURFACE('',#1032,0.5);
#172=CYLINDRICAL_SURFACE('',#1034,0.5);
#173=CYLINDRICAL_SURFACE('',#1035,0.5);
#174=CYLINDRICAL_SURFACE('',#1037,0.5);
#175=CYLINDRICAL_SURFACE('',#1039,0.5);
#176=CYLINDRICAL_SURFACE('',#1040,0.5);
#177=CYLINDRICAL_SURFACE('',#1064,17.6147014604425);
#178=CYLINDRICAL_SURFACE('',#1073,3.25);
#179=ELLIPSE('',#993,1.41421356237329,1.);
#180=ELLIPSE('',#996,1.41421356237333,1.);
#181=ELLIPSE('',#1018,0.707106781186547,0.5);
#182=ELLIPSE('',#1020,0.707106781186547,0.5);
#183=ELLIPSE('',#1023,0.707106781186547,0.5);
#184=ELLIPSE('',#1025,0.707106781186547,0.5);
#185=ELLIPSE('',#1031,0.707106781186547,0.5);
#186=ELLIPSE('',#1033,0.707106781186547,0.5);
#187=ELLIPSE('',#1036,0.707106781186547,0.5);
#188=ELLIPSE('',#1038,0.707106781186547,0.5);
#189=FACE_BOUND('',#348,.T.);
#190=FACE_BOUND('',#349,.T.);
#191=FACE_BOUND('',#350,.T.);
#192=FACE_BOUND('',#351,.T.);
#193=FACE_BOUND('',#372,.T.);
#194=FACE_BOUND('',#373,.T.);
#195=FACE_BOUND('',#389,.T.);
#196=FACE_BOUND('',#390,.T.);
#197=FACE_BOUND('',#391,.T.);
#198=FACE_BOUND('',#392,.T.);
#199=FACE_BOUND('',#393,.T.);
#200=FACE_BOUND('',#394,.T.);
#201=FACE_BOUND('',#395,.T.);
#202=FACE_BOUND('',#396,.T.);
#203=FACE_BOUND('',#397,.T.);
#204=FACE_BOUND('',#398,.T.);
#205=FACE_BOUND('',#399,.T.);
#206=FACE_BOUND('',#400,.T.);
#207=FACE_BOUND('',#401,.T.);
#208=FACE_BOUND('',#402,.T.);
#209=FACE_BOUND('',#403,.T.);
#210=FACE_BOUND('',#404,.T.);
#211=FACE_BOUND('',#405,.T.);
#212=FACE_BOUND('',#406,.T.);
#213=FACE_BOUND('',#407,.T.);
#214=FACE_BOUND('',#408,.T.);
#215=FACE_BOUND('',#409,.T.);
#216=FACE_BOUND('',#410,.T.);
#217=FACE_BOUND('',#411,.T.);
#218=FACE_BOUND('',#412,.T.);
#219=FACE_BOUND('',#413,.T.);
#220=FACE_BOUND('',#414,.T.);
#221=FACE_BOUND('',#415,.T.);
#222=FACE_BOUND('',#416,.T.);
#223=FACE_BOUND('',#417,.T.);
#224=FACE_BOUND('',#418,.T.);
#225=FACE_BOUND('',#419,.T.);
#226=FACE_BOUND('',#420,.T.);
#227=FACE_BOUND('',#421,.T.);
#228=FACE_BOUND('',#422,.T.);
#229=FACE_BOUND('',#425,.T.);
#230=FACE_BOUND('',#426,.T.);
#231=FACE_BOUND('',#427,.T.);
#232=FACE_BOUND('',#428,.T.);
#233=ADVANCED_FACE('',(#309),#292,.F.);
#234=ADVANCED_FACE('',(#189,#190),#293,.F.);
#235=ADVANCED_FACE('',(#191,#192),#294,.F.);
#236=ADVANCED_FACE('',(#310),#295,.F.);
#237=ADVANCED_FACE('',(#311),#296,.F.);
#238=ADVANCED_FACE('',(#312),#297,.F.);
#239=ADVANCED_FACE('',(#313),#298,.F.);
#240=ADVANCED_FACE('',(#314),#299,.F.);
#241=ADVANCED_FACE('',(#315),#300,.F.);
#242=ADVANCED_FACE('',(#316),#157,.T.);
#243=ADVANCED_FACE('',(#317),#158,.T.);
#244=ADVANCED_FACE('',(#318),#159,.T.);
#245=ADVANCED_FACE('',(#319),#137,.T.);
#246=ADVANCED_FACE('',(#320),#160,.T.);
#247=ADVANCED_FACE('',(#321),#138,.T.);
#248=ADVANCED_FACE('',(#322),#161,.T.);
#249=ADVANCED_FACE('',(#323),#162,.T.);
#250=ADVANCED_FACE('',(#324),#128,.T.);
#251=ADVANCED_FACE('',(#325),#129,.T.);
#252=ADVANCED_FACE('',(#326),#163,.T.);
#253=ADVANCED_FACE('',(#327),#301,.F.);
#254=ADVANCED_FACE('',(#328),#302,.T.);
#255=ADVANCED_FACE('',(#329),#303,.F.);
#256=ADVANCED_FACE('',(#193,#194),#164,.F.);
#257=ADVANCED_FACE('',(#330),#165,.T.);
#258=ADVANCED_FACE('',(#331),#166,.T.);
#259=ADVANCED_FACE('',(#332),#167,.T.);
#260=ADVANCED_FACE('',(#333),#168,.T.);
#261=ADVANCED_FACE('',(#334),#169,.T.);
#262=ADVANCED_FACE('',(#335),#170,.T.);
#263=ADVANCED_FACE('',(#336),#304,.F.);
#264=ADVANCED_FACE('',(#337),#305,.T.);
#265=ADVANCED_FACE('',(#338),#306,.F.);
#266=ADVANCED_FACE('',(#339),#171,.T.);
#267=ADVANCED_FACE('',(#340),#172,.T.);
#268=ADVANCED_FACE('',(#341),#173,.T.);
#269=ADVANCED_FACE('',(#342),#174,.T.);
#270=ADVANCED_FACE('',(#343),#175,.T.);
#271=ADVANCED_FACE('',(#344),#176,.T.);
#272=ADVANCED_FACE('',(#195,#196),#130,.T.);
#273=ADVANCED_FACE('',(#197,#198,#199,#200),#120,.F.);
#274=ADVANCED_FACE('',(#201,#202),#131,.T.);
#275=ADVANCED_FACE('',(#203,#204),#132,.T.);
#276=ADVANCED_FACE('',(#205,#206),#133,.T.);
#277=ADVANCED_FACE('',(#207,#208),#134,.T.);
#278=ADVANCED_FACE('',(#209,#210),#307,.T.);
#279=ADVANCED_FACE('',(#211,#212),#135,.T.);
#280=ADVANCED_FACE('',(#213,#214),#121,.T.);
#281=ADVANCED_FACE('',(#215,#216),#119,.T.);
#282=ADVANCED_FACE('',(#217,#218),#122,.F.);
#283=ADVANCED_FACE('',(#219,#220),#136,.T.);
#284=ADVANCED_FACE('',(#221,#222),#177,.F.);
#285=ADVANCED_FACE('',(#223,#224),#308,.F.);
#286=ADVANCED_FACE('',(#225,#226),#123,.F.);
#287=ADVANCED_FACE('',(#227,#228),#124,.F.);
#288=ADVANCED_FACE('',(#345),#125,.F.);
#289=ADVANCED_FACE('',(#346),#126,.F.);
#290=ADVANCED_FACE('',(#229,#230),#127,.F.);
#291=ADVANCED_FACE('',(#231,#232),#178,.F.);
#292=PLANE('',#973);
#293=PLANE('',#976);
#294=PLANE('',#979);
#295=PLANE('',#981);
#296=PLANE('',#983);
#297=PLANE('',#985);
#298=PLANE('',#986);
#299=PLANE('',#989);
#300=PLANE('',#990);
#301=PLANE('',#1014);
#302=PLANE('',#1015);
#303=PLANE('',#1016);
#304=PLANE('',#1028);
#305=PLANE('',#1029);
#306=PLANE('',#1030);
#307=PLANE('',#1055);
#308=PLANE('',#1065);
#309=FACE_OUTER_BOUND('',#347,.T.);
#310=FACE_OUTER_BOUND('',#352,.T.);
#311=FACE_OUTER_BOUND('',#353,.T.);
#312=FACE_OUTER_BOUND('',#354,.T.);
#313=FACE_OUTER_BOUND('',#355,.T.);
#314=FACE_OUTER_BOUND('',#356,.T.);
#315=FACE_OUTER_BOUND('',#357,.T.);
#316=FACE_OUTER_BOUND('',#358,.T.);
#317=FACE_OUTER_BOUND('',#359,.T.);
#318=FACE_OUTER_BOUND('',#360,.T.);
#319=FACE_OUTER_BOUND('',#361,.T.);
#320=FACE_OUTER_BOUND('',#362,.T.);
#321=FACE_OUTER_BOUND('',#363,.T.);
#322=FACE_OUTER_BOUND('',#364,.T.);
#323=FACE_OUTER_BOUND('',#365,.T.);
#324=FACE_OUTER_BOUND('',#366,.T.);
#325=FACE_OUTER_BOUND('',#367,.T.);
#326=FACE_OUTER_BOUND('',#368,.T.);
#327=FACE_OUTER_BOUND('',#369,.T.);
#328=FACE_OUTER_BOUND('',#370,.T.);
#329=FACE_OUTER_BOUND('',#371,.T.);
#330=FACE_OUTER_BOUND('',#374,.T.);
#331=FACE_OUTER_BOUND('',#375,.T.);
#332=FACE_OUTER_BOUND('',#376,.T.);
#333=FACE_OUTER_BOUND('',#377,.T.);
#334=FACE_OUTER_BOUND('',#378,.T.);
#335=FACE_OUTER_BOUND('',#379,.T.);
#336=FACE_OUTER_BOUND('',#380,.T.);
#337=FACE_OUTER_BOUND('',#381,.T.);
#338=FACE_OUTER_BOUND('',#382,.T.);
#339=FACE_OUTER_BOUND('',#383,.T.);
#340=FACE_OUTER_BOUND('',#384,.T.);
#341=FACE_OUTER_BOUND('',#385,.T.);
#342=FACE_OUTER_BOUND('',#386,.T.);
#343=FACE_OUTER_BOUND('',#387,.T.);
#344=FACE_OUTER_BOUND('',#388,.T.);
#345=FACE_OUTER_BOUND('',#423,.T.);
#346=FACE_OUTER_BOUND('',#424,.T.);
#347=EDGE_LOOP('',(#515,#516,#517,#518));
#348=EDGE_LOOP('',(#519));
#349=EDGE_LOOP('',(#520,#521,#522,#523));
#350=EDGE_LOOP('',(#524));
#351=EDGE_LOOP('',(#525,#526,#527,#528));
#352=EDGE_LOOP('',(#529,#530,#531,#532));
#353=EDGE_LOOP('',(#533,#534,#535,#536));
#354=EDGE_LOOP('',(#537,#538,#539,#540));
#355=EDGE_LOOP('',(#541,#542,#543,#544));
#356=EDGE_LOOP('',(#545,#546,#547,#548));
#357=EDGE_LOOP('',(#549,#550,#551,#552));
#358=EDGE_LOOP('',(#553,#554,#555,#556,#557));
#359=EDGE_LOOP('',(#558,#559,#560,#561,#562));
#360=EDGE_LOOP('',(#563,#564,#565,#566,#567,#568,#569));
#361=EDGE_LOOP('',(#570,#571,#572));
#362=EDGE_LOOP('',(#573,#574,#575,#576));
#363=EDGE_LOOP('',(#577,#578,#579));
#364=EDGE_LOOP('',(#580,#581,#582,#583,#584,#585,#586));
#365=EDGE_LOOP('',(#587,#588,#589,#590));
#366=EDGE_LOOP('',(#591,#592,#593,#594));
#367=EDGE_LOOP('',(#595,#596,#597,#598));
#368=EDGE_LOOP('',(#599,#600,#601,#602));
#369=EDGE_LOOP('',(#603,#604,#605,#606));
#370=EDGE_LOOP('',(#607,#608,#609,#610));
#371=EDGE_LOOP('',(#611,#612,#613,#614));
#372=EDGE_LOOP('',(#615));
#373=EDGE_LOOP('',(#616));
#374=EDGE_LOOP('',(#617,#618,#619,#620));
#375=EDGE_LOOP('',(#621,#622,#623,#624));
#376=EDGE_LOOP('',(#625,#626,#627,#628));
#377=EDGE_LOOP('',(#629,#630,#631,#632));
#378=EDGE_LOOP('',(#633,#634,#635,#636));
#379=EDGE_LOOP('',(#637,#638,#639,#640));
#380=EDGE_LOOP('',(#641,#642,#643,#644));
#381=EDGE_LOOP('',(#645,#646,#647,#648));
#382=EDGE_LOOP('',(#649,#650,#651,#652));
#383=EDGE_LOOP('',(#653,#654,#655,#656));
#384=EDGE_LOOP('',(#657,#658,#659,#660));
#385=EDGE_LOOP('',(#661,#662,#663,#664));
#386=EDGE_LOOP('',(#665,#666,#667,#668));
#387=EDGE_LOOP('',(#669,#670,#671,#672));
#388=EDGE_LOOP('',(#673,#674,#675,#676));
#389=EDGE_LOOP('',(#677));
#390=EDGE_LOOP('',(#678,#679,#680,#681));
#391=EDGE_LOOP('',(#682,#683,#684,#685,#686,#687,#688,#689));
#392=EDGE_LOOP('',(#690));
#393=EDGE_LOOP('',(#691,#692,#693,#694,#695,#696,#697,#698));
#394=EDGE_LOOP('',(#699));
#395=EDGE_LOOP('',(#700));
#396=EDGE_LOOP('',(#701));
#397=EDGE_LOOP('',(#702));
#398=EDGE_LOOP('',(#703));
#399=EDGE_LOOP('',(#704));
#400=EDGE_LOOP('',(#705));
#401=EDGE_LOOP('',(#706,#707));
#402=EDGE_LOOP('',(#708));
#403=EDGE_LOOP('',(#709));
#404=EDGE_LOOP('',(#710));
#405=EDGE_LOOP('',(#711));
#406=EDGE_LOOP('',(#712));
#407=EDGE_LOOP('',(#713));
#408=EDGE_LOOP('',(#714));
#409=EDGE_LOOP('',(#715));
#410=EDGE_LOOP('',(#716));
#411=EDGE_LOOP('',(#717));
#412=EDGE_LOOP('',(#718));
#413=EDGE_LOOP('',(#719));
#414=EDGE_LOOP('',(#720));
#415=EDGE_LOOP('',(#721));
#416=EDGE_LOOP('',(#722));
#417=EDGE_LOOP('',(#723));
#418=EDGE_LOOP('',(#724));
#419=EDGE_LOOP('',(#725));
#420=EDGE_LOOP('',(#726));
#421=EDGE_LOOP('',(#727));
#422=EDGE_LOOP('',(#728));
#423=EDGE_LOOP('',(#729,#730,#731,#732));
#424=EDGE_LOOP('',(#733,#734,#735,#736));
#425=EDGE_LOOP('',(#737));
#426=EDGE_LOOP('',(#738));
#427=EDGE_LOOP('',(#739));
#428=EDGE_LOOP('',(#740));
#429=LINE('',#1327,#472);
#430=LINE('',#1329,#473);
#431=LINE('',#1331,#474);
#432=LINE('',#1338,#475);
#433=LINE('',#1340,#476);
#434=LINE('',#1342,#477);
#435=LINE('',#1349,#478);
#436=LINE('',#1351,#479);
#437=LINE('',#1353,#480);
#438=LINE('',#1358,#481);
#439=LINE('',#1360,#482);
#440=LINE('',#1362,#483);
#441=LINE('',#1367,#484);
#442=LINE('',#1369,#485);
#443=LINE('',#1371,#486);
#444=LINE('',#1376,#487);
#445=LINE('',#1378,#488);
#446=LINE('',#1380,#489);
#447=LINE('',#1382,#490);
#448=LINE('',#1385,#491);
#449=LINE('',#1387,#492);
#450=LINE('',#1389,#493);
#451=LINE('',#1394,#494);
#452=LINE('',#1398,#495);
#453=LINE('',#1400,#496);
#454=LINE('',#1402,#497);
#455=LINE('',#1404,#498);
#456=LINE('',#1545,#499);
#457=LINE('',#1548,#500);
#458=LINE('',#1550,#501);
#459=LINE('',#1552,#502);
#460=LINE('',#1554,#503);
#461=LINE('',#1561,#504);
#462=LINE('',#1563,#505);
#463=LINE('',#1570,#506);
#464=LINE('',#1647,#507);
#465=LINE('',#1650,#508);
#466=LINE('',#1652,#509);
#467=LINE('',#1654,#510);
#468=LINE('',#1656,#511);
#469=LINE('',#1663,#512);
#470=LINE('',#1671,#513);
#471=LINE('',#1672,#514);
#472=VECTOR('',#1078,1.);
#473=VECTOR('',#1079,1.);
#474=VECTOR('',#1080,1.);
#475=VECTOR('',#1087,1.);
#476=VECTOR('',#1088,1.);
#477=VECTOR('',#1089,1.);
#478=VECTOR('',#1096,1.);
#479=VECTOR('',#1097,1.);
#480=VECTOR('',#1098,1.);
#481=VECTOR('',#1103,1.);
#482=VECTOR('',#1104,1.);
#483=VECTOR('',#1105,1.);
#484=VECTOR('',#1110,1.);
#485=VECTOR('',#1111,1.);
#486=VECTOR('',#1112,1.);
#487=VECTOR('',#1117,1.);
#488=VECTOR('',#1118,1.);
#489=VECTOR('',#1119,1.);
#490=VECTOR('',#1122,1.);
#491=VECTOR('',#1123,1.);
#492=VECTOR('',#1124,1.);
#493=VECTOR('',#1125,1.);
#494=VECTOR('',#1130,1.);
#495=VECTOR('',#1133,1.);
#496=VECTOR('',#1136,1.);
#497=VECTOR('',#1137,1.);
#498=VECTOR('',#1138,1.);
#499=VECTOR('',#1187,1.);
#500=VECTOR('',#1188,1.);
#501=VECTOR('',#1189,1.);
#502=VECTOR('',#1190,1.);
#503=VECTOR('',#1193,1.);
#504=VECTOR('',#1194,1.);
#505=VECTOR('',#1197,1.);
#506=VECTOR('',#1198,1.);
#507=VECTOR('',#1223,1.);
#508=VECTOR('',#1224,1.);
#509=VECTOR('',#1225,1.);
#510=VECTOR('',#1226,1.);
#511=VECTOR('',#1229,1.);
#512=VECTOR('',#1230,1.);
#513=VECTOR('',#1233,1.);
#514=VECTOR('',#1234,1.);
#515=ORIENTED_EDGE('',*,*,#816,.F.);
#516=ORIENTED_EDGE('',*,*,#817,.T.);
#517=ORIENTED_EDGE('',*,*,#818,.T.);
#518=ORIENTED_EDGE('',*,*,#819,.T.);
#519=ORIENTED_EDGE('',*,*,#820,.T.);
#520=ORIENTED_EDGE('',*,*,#821,.F.);
#521=ORIENTED_EDGE('',*,*,#822,.T.);
#522=ORIENTED_EDGE('',*,*,#823,.T.);
#523=ORIENTED_EDGE('',*,*,#824,.T.);
#524=ORIENTED_EDGE('',*,*,#825,.T.);
#525=ORIENTED_EDGE('',*,*,#826,.F.);
#526=ORIENTED_EDGE('',*,*,#827,.T.);
#527=ORIENTED_EDGE('',*,*,#828,.T.);
#528=ORIENTED_EDGE('',*,*,#829,.T.);
#529=ORIENTED_EDGE('',*,*,#830,.F.);
#530=ORIENTED_EDGE('',*,*,#831,.T.);
#531=ORIENTED_EDGE('',*,*,#832,.T.);
#532=ORIENTED_EDGE('',*,*,#833,.T.);
#533=ORIENTED_EDGE('',*,*,#834,.F.);
#534=ORIENTED_EDGE('',*,*,#835,.T.);
#535=ORIENTED_EDGE('',*,*,#836,.T.);
#536=ORIENTED_EDGE('',*,*,#837,.T.);
#537=ORIENTED_EDGE('',*,*,#838,.T.);
#538=ORIENTED_EDGE('',*,*,#839,.T.);
#539=ORIENTED_EDGE('',*,*,#840,.T.);
#540=ORIENTED_EDGE('',*,*,#841,.T.);
#541=ORIENTED_EDGE('',*,*,#842,.T.);
#542=ORIENTED_EDGE('',*,*,#843,.T.);
#543=ORIENTED_EDGE('',*,*,#844,.T.);
#544=ORIENTED_EDGE('',*,*,#845,.T.);
#545=ORIENTED_EDGE('',*,*,#846,.T.);
#546=ORIENTED_EDGE('',*,*,#847,.T.);
#547=ORIENTED_EDGE('',*,*,#848,.T.);
#548=ORIENTED_EDGE('',*,*,#849,.T.);
#549=ORIENTED_EDGE('',*,*,#850,.T.);
#550=ORIENTED_EDGE('',*,*,#851,.T.);
#551=ORIENTED_EDGE('',*,*,#852,.T.);
#552=ORIENTED_EDGE('',*,*,#818,.F.);
#553=ORIENTED_EDGE('',*,*,#852,.F.);
#554=ORIENTED_EDGE('',*,*,#853,.T.);
#555=ORIENTED_EDGE('',*,*,#842,.F.);
#556=ORIENTED_EDGE('',*,*,#854,.T.);
#557=ORIENTED_EDGE('',*,*,#855,.T.);
#558=ORIENTED_EDGE('',*,*,#844,.F.);
#559=ORIENTED_EDGE('',*,*,#856,.T.);
#560=ORIENTED_EDGE('',*,*,#850,.F.);
#561=ORIENTED_EDGE('',*,*,#857,.T.);
#562=ORIENTED_EDGE('',*,*,#858,.T.);
#563=ORIENTED_EDGE('',*,*,#817,.F.);
#564=ORIENTED_EDGE('',*,*,#859,.T.);
#565=ORIENTED_EDGE('',*,*,#860,.T.);
#566=ORIENTED_EDGE('',*,*,#861,.T.);
#567=ORIENTED_EDGE('',*,*,#841,.F.);
#568=ORIENTED_EDGE('',*,*,#862,.F.);
#569=ORIENTED_EDGE('',*,*,#857,.F.);
#570=ORIENTED_EDGE('',*,*,#858,.F.);
#571=ORIENTED_EDGE('',*,*,#862,.T.);
#572=ORIENTED_EDGE('',*,*,#863,.F.);
#573=ORIENTED_EDGE('',*,*,#864,.F.);
#574=ORIENTED_EDGE('',*,*,#845,.F.);
#575=ORIENTED_EDGE('',*,*,#863,.T.);
#576=ORIENTED_EDGE('',*,*,#840,.F.);
#577=ORIENTED_EDGE('',*,*,#854,.F.);
#578=ORIENTED_EDGE('',*,*,#864,.T.);
#579=ORIENTED_EDGE('',*,*,#865,.F.);
#580=ORIENTED_EDGE('',*,*,#866,.F.);
#581=ORIENTED_EDGE('',*,*,#867,.F.);
#582=ORIENTED_EDGE('',*,*,#868,.F.);
#583=ORIENTED_EDGE('',*,*,#819,.F.);
#584=ORIENTED_EDGE('',*,*,#855,.F.);
#585=ORIENTED_EDGE('',*,*,#865,.T.);
#586=ORIENTED_EDGE('',*,*,#839,.F.);
#587=ORIENTED_EDGE('',*,*,#869,.F.);
#588=ORIENTED_EDGE('',*,*,#849,.F.);
#589=ORIENTED_EDGE('',*,*,#870,.F.);
#590=ORIENTED_EDGE('',*,*,#843,.F.);
#591=ORIENTED_EDGE('',*,*,#870,.T.);
#592=ORIENTED_EDGE('',*,*,#848,.F.);
#593=ORIENTED_EDGE('',*,*,#871,.F.);
#594=ORIENTED_EDGE('',*,*,#856,.F.);
#595=ORIENTED_EDGE('',*,*,#869,.T.);
#596=ORIENTED_EDGE('',*,*,#853,.F.);
#597=ORIENTED_EDGE('',*,*,#872,.F.);
#598=ORIENTED_EDGE('',*,*,#846,.F.);
#599=ORIENTED_EDGE('',*,*,#871,.T.);
#600=ORIENTED_EDGE('',*,*,#847,.F.);
#601=ORIENTED_EDGE('',*,*,#872,.T.);
#602=ORIENTED_EDGE('',*,*,#851,.F.);
#603=ORIENTED_EDGE('',*,*,#873,.F.);
#604=ORIENTED_EDGE('',*,*,#874,.T.);
#605=ORIENTED_EDGE('',*,*,#875,.T.);
#606=ORIENTED_EDGE('',*,*,#876,.T.);
#607=ORIENTED_EDGE('',*,*,#877,.T.);
#608=ORIENTED_EDGE('',*,*,#878,.T.);
#609=ORIENTED_EDGE('',*,*,#879,.T.);
#610=ORIENTED_EDGE('',*,*,#873,.T.);
#611=ORIENTED_EDGE('',*,*,#875,.F.);
#612=ORIENTED_EDGE('',*,*,#880,.T.);
#613=ORIENTED_EDGE('',*,*,#881,.F.);
#614=ORIENTED_EDGE('',*,*,#882,.T.);
#615=ORIENTED_EDGE('',*,*,#825,.F.);
#616=ORIENTED_EDGE('',*,*,#820,.F.);
#617=ORIENTED_EDGE('',*,*,#827,.F.);
#618=ORIENTED_EDGE('',*,*,#883,.T.);
#619=ORIENTED_EDGE('',*,*,#877,.F.);
#620=ORIENTED_EDGE('',*,*,#884,.F.);
#621=ORIENTED_EDGE('',*,*,#884,.T.);
#622=ORIENTED_EDGE('',*,*,#876,.F.);
#623=ORIENTED_EDGE('',*,*,#885,.F.);
#624=ORIENTED_EDGE('',*,*,#828,.F.);
#625=ORIENTED_EDGE('',*,*,#885,.T.);
#626=ORIENTED_EDGE('',*,*,#882,.F.);
#627=ORIENTED_EDGE('',*,*,#886,.F.);
#628=ORIENTED_EDGE('',*,*,#829,.F.);
#629=ORIENTED_EDGE('',*,*,#879,.F.);
#630=ORIENTED_EDGE('',*,*,#887,.T.);
#631=ORIENTED_EDGE('',*,*,#824,.F.);
#632=ORIENTED_EDGE('',*,*,#888,.F.);
#633=ORIENTED_EDGE('',*,*,#888,.T.);
#634=ORIENTED_EDGE('',*,*,#823,.F.);
#635=ORIENTED_EDGE('',*,*,#889,.F.);
#636=ORIENTED_EDGE('',*,*,#874,.F.);
#637=ORIENTED_EDGE('',*,*,#890,.F.);
#638=ORIENTED_EDGE('',*,*,#880,.F.);
#639=ORIENTED_EDGE('',*,*,#889,.T.);
#640=ORIENTED_EDGE('',*,*,#822,.F.);
#641=ORIENTED_EDGE('',*,*,#891,.T.);
#642=ORIENTED_EDGE('',*,*,#892,.T.);
#643=ORIENTED_EDGE('',*,*,#893,.F.);
#644=ORIENTED_EDGE('',*,*,#894,.T.);
#645=ORIENTED_EDGE('',*,*,#895,.T.);
#646=ORIENTED_EDGE('',*,*,#896,.T.);
#647=ORIENTED_EDGE('',*,*,#897,.T.);
#648=ORIENTED_EDGE('',*,*,#893,.T.);
#649=ORIENTED_EDGE('',*,*,#898,.F.);
#650=ORIENTED_EDGE('',*,*,#899,.T.);
#651=ORIENTED_EDGE('',*,*,#891,.F.);
#652=ORIENTED_EDGE('',*,*,#900,.T.);
#653=ORIENTED_EDGE('',*,*,#901,.F.);
#654=ORIENTED_EDGE('',*,*,#900,.F.);
#655=ORIENTED_EDGE('',*,*,#902,.F.);
#656=ORIENTED_EDGE('',*,*,#835,.F.);
#657=ORIENTED_EDGE('',*,*,#902,.T.);
#658=ORIENTED_EDGE('',*,*,#894,.F.);
#659=ORIENTED_EDGE('',*,*,#903,.F.);
#660=ORIENTED_EDGE('',*,*,#836,.F.);
#661=ORIENTED_EDGE('',*,*,#897,.F.);
#662=ORIENTED_EDGE('',*,*,#904,.T.);
#663=ORIENTED_EDGE('',*,*,#837,.F.);
#664=ORIENTED_EDGE('',*,*,#903,.T.);
#665=ORIENTED_EDGE('',*,*,#905,.F.);
#666=ORIENTED_EDGE('',*,*,#833,.F.);
#667=ORIENTED_EDGE('',*,*,#906,.F.);
#668=ORIENTED_EDGE('',*,*,#899,.F.);
#669=ORIENTED_EDGE('',*,*,#906,.T.);
#670=ORIENTED_EDGE('',*,*,#832,.F.);
#671=ORIENTED_EDGE('',*,*,#907,.F.);
#672=ORIENTED_EDGE('',*,*,#892,.F.);
#673=ORIENTED_EDGE('',*,*,#831,.F.);
#674=ORIENTED_EDGE('',*,*,#908,.T.);
#675=ORIENTED_EDGE('',*,*,#895,.F.);
#676=ORIENTED_EDGE('',*,*,#907,.T.);
#677=ORIENTED_EDGE('',*,*,#909,.F.);
#678=ORIENTED_EDGE('',*,*,#859,.F.);
#679=ORIENTED_EDGE('',*,*,#816,.T.);
#680=ORIENTED_EDGE('',*,*,#868,.T.);
#681=ORIENTED_EDGE('',*,*,#910,.T.);
#682=ORIENTED_EDGE('',*,*,#890,.T.);
#683=ORIENTED_EDGE('',*,*,#821,.T.);
#684=ORIENTED_EDGE('',*,*,#887,.F.);
#685=ORIENTED_EDGE('',*,*,#878,.F.);
#686=ORIENTED_EDGE('',*,*,#883,.F.);
#687=ORIENTED_EDGE('',*,*,#826,.T.);
#688=ORIENTED_EDGE('',*,*,#886,.T.);
#689=ORIENTED_EDGE('',*,*,#881,.T.);
#690=ORIENTED_EDGE('',*,*,#911,.T.);
#691=ORIENTED_EDGE('',*,*,#830,.T.);
#692=ORIENTED_EDGE('',*,*,#905,.T.);
#693=ORIENTED_EDGE('',*,*,#898,.T.);
#694=ORIENTED_EDGE('',*,*,#901,.T.);
#695=ORIENTED_EDGE('',*,*,#834,.T.);
#696=ORIENTED_EDGE('',*,*,#904,.F.);
#697=ORIENTED_EDGE('',*,*,#896,.F.);
#698=ORIENTED_EDGE('',*,*,#908,.F.);
#699=ORIENTED_EDGE('',*,*,#912,.F.);
#700=ORIENTED_EDGE('',*,*,#913,.F.);
#701=ORIENTED_EDGE('',*,*,#914,.T.);
#702=ORIENTED_EDGE('',*,*,#915,.F.);
#703=ORIENTED_EDGE('',*,*,#916,.F.);
#704=ORIENTED_EDGE('',*,*,#917,.F.);
#705=ORIENTED_EDGE('',*,*,#918,.T.);
#706=ORIENTED_EDGE('',*,*,#919,.F.);
#707=ORIENTED_EDGE('',*,*,#838,.F.);
#708=ORIENTED_EDGE('',*,*,#920,.T.);
#709=ORIENTED_EDGE('',*,*,#921,.F.);
#710=ORIENTED_EDGE('',*,*,#916,.T.);
#711=ORIENTED_EDGE('',*,*,#918,.F.);
#712=ORIENTED_EDGE('',*,*,#922,.T.);
#713=ORIENTED_EDGE('',*,*,#922,.F.);
#714=ORIENTED_EDGE('',*,*,#923,.T.);
#715=ORIENTED_EDGE('',*,*,#923,.F.);
#716=ORIENTED_EDGE('',*,*,#912,.T.);
#717=ORIENTED_EDGE('',*,*,#924,.F.);
#718=ORIENTED_EDGE('',*,*,#925,.T.);
#719=ORIENTED_EDGE('',*,*,#925,.F.);
#720=ORIENTED_EDGE('',*,*,#913,.T.);
#721=ORIENTED_EDGE('',*,*,#926,.F.);
#722=ORIENTED_EDGE('',*,*,#911,.F.);
#723=ORIENTED_EDGE('',*,*,#926,.T.);
#724=ORIENTED_EDGE('',*,*,#924,.T.);
#725=ORIENTED_EDGE('',*,*,#909,.T.);
#726=ORIENTED_EDGE('',*,*,#927,.T.);
#727=ORIENTED_EDGE('',*,*,#927,.F.);
#728=ORIENTED_EDGE('',*,*,#914,.F.);
#729=ORIENTED_EDGE('',*,*,#860,.F.);
#730=ORIENTED_EDGE('',*,*,#910,.F.);
#731=ORIENTED_EDGE('',*,*,#867,.T.);
#732=ORIENTED_EDGE('',*,*,#928,.F.);
#733=ORIENTED_EDGE('',*,*,#861,.F.);
#734=ORIENTED_EDGE('',*,*,#928,.T.);
#735=ORIENTED_EDGE('',*,*,#866,.T.);
#736=ORIENTED_EDGE('',*,*,#919,.T.);
#737=ORIENTED_EDGE('',*,*,#921,.T.);
#738=ORIENTED_EDGE('',*,*,#920,.F.);
#739=ORIENTED_EDGE('',*,*,#915,.T.);
#740=ORIENTED_EDGE('',*,*,#917,.T.);
#741=VERTEX_POINT('',#1325);
#742=VERTEX_POINT('',#1326);
#743=VERTEX_POINT('',#1328);
#744=VERTEX_POINT('',#1330);
#745=VERTEX_POINT('',#1334);
#746=VERTEX_POINT('',#1336);
#747=VERTEX_POINT('',#1337);
#748=VERTEX_POINT('',#1339);
#749=VERTEX_POINT('',#1341);
#750=VERTEX_POINT('',#1345);
#751=VERTEX_POINT('',#1347);
#752=VERTEX_POINT('',#1348);
#753=VERTEX_POINT('',#1350);
#754=VERTEX_POINT('',#1352);
#755=VERTEX_POINT('',#1356);
#756=VERTEX_POINT('',#1357);
#757=VERTEX_POINT('',#1359);
#758=VERTEX_POINT('',#1361);
#759=VERTEX_POINT('',#1365);
#760=VERTEX_POINT('',#1366);
#761=VERTEX_POINT('',#1368);
#762=VERTEX_POINT('',#1370);
#763=VERTEX_POINT('',#1374);
#764=VERTEX_POINT('',#1375);
#765=VERTEX_POINT('',#1377);
#766=VERTEX_POINT('',#1379);
#767=VERTEX_POINT('',#1383);
#768=VERTEX_POINT('',#1384);
#769=VERTEX_POINT('',#1386);
#770=VERTEX_POINT('',#1388);
#771=VERTEX_POINT('',#1392);
#772=VERTEX_POINT('',#1393);
#773=VERTEX_POINT('',#1395);
#774=VERTEX_POINT('',#1397);
#775=VERTEX_POINT('',#1401);
#776=VERTEX_POINT('',#1403);
#777=VERTEX_POINT('',#1408);
#778=VERTEX_POINT('',#1413);
#779=VERTEX_POINT('',#1429);
#780=VERTEX_POINT('',#1437);
#781=VERTEX_POINT('',#1481);
#782=VERTEX_POINT('',#1492);
#783=VERTEX_POINT('',#1546);
#784=VERTEX_POINT('',#1547);
#785=VERTEX_POINT('',#1549);
#786=VERTEX_POINT('',#1551);
#787=VERTEX_POINT('',#1555);
#788=VERTEX_POINT('',#1560);
#789=VERTEX_POINT('',#1564);
#790=VERTEX_POINT('',#1569);
#791=VERTEX_POINT('',#1648);
#792=VERTEX_POINT('',#1649);
#793=VERTEX_POINT('',#1651);
#794=VERTEX_POINT('',#1653);
#795=VERTEX_POINT('',#1657);
#796=VERTEX_POINT('',#1662);
#797=VERTEX_POINT('',#1669);
#798=VERTEX_POINT('',#1670);
#799=VERTEX_POINT('',#1749);
#800=VERTEX_POINT('',#1780);
#801=VERTEX_POINT('',#1782);
#802=VERTEX_POINT('',#1785);
#803=VERTEX_POINT('',#1787);
#804=VERTEX_POINT('',#1817);
#805=VERTEX_POINT('',#1819);
#806=VERTEX_POINT('',#1849);
#807=VERTEX_POINT('',#1851);
#808=VERTEX_POINT('',#1882);
#809=VERTEX_POINT('',#1912);
#810=VERTEX_POINT('',#1915);
#811=VERTEX_POINT('',#1945);
#812=VERTEX_POINT('',#1949);
#813=VERTEX_POINT('',#1951);
#814=VERTEX_POINT('',#1982);
#815=VERTEX_POINT('',#1986);
#816=EDGE_CURVE('',#741,#742,#929,.T.);
#817=EDGE_CURVE('',#741,#743,#429,.T.);
#818=EDGE_CURVE('',#743,#744,#430,.T.);
#819=EDGE_CURVE('',#744,#742,#431,.T.);
#820=EDGE_CURVE('',#745,#745,#930,.T.);
#821=EDGE_CURVE('',#746,#747,#931,.T.);
#822=EDGE_CURVE('',#746,#748,#432,.T.);
#823=EDGE_CURVE('',#748,#749,#433,.T.);
#824=EDGE_CURVE('',#749,#747,#434,.T.);
#825=EDGE_CURVE('',#750,#750,#932,.T.);
#826=EDGE_CURVE('',#751,#752,#933,.T.);
#827=EDGE_CURVE('',#751,#753,#435,.T.);
#828=EDGE_CURVE('',#753,#754,#436,.T.);
#829=EDGE_CURVE('',#754,#752,#437,.T.);
#830=EDGE_CURVE('',#755,#756,#934,.T.);
#831=EDGE_CURVE('',#755,#757,#438,.T.);
#832=EDGE_CURVE('',#757,#758,#439,.T.);
#833=EDGE_CURVE('',#758,#756,#440,.T.);
#834=EDGE_CURVE('',#759,#760,#935,.T.);
#835=EDGE_CURVE('',#759,#761,#441,.T.);
#836=EDGE_CURVE('',#761,#762,#442,.T.);
#837=EDGE_CURVE('',#762,#760,#443,.T.);
#838=EDGE_CURVE('',#763,#764,#936,.T.);
#839=EDGE_CURVE('',#764,#765,#444,.T.);
#840=EDGE_CURVE('',#765,#766,#445,.T.);
#841=EDGE_CURVE('',#766,#763,#446,.T.);
#842=EDGE_CURVE('',#767,#768,#447,.T.);
#843=EDGE_CURVE('',#768,#769,#448,.T.);
#844=EDGE_CURVE('',#769,#770,#449,.T.);
#845=EDGE_CURVE('',#770,#767,#450,.T.);
#846=EDGE_CURVE('',#771,#772,#937,.T.);
#847=EDGE_CURVE('',#772,#773,#451,.T.);
#848=EDGE_CURVE('',#773,#774,#938,.T.);
#849=EDGE_CURVE('',#774,#771,#452,.T.);
#850=EDGE_CURVE('',#743,#775,#453,.T.);
#851=EDGE_CURVE('',#775,#776,#454,.T.);
#852=EDGE_CURVE('',#776,#744,#455,.T.);
#853=EDGE_CURVE('',#776,#768,#939,.T.);
#854=EDGE_CURVE('',#767,#777,#940,.T.);
#855=EDGE_CURVE('',#777,#744,#179,.T.);
#856=EDGE_CURVE('',#769,#775,#941,.T.);
#857=EDGE_CURVE('',#743,#778,#180,.T.);
#858=EDGE_CURVE('',#778,#770,#942,.T.);
#859=EDGE_CURVE('',#741,#779,#139,.T.);
#860=EDGE_CURVE('',#779,#780,#140,.T.);
#861=EDGE_CURVE('',#780,#763,#141,.T.);
#862=EDGE_CURVE('',#778,#766,#943,.T.);
#863=EDGE_CURVE('',#770,#766,#944,.T.);
#864=EDGE_CURVE('',#767,#765,#945,.T.);
#865=EDGE_CURVE('',#777,#765,#946,.T.);
#866=EDGE_CURVE('',#781,#764,#142,.T.);
#867=EDGE_CURVE('',#782,#781,#143,.T.);
#868=EDGE_CURVE('',#742,#782,#144,.T.);
#869=EDGE_CURVE('',#771,#768,#947,.T.);
#870=EDGE_CURVE('',#769,#774,#948,.T.);
#871=EDGE_CURVE('',#775,#773,#949,.T.);
#872=EDGE_CURVE('',#772,#776,#950,.T.);
#873=EDGE_CURVE('',#783,#784,#456,.T.);
#874=EDGE_CURVE('',#783,#785,#457,.T.);
#875=EDGE_CURVE('',#785,#786,#458,.T.);
#876=EDGE_CURVE('',#786,#784,#459,.T.);
#877=EDGE_CURVE('',#784,#787,#460,.T.);
#878=EDGE_CURVE('',#787,#788,#145,.T.);
#879=EDGE_CURVE('',#788,#783,#461,.T.);
#880=EDGE_CURVE('',#785,#789,#462,.T.);
#881=EDGE_CURVE('',#790,#789,#146,.T.);
#882=EDGE_CURVE('',#790,#786,#463,.T.);
#883=EDGE_CURVE('',#751,#787,#147,.T.);
#884=EDGE_CURVE('',#753,#784,#181,.T.);
#885=EDGE_CURVE('',#754,#786,#182,.T.);
#886=EDGE_CURVE('',#752,#790,#148,.T.);
#887=EDGE_CURVE('',#788,#747,#149,.T.);
#888=EDGE_CURVE('',#783,#749,#183,.T.);
#889=EDGE_CURVE('',#785,#748,#184,.T.);
#890=EDGE_CURVE('',#789,#746,#150,.T.);
#891=EDGE_CURVE('',#791,#792,#464,.T.);
#892=EDGE_CURVE('',#792,#793,#465,.T.);
#893=EDGE_CURVE('',#794,#793,#466,.T.);
#894=EDGE_CURVE('',#794,#791,#467,.T.);
#895=EDGE_CURVE('',#793,#795,#468,.T.);
#896=EDGE_CURVE('',#795,#796,#151,.T.);
#897=EDGE_CURVE('',#796,#794,#469,.T.);
#898=EDGE_CURVE('',#797,#798,#152,.T.);
#899=EDGE_CURVE('',#797,#792,#470,.T.);
#900=EDGE_CURVE('',#791,#798,#471,.T.);
#901=EDGE_CURVE('',#798,#759,#153,.T.);
#902=EDGE_CURVE('',#761,#791,#185,.T.);
#903=EDGE_CURVE('',#762,#794,#186,.T.);
#904=EDGE_CURVE('',#796,#760,#154,.T.);
#905=EDGE_CURVE('',#756,#797,#155,.T.);
#906=EDGE_CURVE('',#792,#758,#187,.T.);
#907=EDGE_CURVE('',#793,#757,#188,.T.);
#908=EDGE_CURVE('',#755,#795,#156,.T.);
#909=EDGE_CURVE('',#799,#799,#951,.T.);
#910=EDGE_CURVE('',#782,#779,#952,.T.);
#911=EDGE_CURVE('',#800,#800,#953,.T.);
#912=EDGE_CURVE('',#801,#801,#954,.T.);
#913=EDGE_CURVE('',#802,#802,#955,.T.);
#914=EDGE_CURVE('',#803,#803,#956,.T.);
#915=EDGE_CURVE('',#804,#804,#957,.T.);
#916=EDGE_CURVE('',#805,#805,#958,.T.);
#917=EDGE_CURVE('',#806,#806,#959,.T.);
#918=EDGE_CURVE('',#807,#807,#960,.T.);
#919=EDGE_CURVE('',#764,#763,#961,.T.);
#920=EDGE_CURVE('',#808,#808,#962,.T.);
#921=EDGE_CURVE('',#809,#809,#963,.T.);
#922=EDGE_CURVE('',#810,#810,#964,.T.);
#923=EDGE_CURVE('',#811,#811,#965,.T.);
#924=EDGE_CURVE('',#812,#812,#966,.T.);
#925=EDGE_CURVE('',#813,#813,#967,.T.);
#926=EDGE_CURVE('',#814,#814,#968,.T.);
#927=EDGE_CURVE('',#815,#815,#969,.T.);
#928=EDGE_CURVE('',#780,#781,#970,.T.);
#929=CIRCLE('',#972,11.5564516446477);
#930=CIRCLE('',#974,3.25);
#931=CIRCLE('',#975,17.6813386597282);
#932=CIRCLE('',#977,3.25);
#933=CIRCLE('',#978,17.7501004362153);
#934=CIRCLE('',#980,17.6813386597282);
#935=CIRCLE('',#982,17.7501004362153);
#936=CIRCLE('',#984,9.97612712302337);
#937=CIRCLE('',#987,0.5);
#938=CIRCLE('',#988,0.5);
#939=CIRCLE('',#991,1.);
#940=CIRCLE('',#992,1.);
#941=CIRCLE('',#995,1.);
#942=CIRCLE('',#997,1.);
#943=CIRCLE('',#999,1.);
#944=CIRCLE('',#1001,1.);
#945=CIRCLE('',#1003,1.);
#946=CIRCLE('',#1005,1.);
#947=CIRCLE('',#1008,0.5);
#948=CIRCLE('',#1009,0.5);
#949=CIRCLE('',#1011,0.5);
#950=CIRCLE('',#1012,0.5);
#951=CIRCLE('',#1041,12.4076702234397);
#952=CIRCLE('',#1042,11.1777620827283);
#953=CIRCLE('',#1043,17.6147014604426);
#954=CIRCLE('',#1044,18.0014762482299);
#955=CIRCLE('',#1046,15.);
#956=CIRCLE('',#1047,13.0982202000044);
#957=CIRCLE('',#1048,3.25);
#958=CIRCLE('',#1049,5.04984193569704);
#959=CIRCLE('',#1050,3.25);
#960=CIRCLE('',#1051,17.);
#961=CIRCLE('',#1052,9.97612712302337);
#962=CIRCLE('',#1053,6.50096024900558);
#963=CIRCLE('',#1054,5.0084949118349);
#964=CIRCLE('',#1056,19.5);
#965=CIRCLE('',#1057,19.9149573381208);
#966=CIRCLE('',#1060,17.5149968845363);
#967=CIRCLE('',#1061,17.5);
#968=CIRCLE('',#1063,17.6147014604425);
#969=CIRCLE('',#1066,13.0064280515746);
#970=CIRCLE('',#1069,10.8390950420164);
#971=AXIS2_PLACEMENT_3D('',#1323,#1074,#1075);
#972=AXIS2_PLACEMENT_3D('',#1324,#1076,#1077);
#973=AXIS2_PLACEMENT_3D('',#1332,#1081,#1082);
#974=AXIS2_PLACEMENT_3D('',#1333,#1083,#1084);
#975=AXIS2_PLACEMENT_3D('',#1335,#1085,#1086);
#976=AXIS2_PLACEMENT_3D('',#1343,#1090,#1091);
#977=AXIS2_PLACEMENT_3D('',#1344,#1092,#1093);
#978=AXIS2_PLACEMENT_3D('',#1346,#1094,#1095);
#979=AXIS2_PLACEMENT_3D('',#1354,#1099,#1100);
#980=AXIS2_PLACEMENT_3D('',#1355,#1101,#1102);
#981=AXIS2_PLACEMENT_3D('',#1363,#1106,#1107);
#982=AXIS2_PLACEMENT_3D('',#1364,#1108,#1109);
#983=AXIS2_PLACEMENT_3D('',#1372,#1113,#1114);
#984=AXIS2_PLACEMENT_3D('',#1373,#1115,#1116);
#985=AXIS2_PLACEMENT_3D('',#1381,#1120,#1121);
#986=AXIS2_PLACEMENT_3D('',#1390,#1126,#1127);
#987=AXIS2_PLACEMENT_3D('',#1391,#1128,#1129);
#988=AXIS2_PLACEMENT_3D('',#1396,#1131,#1132);
#989=AXIS2_PLACEMENT_3D('',#1399,#1134,#1135);
#990=AXIS2_PLACEMENT_3D('',#1405,#1139,#1140);
#991=AXIS2_PLACEMENT_3D('',#1406,#1141,#1142);
#992=AXIS2_PLACEMENT_3D('',#1407,#1143,#1144);
#993=AXIS2_PLACEMENT_3D('',#1409,#1145,#1146);
#994=AXIS2_PLACEMENT_3D('',#1410,#1147,#1148);
#995=AXIS2_PLACEMENT_3D('',#1411,#1149,#1150);
#996=AXIS2_PLACEMENT_3D('',#1412,#1151,#1152);
#997=AXIS2_PLACEMENT_3D('',#1414,#1153,#1154);
#998=AXIS2_PLACEMENT_3D('',#1415,#1155,#1156);
#999=AXIS2_PLACEMENT_3D('',#1457,#1157,#1158);
#1000=AXIS2_PLACEMENT_3D('',#1458,#1159,#1160);
#1001=AXIS2_PLACEMENT_3D('',#1459,#1161,#1162);
#1002=AXIS2_PLACEMENT_3D('',#1460,#1163,#1164);
#1003=AXIS2_PLACEMENT_3D('',#1461,#1165,#1166);
#1004=AXIS2_PLACEMENT_3D('',#1462,#1167,#1168);
#1005=AXIS2_PLACEMENT_3D('',#1463,#1169,#1170);
#1006=AXIS2_PLACEMENT_3D('',#1464,#1171,#1172);
#1007=AXIS2_PLACEMENT_3D('',#1506,#1173,#1174);
#1008=AXIS2_PLACEMENT_3D('',#1507,#1175,#1176);
#1009=AXIS2_PLACEMENT_3D('',#1508,#1177,#1178);
#1010=AXIS2_PLACEMENT_3D('',#1509,#1179,#1180);
#1011=AXIS2_PLACEMENT_3D('',#1510,#1181,#1182);
#1012=AXIS2_PLACEMENT_3D('',#1527,#1183,#1184);
#1013=AXIS2_PLACEMENT_3D('',#1544,#1185,#1186);
#1014=AXIS2_PLACEMENT_3D('',#1553,#1191,#1192);
#1015=AXIS2_PLACEMENT_3D('',#1562,#1195,#1196);
#1016=AXIS2_PLACEMENT_3D('',#1571,#1199,#1200);
#1017=AXIS2_PLACEMENT_3D('',#1572,#1201,#1202);
#1018=AXIS2_PLACEMENT_3D('',#1589,#1203,#1204);
#1019=AXIS2_PLACEMENT_3D('',#1590,#1205,#1206);
#1020=AXIS2_PLACEMENT_3D('',#1591,#1207,#1208);
#1021=AXIS2_PLACEMENT_3D('',#1592,#1209,#1210);
#1022=AXIS2_PLACEMENT_3D('',#1609,#1211,#1212);
#1023=AXIS2_PLACEMENT_3D('',#1626,#1213,#1214);
#1024=AXIS2_PLACEMENT_3D('',#1627,#1215,#1216);
#1025=AXIS2_PLACEMENT_3D('',#1628,#1217,#1218);
#1026=AXIS2_PLACEMENT_3D('',#1629,#1219,#1220);
#1027=AXIS2_PLACEMENT_3D('',#1646,#1221,#1222);
#1028=AXIS2_PLACEMENT_3D('',#1655,#1227,#1228);
#1029=AXIS2_PLACEMENT_3D('',#1664,#1231,#1232);
#1030=AXIS2_PLACEMENT_3D('',#1673,#1235,#1236);
#1031=AXIS2_PLACEMENT_3D('',#1690,#1237,#1238);
#1032=AXIS2_PLACEMENT_3D('',#1691,#1239,#1240);
#1033=AXIS2_PLACEMENT_3D('',#1692,#1241,#1242);
#1034=AXIS2_PLACEMENT_3D('',#1693,#1243,#1244);
#1035=AXIS2_PLACEMENT_3D('',#1710,#1245,#1246);
#1036=AXIS2_PLACEMENT_3D('',#1727,#1247,#1248);
#1037=AXIS2_PLACEMENT_3D('',#1728,#1249,#1250);
#1038=AXIS2_PLACEMENT_3D('',#1729,#1251,#1252);
#1039=AXIS2_PLACEMENT_3D('',#1730,#1253,#1254);
#1040=AXIS2_PLACEMENT_3D('',#1747,#1255,#1256);
#1041=AXIS2_PLACEMENT_3D('',#1748,#1257,#1258);
#1042=AXIS2_PLACEMENT_3D('',#1750,#1259,#1260);
#1043=AXIS2_PLACEMENT_3D('',#1779,#1261,#1262);
#1044=AXIS2_PLACEMENT_3D('',#1781,#1263,#1264);
#1045=AXIS2_PLACEMENT_3D('',#1783,#1265,#1266);
#1046=AXIS2_PLACEMENT_3D('',#1784,#1267,#1268);
#1047=AXIS2_PLACEMENT_3D('',#1786,#1269,#1270);
#1048=AXIS2_PLACEMENT_3D('',#1816,#1271,#1272);
#1049=AXIS2_PLACEMENT_3D('',#1818,#1273,#1274);
#1050=AXIS2_PLACEMENT_3D('',#1848,#1275,#1276);
#1051=AXIS2_PLACEMENT_3D('',#1850,#1277,#1278);
#1052=AXIS2_PLACEMENT_3D('',#1880,#1279,#1280);
#1053=AXIS2_PLACEMENT_3D('',#1881,#1281,#1282);
#1054=AXIS2_PLACEMENT_3D('',#1911,#1283,#1284);
#1055=AXIS2_PLACEMENT_3D('',#1913,#1285,#1286);
#1056=AXIS2_PLACEMENT_3D('',#1914,#1287,#1288);
#1057=AXIS2_PLACEMENT_3D('',#1944,#1289,#1290);
#1058=AXIS2_PLACEMENT_3D('',#1946,#1291,#1292);
#1059=AXIS2_PLACEMENT_3D('',#1947,#1293,#1294);
#1060=AXIS2_PLACEMENT_3D('',#1948,#1295,#1296);
#1061=AXIS2_PLACEMENT_3D('',#1950,#1297,#1298);
#1062=AXIS2_PLACEMENT_3D('',#1952,#1299,#1300);
#1063=AXIS2_PLACEMENT_3D('',#1981,#1301,#1302);
#1064=AXIS2_PLACEMENT_3D('',#1983,#1303,#1304);
#1065=AXIS2_PLACEMENT_3D('',#1984,#1305,#1306);
#1066=AXIS2_PLACEMENT_3D('',#1985,#1307,#1308);
#1067=AXIS2_PLACEMENT_3D('',#1987,#1309,#1310);
#1068=AXIS2_PLACEMENT_3D('',#1988,#1311,#1312);
#1069=AXIS2_PLACEMENT_3D('',#1989,#1313,#1314);
#1070=AXIS2_PLACEMENT_3D('',#1990,#1315,#1316);
#1071=AXIS2_PLACEMENT_3D('',#1991,#1317,#1318);
#1072=AXIS2_PLACEMENT_3D('',#1992,#1319,#1320);
#1073=AXIS2_PLACEMENT_3D('',#1993,#1321,#1322);
#1074=DIRECTION('',(0.,0.,1.));
#1075=DIRECTION('',(1.,0.,0.));
#1076=DIRECTION('',(5.6002803174453E-16,-1.,0.));
#1077=DIRECTION('',(1.,5.25380311588187E-16,0.));
#1078=DIRECTION('',(1.,5.6002803174453E-16,0.));
#1079=DIRECTION('',(0.,0.,-1.));
#1080=DIRECTION('',(-1.,-5.6002803174453E-16,0.));
#1081=DIRECTION('',(5.6002803174453E-16,-1.,0.));
#1082=DIRECTION('',(1.,5.60315682740509E-16,0.));
#1083=DIRECTION('',(0.,1.,0.));
#1084=DIRECTION('',(0.,0.,1.));
#1085=DIRECTION('',(0.,1.,0.));
#1086=DIRECTION('',(0.,0.,1.));
#1087=DIRECTION('',(1.,0.,0.));
#1088=DIRECTION('',(0.,0.,1.));
#1089=DIRECTION('',(-1.,0.,0.));
#1090=DIRECTION('',(0.,1.,0.));
#1091=DIRECTION('',(0.,0.,1.));
#1092=DIRECTION('',(0.,-1.,0.));
#1093=DIRECTION('',(0.,0.,-1.));
#1094=DIRECTION('',(0.,-1.,0.));
#1095=DIRECTION('',(0.,0.,-1.));
#1096=DIRECTION('',(1.,0.,0.));
#1097=DIRECTION('',(0.,0.,-1.));
#1098=DIRECTION('',(-1.,0.,0.));
#1099=DIRECTION('',(0.,-1.,0.));
#1100=DIRECTION('',(0.,0.,-1.));
#1101=DIRECTION('',(0.,1.,0.));
#1102=DIRECTION('',(0.,0.,1.));
#1103=DIRECTION('',(-1.,0.,0.));
#1104=DIRECTION('',(0.,0.,-1.));
#1105=DIRECTION('',(1.,0.,0.));
#1106=DIRECTION('',(0.,1.,0.));
#1107=DIRECTION('',(0.,0.,1.));
#1108=DIRECTION('',(0.,-1.,0.));
#1109=DIRECTION('',(0.,0.,-1.));
#1110=DIRECTION('',(-1.,0.,0.));
#1111=DIRECTION('',(0.,0.,1.));
#1112=DIRECTION('',(1.,0.,0.));
#1113=DIRECTION('',(0.,-1.,0.));
#1114=DIRECTION('',(0.,0.,-1.));
#1115=DIRECTION('',(0.,-1.,0.));
#1116=DIRECTION('',(0.,0.,-1.));
#1117=DIRECTION('',(1.,0.,0.));
#1118=DIRECTION('',(0.,0.,1.));
#1119=DIRECTION('',(-1.,0.,0.));
#1120=DIRECTION('',(0.,1.,0.));
#1121=DIRECTION('',(0.,0.,1.));
#1122=DIRECTION('',(-2.74232628174415E-13,1.,0.));
#1123=DIRECTION('',(0.,0.,1.));
#1124=DIRECTION('',(2.74232628174415E-13,-1.,0.));
#1125=DIRECTION('',(0.,0.,-1.));
#1126=DIRECTION('',(-1.,-2.74232628174415E-13,0.));
#1127=DIRECTION('',(2.74232622287512E-13,-1.,0.));
#1128=DIRECTION('',(2.16840434497101E-16,1.,0.));
#1129=DIRECTION('',(1.,0.,0.));
#1130=DIRECTION('',(0.,0.,1.));
#1131=DIRECTION('',(2.16840434497101E-16,1.,0.));
#1132=DIRECTION('',(1.,0.,0.));
#1133=DIRECTION('',(0.,0.,-1.));
#1134=DIRECTION('',(-2.16840434497101E-16,-1.,0.));
#1135=DIRECTION('',(1.,-2.16840434497101E-16,0.));
#1136=DIRECTION('',(-3.32690560945032E-13,1.,0.));
#1137=DIRECTION('',(0.,0.,-1.));
#1138=DIRECTION('',(3.32690560945032E-13,-1.,0.));
#1139=DIRECTION('',(1.,3.32690560945032E-13,0.));
#1140=DIRECTION('',(-3.3269047239326E-13,1.,0.));
#1141=DIRECTION('',(-2.16840434497101E-16,-1.,0.));
#1142=DIRECTION('',(1.,0.,0.));
#1143=DIRECTION('',(-2.74232628174415E-13,1.,0.));
#1144=DIRECTION('',(1.,2.74086309204336E-13,0.));
#1145=DIRECTION('',(0.70710678118645,0.707106781186645,0.));
#1146=DIRECTION('',(0.707106781186645,-0.70710678118645,0.));
#1147=DIRECTION('',(2.74232628174415E-13,-1.,0.));
#1148=DIRECTION('',(1.,2.74086309204336E-13,0.));
#1149=DIRECTION('',(-2.16840434497101E-16,-1.,0.));
#1150=DIRECTION('',(1.,0.,0.));
#1151=DIRECTION('',(0.70710678118643,0.707106781186665,0.));
#1152=DIRECTION('',(-0.707106781186665,0.70710678118643,0.));
#1153=DIRECTION('',(-3.32690560945032E-13,1.,0.));
#1154=DIRECTION('',(1.,3.33066907387547E-13,0.));
#1155=DIRECTION('',(3.32690560945032E-13,-1.,0.));
#1156=DIRECTION('',(1.,3.32690560945032E-13,0.));
#1157=DIRECTION('',(1.,6.07912158112622E-13,0.));
#1158=DIRECTION('',(-6.07912158112622E-13,1.,0.));
#1159=DIRECTION('',(-1.,-5.6002803174453E-16,0.));
#1160=DIRECTION('',(5.6002803174453E-16,-1.,0.));
#1161=DIRECTION('',(0.,0.,-1.));
#1162=DIRECTION('',(-1.,0.,0.));
#1163=DIRECTION('',(0.,1.,1.0842021724855E-16));
#1164=DIRECTION('',(0.,0.,1.));
#1165=DIRECTION('',(0.,0.,-1.));
#1166=DIRECTION('',(-1.,0.,0.));
#1167=DIRECTION('',(0.,0.,-1.));
#1168=DIRECTION('',(-1.,0.,0.));
#1169=DIRECTION('',(-1.,0.,0.));
#1170=DIRECTION('',(0.,0.,1.));
#1171=DIRECTION('',(0.,1.,1.0842021724855E-16));
#1172=DIRECTION('',(0.,0.,1.));
#1173=DIRECTION('',(-1.,0.,0.));
#1174=DIRECTION('',(0.,0.,1.));
#1175=DIRECTION('',(0.,0.,-1.));
#1176=DIRECTION('',(-1.,0.,0.));
#1177=DIRECTION('',(0.,0.,1.));
#1178=DIRECTION('',(1.,0.,0.));
#1179=DIRECTION('',(0.,0.,-1.));
#1180=DIRECTION('',(-1.,0.,0.));
#1181=DIRECTION('',(0.,0.,-1.));
#1182=DIRECTION('',(-1.,0.,0.));
#1183=DIRECTION('',(0.,0.,1.));
#1184=DIRECTION('',(1.,0.,0.));
#1185=DIRECTION('',(0.,0.,-1.));
#1186=DIRECTION('',(-1.,0.,0.));
#1187=DIRECTION('',(-2.16840434497101E-16,1.,0.));
#1188=DIRECTION('',(0.,0.,-1.));
#1189=DIRECTION('',(-2.16840434497101E-16,1.,0.));
#1190=DIRECTION('',(0.,0.,1.));
#1191=DIRECTION('',(-1.,-2.16840434497101E-16,0.));
#1192=DIRECTION('',(2.16840434497101E-16,-1.,0.));
#1193=DIRECTION('',(-1.,0.,0.));
#1194=DIRECTION('',(1.,0.,0.));
#1195=DIRECTION('',(0.,0.,1.));
#1196=DIRECTION('',(1.,0.,0.));
#1197=DIRECTION('',(-1.,0.,0.));
#1198=DIRECTION('',(1.,0.,0.));
#1199=DIRECTION('',(0.,0.,1.));
#1200=DIRECTION('',(1.,0.,0.));
#1201=DIRECTION('',(0.,-1.,0.));
#1202=DIRECTION('',(0.,0.,-1.));
#1203=DIRECTION('',(0.707106781186547,0.,-0.707106781186547));
#1204=DIRECTION('',(0.707106781186547,0.,0.707106781186547));
#1205=DIRECTION('',(1.,0.,0.));
#1206=DIRECTION('',(0.,0.,-1.));
#1207=DIRECTION('',(-0.707106781186547,0.,-0.707106781186547));
#1208=DIRECTION('',(0.707106781186547,0.,-0.707106781186547));
#1209=DIRECTION('',(0.,0.,-1.));
#1210=DIRECTION('',(-1.,0.,0.));
#1211=DIRECTION('',(-1.,0.,0.));
#1212=DIRECTION('',(0.,0.,1.));
#1213=DIRECTION('',(0.707106781186547,0.,-0.707106781186547));
#1214=DIRECTION('',(-0.707106781186547,0.,-0.707106781186547));
#1215=DIRECTION('',(-1.,0.,0.));
#1216=DIRECTION('',(0.,0.,1.));
#1217=DIRECTION('',(-0.707106781186547,0.,-0.707106781186547));
#1218=DIRECTION('',(0.707106781186547,0.,-0.707106781186547));
#1219=DIRECTION('',(0.,0.,-1.));
#1220=DIRECTION('',(-1.,0.,0.));
#1221=DIRECTION('',(1.,0.,0.));
#1222=DIRECTION('',(0.,0.,-1.));
#1223=DIRECTION('',(0.,-1.,0.));
#1224=DIRECTION('',(0.,0.,1.));
#1225=DIRECTION('',(0.,-1.,0.));
#1226=DIRECTION('',(0.,0.,-1.));
#1227=DIRECTION('',(1.,0.,0.));
#1228=DIRECTION('',(0.,0.,-1.));
#1229=DIRECTION('',(1.,0.,0.));
#1230=DIRECTION('',(-1.,0.,0.));
#1231=DIRECTION('',(0.,0.,1.));
#1232=DIRECTION('',(1.,0.,0.));
#1233=DIRECTION('',(-1.,0.,0.));
#1234=DIRECTION('',(1.,0.,0.));
#1235=DIRECTION('',(0.,0.,1.));
#1236=DIRECTION('',(1.,0.,0.));
#1237=DIRECTION('',(-0.707106781186547,0.,0.707106781186547));
#1238=DIRECTION('',(-0.707106781186547,0.,-0.707106781186547));
#1239=DIRECTION('',(-1.,0.,0.));
#1240=DIRECTION('',(0.,0.,1.));
#1241=DIRECTION('',(0.707106781186547,0.,0.707106781186547));
#1242=DIRECTION('',(0.707106781186547,0.,-0.707106781186547));
#1243=DIRECTION('',(0.,0.,-1.));
#1244=DIRECTION('',(-1.,0.,0.));
#1245=DIRECTION('',(1.,0.,0.));
#1246=DIRECTION('',(0.,0.,-1.));
#1247=DIRECTION('',(-0.707106781186547,0.,0.707106781186547));
#1248=DIRECTION('',(0.707106781186547,0.,0.707106781186547));
#1249=DIRECTION('',(1.,0.,0.));
#1250=DIRECTION('',(0.,0.,-1.));
#1251=DIRECTION('',(0.707106781186547,0.,0.707106781186547));
#1252=DIRECTION('',(0.707106781186547,0.,-0.707106781186547));
#1253=DIRECTION('',(0.,0.,-1.));
#1254=DIRECTION('',(-1.,0.,0.));
#1255=DIRECTION('',(-1.,0.,0.));
#1256=DIRECTION('',(0.,0.,1.));
#1257=DIRECTION('',(0.,-1.,0.));
#1258=DIRECTION('',(0.,0.,-1.));
#1259=DIRECTION('',(-3.88578058618805E-16,-1.,3.48939338860618E-30));
#1260=DIRECTION('',(-1.,3.87985417639476E-16,0.));
#1261=DIRECTION('',(0.,-1.,0.));
#1262=DIRECTION('',(0.,0.,-1.));
#1263=DIRECTION('',(0.,-1.,0.));
#1264=DIRECTION('',(0.,0.,-1.));
#1265=DIRECTION('',(0.,1.,0.));
#1266=DIRECTION('',(0.,1.06714102089964E-15,1.));
#1267=DIRECTION('',(0.,-1.,0.));
#1268=DIRECTION('',(0.,0.,-1.));
#1269=DIRECTION('',(-3.88578058618805E-16,-1.,3.48939338860618E-30));
#1270=DIRECTION('',(1.,-3.97318898939313E-16,0.));
#1271=DIRECTION('',(0.,1.,0.));
#1272=DIRECTION('',(0.,0.,1.));
#1273=DIRECTION('',(0.,-1.,0.));
#1274=DIRECTION('',(0.,0.,-1.));
#1275=DIRECTION('',(0.,-1.,0.));
#1276=DIRECTION('',(0.,0.,1.));
#1277=DIRECTION('',(0.,-1.,0.));
#1278=DIRECTION('',(0.,0.,-1.));
#1279=DIRECTION('',(0.,-1.,0.));
#1280=DIRECTION('',(0.,0.,-1.));
#1281=DIRECTION('',(0.,-1.,0.));
#1282=DIRECTION('',(0.,0.,-1.));
#1283=DIRECTION('',(-3.88578058618805E-16,-1.,3.48939338860618E-30));
#1284=DIRECTION('',(1.,-3.4635624204743E-16,0.));
#1285=DIRECTION('',(0.,-1.,0.));
#1286=DIRECTION('',(0.,0.,-1.));
#1287=DIRECTION('',(0.,-1.,0.));
#1288=DIRECTION('',(0.,0.,-1.));
#1289=DIRECTION('',(0.,-1.,0.));
#1290=DIRECTION('',(0.,0.,-1.));
#1291=DIRECTION('',(0.,1.,0.));
#1292=DIRECTION('',(0.,-1.80294939117658E-15,1.));
#1293=DIRECTION('',(0.,-1.,0.));
#1294=DIRECTION('',(0.,0.,-1.));
#1295=DIRECTION('',(0.,-1.,0.));
#1296=DIRECTION('',(0.,0.,-1.));
#1297=DIRECTION('',(0.,-1.,0.));
#1298=DIRECTION('',(0.,0.,-1.));
#1299=DIRECTION('',(0.,1.,0.));
#1300=DIRECTION('',(0.,-1.06961277798877E-15,1.));
#1301=DIRECTION('',(0.,1.,0.));
#1302=DIRECTION('',(1.,0.,-6.12323399573676E-17));
#1303=DIRECTION('',(0.,1.,0.));
#1304=DIRECTION('',(0.,0.,1.));
#1305=DIRECTION('',(0.,-1.,0.));
#1306=DIRECTION('',(0.,0.,-1.));
#1307=DIRECTION('',(3.88578058618805E-16,1.,-3.48939338860618E-30));
#1308=DIRECTION('',(1.,-4.00122955149118E-16,0.));
#1309=DIRECTION('',(3.88578058618805E-16,1.,-3.48939338860618E-30));
#1310=DIRECTION('',(-1.,4.2063425409379E-16,-3.96863424061466E-46));
#1311=DIRECTION('',(3.88578058618805E-16,1.,-3.48939338860618E-30));
#1312=DIRECTION('',(-1.,2.1833990926578E-16,-2.45336717039165E-46));
#1313=DIRECTION('',(3.88578058618805E-16,1.,-3.48939338860618E-30));
#1314=DIRECTION('',(1.,-4.00108004693282E-16,0.));
#1315=DIRECTION('',(3.88578058618805E-16,1.,-3.48939338860618E-30));
#1316=DIRECTION('',(-1.,3.98753079258332E-16,4.02159901536744E-46));
#1317=DIRECTION('',(3.88578058618805E-16,1.,-3.48939338860618E-30));
#1318=DIRECTION('',(-1.,3.36279328739982E-16,6.95326459318916E-47));
#1319=DIRECTION('',(3.88578058618805E-16,1.,-3.48939338860618E-30));
#1320=DIRECTION('',(-1.,3.65700429257331E-16,5.47759693032248E-48));
#1321=DIRECTION('',(0.,-1.,3.33066907387547E-16));
#1322=DIRECTION('',(0.,-5.33761069531325E-16,-1.));
#1323=CARTESIAN_POINT('',(0.,0.,0.));
#1324=CARTESIAN_POINT('',(6.69999999999985,-6.29999999999979,0.));
#1325=CARTESIAN_POINT('',(-4.84563010905355,-6.2999999999998,0.499999999999993));
#1326=CARTESIAN_POINT('',(-4.84563010905355,-6.29999999999979,-0.5));
#1327=CARTESIAN_POINT('',(-1.75888620569471,-6.29999999999979,0.5));
#1328=CARTESIAN_POINT('',(-1.75888620569471,-6.29999999999979,0.5));
#1329=CARTESIAN_POINT('',(-1.75888620569471,-6.29999999999979,1.5));
#1330=CARTESIAN_POINT('',(-1.75888620569471,-6.29999999999979,-0.5));
#1331=CARTESIAN_POINT('',(-4.75868991704911,-6.2999999999998,-0.5));
#1332=CARTESIAN_POINT('',(-1.75888620569471,-6.29999999999979,1.5));
#1333=CARTESIAN_POINT('',(-7.05147624823006,23.3744029893494,-3.99680288865056E-15));
#1334=CARTESIAN_POINT('',(-7.05147624823006,23.3744029893494,3.25));
#1335=CARTESIAN_POINT('',(6.69999999999984,23.3744029893494,0.));
#1336=CARTESIAN_POINT('',(-10.5898738225588,23.3744029893494,-3.7));
#1337=CARTESIAN_POINT('',(-10.5898738225588,23.3744029893494,3.7));
#1338=CARTESIAN_POINT('',(-11.3014762482301,23.3744029893494,-3.7));
#1339=CARTESIAN_POINT('',(-3.30147624823006,23.3744029893494,-3.7));
#1340=CARTESIAN_POINT('',(-3.30147624823006,23.3744029893494,4.2));
#1341=CARTESIAN_POINT('',(-3.30147624823006,23.3744029893494,3.7));
#1342=CARTESIAN_POINT('',(-11.3014762482301,23.3744029893494,3.7));
#1343=CARTESIAN_POINT('',(-11.3014762482301,23.3744029893494,4.2));
#1344=CARTESIAN_POINT('',(-7.05147624823006,25.3744029893494,-3.99680288865056E-15));
#1345=CARTESIAN_POINT('',(-7.05147624823006,25.3744029893494,-3.25));
#1346=CARTESIAN_POINT('',(6.69999999999984,25.3744029893494,0.));
#1347=CARTESIAN_POINT('',(-10.6601862171964,25.3744029893494,3.7));
#1348=CARTESIAN_POINT('',(-10.6601862171964,25.3744029893494,-3.7));
#1349=CARTESIAN_POINT('',(-2.80147624823006,25.3744029893494,3.7));
#1350=CARTESIAN_POINT('',(-3.30147624823006,25.3744029893494,3.7));
#1351=CARTESIAN_POINT('',(-3.30147624823006,25.3744029893494,4.2));
#1352=CARTESIAN_POINT('',(-3.30147624823006,25.3744029893494,-3.7));
#1353=CARTESIAN_POINT('',(-2.80147624823006,25.3744029893494,-3.7));
#1354=CARTESIAN_POINT('',(-2.80147624823006,25.3744029893494,4.2));
#1355=CARTESIAN_POINT('',(6.69999999999984,23.3744029893494,0.));
#1356=CARTESIAN_POINT('',(24.3530376082983,23.3744029893494,1.));
#1357=CARTESIAN_POINT('',(24.3530376082983,23.3744029893494,-1.));
#1358=CARTESIAN_POINT('',(19.9172612030242,23.3744029893494,1.));
#1359=CARTESIAN_POINT('',(20.4172612030242,23.3744029893494,1.));
#1360=CARTESIAN_POINT('',(20.4172612030242,23.3744029893494,1.5));
#1361=CARTESIAN_POINT('',(20.4172612030242,23.3744029893494,-1.));
#1362=CARTESIAN_POINT('',(19.9172612030242,23.3744029893494,-1.));
#1363=CARTESIAN_POINT('',(19.9172612030242,23.3744029893494,1.5));
#1364=CARTESIAN_POINT('',(6.69999999999984,25.3744029893494,0.));
#1365=CARTESIAN_POINT('',(24.4219091944329,25.3744029893494,-1.));
#1366=CARTESIAN_POINT('',(24.4219091944329,25.3744029893494,1.));
#1367=CARTESIAN_POINT('',(24.9172612030242,25.3744029893494,-1.));
#1368=CARTESIAN_POINT('',(20.4172612030242,25.3744029893494,-1.));
#1369=CARTESIAN_POINT('',(20.4172612030242,25.3744029893494,1.5));
#1370=CARTESIAN_POINT('',(20.4172612030242,25.3744029893494,1.));
#1371=CARTESIAN_POINT('',(24.9172612030242,25.3744029893494,1.));
#1372=CARTESIAN_POINT('',(24.9172612030242,25.3744029893494,1.5));
#1373=CARTESIAN_POINT('',(6.69999999999984,-8.29999999999995,0.));
#1374=CARTESIAN_POINT('',(-3.26358933189899,-8.29999999999994,0.5));
#1375=CARTESIAN_POINT('',(-3.26358933189871,-8.29999999999995,-0.5));
#1376=CARTESIAN_POINT('',(-0.758886205694711,-8.29999999999994,-0.5));
#1377=CARTESIAN_POINT('',(-0.758886205694985,-8.29999999999994,-0.5));
#1378=CARTESIAN_POINT('',(-0.758886205694985,-8.29999999999994,1.5));
#1379=CARTESIAN_POINT('',(-0.758886205694377,-8.29999999999994,0.5));
#1380=CARTESIAN_POINT('',(-1.75888620569471,-8.29999999999994,0.5));
#1381=CARTESIAN_POINT('',(-1.75888620569471,-8.29999999999994,1.5));
#1382=CARTESIAN_POINT('',(0.241113794302151,3.1429616700581,-0.5));
#1383=CARTESIAN_POINT('',(0.241113794305015,-7.29999999999967,-0.5));
#1384=CARTESIAN_POINT('',(0.241113794302289,2.64296167005823,-0.5));
#1385=CARTESIAN_POINT('',(0.241113794302289,2.64296167005823,1.5));
#1386=CARTESIAN_POINT('',(0.241113794302289,2.64296167005793,0.5));
#1387=CARTESIAN_POINT('',(0.241113794305289,-8.29999999999994,0.5));
#1388=CARTESIAN_POINT('',(0.241113794305015,-7.29999999999961,0.5));
#1389=CARTESIAN_POINT('',(0.241113794305015,-7.29999999999967,1.5));
#1390=CARTESIAN_POINT('',(0.241113794305289,-8.29999999999994,1.5));
#1391=CARTESIAN_POINT('',(-0.758886205697711,3.1429616700581,-0.5));
#1392=CARTESIAN_POINT('',(-0.258886205697711,3.1429616700581,-0.5));
#1393=CARTESIAN_POINT('',(-1.25888620569771,3.1429616700581,-0.5));
#1394=CARTESIAN_POINT('',(-1.25888620569768,3.1429616700581,1.5));
#1395=CARTESIAN_POINT('',(-1.25888620569768,3.1429616700581,0.5));
#1396=CARTESIAN_POINT('',(-0.758886205697685,3.1429616700581,0.5));
#1397=CARTESIAN_POINT('',(-0.258886205697685,3.1429616700581,0.5));
#1398=CARTESIAN_POINT('',(-0.258886205697711,3.1429616700581,1.5));
#1399=CARTESIAN_POINT('',(0.241113794302152,3.1429616700581,1.5));
#1400=CARTESIAN_POINT('',(-1.75888620569785,3.1429616700581,0.5));
#1401=CARTESIAN_POINT('',(-1.75888620569768,2.64296167005793,0.5));
#1402=CARTESIAN_POINT('',(-1.75888620569768,2.64296167005793,1.5));
#1403=CARTESIAN_POINT('',(-1.75888620569768,2.64296167005823,-0.5));
#1404=CARTESIAN_POINT('',(-1.75888620569471,-6.29999999999979,-0.5));
#1405=CARTESIAN_POINT('',(-1.75888620569785,3.1429616700581,1.5));
#1406=CARTESIAN_POINT('',(-0.758886205697711,2.64296167005823,-0.5));
#1407=CARTESIAN_POINT('',(-0.758886205694985,-7.29999999999994,-0.5));
#1408=CARTESIAN_POINT('',(-0.758886205694985,-7.29999999999994,-1.5));
#1409=CARTESIAN_POINT('',(-0.758886205694985,-7.29999999999979,-0.5));
#1410=CARTESIAN_POINT('',(-0.758886205694711,-8.30000000000022,-0.5));
#1411=CARTESIAN_POINT('',(-0.758886205697685,2.64296167005793,0.5));
#1412=CARTESIAN_POINT('',(-0.758886205694377,-7.29999999999979,0.5));
#1413=CARTESIAN_POINT('',(-0.758886205694985,-7.29999999999994,1.5));
#1414=CARTESIAN_POINT('',(-0.758886205694377,-7.29999999999994,0.5));
#1415=CARTESIAN_POINT('',(-0.758886205696806,-2.52474277466717E-13,0.5));
#1416=CARTESIAN_POINT('',(-4.84563010905355,-6.2999999999998,0.499999999999993));
#1417=CARTESIAN_POINT('',(-4.84145193007409,-6.29999999999979,0.596479418052643));
#1418=CARTESIAN_POINT('',(-4.82573851851324,-6.31452858129561,0.693790952594826));
#1419=CARTESIAN_POINT('',(-4.8009013508625,-6.34096547788827,0.783289225701075));
#1420=CARTESIAN_POINT('',(-4.77614710937321,-6.36731410715569,0.872488682599736));
#1421=CARTESIAN_POINT('',(-4.74187657403926,-6.40592689605136,0.956387665624766));
#1422=CARTESIAN_POINT('',(-4.70178730728881,-6.45235120337683,1.03055774198822));
#1423=CARTESIAN_POINT('',(-4.64809454362466,-6.51452867788677,1.12989596151528));
#1424=CARTESIAN_POINT('',(-4.58257895694405,-6.59229766269006,1.21473369570481));
#1425=CARTESIAN_POINT('',(-4.51236372315804,-6.67684718363695,1.28210010066426));
#1426=CARTESIAN_POINT('',(-4.47393173828495,-6.72312497457843,1.31897279219792));
#1427=CARTESIAN_POINT('',(-4.43367854528091,-6.77192733555271,1.35112669540639));
#1428=CARTESIAN_POINT('',(-4.39243710729689,-6.82221893597096,1.37847894388851));
#1429=CARTESIAN_POINT('',(-4.39243710729689,-6.82221893597096,1.37847894388851));
#1430=CARTESIAN_POINT('',(-4.39243710729689,-6.82221893597096,1.37847894388851));
#1431=CARTESIAN_POINT('',(-4.31200524296904,-6.92978687574918,1.43698225245403));
#1432=CARTESIAN_POINT('',(-4.226897970724,-7.04712301203761,1.4749589810772));
#1433=CARTESIAN_POINT('',(-4.1434054695243,-7.16642608626424,1.4910388537133));
#1434=CARTESIAN_POINT('',(-4.10701965793527,-7.21841805103265,1.49804641975463));
#1435=CARTESIAN_POINT('',(-4.07066948477519,-7.27115434007603,1.50097979762032));
#1436=CARTESIAN_POINT('',(-4.03484253504676,-7.32398445336755,1.49971233162178));
#1437=CARTESIAN_POINT('',(-4.03484253504676,-7.32398445336755,1.49971233162178));
#1438=CARTESIAN_POINT('',(-4.03484253504676,-7.32398445336755,1.49971233162178));
#1439=CARTESIAN_POINT('',(-3.95179481237385,-7.4173584647961,1.49747216257311));
#1440=CARTESIAN_POINT('',(-3.86936792027543,-7.51211368522169,1.48206856758632));
#1441=CARTESIAN_POINT('',(-3.79082008956497,-7.60470639537556,1.45244633057045));
#1442=CARTESIAN_POINT('',(-3.6969132874952,-7.71540436407664,1.41703186370162));
#1443=CARTESIAN_POINT('',(-3.60653926845778,-7.82548054348182,1.36025174376011));
#1444=CARTESIAN_POINT('',(-3.52802909082052,-7.92474940691304,1.28082531885278));
#1445=CARTESIAN_POINT('',(-3.46686961912752,-8.00207990629197,1.21895209003091));
#1446=CARTESIAN_POINT('',(-3.4115868218021,-8.07453227964673,1.14168005470706));
#1447=CARTESIAN_POINT('',(-3.3680524821048,-8.13408263954483,1.05163951128394));
#1448=CARTESIAN_POINT('',(-3.33170938272008,-8.18379614532489,0.976472357238798));
#1449=CARTESIAN_POINT('',(-3.30279720370273,-8.2255441704392,0.890492134132515));
#1450=CARTESIAN_POINT('',(-3.28473519043322,-8.25412976136204,0.799393384166772));
#1451=CARTESIAN_POINT('',(-3.26660383580388,-8.28282509441144,0.707944899589076));
#1452=CARTESIAN_POINT('',(-3.25904179839672,-8.29884799282398,0.608634225055666));
#1453=CARTESIAN_POINT('',(-3.26307737378556,-8.29993751300848,0.511179001654777));
#1454=CARTESIAN_POINT('',(-3.26323170177612,-8.29997917830886,0.507452130676505));
#1455=CARTESIAN_POINT('',(-3.26340237068725,-8.29999999999994,0.503725609469593));
#1456=CARTESIAN_POINT('',(-3.26358933189899,-8.29999999999994,0.5));
#1457=CARTESIAN_POINT('',(-0.758886205694985,-7.29999999999994,0.5));
#1458=CARTESIAN_POINT('',(4.08820463173495E-15,-7.29999999999979,0.5));
#1459=CARTESIAN_POINT('',(-0.758886205694377,-7.29999999999994,0.5));
#1460=CARTESIAN_POINT('',(-0.758886205694377,-7.29999999999994,0.5));
#1461=CARTESIAN_POINT('',(-0.758886205694985,-7.29999999999994,-0.5));
#1462=CARTESIAN_POINT('',(-0.758886205694985,-7.29999999999994,1.5));
#1463=CARTESIAN_POINT('',(-0.758886205694985,-7.29999999999994,-0.5));
#1464=CARTESIAN_POINT('',(-0.758886205694985,-7.29999999999994,-0.5));
#1465=CARTESIAN_POINT('',(-4.03484253504676,-7.32398445336753,-1.49971233162173));
#1466=CARTESIAN_POINT('',(-3.92284511779975,-7.44990781142493,-1.49669125964564));
#1467=CARTESIAN_POINT('',(-3.81150161495749,-7.57894641865026,-1.46961485429827));
#1468=CARTESIAN_POINT('',(-3.70929999903754,-7.70168805105786,-1.41577656097832));
#1469=CARTESIAN_POINT('',(-3.62522202005053,-7.80266364031353,-1.37148553041384));
#1470=CARTESIAN_POINT('',(-3.54542286969923,-7.90170895077832,-1.30780860631545));
#1471=CARTESIAN_POINT('',(-3.47746357540917,-7.98927571130775,-1.22449913305753));
#1472=CARTESIAN_POINT('',(-3.42342743626522,-8.0589022385662,-1.15825768167107));
#1473=CARTESIAN_POINT('',(-3.37572519870273,-8.12275803125428,-1.07785865740851));
#1474=CARTESIAN_POINT('',(-3.33961035995249,-8.17347518108219,-0.986868676373133));
#1475=CARTESIAN_POINT('',(-3.30325533629994,-8.22452962976284,-0.895273558489225));
#1476=CARTESIAN_POINT('',(-3.27779442928952,-8.26348268320742,-0.789677283890165));
#1477=CARTESIAN_POINT('',(-3.26749392190566,-8.28348394855804,-0.680995367146681));
#1478=CARTESIAN_POINT('',(-3.26187002747652,-8.29440428486667,-0.621656967265507));
#1479=CARTESIAN_POINT('',(-3.26055225990812,-8.29999999999995,-0.560520276171096));
#1480=CARTESIAN_POINT('',(-3.26358933189871,-8.29999999999995,-0.5));
#1481=CARTESIAN_POINT('',(-4.03484253504676,-7.32398445336753,-1.49971233162173));
#1482=CARTESIAN_POINT('',(-4.3924371072969,-6.82221893597094,-1.3784789438885));
#1483=CARTESIAN_POINT('',(-4.2994983132594,-6.94651338921568,-1.44607935313826));
#1484=CARTESIAN_POINT('',(-4.20014639625836,-7.08412489072066,-1.48631174627765));
#1485=CARTESIAN_POINT('',(-4.1040026381472,-7.22304195162836,-1.4970343318015));
#1486=CARTESIAN_POINT('',(-4.08631906008042,-7.24859275949807,-1.49900652096816));
#1487=CARTESIAN_POINT('',(-4.06868189399191,-7.27427074604874,-1.50000000000002));
#1488=CARTESIAN_POINT('',(-4.05114770632126,-7.29999999999979,-1.50000000000002));
#1489=CARTESIAN_POINT('',(-4.04570328330735,-7.30798901808112,-1.50000000000002));
#1490=CARTESIAN_POINT('',(-4.04026765565395,-7.31598461697425,-1.49990425853601));
#1491=CARTESIAN_POINT('',(-4.03484253504688,-7.32398445336736,-1.49971233162179));
#1492=CARTESIAN_POINT('',(-4.3924371072969,-6.82221893597094,-1.3784789438885));
#1493=CARTESIAN_POINT('',(-4.84563010905355,-6.29999999999979,-0.5));
#1494=CARTESIAN_POINT('',(-4.84144871602529,-6.29999999999979,-0.596553634489836));
#1495=CARTESIAN_POINT('',(-4.82571369411097,-6.31455171761002,-0.693941294670477));
#1496=CARTESIAN_POINT('',(-4.80084312239575,-6.34102746062669,-0.783498974827609));
#1497=CARTESIAN_POINT('',(-4.77607248666253,-6.36739681769424,-0.872696790530733));
#1498=CARTESIAN_POINT('',(-4.74178612688114,-6.40602981362614,-0.956589738009319));
#1499=CARTESIAN_POINT('',(-4.70168257675619,-6.452472486163,-1.03075146093969));
#1500=CARTESIAN_POINT('',(-4.64796597052167,-6.51468001505679,-1.1300872069251));
#1501=CARTESIAN_POINT('',(-4.5824267731336,-6.59247909054901,-1.21491521979941));
#1502=CARTESIAN_POINT('',(-4.51218980241304,-6.67705661218476,-1.28226692092758));
#1503=CARTESIAN_POINT('',(-4.47381044145774,-6.72327203403826,-1.31906969334264));
#1504=CARTESIAN_POINT('',(-4.43361652293156,-6.77200296829887,-1.3511678300223));
#1505=CARTESIAN_POINT('',(-4.3924371072969,-6.82221893597094,-1.3784789438885));
#1506=CARTESIAN_POINT('',(-1.75888620569471,-7.29999999999994,-0.5));
#1507=CARTESIAN_POINT('',(-0.258886205697712,2.6429616700581,-0.5));
#1508=CARTESIAN_POINT('',(-0.258886205697711,2.6429616700581,0.5));
#1509=CARTESIAN_POINT('',(-0.258886205697712,2.6429616700581,1.5));
#1510=CARTESIAN_POINT('',(-1.25888620569768,2.6429616700581,0.5));
#1511=CARTESIAN_POINT('',(0.241113794302315,2.64296167005793,0.5));
#1512=CARTESIAN_POINT('',(0.241113794302315,2.64296167005793,2.5));
#1513=CARTESIAN_POINT('',(-1.75888620569768,2.64296167005793,2.5));
#1514=CARTESIAN_POINT('',(-1.75888620569768,2.64296167005793,0.5));
#1515=CARTESIAN_POINT('',(0.241113794302413,2.93585488887146,0.5));
#1516=CARTESIAN_POINT('',(0.241113794302413,2.93585488887146,2.50000000000019));
#1517=CARTESIAN_POINT('',(-1.75888620569778,2.93585488887146,2.50000000000019));
#1518=CARTESIAN_POINT('',(-1.75888620569778,2.93585488887146,0.5));
#1519=CARTESIAN_POINT('',(0.0340070131158451,3.1429616700581,0.5));
#1520=CARTESIAN_POINT('',(0.0340070131158451,3.1429616700581,2.08578643762706));
#1521=CARTESIAN_POINT('',(-1.55177942451121,3.1429616700581,2.08578643762706));
#1522=CARTESIAN_POINT('',(-1.55177942451121,3.1429616700581,0.5));
#1523=CARTESIAN_POINT('',(-0.258886205697685,3.1429616700581,0.5));
#1524=CARTESIAN_POINT('',(-0.258886205697685,3.1429616700581,1.5));
#1525=CARTESIAN_POINT('',(-1.25888620569768,3.1429616700581,1.5));
#1526=CARTESIAN_POINT('',(-1.25888620569768,3.1429616700581,0.5));
#1527=CARTESIAN_POINT('',(-1.25888620569771,2.6429616700581,-0.5));
#1528=CARTESIAN_POINT('',(-1.75888620569771,2.64296167005823,-0.5));
#1529=CARTESIAN_POINT('',(-1.75888620569771,2.64296167005823,-2.5));
#1530=CARTESIAN_POINT('',(0.241113794302288,2.64296167005823,-2.5));
#1531=CARTESIAN_POINT('',(0.241113794302288,2.64296167005823,-0.5));
#1532=CARTESIAN_POINT('',(-1.75888620569763,2.93585488887162,-0.5));
#1533=CARTESIAN_POINT('',(-1.75888620569763,2.93585488887162,-2.49999999999984));
#1534=CARTESIAN_POINT('',(0.241113794302208,2.93585488887162,-2.49999999999984));
#1535=CARTESIAN_POINT('',(0.241113794302209,2.93585488887162,-0.5));
#1536=CARTESIAN_POINT('',(-1.5517794245111,3.1429616700581,-0.5));
#1537=CARTESIAN_POINT('',(-1.5517794245111,3.1429616700581,-2.08578643762678));
#1538=CARTESIAN_POINT('',(0.0340070131156769,3.1429616700581,-2.08578643762678));
#1539=CARTESIAN_POINT('',(0.0340070131156776,3.1429616700581,-0.5));
#1540=CARTESIAN_POINT('',(-1.25888620569771,3.1429616700581,-0.5));
#1541=CARTESIAN_POINT('',(-1.25888620569771,3.1429616700581,-1.5));
#1542=CARTESIAN_POINT('',(-0.258886205697712,3.1429616700581,-1.5));
#1543=CARTESIAN_POINT('',(-0.258886205697712,3.1429616700581,-0.5));
#1544=CARTESIAN_POINT('',(-1.25888620569768,2.6429616700581,1.5));
#1545=CARTESIAN_POINT('',(-2.80147624823006,23.3744029893494,4.2));
#1546=CARTESIAN_POINT('',(-2.80147624823006,23.8744029893494,4.2));
#1547=CARTESIAN_POINT('',(-2.80147624823006,24.8744029893494,4.2));
#1548=CARTESIAN_POINT('',(-2.80147624823006,23.8744029893494,4.2));
#1549=CARTESIAN_POINT('',(-2.80147624823006,23.8744029893494,-4.2));
#1550=CARTESIAN_POINT('',(-2.80147624823006,23.3744029893494,-4.2));
#1551=CARTESIAN_POINT('',(-2.80147624823006,24.8744029893494,-4.2));
#1552=CARTESIAN_POINT('',(-2.80147624823006,24.8744029893494,4.2));
#1553=CARTESIAN_POINT('',(-2.80147624823006,23.3744029893494,4.2));
#1554=CARTESIAN_POINT('',(-11.3014762482301,24.8744029893494,4.2));
#1555=CARTESIAN_POINT('',(-10.5283515400544,24.8744029893494,4.2));
#1556=CARTESIAN_POINT('',(-10.5283515400544,24.8744029893494,4.2));
#1557=CARTESIAN_POINT('',(-10.5165556109377,24.5410696319466,4.2));
#1558=CARTESIAN_POINT('',(-10.5047590030785,24.2077362985623,4.2));
#1559=CARTESIAN_POINT('',(-10.4929617122772,23.8744029893494,4.2));
#1560=CARTESIAN_POINT('',(-10.4929617122772,23.8744029893494,4.2));
#1561=CARTESIAN_POINT('',(-2.80147624823006,23.8744029893494,4.2));
#1562=CARTESIAN_POINT('',(0.,0.,4.2));
#1563=CARTESIAN_POINT('',(0.,23.8744029893494,-4.2));
#1564=CARTESIAN_POINT('',(-10.4929617122772,23.8744029893494,-4.2));
#1565=CARTESIAN_POINT('',(-10.5283515400544,24.8744029893494,-4.2));
#1566=CARTESIAN_POINT('',(-10.5165556109377,24.5410696319466,-4.2));
#1567=CARTESIAN_POINT('',(-10.5047590030785,24.2077362985623,-4.2));
#1568=CARTESIAN_POINT('',(-10.4929617122772,23.8744029893494,-4.2));
#1569=CARTESIAN_POINT('',(-10.5283515400544,24.8744029893494,-4.2));
#1570=CARTESIAN_POINT('',(0.,24.8744029893494,-4.2));
#1571=CARTESIAN_POINT('',(0.,0.,-4.2));
#1572=CARTESIAN_POINT('',(-7.05147624823006,25.3744029893494,-3.99680288865056E-15));
#1573=CARTESIAN_POINT('',(-10.6601862171964,25.3744029893494,3.7));
#1574=CARTESIAN_POINT('',(-10.6479782778433,25.3744029893494,3.75727894608074));
#1575=CARTESIAN_POINT('',(-10.6349645827293,25.3642972922291,3.8152051366242));
#1576=CARTESIAN_POINT('',(-10.6222657659051,25.3449717469492,3.86901196517102));
#1577=CARTESIAN_POINT('',(-10.6095521929928,25.32562374529,3.92288131751894));
#1578=CARTESIAN_POINT('',(-10.5968030346969,25.2964909410832,3.97412631340526));
#1579=CARTESIAN_POINT('',(-10.585209393046,25.2598859164358,4.01843824036201));
#1580=CARTESIAN_POINT('',(-10.5736509287125,25.2233919584065,4.06261571649092));
#1581=CARTESIAN_POINT('',(-10.5629210272352,25.17841279927,4.10114555532642));
#1582=CARTESIAN_POINT('',(-10.554126973482,25.1286516606547,4.13053177947681));
#1583=CARTESIAN_POINT('',(-10.5455152551338,25.0799222666275,4.15930871134462));
#1584=CARTESIAN_POINT('',(-10.538523780638,25.0251944417519,4.18012237352071));
#1585=CARTESIAN_POINT('',(-10.5339116585576,24.9691712064303,4.19093684423895));
#1586=CARTESIAN_POINT('',(-10.5313505267916,24.9380612563658,4.19694216760322));
#1587=CARTESIAN_POINT('',(-10.5294757295503,24.906170716615,4.2));
#1588=CARTESIAN_POINT('',(-10.5283515400544,24.8744029893494,4.2));
#1589=CARTESIAN_POINT('',(-3.30147624823006,24.8744029893494,3.7));
#1590=CARTESIAN_POINT('',(0.,24.8744029893494,3.7));
#1591=CARTESIAN_POINT('',(-3.30147624823006,24.8744029893494,-3.7));
#1592=CARTESIAN_POINT('',(-3.30147624823006,24.8744029893494,4.2));
#1593=CARTESIAN_POINT('',(-10.6601862171964,25.3744029893494,-3.7));
#1594=CARTESIAN_POINT('',(-10.6479642527649,25.3744029893494,-3.75734475093816));
#1595=CARTESIAN_POINT('',(-10.6349344411663,25.3642734520528,-3.81533908487531));
#1596=CARTESIAN_POINT('',(-10.6222213712952,25.3449041470011,-3.86920006101752));
#1597=CARTESIAN_POINT('',(-10.6095081072446,25.3255345461026,-3.92306185983259));
#1598=CARTESIAN_POINT('',(-10.5967602207256,25.296381022709,-3.97429560872427));
#1599=CARTESIAN_POINT('',(-10.5851688321165,25.259757807677,-4.0185932579194));
#1600=CARTESIAN_POINT('',(-10.5736128090607,25.2232463307898,-4.06275575412109));
#1601=CARTESIAN_POINT('',(-10.5628863541548,25.1782518920511,-4.10126741525046));
#1602=CARTESIAN_POINT('',(-10.5540965037974,25.1284791867377,-4.13063358661477));
#1603=CARTESIAN_POINT('',(-10.5454890486641,25.0797392980674,-4.15939039044843));
#1604=CARTESIAN_POINT('',(-10.5385026208326,25.025004414572,-4.1801818474375));
#1605=CARTESIAN_POINT('',(-10.5338957877989,24.9689783095109,-4.19097404087828));
#1606=CARTESIAN_POINT('',(-10.5313427737965,24.9379297714631,-4.19695485693356));
#1607=CARTESIAN_POINT('',(-10.5294734171951,24.9061053732939,-4.20000000000027));
#1608=CARTESIAN_POINT('',(-10.5283515400546,24.8744029893494,-4.20000000000027));
#1609=CARTESIAN_POINT('',(-2.80147624823006,24.8744029893494,-3.7));
#1610=CARTESIAN_POINT('',(-10.4929617122772,23.8744029893494,4.2));
#1611=CARTESIAN_POINT('',(-10.4910347632944,23.8199569057578,4.2));
#1612=CARTESIAN_POINT('',(-10.4913232256385,23.7646800688447,4.19083910698005));
#1613=CARTESIAN_POINT('',(-10.4937606270809,23.7131621000495,4.17328783590727));
#1614=CARTESIAN_POINT('',(-10.4962003306266,23.6615954730034,4.15571998781929));
#1615=CARTESIAN_POINT('',(-10.5008519852416,23.612390719348,4.12928195126714));
#1616=CARTESIAN_POINT('',(-10.5071982557793,23.5694679792385,4.09625072821222));
#1617=CARTESIAN_POINT('',(-10.5135993702904,23.526174304167,4.06293405191177));
#1618=CARTESIAN_POINT('',(-10.5218851702307,23.4880998156752,4.02203668637885));
#1619=CARTESIAN_POINT('',(-10.5312418856398,23.4580824847398,3.9769065500157));
#1620=CARTESIAN_POINT('',(-10.5408269710488,23.4273325187333,3.93067491929479));
#1621=CARTESIAN_POINT('',(-10.551784708424,23.4042049319911,3.87877281900409));
#1622=CARTESIAN_POINT('',(-10.5631365361453,23.3903693333659,3.82534520284096));
#1623=CARTESIAN_POINT('',(-10.5718101579321,23.3797979300101,3.7845226192941));
#1624=CARTESIAN_POINT('',(-10.5808647659357,23.3744029893494,3.74209877088481));
#1625=CARTESIAN_POINT('',(-10.5898738225588,23.3744029893494,3.7));
#1626=CARTESIAN_POINT('',(-3.30147624823006,23.8744029893494,3.7));
#1627=CARTESIAN_POINT('',(0.,23.8744029893494,3.7));
#1628=CARTESIAN_POINT('',(-3.30147624823006,23.8744029893494,-3.7));
#1629=CARTESIAN_POINT('',(-3.30147624823006,23.8744029893494,4.2));
#1630=CARTESIAN_POINT('',(-10.4929617122772,23.8744029893494,-4.2));
#1631=CARTESIAN_POINT('',(-10.4910324192603,23.8198906749035,-4.2));
#1632=CARTESIAN_POINT('',(-10.491324075937,23.7645447207141,-4.19081615145381));
#1633=CARTESIAN_POINT('',(-10.4937696601844,23.7129713898823,-4.1732228213997));
#1634=CARTESIAN_POINT('',(-10.4962146015303,23.6614116167806,-4.15563411632553));
#1635=CARTESIAN_POINT('',(-10.500871285054,23.6122175267621,-4.12917619153351));
#1636=CARTESIAN_POINT('',(-10.5072219004066,23.5693081393633,-4.09612767198466));
#1637=CARTESIAN_POINT('',(-10.5136274970189,23.5260272584884,-4.06279303067662));
#1638=CARTESIAN_POINT('',(-10.5219172563776,23.4879688414958,-4.02187964654004));
#1639=CARTESIAN_POINT('',(-10.5312771252005,23.4579694853987,-3.97673658375317));
#1640=CARTESIAN_POINT('',(-10.5408655176103,23.4272376873639,-3.93049134156379));
#1641=CARTESIAN_POINT('',(-10.5518258302157,23.4041308870425,-3.8785784139122));
#1642=CARTESIAN_POINT('',(-10.5631793750826,23.3903171665294,-3.82514358211542));
#1643=CARTESIAN_POINT('',(-10.5718398578622,23.3797800620367,-3.78438349827995));
#1644=CARTESIAN_POINT('',(-10.5808794829706,23.3744029893494,-3.74202999908055));
#1645=CARTESIAN_POINT('',(-10.5898738225588,23.3744029893494,-3.7));
#1646=CARTESIAN_POINT('',(-11.3014762482301,23.8744029893494,-3.7));
#1647=CARTESIAN_POINT('',(19.9172612030242,25.3744029893494,-1.5));
#1648=CARTESIAN_POINT('',(19.9172612030242,24.8744029893494,-1.5));
#1649=CARTESIAN_POINT('',(19.9172612030242,23.8744029893494,-1.5));
#1650=CARTESIAN_POINT('',(19.9172612030242,23.8744029893494,1.5));
#1651=CARTESIAN_POINT('',(19.9172612030242,23.8744029893494,1.5));
#1652=CARTESIAN_POINT('',(19.9172612030242,25.3744029893494,1.5));
#1653=CARTESIAN_POINT('',(19.9172612030242,24.8744029893494,1.5));
#1654=CARTESIAN_POINT('',(19.9172612030242,24.8744029893494,1.5));
#1655=CARTESIAN_POINT('',(19.9172612030242,25.3744029893494,1.5));
#1656=CARTESIAN_POINT('',(24.9172612030242,23.8744029893494,1.5));
#1657=CARTESIAN_POINT('',(24.3348499409499,23.8744029893494,1.5));
#1658=CARTESIAN_POINT('',(24.3348499409499,23.8744029893494,1.5));
#1659=CARTESIAN_POINT('',(24.3463516198822,24.2077363199026,1.5));
#1660=CARTESIAN_POINT('',(24.3578532180851,24.5410696532414,1.5));
#1661=CARTESIAN_POINT('',(24.3693547360306,24.8744029893494,1.5));
#1662=CARTESIAN_POINT('',(24.3693547360306,24.8744029893494,1.5));
#1663=CARTESIAN_POINT('',(19.9172612030242,24.8744029893494,1.5));
#1664=CARTESIAN_POINT('',(0.,0.,1.5));
#1665=CARTESIAN_POINT('',(24.3348499409499,23.8744029893494,-1.5));
#1666=CARTESIAN_POINT('',(24.3463516198822,24.2077363199026,-1.5));
#1667=CARTESIAN_POINT('',(24.3578532180851,24.5410696532414,-1.5));
#1668=CARTESIAN_POINT('',(24.3693547360306,24.8744029893494,-1.5));
#1669=CARTESIAN_POINT('',(24.3348499409499,23.8744029893494,-1.5));
#1670=CARTESIAN_POINT('',(24.3693547360306,24.8744029893494,-1.5));
#1671=CARTESIAN_POINT('',(0.,23.8744029893494,-1.5));
#1672=CARTESIAN_POINT('',(0.,24.8744029893494,-1.5));
#1673=CARTESIAN_POINT('',(0.,0.,-1.5));
#1674=CARTESIAN_POINT('',(24.3693547360306,24.8744029893494,-1.5));
#1675=CARTESIAN_POINT('',(24.3712857075645,24.9303657923791,-1.5));
#1676=CARTESIAN_POINT('',(24.3740696515978,24.9870703790853,-1.49033696310796));
#1677=CARTESIAN_POINT('',(24.3774290971108,25.0398181735543,-1.47184511954077));
#1678=CARTESIAN_POINT('',(24.3807881224941,25.0925593714244,-1.45335558854941));
#1679=CARTESIAN_POINT('',(24.3848106369483,25.1427987402586,-1.42553553764397));
#1680=CARTESIAN_POINT('',(24.3890540856068,25.1864224172514,-1.39069665549076));
#1681=CARTESIAN_POINT('',(24.3933104824426,25.2301792046345,-1.35575146828681));
#1682=CARTESIAN_POINT('',(24.3979001986523,25.268485023968,-1.31278393386156));
#1683=CARTESIAN_POINT('',(24.4023160987624,25.2981947085851,-1.26533107376868));
#1684=CARTESIAN_POINT('',(24.4067432266576,25.3279799324911,-1.21775756092051));
#1685=CARTESIAN_POINT('',(24.4111123265616,25.349945780685,-1.16435990396922));
#1686=CARTESIAN_POINT('',(24.4149689734421,25.3622532220284,-1.10955432659187));
#1687=CARTESIAN_POINT('',(24.41749072476,25.370300706641,-1.07371852381856));
#1688=CARTESIAN_POINT('',(24.4198351356076,25.3744029893494,-1.03675628216639));
#1689=CARTESIAN_POINT('',(24.4219091944329,25.3744029893494,-1.));
#1690=CARTESIAN_POINT('',(20.4172612030242,24.8744029893494,-1.));
#1691=CARTESIAN_POINT('',(24.9172612030242,24.8744029893494,-1.));
#1692=CARTESIAN_POINT('',(20.4172612030242,24.8744029893494,1.));
#1693=CARTESIAN_POINT('',(20.4172612030242,24.8744029893494,1.5));
#1694=CARTESIAN_POINT('',(24.3693547360306,24.8744029893494,1.5));
#1695=CARTESIAN_POINT('',(24.3712834306891,24.9302998047016,1.5));
#1696=CARTESIAN_POINT('',(24.3740629889644,24.9869358003403,1.49036036808545));
#1697=CARTESIAN_POINT('',(24.3774170448964,25.0396288839141,1.47191143635779));
#1698=CARTESIAN_POINT('',(24.3807746243004,25.0923773221429,1.45344312382756));
#1699=CARTESIAN_POINT('',(24.3847960110591,25.1426276859002,1.42564334903119));
#1700=CARTESIAN_POINT('',(24.3890387965189,25.1862652045159,1.39082215744686));
#1701=CARTESIAN_POINT('',(24.3932945289547,25.2300358842146,1.35589470804291));
#1702=CARTESIAN_POINT('',(24.3978840301991,25.268358836192,1.31294280436046));
#1703=CARTESIAN_POINT('',(24.4023001732234,25.2980875319978,1.26550218138615));
#1704=CARTESIAN_POINT('',(24.4067275603621,25.3278919211983,1.21794076798678));
#1705=CARTESIAN_POINT('',(24.4110973830784,25.3498792904511,1.16455210918617));
#1706=CARTESIAN_POINT('',(24.4149550857728,25.3622088695151,1.10975164361276));
#1707=CARTESIAN_POINT('',(24.4174821317789,25.3702855451947,1.07385377676566));
#1708=CARTESIAN_POINT('',(24.4198313519449,25.3744029893494,1.03682333589337));
#1709=CARTESIAN_POINT('',(24.4219091944329,25.3744029893494,1.));
#1710=CARTESIAN_POINT('',(0.,24.8744029893494,1.));
#1711=CARTESIAN_POINT('',(24.3530376082983,23.3744029893494,-1.));
#1712=CARTESIAN_POINT('',(24.3498650072188,23.3744029893494,-1.0560060461723));
#1713=CARTESIAN_POINT('',(24.346699601719,23.3840790358587,-1.11278752363375));
#1714=CARTESIAN_POINT('',(24.343846927306,23.4026392041814,-1.1656470072293));
#1715=CARTESIAN_POINT('',(24.340994125018,23.4212002044892,-1.21850886032373));
#1716=CARTESIAN_POINT('',(24.3383792272749,23.4491606126882,-1.26890844766363));
#1717=CARTESIAN_POINT('',(24.3363316451448,23.4842163133414,-1.31265693318058));
#1718=CARTESIAN_POINT('',(24.3342867091174,23.5192267113011,-1.35634888226557));
#1719=CARTESIAN_POINT('',(24.3327573569804,23.5622853005673,-1.39461484325271));
#1720=CARTESIAN_POINT('',(24.3320023884437,23.6098199433377,-1.42425913279882));
#1721=CARTESIAN_POINT('',(24.3312494652908,23.6572258038037,-1.45382310913123));
#1722=CARTESIAN_POINT('',(24.3312516983103,23.7103946129349,-1.47562847251406));
#1723=CARTESIAN_POINT('',(24.3321001063595,23.7649061209079,-1.48786313224254));
#1724=CARTESIAN_POINT('',(24.3326578849098,23.8007442413941,-1.49590670369676));
#1725=CARTESIAN_POINT('',(24.3335831894741,23.8376909153228,-1.5));
#1726=CARTESIAN_POINT('',(24.3348499409499,23.8744029893494,-1.5));
#1727=CARTESIAN_POINT('',(20.4172612030242,23.8744029893494,-1.));
#1728=CARTESIAN_POINT('',(19.9172612030242,23.8744029893494,-1.));
#1729=CARTESIAN_POINT('',(20.4172612030242,23.8744029893494,1.));
#1730=CARTESIAN_POINT('',(20.4172612030242,23.8744029893494,1.5));
#1731=CARTESIAN_POINT('',(24.3530376082983,23.3744029893494,1.));
#1732=CARTESIAN_POINT('',(24.3498687249648,23.3744029893494,1.05594041666194));
#1733=CARTESIAN_POINT('',(24.3467070812972,23.384055745177,1.11265358309283));
#1734=CARTESIAN_POINT('',(24.3438571011504,23.4025730559789,1.16545849623283));
#1735=CARTESIAN_POINT('',(24.3410036448914,23.4211129522887,1.21832781536551));
#1736=CARTESIAN_POINT('',(24.3383877792622,23.4490532517133,1.26873860500377));
#1737=CARTESIAN_POINT('',(24.3363389388891,23.4840915099542,1.31250111848182));
#1738=CARTESIAN_POINT('',(24.3342927437747,23.5190845302829,1.35620713015738));
#1739=CARTESIAN_POINT('',(24.3327618082007,23.5621279381744,1.39449034666835));
#1740=CARTESIAN_POINT('',(24.3320050771149,23.6096508763019,1.4241536497979));
#1741=CARTESIAN_POINT('',(24.3312503958835,23.6570450829699,1.45373660014514));
#1742=CARTESIAN_POINT('',(24.3312506471457,23.7102053842838,1.47556320436141));
#1743=CARTESIAN_POINT('',(24.3320970920377,23.7647122301017,1.48781957457205));
#1744=CARTESIAN_POINT('',(24.3326545755768,23.8006114003808,1.49589183622277));
#1745=CARTESIAN_POINT('',(24.3335809189545,23.8376251127663,1.5));
#1746=CARTESIAN_POINT('',(24.3348499409499,23.8744029893494,1.5));
#1747=CARTESIAN_POINT('',(0.,23.8744029893494,1.));
#1748=CARTESIAN_POINT('',(6.69999999999984,-4.99999999999995,0.));
#1749=CARTESIAN_POINT('',(6.69999999999984,-4.99999999999995,-12.4076702234397));
#1750=CARTESIAN_POINT('',(6.69999999999984,-6.82221893597095,4.81505867894358E-29));
#1751=CARTESIAN_POINT('',(6.69999999999984,-4.99999999999995,-12.4076702234397));
#1752=CARTESIAN_POINT('',(31.5153404468792,-4.99999999999995,-12.4076702234397));
#1753=CARTESIAN_POINT('',(31.5153404468792,-4.99999999999995,12.4076702234397));
#1754=CARTESIAN_POINT('',(6.69999999999984,-4.99999999999995,12.4076702234397));
#1755=CARTESIAN_POINT('',(-18.1153404468795,-4.99999999999995,12.4076702234397));
#1756=CARTESIAN_POINT('',(-18.1153404468795,-4.99999999999995,-12.4076702234397));
#1757=CARTESIAN_POINT('',(6.69999999999984,-4.99999999999995,-12.4076702234397));
#1758=CARTESIAN_POINT('',(6.69999999999984,-5.62673039111426,-12.0268277725924));
#1759=CARTESIAN_POINT('',(30.7536555451846,-5.62673039111426,-12.0268277725924));
#1760=CARTESIAN_POINT('',(30.7536555451846,-5.62673039111426,12.0268277725924));
#1761=CARTESIAN_POINT('',(6.69999999999984,-5.62673039111426,12.0268277725924));
#1762=CARTESIAN_POINT('',(-17.3536555451849,-5.62673039111426,12.0268277725924));
#1763=CARTESIAN_POINT('',(-17.3536555451849,-5.62673039111426,-12.0268277725924));
#1764=CARTESIAN_POINT('',(6.69999999999984,-5.62673039111426,-12.0268277725924));
#1765=CARTESIAN_POINT('',(6.69999999999984,-6.2345972347035,-11.6165475561811));
#1766=CARTESIAN_POINT('',(29.933095112362,-6.2345972347035,-11.6165475561811));
#1767=CARTESIAN_POINT('',(29.933095112362,-6.2345972347035,11.6165475561811));
#1768=CARTESIAN_POINT('',(6.69999999999984,-6.2345972347035,11.6165475561811));
#1769=CARTESIAN_POINT('',(-16.5330951123623,-6.2345972347035,11.6165475561811));
#1770=CARTESIAN_POINT('',(-16.5330951123623,-6.2345972347035,-11.6165475561811));
#1771=CARTESIAN_POINT('',(6.69999999999984,-6.2345972347035,-11.6165475561811));
#1772=CARTESIAN_POINT('',(6.69999999999984,-6.82221893597095,-11.1777620827282));
#1773=CARTESIAN_POINT('',(29.0555241654563,-6.82221893597095,-11.1777620827282));
#1774=CARTESIAN_POINT('',(29.0555241654563,-6.82221893597095,11.1777620827282));
#1775=CARTESIAN_POINT('',(6.69999999999984,-6.82221893597095,11.1777620827282));
#1776=CARTESIAN_POINT('',(-15.6555241654567,-6.82221893597095,11.1777620827282));
#1777=CARTESIAN_POINT('',(-15.6555241654567,-6.82221893597095,-11.1777620827282));
#1778=CARTESIAN_POINT('',(6.69999999999984,-6.82221893597095,-11.1777620827282));
#1779=CARTESIAN_POINT('',(6.69999999999984,21.4361982863868,0.));
#1780=CARTESIAN_POINT('',(6.69999999999984,21.4361982863868,-17.6147014604426));
#1781=CARTESIAN_POINT('',(6.69999999999984,32.6859014658836,0.));
#1782=CARTESIAN_POINT('',(6.69999999999984,32.6859014658836,-18.0014762482299));
#1783=CARTESIAN_POINT('',(6.69999999999984,22.1046379011011,0.));
#1784=CARTESIAN_POINT('',(6.69999999999984,1.10000000000015,0.));
#1785=CARTESIAN_POINT('',(6.69999999999984,1.10000000000015,-15.));
#1786=CARTESIAN_POINT('',(6.69999999999985,-3.78173475703822,-1.22766114781533E-29));
#1787=CARTESIAN_POINT('',(19.7982202000043,-3.78173475703823,-1.22766114781533E-29));
#1788=CARTESIAN_POINT('',(6.69999999999984,1.10000000000015,-15.));
#1789=CARTESIAN_POINT('',(36.6999999999999,1.10000000000015,-15.));
#1790=CARTESIAN_POINT('',(36.6999999999999,1.10000000000015,15.));
#1791=CARTESIAN_POINT('',(6.69999999999984,1.10000000000015,15.));
#1792=CARTESIAN_POINT('',(-23.3000000000002,1.10000000000015,15.));
#1793=CARTESIAN_POINT('',(-23.3000000000002,1.10000000000015,-15.));
#1794=CARTESIAN_POINT('',(6.69999999999984,1.10000000000015,-15.));
#1795=CARTESIAN_POINT('',(6.69999999999984,-0.596033253578374,-14.5530707006795));
#1796=CARTESIAN_POINT('',(35.8061414013589,-0.596033253578374,-14.5530707006795));
#1797=CARTESIAN_POINT('',(35.8061414013589,-0.596033253578374,14.5530707006795));
#1798=CARTESIAN_POINT('',(6.69999999999984,-0.596033253578374,14.5530707006795));
#1799=CARTESIAN_POINT('',(-22.4061414013592,-0.596033253578374,14.5530707006795));
#1800=CARTESIAN_POINT('',(-22.4061414013592,-0.596033253578374,-14.5530707006795));
#1801=CARTESIAN_POINT('',(6.69999999999984,-0.596033253578374,-14.5530707006795));
#1802=CARTESIAN_POINT('',(6.69999999999984,-2.23032873385912,-13.916397410075));
#1803=CARTESIAN_POINT('',(34.5327948201499,-2.23032873385912,-13.916397410075));
#1804=CARTESIAN_POINT('',(34.5327948201499,-2.23032873385912,13.916397410075));
#1805=CARTESIAN_POINT('',(6.69999999999984,-2.23032873385912,13.916397410075));
#1806=CARTESIAN_POINT('',(-21.1327948201502,-2.23032873385912,13.916397410075));
#1807=CARTESIAN_POINT('',(-21.1327948201502,-2.23032873385912,-13.916397410075));
#1808=CARTESIAN_POINT('',(6.69999999999984,-2.23032873385912,-13.916397410075));
#1809=CARTESIAN_POINT('',(6.69999999999984,-3.78173475703821,-13.0982202000044));
#1810=CARTESIAN_POINT('',(32.8964404000087,-3.78173475703821,-13.0982202000044));
#1811=CARTESIAN_POINT('',(32.8964404000087,-3.78173475703821,13.0982202000044));
#1812=CARTESIAN_POINT('',(6.69999999999984,-3.78173475703821,13.0982202000044));
#1813=CARTESIAN_POINT('',(-19.496440400009,-3.78173475703821,13.0982202000044));
#1814=CARTESIAN_POINT('',(-19.496440400009,-3.78173475703821,-13.0982202000044));
#1815=CARTESIAN_POINT('',(6.69999999999984,-3.78173475703821,-13.0982202000044));
#1816=CARTESIAN_POINT('',(6.69999999999984,-13.5309775429203,0.));
#1817=CARTESIAN_POINT('',(6.69999999999984,-13.5309775429203,3.25));
#1818=CARTESIAN_POINT('',(6.69999999999984,-12.4999999999999,0.));
#1819=CARTESIAN_POINT('',(6.69999999999984,-12.4999999999999,-5.04984193569704));
#1820=CARTESIAN_POINT('',(6.69999999999984,-12.4999999999999,-5.04984193569704));
#1821=CARTESIAN_POINT('',(16.7996838713939,-12.4999999999999,-5.04984193569704));
#1822=CARTESIAN_POINT('',(16.7996838713939,-12.4999999999999,5.04984193569704));
#1823=CARTESIAN_POINT('',(6.69999999999984,-12.4999999999999,5.04984193569704));
#1824=CARTESIAN_POINT('',(-3.39968387139423,-12.4999999999999,5.04984193569704));
#1825=CARTESIAN_POINT('',(-3.39968387139423,-12.4999999999999,-5.04984193569704));
#1826=CARTESIAN_POINT('',(6.69999999999984,-12.4999999999999,-5.04984193569704));
#1827=CARTESIAN_POINT('',(6.69999999999984,-12.8705396370229,-4.46556101902578));
#1828=CARTESIAN_POINT('',(15.6311220380514,-12.8705396370228,-4.46556101902578));
#1829=CARTESIAN_POINT('',(15.6311220380514,-12.8705396370228,4.46556101902578));
#1830=CARTESIAN_POINT('',(6.69999999999984,-12.8705396370229,4.46556101902578));
#1831=CARTESIAN_POINT('',(-2.23112203805171,-12.8705396370228,4.46556101902578));
#1832=CARTESIAN_POINT('',(-2.23112203805171,-12.8705396370228,-4.46556101902578));
#1833=CARTESIAN_POINT('',(6.69999999999984,-12.8705396370229,-4.46556101902578));
#1834=CARTESIAN_POINT('',(6.69999999999984,-13.2144307278879,-3.86520884753398));
#1835=CARTESIAN_POINT('',(14.4304176950678,-13.2144307278879,-3.86520884753398));
#1836=CARTESIAN_POINT('',(14.4304176950678,-13.2144307278879,3.86520884753398));
#1837=CARTESIAN_POINT('',(6.69999999999984,-13.2144307278879,3.86520884753398));
#1838=CARTESIAN_POINT('',(-1.03041769506812,-13.2144307278879,3.86520884753398));
#1839=CARTESIAN_POINT('',(-1.03041769506812,-13.2144307278879,-3.86520884753398));
#1840=CARTESIAN_POINT('',(6.69999999999984,-13.2144307278879,-3.86520884753398));
#1841=CARTESIAN_POINT('',(6.69999999999984,-13.5309775429203,-3.25));
#1842=CARTESIAN_POINT('',(13.1999999999998,-13.5309775429203,-3.25));
#1843=CARTESIAN_POINT('',(13.1999999999998,-13.5309775429203,3.25));
#1844=CARTESIAN_POINT('',(6.69999999999984,-13.5309775429203,3.25));
#1845=CARTESIAN_POINT('',(0.19999999999985,-13.5309775429203,3.25));
#1846=CARTESIAN_POINT('',(0.19999999999985,-13.5309775429203,-3.25));
#1847=CARTESIAN_POINT('',(6.69999999999984,-13.5309775429203,-3.25));
#1848=CARTESIAN_POINT('',(6.69999999999984,-15.5922113237298,0.));
#1849=CARTESIAN_POINT('',(6.69999999999984,-15.5922113237298,3.25));
#1850=CARTESIAN_POINT('',(6.69999999999984,1.10000000000013,0.));
#1851=CARTESIAN_POINT('',(6.69999999999984,1.10000000000013,-17.));
#1852=CARTESIAN_POINT('',(6.69999999999984,-15.5922113237298,-3.25));
#1853=CARTESIAN_POINT('',(13.1999999999998,-15.5922113237298,-3.25));
#1854=CARTESIAN_POINT('',(13.1999999999998,-15.5922113237298,3.25));
#1855=CARTESIAN_POINT('',(6.69999999999984,-15.5922113237298,3.25));
#1856=CARTESIAN_POINT('',(0.199999999999853,-15.5922113237298,3.25));
#1857=CARTESIAN_POINT('',(0.199999999999853,-15.5922113237298,-3.25));
#1858=CARTESIAN_POINT('',(6.69999999999984,-15.5922113237298,-3.25));
#1859=CARTESIAN_POINT('',(6.69999999999984,-12.2502280801611,-10.1621336128196));
#1860=CARTESIAN_POINT('',(27.0242672256391,-12.2502280801611,-10.1621336128196));
#1861=CARTESIAN_POINT('',(27.0242672256391,-12.2502280801611,10.1621336128196));
#1862=CARTESIAN_POINT('',(6.69999999999984,-12.2502280801611,10.1621336128196));
#1863=CARTESIAN_POINT('',(-13.6242672256394,-12.2502280801611,10.1621336128196));
#1864=CARTESIAN_POINT('',(-13.6242672256394,-12.2502280801611,-10.1621336128196));
#1865=CARTESIAN_POINT('',(6.69999999999984,-12.2502280801611,-10.1621336128196));
#1866=CARTESIAN_POINT('',(6.69999999999984,-6.3242162891617,-15.0436115995262));
#1867=CARTESIAN_POINT('',(36.7872231990522,-6.3242162891617,-15.0436115995262));
#1868=CARTESIAN_POINT('',(36.7872231990522,-6.3242162891617,15.0436115995262));
#1869=CARTESIAN_POINT('',(6.69999999999984,-6.3242162891617,15.0436115995262));
#1870=CARTESIAN_POINT('',(-23.3872231990525,-6.3242162891617,15.0436115995262));
#1871=CARTESIAN_POINT('',(-23.3872231990525,-6.3242162891617,-15.0436115995262));
#1872=CARTESIAN_POINT('',(6.69999999999984,-6.3242162891617,-15.0436115995262));
#1873=CARTESIAN_POINT('',(6.69999999999984,1.10000000000014,-17.));
#1874=CARTESIAN_POINT('',(40.6999999999998,1.10000000000014,-17.));
#1875=CARTESIAN_POINT('',(40.6999999999998,1.10000000000014,17.));
#1876=CARTESIAN_POINT('',(6.69999999999984,1.10000000000014,17.));
#1877=CARTESIAN_POINT('',(-27.3000000000001,1.10000000000014,17.));
#1878=CARTESIAN_POINT('',(-27.3000000000001,1.10000000000014,-17.));
#1879=CARTESIAN_POINT('',(6.69999999999984,1.10000000000014,-17.));
#1880=CARTESIAN_POINT('',(6.69999999999984,-8.29999999999995,0.));
#1881=CARTESIAN_POINT('',(6.69999999999984,-11.4999999999999,0.));
#1882=CARTESIAN_POINT('',(6.69999999999984,-11.4999999999999,-6.50096024900558));
#1883=CARTESIAN_POINT('',(6.69999999999984,-8.29999999999995,-9.97612712302337));
#1884=CARTESIAN_POINT('',(26.6522542460466,-8.29999999999995,-9.97612712302337));
#1885=CARTESIAN_POINT('',(26.6522542460466,-8.29999999999995,9.97612712302337));
#1886=CARTESIAN_POINT('',(6.69999999999984,-8.29999999999995,9.97612712302337));
#1887=CARTESIAN_POINT('',(-13.2522542460469,-8.29999999999995,9.97612712302337));
#1888=CARTESIAN_POINT('',(-13.2522542460469,-8.29999999999995,-9.97612712302337));
#1889=CARTESIAN_POINT('',(6.69999999999984,-8.29999999999995,-9.97612712302337));
#1890=CARTESIAN_POINT('',(6.69999999999984,-9.48384411676561,-8.92940251153338));
#1891=CARTESIAN_POINT('',(24.5588050230666,-9.48384411676561,-8.92940251153338));
#1892=CARTESIAN_POINT('',(24.5588050230666,-9.48384411676561,8.92940251153338));
#1893=CARTESIAN_POINT('',(6.69999999999984,-9.48384411676561,8.92940251153338));
#1894=CARTESIAN_POINT('',(-11.1588050230669,-9.48384411676561,8.92940251153338));
#1895=CARTESIAN_POINT('',(-11.1588050230669,-9.48384411676561,-8.92940251153338));
#1896=CARTESIAN_POINT('',(6.69999999999984,-9.48384411676561,-8.92940251153338));
#1897=CARTESIAN_POINT('',(6.69999999999984,-10.5542631225819,-7.7669385520547));
#1898=CARTESIAN_POINT('',(22.2338771041092,-10.5542631225819,-7.7669385520547));
#1899=CARTESIAN_POINT('',(22.2338771041092,-10.5542631225819,7.7669385520547));
#1900=CARTESIAN_POINT('',(6.69999999999984,-10.5542631225819,7.7669385520547));
#1901=CARTESIAN_POINT('',(-8.83387710410955,-10.5542631225819,7.7669385520547));
#1902=CARTESIAN_POINT('',(-8.83387710410955,-10.5542631225819,-7.7669385520547));
#1903=CARTESIAN_POINT('',(6.69999999999984,-10.5542631225819,-7.7669385520547));
#1904=CARTESIAN_POINT('',(6.69999999999984,-11.4999999999999,-6.50096024900558));
#1905=CARTESIAN_POINT('',(19.701920498011,-11.4999999999999,-6.50096024900558));
#1906=CARTESIAN_POINT('',(19.701920498011,-11.4999999999999,6.50096024900558));
#1907=CARTESIAN_POINT('',(6.69999999999984,-11.4999999999999,6.50096024900558));
#1908=CARTESIAN_POINT('',(-6.30192049801132,-11.4999999999999,6.50096024900558));
#1909=CARTESIAN_POINT('',(-6.30192049801132,-11.4999999999999,-6.50096024900558));
#1910=CARTESIAN_POINT('',(6.69999999999984,-11.4999999999999,-6.50096024900558));
#1911=CARTESIAN_POINT('',(6.69999999999984,-12.5,1.81448456207524E-29));
#1912=CARTESIAN_POINT('',(11.7084949118347,-12.5,1.81448456207524E-29));
#1913=CARTESIAN_POINT('',(11.3222324457713,-12.4999999999999,1.08294779898927E-14));
#1914=CARTESIAN_POINT('',(6.69999999999984,18.1000000000001,0.));
#1915=CARTESIAN_POINT('',(6.69999999999984,18.1000000000001,-19.5));
#1916=CARTESIAN_POINT('',(6.69999999999984,1.10000000000013,-17.));
#1917=CARTESIAN_POINT('',(40.6999999999998,1.10000000000013,-17.));
#1918=CARTESIAN_POINT('',(40.6999999999998,1.10000000000013,17.));
#1919=CARTESIAN_POINT('',(6.69999999999984,1.10000000000013,17.));
#1920=CARTESIAN_POINT('',(-27.3000000000002,1.10000000000013,17.));
#1921=CARTESIAN_POINT('',(-27.3000000000002,1.10000000000013,-17.));
#1922=CARTESIAN_POINT('',(6.69999999999984,1.10000000000013,-17.));
#1923=CARTESIAN_POINT('',(6.69999999999984,6.6616265435618,-18.4655690558848));
#1924=CARTESIAN_POINT('',(43.6311381117694,6.6616265435618,-18.4655690558848));
#1925=CARTESIAN_POINT('',(43.6311381117694,6.6616265435618,18.4655690558848));
#1926=CARTESIAN_POINT('',(6.69999999999984,6.6616265435618,18.4655690558848));
#1927=CARTESIAN_POINT('',(-30.2311381117697,6.6616265435618,18.4655690558848));
#1928=CARTESIAN_POINT('',(-30.2311381117697,6.6616265435618,-18.4655690558848));
#1929=CARTESIAN_POINT('',(6.69999999999984,6.6616265435618,-18.4655690558848));
#1930=CARTESIAN_POINT('',(6.69999999999984,12.3519110078163,-19.3023755947457));
#1931=CARTESIAN_POINT('',(45.3047511894913,12.3519110078163,-19.3023755947457));
#1932=CARTESIAN_POINT('',(45.3047511894913,12.3519110078163,19.3023755947457));
#1933=CARTESIAN_POINT('',(6.69999999999984,12.3519110078163,19.3023755947457));
#1934=CARTESIAN_POINT('',(-31.9047511894916,12.3519110078163,19.3023755947457));
#1935=CARTESIAN_POINT('',(-31.9047511894916,12.3519110078163,-19.3023755947457));
#1936=CARTESIAN_POINT('',(6.69999999999984,12.3519110078163,-19.3023755947457));
#1937=CARTESIAN_POINT('',(6.69999999999984,18.1000000000001,-19.5));
#1938=CARTESIAN_POINT('',(45.6999999999998,18.1000000000001,-19.5));
#1939=CARTESIAN_POINT('',(45.6999999999998,18.1000000000001,19.5));
#1940=CARTESIAN_POINT('',(6.69999999999984,18.1000000000001,19.5));
#1941=CARTESIAN_POINT('',(-32.3000000000001,18.1000000000001,19.5));
#1942=CARTESIAN_POINT('',(-32.3000000000001,18.1000000000001,-19.5));
#1943=CARTESIAN_POINT('',(6.69999999999984,18.1000000000001,-19.5));
#1944=CARTESIAN_POINT('',(6.69999999999984,30.1694187765514,0.));
#1945=CARTESIAN_POINT('',(6.69999999999984,30.1694187765514,-19.9149573381208));
#1946=CARTESIAN_POINT('',(6.69999999999984,18.1000000000001,0.));
#1947=CARTESIAN_POINT('',(6.69999999999984,32.6000000000001,0.));
#1948=CARTESIAN_POINT('',(6.69999999999984,18.5361982863869,0.));
#1949=CARTESIAN_POINT('',(6.69999999999984,18.5361982863869,-17.5149968845363));
#1950=CARTESIAN_POINT('',(6.69999999999984,18.1000000000001,0.));
#1951=CARTESIAN_POINT('',(6.69999999999984,18.1000000000001,-17.5));
#1952=CARTESIAN_POINT('',(6.69999999999984,18.6082425601573,0.));
#1953=CARTESIAN_POINT('',(6.69999999999984,18.1000000000001,-17.5));
#1954=CARTESIAN_POINT('',(41.6999999999998,18.1000000000001,-17.5));
#1955=CARTESIAN_POINT('',(41.6999999999998,18.1000000000001,17.5));
#1956=CARTESIAN_POINT('',(6.69999999999984,18.1000000000001,17.5));
#1957=CARTESIAN_POINT('',(-28.3000000000001,18.1000000000001,17.5));
#1958=CARTESIAN_POINT('',(-28.3000000000001,18.1000000000001,-17.5));
#1959=CARTESIAN_POINT('',(6.69999999999984,18.1000000000001,-17.5));
#1960=CARTESIAN_POINT('',(6.69999999999984,12.3519110078163,-17.3023755947458));
#1961=CARTESIAN_POINT('',(41.3047511894914,12.3519110078163,-17.3023755947458));
#1962=CARTESIAN_POINT('',(41.3047511894914,12.3519110078163,17.3023755947458));
#1963=CARTESIAN_POINT('',(6.69999999999984,12.3519110078163,17.3023755947458));
#1964=CARTESIAN_POINT('',(-27.9047511894917,12.3519110078163,17.3023755947458));
#1965=CARTESIAN_POINT('',(-27.9047511894917,12.3519110078163,-17.3023755947458));
#1966=CARTESIAN_POINT('',(6.69999999999984,12.3519110078163,-17.3023755947458));
#1967=CARTESIAN_POINT('',(6.69999999999984,6.66162654356183,-16.4655690558848));
#1968=CARTESIAN_POINT('',(39.6311381117695,6.66162654356183,-16.4655690558848));
#1969=CARTESIAN_POINT('',(39.6311381117695,6.66162654356183,16.4655690558848));
#1970=CARTESIAN_POINT('',(6.69999999999984,6.66162654356183,16.4655690558848));
#1971=CARTESIAN_POINT('',(-26.2311381117698,6.66162654356183,16.4655690558848));
#1972=CARTESIAN_POINT('',(-26.2311381117698,6.66162654356183,-16.4655690558848));
#1973=CARTESIAN_POINT('',(6.69999999999984,6.66162654356183,-16.4655690558848));
#1974=CARTESIAN_POINT('',(6.69999999999984,1.10000000000018,-15.));
#1975=CARTESIAN_POINT('',(36.6999999999999,1.10000000000018,-15.));
#1976=CARTESIAN_POINT('',(36.6999999999999,1.10000000000018,15.));
#1977=CARTESIAN_POINT('',(6.69999999999984,1.10000000000018,15.));
#1978=CARTESIAN_POINT('',(-23.3000000000002,1.10000000000018,15.));
#1979=CARTESIAN_POINT('',(-23.3000000000002,1.10000000000018,-15.));
#1980=CARTESIAN_POINT('',(6.69999999999984,1.10000000000018,-15.));
#1981=CARTESIAN_POINT('',(6.69999999999997,18.5361982863869,4.9439619065339E-14));
#1982=CARTESIAN_POINT('',(24.3147014604424,18.5361982863869,4.83610296772656E-14));
#1983=CARTESIAN_POINT('',(6.69999999999997,18.5361982863869,4.9439619065339E-14));
#1984=CARTESIAN_POINT('',(6.69999999999993,18.5361982863869,4.9439619065339E-14));
#1985=CARTESIAN_POINT('',(6.69999999999985,-4.01465887803524,-1.14638475902994E-29));
#1986=CARTESIAN_POINT('',(19.7064280515745,-4.01465887803525,-1.14638475902994E-29));
#1987=CARTESIAN_POINT('',(6.69999999999985,-4.01465887803524,-1.14638475902994E-29));
#1988=CARTESIAN_POINT('',(6.69999999999985,-3.78173475703822,-1.22766114781533E-29));
#1989=CARTESIAN_POINT('',(6.69999999999984,-7.32398445336754,8.3691193010406E-32));
#1990=CARTESIAN_POINT('',(6.69999999999985,-4.99999999999995,-8.02560479379401E-30));
#1991=CARTESIAN_POINT('',(6.69999999999984,-7.32398445336754,8.3691193010406E-32));
#1992=CARTESIAN_POINT('',(6.69999999999984,-11.4999999999999,1.46554522321461E-29));
#1993=CARTESIAN_POINT('',(6.69999999999984,-14.1273797003287,0.));
#1994=MECHANICAL_DESIGN_GEOMETRIC_PRESENTATION_REPRESENTATION('',(#36,#23,
#24,#25,#26,#27,#28,#29,#30,#31,#32,#33,#34),#1995);
#1995=(
GEOMETRIC_REPRESENTATION_CONTEXT(3)
GLOBAL_UNCERTAINTY_ASSIGNED_CONTEXT((#1996))
GLOBAL_UNIT_ASSIGNED_CONTEXT((#2002,#1998,#1997))
REPRESENTATION_CONTEXT('menstrual_cup_medium_without_balloon',
'TOP_LEVEL_ASSEMBLY_PART')
);
#1996=UNCERTAINTY_MEASURE_WITH_UNIT(LENGTH_MEASURE(0.0508),#2002,
'DISTANCE_ACCURACY_VALUE','Maximum Tolerance applied to model');
#1997=(
NAMED_UNIT(*)
SI_UNIT($,.STERADIAN.)
SOLID_ANGLE_UNIT()
);
#1998=(
CONVERSION_BASED_UNIT('DEGREE',#2000)
NAMED_UNIT(#1999)
PLANE_ANGLE_UNIT()
);
#1999=DIMENSIONAL_EXPONENTS(0.,0.,0.,0.,0.,0.,0.);
#2000=PLANE_ANGLE_MEASURE_WITH_UNIT(PLANE_ANGLE_MEASURE(0.0174532925),#2001);
#2001=(
NAMED_UNIT(*)
PLANE_ANGLE_UNIT()
SI_UNIT($,.RADIAN.)
);
#2002=(
LENGTH_UNIT()
NAMED_UNIT(*)
SI_UNIT(.MILLI.,.METRE.)
);
ENDSEC;
END-ISO-10303-21;
