ISO-10303-21;
HEADER;
/* Generated by software containing ST-Developer
 * from STEP Tools, Inc. (www.steptools.com) 
 */
/* OPTION: using custom schema-name function */

FILE_DESCRIPTION(
/* description */ (''),
/* implementation_level */ '2;1');

FILE_NAME(
/* name */ 'menstrual_cup_medium_without_umbrella_m.stp',
/* time_stamp */ '2026-09-08T16:16:59+02:00',
/* author */ (''),
/* organization */ (''),
/* preprocessor_version */ 'ST-DEVELOPER v20',
/* originating_system */ 'SIEMENS PLM Software NX2406.3002',
/* authorisation */ '');

FILE_SCHEMA (('AUTOMOTIVE_DESIGN { 1 0 10303 214 3 1 1 1 }'));
ENDSEC;

DATA;
#10=SHAPE_REPRESENTATION_RELATIONSHIP('None',
'relationship between menstrual_cup_medium_without_umbrella_m-None and
 menstrual_cup_medium_without_umbrella_m-None',#22,#11);
#11=ADVANCED_BREP_SHAPE_REPRESENTATION(
'menstrual_cup_medium_without_umbrella_m-None',(#178,#179),#1954);
#12=SHAPE_DEFINITION_REPRESENTATION(#13,#22);
#13=PRODUCT_DEFINITION_SHAPE('','',#14);
#14=PRODUCT_DEFINITION(' ','',#16,#15);
#15=PRODUCT_DEFINITION_CONTEXT('part definition',#21,'design');
#16=PRODUCT_DEFINITION_FORMATION_WITH_SPECIFIED_SOURCE(' ',' ',#18,
 .NOT_KNOWN.);
#17=PRODUCT_RELATED_PRODUCT_CATEGORY('part','',(#18));
#18=PRODUCT('menstrual_cup_medium_without_umbrella_m',
'menstrual_cup_medium_without_umbrella_m',' ',(#19));
#19=PRODUCT_CONTEXT(' ',#21,'mechanical');
#20=APPLICATION_PROTOCOL_DEFINITION('international standard',
'automotive_design',2010,#21);
#21=APPLICATION_CONTEXT(
'core data for automotive mechanical design processes');
#22=SHAPE_REPRESENTATION('menstrual_cup_medium_without_umbrella_m-None',
(#1105),#1954);
#23=SURFACE_OF_LINEAR_EXTRUSION('',#472,#389);
#24=ELLIPSE('',#1168,3.38307221234415,2.616);
#25=ELLIPSE('',#1172,3.31807981460439,2.616);
#26=ELLIPSE('',#1193,3.3412751514783,2.63428738446709);
#27=OVER_RIDING_STYLED_ITEM('',(#50),#403,#47);
#28=OVER_RIDING_STYLED_ITEM('',(#51),#404,#47);
#29=OVER_RIDING_STYLED_ITEM('',(#52),#405,#47);
#30=OVER_RIDING_STYLED_ITEM('',(#53),#406,#47);
#31=OVER_RIDING_STYLED_ITEM('',(#54),#407,#47);
#32=OVER_RIDING_STYLED_ITEM('',(#55),#408,#47);
#33=OVER_RIDING_STYLED_ITEM('',(#56),#409,#47);
#34=OVER_RIDING_STYLED_ITEM('',(#57),#410,#47);
#35=OVER_RIDING_STYLED_ITEM('',(#58),#411,#47);
#36=OVER_RIDING_STYLED_ITEM('',(#59),#412,#47);
#37=OVER_RIDING_STYLED_ITEM('',(#60),#413,#47);
#38=OVER_RIDING_STYLED_ITEM('',(#61),#414,#47);
#39=OVER_RIDING_STYLED_ITEM('',(#62),#415,#47);
#40=OVER_RIDING_STYLED_ITEM('',(#63),#416,#47);
#41=OVER_RIDING_STYLED_ITEM('',(#64),#425,#47);
#42=OVER_RIDING_STYLED_ITEM('',(#65),#426,#47);
#43=OVER_RIDING_STYLED_ITEM('',(#66),#427,#47);
#44=OVER_RIDING_STYLED_ITEM('',(#67),#428,#47);
#45=OVER_RIDING_STYLED_ITEM('',(#68),#429,#47);
#46=PRESENTATION_LAYER_ASSIGNMENT('1','Layer 1',(#178,#179));
#47=STYLED_ITEM('',(#49),#178);
#48=STYLED_ITEM('',(#69),#179);
#49=PRESENTATION_STYLE_ASSIGNMENT((#70));
#50=PRESENTATION_STYLE_ASSIGNMENT((#71));
#51=PRESENTATION_STYLE_ASSIGNMENT((#72));
#52=PRESENTATION_STYLE_ASSIGNMENT((#73));
#53=PRESENTATION_STYLE_ASSIGNMENT((#74));
#54=PRESENTATION_STYLE_ASSIGNMENT((#75));
#55=PRESENTATION_STYLE_ASSIGNMENT((#76));
#56=PRESENTATION_STYLE_ASSIGNMENT((#77));
#57=PRESENTATION_STYLE_ASSIGNMENT((#78));
#58=PRESENTATION_STYLE_ASSIGNMENT((#79));
#59=PRESENTATION_STYLE_ASSIGNMENT((#80));
#60=PRESENTATION_STYLE_ASSIGNMENT((#81));
#61=PRESENTATION_STYLE_ASSIGNMENT((#82));
#62=PRESENTATION_STYLE_ASSIGNMENT((#83));
#63=PRESENTATION_STYLE_ASSIGNMENT((#84));
#64=PRESENTATION_STYLE_ASSIGNMENT((#85));
#65=PRESENTATION_STYLE_ASSIGNMENT((#86));
#66=PRESENTATION_STYLE_ASSIGNMENT((#87));
#67=PRESENTATION_STYLE_ASSIGNMENT((#88));
#68=PRESENTATION_STYLE_ASSIGNMENT((#89));
#69=PRESENTATION_STYLE_ASSIGNMENT((#90));
#70=SURFACE_STYLE_USAGE(.BOTH.,#91);
#71=SURFACE_STYLE_USAGE(.BOTH.,#92);
#72=SURFACE_STYLE_USAGE(.BOTH.,#93);
#73=SURFACE_STYLE_USAGE(.BOTH.,#94);
#74=SURFACE_STYLE_USAGE(.BOTH.,#95);
#75=SURFACE_STYLE_USAGE(.BOTH.,#96);
#76=SURFACE_STYLE_USAGE(.BOTH.,#97);
#77=SURFACE_STYLE_USAGE(.BOTH.,#98);
#78=SURFACE_STYLE_USAGE(.BOTH.,#99);
#79=SURFACE_STYLE_USAGE(.BOTH.,#100);
#80=SURFACE_STYLE_USAGE(.BOTH.,#101);
#81=SURFACE_STYLE_USAGE(.BOTH.,#102);
#82=SURFACE_STYLE_USAGE(.BOTH.,#103);
#83=SURFACE_STYLE_USAGE(.BOTH.,#104);
#84=SURFACE_STYLE_USAGE(.BOTH.,#105);
#85=SURFACE_STYLE_USAGE(.BOTH.,#106);
#86=SURFACE_STYLE_USAGE(.BOTH.,#107);
#87=SURFACE_STYLE_USAGE(.BOTH.,#108);
#88=SURFACE_STYLE_USAGE(.BOTH.,#109);
#89=SURFACE_STYLE_USAGE(.BOTH.,#110);
#90=SURFACE_STYLE_USAGE(.BOTH.,#111);
#91=SURFACE_SIDE_STYLE('',(#112));
#92=SURFACE_SIDE_STYLE('',(#113));
#93=SURFACE_SIDE_STYLE('',(#114));
#94=SURFACE_SIDE_STYLE('',(#115));
#95=SURFACE_SIDE_STYLE('',(#116));
#96=SURFACE_SIDE_STYLE('',(#117));
#97=SURFACE_SIDE_STYLE('',(#118));
#98=SURFACE_SIDE_STYLE('',(#119));
#99=SURFACE_SIDE_STYLE('',(#120));
#100=SURFACE_SIDE_STYLE('',(#121));
#101=SURFACE_SIDE_STYLE('',(#122));
#102=SURFACE_SIDE_STYLE('',(#123));
#103=SURFACE_SIDE_STYLE('',(#124));
#104=SURFACE_SIDE_STYLE('',(#125));
#105=SURFACE_SIDE_STYLE('',(#126));
#106=SURFACE_SIDE_STYLE('',(#127));
#107=SURFACE_SIDE_STYLE('',(#128));
#108=SURFACE_SIDE_STYLE('',(#129));
#109=SURFACE_SIDE_STYLE('',(#130));
#110=SURFACE_SIDE_STYLE('',(#131));
#111=SURFACE_SIDE_STYLE('',(#132));
#112=SURFACE_STYLE_FILL_AREA(#133);
#113=SURFACE_STYLE_FILL_AREA(#134);
#114=SURFACE_STYLE_FILL_AREA(#135);
#115=SURFACE_STYLE_FILL_AREA(#136);
#116=SURFACE_STYLE_FILL_AREA(#137);
#117=SURFACE_STYLE_FILL_AREA(#138);
#118=SURFACE_STYLE_FILL_AREA(#139);
#119=SURFACE_STYLE_FILL_AREA(#140);
#120=SURFACE_STYLE_FILL_AREA(#141);
#121=SURFACE_STYLE_FILL_AREA(#142);
#122=SURFACE_STYLE_FILL_AREA(#143);
#123=SURFACE_STYLE_FILL_AREA(#144);
#124=SURFACE_STYLE_FILL_AREA(#145);
#125=SURFACE_STYLE_FILL_AREA(#146);
#126=SURFACE_STYLE_FILL_AREA(#147);
#127=SURFACE_STYLE_FILL_AREA(#148);
#128=SURFACE_STYLE_FILL_AREA(#149);
#129=SURFACE_STYLE_FILL_AREA(#150);
#130=SURFACE_STYLE_FILL_AREA(#151);
#131=SURFACE_STYLE_FILL_AREA(#152);
#132=SURFACE_STYLE_FILL_AREA(#153);
#133=FILL_AREA_STYLE('',(#154));
#134=FILL_AREA_STYLE('',(#155));
#135=FILL_AREA_STYLE('',(#156));
#136=FILL_AREA_STYLE('',(#157));
#137=FILL_AREA_STYLE('',(#158));
#138=FILL_AREA_STYLE('',(#159));
#139=FILL_AREA_STYLE('',(#160));
#140=FILL_AREA_STYLE('',(#161));
#141=FILL_AREA_STYLE('',(#162));
#142=FILL_AREA_STYLE('',(#163));
#143=FILL_AREA_STYLE('',(#164));
#144=FILL_AREA_STYLE('',(#165));
#145=FILL_AREA_STYLE('',(#166));
#146=FILL_AREA_STYLE('',(#167));
#147=FILL_AREA_STYLE('',(#168));
#148=FILL_AREA_STYLE('',(#169));
#149=FILL_AREA_STYLE('',(#170));
#150=FILL_AREA_STYLE('',(#171));
#151=FILL_AREA_STYLE('',(#172));
#152=FILL_AREA_STYLE('',(#173));
#153=FILL_AREA_STYLE('',(#174));
#154=FILL_AREA_STYLE_COLOUR('',#175);
#155=FILL_AREA_STYLE_COLOUR('',#176);
#156=FILL_AREA_STYLE_COLOUR('',#176);
#157=FILL_AREA_STYLE_COLOUR('',#176);
#158=FILL_AREA_STYLE_COLOUR('',#176);
#159=FILL_AREA_STYLE_COLOUR('',#176);
#160=FILL_AREA_STYLE_COLOUR('',#176);
#161=FILL_AREA_STYLE_COLOUR('',#176);
#162=FILL_AREA_STYLE_COLOUR('',#176);
#163=FILL_AREA_STYLE_COLOUR('',#176);
#164=FILL_AREA_STYLE_COLOUR('',#176);
#165=FILL_AREA_STYLE_COLOUR('',#176);
#166=FILL_AREA_STYLE_COLOUR('',#176);
#167=FILL_AREA_STYLE_COLOUR('',#176);
#168=FILL_AREA_STYLE_COLOUR('',#176);
#169=FILL_AREA_STYLE_COLOUR('',#177);
#170=FILL_AREA_STYLE_COLOUR('',#177);
#171=FILL_AREA_STYLE_COLOUR('',#177);
#172=FILL_AREA_STYLE_COLOUR('',#177);
#173=FILL_AREA_STYLE_COLOUR('',#177);
#174=FILL_AREA_STYLE_COLOUR('',#177);
#175=COLOUR_RGB('medium royal',0.2,0.4,0.8);
#176=COLOUR_RGB('strong pink',0.933333333333333,0.584313725490196,0.741176470588235);
#177=COLOUR_RGB('medium steel',0.596078431372549,0.666666666666667,0.686274509803922);
#178=MANIFOLD_SOLID_BREP('',#180);
#179=MANIFOLD_SOLID_BREP('',#181);
#180=CLOSED_SHELL('',(#403,#404,#405,#406,#407,#408,#409,#410,#411,#412,
#413,#414,#415,#416,#417,#418,#419,#420,#421,#422,#423,#424,#425,#426,#427,
#428,#429,#430));
#181=CLOSED_SHELL('',(#431,#432,#433,#434,#435,#436,#437,#438,#439,#440,
#441,#442,#443,#444,#445,#446,#447,#448,#449,#450,#451,#452,#453));
#182=CYLINDRICAL_SURFACE('',#1150,2.);
#183=CYLINDRICAL_SURFACE('',#1152,17.6147014604425);
#184=CYLINDRICAL_SURFACE('',#1164,3.96820214502012);
#185=CYLINDRICAL_SURFACE('',#1166,2.61599999999993);
#186=CYLINDRICAL_SURFACE('',#1170,2.616);
#187=CYLINDRICAL_SURFACE('',#1173,2.616);
#188=CYLINDRICAL_SURFACE('',#1185,2.616);
#189=CYLINDRICAL_SURFACE('',#1196,2.61377797295367);
#190=CYLINDRICAL_SURFACE('',#1199,1.50232745589211);
#191=CYLINDRICAL_SURFACE('',#1207,2.63428738446709);
#192=TOROIDAL_SURFACE('',#1144,20.5,2.5);
#193=TOROIDAL_SURFACE('',#1167,4.51820214502014,0.55);
#194=TOROIDAL_SURFACE('',#1208,2.06377797295367,0.55);
#195=TOROIDAL_SURFACE('',#1209,2.05232745589211,0.55);
#196=CONICAL_SURFACE('',#1142,19.5,1.96910417977654);
#197=CONICAL_SURFACE('',#1146,17.6376830081336,1.96910417977823);
#198=CONICAL_SURFACE('',#1149,17.5174738306614,1.96910417977811);
#199=CONICAL_SURFACE('',#1155,13.0064280515746,31.2856074132056);
#200=CONICAL_SURFACE('',#1156,13.0982202000044,21.5087082515236);
#201=CONICAL_SURFACE('',#1158,12.4076702234399,34.01741361466);
#202=CONICAL_SURFACE('',#1159,10.8390950420164,41.4822894569321);
#203=CONICAL_SURFACE('',#1160,6.50096024900565,56.1766370569855);
#204=CONICAL_SURFACE('',#1206,1.94531945246459,66.4091436059922);
#205=PLANE('',#1124);
#206=PLANE('',#1131);
#207=PLANE('',#1139);
#208=PLANE('',#1153);
#209=PLANE('',#1161);
#210=PLANE('',#1162);
#211=PLANE('',#1165);
#212=PLANE('',#1178);
#213=PLANE('',#1181);
#214=PLANE('',#1183);
#215=PLANE('',#1187);
#216=PLANE('',#1188);
#217=PLANE('',#1189);
#218=PLANE('',#1190);
#219=PLANE('',#1191);
#220=PLANE('',#1192);
#221=PLANE('',#1194);
#222=PLANE('',#1202);
#223=PLANE('',#1203);
#224=PLANE('',#1204);
#225=FACE_OUTER_BOUND('',#485,.T.);
#226=FACE_OUTER_BOUND('',#486,.T.);
#227=FACE_OUTER_BOUND('',#487,.T.);
#228=FACE_OUTER_BOUND('',#488,.T.);
#229=FACE_OUTER_BOUND('',#489,.T.);
#230=FACE_OUTER_BOUND('',#490,.T.);
#231=FACE_OUTER_BOUND('',#491,.T.);
#232=FACE_OUTER_BOUND('',#492,.T.);
#233=FACE_OUTER_BOUND('',#493,.T.);
#234=FACE_OUTER_BOUND('',#494,.T.);
#235=FACE_OUTER_BOUND('',#495,.T.);
#236=FACE_OUTER_BOUND('',#496,.T.);
#237=FACE_OUTER_BOUND('',#497,.T.);
#238=FACE_OUTER_BOUND('',#498,.T.);
#239=FACE_OUTER_BOUND('',#499,.T.);
#240=FACE_OUTER_BOUND('',#500,.T.);
#241=FACE_OUTER_BOUND('',#501,.T.);
#242=FACE_OUTER_BOUND('',#502,.T.);
#243=FACE_OUTER_BOUND('',#503,.T.);
#244=FACE_OUTER_BOUND('',#504,.T.);
#245=FACE_OUTER_BOUND('',#505,.T.);
#246=FACE_OUTER_BOUND('',#506,.T.);
#247=FACE_OUTER_BOUND('',#507,.T.);
#248=FACE_OUTER_BOUND('',#508,.T.);
#249=FACE_OUTER_BOUND('',#509,.T.);
#250=FACE_OUTER_BOUND('',#510,.T.);
#251=FACE_OUTER_BOUND('',#511,.T.);
#252=FACE_OUTER_BOUND('',#512,.T.);
#253=FACE_OUTER_BOUND('',#513,.T.);
#254=FACE_OUTER_BOUND('',#514,.T.);
#255=FACE_OUTER_BOUND('',#515,.T.);
#256=FACE_OUTER_BOUND('',#516,.T.);
#257=FACE_OUTER_BOUND('',#517,.T.);
#258=FACE_OUTER_BOUND('',#518,.T.);
#259=FACE_OUTER_BOUND('',#519,.T.);
#260=FACE_OUTER_BOUND('',#520,.T.);
#261=FACE_OUTER_BOUND('',#521,.T.);
#262=FACE_OUTER_BOUND('',#522,.T.);
#263=FACE_OUTER_BOUND('',#523,.T.);
#264=FACE_OUTER_BOUND('',#524,.T.);
#265=FACE_OUTER_BOUND('',#525,.T.);
#266=FACE_OUTER_BOUND('',#526,.T.);
#267=FACE_OUTER_BOUND('',#527,.T.);
#268=FACE_OUTER_BOUND('',#528,.T.);
#269=FACE_OUTER_BOUND('',#529,.T.);
#270=FACE_OUTER_BOUND('',#530,.T.);
#271=FACE_OUTER_BOUND('',#531,.T.);
#272=FACE_OUTER_BOUND('',#532,.T.);
#273=FACE_OUTER_BOUND('',#533,.T.);
#274=LINE('',#1578,#338);
#275=LINE('',#1580,#339);
#276=LINE('',#1584,#340);
#277=LINE('',#1586,#341);
#278=LINE('',#1590,#342);
#279=LINE('',#1592,#343);
#280=LINE('',#1593,#344);
#281=LINE('',#1596,#345);
#282=LINE('',#1600,#346);
#283=LINE('',#1602,#347);
#284=LINE('',#1604,#348);
#285=LINE('',#1606,#349);
#286=LINE('',#1610,#350);
#287=LINE('',#1613,#351);
#288=LINE('',#1619,#352);
#289=LINE('',#1621,#353);
#290=LINE('',#1623,#354);
#291=LINE('',#1625,#355);
#292=LINE('',#1629,#356);
#293=LINE('',#1632,#357);
#294=LINE('',#1633,#358);
#295=LINE('',#1635,#359);
#296=LINE('',#1639,#360);
#297=LINE('',#1641,#361);
#298=LINE('',#1754,#362);
#299=LINE('',#1755,#363);
#300=LINE('',#1757,#364);
#301=LINE('',#1772,#365);
#302=LINE('',#1774,#366);
#303=LINE('',#1796,#367);
#304=LINE('',#1798,#368);
#305=LINE('',#1805,#369);
#306=LINE('',#1810,#370);
#307=LINE('',#1812,#371);
#308=LINE('',#1814,#372);
#309=LINE('',#1816,#373);
#310=LINE('',#1817,#374);
#311=LINE('',#1819,#375);
#312=LINE('',#1821,#376);
#313=LINE('',#1822,#377);
#314=LINE('',#1824,#378);
#315=LINE('',#1826,#379);
#316=LINE('',#1828,#380);
#317=LINE('',#1832,#381);
#318=LINE('',#1836,#382);
#319=LINE('',#1838,#383);
#320=LINE('',#1840,#384);
#321=LINE('',#1842,#385);
#322=LINE('',#1844,#386);
#323=LINE('',#1846,#387);
#324=LINE('',#1865,#388);
#325=LINE('',#1882,#390);
#326=LINE('',#1884,#391);
#327=LINE('',#1888,#392);
#328=LINE('',#1890,#393);
#329=LINE('',#1894,#394);
#330=LINE('',#1898,#395);
#331=LINE('',#1907,#396);
#332=LINE('',#1909,#397);
#333=LINE('',#1911,#398);
#334=LINE('',#1923,#399);
#335=LINE('',#1925,#400);
#336=LINE('',#1927,#401);
#337=LINE('',#1929,#402);
#338=VECTOR('',#1238,1.);
#339=VECTOR('',#1239,1.);
#340=VECTOR('',#1242,1.);
#341=VECTOR('',#1243,1.);
#342=VECTOR('',#1246,1.);
#343=VECTOR('',#1247,1.);
#344=VECTOR('',#1248,1.);
#345=VECTOR('',#1251,1.);
#346=VECTOR('',#1254,1.);
#347=VECTOR('',#1255,1.);
#348=VECTOR('',#1256,1.);
#349=VECTOR('',#1257,1.);
#350=VECTOR('',#1262,1.);
#351=VECTOR('',#1263,1.);
#352=VECTOR('',#1268,1.);
#353=VECTOR('',#1269,1.);
#354=VECTOR('',#1270,1.);
#355=VECTOR('',#1271,1.);
#356=VECTOR('',#1274,1.);
#357=VECTOR('',#1277,1.);
#358=VECTOR('',#1278,1.);
#359=VECTOR('',#1279,1.);
#360=VECTOR('',#1282,1.);
#361=VECTOR('',#1283,1.);
#362=VECTOR('',#1346,1.);
#363=VECTOR('',#1347,1.);
#364=VECTOR('',#1350,1.);
#365=VECTOR('',#1355,1.);
#366=VECTOR('',#1358,1.);
#367=VECTOR('',#1369,1.);
#368=VECTOR('',#1372,1.);
#369=VECTOR('',#1379,1.);
#370=VECTOR('',#1382,1.);
#371=VECTOR('',#1383,1.);
#372=VECTOR('',#1384,1.);
#373=VECTOR('',#1385,1.);
#374=VECTOR('',#1386,1.);
#375=VECTOR('',#1387,1.);
#376=VECTOR('',#1388,1.);
#377=VECTOR('',#1389,1.);
#378=VECTOR('',#1390,1.);
#379=VECTOR('',#1391,1.);
#380=VECTOR('',#1392,1.);
#381=VECTOR('',#1395,1.);
#382=VECTOR('',#1398,1.);
#383=VECTOR('',#1399,1.);
#384=VECTOR('',#1400,1.);
#385=VECTOR('',#1401,1.);
#386=VECTOR('',#1402,1.);
#387=VECTOR('',#1403,1.);
#388=VECTOR('',#1408,1.);
#389=VECTOR('',#1409,1.);
#390=VECTOR('',#1412,1.);
#391=VECTOR('',#1413,1.);
#392=VECTOR('',#1416,1.);
#393=VECTOR('',#1417,1.);
#394=VECTOR('',#1424,1.);
#395=VECTOR('',#1427,1.);
#396=VECTOR('',#1434,1.);
#397=VECTOR('',#1435,1.);
#398=VECTOR('',#1438,1.);
#399=VECTOR('',#1443,1.);
#400=VECTOR('',#1444,1.);
#401=VECTOR('',#1445,1.);
#402=VECTOR('',#1448,1.);
#403=ADVANCED_FACE('',(#477,#478),#454,.T.);
#404=ADVANCED_FACE('',(#479,#480),#455,.T.);
#405=ADVANCED_FACE('',(#225),#205,.T.);
#406=ADVANCED_FACE('',(#226),#206,.T.);
#407=ADVANCED_FACE('',(#227),#456,.T.);
#408=ADVANCED_FACE('',(#228),#457,.T.);
#409=ADVANCED_FACE('',(#229),#458,.T.);
#410=ADVANCED_FACE('',(#230),#207,.T.);
#411=ADVANCED_FACE('',(#231),#459,.T.);
#412=ADVANCED_FACE('',(#232),#196,.T.);
#413=ADVANCED_FACE('',(#233),#192,.T.);
#414=ADVANCED_FACE('',(#234),#197,.F.);
#415=ADVANCED_FACE('',(#235),#198,.F.);
#416=ADVANCED_FACE('',(#236),#460,.T.);
#417=ADVANCED_FACE('',(#237),#182,.F.);
#418=ADVANCED_FACE('',(#238),#183,.F.);
#419=ADVANCED_FACE('',(#239),#208,.F.);
#420=ADVANCED_FACE('',(#240),#199,.F.);
#421=ADVANCED_FACE('',(#241),#200,.F.);
#422=ADVANCED_FACE('',(#242),#201,.F.);
#423=ADVANCED_FACE('',(#243),#202,.F.);
#424=ADVANCED_FACE('',(#244),#203,.F.);
#425=ADVANCED_FACE('',(#245),#209,.T.);
#426=ADVANCED_FACE('',(#246),#210,.T.);
#427=ADVANCED_FACE('',(#247),#184,.F.);
#428=ADVANCED_FACE('',(#248),#211,.T.);
#429=ADVANCED_FACE('',(#249),#185,.T.);
#430=ADVANCED_FACE('',(#250),#193,.T.);
#431=ADVANCED_FACE('',(#251),#186,.T.);
#432=ADVANCED_FACE('',(#252),#187,.T.);
#433=ADVANCED_FACE('',(#253),#212,.T.);
#434=ADVANCED_FACE('',(#254),#23,.T.);
#435=ADVANCED_FACE('',(#255),#213,.T.);
#436=ADVANCED_FACE('',(#256),#214,.T.);
#437=ADVANCED_FACE('',(#257),#188,.T.);
#438=ADVANCED_FACE('',(#258),#215,.F.);
#439=ADVANCED_FACE('',(#259),#216,.T.);
#440=ADVANCED_FACE('',(#260),#217,.F.);
#441=ADVANCED_FACE('',(#261),#218,.F.);
#442=ADVANCED_FACE('',(#262),#219,.T.);
#443=ADVANCED_FACE('',(#263),#220,.F.);
#444=ADVANCED_FACE('',(#264),#221,.F.);
#445=ADVANCED_FACE('',(#265),#189,.T.);
#446=ADVANCED_FACE('',(#266),#190,.F.);
#447=ADVANCED_FACE('',(#267),#222,.T.);
#448=ADVANCED_FACE('',(#268),#223,.F.);
#449=ADVANCED_FACE('',(#269),#224,.F.);
#450=ADVANCED_FACE('',(#270),#204,.T.);
#451=ADVANCED_FACE('',(#271),#191,.F.);
#452=ADVANCED_FACE('',(#272),#194,.T.);
#453=ADVANCED_FACE('',(#273),#195,.T.);
#454=(
BOUNDED_SURFACE()
B_SPLINE_SURFACE(3,3,((#1516,#1517,#1518,#1519),(#1520,#1521,#1522,#1523),
(#1524,#1525,#1526,#1527),(#1528,#1529,#1530,#1531)),.UNSPECIFIED.,.F.,
 .F.,.F.)
B_SPLINE_SURFACE_WITH_KNOTS((4,4),(4,4),(0.,1.),(0.,1.),.UNSPECIFIED.)
GEOMETRIC_REPRESENTATION_ITEM()
RATIONAL_B_SPLINE_SURFACE(((1.,0.333333333333334,0.333333333333334,1.),
(0.998125226931807,0.33270840897727,0.33270840897727,0.998125226931807),
(0.998125226931807,0.33270840897727,0.33270840897727,0.998125226931807),
(1.,0.333333333333334,0.333333333333334,1.)))
REPRESENTATION_ITEM('')
SURFACE()
);
#455=(
BOUNDED_SURFACE()
B_SPLINE_SURFACE(3,3,((#1559,#1560,#1561,#1562),(#1563,#1564,#1565,#1566),
(#1567,#1568,#1569,#1570),(#1571,#1572,#1573,#1574)),.UNSPECIFIED.,.F.,
 .F.,.F.)
B_SPLINE_SURFACE_WITH_KNOTS((4,4),(4,4),(0.,1.),(0.,1.),.UNSPECIFIED.)
GEOMETRIC_REPRESENTATION_ITEM()
RATIONAL_B_SPLINE_SURFACE(((1.,0.333333333333334,0.333333333333334,1.),
(0.931319313369391,0.310439771123131,0.310439771123131,0.931319313369391),
(0.931319313369391,0.310439771123131,0.310439771123131,0.931319313369391),
(1.,0.333333333333334,0.333333333333334,1.)))
REPRESENTATION_ITEM('')
SURFACE()
);
#456=(
BOUNDED_SURFACE()
B_SPLINE_SURFACE(3,3,((#1647,#1648,#1649,#1650),(#1651,#1652,#1653,#1654),
(#1655,#1656,#1657,#1658),(#1659,#1660,#1661,#1662)),.UNSPECIFIED.,.F.,
 .F.,.F.)
B_SPLINE_SURFACE_WITH_KNOTS((4,4),(4,4),(0.,1.),(0.,1.),.UNSPECIFIED.)
GEOMETRIC_REPRESENTATION_ITEM()
RATIONAL_B_SPLINE_SURFACE(((1.,0.333333333333334,0.333333333333334,1.),
(0.995685871157919,0.331895290385974,0.331895290385974,0.995685871157919),
(0.995685871157919,0.331895290385974,0.331895290385974,0.995685871157919),
(1.,0.333333333333334,0.333333333333334,1.)))
REPRESENTATION_ITEM('')
SURFACE()
);
#457=(
BOUNDED_SURFACE()
B_SPLINE_SURFACE(3,3,((#1665,#1666,#1667,#1668),(#1669,#1670,#1671,#1672),
(#1673,#1674,#1675,#1676),(#1677,#1678,#1679,#1680)),.UNSPECIFIED.,.F.,
 .F.,.F.)
B_SPLINE_SURFACE_WITH_KNOTS((4,4),(4,4),(0.,1.),(0.,1.),.UNSPECIFIED.)
GEOMETRIC_REPRESENTATION_ITEM()
RATIONAL_B_SPLINE_SURFACE(((1.,0.333333333333334,0.333333333333334,1.),
(0.999242380788212,0.333080793596072,0.333080793596072,0.999242380788212),
(0.999242380788212,0.333080793596072,0.333080793596072,0.999242380788212),
(1.,0.333333333333334,0.333333333333334,1.)))
REPRESENTATION_ITEM('')
SURFACE()
);
#458=(
BOUNDED_SURFACE()
B_SPLINE_SURFACE(3,3,((#1683,#1684,#1685,#1686),(#1687,#1688,#1689,#1690),
(#1691,#1692,#1693,#1694),(#1695,#1696,#1697,#1698)),.UNSPECIFIED.,.F.,
 .F.,.F.)
B_SPLINE_SURFACE_WITH_KNOTS((4,4),(4,4),(0.,1.),(0.,1.),.UNSPECIFIED.)
GEOMETRIC_REPRESENTATION_ITEM()
RATIONAL_B_SPLINE_SURFACE(((1.,0.333333333333333,0.333333333333333,1.),
(0.996494513709844,0.332164837903281,0.332164837903281,0.996494513709844),
(0.996494513709844,0.332164837903281,0.332164837903281,0.996494513709844),
(1.,0.333333333333333,0.333333333333333,1.)))
REPRESENTATION_ITEM('')
SURFACE()
);
#459=(
BOUNDED_SURFACE()
B_SPLINE_SURFACE(3,3,((#1702,#1703,#1704,#1705),(#1706,#1707,#1708,#1709),
(#1710,#1711,#1712,#1713),(#1714,#1715,#1716,#1717)),.UNSPECIFIED.,.F.,
 .F.,.F.)
B_SPLINE_SURFACE_WITH_KNOTS((4,4),(4,4),(0.,1.),(0.,1.),.UNSPECIFIED.)
GEOMETRIC_REPRESENTATION_ITEM()
RATIONAL_B_SPLINE_SURFACE(((1.,0.333333333333334,0.333333333333334,1.),
(0.995849452213467,0.33194981740449,0.33194981740449,0.995849452213467),
(0.995849452213467,0.33194981740449,0.33194981740449,0.995849452213467),
(1.,0.333333333333334,0.333333333333334,1.)))
REPRESENTATION_ITEM('')
SURFACE()
);
#460=(
BOUNDED_SURFACE()
B_SPLINE_SURFACE(3,3,((#1727,#1728,#1729,#1730),(#1731,#1732,#1733,#1734),
(#1735,#1736,#1737,#1738),(#1739,#1740,#1741,#1742)),.UNSPECIFIED.,.F.,
 .F.,.F.)
B_SPLINE_SURFACE_WITH_KNOTS((4,4),(4,4),(0.,1.),(0.,1.),.UNSPECIFIED.)
GEOMETRIC_REPRESENTATION_ITEM()
RATIONAL_B_SPLINE_SURFACE(((1.,0.333333333333334,0.333333333333334,1.),
(0.995849452213467,0.33194981740449,0.33194981740449,0.995849452213467),
(0.995849452213467,0.33194981740449,0.33194981740449,0.995849452213467),
(1.,0.333333333333334,0.333333333333334,1.)))
REPRESENTATION_ITEM('')
SURFACE()
);
#461=B_SPLINE_CURVE_WITH_KNOTS('',3,(#1497,#1498,#1499,#1500,#1501,#1502,
#1503),.UNSPECIFIED.,.F.,.F.,(4,3,4),(0.,0.396114384319531,1.),
 .UNSPECIFIED.);
#462=B_SPLINE_CURVE_WITH_KNOTS('',3,(#1505,#1506,#1507,#1508),
 .UNSPECIFIED.,.F.,.F.,(4,4),(0.,1.),.UNSPECIFIED.);
#463=B_SPLINE_CURVE_WITH_KNOTS('',3,(#1512,#1513,#1514,#1515),
 .UNSPECIFIED.,.F.,.F.,(4,4),(0.,1.),.UNSPECIFIED.);
#464=B_SPLINE_CURVE_WITH_KNOTS('',3,(#1543,#1544,#1545,#1546),
 .UNSPECIFIED.,.F.,.F.,(4,4),(0.,1.),.UNSPECIFIED.);
#465=B_SPLINE_CURVE_WITH_KNOTS('',3,(#1548,#1549,#1550,#1551),
 .UNSPECIFIED.,.F.,.F.,(4,4),(0.,1.),.UNSPECIFIED.);
#466=B_SPLINE_CURVE_WITH_KNOTS('',3,(#1555,#1556,#1557,#1558),
 .UNSPECIFIED.,.F.,.F.,(4,4),(0.,1.),.UNSPECIFIED.);
#467=B_SPLINE_CURVE_WITH_KNOTS('',3,(#1759,#1760,#1761,#1762,#1763,#1764,
#1765,#1766,#1767,#1768),.UNSPECIFIED.,.F.,.F.,(4,3,3,4),(0.,0.326739943805567,
0.654208951189254,1.),.UNSPECIFIED.);
#468=B_SPLINE_CURVE_WITH_KNOTS('',3,(#1775,#1776,#1777,#1778,#1779,#1780,
#1781,#1782,#1783,#1784,#1785,#1786,#1787),.UNSPECIFIED.,.F.,.F.,(4,3,3,
3,4),(0.,0.307387817673002,0.614331826838288,0.928118720864759,1.),
 .UNSPECIFIED.);
#469=B_SPLINE_CURVE_WITH_KNOTS('',3,(#1850,#1851,#1852,#1853,#1854,#1855,
#1856),.UNSPECIFIED.,.F.,.F.,(4,1,1,1,4),(0.,0.360784789529062,0.531770251879142,
0.700723915168203,1.),.UNSPECIFIED.);
#470=B_SPLINE_CURVE_WITH_KNOTS('',3,(#1857,#1858,#1859,#1860,#1861,#1862,
#1863),.UNSPECIFIED.,.F.,.F.,(4,1,1,1,4),(0.,0.299276084831797,0.468229748120858,
0.639215210470938,1.),.UNSPECIFIED.);
#471=B_SPLINE_CURVE_WITH_KNOTS('',3,(#1867,#1868,#1869,#1870,#1871,#1872,
#1873),.UNSPECIFIED.,.F.,.F.,(4,1,1,1,4),(0.,0.299276084831797,0.468229748120858,
0.639215210470938,1.),.UNSPECIFIED.);
#472=B_SPLINE_CURVE_WITH_KNOTS('',3,(#1874,#1875,#1876,#1877,#1878,#1879,
#1880),.UNSPECIFIED.,.F.,.F.,(4,1,1,1,4),(0.,0.299276084831797,0.468229748120858,
0.639215210470938,1.),.UNSPECIFIED.);
#473=B_SPLINE_CURVE_WITH_KNOTS('',3,(#1902,#1903,#1904,#1905),
 .UNSPECIFIED.,.F.,.F.,(4,4),(0.,1.),.UNSPECIFIED.);
#474=B_SPLINE_CURVE_WITH_KNOTS('',3,(#1913,#1914,#1915,#1916),
 .UNSPECIFIED.,.F.,.F.,(4,4),(0.,1.),.UNSPECIFIED.);
#475=B_SPLINE_CURVE_WITH_KNOTS('',3,(#1918,#1919,#1920,#1921),
 .UNSPECIFIED.,.F.,.F.,(4,4),(0.,1.),.UNSPECIFIED.);
#476=B_SPLINE_CURVE_WITH_KNOTS('',3,(#1931,#1932,#1933,#1934),
 .UNSPECIFIED.,.F.,.F.,(4,4),(0.,1.),.UNSPECIFIED.);
#477=FACE_BOUND('',#481,.T.);
#478=FACE_BOUND('',#482,.T.);
#479=FACE_BOUND('',#483,.T.);
#480=FACE_BOUND('',#484,.T.);
#481=EDGE_LOOP('',(#534,#535,#536,#537));
#482=EDGE_LOOP('',(#538,#539,#540,#541,#542));
#483=EDGE_LOOP('',(#543,#544,#545,#546));
#484=EDGE_LOOP('',(#547,#548,#549,#550,#551));
#485=EDGE_LOOP('',(#552,#553,#554,#555,#556,#557,#558,#559,#560,#561,#562,
#563,#564,#565,#566,#567,#568,#569,#570,#571));
#486=EDGE_LOOP('',(#572,#573,#574,#575,#576,#577,#578,#579,#580,#581,#582,
#583,#584,#585,#586,#587,#588,#589,#590,#591));
#487=EDGE_LOOP('',(#592,#593,#594,#595));
#488=EDGE_LOOP('',(#596,#597,#598,#599));
#489=EDGE_LOOP('',(#600,#601,#602,#603));
#490=EDGE_LOOP('',(#604,#605,#606,#607));
#491=EDGE_LOOP('',(#608,#609,#610,#611));
#492=EDGE_LOOP('',(#612,#613,#614,#615));
#493=EDGE_LOOP('',(#616,#617,#618,#619));
#494=EDGE_LOOP('',(#620,#621,#622,#623));
#495=EDGE_LOOP('',(#624,#625,#626,#627));
#496=EDGE_LOOP('',(#628,#629,#630,#631));
#497=EDGE_LOOP('',(#632,#633,#634,#635));
#498=EDGE_LOOP('',(#636,#637,#638,#639));
#499=EDGE_LOOP('',(#640,#641,#642,#643));
#500=EDGE_LOOP('',(#644,#645,#646,#647));
#501=EDGE_LOOP('',(#648,#649,#650,#651));
#502=EDGE_LOOP('',(#652,#653,#654,#655));
#503=EDGE_LOOP('',(#656,#657,#658,#659));
#504=EDGE_LOOP('',(#660,#661,#662,#663));
#505=EDGE_LOOP('',(#664,#665,#666,#667));
#506=EDGE_LOOP('',(#668,#669,#670,#671,#672));
#507=EDGE_LOOP('',(#673,#674,#675,#676));
#508=EDGE_LOOP('',(#677,#678,#679,#680,#681));
#509=EDGE_LOOP('',(#682,#683,#684,#685));
#510=EDGE_LOOP('',(#686,#687,#688,#689));
#511=EDGE_LOOP('',(#690,#691,#692));
#512=EDGE_LOOP('',(#693,#694,#695));
#513=EDGE_LOOP('',(#696,#697,#698,#699,#700,#701,#702,#703,#704,#705,#706,
#707,#708,#709,#710,#711,#712,#713,#714,#715,#716,#717,#718,#719,#720));
#514=EDGE_LOOP('',(#721,#722,#723,#724,#725,#726));
#515=EDGE_LOOP('',(#727,#728,#729,#730,#731,#732,#733,#734));
#516=EDGE_LOOP('',(#735,#736,#737));
#517=EDGE_LOOP('',(#738,#739,#740,#741));
#518=EDGE_LOOP('',(#742,#743));
#519=EDGE_LOOP('',(#744,#745,#746,#747,#748));
#520=EDGE_LOOP('',(#749,#750,#751,#752));
#521=EDGE_LOOP('',(#753,#754,#755,#756,#757));
#522=EDGE_LOOP('',(#758,#759,#760,#761,#762,#763));
#523=EDGE_LOOP('',(#764,#765,#766,#767));
#524=EDGE_LOOP('',(#768,#769,#770,#771,#772,#773));
#525=EDGE_LOOP('',(#774,#775,#776,#777));
#526=EDGE_LOOP('',(#778,#779,#780,#781,#782,#783));
#527=EDGE_LOOP('',(#784,#785,#786,#787));
#528=EDGE_LOOP('',(#788,#789));
#529=EDGE_LOOP('',(#790,#791));
#530=EDGE_LOOP('',(#792,#793,#794,#795,#796,#797,#798,#799,#800,#801,#802));
#531=EDGE_LOOP('',(#803,#804,#805));
#532=EDGE_LOOP('',(#806,#807,#808,#809));
#533=EDGE_LOOP('',(#810,#811,#812,#813));
#534=ORIENTED_EDGE('',*,*,#907,.T.);
#535=ORIENTED_EDGE('',*,*,#908,.T.);
#536=ORIENTED_EDGE('',*,*,#909,.T.);
#537=ORIENTED_EDGE('',*,*,#910,.F.);
#538=ORIENTED_EDGE('',*,*,#911,.T.);
#539=ORIENTED_EDGE('',*,*,#912,.T.);
#540=ORIENTED_EDGE('',*,*,#913,.T.);
#541=ORIENTED_EDGE('',*,*,#914,.T.);
#542=ORIENTED_EDGE('',*,*,#915,.T.);
#543=ORIENTED_EDGE('',*,*,#916,.T.);
#544=ORIENTED_EDGE('',*,*,#917,.T.);
#545=ORIENTED_EDGE('',*,*,#918,.T.);
#546=ORIENTED_EDGE('',*,*,#919,.T.);
#547=ORIENTED_EDGE('',*,*,#920,.T.);
#548=ORIENTED_EDGE('',*,*,#921,.T.);
#549=ORIENTED_EDGE('',*,*,#922,.T.);
#550=ORIENTED_EDGE('',*,*,#923,.T.);
#551=ORIENTED_EDGE('',*,*,#924,.T.);
#552=ORIENTED_EDGE('',*,*,#925,.F.);
#553=ORIENTED_EDGE('',*,*,#926,.T.);
#554=ORIENTED_EDGE('',*,*,#927,.T.);
#555=ORIENTED_EDGE('',*,*,#928,.F.);
#556=ORIENTED_EDGE('',*,*,#929,.T.);
#557=ORIENTED_EDGE('',*,*,#930,.T.);
#558=ORIENTED_EDGE('',*,*,#931,.F.);
#559=ORIENTED_EDGE('',*,*,#932,.T.);
#560=ORIENTED_EDGE('',*,*,#933,.F.);
#561=ORIENTED_EDGE('',*,*,#909,.F.);
#562=ORIENTED_EDGE('',*,*,#934,.F.);
#563=ORIENTED_EDGE('',*,*,#916,.F.);
#564=ORIENTED_EDGE('',*,*,#935,.F.);
#565=ORIENTED_EDGE('',*,*,#936,.F.);
#566=ORIENTED_EDGE('',*,*,#937,.F.);
#567=ORIENTED_EDGE('',*,*,#938,.F.);
#568=ORIENTED_EDGE('',*,*,#939,.T.);
#569=ORIENTED_EDGE('',*,*,#940,.F.);
#570=ORIENTED_EDGE('',*,*,#941,.F.);
#571=ORIENTED_EDGE('',*,*,#942,.F.);
#572=ORIENTED_EDGE('',*,*,#943,.T.);
#573=ORIENTED_EDGE('',*,*,#944,.T.);
#574=ORIENTED_EDGE('',*,*,#945,.F.);
#575=ORIENTED_EDGE('',*,*,#946,.F.);
#576=ORIENTED_EDGE('',*,*,#947,.F.);
#577=ORIENTED_EDGE('',*,*,#948,.F.);
#578=ORIENTED_EDGE('',*,*,#949,.T.);
#579=ORIENTED_EDGE('',*,*,#950,.F.);
#580=ORIENTED_EDGE('',*,*,#951,.F.);
#581=ORIENTED_EDGE('',*,*,#952,.F.);
#582=ORIENTED_EDGE('',*,*,#953,.F.);
#583=ORIENTED_EDGE('',*,*,#918,.F.);
#584=ORIENTED_EDGE('',*,*,#954,.F.);
#585=ORIENTED_EDGE('',*,*,#907,.F.);
#586=ORIENTED_EDGE('',*,*,#955,.F.);
#587=ORIENTED_EDGE('',*,*,#956,.T.);
#588=ORIENTED_EDGE('',*,*,#957,.F.);
#589=ORIENTED_EDGE('',*,*,#958,.T.);
#590=ORIENTED_EDGE('',*,*,#959,.T.);
#591=ORIENTED_EDGE('',*,*,#960,.F.);
#592=ORIENTED_EDGE('',*,*,#945,.T.);
#593=ORIENTED_EDGE('',*,*,#961,.T.);
#594=ORIENTED_EDGE('',*,*,#925,.T.);
#595=ORIENTED_EDGE('',*,*,#962,.F.);
#596=ORIENTED_EDGE('',*,*,#960,.T.);
#597=ORIENTED_EDGE('',*,*,#963,.T.);
#598=ORIENTED_EDGE('',*,*,#928,.T.);
#599=ORIENTED_EDGE('',*,*,#964,.F.);
#600=ORIENTED_EDGE('',*,*,#965,.T.);
#601=ORIENTED_EDGE('',*,*,#931,.T.);
#602=ORIENTED_EDGE('',*,*,#966,.F.);
#603=ORIENTED_EDGE('',*,*,#957,.T.);
#604=ORIENTED_EDGE('',*,*,#933,.T.);
#605=ORIENTED_EDGE('',*,*,#967,.F.);
#606=ORIENTED_EDGE('',*,*,#955,.T.);
#607=ORIENTED_EDGE('',*,*,#910,.T.);
#608=ORIENTED_EDGE('',*,*,#968,.T.);
#609=ORIENTED_EDGE('',*,*,#935,.T.);
#610=ORIENTED_EDGE('',*,*,#919,.F.);
#611=ORIENTED_EDGE('',*,*,#953,.T.);
#612=ORIENTED_EDGE('',*,*,#969,.T.);
#613=ORIENTED_EDGE('',*,*,#936,.T.);
#614=ORIENTED_EDGE('',*,*,#968,.F.);
#615=ORIENTED_EDGE('',*,*,#952,.T.);
#616=ORIENTED_EDGE('',*,*,#970,.T.);
#617=ORIENTED_EDGE('',*,*,#937,.T.);
#618=ORIENTED_EDGE('',*,*,#969,.F.);
#619=ORIENTED_EDGE('',*,*,#951,.T.);
#620=ORIENTED_EDGE('',*,*,#971,.T.);
#621=ORIENTED_EDGE('',*,*,#938,.T.);
#622=ORIENTED_EDGE('',*,*,#970,.F.);
#623=ORIENTED_EDGE('',*,*,#950,.T.);
#624=ORIENTED_EDGE('',*,*,#972,.F.);
#625=ORIENTED_EDGE('',*,*,#947,.T.);
#626=ORIENTED_EDGE('',*,*,#973,.T.);
#627=ORIENTED_EDGE('',*,*,#941,.T.);
#628=ORIENTED_EDGE('',*,*,#962,.T.);
#629=ORIENTED_EDGE('',*,*,#942,.T.);
#630=ORIENTED_EDGE('',*,*,#973,.F.);
#631=ORIENTED_EDGE('',*,*,#946,.T.);
#632=ORIENTED_EDGE('',*,*,#908,.F.);
#633=ORIENTED_EDGE('',*,*,#954,.T.);
#634=ORIENTED_EDGE('',*,*,#917,.F.);
#635=ORIENTED_EDGE('',*,*,#934,.T.);
#636=ORIENTED_EDGE('',*,*,#971,.F.);
#637=ORIENTED_EDGE('',*,*,#949,.F.);
#638=ORIENTED_EDGE('',*,*,#974,.F.);
#639=ORIENTED_EDGE('',*,*,#939,.F.);
#640=ORIENTED_EDGE('',*,*,#940,.T.);
#641=ORIENTED_EDGE('',*,*,#974,.T.);
#642=ORIENTED_EDGE('',*,*,#948,.T.);
#643=ORIENTED_EDGE('',*,*,#972,.T.);
#644=ORIENTED_EDGE('',*,*,#975,.T.);
#645=ORIENTED_EDGE('',*,*,#943,.F.);
#646=ORIENTED_EDGE('',*,*,#964,.T.);
#647=ORIENTED_EDGE('',*,*,#927,.F.);
#648=ORIENTED_EDGE('',*,*,#961,.F.);
#649=ORIENTED_EDGE('',*,*,#944,.F.);
#650=ORIENTED_EDGE('',*,*,#975,.F.);
#651=ORIENTED_EDGE('',*,*,#926,.F.);
#652=ORIENTED_EDGE('',*,*,#963,.F.);
#653=ORIENTED_EDGE('',*,*,#959,.F.);
#654=ORIENTED_EDGE('',*,*,#976,.F.);
#655=ORIENTED_EDGE('',*,*,#929,.F.);
#656=ORIENTED_EDGE('',*,*,#976,.T.);
#657=ORIENTED_EDGE('',*,*,#958,.F.);
#658=ORIENTED_EDGE('',*,*,#966,.T.);
#659=ORIENTED_EDGE('',*,*,#930,.F.);
#660=ORIENTED_EDGE('',*,*,#965,.F.);
#661=ORIENTED_EDGE('',*,*,#956,.F.);
#662=ORIENTED_EDGE('',*,*,#967,.T.);
#663=ORIENTED_EDGE('',*,*,#932,.F.);
#664=ORIENTED_EDGE('',*,*,#977,.F.);
#665=ORIENTED_EDGE('',*,*,#921,.F.);
#666=ORIENTED_EDGE('',*,*,#978,.T.);
#667=ORIENTED_EDGE('',*,*,#913,.F.);
#668=ORIENTED_EDGE('',*,*,#979,.F.);
#669=ORIENTED_EDGE('',*,*,#922,.F.);
#670=ORIENTED_EDGE('',*,*,#977,.T.);
#671=ORIENTED_EDGE('',*,*,#912,.F.);
#672=ORIENTED_EDGE('',*,*,#980,.T.);
#673=ORIENTED_EDGE('',*,*,#979,.T.);
#674=ORIENTED_EDGE('',*,*,#981,.T.);
#675=ORIENTED_EDGE('',*,*,#982,.F.);
#676=ORIENTED_EDGE('',*,*,#923,.F.);
#677=ORIENTED_EDGE('',*,*,#983,.F.);
#678=ORIENTED_EDGE('',*,*,#924,.F.);
#679=ORIENTED_EDGE('',*,*,#982,.T.);
#680=ORIENTED_EDGE('',*,*,#984,.T.);
#681=ORIENTED_EDGE('',*,*,#915,.F.);
#682=ORIENTED_EDGE('',*,*,#978,.F.);
#683=ORIENTED_EDGE('',*,*,#920,.F.);
#684=ORIENTED_EDGE('',*,*,#983,.T.);
#685=ORIENTED_EDGE('',*,*,#914,.F.);
#686=ORIENTED_EDGE('',*,*,#984,.F.);
#687=ORIENTED_EDGE('',*,*,#981,.F.);
#688=ORIENTED_EDGE('',*,*,#980,.F.);
#689=ORIENTED_EDGE('',*,*,#911,.F.);
#690=ORIENTED_EDGE('',*,*,#985,.F.);
#691=ORIENTED_EDGE('',*,*,#986,.T.);
#692=ORIENTED_EDGE('',*,*,#987,.F.);
#693=ORIENTED_EDGE('',*,*,#988,.F.);
#694=ORIENTED_EDGE('',*,*,#989,.T.);
#695=ORIENTED_EDGE('',*,*,#990,.F.);
#696=ORIENTED_EDGE('',*,*,#991,.F.);
#697=ORIENTED_EDGE('',*,*,#992,.T.);
#698=ORIENTED_EDGE('',*,*,#993,.T.);
#699=ORIENTED_EDGE('',*,*,#994,.T.);
#700=ORIENTED_EDGE('',*,*,#995,.T.);
#701=ORIENTED_EDGE('',*,*,#996,.T.);
#702=ORIENTED_EDGE('',*,*,#987,.T.);
#703=ORIENTED_EDGE('',*,*,#997,.T.);
#704=ORIENTED_EDGE('',*,*,#998,.T.);
#705=ORIENTED_EDGE('',*,*,#999,.T.);
#706=ORIENTED_EDGE('',*,*,#988,.T.);
#707=ORIENTED_EDGE('',*,*,#1000,.T.);
#708=ORIENTED_EDGE('',*,*,#1001,.T.);
#709=ORIENTED_EDGE('',*,*,#1002,.T.);
#710=ORIENTED_EDGE('',*,*,#1003,.T.);
#711=ORIENTED_EDGE('',*,*,#1004,.T.);
#712=ORIENTED_EDGE('',*,*,#1005,.F.);
#713=ORIENTED_EDGE('',*,*,#1006,.T.);
#714=ORIENTED_EDGE('',*,*,#1007,.T.);
#715=ORIENTED_EDGE('',*,*,#1008,.T.);
#716=ORIENTED_EDGE('',*,*,#1009,.F.);
#717=ORIENTED_EDGE('',*,*,#1010,.T.);
#718=ORIENTED_EDGE('',*,*,#1011,.F.);
#719=ORIENTED_EDGE('',*,*,#1012,.T.);
#720=ORIENTED_EDGE('',*,*,#1013,.T.);
#721=ORIENTED_EDGE('',*,*,#1011,.T.);
#722=ORIENTED_EDGE('',*,*,#1014,.T.);
#723=ORIENTED_EDGE('',*,*,#1009,.T.);
#724=ORIENTED_EDGE('',*,*,#1015,.T.);
#725=ORIENTED_EDGE('',*,*,#1016,.T.);
#726=ORIENTED_EDGE('',*,*,#1017,.T.);
#727=ORIENTED_EDGE('',*,*,#994,.F.);
#728=ORIENTED_EDGE('',*,*,#1018,.T.);
#729=ORIENTED_EDGE('',*,*,#1002,.F.);
#730=ORIENTED_EDGE('',*,*,#1019,.T.);
#731=ORIENTED_EDGE('',*,*,#1020,.T.);
#732=ORIENTED_EDGE('',*,*,#1021,.T.);
#733=ORIENTED_EDGE('',*,*,#1022,.T.);
#734=ORIENTED_EDGE('',*,*,#1023,.F.);
#735=ORIENTED_EDGE('',*,*,#1008,.F.);
#736=ORIENTED_EDGE('',*,*,#1024,.T.);
#737=ORIENTED_EDGE('',*,*,#1015,.F.);
#738=ORIENTED_EDGE('',*,*,#1025,.T.);
#739=ORIENTED_EDGE('',*,*,#1026,.T.);
#740=ORIENTED_EDGE('',*,*,#1027,.T.);
#741=ORIENTED_EDGE('',*,*,#1021,.F.);
#742=ORIENTED_EDGE('',*,*,#998,.F.);
#743=ORIENTED_EDGE('',*,*,#1028,.T.);
#744=ORIENTED_EDGE('',*,*,#1029,.F.);
#745=ORIENTED_EDGE('',*,*,#1030,.F.);
#746=ORIENTED_EDGE('',*,*,#1031,.F.);
#747=ORIENTED_EDGE('',*,*,#1022,.F.);
#748=ORIENTED_EDGE('',*,*,#1027,.F.);
#749=ORIENTED_EDGE('',*,*,#1031,.T.);
#750=ORIENTED_EDGE('',*,*,#1032,.F.);
#751=ORIENTED_EDGE('',*,*,#995,.F.);
#752=ORIENTED_EDGE('',*,*,#1023,.T.);
#753=ORIENTED_EDGE('',*,*,#1030,.T.);
#754=ORIENTED_EDGE('',*,*,#1033,.T.);
#755=ORIENTED_EDGE('',*,*,#985,.T.);
#756=ORIENTED_EDGE('',*,*,#996,.F.);
#757=ORIENTED_EDGE('',*,*,#1032,.T.);
#758=ORIENTED_EDGE('',*,*,#1034,.F.);
#759=ORIENTED_EDGE('',*,*,#1025,.F.);
#760=ORIENTED_EDGE('',*,*,#1020,.F.);
#761=ORIENTED_EDGE('',*,*,#1035,.F.);
#762=ORIENTED_EDGE('',*,*,#1036,.F.);
#763=ORIENTED_EDGE('',*,*,#1037,.F.);
#764=ORIENTED_EDGE('',*,*,#1035,.T.);
#765=ORIENTED_EDGE('',*,*,#1019,.F.);
#766=ORIENTED_EDGE('',*,*,#1001,.F.);
#767=ORIENTED_EDGE('',*,*,#1038,.T.);
#768=ORIENTED_EDGE('',*,*,#990,.T.);
#769=ORIENTED_EDGE('',*,*,#1039,.T.);
#770=ORIENTED_EDGE('',*,*,#1040,.T.);
#771=ORIENTED_EDGE('',*,*,#1036,.T.);
#772=ORIENTED_EDGE('',*,*,#1038,.F.);
#773=ORIENTED_EDGE('',*,*,#1000,.F.);
#774=ORIENTED_EDGE('',*,*,#993,.F.);
#775=ORIENTED_EDGE('',*,*,#1041,.T.);
#776=ORIENTED_EDGE('',*,*,#1003,.F.);
#777=ORIENTED_EDGE('',*,*,#1018,.F.);
#778=ORIENTED_EDGE('',*,*,#1007,.F.);
#779=ORIENTED_EDGE('',*,*,#1042,.T.);
#780=ORIENTED_EDGE('',*,*,#1012,.F.);
#781=ORIENTED_EDGE('',*,*,#1043,.T.);
#782=ORIENTED_EDGE('',*,*,#1016,.F.);
#783=ORIENTED_EDGE('',*,*,#1024,.F.);
#784=ORIENTED_EDGE('',*,*,#1005,.T.);
#785=ORIENTED_EDGE('',*,*,#1044,.T.);
#786=ORIENTED_EDGE('',*,*,#991,.T.);
#787=ORIENTED_EDGE('',*,*,#1045,.T.);
#788=ORIENTED_EDGE('',*,*,#1017,.F.);
#789=ORIENTED_EDGE('',*,*,#1043,.F.);
#790=ORIENTED_EDGE('',*,*,#1014,.F.);
#791=ORIENTED_EDGE('',*,*,#1010,.F.);
#792=ORIENTED_EDGE('',*,*,#997,.F.);
#793=ORIENTED_EDGE('',*,*,#986,.F.);
#794=ORIENTED_EDGE('',*,*,#1033,.F.);
#795=ORIENTED_EDGE('',*,*,#1029,.T.);
#796=ORIENTED_EDGE('',*,*,#1026,.F.);
#797=ORIENTED_EDGE('',*,*,#1034,.T.);
#798=ORIENTED_EDGE('',*,*,#1046,.T.);
#799=ORIENTED_EDGE('',*,*,#1039,.F.);
#800=ORIENTED_EDGE('',*,*,#989,.F.);
#801=ORIENTED_EDGE('',*,*,#999,.F.);
#802=ORIENTED_EDGE('',*,*,#1028,.F.);
#803=ORIENTED_EDGE('',*,*,#1037,.T.);
#804=ORIENTED_EDGE('',*,*,#1040,.F.);
#805=ORIENTED_EDGE('',*,*,#1046,.F.);
#806=ORIENTED_EDGE('',*,*,#1004,.F.);
#807=ORIENTED_EDGE('',*,*,#1041,.F.);
#808=ORIENTED_EDGE('',*,*,#992,.F.);
#809=ORIENTED_EDGE('',*,*,#1044,.F.);
#810=ORIENTED_EDGE('',*,*,#1013,.F.);
#811=ORIENTED_EDGE('',*,*,#1042,.F.);
#812=ORIENTED_EDGE('',*,*,#1006,.F.);
#813=ORIENTED_EDGE('',*,*,#1045,.F.);
#814=VERTEX_POINT('',#1487);
#815=VERTEX_POINT('',#1488);
#816=VERTEX_POINT('',#1490);
#817=VERTEX_POINT('',#1492);
#818=VERTEX_POINT('',#1495);
#819=VERTEX_POINT('',#1496);
#820=VERTEX_POINT('',#1504);
#821=VERTEX_POINT('',#1509);
#822=VERTEX_POINT('',#1511);
#823=VERTEX_POINT('',#1533);
#824=VERTEX_POINT('',#1534);
#825=VERTEX_POINT('',#1536);
#826=VERTEX_POINT('',#1538);
#827=VERTEX_POINT('',#1541);
#828=VERTEX_POINT('',#1542);
#829=VERTEX_POINT('',#1547);
#830=VERTEX_POINT('',#1552);
#831=VERTEX_POINT('',#1554);
#832=VERTEX_POINT('',#1576);
#833=VERTEX_POINT('',#1577);
#834=VERTEX_POINT('',#1579);
#835=VERTEX_POINT('',#1581);
#836=VERTEX_POINT('',#1583);
#837=VERTEX_POINT('',#1585);
#838=VERTEX_POINT('',#1587);
#839=VERTEX_POINT('',#1589);
#840=VERTEX_POINT('',#1591);
#841=VERTEX_POINT('',#1595);
#842=VERTEX_POINT('',#1597);
#843=VERTEX_POINT('',#1599);
#844=VERTEX_POINT('',#1601);
#845=VERTEX_POINT('',#1603);
#846=VERTEX_POINT('',#1605);
#847=VERTEX_POINT('',#1607);
#848=VERTEX_POINT('',#1611);
#849=VERTEX_POINT('',#1612);
#850=VERTEX_POINT('',#1614);
#851=VERTEX_POINT('',#1616);
#852=VERTEX_POINT('',#1618);
#853=VERTEX_POINT('',#1620);
#854=VERTEX_POINT('',#1622);
#855=VERTEX_POINT('',#1624);
#856=VERTEX_POINT('',#1626);
#857=VERTEX_POINT('',#1628);
#858=VERTEX_POINT('',#1630);
#859=VERTEX_POINT('',#1634);
#860=VERTEX_POINT('',#1636);
#861=VERTEX_POINT('',#1638);
#862=VERTEX_POINT('',#1640);
#863=VERTEX_POINT('',#1642);
#864=VERTEX_POINT('',#1758);
#865=VERTEX_POINT('',#1771);
#866=VERTEX_POINT('',#1792);
#867=VERTEX_POINT('',#1793);
#868=VERTEX_POINT('',#1795);
#869=VERTEX_POINT('',#1799);
#870=VERTEX_POINT('',#1800);
#871=VERTEX_POINT('',#1802);
#872=VERTEX_POINT('',#1806);
#873=VERTEX_POINT('',#1807);
#874=VERTEX_POINT('',#1809);
#875=VERTEX_POINT('',#1811);
#876=VERTEX_POINT('',#1813);
#877=VERTEX_POINT('',#1815);
#878=VERTEX_POINT('',#1818);
#879=VERTEX_POINT('',#1820);
#880=VERTEX_POINT('',#1823);
#881=VERTEX_POINT('',#1825);
#882=VERTEX_POINT('',#1827);
#883=VERTEX_POINT('',#1829);
#884=VERTEX_POINT('',#1831);
#885=VERTEX_POINT('',#1833);
#886=VERTEX_POINT('',#1835);
#887=VERTEX_POINT('',#1837);
#888=VERTEX_POINT('',#1839);
#889=VERTEX_POINT('',#1841);
#890=VERTEX_POINT('',#1843);
#891=VERTEX_POINT('',#1845);
#892=VERTEX_POINT('',#1847);
#893=VERTEX_POINT('',#1864);
#894=VERTEX_POINT('',#1866);
#895=VERTEX_POINT('',#1883);
#896=VERTEX_POINT('',#1885);
#897=VERTEX_POINT('',#1887);
#898=VERTEX_POINT('',#1889);
#899=VERTEX_POINT('',#1895);
#900=VERTEX_POINT('',#1897);
#901=VERTEX_POINT('',#1906);
#902=VERTEX_POINT('',#1908);
#903=VERTEX_POINT('',#1922);
#904=VERTEX_POINT('',#1924);
#905=VERTEX_POINT('',#1926);
#906=VERTEX_POINT('',#1935);
#907=EDGE_CURVE('',#814,#815,#1047,.T.);
#908=EDGE_CURVE('',#815,#816,#1048,.T.);
#909=EDGE_CURVE('',#816,#817,#1049,.T.);
#910=EDGE_CURVE('',#814,#817,#1050,.T.);
#911=EDGE_CURVE('',#818,#819,#1051,.T.);
#912=EDGE_CURVE('',#819,#820,#461,.T.);
#913=EDGE_CURVE('',#820,#821,#462,.T.);
#914=EDGE_CURVE('',#821,#822,#1052,.T.);
#915=EDGE_CURVE('',#822,#818,#463,.T.);
#916=EDGE_CURVE('',#823,#824,#1053,.T.);
#917=EDGE_CURVE('',#824,#825,#1054,.T.);
#918=EDGE_CURVE('',#825,#826,#1055,.T.);
#919=EDGE_CURVE('',#826,#823,#1056,.T.);
#920=EDGE_CURVE('',#827,#828,#1057,.T.);
#921=EDGE_CURVE('',#828,#829,#464,.T.);
#922=EDGE_CURVE('',#829,#830,#465,.T.);
#923=EDGE_CURVE('',#830,#831,#1058,.T.);
#924=EDGE_CURVE('',#831,#827,#466,.T.);
#925=EDGE_CURVE('',#832,#833,#1059,.T.);
#926=EDGE_CURVE('',#832,#834,#274,.T.);
#927=EDGE_CURVE('',#834,#835,#275,.T.);
#928=EDGE_CURVE('',#836,#835,#1060,.T.);
#929=EDGE_CURVE('',#836,#837,#276,.T.);
#930=EDGE_CURVE('',#837,#838,#277,.T.);
#931=EDGE_CURVE('',#839,#838,#1061,.T.);
#932=EDGE_CURVE('',#839,#840,#278,.T.);
#933=EDGE_CURVE('',#817,#840,#279,.T.);
#934=EDGE_CURVE('',#824,#816,#280,.T.);
#935=EDGE_CURVE('',#841,#823,#1062,.T.);
#936=EDGE_CURVE('',#842,#841,#281,.T.);
#937=EDGE_CURVE('',#843,#842,#1063,.T.);
#938=EDGE_CURVE('',#844,#843,#282,.T.);
#939=EDGE_CURVE('',#844,#845,#283,.T.);
#940=EDGE_CURVE('',#846,#845,#284,.T.);
#941=EDGE_CURVE('',#847,#846,#285,.T.);
#942=EDGE_CURVE('',#833,#847,#1064,.T.);
#943=EDGE_CURVE('',#848,#849,#286,.T.);
#944=EDGE_CURVE('',#849,#850,#287,.T.);
#945=EDGE_CURVE('',#851,#850,#1065,.T.);
#946=EDGE_CURVE('',#852,#851,#1066,.T.);
#947=EDGE_CURVE('',#853,#852,#288,.T.);
#948=EDGE_CURVE('',#854,#853,#289,.T.);
#949=EDGE_CURVE('',#854,#855,#290,.T.);
#950=EDGE_CURVE('',#856,#855,#291,.T.);
#951=EDGE_CURVE('',#857,#856,#1067,.T.);
#952=EDGE_CURVE('',#858,#857,#292,.T.);
#953=EDGE_CURVE('',#826,#858,#1068,.T.);
#954=EDGE_CURVE('',#815,#825,#293,.T.);
#955=EDGE_CURVE('',#859,#814,#294,.T.);
#956=EDGE_CURVE('',#859,#860,#295,.T.);
#957=EDGE_CURVE('',#861,#860,#1069,.T.);
#958=EDGE_CURVE('',#861,#862,#296,.T.);
#959=EDGE_CURVE('',#862,#863,#297,.T.);
#960=EDGE_CURVE('',#848,#863,#1070,.T.);
#961=EDGE_CURVE('',#850,#832,#1071,.T.);
#962=EDGE_CURVE('',#851,#833,#1072,.T.);
#963=EDGE_CURVE('',#863,#836,#1073,.T.);
#964=EDGE_CURVE('',#848,#835,#1074,.T.);
#965=EDGE_CURVE('',#860,#839,#1075,.T.);
#966=EDGE_CURVE('',#861,#838,#1076,.T.);
#967=EDGE_CURVE('',#859,#840,#1077,.T.);
#968=EDGE_CURVE('',#858,#841,#1078,.T.);
#969=EDGE_CURVE('',#857,#842,#1079,.T.);
#970=EDGE_CURVE('',#856,#843,#1080,.T.);
#971=EDGE_CURVE('',#855,#844,#1081,.T.);
#972=EDGE_CURVE('',#853,#846,#1082,.T.);
#973=EDGE_CURVE('',#852,#847,#1083,.T.);
#974=EDGE_CURVE('',#845,#854,#1084,.T.);
#975=EDGE_CURVE('',#834,#849,#1085,.T.);
#976=EDGE_CURVE('',#837,#862,#1086,.T.);
#977=EDGE_CURVE('',#829,#820,#298,.T.);
#978=EDGE_CURVE('',#828,#821,#299,.T.);
#979=EDGE_CURVE('',#830,#864,#300,.T.);
#980=EDGE_CURVE('',#819,#864,#467,.T.);
#981=EDGE_CURVE('',#864,#865,#1087,.T.);
#982=EDGE_CURVE('',#831,#865,#301,.T.);
#983=EDGE_CURVE('',#827,#822,#302,.T.);
#984=EDGE_CURVE('',#865,#818,#468,.T.);
#985=EDGE_CURVE('',#866,#867,#24,.T.);
#986=EDGE_CURVE('',#866,#868,#1088,.T.);
#987=EDGE_CURVE('',#867,#868,#303,.T.);
#988=EDGE_CURVE('',#869,#870,#304,.T.);
#989=EDGE_CURVE('',#869,#871,#1089,.T.);
#990=EDGE_CURVE('',#870,#871,#25,.T.);
#991=EDGE_CURVE('',#872,#873,#305,.T.);
#992=EDGE_CURVE('',#872,#874,#1090,.T.);
#993=EDGE_CURVE('',#874,#875,#306,.T.);
#994=EDGE_CURVE('',#875,#876,#307,.T.);
#995=EDGE_CURVE('',#876,#877,#308,.T.);
#996=EDGE_CURVE('',#877,#867,#309,.T.);
#997=EDGE_CURVE('',#868,#878,#310,.T.);
#998=EDGE_CURVE('',#878,#879,#311,.T.);
#999=EDGE_CURVE('',#879,#869,#312,.T.);
#1000=EDGE_CURVE('',#870,#880,#313,.T.);
#1001=EDGE_CURVE('',#880,#881,#314,.T.);
#1002=EDGE_CURVE('',#881,#882,#315,.T.);
#1003=EDGE_CURVE('',#882,#883,#316,.T.);
#1004=EDGE_CURVE('',#883,#884,#1091,.T.);
#1005=EDGE_CURVE('',#885,#884,#317,.T.);
#1006=EDGE_CURVE('',#885,#886,#1092,.T.);
#1007=EDGE_CURVE('',#886,#887,#318,.T.);
#1008=EDGE_CURVE('',#887,#888,#319,.T.);
#1009=EDGE_CURVE('',#889,#888,#320,.T.);
#1010=EDGE_CURVE('',#889,#890,#321,.T.);
#1011=EDGE_CURVE('',#891,#890,#322,.T.);
#1012=EDGE_CURVE('',#891,#892,#323,.T.);
#1013=EDGE_CURVE('',#892,#873,#1093,.T.);
#1014=EDGE_CURVE('',#890,#889,#469,.T.);
#1015=EDGE_CURVE('',#888,#893,#470,.T.);
#1016=EDGE_CURVE('',#893,#894,#324,.T.);
#1017=EDGE_CURVE('',#894,#891,#471,.T.);
#1018=EDGE_CURVE('',#875,#882,#1094,.T.);
#1019=EDGE_CURVE('',#881,#895,#325,.T.);
#1020=EDGE_CURVE('',#895,#896,#326,.T.);
#1021=EDGE_CURVE('',#896,#897,#1095,.T.);
#1022=EDGE_CURVE('',#897,#898,#327,.T.);
#1023=EDGE_CURVE('',#876,#898,#328,.T.);
#1024=EDGE_CURVE('',#887,#893,#1096,.T.);
#1025=EDGE_CURVE('',#896,#899,#329,.T.);
#1026=EDGE_CURVE('',#899,#900,#1097,.T.);
#1027=EDGE_CURVE('',#900,#897,#330,.T.);
#1028=EDGE_CURVE('',#878,#879,#1098,.T.);
#1029=EDGE_CURVE('',#901,#900,#473,.T.);
#1030=EDGE_CURVE('',#902,#901,#331,.T.);
#1031=EDGE_CURVE('',#898,#902,#332,.T.);
#1032=EDGE_CURVE('',#877,#902,#333,.T.);
#1033=EDGE_CURVE('',#901,#866,#474,.T.);
#1034=EDGE_CURVE('',#899,#903,#475,.T.);
#1035=EDGE_CURVE('',#904,#895,#334,.T.);
#1036=EDGE_CURVE('',#905,#904,#335,.T.);
#1037=EDGE_CURVE('',#903,#905,#336,.T.);
#1038=EDGE_CURVE('',#880,#904,#337,.T.);
#1039=EDGE_CURVE('',#871,#906,#476,.T.);
#1040=EDGE_CURVE('',#906,#905,#26,.T.);
#1041=EDGE_CURVE('',#874,#883,#1099,.T.);
#1042=EDGE_CURVE('',#886,#892,#1100,.T.);
#1043=EDGE_CURVE('',#891,#894,#1101,.T.);
#1044=EDGE_CURVE('',#884,#872,#1102,.T.);
#1045=EDGE_CURVE('',#873,#885,#1103,.T.);
#1046=EDGE_CURVE('',#903,#906,#1104,.T.);
#1047=CIRCLE('',#1106,23.0633670147392);
#1048=CIRCLE('',#1107,2.);
#1049=CIRCLE('',#1108,23.0633670147392);
#1050=CIRCLE('',#1109,5.04984193569704);
#1051=CIRCLE('',#1110,4.24288641852134);
#1052=CIRCLE('',#1111,2.61599999999993);
#1053=CIRCLE('',#1112,25.8603087862362);
#1054=CIRCLE('',#1113,2.);
#1055=CIRCLE('',#1114,25.8603087862362);
#1056=CIRCLE('',#1115,17.);
#1057=CIRCLE('',#1116,2.61599999999993);
#1058=CIRCLE('',#1117,3.96820214502012);
#1059=CIRCLE('',#1118,23.0633670147392);
#1060=CIRCLE('',#1119,23.0633670147392);
#1061=CIRCLE('',#1120,23.0633670147392);
#1062=CIRCLE('',#1121,77.1131839499913);
#1063=CIRCLE('',#1122,2.5);
#1064=CIRCLE('',#1123,77.11318394999);
#1065=CIRCLE('',#1125,23.0633670147392);
#1066=CIRCLE('',#1126,77.11318394999);
#1067=CIRCLE('',#1127,2.5);
#1068=CIRCLE('',#1128,77.1131839499913);
#1069=CIRCLE('',#1129,23.0633670147392);
#1070=CIRCLE('',#1130,23.0633670147392);
#1071=CIRCLE('',#1132,13.0982202000044);
#1072=CIRCLE('',#1133,15.);
#1073=CIRCLE('',#1134,11.1777620827283);
#1074=CIRCLE('',#1135,12.4076702234397);
#1075=CIRCLE('',#1136,6.50096024900558);
#1076=CIRCLE('',#1137,9.97612712302337);
#1077=CIRCLE('',#1138,5.0084949118349);
#1078=CIRCLE('',#1140,19.5);
#1079=CIRCLE('',#1141,19.9149573381208);
#1080=CIRCLE('',#1143,18.0014762482299);
#1081=CIRCLE('',#1145,17.6147014604426);
#1082=CIRCLE('',#1147,17.5149968845363);
#1083=CIRCLE('',#1148,17.5);
#1084=CIRCLE('',#1151,17.6147014604425);
#1085=CIRCLE('',#1154,13.0064280515746);
#1086=CIRCLE('',#1157,10.8390950420164);
#1087=CIRCLE('',#1163,3.96820214502012);
#1088=CIRCLE('',#1169,2.616);
#1089=CIRCLE('',#1171,2.616);
#1090=CIRCLE('',#1174,0.55);
#1091=CIRCLE('',#1175,0.55);
#1092=CIRCLE('',#1176,0.55);
#1093=CIRCLE('',#1177,0.55);
#1094=CIRCLE('',#1179,2.61377797295367);
#1095=CIRCLE('',#1180,2.616);
#1096=CIRCLE('',#1182,1.50232745589211);
#1097=CIRCLE('',#1184,2.616);
#1098=CIRCLE('',#1186,1.99308016758807);
#1099=CIRCLE('',#1195,2.61377797295367);
#1100=CIRCLE('',#1197,1.50232745589211);
#1101=CIRCLE('',#1198,1.50232745589211);
#1102=CIRCLE('',#1200,2.06377797295367);
#1103=CIRCLE('',#1201,2.05232745589211);
#1104=CIRCLE('',#1205,2.63428738446709);
#1105=AXIS2_PLACEMENT_3D('',#1485,#1210,#1211);
#1106=AXIS2_PLACEMENT_3D('',#1486,#1212,#1213);
#1107=AXIS2_PLACEMENT_3D('',#1489,#1214,#1215);
#1108=AXIS2_PLACEMENT_3D('',#1491,#1216,#1217);
#1109=AXIS2_PLACEMENT_3D('',#1493,#1218,#1219);
#1110=AXIS2_PLACEMENT_3D('',#1494,#1220,#1221);
#1111=AXIS2_PLACEMENT_3D('',#1510,#1222,#1223);
#1112=AXIS2_PLACEMENT_3D('',#1532,#1224,#1225);
#1113=AXIS2_PLACEMENT_3D('',#1535,#1226,#1227);
#1114=AXIS2_PLACEMENT_3D('',#1537,#1228,#1229);
#1115=AXIS2_PLACEMENT_3D('',#1539,#1230,#1231);
#1116=AXIS2_PLACEMENT_3D('',#1540,#1232,#1233);
#1117=AXIS2_PLACEMENT_3D('',#1553,#1234,#1235);
#1118=AXIS2_PLACEMENT_3D('',#1575,#1236,#1237);
#1119=AXIS2_PLACEMENT_3D('',#1582,#1240,#1241);
#1120=AXIS2_PLACEMENT_3D('',#1588,#1244,#1245);
#1121=AXIS2_PLACEMENT_3D('',#1594,#1249,#1250);
#1122=AXIS2_PLACEMENT_3D('',#1598,#1252,#1253);
#1123=AXIS2_PLACEMENT_3D('',#1608,#1258,#1259);
#1124=AXIS2_PLACEMENT_3D('',#1609,#1260,#1261);
#1125=AXIS2_PLACEMENT_3D('',#1615,#1264,#1265);
#1126=AXIS2_PLACEMENT_3D('',#1617,#1266,#1267);
#1127=AXIS2_PLACEMENT_3D('',#1627,#1272,#1273);
#1128=AXIS2_PLACEMENT_3D('',#1631,#1275,#1276);
#1129=AXIS2_PLACEMENT_3D('',#1637,#1280,#1281);
#1130=AXIS2_PLACEMENT_3D('',#1643,#1284,#1285);
#1131=AXIS2_PLACEMENT_3D('',#1644,#1286,#1287);
#1132=AXIS2_PLACEMENT_3D('',#1645,#1288,#1289);
#1133=AXIS2_PLACEMENT_3D('',#1646,#1290,#1291);
#1134=AXIS2_PLACEMENT_3D('',#1663,#1292,#1293);
#1135=AXIS2_PLACEMENT_3D('',#1664,#1294,#1295);
#1136=AXIS2_PLACEMENT_3D('',#1681,#1296,#1297);
#1137=AXIS2_PLACEMENT_3D('',#1682,#1298,#1299);
#1138=AXIS2_PLACEMENT_3D('',#1699,#1300,#1301);
#1139=AXIS2_PLACEMENT_3D('',#1700,#1302,#1303);
#1140=AXIS2_PLACEMENT_3D('',#1701,#1304,#1305);
#1141=AXIS2_PLACEMENT_3D('',#1718,#1306,#1307);
#1142=AXIS2_PLACEMENT_3D('',#1719,#1308,#1309);
#1143=AXIS2_PLACEMENT_3D('',#1720,#1310,#1311);
#1144=AXIS2_PLACEMENT_3D('',#1721,#1312,#1313);
#1145=AXIS2_PLACEMENT_3D('',#1722,#1314,#1315);
#1146=AXIS2_PLACEMENT_3D('',#1723,#1316,#1317);
#1147=AXIS2_PLACEMENT_3D('',#1724,#1318,#1319);
#1148=AXIS2_PLACEMENT_3D('',#1725,#1320,#1321);
#1149=AXIS2_PLACEMENT_3D('',#1726,#1322,#1323);
#1150=AXIS2_PLACEMENT_3D('',#1743,#1324,#1325);
#1151=AXIS2_PLACEMENT_3D('',#1744,#1326,#1327);
#1152=AXIS2_PLACEMENT_3D('',#1745,#1328,#1329);
#1153=AXIS2_PLACEMENT_3D('',#1746,#1330,#1331);
#1154=AXIS2_PLACEMENT_3D('',#1747,#1332,#1333);
#1155=AXIS2_PLACEMENT_3D('',#1748,#1334,#1335);
#1156=AXIS2_PLACEMENT_3D('',#1749,#1336,#1337);
#1157=AXIS2_PLACEMENT_3D('',#1750,#1338,#1339);
#1158=AXIS2_PLACEMENT_3D('',#1751,#1340,#1341);
#1159=AXIS2_PLACEMENT_3D('',#1752,#1342,#1343);
#1160=AXIS2_PLACEMENT_3D('',#1753,#1344,#1345);
#1161=AXIS2_PLACEMENT_3D('',#1756,#1348,#1349);
#1162=AXIS2_PLACEMENT_3D('',#1769,#1351,#1352);
#1163=AXIS2_PLACEMENT_3D('',#1770,#1353,#1354);
#1164=AXIS2_PLACEMENT_3D('',#1773,#1356,#1357);
#1165=AXIS2_PLACEMENT_3D('',#1788,#1359,#1360);
#1166=AXIS2_PLACEMENT_3D('',#1789,#1361,#1362);
#1167=AXIS2_PLACEMENT_3D('',#1790,#1363,#1364);
#1168=AXIS2_PLACEMENT_3D('',#1791,#1365,#1366);
#1169=AXIS2_PLACEMENT_3D('',#1794,#1367,#1368);
#1170=AXIS2_PLACEMENT_3D('',#1797,#1370,#1371);
#1171=AXIS2_PLACEMENT_3D('',#1801,#1373,#1374);
#1172=AXIS2_PLACEMENT_3D('',#1803,#1375,#1376);
#1173=AXIS2_PLACEMENT_3D('',#1804,#1377,#1378);
#1174=AXIS2_PLACEMENT_3D('',#1808,#1380,#1381);
#1175=AXIS2_PLACEMENT_3D('',#1830,#1393,#1394);
#1176=AXIS2_PLACEMENT_3D('',#1834,#1396,#1397);
#1177=AXIS2_PLACEMENT_3D('',#1848,#1404,#1405);
#1178=AXIS2_PLACEMENT_3D('',#1849,#1406,#1407);
#1179=AXIS2_PLACEMENT_3D('',#1881,#1410,#1411);
#1180=AXIS2_PLACEMENT_3D('',#1886,#1414,#1415);
#1181=AXIS2_PLACEMENT_3D('',#1891,#1418,#1419);
#1182=AXIS2_PLACEMENT_3D('',#1892,#1420,#1421);
#1183=AXIS2_PLACEMENT_3D('',#1893,#1422,#1423);
#1184=AXIS2_PLACEMENT_3D('',#1896,#1425,#1426);
#1185=AXIS2_PLACEMENT_3D('',#1899,#1428,#1429);
#1186=AXIS2_PLACEMENT_3D('',#1900,#1430,#1431);
#1187=AXIS2_PLACEMENT_3D('',#1901,#1432,#1433);
#1188=AXIS2_PLACEMENT_3D('',#1910,#1436,#1437);
#1189=AXIS2_PLACEMENT_3D('',#1912,#1439,#1440);
#1190=AXIS2_PLACEMENT_3D('',#1917,#1441,#1442);
#1191=AXIS2_PLACEMENT_3D('',#1928,#1446,#1447);
#1192=AXIS2_PLACEMENT_3D('',#1930,#1449,#1450);
#1193=AXIS2_PLACEMENT_3D('',#1936,#1451,#1452);
#1194=AXIS2_PLACEMENT_3D('',#1937,#1453,#1454);
#1195=AXIS2_PLACEMENT_3D('',#1938,#1455,#1456);
#1196=AXIS2_PLACEMENT_3D('',#1939,#1457,#1458);
#1197=AXIS2_PLACEMENT_3D('',#1940,#1459,#1460);
#1198=AXIS2_PLACEMENT_3D('',#1941,#1461,#1462);
#1199=AXIS2_PLACEMENT_3D('',#1942,#1463,#1464);
#1200=AXIS2_PLACEMENT_3D('',#1943,#1465,#1466);
#1201=AXIS2_PLACEMENT_3D('',#1944,#1467,#1468);
#1202=AXIS2_PLACEMENT_3D('',#1945,#1469,#1470);
#1203=AXIS2_PLACEMENT_3D('',#1946,#1471,#1472);
#1204=AXIS2_PLACEMENT_3D('',#1947,#1473,#1474);
#1205=AXIS2_PLACEMENT_3D('',#1948,#1475,#1476);
#1206=AXIS2_PLACEMENT_3D('',#1949,#1477,#1478);
#1207=AXIS2_PLACEMENT_3D('',#1950,#1479,#1480);
#1208=AXIS2_PLACEMENT_3D('',#1951,#1481,#1482);
#1209=AXIS2_PLACEMENT_3D('',#1952,#1483,#1484);
#1210=DIRECTION('',(0.,0.,1.));
#1211=DIRECTION('',(1.,0.,0.));
#1212=DIRECTION('',(2.34291072916505E-15,0.,-1.));
#1213=DIRECTION('',(-1.,0.,-2.34291072916505E-15));
#1214=DIRECTION('',(0.,-1.,0.));
#1215=DIRECTION('',(0.,0.,1.));
#1216=DIRECTION('',(0.,0.,-1.));
#1217=DIRECTION('',(1.,0.,0.));
#1218=DIRECTION('',(0.,-1.,0.));
#1219=DIRECTION('',(0.,0.,-1.));
#1220=DIRECTION('',(0.,-1.,0.));
#1221=DIRECTION('',(0.,0.,1.));
#1222=DIRECTION('',(0.,1.,0.));
#1223=DIRECTION('',(0.,0.,1.));
#1224=DIRECTION('',(0.,0.,1.));
#1225=DIRECTION('',(1.,1.34161079847592E-16,0.));
#1226=DIRECTION('',(0.,1.,0.));
#1227=DIRECTION('',(0.,0.,1.));
#1228=DIRECTION('',(-2.34291072916505E-15,0.,1.));
#1229=DIRECTION('',(-1.,1.34161079847592E-16,-2.34291072916505E-15));
#1230=DIRECTION('',(0.,-1.,0.));
#1231=DIRECTION('',(0.,0.,-1.));
#1232=DIRECTION('',(0.,-1.,0.));
#1233=DIRECTION('',(0.,0.,1.));
#1234=DIRECTION('',(0.,1.,0.));
#1235=DIRECTION('',(0.,0.,1.));
#1236=DIRECTION('',(0.,0.,-1.));
#1237=DIRECTION('',(1.,0.,0.));
#1238=DIRECTION('',(0.366642634480695,-0.930361853571531,8.59010962094159E-16));
#1239=DIRECTION('',(0.519304457118162,-0.85458930534919,1.21668398428537E-15));
#1240=DIRECTION('',(0.,0.,-1.));
#1241=DIRECTION('',(1.,0.,0.));
#1242=DIRECTION('',(0.559444842810478,-0.828867581615278,1.31072932459672E-15));
#1243=DIRECTION('',(0.662388508891318,-0.749160505692028,1.55191714435711E-15));
#1244=DIRECTION('',(0.,0.,-1.));
#1245=DIRECTION('',(1.,0.,0.));
#1246=DIRECTION('',(0.830757564942229,-0.556634411702383,1.94639081223818E-15));
#1247=DIRECTION('',(1.,0.,0.));
#1248=DIRECTION('',(0.,1.,0.));
#1249=DIRECTION('',(0.,0.,1.));
#1250=DIRECTION('',(1.,1.34974855436014E-16,0.));
#1251=DIRECTION('',(0.0343605863533494,-0.99940950070802,0.));
#1252=DIRECTION('',(0.,0.,1.));
#1253=DIRECTION('',(1.,0.,0.));
#1254=DIRECTION('',(-0.0343605863533811,0.999409500708019,0.));
#1255=DIRECTION('',(0.,-1.,0.));
#1256=DIRECTION('',(-1.,0.,-2.34291072916505E-15));
#1257=DIRECTION('',(-0.0343605863533786,0.999409500708019,0.));
#1258=DIRECTION('',(0.,0.,-1.));
#1259=DIRECTION('',(1.,0.,0.));
#1260=DIRECTION('',(2.34291072916505E-15,0.,-1.));
#1261=DIRECTION('',(-1.,0.,-2.34291072916505E-15));
#1262=DIRECTION('',(0.519304457118163,0.85458930534919,1.21668398428537E-15));
#1263=DIRECTION('',(0.366642634480696,0.930361853571531,8.59010962094161E-16));
#1264=DIRECTION('',(2.34291072916505E-15,0.,-1.));
#1265=DIRECTION('',(-1.,0.,-2.34291072916505E-15));
#1266=DIRECTION('',(2.34291072916505E-15,0.,-1.));
#1267=DIRECTION('',(-1.,0.,-2.34291072916505E-15));
#1268=DIRECTION('',(-0.0343605863533786,-0.999409500708019,-8.05037864277328E-17));
#1269=DIRECTION('',(-1.,0.,-2.34291072916505E-15));
#1270=DIRECTION('',(0.,1.,0.));
#1271=DIRECTION('',(-0.0343605863533811,-0.999409500708019,-8.05037864277387E-17));
#1272=DIRECTION('',(-2.34291072916505E-15,0.,1.));
#1273=DIRECTION('',(-0.999999999999999,0.,-2.34291072916505E-15));
#1274=DIRECTION('',(0.0343605863533494,0.99940950070802,8.05037864276644E-17));
#1275=DIRECTION('',(-2.34291072916505E-15,0.,1.));
#1276=DIRECTION('',(-1.,1.34974855436014E-16,-2.34291072916505E-15));
#1277=DIRECTION('',(0.,-1.,0.));
#1278=DIRECTION('',(1.,0.,2.34291072916505E-15));
#1279=DIRECTION('',(0.83075756494223,0.556634411702382,1.94639081223818E-15));
#1280=DIRECTION('',(2.34291072916505E-15,0.,-1.));
#1281=DIRECTION('',(-1.,0.,-2.34291072916505E-15));
#1282=DIRECTION('',(0.662388508891319,0.749160505692028,1.55191714435711E-15));
#1283=DIRECTION('',(0.559444842810478,0.828867581615278,1.31072932459672E-15));
#1284=DIRECTION('',(2.34291072916505E-15,0.,-1.));
#1285=DIRECTION('',(-1.,0.,-2.34291072916505E-15));
#1286=DIRECTION('',(2.34291072916505E-15,0.,-1.));
#1287=DIRECTION('',(-1.,0.,-2.34291072916505E-15));
#1288=DIRECTION('',(-3.88578058618805E-16,-1.,3.48939338860618E-30));
#1289=DIRECTION('',(1.,-3.97318898939313E-16,0.));
#1290=DIRECTION('',(0.,-1.,0.));
#1291=DIRECTION('',(0.,0.,-1.));
#1292=DIRECTION('',(-3.88578058618805E-16,-1.,3.48939338860618E-30));
#1293=DIRECTION('',(-1.,3.87985417639476E-16,0.));
#1294=DIRECTION('',(0.,-1.,0.));
#1295=DIRECTION('',(0.,0.,-1.));
#1296=DIRECTION('',(0.,-1.,0.));
#1297=DIRECTION('',(0.,0.,-1.));
#1298=DIRECTION('',(0.,-1.,0.));
#1299=DIRECTION('',(0.,0.,-1.));
#1300=DIRECTION('',(-3.88578058618805E-16,-1.,3.48939338860618E-30));
#1301=DIRECTION('',(1.,-3.4635624204743E-16,0.));
#1302=DIRECTION('',(0.,-1.,0.));
#1303=DIRECTION('',(0.,0.,-1.));
#1304=DIRECTION('',(0.,-1.,0.));
#1305=DIRECTION('',(0.,0.,-1.));
#1306=DIRECTION('',(0.,-1.,0.));
#1307=DIRECTION('',(0.,0.,-1.));
#1308=DIRECTION('',(0.,1.,0.));
#1309=DIRECTION('',(0.,-1.80294939117658E-15,1.));
#1310=DIRECTION('',(0.,-1.,0.));
#1311=DIRECTION('',(0.,0.,-1.));
#1312=DIRECTION('',(0.,-1.,0.));
#1313=DIRECTION('',(0.,0.,-1.));
#1314=DIRECTION('',(0.,-1.,0.));
#1315=DIRECTION('',(0.,0.,-1.));
#1316=DIRECTION('',(0.,1.,0.));
#1317=DIRECTION('',(0.,1.06714102089964E-15,1.));
#1318=DIRECTION('',(0.,-1.,0.));
#1319=DIRECTION('',(0.,0.,-1.));
#1320=DIRECTION('',(0.,-1.,0.));
#1321=DIRECTION('',(0.,0.,-1.));
#1322=DIRECTION('',(0.,1.,0.));
#1323=DIRECTION('',(0.,-1.06961277798877E-15,1.));
#1324=DIRECTION('',(0.,1.,0.));
#1325=DIRECTION('',(0.,0.,1.));
#1326=DIRECTION('',(0.,1.,0.));
#1327=DIRECTION('',(1.,0.,-6.12323399573676E-17));
#1328=DIRECTION('',(0.,1.,0.));
#1329=DIRECTION('',(0.,0.,1.));
#1330=DIRECTION('',(0.,-1.,0.));
#1331=DIRECTION('',(0.,0.,-1.));
#1332=DIRECTION('',(3.88578058618805E-16,1.,-3.48939338860618E-30));
#1333=DIRECTION('',(1.,-4.00122955149118E-16,0.));
#1334=DIRECTION('',(3.88578058618805E-16,1.,-3.48939338860618E-30));
#1335=DIRECTION('',(-1.,4.2063425409379E-16,-3.96863424061466E-46));
#1336=DIRECTION('',(3.88578058618805E-16,1.,-3.48939338860618E-30));
#1337=DIRECTION('',(-1.,2.1833990926578E-16,-2.45336717039165E-46));
#1338=DIRECTION('',(3.88578058618805E-16,1.,-3.48939338860618E-30));
#1339=DIRECTION('',(1.,-4.00108004693282E-16,0.));
#1340=DIRECTION('',(3.88578058618805E-16,1.,-3.48939338860618E-30));
#1341=DIRECTION('',(-1.,3.98753079258332E-16,4.02159901536744E-46));
#1342=DIRECTION('',(3.88578058618805E-16,1.,-3.48939338860618E-30));
#1343=DIRECTION('',(-1.,3.36279328739982E-16,6.95326459318916E-47));
#1344=DIRECTION('',(3.88578058618805E-16,1.,-3.48939338860618E-30));
#1345=DIRECTION('',(-1.,3.65700429257331E-16,5.47759693032248E-48));
#1346=DIRECTION('',(0.,1.,0.));
#1347=DIRECTION('',(0.,1.,0.));
#1348=DIRECTION('',(0.000103308419309565,0.,0.999999994663685));
#1349=DIRECTION('',(0.999999994663685,0.,-0.000103308419309565));
#1350=DIRECTION('',(0.,1.,0.));
#1351=DIRECTION('',(0.00543612945899022,0.,0.99998522413909));
#1352=DIRECTION('',(0.999985224139089,0.,-0.00543612945899022));
#1353=DIRECTION('',(0.,1.,0.));
#1354=DIRECTION('',(0.,0.,1.));
#1355=DIRECTION('',(0.,1.,0.));
#1356=DIRECTION('',(0.,-1.,0.));
#1357=DIRECTION('',(0.,0.,-1.));
#1358=DIRECTION('',(0.,1.,0.));
#1359=DIRECTION('',(-2.37455560245804E-15,0.,1.));
#1360=DIRECTION('',(1.,0.,2.37461959817775E-15));
#1361=DIRECTION('',(0.,-1.,0.));
#1362=DIRECTION('',(0.,0.,-1.));
#1363=DIRECTION('',(0.,1.,0.));
#1364=DIRECTION('',(0.,0.,1.));
#1365=DIRECTION('',(-0.634087076898901,0.773261649708433,0.));
#1366=DIRECTION('',(-0.773261649708433,-0.634087076898901,0.));
#1367=DIRECTION('',(-5.66790795115519E-16,1.,-7.77156117237609E-16));
#1368=DIRECTION('',(0.,1.32624118958471E-15,1.));
#1369=DIRECTION('',(0.,-1.,0.));
#1370=DIRECTION('',(0.,-1.,0.));
#1371=DIRECTION('',(0.,0.,-1.));
#1372=DIRECTION('',(0.,1.,0.));
#1373=DIRECTION('',(-5.66790795115519E-16,1.,-7.77156117237609E-16));
#1374=DIRECTION('',(0.,1.32624118958471E-15,1.));
#1375=DIRECTION('',(0.61515294371203,0.788407797933547,0.));
#1376=DIRECTION('',(0.788407797933547,-0.61515294371203,0.));
#1377=DIRECTION('',(0.,-1.,0.));
#1378=DIRECTION('',(0.,0.,-1.));
#1379=DIRECTION('',(-1.,0.,0.));
#1380=DIRECTION('',(0.,0.,-1.));
#1381=DIRECTION('',(-1.,0.,0.));
#1382=DIRECTION('',(0.,-1.,0.));
#1383=DIRECTION('',(1.,0.,0.));
#1384=DIRECTION('',(0.535562673936682,-0.844495483875308,0.));
#1385=DIRECTION('',(-0.773261649708433,-0.634087076898901,0.));
#1386=DIRECTION('',(-0.91642660800589,-0.400202788769418,-1.23656982459591E-17));
#1387=DIRECTION('',(-1.,0.,0.));
#1388=DIRECTION('',(-0.91642660800589,0.400202788769416,1.51269994328797E-15));
#1389=DIRECTION('',(-0.788407797933547,0.61515294371203,0.));
#1390=DIRECTION('',(0.541820764192408,0.840494056784434,0.));
#1391=DIRECTION('',(1.,0.,0.));
#1392=DIRECTION('',(0.,1.,0.));
#1393=DIRECTION('',(0.,0.,-1.));
#1394=DIRECTION('',(-1.,0.,0.));
#1395=DIRECTION('',(-1.,0.,0.));
#1396=DIRECTION('',(0.,0.,-1.));
#1397=DIRECTION('',(-1.,0.,0.));
#1398=DIRECTION('',(0.,-1.,0.));
#1399=DIRECTION('',(1.,0.,0.));
#1400=DIRECTION('',(0.,1.,0.));
#1401=DIRECTION('',(1.,9.18258138786111E-16,0.));
#1402=DIRECTION('',(0.,-1.,0.));
#1403=DIRECTION('',(0.,1.,0.));
#1404=DIRECTION('',(0.,0.,-1.));
#1405=DIRECTION('',(-1.,0.,0.));
#1406=DIRECTION('',(0.,0.,-1.));
#1407=DIRECTION('',(-1.,0.,0.));
#1408=DIRECTION('',(0.,-1.,0.));
#1409=DIRECTION('',(0.,-1.,0.));
#1410=DIRECTION('',(0.,-1.,0.));
#1411=DIRECTION('',(0.,0.,1.));
#1412=DIRECTION('',(0.,0.,1.));
#1413=DIRECTION('',(1.,0.,0.));
#1414=DIRECTION('',(0.,1.,0.));
#1415=DIRECTION('',(0.,0.,1.));
#1416=DIRECTION('',(1.,0.,0.));
#1417=DIRECTION('',(0.,0.,1.));
#1418=DIRECTION('',(0.,1.,0.));
#1419=DIRECTION('',(0.,0.,1.));
#1420=DIRECTION('',(0.,1.,0.));
#1421=DIRECTION('',(0.,0.,1.));
#1422=DIRECTION('',(0.,1.,0.));
#1423=DIRECTION('',(0.,0.,1.));
#1424=DIRECTION('',(0.,-1.,0.));
#1425=DIRECTION('',(-5.66790795115519E-16,1.,-7.77156117237609E-16));
#1426=DIRECTION('',(0.,1.32624118958471E-15,1.));
#1427=DIRECTION('',(0.,1.,0.));
#1428=DIRECTION('',(0.,-1.,0.));
#1429=DIRECTION('',(0.,0.,-1.));
#1430=DIRECTION('',(0.,-1.,0.));
#1431=DIRECTION('',(0.,0.,1.));
#1432=DIRECTION('',(0.,1.,0.));
#1433=DIRECTION('',(0.,0.,1.));
#1434=DIRECTION('',(-0.773261649708433,-0.634087076898901,0.));
#1435=DIRECTION('',(0.535562673936682,-0.844495483875308,0.));
#1436=DIRECTION('',(0.,0.,1.));
#1437=DIRECTION('',(1.,0.,0.));
#1438=DIRECTION('',(0.,0.,1.));
#1439=DIRECTION('',(-0.844495483875308,-0.535562673936682,0.));
#1440=DIRECTION('',(0.535562673936682,-0.844495483875308,0.));
#1441=DIRECTION('',(-0.634087076898901,0.773261649708433,0.));
#1442=DIRECTION('',(-0.773261649708433,-0.634087076898901,0.));
#1443=DIRECTION('',(0.541820764192408,0.840494056784434,0.));
#1444=DIRECTION('',(-0.788407797933547,0.61515294371203,0.));
#1445=DIRECTION('',(5.66790795115519E-16,-1.,7.77156117237609E-16));
#1446=DIRECTION('',(0.,0.,1.));
#1447=DIRECTION('',(1.,0.,0.));
#1448=DIRECTION('',(0.,0.,1.));
#1449=DIRECTION('',(0.840494056784434,-0.541820764192408,0.));
#1450=DIRECTION('',(0.541820764192408,0.840494056784434,0.));
#1451=DIRECTION('',(0.61515294371203,0.788407797933547,9.86076131526265E-32));
#1452=DIRECTION('',(-0.788407797933547,0.61515294371203,-1.2633543010426E-15));
#1453=DIRECTION('',(0.61515294371203,0.788407797933547,0.));
#1454=DIRECTION('',(-0.788407797933547,0.61515294371203,0.));
#1455=DIRECTION('',(0.,-1.,0.));
#1456=DIRECTION('',(0.,0.,1.));
#1457=DIRECTION('',(0.,-1.,0.));
#1458=DIRECTION('',(0.,0.,-1.));
#1459=DIRECTION('',(0.,1.,0.));
#1460=DIRECTION('',(0.,0.,1.));
#1461=DIRECTION('',(0.,-1.,0.));
#1462=DIRECTION('',(-1.,0.,1.83697019872103E-16));
#1463=DIRECTION('',(0.,-1.,0.));
#1464=DIRECTION('',(0.,0.,-1.));
#1465=DIRECTION('',(0.,1.,0.));
#1466=DIRECTION('',(0.,0.,1.));
#1467=DIRECTION('',(0.,-1.,0.));
#1468=DIRECTION('',(0.,0.,1.));
#1469=DIRECTION('',(0.,1.,0.));
#1470=DIRECTION('',(0.,0.,1.));
#1471=DIRECTION('',(0.,1.,0.));
#1472=DIRECTION('',(0.,0.,1.));
#1473=DIRECTION('',(9.18258138786111E-16,-1.,2.15139684550511E-30));
#1474=DIRECTION('',(1.,9.17668718791731E-16,0.));
#1475=DIRECTION('',(5.66790795115519E-16,-1.,7.77156117237609E-16));
#1476=DIRECTION('',(0.,1.31703434196701E-15,1.));
#1477=DIRECTION('',(-5.66790795115519E-16,1.,-7.77156117237609E-16));
#1478=DIRECTION('',(0.,7.85671943614754E-16,1.));
#1479=DIRECTION('',(-5.66790795115519E-16,1.,-7.77156117237609E-16));
#1480=DIRECTION('',(0.,1.31703434196701E-15,1.));
#1481=DIRECTION('',(0.,1.,0.));
#1482=DIRECTION('',(0.,0.,1.));
#1483=DIRECTION('',(0.,1.,0.));
#1484=DIRECTION('',(0.,0.,1.));
#1485=CARTESIAN_POINT('',(0.,0.,0.));
#1486=CARTESIAN_POINT('',(-0.602036572699929,6.97690928690603,-1.71080198309339E-14));
#1487=CARTESIAN_POINT('',(11.7498419356969,-12.4999999999999,1.18313288517322E-14));
#1488=CARTESIAN_POINT('',(8.69999999999982,-14.1273797003287,4.68582145833004E-15));
#1489=CARTESIAN_POINT('',(6.69999999999984,-14.1273797003287,0.));
#1490=CARTESIAN_POINT('',(4.69999999999985,-14.1273797003287,0.));
#1491=CARTESIAN_POINT('',(14.0020365726996,6.97690928690603,0.));
#1492=CARTESIAN_POINT('',(1.6501580643028,-12.4999999999999,0.));
#1493=CARTESIAN_POINT('',(6.69999999999984,-12.4999999999999,0.));
#1494=CARTESIAN_POINT('',(6.69999999999984,-12.9889027722949,0.));
#1495=CARTESIAN_POINT('',(10.7649021095755,-12.9889027722976,1.21600000000001));
#1496=CARTESIAN_POINT('',(2.63631759119338,-12.9889027722949,1.22006985079944));
#1497=CARTESIAN_POINT('',(2.63631759119338,-12.9889027722949,1.22006985079944));
#1498=CARTESIAN_POINT('',(2.73156440487209,-13.0417377013161,1.21955206913906));
#1499=CARTESIAN_POINT('',(2.82723187694135,-13.0938216273519,1.21903200069142));
#1500=CARTESIAN_POINT('',(2.92331154573457,-13.1451263812848,1.21850969145591));
#1501=CARTESIAN_POINT('',(3.06978044689116,-13.2233380469477,1.21771345578244));
#1502=CARTESIAN_POINT('',(3.21722535559011,-13.2997514417378,1.21691191432722));
#1503=CARTESIAN_POINT('',(3.36562445050422,-13.3742356377841,1.21610518571556));
#1504=CARTESIAN_POINT('',(3.36562445050422,-13.3742356377841,1.21610518571556));
#1505=CARTESIAN_POINT('',(3.36562445050422,-13.3742356377841,1.21610518571556));
#1506=CARTESIAN_POINT('',(3.69993398177622,-13.5417059343015,1.21607064872614));
#1507=CARTESIAN_POINT('',(4.03927447220777,-13.6996826573685,1.21603559199628));
#1508=CARTESIAN_POINT('',(4.3837962093113,-13.8449890078977,1.21600000000001));
#1509=CARTESIAN_POINT('',(4.3837962093113,-13.8449890078977,1.21600000000001));
#1510=CARTESIAN_POINT('',(6.69999999999984,-13.8449890078977,0.));
#1511=CARTESIAN_POINT('',(9.01620379068833,-13.8449890078977,1.21599999999997));
#1512=CARTESIAN_POINT('',(9.01620379068833,-13.8449890078977,1.216));
#1513=CARTESIAN_POINT('',(9.61599194854237,-13.5920345719519,1.216));
#1514=CARTESIAN_POINT('',(10.1971880773885,-13.3034040223401,1.216));
#1515=CARTESIAN_POINT('',(10.7649021095755,-12.9889027722976,1.21600000000001));
#1516=CARTESIAN_POINT('',(11.7498419356969,-12.4999999999999,1.20249780948652E-14));
#1517=CARTESIAN_POINT('',(11.7498419356969,-12.4999999999999,10.0996838713941));
#1518=CARTESIAN_POINT('',(1.65015806430281,-12.4999999999999,10.099683871394));
#1519=CARTESIAN_POINT('',(1.65015806430281,-12.4999999999999,2.04893107195843E-15));
#1520=CARTESIAN_POINT('',(10.7749124856706,-13.1182813681366,9.70341923621415E-15));
#1521=CARTESIAN_POINT('',(10.7749124856706,-13.1182813681366,8.14982497134152));
#1522=CARTESIAN_POINT('',(2.62508751432908,-13.1182813681366,8.14982497134151));
#1523=CARTESIAN_POINT('',(2.62508751432908,-13.1182813681366,1.65336161284218E-15));
#1524=CARTESIAN_POINT('',(9.75638900671726,-13.6617601676627,7.27805173373028E-15));
#1525=CARTESIAN_POINT('',(9.75638900671725,-13.6617601676627,6.11277801343483));
#1526=CARTESIAN_POINT('',(3.64361099328243,-13.6617601676627,6.11277801343482));
#1527=CARTESIAN_POINT('',(3.64361099328243,-13.6617601676627,1.24010424159762E-15));
#1528=CARTESIAN_POINT('',(8.69999999999983,-14.1273797003287,4.76251662843591E-15));
#1529=CARTESIAN_POINT('',(8.69999999999982,-14.1273797003287,3.99999999999996));
#1530=CARTESIAN_POINT('',(4.69999999999987,-14.1273797003287,3.99999999999995));
#1531=CARTESIAN_POINT('',(4.69999999999986,-14.1273797003287,8.11483249594262E-16));
#1532=CARTESIAN_POINT('',(14.7066502416307,7.68961411709585,0.));
#1533=CARTESIAN_POINT('',(-10.3000000000001,1.10000000000013,0.));
#1534=CARTESIAN_POINT('',(4.69999999999984,-16.1561930921632,0.));
#1535=CARTESIAN_POINT('',(6.69999999999984,-16.1561930921632,0.));
#1536=CARTESIAN_POINT('',(8.69999999999982,-16.1561930921633,4.68582145833004E-15));
#1537=CARTESIAN_POINT('',(-1.30665024163103,7.68961411709585,-1.87588667557889E-14));
#1538=CARTESIAN_POINT('',(23.6999999999998,1.10000000000013,3.98294823958058E-14));
#1539=CARTESIAN_POINT('',(6.69999999999984,1.10000000000013,0.));
#1540=CARTESIAN_POINT('',(6.69999999999984,-15.8882329509353,0.));
#1541=CARTESIAN_POINT('',(9.01620379068839,-15.8882329509353,1.216));
#1542=CARTESIAN_POINT('',(4.38379620931136,-15.8882329509353,1.21599999999997));
#1543=CARTESIAN_POINT('',(4.38379620931136,-15.8882329509353,1.21599999999997));
#1544=CARTESIAN_POINT('',(4.0400078726805,-15.7510871683673,1.2160355162298));
#1545=CARTESIAN_POINT('',(3.70069709755841,-15.602396083645,1.21607056988985));
#1546=CARTESIAN_POINT('',(3.36562445050422,-15.4451519825193,1.21610518571556));
#1547=CARTESIAN_POINT('',(3.36562445050422,-15.4451519825193,1.21610518571556));
#1548=CARTESIAN_POINT('',(3.36562445050422,-15.4451519825193,1.21610518571556));
#1549=CARTESIAN_POINT('',(3.2174498233509,-15.3754808162547,1.21691069407338));
#1550=CARTESIAN_POINT('',(3.07007484903421,-15.3040857413209,1.21771185535063));
#1551=CARTESIAN_POINT('',(2.92351154573457,-15.2310857159678,1.21850860421395));
#1552=CARTESIAN_POINT('',(2.92351154573457,-15.2310857159678,1.21850860421395));
#1553=CARTESIAN_POINT('',(6.69999999999984,-15.2310857159678,0.));
#1554=CARTESIAN_POINT('',(10.4772969520202,-15.2310857159678,1.21600000000001));
#1555=CARTESIAN_POINT('',(10.4772969520202,-15.2310857159678,1.216));
#1556=CARTESIAN_POINT('',(9.99853404871927,-15.4691806349358,1.216));
#1557=CARTESIAN_POINT('',(9.5124009630904,-15.6902981998332,1.216));
#1558=CARTESIAN_POINT('',(9.01620379068838,-15.8882329509353,1.216));
#1559=CARTESIAN_POINT('',(8.69999999999982,-16.1561930921633,4.76251662843588E-15));
#1560=CARTESIAN_POINT('',(8.69999999999981,-16.1561930921633,3.99999999999993));
#1561=CARTESIAN_POINT('',(4.69999999999988,-16.1561930921633,3.99999999999993));
#1562=CARTESIAN_POINT('',(4.69999999999987,-16.1561930921633,8.11483249594256E-16));
#1563=CARTESIAN_POINT('',(16.245992373164,-12.9895942120487,2.27314737060584E-14));
#1564=CARTESIAN_POINT('',(16.2459923731639,-12.9895942120487,19.0919847463282));
#1565=CARTESIAN_POINT('',(-2.84599237316426,-12.9895942120487,19.0919847463282));
#1566=CARTESIAN_POINT('',(-2.84599237316427,-12.9895942120487,3.87320645578866E-15));
#1567=CARTESIAN_POINT('',(21.6147202930335,-6.81334050241151,3.5515801702022E-14));
#1568=CARTESIAN_POINT('',(21.6147202930335,-6.81334050241151,29.8294405860673));
#1569=CARTESIAN_POINT('',(-8.21472029303383,-6.81334050241151,29.8294405860673));
#1570=CARTESIAN_POINT('',(-8.21472029303384,-6.81334050241151,6.05152284509028E-15));
#1571=CARTESIAN_POINT('',(23.6999999999998,1.10000000000014,4.04813913417056E-14));
#1572=CARTESIAN_POINT('',(23.6999999999998,1.10000000000014,33.9999999999999));
#1573=CARTESIAN_POINT('',(-10.3000000000001,1.10000000000014,33.9999999999999));
#1574=CARTESIAN_POINT('',(-10.3000000000001,1.10000000000014,6.89760762155128E-15));
#1575=CARTESIAN_POINT('',(14.0020365726996,6.97690928690603,0.));
#1576=CARTESIAN_POINT('',(-6.39822020000457,-3.78173475703822,3.50324616081204E-43));
#1577=CARTESIAN_POINT('',(-8.30000000000016,1.10000000000015,0.));
#1578=CARTESIAN_POINT('',(6.69999999999983,-37.0186888854753,-2.57222957478006E-29));
#1579=CARTESIAN_POINT('',(-6.30642805157479,-4.01465887803524,-3.04728998301475E-14));
#1580=CARTESIAN_POINT('',(6.69999999999984,-25.4185851515589,-1.99773023587805E-29));
#1581=CARTESIAN_POINT('',(-5.70767022344002,-4.99999999999994,-9.28360232615191E-42));
#1582=CARTESIAN_POINT('',(14.0020365726996,6.97690928690603,0.));
#1583=CARTESIAN_POINT('',(-4.47776208272841,-6.82221893597094,0.));
#1584=CARTESIAN_POINT('',(6.69999999999984,-23.3830734052659,-1.16725640336276E-29));
#1585=CARTESIAN_POINT('',(-4.13909504201654,-7.32398445336754,-2.53950320683799E-14));
#1586=CARTESIAN_POINT('',(6.69999999999984,-19.5829862535532,-9.52512346184347E-30));
#1587=CARTESIAN_POINT('',(-3.27612712302382,-8.29999999999994,-5.45192683776374E-42));
#1588=CARTESIAN_POINT('',(14.0020365726996,6.97690928690603,0.));
#1589=CARTESIAN_POINT('',(0.199039750994189,-11.4999999999999,1.45056286346124E-43));
#1590=CARTESIAN_POINT('',(6.69999999999984,-15.8558534239257,-7.12311656090468E-30));
#1591=CARTESIAN_POINT('',(1.69150508816495,-12.5,1.72425396977468E-43));
#1592=CARTESIAN_POINT('',(4.09999999999985,-12.4999999999999,0.));
#1593=CARTESIAN_POINT('',(4.69999999999982,-50.,-4.68582145833015E-15));
#1594=CARTESIAN_POINT('',(64.2676486694663,20.749654216098,0.));
#1595=CARTESIAN_POINT('',(-12.8000000000001,18.1000000000001,0.));
#1596=CARTESIAN_POINT('',(-12.8000000000002,18.1000000000001,0.));
#1597=CARTESIAN_POINT('',(-13.2149573381209,30.1694187765514,0.));
#1598=CARTESIAN_POINT('',(-13.8000000000001,32.6000000000001,0.));
#1599=CARTESIAN_POINT('',(-11.3014762482301,32.6859014658836,0.));
#1600=CARTESIAN_POINT('',(-11.3014762482301,32.6859014658836,0.));
#1601=CARTESIAN_POINT('',(-10.9147014604425,21.4361982863869,9.79913155704226E-28));
#1602=CARTESIAN_POINT('',(-10.9147014604425,18.5361982863869,-4.12696730427096E-14));
#1603=CARTESIAN_POINT('',(-10.9147014604425,18.5361982863869,-4.12696730427096E-14));
#1604=CARTESIAN_POINT('',(-0.602036572699929,18.5361982863869,-1.71080198309339E-14));
#1605=CARTESIAN_POINT('',(-10.8149968845364,18.5361982863869,0.));
#1606=CARTESIAN_POINT('',(-10.8174738306615,18.6082425601573,0.));
#1607=CARTESIAN_POINT('',(-10.8000000000001,18.1000000000001,0.));
#1608=CARTESIAN_POINT('',(66.267648669465,20.7496542160979,0.));
#1609=CARTESIAN_POINT('',(-0.602036572699929,6.97690928690603,-1.71080198309339E-14));
#1610=CARTESIAN_POINT('',(6.69999999999984,-25.4185851515589,-1.99773023587805E-29));
#1611=CARTESIAN_POINT('',(19.1076702234395,-4.99999999999995,2.90700636904385E-14));
#1612=CARTESIAN_POINT('',(19.7064280515745,-4.01465887803525,3.04728998301475E-14));
#1613=CARTESIAN_POINT('',(6.69999999999983,-37.0186888854753,-2.57222957478006E-29));
#1614=CARTESIAN_POINT('',(19.7982202000043,-3.78173475703823,3.06879606395567E-14));
#1615=CARTESIAN_POINT('',(-0.602036572699929,6.97690928690603,-1.71080198309339E-14));
#1616=CARTESIAN_POINT('',(21.6999999999998,1.10000000000015,3.51436609374757E-14));
#1617=CARTESIAN_POINT('',(-52.8676486694653,20.7496542160979,-1.39561683178824E-13));
#1618=CARTESIAN_POINT('',(24.1999999999998,18.1000000000001,4.10009377603883E-14));
#1619=CARTESIAN_POINT('',(24.2174738306612,18.6082425601573,4.10418773857245E-14));
#1620=CARTESIAN_POINT('',(24.2149968845361,18.5361982863869,4.10360741220724E-14));
#1621=CARTESIAN_POINT('',(-0.602036572699929,18.5361982863869,-1.71080198309339E-14));
#1622=CARTESIAN_POINT('',(24.3147014604424,18.5361982863869,4.12696730427102E-14));
#1623=CARTESIAN_POINT('',(24.3147014604424,18.5361982863869,4.12696730427102E-14));
#1624=CARTESIAN_POINT('',(24.3147014604424,21.4361982863869,4.12696730427104E-14));
#1625=CARTESIAN_POINT('',(24.7014762482297,32.6859014658836,4.21758518427876E-14));
#1626=CARTESIAN_POINT('',(24.7014762482297,32.6859014658836,4.21758518427876E-14));
#1627=CARTESIAN_POINT('',(27.1999999999998,32.6000000000001,4.80296699478834E-14));
#1628=CARTESIAN_POINT('',(26.6149573381206,30.1694187765514,4.66589672183474E-14));
#1629=CARTESIAN_POINT('',(26.1999999999998,18.1000000000001,4.56867592187184E-14));
#1630=CARTESIAN_POINT('',(26.1999999999998,18.1000000000001,4.56867592187184E-14));
#1631=CARTESIAN_POINT('',(-50.8676486694666,20.749654216098,-1.34875861720497E-13));
#1632=CARTESIAN_POINT('',(8.69999999999982,-50.,4.68582145833004E-15));
#1633=CARTESIAN_POINT('',(9.29999999999984,-12.4999999999999,6.09156789582911E-15));
#1634=CARTESIAN_POINT('',(11.7084949118348,-12.4999999999999,1.17344564659066E-14));
#1635=CARTESIAN_POINT('',(6.69999999999984,-15.8558534239257,-7.12311656090468E-30));
#1636=CARTESIAN_POINT('',(13.2009602490055,-11.5,1.52311695172708E-14));
#1637=CARTESIAN_POINT('',(-0.602036572699929,6.97690928690603,-1.71080198309339E-14));
#1638=CARTESIAN_POINT('',(16.6761271230235,-8.29999999999995,5.33071462640737E-29));
#1639=CARTESIAN_POINT('',(6.69999999999984,-19.5829862535532,-9.52512346184347E-30));
#1640=CARTESIAN_POINT('',(17.5390950420162,-7.32398445336754,2.53950320683799E-14));
#1641=CARTESIAN_POINT('',(6.69999999999984,-23.3830734052659,-1.16725640336276E-29));
#1642=CARTESIAN_POINT('',(17.8777620827281,-6.82221893597095,2.61884987116783E-14));
#1643=CARTESIAN_POINT('',(-0.602036572699929,6.97690928690603,-1.71080198309339E-14));
#1644=CARTESIAN_POINT('',(-0.602036572699929,6.97690928690603,-1.71080198309339E-14));
#1645=CARTESIAN_POINT('',(6.69999999999985,-3.78173475703822,-1.22766114781533E-29));
#1646=CARTESIAN_POINT('',(6.69999999999984,1.10000000000015,0.));
#1647=CARTESIAN_POINT('',(21.6999999999999,1.10000000000015,3.57188747132697E-14));
#1648=CARTESIAN_POINT('',(21.6999999999998,1.10000000000015,30.));
#1649=CARTESIAN_POINT('',(-8.30000000000016,1.10000000000015,29.9999999999999));
#1650=CARTESIAN_POINT('',(-8.30000000000017,1.10000000000015,6.08612437195702E-15));
#1651=CARTESIAN_POINT('',(21.2530707006794,-0.596033253578377,3.46546206033951E-14));
#1652=CARTESIAN_POINT('',(21.2530707006793,-0.596033253578377,29.106141401359));
#1653=CARTESIAN_POINT('',(-7.85307070067966,-0.596033253578377,29.106141401359));
#1654=CARTESIAN_POINT('',(-7.85307070067967,-0.596033253578377,5.90478655188127E-15));
#1655=CARTESIAN_POINT('',(20.6163974100748,-2.23032873385913,3.31385370367026E-14));
#1656=CARTESIAN_POINT('',(20.6163974100748,-2.23032873385913,27.83279482015));
#1657=CARTESIAN_POINT('',(-7.21639741007514,-2.23032873385913,27.8327948201499));
#1658=CARTESIAN_POINT('',(-7.21639741007515,-2.23032873385913,5.64646169648646E-15));
#1659=CARTESIAN_POINT('',(19.7982202000042,-3.78173475703822,3.11902457527183E-14));
#1660=CARTESIAN_POINT('',(19.7982202000042,-3.78173475703822,26.1964404000088));
#1661=CARTESIAN_POINT('',(-6.39822020000454,-3.78173475703822,26.1964404000087));
#1662=CARTESIAN_POINT('',(-6.39822020000455,-3.78173475703822,5.31449314590043E-15));
#1663=CARTESIAN_POINT('',(6.69999999999984,-6.82221893597095,4.81505867894358E-29));
#1664=CARTESIAN_POINT('',(6.69999999999984,-4.99999999999995,0.));
#1665=CARTESIAN_POINT('',(19.1076702234396,-4.99999999999984,2.95458678796406E-14));
#1666=CARTESIAN_POINT('',(19.1076702234395,-4.99999999999984,24.8153404468794));
#1667=CARTESIAN_POINT('',(-5.70767022343986,-4.99999999999984,24.8153404468794));
#1668=CARTESIAN_POINT('',(-5.70767022343987,-4.99999999999984,5.03430827640545E-15));
#1669=CARTESIAN_POINT('',(18.7268277725923,-5.62673039111419,2.86389836271533E-14));
#1670=CARTESIAN_POINT('',(18.7268277725922,-5.62673039111419,24.0536555451848));
#1671=CARTESIAN_POINT('',(-5.32682777259256,-5.62673039111419,24.0536555451848));
#1672=CARTESIAN_POINT('',(-5.32682777259257,-5.62673039111419,4.87978464160694E-15));
#1673=CARTESIAN_POINT('',(18.3165475561809,-6.23459723470347,2.76620004506647E-14));
#1674=CARTESIAN_POINT('',(18.3165475561809,-6.23459723470347,23.2330951123621));
#1675=CARTESIAN_POINT('',(-4.91654755618123,-6.23459723470347,23.2330951123621));
#1676=CARTESIAN_POINT('',(-4.91654755618124,-6.23459723470347,4.7133168799781E-15));
#1677=CARTESIAN_POINT('',(17.8777620827281,-6.82221893597095,2.66171388938471E-14));
#1678=CARTESIAN_POINT('',(17.877762082728,-6.82221893597095,22.3555241654565));
#1679=CARTESIAN_POINT('',(-4.4777620827284,-6.82221893597095,22.3555241654564));
#1680=CARTESIAN_POINT('',(-4.4777620827284,-6.82221893597095,4.53528334904196E-15));
#1681=CARTESIAN_POINT('',(6.69999999999984,-11.4999999999999,0.));
#1682=CARTESIAN_POINT('',(6.69999999999984,-8.29999999999995,0.));
#1683=CARTESIAN_POINT('',(16.6761271230234,-8.29999999999979,-6.10861607454891E-16));
#1684=CARTESIAN_POINT('',(16.6761271230234,-8.29999999999979,19.952254246047));
#1685=CARTESIAN_POINT('',(-3.27612712302366,-8.29999999999979,19.952254246047));
#1686=CARTESIAN_POINT('',(-3.27612712302366,-8.29999999999979,1.83258482236467E-15));
#1687=CARTESIAN_POINT('',(15.6294025115333,-9.48384411676551,-5.4676821020239E-16));
#1688=CARTESIAN_POINT('',(15.6294025115333,-9.48384411676551,17.858805023067));
#1689=CARTESIAN_POINT('',(-2.22940251153363,-9.48384411676551,17.858805023067));
#1690=CARTESIAN_POINT('',(-2.22940251153363,-9.48384411676551,1.64030463060717E-15));
#1691=CARTESIAN_POINT('',(14.4669385520546,-10.5542631225818,-4.75587821847401E-16));
#1692=CARTESIAN_POINT('',(14.4669385520546,-10.5542631225818,15.5338771041095));
#1693=CARTESIAN_POINT('',(-1.0669385520549,-10.5542631225818,15.5338771041095));
#1694=CARTESIAN_POINT('',(-1.06693855205491,-10.5542631225818,1.4267634655422E-15));
#1695=CARTESIAN_POINT('',(13.2009602490054,-11.4999999999999,-3.98069008016443E-16));
#1696=CARTESIAN_POINT('',(13.2009602490054,-11.4999999999999,13.0019204980112));
#1697=CARTESIAN_POINT('',(0.199039750994265,-11.4999999999999,13.0019204980112));
#1698=CARTESIAN_POINT('',(0.199039750994263,-11.4999999999999,1.19420702404933E-15));
#1699=CARTESIAN_POINT('',(6.69999999999984,-12.5,1.81448456207524E-29));
#1700=CARTESIAN_POINT('',(11.3222324457713,-12.4999999999999,1.08294779898927E-14));
#1701=CARTESIAN_POINT('',(6.69999999999984,18.1000000000001,0.));
#1702=CARTESIAN_POINT('',(23.6999999999998,1.10000000000013,4.04813913417056E-14));
#1703=CARTESIAN_POINT('',(23.6999999999998,1.10000000000013,34.));
#1704=CARTESIAN_POINT('',(-10.3000000000001,1.10000000000013,33.9999999999999));
#1705=CARTESIAN_POINT('',(-10.3000000000002,1.10000000000013,6.89760762155128E-15));
#1706=CARTESIAN_POINT('',(25.1655690558846,6.6616265435618,4.39712898410918E-14));
#1707=CARTESIAN_POINT('',(25.1655690558846,6.6616265435618,36.9311381117695));
#1708=CARTESIAN_POINT('',(-11.7655690558849,6.6616265435618,36.9311381117695));
#1709=CARTESIAN_POINT('',(-11.7655690558849,6.6616265435618,7.49224999153837E-15));
#1710=CARTESIAN_POINT('',(26.0023755947456,12.3519110078163,4.59639423691465E-14));
#1711=CARTESIAN_POINT('',(26.0023755947455,12.3519110078163,38.6047511894914));
#1712=CARTESIAN_POINT('',(-12.6023755947459,12.3519110078163,38.6047511894914));
#1713=CARTESIAN_POINT('',(-12.6023755947459,12.3519110078163,7.83177723625668E-15));
#1714=CARTESIAN_POINT('',(26.1999999999998,18.1000000000001,4.64345371272505E-14));
#1715=CARTESIAN_POINT('',(26.1999999999997,18.1000000000001,38.9999999999999));
#1716=CARTESIAN_POINT('',(-12.8000000000001,18.1000000000001,38.9999999999999));
#1717=CARTESIAN_POINT('',(-12.8000000000001,18.1000000000001,7.9119616835441E-15));
#1718=CARTESIAN_POINT('',(6.69999999999984,30.1694187765514,0.));
#1719=CARTESIAN_POINT('',(6.69999999999984,18.1000000000001,0.));
#1720=CARTESIAN_POINT('',(6.69999999999984,32.6859014658836,0.));
#1721=CARTESIAN_POINT('',(6.69999999999984,32.6000000000001,0.));
#1722=CARTESIAN_POINT('',(6.69999999999984,21.4361982863868,0.));
#1723=CARTESIAN_POINT('',(6.69999999999984,22.1046379011011,0.));
#1724=CARTESIAN_POINT('',(6.69999999999984,18.5361982863869,0.));
#1725=CARTESIAN_POINT('',(6.69999999999984,18.1000000000001,0.));
#1726=CARTESIAN_POINT('',(6.69999999999984,18.6082425601573,0.));
#1727=CARTESIAN_POINT('',(24.1999999999998,18.1000000000001,4.16720204988146E-14));
#1728=CARTESIAN_POINT('',(24.1999999999998,18.1000000000001,34.9999999999999));
#1729=CARTESIAN_POINT('',(-10.8000000000001,18.1000000000001,34.9999999999999));
#1730=CARTESIAN_POINT('',(-10.8000000000001,18.1000000000001,7.10047843394986E-15));
#1731=CARTESIAN_POINT('',(24.0023755947456,12.3519110078163,4.12014257407105E-14));
#1732=CARTESIAN_POINT('',(24.0023755947455,12.3519110078163,34.6047511894915));
#1733=CARTESIAN_POINT('',(-10.6023755947459,12.3519110078163,34.6047511894914));
#1734=CARTESIAN_POINT('',(-10.6023755947459,12.3519110078163,7.02029398666244E-15));
#1735=CARTESIAN_POINT('',(23.1655690558847,6.66162654356183,3.92087732126559E-14));
#1736=CARTESIAN_POINT('',(23.1655690558846,6.66162654356183,32.9311381117696));
#1737=CARTESIAN_POINT('',(-9.76556905588495,6.66162654356183,32.9311381117695));
#1738=CARTESIAN_POINT('',(-9.76556905588496,6.66162654356183,6.68076674194413E-15));
#1739=CARTESIAN_POINT('',(21.6999999999999,1.10000000000018,3.57188747132697E-14));
#1740=CARTESIAN_POINT('',(21.6999999999998,1.10000000000018,30.));
#1741=CARTESIAN_POINT('',(-8.30000000000016,1.10000000000018,29.9999999999999));
#1742=CARTESIAN_POINT('',(-8.30000000000017,1.10000000000018,6.08612437195704E-15));
#1743=CARTESIAN_POINT('',(6.69999999999982,-50.,0.));
#1744=CARTESIAN_POINT('',(6.69999999999997,18.5361982863869,4.9439619065339E-14));
#1745=CARTESIAN_POINT('',(6.69999999999997,18.5361982863869,4.9439619065339E-14));
#1746=CARTESIAN_POINT('',(6.69999999999993,18.5361982863869,4.9439619065339E-14));
#1747=CARTESIAN_POINT('',(6.69999999999985,-4.01465887803524,-1.14638475902994E-29));
#1748=CARTESIAN_POINT('',(6.69999999999985,-4.01465887803524,-1.14638475902994E-29));
#1749=CARTESIAN_POINT('',(6.69999999999985,-3.78173475703822,-1.22766114781533E-29));
#1750=CARTESIAN_POINT('',(6.69999999999984,-7.32398445336754,8.3691193010406E-32));
#1751=CARTESIAN_POINT('',(6.69999999999985,-4.99999999999995,-8.02560479379401E-30));
#1752=CARTESIAN_POINT('',(6.69999999999984,-7.32398445336754,8.3691193010406E-32));
#1753=CARTESIAN_POINT('',(6.69999999999984,-11.4999999999999,1.46554522321461E-29));
#1754=CARTESIAN_POINT('',(3.36562445050422,-12.5,1.21610518571556));
#1755=CARTESIAN_POINT('',(4.3837962093113,-12.5,1.21600000000001));
#1756=CARTESIAN_POINT('',(4.3837962093113,-12.5,1.21600000000001));
#1757=CARTESIAN_POINT('',(2.92351154573457,-12.5,1.21850860421395));
#1758=CARTESIAN_POINT('',(2.92351154573457,-13.4650343200235,1.21850860421395));
#1759=CARTESIAN_POINT('',(2.63631759119338,-12.9889027722949,1.22006985079944));
#1760=CARTESIAN_POINT('',(2.6916594821491,-13.01960180324,1.21976900067038));
#1761=CARTESIAN_POINT('',(2.74264002124804,-13.0599965278679,1.21949185976495));
#1762=CARTESIAN_POINT('',(2.78487491010427,-13.1071283361773,1.21926226204894));
#1763=CARTESIAN_POINT('',(2.82716478721069,-13.1543215083434,1.21903236540527));
#1764=CARTESIAN_POINT('',(2.86183924492395,-13.2096513821372,1.218843867779));
#1765=CARTESIAN_POINT('',(2.88542608794279,-13.2684674212125,1.21871564475222));
#1766=CARTESIAN_POINT('',(2.91026782751404,-13.330412664336,1.21858059984452));
#1767=CARTESIAN_POINT('',(2.92351154573457,-13.3982934524258,1.21850860421395));
#1768=CARTESIAN_POINT('',(2.92351154573457,-13.4650343200235,1.21850860421395));
#1769=CARTESIAN_POINT('',(3.36562445050422,-12.5,1.21610518571556));
#1770=CARTESIAN_POINT('',(6.69999999999985,-13.4650343200235,4.9439619065339E-14));
#1771=CARTESIAN_POINT('',(10.4772969520202,-13.4650343200235,1.21600000000001));
#1772=CARTESIAN_POINT('',(10.4772969520202,-12.4999999999999,1.21600000000001));
#1773=CARTESIAN_POINT('',(6.69999999999985,-12.4999999999999,4.9439619065339E-14));
#1774=CARTESIAN_POINT('',(9.01620379068839,-12.5,1.216));
#1775=CARTESIAN_POINT('',(10.4772969520202,-13.4650343200235,1.21600000000001));
#1776=CARTESIAN_POINT('',(10.4772969520202,-13.4055823868123,1.21600000000001));
#1777=CARTESIAN_POINT('',(10.4877428693238,-13.3453122068062,1.216));
#1778=CARTESIAN_POINT('',(10.5075844254708,-13.2892689644641,1.216));
#1779=CARTESIAN_POINT('',(10.5274099255381,-13.2332710731401,1.216));
#1780=CARTESIAN_POINT('',(10.5571066246959,-13.179973606157,1.216));
#1781=CARTESIAN_POINT('',(10.5939830710758,-13.1334017048855,1.216));
#1782=CARTESIAN_POINT('',(10.6316891877251,-13.0857819986961,1.216));
#1783=CARTESIAN_POINT('',(10.6778539988521,-13.0439238599536,1.21600000000001));
#1784=CARTESIAN_POINT('',(10.7287073698858,-13.0107075641811,1.21600000000001));
#1785=CARTESIAN_POINT('',(10.74049977156,-13.0030050285592,1.21600000000001));
#1786=CARTESIAN_POINT('',(10.7525812836932,-12.9957282423791,1.21600000000001));
#1787=CARTESIAN_POINT('',(10.7649021095755,-12.9889027722976,1.21600000000001));
#1788=CARTESIAN_POINT('',(10.4772969520202,-12.4999999999999,1.216));
#1789=CARTESIAN_POINT('',(6.69999999999989,-12.4999999999999,4.9439619065339E-14));
#1790=CARTESIAN_POINT('',(6.69999999999985,-13.4650343200235,2.47198095326695E-14));
#1791=CARTESIAN_POINT('',(6.69999999999984,-17.7962254851779,0.));
#1792=CARTESIAN_POINT('',(9.02709317312296,-15.8879713924353,1.19502860367599));
#1793=CARTESIAN_POINT('',(9.31599999999984,-15.6510631151147,4.77048955893622E-15));
#1794=CARTESIAN_POINT('',(6.69999999999984,-15.8879713924353,-2.11408696432493E-16));
#1795=CARTESIAN_POINT('',(9.31599999999984,-15.8879713924353,1.70530009823681E-13));
#1796=CARTESIAN_POINT('',(9.31599999999984,-12.5,4.77048955893622E-15));
#1797=CARTESIAN_POINT('',(6.69999999999984,-12.5,0.));
#1798=CARTESIAN_POINT('',(4.08399999999985,-12.5,4.77048955893622E-15));
#1799=CARTESIAN_POINT('',(4.08399999999985,-15.8879713924353,-1.6482377274905E-13));
#1800=CARTESIAN_POINT('',(4.08399999999985,-15.6755608428123,4.77048955893622E-15));
#1801=CARTESIAN_POINT('',(6.69999999999984,-15.8879713924353,-2.11408696432493E-16));
#1802=CARTESIAN_POINT('',(4.35623495456262,-15.8879713924283,1.16199028045428));
#1803=CARTESIAN_POINT('',(6.69999999999984,-17.7166874082377,0.));
#1804=CARTESIAN_POINT('',(6.69999999999984,-12.5,0.));
#1805=CARTESIAN_POINT('',(6.69999999999983,-2.09999999999994,4.77048955893622E-15));
#1806=CARTESIAN_POINT('',(8.7637779729535,-2.09999999999994,4.77048955893622E-15));
#1807=CARTESIAN_POINT('',(8.75232745589193,-2.09999999999994,4.77048955893622E-15));
#1808=CARTESIAN_POINT('',(8.7637779729535,-2.64999999999994,0.));
#1809=CARTESIAN_POINT('',(9.31377797295349,-2.64999999999994,0.));
#1810=CARTESIAN_POINT('',(9.31377797295349,-9.09999999999996,0.));
#1811=CARTESIAN_POINT('',(9.31377797295349,-12.5,0.));
#1812=CARTESIAN_POINT('',(6.69999999999984,-12.5,4.77048955893622E-15));
#1813=CARTESIAN_POINT('',(11.7498419356969,-12.5,4.77048955893622E-15));
#1814=CARTESIAN_POINT('',(11.7498419356969,-12.5,4.77048955893622E-15));
#1815=CARTESIAN_POINT('',(12.2318376250378,-13.2600290361981,4.77048955893622E-15));
#1816=CARTESIAN_POINT('',(12.2318376250378,-13.2600290361981,4.77048955893622E-15));
#1817=CARTESIAN_POINT('',(8.64531945246443,-16.1808570672425,1.70520960071963E-13));
#1818=CARTESIAN_POINT('',(8.69308016758791,-16.16,8.88091899133309E-14));
#1819=CARTESIAN_POINT('',(6.69999999999984,-16.16,4.77048955893622E-15));
#1820=CARTESIAN_POINT('',(4.70691983241178,-16.16,-8.41395810046027E-14));
#1821=CARTESIAN_POINT('',(4.75468054753526,-16.1808570672425,-1.6593083186034E-13));
#1822=CARTESIAN_POINT('',(4.69999999999984,-16.1561930921633,4.77048955893622E-15));
#1823=CARTESIAN_POINT('',(1.1301365780877,-13.3708173026353,4.77048955893622E-15));
#1824=CARTESIAN_POINT('',(1.1301365780877,-13.3708173026353,4.77048955893622E-15));
#1825=CARTESIAN_POINT('',(1.69150508816494,-12.5,4.77048955893622E-15));
#1826=CARTESIAN_POINT('',(6.69999999999984,-12.5,4.77048955893622E-15));
#1827=CARTESIAN_POINT('',(4.08622202704616,-12.5,0.));
#1828=CARTESIAN_POINT('',(4.08622202704616,-9.09999999999994,0.));
#1829=CARTESIAN_POINT('',(4.08622202704616,-2.64999999999994,0.));
#1830=CARTESIAN_POINT('',(4.63622202704616,-2.64999999999994,0.));
#1831=CARTESIAN_POINT('',(4.63622202704616,-2.09999999999994,4.77048955893622E-15));
#1832=CARTESIAN_POINT('',(6.69999999999983,-2.09999999999994,4.77048955893622E-15));
#1833=CARTESIAN_POINT('',(4.64767254410772,-2.09999999999994,4.77048955893622E-15));
#1834=CARTESIAN_POINT('',(4.64767254410772,-2.64999999999994,0.));
#1835=CARTESIAN_POINT('',(5.19767254410771,-2.64999999999994,0.));
#1836=CARTESIAN_POINT('',(5.19767254410771,-9.09999999999996,0.));
#1837=CARTESIAN_POINT('',(5.19767254410771,-12.5,0.));
#1838=CARTESIAN_POINT('',(6.69999999999984,-12.5,4.77048955893622E-15));
#1839=CARTESIAN_POINT('',(5.19994854836018,-12.5,4.77048955893622E-15));
#1840=CARTESIAN_POINT('',(5.19994854836018,-12.5,4.77048955893622E-15));
#1841=CARTESIAN_POINT('',(5.19994854836018,-15.6243185330478,4.77048955893622E-15));
#1842=CARTESIAN_POINT('',(4.69999999999982,-15.6243185330478,7.15573433840433E-15));
#1843=CARTESIAN_POINT('',(8.20232745589194,-15.6243185330478,7.15573433840433E-15));
#1844=CARTESIAN_POINT('',(8.20232745589194,-12.5,4.77048955893622E-15));
#1845=CARTESIAN_POINT('',(8.20232745589194,-13.4999999999999,4.77048955893622E-15));
#1846=CARTESIAN_POINT('',(8.20232745589194,-12.5,4.77048955893622E-15));
#1847=CARTESIAN_POINT('',(8.20232745589194,-2.64999999999994,4.77048955893622E-15));
#1848=CARTESIAN_POINT('',(8.75232745589193,-2.64999999999994,0.));
#1849=CARTESIAN_POINT('',(10.0740066750222,-14.3280965460816,4.77048955893622E-15));
#1850=CARTESIAN_POINT('',(8.20232745589194,-15.6243185330478,4.77048955893622E-15));
#1851=CARTESIAN_POINT('',(8.22204937119183,-15.6243185330478,0.59161937871713));
#1852=CARTESIAN_POINT('',(7.67349561190143,-15.6243185330478,1.36954312449531));
#1853=CARTESIAN_POINT('',(6.54368106783969,-15.6243185330478,1.56617639400743));
#1854=CARTESIAN_POINT('',(5.56996290744184,-15.6243185330478,1.18965597636228));
#1855=CARTESIAN_POINT('',(5.19444713335046,-15.6243185330478,0.472808022156766));
#1856=CARTESIAN_POINT('',(5.19994854836018,-15.6243185330478,4.77048955893622E-15));
#1857=CARTESIAN_POINT('',(5.19994854836018,-12.5,4.77048955893622E-15));
#1858=CARTESIAN_POINT('',(5.19444713335046,-12.5,0.472808022156766));
#1859=CARTESIAN_POINT('',(5.56996290744184,-12.5,1.18965597636228));
#1860=CARTESIAN_POINT('',(6.54368106783969,-12.5,1.56617639400743));
#1861=CARTESIAN_POINT('',(7.67349561190143,-12.5,1.36954312449531));
#1862=CARTESIAN_POINT('',(8.22204937119183,-12.5,0.59161937871713));
#1863=CARTESIAN_POINT('',(8.20232745589194,-12.5,4.77048955893622E-15));
#1864=CARTESIAN_POINT('',(7.75420110038795,-12.5,1.07034939373446));
#1865=CARTESIAN_POINT('',(7.75420110038795,-12.5,1.07034939373446));
#1866=CARTESIAN_POINT('',(7.75420110038795,-13.4999999999999,1.07034939373446));
#1867=CARTESIAN_POINT('',(5.19994854836018,-13.4999999999999,4.77048955893622E-15));
#1868=CARTESIAN_POINT('',(5.19444713335046,-13.4999999999999,0.472808022156766));
#1869=CARTESIAN_POINT('',(5.56996290744184,-13.4999999999999,1.18965597636228));
#1870=CARTESIAN_POINT('',(6.54368106783969,-13.4999999999999,1.56617639400743));
#1871=CARTESIAN_POINT('',(7.67349561190143,-13.4999999999999,1.36954312449531));
#1872=CARTESIAN_POINT('',(8.22204937119183,-13.4999999999999,0.59161937871713));
#1873=CARTESIAN_POINT('',(8.20232745589194,-13.4999999999999,4.77048955893622E-15));
#1874=CARTESIAN_POINT('',(5.19994854836018,-12.5,4.77048955893622E-15));
#1875=CARTESIAN_POINT('',(5.19444713335046,-12.5,0.472808022156766));
#1876=CARTESIAN_POINT('',(5.56996290744184,-12.5,1.18965597636228));
#1877=CARTESIAN_POINT('',(6.54368106783969,-12.5,1.56617639400743));
#1878=CARTESIAN_POINT('',(7.67349561190143,-12.5,1.36954312449531));
#1879=CARTESIAN_POINT('',(8.22204937119183,-12.5,0.59161937871713));
#1880=CARTESIAN_POINT('',(8.20232745589194,-12.5,4.77048955893622E-15));
#1881=CARTESIAN_POINT('',(6.69999999999983,-12.5,0.));
#1882=CARTESIAN_POINT('',(1.69150508816494,-12.5,4.77048955893622E-15));
#1883=CARTESIAN_POINT('',(1.69150508816494,-12.5,1.216));
#1884=CARTESIAN_POINT('',(1.69150508816494,-12.5,1.216));
#1885=CARTESIAN_POINT('',(4.3837962093113,-12.5,1.216));
#1886=CARTESIAN_POINT('',(6.69999999999984,-12.5,0.));
#1887=CARTESIAN_POINT('',(9.01620379068839,-12.5,1.216));
#1888=CARTESIAN_POINT('',(1.69150508816494,-12.5,1.216));
#1889=CARTESIAN_POINT('',(11.7498419356969,-12.5,1.216));
#1890=CARTESIAN_POINT('',(11.7498419356969,-12.5,4.77048955893622E-15));
#1891=CARTESIAN_POINT('',(6.69999999999984,-12.5,0.));
#1892=CARTESIAN_POINT('',(6.69999999999983,-12.5,0.));
#1893=CARTESIAN_POINT('',(6.69999999999984,-12.5,0.));
#1894=CARTESIAN_POINT('',(4.3837962093113,-12.5,1.216));
#1895=CARTESIAN_POINT('',(4.3837962093113,-15.8879713924353,1.216));
#1896=CARTESIAN_POINT('',(6.69999999999984,-15.8879713924353,-2.11408696432493E-16));
#1897=CARTESIAN_POINT('',(9.01620379068839,-15.8879713924353,1.21600000000001));
#1898=CARTESIAN_POINT('',(9.01620379068839,-12.5,1.216));
#1899=CARTESIAN_POINT('',(6.69999999999984,-12.5,0.));
#1900=CARTESIAN_POINT('',(6.69999999999984,-16.16,4.42628282324382E-15));
#1901=CARTESIAN_POINT('',(6.69999999999984,-16.16,0.));
#1902=CARTESIAN_POINT('',(9.0368384676656,-15.8799853058255,1.216));
#1903=CARTESIAN_POINT('',(9.02996109192165,-15.8826495296896,1.216));
#1904=CARTESIAN_POINT('',(9.02308287170802,-15.885311574726,1.216));
#1905=CARTESIAN_POINT('',(9.01620379068839,-15.8879713924353,1.216));
#1906=CARTESIAN_POINT('',(9.03683528922726,-15.8799853058255,1.21600610811948));
#1907=CARTESIAN_POINT('',(12.2318376250378,-13.2600290361981,1.216));
#1908=CARTESIAN_POINT('',(12.2318376250378,-13.2600290361981,1.216));
#1909=CARTESIAN_POINT('',(11.7498419356969,-12.5,1.216));
#1910=CARTESIAN_POINT('',(0.,0.,1.216));
#1911=CARTESIAN_POINT('',(12.2318376250378,-13.2600290361981,4.77048955893622E-15));
#1912=CARTESIAN_POINT('',(11.7498419356969,-12.5,4.77048955893622E-15));
#1913=CARTESIAN_POINT('',(9.03683211077295,-15.8799853058255,1.21601221623065));
#1914=CARTESIAN_POINT('',(9.03357638875089,-15.882655050615,1.20902499683773));
#1915=CARTESIAN_POINT('',(9.03032995666691,-15.8853171775047,1.20203052293874));
#1916=CARTESIAN_POINT('',(9.02709317312296,-15.8879713924353,1.19502860367599));
#1917=CARTESIAN_POINT('',(12.2318376250378,-13.2600290361981,4.77048955893622E-15));
#1918=CARTESIAN_POINT('',(4.3837962093113,-15.8879713924353,1.216));
#1919=CARTESIAN_POINT('',(4.37691712829167,-15.885311574726,1.216));
#1920=CARTESIAN_POINT('',(4.37003890807804,-15.8826495296896,1.21600000000001));
#1921=CARTESIAN_POINT('',(4.36316153233409,-15.8799853058256,1.21600000000001));
#1922=CARTESIAN_POINT('',(4.36316153233409,-15.8799853058256,1.21600000000001));
#1923=CARTESIAN_POINT('',(1.1301365780877,-13.3708173026353,1.216));
#1924=CARTESIAN_POINT('',(1.1301365780877,-13.3708173026353,1.216));
#1925=CARTESIAN_POINT('',(4.69999999999984,-16.1561930921633,1.216));
#1926=CARTESIAN_POINT('',(4.36316153233409,-15.8933758350495,1.216));
#1927=CARTESIAN_POINT('',(4.36316153233409,-16.16,1.216));
#1928=CARTESIAN_POINT('',(0.,0.,1.216));
#1929=CARTESIAN_POINT('',(1.1301365780877,-13.3708173026353,4.77048955893622E-15));
#1930=CARTESIAN_POINT('',(1.1301365780877,-13.3708173026353,4.77048955893622E-15));
#1931=CARTESIAN_POINT('',(4.35623495456262,-15.8879713924283,1.16199028045428));
#1932=CARTESIAN_POINT('',(4.35283279313688,-15.8853168656447,1.16881287778101));
#1933=CARTESIAN_POINT('',(4.34942089279682,-15.8826547401009,1.17562767673852));
#1934=CARTESIAN_POINT('',(4.34599962525636,-15.8799853058256,1.18243488601697));
#1935=CARTESIAN_POINT('',(4.34599962525636,-15.8799853058256,1.18243488601697));
#1936=CARTESIAN_POINT('',(6.69999999999985,-17.7166874082377,1.20978914193872E-15));
#1937=CARTESIAN_POINT('',(4.69999999999984,-16.1561930921633,4.77048955893622E-15));
#1938=CARTESIAN_POINT('',(6.69999999999983,-2.64999999999994,0.));
#1939=CARTESIAN_POINT('',(6.69999999999983,-9.09999999999994,0.));
#1940=CARTESIAN_POINT('',(6.69999999999983,-2.64999999999994,0.));
#1941=CARTESIAN_POINT('',(6.69999999999983,-13.4999999999999,0.));
#1942=CARTESIAN_POINT('',(6.69999999999983,-9.09999999999994,0.));
#1943=CARTESIAN_POINT('',(6.69999999999983,-2.09999999999994,0.));
#1944=CARTESIAN_POINT('',(6.69999999999983,-2.09999999999994,0.));
#1945=CARTESIAN_POINT('',(6.69999999999983,-2.09999999999994,0.));
#1946=CARTESIAN_POINT('',(6.69999999999983,-13.4999999999999,0.));
#1947=CARTESIAN_POINT('',(4.69999999999982,-15.6243185330478,7.15573433840433E-15));
#1948=CARTESIAN_POINT('',(6.69999999999984,-15.8799853058256,-2.1761513249406E-16));
#1949=CARTESIAN_POINT('',(6.69999999999984,-16.1808570672425,1.62091973951811E-17));
#1950=CARTESIAN_POINT('',(6.69999999999984,-16.16,0.));
#1951=CARTESIAN_POINT('',(6.69999999999983,-2.64999999999994,0.));
#1952=CARTESIAN_POINT('',(6.69999999999983,-2.64999999999994,0.));
#1953=MECHANICAL_DESIGN_GEOMETRIC_PRESENTATION_REPRESENTATION('',(#47,#27,
#28,#29,#30,#31,#32,#33,#34,#35,#36,#37,#38,#39,#40,#41,#42,#43,#44,#45,
#48),#1954);
#1954=(
GEOMETRIC_REPRESENTATION_CONTEXT(3)
GLOBAL_UNCERTAINTY_ASSIGNED_CONTEXT((#1955))
GLOBAL_UNIT_ASSIGNED_CONTEXT((#1961,#1957,#1956))
REPRESENTATION_CONTEXT('menstrual_cup_medium_without_umbrella_m',
'TOP_LEVEL_ASSEMBLY_PART')
);
#1955=UNCERTAINTY_MEASURE_WITH_UNIT(LENGTH_MEASURE(0.0508),#1961,
'DISTANCE_ACCURACY_VALUE','Maximum Tolerance applied to model');
#1956=(
NAMED_UNIT(*)
SI_UNIT($,.STERADIAN.)
SOLID_ANGLE_UNIT()
);
#1957=(
CONVERSION_BASED_UNIT('DEGREE',#1959)
NAMED_UNIT(#1958)
PLANE_ANGLE_UNIT()
);
#1958=DIMENSIONAL_EXPONENTS(0.,0.,0.,0.,0.,0.,0.);
#1959=PLANE_ANGLE_MEASURE_WITH_UNIT(PLANE_ANGLE_MEASURE(0.0174532925),#1960);
#1960=(
NAMED_UNIT(*)
PLANE_ANGLE_UNIT()
SI_UNIT($,.RADIAN.)
);
#1961=(
LENGTH_UNIT()
NAMED_UNIT(*)
SI_UNIT(.MILLI.,.METRE.)
);
ENDSEC;
END-ISO-10303-21;
