ISO-10303-21;
HEADER;
/* Generated by software containing ST-Developer
 * from STEP Tools, Inc. (www.steptools.com) 
 */
/* OPTION: using custom schema-name function */

FILE_DESCRIPTION(
/* description */ (''),
/* implementation_level */ '2;1');

FILE_NAME(
/* name */ 'menstrual_cup_medium_without_umbrella_mold_m.stp',
/* time_stamp */ '2026-09-08T16:17:11+02:00',
/* author */ (''),
/* organization */ (''),
/* preprocessor_version */ 'ST-DEVELOPER v20',
/* originating_system */ 'SIEMENS PLM Software NX2406.3002',
/* authorisation */ '');

FILE_SCHEMA (('AUTOMOTIVE_DESIGN { 1 0 10303 214 3 1 1 1 }'));
ENDSEC;

DATA;
#10=SHAPE_REPRESENTATION_RELATIONSHIP('None',
'relationship between menstrual_cup_medium_without_umbrella_mold_m-Non
e and menstrual_cup_medium_without_umbrella_mold_m-None',#22,#11);
#11=ADVANCED_BREP_SHAPE_REPRESENTATION(
'menstrual_cup_medium_without_umbrella_mold_m-None',(#400,#401,#402,#403,
#404),#8739);
#12=SHAPE_DEFINITION_REPRESENTATION(#13,#22);
#13=PRODUCT_DEFINITION_SHAPE('','',#14);
#14=PRODUCT_DEFINITION(' ','',#16,#15);
#15=PRODUCT_DEFINITION_CONTEXT('part definition',#21,'design');
#16=PRODUCT_DEFINITION_FORMATION_WITH_SPECIFIED_SOURCE(' ',' ',#18,
 .NOT_KNOWN.);
#17=PRODUCT_RELATED_PRODUCT_CATEGORY('part','',(#18));
#18=PRODUCT('menstrual_cup_medium_without_umbrella_mold_m',
'menstrual_cup_medium_without_umbrella_mold_m',' ',(#19));
#19=PRODUCT_CONTEXT(' ',#21,'mechanical');
#20=APPLICATION_PROTOCOL_DEFINITION('international standard',
'automotive_design',2010,#21);
#21=APPLICATION_CONTEXT(
'core data for automotive mechanical design processes');
#22=SHAPE_REPRESENTATION(
'menstrual_cup_medium_without_umbrella_mold_m-None',(#4278),#8739);
#23=ELLIPSE('',#4474,3.3412751514783,2.63428738446709);
#24=ELLIPSE('',#4576,3.3412751514783,2.63428738446709);
#25=FACE_BOUND('',#1388,.T.);
#26=FACE_BOUND('',#1389,.T.);
#27=FACE_BOUND('',#1390,.T.);
#28=FACE_BOUND('',#1391,.T.);
#29=FACE_BOUND('',#1392,.T.);
#30=FACE_BOUND('',#1393,.T.);
#31=FACE_BOUND('',#1394,.T.);
#32=FACE_BOUND('',#1395,.T.);
#33=FACE_BOUND('',#1396,.T.);
#34=FACE_BOUND('',#1397,.T.);
#35=FACE_BOUND('',#1398,.T.);
#36=FACE_BOUND('',#1399,.T.);
#37=FACE_BOUND('',#1411,.T.);
#38=FACE_BOUND('',#1412,.T.);
#39=FACE_BOUND('',#1445,.T.);
#40=FACE_BOUND('',#1446,.T.);
#41=FACE_BOUND('',#1461,.T.);
#42=FACE_BOUND('',#1462,.T.);
#43=FACE_BOUND('',#1484,.T.);
#44=FACE_BOUND('',#1485,.T.);
#45=FACE_BOUND('',#1506,.T.);
#46=FACE_BOUND('',#1507,.T.);
#47=FACE_BOUND('',#1508,.T.);
#48=FACE_BOUND('',#1509,.T.);
#49=FACE_BOUND('',#1517,.T.);
#50=FACE_BOUND('',#1518,.T.);
#51=FACE_BOUND('',#1534,.T.);
#52=FACE_BOUND('',#1535,.T.);
#53=OVER_RIDING_STYLED_ITEM('',(#104),#851,#98);
#54=OVER_RIDING_STYLED_ITEM('',(#105),#863,#98);
#55=OVER_RIDING_STYLED_ITEM('',(#106),#869,#98);
#56=OVER_RIDING_STYLED_ITEM('',(#107),#870,#98);
#57=OVER_RIDING_STYLED_ITEM('',(#108),#871,#98);
#58=OVER_RIDING_STYLED_ITEM('',(#109),#872,#98);
#59=OVER_RIDING_STYLED_ITEM('',(#110),#873,#98);
#60=OVER_RIDING_STYLED_ITEM('',(#111),#874,#98);
#61=OVER_RIDING_STYLED_ITEM('',(#112),#875,#98);
#62=OVER_RIDING_STYLED_ITEM('',(#113),#876,#98);
#63=OVER_RIDING_STYLED_ITEM('',(#114),#877,#98);
#64=OVER_RIDING_STYLED_ITEM('',(#115),#878,#98);
#65=OVER_RIDING_STYLED_ITEM('',(#116),#879,#98);
#66=OVER_RIDING_STYLED_ITEM('',(#117),#880,#98);
#67=OVER_RIDING_STYLED_ITEM('',(#118),#881,#98);
#68=OVER_RIDING_STYLED_ITEM('',(#119),#882,#98);
#69=OVER_RIDING_STYLED_ITEM('',(#120),#883,#98);
#70=OVER_RIDING_STYLED_ITEM('',(#122),#890,#99);
#71=OVER_RIDING_STYLED_ITEM('',(#123),#891,#99);
#72=OVER_RIDING_STYLED_ITEM('',(#125),#896,#100);
#73=OVER_RIDING_STYLED_ITEM('',(#126),#906,#100);
#74=OVER_RIDING_STYLED_ITEM('',(#127),#912,#100);
#75=OVER_RIDING_STYLED_ITEM('',(#128),#913,#100);
#76=OVER_RIDING_STYLED_ITEM('',(#129),#914,#100);
#77=OVER_RIDING_STYLED_ITEM('',(#130),#915,#100);
#78=OVER_RIDING_STYLED_ITEM('',(#131),#916,#100);
#79=OVER_RIDING_STYLED_ITEM('',(#132),#917,#100);
#80=OVER_RIDING_STYLED_ITEM('',(#133),#918,#100);
#81=OVER_RIDING_STYLED_ITEM('',(#134),#919,#100);
#82=OVER_RIDING_STYLED_ITEM('',(#135),#920,#100);
#83=OVER_RIDING_STYLED_ITEM('',(#136),#921,#100);
#84=OVER_RIDING_STYLED_ITEM('',(#137),#922,#100);
#85=OVER_RIDING_STYLED_ITEM('',(#138),#923,#100);
#86=OVER_RIDING_STYLED_ITEM('',(#139),#924,#100);
#87=OVER_RIDING_STYLED_ITEM('',(#140),#925,#100);
#88=OVER_RIDING_STYLED_ITEM('',(#141),#926,#100);
#89=OVER_RIDING_STYLED_ITEM('',(#143),#937,#101);
#90=OVER_RIDING_STYLED_ITEM('',(#144),#942,#101);
#91=OVER_RIDING_STYLED_ITEM('',(#145),#943,#101);
#92=OVER_RIDING_STYLED_ITEM('',(#146),#944,#101);
#93=OVER_RIDING_STYLED_ITEM('',(#148),#1045,#102);
#94=OVER_RIDING_STYLED_ITEM('',(#149),#1046,#102);
#95=OVER_RIDING_STYLED_ITEM('',(#150),#1047,#102);
#96=OVER_RIDING_STYLED_ITEM('',(#151),#1049,#102);
#97=PRESENTATION_LAYER_ASSIGNMENT('1','Layer 1',(#400,#401,#402,#403,#404));
#98=STYLED_ITEM('',(#103),#400);
#99=STYLED_ITEM('',(#121),#401);
#100=STYLED_ITEM('',(#124),#402);
#101=STYLED_ITEM('',(#142),#403);
#102=STYLED_ITEM('',(#147),#404);
#103=PRESENTATION_STYLE_ASSIGNMENT((#152));
#104=PRESENTATION_STYLE_ASSIGNMENT((#153));
#105=PRESENTATION_STYLE_ASSIGNMENT((#154));
#106=PRESENTATION_STYLE_ASSIGNMENT((#155));
#107=PRESENTATION_STYLE_ASSIGNMENT((#156));
#108=PRESENTATION_STYLE_ASSIGNMENT((#157));
#109=PRESENTATION_STYLE_ASSIGNMENT((#158));
#110=PRESENTATION_STYLE_ASSIGNMENT((#159));
#111=PRESENTATION_STYLE_ASSIGNMENT((#160));
#112=PRESENTATION_STYLE_ASSIGNMENT((#161));
#113=PRESENTATION_STYLE_ASSIGNMENT((#162));
#114=PRESENTATION_STYLE_ASSIGNMENT((#163));
#115=PRESENTATION_STYLE_ASSIGNMENT((#164));
#116=PRESENTATION_STYLE_ASSIGNMENT((#165));
#117=PRESENTATION_STYLE_ASSIGNMENT((#166));
#118=PRESENTATION_STYLE_ASSIGNMENT((#167));
#119=PRESENTATION_STYLE_ASSIGNMENT((#168));
#120=PRESENTATION_STYLE_ASSIGNMENT((#169));
#121=PRESENTATION_STYLE_ASSIGNMENT((#170));
#122=PRESENTATION_STYLE_ASSIGNMENT((#171));
#123=PRESENTATION_STYLE_ASSIGNMENT((#172));
#124=PRESENTATION_STYLE_ASSIGNMENT((#173));
#125=PRESENTATION_STYLE_ASSIGNMENT((#174));
#126=PRESENTATION_STYLE_ASSIGNMENT((#175));
#127=PRESENTATION_STYLE_ASSIGNMENT((#176));
#128=PRESENTATION_STYLE_ASSIGNMENT((#177));
#129=PRESENTATION_STYLE_ASSIGNMENT((#178));
#130=PRESENTATION_STYLE_ASSIGNMENT((#179));
#131=PRESENTATION_STYLE_ASSIGNMENT((#180));
#132=PRESENTATION_STYLE_ASSIGNMENT((#181));
#133=PRESENTATION_STYLE_ASSIGNMENT((#182));
#134=PRESENTATION_STYLE_ASSIGNMENT((#183));
#135=PRESENTATION_STYLE_ASSIGNMENT((#184));
#136=PRESENTATION_STYLE_ASSIGNMENT((#185));
#137=PRESENTATION_STYLE_ASSIGNMENT((#186));
#138=PRESENTATION_STYLE_ASSIGNMENT((#187));
#139=PRESENTATION_STYLE_ASSIGNMENT((#188));
#140=PRESENTATION_STYLE_ASSIGNMENT((#189));
#141=PRESENTATION_STYLE_ASSIGNMENT((#190));
#142=PRESENTATION_STYLE_ASSIGNMENT((#191));
#143=PRESENTATION_STYLE_ASSIGNMENT((#192));
#144=PRESENTATION_STYLE_ASSIGNMENT((#193));
#145=PRESENTATION_STYLE_ASSIGNMENT((#194));
#146=PRESENTATION_STYLE_ASSIGNMENT((#195));
#147=PRESENTATION_STYLE_ASSIGNMENT((#196));
#148=PRESENTATION_STYLE_ASSIGNMENT((#197));
#149=PRESENTATION_STYLE_ASSIGNMENT((#198));
#150=PRESENTATION_STYLE_ASSIGNMENT((#199));
#151=PRESENTATION_STYLE_ASSIGNMENT((#200));
#152=SURFACE_STYLE_USAGE(.BOTH.,#201);
#153=SURFACE_STYLE_USAGE(.BOTH.,#202);
#154=SURFACE_STYLE_USAGE(.BOTH.,#203);
#155=SURFACE_STYLE_USAGE(.BOTH.,#204);
#156=SURFACE_STYLE_USAGE(.BOTH.,#205);
#157=SURFACE_STYLE_USAGE(.BOTH.,#206);
#158=SURFACE_STYLE_USAGE(.BOTH.,#207);
#159=SURFACE_STYLE_USAGE(.BOTH.,#208);
#160=SURFACE_STYLE_USAGE(.BOTH.,#209);
#161=SURFACE_STYLE_USAGE(.BOTH.,#210);
#162=SURFACE_STYLE_USAGE(.BOTH.,#211);
#163=SURFACE_STYLE_USAGE(.BOTH.,#212);
#164=SURFACE_STYLE_USAGE(.BOTH.,#213);
#165=SURFACE_STYLE_USAGE(.BOTH.,#214);
#166=SURFACE_STYLE_USAGE(.BOTH.,#215);
#167=SURFACE_STYLE_USAGE(.BOTH.,#216);
#168=SURFACE_STYLE_USAGE(.BOTH.,#217);
#169=SURFACE_STYLE_USAGE(.BOTH.,#218);
#170=SURFACE_STYLE_USAGE(.BOTH.,#219);
#171=SURFACE_STYLE_USAGE(.BOTH.,#220);
#172=SURFACE_STYLE_USAGE(.BOTH.,#221);
#173=SURFACE_STYLE_USAGE(.BOTH.,#222);
#174=SURFACE_STYLE_USAGE(.BOTH.,#223);
#175=SURFACE_STYLE_USAGE(.BOTH.,#224);
#176=SURFACE_STYLE_USAGE(.BOTH.,#225);
#177=SURFACE_STYLE_USAGE(.BOTH.,#226);
#178=SURFACE_STYLE_USAGE(.BOTH.,#227);
#179=SURFACE_STYLE_USAGE(.BOTH.,#228);
#180=SURFACE_STYLE_USAGE(.BOTH.,#229);
#181=SURFACE_STYLE_USAGE(.BOTH.,#230);
#182=SURFACE_STYLE_USAGE(.BOTH.,#231);
#183=SURFACE_STYLE_USAGE(.BOTH.,#232);
#184=SURFACE_STYLE_USAGE(.BOTH.,#233);
#185=SURFACE_STYLE_USAGE(.BOTH.,#234);
#186=SURFACE_STYLE_USAGE(.BOTH.,#235);
#187=SURFACE_STYLE_USAGE(.BOTH.,#236);
#188=SURFACE_STYLE_USAGE(.BOTH.,#237);
#189=SURFACE_STYLE_USAGE(.BOTH.,#238);
#190=SURFACE_STYLE_USAGE(.BOTH.,#239);
#191=SURFACE_STYLE_USAGE(.BOTH.,#240);
#192=SURFACE_STYLE_USAGE(.BOTH.,#241);
#193=SURFACE_STYLE_USAGE(.BOTH.,#242);
#194=SURFACE_STYLE_USAGE(.BOTH.,#243);
#195=SURFACE_STYLE_USAGE(.BOTH.,#244);
#196=SURFACE_STYLE_USAGE(.BOTH.,#245);
#197=SURFACE_STYLE_USAGE(.BOTH.,#246);
#198=SURFACE_STYLE_USAGE(.BOTH.,#247);
#199=SURFACE_STYLE_USAGE(.BOTH.,#248);
#200=SURFACE_STYLE_USAGE(.BOTH.,#249);
#201=SURFACE_SIDE_STYLE('',(#250));
#202=SURFACE_SIDE_STYLE('',(#251));
#203=SURFACE_SIDE_STYLE('',(#252));
#204=SURFACE_SIDE_STYLE('',(#253));
#205=SURFACE_SIDE_STYLE('',(#254));
#206=SURFACE_SIDE_STYLE('',(#255));
#207=SURFACE_SIDE_STYLE('',(#256));
#208=SURFACE_SIDE_STYLE('',(#257));
#209=SURFACE_SIDE_STYLE('',(#258));
#210=SURFACE_SIDE_STYLE('',(#259));
#211=SURFACE_SIDE_STYLE('',(#260));
#212=SURFACE_SIDE_STYLE('',(#261));
#213=SURFACE_SIDE_STYLE('',(#262));
#214=SURFACE_SIDE_STYLE('',(#263));
#215=SURFACE_SIDE_STYLE('',(#264));
#216=SURFACE_SIDE_STYLE('',(#265));
#217=SURFACE_SIDE_STYLE('',(#266));
#218=SURFACE_SIDE_STYLE('',(#267));
#219=SURFACE_SIDE_STYLE('',(#268));
#220=SURFACE_SIDE_STYLE('',(#269));
#221=SURFACE_SIDE_STYLE('',(#270));
#222=SURFACE_SIDE_STYLE('',(#271));
#223=SURFACE_SIDE_STYLE('',(#272));
#224=SURFACE_SIDE_STYLE('',(#273));
#225=SURFACE_SIDE_STYLE('',(#274));
#226=SURFACE_SIDE_STYLE('',(#275));
#227=SURFACE_SIDE_STYLE('',(#276));
#228=SURFACE_SIDE_STYLE('',(#277));
#229=SURFACE_SIDE_STYLE('',(#278));
#230=SURFACE_SIDE_STYLE('',(#279));
#231=SURFACE_SIDE_STYLE('',(#280));
#232=SURFACE_SIDE_STYLE('',(#281));
#233=SURFACE_SIDE_STYLE('',(#282));
#234=SURFACE_SIDE_STYLE('',(#283));
#235=SURFACE_SIDE_STYLE('',(#284));
#236=SURFACE_SIDE_STYLE('',(#285));
#237=SURFACE_SIDE_STYLE('',(#286));
#238=SURFACE_SIDE_STYLE('',(#287));
#239=SURFACE_SIDE_STYLE('',(#288));
#240=SURFACE_SIDE_STYLE('',(#289));
#241=SURFACE_SIDE_STYLE('',(#290));
#242=SURFACE_SIDE_STYLE('',(#291));
#243=SURFACE_SIDE_STYLE('',(#292));
#244=SURFACE_SIDE_STYLE('',(#293));
#245=SURFACE_SIDE_STYLE('',(#294));
#246=SURFACE_SIDE_STYLE('',(#295));
#247=SURFACE_SIDE_STYLE('',(#296));
#248=SURFACE_SIDE_STYLE('',(#297));
#249=SURFACE_SIDE_STYLE('',(#298));
#250=SURFACE_STYLE_FILL_AREA(#299);
#251=SURFACE_STYLE_FILL_AREA(#300);
#252=SURFACE_STYLE_FILL_AREA(#301);
#253=SURFACE_STYLE_FILL_AREA(#302);
#254=SURFACE_STYLE_FILL_AREA(#303);
#255=SURFACE_STYLE_FILL_AREA(#304);
#256=SURFACE_STYLE_FILL_AREA(#305);
#257=SURFACE_STYLE_FILL_AREA(#306);
#258=SURFACE_STYLE_FILL_AREA(#307);
#259=SURFACE_STYLE_FILL_AREA(#308);
#260=SURFACE_STYLE_FILL_AREA(#309);
#261=SURFACE_STYLE_FILL_AREA(#310);
#262=SURFACE_STYLE_FILL_AREA(#311);
#263=SURFACE_STYLE_FILL_AREA(#312);
#264=SURFACE_STYLE_FILL_AREA(#313);
#265=SURFACE_STYLE_FILL_AREA(#314);
#266=SURFACE_STYLE_FILL_AREA(#315);
#267=SURFACE_STYLE_FILL_AREA(#316);
#268=SURFACE_STYLE_FILL_AREA(#317);
#269=SURFACE_STYLE_FILL_AREA(#318);
#270=SURFACE_STYLE_FILL_AREA(#319);
#271=SURFACE_STYLE_FILL_AREA(#320);
#272=SURFACE_STYLE_FILL_AREA(#321);
#273=SURFACE_STYLE_FILL_AREA(#322);
#274=SURFACE_STYLE_FILL_AREA(#323);
#275=SURFACE_STYLE_FILL_AREA(#324);
#276=SURFACE_STYLE_FILL_AREA(#325);
#277=SURFACE_STYLE_FILL_AREA(#326);
#278=SURFACE_STYLE_FILL_AREA(#327);
#279=SURFACE_STYLE_FILL_AREA(#328);
#280=SURFACE_STYLE_FILL_AREA(#329);
#281=SURFACE_STYLE_FILL_AREA(#330);
#282=SURFACE_STYLE_FILL_AREA(#331);
#283=SURFACE_STYLE_FILL_AREA(#332);
#284=SURFACE_STYLE_FILL_AREA(#333);
#285=SURFACE_STYLE_FILL_AREA(#334);
#286=SURFACE_STYLE_FILL_AREA(#335);
#287=SURFACE_STYLE_FILL_AREA(#336);
#288=SURFACE_STYLE_FILL_AREA(#337);
#289=SURFACE_STYLE_FILL_AREA(#338);
#290=SURFACE_STYLE_FILL_AREA(#339);
#291=SURFACE_STYLE_FILL_AREA(#340);
#292=SURFACE_STYLE_FILL_AREA(#341);
#293=SURFACE_STYLE_FILL_AREA(#342);
#294=SURFACE_STYLE_FILL_AREA(#343);
#295=SURFACE_STYLE_FILL_AREA(#344);
#296=SURFACE_STYLE_FILL_AREA(#345);
#297=SURFACE_STYLE_FILL_AREA(#346);
#298=SURFACE_STYLE_FILL_AREA(#347);
#299=FILL_AREA_STYLE('',(#348));
#300=FILL_AREA_STYLE('',(#349));
#301=FILL_AREA_STYLE('',(#350));
#302=FILL_AREA_STYLE('',(#351));
#303=FILL_AREA_STYLE('',(#352));
#304=FILL_AREA_STYLE('',(#353));
#305=FILL_AREA_STYLE('',(#354));
#306=FILL_AREA_STYLE('',(#355));
#307=FILL_AREA_STYLE('',(#356));
#308=FILL_AREA_STYLE('',(#357));
#309=FILL_AREA_STYLE('',(#358));
#310=FILL_AREA_STYLE('',(#359));
#311=FILL_AREA_STYLE('',(#360));
#312=FILL_AREA_STYLE('',(#361));
#313=FILL_AREA_STYLE('',(#362));
#314=FILL_AREA_STYLE('',(#363));
#315=FILL_AREA_STYLE('',(#364));
#316=FILL_AREA_STYLE('',(#365));
#317=FILL_AREA_STYLE('',(#366));
#318=FILL_AREA_STYLE('',(#367));
#319=FILL_AREA_STYLE('',(#368));
#320=FILL_AREA_STYLE('',(#369));
#321=FILL_AREA_STYLE('',(#370));
#322=FILL_AREA_STYLE('',(#371));
#323=FILL_AREA_STYLE('',(#372));
#324=FILL_AREA_STYLE('',(#373));
#325=FILL_AREA_STYLE('',(#374));
#326=FILL_AREA_STYLE('',(#375));
#327=FILL_AREA_STYLE('',(#376));
#328=FILL_AREA_STYLE('',(#377));
#329=FILL_AREA_STYLE('',(#378));
#330=FILL_AREA_STYLE('',(#379));
#331=FILL_AREA_STYLE('',(#380));
#332=FILL_AREA_STYLE('',(#381));
#333=FILL_AREA_STYLE('',(#382));
#334=FILL_AREA_STYLE('',(#383));
#335=FILL_AREA_STYLE('',(#384));
#336=FILL_AREA_STYLE('',(#385));
#337=FILL_AREA_STYLE('',(#386));
#338=FILL_AREA_STYLE('',(#387));
#339=FILL_AREA_STYLE('',(#388));
#340=FILL_AREA_STYLE('',(#389));
#341=FILL_AREA_STYLE('',(#390));
#342=FILL_AREA_STYLE('',(#391));
#343=FILL_AREA_STYLE('',(#392));
#344=FILL_AREA_STYLE('',(#393));
#345=FILL_AREA_STYLE('',(#394));
#346=FILL_AREA_STYLE('',(#395));
#347=FILL_AREA_STYLE('',(#396));
#348=FILL_AREA_STYLE_COLOUR('',#397);
#349=FILL_AREA_STYLE_COLOUR('',#398);
#350=FILL_AREA_STYLE_COLOUR('',#399);
#351=FILL_AREA_STYLE_COLOUR('',#399);
#352=FILL_AREA_STYLE_COLOUR('',#399);
#353=FILL_AREA_STYLE_COLOUR('',#399);
#354=FILL_AREA_STYLE_COLOUR('',#399);
#355=FILL_AREA_STYLE_COLOUR('',#399);
#356=FILL_AREA_STYLE_COLOUR('',#399);
#357=FILL_AREA_STYLE_COLOUR('',#399);
#358=FILL_AREA_STYLE_COLOUR('',#398);
#359=FILL_AREA_STYLE_COLOUR('',#398);
#360=FILL_AREA_STYLE_COLOUR('',#398);
#361=FILL_AREA_STYLE_COLOUR('',#398);
#362=FILL_AREA_STYLE_COLOUR('',#398);
#363=FILL_AREA_STYLE_COLOUR('',#398);
#364=FILL_AREA_STYLE_COLOUR('',#398);
#365=FILL_AREA_STYLE_COLOUR('',#398);
#366=FILL_AREA_STYLE_COLOUR('',#397);
#367=FILL_AREA_STYLE_COLOUR('',#398);
#368=FILL_AREA_STYLE_COLOUR('',#398);
#369=FILL_AREA_STYLE_COLOUR('',#397);
#370=FILL_AREA_STYLE_COLOUR('',#398);
#371=FILL_AREA_STYLE_COLOUR('',#399);
#372=FILL_AREA_STYLE_COLOUR('',#399);
#373=FILL_AREA_STYLE_COLOUR('',#399);
#374=FILL_AREA_STYLE_COLOUR('',#399);
#375=FILL_AREA_STYLE_COLOUR('',#399);
#376=FILL_AREA_STYLE_COLOUR('',#399);
#377=FILL_AREA_STYLE_COLOUR('',#399);
#378=FILL_AREA_STYLE_COLOUR('',#399);
#379=FILL_AREA_STYLE_COLOUR('',#398);
#380=FILL_AREA_STYLE_COLOUR('',#398);
#381=FILL_AREA_STYLE_COLOUR('',#398);
#382=FILL_AREA_STYLE_COLOUR('',#398);
#383=FILL_AREA_STYLE_COLOUR('',#398);
#384=FILL_AREA_STYLE_COLOUR('',#398);
#385=FILL_AREA_STYLE_COLOUR('',#398);
#386=FILL_AREA_STYLE_COLOUR('',#398);
#387=FILL_AREA_STYLE_COLOUR('',#397);
#388=FILL_AREA_STYLE_COLOUR('',#398);
#389=FILL_AREA_STYLE_COLOUR('',#398);
#390=FILL_AREA_STYLE_COLOUR('',#398);
#391=FILL_AREA_STYLE_COLOUR('',#398);
#392=FILL_AREA_STYLE_COLOUR('',#397);
#393=FILL_AREA_STYLE_COLOUR('',#398);
#394=FILL_AREA_STYLE_COLOUR('',#398);
#395=FILL_AREA_STYLE_COLOUR('',#398);
#396=FILL_AREA_STYLE_COLOUR('',#398);
#397=COLOUR_RGB('medium steel',0.596078431372549,0.666666666666667,0.686274509803922);
#398=COLOUR_RGB('strong pink',0.933333333333333,0.584313725490196,0.741176470588235);
#399=COLOUR_RGB('medium royal',0.2,0.4,0.8);
#400=MANIFOLD_SOLID_BREP('',#405);
#401=MANIFOLD_SOLID_BREP('',#406);
#402=MANIFOLD_SOLID_BREP('',#407);
#403=MANIFOLD_SOLID_BREP('',#408);
#404=MANIFOLD_SOLID_BREP('',#409);
#405=CLOSED_SHELL('',(#848,#849,#850,#851,#852,#853,#854,#855,#856,#857,
#858,#859,#860,#861,#862,#863,#864,#865,#866,#867,#868,#869,#870,#871,#872,
#873,#874,#875,#876,#877,#878,#879,#880,#881,#882,#883,#884,#885,#886,#887,
#888));
#406=CLOSED_SHELL('',(#889,#890,#891,#892));
#407=CLOSED_SHELL('',(#893,#894,#895,#896,#897,#898,#899,#900,#901,#902,
#903,#904,#905,#906,#907,#908,#909,#910,#911,#912,#913,#914,#915,#916,#917,
#918,#919,#920,#921,#922,#923,#924,#925,#926,#927,#928,#929,#930,#931));
#408=CLOSED_SHELL('',(#932,#933,#934,#935,#936,#937,#938,#939,#940,#941,
#942,#943,#944,#945,#946,#947,#948,#949,#950,#951,#952,#953,#954,#955,#956,
#957,#958,#959,#960,#961,#962,#963,#964,#965,#966,#967,#968,#969,#970,#971,
#972,#973,#974,#975,#976,#977,#978,#979,#980,#981,#982,#983,#984,#985,#986,
#987,#988,#989,#990,#991,#992,#993,#994,#995,#996,#997,#998,#999,#1000,
#1001,#1002,#1003,#1004,#1005,#1006,#1007,#1008,#1009,#1010,#1011,#1012,
#1013,#1014,#1015,#1016,#1017,#1018,#1019,#1020,#1021,#1022,#1023,#1024,
#1025,#1026,#1027,#1028,#1029,#1030,#1031,#1032,#1033,#1034,#1035,#1036,
#1037,#1038,#1039,#1040));
#409=CLOSED_SHELL('',(#1041,#1042,#1043,#1044,#1045,#1046,#1047,#1048,#1049,
#1050,#1051,#1052,#1053,#1054,#1055,#1056,#1057,#1058,#1059,#1060,#1061,
#1062,#1063));
#410=SURFACE_OF_REVOLUTION('',#516,#414);
#411=SURFACE_OF_REVOLUTION('',#538,#415);
#412=SURFACE_OF_REVOLUTION('',#616,#416);
#413=SURFACE_OF_REVOLUTION('',#742,#417);
#414=AXIS1_PLACEMENT('',#5924,#4795);
#415=AXIS1_PLACEMENT('',#6419,#5008);
#416=AXIS1_PLACEMENT('',#7198,#5113);
#417=AXIS1_PLACEMENT('',#8733,#5446);
#418=(
BOUNDED_SURFACE()
B_SPLINE_SURFACE(3,3,((#5832,#5833,#5834,#5835),(#5836,#5837,#5838,#5839),
(#5840,#5841,#5842,#5843),(#5844,#5845,#5846,#5847)),.UNSPECIFIED.,.F.,
 .F.,.F.)
B_SPLINE_SURFACE_WITH_KNOTS((4,4),(4,4),(0.,1.),(0.,1.),.UNSPECIFIED.)
GEOMETRIC_REPRESENTATION_ITEM()
RATIONAL_B_SPLINE_SURFACE(((1.,0.333333333333334,0.333333333333334,1.),
(0.995849452213467,0.33194981740449,0.33194981740449,0.995849452213467),
(0.995849452213467,0.33194981740449,0.33194981740449,0.995849452213467),
(1.,0.333333333333334,0.333333333333334,1.)))
REPRESENTATION_ITEM('')
SURFACE()
);
#419=(
BOUNDED_SURFACE()
B_SPLINE_SURFACE(3,3,((#5850,#5851,#5852,#5853),(#5854,#5855,#5856,#5857),
(#5858,#5859,#5860,#5861),(#5862,#5863,#5864,#5865)),.UNSPECIFIED.,.F.,
 .F.,.F.)
B_SPLINE_SURFACE_WITH_KNOTS((4,4),(4,4),(0.,1.),(0.,1.),.UNSPECIFIED.)
GEOMETRIC_REPRESENTATION_ITEM()
RATIONAL_B_SPLINE_SURFACE(((1.,0.333333333333333,0.333333333333333,1.),
(0.996494513709844,0.332164837903281,0.332164837903281,0.996494513709844),
(0.996494513709844,0.332164837903281,0.332164837903281,0.996494513709844),
(1.,0.333333333333333,0.333333333333333,1.)))
REPRESENTATION_ITEM('')
SURFACE()
);
#420=(
BOUNDED_SURFACE()
B_SPLINE_SURFACE(3,3,((#5866,#5867,#5868,#5869),(#5870,#5871,#5872,#5873),
(#5874,#5875,#5876,#5877),(#5878,#5879,#5880,#5881)),.UNSPECIFIED.,.F.,
 .F.,.F.)
B_SPLINE_SURFACE_WITH_KNOTS((4,4),(4,4),(0.,1.),(0.,1.),.UNSPECIFIED.)
GEOMETRIC_REPRESENTATION_ITEM()
RATIONAL_B_SPLINE_SURFACE(((1.,0.333333333333334,0.333333333333334,1.),
(0.999242380788212,0.333080793596072,0.333080793596072,0.999242380788212),
(0.999242380788212,0.333080793596072,0.333080793596072,0.999242380788212),
(1.,0.333333333333334,0.333333333333334,1.)))
REPRESENTATION_ITEM('')
SURFACE()
);
#421=(
BOUNDED_SURFACE()
B_SPLINE_SURFACE(3,3,((#5882,#5883,#5884,#5885),(#5886,#5887,#5888,#5889),
(#5890,#5891,#5892,#5893),(#5894,#5895,#5896,#5897)),.UNSPECIFIED.,.F.,
 .F.,.F.)
B_SPLINE_SURFACE_WITH_KNOTS((4,4),(4,4),(0.,1.),(0.,1.),.UNSPECIFIED.)
GEOMETRIC_REPRESENTATION_ITEM()
RATIONAL_B_SPLINE_SURFACE(((1.,0.333333333333334,0.333333333333334,1.),
(0.995685871157919,0.331895290385974,0.331895290385974,0.995685871157919),
(0.995685871157919,0.331895290385974,0.331895290385974,0.995685871157919),
(1.,0.333333333333334,0.333333333333334,1.)))
REPRESENTATION_ITEM('')
SURFACE()
);
#422=(
BOUNDED_SURFACE()
B_SPLINE_SURFACE(3,3,((#5899,#5900,#5901,#5902),(#5903,#5904,#5905,#5906),
(#5907,#5908,#5909,#5910),(#5911,#5912,#5913,#5914)),.UNSPECIFIED.,.F.,
 .F.,.F.)
B_SPLINE_SURFACE_WITH_KNOTS((4,4),(4,4),(0.,1.),(0.,1.),.UNSPECIFIED.)
GEOMETRIC_REPRESENTATION_ITEM()
RATIONAL_B_SPLINE_SURFACE(((1.,0.537213212923372,0.537213212923372,1.),
(0.999603860410789,0.537000401501886,0.537000401501886,0.999603860410789),
(0.999603860410789,0.537000401501886,0.537000401501886,0.999603860410789),
(1.,0.537213212923372,0.537213212923372,1.)))
REPRESENTATION_ITEM('')
SURFACE()
);
#423=(
BOUNDED_SURFACE()
B_SPLINE_SURFACE(3,3,((#5941,#5942,#5943,#5944),(#5945,#5946,#5947,#5948),
(#5949,#5950,#5951,#5952),(#5953,#5954,#5955,#5956)),.UNSPECIFIED.,.F.,
 .F.,.F.)
B_SPLINE_SURFACE_WITH_KNOTS((4,4),(4,4),(0.,1.),(0.,1.),.UNSPECIFIED.)
GEOMETRIC_REPRESENTATION_ITEM()
RATIONAL_B_SPLINE_SURFACE(((1.,0.998617533653346,0.998617533653346,1.),
(0.999999808505533,0.998617342423614,0.998617342423614,0.999999808505533),
(0.999999808505533,0.998617342423614,0.998617342423614,0.999999808505533),
(1.,0.998617533653346,0.998617533653346,1.)))
REPRESENTATION_ITEM('')
SURFACE()
);
#424=(
BOUNDED_SURFACE()
B_SPLINE_SURFACE(3,3,((#6327,#6328,#6329,#6330),(#6331,#6332,#6333,#6334),
(#6335,#6336,#6337,#6338),(#6339,#6340,#6341,#6342)),.UNSPECIFIED.,.F.,
 .F.,.F.)
B_SPLINE_SURFACE_WITH_KNOTS((4,4),(4,4),(0.,1.),(0.,1.),.UNSPECIFIED.)
GEOMETRIC_REPRESENTATION_ITEM()
RATIONAL_B_SPLINE_SURFACE(((1.,0.333333333333334,0.333333333333334,1.),
(0.995849452213467,0.33194981740449,0.33194981740449,0.995849452213467),
(0.995849452213467,0.33194981740449,0.33194981740449,0.995849452213467),
(1.,0.333333333333334,0.333333333333334,1.)))
REPRESENTATION_ITEM('')
SURFACE()
);
#425=(
BOUNDED_SURFACE()
B_SPLINE_SURFACE(3,3,((#6345,#6346,#6347,#6348),(#6349,#6350,#6351,#6352),
(#6353,#6354,#6355,#6356),(#6357,#6358,#6359,#6360)),.UNSPECIFIED.,.F.,
 .F.,.F.)
B_SPLINE_SURFACE_WITH_KNOTS((4,4),(4,4),(0.,1.),(0.,1.),.UNSPECIFIED.)
GEOMETRIC_REPRESENTATION_ITEM()
RATIONAL_B_SPLINE_SURFACE(((1.,0.333333333333333,0.333333333333333,1.),
(0.996494513709844,0.332164837903281,0.332164837903281,0.996494513709844),
(0.996494513709844,0.332164837903281,0.332164837903281,0.996494513709844),
(1.,0.333333333333333,0.333333333333333,1.)))
REPRESENTATION_ITEM('')
SURFACE()
);
#426=(
BOUNDED_SURFACE()
B_SPLINE_SURFACE(3,3,((#6361,#6362,#6363,#6364),(#6365,#6366,#6367,#6368),
(#6369,#6370,#6371,#6372),(#6373,#6374,#6375,#6376)),.UNSPECIFIED.,.F.,
 .F.,.F.)
B_SPLINE_SURFACE_WITH_KNOTS((4,4),(4,4),(0.,1.),(0.,1.),.UNSPECIFIED.)
GEOMETRIC_REPRESENTATION_ITEM()
RATIONAL_B_SPLINE_SURFACE(((1.,0.333333333333334,0.333333333333334,1.),
(0.999242380788212,0.333080793596072,0.333080793596072,0.999242380788212),
(0.999242380788212,0.333080793596072,0.333080793596072,0.999242380788212),
(1.,0.333333333333334,0.333333333333334,1.)))
REPRESENTATION_ITEM('')
SURFACE()
);
#427=(
BOUNDED_SURFACE()
B_SPLINE_SURFACE(3,3,((#6377,#6378,#6379,#6380),(#6381,#6382,#6383,#6384),
(#6385,#6386,#6387,#6388),(#6389,#6390,#6391,#6392)),.UNSPECIFIED.,.F.,
 .F.,.F.)
B_SPLINE_SURFACE_WITH_KNOTS((4,4),(4,4),(0.,1.),(0.,1.),.UNSPECIFIED.)
GEOMETRIC_REPRESENTATION_ITEM()
RATIONAL_B_SPLINE_SURFACE(((1.,0.333333333333334,0.333333333333334,1.),
(0.995685871157919,0.331895290385974,0.331895290385974,0.995685871157919),
(0.995685871157919,0.331895290385974,0.331895290385974,0.995685871157919),
(1.,0.333333333333334,0.333333333333334,1.)))
REPRESENTATION_ITEM('')
SURFACE()
);
#428=(
BOUNDED_SURFACE()
B_SPLINE_SURFACE(3,3,((#6394,#6395,#6396,#6397),(#6398,#6399,#6400,#6401),
(#6402,#6403,#6404,#6405),(#6406,#6407,#6408,#6409)),.UNSPECIFIED.,.F.,
 .F.,.F.)
B_SPLINE_SURFACE_WITH_KNOTS((4,4),(4,4),(0.,1.),(0.,1.),.UNSPECIFIED.)
GEOMETRIC_REPRESENTATION_ITEM()
RATIONAL_B_SPLINE_SURFACE(((1.,0.537213212923372,0.537213212923372,1.),
(0.999603860410797,0.53700040150189,0.53700040150189,0.999603860410797),
(0.999603860410797,0.53700040150189,0.53700040150189,0.999603860410797),
(1.,0.537213212923372,0.537213212923372,1.)))
REPRESENTATION_ITEM('')
SURFACE()
);
#429=(
BOUNDED_SURFACE()
B_SPLINE_SURFACE(3,3,((#7104,#7105,#7106,#7107),(#7108,#7109,#7110,#7111),
(#7112,#7113,#7114,#7115),(#7116,#7117,#7118,#7119)),.UNSPECIFIED.,.F.,
 .F.,.F.)
B_SPLINE_SURFACE_WITH_KNOTS((4,4),(4,4),(0.,1.),(0.,1.),.UNSPECIFIED.)
GEOMETRIC_REPRESENTATION_ITEM()
RATIONAL_B_SPLINE_SURFACE(((1.,0.333333333333334,0.333333333333334,1.),
(0.995849452213467,0.33194981740449,0.33194981740449,0.995849452213467),
(0.995849452213467,0.33194981740449,0.33194981740449,0.995849452213467),
(1.,0.333333333333334,0.333333333333334,1.)))
REPRESENTATION_ITEM('')
SURFACE()
);
#430=(
BOUNDED_SURFACE()
B_SPLINE_SURFACE(3,3,((#7165,#7166,#7167,#7168),(#7169,#7170,#7171,#7172),
(#7173,#7174,#7175,#7176),(#7177,#7178,#7179,#7180)),.UNSPECIFIED.,.F.,
 .F.,.F.)
B_SPLINE_SURFACE_WITH_KNOTS((4,4),(4,4),(0.,1.),(0.,1.),.UNSPECIFIED.)
GEOMETRIC_REPRESENTATION_ITEM()
RATIONAL_B_SPLINE_SURFACE(((1.,0.333333333333334,0.333333333333334,1.),
(0.931625462351467,0.310541820783823,0.310541820783823,0.931625462351467),
(0.931625462351467,0.310541820783823,0.310541820783823,0.931625462351467),
(1.,0.333333333333334,0.333333333333334,1.)))
REPRESENTATION_ITEM('')
SURFACE()
);
#431=(
BOUNDED_SURFACE()
B_SPLINE_SURFACE(3,3,((#8547,#8548,#8549,#8550),(#8551,#8552,#8553,#8554),
(#8555,#8556,#8557,#8558),(#8559,#8560,#8561,#8562)),.UNSPECIFIED.,.F.,
 .F.,.F.)
B_SPLINE_SURFACE_WITH_KNOTS((4,4),(4,4),(0.,1.),(0.,1.),.UNSPECIFIED.)
GEOMETRIC_REPRESENTATION_ITEM()
RATIONAL_B_SPLINE_SURFACE(((1.,0.333333333333334,0.333333333333334,1.),
(0.995849452213467,0.33194981740449,0.33194981740449,0.995849452213467),
(0.995849452213467,0.33194981740449,0.33194981740449,0.995849452213467),
(1.,0.333333333333334,0.333333333333334,1.)))
REPRESENTATION_ITEM('')
SURFACE()
);
#432=(
BOUNDED_SURFACE()
B_SPLINE_SURFACE(3,3,((#8642,#8643,#8644,#8645),(#8646,#8647,#8648,#8649),
(#8650,#8651,#8652,#8653),(#8654,#8655,#8656,#8657)),.UNSPECIFIED.,.F.,
 .F.,.F.)
B_SPLINE_SURFACE_WITH_KNOTS((4,4),(4,4),(0.,1.),(0.,1.),.UNSPECIFIED.)
GEOMETRIC_REPRESENTATION_ITEM()
RATIONAL_B_SPLINE_SURFACE(((1.,0.333333333333334,0.333333333333334,1.),
(0.931625462351467,0.310541820783823,0.310541820783823,0.931625462351467),
(0.931625462351467,0.310541820783823,0.310541820783823,0.931625462351467),
(1.,0.333333333333334,0.333333333333334,1.)))
REPRESENTATION_ITEM('')
SURFACE()
);
#433=CONICAL_SURFACE('',#4336,6.50096024900565,56.1766370569855);
#434=CONICAL_SURFACE('',#4339,10.8390950420164,41.4822894569321);
#435=CONICAL_SURFACE('',#4341,12.4076702234399,34.01741361466);
#436=CONICAL_SURFACE('',#4344,13.0982202000044,21.5087082515236);
#437=CONICAL_SURFACE('',#4346,13.0064280515746,31.2856074132056);
#438=CONICAL_SURFACE('',#4354,17.5174738306614,1.96910417977811);
#439=CONICAL_SURFACE('',#4355,17.6376830081336,1.96910417977823);
#440=CONICAL_SURFACE('',#4416,6.50096024900565,56.1766370569855);
#441=CONICAL_SURFACE('',#4419,10.8390950420164,41.4822894569321);
#442=CONICAL_SURFACE('',#4421,12.4076702234399,34.01741361466);
#443=CONICAL_SURFACE('',#4424,13.0982202000044,21.5087082515236);
#444=CONICAL_SURFACE('',#4426,13.0064280515746,31.2856074132056);
#445=CONICAL_SURFACE('',#4434,17.5174738306614,1.96910417977811);
#446=CONICAL_SURFACE('',#4435,17.6376830081336,1.96910417977823);
#447=CONICAL_SURFACE('',#4468,19.5,1.96910417977654);
#448=CONICAL_SURFACE('',#4473,1.94531945246459,66.4091436059922);
#449=CONICAL_SURFACE('',#4544,1.94531945246459,66.4091436059922);
#450=CONICAL_SURFACE('',#4556,19.5,1.96910417977654);
#451=CONICAL_SURFACE('',#4566,1.94531945246459,66.4091436059922);
#452=(
BOUNDED_CURVE()
B_SPLINE_CURVE(3,(#5747,#5748,#5749,#5750),.UNSPECIFIED.,.F.,.F.)
B_SPLINE_CURVE_WITH_KNOTS((4,4),(0.,1.),.UNSPECIFIED.)
CURVE()
GEOMETRIC_REPRESENTATION_ITEM()
RATIONAL_B_SPLINE_CURVE((1.,0.745154531136716,0.745154531136716,1.))
REPRESENTATION_ITEM('')
);
#453=(
BOUNDED_CURVE()
B_SPLINE_CURVE(3,(#6243,#6244,#6245,#6246),.UNSPECIFIED.,.F.,.F.)
B_SPLINE_CURVE_WITH_KNOTS((4,4),(0.,1.),.UNSPECIFIED.)
CURVE()
GEOMETRIC_REPRESENTATION_ITEM()
RATIONAL_B_SPLINE_CURVE((1.,0.745154531136718,0.745154531136718,1.))
REPRESENTATION_ITEM('')
);
#454=(
BOUNDED_CURVE()
B_SPLINE_CURVE(3,(#8586,#8587,#8588,#8589),.UNSPECIFIED.,.F.,.F.)
B_SPLINE_CURVE_WITH_KNOTS((4,4),(0.,1.),.UNSPECIFIED.)
CURVE()
GEOMETRIC_REPRESENTATION_ITEM()
RATIONAL_B_SPLINE_CURVE((1.,0.977064662619549,0.977064662619549,1.))
REPRESENTATION_ITEM('')
);
#455=(
BOUNDED_CURVE()
B_SPLINE_CURVE(3,(#8628,#8629,#8630,#8631),.UNSPECIFIED.,.F.,.F.)
B_SPLINE_CURVE_WITH_KNOTS((4,4),(0.,1.),.UNSPECIFIED.)
CURVE()
GEOMETRIC_REPRESENTATION_ITEM()
RATIONAL_B_SPLINE_CURVE((1.,0.983766534902013,0.983766534902013,1.))
REPRESENTATION_ITEM('')
);
#456=SURFACE_OF_LINEAR_EXTRUSION('',#505,#4062);
#457=SURFACE_OF_LINEAR_EXTRUSION('',#527,#4114);
#458=SURFACE_OF_LINEAR_EXTRUSION('',#619,#4153);
#459=SURFACE_OF_LINEAR_EXTRUSION('',#622,#4155);
#460=SURFACE_OF_LINEAR_EXTRUSION('',#626,#4160);
#461=SURFACE_OF_LINEAR_EXTRUSION('',#629,#4163);
#462=SURFACE_OF_LINEAR_EXTRUSION('',#632,#4166);
#463=SURFACE_OF_LINEAR_EXTRUSION('',#634,#4168);
#464=SURFACE_OF_LINEAR_EXTRUSION('',#639,#4172);
#465=SURFACE_OF_LINEAR_EXTRUSION('',#643,#4177);
#466=SURFACE_OF_LINEAR_EXTRUSION('',#649,#4180);
#467=SURFACE_OF_LINEAR_EXTRUSION('',#653,#4185);
#468=SURFACE_OF_LINEAR_EXTRUSION('',#656,#4188);
#469=SURFACE_OF_LINEAR_EXTRUSION('',#663,#4195);
#470=SURFACE_OF_LINEAR_EXTRUSION('',#666,#4197);
#471=SURFACE_OF_LINEAR_EXTRUSION('',#669,#4198);
#472=SURFACE_OF_LINEAR_EXTRUSION('',#680,#4209);
#473=SURFACE_OF_LINEAR_EXTRUSION('',#682,#4212);
#474=SURFACE_OF_LINEAR_EXTRUSION('',#684,#4214);
#475=SURFACE_OF_LINEAR_EXTRUSION('',#687,#4217);
#476=SURFACE_OF_LINEAR_EXTRUSION('',#689,#4219);
#477=SURFACE_OF_LINEAR_EXTRUSION('',#692,#4222);
#478=SURFACE_OF_LINEAR_EXTRUSION('',#694,#4224);
#479=SURFACE_OF_LINEAR_EXTRUSION('',#696,#4225);
#480=SURFACE_OF_LINEAR_EXTRUSION('',#699,#4226);
#481=SURFACE_OF_LINEAR_EXTRUSION('',#702,#4230);
#482=SURFACE_OF_LINEAR_EXTRUSION('',#705,#4232);
#483=SURFACE_OF_LINEAR_EXTRUSION('',#711,#4239);
#484=SURFACE_OF_LINEAR_EXTRUSION('',#713,#4241);
#485=SURFACE_OF_LINEAR_EXTRUSION('',#716,#4243);
#486=SURFACE_OF_LINEAR_EXTRUSION('',#721,#4249);
#487=SURFACE_OF_LINEAR_EXTRUSION('',#726,#4251);
#488=TOROIDAL_SURFACE('',#4304,20.5,2.5);
#489=TOROIDAL_SURFACE('',#4323,2.06377797295367,0.55);
#490=TOROIDAL_SURFACE('',#4324,2.05232745589211,0.55);
#491=TOROIDAL_SURFACE('',#4327,4.51820214502014,0.55);
#492=TOROIDAL_SURFACE('',#4388,20.5,2.5);
#493=TOROIDAL_SURFACE('',#4407,4.51820214502014,0.55);
#494=TOROIDAL_SURFACE('',#4453,20.5,2.5);
#495=TOROIDAL_SURFACE('',#4554,20.5,2.5);
#496=B_SPLINE_CURVE_WITH_KNOTS('',3,(#5567,#5568,#5569,#5570,#5571,#5572,
#5573,#5574,#5575,#5576,#5577,#5578,#5579,#5580,#5581,#5582),
 .UNSPECIFIED.,.F.,.F.,(4,3,3,3,3,4),(0.,0.215086939036215,0.430665442247264,
0.646451898377439,0.862038386981697,1.),.UNSPECIFIED.);
#497=B_SPLINE_CURVE_WITH_KNOTS('',3,(#5583,#5584,#5585,#5586,#5587,#5588,
#5589,#5590,#5591,#5592,#5593,#5594,#5595,#5596,#5597,#5598,#5599,#5600,
#5601,#5602,#5603,#5604,#5605,#5606,#5607,#5608,#5609,#5610,#5611,#5612,
#5613),.UNSPECIFIED.,.F.,.F.,(4,3,3,3,3,3,3,3,3,3,4),(0.,0.0347670768980674,
0.142290735234396,0.249617010060056,0.357204898675849,0.46503241501887,
0.572765266672323,0.68040959437996,0.78819099550234,0.895989046209009,1.),
 .UNSPECIFIED.);
#498=B_SPLINE_CURVE_WITH_KNOTS('',3,(#5617,#5618,#5619,#5620,#5621,#5622,
#5623,#5624,#5625,#5626,#5627,#5628,#5629,#5630,#5631,#5632),
 .UNSPECIFIED.,.F.,.F.,(4,3,3,3,3,4),(0.,0.218790780177198,0.442084605087667,
0.66562215523371,0.889755747444782,1.),.UNSPECIFIED.);
#499=B_SPLINE_CURVE_WITH_KNOTS('',3,(#5635,#5636,#5637,#5638),
 .UNSPECIFIED.,.F.,.F.,(4,4),(0.,1.),.UNSPECIFIED.);
#500=B_SPLINE_CURVE_WITH_KNOTS('',3,(#5647,#5648,#5649,#5650),
 .UNSPECIFIED.,.F.,.F.,(4,4),(0.,1.),.UNSPECIFIED.);
#501=B_SPLINE_CURVE_WITH_KNOTS('',3,(#5652,#5653,#5654,#5655),
 .UNSPECIFIED.,.F.,.F.,(4,4),(0.,1.),.UNSPECIFIED.);
#502=B_SPLINE_CURVE_WITH_KNOTS('',3,(#5657,#5658,#5659,#5660,#5661,#5662,
#5663),.UNSPECIFIED.,.F.,.F.,(4,1,1,1,4),(0.,0.360784789529062,0.531770251879142,
0.700723915168203,1.),.UNSPECIFIED.);
#503=B_SPLINE_CURVE_WITH_KNOTS('',3,(#5667,#5668,#5669,#5670,#5671,#5672,
#5673),.UNSPECIFIED.,.F.,.F.,(4,1,1,1,4),(0.,0.360784789529062,0.531770251879142,
0.700723915168203,1.),.UNSPECIFIED.);
#504=B_SPLINE_CURVE_WITH_KNOTS('',3,(#5674,#5675,#5676,#5677,#5678,#5679,
#5680),.UNSPECIFIED.,.F.,.F.,(4,1,1,1,4),(0.,0.299276084831797,0.468229748120858,
0.639215210470938,1.),.UNSPECIFIED.);
#505=B_SPLINE_CURVE_WITH_KNOTS('',3,(#5681,#5682,#5683,#5684,#5685,#5686,
#5687),.UNSPECIFIED.,.F.,.F.,(4,1,1,1,4),(0.,0.299276084831797,0.468229748120858,
0.639215210470938,1.),.UNSPECIFIED.);
#506=B_SPLINE_CURVE_WITH_KNOTS('',3,(#5710,#5711,#5712,#5713,#5714,#5715,
#5716,#5717,#5718,#5719,#5720,#5721,#5722),.UNSPECIFIED.,.F.,.F.,(4,3,3,
3,4),(0.,0.192911187278367,0.509477496052304,0.827375959589999,1.),
 .UNSPECIFIED.);
#507=B_SPLINE_CURVE_WITH_KNOTS('',3,(#5727,#5728,#5729,#5730,#5731,#5732,
#5733,#5734,#5735,#5736,#5737,#5738,#5739),.UNSPECIFIED.,.F.,.F.,(4,3,3,
3,4),(0.,0.231020778287334,0.519749359205483,0.665746799024233,1.),
 .UNSPECIFIED.);
#508=B_SPLINE_CURVE_WITH_KNOTS('',3,(#5752,#5753,#5754,#5755,#5756,#5757,
#5758),.UNSPECIFIED.,.F.,.F.,(4,3,4),(0.,0.958301333793953,1.),
 .UNSPECIFIED.);
#509=B_SPLINE_CURVE_WITH_KNOTS('',3,(#5762,#5763,#5764,#5765),
 .UNSPECIFIED.,.F.,.F.,(4,4),(0.,1.),.UNSPECIFIED.);
#510=B_SPLINE_CURVE_WITH_KNOTS('',3,(#5768,#5769,#5770,#5771,#5772,#5773,
#5774),.UNSPECIFIED.,.F.,.F.,(4,3,4),(0.,0.547497543531327,1.),
 .UNSPECIFIED.);
#511=B_SPLINE_CURVE_WITH_KNOTS('',3,(#5780,#5781,#5782,#5783),
 .UNSPECIFIED.,.F.,.F.,(4,4),(0.,1.),.UNSPECIFIED.);
#512=B_SPLINE_CURVE_WITH_KNOTS('',3,(#5786,#5787,#5788,#5789),
 .UNSPECIFIED.,.F.,.F.,(4,4),(0.,1.),.UNSPECIFIED.);
#513=B_SPLINE_CURVE_WITH_KNOTS('',3,(#5791,#5792,#5793,#5794,#5795,#5796,
#5797),.UNSPECIFIED.,.F.,.F.,(4,3,4),(0.,0.0417249124057182,1.),
 .UNSPECIFIED.);
#514=B_SPLINE_CURVE_WITH_KNOTS('',3,(#5799,#5800,#5801,#5802,#5803,#5804,
#5805),.UNSPECIFIED.,.F.,.F.,(4,3,4),(0.,0.50029202368392,1.),
 .UNSPECIFIED.);
#515=B_SPLINE_CURVE_WITH_KNOTS('',3,(#5807,#5808,#5809,#5810),
 .UNSPECIFIED.,.F.,.F.,(4,4),(0.,1.),.UNSPECIFIED.);
#516=B_SPLINE_CURVE_WITH_KNOTS('',3,(#5919,#5920,#5921,#5922,#5923),
 .UNSPECIFIED.,.F.,.F.,(4,1,4),(0.,0.552740937071248,1.),.UNSPECIFIED.);
#517=B_SPLINE_CURVE_WITH_KNOTS('',3,(#5937,#5938,#5939,#5940),
 .UNSPECIFIED.,.F.,.F.,(4,4),(0.,1.),.UNSPECIFIED.);
#518=B_SPLINE_CURVE_WITH_KNOTS('',3,(#6066,#6067,#6068,#6069,#6070,#6071,
#6072,#6073,#6074,#6075,#6076,#6077,#6078,#6079,#6080,#6081),
 .UNSPECIFIED.,.F.,.F.,(4,3,3,3,3,4),(0.,0.210542921001849,0.425431823738711,
0.640508419351753,0.856221492896319,1.),.UNSPECIFIED.);
#519=B_SPLINE_CURVE_WITH_KNOTS('',3,(#6083,#6084,#6085,#6086,#6087,#6088,
#6089,#6090,#6091,#6092,#6093,#6094,#6095,#6096,#6097,#6098),
 .UNSPECIFIED.,.F.,.F.,(4,3,3,3,3,4),(0.,0.223505693908981,0.447525283881011,
0.671711904250583,0.895638072180366,1.),.UNSPECIFIED.);
#520=B_SPLINE_CURVE_WITH_KNOTS('',3,(#6099,#6100,#6101,#6102,#6103,#6104,
#6105,#6106,#6107,#6108,#6109,#6110,#6111,#6112,#6113,#6114,#6115,#6116,
#6117,#6118,#6119,#6120,#6121,#6122,#6123,#6124,#6125,#6126,#6127,#6128,
#6129),.UNSPECIFIED.,.F.,.F.,(4,3,3,3,3,3,3,3,3,3,4),(0.,0.0581522060678282,
0.165577484235431,0.272909584851646,0.380555553721036,0.488368778226813,
0.596048187961127,0.703690588010437,0.81148462107444,0.919218568456182,
1.),.UNSPECIFIED.);
#521=B_SPLINE_CURVE_WITH_KNOTS('',3,(#6131,#6132,#6133,#6134),
 .UNSPECIFIED.,.F.,.F.,(4,4),(0.,1.),.UNSPECIFIED.);
#522=B_SPLINE_CURVE_WITH_KNOTS('',3,(#6137,#6138,#6139,#6140),
 .UNSPECIFIED.,.F.,.F.,(4,4),(0.,1.),.UNSPECIFIED.);
#523=B_SPLINE_CURVE_WITH_KNOTS('',3,(#6142,#6143,#6144,#6145),
 .UNSPECIFIED.,.F.,.F.,(4,4),(0.,1.),.UNSPECIFIED.);
#524=B_SPLINE_CURVE_WITH_KNOTS('',3,(#6153,#6154,#6155,#6156,#6157,#6158,
#6159),.UNSPECIFIED.,.F.,.F.,(4,1,1,1,4),(0.,0.360784789529062,0.531770251879142,
0.700723915168203,1.),.UNSPECIFIED.);
#525=B_SPLINE_CURVE_WITH_KNOTS('',3,(#6160,#6161,#6162,#6163,#6164,#6165,
#6166),.UNSPECIFIED.,.F.,.F.,(4,1,1,1,4),(0.,0.299276084831797,0.468229748120858,
0.639215210470938,1.),.UNSPECIFIED.);
#526=B_SPLINE_CURVE_WITH_KNOTS('',3,(#6170,#6171,#6172,#6173,#6174,#6175,
#6176),.UNSPECIFIED.,.F.,.F.,(4,1,1,1,4),(0.,0.299276084831797,0.468229748120858,
0.639215210470938,1.),.UNSPECIFIED.);
#527=B_SPLINE_CURVE_WITH_KNOTS('',3,(#6177,#6178,#6179,#6180,#6181,#6182,
#6183),.UNSPECIFIED.,.F.,.F.,(4,1,1,1,4),(0.,0.299276084831797,0.468229748120858,
0.639215210470938,1.),.UNSPECIFIED.);
#528=B_SPLINE_CURVE_WITH_KNOTS('',3,(#6202,#6203,#6204,#6205,#6206,#6207,
#6208,#6209,#6210,#6211,#6212,#6213,#6214,#6215,#6216,#6217),
 .UNSPECIFIED.,.F.,.F.,(4,3,3,3,3,4),(0.,0.070901267160418,0.359571132959331,
0.651652722299015,0.805809616403372,1.),.UNSPECIFIED.);
#529=B_SPLINE_CURVE_WITH_KNOTS('',3,(#6222,#6223,#6224,#6225,#6226,#6227,
#6228,#6229,#6230,#6231,#6232,#6233,#6234,#6235,#6236,#6237),
 .UNSPECIFIED.,.F.,.F.,(4,3,3,3,3,4),(0.,0.0722587245865368,0.332707379304942,
0.639149281985353,0.946666514810478,1.),.UNSPECIFIED.);
#530=B_SPLINE_CURVE_WITH_KNOTS('',3,(#6250,#6251,#6252,#6253,#6254,#6255,
#6256),.UNSPECIFIED.,.F.,.F.,(4,3,4),(0.,0.0417057406646374,1.),
 .UNSPECIFIED.);
#531=B_SPLINE_CURVE_WITH_KNOTS('',3,(#6258,#6259,#6260,#6261),
 .UNSPECIFIED.,.F.,.F.,(4,4),(0.,1.),.UNSPECIFIED.);
#532=B_SPLINE_CURVE_WITH_KNOTS('',3,(#6264,#6265,#6266,#6267),
 .UNSPECIFIED.,.F.,.F.,(4,4),(0.,1.),.UNSPECIFIED.);
#533=B_SPLINE_CURVE_WITH_KNOTS('',3,(#6275,#6276,#6277,#6278,#6279,#6280,
#6281),.UNSPECIFIED.,.F.,.F.,(4,3,4),(0.,0.659407340288094,1.),
 .UNSPECIFIED.);
#534=B_SPLINE_CURVE_WITH_KNOTS('',3,(#6284,#6285,#6286,#6287),
 .UNSPECIFIED.,.F.,.F.,(4,4),(0.,1.),.UNSPECIFIED.);
#535=B_SPLINE_CURVE_WITH_KNOTS('',3,(#6289,#6290,#6291,#6292),
 .UNSPECIFIED.,.F.,.F.,(4,4),(0.,1.),.UNSPECIFIED.);
#536=B_SPLINE_CURVE_WITH_KNOTS('',3,(#6294,#6295,#6296,#6297,#6298,#6299,
#6300),.UNSPECIFIED.,.F.,.F.,(4,3,4),(0.,0.499693648079487,1.),
 .UNSPECIFIED.);
#537=B_SPLINE_CURVE_WITH_KNOTS('',3,(#6302,#6303,#6304,#6305),
 .UNSPECIFIED.,.F.,.F.,(4,4),(0.,1.),.UNSPECIFIED.);
#538=B_SPLINE_CURVE_WITH_KNOTS('',3,(#6414,#6415,#6416,#6417,#6418),
 .UNSPECIFIED.,.F.,.F.,(4,1,4),(0.,0.552740937071248,1.),.UNSPECIFIED.);
#539=B_SPLINE_CURVE_WITH_KNOTS('',1,(#6423,#6424),.UNSPECIFIED.,.F.,.F.,
(2,2),(0.,1.),.UNSPECIFIED.);
#540=B_SPLINE_CURVE_WITH_KNOTS('',1,(#6427,#6428),.UNSPECIFIED.,.F.,.F.,
(2,2),(0.,1.),.UNSPECIFIED.);
#541=B_SPLINE_CURVE_WITH_KNOTS('',1,(#6430,#6431),.UNSPECIFIED.,.F.,.F.,
(2,2),(0.,1.),.UNSPECIFIED.);
#542=B_SPLINE_CURVE_WITH_KNOTS('',1,(#6433,#6434),.UNSPECIFIED.,.F.,.F.,
(2,2),(0.,1.),.UNSPECIFIED.);
#543=B_SPLINE_CURVE_WITH_KNOTS('',1,(#6435,#6436),.UNSPECIFIED.,.F.,.F.,
(2,2),(0.,1.),.UNSPECIFIED.);
#544=B_SPLINE_CURVE_WITH_KNOTS('',1,(#6439,#6440),.UNSPECIFIED.,.F.,.F.,
(2,2),(0.,1.),.UNSPECIFIED.);
#545=B_SPLINE_CURVE_WITH_KNOTS('',1,(#6442,#6443),.UNSPECIFIED.,.F.,.F.,
(2,2),(0.,1.),.UNSPECIFIED.);
#546=B_SPLINE_CURVE_WITH_KNOTS('',1,(#6445,#6446),.UNSPECIFIED.,.F.,.F.,
(2,2),(0.,1.),.UNSPECIFIED.);
#547=B_SPLINE_CURVE_WITH_KNOTS('',3,(#6447,#6448,#6449,#6450,#6451,#6452,
#6453,#6454,#6455,#6456),.UNSPECIFIED.,.F.,.F.,(4,2,2,2,4),(0.,0.213247172859451,
0.426494345718903,0.713247172859453,1.),.UNSPECIFIED.);
#548=B_SPLINE_CURVE_WITH_KNOTS('',3,(#6459,#6460,#6461,#6462),
 .UNSPECIFIED.,.F.,.F.,(4,4),(0.,1.),.UNSPECIFIED.);
#549=B_SPLINE_CURVE_WITH_KNOTS('',3,(#6464,#6465,#6466,#6467,#6468,#6469,
#6470,#6471,#6472,#6473,#6474,#6475,#6476,#6477,#6478,#6479,#6480,#6481,
#6482,#6483),.UNSPECIFIED.,.F.,.F.,(4,2,2,2,2,2,2,2,2,4),(0.,0.0079544136745357,
0.137629855205919,0.267305296737302,0.401318473108643,0.535331649479984,
0.66484648146963,0.794361313459275,0.897180656729638,1.),.UNSPECIFIED.);
#550=B_SPLINE_CURVE_WITH_KNOTS('',3,(#6485,#6486,#6487,#6488),
 .UNSPECIFIED.,.F.,.F.,(4,4),(0.,1.),.UNSPECIFIED.);
#551=B_SPLINE_CURVE_WITH_KNOTS('',3,(#6489,#6490,#6491,#6492),
 .UNSPECIFIED.,.F.,.F.,(4,4),(0.,1.),.UNSPECIFIED.);
#552=B_SPLINE_CURVE_WITH_KNOTS('',3,(#6495,#6496,#6497,#6498),
 .UNSPECIFIED.,.F.,.F.,(4,4),(0.,1.),.UNSPECIFIED.);
#553=B_SPLINE_CURVE_WITH_KNOTS('',3,(#6500,#6501,#6502,#6503),
 .UNSPECIFIED.,.F.,.F.,(4,4),(0.,1.),.UNSPECIFIED.);
#554=B_SPLINE_CURVE_WITH_KNOTS('',3,(#6505,#6506,#6507,#6508),
 .UNSPECIFIED.,.F.,.F.,(4,4),(0.,1.),.UNSPECIFIED.);
#555=B_SPLINE_CURVE_WITH_KNOTS('',3,(#6510,#6511,#6512,#6513,#6514,#6515,
#6516,#6517,#6518,#6519),.UNSPECIFIED.,.F.,.F.,(4,2,2,2,4),(0.,0.263377926421411,
0.526755852842812,0.763377926421408,1.),.UNSPECIFIED.);
#556=B_SPLINE_CURVE_WITH_KNOTS('',3,(#6521,#6522,#6523,#6524,#6525,#6526,
#6527,#6528,#6529,#6530),.UNSPECIFIED.,.F.,.F.,(4,2,2,2,4),(0.,0.379252212934787,
0.568488142228381,0.757724071521976,1.),.UNSPECIFIED.);
#557=B_SPLINE_CURVE_WITH_KNOTS('',3,(#6532,#6533,#6534,#6535),
 .UNSPECIFIED.,.F.,.F.,(4,4),(0.,1.),.UNSPECIFIED.);
#558=B_SPLINE_CURVE_WITH_KNOTS('',3,(#6537,#6538,#6539,#6540,#6541,#6542,
#6543,#6544,#6545,#6546,#6547,#6548,#6549,#6550,#6551,#6552),
 .UNSPECIFIED.,.F.,.F.,(4,2,2,2,2,2,2,4),(0.,0.259759238550166,0.397743177666564,
0.53572711678296,0.611872099907395,0.688017083031828,0.764162066156264,
1.),.UNSPECIFIED.);
#559=B_SPLINE_CURVE_WITH_KNOTS('',3,(#6554,#6555,#6556,#6557),
 .UNSPECIFIED.,.F.,.F.,(4,4),(0.,1.),.UNSPECIFIED.);
#560=B_SPLINE_CURVE_WITH_KNOTS('',3,(#6559,#6560,#6561,#6562,#6563,#6564,
#6565,#6566,#6567,#6568,#6569,#6570,#6571,#6572,#6573,#6574),
 .UNSPECIFIED.,.F.,.F.,(4,2,2,2,2,2,2,4),(0.,0.167843639873441,0.256258551803145,
0.344673463732848,0.433088375662553,0.549377939629209,0.665667503595865,
1.),.UNSPECIFIED.);
#561=B_SPLINE_CURVE_WITH_KNOTS('',3,(#6575,#6576,#6577,#6578,#6579,#6580,
#6581,#6582,#6583,#6584,#6585,#6586,#6587,#6588,#6589,#6590),
 .UNSPECIFIED.,.F.,.F.,(4,2,2,2,2,2,2,4),(0.,0.233111331069026,0.385212341411937,
0.537313351754848,0.62601674307567,0.714720134396491,0.803423525717314,
1.),.UNSPECIFIED.);
#562=B_SPLINE_CURVE_WITH_KNOTS('',3,(#6593,#6594,#6595,#6596),
 .UNSPECIFIED.,.F.,.F.,(4,4),(0.,1.),.UNSPECIFIED.);
#563=B_SPLINE_CURVE_WITH_KNOTS('',3,(#6598,#6599,#6600,#6601,#6602,#6603,
#6604,#6605,#6606,#6607,#6608,#6609,#6610,#6611,#6612,#6613,#6614,#6615),
 .UNSPECIFIED.,.F.,.F.,(4,2,2,2,2,2,2,2,4),(0.,0.184079841433905,0.285302021065359,
0.386524200696813,0.487746380328267,0.59191856883787,0.696090757347474,
0.800262945857079,1.),.UNSPECIFIED.);
#564=B_SPLINE_CURVE_WITH_KNOTS('',3,(#6617,#6618,#6619,#6620),
 .UNSPECIFIED.,.F.,.F.,(4,4),(0.,1.),.UNSPECIFIED.);
#565=B_SPLINE_CURVE_WITH_KNOTS('',3,(#6629,#6630,#6631,#6632),
 .UNSPECIFIED.,.F.,.F.,(4,4),(0.,1.),.UNSPECIFIED.);
#566=B_SPLINE_CURVE_WITH_KNOTS('',3,(#6635,#6636,#6637,#6638),
 .UNSPECIFIED.,.F.,.F.,(4,4),(0.,1.),.UNSPECIFIED.);
#567=B_SPLINE_CURVE_WITH_KNOTS('',3,(#6640,#6641,#6642,#6643),
 .UNSPECIFIED.,.F.,.F.,(4,4),(0.,1.),.UNSPECIFIED.);
#568=B_SPLINE_CURVE_WITH_KNOTS('',3,(#6645,#6646,#6647,#6648),
 .UNSPECIFIED.,.F.,.F.,(4,4),(0.,1.),.UNSPECIFIED.);
#569=B_SPLINE_CURVE_WITH_KNOTS('',3,(#6650,#6651,#6652,#6653),
 .UNSPECIFIED.,.F.,.F.,(4,4),(0.,1.),.UNSPECIFIED.);
#570=B_SPLINE_CURVE_WITH_KNOTS('',3,(#6655,#6656,#6657,#6658,#6659,#6660,
#6661,#6662,#6663,#6664,#6665,#6666,#6667,#6668,#6669,#6670,#6671,#6672),
 .UNSPECIFIED.,.F.,.F.,(4,2,2,2,2,2,2,2,4),(0.,0.182612478910958,0.366318445719587,
0.550024412528216,0.627493824355481,0.704963236182745,0.782432648010011,
0.859902059837278,1.),.UNSPECIFIED.);
#571=B_SPLINE_CURVE_WITH_KNOTS('',3,(#6673,#6674,#6675,#6676),
 .UNSPECIFIED.,.F.,.F.,(4,4),(0.,1.),.UNSPECIFIED.);
#572=B_SPLINE_CURVE_WITH_KNOTS('',3,(#6679,#6680,#6681,#6682),
 .UNSPECIFIED.,.F.,.F.,(4,4),(0.,1.),.UNSPECIFIED.);
#573=B_SPLINE_CURVE_WITH_KNOTS('',3,(#6684,#6685,#6686,#6687),
 .UNSPECIFIED.,.F.,.F.,(4,4),(0.,1.),.UNSPECIFIED.);
#574=B_SPLINE_CURVE_WITH_KNOTS('',3,(#6689,#6690,#6691,#6692),
 .UNSPECIFIED.,.F.,.F.,(4,4),(0.,1.),.UNSPECIFIED.);
#575=B_SPLINE_CURVE_WITH_KNOTS('',3,(#6694,#6695,#6696,#6697,#6698,#6699,
#6700,#6701),.UNSPECIFIED.,.F.,.F.,(4,2,2,4),(0.,0.41968911917098,0.709844559585489,
1.),.UNSPECIFIED.);
#576=B_SPLINE_CURVE_WITH_KNOTS('',3,(#6703,#6704,#6705,#6706),
 .UNSPECIFIED.,.F.,.F.,(4,4),(0.,1.),.UNSPECIFIED.);
#577=B_SPLINE_CURVE_WITH_KNOTS('',3,(#6708,#6709,#6710,#6711,#6712,#6713,
#6714,#6715,#6716,#6717,#6718,#6719),.UNSPECIFIED.,.F.,.F.,(4,2,2,2,2,4),
(0.,0.444401610770808,0.626638242525743,0.746266397471577,0.86589455241741,
1.),.UNSPECIFIED.);
#578=B_SPLINE_CURVE_WITH_KNOTS('',3,(#6720,#6721,#6722,#6723),
 .UNSPECIFIED.,.F.,.F.,(4,4),(0.,1.),.UNSPECIFIED.);
#579=B_SPLINE_CURVE_WITH_KNOTS('',3,(#6726,#6727,#6728,#6729),
 .UNSPECIFIED.,.F.,.F.,(4,4),(0.,1.),.UNSPECIFIED.);
#580=B_SPLINE_CURVE_WITH_KNOTS('',3,(#6731,#6732,#6733,#6734,#6735,#6736,
#6737,#6738,#6739,#6740,#6741,#6742,#6743,#6744),.UNSPECIFIED.,.F.,.F.,
(4,2,2,2,2,2,4),(0.,0.134269044002089,0.268538088004173,0.402807132006256,
0.631968240759812,0.86112934951337,1.),.UNSPECIFIED.);
#581=B_SPLINE_CURVE_WITH_KNOTS('',3,(#6746,#6747,#6748,#6749,#6750,#6751),
 .UNSPECIFIED.,.F.,.F.,(4,2,4),(0.,0.670584339830144,1.),.UNSPECIFIED.);
#582=B_SPLINE_CURVE_WITH_KNOTS('',3,(#6753,#6754,#6755,#6756,#6757,#6758,
#6759,#6760,#6761,#6762,#6763,#6764),.UNSPECIFIED.,.F.,.F.,(4,2,2,2,2,4),
(0.,0.254273955108156,0.508547910216312,0.78082356126133,0.981506987981425,
1.),.UNSPECIFIED.);
#583=B_SPLINE_CURVE_WITH_KNOTS('',3,(#6766,#6767,#6768,#6769),
 .UNSPECIFIED.,.F.,.F.,(4,4),(0.,1.),.UNSPECIFIED.);
#584=B_SPLINE_CURVE_WITH_KNOTS('',3,(#6771,#6772,#6773,#6774,#6775,#6776,
#6777,#6778,#6779,#6780,#6781,#6782,#6783,#6784),.UNSPECIFIED.,.F.,.F.,
(4,2,2,2,2,2,4),(0.,0.166208791208791,0.332417582417583,0.498626373626372,
0.665750915750916,0.832875457875459,1.),.UNSPECIFIED.);
#585=B_SPLINE_CURVE_WITH_KNOTS('',3,(#6786,#6787,#6788,#6789,#6790,#6791,
#6792,#6793,#6794,#6795),.UNSPECIFIED.,.F.,.F.,(4,2,2,2,4),(0.,0.338220424671386,
0.676440849342771,0.838220424671384,1.),.UNSPECIFIED.);
#586=B_SPLINE_CURVE_WITH_KNOTS('',3,(#6797,#6798,#6799,#6800),
 .UNSPECIFIED.,.F.,.F.,(4,4),(0.,1.),.UNSPECIFIED.);
#587=B_SPLINE_CURVE_WITH_KNOTS('',3,(#6801,#6802,#6803,#6804,#6805,#6806,
#6807,#6808,#6809,#6810,#6811,#6812,#6813,#6814,#6815,#6816,#6817,#6818,
#6819,#6820,#6821,#6822),.UNSPECIFIED.,.F.,.F.,(4,2,2,2,2,2,2,2,2,2,4),
(0.,0.133726097704873,0.267452195409748,0.377199820422717,0.486947445435686,
0.596695070448654,0.681809961991778,0.766924853534903,0.852039745078027,
0.926019872539014,1.),.UNSPECIFIED.);
#588=B_SPLINE_CURVE_WITH_KNOTS('',3,(#6825,#6826,#6827,#6828),
 .UNSPECIFIED.,.F.,.F.,(4,4),(0.,1.),.UNSPECIFIED.);
#589=B_SPLINE_CURVE_WITH_KNOTS('',3,(#6830,#6831,#6832,#6833,#6834,#6835,
#6836,#6837,#6838,#6839,#6840,#6841,#6842,#6843,#6844,#6845,#6846,#6847,
#6848,#6849,#6850,#6851),.UNSPECIFIED.,.F.,.F.,(4,2,2,2,2,2,2,2,2,2,4),
(0.,0.115945097880828,0.231890195761656,0.334008791339829,0.436127386918003,
0.538245982496176,0.631840767314143,0.725435552132109,0.819030336950074,
0.909515168475037,1.),.UNSPECIFIED.);
#590=B_SPLINE_CURVE_WITH_KNOTS('',3,(#6853,#6854,#6855,#6856),
 .UNSPECIFIED.,.F.,.F.,(4,4),(0.,1.),.UNSPECIFIED.);
#591=B_SPLINE_CURVE_WITH_KNOTS('',3,(#6857,#6858,#6859,#6860),
 .UNSPECIFIED.,.F.,.F.,(4,4),(0.,1.),.UNSPECIFIED.);
#592=B_SPLINE_CURVE_WITH_KNOTS('',3,(#6863,#6864,#6865,#6866),
 .UNSPECIFIED.,.F.,.F.,(4,4),(0.,1.),.UNSPECIFIED.);
#593=B_SPLINE_CURVE_WITH_KNOTS('',3,(#6868,#6869,#6870,#6871,#6872,#6873,
#6874,#6875,#6876,#6877,#6878,#6879,#6880,#6881),.UNSPECIFIED.,.F.,.F.,
(4,2,2,2,2,2,4),(0.,0.243575739238818,0.328808739177629,0.456340159666963,
0.583871580156302,0.71140300064564,1.),.UNSPECIFIED.);
#594=B_SPLINE_CURVE_WITH_KNOTS('',3,(#6883,#6884,#6885,#6886),
 .UNSPECIFIED.,.F.,.F.,(4,4),(0.,1.),.UNSPECIFIED.);
#595=B_SPLINE_CURVE_WITH_KNOTS('',3,(#6888,#6889,#6890,#6891,#6892,#6893),
 .UNSPECIFIED.,.F.,.F.,(4,2,4),(0.,0.323765786452353,1.),.UNSPECIFIED.);
#596=B_SPLINE_CURVE_WITH_KNOTS('',3,(#6895,#6896,#6897,#6898,#6899,#6900,
#6901,#6902,#6903,#6904,#6905,#6906,#6907,#6908),.UNSPECIFIED.,.F.,.F.,
(4,2,2,2,2,2,4),(0.,0.294780468851187,0.435824375080953,0.576868281310716,
0.717912187540475,0.858956093770238,1.),.UNSPECIFIED.);
#597=B_SPLINE_CURVE_WITH_KNOTS('',3,(#6910,#6911,#6912,#6913),
 .UNSPECIFIED.,.F.,.F.,(4,4),(0.,1.),.UNSPECIFIED.);
#598=B_SPLINE_CURVE_WITH_KNOTS('',3,(#6915,#6916,#6917,#6918),
 .UNSPECIFIED.,.F.,.F.,(4,4),(0.,1.),.UNSPECIFIED.);
#599=B_SPLINE_CURVE_WITH_KNOTS('',3,(#6919,#6920,#6921,#6922),
 .UNSPECIFIED.,.F.,.F.,(4,4),(0.,1.),.UNSPECIFIED.);
#600=B_SPLINE_CURVE_WITH_KNOTS('',3,(#6925,#6926,#6927,#6928),
 .UNSPECIFIED.,.F.,.F.,(4,4),(0.,1.),.UNSPECIFIED.);
#601=B_SPLINE_CURVE_WITH_KNOTS('',3,(#6930,#6931,#6932,#6933),
 .UNSPECIFIED.,.F.,.F.,(4,4),(0.,1.),.UNSPECIFIED.);
#602=B_SPLINE_CURVE_WITH_KNOTS('',3,(#6935,#6936,#6937,#6938),
 .UNSPECIFIED.,.F.,.F.,(4,4),(0.,1.),.UNSPECIFIED.);
#603=B_SPLINE_CURVE_WITH_KNOTS('',3,(#6940,#6941,#6942,#6943,#6944,#6945,
#6946,#6947,#6948,#6949,#6950,#6951,#6952,#6953,#6954,#6955,#6956,#6957,
#6958,#6959,#6960,#6961),.UNSPECIFIED.,.F.,.F.,(4,2,2,2,2,2,2,2,2,2,4),
(0.,0.0843229890084524,0.168645978016907,0.283887396328464,0.399128814640017,
0.514370232951572,0.621663967241639,0.728957701531707,0.836251435821774,
0.918125717910887,1.),.UNSPECIFIED.);
#604=B_SPLINE_CURVE_WITH_KNOTS('',3,(#6963,#6964,#6965,#6966),
 .UNSPECIFIED.,.F.,.F.,(4,4),(0.,1.),.UNSPECIFIED.);
#605=B_SPLINE_CURVE_WITH_KNOTS('',3,(#6991,#6992,#6993,#6994,#6995,#6996,
#6997,#6998,#6999,#7000,#7001,#7002,#7003,#7004,#7005,#7006),
 .UNSPECIFIED.,.F.,.F.,(4,3,3,3,3,4),(0.,0.203070846732187,0.417000385221745,
0.631898864715127,0.846781751476453,1.),.UNSPECIFIED.);
#606=B_SPLINE_CURVE_WITH_KNOTS('',3,(#7014,#7015,#7016,#7017,#7018,#7019,
#7020,#7021,#7022,#7023,#7024,#7025,#7026,#7027,#7028,#7029),
 .UNSPECIFIED.,.F.,.F.,(4,3,3,3,3,4),(0.,0.203881635989121,0.408157344219808,
0.613803768260656,0.821137951094109,1.),.UNSPECIFIED.);
#607=B_SPLINE_CURVE_WITH_KNOTS('',3,(#7033,#7034,#7035,#7036,#7037,#7038,
#7039,#7040,#7041,#7042,#7043,#7044,#7045,#7046,#7047,#7048,#7049,#7050,
#7051,#7052,#7053,#7054,#7055,#7056,#7057,#7058,#7059,#7060,#7061,#7062,
#7063),.UNSPECIFIED.,.F.,.F.,(4,3,3,3,3,3,3,3,3,3,4),(0.,0.101505966115106,
0.208439702957559,0.315857769748325,0.423268042434927,0.529768477364744,
0.635473037960263,0.741450790370088,0.848428969408737,0.955970015603904,
1.),.UNSPECIFIED.);
#608=B_SPLINE_CURVE_WITH_KNOTS('',3,(#7124,#7125,#7126,#7127),
 .UNSPECIFIED.,.F.,.F.,(4,4),(0.,1.),.UNSPECIFIED.);
#609=B_SPLINE_CURVE_WITH_KNOTS('',3,(#7129,#7130,#7131,#7132,#7133,#7134),
 .UNSPECIFIED.,.F.,.F.,(4,2,4),(0.,0.5,1.),.UNSPECIFIED.);
#610=B_SPLINE_CURVE_WITH_KNOTS('',3,(#7136,#7137,#7138,#7139),
 .UNSPECIFIED.,.F.,.F.,(4,4),(0.,1.),.UNSPECIFIED.);
#611=B_SPLINE_CURVE_WITH_KNOTS('',3,(#7141,#7142,#7143,#7144,#7145,#7146,
#7147),.UNSPECIFIED.,.F.,.F.,(4,3,4),(0.,0.903594703481197,1.),
 .UNSPECIFIED.);
#612=B_SPLINE_CURVE_WITH_KNOTS('',3,(#7151,#7152,#7153,#7154),
 .UNSPECIFIED.,.F.,.F.,(4,4),(0.,1.),.UNSPECIFIED.);
#613=B_SPLINE_CURVE_WITH_KNOTS('',3,(#7156,#7157,#7158,#7159),
 .UNSPECIFIED.,.F.,.F.,(4,4),(0.,1.),.UNSPECIFIED.);
#614=B_SPLINE_CURVE_WITH_KNOTS('',3,(#7161,#7162,#7163,#7164),
 .UNSPECIFIED.,.F.,.F.,(4,4),(0.,1.),.UNSPECIFIED.);
#615=B_SPLINE_CURVE_WITH_KNOTS('',3,(#7187,#7188,#7189,#7190),
 .UNSPECIFIED.,.F.,.F.,(4,4),(0.,1.),.UNSPECIFIED.);
#616=B_SPLINE_CURVE_WITH_KNOTS('',3,(#7193,#7194,#7195,#7196,#7197),
 .UNSPECIFIED.,.F.,.F.,(4,1,4),(0.,0.552740937071248,1.),.UNSPECIFIED.);
#617=B_SPLINE_CURVE_WITH_KNOTS('',3,(#7202,#7203,#7204,#7205),
 .UNSPECIFIED.,.F.,.F.,(4,4),(0.,1.),.UNSPECIFIED.);
#618=B_SPLINE_CURVE_WITH_KNOTS('',3,(#7211,#7212,#7213,#7214,#7215,#7216,
#7217,#7218,#7219,#7220,#7221,#7222,#7223,#7224,#7225,#7226),
 .UNSPECIFIED.,.F.,.F.,(4,2,2,2,2,2,2,4),(0.,0.196576474282686,0.285279865603509,
0.37398325692433,0.462686648245153,0.614787658588063,0.766888668930974,
1.),.UNSPECIFIED.);
#619=B_SPLINE_CURVE_WITH_KNOTS('',3,(#7229,#7230,#7231,#7232,#7233,#7234,
#7235,#7236,#7237,#7238,#7239,#7240,#7241,#7242,#7243,#7244),
 .UNSPECIFIED.,.F.,.F.,(4,2,2,2,2,2,2,4),(0.,0.233111331069026,0.385212341411937,
0.537313351754848,0.62601674307567,0.714720134396491,0.803423525717314,
1.),.UNSPECIFIED.);
#620=B_SPLINE_CURVE_WITH_KNOTS('',3,(#7245,#7246,#7247,#7248),
 .UNSPECIFIED.,.F.,.F.,(4,4),(0.,1.),.UNSPECIFIED.);
#621=B_SPLINE_CURVE_WITH_KNOTS('',3,(#7252,#7253,#7254,#7255,#7256,#7257,
#7258,#7259,#7260,#7261,#7262,#7263,#7264,#7265,#7266,#7267,#7268,#7269),
 .UNSPECIFIED.,.F.,.F.,(4,2,2,2,2,2,2,2,4),(0.,0.199737054142921,0.303909242652526,
0.40808143116213,0.512253619671733,0.613475799303187,0.714697978934641,
0.815920158566095,1.),.UNSPECIFIED.);
#622=B_SPLINE_CURVE_WITH_KNOTS('',3,(#7270,#7271,#7272,#7273,#7274,#7275,
#7276,#7277,#7278,#7279,#7280,#7281,#7282,#7283,#7284,#7285,#7286,#7287),
 .UNSPECIFIED.,.F.,.F.,(4,2,2,2,2,2,2,2,4),(0.,0.184079841433905,0.285302021065359,
0.386524200696813,0.487746380328267,0.59191856883787,0.696090757347474,
0.800262945857079,1.),.UNSPECIFIED.);
#623=B_SPLINE_CURVE_WITH_KNOTS('',3,(#7289,#7290,#7291,#7292),
 .UNSPECIFIED.,.F.,.F.,(4,4),(0.,1.),.UNSPECIFIED.);
#624=B_SPLINE_CURVE_WITH_KNOTS('',3,(#7298,#7299,#7300,#7301),
 .UNSPECIFIED.,.F.,.F.,(4,4),(0.,1.),.UNSPECIFIED.);
#625=B_SPLINE_CURVE_WITH_KNOTS('',3,(#7305,#7306,#7307,#7308,#7309,#7310,
#7311,#7312,#7313,#7314,#7315,#7316,#7317,#7318,#7319,#7320),
 .UNSPECIFIED.,.F.,.F.,(4,2,2,2,2,2,2,4),(0.,0.334332496404135,0.450622060370791,
0.566911624337447,0.655326536267152,0.743741448196855,0.832156360126559,
1.),.UNSPECIFIED.);
#626=B_SPLINE_CURVE_WITH_KNOTS('',3,(#7323,#7324,#7325,#7326,#7327,#7328,
#7329,#7330,#7331,#7332,#7333,#7334,#7335,#7336,#7337,#7338),
 .UNSPECIFIED.,.F.,.F.,(4,2,2,2,2,2,2,4),(0.,0.167843639873441,0.256258551803145,
0.344673463732848,0.433088375662553,0.549377939629209,0.665667503595865,
1.),.UNSPECIFIED.);
#627=B_SPLINE_CURVE_WITH_KNOTS('',3,(#7339,#7340,#7341,#7342),
 .UNSPECIFIED.,.F.,.F.,(4,4),(0.,1.),.UNSPECIFIED.);
#628=B_SPLINE_CURVE_WITH_KNOTS('',3,(#7346,#7347,#7348,#7349,#7350,#7351,
#7352,#7353,#7354,#7355,#7356,#7357,#7358,#7359,#7360,#7361),
 .UNSPECIFIED.,.F.,.F.,(4,2,2,2,2,2,2,4),(0.,0.235837933843736,0.311982916968172,
0.388127900092605,0.46427288321704,0.602256822333436,0.740240761449834,
1.),.UNSPECIFIED.);
#629=B_SPLINE_CURVE_WITH_KNOTS('',3,(#7364,#7365,#7366,#7367,#7368,#7369,
#7370,#7371,#7372,#7373,#7374,#7375,#7376,#7377,#7378,#7379),
 .UNSPECIFIED.,.F.,.F.,(4,2,2,2,2,2,2,4),(0.,0.259759238550166,0.397743177666564,
0.53572711678296,0.611872099907395,0.688017083031828,0.764162066156264,
1.),.UNSPECIFIED.);
#630=B_SPLINE_CURVE_WITH_KNOTS('',3,(#7380,#7381,#7382,#7383),
 .UNSPECIFIED.,.F.,.F.,(4,4),(0.,1.),.UNSPECIFIED.);
#631=B_SPLINE_CURVE_WITH_KNOTS('',3,(#7387,#7388,#7389,#7390,#7391,#7392,
#7393,#7394,#7395,#7396),.UNSPECIFIED.,.F.,.F.,(4,2,2,2,4),(0.,0.242275928478024,
0.431511857771619,0.620747787065213,1.),.UNSPECIFIED.);
#632=B_SPLINE_CURVE_WITH_KNOTS('',3,(#7399,#7400,#7401,#7402,#7403,#7404,
#7405,#7406,#7407,#7408),.UNSPECIFIED.,.F.,.F.,(4,2,2,2,4),(0.,0.379252212934787,
0.568488142228381,0.757724071521976,1.),.UNSPECIFIED.);
#633=B_SPLINE_CURVE_WITH_KNOTS('',3,(#7409,#7410,#7411,#7412,#7413,#7414,
#7415,#7416,#7417,#7418),.UNSPECIFIED.,.F.,.F.,(4,2,2,2,4),(0.,0.236622073578592,
0.473244147157188,0.736622073578589,1.),.UNSPECIFIED.);
#634=B_SPLINE_CURVE_WITH_KNOTS('',3,(#7421,#7422,#7423,#7424,#7425,#7426,
#7427,#7428,#7429,#7430),.UNSPECIFIED.,.F.,.F.,(4,2,2,2,4),(0.,0.263377926421411,
0.526755852842812,0.763377926421408,1.),.UNSPECIFIED.);
#635=B_SPLINE_CURVE_WITH_KNOTS('',3,(#7431,#7432,#7433,#7434),
 .UNSPECIFIED.,.F.,.F.,(4,4),(0.,1.),.UNSPECIFIED.);
#636=B_SPLINE_CURVE_WITH_KNOTS('',3,(#7438,#7439,#7440,#7441),
 .UNSPECIFIED.,.F.,.F.,(4,4),(0.,1.),.UNSPECIFIED.);
#637=B_SPLINE_CURVE_WITH_KNOTS('',3,(#7444,#7445,#7446,#7447,#7448,#7449,
#7450,#7451,#7452,#7453),.UNSPECIFIED.,.F.,.F.,(4,2,2,2,4),(0.,0.249176255775477,
0.500748437087256,0.752320618399039,1.),.UNSPECIFIED.);
#638=B_SPLINE_CURVE_WITH_KNOTS('',3,(#7458,#7459,#7460,#7461,#7462,#7463,
#7464,#7465,#7466,#7467),.UNSPECIFIED.,.F.,.F.,(4,2,2,2,4),(0.,0.247679381600961,
0.499251562912744,0.750823744224523,1.),.UNSPECIFIED.);
#639=B_SPLINE_CURVE_WITH_KNOTS('',3,(#7470,#7471,#7472,#7473,#7474,#7475,
#7476,#7477,#7478,#7479),.UNSPECIFIED.,.F.,.F.,(4,2,2,2,4),(0.,0.247679381600961,
0.499251562912744,0.750823744224523,1.),.UNSPECIFIED.);
#640=B_SPLINE_CURVE_WITH_KNOTS('',3,(#7480,#7481,#7482,#7483),
 .UNSPECIFIED.,.F.,.F.,(4,4),(0.,1.),.UNSPECIFIED.);
#641=B_SPLINE_CURVE_WITH_KNOTS('',3,(#7489,#7490,#7491,#7492),
 .UNSPECIFIED.,.F.,.F.,(4,4),(0.,1.),.UNSPECIFIED.);
#642=B_SPLINE_CURVE_WITH_KNOTS('',3,(#7496,#7497,#7498,#7499,#7500,#7501,
#7502,#7503,#7504,#7505,#7506,#7507,#7508,#7509,#7510,#7511,#7512,#7513),
 .UNSPECIFIED.,.F.,.F.,(4,2,2,2,2,2,2,2,4),(0.,0.140097940162722,0.217567351989989,
0.295036763817255,0.372506175644519,0.449975587471784,0.633681554280413,
0.817387521089041,1.),.UNSPECIFIED.);
#643=B_SPLINE_CURVE_WITH_KNOTS('',3,(#7516,#7517,#7518,#7519,#7520,#7521,
#7522,#7523,#7524,#7525,#7526,#7527,#7528,#7529,#7530,#7531,#7532,#7533),
 .UNSPECIFIED.,.F.,.F.,(4,2,2,2,2,2,2,2,4),(0.,0.182612478910958,0.366318445719587,
0.550024412528216,0.627493824355481,0.704963236182745,0.782432648010011,
0.859902059837278,1.),.UNSPECIFIED.);
#644=B_SPLINE_CURVE_WITH_KNOTS('',3,(#7534,#7535,#7536,#7537),
 .UNSPECIFIED.,.F.,.F.,(4,4),(0.,1.),.UNSPECIFIED.);
#645=B_SPLINE_CURVE_WITH_KNOTS('',3,(#7541,#7542,#7543,#7544),
 .UNSPECIFIED.,.F.,.F.,(4,4),(0.,1.),.UNSPECIFIED.);
#646=B_SPLINE_CURVE_WITH_KNOTS('',3,(#7548,#7549,#7550,#7551),
 .UNSPECIFIED.,.F.,.F.,(4,4),(0.,1.),.UNSPECIFIED.);
#647=B_SPLINE_CURVE_WITH_KNOTS('',3,(#7553,#7554,#7555,#7556,#7557,#7558,
#7559,#7560,#7561,#7562),.UNSPECIFIED.,.F.,.F.,(4,2,2,2,4),(0.,0.288773306189329,
0.523821346110875,0.758869386032423,1.),.UNSPECIFIED.);
#648=B_SPLINE_CURVE_WITH_KNOTS('',3,(#7563,#7564,#7565,#7566,#7567,#7568,
#7569,#7570,#7571,#7572),.UNSPECIFIED.,.F.,.F.,(4,2,2,2,4),(0.,0.241130613967577,
0.476178653889125,0.711226693810671,1.),.UNSPECIFIED.);
#649=B_SPLINE_CURVE_WITH_KNOTS('',3,(#7573,#7574,#7575,#7576,#7577,#7578,
#7579,#7580,#7581,#7582),.UNSPECIFIED.,.F.,.F.,(4,2,2,2,4),(0.,0.241130613967577,
0.476178653889125,0.711226693810671,1.),.UNSPECIFIED.);
#650=B_SPLINE_CURVE_WITH_KNOTS('',3,(#7584,#7585,#7586,#7587),
 .UNSPECIFIED.,.F.,.F.,(4,4),(0.,1.),.UNSPECIFIED.);
#651=B_SPLINE_CURVE_WITH_KNOTS('',3,(#7593,#7594,#7595,#7596),
 .UNSPECIFIED.,.F.,.F.,(4,4),(0.,1.),.UNSPECIFIED.);
#652=B_SPLINE_CURVE_WITH_KNOTS('',3,(#7600,#7601,#7602,#7603,#7604,#7605,
#7606,#7607,#7608,#7609,#7610,#7611),.UNSPECIFIED.,.F.,.F.,(4,2,2,2,2,4),
(0.,0.13410544758259,0.253733602528423,0.373361757474257,0.555598389229192,
1.),.UNSPECIFIED.);
#653=B_SPLINE_CURVE_WITH_KNOTS('',3,(#7614,#7615,#7616,#7617,#7618,#7619,
#7620,#7621,#7622,#7623,#7624,#7625),.UNSPECIFIED.,.F.,.F.,(4,2,2,2,2,4),
(0.,0.444401610770808,0.626638242525743,0.746266397471577,0.86589455241741,
1.),.UNSPECIFIED.);
#654=B_SPLINE_CURVE_WITH_KNOTS('',3,(#7626,#7627,#7628,#7629),
 .UNSPECIFIED.,.F.,.F.,(4,4),(0.,1.),.UNSPECIFIED.);
#655=B_SPLINE_CURVE_WITH_KNOTS('',3,(#7633,#7634,#7635,#7636,#7637,#7638,
#7639,#7640),.UNSPECIFIED.,.F.,.F.,(4,2,2,4),(0.,0.290155440414511,0.58031088082902,
1.),.UNSPECIFIED.);
#656=B_SPLINE_CURVE_WITH_KNOTS('',3,(#7643,#7644,#7645,#7646,#7647,#7648,
#7649,#7650),.UNSPECIFIED.,.F.,.F.,(4,2,2,4),(0.,0.41968911917098,0.709844559585489,
1.),.UNSPECIFIED.);
#657=B_SPLINE_CURVE_WITH_KNOTS('',3,(#7651,#7652,#7653,#7654),
 .UNSPECIFIED.,.F.,.F.,(4,4),(0.,1.),.UNSPECIFIED.);
#658=B_SPLINE_CURVE_WITH_KNOTS('',3,(#7658,#7659,#7660,#7661),
 .UNSPECIFIED.,.F.,.F.,(4,4),(0.,1.),.UNSPECIFIED.);
#659=B_SPLINE_CURVE_WITH_KNOTS('',3,(#7664,#7665,#7666,#7667),
 .UNSPECIFIED.,.F.,.F.,(4,4),(0.,1.),.UNSPECIFIED.);
#660=B_SPLINE_CURVE_WITH_KNOTS('',3,(#7672,#7673,#7674,#7675),
 .UNSPECIFIED.,.F.,.F.,(4,4),(0.,1.),.UNSPECIFIED.);
#661=B_SPLINE_CURVE_WITH_KNOTS('',3,(#7679,#7680,#7681,#7682),
 .UNSPECIFIED.,.F.,.F.,(4,4),(0.,1.),.UNSPECIFIED.);
#662=B_SPLINE_CURVE_WITH_KNOTS('',3,(#7688,#7689,#7690,#7691,#7692,#7693,
#7694,#7695,#7696,#7697),.UNSPECIFIED.,.F.,.F.,(4,2,2,2,4),(0.,0.286752827140547,
0.573505654281097,0.786752827140549,1.),.UNSPECIFIED.);
#663=B_SPLINE_CURVE_WITH_KNOTS('',3,(#7700,#7701,#7702,#7703,#7704,#7705,
#7706,#7707,#7708,#7709),.UNSPECIFIED.,.F.,.F.,(4,2,2,2,4),(0.,0.213247172859451,
0.426494345718903,0.713247172859453,1.),.UNSPECIFIED.);
#664=B_SPLINE_CURVE_WITH_KNOTS('',3,(#7710,#7711,#7712,#7713),
 .UNSPECIFIED.,.F.,.F.,(4,4),(0.,1.),.UNSPECIFIED.);
#665=B_SPLINE_CURVE_WITH_KNOTS('',3,(#7717,#7718,#7719,#7720,#7721,#7722,
#7723,#7724,#7725,#7726,#7727,#7728,#7729,#7730,#7731,#7732,#7733,#7734,
#7735,#7736),.UNSPECIFIED.,.F.,.F.,(4,2,2,2,2,2,2,2,2,4),(0.,0.102819343270362,
0.205638686540725,0.33515351853037,0.464668350520016,0.598681526891357,
0.732694703262698,0.862370144794081,0.992045586325464,1.),.UNSPECIFIED.);
#666=B_SPLINE_CURVE_WITH_KNOTS('',3,(#7737,#7738,#7739,#7740,#7741,#7742,
#7743,#7744,#7745,#7746,#7747,#7748,#7749,#7750,#7751,#7752,#7753,#7754,
#7755,#7756),.UNSPECIFIED.,.F.,.F.,(4,2,2,2,2,2,2,2,2,4),(0.,0.0079544136745357,
0.137629855205919,0.267305296737302,0.401318473108643,0.535331649479984,
0.66484648146963,0.794361313459275,0.897180656729638,1.),.UNSPECIFIED.);
#667=B_SPLINE_CURVE_WITH_KNOTS('',3,(#7757,#7758,#7759,#7760,#7761,#7762,
#7763,#7764,#7765,#7766),.UNSPECIFIED.,.F.,.F.,(4,2,2,2,4),(0.,0.186961848470874,
0.475918932509951,0.737959466254976,1.),.UNSPECIFIED.);
#668=B_SPLINE_CURVE_WITH_KNOTS('',3,(#7767,#7768,#7769,#7770,#7771,#7772,
#7773,#7774,#7775,#7776),.UNSPECIFIED.,.F.,.F.,(4,2,2,2,4),(0.,0.262040533745024,
0.524081067490048,0.813038151529126,1.),.UNSPECIFIED.);
#669=B_SPLINE_CURVE_WITH_KNOTS('',3,(#7777,#7778,#7779,#7780,#7781,#7782,
#7783,#7784,#7785,#7786),.UNSPECIFIED.,.F.,.F.,(4,2,2,2,4),(0.,0.262040533745024,
0.524081067490048,0.813038151529126,1.),.UNSPECIFIED.);
#670=B_SPLINE_CURVE_WITH_KNOTS('',1,(#7788,#7789),.UNSPECIFIED.,.F.,.F.,
(2,2),(0.,1.),.UNSPECIFIED.);
#671=B_SPLINE_CURVE_WITH_KNOTS('',1,(#7795,#7796),.UNSPECIFIED.,.F.,.F.,
(2,2),(0.,1.),.UNSPECIFIED.);
#672=B_SPLINE_CURVE_WITH_KNOTS('',1,(#7800,#7801),.UNSPECIFIED.,.F.,.F.,
(2,2),(0.,1.),.UNSPECIFIED.);
#673=B_SPLINE_CURVE_WITH_KNOTS('',1,(#7805,#7806),.UNSPECIFIED.,.F.,.F.,
(2,2),(0.,1.),.UNSPECIFIED.);
#674=B_SPLINE_CURVE_WITH_KNOTS('',1,(#7809,#7810),.UNSPECIFIED.,.F.,.F.,
(2,2),(0.,1.),.UNSPECIFIED.);
#675=B_SPLINE_CURVE_WITH_KNOTS('',1,(#7816,#7817),.UNSPECIFIED.,.F.,.F.,
(2,2),(0.,1.),.UNSPECIFIED.);
#676=B_SPLINE_CURVE_WITH_KNOTS('',1,(#7821,#7822),.UNSPECIFIED.,.F.,.F.,
(2,2),(0.,1.),.UNSPECIFIED.);
#677=B_SPLINE_CURVE_WITH_KNOTS('',1,(#7826,#7827),.UNSPECIFIED.,.F.,.F.,
(2,2),(0.,1.),.UNSPECIFIED.);
#678=B_SPLINE_CURVE_WITH_KNOTS('',3,(#7830,#7831,#7832,#7833),
 .UNSPECIFIED.,.F.,.F.,(4,4),(0.,1.),.UNSPECIFIED.);
#679=B_SPLINE_CURVE_WITH_KNOTS('',3,(#7838,#7839,#7840,#7841),
 .UNSPECIFIED.,.F.,.F.,(4,4),(0.,1.),.UNSPECIFIED.);
#680=B_SPLINE_CURVE_WITH_KNOTS('',3,(#7844,#7845,#7846,#7847),
 .UNSPECIFIED.,.F.,.F.,(4,4),(0.,1.),.UNSPECIFIED.);
#681=B_SPLINE_CURVE_WITH_KNOTS('',3,(#7848,#7849,#7850,#7851),
 .UNSPECIFIED.,.F.,.F.,(4,4),(0.,1.),.UNSPECIFIED.);
#682=B_SPLINE_CURVE_WITH_KNOTS('',3,(#7856,#7857,#7858,#7859),
 .UNSPECIFIED.,.F.,.F.,(4,4),(0.,1.),.UNSPECIFIED.);
#683=B_SPLINE_CURVE_WITH_KNOTS('',3,(#7860,#7861,#7862,#7863),
 .UNSPECIFIED.,.F.,.F.,(4,4),(0.,1.),.UNSPECIFIED.);
#684=B_SPLINE_CURVE_WITH_KNOTS('',3,(#7866,#7867,#7868,#7869),
 .UNSPECIFIED.,.F.,.F.,(4,4),(0.,1.),.UNSPECIFIED.);
#685=B_SPLINE_CURVE_WITH_KNOTS('',3,(#7870,#7871,#7872,#7873),
 .UNSPECIFIED.,.F.,.F.,(4,4),(0.,1.),.UNSPECIFIED.);
#686=B_SPLINE_CURVE_WITH_KNOTS('',3,(#7877,#7878,#7879,#7880,#7881,#7882,
#7883,#7884,#7885,#7886),.UNSPECIFIED.,.F.,.F.,(4,2,2,2,4),(0.,0.161779575328616,
0.323559150657229,0.661779575328614,1.),.UNSPECIFIED.);
#687=B_SPLINE_CURVE_WITH_KNOTS('',3,(#7889,#7890,#7891,#7892,#7893,#7894,
#7895,#7896,#7897,#7898),.UNSPECIFIED.,.F.,.F.,(4,2,2,2,4),(0.,0.338220424671386,
0.676440849342771,0.838220424671384,1.),.UNSPECIFIED.);
#688=B_SPLINE_CURVE_WITH_KNOTS('',3,(#7899,#7900,#7901,#7902,#7903,#7904,
#7905,#7906,#7907,#7908,#7909,#7910,#7911,#7912),.UNSPECIFIED.,.F.,.F.,
(4,2,2,2,2,2,4),(0.,0.167124542124541,0.334249084249084,0.501373626373628,
0.667582417582417,0.833791208791209,1.),.UNSPECIFIED.);
#689=B_SPLINE_CURVE_WITH_KNOTS('',3,(#7915,#7916,#7917,#7918,#7919,#7920,
#7921,#7922,#7923,#7924,#7925,#7926,#7927,#7928),.UNSPECIFIED.,.F.,.F.,
(4,2,2,2,2,2,4),(0.,0.166208791208791,0.332417582417583,0.498626373626372,
0.665750915750916,0.832875457875459,1.),.UNSPECIFIED.);
#690=B_SPLINE_CURVE_WITH_KNOTS('',3,(#7929,#7930,#7931,#7932),
 .UNSPECIFIED.,.F.,.F.,(4,4),(0.,1.),.UNSPECIFIED.);
#691=B_SPLINE_CURVE_WITH_KNOTS('',3,(#7936,#7937,#7938,#7939,#7940,#7941,
#7942,#7943,#7944,#7945,#7946,#7947),.UNSPECIFIED.,.F.,.F.,(4,2,2,2,2,4),
(0.,0.0184930120185755,0.21917643873867,0.491452089783688,0.745726044891844,
1.),.UNSPECIFIED.);
#692=B_SPLINE_CURVE_WITH_KNOTS('',3,(#7950,#7951,#7952,#7953,#7954,#7955,
#7956,#7957,#7958,#7959,#7960,#7961),.UNSPECIFIED.,.F.,.F.,(4,2,2,2,2,4),
(0.,0.254273955108156,0.508547910216312,0.78082356126133,0.981506987981425,
1.),.UNSPECIFIED.);
#693=B_SPLINE_CURVE_WITH_KNOTS('',3,(#7962,#7963,#7964,#7965,#7966,#7967),
 .UNSPECIFIED.,.F.,.F.,(4,2,4),(0.,0.329415660169856,1.),.UNSPECIFIED.);
#694=B_SPLINE_CURVE_WITH_KNOTS('',3,(#7970,#7971,#7972,#7973,#7974,#7975),
 .UNSPECIFIED.,.F.,.F.,(4,2,4),(0.,0.670584339830144,1.),.UNSPECIFIED.);
#695=B_SPLINE_CURVE_WITH_KNOTS('',3,(#7976,#7977,#7978,#7979,#7980,#7981,
#7982,#7983,#7984,#7985,#7986,#7987,#7988,#7989),.UNSPECIFIED.,.F.,.F.,
(4,2,2,2,2,2,4),(0.,0.13887065048663,0.368031759240188,0.597192867993744,
0.731461911995827,0.865730955997911,1.),.UNSPECIFIED.);
#696=B_SPLINE_CURVE_WITH_KNOTS('',3,(#7990,#7991,#7992,#7993,#7994,#7995,
#7996,#7997,#7998,#7999,#8000,#8001,#8002,#8003),.UNSPECIFIED.,.F.,.F.,
(4,2,2,2,2,2,4),(0.,0.134269044002089,0.268538088004173,0.402807132006256,
0.631968240759812,0.86112934951337,1.),.UNSPECIFIED.);
#697=B_SPLINE_CURVE_WITH_KNOTS('',3,(#8004,#8005,#8006,#8007,#8008,#8009,
#8010,#8011,#8012,#8013,#8014,#8015,#8016,#8017,#8018,#8019,#8020,#8021,
#8022,#8023),.UNSPECIFIED.,.F.,.F.,(4,2,2,2,2,2,2,2,2,4),(0.,0.094255531825627,
0.188511063651252,0.282766595476878,0.427543092361042,0.572319589245208,
0.715544909377045,0.858770229508881,0.969313037522917,1.),.UNSPECIFIED.);
#698=B_SPLINE_CURVE_WITH_KNOTS('',3,(#8024,#8025,#8026,#8027,#8028,#8029,
#8030,#8031,#8032,#8033,#8034,#8035,#8036,#8037,#8038,#8039,#8040,#8041,
#8042,#8043),.UNSPECIFIED.,.F.,.F.,(4,2,2,2,2,2,2,2,2,4),(0.,0.0306869624770833,
0.141229770491119,0.284455090622955,0.427680410754792,0.572456907638958,
0.717233404523122,0.811488936348748,0.905744468174373,1.),.UNSPECIFIED.);
#699=B_SPLINE_CURVE_WITH_KNOTS('',3,(#8044,#8045,#8046,#8047,#8048,#8049,
#8050,#8051,#8052,#8053,#8054,#8055,#8056,#8057,#8058,#8059,#8060,#8061,
#8062,#8063),.UNSPECIFIED.,.F.,.F.,(4,2,2,2,2,2,2,2,2,4),(0.,0.0306869624770833,
0.141229770491119,0.284455090622955,0.427680410754792,0.572456907638958,
0.717233404523122,0.811488936348748,0.905744468174373,1.),.UNSPECIFIED.);
#700=B_SPLINE_CURVE_WITH_KNOTS('',3,(#8065,#8066,#8067,#8068),
 .UNSPECIFIED.,.F.,.F.,(4,4),(0.,1.),.UNSPECIFIED.);
#701=B_SPLINE_CURVE_WITH_KNOTS('',3,(#8074,#8075,#8076,#8077,#8078,#8079,
#8080,#8081,#8082,#8083,#8084,#8085,#8086,#8087,#8088,#8089,#8090,#8091,
#8092,#8093,#8094,#8095),.UNSPECIFIED.,.F.,.F.,(4,2,2,2,2,2,2,2,2,2,4),
(0.,0.0739801274609861,0.147960254921973,0.233075146465097,0.318190038008222,
0.403304929551346,0.513052554564314,0.622800179577283,0.732547804590252,
0.866273902295127,1.),.UNSPECIFIED.);
#702=B_SPLINE_CURVE_WITH_KNOTS('',3,(#8098,#8099,#8100,#8101,#8102,#8103,
#8104,#8105,#8106,#8107,#8108,#8109,#8110,#8111,#8112,#8113,#8114,#8115,
#8116,#8117,#8118,#8119),.UNSPECIFIED.,.F.,.F.,(4,2,2,2,2,2,2,2,2,2,4),
(0.,0.133726097704873,0.267452195409748,0.377199820422717,0.486947445435686,
0.596695070448654,0.681809961991778,0.766924853534903,0.852039745078027,
0.926019872539014,1.),.UNSPECIFIED.);
#703=B_SPLINE_CURVE_WITH_KNOTS('',3,(#8120,#8121,#8122,#8123),
 .UNSPECIFIED.,.F.,.F.,(4,4),(0.,1.),.UNSPECIFIED.);
#704=B_SPLINE_CURVE_WITH_KNOTS('',3,(#8127,#8128,#8129,#8130,#8131,#8132,
#8133,#8134,#8135,#8136,#8137,#8138,#8139,#8140,#8141,#8142,#8143,#8144,
#8145,#8146,#8147,#8148),.UNSPECIFIED.,.F.,.F.,(4,2,2,2,2,2,2,2,2,2,4),
(0.,0.0904848315249626,0.180969663049926,0.274564447867891,0.368159232685857,
0.461754017503824,0.563872613081997,0.665991208660171,0.768109804238344,
0.884054902119172,1.),.UNSPECIFIED.);
#705=B_SPLINE_CURVE_WITH_KNOTS('',3,(#8149,#8150,#8151,#8152,#8153,#8154,
#8155,#8156,#8157,#8158,#8159,#8160,#8161,#8162,#8163,#8164,#8165,#8166,
#8167,#8168,#8169,#8170),.UNSPECIFIED.,.F.,.F.,(4,2,2,2,2,2,2,2,2,2,4),
(0.,0.115945097880828,0.231890195761656,0.334008791339829,0.436127386918003,
0.538245982496176,0.631840767314143,0.725435552132109,0.819030336950074,
0.909515168475037,1.),.UNSPECIFIED.);
#706=B_SPLINE_CURVE_WITH_KNOTS('',3,(#8172,#8173,#8174,#8175),
 .UNSPECIFIED.,.F.,.F.,(4,4),(0.,1.),.UNSPECIFIED.);
#707=B_SPLINE_CURVE_WITH_KNOTS('',3,(#8181,#8182,#8183,#8184),
 .UNSPECIFIED.,.F.,.F.,(4,4),(0.,1.),.UNSPECIFIED.);
#708=B_SPLINE_CURVE_WITH_KNOTS('',3,(#8188,#8189,#8190,#8191),
 .UNSPECIFIED.,.F.,.F.,(4,4),(0.,1.),.UNSPECIFIED.);
#709=B_SPLINE_CURVE_WITH_KNOTS('',3,(#8195,#8196,#8197,#8198),
 .UNSPECIFIED.,.F.,.F.,(4,4),(0.,1.),.UNSPECIFIED.);
#710=B_SPLINE_CURVE_WITH_KNOTS('',3,(#8202,#8203,#8204,#8205,#8206,#8207,
#8208,#8209,#8210,#8211,#8212,#8213,#8214,#8215),.UNSPECIFIED.,.F.,.F.,
(4,2,2,2,2,2,4),(0.,0.141043906229762,0.282087812459525,0.423131718689284,
0.564175624919047,0.705219531148813,1.),.UNSPECIFIED.);
#711=B_SPLINE_CURVE_WITH_KNOTS('',3,(#8218,#8219,#8220,#8221,#8222,#8223,
#8224,#8225,#8226,#8227,#8228,#8229,#8230,#8231),.UNSPECIFIED.,.F.,.F.,
(4,2,2,2,2,2,4),(0.,0.294780468851187,0.435824375080953,0.576868281310716,
0.717912187540475,0.858956093770238,1.),.UNSPECIFIED.);
#712=B_SPLINE_CURVE_WITH_KNOTS('',3,(#8232,#8233,#8234,#8235,#8236,#8237),
 .UNSPECIFIED.,.F.,.F.,(4,2,4),(0.,0.676234213547647,1.),.UNSPECIFIED.);
#713=B_SPLINE_CURVE_WITH_KNOTS('',3,(#8240,#8241,#8242,#8243,#8244,#8245),
 .UNSPECIFIED.,.F.,.F.,(4,2,4),(0.,0.323765786452353,1.),.UNSPECIFIED.);
#714=B_SPLINE_CURVE_WITH_KNOTS('',3,(#8246,#8247,#8248,#8249),
 .UNSPECIFIED.,.F.,.F.,(4,4),(0.,1.),.UNSPECIFIED.);
#715=B_SPLINE_CURVE_WITH_KNOTS('',3,(#8253,#8254,#8255,#8256,#8257,#8258,
#8259,#8260,#8261,#8262,#8263,#8264,#8265,#8266),.UNSPECIFIED.,.F.,.F.,
(4,2,2,2,2,2,4),(0.,0.28859699935436,0.416128419843698,0.543659840333037,
0.671191260822371,0.756424260761182,1.),.UNSPECIFIED.);
#716=B_SPLINE_CURVE_WITH_KNOTS('',3,(#8267,#8268,#8269,#8270,#8271,#8272,
#8273,#8274,#8275,#8276,#8277,#8278,#8279,#8280),.UNSPECIFIED.,.F.,.F.,
(4,2,2,2,2,2,4),(0.,0.243575739238818,0.328808739177629,0.456340159666963,
0.583871580156302,0.71140300064564,1.),.UNSPECIFIED.);
#717=B_SPLINE_CURVE_WITH_KNOTS('',3,(#8282,#8283,#8284,#8285),
 .UNSPECIFIED.,.F.,.F.,(4,4),(0.,1.),.UNSPECIFIED.);
#718=B_SPLINE_CURVE_WITH_KNOTS('',3,(#8291,#8292,#8293,#8294),
 .UNSPECIFIED.,.F.,.F.,(4,4),(0.,1.),.UNSPECIFIED.);
#719=B_SPLINE_CURVE_WITH_KNOTS('',3,(#8298,#8299,#8300,#8301),
 .UNSPECIFIED.,.F.,.F.,(4,4),(0.,1.),.UNSPECIFIED.);
#720=B_SPLINE_CURVE_WITH_KNOTS('',3,(#8305,#8306,#8307,#8308,#8309,#8310,
#8311,#8312,#8313,#8314,#8315,#8316,#8317,#8318,#8319,#8320,#8321,#8322,
#8323,#8324,#8325,#8326),.UNSPECIFIED.,.F.,.F.,(4,2,2,2,2,2,2,2,2,2,4),
(0.,0.081874282089113,0.163748564178226,0.271042298468293,0.378336032758361,
0.485629767048428,0.600871185359983,0.716112603671536,0.831354021983093,
0.915677010991548,1.),.UNSPECIFIED.);
#721=B_SPLINE_CURVE_WITH_KNOTS('',3,(#8329,#8330,#8331,#8332,#8333,#8334,
#8335,#8336,#8337,#8338,#8339,#8340,#8341,#8342,#8343,#8344,#8345,#8346,
#8347,#8348,#8349,#8350),.UNSPECIFIED.,.F.,.F.,(4,2,2,2,2,2,2,2,2,2,4),
(0.,0.0843229890084524,0.168645978016907,0.283887396328464,0.399128814640017,
0.514370232951572,0.621663967241639,0.728957701531707,0.836251435821774,
0.918125717910887,1.),.UNSPECIFIED.);
#722=B_SPLINE_CURVE_WITH_KNOTS('',3,(#8351,#8352,#8353,#8354),
 .UNSPECIFIED.,.F.,.F.,(4,4),(0.,1.),.UNSPECIFIED.);
#723=B_SPLINE_CURVE_WITH_KNOTS('',3,(#8358,#8359,#8360,#8361),
 .UNSPECIFIED.,.F.,.F.,(4,4),(0.,1.),.UNSPECIFIED.);
#724=B_SPLINE_CURVE_WITH_KNOTS('',3,(#8363,#8364,#8365,#8366,#8367,#8368,
#8369,#8370,#8371,#8372,#8373,#8374,#8375,#8376,#8377,#8378,#8379,#8380),
 .UNSPECIFIED.,.T.,.F.,(1,3,2,2,2,2,2,2,2,3,1),(-0.127374347084795,0.,0.122447584083552,
0.244895168167104,0.367342752250656,0.490588040465048,0.61383332867944,
0.743229490797322,0.872625652915205,1.,1.12244758408355),.UNSPECIFIED.);
#725=B_SPLINE_CURVE_WITH_KNOTS('',3,(#8382,#8383,#8384,#8385,#8386,#8387,
#8388,#8389,#8390,#8391,#8392,#8393,#8394,#8395,#8396,#8397,#8398,#8399),
 .UNSPECIFIED.,.T.,.F.,(1,3,2,2,2,2,2,2,2,3,1),(-0.122447584083552,0.,0.127374347084795,
0.256770509202678,0.38616667132056,0.509411959534952,0.632657247749344,
0.755104831832896,0.877552415916448,1.,1.12737434708479),.UNSPECIFIED.);
#726=B_SPLINE_CURVE_WITH_KNOTS('',3,(#8401,#8402,#8403,#8404,#8405,#8406,
#8407,#8408,#8409,#8410,#8411,#8412,#8413,#8414,#8415,#8416,#8417,#8418),
 .UNSPECIFIED.,.T.,.F.,(1,3,2,2,2,2,2,2,2,3,1),(-0.127374347084795,0.,0.122447584083552,
0.244895168167104,0.367342752250656,0.490588040465048,0.61383332867944,
0.743229490797322,0.872625652915205,1.,1.12244758408355),.UNSPECIFIED.);
#727=B_SPLINE_CURVE_WITH_KNOTS('',3,(#8433,#8434,#8435,#8436),
 .UNSPECIFIED.,.F.,.F.,(4,4),(0.,1.),.UNSPECIFIED.);
#728=B_SPLINE_CURVE_WITH_KNOTS('',3,(#8465,#8466,#8467,#8468,#8469,#8470,
#8471,#8472,#8473,#8474,#8475,#8476,#8477,#8478,#8479,#8480),
 .UNSPECIFIED.,.F.,.F.,(4,3,3,3,3,4),(0.,0.211718874533108,0.423852907952614,
0.637313030334358,0.852354338354745,1.),.UNSPECIFIED.);
#729=B_SPLINE_CURVE_WITH_KNOTS('',3,(#8484,#8485,#8486,#8487,#8488,#8489,
#8490,#8491,#8492,#8493,#8494,#8495,#8496,#8497,#8498,#8499,#8500,#8501,
#8502,#8503,#8504,#8505,#8506,#8507,#8508,#8509,#8510,#8511,#8512,#8513,
#8514),.UNSPECIFIED.,.F.,.F.,(4,3,3,3,3,3,3,3,3,3,4),(0.,0.089365308817939,
0.195986398698892,0.303304403305466,0.410730112322728,0.517316044664688,
0.623026763292301,0.728876916413589,0.835699318286983,0.943186256699903,
1.),.UNSPECIFIED.);
#730=B_SPLINE_CURVE_WITH_KNOTS('',3,(#8515,#8516,#8517,#8518,#8519,#8520,
#8521,#8522,#8523,#8524,#8525,#8526,#8527,#8528,#8529,#8530),
 .UNSPECIFIED.,.F.,.F.,(4,3,3,3,3,4),(0.,0.195601071360259,0.40168098339709,
0.608776868564017,0.816119023983528,1.),.UNSPECIFIED.);
#731=B_SPLINE_CURVE_WITH_KNOTS('',3,(#8578,#8579,#8580,#8581,#8582,#8583,
#8584),.UNSPECIFIED.,.F.,.F.,(4,3,4),(0.,0.814735943174735,1.),
 .UNSPECIFIED.);
#732=B_SPLINE_CURVE_WITH_KNOTS('',3,(#8591,#8592,#8593,#8594),
 .UNSPECIFIED.,.F.,.F.,(4,4),(0.,1.),.UNSPECIFIED.);
#733=B_SPLINE_CURVE_WITH_KNOTS('',3,(#8598,#8599,#8600,#8601),
 .UNSPECIFIED.,.F.,.F.,(4,4),(0.,1.),.UNSPECIFIED.);
#734=B_SPLINE_CURVE_WITH_KNOTS('',3,(#8603,#8604,#8605,#8606),
 .UNSPECIFIED.,.F.,.F.,(4,4),(0.,1.),.UNSPECIFIED.);
#735=B_SPLINE_CURVE_WITH_KNOTS('',3,(#8608,#8609,#8610,#8611),
 .UNSPECIFIED.,.F.,.F.,(4,4),(0.,1.),.UNSPECIFIED.);
#736=B_SPLINE_CURVE_WITH_KNOTS('',3,(#8615,#8616,#8617,#8618,#8619,#8620,
#8621),.UNSPECIFIED.,.F.,.F.,(4,3,4),(0.,0.903594736764061,1.),
 .UNSPECIFIED.);
#737=B_SPLINE_CURVE_WITH_KNOTS('',3,(#8623,#8624,#8625,#8626),
 .UNSPECIFIED.,.F.,.F.,(4,4),(0.,1.),.UNSPECIFIED.);
#738=B_SPLINE_CURVE_WITH_KNOTS('',3,(#8633,#8634,#8635,#8636,#8637,#8638,
#8639),.UNSPECIFIED.,.F.,.F.,(4,3,4),(0.,0.626123269381757,1.),
 .UNSPECIFIED.);
#739=B_SPLINE_CURVE_WITH_KNOTS('',3,(#8658,#8659,#8660,#8661),
 .UNSPECIFIED.,.F.,.F.,(4,4),(0.,1.),.UNSPECIFIED.);
#740=B_SPLINE_CURVE_WITH_KNOTS('',3,(#8689,#8690,#8691,#8692),
 .UNSPECIFIED.,.F.,.F.,(4,4),(0.,1.),.UNSPECIFIED.);
#741=B_SPLINE_CURVE_WITH_KNOTS('',3,(#8694,#8695,#8696,#8697,#8698,#8699,
#8700,#8701,#8702,#8703,#8704,#8705,#8706,#8707,#8708,#8709,#8710,#8711,
#8712,#8713,#8714,#8715,#8716,#8717,#8718,#8719,#8720,#8721,#8722,#8723,
#8724,#8725,#8726,#8727),.UNSPECIFIED.,.F.,.F.,(4,3,3,3,3,3,3,3,3,3,3,4),
(0.,0.107471636019671,0.215198349815862,0.318758712661943,0.416619653469626,
0.509840046356524,0.600619174075394,0.69151831002185,0.784884761420871,
0.882482937791767,0.98521039330892,1.),.UNSPECIFIED.);
#742=B_SPLINE_CURVE_WITH_KNOTS('',3,(#8728,#8729,#8730,#8731,#8732),
 .UNSPECIFIED.,.F.,.F.,(4,1,4),(0.,0.552740937071248,1.),.UNSPECIFIED.);
#743=PLANE('',#4296);
#744=PLANE('',#4301);
#745=PLANE('',#4305);
#746=PLANE('',#4310);
#747=PLANE('',#4312);
#748=PLANE('',#4320);
#749=PLANE('',#4321);
#750=PLANE('',#4322);
#751=PLANE('',#4329);
#752=PLANE('',#4332);
#753=PLANE('',#4333);
#754=PLANE('',#4349);
#755=PLANE('',#4357);
#756=PLANE('',#4363);
#757=PLANE('',#4365);
#758=PLANE('',#4366);
#759=PLANE('',#4380);
#760=PLANE('',#4385);
#761=PLANE('',#4389);
#762=PLANE('',#4394);
#763=PLANE('',#4396);
#764=PLANE('',#4402);
#765=PLANE('',#4403);
#766=PLANE('',#4404);
#767=PLANE('',#4409);
#768=PLANE('',#4412);
#769=PLANE('',#4413);
#770=PLANE('',#4429);
#771=PLANE('',#4437);
#772=PLANE('',#4442);
#773=PLANE('',#4446);
#774=PLANE('',#4447);
#775=PLANE('',#4448);
#776=PLANE('',#4458);
#777=PLANE('',#4463);
#778=PLANE('',#4466);
#779=PLANE('',#4475);
#780=PLANE('',#4476);
#781=PLANE('',#4481);
#782=PLANE('',#4482);
#783=PLANE('',#4483);
#784=PLANE('',#4484);
#785=PLANE('',#4485);
#786=PLANE('',#4486);
#787=PLANE('',#4487);
#788=PLANE('',#4488);
#789=PLANE('',#4489);
#790=PLANE('',#4490);
#791=PLANE('',#4491);
#792=PLANE('',#4492);
#793=PLANE('',#4493);
#794=PLANE('',#4494);
#795=PLANE('',#4495);
#796=PLANE('',#4496);
#797=PLANE('',#4497);
#798=PLANE('',#4498);
#799=PLANE('',#4499);
#800=PLANE('',#4500);
#801=PLANE('',#4501);
#802=PLANE('',#4502);
#803=PLANE('',#4503);
#804=PLANE('',#4504);
#805=PLANE('',#4505);
#806=PLANE('',#4506);
#807=PLANE('',#4507);
#808=PLANE('',#4508);
#809=PLANE('',#4509);
#810=PLANE('',#4510);
#811=PLANE('',#4511);
#812=PLANE('',#4512);
#813=PLANE('',#4513);
#814=PLANE('',#4514);
#815=PLANE('',#4515);
#816=PLANE('',#4516);
#817=PLANE('',#4517);
#818=PLANE('',#4518);
#819=PLANE('',#4519);
#820=PLANE('',#4520);
#821=PLANE('',#4521);
#822=PLANE('',#4522);
#823=PLANE('',#4523);
#824=PLANE('',#4524);
#825=PLANE('',#4525);
#826=PLANE('',#4526);
#827=PLANE('',#4527);
#828=PLANE('',#4528);
#829=PLANE('',#4529);
#830=PLANE('',#4530);
#831=PLANE('',#4531);
#832=PLANE('',#4532);
#833=PLANE('',#4533);
#834=PLANE('',#4534);
#835=PLANE('',#4535);
#836=PLANE('',#4536);
#837=PLANE('',#4537);
#838=PLANE('',#4538);
#839=PLANE('',#4547);
#840=PLANE('',#4549);
#841=PLANE('',#4562);
#842=PLANE('',#4567);
#843=PLANE('',#4568);
#844=PLANE('',#4569);
#845=PLANE('',#4574);
#846=PLANE('',#4577);
#847=PLANE('',#4579);
#848=ADVANCED_FACE('',(#1097),#1064,.T.);
#849=ADVANCED_FACE('',(#1098),#743,.F.);
#850=ADVANCED_FACE('',(#1099),#744,.F.);
#851=ADVANCED_FACE('',(#1100),#488,.F.);
#852=ADVANCED_FACE('',(#1101),#745,.F.);
#853=ADVANCED_FACE('',(#1102),#456,.F.);
#854=ADVANCED_FACE('',(#1103),#746,.F.);
#855=ADVANCED_FACE('',(#1104),#747,.F.);
#856=ADVANCED_FACE('',(#1105),#1065,.F.);
#857=ADVANCED_FACE('',(#1106),#1066,.T.);
#858=ADVANCED_FACE('',(#1107),#748,.F.);
#859=ADVANCED_FACE('',(#1108),#749,.T.);
#860=ADVANCED_FACE('',(#1109),#750,.T.);
#861=ADVANCED_FACE('',(#1110),#489,.F.);
#862=ADVANCED_FACE('',(#1111),#490,.F.);
#863=ADVANCED_FACE('',(#1112),#491,.F.);
#864=ADVANCED_FACE('',(#1113),#1067,.F.);
#865=ADVANCED_FACE('',(#1114),#751,.F.);
#866=ADVANCED_FACE('',(#1115),#1068,.T.);
#867=ADVANCED_FACE('',(#1116),#752,.F.);
#868=ADVANCED_FACE('',(#1117),#753,.F.);
#869=ADVANCED_FACE('',(#1118),#433,.T.);
#870=ADVANCED_FACE('',(#1119),#434,.T.);
#871=ADVANCED_FACE('',(#1120),#435,.T.);
#872=ADVANCED_FACE('',(#1121),#436,.T.);
#873=ADVANCED_FACE('',(#1122),#437,.T.);
#874=ADVANCED_FACE('',(#1123),#754,.T.);
#875=ADVANCED_FACE('',(#1124),#1069,.T.);
#876=ADVANCED_FACE('',(#1125),#418,.T.);
#877=ADVANCED_FACE('',(#1126),#438,.T.);
#878=ADVANCED_FACE('',(#1127),#439,.T.);
#879=ADVANCED_FACE('',(#1128),#419,.T.);
#880=ADVANCED_FACE('',(#1129),#420,.T.);
#881=ADVANCED_FACE('',(#1130),#421,.T.);
#882=ADVANCED_FACE('',(#1131),#422,.T.);
#883=ADVANCED_FACE('',(#1132),#755,.F.);
#884=ADVANCED_FACE('',(#1133),#1070,.T.);
#885=ADVANCED_FACE('',(#1134),#410,.T.);
#886=ADVANCED_FACE('',(#1135),#1071,.F.);
#887=ADVANCED_FACE('',(#1136),#1072,.F.);
#888=ADVANCED_FACE('',(#1137),#1073,.F.);
#889=ADVANCED_FACE('',(#1138),#756,.F.);
#890=ADVANCED_FACE('',(#1139),#423,.T.);
#891=ADVANCED_FACE('',(#1140),#757,.F.);
#892=ADVANCED_FACE('',(#1141),#758,.T.);
#893=ADVANCED_FACE('',(#1142),#1074,.T.);
#894=ADVANCED_FACE('',(#1143),#759,.F.);
#895=ADVANCED_FACE('',(#1144),#760,.F.);
#896=ADVANCED_FACE('',(#1145),#492,.F.);
#897=ADVANCED_FACE('',(#1146),#761,.F.);
#898=ADVANCED_FACE('',(#1147),#457,.T.);
#899=ADVANCED_FACE('',(#1148),#762,.F.);
#900=ADVANCED_FACE('',(#1149),#763,.F.);
#901=ADVANCED_FACE('',(#1150),#1075,.F.);
#902=ADVANCED_FACE('',(#1151),#1076,.T.);
#903=ADVANCED_FACE('',(#1152),#764,.F.);
#904=ADVANCED_FACE('',(#1153),#765,.T.);
#905=ADVANCED_FACE('',(#1154),#766,.T.);
#906=ADVANCED_FACE('',(#1155),#493,.F.);
#907=ADVANCED_FACE('',(#1156),#1077,.F.);
#908=ADVANCED_FACE('',(#1157),#767,.F.);
#909=ADVANCED_FACE('',(#1158),#1078,.T.);
#910=ADVANCED_FACE('',(#1159),#768,.F.);
#911=ADVANCED_FACE('',(#1160),#769,.F.);
#912=ADVANCED_FACE('',(#1161),#440,.T.);
#913=ADVANCED_FACE('',(#1162),#441,.T.);
#914=ADVANCED_FACE('',(#1163),#442,.T.);
#915=ADVANCED_FACE('',(#1164),#443,.T.);
#916=ADVANCED_FACE('',(#1165),#444,.T.);
#917=ADVANCED_FACE('',(#1166),#770,.T.);
#918=ADVANCED_FACE('',(#1167),#1079,.T.);
#919=ADVANCED_FACE('',(#1168),#424,.T.);
#920=ADVANCED_FACE('',(#1169),#445,.T.);
#921=ADVANCED_FACE('',(#1170),#446,.T.);
#922=ADVANCED_FACE('',(#1171),#425,.T.);
#923=ADVANCED_FACE('',(#1172),#426,.T.);
#924=ADVANCED_FACE('',(#1173),#427,.T.);
#925=ADVANCED_FACE('',(#1174),#428,.T.);
#926=ADVANCED_FACE('',(#1175),#771,.F.);
#927=ADVANCED_FACE('',(#1176),#1080,.T.);
#928=ADVANCED_FACE('',(#1177),#411,.T.);
#929=ADVANCED_FACE('',(#1178),#1081,.F.);
#930=ADVANCED_FACE('',(#1179),#1082,.F.);
#931=ADVANCED_FACE('',(#1180),#1083,.F.);
#932=ADVANCED_FACE('',(#25,#26,#27,#28,#29,#30,#31,#32,#33,#34,#35,#36),
#772,.T.);
#933=ADVANCED_FACE('',(#1181),#1084,.F.);
#934=ADVANCED_FACE('',(#1182),#773,.F.);
#935=ADVANCED_FACE('',(#1183),#774,.F.);
#936=ADVANCED_FACE('',(#1184),#775,.F.);
#937=ADVANCED_FACE('',(#1185),#494,.F.);
#938=ADVANCED_FACE('',(#1186),#776,.F.);
#939=ADVANCED_FACE('',(#1187),#777,.F.);
#940=ADVANCED_FACE('',(#1188),#1085,.F.);
#941=ADVANCED_FACE('',(#1189),#778,.T.);
#942=ADVANCED_FACE('',(#1190),#447,.F.);
#943=ADVANCED_FACE('',(#1191),#429,.T.);
#944=ADVANCED_FACE('',(#37,#38),#430,.T.);
#945=ADVANCED_FACE('',(#1192),#448,.F.);
#946=ADVANCED_FACE('',(#1193),#779,.T.);
#947=ADVANCED_FACE('',(#1194),#780,.F.);
#948=ADVANCED_FACE('',(#1195),#1086,.T.);
#949=ADVANCED_FACE('',(#1196),#412,.F.);
#950=ADVANCED_FACE('',(#1197),#1087,.F.);
#951=ADVANCED_FACE('',(#1198),#1088,.F.);
#952=ADVANCED_FACE('',(#1199),#1089,.F.);
#953=ADVANCED_FACE('',(#1200),#781,.T.);
#954=ADVANCED_FACE('',(#1201),#458,.T.);
#955=ADVANCED_FACE('',(#1202),#782,.T.);
#956=ADVANCED_FACE('',(#1203),#459,.T.);
#957=ADVANCED_FACE('',(#1204),#783,.T.);
#958=ADVANCED_FACE('',(#1205),#784,.T.);
#959=ADVANCED_FACE('',(#1206),#785,.T.);
#960=ADVANCED_FACE('',(#1207),#460,.T.);
#961=ADVANCED_FACE('',(#1208),#786,.T.);
#962=ADVANCED_FACE('',(#1209),#461,.T.);
#963=ADVANCED_FACE('',(#1210),#787,.T.);
#964=ADVANCED_FACE('',(#1211),#462,.T.);
#965=ADVANCED_FACE('',(#1212),#463,.T.);
#966=ADVANCED_FACE('',(#1213),#788,.T.);
#967=ADVANCED_FACE('',(#1214),#789,.T.);
#968=ADVANCED_FACE('',(#1215),#790,.T.);
#969=ADVANCED_FACE('',(#1216),#464,.T.);
#970=ADVANCED_FACE('',(#1217),#791,.T.);
#971=ADVANCED_FACE('',(#1218),#792,.T.);
#972=ADVANCED_FACE('',(#1219),#465,.T.);
#973=ADVANCED_FACE('',(#1220),#793,.T.);
#974=ADVANCED_FACE('',(#1221),#794,.T.);
#975=ADVANCED_FACE('',(#1222),#795,.T.);
#976=ADVANCED_FACE('',(#1223),#466,.T.);
#977=ADVANCED_FACE('',(#39,#40),#796,.F.);
#978=ADVANCED_FACE('',(#1224),#797,.T.);
#979=ADVANCED_FACE('',(#1225),#798,.T.);
#980=ADVANCED_FACE('',(#1226),#467,.T.);
#981=ADVANCED_FACE('',(#1227),#799,.T.);
#982=ADVANCED_FACE('',(#1228),#468,.T.);
#983=ADVANCED_FACE('',(#1229),#800,.T.);
#984=ADVANCED_FACE('',(#1230),#801,.T.);
#985=ADVANCED_FACE('',(#1231),#802,.T.);
#986=ADVANCED_FACE('',(#1232),#803,.T.);
#987=ADVANCED_FACE('',(#1233),#804,.T.);
#988=ADVANCED_FACE('',(#1234),#469,.T.);
#989=ADVANCED_FACE('',(#1235),#805,.T.);
#990=ADVANCED_FACE('',(#1236),#470,.T.);
#991=ADVANCED_FACE('',(#1237),#471,.T.);
#992=ADVANCED_FACE('',(#41,#42),#806,.T.);
#993=ADVANCED_FACE('',(#1238),#807,.T.);
#994=ADVANCED_FACE('',(#1239),#808,.T.);
#995=ADVANCED_FACE('',(#1240),#809,.T.);
#996=ADVANCED_FACE('',(#1241),#810,.T.);
#997=ADVANCED_FACE('',(#1242),#811,.F.);
#998=ADVANCED_FACE('',(#1243),#812,.T.);
#999=ADVANCED_FACE('',(#1244),#813,.T.);
#1000=ADVANCED_FACE('',(#1245),#814,.T.);
#1001=ADVANCED_FACE('',(#1246),#815,.T.);
#1002=ADVANCED_FACE('',(#1247),#816,.F.);
#1003=ADVANCED_FACE('',(#1248),#472,.T.);
#1004=ADVANCED_FACE('',(#1249),#473,.T.);
#1005=ADVANCED_FACE('',(#1250),#474,.T.);
#1006=ADVANCED_FACE('',(#1251),#817,.T.);
#1007=ADVANCED_FACE('',(#1252),#475,.T.);
#1008=ADVANCED_FACE('',(#1253),#476,.T.);
#1009=ADVANCED_FACE('',(#1254),#818,.T.);
#1010=ADVANCED_FACE('',(#1255),#477,.T.);
#1011=ADVANCED_FACE('',(#1256),#478,.T.);
#1012=ADVANCED_FACE('',(#1257),#479,.T.);
#1013=ADVANCED_FACE('',(#1258),#480,.T.);
#1014=ADVANCED_FACE('',(#43,#44),#819,.F.);
#1015=ADVANCED_FACE('',(#1259),#820,.T.);
#1016=ADVANCED_FACE('',(#1260),#481,.T.);
#1017=ADVANCED_FACE('',(#1261),#821,.T.);
#1018=ADVANCED_FACE('',(#1262),#482,.T.);
#1019=ADVANCED_FACE('',(#1263),#822,.T.);
#1020=ADVANCED_FACE('',(#1264),#823,.T.);
#1021=ADVANCED_FACE('',(#1265),#824,.T.);
#1022=ADVANCED_FACE('',(#1266),#825,.T.);
#1023=ADVANCED_FACE('',(#1267),#826,.T.);
#1024=ADVANCED_FACE('',(#1268),#483,.T.);
#1025=ADVANCED_FACE('',(#1269),#484,.T.);
#1026=ADVANCED_FACE('',(#1270),#827,.T.);
#1027=ADVANCED_FACE('',(#1271),#485,.T.);
#1028=ADVANCED_FACE('',(#1272),#828,.T.);
#1029=ADVANCED_FACE('',(#1273),#829,.T.);
#1030=ADVANCED_FACE('',(#1274),#830,.T.);
#1031=ADVANCED_FACE('',(#1275),#831,.T.);
#1032=ADVANCED_FACE('',(#1276),#486,.T.);
#1033=ADVANCED_FACE('',(#1277),#832,.T.);
#1034=ADVANCED_FACE('',(#1278),#833,.T.);
#1035=ADVANCED_FACE('',(#45,#46),#487,.T.);
#1036=ADVANCED_FACE('',(#47,#48),#834,.F.);
#1037=ADVANCED_FACE('',(#1279),#835,.T.);
#1038=ADVANCED_FACE('',(#1280),#836,.T.);
#1039=ADVANCED_FACE('',(#1281),#837,.T.);
#1040=ADVANCED_FACE('',(#1282),#838,.T.);
#1041=ADVANCED_FACE('',(#1283),#1090,.F.);
#1042=ADVANCED_FACE('',(#1284),#449,.F.);
#1043=ADVANCED_FACE('',(#1285),#839,.T.);
#1044=ADVANCED_FACE('',(#49,#50),#840,.F.);
#1045=ADVANCED_FACE('',(#1286),#495,.F.);
#1046=ADVANCED_FACE('',(#1287),#450,.F.);
#1047=ADVANCED_FACE('',(#1288),#431,.T.);
#1048=ADVANCED_FACE('',(#1289),#841,.F.);
#1049=ADVANCED_FACE('',(#1290),#432,.T.);
#1050=ADVANCED_FACE('',(#1291),#451,.F.);
#1051=ADVANCED_FACE('',(#1292),#842,.F.);
#1052=ADVANCED_FACE('',(#1293),#843,.T.);
#1053=ADVANCED_FACE('',(#1294),#844,.F.);
#1054=ADVANCED_FACE('',(#1295),#845,.F.);
#1055=ADVANCED_FACE('',(#1296),#1091,.F.);
#1056=ADVANCED_FACE('',(#1297),#846,.T.);
#1057=ADVANCED_FACE('',(#1298),#1092,.T.);
#1058=ADVANCED_FACE('',(#1299),#847,.F.);
#1059=ADVANCED_FACE('',(#1300),#413,.F.);
#1060=ADVANCED_FACE('',(#51,#52),#1093,.F.);
#1061=ADVANCED_FACE('',(#1301),#1094,.F.);
#1062=ADVANCED_FACE('',(#1302),#1095,.F.);
#1063=ADVANCED_FACE('',(#1303),#1096,.F.);
#1064=CYLINDRICAL_SURFACE('',#4281,20.6171200570194);
#1065=CYLINDRICAL_SURFACE('',#4314,2.61377797295367);
#1066=CYLINDRICAL_SURFACE('',#4317,1.50232745589211);
#1067=CYLINDRICAL_SURFACE('',#4328,2.61599999999993);
#1068=CYLINDRICAL_SURFACE('',#4331,3.96820214502012);
#1069=CYLINDRICAL_SURFACE('',#4351,17.6147014604425);
#1070=CYLINDRICAL_SURFACE('',#4358,20.6171200570194);
#1071=CYLINDRICAL_SURFACE('',#4359,0.25);
#1072=CYLINDRICAL_SURFACE('',#4360,0.25);
#1073=CYLINDRICAL_SURFACE('',#4361,0.25);
#1074=CYLINDRICAL_SURFACE('',#4369,20.6171200570194);
#1075=CYLINDRICAL_SURFACE('',#4398,2.61377797295367);
#1076=CYLINDRICAL_SURFACE('',#4401,1.50232745589211);
#1077=CYLINDRICAL_SURFACE('',#4408,2.61599999999993);
#1078=CYLINDRICAL_SURFACE('',#4411,3.96820214502012);
#1079=CYLINDRICAL_SURFACE('',#4431,17.6147014604425);
#1080=CYLINDRICAL_SURFACE('',#4438,20.6171200570194);
#1081=CYLINDRICAL_SURFACE('',#4439,0.25);
#1082=CYLINDRICAL_SURFACE('',#4440,0.25);
#1083=CYLINDRICAL_SURFACE('',#4441,0.25);
#1084=CYLINDRICAL_SURFACE('',#4445,20.6171200570194);
#1085=CYLINDRICAL_SURFACE('',#4464,20.6171200570194);
#1086=CYLINDRICAL_SURFACE('',#4477,2.63428738446709);
#1087=CYLINDRICAL_SURFACE('',#4478,0.25);
#1088=CYLINDRICAL_SURFACE('',#4479,0.25);
#1089=CYLINDRICAL_SURFACE('',#4480,0.25);
#1090=CYLINDRICAL_SURFACE('',#4541,20.6171200570194);
#1091=CYLINDRICAL_SURFACE('',#4575,20.6171200570194);
#1092=CYLINDRICAL_SURFACE('',#4578,2.63428738446709);
#1093=CYLINDRICAL_SURFACE('',#4580,1.5);
#1094=CYLINDRICAL_SURFACE('',#4581,0.25);
#1095=CYLINDRICAL_SURFACE('',#4582,0.25);
#1096=CYLINDRICAL_SURFACE('',#4583,0.25);
#1097=FACE_OUTER_BOUND('',#1304,.T.);
#1098=FACE_OUTER_BOUND('',#1305,.T.);
#1099=FACE_OUTER_BOUND('',#1306,.T.);
#1100=FACE_OUTER_BOUND('',#1307,.T.);
#1101=FACE_OUTER_BOUND('',#1308,.T.);
#1102=FACE_OUTER_BOUND('',#1309,.T.);
#1103=FACE_OUTER_BOUND('',#1310,.T.);
#1104=FACE_OUTER_BOUND('',#1311,.T.);
#1105=FACE_OUTER_BOUND('',#1312,.T.);
#1106=FACE_OUTER_BOUND('',#1313,.T.);
#1107=FACE_OUTER_BOUND('',#1314,.T.);
#1108=FACE_OUTER_BOUND('',#1315,.T.);
#1109=FACE_OUTER_BOUND('',#1316,.T.);
#1110=FACE_OUTER_BOUND('',#1317,.T.);
#1111=FACE_OUTER_BOUND('',#1318,.T.);
#1112=FACE_OUTER_BOUND('',#1319,.T.);
#1113=FACE_OUTER_BOUND('',#1320,.T.);
#1114=FACE_OUTER_BOUND('',#1321,.T.);
#1115=FACE_OUTER_BOUND('',#1322,.T.);
#1116=FACE_OUTER_BOUND('',#1323,.T.);
#1117=FACE_OUTER_BOUND('',#1324,.T.);
#1118=FACE_OUTER_BOUND('',#1325,.T.);
#1119=FACE_OUTER_BOUND('',#1326,.T.);
#1120=FACE_OUTER_BOUND('',#1327,.T.);
#1121=FACE_OUTER_BOUND('',#1328,.T.);
#1122=FACE_OUTER_BOUND('',#1329,.T.);
#1123=FACE_OUTER_BOUND('',#1330,.T.);
#1124=FACE_OUTER_BOUND('',#1331,.T.);
#1125=FACE_OUTER_BOUND('',#1332,.T.);
#1126=FACE_OUTER_BOUND('',#1333,.T.);
#1127=FACE_OUTER_BOUND('',#1334,.T.);
#1128=FACE_OUTER_BOUND('',#1335,.T.);
#1129=FACE_OUTER_BOUND('',#1336,.T.);
#1130=FACE_OUTER_BOUND('',#1337,.T.);
#1131=FACE_OUTER_BOUND('',#1338,.T.);
#1132=FACE_OUTER_BOUND('',#1339,.T.);
#1133=FACE_OUTER_BOUND('',#1340,.T.);
#1134=FACE_OUTER_BOUND('',#1341,.T.);
#1135=FACE_OUTER_BOUND('',#1342,.T.);
#1136=FACE_OUTER_BOUND('',#1343,.T.);
#1137=FACE_OUTER_BOUND('',#1344,.T.);
#1138=FACE_OUTER_BOUND('',#1345,.T.);
#1139=FACE_OUTER_BOUND('',#1346,.T.);
#1140=FACE_OUTER_BOUND('',#1347,.T.);
#1141=FACE_OUTER_BOUND('',#1348,.T.);
#1142=FACE_OUTER_BOUND('',#1349,.T.);
#1143=FACE_OUTER_BOUND('',#1350,.T.);
#1144=FACE_OUTER_BOUND('',#1351,.T.);
#1145=FACE_OUTER_BOUND('',#1352,.T.);
#1146=FACE_OUTER_BOUND('',#1353,.T.);
#1147=FACE_OUTER_BOUND('',#1354,.T.);
#1148=FACE_OUTER_BOUND('',#1355,.T.);
#1149=FACE_OUTER_BOUND('',#1356,.T.);
#1150=FACE_OUTER_BOUND('',#1357,.T.);
#1151=FACE_OUTER_BOUND('',#1358,.T.);
#1152=FACE_OUTER_BOUND('',#1359,.T.);
#1153=FACE_OUTER_BOUND('',#1360,.T.);
#1154=FACE_OUTER_BOUND('',#1361,.T.);
#1155=FACE_OUTER_BOUND('',#1362,.T.);
#1156=FACE_OUTER_BOUND('',#1363,.T.);
#1157=FACE_OUTER_BOUND('',#1364,.T.);
#1158=FACE_OUTER_BOUND('',#1365,.T.);
#1159=FACE_OUTER_BOUND('',#1366,.T.);
#1160=FACE_OUTER_BOUND('',#1367,.T.);
#1161=FACE_OUTER_BOUND('',#1368,.T.);
#1162=FACE_OUTER_BOUND('',#1369,.T.);
#1163=FACE_OUTER_BOUND('',#1370,.T.);
#1164=FACE_OUTER_BOUND('',#1371,.T.);
#1165=FACE_OUTER_BOUND('',#1372,.T.);
#1166=FACE_OUTER_BOUND('',#1373,.T.);
#1167=FACE_OUTER_BOUND('',#1374,.T.);
#1168=FACE_OUTER_BOUND('',#1375,.T.);
#1169=FACE_OUTER_BOUND('',#1376,.T.);
#1170=FACE_OUTER_BOUND('',#1377,.T.);
#1171=FACE_OUTER_BOUND('',#1378,.T.);
#1172=FACE_OUTER_BOUND('',#1379,.T.);
#1173=FACE_OUTER_BOUND('',#1380,.T.);
#1174=FACE_OUTER_BOUND('',#1381,.T.);
#1175=FACE_OUTER_BOUND('',#1382,.T.);
#1176=FACE_OUTER_BOUND('',#1383,.T.);
#1177=FACE_OUTER_BOUND('',#1384,.T.);
#1178=FACE_OUTER_BOUND('',#1385,.T.);
#1179=FACE_OUTER_BOUND('',#1386,.T.);
#1180=FACE_OUTER_BOUND('',#1387,.T.);
#1181=FACE_OUTER_BOUND('',#1400,.T.);
#1182=FACE_OUTER_BOUND('',#1401,.T.);
#1183=FACE_OUTER_BOUND('',#1402,.T.);
#1184=FACE_OUTER_BOUND('',#1403,.T.);
#1185=FACE_OUTER_BOUND('',#1404,.T.);
#1186=FACE_OUTER_BOUND('',#1405,.T.);
#1187=FACE_OUTER_BOUND('',#1406,.T.);
#1188=FACE_OUTER_BOUND('',#1407,.T.);
#1189=FACE_OUTER_BOUND('',#1408,.T.);
#1190=FACE_OUTER_BOUND('',#1409,.T.);
#1191=FACE_OUTER_BOUND('',#1410,.T.);
#1192=FACE_OUTER_BOUND('',#1413,.T.);
#1193=FACE_OUTER_BOUND('',#1414,.T.);
#1194=FACE_OUTER_BOUND('',#1415,.T.);
#1195=FACE_OUTER_BOUND('',#1416,.T.);
#1196=FACE_OUTER_BOUND('',#1417,.T.);
#1197=FACE_OUTER_BOUND('',#1418,.T.);
#1198=FACE_OUTER_BOUND('',#1419,.T.);
#1199=FACE_OUTER_BOUND('',#1420,.T.);
#1200=FACE_OUTER_BOUND('',#1421,.T.);
#1201=FACE_OUTER_BOUND('',#1422,.T.);
#1202=FACE_OUTER_BOUND('',#1423,.T.);
#1203=FACE_OUTER_BOUND('',#1424,.T.);
#1204=FACE_OUTER_BOUND('',#1425,.T.);
#1205=FACE_OUTER_BOUND('',#1426,.T.);
#1206=FACE_OUTER_BOUND('',#1427,.T.);
#1207=FACE_OUTER_BOUND('',#1428,.T.);
#1208=FACE_OUTER_BOUND('',#1429,.T.);
#1209=FACE_OUTER_BOUND('',#1430,.T.);
#1210=FACE_OUTER_BOUND('',#1431,.T.);
#1211=FACE_OUTER_BOUND('',#1432,.T.);
#1212=FACE_OUTER_BOUND('',#1433,.T.);
#1213=FACE_OUTER_BOUND('',#1434,.T.);
#1214=FACE_OUTER_BOUND('',#1435,.T.);
#1215=FACE_OUTER_BOUND('',#1436,.T.);
#1216=FACE_OUTER_BOUND('',#1437,.T.);
#1217=FACE_OUTER_BOUND('',#1438,.T.);
#1218=FACE_OUTER_BOUND('',#1439,.T.);
#1219=FACE_OUTER_BOUND('',#1440,.T.);
#1220=FACE_OUTER_BOUND('',#1441,.T.);
#1221=FACE_OUTER_BOUND('',#1442,.T.);
#1222=FACE_OUTER_BOUND('',#1443,.T.);
#1223=FACE_OUTER_BOUND('',#1444,.T.);
#1224=FACE_OUTER_BOUND('',#1447,.T.);
#1225=FACE_OUTER_BOUND('',#1448,.T.);
#1226=FACE_OUTER_BOUND('',#1449,.T.);
#1227=FACE_OUTER_BOUND('',#1450,.T.);
#1228=FACE_OUTER_BOUND('',#1451,.T.);
#1229=FACE_OUTER_BOUND('',#1452,.T.);
#1230=FACE_OUTER_BOUND('',#1453,.T.);
#1231=FACE_OUTER_BOUND('',#1454,.T.);
#1232=FACE_OUTER_BOUND('',#1455,.T.);
#1233=FACE_OUTER_BOUND('',#1456,.T.);
#1234=FACE_OUTER_BOUND('',#1457,.T.);
#1235=FACE_OUTER_BOUND('',#1458,.T.);
#1236=FACE_OUTER_BOUND('',#1459,.T.);
#1237=FACE_OUTER_BOUND('',#1460,.T.);
#1238=FACE_OUTER_BOUND('',#1463,.T.);
#1239=FACE_OUTER_BOUND('',#1464,.T.);
#1240=FACE_OUTER_BOUND('',#1465,.T.);
#1241=FACE_OUTER_BOUND('',#1466,.T.);
#1242=FACE_OUTER_BOUND('',#1467,.T.);
#1243=FACE_OUTER_BOUND('',#1468,.T.);
#1244=FACE_OUTER_BOUND('',#1469,.T.);
#1245=FACE_OUTER_BOUND('',#1470,.T.);
#1246=FACE_OUTER_BOUND('',#1471,.T.);
#1247=FACE_OUTER_BOUND('',#1472,.T.);
#1248=FACE_OUTER_BOUND('',#1473,.T.);
#1249=FACE_OUTER_BOUND('',#1474,.T.);
#1250=FACE_OUTER_BOUND('',#1475,.T.);
#1251=FACE_OUTER_BOUND('',#1476,.T.);
#1252=FACE_OUTER_BOUND('',#1477,.T.);
#1253=FACE_OUTER_BOUND('',#1478,.T.);
#1254=FACE_OUTER_BOUND('',#1479,.T.);
#1255=FACE_OUTER_BOUND('',#1480,.T.);
#1256=FACE_OUTER_BOUND('',#1481,.T.);
#1257=FACE_OUTER_BOUND('',#1482,.T.);
#1258=FACE_OUTER_BOUND('',#1483,.T.);
#1259=FACE_OUTER_BOUND('',#1486,.T.);
#1260=FACE_OUTER_BOUND('',#1487,.T.);
#1261=FACE_OUTER_BOUND('',#1488,.T.);
#1262=FACE_OUTER_BOUND('',#1489,.T.);
#1263=FACE_OUTER_BOUND('',#1490,.T.);
#1264=FACE_OUTER_BOUND('',#1491,.T.);
#1265=FACE_OUTER_BOUND('',#1492,.T.);
#1266=FACE_OUTER_BOUND('',#1493,.T.);
#1267=FACE_OUTER_BOUND('',#1494,.T.);
#1268=FACE_OUTER_BOUND('',#1495,.T.);
#1269=FACE_OUTER_BOUND('',#1496,.T.);
#1270=FACE_OUTER_BOUND('',#1497,.T.);
#1271=FACE_OUTER_BOUND('',#1498,.T.);
#1272=FACE_OUTER_BOUND('',#1499,.T.);
#1273=FACE_OUTER_BOUND('',#1500,.T.);
#1274=FACE_OUTER_BOUND('',#1501,.T.);
#1275=FACE_OUTER_BOUND('',#1502,.T.);
#1276=FACE_OUTER_BOUND('',#1503,.T.);
#1277=FACE_OUTER_BOUND('',#1504,.T.);
#1278=FACE_OUTER_BOUND('',#1505,.T.);
#1279=FACE_OUTER_BOUND('',#1510,.T.);
#1280=FACE_OUTER_BOUND('',#1511,.T.);
#1281=FACE_OUTER_BOUND('',#1512,.T.);
#1282=FACE_OUTER_BOUND('',#1513,.T.);
#1283=FACE_OUTER_BOUND('',#1514,.T.);
#1284=FACE_OUTER_BOUND('',#1515,.T.);
#1285=FACE_OUTER_BOUND('',#1516,.T.);
#1286=FACE_OUTER_BOUND('',#1519,.T.);
#1287=FACE_OUTER_BOUND('',#1520,.T.);
#1288=FACE_OUTER_BOUND('',#1521,.T.);
#1289=FACE_OUTER_BOUND('',#1522,.T.);
#1290=FACE_OUTER_BOUND('',#1523,.T.);
#1291=FACE_OUTER_BOUND('',#1524,.T.);
#1292=FACE_OUTER_BOUND('',#1525,.T.);
#1293=FACE_OUTER_BOUND('',#1526,.T.);
#1294=FACE_OUTER_BOUND('',#1527,.T.);
#1295=FACE_OUTER_BOUND('',#1528,.T.);
#1296=FACE_OUTER_BOUND('',#1529,.T.);
#1297=FACE_OUTER_BOUND('',#1530,.T.);
#1298=FACE_OUTER_BOUND('',#1531,.T.);
#1299=FACE_OUTER_BOUND('',#1532,.T.);
#1300=FACE_OUTER_BOUND('',#1533,.T.);
#1301=FACE_OUTER_BOUND('',#1536,.T.);
#1302=FACE_OUTER_BOUND('',#1537,.T.);
#1303=FACE_OUTER_BOUND('',#1538,.T.);
#1304=EDGE_LOOP('',(#1677,#1678,#1679,#1680));
#1305=EDGE_LOOP('',(#1681,#1682,#1683,#1684,#1685,#1686,#1687,#1688,#1689,
#1690,#1691,#1692,#1693,#1694,#1695,#1696,#1697,#1698,#1699,#1700,#1701,
#1702,#1703,#1704,#1705,#1706,#1707,#1708,#1709,#1710,#1711,#1712,#1713,
#1714,#1715,#1716,#1717,#1718,#1719,#1720,#1721,#1722,#1723,#1724,#1725,
#1726,#1727));
#1306=EDGE_LOOP('',(#1728,#1729,#1730,#1731,#1732,#1733));
#1307=EDGE_LOOP('',(#1734,#1735,#1736,#1737,#1738,#1739,#1740,#1741));
#1308=EDGE_LOOP('',(#1742,#1743,#1744,#1745,#1746,#1747));
#1309=EDGE_LOOP('',(#1748,#1749,#1750,#1751,#1752,#1753));
#1310=EDGE_LOOP('',(#1754,#1755,#1756,#1757,#1758,#1759,#1760,#1761));
#1311=EDGE_LOOP('',(#1762,#1763,#1764));
#1312=EDGE_LOOP('',(#1765,#1766,#1767,#1768));
#1313=EDGE_LOOP('',(#1769,#1770,#1771,#1772,#1773,#1774));
#1314=EDGE_LOOP('',(#1775,#1776,#1777,#1778));
#1315=EDGE_LOOP('',(#1779,#1780));
#1316=EDGE_LOOP('',(#1781,#1782));
#1317=EDGE_LOOP('',(#1783,#1784,#1785,#1786));
#1318=EDGE_LOOP('',(#1787,#1788,#1789,#1790));
#1319=EDGE_LOOP('',(#1791,#1792,#1793,#1794));
#1320=EDGE_LOOP('',(#1795,#1796,#1797,#1798,#1799));
#1321=EDGE_LOOP('',(#1800,#1801,#1802,#1803,#1804,#1805,#1806,#1807));
#1322=EDGE_LOOP('',(#1808,#1809,#1810,#1811));
#1323=EDGE_LOOP('',(#1812,#1813,#1814,#1815,#1816,#1817));
#1324=EDGE_LOOP('',(#1818,#1819,#1820,#1821,#1822,#1823));
#1325=EDGE_LOOP('',(#1824,#1825,#1826,#1827,#1828,#1829));
#1326=EDGE_LOOP('',(#1830,#1831,#1832,#1833));
#1327=EDGE_LOOP('',(#1834,#1835,#1836,#1837));
#1328=EDGE_LOOP('',(#1838,#1839,#1840,#1841));
#1329=EDGE_LOOP('',(#1842,#1843,#1844,#1845));
#1330=EDGE_LOOP('',(#1846,#1847,#1848,#1849));
#1331=EDGE_LOOP('',(#1850,#1851,#1852,#1853));
#1332=EDGE_LOOP('',(#1854,#1855,#1856,#1857));
#1333=EDGE_LOOP('',(#1858,#1859,#1860,#1861));
#1334=EDGE_LOOP('',(#1862,#1863,#1864,#1865));
#1335=EDGE_LOOP('',(#1866,#1867,#1868,#1869));
#1336=EDGE_LOOP('',(#1870,#1871,#1872,#1873));
#1337=EDGE_LOOP('',(#1874,#1875,#1876,#1877));
#1338=EDGE_LOOP('',(#1878,#1879,#1880,#1881,#1882));
#1339=EDGE_LOOP('',(#1883,#1884,#1885,#1886));
#1340=EDGE_LOOP('',(#1887,#1888,#1889,#1890));
#1341=EDGE_LOOP('',(#1891,#1892,#1893,#1894,#1895,#1896,#1897,#1898));
#1342=EDGE_LOOP('',(#1899,#1900,#1901,#1902));
#1343=EDGE_LOOP('',(#1903,#1904,#1905,#1906));
#1344=EDGE_LOOP('',(#1907,#1908,#1909,#1910));
#1345=EDGE_LOOP('',(#1911,#1912,#1913));
#1346=EDGE_LOOP('',(#1914,#1915,#1916));
#1347=EDGE_LOOP('',(#1917,#1918,#1919));
#1348=EDGE_LOOP('',(#1920,#1921,#1922));
#1349=EDGE_LOOP('',(#1923,#1924,#1925,#1926));
#1350=EDGE_LOOP('',(#1927,#1928,#1929,#1930,#1931,#1932,#1933,#1934,#1935,
#1936,#1937,#1938,#1939,#1940,#1941,#1942,#1943,#1944,#1945,#1946,#1947,
#1948,#1949,#1950,#1951,#1952,#1953,#1954,#1955,#1956,#1957,#1958,#1959,
#1960,#1961,#1962,#1963,#1964,#1965,#1966,#1967,#1968,#1969));
#1351=EDGE_LOOP('',(#1970,#1971,#1972,#1973,#1974,#1975));
#1352=EDGE_LOOP('',(#1976,#1977,#1978,#1979,#1980,#1981,#1982,#1983));
#1353=EDGE_LOOP('',(#1984,#1985,#1986,#1987,#1988,#1989));
#1354=EDGE_LOOP('',(#1990,#1991,#1992,#1993,#1994,#1995));
#1355=EDGE_LOOP('',(#1996,#1997,#1998,#1999,#2000,#2001,#2002,#2003));
#1356=EDGE_LOOP('',(#2004,#2005,#2006));
#1357=EDGE_LOOP('',(#2007,#2008,#2009,#2010));
#1358=EDGE_LOOP('',(#2011,#2012,#2013,#2014,#2015,#2016));
#1359=EDGE_LOOP('',(#2017,#2018,#2019,#2020));
#1360=EDGE_LOOP('',(#2021,#2022));
#1361=EDGE_LOOP('',(#2023,#2024));
#1362=EDGE_LOOP('',(#2025,#2026,#2027,#2028));
#1363=EDGE_LOOP('',(#2029,#2030,#2031,#2032,#2033));
#1364=EDGE_LOOP('',(#2034,#2035,#2036,#2037,#2038,#2039,#2040,#2041));
#1365=EDGE_LOOP('',(#2042,#2043,#2044,#2045));
#1366=EDGE_LOOP('',(#2046,#2047,#2048,#2049,#2050,#2051));
#1367=EDGE_LOOP('',(#2052,#2053,#2054,#2055,#2056,#2057));
#1368=EDGE_LOOP('',(#2058,#2059,#2060,#2061,#2062,#2063));
#1369=EDGE_LOOP('',(#2064,#2065,#2066,#2067));
#1370=EDGE_LOOP('',(#2068,#2069,#2070,#2071));
#1371=EDGE_LOOP('',(#2072,#2073,#2074,#2075));
#1372=EDGE_LOOP('',(#2076,#2077,#2078,#2079));
#1373=EDGE_LOOP('',(#2080,#2081,#2082,#2083));
#1374=EDGE_LOOP('',(#2084,#2085,#2086,#2087));
#1375=EDGE_LOOP('',(#2088,#2089,#2090,#2091));
#1376=EDGE_LOOP('',(#2092,#2093,#2094,#2095));
#1377=EDGE_LOOP('',(#2096,#2097,#2098,#2099));
#1378=EDGE_LOOP('',(#2100,#2101,#2102,#2103));
#1379=EDGE_LOOP('',(#2104,#2105,#2106,#2107));
#1380=EDGE_LOOP('',(#2108,#2109,#2110,#2111));
#1381=EDGE_LOOP('',(#2112,#2113,#2114,#2115,#2116));
#1382=EDGE_LOOP('',(#2117,#2118,#2119,#2120));
#1383=EDGE_LOOP('',(#2121,#2122,#2123,#2124));
#1384=EDGE_LOOP('',(#2125,#2126,#2127,#2128,#2129,#2130,#2131,#2132));
#1385=EDGE_LOOP('',(#2133,#2134,#2135,#2136));
#1386=EDGE_LOOP('',(#2137,#2138,#2139,#2140));
#1387=EDGE_LOOP('',(#2141,#2142,#2143,#2144));
#1388=EDGE_LOOP('',(#2145,#2146,#2147,#2148));
#1389=EDGE_LOOP('',(#2149,#2150,#2151,#2152));
#1390=EDGE_LOOP('',(#2153,#2154,#2155,#2156));
#1391=EDGE_LOOP('',(#2157,#2158,#2159,#2160,#2161,#2162,#2163,#2164,#2165,
#2166));
#1392=EDGE_LOOP('',(#2167,#2168,#2169,#2170));
#1393=EDGE_LOOP('',(#2171,#2172,#2173,#2174));
#1394=EDGE_LOOP('',(#2175,#2176,#2177,#2178,#2179,#2180));
#1395=EDGE_LOOP('',(#2181,#2182,#2183,#2184,#2185,#2186,#2187));
#1396=EDGE_LOOP('',(#2188,#2189,#2190,#2191,#2192,#2193,#2194,#2195,#2196));
#1397=EDGE_LOOP('',(#2197,#2198,#2199,#2200));
#1398=EDGE_LOOP('',(#2201,#2202,#2203,#2204,#2205,#2206,#2207,#2208));
#1399=EDGE_LOOP('',(#2209,#2210,#2211,#2212,#2213,#2214));
#1400=EDGE_LOOP('',(#2215,#2216,#2217,#2218));
#1401=EDGE_LOOP('',(#2219,#2220,#2221,#2222));
#1402=EDGE_LOOP('',(#2223,#2224,#2225,#2226));
#1403=EDGE_LOOP('',(#2227,#2228,#2229,#2230));
#1404=EDGE_LOOP('',(#2231,#2232,#2233,#2234,#2235,#2236,#2237,#2238));
#1405=EDGE_LOOP('',(#2239,#2240,#2241,#2242,#2243,#2244,#2245,#2246,#2247,
#2248));
#1406=EDGE_LOOP('',(#2249,#2250,#2251,#2252,#2253,#2254,#2255,#2256,#2257,
#2258,#2259,#2260,#2261,#2262,#2263,#2264,#2265,#2266));
#1407=EDGE_LOOP('',(#2267,#2268,#2269,#2270));
#1408=EDGE_LOOP('',(#2271,#2272));
#1409=EDGE_LOOP('',(#2273,#2274,#2275,#2276));
#1410=EDGE_LOOP('',(#2277,#2278,#2279,#2280));
#1411=EDGE_LOOP('',(#2281,#2282,#2283,#2284));
#1412=EDGE_LOOP('',(#2285,#2286,#2287,#2288,#2289,#2290,#2291,#2292,#2293));
#1413=EDGE_LOOP('',(#2294,#2295,#2296,#2297));
#1414=EDGE_LOOP('',(#2298,#2299,#2300));
#1415=EDGE_LOOP('',(#2301,#2302,#2303));
#1416=EDGE_LOOP('',(#2304,#2305,#2306));
#1417=EDGE_LOOP('',(#2307,#2308,#2309,#2310,#2311,#2312,#2313,#2314));
#1418=EDGE_LOOP('',(#2315,#2316,#2317,#2318));
#1419=EDGE_LOOP('',(#2319,#2320,#2321,#2322));
#1420=EDGE_LOOP('',(#2323,#2324,#2325,#2326));
#1421=EDGE_LOOP('',(#2327,#2328,#2329,#2330));
#1422=EDGE_LOOP('',(#2331,#2332,#2333,#2334));
#1423=EDGE_LOOP('',(#2335,#2336,#2337,#2338));
#1424=EDGE_LOOP('',(#2339,#2340,#2341,#2342));
#1425=EDGE_LOOP('',(#2343,#2344,#2345,#2346));
#1426=EDGE_LOOP('',(#2347,#2348,#2349,#2350));
#1427=EDGE_LOOP('',(#2351,#2352,#2353,#2354));
#1428=EDGE_LOOP('',(#2355,#2356,#2357,#2358));
#1429=EDGE_LOOP('',(#2359,#2360,#2361,#2362));
#1430=EDGE_LOOP('',(#2363,#2364,#2365,#2366));
#1431=EDGE_LOOP('',(#2367,#2368,#2369,#2370));
#1432=EDGE_LOOP('',(#2371,#2372,#2373,#2374));
#1433=EDGE_LOOP('',(#2375,#2376,#2377,#2378));
#1434=EDGE_LOOP('',(#2379,#2380,#2381,#2382));
#1435=EDGE_LOOP('',(#2383,#2384,#2385,#2386));
#1436=EDGE_LOOP('',(#2387,#2388,#2389,#2390,#2391,#2392,#2393,#2394,#2395,
#2396));
#1437=EDGE_LOOP('',(#2397,#2398,#2399,#2400));
#1438=EDGE_LOOP('',(#2401,#2402,#2403,#2404));
#1439=EDGE_LOOP('',(#2405,#2406,#2407,#2408));
#1440=EDGE_LOOP('',(#2409,#2410,#2411,#2412));
#1441=EDGE_LOOP('',(#2413,#2414,#2415,#2416));
#1442=EDGE_LOOP('',(#2417,#2418,#2419,#2420));
#1443=EDGE_LOOP('',(#2421,#2422,#2423,#2424));
#1444=EDGE_LOOP('',(#2425,#2426,#2427,#2428));
#1445=EDGE_LOOP('',(#2429,#2430,#2431,#2432,#2433,#2434));
#1446=EDGE_LOOP('',(#2435,#2436));
#1447=EDGE_LOOP('',(#2437,#2438,#2439,#2440));
#1448=EDGE_LOOP('',(#2441,#2442,#2443,#2444));
#1449=EDGE_LOOP('',(#2445,#2446,#2447,#2448));
#1450=EDGE_LOOP('',(#2449,#2450,#2451,#2452));
#1451=EDGE_LOOP('',(#2453,#2454,#2455,#2456));
#1452=EDGE_LOOP('',(#2457,#2458,#2459,#2460));
#1453=EDGE_LOOP('',(#2461,#2462,#2463,#2464));
#1454=EDGE_LOOP('',(#2465,#2466,#2467,#2468,#2469,#2470,#2471));
#1455=EDGE_LOOP('',(#2472,#2473,#2474,#2475));
#1456=EDGE_LOOP('',(#2476,#2477,#2478,#2479));
#1457=EDGE_LOOP('',(#2480,#2481,#2482,#2483));
#1458=EDGE_LOOP('',(#2484,#2485,#2486,#2487));
#1459=EDGE_LOOP('',(#2488,#2489,#2490,#2491));
#1460=EDGE_LOOP('',(#2492,#2493,#2494,#2495));
#1461=EDGE_LOOP('',(#2496,#2497,#2498,#2499));
#1462=EDGE_LOOP('',(#2500,#2501));
#1463=EDGE_LOOP('',(#2502,#2503,#2504,#2505));
#1464=EDGE_LOOP('',(#2506,#2507,#2508,#2509));
#1465=EDGE_LOOP('',(#2510,#2511,#2512,#2513));
#1466=EDGE_LOOP('',(#2514,#2515,#2516,#2517));
#1467=EDGE_LOOP('',(#2518,#2519,#2520,#2521));
#1468=EDGE_LOOP('',(#2522,#2523,#2524,#2525));
#1469=EDGE_LOOP('',(#2526,#2527,#2528,#2529));
#1470=EDGE_LOOP('',(#2530,#2531,#2532,#2533));
#1471=EDGE_LOOP('',(#2534,#2535,#2536,#2537));
#1472=EDGE_LOOP('',(#2538,#2539,#2540,#2541));
#1473=EDGE_LOOP('',(#2542,#2543,#2544,#2545));
#1474=EDGE_LOOP('',(#2546,#2547,#2548,#2549));
#1475=EDGE_LOOP('',(#2550,#2551,#2552,#2553));
#1476=EDGE_LOOP('',(#2554,#2555,#2556,#2557));
#1477=EDGE_LOOP('',(#2558,#2559,#2560,#2561));
#1478=EDGE_LOOP('',(#2562,#2563,#2564,#2565));
#1479=EDGE_LOOP('',(#2566,#2567,#2568,#2569));
#1480=EDGE_LOOP('',(#2570,#2571,#2572,#2573));
#1481=EDGE_LOOP('',(#2574,#2575,#2576,#2577));
#1482=EDGE_LOOP('',(#2578,#2579,#2580,#2581));
#1483=EDGE_LOOP('',(#2582,#2583,#2584,#2585));
#1484=EDGE_LOOP('',(#2586,#2587,#2588,#2589,#2590,#2591,#2592,#2593,#2594));
#1485=EDGE_LOOP('',(#2595,#2596));
#1486=EDGE_LOOP('',(#2597,#2598,#2599,#2600));
#1487=EDGE_LOOP('',(#2601,#2602,#2603,#2604));
#1488=EDGE_LOOP('',(#2605,#2606,#2607,#2608));
#1489=EDGE_LOOP('',(#2609,#2610,#2611,#2612));
#1490=EDGE_LOOP('',(#2613,#2614,#2615,#2616));
#1491=EDGE_LOOP('',(#2617,#2618,#2619,#2620));
#1492=EDGE_LOOP('',(#2621,#2622,#2623,#2624));
#1493=EDGE_LOOP('',(#2625,#2626,#2627,#2628));
#1494=EDGE_LOOP('',(#2629,#2630,#2631,#2632));
#1495=EDGE_LOOP('',(#2633,#2634,#2635,#2636));
#1496=EDGE_LOOP('',(#2637,#2638,#2639,#2640));
#1497=EDGE_LOOP('',(#2641,#2642,#2643,#2644));
#1498=EDGE_LOOP('',(#2645,#2646,#2647,#2648));
#1499=EDGE_LOOP('',(#2649,#2650,#2651,#2652,#2653,#2654,#2655,#2656));
#1500=EDGE_LOOP('',(#2657,#2658,#2659,#2660));
#1501=EDGE_LOOP('',(#2661,#2662,#2663,#2664));
#1502=EDGE_LOOP('',(#2665,#2666,#2667,#2668));
#1503=EDGE_LOOP('',(#2669,#2670,#2671,#2672));
#1504=EDGE_LOOP('',(#2673,#2674,#2675,#2676));
#1505=EDGE_LOOP('',(#2677,#2678,#2679,#2680));
#1506=EDGE_LOOP('',(#2681));
#1507=EDGE_LOOP('',(#2682));
#1508=EDGE_LOOP('',(#2683,#2684,#2685,#2686,#2687,#2688));
#1509=EDGE_LOOP('',(#2689));
#1510=EDGE_LOOP('',(#2690));
#1511=EDGE_LOOP('',(#2691,#2692));
#1512=EDGE_LOOP('',(#2693,#2694));
#1513=EDGE_LOOP('',(#2695,#2696));
#1514=EDGE_LOOP('',(#2697,#2698,#2699,#2700));
#1515=EDGE_LOOP('',(#2701,#2702,#2703,#2704));
#1516=EDGE_LOOP('',(#2705,#2706,#2707,#2708));
#1517=EDGE_LOOP('',(#2709));
#1518=EDGE_LOOP('',(#2710,#2711,#2712,#2713));
#1519=EDGE_LOOP('',(#2714,#2715,#2716,#2717,#2718,#2719,#2720,#2721));
#1520=EDGE_LOOP('',(#2722,#2723,#2724,#2725));
#1521=EDGE_LOOP('',(#2726,#2727,#2728,#2729));
#1522=EDGE_LOOP('',(#2730,#2731,#2732,#2733,#2734,#2735,#2736,#2737,#2738,
#2739,#2740,#2741,#2742,#2743,#2744,#2745,#2746,#2747));
#1523=EDGE_LOOP('',(#2748,#2749,#2750,#2751,#2752,#2753,#2754,#2755,#2756,
#2757,#2758,#2759,#2760,#2761,#2762,#2763,#2764));
#1524=EDGE_LOOP('',(#2765,#2766,#2767,#2768));
#1525=EDGE_LOOP('',(#2769,#2770,#2771,#2772));
#1526=EDGE_LOOP('',(#2773,#2774,#2775,#2776));
#1527=EDGE_LOOP('',(#2777,#2778,#2779,#2780));
#1528=EDGE_LOOP('',(#2781,#2782,#2783,#2784,#2785,#2786,#2787,#2788,#2789,
#2790));
#1529=EDGE_LOOP('',(#2791,#2792,#2793,#2794));
#1530=EDGE_LOOP('',(#2795,#2796,#2797));
#1531=EDGE_LOOP('',(#2798,#2799,#2800));
#1532=EDGE_LOOP('',(#2801,#2802,#2803));
#1533=EDGE_LOOP('',(#2804,#2805,#2806,#2807,#2808,#2809,#2810,#2811,#2812,
#2813));
#1534=EDGE_LOOP('',(#2814,#2815,#2816,#2817,#2818,#2819));
#1535=EDGE_LOOP('',(#2820));
#1536=EDGE_LOOP('',(#2821,#2822,#2823,#2824));
#1537=EDGE_LOOP('',(#2825,#2826,#2827,#2828));
#1538=EDGE_LOOP('',(#2829,#2830,#2831,#2832));
#1539=CIRCLE('',#4279,20.6171200570194);
#1540=CIRCLE('',#4280,20.6171200570194);
#1541=CIRCLE('',#4282,2.5);
#1542=CIRCLE('',#4283,77.11318394999);
#1543=CIRCLE('',#4284,23.0633670147392);
#1544=CIRCLE('',#4285,23.0633670147392);
#1545=CIRCLE('',#4286,23.0633670147392);
#1546=CIRCLE('',#4287,0.55);
#1547=CIRCLE('',#4288,0.55);
#1548=CIRCLE('',#4289,0.55);
#1549=CIRCLE('',#4290,0.55);
#1550=CIRCLE('',#4291,23.0633670147392);
#1551=CIRCLE('',#4292,23.0633670147392);
#1552=CIRCLE('',#4293,23.0633670147392);
#1553=CIRCLE('',#4294,77.11318394999);
#1554=CIRCLE('',#4295,2.5);
#1555=CIRCLE('',#4297,0.25);
#1556=CIRCLE('',#4298,0.25);
#1557=CIRCLE('',#4299,20.6171200570194);
#1558=CIRCLE('',#4300,0.25);
#1559=CIRCLE('',#4302,20.6171200570194);
#1560=CIRCLE('',#4303,18.0014762482299);
#1561=CIRCLE('',#4306,5.0084949118349);
#1562=CIRCLE('',#4307,2.616);
#1563=CIRCLE('',#4308,5.0084949118349);
#1564=CIRCLE('',#4309,2.61377797295367);
#1565=CIRCLE('',#4311,1.50232745589211);
#1566=CIRCLE('',#4313,2.61377797295367);
#1567=CIRCLE('',#4315,1.50232745589211);
#1568=CIRCLE('',#4316,1.50232745589211);
#1569=CIRCLE('',#4318,2.05232745589211);
#1570=CIRCLE('',#4319,2.06377797295367);
#1571=CIRCLE('',#4325,4.24288641852134);
#1572=CIRCLE('',#4326,3.96820214502012);
#1573=CIRCLE('',#4330,3.96820214502012);
#1574=CIRCLE('',#4334,6.50096024900558);
#1575=CIRCLE('',#4335,5.0084949118349);
#1576=CIRCLE('',#4337,10.8390950420164);
#1577=CIRCLE('',#4338,9.97612712302337);
#1578=CIRCLE('',#4340,11.1777620827283);
#1579=CIRCLE('',#4342,13.0982202000044);
#1580=CIRCLE('',#4343,13.0064280515746);
#1581=CIRCLE('',#4345,12.4076702234397);
#1582=CIRCLE('',#4347,17.5149968845363);
#1583=CIRCLE('',#4348,17.6147014604425);
#1584=CIRCLE('',#4350,17.6147014604426);
#1585=CIRCLE('',#4352,15.);
#1586=CIRCLE('',#4353,17.5);
#1587=CIRCLE('',#4356,5.04984193569704);
#1588=CIRCLE('',#4362,23.0633670147392);
#1589=CIRCLE('',#4364,5.04984193569704);
#1590=CIRCLE('',#4367,20.6171200570194);
#1591=CIRCLE('',#4368,20.6171200570194);
#1592=CIRCLE('',#4370,2.5);
#1593=CIRCLE('',#4371,2.5);
#1594=CIRCLE('',#4372,77.11318394999);
#1595=CIRCLE('',#4373,23.0633670147392);
#1596=CIRCLE('',#4374,23.0633670147392);
#1597=CIRCLE('',#4375,23.0633670147392);
#1598=CIRCLE('',#4376,23.0633670147392);
#1599=CIRCLE('',#4377,23.0633670147392);
#1600=CIRCLE('',#4378,23.0633670147392);
#1601=CIRCLE('',#4379,77.11318394999);
#1602=CIRCLE('',#4381,0.25);
#1603=CIRCLE('',#4382,20.6171200570194);
#1604=CIRCLE('',#4383,0.25);
#1605=CIRCLE('',#4384,0.25);
#1606=CIRCLE('',#4386,20.6171200570194);
#1607=CIRCLE('',#4387,18.0014762482299);
#1608=CIRCLE('',#4390,5.0084949118349);
#1609=CIRCLE('',#4391,2.61377797295367);
#1610=CIRCLE('',#4392,5.0084949118349);
#1611=CIRCLE('',#4393,2.616);
#1612=CIRCLE('',#4395,1.50232745589211);
#1613=CIRCLE('',#4397,2.61377797295367);
#1614=CIRCLE('',#4399,1.50232745589211);
#1615=CIRCLE('',#4400,1.50232745589211);
#1616=CIRCLE('',#4405,3.96820214502012);
#1617=CIRCLE('',#4406,4.24288641852134);
#1618=CIRCLE('',#4410,3.96820214502012);
#1619=CIRCLE('',#4414,6.50096024900558);
#1620=CIRCLE('',#4415,5.0084949118349);
#1621=CIRCLE('',#4417,10.8390950420164);
#1622=CIRCLE('',#4418,9.97612712302337);
#1623=CIRCLE('',#4420,11.1777620827283);
#1624=CIRCLE('',#4422,13.0982202000044);
#1625=CIRCLE('',#4423,13.0064280515746);
#1626=CIRCLE('',#4425,12.4076702234397);
#1627=CIRCLE('',#4427,17.6147014604425);
#1628=CIRCLE('',#4428,17.5149968845363);
#1629=CIRCLE('',#4430,17.6147014604426);
#1630=CIRCLE('',#4432,15.);
#1631=CIRCLE('',#4433,17.5);
#1632=CIRCLE('',#4436,5.04984193569704);
#1633=CIRCLE('',#4443,20.6171200570194);
#1634=CIRCLE('',#4444,20.6171200570194);
#1635=CIRCLE('',#4449,2.5);
#1636=CIRCLE('',#4450,19.9149573381208);
#1637=CIRCLE('',#4451,2.5);
#1638=CIRCLE('',#4452,20.6171200570194);
#1639=CIRCLE('',#4454,0.25);
#1640=CIRCLE('',#4455,0.25);
#1641=CIRCLE('',#4456,20.6171200570194);
#1642=CIRCLE('',#4457,0.25);
#1643=CIRCLE('',#4459,77.1131839499913);
#1644=CIRCLE('',#4460,25.8603087862362);
#1645=CIRCLE('',#4461,25.8603087862362);
#1646=CIRCLE('',#4462,77.1131839499913);
#1647=CIRCLE('',#4465,1.99308016758807);
#1648=CIRCLE('',#4467,19.5);
#1649=CIRCLE('',#4469,17.);
#1650=CIRCLE('',#4470,2.04957246599025);
#1651=CIRCLE('',#4471,2.63428738446709);
#1652=CIRCLE('',#4472,3.96820214502013);
#1653=CIRCLE('',#4539,20.6171200570194);
#1654=CIRCLE('',#4540,20.6171200570194);
#1655=CIRCLE('',#4542,2.04957246599025);
#1656=CIRCLE('',#4543,1.99308016758807);
#1657=CIRCLE('',#4545,1.5);
#1658=CIRCLE('',#4546,1.99308016758807);
#1659=CIRCLE('',#4548,1.5);
#1660=CIRCLE('',#4550,2.5);
#1661=CIRCLE('',#4551,20.6171200570194);
#1662=CIRCLE('',#4552,2.5);
#1663=CIRCLE('',#4553,19.9149573381208);
#1664=CIRCLE('',#4555,19.5);
#1665=CIRCLE('',#4557,77.1131839499913);
#1666=CIRCLE('',#4558,17.);
#1667=CIRCLE('',#4559,77.1131839499913);
#1668=CIRCLE('',#4560,25.8603087862362);
#1669=CIRCLE('',#4561,25.8603087862362);
#1670=CIRCLE('',#4563,2.63428738446709);
#1671=CIRCLE('',#4564,3.96820214502013);
#1672=CIRCLE('',#4565,2.04957246599025);
#1673=CIRCLE('',#4570,20.6171200570194);
#1674=CIRCLE('',#4571,0.25);
#1675=CIRCLE('',#4572,0.25);
#1676=CIRCLE('',#4573,0.25);
#1677=ORIENTED_EDGE('',*,*,#3222,.F.);
#1678=ORIENTED_EDGE('',*,*,#3223,.F.);
#1679=ORIENTED_EDGE('',*,*,#3224,.F.);
#1680=ORIENTED_EDGE('',*,*,#3225,.F.);
#1681=ORIENTED_EDGE('',*,*,#3226,.F.);
#1682=ORIENTED_EDGE('',*,*,#3227,.T.);
#1683=ORIENTED_EDGE('',*,*,#3228,.T.);
#1684=ORIENTED_EDGE('',*,*,#3229,.T.);
#1685=ORIENTED_EDGE('',*,*,#3230,.F.);
#1686=ORIENTED_EDGE('',*,*,#3231,.T.);
#1687=ORIENTED_EDGE('',*,*,#3232,.T.);
#1688=ORIENTED_EDGE('',*,*,#3233,.T.);
#1689=ORIENTED_EDGE('',*,*,#3234,.T.);
#1690=ORIENTED_EDGE('',*,*,#3235,.F.);
#1691=ORIENTED_EDGE('',*,*,#3236,.F.);
#1692=ORIENTED_EDGE('',*,*,#3237,.T.);
#1693=ORIENTED_EDGE('',*,*,#3238,.F.);
#1694=ORIENTED_EDGE('',*,*,#3239,.F.);
#1695=ORIENTED_EDGE('',*,*,#3240,.T.);
#1696=ORIENTED_EDGE('',*,*,#3241,.F.);
#1697=ORIENTED_EDGE('',*,*,#3242,.F.);
#1698=ORIENTED_EDGE('',*,*,#3243,.F.);
#1699=ORIENTED_EDGE('',*,*,#3244,.F.);
#1700=ORIENTED_EDGE('',*,*,#3245,.T.);
#1701=ORIENTED_EDGE('',*,*,#3246,.F.);
#1702=ORIENTED_EDGE('',*,*,#3247,.F.);
#1703=ORIENTED_EDGE('',*,*,#3248,.T.);
#1704=ORIENTED_EDGE('',*,*,#3249,.F.);
#1705=ORIENTED_EDGE('',*,*,#3250,.T.);
#1706=ORIENTED_EDGE('',*,*,#3251,.F.);
#1707=ORIENTED_EDGE('',*,*,#3252,.F.);
#1708=ORIENTED_EDGE('',*,*,#3253,.F.);
#1709=ORIENTED_EDGE('',*,*,#3254,.T.);
#1710=ORIENTED_EDGE('',*,*,#3255,.F.);
#1711=ORIENTED_EDGE('',*,*,#3256,.F.);
#1712=ORIENTED_EDGE('',*,*,#3257,.F.);
#1713=ORIENTED_EDGE('',*,*,#3258,.F.);
#1714=ORIENTED_EDGE('',*,*,#3259,.T.);
#1715=ORIENTED_EDGE('',*,*,#3260,.F.);
#1716=ORIENTED_EDGE('',*,*,#3261,.F.);
#1717=ORIENTED_EDGE('',*,*,#3262,.T.);
#1718=ORIENTED_EDGE('',*,*,#3263,.F.);
#1719=ORIENTED_EDGE('',*,*,#3264,.F.);
#1720=ORIENTED_EDGE('',*,*,#3265,.T.);
#1721=ORIENTED_EDGE('',*,*,#3266,.T.);
#1722=ORIENTED_EDGE('',*,*,#3267,.T.);
#1723=ORIENTED_EDGE('',*,*,#3268,.T.);
#1724=ORIENTED_EDGE('',*,*,#3269,.F.);
#1725=ORIENTED_EDGE('',*,*,#3270,.T.);
#1726=ORIENTED_EDGE('',*,*,#3271,.T.);
#1727=ORIENTED_EDGE('',*,*,#3272,.T.);
#1728=ORIENTED_EDGE('',*,*,#3223,.T.);
#1729=ORIENTED_EDGE('',*,*,#3273,.T.);
#1730=ORIENTED_EDGE('',*,*,#3226,.T.);
#1731=ORIENTED_EDGE('',*,*,#3274,.T.);
#1732=ORIENTED_EDGE('',*,*,#3275,.T.);
#1733=ORIENTED_EDGE('',*,*,#3276,.T.);
#1734=ORIENTED_EDGE('',*,*,#3228,.F.);
#1735=ORIENTED_EDGE('',*,*,#3277,.T.);
#1736=ORIENTED_EDGE('',*,*,#3225,.T.);
#1737=ORIENTED_EDGE('',*,*,#3278,.T.);
#1738=ORIENTED_EDGE('',*,*,#3279,.T.);
#1739=ORIENTED_EDGE('',*,*,#3280,.T.);
#1740=ORIENTED_EDGE('',*,*,#3271,.F.);
#1741=ORIENTED_EDGE('',*,*,#3281,.T.);
#1742=ORIENTED_EDGE('',*,*,#3282,.T.);
#1743=ORIENTED_EDGE('',*,*,#3283,.F.);
#1744=ORIENTED_EDGE('',*,*,#3284,.F.);
#1745=ORIENTED_EDGE('',*,*,#3285,.F.);
#1746=ORIENTED_EDGE('',*,*,#3286,.F.);
#1747=ORIENTED_EDGE('',*,*,#3287,.F.);
#1748=ORIENTED_EDGE('',*,*,#3248,.F.);
#1749=ORIENTED_EDGE('',*,*,#3288,.T.);
#1750=ORIENTED_EDGE('',*,*,#3289,.T.);
#1751=ORIENTED_EDGE('',*,*,#3290,.T.);
#1752=ORIENTED_EDGE('',*,*,#3250,.F.);
#1753=ORIENTED_EDGE('',*,*,#3291,.T.);
#1754=ORIENTED_EDGE('',*,*,#3292,.F.);
#1755=ORIENTED_EDGE('',*,*,#3293,.T.);
#1756=ORIENTED_EDGE('',*,*,#3294,.T.);
#1757=ORIENTED_EDGE('',*,*,#3284,.T.);
#1758=ORIENTED_EDGE('',*,*,#3295,.F.);
#1759=ORIENTED_EDGE('',*,*,#3257,.T.);
#1760=ORIENTED_EDGE('',*,*,#3296,.T.);
#1761=ORIENTED_EDGE('',*,*,#3242,.T.);
#1762=ORIENTED_EDGE('',*,*,#3251,.T.);
#1763=ORIENTED_EDGE('',*,*,#3290,.F.);
#1764=ORIENTED_EDGE('',*,*,#3297,.T.);
#1765=ORIENTED_EDGE('',*,*,#3243,.T.);
#1766=ORIENTED_EDGE('',*,*,#3296,.F.);
#1767=ORIENTED_EDGE('',*,*,#3256,.T.);
#1768=ORIENTED_EDGE('',*,*,#3298,.T.);
#1769=ORIENTED_EDGE('',*,*,#3252,.T.);
#1770=ORIENTED_EDGE('',*,*,#3297,.F.);
#1771=ORIENTED_EDGE('',*,*,#3289,.F.);
#1772=ORIENTED_EDGE('',*,*,#3299,.T.);
#1773=ORIENTED_EDGE('',*,*,#3247,.T.);
#1774=ORIENTED_EDGE('',*,*,#3300,.T.);
#1775=ORIENTED_EDGE('',*,*,#3254,.F.);
#1776=ORIENTED_EDGE('',*,*,#3301,.T.);
#1777=ORIENTED_EDGE('',*,*,#3245,.F.);
#1778=ORIENTED_EDGE('',*,*,#3302,.T.);
#1779=ORIENTED_EDGE('',*,*,#3288,.F.);
#1780=ORIENTED_EDGE('',*,*,#3299,.F.);
#1781=ORIENTED_EDGE('',*,*,#3291,.F.);
#1782=ORIENTED_EDGE('',*,*,#3249,.T.);
#1783=ORIENTED_EDGE('',*,*,#3255,.T.);
#1784=ORIENTED_EDGE('',*,*,#3302,.F.);
#1785=ORIENTED_EDGE('',*,*,#3244,.T.);
#1786=ORIENTED_EDGE('',*,*,#3298,.F.);
#1787=ORIENTED_EDGE('',*,*,#3246,.T.);
#1788=ORIENTED_EDGE('',*,*,#3301,.F.);
#1789=ORIENTED_EDGE('',*,*,#3253,.T.);
#1790=ORIENTED_EDGE('',*,*,#3300,.F.);
#1791=ORIENTED_EDGE('',*,*,#3303,.F.);
#1792=ORIENTED_EDGE('',*,*,#3304,.F.);
#1793=ORIENTED_EDGE('',*,*,#3305,.F.);
#1794=ORIENTED_EDGE('',*,*,#3306,.F.);
#1795=ORIENTED_EDGE('',*,*,#3307,.T.);
#1796=ORIENTED_EDGE('',*,*,#3285,.T.);
#1797=ORIENTED_EDGE('',*,*,#3294,.F.);
#1798=ORIENTED_EDGE('',*,*,#3308,.T.);
#1799=ORIENTED_EDGE('',*,*,#3309,.F.);
#1800=ORIENTED_EDGE('',*,*,#3310,.F.);
#1801=ORIENTED_EDGE('',*,*,#3308,.F.);
#1802=ORIENTED_EDGE('',*,*,#3293,.F.);
#1803=ORIENTED_EDGE('',*,*,#3311,.F.);
#1804=ORIENTED_EDGE('',*,*,#3312,.T.);
#1805=ORIENTED_EDGE('',*,*,#3303,.T.);
#1806=ORIENTED_EDGE('',*,*,#3313,.T.);
#1807=ORIENTED_EDGE('',*,*,#3314,.F.);
#1808=ORIENTED_EDGE('',*,*,#3315,.T.);
#1809=ORIENTED_EDGE('',*,*,#3316,.F.);
#1810=ORIENTED_EDGE('',*,*,#3313,.F.);
#1811=ORIENTED_EDGE('',*,*,#3306,.T.);
#1812=ORIENTED_EDGE('',*,*,#3315,.F.);
#1813=ORIENTED_EDGE('',*,*,#3305,.T.);
#1814=ORIENTED_EDGE('',*,*,#3317,.F.);
#1815=ORIENTED_EDGE('',*,*,#3287,.T.);
#1816=ORIENTED_EDGE('',*,*,#3318,.T.);
#1817=ORIENTED_EDGE('',*,*,#3319,.F.);
#1818=ORIENTED_EDGE('',*,*,#3318,.F.);
#1819=ORIENTED_EDGE('',*,*,#3286,.T.);
#1820=ORIENTED_EDGE('',*,*,#3307,.F.);
#1821=ORIENTED_EDGE('',*,*,#3320,.F.);
#1822=ORIENTED_EDGE('',*,*,#3321,.F.);
#1823=ORIENTED_EDGE('',*,*,#3322,.F.);
#1824=ORIENTED_EDGE('',*,*,#3323,.F.);
#1825=ORIENTED_EDGE('',*,*,#3258,.T.);
#1826=ORIENTED_EDGE('',*,*,#3295,.T.);
#1827=ORIENTED_EDGE('',*,*,#3324,.T.);
#1828=ORIENTED_EDGE('',*,*,#3292,.T.);
#1829=ORIENTED_EDGE('',*,*,#3241,.T.);
#1830=ORIENTED_EDGE('',*,*,#3325,.T.);
#1831=ORIENTED_EDGE('',*,*,#3260,.T.);
#1832=ORIENTED_EDGE('',*,*,#3326,.T.);
#1833=ORIENTED_EDGE('',*,*,#3239,.T.);
#1834=ORIENTED_EDGE('',*,*,#3327,.F.);
#1835=ORIENTED_EDGE('',*,*,#3261,.T.);
#1836=ORIENTED_EDGE('',*,*,#3325,.F.);
#1837=ORIENTED_EDGE('',*,*,#3238,.T.);
#1838=ORIENTED_EDGE('',*,*,#3328,.F.);
#1839=ORIENTED_EDGE('',*,*,#3264,.T.);
#1840=ORIENTED_EDGE('',*,*,#3329,.F.);
#1841=ORIENTED_EDGE('',*,*,#3235,.T.);
#1842=ORIENTED_EDGE('',*,*,#3329,.T.);
#1843=ORIENTED_EDGE('',*,*,#3263,.T.);
#1844=ORIENTED_EDGE('',*,*,#3330,.T.);
#1845=ORIENTED_EDGE('',*,*,#3236,.T.);
#1846=ORIENTED_EDGE('',*,*,#3268,.F.);
#1847=ORIENTED_EDGE('',*,*,#3331,.T.);
#1848=ORIENTED_EDGE('',*,*,#3231,.F.);
#1849=ORIENTED_EDGE('',*,*,#3332,.T.);
#1850=ORIENTED_EDGE('',*,*,#3333,.F.);
#1851=ORIENTED_EDGE('',*,*,#3269,.T.);
#1852=ORIENTED_EDGE('',*,*,#3332,.F.);
#1853=ORIENTED_EDGE('',*,*,#3230,.T.);
#1854=ORIENTED_EDGE('',*,*,#3334,.T.);
#1855=ORIENTED_EDGE('',*,*,#3233,.F.);
#1856=ORIENTED_EDGE('',*,*,#3335,.F.);
#1857=ORIENTED_EDGE('',*,*,#3266,.F.);
#1858=ORIENTED_EDGE('',*,*,#3331,.F.);
#1859=ORIENTED_EDGE('',*,*,#3267,.F.);
#1860=ORIENTED_EDGE('',*,*,#3335,.T.);
#1861=ORIENTED_EDGE('',*,*,#3232,.F.);
#1862=ORIENTED_EDGE('',*,*,#3333,.T.);
#1863=ORIENTED_EDGE('',*,*,#3229,.F.);
#1864=ORIENTED_EDGE('',*,*,#3281,.F.);
#1865=ORIENTED_EDGE('',*,*,#3270,.F.);
#1866=ORIENTED_EDGE('',*,*,#3323,.T.);
#1867=ORIENTED_EDGE('',*,*,#3240,.F.);
#1868=ORIENTED_EDGE('',*,*,#3326,.F.);
#1869=ORIENTED_EDGE('',*,*,#3259,.F.);
#1870=ORIENTED_EDGE('',*,*,#3237,.F.);
#1871=ORIENTED_EDGE('',*,*,#3330,.F.);
#1872=ORIENTED_EDGE('',*,*,#3262,.F.);
#1873=ORIENTED_EDGE('',*,*,#3327,.T.);
#1874=ORIENTED_EDGE('',*,*,#3234,.F.);
#1875=ORIENTED_EDGE('',*,*,#3334,.F.);
#1876=ORIENTED_EDGE('',*,*,#3265,.F.);
#1877=ORIENTED_EDGE('',*,*,#3328,.T.);
#1878=ORIENTED_EDGE('',*,*,#3312,.F.);
#1879=ORIENTED_EDGE('',*,*,#3336,.F.);
#1880=ORIENTED_EDGE('',*,*,#3282,.F.);
#1881=ORIENTED_EDGE('',*,*,#3317,.T.);
#1882=ORIENTED_EDGE('',*,*,#3304,.T.);
#1883=ORIENTED_EDGE('',*,*,#3336,.T.);
#1884=ORIENTED_EDGE('',*,*,#3311,.T.);
#1885=ORIENTED_EDGE('',*,*,#3324,.F.);
#1886=ORIENTED_EDGE('',*,*,#3283,.T.);
#1887=ORIENTED_EDGE('',*,*,#3337,.F.);
#1888=ORIENTED_EDGE('',*,*,#3275,.F.);
#1889=ORIENTED_EDGE('',*,*,#3338,.F.);
#1890=ORIENTED_EDGE('',*,*,#3279,.F.);
#1891=ORIENTED_EDGE('',*,*,#3320,.T.);
#1892=ORIENTED_EDGE('',*,*,#3309,.T.);
#1893=ORIENTED_EDGE('',*,*,#3310,.T.);
#1894=ORIENTED_EDGE('',*,*,#3314,.T.);
#1895=ORIENTED_EDGE('',*,*,#3316,.T.);
#1896=ORIENTED_EDGE('',*,*,#3319,.T.);
#1897=ORIENTED_EDGE('',*,*,#3322,.T.);
#1898=ORIENTED_EDGE('',*,*,#3321,.T.);
#1899=ORIENTED_EDGE('',*,*,#3280,.F.);
#1900=ORIENTED_EDGE('',*,*,#3338,.T.);
#1901=ORIENTED_EDGE('',*,*,#3274,.F.);
#1902=ORIENTED_EDGE('',*,*,#3272,.F.);
#1903=ORIENTED_EDGE('',*,*,#3224,.T.);
#1904=ORIENTED_EDGE('',*,*,#3276,.F.);
#1905=ORIENTED_EDGE('',*,*,#3337,.T.);
#1906=ORIENTED_EDGE('',*,*,#3278,.F.);
#1907=ORIENTED_EDGE('',*,*,#3222,.T.);
#1908=ORIENTED_EDGE('',*,*,#3277,.F.);
#1909=ORIENTED_EDGE('',*,*,#3227,.F.);
#1910=ORIENTED_EDGE('',*,*,#3273,.F.);
#1911=ORIENTED_EDGE('',*,*,#3339,.T.);
#1912=ORIENTED_EDGE('',*,*,#3340,.T.);
#1913=ORIENTED_EDGE('',*,*,#3341,.F.);
#1914=ORIENTED_EDGE('',*,*,#3342,.F.);
#1915=ORIENTED_EDGE('',*,*,#3339,.F.);
#1916=ORIENTED_EDGE('',*,*,#3343,.T.);
#1917=ORIENTED_EDGE('',*,*,#3340,.F.);
#1918=ORIENTED_EDGE('',*,*,#3342,.T.);
#1919=ORIENTED_EDGE('',*,*,#3344,.T.);
#1920=ORIENTED_EDGE('',*,*,#3343,.F.);
#1921=ORIENTED_EDGE('',*,*,#3341,.T.);
#1922=ORIENTED_EDGE('',*,*,#3344,.F.);
#1923=ORIENTED_EDGE('',*,*,#3345,.F.);
#1924=ORIENTED_EDGE('',*,*,#3346,.F.);
#1925=ORIENTED_EDGE('',*,*,#3347,.F.);
#1926=ORIENTED_EDGE('',*,*,#3348,.F.);
#1927=ORIENTED_EDGE('',*,*,#3349,.T.);
#1928=ORIENTED_EDGE('',*,*,#3350,.T.);
#1929=ORIENTED_EDGE('',*,*,#3351,.F.);
#1930=ORIENTED_EDGE('',*,*,#3352,.T.);
#1931=ORIENTED_EDGE('',*,*,#3353,.T.);
#1932=ORIENTED_EDGE('',*,*,#3354,.T.);
#1933=ORIENTED_EDGE('',*,*,#3355,.F.);
#1934=ORIENTED_EDGE('',*,*,#3356,.T.);
#1935=ORIENTED_EDGE('',*,*,#3357,.T.);
#1936=ORIENTED_EDGE('',*,*,#3358,.T.);
#1937=ORIENTED_EDGE('',*,*,#3359,.T.);
#1938=ORIENTED_EDGE('',*,*,#3360,.F.);
#1939=ORIENTED_EDGE('',*,*,#3361,.F.);
#1940=ORIENTED_EDGE('',*,*,#3362,.T.);
#1941=ORIENTED_EDGE('',*,*,#3363,.F.);
#1942=ORIENTED_EDGE('',*,*,#3364,.F.);
#1943=ORIENTED_EDGE('',*,*,#3365,.T.);
#1944=ORIENTED_EDGE('',*,*,#3366,.F.);
#1945=ORIENTED_EDGE('',*,*,#3367,.F.);
#1946=ORIENTED_EDGE('',*,*,#3368,.F.);
#1947=ORIENTED_EDGE('',*,*,#3369,.T.);
#1948=ORIENTED_EDGE('',*,*,#3370,.F.);
#1949=ORIENTED_EDGE('',*,*,#3371,.F.);
#1950=ORIENTED_EDGE('',*,*,#3372,.T.);
#1951=ORIENTED_EDGE('',*,*,#3373,.F.);
#1952=ORIENTED_EDGE('',*,*,#3374,.T.);
#1953=ORIENTED_EDGE('',*,*,#3375,.F.);
#1954=ORIENTED_EDGE('',*,*,#3376,.T.);
#1955=ORIENTED_EDGE('',*,*,#3377,.F.);
#1956=ORIENTED_EDGE('',*,*,#3378,.F.);
#1957=ORIENTED_EDGE('',*,*,#3379,.F.);
#1958=ORIENTED_EDGE('',*,*,#3380,.T.);
#1959=ORIENTED_EDGE('',*,*,#3381,.F.);
#1960=ORIENTED_EDGE('',*,*,#3382,.F.);
#1961=ORIENTED_EDGE('',*,*,#3383,.T.);
#1962=ORIENTED_EDGE('',*,*,#3384,.F.);
#1963=ORIENTED_EDGE('',*,*,#3385,.F.);
#1964=ORIENTED_EDGE('',*,*,#3386,.T.);
#1965=ORIENTED_EDGE('',*,*,#3387,.T.);
#1966=ORIENTED_EDGE('',*,*,#3388,.T.);
#1967=ORIENTED_EDGE('',*,*,#3389,.T.);
#1968=ORIENTED_EDGE('',*,*,#3390,.F.);
#1969=ORIENTED_EDGE('',*,*,#3391,.T.);
#1970=ORIENTED_EDGE('',*,*,#3351,.T.);
#1971=ORIENTED_EDGE('',*,*,#3392,.T.);
#1972=ORIENTED_EDGE('',*,*,#3393,.T.);
#1973=ORIENTED_EDGE('',*,*,#3394,.T.);
#1974=ORIENTED_EDGE('',*,*,#3348,.T.);
#1975=ORIENTED_EDGE('',*,*,#3395,.T.);
#1976=ORIENTED_EDGE('',*,*,#3396,.T.);
#1977=ORIENTED_EDGE('',*,*,#3397,.T.);
#1978=ORIENTED_EDGE('',*,*,#3349,.F.);
#1979=ORIENTED_EDGE('',*,*,#3398,.T.);
#1980=ORIENTED_EDGE('',*,*,#3353,.F.);
#1981=ORIENTED_EDGE('',*,*,#3399,.T.);
#1982=ORIENTED_EDGE('',*,*,#3346,.T.);
#1983=ORIENTED_EDGE('',*,*,#3400,.T.);
#1984=ORIENTED_EDGE('',*,*,#3401,.T.);
#1985=ORIENTED_EDGE('',*,*,#3402,.F.);
#1986=ORIENTED_EDGE('',*,*,#3403,.T.);
#1987=ORIENTED_EDGE('',*,*,#3404,.F.);
#1988=ORIENTED_EDGE('',*,*,#3405,.F.);
#1989=ORIENTED_EDGE('',*,*,#3406,.F.);
#1990=ORIENTED_EDGE('',*,*,#3374,.F.);
#1991=ORIENTED_EDGE('',*,*,#3407,.T.);
#1992=ORIENTED_EDGE('',*,*,#3372,.F.);
#1993=ORIENTED_EDGE('',*,*,#3408,.T.);
#1994=ORIENTED_EDGE('',*,*,#3409,.T.);
#1995=ORIENTED_EDGE('',*,*,#3410,.T.);
#1996=ORIENTED_EDGE('',*,*,#3411,.F.);
#1997=ORIENTED_EDGE('',*,*,#3378,.T.);
#1998=ORIENTED_EDGE('',*,*,#3412,.T.);
#1999=ORIENTED_EDGE('',*,*,#3367,.T.);
#2000=ORIENTED_EDGE('',*,*,#3413,.F.);
#2001=ORIENTED_EDGE('',*,*,#3405,.T.);
#2002=ORIENTED_EDGE('',*,*,#3414,.T.);
#2003=ORIENTED_EDGE('',*,*,#3415,.T.);
#2004=ORIENTED_EDGE('',*,*,#3371,.T.);
#2005=ORIENTED_EDGE('',*,*,#3416,.T.);
#2006=ORIENTED_EDGE('',*,*,#3408,.F.);
#2007=ORIENTED_EDGE('',*,*,#3377,.T.);
#2008=ORIENTED_EDGE('',*,*,#3417,.F.);
#2009=ORIENTED_EDGE('',*,*,#3368,.T.);
#2010=ORIENTED_EDGE('',*,*,#3412,.F.);
#2011=ORIENTED_EDGE('',*,*,#3370,.T.);
#2012=ORIENTED_EDGE('',*,*,#3418,.F.);
#2013=ORIENTED_EDGE('',*,*,#3375,.T.);
#2014=ORIENTED_EDGE('',*,*,#3419,.T.);
#2015=ORIENTED_EDGE('',*,*,#3409,.F.);
#2016=ORIENTED_EDGE('',*,*,#3416,.F.);
#2017=ORIENTED_EDGE('',*,*,#3369,.F.);
#2018=ORIENTED_EDGE('',*,*,#3417,.T.);
#2019=ORIENTED_EDGE('',*,*,#3376,.F.);
#2020=ORIENTED_EDGE('',*,*,#3418,.T.);
#2021=ORIENTED_EDGE('',*,*,#3410,.F.);
#2022=ORIENTED_EDGE('',*,*,#3419,.F.);
#2023=ORIENTED_EDGE('',*,*,#3407,.F.);
#2024=ORIENTED_EDGE('',*,*,#3373,.T.);
#2025=ORIENTED_EDGE('',*,*,#3420,.F.);
#2026=ORIENTED_EDGE('',*,*,#3421,.F.);
#2027=ORIENTED_EDGE('',*,*,#3422,.F.);
#2028=ORIENTED_EDGE('',*,*,#3423,.F.);
#2029=ORIENTED_EDGE('',*,*,#3424,.T.);
#2030=ORIENTED_EDGE('',*,*,#3425,.F.);
#2031=ORIENTED_EDGE('',*,*,#3426,.T.);
#2032=ORIENTED_EDGE('',*,*,#3414,.F.);
#2033=ORIENTED_EDGE('',*,*,#3404,.T.);
#2034=ORIENTED_EDGE('',*,*,#3427,.F.);
#2035=ORIENTED_EDGE('',*,*,#3428,.F.);
#2036=ORIENTED_EDGE('',*,*,#3429,.T.);
#2037=ORIENTED_EDGE('',*,*,#3420,.T.);
#2038=ORIENTED_EDGE('',*,*,#3430,.T.);
#2039=ORIENTED_EDGE('',*,*,#3431,.F.);
#2040=ORIENTED_EDGE('',*,*,#3415,.F.);
#2041=ORIENTED_EDGE('',*,*,#3426,.F.);
#2042=ORIENTED_EDGE('',*,*,#3432,.T.);
#2043=ORIENTED_EDGE('',*,*,#3421,.T.);
#2044=ORIENTED_EDGE('',*,*,#3429,.F.);
#2045=ORIENTED_EDGE('',*,*,#3433,.F.);
#2046=ORIENTED_EDGE('',*,*,#3432,.F.);
#2047=ORIENTED_EDGE('',*,*,#3434,.F.);
#2048=ORIENTED_EDGE('',*,*,#3435,.T.);
#2049=ORIENTED_EDGE('',*,*,#3402,.T.);
#2050=ORIENTED_EDGE('',*,*,#3436,.F.);
#2051=ORIENTED_EDGE('',*,*,#3422,.T.);
#2052=ORIENTED_EDGE('',*,*,#3403,.F.);
#2053=ORIENTED_EDGE('',*,*,#3435,.F.);
#2054=ORIENTED_EDGE('',*,*,#3437,.F.);
#2055=ORIENTED_EDGE('',*,*,#3438,.F.);
#2056=ORIENTED_EDGE('',*,*,#3439,.F.);
#2057=ORIENTED_EDGE('',*,*,#3424,.F.);
#2058=ORIENTED_EDGE('',*,*,#3440,.F.);
#2059=ORIENTED_EDGE('',*,*,#3379,.T.);
#2060=ORIENTED_EDGE('',*,*,#3411,.T.);
#2061=ORIENTED_EDGE('',*,*,#3441,.T.);
#2062=ORIENTED_EDGE('',*,*,#3413,.T.);
#2063=ORIENTED_EDGE('',*,*,#3366,.T.);
#2064=ORIENTED_EDGE('',*,*,#3442,.T.);
#2065=ORIENTED_EDGE('',*,*,#3381,.T.);
#2066=ORIENTED_EDGE('',*,*,#3443,.T.);
#2067=ORIENTED_EDGE('',*,*,#3364,.T.);
#2068=ORIENTED_EDGE('',*,*,#3444,.F.);
#2069=ORIENTED_EDGE('',*,*,#3382,.T.);
#2070=ORIENTED_EDGE('',*,*,#3442,.F.);
#2071=ORIENTED_EDGE('',*,*,#3363,.T.);
#2072=ORIENTED_EDGE('',*,*,#3445,.F.);
#2073=ORIENTED_EDGE('',*,*,#3385,.T.);
#2074=ORIENTED_EDGE('',*,*,#3446,.F.);
#2075=ORIENTED_EDGE('',*,*,#3360,.T.);
#2076=ORIENTED_EDGE('',*,*,#3446,.T.);
#2077=ORIENTED_EDGE('',*,*,#3384,.T.);
#2078=ORIENTED_EDGE('',*,*,#3447,.T.);
#2079=ORIENTED_EDGE('',*,*,#3361,.T.);
#2080=ORIENTED_EDGE('',*,*,#3356,.F.);
#2081=ORIENTED_EDGE('',*,*,#3448,.T.);
#2082=ORIENTED_EDGE('',*,*,#3389,.F.);
#2083=ORIENTED_EDGE('',*,*,#3449,.T.);
#2084=ORIENTED_EDGE('',*,*,#3450,.F.);
#2085=ORIENTED_EDGE('',*,*,#3390,.T.);
#2086=ORIENTED_EDGE('',*,*,#3448,.F.);
#2087=ORIENTED_EDGE('',*,*,#3355,.T.);
#2088=ORIENTED_EDGE('',*,*,#3451,.T.);
#2089=ORIENTED_EDGE('',*,*,#3358,.F.);
#2090=ORIENTED_EDGE('',*,*,#3452,.F.);
#2091=ORIENTED_EDGE('',*,*,#3387,.F.);
#2092=ORIENTED_EDGE('',*,*,#3449,.F.);
#2093=ORIENTED_EDGE('',*,*,#3388,.F.);
#2094=ORIENTED_EDGE('',*,*,#3452,.T.);
#2095=ORIENTED_EDGE('',*,*,#3357,.F.);
#2096=ORIENTED_EDGE('',*,*,#3450,.T.);
#2097=ORIENTED_EDGE('',*,*,#3354,.F.);
#2098=ORIENTED_EDGE('',*,*,#3398,.F.);
#2099=ORIENTED_EDGE('',*,*,#3391,.F.);
#2100=ORIENTED_EDGE('',*,*,#3440,.T.);
#2101=ORIENTED_EDGE('',*,*,#3365,.F.);
#2102=ORIENTED_EDGE('',*,*,#3443,.F.);
#2103=ORIENTED_EDGE('',*,*,#3380,.F.);
#2104=ORIENTED_EDGE('',*,*,#3383,.F.);
#2105=ORIENTED_EDGE('',*,*,#3444,.T.);
#2106=ORIENTED_EDGE('',*,*,#3362,.F.);
#2107=ORIENTED_EDGE('',*,*,#3447,.F.);
#2108=ORIENTED_EDGE('',*,*,#3386,.F.);
#2109=ORIENTED_EDGE('',*,*,#3445,.T.);
#2110=ORIENTED_EDGE('',*,*,#3359,.F.);
#2111=ORIENTED_EDGE('',*,*,#3451,.F.);
#2112=ORIENTED_EDGE('',*,*,#3430,.F.);
#2113=ORIENTED_EDGE('',*,*,#3423,.T.);
#2114=ORIENTED_EDGE('',*,*,#3436,.T.);
#2115=ORIENTED_EDGE('',*,*,#3401,.F.);
#2116=ORIENTED_EDGE('',*,*,#3453,.F.);
#2117=ORIENTED_EDGE('',*,*,#3453,.T.);
#2118=ORIENTED_EDGE('',*,*,#3406,.T.);
#2119=ORIENTED_EDGE('',*,*,#3441,.F.);
#2120=ORIENTED_EDGE('',*,*,#3431,.T.);
#2121=ORIENTED_EDGE('',*,*,#3454,.F.);
#2122=ORIENTED_EDGE('',*,*,#3396,.F.);
#2123=ORIENTED_EDGE('',*,*,#3455,.F.);
#2124=ORIENTED_EDGE('',*,*,#3393,.F.);
#2125=ORIENTED_EDGE('',*,*,#3439,.T.);
#2126=ORIENTED_EDGE('',*,*,#3438,.T.);
#2127=ORIENTED_EDGE('',*,*,#3437,.T.);
#2128=ORIENTED_EDGE('',*,*,#3434,.T.);
#2129=ORIENTED_EDGE('',*,*,#3433,.T.);
#2130=ORIENTED_EDGE('',*,*,#3428,.T.);
#2131=ORIENTED_EDGE('',*,*,#3427,.T.);
#2132=ORIENTED_EDGE('',*,*,#3425,.T.);
#2133=ORIENTED_EDGE('',*,*,#3395,.F.);
#2134=ORIENTED_EDGE('',*,*,#3347,.T.);
#2135=ORIENTED_EDGE('',*,*,#3399,.F.);
#2136=ORIENTED_EDGE('',*,*,#3352,.F.);
#2137=ORIENTED_EDGE('',*,*,#3345,.T.);
#2138=ORIENTED_EDGE('',*,*,#3394,.F.);
#2139=ORIENTED_EDGE('',*,*,#3455,.T.);
#2140=ORIENTED_EDGE('',*,*,#3400,.F.);
#2141=ORIENTED_EDGE('',*,*,#3397,.F.);
#2142=ORIENTED_EDGE('',*,*,#3454,.T.);
#2143=ORIENTED_EDGE('',*,*,#3392,.F.);
#2144=ORIENTED_EDGE('',*,*,#3350,.F.);
#2145=ORIENTED_EDGE('',*,*,#3456,.F.);
#2146=ORIENTED_EDGE('',*,*,#3457,.F.);
#2147=ORIENTED_EDGE('',*,*,#3458,.F.);
#2148=ORIENTED_EDGE('',*,*,#3459,.F.);
#2149=ORIENTED_EDGE('',*,*,#3460,.F.);
#2150=ORIENTED_EDGE('',*,*,#3461,.F.);
#2151=ORIENTED_EDGE('',*,*,#3462,.F.);
#2152=ORIENTED_EDGE('',*,*,#3463,.F.);
#2153=ORIENTED_EDGE('',*,*,#3464,.F.);
#2154=ORIENTED_EDGE('',*,*,#3465,.F.);
#2155=ORIENTED_EDGE('',*,*,#3466,.F.);
#2156=ORIENTED_EDGE('',*,*,#3467,.F.);
#2157=ORIENTED_EDGE('',*,*,#3468,.F.);
#2158=ORIENTED_EDGE('',*,*,#3469,.F.);
#2159=ORIENTED_EDGE('',*,*,#3470,.F.);
#2160=ORIENTED_EDGE('',*,*,#3471,.F.);
#2161=ORIENTED_EDGE('',*,*,#3472,.F.);
#2162=ORIENTED_EDGE('',*,*,#3473,.F.);
#2163=ORIENTED_EDGE('',*,*,#3474,.F.);
#2164=ORIENTED_EDGE('',*,*,#3475,.F.);
#2165=ORIENTED_EDGE('',*,*,#3476,.F.);
#2166=ORIENTED_EDGE('',*,*,#3477,.F.);
#2167=ORIENTED_EDGE('',*,*,#3478,.F.);
#2168=ORIENTED_EDGE('',*,*,#3479,.F.);
#2169=ORIENTED_EDGE('',*,*,#3480,.F.);
#2170=ORIENTED_EDGE('',*,*,#3481,.F.);
#2171=ORIENTED_EDGE('',*,*,#3482,.T.);
#2172=ORIENTED_EDGE('',*,*,#3483,.T.);
#2173=ORIENTED_EDGE('',*,*,#3484,.T.);
#2174=ORIENTED_EDGE('',*,*,#3485,.T.);
#2175=ORIENTED_EDGE('',*,*,#3486,.F.);
#2176=ORIENTED_EDGE('',*,*,#3487,.F.);
#2177=ORIENTED_EDGE('',*,*,#3488,.F.);
#2178=ORIENTED_EDGE('',*,*,#3489,.F.);
#2179=ORIENTED_EDGE('',*,*,#3490,.F.);
#2180=ORIENTED_EDGE('',*,*,#3491,.F.);
#2181=ORIENTED_EDGE('',*,*,#3492,.F.);
#2182=ORIENTED_EDGE('',*,*,#3493,.F.);
#2183=ORIENTED_EDGE('',*,*,#3494,.F.);
#2184=ORIENTED_EDGE('',*,*,#3495,.F.);
#2185=ORIENTED_EDGE('',*,*,#3496,.F.);
#2186=ORIENTED_EDGE('',*,*,#3497,.F.);
#2187=ORIENTED_EDGE('',*,*,#3498,.F.);
#2188=ORIENTED_EDGE('',*,*,#3499,.F.);
#2189=ORIENTED_EDGE('',*,*,#3500,.F.);
#2190=ORIENTED_EDGE('',*,*,#3501,.F.);
#2191=ORIENTED_EDGE('',*,*,#3502,.F.);
#2192=ORIENTED_EDGE('',*,*,#3503,.F.);
#2193=ORIENTED_EDGE('',*,*,#3504,.F.);
#2194=ORIENTED_EDGE('',*,*,#3505,.F.);
#2195=ORIENTED_EDGE('',*,*,#3506,.F.);
#2196=ORIENTED_EDGE('',*,*,#3507,.F.);
#2197=ORIENTED_EDGE('',*,*,#3508,.F.);
#2198=ORIENTED_EDGE('',*,*,#3509,.F.);
#2199=ORIENTED_EDGE('',*,*,#3510,.F.);
#2200=ORIENTED_EDGE('',*,*,#3511,.F.);
#2201=ORIENTED_EDGE('',*,*,#3512,.F.);
#2202=ORIENTED_EDGE('',*,*,#3513,.F.);
#2203=ORIENTED_EDGE('',*,*,#3514,.F.);
#2204=ORIENTED_EDGE('',*,*,#3515,.F.);
#2205=ORIENTED_EDGE('',*,*,#3516,.F.);
#2206=ORIENTED_EDGE('',*,*,#3517,.F.);
#2207=ORIENTED_EDGE('',*,*,#3518,.F.);
#2208=ORIENTED_EDGE('',*,*,#3519,.F.);
#2209=ORIENTED_EDGE('',*,*,#3520,.F.);
#2210=ORIENTED_EDGE('',*,*,#3521,.F.);
#2211=ORIENTED_EDGE('',*,*,#3522,.F.);
#2212=ORIENTED_EDGE('',*,*,#3523,.F.);
#2213=ORIENTED_EDGE('',*,*,#3524,.F.);
#2214=ORIENTED_EDGE('',*,*,#3525,.F.);
#2215=ORIENTED_EDGE('',*,*,#3526,.F.);
#2216=ORIENTED_EDGE('',*,*,#3527,.T.);
#2217=ORIENTED_EDGE('',*,*,#3528,.F.);
#2218=ORIENTED_EDGE('',*,*,#3529,.T.);
#2219=ORIENTED_EDGE('',*,*,#3530,.T.);
#2220=ORIENTED_EDGE('',*,*,#3531,.F.);
#2221=ORIENTED_EDGE('',*,*,#3484,.F.);
#2222=ORIENTED_EDGE('',*,*,#3532,.T.);
#2223=ORIENTED_EDGE('',*,*,#3533,.T.);
#2224=ORIENTED_EDGE('',*,*,#3534,.F.);
#2225=ORIENTED_EDGE('',*,*,#3482,.F.);
#2226=ORIENTED_EDGE('',*,*,#3535,.T.);
#2227=ORIENTED_EDGE('',*,*,#3536,.T.);
#2228=ORIENTED_EDGE('',*,*,#3532,.F.);
#2229=ORIENTED_EDGE('',*,*,#3483,.F.);
#2230=ORIENTED_EDGE('',*,*,#3534,.T.);
#2231=ORIENTED_EDGE('',*,*,#3528,.T.);
#2232=ORIENTED_EDGE('',*,*,#3537,.T.);
#2233=ORIENTED_EDGE('',*,*,#3538,.F.);
#2234=ORIENTED_EDGE('',*,*,#3539,.F.);
#2235=ORIENTED_EDGE('',*,*,#3540,.F.);
#2236=ORIENTED_EDGE('',*,*,#3541,.T.);
#2237=ORIENTED_EDGE('',*,*,#3542,.T.);
#2238=ORIENTED_EDGE('',*,*,#3543,.T.);
#2239=ORIENTED_EDGE('',*,*,#3544,.T.);
#2240=ORIENTED_EDGE('',*,*,#3545,.T.);
#2241=ORIENTED_EDGE('',*,*,#3526,.T.);
#2242=ORIENTED_EDGE('',*,*,#3546,.T.);
#2243=ORIENTED_EDGE('',*,*,#3547,.T.);
#2244=ORIENTED_EDGE('',*,*,#3548,.T.);
#2245=ORIENTED_EDGE('',*,*,#3549,.T.);
#2246=ORIENTED_EDGE('',*,*,#3535,.F.);
#2247=ORIENTED_EDGE('',*,*,#3485,.F.);
#2248=ORIENTED_EDGE('',*,*,#3531,.T.);
#2249=ORIENTED_EDGE('',*,*,#3538,.T.);
#2250=ORIENTED_EDGE('',*,*,#3550,.T.);
#2251=ORIENTED_EDGE('',*,*,#3544,.F.);
#2252=ORIENTED_EDGE('',*,*,#3530,.F.);
#2253=ORIENTED_EDGE('',*,*,#3536,.F.);
#2254=ORIENTED_EDGE('',*,*,#3533,.F.);
#2255=ORIENTED_EDGE('',*,*,#3549,.F.);
#2256=ORIENTED_EDGE('',*,*,#3551,.T.);
#2257=ORIENTED_EDGE('',*,*,#3540,.T.);
#2258=ORIENTED_EDGE('',*,*,#3552,.T.);
#2259=ORIENTED_EDGE('',*,*,#3553,.T.);
#2260=ORIENTED_EDGE('',*,*,#3554,.T.);
#2261=ORIENTED_EDGE('',*,*,#3555,.F.);
#2262=ORIENTED_EDGE('',*,*,#3556,.F.);
#2263=ORIENTED_EDGE('',*,*,#3557,.F.);
#2264=ORIENTED_EDGE('',*,*,#3558,.T.);
#2265=ORIENTED_EDGE('',*,*,#3559,.T.);
#2266=ORIENTED_EDGE('',*,*,#3560,.T.);
#2267=ORIENTED_EDGE('',*,*,#3547,.F.);
#2268=ORIENTED_EDGE('',*,*,#3561,.T.);
#2269=ORIENTED_EDGE('',*,*,#3542,.F.);
#2270=ORIENTED_EDGE('',*,*,#3562,.T.);
#2271=ORIENTED_EDGE('',*,*,#3556,.T.);
#2272=ORIENTED_EDGE('',*,*,#3563,.T.);
#2273=ORIENTED_EDGE('',*,*,#3539,.T.);
#2274=ORIENTED_EDGE('',*,*,#3560,.F.);
#2275=ORIENTED_EDGE('',*,*,#3564,.F.);
#2276=ORIENTED_EDGE('',*,*,#3552,.F.);
#2277=ORIENTED_EDGE('',*,*,#3564,.T.);
#2278=ORIENTED_EDGE('',*,*,#3559,.F.);
#2279=ORIENTED_EDGE('',*,*,#3565,.F.);
#2280=ORIENTED_EDGE('',*,*,#3553,.F.);
#2281=ORIENTED_EDGE('',*,*,#3558,.F.);
#2282=ORIENTED_EDGE('',*,*,#3566,.T.);
#2283=ORIENTED_EDGE('',*,*,#3554,.F.);
#2284=ORIENTED_EDGE('',*,*,#3565,.T.);
#2285=ORIENTED_EDGE('',*,*,#3567,.T.);
#2286=ORIENTED_EDGE('',*,*,#3568,.T.);
#2287=ORIENTED_EDGE('',*,*,#3569,.T.);
#2288=ORIENTED_EDGE('',*,*,#3570,.T.);
#2289=ORIENTED_EDGE('',*,*,#3571,.T.);
#2290=ORIENTED_EDGE('',*,*,#3572,.T.);
#2291=ORIENTED_EDGE('',*,*,#3573,.T.);
#2292=ORIENTED_EDGE('',*,*,#3574,.T.);
#2293=ORIENTED_EDGE('',*,*,#3575,.T.);
#2294=ORIENTED_EDGE('',*,*,#3566,.F.);
#2295=ORIENTED_EDGE('',*,*,#3557,.T.);
#2296=ORIENTED_EDGE('',*,*,#3563,.F.);
#2297=ORIENTED_EDGE('',*,*,#3555,.T.);
#2298=ORIENTED_EDGE('',*,*,#3575,.F.);
#2299=ORIENTED_EDGE('',*,*,#3576,.T.);
#2300=ORIENTED_EDGE('',*,*,#3577,.T.);
#2301=ORIENTED_EDGE('',*,*,#3578,.F.);
#2302=ORIENTED_EDGE('',*,*,#3576,.F.);
#2303=ORIENTED_EDGE('',*,*,#3579,.F.);
#2304=ORIENTED_EDGE('',*,*,#3578,.T.);
#2305=ORIENTED_EDGE('',*,*,#3567,.F.);
#2306=ORIENTED_EDGE('',*,*,#3577,.F.);
#2307=ORIENTED_EDGE('',*,*,#3568,.F.);
#2308=ORIENTED_EDGE('',*,*,#3579,.T.);
#2309=ORIENTED_EDGE('',*,*,#3574,.F.);
#2310=ORIENTED_EDGE('',*,*,#3573,.F.);
#2311=ORIENTED_EDGE('',*,*,#3572,.F.);
#2312=ORIENTED_EDGE('',*,*,#3571,.F.);
#2313=ORIENTED_EDGE('',*,*,#3570,.F.);
#2314=ORIENTED_EDGE('',*,*,#3569,.F.);
#2315=ORIENTED_EDGE('',*,*,#3548,.F.);
#2316=ORIENTED_EDGE('',*,*,#3562,.F.);
#2317=ORIENTED_EDGE('',*,*,#3541,.F.);
#2318=ORIENTED_EDGE('',*,*,#3551,.F.);
#2319=ORIENTED_EDGE('',*,*,#3543,.F.);
#2320=ORIENTED_EDGE('',*,*,#3561,.F.);
#2321=ORIENTED_EDGE('',*,*,#3546,.F.);
#2322=ORIENTED_EDGE('',*,*,#3529,.F.);
#2323=ORIENTED_EDGE('',*,*,#3545,.F.);
#2324=ORIENTED_EDGE('',*,*,#3550,.F.);
#2325=ORIENTED_EDGE('',*,*,#3537,.F.);
#2326=ORIENTED_EDGE('',*,*,#3527,.F.);
#2327=ORIENTED_EDGE('',*,*,#3580,.T.);
#2328=ORIENTED_EDGE('',*,*,#3581,.F.);
#2329=ORIENTED_EDGE('',*,*,#3479,.T.);
#2330=ORIENTED_EDGE('',*,*,#3582,.T.);
#2331=ORIENTED_EDGE('',*,*,#3583,.T.);
#2332=ORIENTED_EDGE('',*,*,#3582,.F.);
#2333=ORIENTED_EDGE('',*,*,#3478,.T.);
#2334=ORIENTED_EDGE('',*,*,#3584,.T.);
#2335=ORIENTED_EDGE('',*,*,#3585,.T.);
#2336=ORIENTED_EDGE('',*,*,#3584,.F.);
#2337=ORIENTED_EDGE('',*,*,#3481,.T.);
#2338=ORIENTED_EDGE('',*,*,#3586,.T.);
#2339=ORIENTED_EDGE('',*,*,#3587,.T.);
#2340=ORIENTED_EDGE('',*,*,#3586,.F.);
#2341=ORIENTED_EDGE('',*,*,#3480,.T.);
#2342=ORIENTED_EDGE('',*,*,#3581,.T.);
#2343=ORIENTED_EDGE('',*,*,#3580,.F.);
#2344=ORIENTED_EDGE('',*,*,#3583,.F.);
#2345=ORIENTED_EDGE('',*,*,#3585,.F.);
#2346=ORIENTED_EDGE('',*,*,#3587,.F.);
#2347=ORIENTED_EDGE('',*,*,#3588,.T.);
#2348=ORIENTED_EDGE('',*,*,#3589,.F.);
#2349=ORIENTED_EDGE('',*,*,#3469,.T.);
#2350=ORIENTED_EDGE('',*,*,#3590,.T.);
#2351=ORIENTED_EDGE('',*,*,#3591,.T.);
#2352=ORIENTED_EDGE('',*,*,#3590,.F.);
#2353=ORIENTED_EDGE('',*,*,#3468,.T.);
#2354=ORIENTED_EDGE('',*,*,#3592,.T.);
#2355=ORIENTED_EDGE('',*,*,#3593,.T.);
#2356=ORIENTED_EDGE('',*,*,#3592,.F.);
#2357=ORIENTED_EDGE('',*,*,#3477,.T.);
#2358=ORIENTED_EDGE('',*,*,#3594,.T.);
#2359=ORIENTED_EDGE('',*,*,#3595,.T.);
#2360=ORIENTED_EDGE('',*,*,#3594,.F.);
#2361=ORIENTED_EDGE('',*,*,#3476,.T.);
#2362=ORIENTED_EDGE('',*,*,#3596,.T.);
#2363=ORIENTED_EDGE('',*,*,#3597,.T.);
#2364=ORIENTED_EDGE('',*,*,#3596,.F.);
#2365=ORIENTED_EDGE('',*,*,#3475,.T.);
#2366=ORIENTED_EDGE('',*,*,#3598,.T.);
#2367=ORIENTED_EDGE('',*,*,#3599,.T.);
#2368=ORIENTED_EDGE('',*,*,#3598,.F.);
#2369=ORIENTED_EDGE('',*,*,#3474,.T.);
#2370=ORIENTED_EDGE('',*,*,#3600,.T.);
#2371=ORIENTED_EDGE('',*,*,#3601,.T.);
#2372=ORIENTED_EDGE('',*,*,#3600,.F.);
#2373=ORIENTED_EDGE('',*,*,#3473,.T.);
#2374=ORIENTED_EDGE('',*,*,#3602,.T.);
#2375=ORIENTED_EDGE('',*,*,#3603,.T.);
#2376=ORIENTED_EDGE('',*,*,#3602,.F.);
#2377=ORIENTED_EDGE('',*,*,#3472,.T.);
#2378=ORIENTED_EDGE('',*,*,#3604,.T.);
#2379=ORIENTED_EDGE('',*,*,#3605,.T.);
#2380=ORIENTED_EDGE('',*,*,#3604,.F.);
#2381=ORIENTED_EDGE('',*,*,#3471,.T.);
#2382=ORIENTED_EDGE('',*,*,#3606,.T.);
#2383=ORIENTED_EDGE('',*,*,#3607,.T.);
#2384=ORIENTED_EDGE('',*,*,#3606,.F.);
#2385=ORIENTED_EDGE('',*,*,#3470,.T.);
#2386=ORIENTED_EDGE('',*,*,#3589,.T.);
#2387=ORIENTED_EDGE('',*,*,#3588,.F.);
#2388=ORIENTED_EDGE('',*,*,#3591,.F.);
#2389=ORIENTED_EDGE('',*,*,#3593,.F.);
#2390=ORIENTED_EDGE('',*,*,#3595,.F.);
#2391=ORIENTED_EDGE('',*,*,#3597,.F.);
#2392=ORIENTED_EDGE('',*,*,#3599,.F.);
#2393=ORIENTED_EDGE('',*,*,#3601,.F.);
#2394=ORIENTED_EDGE('',*,*,#3603,.F.);
#2395=ORIENTED_EDGE('',*,*,#3605,.F.);
#2396=ORIENTED_EDGE('',*,*,#3607,.F.);
#2397=ORIENTED_EDGE('',*,*,#3608,.T.);
#2398=ORIENTED_EDGE('',*,*,#3609,.F.);
#2399=ORIENTED_EDGE('',*,*,#3610,.T.);
#2400=ORIENTED_EDGE('',*,*,#3611,.T.);
#2401=ORIENTED_EDGE('',*,*,#3612,.T.);
#2402=ORIENTED_EDGE('',*,*,#3613,.F.);
#2403=ORIENTED_EDGE('',*,*,#3487,.T.);
#2404=ORIENTED_EDGE('',*,*,#3614,.T.);
#2405=ORIENTED_EDGE('',*,*,#3615,.T.);
#2406=ORIENTED_EDGE('',*,*,#3614,.F.);
#2407=ORIENTED_EDGE('',*,*,#3486,.T.);
#2408=ORIENTED_EDGE('',*,*,#3616,.T.);
#2409=ORIENTED_EDGE('',*,*,#3617,.T.);
#2410=ORIENTED_EDGE('',*,*,#3616,.F.);
#2411=ORIENTED_EDGE('',*,*,#3491,.T.);
#2412=ORIENTED_EDGE('',*,*,#3618,.T.);
#2413=ORIENTED_EDGE('',*,*,#3619,.T.);
#2414=ORIENTED_EDGE('',*,*,#3618,.F.);
#2415=ORIENTED_EDGE('',*,*,#3490,.T.);
#2416=ORIENTED_EDGE('',*,*,#3620,.T.);
#2417=ORIENTED_EDGE('',*,*,#3621,.T.);
#2418=ORIENTED_EDGE('',*,*,#3620,.F.);
#2419=ORIENTED_EDGE('',*,*,#3489,.T.);
#2420=ORIENTED_EDGE('',*,*,#3622,.T.);
#2421=ORIENTED_EDGE('',*,*,#3623,.T.);
#2422=ORIENTED_EDGE('',*,*,#3622,.F.);
#2423=ORIENTED_EDGE('',*,*,#3488,.T.);
#2424=ORIENTED_EDGE('',*,*,#3613,.T.);
#2425=ORIENTED_EDGE('',*,*,#3624,.T.);
#2426=ORIENTED_EDGE('',*,*,#3611,.F.);
#2427=ORIENTED_EDGE('',*,*,#3625,.T.);
#2428=ORIENTED_EDGE('',*,*,#3609,.T.);
#2429=ORIENTED_EDGE('',*,*,#3612,.F.);
#2430=ORIENTED_EDGE('',*,*,#3615,.F.);
#2431=ORIENTED_EDGE('',*,*,#3617,.F.);
#2432=ORIENTED_EDGE('',*,*,#3619,.F.);
#2433=ORIENTED_EDGE('',*,*,#3621,.F.);
#2434=ORIENTED_EDGE('',*,*,#3623,.F.);
#2435=ORIENTED_EDGE('',*,*,#3608,.F.);
#2436=ORIENTED_EDGE('',*,*,#3624,.F.);
#2437=ORIENTED_EDGE('',*,*,#3626,.T.);
#2438=ORIENTED_EDGE('',*,*,#3627,.F.);
#2439=ORIENTED_EDGE('',*,*,#3493,.T.);
#2440=ORIENTED_EDGE('',*,*,#3628,.T.);
#2441=ORIENTED_EDGE('',*,*,#3629,.T.);
#2442=ORIENTED_EDGE('',*,*,#3628,.F.);
#2443=ORIENTED_EDGE('',*,*,#3492,.T.);
#2444=ORIENTED_EDGE('',*,*,#3630,.T.);
#2445=ORIENTED_EDGE('',*,*,#3631,.T.);
#2446=ORIENTED_EDGE('',*,*,#3630,.F.);
#2447=ORIENTED_EDGE('',*,*,#3498,.T.);
#2448=ORIENTED_EDGE('',*,*,#3632,.T.);
#2449=ORIENTED_EDGE('',*,*,#3633,.T.);
#2450=ORIENTED_EDGE('',*,*,#3632,.F.);
#2451=ORIENTED_EDGE('',*,*,#3497,.T.);
#2452=ORIENTED_EDGE('',*,*,#3634,.T.);
#2453=ORIENTED_EDGE('',*,*,#3635,.T.);
#2454=ORIENTED_EDGE('',*,*,#3634,.F.);
#2455=ORIENTED_EDGE('',*,*,#3496,.T.);
#2456=ORIENTED_EDGE('',*,*,#3636,.T.);
#2457=ORIENTED_EDGE('',*,*,#3637,.T.);
#2458=ORIENTED_EDGE('',*,*,#3636,.F.);
#2459=ORIENTED_EDGE('',*,*,#3495,.T.);
#2460=ORIENTED_EDGE('',*,*,#3638,.T.);
#2461=ORIENTED_EDGE('',*,*,#3639,.T.);
#2462=ORIENTED_EDGE('',*,*,#3638,.F.);
#2463=ORIENTED_EDGE('',*,*,#3494,.T.);
#2464=ORIENTED_EDGE('',*,*,#3627,.T.);
#2465=ORIENTED_EDGE('',*,*,#3626,.F.);
#2466=ORIENTED_EDGE('',*,*,#3629,.F.);
#2467=ORIENTED_EDGE('',*,*,#3631,.F.);
#2468=ORIENTED_EDGE('',*,*,#3633,.F.);
#2469=ORIENTED_EDGE('',*,*,#3635,.F.);
#2470=ORIENTED_EDGE('',*,*,#3637,.F.);
#2471=ORIENTED_EDGE('',*,*,#3639,.F.);
#2472=ORIENTED_EDGE('',*,*,#3640,.T.);
#2473=ORIENTED_EDGE('',*,*,#3641,.F.);
#2474=ORIENTED_EDGE('',*,*,#3642,.T.);
#2475=ORIENTED_EDGE('',*,*,#3643,.T.);
#2476=ORIENTED_EDGE('',*,*,#3644,.T.);
#2477=ORIENTED_EDGE('',*,*,#3645,.F.);
#2478=ORIENTED_EDGE('',*,*,#3465,.T.);
#2479=ORIENTED_EDGE('',*,*,#3646,.T.);
#2480=ORIENTED_EDGE('',*,*,#3647,.T.);
#2481=ORIENTED_EDGE('',*,*,#3646,.F.);
#2482=ORIENTED_EDGE('',*,*,#3464,.T.);
#2483=ORIENTED_EDGE('',*,*,#3648,.T.);
#2484=ORIENTED_EDGE('',*,*,#3649,.T.);
#2485=ORIENTED_EDGE('',*,*,#3648,.F.);
#2486=ORIENTED_EDGE('',*,*,#3467,.T.);
#2487=ORIENTED_EDGE('',*,*,#3650,.T.);
#2488=ORIENTED_EDGE('',*,*,#3651,.T.);
#2489=ORIENTED_EDGE('',*,*,#3650,.F.);
#2490=ORIENTED_EDGE('',*,*,#3466,.T.);
#2491=ORIENTED_EDGE('',*,*,#3645,.T.);
#2492=ORIENTED_EDGE('',*,*,#3652,.T.);
#2493=ORIENTED_EDGE('',*,*,#3643,.F.);
#2494=ORIENTED_EDGE('',*,*,#3653,.T.);
#2495=ORIENTED_EDGE('',*,*,#3641,.T.);
#2496=ORIENTED_EDGE('',*,*,#3644,.F.);
#2497=ORIENTED_EDGE('',*,*,#3647,.F.);
#2498=ORIENTED_EDGE('',*,*,#3649,.F.);
#2499=ORIENTED_EDGE('',*,*,#3651,.F.);
#2500=ORIENTED_EDGE('',*,*,#3640,.F.);
#2501=ORIENTED_EDGE('',*,*,#3652,.F.);
#2502=ORIENTED_EDGE('',*,*,#3654,.T.);
#2503=ORIENTED_EDGE('',*,*,#3655,.F.);
#2504=ORIENTED_EDGE('',*,*,#3461,.T.);
#2505=ORIENTED_EDGE('',*,*,#3656,.T.);
#2506=ORIENTED_EDGE('',*,*,#3657,.T.);
#2507=ORIENTED_EDGE('',*,*,#3656,.F.);
#2508=ORIENTED_EDGE('',*,*,#3460,.T.);
#2509=ORIENTED_EDGE('',*,*,#3658,.T.);
#2510=ORIENTED_EDGE('',*,*,#3659,.T.);
#2511=ORIENTED_EDGE('',*,*,#3658,.F.);
#2512=ORIENTED_EDGE('',*,*,#3463,.T.);
#2513=ORIENTED_EDGE('',*,*,#3660,.T.);
#2514=ORIENTED_EDGE('',*,*,#3661,.T.);
#2515=ORIENTED_EDGE('',*,*,#3660,.F.);
#2516=ORIENTED_EDGE('',*,*,#3462,.T.);
#2517=ORIENTED_EDGE('',*,*,#3655,.T.);
#2518=ORIENTED_EDGE('',*,*,#3654,.F.);
#2519=ORIENTED_EDGE('',*,*,#3657,.F.);
#2520=ORIENTED_EDGE('',*,*,#3659,.F.);
#2521=ORIENTED_EDGE('',*,*,#3661,.F.);
#2522=ORIENTED_EDGE('',*,*,#3662,.T.);
#2523=ORIENTED_EDGE('',*,*,#3663,.F.);
#2524=ORIENTED_EDGE('',*,*,#3457,.T.);
#2525=ORIENTED_EDGE('',*,*,#3664,.T.);
#2526=ORIENTED_EDGE('',*,*,#3665,.T.);
#2527=ORIENTED_EDGE('',*,*,#3664,.F.);
#2528=ORIENTED_EDGE('',*,*,#3456,.T.);
#2529=ORIENTED_EDGE('',*,*,#3666,.T.);
#2530=ORIENTED_EDGE('',*,*,#3667,.T.);
#2531=ORIENTED_EDGE('',*,*,#3666,.F.);
#2532=ORIENTED_EDGE('',*,*,#3459,.T.);
#2533=ORIENTED_EDGE('',*,*,#3668,.T.);
#2534=ORIENTED_EDGE('',*,*,#3669,.T.);
#2535=ORIENTED_EDGE('',*,*,#3668,.F.);
#2536=ORIENTED_EDGE('',*,*,#3458,.T.);
#2537=ORIENTED_EDGE('',*,*,#3663,.T.);
#2538=ORIENTED_EDGE('',*,*,#3662,.F.);
#2539=ORIENTED_EDGE('',*,*,#3665,.F.);
#2540=ORIENTED_EDGE('',*,*,#3667,.F.);
#2541=ORIENTED_EDGE('',*,*,#3669,.F.);
#2542=ORIENTED_EDGE('',*,*,#3670,.T.);
#2543=ORIENTED_EDGE('',*,*,#3671,.F.);
#2544=ORIENTED_EDGE('',*,*,#3672,.T.);
#2545=ORIENTED_EDGE('',*,*,#3673,.T.);
#2546=ORIENTED_EDGE('',*,*,#3674,.T.);
#2547=ORIENTED_EDGE('',*,*,#3675,.F.);
#2548=ORIENTED_EDGE('',*,*,#3500,.T.);
#2549=ORIENTED_EDGE('',*,*,#3676,.T.);
#2550=ORIENTED_EDGE('',*,*,#3677,.T.);
#2551=ORIENTED_EDGE('',*,*,#3676,.F.);
#2552=ORIENTED_EDGE('',*,*,#3499,.T.);
#2553=ORIENTED_EDGE('',*,*,#3678,.T.);
#2554=ORIENTED_EDGE('',*,*,#3679,.T.);
#2555=ORIENTED_EDGE('',*,*,#3678,.F.);
#2556=ORIENTED_EDGE('',*,*,#3507,.T.);
#2557=ORIENTED_EDGE('',*,*,#3680,.T.);
#2558=ORIENTED_EDGE('',*,*,#3681,.T.);
#2559=ORIENTED_EDGE('',*,*,#3680,.F.);
#2560=ORIENTED_EDGE('',*,*,#3506,.T.);
#2561=ORIENTED_EDGE('',*,*,#3682,.T.);
#2562=ORIENTED_EDGE('',*,*,#3683,.T.);
#2563=ORIENTED_EDGE('',*,*,#3682,.F.);
#2564=ORIENTED_EDGE('',*,*,#3505,.T.);
#2565=ORIENTED_EDGE('',*,*,#3684,.T.);
#2566=ORIENTED_EDGE('',*,*,#3685,.T.);
#2567=ORIENTED_EDGE('',*,*,#3684,.F.);
#2568=ORIENTED_EDGE('',*,*,#3504,.T.);
#2569=ORIENTED_EDGE('',*,*,#3686,.T.);
#2570=ORIENTED_EDGE('',*,*,#3687,.T.);
#2571=ORIENTED_EDGE('',*,*,#3686,.F.);
#2572=ORIENTED_EDGE('',*,*,#3503,.T.);
#2573=ORIENTED_EDGE('',*,*,#3688,.T.);
#2574=ORIENTED_EDGE('',*,*,#3689,.T.);
#2575=ORIENTED_EDGE('',*,*,#3688,.F.);
#2576=ORIENTED_EDGE('',*,*,#3502,.T.);
#2577=ORIENTED_EDGE('',*,*,#3690,.T.);
#2578=ORIENTED_EDGE('',*,*,#3691,.T.);
#2579=ORIENTED_EDGE('',*,*,#3690,.F.);
#2580=ORIENTED_EDGE('',*,*,#3501,.T.);
#2581=ORIENTED_EDGE('',*,*,#3675,.T.);
#2582=ORIENTED_EDGE('',*,*,#3692,.T.);
#2583=ORIENTED_EDGE('',*,*,#3673,.F.);
#2584=ORIENTED_EDGE('',*,*,#3693,.T.);
#2585=ORIENTED_EDGE('',*,*,#3671,.T.);
#2586=ORIENTED_EDGE('',*,*,#3674,.F.);
#2587=ORIENTED_EDGE('',*,*,#3677,.F.);
#2588=ORIENTED_EDGE('',*,*,#3679,.F.);
#2589=ORIENTED_EDGE('',*,*,#3681,.F.);
#2590=ORIENTED_EDGE('',*,*,#3683,.F.);
#2591=ORIENTED_EDGE('',*,*,#3685,.F.);
#2592=ORIENTED_EDGE('',*,*,#3687,.F.);
#2593=ORIENTED_EDGE('',*,*,#3689,.F.);
#2594=ORIENTED_EDGE('',*,*,#3691,.F.);
#2595=ORIENTED_EDGE('',*,*,#3670,.F.);
#2596=ORIENTED_EDGE('',*,*,#3692,.F.);
#2597=ORIENTED_EDGE('',*,*,#3694,.T.);
#2598=ORIENTED_EDGE('',*,*,#3695,.F.);
#2599=ORIENTED_EDGE('',*,*,#3509,.T.);
#2600=ORIENTED_EDGE('',*,*,#3696,.T.);
#2601=ORIENTED_EDGE('',*,*,#3697,.T.);
#2602=ORIENTED_EDGE('',*,*,#3696,.F.);
#2603=ORIENTED_EDGE('',*,*,#3508,.T.);
#2604=ORIENTED_EDGE('',*,*,#3698,.T.);
#2605=ORIENTED_EDGE('',*,*,#3699,.T.);
#2606=ORIENTED_EDGE('',*,*,#3698,.F.);
#2607=ORIENTED_EDGE('',*,*,#3511,.T.);
#2608=ORIENTED_EDGE('',*,*,#3700,.T.);
#2609=ORIENTED_EDGE('',*,*,#3701,.T.);
#2610=ORIENTED_EDGE('',*,*,#3700,.F.);
#2611=ORIENTED_EDGE('',*,*,#3510,.T.);
#2612=ORIENTED_EDGE('',*,*,#3695,.T.);
#2613=ORIENTED_EDGE('',*,*,#3694,.F.);
#2614=ORIENTED_EDGE('',*,*,#3697,.F.);
#2615=ORIENTED_EDGE('',*,*,#3699,.F.);
#2616=ORIENTED_EDGE('',*,*,#3701,.F.);
#2617=ORIENTED_EDGE('',*,*,#3702,.T.);
#2618=ORIENTED_EDGE('',*,*,#3703,.F.);
#2619=ORIENTED_EDGE('',*,*,#3513,.T.);
#2620=ORIENTED_EDGE('',*,*,#3704,.T.);
#2621=ORIENTED_EDGE('',*,*,#3705,.T.);
#2622=ORIENTED_EDGE('',*,*,#3704,.F.);
#2623=ORIENTED_EDGE('',*,*,#3512,.T.);
#2624=ORIENTED_EDGE('',*,*,#3706,.T.);
#2625=ORIENTED_EDGE('',*,*,#3707,.T.);
#2626=ORIENTED_EDGE('',*,*,#3706,.F.);
#2627=ORIENTED_EDGE('',*,*,#3519,.T.);
#2628=ORIENTED_EDGE('',*,*,#3708,.T.);
#2629=ORIENTED_EDGE('',*,*,#3709,.T.);
#2630=ORIENTED_EDGE('',*,*,#3708,.F.);
#2631=ORIENTED_EDGE('',*,*,#3518,.T.);
#2632=ORIENTED_EDGE('',*,*,#3710,.T.);
#2633=ORIENTED_EDGE('',*,*,#3711,.T.);
#2634=ORIENTED_EDGE('',*,*,#3710,.F.);
#2635=ORIENTED_EDGE('',*,*,#3517,.T.);
#2636=ORIENTED_EDGE('',*,*,#3712,.T.);
#2637=ORIENTED_EDGE('',*,*,#3713,.T.);
#2638=ORIENTED_EDGE('',*,*,#3712,.F.);
#2639=ORIENTED_EDGE('',*,*,#3516,.T.);
#2640=ORIENTED_EDGE('',*,*,#3714,.T.);
#2641=ORIENTED_EDGE('',*,*,#3715,.T.);
#2642=ORIENTED_EDGE('',*,*,#3714,.F.);
#2643=ORIENTED_EDGE('',*,*,#3515,.T.);
#2644=ORIENTED_EDGE('',*,*,#3716,.T.);
#2645=ORIENTED_EDGE('',*,*,#3717,.T.);
#2646=ORIENTED_EDGE('',*,*,#3716,.F.);
#2647=ORIENTED_EDGE('',*,*,#3514,.T.);
#2648=ORIENTED_EDGE('',*,*,#3703,.T.);
#2649=ORIENTED_EDGE('',*,*,#3702,.F.);
#2650=ORIENTED_EDGE('',*,*,#3705,.F.);
#2651=ORIENTED_EDGE('',*,*,#3707,.F.);
#2652=ORIENTED_EDGE('',*,*,#3709,.F.);
#2653=ORIENTED_EDGE('',*,*,#3711,.F.);
#2654=ORIENTED_EDGE('',*,*,#3713,.F.);
#2655=ORIENTED_EDGE('',*,*,#3715,.F.);
#2656=ORIENTED_EDGE('',*,*,#3717,.F.);
#2657=ORIENTED_EDGE('',*,*,#3718,.T.);
#2658=ORIENTED_EDGE('',*,*,#3719,.F.);
#2659=ORIENTED_EDGE('',*,*,#3521,.T.);
#2660=ORIENTED_EDGE('',*,*,#3720,.T.);
#2661=ORIENTED_EDGE('',*,*,#3721,.T.);
#2662=ORIENTED_EDGE('',*,*,#3720,.F.);
#2663=ORIENTED_EDGE('',*,*,#3520,.T.);
#2664=ORIENTED_EDGE('',*,*,#3722,.T.);
#2665=ORIENTED_EDGE('',*,*,#3723,.T.);
#2666=ORIENTED_EDGE('',*,*,#3722,.F.);
#2667=ORIENTED_EDGE('',*,*,#3525,.T.);
#2668=ORIENTED_EDGE('',*,*,#3724,.T.);
#2669=ORIENTED_EDGE('',*,*,#3725,.T.);
#2670=ORIENTED_EDGE('',*,*,#3724,.F.);
#2671=ORIENTED_EDGE('',*,*,#3524,.T.);
#2672=ORIENTED_EDGE('',*,*,#3726,.T.);
#2673=ORIENTED_EDGE('',*,*,#3727,.T.);
#2674=ORIENTED_EDGE('',*,*,#3726,.F.);
#2675=ORIENTED_EDGE('',*,*,#3523,.T.);
#2676=ORIENTED_EDGE('',*,*,#3728,.T.);
#2677=ORIENTED_EDGE('',*,*,#3729,.T.);
#2678=ORIENTED_EDGE('',*,*,#3728,.F.);
#2679=ORIENTED_EDGE('',*,*,#3522,.T.);
#2680=ORIENTED_EDGE('',*,*,#3719,.T.);
#2681=ORIENTED_EDGE('',*,*,#3730,.T.);
#2682=ORIENTED_EDGE('',*,*,#3731,.T.);
#2683=ORIENTED_EDGE('',*,*,#3718,.F.);
#2684=ORIENTED_EDGE('',*,*,#3721,.F.);
#2685=ORIENTED_EDGE('',*,*,#3723,.F.);
#2686=ORIENTED_EDGE('',*,*,#3725,.F.);
#2687=ORIENTED_EDGE('',*,*,#3727,.F.);
#2688=ORIENTED_EDGE('',*,*,#3729,.F.);
#2689=ORIENTED_EDGE('',*,*,#3731,.F.);
#2690=ORIENTED_EDGE('',*,*,#3730,.F.);
#2691=ORIENTED_EDGE('',*,*,#3625,.F.);
#2692=ORIENTED_EDGE('',*,*,#3610,.F.);
#2693=ORIENTED_EDGE('',*,*,#3653,.F.);
#2694=ORIENTED_EDGE('',*,*,#3642,.F.);
#2695=ORIENTED_EDGE('',*,*,#3693,.F.);
#2696=ORIENTED_EDGE('',*,*,#3672,.F.);
#2697=ORIENTED_EDGE('',*,*,#3732,.F.);
#2698=ORIENTED_EDGE('',*,*,#3733,.T.);
#2699=ORIENTED_EDGE('',*,*,#3734,.F.);
#2700=ORIENTED_EDGE('',*,*,#3735,.T.);
#2701=ORIENTED_EDGE('',*,*,#3736,.F.);
#2702=ORIENTED_EDGE('',*,*,#3737,.F.);
#2703=ORIENTED_EDGE('',*,*,#3738,.T.);
#2704=ORIENTED_EDGE('',*,*,#3739,.F.);
#2705=ORIENTED_EDGE('',*,*,#3740,.F.);
#2706=ORIENTED_EDGE('',*,*,#3739,.T.);
#2707=ORIENTED_EDGE('',*,*,#3741,.T.);
#2708=ORIENTED_EDGE('',*,*,#3742,.T.);
#2709=ORIENTED_EDGE('',*,*,#3743,.T.);
#2710=ORIENTED_EDGE('',*,*,#3744,.T.);
#2711=ORIENTED_EDGE('',*,*,#3745,.T.);
#2712=ORIENTED_EDGE('',*,*,#3746,.F.);
#2713=ORIENTED_EDGE('',*,*,#3747,.F.);
#2714=ORIENTED_EDGE('',*,*,#3748,.F.);
#2715=ORIENTED_EDGE('',*,*,#3749,.T.);
#2716=ORIENTED_EDGE('',*,*,#3750,.T.);
#2717=ORIENTED_EDGE('',*,*,#3751,.T.);
#2718=ORIENTED_EDGE('',*,*,#3732,.T.);
#2719=ORIENTED_EDGE('',*,*,#3752,.T.);
#2720=ORIENTED_EDGE('',*,*,#3753,.F.);
#2721=ORIENTED_EDGE('',*,*,#3754,.F.);
#2722=ORIENTED_EDGE('',*,*,#3754,.T.);
#2723=ORIENTED_EDGE('',*,*,#3755,.F.);
#2724=ORIENTED_EDGE('',*,*,#3756,.F.);
#2725=ORIENTED_EDGE('',*,*,#3757,.F.);
#2726=ORIENTED_EDGE('',*,*,#3756,.T.);
#2727=ORIENTED_EDGE('',*,*,#3758,.F.);
#2728=ORIENTED_EDGE('',*,*,#3759,.F.);
#2729=ORIENTED_EDGE('',*,*,#3760,.F.);
#2730=ORIENTED_EDGE('',*,*,#3761,.F.);
#2731=ORIENTED_EDGE('',*,*,#3762,.T.);
#2732=ORIENTED_EDGE('',*,*,#3748,.T.);
#2733=ORIENTED_EDGE('',*,*,#3757,.T.);
#2734=ORIENTED_EDGE('',*,*,#3760,.T.);
#2735=ORIENTED_EDGE('',*,*,#3763,.T.);
#2736=ORIENTED_EDGE('',*,*,#3764,.F.);
#2737=ORIENTED_EDGE('',*,*,#3741,.F.);
#2738=ORIENTED_EDGE('',*,*,#3738,.F.);
#2739=ORIENTED_EDGE('',*,*,#3765,.T.);
#2740=ORIENTED_EDGE('',*,*,#3758,.T.);
#2741=ORIENTED_EDGE('',*,*,#3755,.T.);
#2742=ORIENTED_EDGE('',*,*,#3753,.T.);
#2743=ORIENTED_EDGE('',*,*,#3766,.T.);
#2744=ORIENTED_EDGE('',*,*,#3767,.F.);
#2745=ORIENTED_EDGE('',*,*,#3768,.F.);
#2746=ORIENTED_EDGE('',*,*,#3744,.F.);
#2747=ORIENTED_EDGE('',*,*,#3769,.F.);
#2748=ORIENTED_EDGE('',*,*,#3737,.T.);
#2749=ORIENTED_EDGE('',*,*,#3770,.T.);
#2750=ORIENTED_EDGE('',*,*,#3771,.F.);
#2751=ORIENTED_EDGE('',*,*,#3772,.F.);
#2752=ORIENTED_EDGE('',*,*,#3773,.T.);
#2753=ORIENTED_EDGE('',*,*,#3774,.T.);
#2754=ORIENTED_EDGE('',*,*,#3775,.F.);
#2755=ORIENTED_EDGE('',*,*,#3776,.F.);
#2756=ORIENTED_EDGE('',*,*,#3777,.F.);
#2757=ORIENTED_EDGE('',*,*,#3778,.F.);
#2758=ORIENTED_EDGE('',*,*,#3779,.F.);
#2759=ORIENTED_EDGE('',*,*,#3780,.F.);
#2760=ORIENTED_EDGE('',*,*,#3781,.T.);
#2761=ORIENTED_EDGE('',*,*,#3782,.T.);
#2762=ORIENTED_EDGE('',*,*,#3763,.F.);
#2763=ORIENTED_EDGE('',*,*,#3759,.T.);
#2764=ORIENTED_EDGE('',*,*,#3765,.F.);
#2765=ORIENTED_EDGE('',*,*,#3783,.F.);
#2766=ORIENTED_EDGE('',*,*,#3742,.F.);
#2767=ORIENTED_EDGE('',*,*,#3764,.T.);
#2768=ORIENTED_EDGE('',*,*,#3782,.F.);
#2769=ORIENTED_EDGE('',*,*,#3768,.T.);
#2770=ORIENTED_EDGE('',*,*,#3784,.T.);
#2771=ORIENTED_EDGE('',*,*,#3785,.F.);
#2772=ORIENTED_EDGE('',*,*,#3745,.F.);
#2773=ORIENTED_EDGE('',*,*,#3785,.T.);
#2774=ORIENTED_EDGE('',*,*,#3786,.T.);
#2775=ORIENTED_EDGE('',*,*,#3787,.T.);
#2776=ORIENTED_EDGE('',*,*,#3746,.T.);
#2777=ORIENTED_EDGE('',*,*,#3769,.T.);
#2778=ORIENTED_EDGE('',*,*,#3747,.T.);
#2779=ORIENTED_EDGE('',*,*,#3787,.F.);
#2780=ORIENTED_EDGE('',*,*,#3788,.F.);
#2781=ORIENTED_EDGE('',*,*,#3789,.T.);
#2782=ORIENTED_EDGE('',*,*,#3790,.T.);
#2783=ORIENTED_EDGE('',*,*,#3761,.T.);
#2784=ORIENTED_EDGE('',*,*,#3788,.T.);
#2785=ORIENTED_EDGE('',*,*,#3786,.F.);
#2786=ORIENTED_EDGE('',*,*,#3784,.F.);
#2787=ORIENTED_EDGE('',*,*,#3767,.T.);
#2788=ORIENTED_EDGE('',*,*,#3791,.T.);
#2789=ORIENTED_EDGE('',*,*,#3734,.T.);
#2790=ORIENTED_EDGE('',*,*,#3792,.T.);
#2791=ORIENTED_EDGE('',*,*,#3750,.F.);
#2792=ORIENTED_EDGE('',*,*,#3793,.T.);
#2793=ORIENTED_EDGE('',*,*,#3789,.F.);
#2794=ORIENTED_EDGE('',*,*,#3794,.T.);
#2795=ORIENTED_EDGE('',*,*,#3774,.F.);
#2796=ORIENTED_EDGE('',*,*,#3795,.T.);
#2797=ORIENTED_EDGE('',*,*,#3796,.T.);
#2798=ORIENTED_EDGE('',*,*,#3797,.T.);
#2799=ORIENTED_EDGE('',*,*,#3795,.F.);
#2800=ORIENTED_EDGE('',*,*,#3773,.F.);
#2801=ORIENTED_EDGE('',*,*,#3797,.F.);
#2802=ORIENTED_EDGE('',*,*,#3798,.F.);
#2803=ORIENTED_EDGE('',*,*,#3796,.F.);
#2804=ORIENTED_EDGE('',*,*,#3799,.F.);
#2805=ORIENTED_EDGE('',*,*,#3780,.T.);
#2806=ORIENTED_EDGE('',*,*,#3779,.T.);
#2807=ORIENTED_EDGE('',*,*,#3778,.T.);
#2808=ORIENTED_EDGE('',*,*,#3777,.T.);
#2809=ORIENTED_EDGE('',*,*,#3776,.T.);
#2810=ORIENTED_EDGE('',*,*,#3775,.T.);
#2811=ORIENTED_EDGE('',*,*,#3798,.T.);
#2812=ORIENTED_EDGE('',*,*,#3772,.T.);
#2813=ORIENTED_EDGE('',*,*,#3771,.T.);
#2814=ORIENTED_EDGE('',*,*,#3740,.T.);
#2815=ORIENTED_EDGE('',*,*,#3783,.T.);
#2816=ORIENTED_EDGE('',*,*,#3781,.F.);
#2817=ORIENTED_EDGE('',*,*,#3799,.T.);
#2818=ORIENTED_EDGE('',*,*,#3770,.F.);
#2819=ORIENTED_EDGE('',*,*,#3736,.T.);
#2820=ORIENTED_EDGE('',*,*,#3743,.F.);
#2821=ORIENTED_EDGE('',*,*,#3752,.F.);
#2822=ORIENTED_EDGE('',*,*,#3735,.F.);
#2823=ORIENTED_EDGE('',*,*,#3791,.F.);
#2824=ORIENTED_EDGE('',*,*,#3766,.F.);
#2825=ORIENTED_EDGE('',*,*,#3751,.F.);
#2826=ORIENTED_EDGE('',*,*,#3794,.F.);
#2827=ORIENTED_EDGE('',*,*,#3792,.F.);
#2828=ORIENTED_EDGE('',*,*,#3733,.F.);
#2829=ORIENTED_EDGE('',*,*,#3790,.F.);
#2830=ORIENTED_EDGE('',*,*,#3793,.F.);
#2831=ORIENTED_EDGE('',*,*,#3749,.F.);
#2832=ORIENTED_EDGE('',*,*,#3762,.F.);
#2833=VERTEX_POINT('',#5457);
#2834=VERTEX_POINT('',#5458);
#2835=VERTEX_POINT('',#5460);
#2836=VERTEX_POINT('',#5462);
#2837=VERTEX_POINT('',#5466);
#2838=VERTEX_POINT('',#5467);
#2839=VERTEX_POINT('',#5469);
#2840=VERTEX_POINT('',#5471);
#2841=VERTEX_POINT('',#5473);
#2842=VERTEX_POINT('',#5475);
#2843=VERTEX_POINT('',#5477);
#2844=VERTEX_POINT('',#5479);
#2845=VERTEX_POINT('',#5481);
#2846=VERTEX_POINT('',#5483);
#2847=VERTEX_POINT('',#5485);
#2848=VERTEX_POINT('',#5487);
#2849=VERTEX_POINT('',#5489);
#2850=VERTEX_POINT('',#5491);
#2851=VERTEX_POINT('',#5493);
#2852=VERTEX_POINT('',#5495);
#2853=VERTEX_POINT('',#5497);
#2854=VERTEX_POINT('',#5499);
#2855=VERTEX_POINT('',#5501);
#2856=VERTEX_POINT('',#5503);
#2857=VERTEX_POINT('',#5505);
#2858=VERTEX_POINT('',#5507);
#2859=VERTEX_POINT('',#5509);
#2860=VERTEX_POINT('',#5511);
#2861=VERTEX_POINT('',#5513);
#2862=VERTEX_POINT('',#5515);
#2863=VERTEX_POINT('',#5517);
#2864=VERTEX_POINT('',#5519);
#2865=VERTEX_POINT('',#5521);
#2866=VERTEX_POINT('',#5523);
#2867=VERTEX_POINT('',#5525);
#2868=VERTEX_POINT('',#5527);
#2869=VERTEX_POINT('',#5529);
#2870=VERTEX_POINT('',#5531);
#2871=VERTEX_POINT('',#5533);
#2872=VERTEX_POINT('',#5535);
#2873=VERTEX_POINT('',#5537);
#2874=VERTEX_POINT('',#5539);
#2875=VERTEX_POINT('',#5541);
#2876=VERTEX_POINT('',#5543);
#2877=VERTEX_POINT('',#5545);
#2878=VERTEX_POINT('',#5547);
#2879=VERTEX_POINT('',#5549);
#2880=VERTEX_POINT('',#5551);
#2881=VERTEX_POINT('',#5553);
#2882=VERTEX_POINT('',#5555);
#2883=VERTEX_POINT('',#5557);
#2884=VERTEX_POINT('',#5562);
#2885=VERTEX_POINT('',#5564);
#2886=VERTEX_POINT('',#5614);
#2887=VERTEX_POINT('',#5616);
#2888=VERTEX_POINT('',#5639);
#2889=VERTEX_POINT('',#5640);
#2890=VERTEX_POINT('',#5642);
#2891=VERTEX_POINT('',#5644);
#2892=VERTEX_POINT('',#5646);
#2893=VERTEX_POINT('',#5651);
#2894=VERTEX_POINT('',#5664);
#2895=VERTEX_POINT('',#5666);
#2896=VERTEX_POINT('',#5689);
#2897=VERTEX_POINT('',#5691);
#2898=VERTEX_POINT('',#5723);
#2899=VERTEX_POINT('',#5724);
#2900=VERTEX_POINT('',#5726);
#2901=VERTEX_POINT('',#5740);
#2902=VERTEX_POINT('',#5744);
#2903=VERTEX_POINT('',#5746);
#2904=VERTEX_POINT('',#5759);
#2905=VERTEX_POINT('',#5761);
#2906=VERTEX_POINT('',#5767);
#2907=VERTEX_POINT('',#5777);
#2908=VERTEX_POINT('',#5785);
#2909=VERTEX_POINT('',#5798);
#2910=VERTEX_POINT('',#5806);
#2911=VERTEX_POINT('',#5929);
#2912=VERTEX_POINT('',#5930);
#2913=VERTEX_POINT('',#5932);
#2914=VERTEX_POINT('',#5936);
#2915=VERTEX_POINT('',#5961);
#2916=VERTEX_POINT('',#5962);
#2917=VERTEX_POINT('',#5964);
#2918=VERTEX_POINT('',#5966);
#2919=VERTEX_POINT('',#5970);
#2920=VERTEX_POINT('',#5971);
#2921=VERTEX_POINT('',#5973);
#2922=VERTEX_POINT('',#5975);
#2923=VERTEX_POINT('',#5977);
#2924=VERTEX_POINT('',#5979);
#2925=VERTEX_POINT('',#5981);
#2926=VERTEX_POINT('',#5983);
#2927=VERTEX_POINT('',#5985);
#2928=VERTEX_POINT('',#5987);
#2929=VERTEX_POINT('',#5989);
#2930=VERTEX_POINT('',#5991);
#2931=VERTEX_POINT('',#5993);
#2932=VERTEX_POINT('',#5995);
#2933=VERTEX_POINT('',#5997);
#2934=VERTEX_POINT('',#5999);
#2935=VERTEX_POINT('',#6001);
#2936=VERTEX_POINT('',#6003);
#2937=VERTEX_POINT('',#6005);
#2938=VERTEX_POINT('',#6007);
#2939=VERTEX_POINT('',#6009);
#2940=VERTEX_POINT('',#6011);
#2941=VERTEX_POINT('',#6013);
#2942=VERTEX_POINT('',#6015);
#2943=VERTEX_POINT('',#6017);
#2944=VERTEX_POINT('',#6019);
#2945=VERTEX_POINT('',#6021);
#2946=VERTEX_POINT('',#6023);
#2947=VERTEX_POINT('',#6025);
#2948=VERTEX_POINT('',#6027);
#2949=VERTEX_POINT('',#6029);
#2950=VERTEX_POINT('',#6031);
#2951=VERTEX_POINT('',#6033);
#2952=VERTEX_POINT('',#6035);
#2953=VERTEX_POINT('',#6037);
#2954=VERTEX_POINT('',#6039);
#2955=VERTEX_POINT('',#6041);
#2956=VERTEX_POINT('',#6043);
#2957=VERTEX_POINT('',#6045);
#2958=VERTEX_POINT('',#6047);
#2959=VERTEX_POINT('',#6049);
#2960=VERTEX_POINT('',#6051);
#2961=VERTEX_POINT('',#6053);
#2962=VERTEX_POINT('',#6057);
#2963=VERTEX_POINT('',#6059);
#2964=VERTEX_POINT('',#6064);
#2965=VERTEX_POINT('',#6065);
#2966=VERTEX_POINT('',#6135);
#2967=VERTEX_POINT('',#6136);
#2968=VERTEX_POINT('',#6141);
#2969=VERTEX_POINT('',#6146);
#2970=VERTEX_POINT('',#6148);
#2971=VERTEX_POINT('',#6150);
#2972=VERTEX_POINT('',#6167);
#2973=VERTEX_POINT('',#6169);
#2974=VERTEX_POINT('',#6185);
#2975=VERTEX_POINT('',#6189);
#2976=VERTEX_POINT('',#6218);
#2977=VERTEX_POINT('',#6219);
#2978=VERTEX_POINT('',#6221);
#2979=VERTEX_POINT('',#6238);
#2980=VERTEX_POINT('',#6242);
#2981=VERTEX_POINT('',#6247);
#2982=VERTEX_POINT('',#6257);
#2983=VERTEX_POINT('',#6262);
#2984=VERTEX_POINT('',#6268);
#2985=VERTEX_POINT('',#6272);
#2986=VERTEX_POINT('',#6282);
#2987=VERTEX_POINT('',#6293);
#2988=VERTEX_POINT('',#6301);
#2989=VERTEX_POINT('',#6425);
#2990=VERTEX_POINT('',#6426);
#2991=VERTEX_POINT('',#6429);
#2992=VERTEX_POINT('',#6432);
#2993=VERTEX_POINT('',#6437);
#2994=VERTEX_POINT('',#6438);
#2995=VERTEX_POINT('',#6441);
#2996=VERTEX_POINT('',#6444);
#2997=VERTEX_POINT('',#6457);
#2998=VERTEX_POINT('',#6458);
#2999=VERTEX_POINT('',#6463);
#3000=VERTEX_POINT('',#6484);
#3001=VERTEX_POINT('',#6493);
#3002=VERTEX_POINT('',#6494);
#3003=VERTEX_POINT('',#6499);
#3004=VERTEX_POINT('',#6504);
#3005=VERTEX_POINT('',#6509);
#3006=VERTEX_POINT('',#6520);
#3007=VERTEX_POINT('',#6531);
#3008=VERTEX_POINT('',#6536);
#3009=VERTEX_POINT('',#6553);
#3010=VERTEX_POINT('',#6558);
#3011=VERTEX_POINT('',#6591);
#3012=VERTEX_POINT('',#6592);
#3013=VERTEX_POINT('',#6597);
#3014=VERTEX_POINT('',#6616);
#3015=VERTEX_POINT('',#6622);
#3016=VERTEX_POINT('',#6623);
#3017=VERTEX_POINT('',#6625);
#3018=VERTEX_POINT('',#6627);
#3019=VERTEX_POINT('',#6633);
#3020=VERTEX_POINT('',#6634);
#3021=VERTEX_POINT('',#6639);
#3022=VERTEX_POINT('',#6644);
#3023=VERTEX_POINT('',#6649);
#3024=VERTEX_POINT('',#6654);
#3025=VERTEX_POINT('',#6677);
#3026=VERTEX_POINT('',#6678);
#3027=VERTEX_POINT('',#6683);
#3028=VERTEX_POINT('',#6688);
#3029=VERTEX_POINT('',#6693);
#3030=VERTEX_POINT('',#6702);
#3031=VERTEX_POINT('',#6707);
#3032=VERTEX_POINT('',#6724);
#3033=VERTEX_POINT('',#6725);
#3034=VERTEX_POINT('',#6730);
#3035=VERTEX_POINT('',#6745);
#3036=VERTEX_POINT('',#6752);
#3037=VERTEX_POINT('',#6765);
#3038=VERTEX_POINT('',#6770);
#3039=VERTEX_POINT('',#6785);
#3040=VERTEX_POINT('',#6796);
#3041=VERTEX_POINT('',#6823);
#3042=VERTEX_POINT('',#6824);
#3043=VERTEX_POINT('',#6829);
#3044=VERTEX_POINT('',#6852);
#3045=VERTEX_POINT('',#6861);
#3046=VERTEX_POINT('',#6862);
#3047=VERTEX_POINT('',#6867);
#3048=VERTEX_POINT('',#6882);
#3049=VERTEX_POINT('',#6887);
#3050=VERTEX_POINT('',#6894);
#3051=VERTEX_POINT('',#6909);
#3052=VERTEX_POINT('',#6914);
#3053=VERTEX_POINT('',#6923);
#3054=VERTEX_POINT('',#6924);
#3055=VERTEX_POINT('',#6929);
#3056=VERTEX_POINT('',#6934);
#3057=VERTEX_POINT('',#6939);
#3058=VERTEX_POINT('',#6962);
#3059=VERTEX_POINT('',#6969);
#3060=VERTEX_POINT('',#6970);
#3061=VERTEX_POINT('',#6972);
#3062=VERTEX_POINT('',#6974);
#3063=VERTEX_POINT('',#6978);
#3064=VERTEX_POINT('',#6979);
#3065=VERTEX_POINT('',#6984);
#3066=VERTEX_POINT('',#6985);
#3067=VERTEX_POINT('',#7007);
#3068=VERTEX_POINT('',#7009);
#3069=VERTEX_POINT('',#7011);
#3070=VERTEX_POINT('',#7013);
#3071=VERTEX_POINT('',#7030);
#3072=VERTEX_POINT('',#7032);
#3073=VERTEX_POINT('',#7066);
#3074=VERTEX_POINT('',#7069);
#3075=VERTEX_POINT('',#7071);
#3076=VERTEX_POINT('',#7073);
#3077=VERTEX_POINT('',#7079);
#3078=VERTEX_POINT('',#7081);
#3079=VERTEX_POINT('',#7083);
#3080=VERTEX_POINT('',#7085);
#3081=VERTEX_POINT('',#7087);
#3082=VERTEX_POINT('',#7089);
#3083=VERTEX_POINT('',#7091);
#3084=VERTEX_POINT('',#7093);
#3085=VERTEX_POINT('',#7122);
#3086=VERTEX_POINT('',#7123);
#3087=VERTEX_POINT('',#7128);
#3088=VERTEX_POINT('',#7135);
#3089=VERTEX_POINT('',#7140);
#3090=VERTEX_POINT('',#7148);
#3091=VERTEX_POINT('',#7150);
#3092=VERTEX_POINT('',#7155);
#3093=VERTEX_POINT('',#7160);
#3094=VERTEX_POINT('',#7183);
#3095=VERTEX_POINT('',#7206);
#3096=VERTEX_POINT('',#7207);
#3097=VERTEX_POINT('',#7227);
#3098=VERTEX_POINT('',#7249);
#3099=VERTEX_POINT('',#7293);
#3100=VERTEX_POINT('',#7294);
#3101=VERTEX_POINT('',#7302);
#3102=VERTEX_POINT('',#7321);
#3103=VERTEX_POINT('',#7343);
#3104=VERTEX_POINT('',#7362);
#3105=VERTEX_POINT('',#7384);
#3106=VERTEX_POINT('',#7397);
#3107=VERTEX_POINT('',#7419);
#3108=VERTEX_POINT('',#7435);
#3109=VERTEX_POINT('',#7454);
#3110=VERTEX_POINT('',#7455);
#3111=VERTEX_POINT('',#7457);
#3112=VERTEX_POINT('',#7468);
#3113=VERTEX_POINT('',#7484);
#3114=VERTEX_POINT('',#7485);
#3115=VERTEX_POINT('',#7493);
#3116=VERTEX_POINT('',#7514);
#3117=VERTEX_POINT('',#7538);
#3118=VERTEX_POINT('',#7545);
#3119=VERTEX_POINT('',#7588);
#3120=VERTEX_POINT('',#7589);
#3121=VERTEX_POINT('',#7597);
#3122=VERTEX_POINT('',#7612);
#3123=VERTEX_POINT('',#7630);
#3124=VERTEX_POINT('',#7641);
#3125=VERTEX_POINT('',#7655);
#3126=VERTEX_POINT('',#7668);
#3127=VERTEX_POINT('',#7669);
#3128=VERTEX_POINT('',#7671);
#3129=VERTEX_POINT('',#7676);
#3130=VERTEX_POINT('',#7683);
#3131=VERTEX_POINT('',#7684);
#3132=VERTEX_POINT('',#7698);
#3133=VERTEX_POINT('',#7714);
#3134=VERTEX_POINT('',#7790);
#3135=VERTEX_POINT('',#7791);
#3136=VERTEX_POINT('',#7797);
#3137=VERTEX_POINT('',#7802);
#3138=VERTEX_POINT('',#7811);
#3139=VERTEX_POINT('',#7812);
#3140=VERTEX_POINT('',#7818);
#3141=VERTEX_POINT('',#7823);
#3142=VERTEX_POINT('',#7834);
#3143=VERTEX_POINT('',#7835);
#3144=VERTEX_POINT('',#7837);
#3145=VERTEX_POINT('',#7842);
#3146=VERTEX_POINT('',#7852);
#3147=VERTEX_POINT('',#7853);
#3148=VERTEX_POINT('',#7864);
#3149=VERTEX_POINT('',#7874);
#3150=VERTEX_POINT('',#7887);
#3151=VERTEX_POINT('',#7913);
#3152=VERTEX_POINT('',#7933);
#3153=VERTEX_POINT('',#7948);
#3154=VERTEX_POINT('',#7968);
#3155=VERTEX_POINT('',#8069);
#3156=VERTEX_POINT('',#8070);
#3157=VERTEX_POINT('',#8096);
#3158=VERTEX_POINT('',#8124);
#3159=VERTEX_POINT('',#8176);
#3160=VERTEX_POINT('',#8177);
#3161=VERTEX_POINT('',#8185);
#3162=VERTEX_POINT('',#8192);
#3163=VERTEX_POINT('',#8199);
#3164=VERTEX_POINT('',#8216);
#3165=VERTEX_POINT('',#8238);
#3166=VERTEX_POINT('',#8250);
#3167=VERTEX_POINT('',#8286);
#3168=VERTEX_POINT('',#8287);
#3169=VERTEX_POINT('',#8295);
#3170=VERTEX_POINT('',#8302);
#3171=VERTEX_POINT('',#8327);
#3172=VERTEX_POINT('',#8355);
#3173=VERTEX_POINT('',#8381);
#3174=VERTEX_POINT('',#8400);
#3175=VERTEX_POINT('',#8425);
#3176=VERTEX_POINT('',#8426);
#3177=VERTEX_POINT('',#8428);
#3178=VERTEX_POINT('',#8430);
#3179=VERTEX_POINT('',#8437);
#3180=VERTEX_POINT('',#8438);
#3181=VERTEX_POINT('',#8440);
#3182=VERTEX_POINT('',#8442);
#3183=VERTEX_POINT('',#8446);
#3184=VERTEX_POINT('',#8448);
#3185=VERTEX_POINT('',#8452);
#3186=VERTEX_POINT('',#8454);
#3187=VERTEX_POINT('',#8455);
#3188=VERTEX_POINT('',#8457);
#3189=VERTEX_POINT('',#8459);
#3190=VERTEX_POINT('',#8463);
#3191=VERTEX_POINT('',#8464);
#3192=VERTEX_POINT('',#8481);
#3193=VERTEX_POINT('',#8483);
#3194=VERTEX_POINT('',#8531);
#3195=VERTEX_POINT('',#8533);
#3196=VERTEX_POINT('',#8537);
#3197=VERTEX_POINT('',#8539);
#3198=VERTEX_POINT('',#8543);
#3199=VERTEX_POINT('',#8545);
#3200=VERTEX_POINT('',#8564);
#3201=VERTEX_POINT('',#8565);
#3202=VERTEX_POINT('',#8568);
#3203=VERTEX_POINT('',#8572);
#3204=VERTEX_POINT('',#8574);
#3205=VERTEX_POINT('',#8585);
#3206=VERTEX_POINT('',#8590);
#3207=VERTEX_POINT('',#8595);
#3208=VERTEX_POINT('',#8597);
#3209=VERTEX_POINT('',#8602);
#3210=VERTEX_POINT('',#8607);
#3211=VERTEX_POINT('',#8612);
#3212=VERTEX_POINT('',#8614);
#3213=VERTEX_POINT('',#8622);
#3214=VERTEX_POINT('',#8627);
#3215=VERTEX_POINT('',#8632);
#3216=VERTEX_POINT('',#8640);
#3217=VERTEX_POINT('',#8664);
#3218=VERTEX_POINT('',#8668);
#3219=VERTEX_POINT('',#8674);
#3220=VERTEX_POINT('',#8675);
#3221=VERTEX_POINT('',#8684);
#3222=EDGE_CURVE('',#2833,#2834,#3800,.T.);
#3223=EDGE_CURVE('',#2835,#2833,#1539,.T.);
#3224=EDGE_CURVE('',#2836,#2835,#3801,.T.);
#3225=EDGE_CURVE('',#2834,#2836,#1540,.T.);
#3226=EDGE_CURVE('',#2837,#2838,#3802,.T.);
#3227=EDGE_CURVE('',#2837,#2839,#3803,.T.);
#3228=EDGE_CURVE('',#2839,#2840,#1541,.T.);
#3229=EDGE_CURVE('',#2840,#2841,#3804,.T.);
#3230=EDGE_CURVE('',#2842,#2841,#3805,.T.);
#3231=EDGE_CURVE('',#2842,#2843,#3806,.T.);
#3232=EDGE_CURVE('',#2843,#2844,#3807,.T.);
#3233=EDGE_CURVE('',#2844,#2845,#1542,.T.);
#3234=EDGE_CURVE('',#2845,#2846,#1543,.T.);
#3235=EDGE_CURVE('',#2847,#2846,#3808,.T.);
#3236=EDGE_CURVE('',#2848,#2847,#3809,.T.);
#3237=EDGE_CURVE('',#2848,#2849,#1544,.T.);
#3238=EDGE_CURVE('',#2850,#2849,#3810,.T.);
#3239=EDGE_CURVE('',#2851,#2850,#3811,.T.);
#3240=EDGE_CURVE('',#2851,#2852,#1545,.T.);
#3241=EDGE_CURVE('',#2853,#2852,#3812,.T.);
#3242=EDGE_CURVE('',#2854,#2853,#3813,.T.);
#3243=EDGE_CURVE('',#2855,#2854,#3814,.T.);
#3244=EDGE_CURVE('',#2856,#2855,#1546,.T.);
#3245=EDGE_CURVE('',#2856,#2857,#3815,.T.);
#3246=EDGE_CURVE('',#2858,#2857,#1547,.T.);
#3247=EDGE_CURVE('',#2859,#2858,#3816,.T.);
#3248=EDGE_CURVE('',#2859,#2860,#3817,.T.);
#3249=EDGE_CURVE('',#2861,#2860,#3818,.T.);
#3250=EDGE_CURVE('',#2861,#2862,#3819,.T.);
#3251=EDGE_CURVE('',#2863,#2862,#3820,.T.);
#3252=EDGE_CURVE('',#2864,#2863,#3821,.T.);
#3253=EDGE_CURVE('',#2865,#2864,#1548,.T.);
#3254=EDGE_CURVE('',#2865,#2866,#3822,.T.);
#3255=EDGE_CURVE('',#2867,#2866,#1549,.T.);
#3256=EDGE_CURVE('',#2868,#2867,#3823,.T.);
#3257=EDGE_CURVE('',#2869,#2868,#3824,.T.);
#3258=EDGE_CURVE('',#2870,#2869,#3825,.T.);
#3259=EDGE_CURVE('',#2870,#2871,#1550,.T.);
#3260=EDGE_CURVE('',#2872,#2871,#3826,.T.);
#3261=EDGE_CURVE('',#2873,#2872,#3827,.T.);
#3262=EDGE_CURVE('',#2873,#2874,#1551,.T.);
#3263=EDGE_CURVE('',#2875,#2874,#3828,.T.);
#3264=EDGE_CURVE('',#2876,#2875,#3829,.T.);
#3265=EDGE_CURVE('',#2876,#2877,#1552,.T.);
#3266=EDGE_CURVE('',#2877,#2878,#1553,.T.);
#3267=EDGE_CURVE('',#2878,#2879,#3830,.T.);
#3268=EDGE_CURVE('',#2879,#2880,#3831,.T.);
#3269=EDGE_CURVE('',#2881,#2880,#3832,.T.);
#3270=EDGE_CURVE('',#2881,#2882,#3833,.T.);
#3271=EDGE_CURVE('',#2882,#2883,#1554,.T.);
#3272=EDGE_CURVE('',#2883,#2838,#3834,.T.);
#3273=EDGE_CURVE('',#2833,#2837,#1555,.T.);
#3274=EDGE_CURVE('',#2838,#2884,#1556,.T.);
#3275=EDGE_CURVE('',#2884,#2885,#1557,.T.);
#3276=EDGE_CURVE('',#2885,#2835,#1558,.T.);
#3277=EDGE_CURVE('',#2839,#2834,#496,.T.);
#3278=EDGE_CURVE('',#2836,#2886,#497,.T.);
#3279=EDGE_CURVE('',#2886,#2887,#1559,.T.);
#3280=EDGE_CURVE('',#2887,#2883,#498,.T.);
#3281=EDGE_CURVE('',#2882,#2840,#1560,.T.);
#3282=EDGE_CURVE('',#2888,#2889,#499,.T.);
#3283=EDGE_CURVE('',#2890,#2889,#3835,.T.);
#3284=EDGE_CURVE('',#2891,#2890,#3836,.T.);
#3285=EDGE_CURVE('',#2892,#2891,#3837,.T.);
#3286=EDGE_CURVE('',#2893,#2892,#500,.T.);
#3287=EDGE_CURVE('',#2888,#2893,#501,.T.);
#3288=EDGE_CURVE('',#2859,#2894,#502,.T.);
#3289=EDGE_CURVE('',#2894,#2895,#3838,.T.);
#3290=EDGE_CURVE('',#2895,#2862,#503,.T.);
#3291=EDGE_CURVE('',#2861,#2860,#504,.T.);
#3292=EDGE_CURVE('',#2896,#2853,#1561,.T.);
#3293=EDGE_CURVE('',#2896,#2897,#3839,.T.);
#3294=EDGE_CURVE('',#2897,#2891,#1562,.T.);
#3295=EDGE_CURVE('',#2869,#2890,#1563,.T.);
#3296=EDGE_CURVE('',#2868,#2854,#1564,.T.);
#3297=EDGE_CURVE('',#2895,#2863,#1565,.T.);
#3298=EDGE_CURVE('',#2867,#2855,#1566,.T.);
#3299=EDGE_CURVE('',#2894,#2859,#1567,.T.);
#3300=EDGE_CURVE('',#2858,#2864,#1568,.T.);
#3301=EDGE_CURVE('',#2865,#2857,#1569,.T.);
#3302=EDGE_CURVE('',#2856,#2866,#1570,.T.);
#3303=EDGE_CURVE('',#2898,#2899,#506,.T.);
#3304=EDGE_CURVE('',#2900,#2898,#1571,.T.);
#3305=EDGE_CURVE('',#2901,#2900,#507,.T.);
#3306=EDGE_CURVE('',#2899,#2901,#1572,.T.);
#3307=EDGE_CURVE('',#2902,#2892,#3840,.T.);
#3308=EDGE_CURVE('',#2897,#2903,#3841,.T.);
#3309=EDGE_CURVE('',#2902,#2903,#452,.T.);
#3310=EDGE_CURVE('',#2903,#2904,#508,.T.);
#3311=EDGE_CURVE('',#2905,#2896,#3842,.T.);
#3312=EDGE_CURVE('',#2905,#2898,#509,.T.);
#3313=EDGE_CURVE('',#2899,#2906,#3843,.T.);
#3314=EDGE_CURVE('',#2904,#2906,#510,.T.);
#3315=EDGE_CURVE('',#2901,#2907,#3844,.T.);
#3316=EDGE_CURVE('',#2906,#2907,#1573,.T.);
#3317=EDGE_CURVE('',#2888,#2900,#511,.T.);
#3318=EDGE_CURVE('',#2893,#2908,#3845,.T.);
#3319=EDGE_CURVE('',#2907,#2908,#512,.T.);
#3320=EDGE_CURVE('',#2909,#2902,#513,.T.);
#3321=EDGE_CURVE('',#2910,#2909,#514,.T.);
#3322=EDGE_CURVE('',#2908,#2910,#515,.T.);
#3323=EDGE_CURVE('',#2870,#2852,#1574,.T.);
#3324=EDGE_CURVE('',#2890,#2896,#1575,.T.);
#3325=EDGE_CURVE('',#2850,#2872,#1576,.T.);
#3326=EDGE_CURVE('',#2871,#2851,#1577,.T.);
#3327=EDGE_CURVE('',#2873,#2849,#1578,.T.);
#3328=EDGE_CURVE('',#2876,#2846,#1579,.T.);
#3329=EDGE_CURVE('',#2847,#2875,#1580,.T.);
#3330=EDGE_CURVE('',#2874,#2848,#1581,.T.);
#3331=EDGE_CURVE('',#2879,#2843,#1582,.T.);
#3332=EDGE_CURVE('',#2842,#2880,#1583,.T.);
#3333=EDGE_CURVE('',#2881,#2841,#1584,.T.);
#3334=EDGE_CURVE('',#2877,#2845,#1585,.T.);
#3335=EDGE_CURVE('',#2878,#2844,#1586,.T.);
#3336=EDGE_CURVE('',#2889,#2905,#1587,.T.);
#3337=EDGE_CURVE('',#2885,#2886,#3846,.T.);
#3338=EDGE_CURVE('',#2887,#2884,#3847,.T.);
#3339=EDGE_CURVE('',#2911,#2912,#1588,.T.);
#3340=EDGE_CURVE('',#2912,#2913,#3848,.T.);
#3341=EDGE_CURVE('',#2911,#2913,#3849,.T.);
#3342=EDGE_CURVE('',#2912,#2914,#1589,.T.);
#3343=EDGE_CURVE('',#2911,#2914,#517,.T.);
#3344=EDGE_CURVE('',#2914,#2913,#3850,.T.);
#3345=EDGE_CURVE('',#2915,#2916,#3851,.T.);
#3346=EDGE_CURVE('',#2917,#2915,#1590,.T.);
#3347=EDGE_CURVE('',#2918,#2917,#3852,.T.);
#3348=EDGE_CURVE('',#2916,#2918,#1591,.T.);
#3349=EDGE_CURVE('',#2919,#2920,#1592,.T.);
#3350=EDGE_CURVE('',#2920,#2921,#3853,.T.);
#3351=EDGE_CURVE('',#2922,#2921,#3854,.T.);
#3352=EDGE_CURVE('',#2922,#2923,#3855,.T.);
#3353=EDGE_CURVE('',#2923,#2924,#1593,.T.);
#3354=EDGE_CURVE('',#2924,#2925,#3856,.T.);
#3355=EDGE_CURVE('',#2926,#2925,#3857,.T.);
#3356=EDGE_CURVE('',#2926,#2927,#3858,.T.);
#3357=EDGE_CURVE('',#2927,#2928,#3859,.T.);
#3358=EDGE_CURVE('',#2928,#2929,#1594,.T.);
#3359=EDGE_CURVE('',#2929,#2930,#1595,.T.);
#3360=EDGE_CURVE('',#2931,#2930,#3860,.T.);
#3361=EDGE_CURVE('',#2932,#2931,#3861,.T.);
#3362=EDGE_CURVE('',#2932,#2933,#1596,.T.);
#3363=EDGE_CURVE('',#2934,#2933,#3862,.T.);
#3364=EDGE_CURVE('',#2935,#2934,#3863,.T.);
#3365=EDGE_CURVE('',#2935,#2936,#1597,.T.);
#3366=EDGE_CURVE('',#2937,#2936,#3864,.T.);
#3367=EDGE_CURVE('',#2938,#2937,#3865,.T.);
#3368=EDGE_CURVE('',#2939,#2938,#3866,.T.);
#3369=EDGE_CURVE('',#2939,#2940,#3867,.T.);
#3370=EDGE_CURVE('',#2941,#2940,#3868,.T.);
#3371=EDGE_CURVE('',#2942,#2941,#3869,.T.);
#3372=EDGE_CURVE('',#2942,#2943,#3870,.T.);
#3373=EDGE_CURVE('',#2944,#2943,#3871,.T.);
#3374=EDGE_CURVE('',#2944,#2945,#3872,.T.);
#3375=EDGE_CURVE('',#2946,#2945,#3873,.T.);
#3376=EDGE_CURVE('',#2946,#2947,#3874,.T.);
#3377=EDGE_CURVE('',#2948,#2947,#3875,.T.);
#3378=EDGE_CURVE('',#2949,#2948,#3876,.T.);
#3379=EDGE_CURVE('',#2950,#2949,#3877,.T.);
#3380=EDGE_CURVE('',#2950,#2951,#1598,.T.);
#3381=EDGE_CURVE('',#2952,#2951,#3878,.T.);
#3382=EDGE_CURVE('',#2953,#2952,#3879,.T.);
#3383=EDGE_CURVE('',#2953,#2954,#1599,.T.);
#3384=EDGE_CURVE('',#2955,#2954,#3880,.T.);
#3385=EDGE_CURVE('',#2956,#2955,#3881,.T.);
#3386=EDGE_CURVE('',#2956,#2957,#1600,.T.);
#3387=EDGE_CURVE('',#2957,#2958,#1601,.T.);
#3388=EDGE_CURVE('',#2958,#2959,#3882,.T.);
#3389=EDGE_CURVE('',#2959,#2960,#3883,.T.);
#3390=EDGE_CURVE('',#2961,#2960,#3884,.T.);
#3391=EDGE_CURVE('',#2961,#2919,#3885,.T.);
#3392=EDGE_CURVE('',#2921,#2962,#1602,.T.);
#3393=EDGE_CURVE('',#2962,#2963,#1603,.T.);
#3394=EDGE_CURVE('',#2963,#2916,#1604,.T.);
#3395=EDGE_CURVE('',#2918,#2922,#1605,.T.);
#3396=EDGE_CURVE('',#2964,#2965,#1606,.T.);
#3397=EDGE_CURVE('',#2965,#2920,#518,.T.);
#3398=EDGE_CURVE('',#2919,#2924,#1607,.T.);
#3399=EDGE_CURVE('',#2923,#2917,#519,.T.);
#3400=EDGE_CURVE('',#2915,#2964,#520,.T.);
#3401=EDGE_CURVE('',#2966,#2967,#521,.T.);
#3402=EDGE_CURVE('',#2968,#2967,#522,.T.);
#3403=EDGE_CURVE('',#2968,#2969,#523,.T.);
#3404=EDGE_CURVE('',#2970,#2969,#3886,.T.);
#3405=EDGE_CURVE('',#2971,#2970,#3887,.T.);
#3406=EDGE_CURVE('',#2966,#2971,#3888,.T.);
#3407=EDGE_CURVE('',#2944,#2943,#524,.T.);
#3408=EDGE_CURVE('',#2942,#2972,#525,.T.);
#3409=EDGE_CURVE('',#2972,#2973,#3889,.T.);
#3410=EDGE_CURVE('',#2973,#2945,#526,.T.);
#3411=EDGE_CURVE('',#2949,#2974,#1608,.T.);
#3412=EDGE_CURVE('',#2948,#2938,#1609,.T.);
#3413=EDGE_CURVE('',#2971,#2937,#1610,.T.);
#3414=EDGE_CURVE('',#2970,#2975,#1611,.T.);
#3415=EDGE_CURVE('',#2975,#2974,#3890,.T.);
#3416=EDGE_CURVE('',#2941,#2972,#1612,.T.);
#3417=EDGE_CURVE('',#2939,#2947,#1613,.T.);
#3418=EDGE_CURVE('',#2946,#2940,#1614,.T.);
#3419=EDGE_CURVE('',#2945,#2973,#1615,.T.);
#3420=EDGE_CURVE('',#2976,#2977,#528,.T.);
#3421=EDGE_CURVE('',#2978,#2976,#1616,.T.);
#3422=EDGE_CURVE('',#2979,#2978,#529,.T.);
#3423=EDGE_CURVE('',#2977,#2979,#1617,.T.);
#3424=EDGE_CURVE('',#2969,#2980,#3891,.T.);
#3425=EDGE_CURVE('',#2981,#2980,#453,.T.);
#3426=EDGE_CURVE('',#2981,#2975,#3892,.T.);
#3427=EDGE_CURVE('',#2982,#2981,#530,.T.);
#3428=EDGE_CURVE('',#2983,#2982,#531,.T.);
#3429=EDGE_CURVE('',#2983,#2976,#3893,.T.);
#3430=EDGE_CURVE('',#2977,#2984,#532,.T.);
#3431=EDGE_CURVE('',#2974,#2984,#3894,.T.);
#3432=EDGE_CURVE('',#2985,#2978,#3895,.T.);
#3433=EDGE_CURVE('',#2985,#2983,#1618,.T.);
#3434=EDGE_CURVE('',#2986,#2985,#533,.T.);
#3435=EDGE_CURVE('',#2986,#2968,#3896,.T.);
#3436=EDGE_CURVE('',#2979,#2967,#534,.T.);
#3437=EDGE_CURVE('',#2987,#2986,#535,.T.);
#3438=EDGE_CURVE('',#2988,#2987,#536,.T.);
#3439=EDGE_CURVE('',#2980,#2988,#537,.T.);
#3440=EDGE_CURVE('',#2950,#2936,#1619,.T.);
#3441=EDGE_CURVE('',#2974,#2971,#1620,.T.);
#3442=EDGE_CURVE('',#2934,#2952,#1621,.T.);
#3443=EDGE_CURVE('',#2951,#2935,#1622,.T.);
#3444=EDGE_CURVE('',#2953,#2933,#1623,.T.);
#3445=EDGE_CURVE('',#2956,#2930,#1624,.T.);
#3446=EDGE_CURVE('',#2931,#2955,#1625,.T.);
#3447=EDGE_CURVE('',#2954,#2932,#1626,.T.);
#3448=EDGE_CURVE('',#2926,#2960,#1627,.T.);
#3449=EDGE_CURVE('',#2959,#2927,#1628,.T.);
#3450=EDGE_CURVE('',#2961,#2925,#1629,.T.);
#3451=EDGE_CURVE('',#2957,#2929,#1630,.T.);
#3452=EDGE_CURVE('',#2958,#2928,#1631,.T.);
#3453=EDGE_CURVE('',#2984,#2966,#1632,.T.);
#3454=EDGE_CURVE('',#2965,#2962,#3897,.T.);
#3455=EDGE_CURVE('',#2963,#2964,#3898,.T.);
#3456=EDGE_CURVE('',#2989,#2990,#539,.T.);
#3457=EDGE_CURVE('',#2991,#2989,#540,.T.);
#3458=EDGE_CURVE('',#2992,#2991,#541,.T.);
#3459=EDGE_CURVE('',#2990,#2992,#542,.T.);
#3460=EDGE_CURVE('',#2993,#2994,#543,.T.);
#3461=EDGE_CURVE('',#2995,#2993,#544,.T.);
#3462=EDGE_CURVE('',#2996,#2995,#545,.T.);
#3463=EDGE_CURVE('',#2994,#2996,#546,.T.);
#3464=EDGE_CURVE('',#2997,#2998,#547,.T.);
#3465=EDGE_CURVE('',#2999,#2997,#548,.T.);
#3466=EDGE_CURVE('',#3000,#2999,#549,.T.);
#3467=EDGE_CURVE('',#2998,#3000,#550,.T.);
#3468=EDGE_CURVE('',#3001,#3002,#551,.T.);
#3469=EDGE_CURVE('',#3003,#3001,#552,.T.);
#3470=EDGE_CURVE('',#3004,#3003,#553,.T.);
#3471=EDGE_CURVE('',#3005,#3004,#554,.T.);
#3472=EDGE_CURVE('',#3006,#3005,#555,.T.);
#3473=EDGE_CURVE('',#3007,#3006,#556,.T.);
#3474=EDGE_CURVE('',#3008,#3007,#557,.T.);
#3475=EDGE_CURVE('',#3009,#3008,#558,.T.);
#3476=EDGE_CURVE('',#3010,#3009,#559,.T.);
#3477=EDGE_CURVE('',#3002,#3010,#560,.T.);
#3478=EDGE_CURVE('',#3011,#3012,#561,.T.);
#3479=EDGE_CURVE('',#3013,#3011,#562,.T.);
#3480=EDGE_CURVE('',#3014,#3013,#563,.T.);
#3481=EDGE_CURVE('',#3012,#3014,#564,.T.);
#3482=EDGE_CURVE('',#3015,#3016,#3899,.T.);
#3483=EDGE_CURVE('',#3016,#3017,#3900,.T.);
#3484=EDGE_CURVE('',#3017,#3018,#3901,.T.);
#3485=EDGE_CURVE('',#3018,#3015,#3902,.T.);
#3486=EDGE_CURVE('',#3019,#3020,#565,.T.);
#3487=EDGE_CURVE('',#3021,#3019,#566,.T.);
#3488=EDGE_CURVE('',#3022,#3021,#567,.T.);
#3489=EDGE_CURVE('',#3023,#3022,#568,.T.);
#3490=EDGE_CURVE('',#3024,#3023,#569,.T.);
#3491=EDGE_CURVE('',#3020,#3024,#570,.T.);
#3492=EDGE_CURVE('',#3025,#3026,#571,.T.);
#3493=EDGE_CURVE('',#3027,#3025,#572,.T.);
#3494=EDGE_CURVE('',#3028,#3027,#573,.T.);
#3495=EDGE_CURVE('',#3029,#3028,#574,.T.);
#3496=EDGE_CURVE('',#3030,#3029,#575,.T.);
#3497=EDGE_CURVE('',#3031,#3030,#576,.T.);
#3498=EDGE_CURVE('',#3026,#3031,#577,.T.);
#3499=EDGE_CURVE('',#3032,#3033,#578,.T.);
#3500=EDGE_CURVE('',#3034,#3032,#579,.T.);
#3501=EDGE_CURVE('',#3035,#3034,#580,.T.);
#3502=EDGE_CURVE('',#3036,#3035,#581,.T.);
#3503=EDGE_CURVE('',#3037,#3036,#582,.T.);
#3504=EDGE_CURVE('',#3038,#3037,#583,.T.);
#3505=EDGE_CURVE('',#3039,#3038,#584,.T.);
#3506=EDGE_CURVE('',#3040,#3039,#585,.T.);
#3507=EDGE_CURVE('',#3033,#3040,#586,.T.);
#3508=EDGE_CURVE('',#3041,#3042,#587,.T.);
#3509=EDGE_CURVE('',#3043,#3041,#588,.T.);
#3510=EDGE_CURVE('',#3044,#3043,#589,.T.);
#3511=EDGE_CURVE('',#3042,#3044,#590,.T.);
#3512=EDGE_CURVE('',#3045,#3046,#591,.T.);
#3513=EDGE_CURVE('',#3047,#3045,#592,.T.);
#3514=EDGE_CURVE('',#3048,#3047,#593,.T.);
#3515=EDGE_CURVE('',#3049,#3048,#594,.T.);
#3516=EDGE_CURVE('',#3050,#3049,#595,.T.);
#3517=EDGE_CURVE('',#3051,#3050,#596,.T.);
#3518=EDGE_CURVE('',#3052,#3051,#597,.T.);
#3519=EDGE_CURVE('',#3046,#3052,#598,.T.);
#3520=EDGE_CURVE('',#3053,#3054,#599,.T.);
#3521=EDGE_CURVE('',#3055,#3053,#600,.T.);
#3522=EDGE_CURVE('',#3056,#3055,#601,.T.);
#3523=EDGE_CURVE('',#3057,#3056,#602,.T.);
#3524=EDGE_CURVE('',#3058,#3057,#603,.T.);
#3525=EDGE_CURVE('',#3054,#3058,#604,.T.);
#3526=EDGE_CURVE('',#3059,#3060,#1633,.T.);
#3527=EDGE_CURVE('',#3059,#3061,#3903,.T.);
#3528=EDGE_CURVE('',#3062,#3061,#1634,.T.);
#3529=EDGE_CURVE('',#3062,#3060,#3904,.T.);
#3530=EDGE_CURVE('',#3063,#3064,#3905,.T.);
#3531=EDGE_CURVE('',#3018,#3064,#3906,.T.);
#3532=EDGE_CURVE('',#3017,#3063,#3907,.T.);
#3533=EDGE_CURVE('',#3065,#3066,#3908,.T.);
#3534=EDGE_CURVE('',#3016,#3066,#3909,.T.);
#3535=EDGE_CURVE('',#3015,#3065,#3910,.T.);
#3536=EDGE_CURVE('',#3066,#3063,#3911,.T.);
#3537=EDGE_CURVE('',#3061,#3067,#605,.T.);
#3538=EDGE_CURVE('',#3068,#3067,#1635,.T.);
#3539=EDGE_CURVE('',#3069,#3068,#1636,.T.);
#3540=EDGE_CURVE('',#3070,#3069,#1637,.T.);
#3541=EDGE_CURVE('',#3070,#3071,#606,.T.);
#3542=EDGE_CURVE('',#3071,#3072,#1638,.T.);
#3543=EDGE_CURVE('',#3072,#3062,#607,.T.);
#3544=EDGE_CURVE('',#3064,#3073,#3912,.T.);
#3545=EDGE_CURVE('',#3073,#3059,#1639,.T.);
#3546=EDGE_CURVE('',#3060,#3074,#1640,.T.);
#3547=EDGE_CURVE('',#3074,#3075,#1641,.T.);
#3548=EDGE_CURVE('',#3075,#3076,#1642,.T.);
#3549=EDGE_CURVE('',#3076,#3065,#3913,.T.);
#3550=EDGE_CURVE('',#3067,#3073,#3914,.T.);
#3551=EDGE_CURVE('',#3076,#3070,#3915,.T.);
#3552=EDGE_CURVE('',#3069,#3077,#3916,.T.);
#3553=EDGE_CURVE('',#3077,#3078,#1643,.T.);
#3554=EDGE_CURVE('',#3078,#3079,#1644,.T.);
#3555=EDGE_CURVE('',#3080,#3079,#3917,.T.);
#3556=EDGE_CURVE('',#3081,#3080,#3918,.T.);
#3557=EDGE_CURVE('',#3082,#3081,#3919,.T.);
#3558=EDGE_CURVE('',#3082,#3083,#1645,.T.);
#3559=EDGE_CURVE('',#3083,#3084,#1646,.T.);
#3560=EDGE_CURVE('',#3084,#3068,#3920,.T.);
#3561=EDGE_CURVE('',#3074,#3072,#3921,.T.);
#3562=EDGE_CURVE('',#3071,#3075,#3922,.T.);
#3563=EDGE_CURVE('',#3080,#3081,#1647,.T.);
#3564=EDGE_CURVE('',#3077,#3084,#1648,.T.);
#3565=EDGE_CURVE('',#3078,#3083,#1649,.T.);
#3566=EDGE_CURVE('',#3082,#3079,#1650,.T.);
#3567=EDGE_CURVE('',#3085,#3086,#1651,.T.);
#3568=EDGE_CURVE('',#3086,#3087,#608,.T.);
#3569=EDGE_CURVE('',#3087,#3088,#609,.T.);
#3570=EDGE_CURVE('',#3088,#3089,#610,.T.);
#3571=EDGE_CURVE('',#3089,#3090,#611,.T.);
#3572=EDGE_CURVE('',#3090,#3091,#1652,.T.);
#3573=EDGE_CURVE('',#3091,#3092,#612,.T.);
#3574=EDGE_CURVE('',#3092,#3093,#613,.T.);
#3575=EDGE_CURVE('',#3093,#3085,#614,.T.);
#3576=EDGE_CURVE('',#3093,#3094,#3923,.T.);
#3577=EDGE_CURVE('',#3094,#3085,#23,.T.);
#3578=EDGE_CURVE('',#3094,#3086,#3924,.T.);
#3579=EDGE_CURVE('',#3086,#3093,#615,.T.);
#3580=EDGE_CURVE('',#3095,#3096,#617,.T.);
#3581=EDGE_CURVE('',#3013,#3096,#3925,.T.);
#3582=EDGE_CURVE('',#3011,#3095,#3926,.T.);
#3583=EDGE_CURVE('',#3097,#3095,#618,.T.);
#3584=EDGE_CURVE('',#3012,#3097,#3927,.T.);
#3585=EDGE_CURVE('',#3098,#3097,#620,.T.);
#3586=EDGE_CURVE('',#3014,#3098,#3928,.T.);
#3587=EDGE_CURVE('',#3096,#3098,#621,.T.);
#3588=EDGE_CURVE('',#3099,#3100,#623,.T.);
#3589=EDGE_CURVE('',#3003,#3100,#3929,.T.);
#3590=EDGE_CURVE('',#3001,#3099,#3930,.T.);
#3591=EDGE_CURVE('',#3101,#3099,#624,.T.);
#3592=EDGE_CURVE('',#3002,#3101,#3931,.T.);
#3593=EDGE_CURVE('',#3102,#3101,#625,.T.);
#3594=EDGE_CURVE('',#3010,#3102,#3932,.T.);
#3595=EDGE_CURVE('',#3103,#3102,#627,.T.);
#3596=EDGE_CURVE('',#3009,#3103,#3933,.T.);
#3597=EDGE_CURVE('',#3104,#3103,#628,.T.);
#3598=EDGE_CURVE('',#3008,#3104,#3934,.T.);
#3599=EDGE_CURVE('',#3105,#3104,#630,.T.);
#3600=EDGE_CURVE('',#3007,#3105,#3935,.T.);
#3601=EDGE_CURVE('',#3106,#3105,#631,.T.);
#3602=EDGE_CURVE('',#3006,#3106,#3936,.T.);
#3603=EDGE_CURVE('',#3107,#3106,#633,.T.);
#3604=EDGE_CURVE('',#3005,#3107,#3937,.T.);
#3605=EDGE_CURVE('',#3108,#3107,#635,.T.);
#3606=EDGE_CURVE('',#3004,#3108,#3938,.T.);
#3607=EDGE_CURVE('',#3100,#3108,#636,.T.);
#3608=EDGE_CURVE('',#3109,#3110,#637,.T.);
#3609=EDGE_CURVE('',#3111,#3110,#3939,.T.);
#3610=EDGE_CURVE('',#3111,#3112,#638,.T.);
#3611=EDGE_CURVE('',#3112,#3109,#3940,.T.);
#3612=EDGE_CURVE('',#3113,#3114,#640,.T.);
#3613=EDGE_CURVE('',#3021,#3114,#3941,.T.);
#3614=EDGE_CURVE('',#3019,#3113,#3942,.T.);
#3615=EDGE_CURVE('',#3115,#3113,#641,.T.);
#3616=EDGE_CURVE('',#3020,#3115,#3943,.T.);
#3617=EDGE_CURVE('',#3116,#3115,#642,.T.);
#3618=EDGE_CURVE('',#3024,#3116,#3944,.T.);
#3619=EDGE_CURVE('',#3117,#3116,#644,.T.);
#3620=EDGE_CURVE('',#3023,#3117,#3945,.T.);
#3621=EDGE_CURVE('',#3118,#3117,#645,.T.);
#3622=EDGE_CURVE('',#3022,#3118,#3946,.T.);
#3623=EDGE_CURVE('',#3114,#3118,#646,.T.);
#3624=EDGE_CURVE('',#3110,#3109,#647,.T.);
#3625=EDGE_CURVE('',#3112,#3111,#648,.T.);
#3626=EDGE_CURVE('',#3119,#3120,#650,.T.);
#3627=EDGE_CURVE('',#3027,#3120,#3947,.T.);
#3628=EDGE_CURVE('',#3025,#3119,#3948,.T.);
#3629=EDGE_CURVE('',#3121,#3119,#651,.T.);
#3630=EDGE_CURVE('',#3026,#3121,#3949,.T.);
#3631=EDGE_CURVE('',#3122,#3121,#652,.T.);
#3632=EDGE_CURVE('',#3031,#3122,#3950,.T.);
#3633=EDGE_CURVE('',#3123,#3122,#654,.T.);
#3634=EDGE_CURVE('',#3030,#3123,#3951,.T.);
#3635=EDGE_CURVE('',#3124,#3123,#655,.T.);
#3636=EDGE_CURVE('',#3029,#3124,#3952,.T.);
#3637=EDGE_CURVE('',#3125,#3124,#657,.T.);
#3638=EDGE_CURVE('',#3028,#3125,#3953,.T.);
#3639=EDGE_CURVE('',#3120,#3125,#658,.T.);
#3640=EDGE_CURVE('',#3126,#3127,#659,.T.);
#3641=EDGE_CURVE('',#3128,#3127,#3954,.T.);
#3642=EDGE_CURVE('',#3128,#3129,#660,.T.);
#3643=EDGE_CURVE('',#3129,#3126,#3955,.T.);
#3644=EDGE_CURVE('',#3130,#3131,#661,.T.);
#3645=EDGE_CURVE('',#2999,#3131,#3956,.T.);
#3646=EDGE_CURVE('',#2997,#3130,#3957,.T.);
#3647=EDGE_CURVE('',#3132,#3130,#662,.T.);
#3648=EDGE_CURVE('',#2998,#3132,#3958,.T.);
#3649=EDGE_CURVE('',#3133,#3132,#664,.T.);
#3650=EDGE_CURVE('',#3000,#3133,#3959,.T.);
#3651=EDGE_CURVE('',#3131,#3133,#665,.T.);
#3652=EDGE_CURVE('',#3127,#3126,#667,.T.);
#3653=EDGE_CURVE('',#3129,#3128,#668,.T.);
#3654=EDGE_CURVE('',#3134,#3135,#670,.T.);
#3655=EDGE_CURVE('',#2995,#3135,#3960,.T.);
#3656=EDGE_CURVE('',#2993,#3134,#3961,.T.);
#3657=EDGE_CURVE('',#3136,#3134,#671,.T.);
#3658=EDGE_CURVE('',#2994,#3136,#3962,.T.);
#3659=EDGE_CURVE('',#3137,#3136,#672,.T.);
#3660=EDGE_CURVE('',#2996,#3137,#3963,.T.);
#3661=EDGE_CURVE('',#3135,#3137,#673,.T.);
#3662=EDGE_CURVE('',#3138,#3139,#674,.T.);
#3663=EDGE_CURVE('',#2991,#3139,#3964,.T.);
#3664=EDGE_CURVE('',#2989,#3138,#3965,.T.);
#3665=EDGE_CURVE('',#3140,#3138,#675,.T.);
#3666=EDGE_CURVE('',#2990,#3140,#3966,.T.);
#3667=EDGE_CURVE('',#3141,#3140,#676,.T.);
#3668=EDGE_CURVE('',#2992,#3141,#3967,.T.);
#3669=EDGE_CURVE('',#3139,#3141,#677,.T.);
#3670=EDGE_CURVE('',#3142,#3143,#678,.T.);
#3671=EDGE_CURVE('',#3144,#3143,#3968,.T.);
#3672=EDGE_CURVE('',#3144,#3145,#679,.T.);
#3673=EDGE_CURVE('',#3145,#3142,#3969,.T.);
#3674=EDGE_CURVE('',#3146,#3147,#681,.T.);
#3675=EDGE_CURVE('',#3034,#3147,#3970,.T.);
#3676=EDGE_CURVE('',#3032,#3146,#3971,.T.);
#3677=EDGE_CURVE('',#3148,#3146,#683,.T.);
#3678=EDGE_CURVE('',#3033,#3148,#3972,.T.);
#3679=EDGE_CURVE('',#3149,#3148,#685,.T.);
#3680=EDGE_CURVE('',#3040,#3149,#3973,.T.);
#3681=EDGE_CURVE('',#3150,#3149,#686,.T.);
#3682=EDGE_CURVE('',#3039,#3150,#3974,.T.);
#3683=EDGE_CURVE('',#3151,#3150,#688,.T.);
#3684=EDGE_CURVE('',#3038,#3151,#3975,.T.);
#3685=EDGE_CURVE('',#3152,#3151,#690,.T.);
#3686=EDGE_CURVE('',#3037,#3152,#3976,.T.);
#3687=EDGE_CURVE('',#3153,#3152,#691,.T.);
#3688=EDGE_CURVE('',#3036,#3153,#3977,.T.);
#3689=EDGE_CURVE('',#3154,#3153,#693,.T.);
#3690=EDGE_CURVE('',#3035,#3154,#3978,.T.);
#3691=EDGE_CURVE('',#3147,#3154,#695,.T.);
#3692=EDGE_CURVE('',#3143,#3142,#697,.T.);
#3693=EDGE_CURVE('',#3145,#3144,#698,.T.);
#3694=EDGE_CURVE('',#3155,#3156,#700,.T.);
#3695=EDGE_CURVE('',#3043,#3156,#3979,.T.);
#3696=EDGE_CURVE('',#3041,#3155,#3980,.T.);
#3697=EDGE_CURVE('',#3157,#3155,#701,.T.);
#3698=EDGE_CURVE('',#3042,#3157,#3981,.T.);
#3699=EDGE_CURVE('',#3158,#3157,#703,.T.);
#3700=EDGE_CURVE('',#3044,#3158,#3982,.T.);
#3701=EDGE_CURVE('',#3156,#3158,#704,.T.);
#3702=EDGE_CURVE('',#3159,#3160,#706,.T.);
#3703=EDGE_CURVE('',#3047,#3160,#3983,.T.);
#3704=EDGE_CURVE('',#3045,#3159,#3984,.T.);
#3705=EDGE_CURVE('',#3161,#3159,#707,.T.);
#3706=EDGE_CURVE('',#3046,#3161,#3985,.T.);
#3707=EDGE_CURVE('',#3162,#3161,#708,.T.);
#3708=EDGE_CURVE('',#3052,#3162,#3986,.T.);
#3709=EDGE_CURVE('',#3163,#3162,#709,.T.);
#3710=EDGE_CURVE('',#3051,#3163,#3987,.T.);
#3711=EDGE_CURVE('',#3164,#3163,#710,.T.);
#3712=EDGE_CURVE('',#3050,#3164,#3988,.T.);
#3713=EDGE_CURVE('',#3165,#3164,#712,.T.);
#3714=EDGE_CURVE('',#3049,#3165,#3989,.T.);
#3715=EDGE_CURVE('',#3166,#3165,#714,.T.);
#3716=EDGE_CURVE('',#3048,#3166,#3990,.T.);
#3717=EDGE_CURVE('',#3160,#3166,#715,.T.);
#3718=EDGE_CURVE('',#3167,#3168,#717,.T.);
#3719=EDGE_CURVE('',#3055,#3168,#3991,.T.);
#3720=EDGE_CURVE('',#3053,#3167,#3992,.T.);
#3721=EDGE_CURVE('',#3169,#3167,#718,.T.);
#3722=EDGE_CURVE('',#3054,#3169,#3993,.T.);
#3723=EDGE_CURVE('',#3170,#3169,#719,.T.);
#3724=EDGE_CURVE('',#3058,#3170,#3994,.T.);
#3725=EDGE_CURVE('',#3171,#3170,#720,.T.);
#3726=EDGE_CURVE('',#3057,#3171,#3995,.T.);
#3727=EDGE_CURVE('',#3172,#3171,#722,.T.);
#3728=EDGE_CURVE('',#3056,#3172,#3996,.T.);
#3729=EDGE_CURVE('',#3168,#3172,#723,.T.);
#3730=EDGE_CURVE('',#3173,#3173,#724,.T.);
#3731=EDGE_CURVE('',#3174,#3174,#725,.T.);
#3732=EDGE_CURVE('',#3175,#3176,#1653,.T.);
#3733=EDGE_CURVE('',#3175,#3177,#3997,.T.);
#3734=EDGE_CURVE('',#3178,#3177,#1654,.T.);
#3735=EDGE_CURVE('',#3178,#3176,#3998,.T.);
#3736=EDGE_CURVE('',#3179,#3180,#727,.T.);
#3737=EDGE_CURVE('',#3181,#3179,#1655,.T.);
#3738=EDGE_CURVE('',#3181,#3182,#3999,.T.);
#3739=EDGE_CURVE('',#3180,#3182,#1656,.T.);
#3740=EDGE_CURVE('',#3180,#3183,#1657,.T.);
#3741=EDGE_CURVE('',#3182,#3184,#4000,.T.);
#3742=EDGE_CURVE('',#3184,#3183,#1658,.T.);
#3743=EDGE_CURVE('',#3185,#3185,#1659,.T.);
#3744=EDGE_CURVE('',#3186,#3187,#4001,.T.);
#3745=EDGE_CURVE('',#3187,#3188,#4002,.T.);
#3746=EDGE_CURVE('',#3189,#3188,#4003,.T.);
#3747=EDGE_CURVE('',#3186,#3189,#4004,.T.);
#3748=EDGE_CURVE('',#3190,#3191,#1660,.T.);
#3749=EDGE_CURVE('',#3190,#3192,#728,.T.);
#3750=EDGE_CURVE('',#3192,#3193,#1661,.T.);
#3751=EDGE_CURVE('',#3193,#3175,#729,.T.);
#3752=EDGE_CURVE('',#3176,#3194,#730,.T.);
#3753=EDGE_CURVE('',#3195,#3194,#1662,.T.);
#3754=EDGE_CURVE('',#3191,#3195,#1663,.T.);
#3755=EDGE_CURVE('',#3196,#3195,#4005,.T.);
#3756=EDGE_CURVE('',#3197,#3196,#1664,.T.);
#3757=EDGE_CURVE('',#3191,#3197,#4006,.T.);
#3758=EDGE_CURVE('',#3198,#3196,#1665,.T.);
#3759=EDGE_CURVE('',#3199,#3198,#1666,.T.);
#3760=EDGE_CURVE('',#3197,#3199,#1667,.T.);
#3761=EDGE_CURVE('',#3200,#3201,#4007,.T.);
#3762=EDGE_CURVE('',#3200,#3190,#4008,.T.);
#3763=EDGE_CURVE('',#3199,#3202,#1668,.T.);
#3764=EDGE_CURVE('',#3184,#3202,#4009,.T.);
#3765=EDGE_CURVE('',#3181,#3198,#1669,.T.);
#3766=EDGE_CURVE('',#3194,#3203,#4010,.T.);
#3767=EDGE_CURVE('',#3204,#3203,#4011,.T.);
#3768=EDGE_CURVE('',#3187,#3204,#4012,.T.);
#3769=EDGE_CURVE('',#3201,#3186,#4013,.T.);
#3770=EDGE_CURVE('',#3179,#3205,#731,.T.);
#3771=EDGE_CURVE('',#3206,#3205,#454,.T.);
#3772=EDGE_CURVE('',#3207,#3206,#732,.T.);
#3773=EDGE_CURVE('',#3207,#3208,#1670,.T.);
#3774=EDGE_CURVE('',#3208,#3209,#733,.T.);
#3775=EDGE_CURVE('',#3210,#3209,#734,.T.);
#3776=EDGE_CURVE('',#3211,#3210,#735,.T.);
#3777=EDGE_CURVE('',#3212,#3211,#1671,.T.);
#3778=EDGE_CURVE('',#3213,#3212,#736,.T.);
#3779=EDGE_CURVE('',#3214,#3213,#737,.T.);
#3780=EDGE_CURVE('',#3215,#3214,#455,.T.);
#3781=EDGE_CURVE('',#3215,#3216,#738,.T.);
#3782=EDGE_CURVE('',#3216,#3202,#1672,.T.);
#3783=EDGE_CURVE('',#3183,#3216,#739,.T.);
#3784=EDGE_CURVE('',#3204,#3217,#4014,.T.);
#3785=EDGE_CURVE('',#3188,#3217,#4015,.T.);
#3786=EDGE_CURVE('',#3217,#3218,#4016,.T.);
#3787=EDGE_CURVE('',#3218,#3189,#4017,.T.);
#3788=EDGE_CURVE('',#3201,#3218,#4018,.T.);
#3789=EDGE_CURVE('',#3219,#3220,#1673,.T.);
#3790=EDGE_CURVE('',#3220,#3200,#1674,.T.);
#3791=EDGE_CURVE('',#3203,#3178,#1675,.T.);
#3792=EDGE_CURVE('',#3177,#3219,#1676,.T.);
#3793=EDGE_CURVE('',#3192,#3220,#4019,.T.);
#3794=EDGE_CURVE('',#3219,#3193,#4020,.T.);
#3795=EDGE_CURVE('',#3208,#3221,#24,.T.);
#3796=EDGE_CURVE('',#3221,#3209,#4021,.T.);
#3797=EDGE_CURVE('',#3207,#3221,#4022,.T.);
#3798=EDGE_CURVE('',#3209,#3207,#740,.T.);
#3799=EDGE_CURVE('',#3215,#3205,#741,.T.);
#3800=LINE('',#5456,#4023);
#3801=LINE('',#5461,#4024);
#3802=LINE('',#5465,#4025);
#3803=LINE('',#5468,#4026);
#3804=LINE('',#5472,#4027);
#3805=LINE('',#5474,#4028);
#3806=LINE('',#5476,#4029);
#3807=LINE('',#5478,#4030);
#3808=LINE('',#5484,#4031);
#3809=LINE('',#5486,#4032);
#3810=LINE('',#5490,#4033);
#3811=LINE('',#5492,#4034);
#3812=LINE('',#5496,#4035);
#3813=LINE('',#5498,#4036);
#3814=LINE('',#5500,#4037);
#3815=LINE('',#5504,#4038);
#3816=LINE('',#5508,#4039);
#3817=LINE('',#5510,#4040);
#3818=LINE('',#5512,#4041);
#3819=LINE('',#5514,#4042);
#3820=LINE('',#5516,#4043);
#3821=LINE('',#5518,#4044);
#3822=LINE('',#5522,#4045);
#3823=LINE('',#5526,#4046);
#3824=LINE('',#5528,#4047);
#3825=LINE('',#5530,#4048);
#3826=LINE('',#5534,#4049);
#3827=LINE('',#5536,#4050);
#3828=LINE('',#5540,#4051);
#3829=LINE('',#5542,#4052);
#3830=LINE('',#5548,#4053);
#3831=LINE('',#5550,#4054);
#3832=LINE('',#5552,#4055);
#3833=LINE('',#5554,#4056);
#3834=LINE('',#5558,#4057);
#3835=LINE('',#5641,#4058);
#3836=LINE('',#5643,#4059);
#3837=LINE('',#5645,#4060);
#3838=LINE('',#5665,#4061);
#3839=LINE('',#5690,#4063);
#3840=LINE('',#5743,#4064);
#3841=LINE('',#5745,#4065);
#3842=LINE('',#5760,#4066);
#3843=LINE('',#5766,#4067);
#3844=LINE('',#5776,#4068);
#3845=LINE('',#5784,#4069);
#3846=LINE('',#5916,#4070);
#3847=LINE('',#5917,#4071);
#3848=LINE('',#5931,#4072);
#3849=LINE('',#5933,#4073);
#3850=LINE('',#5957,#4074);
#3851=LINE('',#5960,#4075);
#3852=LINE('',#5965,#4076);
#3853=LINE('',#5972,#4077);
#3854=LINE('',#5974,#4078);
#3855=LINE('',#5976,#4079);
#3856=LINE('',#5980,#4080);
#3857=LINE('',#5982,#4081);
#3858=LINE('',#5984,#4082);
#3859=LINE('',#5986,#4083);
#3860=LINE('',#5992,#4084);
#3861=LINE('',#5994,#4085);
#3862=LINE('',#5998,#4086);
#3863=LINE('',#6000,#4087);
#3864=LINE('',#6004,#4088);
#3865=LINE('',#6006,#4089);
#3866=LINE('',#6008,#4090);
#3867=LINE('',#6010,#4091);
#3868=LINE('',#6012,#4092);
#3869=LINE('',#6014,#4093);
#3870=LINE('',#6016,#4094);
#3871=LINE('',#6018,#4095);
#3872=LINE('',#6020,#4096);
#3873=LINE('',#6022,#4097);
#3874=LINE('',#6024,#4098);
#3875=LINE('',#6026,#4099);
#3876=LINE('',#6028,#4100);
#3877=LINE('',#6030,#4101);
#3878=LINE('',#6034,#4102);
#3879=LINE('',#6036,#4103);
#3880=LINE('',#6040,#4104);
#3881=LINE('',#6042,#4105);
#3882=LINE('',#6048,#4106);
#3883=LINE('',#6050,#4107);
#3884=LINE('',#6052,#4108);
#3885=LINE('',#6054,#4109);
#3886=LINE('',#6147,#4110);
#3887=LINE('',#6149,#4111);
#3888=LINE('',#6151,#4112);
#3889=LINE('',#6168,#4113);
#3890=LINE('',#6190,#4115);
#3891=LINE('',#6241,#4116);
#3892=LINE('',#6248,#4117);
#3893=LINE('',#6263,#4118);
#3894=LINE('',#6269,#4119);
#3895=LINE('',#6271,#4120);
#3896=LINE('',#6283,#4121);
#3897=LINE('',#6411,#4122);
#3898=LINE('',#6412,#4123);
#3899=LINE('',#6621,#4124);
#3900=LINE('',#6624,#4125);
#3901=LINE('',#6626,#4126);
#3902=LINE('',#6628,#4127);
#3903=LINE('',#6971,#4128);
#3904=LINE('',#6975,#4129);
#3905=LINE('',#6977,#4130);
#3906=LINE('',#6980,#4131);
#3907=LINE('',#6981,#4132);
#3908=LINE('',#6983,#4133);
#3909=LINE('',#6986,#4134);
#3910=LINE('',#6987,#4135);
#3911=LINE('',#6989,#4136);
#3912=LINE('',#7065,#4137);
#3913=LINE('',#7074,#4138);
#3914=LINE('',#7076,#4139);
#3915=LINE('',#7077,#4140);
#3916=LINE('',#7078,#4141);
#3917=LINE('',#7084,#4142);
#3918=LINE('',#7086,#4143);
#3919=LINE('',#7088,#4144);
#3920=LINE('',#7094,#4145);
#3921=LINE('',#7096,#4146);
#3922=LINE('',#7097,#4147);
#3923=LINE('',#7182,#4148);
#3924=LINE('',#7186,#4149);
#3925=LINE('',#7208,#4150);
#3926=LINE('',#7209,#4151);
#3927=LINE('',#7228,#4152);
#3928=LINE('',#7250,#4154);
#3929=LINE('',#7295,#4156);
#3930=LINE('',#7296,#4157);
#3931=LINE('',#7303,#4158);
#3932=LINE('',#7322,#4159);
#3933=LINE('',#7344,#4161);
#3934=LINE('',#7363,#4162);
#3935=LINE('',#7385,#4164);
#3936=LINE('',#7398,#4165);
#3937=LINE('',#7420,#4167);
#3938=LINE('',#7436,#4169);
#3939=LINE('',#7456,#4170);
#3940=LINE('',#7469,#4171);
#3941=LINE('',#7486,#4173);
#3942=LINE('',#7487,#4174);
#3943=LINE('',#7494,#4175);
#3944=LINE('',#7515,#4176);
#3945=LINE('',#7539,#4178);
#3946=LINE('',#7546,#4179);
#3947=LINE('',#7590,#4181);
#3948=LINE('',#7591,#4182);
#3949=LINE('',#7598,#4183);
#3950=LINE('',#7613,#4184);
#3951=LINE('',#7631,#4186);
#3952=LINE('',#7642,#4187);
#3953=LINE('',#7656,#4189);
#3954=LINE('',#7670,#4190);
#3955=LINE('',#7677,#4191);
#3956=LINE('',#7685,#4192);
#3957=LINE('',#7686,#4193);
#3958=LINE('',#7699,#4194);
#3959=LINE('',#7715,#4196);
#3960=LINE('',#7792,#4199);
#3961=LINE('',#7793,#4200);
#3962=LINE('',#7798,#4201);
#3963=LINE('',#7803,#4202);
#3964=LINE('',#7813,#4203);
#3965=LINE('',#7814,#4204);
#3966=LINE('',#7819,#4205);
#3967=LINE('',#7824,#4206);
#3968=LINE('',#7836,#4207);
#3969=LINE('',#7843,#4208);
#3970=LINE('',#7854,#4210);
#3971=LINE('',#7855,#4211);
#3972=LINE('',#7865,#4213);
#3973=LINE('',#7875,#4215);
#3974=LINE('',#7888,#4216);
#3975=LINE('',#7914,#4218);
#3976=LINE('',#7934,#4220);
#3977=LINE('',#7949,#4221);
#3978=LINE('',#7969,#4223);
#3979=LINE('',#8071,#4227);
#3980=LINE('',#8072,#4228);
#3981=LINE('',#8097,#4229);
#3982=LINE('',#8125,#4231);
#3983=LINE('',#8178,#4233);
#3984=LINE('',#8179,#4234);
#3985=LINE('',#8186,#4235);
#3986=LINE('',#8193,#4236);
#3987=LINE('',#8200,#4237);
#3988=LINE('',#8217,#4238);
#3989=LINE('',#8239,#4240);
#3990=LINE('',#8251,#4242);
#3991=LINE('',#8288,#4244);
#3992=LINE('',#8289,#4245);
#3993=LINE('',#8296,#4246);
#3994=LINE('',#8303,#4247);
#3995=LINE('',#8328,#4248);
#3996=LINE('',#8356,#4250);
#3997=LINE('',#8427,#4252);
#3998=LINE('',#8431,#4253);
#3999=LINE('',#8441,#4254);
#4000=LINE('',#8447,#4255);
#4001=LINE('',#8453,#4256);
#4002=LINE('',#8456,#4257);
#4003=LINE('',#8458,#4258);
#4004=LINE('',#8460,#4259);
#4005=LINE('',#8536,#4260);
#4006=LINE('',#8540,#4261);
#4007=LINE('',#8563,#4262);
#4008=LINE('',#8566,#4263);
#4009=LINE('',#8569,#4264);
#4010=LINE('',#8571,#4265);
#4011=LINE('',#8573,#4266);
#4012=LINE('',#8575,#4267);
#4013=LINE('',#8576,#4268);
#4014=LINE('',#8663,#4269);
#4015=LINE('',#8665,#4270);
#4016=LINE('',#8667,#4271);
#4017=LINE('',#8669,#4272);
#4018=LINE('',#8671,#4273);
#4019=LINE('',#8680,#4274);
#4020=LINE('',#8681,#4275);
#4021=LINE('',#8685,#4276);
#4022=LINE('',#8687,#4277);
#4023=VECTOR('',#4586,1.);
#4024=VECTOR('',#4589,1.);
#4025=VECTOR('',#4594,1.);
#4026=VECTOR('',#4595,1.);
#4027=VECTOR('',#4598,1.);
#4028=VECTOR('',#4599,1.);
#4029=VECTOR('',#4600,1.);
#4030=VECTOR('',#4601,1.);
#4031=VECTOR('',#4606,1.);
#4032=VECTOR('',#4607,1.);
#4033=VECTOR('',#4610,1.);
#4034=VECTOR('',#4611,1.);
#4035=VECTOR('',#4614,1.);
#4036=VECTOR('',#4615,1.);
#4037=VECTOR('',#4616,1.);
#4038=VECTOR('',#4619,1.);
#4039=VECTOR('',#4622,1.);
#4040=VECTOR('',#4623,1.);
#4041=VECTOR('',#4624,1.);
#4042=VECTOR('',#4625,1.);
#4043=VECTOR('',#4626,1.);
#4044=VECTOR('',#4627,1.);
#4045=VECTOR('',#4630,1.);
#4046=VECTOR('',#4633,1.);
#4047=VECTOR('',#4634,1.);
#4048=VECTOR('',#4635,1.);
#4049=VECTOR('',#4638,1.);
#4050=VECTOR('',#4639,1.);
#4051=VECTOR('',#4642,1.);
#4052=VECTOR('',#4643,1.);
#4053=VECTOR('',#4648,1.);
#4054=VECTOR('',#4649,1.);
#4055=VECTOR('',#4650,1.);
#4056=VECTOR('',#4651,1.);
#4057=VECTOR('',#4654,1.);
#4058=VECTOR('',#4673,1.);
#4059=VECTOR('',#4674,1.);
#4060=VECTOR('',#4675,1.);
#4061=VECTOR('',#4678,1.);
#4062=VECTOR('',#4679,1.);
#4063=VECTOR('',#4682,1.);
#4064=VECTOR('',#4725,1.);
#4065=VECTOR('',#4726,1.);
#4066=VECTOR('',#4729,1.);
#4067=VECTOR('',#4730,1.);
#4068=VECTOR('',#4733,1.);
#4069=VECTOR('',#4738,1.);
#4070=VECTOR('',#4791,1.);
#4071=VECTOR('',#4792,1.);
#4072=VECTOR('',#4804,1.);
#4073=VECTOR('',#4805,1.);
#4074=VECTOR('',#4810,1.);
#4075=VECTOR('',#4815,1.);
#4076=VECTOR('',#4818,1.);
#4077=VECTOR('',#4825,1.);
#4078=VECTOR('',#4826,1.);
#4079=VECTOR('',#4827,1.);
#4080=VECTOR('',#4830,1.);
#4081=VECTOR('',#4831,1.);
#4082=VECTOR('',#4832,1.);
#4083=VECTOR('',#4833,1.);
#4084=VECTOR('',#4838,1.);
#4085=VECTOR('',#4839,1.);
#4086=VECTOR('',#4842,1.);
#4087=VECTOR('',#4843,1.);
#4088=VECTOR('',#4846,1.);
#4089=VECTOR('',#4847,1.);
#4090=VECTOR('',#4848,1.);
#4091=VECTOR('',#4849,1.);
#4092=VECTOR('',#4850,1.);
#4093=VECTOR('',#4851,1.);
#4094=VECTOR('',#4852,1.);
#4095=VECTOR('',#4853,1.);
#4096=VECTOR('',#4854,1.);
#4097=VECTOR('',#4855,1.);
#4098=VECTOR('',#4856,1.);
#4099=VECTOR('',#4857,1.);
#4100=VECTOR('',#4858,1.);
#4101=VECTOR('',#4859,1.);
#4102=VECTOR('',#4862,1.);
#4103=VECTOR('',#4863,1.);
#4104=VECTOR('',#4866,1.);
#4105=VECTOR('',#4867,1.);
#4106=VECTOR('',#4872,1.);
#4107=VECTOR('',#4873,1.);
#4108=VECTOR('',#4874,1.);
#4109=VECTOR('',#4875,1.);
#4110=VECTOR('',#4894,1.);
#4111=VECTOR('',#4895,1.);
#4112=VECTOR('',#4896,1.);
#4113=VECTOR('',#4899,1.);
#4114=VECTOR('',#4900,1.);
#4115=VECTOR('',#4909,1.);
#4116=VECTOR('',#4938,1.);
#4117=VECTOR('',#4939,1.);
#4118=VECTOR('',#4942,1.);
#4119=VECTOR('',#4943,1.);
#4120=VECTOR('',#4946,1.);
#4121=VECTOR('',#4951,1.);
#4122=VECTOR('',#5004,1.);
#4123=VECTOR('',#5005,1.);
#4124=VECTOR('',#5015,1.);
#4125=VECTOR('',#5016,1.);
#4126=VECTOR('',#5017,1.);
#4127=VECTOR('',#5018,1.);
#4128=VECTOR('',#5023,1.);
#4129=VECTOR('',#5026,1.);
#4130=VECTOR('',#5029,1.);
#4131=VECTOR('',#5030,1.);
#4132=VECTOR('',#5031,1.);
#4133=VECTOR('',#5034,1.);
#4134=VECTOR('',#5035,1.);
#4135=VECTOR('',#5036,1.);
#4136=VECTOR('',#5039,1.);
#4137=VECTOR('',#5052,1.);
#4138=VECTOR('',#5061,1.);
#4139=VECTOR('',#5064,1.);
#4140=VECTOR('',#5065,1.);
#4141=VECTOR('',#5066,1.);
#4142=VECTOR('',#5071,1.);
#4143=VECTOR('',#5072,1.);
#4144=VECTOR('',#5073,1.);
#4145=VECTOR('',#5078,1.);
#4146=VECTOR('',#5081,1.);
#4147=VECTOR('',#5082,1.);
#4148=VECTOR('',#5103,1.);
#4149=VECTOR('',#5108,1.);
#4150=VECTOR('',#5120,1.);
#4151=VECTOR('',#5121,1.);
#4152=VECTOR('',#5124,1.);
#4153=VECTOR('',#5125,1.);
#4154=VECTOR('',#5126,1.);
#4155=VECTOR('',#5129,1.);
#4156=VECTOR('',#5132,1.);
#4157=VECTOR('',#5133,1.);
#4158=VECTOR('',#5136,1.);
#4159=VECTOR('',#5139,1.);
#4160=VECTOR('',#5140,1.);
#4161=VECTOR('',#5141,1.);
#4162=VECTOR('',#5144,1.);
#4163=VECTOR('',#5145,1.);
#4164=VECTOR('',#5146,1.);
#4165=VECTOR('',#5149,1.);
#4166=VECTOR('',#5150,1.);
#4167=VECTOR('',#5151,1.);
#4168=VECTOR('',#5152,1.);
#4169=VECTOR('',#5153,1.);
#4170=VECTOR('',#5160,1.);
#4171=VECTOR('',#5161,1.);
#4172=VECTOR('',#5162,1.);
#4173=VECTOR('',#5163,1.);
#4174=VECTOR('',#5164,1.);
#4175=VECTOR('',#5167,1.);
#4176=VECTOR('',#5170,1.);
#4177=VECTOR('',#5171,1.);
#4178=VECTOR('',#5172,1.);
#4179=VECTOR('',#5175,1.);
#4180=VECTOR('',#5180,1.);
#4181=VECTOR('',#5183,1.);
#4182=VECTOR('',#5184,1.);
#4183=VECTOR('',#5187,1.);
#4184=VECTOR('',#5190,1.);
#4185=VECTOR('',#5191,1.);
#4186=VECTOR('',#5192,1.);
#4187=VECTOR('',#5195,1.);
#4188=VECTOR('',#5196,1.);
#4189=VECTOR('',#5197,1.);
#4190=VECTOR('',#5204,1.);
#4191=VECTOR('',#5205,1.);
#4192=VECTOR('',#5208,1.);
#4193=VECTOR('',#5209,1.);
#4194=VECTOR('',#5212,1.);
#4195=VECTOR('',#5213,1.);
#4196=VECTOR('',#5214,1.);
#4197=VECTOR('',#5217,1.);
#4198=VECTOR('',#5218,1.);
#4199=VECTOR('',#5221,1.);
#4200=VECTOR('',#5222,1.);
#4201=VECTOR('',#5225,1.);
#4202=VECTOR('',#5228,1.);
#4203=VECTOR('',#5235,1.);
#4204=VECTOR('',#5236,1.);
#4205=VECTOR('',#5239,1.);
#4206=VECTOR('',#5242,1.);
#4207=VECTOR('',#5249,1.);
#4208=VECTOR('',#5250,1.);
#4209=VECTOR('',#5251,1.);
#4210=VECTOR('',#5252,1.);
#4211=VECTOR('',#5253,1.);
#4212=VECTOR('',#5254,1.);
#4213=VECTOR('',#5255,1.);
#4214=VECTOR('',#5256,1.);
#4215=VECTOR('',#5257,1.);
#4216=VECTOR('',#5260,1.);
#4217=VECTOR('',#5261,1.);
#4218=VECTOR('',#5262,1.);
#4219=VECTOR('',#5263,1.);
#4220=VECTOR('',#5264,1.);
#4221=VECTOR('',#5267,1.);
#4222=VECTOR('',#5268,1.);
#4223=VECTOR('',#5269,1.);
#4224=VECTOR('',#5270,1.);
#4225=VECTOR('',#5271,1.);
#4226=VECTOR('',#5272,1.);
#4227=VECTOR('',#5275,1.);
#4228=VECTOR('',#5276,1.);
#4229=VECTOR('',#5279,1.);
#4230=VECTOR('',#5280,1.);
#4231=VECTOR('',#5281,1.);
#4232=VECTOR('',#5284,1.);
#4233=VECTOR('',#5287,1.);
#4234=VECTOR('',#5288,1.);
#4235=VECTOR('',#5291,1.);
#4236=VECTOR('',#5294,1.);
#4237=VECTOR('',#5297,1.);
#4238=VECTOR('',#5300,1.);
#4239=VECTOR('',#5301,1.);
#4240=VECTOR('',#5302,1.);
#4241=VECTOR('',#5303,1.);
#4242=VECTOR('',#5304,1.);
#4243=VECTOR('',#5307,1.);
#4244=VECTOR('',#5310,1.);
#4245=VECTOR('',#5311,1.);
#4246=VECTOR('',#5314,1.);
#4247=VECTOR('',#5317,1.);
#4248=VECTOR('',#5320,1.);
#4249=VECTOR('',#5321,1.);
#4250=VECTOR('',#5322,1.);
#4251=VECTOR('',#5327,1.);
#4252=VECTOR('',#5340,1.);
#4253=VECTOR('',#5343,1.);
#4254=VECTOR('',#5348,1.);
#4255=VECTOR('',#5355,1.);
#4256=VECTOR('',#5362,1.);
#4257=VECTOR('',#5363,1.);
#4258=VECTOR('',#5364,1.);
#4259=VECTOR('',#5365,1.);
#4260=VECTOR('',#5378,1.);
#4261=VECTOR('',#5381,1.);
#4262=VECTOR('',#5390,1.);
#4263=VECTOR('',#5391,1.);
#4264=VECTOR('',#5394,1.);
#4265=VECTOR('',#5397,1.);
#4266=VECTOR('',#5398,1.);
#4267=VECTOR('',#5399,1.);
#4268=VECTOR('',#5400,1.);
#4269=VECTOR('',#5411,1.);
#4270=VECTOR('',#5412,1.);
#4271=VECTOR('',#5415,1.);
#4272=VECTOR('',#5416,1.);
#4273=VECTOR('',#5419,1.);
#4274=VECTOR('',#5432,1.);
#4275=VECTOR('',#5433,1.);
#4276=VECTOR('',#5438,1.);
#4277=VECTOR('',#5441,1.);
#4278=AXIS2_PLACEMENT_3D('',#5455,#4584,#4585);
#4279=AXIS2_PLACEMENT_3D('',#5459,#4587,#4588);
#4280=AXIS2_PLACEMENT_3D('',#5463,#4590,#4591);
#4281=AXIS2_PLACEMENT_3D('',#5464,#4592,#4593);
#4282=AXIS2_PLACEMENT_3D('',#5470,#4596,#4597);
#4283=AXIS2_PLACEMENT_3D('',#5480,#4602,#4603);
#4284=AXIS2_PLACEMENT_3D('',#5482,#4604,#4605);
#4285=AXIS2_PLACEMENT_3D('',#5488,#4608,#4609);
#4286=AXIS2_PLACEMENT_3D('',#5494,#4612,#4613);
#4287=AXIS2_PLACEMENT_3D('',#5502,#4617,#4618);
#4288=AXIS2_PLACEMENT_3D('',#5506,#4620,#4621);
#4289=AXIS2_PLACEMENT_3D('',#5520,#4628,#4629);
#4290=AXIS2_PLACEMENT_3D('',#5524,#4631,#4632);
#4291=AXIS2_PLACEMENT_3D('',#5532,#4636,#4637);
#4292=AXIS2_PLACEMENT_3D('',#5538,#4640,#4641);
#4293=AXIS2_PLACEMENT_3D('',#5544,#4644,#4645);
#4294=AXIS2_PLACEMENT_3D('',#5546,#4646,#4647);
#4295=AXIS2_PLACEMENT_3D('',#5556,#4652,#4653);
#4296=AXIS2_PLACEMENT_3D('',#5559,#4655,#4656);
#4297=AXIS2_PLACEMENT_3D('',#5560,#4657,#4658);
#4298=AXIS2_PLACEMENT_3D('',#5561,#4659,#4660);
#4299=AXIS2_PLACEMENT_3D('',#5563,#4661,#4662);
#4300=AXIS2_PLACEMENT_3D('',#5565,#4663,#4664);
#4301=AXIS2_PLACEMENT_3D('',#5566,#4665,#4666);
#4302=AXIS2_PLACEMENT_3D('',#5615,#4667,#4668);
#4303=AXIS2_PLACEMENT_3D('',#5633,#4669,#4670);
#4304=AXIS2_PLACEMENT_3D('',#5634,#4671,#4672);
#4305=AXIS2_PLACEMENT_3D('',#5656,#4676,#4677);
#4306=AXIS2_PLACEMENT_3D('',#5688,#4680,#4681);
#4307=AXIS2_PLACEMENT_3D('',#5692,#4683,#4684);
#4308=AXIS2_PLACEMENT_3D('',#5693,#4685,#4686);
#4309=AXIS2_PLACEMENT_3D('',#5694,#4687,#4688);
#4310=AXIS2_PLACEMENT_3D('',#5695,#4689,#4690);
#4311=AXIS2_PLACEMENT_3D('',#5696,#4691,#4692);
#4312=AXIS2_PLACEMENT_3D('',#5697,#4693,#4694);
#4313=AXIS2_PLACEMENT_3D('',#5698,#4695,#4696);
#4314=AXIS2_PLACEMENT_3D('',#5699,#4697,#4698);
#4315=AXIS2_PLACEMENT_3D('',#5700,#4699,#4700);
#4316=AXIS2_PLACEMENT_3D('',#5701,#4701,#4702);
#4317=AXIS2_PLACEMENT_3D('',#5702,#4703,#4704);
#4318=AXIS2_PLACEMENT_3D('',#5703,#4705,#4706);
#4319=AXIS2_PLACEMENT_3D('',#5704,#4707,#4708);
#4320=AXIS2_PLACEMENT_3D('',#5705,#4709,#4710);
#4321=AXIS2_PLACEMENT_3D('',#5706,#4711,#4712);
#4322=AXIS2_PLACEMENT_3D('',#5707,#4713,#4714);
#4323=AXIS2_PLACEMENT_3D('',#5708,#4715,#4716);
#4324=AXIS2_PLACEMENT_3D('',#5709,#4717,#4718);
#4325=AXIS2_PLACEMENT_3D('',#5725,#4719,#4720);
#4326=AXIS2_PLACEMENT_3D('',#5741,#4721,#4722);
#4327=AXIS2_PLACEMENT_3D('',#5742,#4723,#4724);
#4328=AXIS2_PLACEMENT_3D('',#5751,#4727,#4728);
#4329=AXIS2_PLACEMENT_3D('',#5775,#4731,#4732);
#4330=AXIS2_PLACEMENT_3D('',#5778,#4734,#4735);
#4331=AXIS2_PLACEMENT_3D('',#5779,#4736,#4737);
#4332=AXIS2_PLACEMENT_3D('',#5790,#4739,#4740);
#4333=AXIS2_PLACEMENT_3D('',#5811,#4741,#4742);
#4334=AXIS2_PLACEMENT_3D('',#5812,#4743,#4744);
#4335=AXIS2_PLACEMENT_3D('',#5813,#4745,#4746);
#4336=AXIS2_PLACEMENT_3D('',#5814,#4747,#4748);
#4337=AXIS2_PLACEMENT_3D('',#5815,#4749,#4750);
#4338=AXIS2_PLACEMENT_3D('',#5816,#4751,#4752);
#4339=AXIS2_PLACEMENT_3D('',#5817,#4753,#4754);
#4340=AXIS2_PLACEMENT_3D('',#5818,#4755,#4756);
#4341=AXIS2_PLACEMENT_3D('',#5819,#4757,#4758);
#4342=AXIS2_PLACEMENT_3D('',#5820,#4759,#4760);
#4343=AXIS2_PLACEMENT_3D('',#5821,#4761,#4762);
#4344=AXIS2_PLACEMENT_3D('',#5822,#4763,#4764);
#4345=AXIS2_PLACEMENT_3D('',#5823,#4765,#4766);
#4346=AXIS2_PLACEMENT_3D('',#5824,#4767,#4768);
#4347=AXIS2_PLACEMENT_3D('',#5825,#4769,#4770);
#4348=AXIS2_PLACEMENT_3D('',#5826,#4771,#4772);
#4349=AXIS2_PLACEMENT_3D('',#5827,#4773,#4774);
#4350=AXIS2_PLACEMENT_3D('',#5828,#4775,#4776);
#4351=AXIS2_PLACEMENT_3D('',#5829,#4777,#4778);
#4352=AXIS2_PLACEMENT_3D('',#5830,#4779,#4780);
#4353=AXIS2_PLACEMENT_3D('',#5831,#4781,#4782);
#4354=AXIS2_PLACEMENT_3D('',#5848,#4783,#4784);
#4355=AXIS2_PLACEMENT_3D('',#5849,#4785,#4786);
#4356=AXIS2_PLACEMENT_3D('',#5898,#4787,#4788);
#4357=AXIS2_PLACEMENT_3D('',#5915,#4789,#4790);
#4358=AXIS2_PLACEMENT_3D('',#5918,#4793,#4794);
#4359=AXIS2_PLACEMENT_3D('',#5925,#4796,#4797);
#4360=AXIS2_PLACEMENT_3D('',#5926,#4798,#4799);
#4361=AXIS2_PLACEMENT_3D('',#5927,#4800,#4801);
#4362=AXIS2_PLACEMENT_3D('',#5928,#4802,#4803);
#4363=AXIS2_PLACEMENT_3D('',#5934,#4806,#4807);
#4364=AXIS2_PLACEMENT_3D('',#5935,#4808,#4809);
#4365=AXIS2_PLACEMENT_3D('',#5958,#4811,#4812);
#4366=AXIS2_PLACEMENT_3D('',#5959,#4813,#4814);
#4367=AXIS2_PLACEMENT_3D('',#5963,#4816,#4817);
#4368=AXIS2_PLACEMENT_3D('',#5967,#4819,#4820);
#4369=AXIS2_PLACEMENT_3D('',#5968,#4821,#4822);
#4370=AXIS2_PLACEMENT_3D('',#5969,#4823,#4824);
#4371=AXIS2_PLACEMENT_3D('',#5978,#4828,#4829);
#4372=AXIS2_PLACEMENT_3D('',#5988,#4834,#4835);
#4373=AXIS2_PLACEMENT_3D('',#5990,#4836,#4837);
#4374=AXIS2_PLACEMENT_3D('',#5996,#4840,#4841);
#4375=AXIS2_PLACEMENT_3D('',#6002,#4844,#4845);
#4376=AXIS2_PLACEMENT_3D('',#6032,#4860,#4861);
#4377=AXIS2_PLACEMENT_3D('',#6038,#4864,#4865);
#4378=AXIS2_PLACEMENT_3D('',#6044,#4868,#4869);
#4379=AXIS2_PLACEMENT_3D('',#6046,#4870,#4871);
#4380=AXIS2_PLACEMENT_3D('',#6055,#4876,#4877);
#4381=AXIS2_PLACEMENT_3D('',#6056,#4878,#4879);
#4382=AXIS2_PLACEMENT_3D('',#6058,#4880,#4881);
#4383=AXIS2_PLACEMENT_3D('',#6060,#4882,#4883);
#4384=AXIS2_PLACEMENT_3D('',#6061,#4884,#4885);
#4385=AXIS2_PLACEMENT_3D('',#6062,#4886,#4887);
#4386=AXIS2_PLACEMENT_3D('',#6063,#4888,#4889);
#4387=AXIS2_PLACEMENT_3D('',#6082,#4890,#4891);
#4388=AXIS2_PLACEMENT_3D('',#6130,#4892,#4893);
#4389=AXIS2_PLACEMENT_3D('',#6152,#4897,#4898);
#4390=AXIS2_PLACEMENT_3D('',#6184,#4901,#4902);
#4391=AXIS2_PLACEMENT_3D('',#6186,#4903,#4904);
#4392=AXIS2_PLACEMENT_3D('',#6187,#4905,#4906);
#4393=AXIS2_PLACEMENT_3D('',#6188,#4907,#4908);
#4394=AXIS2_PLACEMENT_3D('',#6191,#4910,#4911);
#4395=AXIS2_PLACEMENT_3D('',#6192,#4912,#4913);
#4396=AXIS2_PLACEMENT_3D('',#6193,#4914,#4915);
#4397=AXIS2_PLACEMENT_3D('',#6194,#4916,#4917);
#4398=AXIS2_PLACEMENT_3D('',#6195,#4918,#4919);
#4399=AXIS2_PLACEMENT_3D('',#6196,#4920,#4921);
#4400=AXIS2_PLACEMENT_3D('',#6197,#4922,#4923);
#4401=AXIS2_PLACEMENT_3D('',#6198,#4924,#4925);
#4402=AXIS2_PLACEMENT_3D('',#6199,#4926,#4927);
#4403=AXIS2_PLACEMENT_3D('',#6200,#4928,#4929);
#4404=AXIS2_PLACEMENT_3D('',#6201,#4930,#4931);
#4405=AXIS2_PLACEMENT_3D('',#6220,#4932,#4933);
#4406=AXIS2_PLACEMENT_3D('',#6239,#4934,#4935);
#4407=AXIS2_PLACEMENT_3D('',#6240,#4936,#4937);
#4408=AXIS2_PLACEMENT_3D('',#6249,#4940,#4941);
#4409=AXIS2_PLACEMENT_3D('',#6270,#4944,#4945);
#4410=AXIS2_PLACEMENT_3D('',#6273,#4947,#4948);
#4411=AXIS2_PLACEMENT_3D('',#6274,#4949,#4950);
#4412=AXIS2_PLACEMENT_3D('',#6288,#4952,#4953);
#4413=AXIS2_PLACEMENT_3D('',#6306,#4954,#4955);
#4414=AXIS2_PLACEMENT_3D('',#6307,#4956,#4957);
#4415=AXIS2_PLACEMENT_3D('',#6308,#4958,#4959);
#4416=AXIS2_PLACEMENT_3D('',#6309,#4960,#4961);
#4417=AXIS2_PLACEMENT_3D('',#6310,#4962,#4963);
#4418=AXIS2_PLACEMENT_3D('',#6311,#4964,#4965);
#4419=AXIS2_PLACEMENT_3D('',#6312,#4966,#4967);
#4420=AXIS2_PLACEMENT_3D('',#6313,#4968,#4969);
#4421=AXIS2_PLACEMENT_3D('',#6314,#4970,#4971);
#4422=AXIS2_PLACEMENT_3D('',#6315,#4972,#4973);
#4423=AXIS2_PLACEMENT_3D('',#6316,#4974,#4975);
#4424=AXIS2_PLACEMENT_3D('',#6317,#4976,#4977);
#4425=AXIS2_PLACEMENT_3D('',#6318,#4978,#4979);
#4426=AXIS2_PLACEMENT_3D('',#6319,#4980,#4981);
#4427=AXIS2_PLACEMENT_3D('',#6320,#4982,#4983);
#4428=AXIS2_PLACEMENT_3D('',#6321,#4984,#4985);
#4429=AXIS2_PLACEMENT_3D('',#6322,#4986,#4987);
#4430=AXIS2_PLACEMENT_3D('',#6323,#4988,#4989);
#4431=AXIS2_PLACEMENT_3D('',#6324,#4990,#4991);
#4432=AXIS2_PLACEMENT_3D('',#6325,#4992,#4993);
#4433=AXIS2_PLACEMENT_3D('',#6326,#4994,#4995);
#4434=AXIS2_PLACEMENT_3D('',#6343,#4996,#4997);
#4435=AXIS2_PLACEMENT_3D('',#6344,#4998,#4999);
#4436=AXIS2_PLACEMENT_3D('',#6393,#5000,#5001);
#4437=AXIS2_PLACEMENT_3D('',#6410,#5002,#5003);
#4438=AXIS2_PLACEMENT_3D('',#6413,#5006,#5007);
#4439=AXIS2_PLACEMENT_3D('',#6420,#5009,#5010);
#4440=AXIS2_PLACEMENT_3D('',#6421,#5011,#5012);
#4441=AXIS2_PLACEMENT_3D('',#6422,#5013,#5014);
#4442=AXIS2_PLACEMENT_3D('',#6967,#5019,#5020);
#4443=AXIS2_PLACEMENT_3D('',#6968,#5021,#5022);
#4444=AXIS2_PLACEMENT_3D('',#6973,#5024,#5025);
#4445=AXIS2_PLACEMENT_3D('',#6976,#5027,#5028);
#4446=AXIS2_PLACEMENT_3D('',#6982,#5032,#5033);
#4447=AXIS2_PLACEMENT_3D('',#6988,#5037,#5038);
#4448=AXIS2_PLACEMENT_3D('',#6990,#5040,#5041);
#4449=AXIS2_PLACEMENT_3D('',#7008,#5042,#5043);
#4450=AXIS2_PLACEMENT_3D('',#7010,#5044,#5045);
#4451=AXIS2_PLACEMENT_3D('',#7012,#5046,#5047);
#4452=AXIS2_PLACEMENT_3D('',#7031,#5048,#5049);
#4453=AXIS2_PLACEMENT_3D('',#7064,#5050,#5051);
#4454=AXIS2_PLACEMENT_3D('',#7067,#5053,#5054);
#4455=AXIS2_PLACEMENT_3D('',#7068,#5055,#5056);
#4456=AXIS2_PLACEMENT_3D('',#7070,#5057,#5058);
#4457=AXIS2_PLACEMENT_3D('',#7072,#5059,#5060);
#4458=AXIS2_PLACEMENT_3D('',#7075,#5062,#5063);
#4459=AXIS2_PLACEMENT_3D('',#7080,#5067,#5068);
#4460=AXIS2_PLACEMENT_3D('',#7082,#5069,#5070);
#4461=AXIS2_PLACEMENT_3D('',#7090,#5074,#5075);
#4462=AXIS2_PLACEMENT_3D('',#7092,#5076,#5077);
#4463=AXIS2_PLACEMENT_3D('',#7095,#5079,#5080);
#4464=AXIS2_PLACEMENT_3D('',#7098,#5083,#5084);
#4465=AXIS2_PLACEMENT_3D('',#7099,#5085,#5086);
#4466=AXIS2_PLACEMENT_3D('',#7100,#5087,#5088);
#4467=AXIS2_PLACEMENT_3D('',#7101,#5089,#5090);
#4468=AXIS2_PLACEMENT_3D('',#7102,#5091,#5092);
#4469=AXIS2_PLACEMENT_3D('',#7103,#5093,#5094);
#4470=AXIS2_PLACEMENT_3D('',#7120,#5095,#5096);
#4471=AXIS2_PLACEMENT_3D('',#7121,#5097,#5098);
#4472=AXIS2_PLACEMENT_3D('',#7149,#5099,#5100);
#4473=AXIS2_PLACEMENT_3D('',#7181,#5101,#5102);
#4474=AXIS2_PLACEMENT_3D('',#7184,#5104,#5105);
#4475=AXIS2_PLACEMENT_3D('',#7185,#5106,#5107);
#4476=AXIS2_PLACEMENT_3D('',#7191,#5109,#5110);
#4477=AXIS2_PLACEMENT_3D('',#7192,#5111,#5112);
#4478=AXIS2_PLACEMENT_3D('',#7199,#5114,#5115);
#4479=AXIS2_PLACEMENT_3D('',#7200,#5116,#5117);
#4480=AXIS2_PLACEMENT_3D('',#7201,#5118,#5119);
#4481=AXIS2_PLACEMENT_3D('',#7210,#5122,#5123);
#4482=AXIS2_PLACEMENT_3D('',#7251,#5127,#5128);
#4483=AXIS2_PLACEMENT_3D('',#7288,#5130,#5131);
#4484=AXIS2_PLACEMENT_3D('',#7297,#5134,#5135);
#4485=AXIS2_PLACEMENT_3D('',#7304,#5137,#5138);
#4486=AXIS2_PLACEMENT_3D('',#7345,#5142,#5143);
#4487=AXIS2_PLACEMENT_3D('',#7386,#5147,#5148);
#4488=AXIS2_PLACEMENT_3D('',#7437,#5154,#5155);
#4489=AXIS2_PLACEMENT_3D('',#7442,#5156,#5157);
#4490=AXIS2_PLACEMENT_3D('',#7443,#5158,#5159);
#4491=AXIS2_PLACEMENT_3D('',#7488,#5165,#5166);
#4492=AXIS2_PLACEMENT_3D('',#7495,#5168,#5169);
#4493=AXIS2_PLACEMENT_3D('',#7540,#5173,#5174);
#4494=AXIS2_PLACEMENT_3D('',#7547,#5176,#5177);
#4495=AXIS2_PLACEMENT_3D('',#7552,#5178,#5179);
#4496=AXIS2_PLACEMENT_3D('',#7583,#5181,#5182);
#4497=AXIS2_PLACEMENT_3D('',#7592,#5185,#5186);
#4498=AXIS2_PLACEMENT_3D('',#7599,#5188,#5189);
#4499=AXIS2_PLACEMENT_3D('',#7632,#5193,#5194);
#4500=AXIS2_PLACEMENT_3D('',#7657,#5198,#5199);
#4501=AXIS2_PLACEMENT_3D('',#7662,#5200,#5201);
#4502=AXIS2_PLACEMENT_3D('',#7663,#5202,#5203);
#4503=AXIS2_PLACEMENT_3D('',#7678,#5206,#5207);
#4504=AXIS2_PLACEMENT_3D('',#7687,#5210,#5211);
#4505=AXIS2_PLACEMENT_3D('',#7716,#5215,#5216);
#4506=AXIS2_PLACEMENT_3D('',#7787,#5219,#5220);
#4507=AXIS2_PLACEMENT_3D('',#7794,#5223,#5224);
#4508=AXIS2_PLACEMENT_3D('',#7799,#5226,#5227);
#4509=AXIS2_PLACEMENT_3D('',#7804,#5229,#5230);
#4510=AXIS2_PLACEMENT_3D('',#7807,#5231,#5232);
#4511=AXIS2_PLACEMENT_3D('',#7808,#5233,#5234);
#4512=AXIS2_PLACEMENT_3D('',#7815,#5237,#5238);
#4513=AXIS2_PLACEMENT_3D('',#7820,#5240,#5241);
#4514=AXIS2_PLACEMENT_3D('',#7825,#5243,#5244);
#4515=AXIS2_PLACEMENT_3D('',#7828,#5245,#5246);
#4516=AXIS2_PLACEMENT_3D('',#7829,#5247,#5248);
#4517=AXIS2_PLACEMENT_3D('',#7876,#5258,#5259);
#4518=AXIS2_PLACEMENT_3D('',#7935,#5265,#5266);
#4519=AXIS2_PLACEMENT_3D('',#8064,#5273,#5274);
#4520=AXIS2_PLACEMENT_3D('',#8073,#5277,#5278);
#4521=AXIS2_PLACEMENT_3D('',#8126,#5282,#5283);
#4522=AXIS2_PLACEMENT_3D('',#8171,#5285,#5286);
#4523=AXIS2_PLACEMENT_3D('',#8180,#5289,#5290);
#4524=AXIS2_PLACEMENT_3D('',#8187,#5292,#5293);
#4525=AXIS2_PLACEMENT_3D('',#8194,#5295,#5296);
#4526=AXIS2_PLACEMENT_3D('',#8201,#5298,#5299);
#4527=AXIS2_PLACEMENT_3D('',#8252,#5305,#5306);
#4528=AXIS2_PLACEMENT_3D('',#8281,#5308,#5309);
#4529=AXIS2_PLACEMENT_3D('',#8290,#5312,#5313);
#4530=AXIS2_PLACEMENT_3D('',#8297,#5315,#5316);
#4531=AXIS2_PLACEMENT_3D('',#8304,#5318,#5319);
#4532=AXIS2_PLACEMENT_3D('',#8357,#5323,#5324);
#4533=AXIS2_PLACEMENT_3D('',#8362,#5325,#5326);
#4534=AXIS2_PLACEMENT_3D('',#8419,#5328,#5329);
#4535=AXIS2_PLACEMENT_3D('',#8420,#5330,#5331);
#4536=AXIS2_PLACEMENT_3D('',#8421,#5332,#5333);
#4537=AXIS2_PLACEMENT_3D('',#8422,#5334,#5335);
#4538=AXIS2_PLACEMENT_3D('',#8423,#5336,#5337);
#4539=AXIS2_PLACEMENT_3D('',#8424,#5338,#5339);
#4540=AXIS2_PLACEMENT_3D('',#8429,#5341,#5342);
#4541=AXIS2_PLACEMENT_3D('',#8432,#5344,#5345);
#4542=AXIS2_PLACEMENT_3D('',#8439,#5346,#5347);
#4543=AXIS2_PLACEMENT_3D('',#8443,#5349,#5350);
#4544=AXIS2_PLACEMENT_3D('',#8444,#5351,#5352);
#4545=AXIS2_PLACEMENT_3D('',#8445,#5353,#5354);
#4546=AXIS2_PLACEMENT_3D('',#8449,#5356,#5357);
#4547=AXIS2_PLACEMENT_3D('',#8450,#5358,#5359);
#4548=AXIS2_PLACEMENT_3D('',#8451,#5360,#5361);
#4549=AXIS2_PLACEMENT_3D('',#8461,#5366,#5367);
#4550=AXIS2_PLACEMENT_3D('',#8462,#5368,#5369);
#4551=AXIS2_PLACEMENT_3D('',#8482,#5370,#5371);
#4552=AXIS2_PLACEMENT_3D('',#8532,#5372,#5373);
#4553=AXIS2_PLACEMENT_3D('',#8534,#5374,#5375);
#4554=AXIS2_PLACEMENT_3D('',#8535,#5376,#5377);
#4555=AXIS2_PLACEMENT_3D('',#8538,#5379,#5380);
#4556=AXIS2_PLACEMENT_3D('',#8541,#5382,#5383);
#4557=AXIS2_PLACEMENT_3D('',#8542,#5384,#5385);
#4558=AXIS2_PLACEMENT_3D('',#8544,#5386,#5387);
#4559=AXIS2_PLACEMENT_3D('',#8546,#5388,#5389);
#4560=AXIS2_PLACEMENT_3D('',#8567,#5392,#5393);
#4561=AXIS2_PLACEMENT_3D('',#8570,#5395,#5396);
#4562=AXIS2_PLACEMENT_3D('',#8577,#5401,#5402);
#4563=AXIS2_PLACEMENT_3D('',#8596,#5403,#5404);
#4564=AXIS2_PLACEMENT_3D('',#8613,#5405,#5406);
#4565=AXIS2_PLACEMENT_3D('',#8641,#5407,#5408);
#4566=AXIS2_PLACEMENT_3D('',#8662,#5409,#5410);
#4567=AXIS2_PLACEMENT_3D('',#8666,#5413,#5414);
#4568=AXIS2_PLACEMENT_3D('',#8670,#5417,#5418);
#4569=AXIS2_PLACEMENT_3D('',#8672,#5420,#5421);
#4570=AXIS2_PLACEMENT_3D('',#8673,#5422,#5423);
#4571=AXIS2_PLACEMENT_3D('',#8676,#5424,#5425);
#4572=AXIS2_PLACEMENT_3D('',#8677,#5426,#5427);
#4573=AXIS2_PLACEMENT_3D('',#8678,#5428,#5429);
#4574=AXIS2_PLACEMENT_3D('',#8679,#5430,#5431);
#4575=AXIS2_PLACEMENT_3D('',#8682,#5434,#5435);
#4576=AXIS2_PLACEMENT_3D('',#8683,#5436,#5437);
#4577=AXIS2_PLACEMENT_3D('',#8686,#5439,#5440);
#4578=AXIS2_PLACEMENT_3D('',#8688,#5442,#5443);
#4579=AXIS2_PLACEMENT_3D('',#8693,#5444,#5445);
#4580=AXIS2_PLACEMENT_3D('',#8734,#5447,#5448);
#4581=AXIS2_PLACEMENT_3D('',#8735,#5449,#5450);
#4582=AXIS2_PLACEMENT_3D('',#8736,#5451,#5452);
#4583=AXIS2_PLACEMENT_3D('',#8737,#5453,#5454);
#4584=DIRECTION('',(0.,0.,1.));
#4585=DIRECTION('',(1.,0.,0.));
#4586=DIRECTION('',(0.,-1.,0.));
#4587=DIRECTION('',(0.,1.,0.));
#4588=DIRECTION('',(0.,0.,-1.));
#4589=DIRECTION('',(0.,1.,0.));
#4590=DIRECTION('',(0.,-1.,0.));
#4591=DIRECTION('',(0.,0.,-1.));
#4592=DIRECTION('',(0.,1.,0.));
#4593=DIRECTION('',(0.,0.,1.));
#4594=DIRECTION('',(-1.,0.,0.));
#4595=DIRECTION('',(0.,-1.,0.));
#4596=DIRECTION('',(-2.34291072916505E-15,0.,1.));
#4597=DIRECTION('',(-0.999999999999999,0.,-2.34291072916505E-15));
#4598=DIRECTION('',(-0.0343605863533811,-0.999409500708019,-8.05037864277387E-17));
#4599=DIRECTION('',(0.,1.,0.));
#4600=DIRECTION('',(-1.,0.,-2.34291072916505E-15));
#4601=DIRECTION('',(-0.0343605863533786,-0.999409500708019,-8.05037864277328E-17));
#4602=DIRECTION('',(2.34291072916505E-15,0.,-1.));
#4603=DIRECTION('',(-1.,0.,-2.34291072916505E-15));
#4604=DIRECTION('',(2.34291072916505E-15,0.,-1.));
#4605=DIRECTION('',(-1.,0.,-2.34291072916505E-15));
#4606=DIRECTION('',(0.366642634480696,0.930361853571531,8.59010962094161E-16));
#4607=DIRECTION('',(0.519304457118163,0.85458930534919,1.21668398428537E-15));
#4608=DIRECTION('',(2.34291072916505E-15,0.,-1.));
#4609=DIRECTION('',(-1.,0.,-2.34291072916505E-15));
#4610=DIRECTION('',(0.559444842810478,0.828867581615278,1.31072932459672E-15));
#4611=DIRECTION('',(0.662388508891319,0.749160505692028,1.55191714435711E-15));
#4612=DIRECTION('',(2.34291072916505E-15,0.,-1.));
#4613=DIRECTION('',(-1.,0.,-2.34291072916505E-15));
#4614=DIRECTION('',(0.83075756494223,0.556634411702382,1.94639081223818E-15));
#4615=DIRECTION('',(1.,0.,0.));
#4616=DIRECTION('',(0.,-1.,0.));
#4617=DIRECTION('',(0.,0.,-1.));
#4618=DIRECTION('',(-1.,0.,0.));
#4619=DIRECTION('',(-1.,0.,0.));
#4620=DIRECTION('',(0.,0.,-1.));
#4621=DIRECTION('',(-1.,0.,0.));
#4622=DIRECTION('',(0.,1.,0.));
#4623=DIRECTION('',(0.,-1.,0.));
#4624=DIRECTION('',(1.,9.18258138786111E-16,0.));
#4625=DIRECTION('',(0.,1.,0.));
#4626=DIRECTION('',(1.,0.,0.));
#4627=DIRECTION('',(0.,-1.,0.));
#4628=DIRECTION('',(0.,0.,-1.));
#4629=DIRECTION('',(-1.,0.,0.));
#4630=DIRECTION('',(-1.,0.,0.));
#4631=DIRECTION('',(0.,0.,-1.));
#4632=DIRECTION('',(-1.,0.,0.));
#4633=DIRECTION('',(0.,1.,0.));
#4634=DIRECTION('',(1.,0.,0.));
#4635=DIRECTION('',(0.830757564942229,-0.556634411702383,1.94639081223818E-15));
#4636=DIRECTION('',(0.,0.,-1.));
#4637=DIRECTION('',(1.,0.,0.));
#4638=DIRECTION('',(0.662388508891318,-0.749160505692028,1.55191714435711E-15));
#4639=DIRECTION('',(0.559444842810478,-0.828867581615278,1.31072932459672E-15));
#4640=DIRECTION('',(0.,0.,-1.));
#4641=DIRECTION('',(1.,0.,0.));
#4642=DIRECTION('',(0.519304457118162,-0.85458930534919,1.21668398428537E-15));
#4643=DIRECTION('',(0.366642634480695,-0.930361853571531,8.59010962094159E-16));
#4644=DIRECTION('',(0.,0.,-1.));
#4645=DIRECTION('',(1.,0.,0.));
#4646=DIRECTION('',(0.,0.,-1.));
#4647=DIRECTION('',(1.,0.,0.));
#4648=DIRECTION('',(-0.0343605863533786,0.999409500708019,0.));
#4649=DIRECTION('',(-1.,0.,-2.34291072916505E-15));
#4650=DIRECTION('',(0.,-1.,0.));
#4651=DIRECTION('',(-0.0343605863533811,0.999409500708019,0.));
#4652=DIRECTION('',(0.,0.,1.));
#4653=DIRECTION('',(1.,0.,0.));
#4654=DIRECTION('',(0.,1.,0.));
#4655=DIRECTION('',(0.,0.,1.));
#4656=DIRECTION('',(1.,0.,0.));
#4657=DIRECTION('',(0.,-1.,0.));
#4658=DIRECTION('',(0.,0.,-1.));
#4659=DIRECTION('',(0.,-1.,0.));
#4660=DIRECTION('',(0.,0.,-1.));
#4661=DIRECTION('',(0.,1.,0.));
#4662=DIRECTION('',(0.,0.,-1.));
#4663=DIRECTION('',(0.,-1.,0.));
#4664=DIRECTION('',(0.,0.,-1.));
#4665=DIRECTION('',(0.,-1.,0.));
#4666=DIRECTION('',(0.,0.,-1.));
#4667=DIRECTION('',(0.,-1.,0.));
#4668=DIRECTION('',(0.,0.,-1.));
#4669=DIRECTION('',(0.,1.,0.));
#4670=DIRECTION('',(0.,0.,-1.));
#4671=DIRECTION('',(0.,-1.,0.));
#4672=DIRECTION('',(0.,0.,-1.));
#4673=DIRECTION('',(-1.,0.,0.));
#4674=DIRECTION('',(-1.,0.,0.));
#4675=DIRECTION('',(0.,1.,0.));
#4676=DIRECTION('',(0.,0.,1.));
#4677=DIRECTION('',(1.,0.,0.));
#4678=DIRECTION('',(0.,1.,0.));
#4679=DIRECTION('',(0.,-1.,0.));
#4680=DIRECTION('',(3.88578058618805E-16,1.,-3.48939338860618E-30));
#4681=DIRECTION('',(1.,-3.4635624204743E-16,0.));
#4682=DIRECTION('',(-1.,0.,-2.37455560245804E-15));
#4683=DIRECTION('',(0.,-1.,0.));
#4684=DIRECTION('',(0.,0.,1.));
#4685=DIRECTION('',(3.88578058618805E-16,1.,-3.48939338860618E-30));
#4686=DIRECTION('',(1.,-3.4635624204743E-16,0.));
#4687=DIRECTION('',(0.,1.,0.));
#4688=DIRECTION('',(0.,0.,1.));
#4689=DIRECTION('',(0.,1.,0.));
#4690=DIRECTION('',(0.,0.,1.));
#4691=DIRECTION('',(0.,-1.,0.));
#4692=DIRECTION('',(0.,0.,1.));
#4693=DIRECTION('',(0.,1.,0.));
#4694=DIRECTION('',(0.,0.,1.));
#4695=DIRECTION('',(0.,1.,0.));
#4696=DIRECTION('',(0.,0.,1.));
#4697=DIRECTION('',(0.,-1.,0.));
#4698=DIRECTION('',(0.,0.,-1.));
#4699=DIRECTION('',(0.,1.,0.));
#4700=DIRECTION('',(-1.,0.,1.83697019872103E-16));
#4701=DIRECTION('',(0.,-1.,0.));
#4702=DIRECTION('',(0.,0.,1.));
#4703=DIRECTION('',(0.,-1.,0.));
#4704=DIRECTION('',(0.,0.,-1.));
#4705=DIRECTION('',(0.,1.,0.));
#4706=DIRECTION('',(0.,0.,1.));
#4707=DIRECTION('',(0.,-1.,0.));
#4708=DIRECTION('',(0.,0.,1.));
#4709=DIRECTION('',(0.,1.,0.));
#4710=DIRECTION('',(0.,0.,1.));
#4711=DIRECTION('',(0.,1.,0.));
#4712=DIRECTION('',(0.,0.,1.));
#4713=DIRECTION('',(9.18258138786111E-16,-1.,2.15139684550511E-30));
#4714=DIRECTION('',(1.,9.17668718791731E-16,0.));
#4715=DIRECTION('',(0.,1.,0.));
#4716=DIRECTION('',(0.,0.,1.));
#4717=DIRECTION('',(0.,1.,0.));
#4718=DIRECTION('',(0.,0.,1.));
#4719=DIRECTION('',(0.,1.,0.));
#4720=DIRECTION('',(0.,0.,1.));
#4721=DIRECTION('',(0.,-1.,0.));
#4722=DIRECTION('',(0.,0.,1.));
#4723=DIRECTION('',(0.,1.,0.));
#4724=DIRECTION('',(0.,0.,1.));
#4725=DIRECTION('',(0.,1.,0.));
#4726=DIRECTION('',(0.,-1.,0.));
#4727=DIRECTION('',(0.,-1.,0.));
#4728=DIRECTION('',(0.,0.,-1.));
#4729=DIRECTION('',(-1.,0.,-2.37455560245804E-15));
#4730=DIRECTION('',(0.,-1.,0.));
#4731=DIRECTION('',(-2.37455560245804E-15,0.,1.));
#4732=DIRECTION('',(1.,0.,2.37461959817775E-15));
#4733=DIRECTION('',(0.,-1.,0.));
#4734=DIRECTION('',(0.,-1.,0.));
#4735=DIRECTION('',(0.,0.,1.));
#4736=DIRECTION('',(0.,-1.,0.));
#4737=DIRECTION('',(0.,0.,-1.));
#4738=DIRECTION('',(0.,-1.,0.));
#4739=DIRECTION('',(0.00543612945899022,0.,0.99998522413909));
#4740=DIRECTION('',(0.99998522413909,0.,-0.00543612945899022));
#4741=DIRECTION('',(0.000103308419309565,0.,0.999999994663685));
#4742=DIRECTION('',(0.999999994663685,0.,-0.000103308419309565));
#4743=DIRECTION('',(0.,1.,0.));
#4744=DIRECTION('',(0.,0.,-1.));
#4745=DIRECTION('',(3.88578058618805E-16,1.,-3.48939338860618E-30));
#4746=DIRECTION('',(1.,-3.4635624204743E-16,0.));
#4747=DIRECTION('',(3.88578058618805E-16,1.,-3.48939338860618E-30));
#4748=DIRECTION('',(-1.,3.65700429257331E-16,5.47759693032248E-48));
#4749=DIRECTION('',(-3.88578058618805E-16,-1.,3.48939338860618E-30));
#4750=DIRECTION('',(1.,-4.00108004693282E-16,0.));
#4751=DIRECTION('',(0.,1.,0.));
#4752=DIRECTION('',(0.,0.,-1.));
#4753=DIRECTION('',(3.88578058618805E-16,1.,-3.48939338860618E-30));
#4754=DIRECTION('',(-1.,3.36279328739982E-16,6.95326459318916E-47));
#4755=DIRECTION('',(3.88578058618805E-16,1.,-3.48939338860618E-30));
#4756=DIRECTION('',(-1.,3.87985417639476E-16,0.));
#4757=DIRECTION('',(3.88578058618805E-16,1.,-3.48939338860618E-30));
#4758=DIRECTION('',(-1.,3.98753079258332E-16,4.02159901536744E-46));
#4759=DIRECTION('',(3.88578058618805E-16,1.,-3.48939338860618E-30));
#4760=DIRECTION('',(1.,-3.97318898939313E-16,0.));
#4761=DIRECTION('',(-3.88578058618805E-16,-1.,3.48939338860618E-30));
#4762=DIRECTION('',(1.,-4.00122955149118E-16,0.));
#4763=DIRECTION('',(3.88578058618805E-16,1.,-3.48939338860618E-30));
#4764=DIRECTION('',(-1.,2.1833990926578E-16,-2.45336717039165E-46));
#4765=DIRECTION('',(0.,1.,0.));
#4766=DIRECTION('',(0.,0.,-1.));
#4767=DIRECTION('',(3.88578058618805E-16,1.,-3.48939338860618E-30));
#4768=DIRECTION('',(-1.,4.2063425409379E-16,-3.96863424061466E-46));
#4769=DIRECTION('',(0.,1.,0.));
#4770=DIRECTION('',(0.,0.,-1.));
#4771=DIRECTION('',(0.,-1.,0.));
#4772=DIRECTION('',(1.,0.,-6.12323399573676E-17));
#4773=DIRECTION('',(0.,-1.,0.));
#4774=DIRECTION('',(0.,0.,-1.));
#4775=DIRECTION('',(0.,1.,0.));
#4776=DIRECTION('',(0.,0.,-1.));
#4777=DIRECTION('',(0.,1.,0.));
#4778=DIRECTION('',(0.,0.,1.));
#4779=DIRECTION('',(0.,1.,0.));
#4780=DIRECTION('',(0.,0.,-1.));
#4781=DIRECTION('',(0.,1.,0.));
#4782=DIRECTION('',(0.,0.,-1.));
#4783=DIRECTION('',(0.,1.,0.));
#4784=DIRECTION('',(0.,-1.06961277798877E-15,1.));
#4785=DIRECTION('',(0.,1.,0.));
#4786=DIRECTION('',(0.,1.06714102089964E-15,1.));
#4787=DIRECTION('',(0.,1.,0.));
#4788=DIRECTION('',(0.,0.,-1.));
#4789=DIRECTION('',(0.,-1.,0.));
#4790=DIRECTION('',(0.,0.,-1.));
#4791=DIRECTION('',(0.,-1.,0.));
#4792=DIRECTION('',(0.,1.,0.));
#4793=DIRECTION('',(0.,1.,0.));
#4794=DIRECTION('',(0.,0.,1.));
#4795=DIRECTION('',(0.,1.,0.));
#4796=DIRECTION('',(0.,-1.,0.));
#4797=DIRECTION('',(0.,0.,-1.));
#4798=DIRECTION('',(0.,-1.,0.));
#4799=DIRECTION('',(0.,0.,-1.));
#4800=DIRECTION('',(0.,-1.,0.));
#4801=DIRECTION('',(0.,0.,-1.));
#4802=DIRECTION('',(0.,0.,-1.));
#4803=DIRECTION('',(1.,0.,0.));
#4804=DIRECTION('',(1.,0.,0.));
#4805=DIRECTION('',(0.541820764192408,0.840494056784434,0.));
#4806=DIRECTION('',(0.,0.,1.));
#4807=DIRECTION('',(1.,0.,0.));
#4808=DIRECTION('',(0.,1.,0.));
#4809=DIRECTION('',(0.,0.,-1.));
#4810=DIRECTION('',(0.,0.,-1.));
#4811=DIRECTION('',(0.,-1.,0.));
#4812=DIRECTION('',(0.,0.,-1.));
#4813=DIRECTION('',(0.840494056784434,-0.541820764192408,0.));
#4814=DIRECTION('',(0.541820764192408,0.840494056784434,0.));
#4815=DIRECTION('',(0.,1.,0.));
#4816=DIRECTION('',(0.,-1.,0.));
#4817=DIRECTION('',(0.,0.,-1.));
#4818=DIRECTION('',(0.,-1.,0.));
#4819=DIRECTION('',(0.,1.,0.));
#4820=DIRECTION('',(0.,0.,-1.));
#4821=DIRECTION('',(0.,1.,0.));
#4822=DIRECTION('',(0.,0.,1.));
#4823=DIRECTION('',(-2.34291072916505E-15,0.,-1.));
#4824=DIRECTION('',(-0.999999999999999,0.,2.34291072916505E-15));
#4825=DIRECTION('',(0.,1.,0.));
#4826=DIRECTION('',(1.,0.,0.));
#4827=DIRECTION('',(0.,-1.,0.));
#4828=DIRECTION('',(0.,0.,-1.));
#4829=DIRECTION('',(1.,0.,0.));
#4830=DIRECTION('',(0.0343605863533811,-0.999409500708019,0.));
#4831=DIRECTION('',(0.,1.,0.));
#4832=DIRECTION('',(1.,0.,-2.34291072916505E-15));
#4833=DIRECTION('',(0.0343605863533786,-0.999409500708019,0.));
#4834=DIRECTION('',(0.,0.,1.));
#4835=DIRECTION('',(1.,0.,0.));
#4836=DIRECTION('',(0.,0.,1.));
#4837=DIRECTION('',(1.,0.,0.));
#4838=DIRECTION('',(-0.366642634480695,0.930361853571531,8.59010962094159E-16));
#4839=DIRECTION('',(-0.519304457118162,0.85458930534919,1.21668398428537E-15));
#4840=DIRECTION('',(0.,0.,1.));
#4841=DIRECTION('',(1.,0.,0.));
#4842=DIRECTION('',(-0.559444842810478,0.828867581615278,1.31072932459672E-15));
#4843=DIRECTION('',(-0.662388508891318,0.749160505692028,1.55191714435711E-15));
#4844=DIRECTION('',(0.,0.,1.));
#4845=DIRECTION('',(1.,0.,0.));
#4846=DIRECTION('',(-0.830757564942229,0.556634411702383,1.94639081223818E-15));
#4847=DIRECTION('',(-1.,0.,0.));
#4848=DIRECTION('',(0.,-1.,0.));
#4849=DIRECTION('',(1.,0.,0.));
#4850=DIRECTION('',(0.,1.,0.));
#4851=DIRECTION('',(-1.,0.,0.));
#4852=DIRECTION('',(0.,-1.,0.));
#4853=DIRECTION('',(-1.,-9.18258138786111E-16,0.));
#4854=DIRECTION('',(0.,1.,0.));
#4855=DIRECTION('',(0.,-1.,0.));
#4856=DIRECTION('',(1.,0.,0.));
#4857=DIRECTION('',(0.,1.,0.));
#4858=DIRECTION('',(-1.,0.,0.));
#4859=DIRECTION('',(-0.83075756494223,-0.556634411702382,1.94639081223818E-15));
#4860=DIRECTION('',(2.34291072916505E-15,0.,1.));
#4861=DIRECTION('',(-1.,0.,2.34291072916505E-15));
#4862=DIRECTION('',(-0.662388508891319,-0.749160505692028,1.55191714435711E-15));
#4863=DIRECTION('',(-0.559444842810478,-0.828867581615278,1.31072932459672E-15));
#4864=DIRECTION('',(2.34291072916505E-15,0.,1.));
#4865=DIRECTION('',(-1.,0.,2.34291072916505E-15));
#4866=DIRECTION('',(-0.519304457118163,-0.85458930534919,1.21668398428537E-15));
#4867=DIRECTION('',(-0.366642634480696,-0.930361853571531,8.59010962094161E-16));
#4868=DIRECTION('',(2.34291072916505E-15,0.,1.));
#4869=DIRECTION('',(-1.,0.,2.34291072916505E-15));
#4870=DIRECTION('',(2.34291072916505E-15,0.,1.));
#4871=DIRECTION('',(-1.,0.,2.34291072916505E-15));
#4872=DIRECTION('',(0.0343605863533786,0.999409500708019,-8.05037864277328E-17));
#4873=DIRECTION('',(1.,0.,-2.34291072916505E-15));
#4874=DIRECTION('',(0.,-1.,0.));
#4875=DIRECTION('',(0.0343605863533811,0.999409500708019,-8.05037864277387E-17));
#4876=DIRECTION('',(0.,0.,-1.));
#4877=DIRECTION('',(1.,0.,0.));
#4878=DIRECTION('',(0.,-1.,0.));
#4879=DIRECTION('',(0.,0.,-1.));
#4880=DIRECTION('',(0.,1.,0.));
#4881=DIRECTION('',(0.,0.,-1.));
#4882=DIRECTION('',(0.,-1.,0.));
#4883=DIRECTION('',(0.,0.,-1.));
#4884=DIRECTION('',(0.,-1.,0.));
#4885=DIRECTION('',(0.,0.,-1.));
#4886=DIRECTION('',(0.,-1.,0.));
#4887=DIRECTION('',(0.,0.,1.));
#4888=DIRECTION('',(0.,-1.,0.));
#4889=DIRECTION('',(0.,0.,-1.));
#4890=DIRECTION('',(0.,1.,0.));
#4891=DIRECTION('',(0.,0.,1.));
#4892=DIRECTION('',(0.,-1.,0.));
#4893=DIRECTION('',(0.,0.,1.));
#4894=DIRECTION('',(0.,-1.,0.));
#4895=DIRECTION('',(1.,0.,0.));
#4896=DIRECTION('',(1.,0.,0.));
#4897=DIRECTION('',(0.,0.,-1.));
#4898=DIRECTION('',(1.,0.,0.));
#4899=DIRECTION('',(0.,-1.,0.));
#4900=DIRECTION('',(0.,-1.,0.));
#4901=DIRECTION('',(3.88578058618805E-16,1.,3.48939338860618E-30));
#4902=DIRECTION('',(1.,-3.4635624204743E-16,0.));
#4903=DIRECTION('',(0.,1.,0.));
#4904=DIRECTION('',(0.,0.,-1.));
#4905=DIRECTION('',(3.88578058618805E-16,1.,3.48939338860618E-30));
#4906=DIRECTION('',(1.,-3.4635624204743E-16,0.));
#4907=DIRECTION('',(0.,-1.,0.));
#4908=DIRECTION('',(0.,0.,-1.));
#4909=DIRECTION('',(1.,0.,-2.37455560245804E-15));
#4910=DIRECTION('',(0.,1.,0.));
#4911=DIRECTION('',(0.,0.,-1.));
#4912=DIRECTION('',(0.,-1.,0.));
#4913=DIRECTION('',(0.,0.,-1.));
#4914=DIRECTION('',(0.,1.,0.));
#4915=DIRECTION('',(0.,0.,-1.));
#4916=DIRECTION('',(0.,-1.,0.));
#4917=DIRECTION('',(0.,0.,1.));
#4918=DIRECTION('',(0.,-1.,0.));
#4919=DIRECTION('',(0.,0.,1.));
#4920=DIRECTION('',(0.,1.,0.));
#4921=DIRECTION('',(0.,0.,1.));
#4922=DIRECTION('',(0.,1.,0.));
#4923=DIRECTION('',(-1.,0.,-1.83697019872103E-16));
#4924=DIRECTION('',(0.,-1.,0.));
#4925=DIRECTION('',(0.,0.,1.));
#4926=DIRECTION('',(0.,1.,0.));
#4927=DIRECTION('',(0.,0.,-1.));
#4928=DIRECTION('',(0.,1.,0.));
#4929=DIRECTION('',(0.,0.,-1.));
#4930=DIRECTION('',(9.18258138786111E-16,-1.,-2.15139684550511E-30));
#4931=DIRECTION('',(1.,9.17668718791731E-16,0.));
#4932=DIRECTION('',(0.,-1.,0.));
#4933=DIRECTION('',(0.,0.,-1.));
#4934=DIRECTION('',(0.,1.,0.));
#4935=DIRECTION('',(0.,0.,-1.));
#4936=DIRECTION('',(0.,1.,0.));
#4937=DIRECTION('',(0.,0.,-1.));
#4938=DIRECTION('',(0.,-1.,0.));
#4939=DIRECTION('',(0.,1.,0.));
#4940=DIRECTION('',(0.,-1.,0.));
#4941=DIRECTION('',(0.,0.,1.));
#4942=DIRECTION('',(0.,1.,0.));
#4943=DIRECTION('',(1.,0.,-2.37455560245804E-15));
#4944=DIRECTION('',(-2.37455560245804E-15,0.,-1.));
#4945=DIRECTION('',(1.,0.,-2.37461959817775E-15));
#4946=DIRECTION('',(0.,1.,0.));
#4947=DIRECTION('',(0.,-1.,0.));
#4948=DIRECTION('',(0.,0.,-1.));
#4949=DIRECTION('',(0.,-1.,0.));
#4950=DIRECTION('',(0.,0.,1.));
#4951=DIRECTION('',(0.,1.,0.));
#4952=DIRECTION('',(0.00543612945899022,0.,-0.99998522413909));
#4953=DIRECTION('',(0.99998522413909,0.,0.00543612945899022));
#4954=DIRECTION('',(0.000103308419309565,0.,-0.999999994663685));
#4955=DIRECTION('',(0.999999994663685,0.,0.000103308419309565));
#4956=DIRECTION('',(0.,1.,0.));
#4957=DIRECTION('',(0.,0.,1.));
#4958=DIRECTION('',(3.88578058618805E-16,1.,3.48939338860618E-30));
#4959=DIRECTION('',(1.,-3.4635624204743E-16,0.));
#4960=DIRECTION('',(3.88578058618805E-16,1.,3.48939338860618E-30));
#4961=DIRECTION('',(-1.,3.65700429257331E-16,-5.47759693032248E-48));
#4962=DIRECTION('',(-3.88578058618805E-16,-1.,-3.48939338860618E-30));
#4963=DIRECTION('',(1.,-4.00108004693282E-16,0.));
#4964=DIRECTION('',(0.,1.,0.));
#4965=DIRECTION('',(0.,0.,1.));
#4966=DIRECTION('',(3.88578058618805E-16,1.,3.48939338860618E-30));
#4967=DIRECTION('',(-1.,3.36279328739982E-16,-6.95326459318916E-47));
#4968=DIRECTION('',(3.88578058618805E-16,1.,3.48939338860618E-30));
#4969=DIRECTION('',(-1.,3.87985417639476E-16,0.));
#4970=DIRECTION('',(3.88578058618805E-16,1.,3.48939338860618E-30));
#4971=DIRECTION('',(-1.,3.98753079258332E-16,-4.02159901536744E-46));
#4972=DIRECTION('',(3.88578058618805E-16,1.,3.48939338860618E-30));
#4973=DIRECTION('',(1.,-3.97318898939313E-16,0.));
#4974=DIRECTION('',(-3.88578058618805E-16,-1.,-3.48939338860618E-30));
#4975=DIRECTION('',(1.,-4.00122955149118E-16,0.));
#4976=DIRECTION('',(3.88578058618805E-16,1.,3.48939338860618E-30));
#4977=DIRECTION('',(-1.,2.1833990926578E-16,2.45336717039165E-46));
#4978=DIRECTION('',(0.,1.,0.));
#4979=DIRECTION('',(0.,0.,1.));
#4980=DIRECTION('',(3.88578058618805E-16,1.,3.48939338860618E-30));
#4981=DIRECTION('',(-1.,4.2063425409379E-16,3.96863424061466E-46));
#4982=DIRECTION('',(0.,-1.,0.));
#4983=DIRECTION('',(1.,0.,6.12323399573676E-17));
#4984=DIRECTION('',(0.,1.,0.));
#4985=DIRECTION('',(0.,0.,1.));
#4986=DIRECTION('',(0.,-1.,0.));
#4987=DIRECTION('',(0.,0.,1.));
#4988=DIRECTION('',(0.,1.,0.));
#4989=DIRECTION('',(0.,0.,1.));
#4990=DIRECTION('',(0.,1.,0.));
#4991=DIRECTION('',(0.,0.,-1.));
#4992=DIRECTION('',(0.,1.,0.));
#4993=DIRECTION('',(0.,0.,1.));
#4994=DIRECTION('',(0.,1.,0.));
#4995=DIRECTION('',(0.,0.,1.));
#4996=DIRECTION('',(0.,1.,0.));
#4997=DIRECTION('',(0.,-1.06961277798877E-15,-1.));
#4998=DIRECTION('',(0.,1.,0.));
#4999=DIRECTION('',(0.,1.06714102089964E-15,-1.));
#5000=DIRECTION('',(0.,1.,0.));
#5001=DIRECTION('',(0.,0.,1.));
#5002=DIRECTION('',(0.,-1.,0.));
#5003=DIRECTION('',(0.,0.,1.));
#5004=DIRECTION('',(0.,1.,0.));
#5005=DIRECTION('',(0.,-1.,0.));
#5006=DIRECTION('',(0.,1.,0.));
#5007=DIRECTION('',(0.,0.,1.));
#5008=DIRECTION('',(0.,1.,0.));
#5009=DIRECTION('',(0.,-1.,0.));
#5010=DIRECTION('',(0.,0.,-1.));
#5011=DIRECTION('',(0.,-1.,0.));
#5012=DIRECTION('',(0.,0.,-1.));
#5013=DIRECTION('',(0.,-1.,0.));
#5014=DIRECTION('',(0.,0.,-1.));
#5015=DIRECTION('',(2.19462566877926E-16,-1.,0.));
#5016=DIRECTION('',(1.,4.18726356270264E-16,0.));
#5017=DIRECTION('',(-6.58387700633777E-16,1.,0.));
#5018=DIRECTION('',(-1.,0.,0.));
#5019=DIRECTION('',(0.,0.,1.));
#5020=DIRECTION('',(1.,0.,0.));
#5021=DIRECTION('',(0.,-1.,0.));
#5022=DIRECTION('',(0.,0.,-1.));
#5023=DIRECTION('',(0.,-1.,0.));
#5024=DIRECTION('',(0.,1.,0.));
#5025=DIRECTION('',(0.,0.,-1.));
#5026=DIRECTION('',(0.,1.,0.));
#5027=DIRECTION('',(0.,1.,0.));
#5028=DIRECTION('',(0.,0.,1.));
#5029=DIRECTION('',(-6.58387700633777E-16,1.,0.));
#5030=DIRECTION('',(0.,0.,-1.));
#5031=DIRECTION('',(0.,0.,-1.));
#5032=DIRECTION('',(-1.,-6.58387700633777E-16,0.));
#5033=DIRECTION('',(6.59194920871187E-16,-1.,0.));
#5034=DIRECTION('',(2.19462566877926E-16,-1.,0.));
#5035=DIRECTION('',(0.,0.,-1.));
#5036=DIRECTION('',(0.,0.,-1.));
#5037=DIRECTION('',(1.,2.19462566877926E-16,0.));
#5038=DIRECTION('',(-2.18575157973078E-16,1.,0.));
#5039=DIRECTION('',(1.,4.18726356270264E-16,0.));
#5040=DIRECTION('',(-4.18726356270264E-16,1.,0.));
#5041=DIRECTION('',(-1.,-4.19803081186387E-16,0.));
#5042=DIRECTION('',(-2.34291072916505E-15,0.,1.));
#5043=DIRECTION('',(-0.999999999999999,0.,-2.34291072916505E-15));
#5044=DIRECTION('',(0.,1.,0.));
#5045=DIRECTION('',(0.,0.,-1.));
#5046=DIRECTION('',(0.,0.,1.));
#5047=DIRECTION('',(1.,0.,0.));
#5048=DIRECTION('',(0.,1.,0.));
#5049=DIRECTION('',(0.,0.,-1.));
#5050=DIRECTION('',(0.,-1.,0.));
#5051=DIRECTION('',(0.,0.,-1.));
#5052=DIRECTION('',(-1.,0.,0.));
#5053=DIRECTION('',(0.,-1.,0.));
#5054=DIRECTION('',(0.,0.,-1.));
#5055=DIRECTION('',(0.,-1.,0.));
#5056=DIRECTION('',(0.,0.,-1.));
#5057=DIRECTION('',(0.,-1.,0.));
#5058=DIRECTION('',(0.,0.,-1.));
#5059=DIRECTION('',(0.,-1.,0.));
#5060=DIRECTION('',(0.,0.,-1.));
#5061=DIRECTION('',(-1.,0.,0.));
#5062=DIRECTION('',(0.,-1.,0.));
#5063=DIRECTION('',(0.,0.,-1.));
#5064=DIRECTION('',(0.,1.,0.));
#5065=DIRECTION('',(0.,-1.,0.));
#5066=DIRECTION('',(0.0343605863533494,-0.99940950070802,0.));
#5067=DIRECTION('',(0.,0.,1.));
#5068=DIRECTION('',(1.,1.34974855436014E-16,0.));
#5069=DIRECTION('',(0.,0.,1.));
#5070=DIRECTION('',(1.,1.34161079847592E-16,0.));
#5071=DIRECTION('',(-0.91642660800589,0.400202788769416,1.51269994328797E-15));
#5072=DIRECTION('',(-1.,0.,0.));
#5073=DIRECTION('',(-0.91642660800589,-0.400202788769418,-1.23656982459591E-17));
#5074=DIRECTION('',(-2.34291072916505E-15,0.,1.));
#5075=DIRECTION('',(-1.,1.34161079847592E-16,-2.34291072916505E-15));
#5076=DIRECTION('',(-2.34291072916505E-15,0.,1.));
#5077=DIRECTION('',(-1.,1.34974855436014E-16,-2.34291072916505E-15));
#5078=DIRECTION('',(0.0343605863533494,0.99940950070802,8.05037864276644E-17));
#5079=DIRECTION('',(0.,0.,1.));
#5080=DIRECTION('',(1.,0.,0.));
#5081=DIRECTION('',(0.,-1.,0.));
#5082=DIRECTION('',(0.,1.,0.));
#5083=DIRECTION('',(0.,1.,0.));
#5084=DIRECTION('',(0.,0.,1.));
#5085=DIRECTION('',(0.,1.,0.));
#5086=DIRECTION('',(0.,0.,1.));
#5087=DIRECTION('',(0.,1.,0.));
#5088=DIRECTION('',(0.,0.,1.));
#5089=DIRECTION('',(0.,1.,0.));
#5090=DIRECTION('',(0.,0.,-1.));
#5091=DIRECTION('',(0.,1.,0.));
#5092=DIRECTION('',(0.,-1.80294939117658E-15,1.));
#5093=DIRECTION('',(0.,1.,0.));
#5094=DIRECTION('',(0.,0.,-1.));
#5095=DIRECTION('',(5.66790795115519E-16,-1.,7.77156117237609E-16));
#5096=DIRECTION('',(0.,0.,1.));
#5097=DIRECTION('',(-5.66790795115519E-16,1.,-7.77156117237609E-16));
#5098=DIRECTION('',(0.,1.31703434196701E-15,1.));
#5099=DIRECTION('',(0.,-1.,0.));
#5100=DIRECTION('',(0.,0.,1.));
#5101=DIRECTION('',(-5.66790795115519E-16,1.,-7.77156117237609E-16));
#5102=DIRECTION('',(0.,7.85671943614754E-16,1.));
#5103=DIRECTION('',(0.788407797933547,-0.61515294371203,0.));
#5104=DIRECTION('',(-0.61515294371203,-0.788407797933547,-9.86076131526265E-32));
#5105=DIRECTION('',(-0.788407797933547,0.61515294371203,-1.2633543010426E-15));
#5106=DIRECTION('',(0.61515294371203,0.788407797933547,0.));
#5107=DIRECTION('',(-0.788407797933547,0.61515294371203,0.));
#5108=DIRECTION('',(-5.66790795115519E-16,1.,-7.77156117237609E-16));
#5109=DIRECTION('',(0.,0.,1.));
#5110=DIRECTION('',(1.,0.,0.));
#5111=DIRECTION('',(-5.66790795115519E-16,1.,-7.77156117237609E-16));
#5112=DIRECTION('',(0.,1.31703434196701E-15,1.));
#5113=DIRECTION('',(0.,1.,0.));
#5114=DIRECTION('',(0.,-1.,0.));
#5115=DIRECTION('',(0.,0.,-1.));
#5116=DIRECTION('',(0.,-1.,0.));
#5117=DIRECTION('',(0.,0.,-1.));
#5118=DIRECTION('',(0.,-1.,0.));
#5119=DIRECTION('',(0.,0.,-1.));
#5120=DIRECTION('',(0.,0.,-1.));
#5121=DIRECTION('',(0.,0.,-1.));
#5122=DIRECTION('',(0.,-1.,0.));
#5123=DIRECTION('',(0.,0.,-1.));
#5124=DIRECTION('',(0.,0.,-1.));
#5125=DIRECTION('',(0.,0.,-1.));
#5126=DIRECTION('',(0.,0.,-1.));
#5127=DIRECTION('',(0.,-1.,0.));
#5128=DIRECTION('',(0.,0.,-1.));
#5129=DIRECTION('',(0.,0.,-1.));
#5130=DIRECTION('',(0.,0.,1.));
#5131=DIRECTION('',(1.,0.,0.));
#5132=DIRECTION('',(0.,0.,-1.));
#5133=DIRECTION('',(0.,0.,-1.));
#5134=DIRECTION('',(1.,4.35388566304057E-16,0.));
#5135=DIRECTION('',(-4.35415592470179E-16,1.,0.));
#5136=DIRECTION('',(0.,0.,-1.));
#5137=DIRECTION('',(0.,1.,0.));
#5138=DIRECTION('',(0.,0.,1.));
#5139=DIRECTION('',(0.,0.,-1.));
#5140=DIRECTION('',(0.,0.,-1.));
#5141=DIRECTION('',(0.,0.,-1.));
#5142=DIRECTION('',(0.,1.,0.));
#5143=DIRECTION('',(0.,0.,1.));
#5144=DIRECTION('',(0.,0.,-1.));
#5145=DIRECTION('',(0.,0.,-1.));
#5146=DIRECTION('',(0.,0.,-1.));
#5147=DIRECTION('',(0.,1.,0.));
#5148=DIRECTION('',(0.,0.,1.));
#5149=DIRECTION('',(0.,0.,-1.));
#5150=DIRECTION('',(0.,0.,-1.));
#5151=DIRECTION('',(0.,0.,-1.));
#5152=DIRECTION('',(0.,0.,-1.));
#5153=DIRECTION('',(0.,0.,-1.));
#5154=DIRECTION('',(-1.,-7.7580982787736E-16,0.));
#5155=DIRECTION('',(7.75855074630627E-16,-1.,0.));
#5156=DIRECTION('',(0.,-1.,0.));
#5157=DIRECTION('',(0.,0.,-1.));
#5158=DIRECTION('',(0.,0.,1.));
#5159=DIRECTION('',(1.,0.,0.));
#5160=DIRECTION('',(0.,0.,-1.));
#5161=DIRECTION('',(0.,0.,-1.));
#5162=DIRECTION('',(0.,0.,-1.));
#5163=DIRECTION('',(0.,0.,-1.));
#5164=DIRECTION('',(0.,0.,-1.));
#5165=DIRECTION('',(0.,1.,0.));
#5166=DIRECTION('',(0.,0.,1.));
#5167=DIRECTION('',(0.,0.,-1.));
#5168=DIRECTION('',(-1.,-6.51855250115005E-16,0.));
#5169=DIRECTION('',(6.51822346098285E-16,-1.,0.));
#5170=DIRECTION('',(0.,0.,-1.));
#5171=DIRECTION('',(0.,0.,-1.));
#5172=DIRECTION('',(0.,0.,-1.));
#5173=DIRECTION('',(-1.,-3.86792375944594E-16,0.));
#5174=DIRECTION('',(3.86843335142828E-16,-1.,0.));
#5175=DIRECTION('',(0.,0.,-1.));
#5176=DIRECTION('',(0.,-1.,0.));
#5177=DIRECTION('',(0.,0.,-1.));
#5178=DIRECTION('',(1.,4.2382448560797E-16,0.));
#5179=DIRECTION('',(-4.23814629224584E-16,1.,0.));
#5180=DIRECTION('',(0.,0.,-1.));
#5181=DIRECTION('',(0.,0.,-1.));
#5182=DIRECTION('',(-1.,0.,0.));
#5183=DIRECTION('',(0.,0.,-1.));
#5184=DIRECTION('',(0.,0.,-1.));
#5185=DIRECTION('',(1.,4.35388566304057E-16,0.));
#5186=DIRECTION('',(-4.35415592470179E-16,1.,0.));
#5187=DIRECTION('',(0.,0.,-1.));
#5188=DIRECTION('',(0.,1.,0.));
#5189=DIRECTION('',(0.,0.,1.));
#5190=DIRECTION('',(0.,0.,-1.));
#5191=DIRECTION('',(0.,0.,-1.));
#5192=DIRECTION('',(0.,0.,-1.));
#5193=DIRECTION('',(-0.978225378178238,0.20754543957419,0.));
#5194=DIRECTION('',(-0.20754543957419,-0.978225378178238,0.));
#5195=DIRECTION('',(0.,0.,-1.));
#5196=DIRECTION('',(0.,0.,-1.));
#5197=DIRECTION('',(0.,0.,-1.));
#5198=DIRECTION('',(-1.,7.17985492880294E-16,0.));
#5199=DIRECTION('',(-7.18175519054398E-16,-1.,0.));
#5200=DIRECTION('',(0.,-1.,0.));
#5201=DIRECTION('',(0.,0.,-1.));
#5202=DIRECTION('',(0.,0.,1.));
#5203=DIRECTION('',(1.,0.,0.));
#5204=DIRECTION('',(0.,0.,-1.));
#5205=DIRECTION('',(0.,0.,-1.));
#5206=DIRECTION('',(2.72883821180861E-15,-1.,0.));
#5207=DIRECTION('',(1.,2.73045475118749E-15,0.));
#5208=DIRECTION('',(0.,0.,-1.));
#5209=DIRECTION('',(0.,0.,-1.));
#5210=DIRECTION('',(-0.211485126274961,-0.977381215987121,0.));
#5211=DIRECTION('',(0.977381215987121,-0.211485126274962,0.));
#5212=DIRECTION('',(0.,0.,-1.));
#5213=DIRECTION('',(0.,0.,-1.));
#5214=DIRECTION('',(0.,0.,-1.));
#5215=DIRECTION('',(0.,1.,0.));
#5216=DIRECTION('',(0.,0.,1.));
#5217=DIRECTION('',(0.,0.,-1.));
#5218=DIRECTION('',(0.,0.,-1.));
#5219=DIRECTION('',(0.,0.,1.));
#5220=DIRECTION('',(1.,0.,0.));
#5221=DIRECTION('',(0.,0.,-1.));
#5222=DIRECTION('',(0.,0.,-1.));
#5223=DIRECTION('',(1.,3.1540426835942E-16,0.));
#5224=DIRECTION('',(-3.15719672627779E-16,1.,0.));
#5225=DIRECTION('',(0.,0.,-1.));
#5226=DIRECTION('',(0.,1.,0.));
#5227=DIRECTION('',(0.,0.,1.));
#5228=DIRECTION('',(0.,0.,-1.));
#5229=DIRECTION('',(-1.,-4.73106402539129E-16,0.));
#5230=DIRECTION('',(4.7271214720368E-16,-1.,0.));
#5231=DIRECTION('',(0.,-1.,0.));
#5232=DIRECTION('',(0.,0.,-1.));
#5233=DIRECTION('',(0.,0.,-1.));
#5234=DIRECTION('',(-1.,0.,0.));
#5235=DIRECTION('',(0.,0.,-1.));
#5236=DIRECTION('',(0.,0.,-1.));
#5237=DIRECTION('',(1.,3.1540426835942E-16,0.));
#5238=DIRECTION('',(-3.15719672627779E-16,1.,0.));
#5239=DIRECTION('',(0.,0.,-1.));
#5240=DIRECTION('',(0.,1.,0.));
#5241=DIRECTION('',(0.,0.,1.));
#5242=DIRECTION('',(0.,0.,-1.));
#5243=DIRECTION('',(-1.,-6.30808536718839E-16,0.));
#5244=DIRECTION('',(6.31439345255558E-16,-1.,0.));
#5245=DIRECTION('',(0.,-1.,0.));
#5246=DIRECTION('',(0.,0.,-1.));
#5247=DIRECTION('',(0.,0.,-1.));
#5248=DIRECTION('',(-1.,0.,0.));
#5249=DIRECTION('',(0.,0.,-1.));
#5250=DIRECTION('',(0.,0.,-1.));
#5251=DIRECTION('',(0.,0.,-1.));
#5252=DIRECTION('',(0.,0.,-1.));
#5253=DIRECTION('',(0.,0.,-1.));
#5254=DIRECTION('',(0.,0.,-1.));
#5255=DIRECTION('',(0.,0.,-1.));
#5256=DIRECTION('',(0.,0.,-1.));
#5257=DIRECTION('',(0.,0.,-1.));
#5258=DIRECTION('',(0.,1.,0.));
#5259=DIRECTION('',(0.,0.,1.));
#5260=DIRECTION('',(0.,0.,-1.));
#5261=DIRECTION('',(0.,0.,-1.));
#5262=DIRECTION('',(0.,0.,-1.));
#5263=DIRECTION('',(0.,0.,-1.));
#5264=DIRECTION('',(0.,0.,-1.));
#5265=DIRECTION('',(0.232099845747766,0.972691966453853,0.));
#5266=DIRECTION('',(-0.972691966453853,0.232099845747766,0.));
#5267=DIRECTION('',(0.,0.,-1.));
#5268=DIRECTION('',(0.,0.,-1.));
#5269=DIRECTION('',(0.,0.,-1.));
#5270=DIRECTION('',(0.,0.,-1.));
#5271=DIRECTION('',(0.,0.,-1.));
#5272=DIRECTION('',(0.,0.,-1.));
#5273=DIRECTION('',(0.,0.,-1.));
#5274=DIRECTION('',(-1.,0.,0.));
#5275=DIRECTION('',(0.,0.,-1.));
#5276=DIRECTION('',(0.,0.,-1.));
#5277=DIRECTION('',(-0.404249620160028,-0.9146487001032,0.));
#5278=DIRECTION('',(0.9146487001032,-0.404249620160028,0.));
#5279=DIRECTION('',(0.,0.,-1.));
#5280=DIRECTION('',(0.,0.,-1.));
#5281=DIRECTION('',(0.,0.,-1.));
#5282=DIRECTION('',(-0.381147969284838,0.924514048303239,0.));
#5283=DIRECTION('',(-0.924514048303239,-0.381147969284838,0.));
#5284=DIRECTION('',(0.,0.,-1.));
#5285=DIRECTION('',(0.,0.,1.));
#5286=DIRECTION('',(1.,0.,0.));
#5287=DIRECTION('',(0.,0.,-1.));
#5288=DIRECTION('',(0.,0.,-1.));
#5289=DIRECTION('',(1.,0.,0.));
#5290=DIRECTION('',(0.,0.,-1.));
#5291=DIRECTION('',(0.,0.,-1.));
#5292=DIRECTION('',(0.,1.,0.));
#5293=DIRECTION('',(0.,0.,1.));
#5294=DIRECTION('',(0.,0.,-1.));
#5295=DIRECTION('',(-1.,0.,0.));
#5296=DIRECTION('',(0.,0.,1.));
#5297=DIRECTION('',(0.,0.,-1.));
#5298=DIRECTION('',(0.,-1.,0.));
#5299=DIRECTION('',(0.,0.,-1.));
#5300=DIRECTION('',(0.,0.,-1.));
#5301=DIRECTION('',(0.,0.,-1.));
#5302=DIRECTION('',(0.,0.,-1.));
#5303=DIRECTION('',(0.,0.,-1.));
#5304=DIRECTION('',(0.,0.,-1.));
#5305=DIRECTION('',(0.,-1.,0.));
#5306=DIRECTION('',(0.,0.,-1.));
#5307=DIRECTION('',(0.,0.,-1.));
#5308=DIRECTION('',(0.,0.,1.));
#5309=DIRECTION('',(1.,0.,0.));
#5310=DIRECTION('',(0.,0.,-1.));
#5311=DIRECTION('',(0.,0.,-1.));
#5312=DIRECTION('',(1.,0.,0.));
#5313=DIRECTION('',(0.,0.,-1.));
#5314=DIRECTION('',(0.,0.,-1.));
#5315=DIRECTION('',(0.,1.,0.));
#5316=DIRECTION('',(0.,0.,1.));
#5317=DIRECTION('',(0.,0.,-1.));
#5318=DIRECTION('',(-1.,0.,0.));
#5319=DIRECTION('',(0.,0.,1.));
#5320=DIRECTION('',(0.,0.,-1.));
#5321=DIRECTION('',(0.,0.,-1.));
#5322=DIRECTION('',(0.,0.,-1.));
#5323=DIRECTION('',(-1.,0.,0.));
#5324=DIRECTION('',(0.,0.,1.));
#5325=DIRECTION('',(0.,-1.,0.));
#5326=DIRECTION('',(0.,0.,-1.));
#5327=DIRECTION('',(0.,0.,-1.));
#5328=DIRECTION('',(0.,0.,-1.));
#5329=DIRECTION('',(-1.,0.,0.));
#5330=DIRECTION('',(0.,0.,1.));
#5331=DIRECTION('',(1.,0.,0.));
#5332=DIRECTION('',(0.,0.,1.));
#5333=DIRECTION('',(1.,0.,0.));
#5334=DIRECTION('',(0.,0.,1.));
#5335=DIRECTION('',(1.,0.,0.));
#5336=DIRECTION('',(0.,0.,1.));
#5337=DIRECTION('',(1.,0.,0.));
#5338=DIRECTION('',(0.,1.,0.));
#5339=DIRECTION('',(0.,0.,-1.));
#5340=DIRECTION('',(0.,1.,0.));
#5341=DIRECTION('',(0.,-1.,0.));
#5342=DIRECTION('',(0.,0.,-1.));
#5343=DIRECTION('',(0.,-1.,0.));
#5344=DIRECTION('',(0.,1.,0.));
#5345=DIRECTION('',(0.,0.,1.));
#5346=DIRECTION('',(5.66790795115519E-16,-1.,-7.77156117237609E-16));
#5347=DIRECTION('',(0.,0.,-1.));
#5348=DIRECTION('',(0.91642660800589,-0.400202788769416,1.51269994328797E-15));
#5349=DIRECTION('',(0.,1.,0.));
#5350=DIRECTION('',(0.,0.,-1.));
#5351=DIRECTION('',(-5.66790795115519E-16,1.,7.77156117237609E-16));
#5352=DIRECTION('',(0.,7.85671943614754E-16,-1.));
#5353=DIRECTION('',(0.,1.,0.));
#5354=DIRECTION('',(0.,0.,1.));
#5355=DIRECTION('',(1.,0.,0.));
#5356=DIRECTION('',(0.,1.,0.));
#5357=DIRECTION('',(0.,0.,-1.));
#5358=DIRECTION('',(0.,1.,0.));
#5359=DIRECTION('',(0.,0.,-1.));
#5360=DIRECTION('',(-4.18726356270264E-16,1.,0.));
#5361=DIRECTION('',(-1.,0.,0.));
#5362=DIRECTION('',(-1.,-4.18726356270264E-16,0.));
#5363=DIRECTION('',(0.,0.,-1.));
#5364=DIRECTION('',(-1.,-4.18726356270264E-16,0.));
#5365=DIRECTION('',(0.,0.,-1.));
#5366=DIRECTION('',(-4.18726356270264E-16,1.,0.));
#5367=DIRECTION('',(-1.,-4.19803081186387E-16,0.));
#5368=DIRECTION('',(-2.34291072916505E-15,0.,-1.));
#5369=DIRECTION('',(-0.999999999999999,0.,2.34291072916505E-15));
#5370=DIRECTION('',(0.,1.,0.));
#5371=DIRECTION('',(0.,0.,-1.));
#5372=DIRECTION('',(0.,0.,-1.));
#5373=DIRECTION('',(1.,0.,0.));
#5374=DIRECTION('',(0.,1.,0.));
#5375=DIRECTION('',(0.,0.,1.));
#5376=DIRECTION('',(0.,-1.,0.));
#5377=DIRECTION('',(0.,0.,1.));
#5378=DIRECTION('',(-0.0343605863533494,0.99940950070802,0.));
#5379=DIRECTION('',(0.,1.,0.));
#5380=DIRECTION('',(0.,0.,1.));
#5381=DIRECTION('',(-0.0343605863533494,-0.99940950070802,8.05037864276644E-17));
#5382=DIRECTION('',(0.,1.,0.));
#5383=DIRECTION('',(0.,-1.80294939117658E-15,-1.));
#5384=DIRECTION('',(0.,0.,-1.));
#5385=DIRECTION('',(1.,1.34974855436014E-16,0.));
#5386=DIRECTION('',(0.,1.,0.));
#5387=DIRECTION('',(0.,0.,1.));
#5388=DIRECTION('',(-2.34291072916505E-15,0.,-1.));
#5389=DIRECTION('',(-1.,1.34974855436014E-16,2.34291072916505E-15));
#5390=DIRECTION('',(1.,0.,0.));
#5391=DIRECTION('',(0.,-1.,0.));
#5392=DIRECTION('',(-2.34291072916505E-15,0.,-1.));
#5393=DIRECTION('',(-1.,1.34161079847592E-16,2.34291072916505E-15));
#5394=DIRECTION('',(0.91642660800589,0.400202788769418,-1.23656982459591E-17));
#5395=DIRECTION('',(0.,0.,-1.));
#5396=DIRECTION('',(1.,1.34161079847592E-16,0.));
#5397=DIRECTION('',(0.,1.,0.));
#5398=DIRECTION('',(1.,0.,0.));
#5399=DIRECTION('',(-2.19462566877926E-16,1.,0.));
#5400=DIRECTION('',(6.58387700633777E-16,-1.,0.));
#5401=DIRECTION('',(0.,0.,-1.));
#5402=DIRECTION('',(1.,0.,0.));
#5403=DIRECTION('',(-5.66790795115519E-16,1.,7.77156117237609E-16));
#5404=DIRECTION('',(0.,1.31703434196701E-15,-1.));
#5405=DIRECTION('',(0.,1.,0.));
#5406=DIRECTION('',(0.,0.,1.));
#5407=DIRECTION('',(5.66790795115519E-16,-1.,-7.77156117237609E-16));
#5408=DIRECTION('',(0.,0.,-1.));
#5409=DIRECTION('',(-5.66790795115519E-16,1.,7.77156117237609E-16));
#5410=DIRECTION('',(0.,7.85671943614754E-16,-1.));
#5411=DIRECTION('',(0.,0.,-1.));
#5412=DIRECTION('',(-2.19462566877926E-16,1.,0.));
#5413=DIRECTION('',(1.,2.19462566877926E-16,0.));
#5414=DIRECTION('',(-2.18575157973078E-16,1.,0.));
#5415=DIRECTION('',(1.,0.,0.));
#5416=DIRECTION('',(6.58387700633777E-16,-1.,0.));
#5417=DIRECTION('',(0.,0.,-1.));
#5418=DIRECTION('',(1.,0.,0.));
#5419=DIRECTION('',(0.,0.,-1.));
#5420=DIRECTION('',(-1.,-6.58387700633777E-16,0.));
#5421=DIRECTION('',(6.59194920871187E-16,-1.,0.));
#5422=DIRECTION('',(0.,-1.,0.));
#5423=DIRECTION('',(0.,0.,-1.));
#5424=DIRECTION('',(0.,-1.,0.));
#5425=DIRECTION('',(0.,0.,-1.));
#5426=DIRECTION('',(0.,-1.,0.));
#5427=DIRECTION('',(0.,0.,-1.));
#5428=DIRECTION('',(0.,-1.,0.));
#5429=DIRECTION('',(0.,0.,-1.));
#5430=DIRECTION('',(0.,-1.,0.));
#5431=DIRECTION('',(0.,0.,1.));
#5432=DIRECTION('',(0.,1.,0.));
#5433=DIRECTION('',(0.,-1.,0.));
#5434=DIRECTION('',(0.,1.,0.));
#5435=DIRECTION('',(0.,0.,1.));
#5436=DIRECTION('',(-0.61515294371203,-0.788407797933547,9.86076131526265E-32));
#5437=DIRECTION('',(-0.788407797933547,0.61515294371203,1.2633543010426E-15));
#5438=DIRECTION('',(-0.788407797933547,0.61515294371203,0.));
#5439=DIRECTION('',(0.61515294371203,0.788407797933547,0.));
#5440=DIRECTION('',(-0.788407797933547,0.61515294371203,0.));
#5441=DIRECTION('',(5.66790795115519E-16,-1.,-7.77156117237609E-16));
#5442=DIRECTION('',(-5.66790795115519E-16,1.,7.77156117237609E-16));
#5443=DIRECTION('',(0.,1.31703434196701E-15,-1.));
#5444=DIRECTION('',(0.,0.,-1.));
#5445=DIRECTION('',(1.,0.,0.));
#5446=DIRECTION('',(0.,1.,0.));
#5447=DIRECTION('',(-4.18726356270264E-16,1.,0.));
#5448=DIRECTION('',(-1.,0.,0.));
#5449=DIRECTION('',(0.,-1.,0.));
#5450=DIRECTION('',(0.,0.,-1.));
#5451=DIRECTION('',(0.,-1.,0.));
#5452=DIRECTION('',(0.,0.,-1.));
#5453=DIRECTION('',(0.,-1.,0.));
#5454=DIRECTION('',(0.,0.,-1.));
#5455=CARTESIAN_POINT('',(0.,0.,0.));
#5456=CARTESIAN_POINT('',(27.3156043264074,37.6000000000001,0.249995405079191));
#5457=CARTESIAN_POINT('',(27.3156043264074,41.1000000000001,0.249995405079191));
#5458=CARTESIAN_POINT('',(27.3156043264073,35.0972550715224,0.249995405079191));
#5459=CARTESIAN_POINT('',(6.69999999999986,41.1000000000001,0.));
#5460=CARTESIAN_POINT('',(8.22368024210048,41.1000000000001,20.5607402095689));
#5461=CARTESIAN_POINT('',(8.22368024210048,37.6000000000001,20.5607402095689));
#5462=CARTESIAN_POINT('',(8.22368024210216,35.0972550715226,20.5607402095686));
#5463=CARTESIAN_POINT('',(6.69999999999984,35.0972550715224,0.));
#5464=CARTESIAN_POINT('',(6.69999999999986,-85.3706597142269,0.));
#5465=CARTESIAN_POINT('',(35.6999999999998,41.1000000000001,0.));
#5466=CARTESIAN_POINT('',(27.0671200570193,41.1000000000001,-2.1570415377137E-29));
#5467=CARTESIAN_POINT('',(-13.6817708377881,41.1000000000001,0.));
#5468=CARTESIAN_POINT('',(27.0671200570193,41.1000000000001,0.));
#5469=CARTESIAN_POINT('',(27.0671200570193,35.0964660864418,4.7739052665156E-14));
#5470=CARTESIAN_POINT('',(27.1999999999998,32.6000000000001,4.80296699478834E-14));
#5471=CARTESIAN_POINT('',(24.7014762482297,32.6859014658836,4.21758518427876E-14));
#5472=CARTESIAN_POINT('',(24.7014762482297,32.6859014658836,4.21758518427876E-14));
#5473=CARTESIAN_POINT('',(24.3147014604424,21.4361982863869,4.12696730427104E-14));
#5474=CARTESIAN_POINT('',(24.3147014604424,18.5361982863869,4.12696730427102E-14));
#5475=CARTESIAN_POINT('',(24.3147014604424,18.5361982863869,4.12696730427102E-14));
#5476=CARTESIAN_POINT('',(-0.602036572699929,18.5361982863869,-1.71080198309339E-14));
#5477=CARTESIAN_POINT('',(24.2149968845361,18.5361982863869,4.10360741220724E-14));
#5478=CARTESIAN_POINT('',(24.2174738306612,18.6082425601573,4.10418773857245E-14));
#5479=CARTESIAN_POINT('',(24.1999999999998,18.1000000000001,4.10009377603883E-14));
#5480=CARTESIAN_POINT('',(-52.8676486694653,20.7496542160979,-1.39561683178824E-13));
#5481=CARTESIAN_POINT('',(21.6999999999998,1.10000000000015,3.51436609374757E-14));
#5482=CARTESIAN_POINT('',(-0.602036572699929,6.97690928690603,-1.71080198309339E-14));
#5483=CARTESIAN_POINT('',(19.7982202000043,-3.78173475703823,3.06879606395567E-14));
#5484=CARTESIAN_POINT('',(6.69999999999983,-37.0186888854753,-2.57222957478006E-29));
#5485=CARTESIAN_POINT('',(19.7064280515745,-4.01465887803525,3.04728998301475E-14));
#5486=CARTESIAN_POINT('',(6.69999999999984,-25.4185851515589,-1.99773023587805E-29));
#5487=CARTESIAN_POINT('',(19.1076702234395,-4.99999999999995,2.90700636904385E-14));
#5488=CARTESIAN_POINT('',(-0.602036572699929,6.97690928690603,-1.71080198309339E-14));
#5489=CARTESIAN_POINT('',(17.8777620827281,-6.82221893597095,2.61884987116783E-14));
#5490=CARTESIAN_POINT('',(6.69999999999984,-23.3830734052659,-1.16725640336276E-29));
#5491=CARTESIAN_POINT('',(17.5390950420162,-7.32398445336754,2.53950320683799E-14));
#5492=CARTESIAN_POINT('',(6.69999999999984,-19.5829862535532,-9.52512346184347E-30));
#5493=CARTESIAN_POINT('',(16.6761271230235,-8.29999999999995,5.33071462640737E-29));
#5494=CARTESIAN_POINT('',(-0.602036572699929,6.97690928690603,-1.71080198309339E-14));
#5495=CARTESIAN_POINT('',(13.2009602490055,-11.5,1.52311695172708E-14));
#5496=CARTESIAN_POINT('',(6.69999999999984,-15.8558534239257,-7.12311656090468E-30));
#5497=CARTESIAN_POINT('',(11.7084949118348,-12.4999999999999,1.17344564659066E-14));
#5498=CARTESIAN_POINT('',(6.69999999999984,-12.5,4.77048955893622E-15));
#5499=CARTESIAN_POINT('',(9.31377797295349,-12.5,0.));
#5500=CARTESIAN_POINT('',(9.31377797295349,-9.09999999999996,0.));
#5501=CARTESIAN_POINT('',(9.31377797295349,-9.64999999999994,0.));
#5502=CARTESIAN_POINT('',(8.7637779729535,-9.64999999999994,0.));
#5503=CARTESIAN_POINT('',(8.7637779729535,-9.09999999999996,0.));
#5504=CARTESIAN_POINT('',(8.91377797295349,-9.09999999999996,0.));
#5505=CARTESIAN_POINT('',(8.75232745589193,-9.09999999999996,0.));
#5506=CARTESIAN_POINT('',(8.75232745589193,-9.64999999999994,0.));
#5507=CARTESIAN_POINT('',(8.20232745589194,-9.64999999999994,4.77048955893622E-15));
#5508=CARTESIAN_POINT('',(8.20232745589194,-12.5,4.77048955893622E-15));
#5509=CARTESIAN_POINT('',(8.20232745589194,-13.4999999999999,4.77048955893622E-15));
#5510=CARTESIAN_POINT('',(8.20232745589194,-12.5,4.77048955893622E-15));
#5511=CARTESIAN_POINT('',(8.20232745589194,-15.6243185330478,4.77048955893622E-15));
#5512=CARTESIAN_POINT('',(4.69999999999982,-15.6243185330478,7.15573433840433E-15));
#5513=CARTESIAN_POINT('',(5.19994854836018,-15.6243185330478,4.77048955893622E-15));
#5514=CARTESIAN_POINT('',(5.19994854836018,-12.5,4.77048955893622E-15));
#5515=CARTESIAN_POINT('',(5.19994854836018,-12.5,4.77048955893622E-15));
#5516=CARTESIAN_POINT('',(6.69999999999984,-12.5,4.77048955893622E-15));
#5517=CARTESIAN_POINT('',(5.19767254410771,-12.5,0.));
#5518=CARTESIAN_POINT('',(5.19767254410771,-9.09999999999996,0.));
#5519=CARTESIAN_POINT('',(5.19767254410771,-9.64999999999994,0.));
#5520=CARTESIAN_POINT('',(4.64767254410772,-9.64999999999994,0.));
#5521=CARTESIAN_POINT('',(4.64767254410772,-9.09999999999996,0.));
#5522=CARTESIAN_POINT('',(5.19767254410771,-9.09999999999996,0.));
#5523=CARTESIAN_POINT('',(4.63622202704616,-9.09999999999996,0.));
#5524=CARTESIAN_POINT('',(4.63622202704616,-9.64999999999994,0.));
#5525=CARTESIAN_POINT('',(4.08622202704616,-9.64999999999994,0.));
#5526=CARTESIAN_POINT('',(4.08622202704616,-9.09999999999994,0.));
#5527=CARTESIAN_POINT('',(4.08622202704616,-12.5,0.));
#5528=CARTESIAN_POINT('',(6.69999999999984,-12.5,4.77048955893622E-15));
#5529=CARTESIAN_POINT('',(1.69150508816495,-12.5,1.72425396977468E-43));
#5530=CARTESIAN_POINT('',(6.69999999999984,-15.8558534239257,-7.12311656090468E-30));
#5531=CARTESIAN_POINT('',(0.199039750994189,-11.4999999999999,1.45056286346124E-43));
#5532=CARTESIAN_POINT('',(14.0020365726996,6.97690928690603,0.));
#5533=CARTESIAN_POINT('',(-3.27612712302382,-8.29999999999994,-5.45192683776374E-42));
#5534=CARTESIAN_POINT('',(6.69999999999984,-19.5829862535532,-9.52512346184347E-30));
#5535=CARTESIAN_POINT('',(-4.13909504201654,-7.32398445336754,-2.53950320683799E-14));
#5536=CARTESIAN_POINT('',(6.69999999999984,-23.3830734052659,-1.16725640336276E-29));
#5537=CARTESIAN_POINT('',(-4.47776208272841,-6.82221893597094,0.));
#5538=CARTESIAN_POINT('',(14.0020365726996,6.97690928690603,0.));
#5539=CARTESIAN_POINT('',(-5.70767022344002,-4.99999999999994,-9.28360232615191E-42));
#5540=CARTESIAN_POINT('',(6.69999999999984,-25.4185851515589,-1.99773023587805E-29));
#5541=CARTESIAN_POINT('',(-6.30642805157479,-4.01465887803524,-3.04728998301475E-14));
#5542=CARTESIAN_POINT('',(6.69999999999983,-37.0186888854753,-2.57222957478006E-29));
#5543=CARTESIAN_POINT('',(-6.39822020000457,-3.78173475703822,3.50324616081204E-43));
#5544=CARTESIAN_POINT('',(14.0020365726996,6.97690928690603,0.));
#5545=CARTESIAN_POINT('',(-8.30000000000016,1.10000000000015,0.));
#5546=CARTESIAN_POINT('',(66.267648669465,20.7496542160979,0.));
#5547=CARTESIAN_POINT('',(-10.8000000000001,18.1000000000001,0.));
#5548=CARTESIAN_POINT('',(-10.8174738306615,18.6082425601573,0.));
#5549=CARTESIAN_POINT('',(-10.8149968845364,18.5361982863869,0.));
#5550=CARTESIAN_POINT('',(-0.602036572699929,18.5361982863869,-1.71080198309339E-14));
#5551=CARTESIAN_POINT('',(-10.9147014604425,18.5361982863869,-4.12696730427096E-14));
#5552=CARTESIAN_POINT('',(-10.9147014604425,18.5361982863869,-4.12696730427096E-14));
#5553=CARTESIAN_POINT('',(-10.9147014604425,21.4361982863869,9.79913155704226E-28));
#5554=CARTESIAN_POINT('',(-11.3014762482301,32.6859014658836,0.));
#5555=CARTESIAN_POINT('',(-11.3014762482301,32.6859014658836,0.));
#5556=CARTESIAN_POINT('',(-13.8000000000001,32.6000000000001,0.));
#5557=CARTESIAN_POINT('',(-13.6817708377881,35.0972028081842,2.06714839903694E-17));
#5558=CARTESIAN_POINT('',(-13.6817708377881,41.1000000000001,0.));
#5559=CARTESIAN_POINT('',(0.,0.,0.));
#5560=CARTESIAN_POINT('',(27.3171200570193,41.1000000000001,-6.31217252136638E-15));
#5561=CARTESIAN_POINT('',(-13.9317708377881,41.1000000000001,0.));
#5562=CARTESIAN_POINT('',(-13.9156106045563,41.1000000000001,0.249477146973216));
#5563=CARTESIAN_POINT('',(6.69999999999986,41.1000000000001,0.));
#5564=CARTESIAN_POINT('',(7.72464531564119,41.1000000000001,20.5916425139591));
#5565=CARTESIAN_POINT('',(7.97425645973015,41.1000000000001,20.5777041945983));
#5566=CARTESIAN_POINT('',(35.6999999999998,41.1000000000001,29.));
#5567=CARTESIAN_POINT('',(27.0671200570193,35.0964660864418,4.7739052665156E-14));
#5568=CARTESIAN_POINT('',(27.0671200570193,35.0964660864418,0.0278982593410594));
#5569=CARTESIAN_POINT('',(27.0719221752123,35.0967375695329,0.0561793169282515));
#5570=CARTESIAN_POINT('',(27.0811286686482,35.0971802670267,0.0825109969316648));
#5571=CARTESIAN_POINT('',(27.0903564731369,35.0976239892699,0.108903629112751));
#5572=CARTESIAN_POINT('',(27.1042628187117,35.0982446800356,0.134064972141867));
#5573=CARTESIAN_POINT('',(27.1216992129991,35.0987920767996,0.155918869039094));
#5574=CARTESIAN_POINT('',(27.1391516101697,35.0993399759567,0.177792823142692));
#5575=CARTESIAN_POINT('',(27.1606237484156,35.0998184926597,0.196957463128968));
#5576=CARTESIAN_POINT('',(27.1843378644393,35.0999575603464,0.211822778127473));
#5577=CARTESIAN_POINT('',(27.2080291988614,35.1000964944339,0.226673812362407));
#5578=CARTESIAN_POINT('',(27.2346146625748,35.0998904760771,0.237643077145153));
#5579=CARTESIAN_POINT('',(27.2618766947017,35.0991979302241,0.243819955950781));
#5580=CARTESIAN_POINT('',(27.2794641290183,35.0987511511782,0.247804818479377));
#5581=CARTESIAN_POINT('',(27.2975857105364,35.0981001359062,0.249886157600614));
#5582=CARTESIAN_POINT('',(27.3156043264073,35.0972550715224,0.249995405079191));
#5583=CARTESIAN_POINT('',(8.22368024210216,35.0972550715226,20.5607402095686));
#5584=CARTESIAN_POINT('',(8.22306449647134,35.0976806443161,20.5516868176946));
#5585=CARTESIAN_POINT('',(8.22195326303769,35.0980572416943,20.5426512039982));
#5586=CARTESIAN_POINT('',(8.22035582338557,35.0983822655747,20.5337143865924));
#5587=CARTESIAN_POINT('',(8.21544774064752,35.0993808911532,20.5062562981542));
#5588=CARTESIAN_POINT('',(8.20574077375025,35.0998891098387,20.4792458951173));
#5589=CARTESIAN_POINT('',(8.19203402763042,35.0999827892883,20.4549323292567));
#5590=CARTESIAN_POINT('',(8.17835104995647,35.1000763062913,20.4306609248012));
#5591=CARTESIAN_POINT('',(8.16030788642482,35.0997678560959,20.408408656146));
#5592=CARTESIAN_POINT('',(8.13939178648279,35.0992977680977,20.3900067682486));
#5593=CARTESIAN_POINT('',(8.11842528767376,35.0988265473882,20.3715605396613));
#5594=CARTESIAN_POINT('',(8.09399526796212,35.098191072211,20.3564748592636));
#5595=CARTESIAN_POINT('',(8.0681129936188,35.0976633782498,20.3459911154543));
#5596=CARTESIAN_POINT('',(8.04217520080825,35.0971345523649,20.335484883614));
#5597=CARTESIAN_POINT('',(8.01406233861254,35.0967084935533,20.3293115714328));
#5598=CARTESIAN_POINT('',(7.98610444678398,35.0965459403111,20.3279851020107));
#5599=CARTESIAN_POINT('',(7.95817082459935,35.0963835281779,20.3266597840681));
#5600=CARTESIAN_POINT('',(7.92962136922044,35.0964822694472,20.3301366803424));
#5601=CARTESIAN_POINT('',(7.90282353847012,35.0968058031669,20.3381267796355));
#5602=CARTESIAN_POINT('',(7.87604641663279,35.0971290868651,20.3461107043142));
#5603=CARTESIAN_POINT('',(7.85028032135626,35.097680448421,20.3588196167538));
#5604=CARTESIAN_POINT('',(7.82765029840767,35.0982465890904,20.3752032477801));
#5605=CARTESIAN_POINT('',(7.80499223331048,35.0988134312969,20.3916071806954));
#5606=CARTESIAN_POINT('',(7.78485255521634,35.0994003715968,20.4121480035031));
#5607=CARTESIAN_POINT('',(7.76889746607156,35.0997271499435,20.4351290083858));
#5608=CARTESIAN_POINT('',(7.75294088703121,35.1000539588049,20.4581121592482));
#5609=CARTESIAN_POINT('',(7.74072969547152,35.1001186706823,20.4841732425008));
#5610=CARTESIAN_POINT('',(7.73328045727468,35.0997239341913,20.5111416958427));
#5611=CARTESIAN_POINT('',(7.72609239940091,35.0993430376933,20.5371645988921));
#5612=CARTESIAN_POINT('',(7.72314162501836,35.098519949054,20.5647140208598));
#5613=CARTESIAN_POINT('',(7.72464531564119,35.0972550715224,20.5916425139591));
#5614=CARTESIAN_POINT('',(7.72464531564119,35.0972550715224,20.5916425139591));
#5615=CARTESIAN_POINT('',(6.69999999999984,35.0972550715224,0.));
#5616=CARTESIAN_POINT('',(-13.9156106045564,35.0972550715224,0.24947714697321));
#5617=CARTESIAN_POINT('',(-13.9156106045564,35.0972550715224,0.24947714697321));
#5618=CARTESIAN_POINT('',(-13.8883834684315,35.0985329184687,0.24771347091972));
#5619=CARTESIAN_POINT('',(-13.8610692714165,35.0993475108122,0.241344581747821));
#5620=CARTESIAN_POINT('',(-13.8358481391793,35.0997240226683,0.230865406441933));
#5621=CARTESIAN_POINT('',(-13.8101072202899,35.100108294122,0.220170264009861));
#5622=CARTESIAN_POINT('',(-13.7858473563336,35.1000532210819,0.204898474101997));
#5623=CARTESIAN_POINT('',(-13.765073223765,35.0997677174178,0.186311313341449));
#5624=CARTESIAN_POINT('',(-13.7442760151772,35.0994818966147,0.167703505861836));
#5625=CARTESIAN_POINT('',(-13.7263990188079,35.0989683023256,0.145261998272657));
#5626=CARTESIAN_POINT('',(-13.7129120345538,35.0984951169815,0.120833870445578));
#5627=CARTESIAN_POINT('',(-13.6993901766653,35.0980207081101,0.0963425781938475));
#5628=CARTESIAN_POINT('',(-13.6899088662847,35.0975836127735,0.069178240997969));
#5629=CARTESIAN_POINT('',(-13.6852543623594,35.0973672482545,0.0415887886601751));
#5630=CARTESIAN_POINT('',(-13.6829401679764,35.0972596729763,0.027871460958607));
#5631=CARTESIAN_POINT('',(-13.6817708377881,35.0972028081842,0.0139115832080736));
#5632=CARTESIAN_POINT('',(-13.6817708377881,35.0972028081842,2.06714839903694E-17));
#5633=CARTESIAN_POINT('',(6.69999999999984,32.6859014658836,0.));
#5634=CARTESIAN_POINT('',(6.69999999999984,32.6000000000001,0.));
#5635=CARTESIAN_POINT('',(3.38606077503,-13.3001942158531,1.616));
#5636=CARTESIAN_POINT('',(2.88477359393475,-13.0560114007058,1.616));
#5637=CARTESIAN_POINT('',(2.39322699807976,-12.7869084047319,1.616));
#5638=CARTESIAN_POINT('',(1.91570824724014,-12.4999999999999,1.616));
#5639=CARTESIAN_POINT('',(3.38606077503032,-13.3001942158533,1.61599999999992));
#5640=CARTESIAN_POINT('',(1.91570824724015,-12.4999999999999,1.616));
#5641=CARTESIAN_POINT('',(11.3222324457713,-12.4999999999999,1.616));
#5642=CARTESIAN_POINT('',(1.95937079261859,-12.5,1.616));
#5643=CARTESIAN_POINT('',(0.,-12.5,1.616));
#5644=CARTESIAN_POINT('',(4.64281746070004,-12.5,1.616));
#5645=CARTESIAN_POINT('',(4.64281746070014,-12.4999999999999,1.616));
#5646=CARTESIAN_POINT('',(4.64279644402832,-13.8449890078977,1.61597324522954));
#5647=CARTESIAN_POINT('',(3.36673235138432,-13.3747698894629,1.61610507339459));
#5648=CARTESIAN_POINT('',(3.79208704847165,-13.5315095956078,1.61606113067296));
#5649=CARTESIAN_POINT('',(4.21744174555899,-13.6882493017528,1.61601718795132));
#5650=CARTESIAN_POINT('',(4.64279644264632,-13.8449890078977,1.61597324522968));
#5651=CARTESIAN_POINT('',(3.36673234595684,-13.3747698894629,1.61610507339515));
#5652=CARTESIAN_POINT('',(3.38606077503032,-13.3001942158533,1.61599999999992));
#5653=CARTESIAN_POINT('',(3.37961806053652,-13.3250527737231,1.61603502394749));
#5654=CARTESIAN_POINT('',(3.37317534604271,-13.349911331593,1.61607004789505));
#5655=CARTESIAN_POINT('',(3.36673263154891,-13.3747698894629,1.61610507184262));
#5656=CARTESIAN_POINT('',(0.,0.,1.616));
#5657=CARTESIAN_POINT('',(8.20232745589194,-13.4999999999999,4.77048955893622E-15));
#5658=CARTESIAN_POINT('',(8.22204937119183,-13.4999999999999,0.59161937871713));
#5659=CARTESIAN_POINT('',(7.67349561190143,-13.4999999999999,1.36954312449531));
#5660=CARTESIAN_POINT('',(6.54368106783969,-13.4999999999999,1.56617639400743));
#5661=CARTESIAN_POINT('',(5.56996290744184,-13.4999999999999,1.18965597636228));
#5662=CARTESIAN_POINT('',(5.19444713335046,-13.4999999999999,0.472808022156766));
#5663=CARTESIAN_POINT('',(5.19994854836018,-13.4999999999999,4.77048955893622E-15));
#5664=CARTESIAN_POINT('',(7.75420110038795,-13.4999999999999,1.07034939373446));
#5665=CARTESIAN_POINT('',(7.75420110038795,-12.5,1.07034939373446));
#5666=CARTESIAN_POINT('',(7.75420110038795,-12.5,1.07034939373446));
#5667=CARTESIAN_POINT('',(8.20232745589194,-12.5,4.77048955893622E-15));
#5668=CARTESIAN_POINT('',(8.22204937119183,-12.5,0.59161937871713));
#5669=CARTESIAN_POINT('',(7.67349561190143,-12.5,1.36954312449531));
#5670=CARTESIAN_POINT('',(6.54368106783969,-12.5,1.56617639400743));
#5671=CARTESIAN_POINT('',(5.56996290744184,-12.5,1.18965597636228));
#5672=CARTESIAN_POINT('',(5.19444713335046,-12.5,0.472808022156766));
#5673=CARTESIAN_POINT('',(5.19994854836018,-12.5,4.77048955893622E-15));
#5674=CARTESIAN_POINT('',(5.19994854836018,-15.6243185330478,4.77048955893622E-15));
#5675=CARTESIAN_POINT('',(5.19444713335046,-15.6243185330478,0.472808022156766));
#5676=CARTESIAN_POINT('',(5.56996290744184,-15.6243185330478,1.18965597636228));
#5677=CARTESIAN_POINT('',(6.54368106783969,-15.6243185330478,1.56617639400743));
#5678=CARTESIAN_POINT('',(7.67349561190143,-15.6243185330478,1.36954312449531));
#5679=CARTESIAN_POINT('',(8.22204937119183,-15.6243185330478,0.59161937871713));
#5680=CARTESIAN_POINT('',(8.20232745589194,-15.6243185330478,4.77048955893622E-15));
#5681=CARTESIAN_POINT('',(5.19994854836018,-12.5,4.77048955893622E-15));
#5682=CARTESIAN_POINT('',(5.19444713335046,-12.5,0.472808022156766));
#5683=CARTESIAN_POINT('',(5.56996290744184,-12.5,1.18965597636228));
#5684=CARTESIAN_POINT('',(6.54368106783969,-12.5,1.56617639400743));
#5685=CARTESIAN_POINT('',(7.67349561190143,-12.5,1.36954312449531));
#5686=CARTESIAN_POINT('',(8.22204937119183,-12.5,0.59161937871713));
#5687=CARTESIAN_POINT('',(8.20232745589194,-12.5,4.77048955893622E-15));
#5688=CARTESIAN_POINT('',(6.69999999999984,-12.5,1.81448456207524E-29));
#5689=CARTESIAN_POINT('',(11.4406292073811,-12.5,1.61600000000001));
#5690=CARTESIAN_POINT('',(10.4772969520202,-12.5,1.616));
#5691=CARTESIAN_POINT('',(8.75718253929965,-12.5,1.616));
#5692=CARTESIAN_POINT('',(6.69999999999984,-12.5,0.));
#5693=CARTESIAN_POINT('',(6.69999999999984,-12.5,1.81448456207524E-29));
#5694=CARTESIAN_POINT('',(6.69999999999983,-12.5,0.));
#5695=CARTESIAN_POINT('',(6.69999999999984,-12.5,0.));
#5696=CARTESIAN_POINT('',(6.69999999999983,-12.5,0.));
#5697=CARTESIAN_POINT('',(6.69999999999984,-12.5,0.));
#5698=CARTESIAN_POINT('',(6.69999999999983,-9.64999999999994,0.));
#5699=CARTESIAN_POINT('',(6.69999999999983,-9.09999999999994,0.));
#5700=CARTESIAN_POINT('',(6.69999999999983,-13.4999999999999,0.));
#5701=CARTESIAN_POINT('',(6.69999999999983,-9.64999999999994,0.));
#5702=CARTESIAN_POINT('',(6.69999999999983,-9.09999999999994,0.));
#5703=CARTESIAN_POINT('',(6.69999999999983,-9.09999999999994,0.));
#5704=CARTESIAN_POINT('',(6.69999999999983,-9.09999999999994,0.));
#5705=CARTESIAN_POINT('',(6.69999999999983,-9.09999999999994,0.));
#5706=CARTESIAN_POINT('',(6.69999999999983,-13.4999999999999,0.));
#5707=CARTESIAN_POINT('',(4.69999999999982,-15.6243185330478,7.15573433840433E-15));
#5708=CARTESIAN_POINT('',(6.69999999999983,-9.64999999999994,0.));
#5709=CARTESIAN_POINT('',(6.69999999999983,-9.64999999999994,0.));
#5710=CARTESIAN_POINT('',(10.6230892368734,-12.9889027722949,1.616));
#5711=CARTESIAN_POINT('',(10.5895580962496,-13.0068302491169,1.616));
#5712=CARTESIAN_POINT('',(10.5575512670742,-13.0279817966055,1.616));
#5713=CARTESIAN_POINT('',(10.5280003538108,-13.0519082535524,1.616));
#5714=CARTESIAN_POINT('',(10.4797961975871,-13.0909376621622,1.616));
#5715=CARTESIAN_POINT('',(10.4372182445495,-13.1383282571463,1.616));
#5716=CARTESIAN_POINT('',(10.4042568322901,-13.1908685342253,1.616));
#5717=CARTESIAN_POINT('',(10.3712134916566,-13.2435394046004,1.616));
#5718=CARTESIAN_POINT('',(10.346992684208,-13.3029615789212,1.616));
#5719=CARTESIAN_POINT('',(10.3345187747431,-13.3638753255549,1.616));
#5720=CARTESIAN_POINT('',(10.3277192690202,-13.3970792998186,1.616));
#5721=CARTESIAN_POINT('',(10.3242478204093,-13.4311412944138,1.616));
#5722=CARTESIAN_POINT('',(10.3242478204093,-13.4650343200235,1.616));
#5723=CARTESIAN_POINT('',(10.6230892368734,-12.9889027722949,1.616));
#5724=CARTESIAN_POINT('',(10.3242478204093,-13.4650343200235,1.616));
#5725=CARTESIAN_POINT('',(6.69999999999984,-12.9889027722949,0.));
#5726=CARTESIAN_POINT('',(2.77827340029915,-12.9889027722949,1.61930405967283));
#5727=CARTESIAN_POINT('',(3.0765029937561,-13.4650343200235,1.6176828210391));
#5728=CARTESIAN_POINT('',(3.0765029937561,-13.4197895684973,1.6176828210391));
#5729=CARTESIAN_POINT('',(3.07027545464673,-13.374152553195,1.61771667524813));
#5730=CARTESIAN_POINT('',(3.05826590714372,-13.3305308378789,1.61778196166776));
#5731=CARTESIAN_POINT('',(3.04324662650096,-13.275977010244,1.61786360962814));
#5732=CARTESIAN_POINT('',(3.01878353762335,-13.2233319619519,1.61799659611123));
#5733=CARTESIAN_POINT('',(2.9872528773439,-13.1763479896963,1.61816800339513));
#5734=CARTESIAN_POINT('',(2.97115371573428,-13.1523585598619,1.61825552181498));
#5735=CARTESIAN_POINT('',(2.95309870003786,-13.1295814557455,1.61835367266795));
#5736=CARTESIAN_POINT('',(2.93348041771047,-13.1083730839958,1.61846032176628));
#5737=CARTESIAN_POINT('',(2.88914655212369,-13.0604458961422,1.61870132996013));
#5738=CARTESIAN_POINT('',(2.8358242556823,-13.019730782652,1.61899120114974));
#5739=CARTESIAN_POINT('',(2.77827340029915,-12.9889027722949,1.61930405967283));
#5740=CARTESIAN_POINT('',(3.0765029937561,-13.4650343200235,1.6176828210391));
#5741=CARTESIAN_POINT('',(6.69999999999985,-13.4650343200235,4.9439619065339E-14));
#5742=CARTESIAN_POINT('',(6.69999999999985,-13.4650343200235,2.47198095326695E-14));
#5743=CARTESIAN_POINT('',(4.64279644402832,-12.4999999999999,1.61597324522954));
#5744=CARTESIAN_POINT('',(4.64279594488326,-15.8882338222406,1.61597324528111));
#5745=CARTESIAN_POINT('',(8.75718253929965,-12.5,1.616));
#5746=CARTESIAN_POINT('',(8.75718303849021,-15.8882338222406,1.616));
#5747=CARTESIAN_POINT('',(4.64279594488326,-15.8882338222406,1.61597324528111));
#5748=CARTESIAN_POINT('',(5.77972642299684,-15.8882338222406,3.06333507307797));
#5749=CARTESIAN_POINT('',(7.62023373688717,-15.8882338222406,3.0633470413869));
#5750=CARTESIAN_POINT('',(8.75718303849021,-15.8882338222406,1.616));
#5751=CARTESIAN_POINT('',(6.69999999999989,-12.4999999999999,4.9439619065339E-14));
#5752=CARTESIAN_POINT('',(8.75718303849021,-15.8882338222406,1.616));
#5753=CARTESIAN_POINT('',(8.83684115048705,-15.8600112657185,1.616));
#5754=CARTESIAN_POINT('',(8.91621185762881,-15.8309668327344,1.616));
#5755=CARTESIAN_POINT('',(8.99530422104824,-15.8011956125331,1.616));
#5756=CARTESIAN_POINT('',(8.99874770602803,-15.7998994475791,1.616));
#5757=CARTESIAN_POINT('',(9.00219067031392,-15.7986018984762,1.616));
#5758=CARTESIAN_POINT('',(9.00563311457909,-15.7973029720444,1.616));
#5759=CARTESIAN_POINT('',(9.00563311457909,-15.7973029720444,1.616));
#5760=CARTESIAN_POINT('',(11.3222324457713,-12.4999999999999,1.61600000000001));
#5761=CARTESIAN_POINT('',(11.4842917527595,-12.4999999999999,1.61600000000001));
#5762=CARTESIAN_POINT('',(11.4842917527595,-12.4999999999999,1.61600000000001));
#5763=CARTESIAN_POINT('',(11.201596034409,-12.6698525501541,1.61600000000001));
#5764=CARTESIAN_POINT('',(10.9139460984527,-12.8333956959628,1.61600000000001));
#5765=CARTESIAN_POINT('',(10.6230892368734,-12.9889027722949,1.616));
#5766=CARTESIAN_POINT('',(10.3242478204093,-12.4999999999999,1.616));
#5767=CARTESIAN_POINT('',(10.3242478204092,-15.2310857159678,1.616));
#5768=CARTESIAN_POINT('',(9.00563311457909,-15.7973029720444,1.616));
#5769=CARTESIAN_POINT('',(9.25066134857618,-15.7048472559436,1.616));
#5770=CARTESIAN_POINT('',(9.49315296351929,-15.6054961164257,1.616));
#5771=CARTESIAN_POINT('',(9.73326179374836,-15.500927265703,1.616));
#5772=CARTESIAN_POINT('',(9.93180871215961,-15.4144588794592,1.616));
#5773=CARTESIAN_POINT('',(10.1287994411158,-15.3243465955572,1.616));
#5774=CARTESIAN_POINT('',(10.3242478204092,-15.2310857159678,1.616));
#5775=CARTESIAN_POINT('',(10.4772969520202,-12.4999999999999,1.616));
#5776=CARTESIAN_POINT('',(3.0765029937561,-12.4999999999999,1.6176828210391));
#5777=CARTESIAN_POINT('',(3.07650299375612,-15.2310857159678,1.6176828210391));
#5778=CARTESIAN_POINT('',(6.69999999999984,-15.2310857159678,0.));
#5779=CARTESIAN_POINT('',(6.69999999999985,-12.4999999999999,4.9439619065339E-14));
#5780=CARTESIAN_POINT('',(3.38606077503032,-13.3001942158533,1.61599999999992));
#5781=CARTESIAN_POINT('',(3.18149423071304,-13.2002833199521,1.61711206664955));
#5782=CARTESIAN_POINT('',(2.9787819868466,-13.096308313735,1.61821405293293));
#5783=CARTESIAN_POINT('',(2.77827340029916,-12.9889027722949,1.61930405967283));
#5784=CARTESIAN_POINT('',(3.36673234595684,-12.5,1.61610507339515));
#5785=CARTESIAN_POINT('',(3.36673234595684,-15.3669949185802,1.61610507339516));
#5786=CARTESIAN_POINT('',(3.07650299375612,-15.2310857159678,1.6176828210391));
#5787=CARTESIAN_POINT('',(3.17287499881782,-15.2771729967614,1.61715892260231));
#5788=CARTESIAN_POINT('',(3.26961812954335,-15.322492946298,1.61663300664856));
#5789=CARTESIAN_POINT('',(3.36673234595684,-15.3669949185802,1.61610507339516));
#5790=CARTESIAN_POINT('',(3.36779890228781,-12.5,1.61609927537119));
#5791=CARTESIAN_POINT('',(4.39439954723774,-15.7973155853121,1.61599890672045));
#5792=CARTESIAN_POINT('',(4.39784283268389,-15.7986149134628,1.61599855100007));
#5793=CARTESIAN_POINT('',(4.40128663837205,-15.799912863788,1.61599819522594));
#5794=CARTESIAN_POINT('',(4.40473096497597,-15.801209429464,1.61599783939801));
#5795=CARTESIAN_POINT('',(4.48380474573734,-15.830975581691,1.61598967041066));
#5796=CARTESIAN_POINT('',(4.56315672021815,-15.8600153794048,1.61598147268357));
#5797=CARTESIAN_POINT('',(4.64279594488326,-15.8882338222406,1.61597324528111));
#5798=CARTESIAN_POINT('',(4.39439954723774,-15.797315585312,1.61599890672045));
#5799=CARTESIAN_POINT('',(4.35896611000591,-15.7838893914653,1.61600256729286));
#5800=CARTESIAN_POINT('',(4.36487209961173,-15.7861364355223,1.61600195715441));
#5801=CARTESIAN_POINT('',(4.37077961130713,-15.7883794831456,1.61600134685871));
#5802=CARTESIAN_POINT('',(4.37668864839662,-15.7906185009867,1.61600073640542));
#5803=CARTESIAN_POINT('',(4.38259075566829,-15.7928548930217,1.61600012666805));
#5804=CARTESIAN_POINT('',(4.38849438749798,-15.7950872657596,1.61599951677317));
#5805=CARTESIAN_POINT('',(4.39439954723774,-15.797315585312,1.61599890672045));
#5806=CARTESIAN_POINT('',(4.35896611000591,-15.7838893914653,1.61600256729286));
#5807=CARTESIAN_POINT('',(3.36673234595684,-15.3669949185802,1.61610507339515));
#5808=CARTESIAN_POINT('',(3.69305839683053,-15.516146129332,1.61607136116648));
#5809=CARTESIAN_POINT('',(4.02412598855241,-15.6564932131503,1.61603715909671));
#5810=CARTESIAN_POINT('',(4.35896611000591,-15.7838893914653,1.61600256729286));
#5811=CARTESIAN_POINT('',(4.38383753267902,-12.5,1.61599999786548));
#5812=CARTESIAN_POINT('',(6.69999999999984,-11.4999999999999,0.));
#5813=CARTESIAN_POINT('',(6.69999999999984,-12.5,1.81448456207524E-29));
#5814=CARTESIAN_POINT('',(6.69999999999984,-11.4999999999999,1.46554522321461E-29));
#5815=CARTESIAN_POINT('',(6.69999999999984,-7.32398445336754,8.3691193010406E-32));
#5816=CARTESIAN_POINT('',(6.69999999999984,-8.29999999999995,0.));
#5817=CARTESIAN_POINT('',(6.69999999999984,-7.32398445336754,8.3691193010406E-32));
#5818=CARTESIAN_POINT('',(6.69999999999984,-6.82221893597095,4.81505867894358E-29));
#5819=CARTESIAN_POINT('',(6.69999999999985,-4.99999999999995,-8.02560479379401E-30));
#5820=CARTESIAN_POINT('',(6.69999999999985,-3.78173475703822,-1.22766114781533E-29));
#5821=CARTESIAN_POINT('',(6.69999999999985,-4.01465887803524,-1.14638475902994E-29));
#5822=CARTESIAN_POINT('',(6.69999999999985,-3.78173475703822,-1.22766114781533E-29));
#5823=CARTESIAN_POINT('',(6.69999999999984,-4.99999999999995,0.));
#5824=CARTESIAN_POINT('',(6.69999999999985,-4.01465887803524,-1.14638475902994E-29));
#5825=CARTESIAN_POINT('',(6.69999999999984,18.5361982863869,0.));
#5826=CARTESIAN_POINT('',(6.69999999999997,18.5361982863869,4.9439619065339E-14));
#5827=CARTESIAN_POINT('',(6.69999999999993,18.5361982863869,4.9439619065339E-14));
#5828=CARTESIAN_POINT('',(6.69999999999984,21.4361982863868,0.));
#5829=CARTESIAN_POINT('',(6.69999999999997,18.5361982863869,4.9439619065339E-14));
#5830=CARTESIAN_POINT('',(6.69999999999984,1.10000000000015,0.));
#5831=CARTESIAN_POINT('',(6.69999999999984,18.1000000000001,0.));
#5832=CARTESIAN_POINT('',(21.6999999999999,1.10000000000018,3.57188747132697E-14));
#5833=CARTESIAN_POINT('',(21.6999999999998,1.10000000000018,30.));
#5834=CARTESIAN_POINT('',(-8.30000000000016,1.10000000000018,29.9999999999999));
#5835=CARTESIAN_POINT('',(-8.30000000000017,1.10000000000018,6.08612437195704E-15));
#5836=CARTESIAN_POINT('',(23.1655690558847,6.66162654356183,3.92087732126559E-14));
#5837=CARTESIAN_POINT('',(23.1655690558846,6.66162654356183,32.9311381117696));
#5838=CARTESIAN_POINT('',(-9.76556905588495,6.66162654356183,32.9311381117695));
#5839=CARTESIAN_POINT('',(-9.76556905588496,6.66162654356183,6.68076674194413E-15));
#5840=CARTESIAN_POINT('',(24.0023755947456,12.3519110078163,4.12014257407105E-14));
#5841=CARTESIAN_POINT('',(24.0023755947455,12.3519110078163,34.6047511894915));
#5842=CARTESIAN_POINT('',(-10.6023755947459,12.3519110078163,34.6047511894914));
#5843=CARTESIAN_POINT('',(-10.6023755947459,12.3519110078163,7.02029398666244E-15));
#5844=CARTESIAN_POINT('',(24.1999999999998,18.1000000000001,4.16720204988146E-14));
#5845=CARTESIAN_POINT('',(24.1999999999998,18.1000000000001,34.9999999999999));
#5846=CARTESIAN_POINT('',(-10.8000000000001,18.1000000000001,34.9999999999999));
#5847=CARTESIAN_POINT('',(-10.8000000000001,18.1000000000001,7.10047843394986E-15));
#5848=CARTESIAN_POINT('',(6.69999999999984,18.6082425601573,0.));
#5849=CARTESIAN_POINT('',(6.69999999999984,22.1046379011011,0.));
#5850=CARTESIAN_POINT('',(13.2009602490054,-11.4999999999999,-3.98069008016443E-16));
#5851=CARTESIAN_POINT('',(13.2009602490054,-11.4999999999999,13.0019204980112));
#5852=CARTESIAN_POINT('',(0.199039750994265,-11.4999999999999,13.0019204980112));
#5853=CARTESIAN_POINT('',(0.199039750994263,-11.4999999999999,1.19420702404933E-15));
#5854=CARTESIAN_POINT('',(14.4669385520546,-10.5542631225818,-4.75587821847401E-16));
#5855=CARTESIAN_POINT('',(14.4669385520546,-10.5542631225818,15.5338771041095));
#5856=CARTESIAN_POINT('',(-1.0669385520549,-10.5542631225818,15.5338771041095));
#5857=CARTESIAN_POINT('',(-1.06693855205491,-10.5542631225818,1.4267634655422E-15));
#5858=CARTESIAN_POINT('',(15.6294025115333,-9.48384411676551,-5.4676821020239E-16));
#5859=CARTESIAN_POINT('',(15.6294025115333,-9.48384411676551,17.858805023067));
#5860=CARTESIAN_POINT('',(-2.22940251153363,-9.48384411676551,17.858805023067));
#5861=CARTESIAN_POINT('',(-2.22940251153363,-9.48384411676551,1.64030463060717E-15));
#5862=CARTESIAN_POINT('',(16.6761271230234,-8.29999999999979,-6.10861607454891E-16));
#5863=CARTESIAN_POINT('',(16.6761271230234,-8.29999999999979,19.952254246047));
#5864=CARTESIAN_POINT('',(-3.27612712302366,-8.29999999999979,19.952254246047));
#5865=CARTESIAN_POINT('',(-3.27612712302366,-8.29999999999979,1.83258482236467E-15));
#5866=CARTESIAN_POINT('',(17.8777620827281,-6.82221893597095,2.66171388938471E-14));
#5867=CARTESIAN_POINT('',(17.877762082728,-6.82221893597095,22.3555241654565));
#5868=CARTESIAN_POINT('',(-4.4777620827284,-6.82221893597095,22.3555241654564));
#5869=CARTESIAN_POINT('',(-4.4777620827284,-6.82221893597095,4.53528334904196E-15));
#5870=CARTESIAN_POINT('',(18.3165475561809,-6.23459723470347,2.76620004506647E-14));
#5871=CARTESIAN_POINT('',(18.3165475561809,-6.23459723470347,23.2330951123621));
#5872=CARTESIAN_POINT('',(-4.91654755618123,-6.23459723470347,23.2330951123621));
#5873=CARTESIAN_POINT('',(-4.91654755618124,-6.23459723470347,4.7133168799781E-15));
#5874=CARTESIAN_POINT('',(18.7268277725923,-5.62673039111419,2.86389836271533E-14));
#5875=CARTESIAN_POINT('',(18.7268277725922,-5.62673039111419,24.0536555451848));
#5876=CARTESIAN_POINT('',(-5.32682777259256,-5.62673039111419,24.0536555451848));
#5877=CARTESIAN_POINT('',(-5.32682777259257,-5.62673039111419,4.87978464160694E-15));
#5878=CARTESIAN_POINT('',(19.1076702234396,-4.99999999999984,2.95458678796406E-14));
#5879=CARTESIAN_POINT('',(19.1076702234395,-4.99999999999984,24.8153404468794));
#5880=CARTESIAN_POINT('',(-5.70767022343986,-4.99999999999984,24.8153404468794));
#5881=CARTESIAN_POINT('',(-5.70767022343987,-4.99999999999984,5.03430827640545E-15));
#5882=CARTESIAN_POINT('',(19.7982202000042,-3.78173475703822,3.11902457527183E-14));
#5883=CARTESIAN_POINT('',(19.7982202000042,-3.78173475703822,26.1964404000088));
#5884=CARTESIAN_POINT('',(-6.39822020000454,-3.78173475703822,26.1964404000087));
#5885=CARTESIAN_POINT('',(-6.39822020000455,-3.78173475703822,5.31449314590043E-15));
#5886=CARTESIAN_POINT('',(20.6163974100748,-2.23032873385913,3.31385370367026E-14));
#5887=CARTESIAN_POINT('',(20.6163974100748,-2.23032873385913,27.83279482015));
#5888=CARTESIAN_POINT('',(-7.21639741007514,-2.23032873385913,27.8327948201499));
#5889=CARTESIAN_POINT('',(-7.21639741007515,-2.23032873385913,5.64646169648646E-15));
#5890=CARTESIAN_POINT('',(21.2530707006794,-0.596033253578377,3.46546206033951E-14));
#5891=CARTESIAN_POINT('',(21.2530707006793,-0.596033253578377,29.106141401359));
#5892=CARTESIAN_POINT('',(-7.85307070067966,-0.596033253578377,29.106141401359));
#5893=CARTESIAN_POINT('',(-7.85307070067967,-0.596033253578377,5.90478655188127E-15));
#5894=CARTESIAN_POINT('',(21.6999999999999,1.10000000000015,3.57188747132697E-14));
#5895=CARTESIAN_POINT('',(21.6999999999998,1.10000000000015,30.));
#5896=CARTESIAN_POINT('',(-8.30000000000016,1.10000000000015,29.9999999999999));
#5897=CARTESIAN_POINT('',(-8.30000000000017,1.10000000000015,6.08612437195702E-15));
#5898=CARTESIAN_POINT('',(6.69999999999984,-12.4999999999999,0.));
#5899=CARTESIAN_POINT('',(10.2023723300085,-13.3047115540897,1.12499400372473));
#5900=CARTESIAN_POINT('',(8.87317336069068,-13.3047115540897,5.26310467436052));
#5901=CARTESIAN_POINT('',(4.526826639309,-13.3047115540897,5.26310467436052));
#5902=CARTESIAN_POINT('',(3.19762766999122,-13.3047115540897,1.12499400372473));
#5903=CARTESIAN_POINT('',(10.6462685373949,-13.0522883735824,1.26757752270333));
#5904=CARTESIAN_POINT('',(9.14860478885114,-13.0522883735824,5.93015888330603));
#5905=CARTESIAN_POINT('',(4.25139521114855,-13.0522883735824,5.93015888330603));
#5906=CARTESIAN_POINT('',(2.75373146260477,-13.0522883735824,1.26757752270332));
#5907=CARTESIAN_POINT('',(11.0816172234906,-12.7839448874074,1.40741549971984));
#5908=CARTESIAN_POINT('',(9.41873259882972,-12.7839448874074,6.58436851291472));
#5909=CARTESIAN_POINT('',(3.98126740116997,-12.7839448874074,6.58436851291472));
#5910=CARTESIAN_POINT('',(2.31838277650914,-12.7839448874074,1.40741549971984));
#5911=CARTESIAN_POINT('',(11.5079010117464,-12.4999999999999,1.54434174869796));
#5912=CARTESIAN_POINT('',(9.68323576566738,-12.4999999999999,7.22495608818479));
#5913=CARTESIAN_POINT('',(3.71676423433231,-12.4999999999999,7.22495608818479));
#5914=CARTESIAN_POINT('',(1.89209898825333,-12.4999999999999,1.54434174869796));
#5915=CARTESIAN_POINT('',(11.3222324457713,-12.4999999999999,1.08294779898927E-14));
#5916=CARTESIAN_POINT('',(7.72464531564119,37.6000000000001,20.5916425139591));
#5917=CARTESIAN_POINT('',(-13.9156106045564,37.6000000000001,0.249477146973216));
#5918=CARTESIAN_POINT('',(6.69999999999986,-85.3706597142269,0.));
#5919=CARTESIAN_POINT('',(8.74957246598998,-16.1353298571135,0.));
#5920=CARTESIAN_POINT('',(9.35190162069491,-15.8810997383811,1.4112034390471E-15));
#5921=CARTESIAN_POINT('',(10.4240819632266,-15.379828728951,3.92322626716436E-15));
#5922=CARTESIAN_POINT('',(11.459183181701,-14.8063635294621,6.34837601769987E-15));
#5923=CARTESIAN_POINT('',(11.9138018550668,-14.5359391241264,7.41350698520735E-15));
#5924=CARTESIAN_POINT('',(6.69999999999984,-16.16,4.77048955893622E-15));
#5925=CARTESIAN_POINT('',(-13.9317708377881,41.1000000000001,0.));
#5926=CARTESIAN_POINT('',(7.97425645973015,41.1000000000001,20.5777041945983));
#5927=CARTESIAN_POINT('',(27.3171200570193,41.1000000000001,-6.31217252136638E-15));
#5928=CARTESIAN_POINT('',(14.0020365726996,6.97690928690603,0.));
#5929=CARTESIAN_POINT('',(1.67952090742869,-12.5185903408468,-2.92763385252194E-14));
#5930=CARTESIAN_POINT('',(1.6501580643028,-12.4999999999999,0.));
#5931=CARTESIAN_POINT('',(4.09999999999985,-12.4999999999999,0.));
#5932=CARTESIAN_POINT('',(1.69150508816495,-12.5,1.72425396977468E-43));
#5933=CARTESIAN_POINT('',(1.1301365780877,-13.3708173026353,4.77048955893622E-15));
#5934=CARTESIAN_POINT('',(0.,0.,0.));
#5935=CARTESIAN_POINT('',(6.69999999999984,-12.4999999999999,0.));
#5936=CARTESIAN_POINT('',(1.69150508816495,-12.4999999999999,0.644889365432918));
#5937=CARTESIAN_POINT('',(1.67952090742869,-12.5185903408468,-2.97419889920924E-14));
#5938=CARTESIAN_POINT('',(1.67952090742869,-12.5185903408468,0.21416651213202));
#5939=CARTESIAN_POINT('',(1.68349017025936,-12.5124330614669,0.429124556015482));
#5940=CARTESIAN_POINT('',(1.69150508816495,-12.4999999999999,0.644889365432919));
#5941=CARTESIAN_POINT('',(1.72129639036902,-12.5187017493376,0.644942541959869));
#5942=CARTESIAN_POINT('',(1.69358277250018,-12.5187017493376,0.431004275614172));
#5943=CARTESIAN_POINT('',(1.67969716899645,-12.5187017493376,0.215725813064573));
#5944=CARTESIAN_POINT('',(1.67969716899645,-12.5187017493376,-2.59124319224036E-14));
#5945=CARTESIAN_POINT('',(1.71152692620007,-12.5124752965131,0.646208080852869));
#5946=CARTESIAN_POINT('',(1.68375892726782,-12.5124752965131,0.431850014014652));
#5947=CARTESIAN_POINT('',(1.66984607673021,-12.5124752965131,0.216149121171722));
#5948=CARTESIAN_POINT('',(1.66984607673021,-12.5124752965131,-2.59124319224036E-14));
#5949=CARTESIAN_POINT('',(1.70176214505196,-12.5062413788735,0.647473013106148));
#5950=CARTESIAN_POINT('',(1.67393979112401,-12.5062413788735,0.43269534700799));
#5951=CARTESIAN_POINT('',(1.65999970661347,-12.5062413788735,0.216572226364909));
#5952=CARTESIAN_POINT('',(1.65999970661347,-12.5062413788735,-2.59124319224036E-14));
#5953=CARTESIAN_POINT('',(1.6920020525344,-12.4999999999999,0.648737337993026));
#5954=CARTESIAN_POINT('',(1.66412536970968,-12.4999999999999,0.433540274108556));
#5955=CARTESIAN_POINT('',(1.65015806430281,-12.4999999999999,0.216995128401066));
#5956=CARTESIAN_POINT('',(1.65015806430281,-12.4999999999999,-2.60208521396521E-14));
#5957=CARTESIAN_POINT('',(1.69150508816494,-12.5,4.77048955893622E-15));
#5958=CARTESIAN_POINT('',(11.3222324457713,-12.4999999999999,1.08294779898927E-14));
#5959=CARTESIAN_POINT('',(1.1301365780877,-13.3708173026353,4.77048955893622E-15));
#5960=CARTESIAN_POINT('',(7.94918168788,37.6000000000001,-20.5792415933196));
#5961=CARTESIAN_POINT('',(7.94918168788,35.0972550715224,-20.5792415933196));
#5962=CARTESIAN_POINT('',(7.94918168788,41.1000000000001,-20.5792415933196));
#5963=CARTESIAN_POINT('',(6.69999999999984,35.0972550715224,0.));
#5964=CARTESIAN_POINT('',(-13.9156106045563,35.0972550715224,-0.249477146973217));
#5965=CARTESIAN_POINT('',(-13.9156106045564,37.6000000000001,-0.249477146973216));
#5966=CARTESIAN_POINT('',(-13.9156106045563,41.1000000000001,-0.249477146973217));
#5967=CARTESIAN_POINT('',(6.69999999999986,41.1000000000001,0.));
#5968=CARTESIAN_POINT('',(6.69999999999986,-85.3706597142269,0.));
#5969=CARTESIAN_POINT('',(27.1999999999998,32.6000000000001,-4.80296699478834E-14));
#5970=CARTESIAN_POINT('',(24.7014762482297,32.6859014658836,-4.21758518427876E-14));
#5971=CARTESIAN_POINT('',(27.0671200570193,35.0964660864418,-4.77390526651686E-14));
#5972=CARTESIAN_POINT('',(27.0671200570193,41.1000000000001,0.));
#5973=CARTESIAN_POINT('',(27.0671200570193,41.1000000000001,-2.1570415377137E-29));
#5974=CARTESIAN_POINT('',(35.6999999999998,41.1000000000001,0.));
#5975=CARTESIAN_POINT('',(-13.6817708377881,41.1000000000001,0.));
#5976=CARTESIAN_POINT('',(-13.6817708377881,41.1000000000001,0.));
#5977=CARTESIAN_POINT('',(-13.6817708377881,35.0972028081842,-2.06714756978636E-17));
#5978=CARTESIAN_POINT('',(-13.8000000000001,32.6000000000001,0.));
#5979=CARTESIAN_POINT('',(-11.3014762482301,32.6859014658836,0.));
#5980=CARTESIAN_POINT('',(-11.3014762482301,32.6859014658836,0.));
#5981=CARTESIAN_POINT('',(-10.9147014604425,21.4361982863869,-9.79913155704226E-28));
#5982=CARTESIAN_POINT('',(-10.9147014604425,18.5361982863869,4.12696730427096E-14));
#5983=CARTESIAN_POINT('',(-10.9147014604425,18.5361982863869,4.12696730427096E-14));
#5984=CARTESIAN_POINT('',(-0.602036572699929,18.5361982863869,1.71080198309339E-14));
#5985=CARTESIAN_POINT('',(-10.8149968845364,18.5361982863869,0.));
#5986=CARTESIAN_POINT('',(-10.8174738306615,18.6082425601573,0.));
#5987=CARTESIAN_POINT('',(-10.8000000000001,18.1000000000001,0.));
#5988=CARTESIAN_POINT('',(66.267648669465,20.7496542160979,0.));
#5989=CARTESIAN_POINT('',(-8.30000000000016,1.10000000000015,0.));
#5990=CARTESIAN_POINT('',(14.0020365726996,6.97690928690603,0.));
#5991=CARTESIAN_POINT('',(-6.39822020000457,-3.78173475703822,-3.50324616081204E-43));
#5992=CARTESIAN_POINT('',(6.69999999999983,-37.0186888854753,2.57222957478006E-29));
#5993=CARTESIAN_POINT('',(-6.30642805157479,-4.01465887803524,3.04728998301475E-14));
#5994=CARTESIAN_POINT('',(6.69999999999984,-25.4185851515589,1.99773023587805E-29));
#5995=CARTESIAN_POINT('',(-5.70767022344002,-4.99999999999994,9.28360232615191E-42));
#5996=CARTESIAN_POINT('',(14.0020365726996,6.97690928690603,0.));
#5997=CARTESIAN_POINT('',(-4.47776208272841,-6.82221893597094,0.));
#5998=CARTESIAN_POINT('',(6.69999999999984,-23.3830734052659,1.16725640336276E-29));
#5999=CARTESIAN_POINT('',(-4.13909504201654,-7.32398445336754,2.53950320683799E-14));
#6000=CARTESIAN_POINT('',(6.69999999999984,-19.5829862535532,9.52512346184347E-30));
#6001=CARTESIAN_POINT('',(-3.27612712302382,-8.29999999999994,5.45192683776374E-42));
#6002=CARTESIAN_POINT('',(14.0020365726996,6.97690928690603,0.));
#6003=CARTESIAN_POINT('',(0.199039750994189,-11.4999999999999,-1.45056286346124E-43));
#6004=CARTESIAN_POINT('',(6.69999999999984,-15.8558534239257,7.12311656090468E-30));
#6005=CARTESIAN_POINT('',(1.69150508816495,-12.5,-1.72425396977468E-43));
#6006=CARTESIAN_POINT('',(6.69999999999984,-12.5,-4.77048955893622E-15));
#6007=CARTESIAN_POINT('',(4.08622202704616,-12.5,0.));
#6008=CARTESIAN_POINT('',(4.08622202704616,-9.09999999999994,0.));
#6009=CARTESIAN_POINT('',(4.08622202704616,-2.09999999999994,0.));
#6010=CARTESIAN_POINT('',(0.,-2.09999999999994,0.));
#6011=CARTESIAN_POINT('',(5.19767254410771,-2.09999999999994,0.));
#6012=CARTESIAN_POINT('',(5.19767254410771,-9.09999999999996,0.));
#6013=CARTESIAN_POINT('',(5.19767254410771,-12.5,0.));
#6014=CARTESIAN_POINT('',(6.69999999999984,-12.5,-4.77048955893622E-15));
#6015=CARTESIAN_POINT('',(5.19994854836018,-12.5,-4.77048955893622E-15));
#6016=CARTESIAN_POINT('',(5.19994854836018,-12.5,-4.77048955893622E-15));
#6017=CARTESIAN_POINT('',(5.19994854836018,-15.6243185330478,-4.77048955893622E-15));
#6018=CARTESIAN_POINT('',(4.69999999999982,-15.6243185330478,-7.15573433840433E-15));
#6019=CARTESIAN_POINT('',(8.20232745589194,-15.6243185330478,-4.77048955893622E-15));
#6020=CARTESIAN_POINT('',(8.20232745589194,-12.5,-4.77048955893622E-15));
#6021=CARTESIAN_POINT('',(8.20232745589194,-13.4999999999999,-4.77048955893622E-15));
#6022=CARTESIAN_POINT('',(8.20232745589194,-12.5,-4.77048955893622E-15));
#6023=CARTESIAN_POINT('',(8.20232745589194,-2.09999999999994,-4.77048955893622E-15));
#6024=CARTESIAN_POINT('',(0.,-2.09999999999994,0.));
#6025=CARTESIAN_POINT('',(9.31377797295349,-2.09999999999994,0.));
#6026=CARTESIAN_POINT('',(9.31377797295349,-9.09999999999996,0.));
#6027=CARTESIAN_POINT('',(9.31377797295349,-12.5,0.));
#6028=CARTESIAN_POINT('',(6.69999999999984,-12.5,-4.77048955893622E-15));
#6029=CARTESIAN_POINT('',(11.7084949118348,-12.4999999999999,-1.17344564659066E-14));
#6030=CARTESIAN_POINT('',(6.69999999999984,-15.8558534239257,7.12311656090468E-30));
#6031=CARTESIAN_POINT('',(13.2009602490055,-11.5,-1.52311695172708E-14));
#6032=CARTESIAN_POINT('',(-0.602036572699929,6.97690928690603,1.71080198309339E-14));
#6033=CARTESIAN_POINT('',(16.6761271230235,-8.29999999999995,-5.33071462640737E-29));
#6034=CARTESIAN_POINT('',(6.69999999999984,-19.5829862535532,9.52512346184347E-30));
#6035=CARTESIAN_POINT('',(17.5390950420162,-7.32398445336754,-2.53950320683799E-14));
#6036=CARTESIAN_POINT('',(6.69999999999984,-23.3830734052659,1.16725640336276E-29));
#6037=CARTESIAN_POINT('',(17.8777620827281,-6.82221893597095,-2.61884987116783E-14));
#6038=CARTESIAN_POINT('',(-0.602036572699929,6.97690928690603,1.71080198309339E-14));
#6039=CARTESIAN_POINT('',(19.1076702234395,-4.99999999999995,-2.90700636904385E-14));
#6040=CARTESIAN_POINT('',(6.69999999999984,-25.4185851515589,1.99773023587805E-29));
#6041=CARTESIAN_POINT('',(19.7064280515745,-4.01465887803525,-3.04728998301475E-14));
#6042=CARTESIAN_POINT('',(6.69999999999983,-37.0186888854753,2.57222957478006E-29));
#6043=CARTESIAN_POINT('',(19.7982202000043,-3.78173475703823,-3.06879606395567E-14));
#6044=CARTESIAN_POINT('',(-0.602036572699929,6.97690928690603,1.71080198309339E-14));
#6045=CARTESIAN_POINT('',(21.6999999999998,1.10000000000015,-3.51436609374757E-14));
#6046=CARTESIAN_POINT('',(-52.8676486694653,20.7496542160979,1.39561683178824E-13));
#6047=CARTESIAN_POINT('',(24.1999999999998,18.1000000000001,-4.10009377603883E-14));
#6048=CARTESIAN_POINT('',(24.2174738306612,18.6082425601573,-4.10418773857245E-14));
#6049=CARTESIAN_POINT('',(24.2149968845361,18.5361982863869,-4.10360741220724E-14));
#6050=CARTESIAN_POINT('',(-0.602036572699929,18.5361982863869,1.71080198309339E-14));
#6051=CARTESIAN_POINT('',(24.3147014604424,18.5361982863869,-4.12696730427102E-14));
#6052=CARTESIAN_POINT('',(24.3147014604424,18.5361982863869,-4.12696730427102E-14));
#6053=CARTESIAN_POINT('',(24.3147014604424,21.4361982863869,-4.12696730427104E-14));
#6054=CARTESIAN_POINT('',(24.7014762482297,32.6859014658836,-4.21758518427876E-14));
#6055=CARTESIAN_POINT('',(0.,0.,0.));
#6056=CARTESIAN_POINT('',(27.3171200570193,41.1000000000001,-6.31217252136638E-15));
#6057=CARTESIAN_POINT('',(27.3156043264074,41.1000000000001,-0.249995405079204));
#6058=CARTESIAN_POINT('',(6.69999999999986,41.1000000000001,0.));
#6059=CARTESIAN_POINT('',(8.4478498712118,41.1000000000001,-20.5428980495269));
#6060=CARTESIAN_POINT('',(8.19862595561465,41.1000000000001,-20.5625815424696));
#6061=CARTESIAN_POINT('',(-13.9317708377881,41.1000000000001,0.));
#6062=CARTESIAN_POINT('',(35.6999999999998,41.1000000000001,-29.));
#6063=CARTESIAN_POINT('',(6.69999999999984,35.0972550715224,0.));
#6064=CARTESIAN_POINT('',(8.4478498712118,35.0972550715224,-20.5428980495269));
#6065=CARTESIAN_POINT('',(27.3156043264073,35.0972550715224,-0.249995405079206));
#6066=CARTESIAN_POINT('',(27.3156043264073,35.0972550715224,-0.249995405079206));
#6067=CARTESIAN_POINT('',(27.2883256322404,35.0985344291069,-0.249830013432147));
#6068=CARTESIAN_POINT('',(27.2606906480807,35.0993614887185,-0.245074217419229));
#6069=CARTESIAN_POINT('',(27.2349029597414,35.0997370268385,-0.236093940869294));
#6070=CARTESIAN_POINT('',(27.2085824335094,35.1001203245117,-0.226928109430953));
#6071=CARTESIAN_POINT('',(27.183471348203,35.1000491413692,-0.213107587278104));
#6072=CARTESIAN_POINT('',(27.1616452442767,35.0997199598909,-0.195774315482504));
#6073=CARTESIAN_POINT('',(27.1397993893435,35.0993904805277,-0.17842535836027));
#6074=CARTESIAN_POINT('',(27.1206424583321,35.0988042251584,-0.15708141235316));
#6075=CARTESIAN_POINT('',(27.1057478185397,35.0982391102111,-0.133498227704084));
#6076=CARTESIAN_POINT('',(27.0908103696165,35.09767237105,-0.109847261916982));
#6077=CARTESIAN_POINT('',(27.0797484258114,35.0971216325255,-0.0832911892891872));
#6078=CARTESIAN_POINT('',(27.073478691759,35.0968003214867,-0.0560257542037136));
#6079=CARTESIAN_POINT('',(27.0692668467683,35.0965844730508,-0.0377095409125329));
#6080=CARTESIAN_POINT('',(27.0671200570193,35.0964660864418,-0.0187954754689166));
#6081=CARTESIAN_POINT('',(27.0671200570193,35.0964660864418,-4.77390526651686E-14));
#6082=CARTESIAN_POINT('',(6.69999999999984,32.6859014658836,0.));
#6083=CARTESIAN_POINT('',(-13.6817708377881,35.0972028081842,-2.06714756978636E-17));
#6084=CARTESIAN_POINT('',(-13.6817708377881,35.0972028081842,-0.0279027975913874));
#6085=CARTESIAN_POINT('',(-13.6865744453583,35.0974457553453,-0.0561884743573857));
#6086=CARTESIAN_POINT('',(-13.6957842314518,35.0978338303579,-0.0825246728553096));
#6087=CARTESIAN_POINT('',(-13.7050154066015,35.0982228066465,-0.108922035252668));
#6088=CARTESIAN_POINT('',(-13.7189273557798,35.0987610638515,-0.134088185680523));
#6089=CARTESIAN_POINT('',(-13.7363707753271,35.0992052104604,-0.155944912037006));
#6090=CARTESIAN_POINT('',(-13.7538264167366,35.0996496682638,-0.177816952472102));
#6091=CARTESIAN_POINT('',(-13.7753019204664,35.1000010648553,-0.196979087782377));
#6092=CARTESIAN_POINT('',(-13.7990172279841,35.0999999975003,-0.211840692700896));
#6093=CARTESIAN_POINT('',(-13.8227044305625,35.0999989314101,-0.22668468517638));
#6094=CARTESIAN_POINT('',(-13.8492820918674,35.0996362202461,-0.237647443807921));
#6095=CARTESIAN_POINT('',(-13.876532535741,35.0987836196744,-0.243821102423381));
#6096=CARTESIAN_POINT('',(-13.8893726291656,35.0983818841634,-0.246730058833845));
#6097=CARTESIAN_POINT('',(-13.9024809297352,35.0978712845093,-0.248626653812056));
#6098=CARTESIAN_POINT('',(-13.9156106045563,35.0972550715224,-0.249477146973217));
#6099=CARTESIAN_POINT('',(7.94918168788,35.0972550715224,-20.5792415933196));
#6100=CARTESIAN_POINT('',(7.94817361229129,35.0979645139757,-20.5641480813423));
#6101=CARTESIAN_POINT('',(7.94854240580054,35.0985375803692,-20.5488933016157));
#6102=CARTESIAN_POINT('',(7.95028176792447,35.0989663034725,-20.5338558668378));
#6103=CARTESIAN_POINT('',(7.9534852252384,35.0997559010736,-20.5061607826689));
#6104=CARTESIAN_POINT('',(7.96150033955012,35.1000572321445,-20.4786211883993));
#6105=CARTESIAN_POINT('',(7.97366716111604,35.0999905938372,-20.4535240311385));
#6106=CARTESIAN_POINT('',(7.985824431385,35.0999240078429,-20.4284465758517));
#6107=CARTESIAN_POINT('',(8.00245906763401,35.0994976895375,-20.4051173962381));
#6108=CARTESIAN_POINT('',(8.0222010586455,35.0989712587935,-20.3854537475603));
#6109=CARTESIAN_POINT('',(8.04199969090961,35.0984433176802,-20.3657336823999));
#6110=CARTESIAN_POINT('',(8.06546889523501,35.0978112521819,-20.3491568125119));
#6111=CARTESIAN_POINT('',(8.0906742590324,35.0973343404302,-20.3370900100232));
#6112=CARTESIAN_POINT('',(8.1159170304564,35.0968567208872,-20.3250052990272));
#6113=CARTESIAN_POINT('',(8.1435987174039,35.0965295697639,-20.3171116544177));
#6114=CARTESIAN_POINT('',(8.17142292673381,35.0964749425801,-20.3140659590151));
#6115=CARTESIAN_POINT('',(8.19921343130342,35.0964203815687,-20.3110239530053));
#6116=CARTESIAN_POINT('',(8.2279122965596,35.096637010455,-20.3127341632924));
#6117=CARTESIAN_POINT('',(8.25514222025487,35.0970447775677,-20.3190534910441));
#6118=CARTESIAN_POINT('',(8.28236380687978,35.0974524198332,-20.3253708839876));
#6119=CARTESIAN_POINT('',(8.30886753459753,35.0980556134294,-20.3364674744876));
#6120=CARTESIAN_POINT('',(8.33246819354254,35.0986150132589,-20.3514269655681));
#6121=CARTESIAN_POINT('',(8.3561008680559,35.0991751719445,-20.3664067500061));
#6122=CARTESIAN_POINT('',(8.37747520429761,35.0996959862892,-20.3856744631071));
#6123=CARTESIAN_POINT('',(8.39481984128222,35.0999022414615,-20.4076365224571));
#6124=CARTESIAN_POINT('',(8.41215403500747,35.1001083724468,-20.4295853583836));
#6125=CARTESIAN_POINT('',(8.42594151895837,35.0999956602285,-20.4548339138016));
#6126=CARTESIAN_POINT('',(8.43503556758666,35.0994029218606,-20.4812765895624));
#6127=CARTESIAN_POINT('',(8.44186108937724,35.098958043148,-20.501123092147));
#6128=CARTESIAN_POINT('',(8.4461988924549,35.0982384930572,-20.5219940671108));
#6129=CARTESIAN_POINT('',(8.4478498712118,35.0972550715224,-20.5428980495269));
#6130=CARTESIAN_POINT('',(6.69999999999984,32.6000000000001,0.));
#6131=CARTESIAN_POINT('',(1.91570824724014,-12.4999999999999,-1.616));
#6132=CARTESIAN_POINT('',(2.39322699807497,-12.7869084047291,-1.616));
#6133=CARTESIAN_POINT('',(2.8847735939249,-13.0560114007004,-1.616));
#6134=CARTESIAN_POINT('',(3.38606077501489,-13.3001942158458,-1.616));
#6135=CARTESIAN_POINT('',(1.91570824724015,-12.4999999999999,-1.616));
#6136=CARTESIAN_POINT('',(3.38606077501523,-13.3001942158459,-1.616));
#6137=CARTESIAN_POINT('',(3.36673263154891,-13.3747905869083,-1.61610507184262));
#6138=CARTESIAN_POINT('',(3.37317534603768,-13.3499251298875,-1.61607004789508));
#6139=CARTESIAN_POINT('',(3.37961806052645,-13.3250596728667,-1.61603502394754));
#6140=CARTESIAN_POINT('',(3.38606077501523,-13.3001942158459,-1.616));
#6141=CARTESIAN_POINT('',(3.36673234595684,-13.3747905869083,-1.61610507339515));
#6142=CARTESIAN_POINT('',(3.36673234595684,-13.3747905869083,-1.616));
#6143=CARTESIAN_POINT('',(3.79209405041057,-13.5315233939047,-1.616));
#6144=CARTESIAN_POINT('',(4.2174557548643,-13.6882562009012,-1.616));
#6145=CARTESIAN_POINT('',(4.64281745931803,-13.8449890078977,-1.616));
#6146=CARTESIAN_POINT('',(4.64281746070014,-13.8449890078977,-1.616));
#6147=CARTESIAN_POINT('',(4.64281746070014,-12.4999999999999,-1.616));
#6148=CARTESIAN_POINT('',(4.64281746070004,-12.5,-1.616));
#6149=CARTESIAN_POINT('',(0.,-12.5,-1.616));
#6150=CARTESIAN_POINT('',(1.95937079261859,-12.5,-1.616));
#6151=CARTESIAN_POINT('',(11.3222324457713,-12.4999999999999,-1.616));
#6152=CARTESIAN_POINT('',(0.,0.,-1.616));
#6153=CARTESIAN_POINT('',(8.20232745589194,-15.6243185330478,-4.77048955893622E-15));
#6154=CARTESIAN_POINT('',(8.22204937119183,-15.6243185330478,-0.59161937871713));
#6155=CARTESIAN_POINT('',(7.67349561190143,-15.6243185330478,-1.36954312449531));
#6156=CARTESIAN_POINT('',(6.54368106783969,-15.6243185330478,-1.56617639400743));
#6157=CARTESIAN_POINT('',(5.56996290744184,-15.6243185330478,-1.18965597636228));
#6158=CARTESIAN_POINT('',(5.19444713335046,-15.6243185330478,-0.472808022156766));
#6159=CARTESIAN_POINT('',(5.19994854836018,-15.6243185330478,-4.77048955893622E-15));
#6160=CARTESIAN_POINT('',(5.19994854836018,-12.5,-4.77048955893622E-15));
#6161=CARTESIAN_POINT('',(5.19444713335046,-12.5,-0.472808022156766));
#6162=CARTESIAN_POINT('',(5.56996290744184,-12.5,-1.18965597636228));
#6163=CARTESIAN_POINT('',(6.54368106783969,-12.5,-1.56617639400743));
#6164=CARTESIAN_POINT('',(7.67349561190143,-12.5,-1.36954312449531));
#6165=CARTESIAN_POINT('',(8.22204937119183,-12.5,-0.59161937871713));
#6166=CARTESIAN_POINT('',(8.20232745589194,-12.5,-4.77048955893622E-15));
#6167=CARTESIAN_POINT('',(7.75420110038795,-12.5,-1.07034939373446));
#6168=CARTESIAN_POINT('',(7.75420110038795,-12.5,-1.07034939373446));
#6169=CARTESIAN_POINT('',(7.75420110038795,-13.4999999999999,-1.07034939373446));
#6170=CARTESIAN_POINT('',(5.19994854836018,-13.4999999999999,-4.77048955893622E-15));
#6171=CARTESIAN_POINT('',(5.19444713335046,-13.4999999999999,-0.472808022156766));
#6172=CARTESIAN_POINT('',(5.56996290744184,-13.4999999999999,-1.18965597636228));
#6173=CARTESIAN_POINT('',(6.54368106783969,-13.4999999999999,-1.56617639400743));
#6174=CARTESIAN_POINT('',(7.67349561190143,-13.4999999999999,-1.36954312449531));
#6175=CARTESIAN_POINT('',(8.22204937119183,-13.4999999999999,-0.59161937871713));
#6176=CARTESIAN_POINT('',(8.20232745589194,-13.4999999999999,-4.77048955893622E-15));
#6177=CARTESIAN_POINT('',(5.19994854836018,-12.5,-4.77048955893622E-15));
#6178=CARTESIAN_POINT('',(5.19444713335046,-12.5,-0.472808022156766));
#6179=CARTESIAN_POINT('',(5.56996290744184,-12.5,-1.18965597636228));
#6180=CARTESIAN_POINT('',(6.54368106783969,-12.5,-1.56617639400743));
#6181=CARTESIAN_POINT('',(7.67349561190143,-12.5,-1.36954312449531));
#6182=CARTESIAN_POINT('',(8.22204937119183,-12.5,-0.59161937871713));
#6183=CARTESIAN_POINT('',(8.20232745589194,-12.5,-4.77048955893622E-15));
#6184=CARTESIAN_POINT('',(6.69999999999984,-12.5,-1.81448456207524E-29));
#6185=CARTESIAN_POINT('',(11.4406292073811,-12.5,-1.61600000000001));
#6186=CARTESIAN_POINT('',(6.69999999999983,-12.5,0.));
#6187=CARTESIAN_POINT('',(6.69999999999984,-12.5,-1.81448456207524E-29));
#6188=CARTESIAN_POINT('',(6.69999999999984,-12.5,0.));
#6189=CARTESIAN_POINT('',(8.75718253929965,-12.5,-1.616));
#6190=CARTESIAN_POINT('',(10.4772969520202,-12.5,-1.616));
#6191=CARTESIAN_POINT('',(6.69999999999984,-12.5,0.));
#6192=CARTESIAN_POINT('',(6.69999999999983,-12.5,0.));
#6193=CARTESIAN_POINT('',(6.69999999999984,-12.5,0.));
#6194=CARTESIAN_POINT('',(6.69999999999983,-2.09999999999994,0.));
#6195=CARTESIAN_POINT('',(6.69999999999983,-9.09999999999994,0.));
#6196=CARTESIAN_POINT('',(6.69999999999983,-2.09999999999994,0.));
#6197=CARTESIAN_POINT('',(6.69999999999983,-13.4999999999999,0.));
#6198=CARTESIAN_POINT('',(6.69999999999983,-9.09999999999994,0.));
#6199=CARTESIAN_POINT('',(6.69999999999983,-2.09999999999994,0.));
#6200=CARTESIAN_POINT('',(6.69999999999983,-13.4999999999999,0.));
#6201=CARTESIAN_POINT('',(4.69999999999982,-15.6243185330478,-7.15573433840433E-15));
#6202=CARTESIAN_POINT('',(10.3242478204093,-13.4650343200235,-1.616));
#6203=CARTESIAN_POINT('',(10.3242478204093,-13.4510475382238,-1.616));
#6204=CARTESIAN_POINT('',(10.3248332001124,-13.4370486131828,-1.616));
#6205=CARTESIAN_POINT('',(10.3259997570692,-13.423110564181,-1.616));
#6206=CARTESIAN_POINT('',(10.3307140195094,-13.3667844495232,-1.616));
#6207=CARTESIAN_POINT('',(10.3452736607727,-13.3105563712208,-1.616));
#6208=CARTESIAN_POINT('',(10.3681181642237,-13.2588554609303,-1.616));
#6209=CARTESIAN_POINT('',(10.3912517180938,-13.2065003814731,-1.616));
#6210=CARTESIAN_POINT('',(10.4234011886138,-13.1574293018909,-1.616));
#6211=CARTESIAN_POINT('',(10.4616593739756,-13.1148555199066,-1.616));
#6212=CARTESIAN_POINT('',(10.4820349776786,-13.0921815090605,-1.616));
#6213=CARTESIAN_POINT('',(10.5043084807593,-13.0710908275563,-1.616));
#6214=CARTESIAN_POINT('',(10.5280003538108,-13.0519082535524,-1.616));
#6215=CARTESIAN_POINT('',(10.5575512670742,-13.0279817966055,-1.616));
#6216=CARTESIAN_POINT('',(10.5895580962496,-13.0068302491169,-1.616));
#6217=CARTESIAN_POINT('',(10.6230892368734,-12.9889027722949,-1.616));
#6218=CARTESIAN_POINT('',(10.3242478204093,-13.4650343200235,-1.616));
#6219=CARTESIAN_POINT('',(10.6230892368734,-12.9889027722949,-1.616));
#6220=CARTESIAN_POINT('',(6.69999999999985,-13.4650343200235,-4.9439619065339E-14));
#6221=CARTESIAN_POINT('',(3.0765029937561,-13.4650343200235,-1.6176828210391));
#6222=CARTESIAN_POINT('',(2.77827340029915,-12.9889027722949,-1.61930405967283));
#6223=CARTESIAN_POINT('',(2.7908305263148,-12.9956291920551,-1.61923579650153));
#6224=CARTESIAN_POINT('',(2.80316038037216,-13.0027987425174,-1.61916876882827));
#6225=CARTESIAN_POINT('',(2.81521415976229,-13.0103903764039,-1.61910324195482));
#6226=CARTESIAN_POINT('',(2.85853261275963,-13.0376729261371,-1.61886775375682));
#6227=CARTESIAN_POINT('',(2.8987168957102,-13.0707919295599,-1.61864930356469));
#6228=CARTESIAN_POINT('',(2.93348041771047,-13.1083730839958,-1.61846032176628));
#6229=CARTESIAN_POINT('',(2.97418310619971,-13.1523747827321,-1.61823905341289));
#6230=CARTESIAN_POINT('',(3.00831880371122,-13.2036193078565,-1.61805348460011));
#6231=CARTESIAN_POINT('',(3.03254748100031,-13.2584450422369,-1.61792177242759));
#6232=CARTESIAN_POINT('',(3.05682741715458,-13.3133867674695,-1.61778978160112));
#6233=CARTESIAN_POINT('',(3.071744592019,-13.3735017973395,-1.61770868870917));
#6234=CARTESIAN_POINT('',(3.07551152673019,-13.4334512400083,-1.61768821086184));
#6235=CARTESIAN_POINT('',(3.07617205950686,-13.4439633871152,-1.6176846200671));
#6236=CARTESIAN_POINT('',(3.0765029937561,-13.4545014403963,-1.6176828210391));
#6237=CARTESIAN_POINT('',(3.0765029937561,-13.4650343200235,-1.6176828210391));
#6238=CARTESIAN_POINT('',(2.77827340029915,-12.9889027722949,-1.61930405967283));
#6239=CARTESIAN_POINT('',(6.69999999999984,-12.9889027722949,0.));
#6240=CARTESIAN_POINT('',(6.69999999999985,-13.4650343200235,-2.47198095326695E-14));
#6241=CARTESIAN_POINT('',(4.64279644402832,-12.4999999999999,-1.61597324522954));
#6242=CARTESIAN_POINT('',(4.64279594488327,-15.8882338222406,-1.61597324528111));
#6243=CARTESIAN_POINT('',(8.75718303849021,-15.8882338222406,-1.616));
#6244=CARTESIAN_POINT('',(7.62023373688717,-15.8882338222406,-3.0633470413869));
#6245=CARTESIAN_POINT('',(5.77972642299684,-15.8882338222406,-3.06333507307797));
#6246=CARTESIAN_POINT('',(4.64279594488326,-15.8882338222406,-1.61597324528111));
#6247=CARTESIAN_POINT('',(8.75718303849021,-15.8882338222406,-1.616));
#6248=CARTESIAN_POINT('',(8.75718253929965,-12.4999999999999,-1.616));
#6249=CARTESIAN_POINT('',(6.69999999999989,-12.4999999999999,-4.9439619065339E-14));
#6250=CARTESIAN_POINT('',(9.00563311457909,-15.7973029720444,-1.616));
#6251=CARTESIAN_POINT('',(9.00219067031392,-15.7986018984762,-1.616));
#6252=CARTESIAN_POINT('',(8.99874770602803,-15.7998994475791,-1.616));
#6253=CARTESIAN_POINT('',(8.99530422104823,-15.8011956125331,-1.616));
#6254=CARTESIAN_POINT('',(8.9162118576288,-15.8309668327344,-1.616));
#6255=CARTESIAN_POINT('',(8.83684115048705,-15.8600112657185,-1.616));
#6256=CARTESIAN_POINT('',(8.75718303849021,-15.8882338222406,-1.616));
#6257=CARTESIAN_POINT('',(9.00563311457909,-15.7973029720444,-1.616));
#6258=CARTESIAN_POINT('',(10.3242477708863,-15.2310856150481,-1.616));
#6259=CARTESIAN_POINT('',(9.89244747044806,-15.4371250608874,-1.616));
#6260=CARTESIAN_POINT('',(9.45286935178997,-15.6285487599153,-1.616));
#6261=CARTESIAN_POINT('',(9.00563311457909,-15.7973029720444,-1.616));
#6262=CARTESIAN_POINT('',(10.3242478204092,-15.2310857159678,-1.616));
#6263=CARTESIAN_POINT('',(10.3242478204093,-12.4999999999999,-1.616));
#6264=CARTESIAN_POINT('',(10.6230892368734,-12.9889027722949,-1.616));
#6265=CARTESIAN_POINT('',(10.9139460984527,-12.8333956959628,-1.61600000000001));
#6266=CARTESIAN_POINT('',(11.201596034409,-12.6698525501541,-1.61600000000001));
#6267=CARTESIAN_POINT('',(11.4842917527595,-12.4999999999999,-1.61600000000001));
#6268=CARTESIAN_POINT('',(11.4842917527595,-12.4999999999999,-1.61600000000001));
#6269=CARTESIAN_POINT('',(11.3222324457713,-12.4999999999999,-1.61600000000001));
#6270=CARTESIAN_POINT('',(10.4772969520202,-12.4999999999999,-1.616));
#6271=CARTESIAN_POINT('',(3.0765029937561,-12.4999999999999,-1.6176828210391));
#6272=CARTESIAN_POINT('',(3.07650299375612,-15.2310857159678,-1.6176828210391));
#6273=CARTESIAN_POINT('',(6.69999999999984,-15.2310857159678,0.));
#6274=CARTESIAN_POINT('',(6.69999999999985,-12.4999999999999,-4.9439619065339E-14));
#6275=CARTESIAN_POINT('',(3.36673234595684,-15.3669949185802,-1.61610507339515));
#6276=CARTESIAN_POINT('',(3.30269742634554,-15.3376513237608,-1.61645318065164));
#6277=CARTESIAN_POINT('',(3.23882439174914,-15.3079520251674,-1.61680040786723));
#6278=CARTESIAN_POINT('',(3.17511311324771,-15.277912189947,-1.61714675574275));
#6279=CARTESIAN_POINT('',(3.14220027991357,-15.2623938058672,-1.61732567680933));
#6280=CARTESIAN_POINT('',(3.10933019846971,-15.2467844305513,-1.61750436546766));
#6281=CARTESIAN_POINT('',(3.07650299375612,-15.2310857159678,-1.6176828210391));
#6282=CARTESIAN_POINT('',(3.36673234595684,-15.3669949185802,-1.61610507339515));
#6283=CARTESIAN_POINT('',(3.36673234595684,-12.5,-1.61610507339515));
#6284=CARTESIAN_POINT('',(2.77827340029915,-12.9889027722949,-1.61930405967283));
#6285=CARTESIAN_POINT('',(2.97888828247083,-13.0963652526386,-1.61821347508762));
#6286=CARTESIAN_POINT('',(3.18172949068326,-13.2003982216063,-1.617110787727));
#6287=CARTESIAN_POINT('',(3.38606077501522,-13.3001942158459,-1.616));
#6288=CARTESIAN_POINT('',(3.36779890228781,-12.5,-1.61609927537119));
#6289=CARTESIAN_POINT('',(4.35896611000591,-15.7838893914653,-1.61600256729286));
#6290=CARTESIAN_POINT('',(4.02420827327983,-15.6565245199117,-1.61603715059601));
#6291=CARTESIAN_POINT('',(3.69308346114766,-15.5161575852768,-1.61607135857712));
#6292=CARTESIAN_POINT('',(3.36673234595684,-15.3669949185802,-1.61610507339515));
#6293=CARTESIAN_POINT('',(4.35896611000591,-15.7838893914653,-1.61600256729286));
#6294=CARTESIAN_POINT('',(4.39439853196473,-15.7973152021974,-1.61599890682533));
#6295=CARTESIAN_POINT('',(4.38849371082451,-15.7950870098853,-1.61599951684308));
#6296=CARTESIAN_POINT('',(4.38259041741897,-15.7928547648542,-1.61600012670299));
#6297=CARTESIAN_POINT('',(4.37668864839663,-15.7906185009867,-1.61600073640542));
#6298=CARTESIAN_POINT('',(4.37077961130713,-15.7883794831456,-1.61600134685871));
#6299=CARTESIAN_POINT('',(4.36487209961173,-15.7861364355223,-1.6160019571544));
#6300=CARTESIAN_POINT('',(4.35896611000591,-15.7838893914653,-1.61600256729286));
#6301=CARTESIAN_POINT('',(4.39439853196473,-15.7973152021974,-1.61599890682533));
#6302=CARTESIAN_POINT('',(4.64279594488326,-15.8882338222406,-1.61597324528111));
#6303=CARTESIAN_POINT('',(4.55976845514296,-15.8588148207009,-1.61598182271988));
#6304=CARTESIAN_POINT('',(4.47696721761652,-15.8284726083614,-1.61599037678489));
#6305=CARTESIAN_POINT('',(4.39439853196473,-15.7973152021974,-1.61599890682534));
#6306=CARTESIAN_POINT('',(4.38383753267902,-12.5,-1.61599999786548));
#6307=CARTESIAN_POINT('',(6.69999999999984,-11.4999999999999,0.));
#6308=CARTESIAN_POINT('',(6.69999999999984,-12.5,-1.81448456207524E-29));
#6309=CARTESIAN_POINT('',(6.69999999999984,-11.4999999999999,-1.46554522321461E-29));
#6310=CARTESIAN_POINT('',(6.69999999999984,-7.32398445336754,-8.3691193010406E-32));
#6311=CARTESIAN_POINT('',(6.69999999999984,-8.29999999999995,0.));
#6312=CARTESIAN_POINT('',(6.69999999999984,-7.32398445336754,-8.3691193010406E-32));
#6313=CARTESIAN_POINT('',(6.69999999999984,-6.82221893597095,-4.81505867894358E-29));
#6314=CARTESIAN_POINT('',(6.69999999999985,-4.99999999999995,8.02560479379401E-30));
#6315=CARTESIAN_POINT('',(6.69999999999985,-3.78173475703822,1.22766114781533E-29));
#6316=CARTESIAN_POINT('',(6.69999999999985,-4.01465887803524,1.14638475902994E-29));
#6317=CARTESIAN_POINT('',(6.69999999999985,-3.78173475703822,1.22766114781533E-29));
#6318=CARTESIAN_POINT('',(6.69999999999984,-4.99999999999995,0.));
#6319=CARTESIAN_POINT('',(6.69999999999985,-4.01465887803524,1.14638475902994E-29));
#6320=CARTESIAN_POINT('',(6.69999999999997,18.5361982863869,-4.9439619065339E-14));
#6321=CARTESIAN_POINT('',(6.69999999999984,18.5361982863869,0.));
#6322=CARTESIAN_POINT('',(6.69999999999993,18.5361982863869,-4.9439619065339E-14));
#6323=CARTESIAN_POINT('',(6.69999999999984,21.4361982863868,0.));
#6324=CARTESIAN_POINT('',(6.69999999999997,18.5361982863869,-4.9439619065339E-14));
#6325=CARTESIAN_POINT('',(6.69999999999984,1.10000000000015,0.));
#6326=CARTESIAN_POINT('',(6.69999999999984,18.1000000000001,0.));
#6327=CARTESIAN_POINT('',(-8.30000000000017,1.10000000000018,9.18485099360516E-16));
#6328=CARTESIAN_POINT('',(-8.30000000000017,1.10000000000018,-29.9999999999999));
#6329=CARTESIAN_POINT('',(21.6999999999998,1.10000000000018,-30.));
#6330=CARTESIAN_POINT('',(21.6999999999999,1.10000000000018,-4.27234841845872E-14));
#6331=CARTESIAN_POINT('',(-9.76556905588496,6.66162654356183,1.00822532202145E-15));
#6332=CARTESIAN_POINT('',(-9.76556905588497,6.66162654356183,-32.9311381117695));
#6333=CARTESIAN_POINT('',(23.1655690558846,6.66162654356183,-32.9311381117696));
#6334=CARTESIAN_POINT('',(23.1655690558847,6.66162654356183,-4.68977652766215E-14));
#6335=CARTESIAN_POINT('',(-10.6023755947459,12.3519110078163,1.05946494448753E-15));
#6336=CARTESIAN_POINT('',(-10.6023755947459,12.3519110078163,-34.6047511894914));
#6337=CARTESIAN_POINT('',(24.0023755947455,12.3519110078163,-34.6047511894915));
#6338=CARTESIAN_POINT('',(24.0023755947456,12.3519110078163,-4.92811846718605E-14));
#6339=CARTESIAN_POINT('',(-10.8000000000001,18.1000000000001,1.07156594925393E-15));
#6340=CARTESIAN_POINT('',(-10.8000000000001,18.1000000000001,-34.9999999999999));
#6341=CARTESIAN_POINT('',(24.1999999999997,18.1000000000001,-34.9999999999999));
#6342=CARTESIAN_POINT('',(24.1999999999998,18.1000000000001,-4.98440648820183E-14));
#6343=CARTESIAN_POINT('',(6.69999999999984,18.6082425601573,0.));
#6344=CARTESIAN_POINT('',(6.69999999999984,22.1046379011011,0.));
#6345=CARTESIAN_POINT('',(0.199039750994263,-11.4999999999999,3.98069008016443E-16));
#6346=CARTESIAN_POINT('',(0.199039750994262,-11.4999999999999,-13.0019204980112));
#6347=CARTESIAN_POINT('',(13.2009602490054,-11.4999999999999,-13.0019204980112));
#6348=CARTESIAN_POINT('',(13.2009602490054,-11.4999999999999,-1.19420702404933E-15));
#6349=CARTESIAN_POINT('',(-1.06693855205491,-10.5542631225818,4.75587821847401E-16));
#6350=CARTESIAN_POINT('',(-1.06693855205491,-10.5542631225818,-15.5338771041095));
#6351=CARTESIAN_POINT('',(14.4669385520546,-10.5542631225818,-15.5338771041095));
#6352=CARTESIAN_POINT('',(14.4669385520546,-10.5542631225818,-1.4267634655422E-15));
#6353=CARTESIAN_POINT('',(-2.22940251153363,-9.48384411676551,5.4676821020239E-16));
#6354=CARTESIAN_POINT('',(-2.22940251153363,-9.48384411676551,-17.858805023067));
#6355=CARTESIAN_POINT('',(15.6294025115333,-9.48384411676551,-17.858805023067));
#6356=CARTESIAN_POINT('',(15.6294025115333,-9.48384411676551,-1.64030463060717E-15));
#6357=CARTESIAN_POINT('',(-3.27612712302366,-8.29999999999979,6.10861607454891E-16));
#6358=CARTESIAN_POINT('',(-3.27612712302366,-8.29999999999979,-19.952254246047));
#6359=CARTESIAN_POINT('',(16.6761271230233,-8.29999999999979,-19.952254246047));
#6360=CARTESIAN_POINT('',(16.6761271230234,-8.29999999999979,-1.83258482236467E-15));
#6361=CARTESIAN_POINT('',(-4.4777620827284,-6.82221893597095,6.8444052781219E-16));
#6362=CARTESIAN_POINT('',(-4.47776208272841,-6.82221893597095,-22.3555241654564));
#6363=CARTESIAN_POINT('',(17.877762082728,-6.82221893597095,-22.3555241654565));
#6364=CARTESIAN_POINT('',(17.8777620827281,-6.82221893597095,-3.18368627707012E-14));
#6365=CARTESIAN_POINT('',(-4.91654755618124,-6.23459723470347,7.11308389091009E-16));
#6366=CARTESIAN_POINT('',(-4.91654755618124,-6.23459723470347,-23.2330951123621));
#6367=CARTESIAN_POINT('',(18.3165475561809,-6.23459723470347,-23.2330951123621));
#6368=CARTESIAN_POINT('',(18.3165475561809,-6.23459723470347,-3.30866257197338E-14));
#6369=CARTESIAN_POINT('',(-5.32682777259257,-5.62673039111419,7.36430806780089E-16));
#6370=CARTESIAN_POINT('',(-5.32682777259257,-5.62673039111419,-24.0536555451848));
#6371=CARTESIAN_POINT('',(18.7268277725922,-5.62673039111419,-24.0536555451848));
#6372=CARTESIAN_POINT('',(18.7268277725923,-5.62673039111419,-3.42551990755404E-14));
#6373=CARTESIAN_POINT('',(-5.70767022343987,-4.99999999999984,7.59750681200569E-16));
#6374=CARTESIAN_POINT('',(-5.70767022343987,-4.99999999999984,-24.8153404468794));
#6375=CARTESIAN_POINT('',(19.1076702234395,-4.99999999999984,-24.8153404468794));
#6376=CARTESIAN_POINT('',(19.1076702234396,-4.99999999999984,-3.53399268372467E-14));
#6377=CARTESIAN_POINT('',(-6.39822020000455,-3.78173475703822,8.0203467212313E-16));
#6378=CARTESIAN_POINT('',(-6.39822020000456,-3.78173475703822,-26.1964404000087));
#6379=CARTESIAN_POINT('',(19.7982202000042,-3.78173475703822,-26.1964404000088));
#6380=CARTESIAN_POINT('',(19.7982202000042,-3.78173475703822,-3.73067735707419E-14));
#6381=CARTESIAN_POINT('',(-7.21639741007515,-2.23032873385913,8.52133577195543E-16));
#6382=CARTESIAN_POINT('',(-7.21639741007516,-2.23032873385913,-27.8327948201499));
#6383=CARTESIAN_POINT('',(20.6163974100748,-2.23032873385913,-27.83279482015));
#6384=CARTESIAN_POINT('',(20.6163974100748,-2.23032873385913,-3.96371323103846E-14));
#6385=CARTESIAN_POINT('',(-7.85307070067967,-0.596033253578377,8.91118572567615E-16));
#6386=CARTESIAN_POINT('',(-7.85307070067967,-0.596033253578377,-29.1061414013589));
#6387=CARTESIAN_POINT('',(21.2530707006793,-0.596033253578377,-29.106141401359));
#6388=CARTESIAN_POINT('',(21.2530707006794,-0.596033253578377,-4.1450525727844E-14));
#6389=CARTESIAN_POINT('',(-8.30000000000017,1.10000000000015,9.18485099360516E-16));
#6390=CARTESIAN_POINT('',(-8.30000000000017,1.10000000000015,-29.9999999999999));
#6391=CARTESIAN_POINT('',(21.6999999999998,1.10000000000015,-30.));
#6392=CARTESIAN_POINT('',(21.6999999999999,1.10000000000015,-4.27234841845872E-14));
#6393=CARTESIAN_POINT('',(6.69999999999984,-12.4999999999999,0.));
#6394=CARTESIAN_POINT('',(3.1976276699782,-13.3047115540823,-1.12499400372891));
#6395=CARTESIAN_POINT('',(4.52682663930092,-13.3047115540823,-5.26310467438008));
#6396=CARTESIAN_POINT('',(8.87317336069876,-13.3047115540823,-5.26310467438008));
#6397=CARTESIAN_POINT('',(10.2023723300215,-13.3047115540823,-1.12499400372891));
#6398=CARTESIAN_POINT('',(2.75373146259626,-13.0522883735771,-1.26757752270606));
#6399=CARTESIAN_POINT('',(4.25139521114327,-13.0522883735771,-5.93015888331882));
#6400=CARTESIAN_POINT('',(9.14860478885642,-13.0522883735771,-5.93015888331882));
#6401=CARTESIAN_POINT('',(10.6462685374034,-13.0522883735771,-1.26757752270606));
#6402=CARTESIAN_POINT('',(2.31838277650496,-12.7839448874047,-1.40741549972118));
#6403=CARTESIAN_POINT('',(3.98126740116738,-12.7839448874047,-6.58436851292098));
#6404=CARTESIAN_POINT('',(9.4187325988323,-12.7839448874047,-6.58436851292099));
#6405=CARTESIAN_POINT('',(11.0816172234947,-12.7839448874047,-1.40741549972118));
#6406=CARTESIAN_POINT('',(1.89209898825333,-12.4999999999999,-1.54434174869796));
#6407=CARTESIAN_POINT('',(3.71676423433231,-12.4999999999999,-7.22495608818479));
#6408=CARTESIAN_POINT('',(9.68323576566738,-12.4999999999999,-7.2249560881848));
#6409=CARTESIAN_POINT('',(11.5079010117464,-12.4999999999999,-1.54434174869797));
#6410=CARTESIAN_POINT('',(11.3222324457713,-12.4999999999999,-1.08294779898927E-14));
#6411=CARTESIAN_POINT('',(27.3156043264074,37.6000000000001,-0.249995405079204));
#6412=CARTESIAN_POINT('',(8.4478498712118,37.6000000000001,-20.5428980495269));
#6413=CARTESIAN_POINT('',(6.69999999999986,-85.3706597142269,0.));
#6414=CARTESIAN_POINT('',(8.74957246598998,-16.1353298571135,0.));
#6415=CARTESIAN_POINT('',(9.35190162069491,-15.8810997383811,1.4112034390471E-15));
#6416=CARTESIAN_POINT('',(10.4240819632266,-15.379828728951,3.92322626716436E-15));
#6417=CARTESIAN_POINT('',(11.459183181701,-14.8063635294621,6.34837601769987E-15));
#6418=CARTESIAN_POINT('',(11.9138018550668,-14.5359391241264,7.41350698520735E-15));
#6419=CARTESIAN_POINT('',(6.69999999999984,-16.16,4.77048955893622E-15));
#6420=CARTESIAN_POINT('',(-13.9317708377881,41.1000000000001,0.));
#6421=CARTESIAN_POINT('',(8.19862595561465,41.1000000000001,-20.5625815424696));
#6422=CARTESIAN_POINT('',(27.3171200570193,41.1000000000001,-6.31217252136638E-15));
#6423=CARTESIAN_POINT('',(7.62514236774476,-20.1353298571134,29.));
#6424=CARTESIAN_POINT('',(8.01106502404623,-20.1353298571134,29.));
#6425=CARTESIAN_POINT('',(7.62514236774476,-20.1353298571134,29.));
#6426=CARTESIAN_POINT('',(8.01106502404623,-20.1353298571134,29.));
#6427=CARTESIAN_POINT('',(7.62514236774476,-14.6353298571134,29.));
#6428=CARTESIAN_POINT('',(7.62514236774476,-20.1353298571134,29.));
#6429=CARTESIAN_POINT('',(7.62514236774476,-14.6353298571134,29.));
#6430=CARTESIAN_POINT('',(8.01106502404623,-14.6353298571134,29.));
#6431=CARTESIAN_POINT('',(7.62514236774476,-14.6353298571134,29.));
#6432=CARTESIAN_POINT('',(8.01106502404623,-14.6353298571134,29.));
#6433=CARTESIAN_POINT('',(8.01106502404623,-20.1353298571134,29.));
#6434=CARTESIAN_POINT('',(8.01106502404623,-14.6353298571134,29.));
#6435=CARTESIAN_POINT('',(6.64961565320495,-20.1353298571134,29.));
#6436=CARTESIAN_POINT('',(7.03553830950642,-20.1353298571134,29.));
#6437=CARTESIAN_POINT('',(6.64961565320495,-20.1353298571134,29.));
#6438=CARTESIAN_POINT('',(7.03553830950642,-20.1353298571134,29.));
#6439=CARTESIAN_POINT('',(6.64961565320495,-14.6353298571134,29.));
#6440=CARTESIAN_POINT('',(6.64961565320495,-20.1353298571134,29.));
#6441=CARTESIAN_POINT('',(6.64961565320495,-14.6353298571134,29.));
#6442=CARTESIAN_POINT('',(7.03553830950641,-14.6353298571134,29.));
#6443=CARTESIAN_POINT('',(6.64961565320495,-14.6353298571134,29.));
#6444=CARTESIAN_POINT('',(7.03553830950641,-14.6353298571134,29.));
#6445=CARTESIAN_POINT('',(7.03553830950642,-20.1353298571134,29.));
#6446=CARTESIAN_POINT('',(7.03553830950641,-14.6353298571134,29.));
#6447=CARTESIAN_POINT('',(5.77485763225495,-18.8522466374681,29.));
#6448=CARTESIAN_POINT('',(5.71643323012042,-19.1373762418337,29.));
#6449=CARTESIAN_POINT('',(5.6371046841029,-19.3446579607969,29.));
#6450=CARTESIAN_POINT('',(5.43663930430186,-19.6054014805786,29.));
#6451=CARTESIAN_POINT('',(5.31603847420765,-19.670118397359,29.));
#6452=CARTESIAN_POINT('',(4.98425219052625,-19.670118397359,29.));
#6453=CARTESIAN_POINT('',(4.8255950984912,-19.5538155324204,29.));
#6454=CARTESIAN_POINT('',(4.5715293497594,-19.0886040726659,29.));
#6455=CARTESIAN_POINT('',(4.50077686277079,-18.7537643728024,29.));
#6456=CARTESIAN_POINT('',(4.48630476315949,-18.3157527766223,29.));
#6457=CARTESIAN_POINT('',(5.77485763225495,-18.8522466374681,29.));
#6458=CARTESIAN_POINT('',(4.48630476315949,-18.3157527766223,29.));
#6459=CARTESIAN_POINT('',(6.1736443770998,-18.9385358598419,29.));
#6460=CARTESIAN_POINT('',(6.04071546215151,-18.9097727857173,29.));
#6461=CARTESIAN_POINT('',(5.90778654720323,-18.8810097115927,29.));
#6462=CARTESIAN_POINT('',(5.77485763225495,-18.8522466374681,29.));
#6463=CARTESIAN_POINT('',(6.1736443770998,-18.9385358598419,29.));
#6464=CARTESIAN_POINT('',(6.18436445088595,-18.3157527766223,29.));
#6465=CARTESIAN_POINT('',(6.18597246195387,-18.2360290385595,29.));
#6466=CARTESIAN_POINT('',(6.18650846564318,-18.1760017534299,29.));
#6467=CARTESIAN_POINT('',(6.18650846564318,-17.4781845637983,29.));
#6468=CARTESIAN_POINT('',(6.09002780156781,-16.9679526401966,29.));
#6469=CARTESIAN_POINT('',(5.70410514526635,-16.2419976606605,29.));
#6470=CARTESIAN_POINT('',(5.45539943342762,-16.0609778789415,29.));
#6471=CARTESIAN_POINT('',(4.83631517227735,-16.0609778789415,29.));
#6472=CARTESIAN_POINT('',(4.58064141247762,-16.2457493659811,29.));
#6473=CARTESIAN_POINT('',(4.18614269714723,-16.9867111667996,29.));
#6474=CARTESIAN_POINT('',(4.08751801831464,-17.5063223537028,29.));
#6475=CARTESIAN_POINT('',(4.08751801831464,-18.8250467738938,29.));
#6476=CARTESIAN_POINT('',(4.18507068976862,-19.3277752868542,29.));
#6477=CARTESIAN_POINT('',(4.57528137558455,-20.0462268557492,29.));
#6478=CARTESIAN_POINT('',(4.83953119441319,-20.2253707848078,29.));
#6479=CARTESIAN_POINT('',(5.43663930430186,-20.2253707848078,29.));
#6480=CARTESIAN_POINT('',(5.65425680216074,-20.1128196251898,29.));
#6481=CARTESIAN_POINT('',(5.99408314118175,-19.6626149867178,29.));
#6482=CARTESIAN_POINT('',(6.11093194545081,-19.3465338134572,29.));
#6483=CARTESIAN_POINT('',(6.1736443770998,-18.9385358598419,29.));
#6484=CARTESIAN_POINT('',(6.18436445088595,-18.3157527766223,29.));
#6485=CARTESIAN_POINT('',(4.48630476315949,-18.3157527766223,29.));
#6486=CARTESIAN_POINT('',(5.05232465906831,-18.3157527766223,29.));
#6487=CARTESIAN_POINT('',(5.61834455497713,-18.3157527766223,29.));
#6488=CARTESIAN_POINT('',(6.18436445088595,-18.3157527766223,29.));
#6489=CARTESIAN_POINT('',(-3.3457811450031,-20.1353298571134,29.));
#6490=CARTESIAN_POINT('',(-3.21714025956928,-20.1353298571134,29.));
#6491=CARTESIAN_POINT('',(-3.08849937413546,-20.1353298571134,29.));
#6492=CARTESIAN_POINT('',(-2.95985848870163,-20.1353298571134,29.));
#6493=CARTESIAN_POINT('',(-3.3457811450031,-20.1353298571134,29.));
#6494=CARTESIAN_POINT('',(-2.95985848870163,-20.1353298571134,29.));
#6495=CARTESIAN_POINT('',(-3.34578114500311,-16.1510188066359,29.));
#6496=CARTESIAN_POINT('',(-3.3457811450031,-17.4791224901284,29.));
#6497=CARTESIAN_POINT('',(-3.3457811450031,-18.8072261736209,29.));
#6498=CARTESIAN_POINT('',(-3.3457811450031,-20.1353298571134,29.));
#6499=CARTESIAN_POINT('',(-3.34578114500311,-16.1510188066359,29.));
#6500=CARTESIAN_POINT('',(-3.00059476908901,-16.1510188066359,29.));
#6501=CARTESIAN_POINT('',(-3.11565689439371,-16.1510188066359,29.));
#6502=CARTESIAN_POINT('',(-3.23071901969841,-16.1510188066359,29.));
#6503=CARTESIAN_POINT('',(-3.34578114500311,-16.1510188066359,29.));
#6504=CARTESIAN_POINT('',(-3.00059476908901,-16.1510188066359,29.));
#6505=CARTESIAN_POINT('',(-3.00059476908901,-16.7100228994054,29.));
#6506=CARTESIAN_POINT('',(-3.00059476908901,-16.5236882018155,29.));
#6507=CARTESIAN_POINT('',(-3.00059476908901,-16.3373535042257,29.));
#6508=CARTESIAN_POINT('',(-3.00059476908901,-16.1510188066359,29.));
#6509=CARTESIAN_POINT('',(-3.00059476908901,-16.7100228994054,29.));
#6510=CARTESIAN_POINT('',(-1.66701759009172,-16.7587950685732,29.));
#6511=CARTESIAN_POINT('',(-1.71150589630425,-16.5383823809879,29.));
#6512=CARTESIAN_POINT('',(-1.78761842018592,-16.3676797889006,29.));
#6513=CARTESIAN_POINT('',(-2.00309190328758,-16.1219430904013,29.));
#6514=CARTESIAN_POINT('',(-2.14138085512894,-16.0609778789415,29.));
#6515=CARTESIAN_POINT('',(-2.46191106133488,-16.0609778789415,29.));
#6516=CARTESIAN_POINT('',(-2.59698399104039,-16.120067237741,29.));
#6517=CARTESIAN_POINT('',(-2.83389762171435,-16.3583005255991,29.));
#6518=CARTESIAN_POINT('',(-2.9293062784111,-16.5149342227341,29.));
#6519=CARTESIAN_POINT('',(-3.00059476908901,-16.7100228994054,29.));
#6520=CARTESIAN_POINT('',(-1.66701759009172,-16.7587950685732,29.));
#6521=CARTESIAN_POINT('',(-0.260543909348584,-20.1353298571134,29.));
#6522=CARTESIAN_POINT('',(-0.260543909348584,-19.2236654642075,29.));
#6523=CARTESIAN_POINT('',(-0.260543909348585,-18.3120010713017,29.));
#6524=CARTESIAN_POINT('',(-0.260543909348585,-16.945442408273,29.));
#6525=CARTESIAN_POINT('',(-0.321112326240344,-16.607788929419,29.));
#6526=CARTESIAN_POINT('',(-0.564458001185994,-16.1707152595691,29.));
#6527=CARTESIAN_POINT('',(-0.738123196521653,-16.0609778789415,29.));
#6528=CARTESIAN_POINT('',(-1.25268673825694,-16.0609778789415,29.));
#6529=CARTESIAN_POINT('',(-1.48692035048436,-16.2935836088187,29.));
#6530=CARTESIAN_POINT('',(-1.66701759009172,-16.7587950685732,29.));
#6531=CARTESIAN_POINT('',(-0.260543909348584,-20.1353298571134,29.));
#6532=CARTESIAN_POINT('',(-0.644322550892823,-20.1353298571134,29.));
#6533=CARTESIAN_POINT('',(-0.516396337044743,-20.1353298571134,29.));
#6534=CARTESIAN_POINT('',(-0.388470123196663,-20.1353298571134,29.));
#6535=CARTESIAN_POINT('',(-0.260543909348584,-20.1353298571134,29.));
#6536=CARTESIAN_POINT('',(-0.644322550892823,-20.1353298571134,29.));
#6537=CARTESIAN_POINT('',(-1.60698517688926,-20.1353298571134,29.));
#6538=CARTESIAN_POINT('',(-1.60698517688926,-19.36372912951,29.));
#6539=CARTESIAN_POINT('',(-1.60698517688926,-18.5921284019065,29.));
#6540=CARTESIAN_POINT('',(-1.60698517688927,-17.4106538680275,29.));
#6541=CARTESIAN_POINT('',(-1.55392081164781,-17.1123932950397,29.));
#6542=CARTESIAN_POINT('',(-1.34273535806062,-16.73909861564,29.));
#6543=CARTESIAN_POINT('',(-1.20980644311234,-16.6462439089552,29.));
#6544=CARTESIAN_POINT('',(-0.961100731273613,-16.6462439089552,29.));
#6545=CARTESIAN_POINT('',(-0.88391620001332,-16.682823035831,29.));
#6546=CARTESIAN_POINT('',(-0.75205929244365,-16.8272636906741,29.));
#6547=CARTESIAN_POINT('',(-0.707034982541813,-16.9229321763494,29.));
#6548=CARTESIAN_POINT('',(-0.656650635746897,-17.1611654642075,29.));
#6549=CARTESIAN_POINT('',(-0.644322550892824,-17.3553162145486,29.));
#6550=CARTESIAN_POINT('',(-0.644322550892824,-18.4620692841257,29.));
#6551=CARTESIAN_POINT('',(-0.644322550892823,-19.2986995706195,29.));
#6552=CARTESIAN_POINT('',(-0.644322550892823,-20.1353298571134,29.));
#6553=CARTESIAN_POINT('',(-1.60698517688926,-20.1353298571134,29.));
#6554=CARTESIAN_POINT('',(-1.99290783319073,-20.1353298571134,29.));
#6555=CARTESIAN_POINT('',(-1.86426694775691,-20.1353298571134,29.));
#6556=CARTESIAN_POINT('',(-1.73562606232309,-20.1353298571134,29.));
#6557=CARTESIAN_POINT('',(-1.60698517688926,-20.1353298571134,29.));
#6558=CARTESIAN_POINT('',(-1.99290783319073,-20.1353298571134,29.));
#6559=CARTESIAN_POINT('',(-2.95985848870163,-20.1353298571134,29.));
#6560=CARTESIAN_POINT('',(-2.95985848870163,-19.4462666465632,29.));
#6561=CARTESIAN_POINT('',(-2.95985848870163,-18.7572034360129,29.));
#6562=CARTESIAN_POINT('',(-2.95985848870164,-17.7051627356946,29.));
#6563=CARTESIAN_POINT('',(-2.93895434481864,-17.4275365419702,29.));
#6564=CARTESIAN_POINT('',(-2.85640977666527,-17.0429867466086,29.));
#6565=CARTESIAN_POINT('',(-2.78940931550182,-16.8966702391052,29.));
#6566=CARTESIAN_POINT('',(-2.60502404638001,-16.6959540044531,29.));
#6567=CARTESIAN_POINT('',(-2.50479135647949,-16.6462439089552,29.));
#6568=CARTESIAN_POINT('',(-2.25286962250492,-16.6462439089552,29.));
#6569=CARTESIAN_POINT('',(-2.14995691415786,-16.7212780153672,29.));
#6570=CARTESIAN_POINT('',(-2.02453205085988,-17.0214144410152,29.));
#6571=CARTESIAN_POINT('',(-1.99290783319073,-17.2465167602512,29.));
#6572=CARTESIAN_POINT('',(-1.99290783319073,-18.4095454096373,29.));
#6573=CARTESIAN_POINT('',(-1.99290783319073,-19.2724376333753,29.));
#6574=CARTESIAN_POINT('',(-1.99290783319073,-20.1353298571134,29.));
#6575=CARTESIAN_POINT('',(-4.4049244350749,-14.6353298571134,29.));
#6576=CARTESIAN_POINT('',(-4.4049244350749,-15.6933107575227,29.));
#6577=CARTESIAN_POINT('',(-4.4049244350749,-16.751291657932,29.));
#6578=CARTESIAN_POINT('',(-4.4049244350749,-18.4995863373317,29.));
#6579=CARTESIAN_POINT('',(-4.46978088148112,-18.9657357234163,29.));
#6580=CARTESIAN_POINT('',(-4.73027867448461,-19.451581562434,29.));
#6581=CARTESIAN_POINT('',(-4.9478961723435,-19.5725740590234,29.));
#6582=CARTESIAN_POINT('',(-5.43244350747756,-19.5725740590234,29.));
#6583=CARTESIAN_POINT('',(-5.5835965478623,-19.5116088475636,29.));
#6584=CARTESIAN_POINT('',(-5.83123025232241,-19.2658721490643,29.));
#6585=CARTESIAN_POINT('',(-5.91806284999025,-19.0914178516564,29.));
#6586=CARTESIAN_POINT('',(-6.01990355095869,-18.639337360524,29.));
#6587=CARTESIAN_POINT('',(-6.04509572435614,-18.2866770603876,29.));
#6588=CARTESIAN_POINT('',(-6.04509572435614,-16.751291657932,29.));
#6589=CARTESIAN_POINT('',(-6.04509572435615,-15.6933107575227,29.));
#6590=CARTESIAN_POINT('',(-6.04509572435615,-14.6353298571134,29.));
#6591=CARTESIAN_POINT('',(-4.4049244350749,-14.6353298571134,29.));
#6592=CARTESIAN_POINT('',(-6.04509572435615,-14.6353298571134,29.));
#6593=CARTESIAN_POINT('',(-3.98898557217221,-14.6353298571134,29.));
#6594=CARTESIAN_POINT('',(-4.12763185980644,-14.6353298571134,29.));
#6595=CARTESIAN_POINT('',(-4.26627814744067,-14.6353298571134,29.));
#6596=CARTESIAN_POINT('',(-4.4049244350749,-14.6353298571134,29.));
#6597=CARTESIAN_POINT('',(-3.98898557217221,-14.6353298571134,29.));
#6598=CARTESIAN_POINT('',(-6.46103458725884,-14.6353298571134,29.));
#6599=CARTESIAN_POINT('',(-6.46103458725884,-15.6945613259629,29.));
#6600=CARTESIAN_POINT('',(-6.46103458725884,-16.7537927948124,29.));
#6601=CARTESIAN_POINT('',(-6.46103458725884,-18.395476514685,29.));
#6602=CARTESIAN_POINT('',(-6.42083431056077,-18.8550604164586,29.));
#6603=CARTESIAN_POINT('',(-6.26110521114711,-19.5284915215063,29.));
#6604=CARTESIAN_POINT('',(-6.12710428882021,-19.7854833359674,29.));
#6605=CARTESIAN_POINT('',(-5.75297371368351,-20.1400194887642,29.));
#6606=CARTESIAN_POINT('',(-5.51177205349509,-20.2291224901284,29.));
#6607=CARTESIAN_POINT('',(-4.91466394360643,-20.2291224901284,29.));
#6608=CARTESIAN_POINT('',(-4.66971025759285,-20.1268885201421,29.));
#6609=CARTESIAN_POINT('',(-4.29665168983477,-19.7198284928569,29.));
#6610=CARTESIAN_POINT('',(-4.16747480071164,-19.4553332677546,29.));
#6611=CARTESIAN_POINT('',(-4.02489781935582,-18.8044123946305,29.));
#6612=CARTESIAN_POINT('',(-3.98898557217221,-18.3654628721202,29.));
#6613=CARTESIAN_POINT('',(-3.98898557217221,-16.7537927948124,29.));
#6614=CARTESIAN_POINT('',(-3.98898557217221,-15.6945613259629,29.));
#6615=CARTESIAN_POINT('',(-3.98898557217221,-14.6353298571134,29.));
#6616=CARTESIAN_POINT('',(-6.46103458725884,-14.6353298571134,29.));
#6617=CARTESIAN_POINT('',(-6.04509572435615,-14.6353298571134,29.));
#6618=CARTESIAN_POINT('',(-6.18374201199038,-14.6353298571134,29.));
#6619=CARTESIAN_POINT('',(-6.32238829962461,-14.6353298571134,29.));
#6620=CARTESIAN_POINT('',(-6.46103458725884,-14.6353298571134,29.));
#6621=CARTESIAN_POINT('',(-22.3000000000002,41.1000000000001,29.));
#6622=CARTESIAN_POINT('',(-22.3000000000002,41.1000000000001,29.));
#6623=CARTESIAN_POINT('',(-22.3000000000001,-22.1353298571134,29.));
#6624=CARTESIAN_POINT('',(-22.3000000000001,-22.1353298571134,29.));
#6625=CARTESIAN_POINT('',(35.6999999999998,-22.1353298571134,29.));
#6626=CARTESIAN_POINT('',(35.6999999999998,-22.1353298571134,29.));
#6627=CARTESIAN_POINT('',(35.6999999999998,41.1000000000001,29.));
#6628=CARTESIAN_POINT('',(35.6999999999998,41.1000000000001,29.));
#6629=CARTESIAN_POINT('',(0.667814480532183,-20.1353298571134,29.));
#6630=CARTESIAN_POINT('',(0.667814480532183,-19.9690042545668,29.));
#6631=CARTESIAN_POINT('',(0.667814480532183,-19.8026786520202,29.));
#6632=CARTESIAN_POINT('',(0.667814480532183,-19.6363530494736,29.));
#6633=CARTESIAN_POINT('',(0.667814480532183,-20.1353298571134,29.));
#6634=CARTESIAN_POINT('',(0.667814480532183,-19.6363530494736,29.));
#6635=CARTESIAN_POINT('',(0.309764016074709,-20.1353298571134,29.));
#6636=CARTESIAN_POINT('',(0.429114170893867,-20.1353298571134,29.));
#6637=CARTESIAN_POINT('',(0.548464325713025,-20.1353298571134,29.));
#6638=CARTESIAN_POINT('',(0.667814480532183,-20.1353298571134,29.));
#6639=CARTESIAN_POINT('',(0.309764016074709,-20.1353298571134,29.));
#6640=CARTESIAN_POINT('',(0.309764016074707,-14.6353298571134,29.));
#6641=CARTESIAN_POINT('',(0.309764016074708,-16.4686631904467,29.));
#6642=CARTESIAN_POINT('',(0.309764016074709,-18.3019965237801,29.));
#6643=CARTESIAN_POINT('',(0.309764016074709,-20.1353298571134,29.));
#6644=CARTESIAN_POINT('',(0.309764016074707,-14.6353298571134,29.));
#6645=CARTESIAN_POINT('',(0.695686672376177,-14.6353298571134,29.));
#6646=CARTESIAN_POINT('',(0.567045786942354,-14.6353298571134,29.));
#6647=CARTESIAN_POINT('',(0.43840490150853,-14.6353298571134,29.));
#6648=CARTESIAN_POINT('',(0.309764016074707,-14.6353298571134,29.));
#6649=CARTESIAN_POINT('',(0.695686672376177,-14.6353298571134,29.));
#6650=CARTESIAN_POINT('',(0.695686672376177,-16.5974717397873,29.));
#6651=CARTESIAN_POINT('',(0.695686672376177,-15.9434244455627,29.));
#6652=CARTESIAN_POINT('',(0.695686672376177,-15.2893771513381,29.));
#6653=CARTESIAN_POINT('',(0.695686672376177,-14.6353298571134,29.));
#6654=CARTESIAN_POINT('',(0.695686672376177,-16.5974717397873,29.));
#6655=CARTESIAN_POINT('',(0.667814480532183,-19.6363530494736,29.));
#6656=CARTESIAN_POINT('',(0.820575531984848,-20.0293441818065,29.));
#6657=CARTESIAN_POINT('',(1.03176098557204,-20.2253707848078,29.));
#6658=CARTESIAN_POINT('',(1.57044469332617,-20.2253707848078,29.));
#6659=CARTESIAN_POINT('',(1.80199828710706,-20.0387234451079,29.));
#6660=CARTESIAN_POINT('',(2.18792094340852,-19.2940099389688,29.));
#6661=CARTESIAN_POINT('',(2.28440160748389,-18.7659574150943,29.));
#6662=CARTESIAN_POINT('',(2.28440160748389,-17.795203663389,29.));
#6663=CARTESIAN_POINT('',(2.26135344884366,-17.5250808803058,29.));
#6664=CARTESIAN_POINT('',(2.17023282166137,-17.020476514685,29.));
#6665=CARTESIAN_POINT('',(2.10698438632308,-16.8047534587505,29.));
#6666=CARTESIAN_POINT('',(1.94511127215218,-16.4464656006332,29.));
#6667=CARTESIAN_POINT('',(1.84219856380512,-16.307652503771,29.));
#6668=CARTESIAN_POINT('',(1.59242084458778,-16.1106879744395,29.));
#6669=CARTESIAN_POINT('',(1.4594919296395,-16.0609778789415,29.));
#6670=CARTESIAN_POINT('',(1.06660122537703,-16.0609778789415,29.));
#6671=CARTESIAN_POINT('',(0.858631793925686,-16.2401218080002,29.));
#6672=CARTESIAN_POINT('',(0.695686672376177,-16.5974717397873,29.));
#6673=CARTESIAN_POINT('',(2.74965280980288,-20.1353298571134,29.));
#6674=CARTESIAN_POINT('',(2.8782936952367,-20.1353298571134,29.));
#6675=CARTESIAN_POINT('',(3.00693458067052,-20.1353298571134,29.));
#6676=CARTESIAN_POINT('',(3.13557546610435,-20.1353298571134,29.));
#6677=CARTESIAN_POINT('',(2.74965280980288,-20.1353298571134,29.));
#6678=CARTESIAN_POINT('',(3.13557546610435,-20.1353298571134,29.));
#6679=CARTESIAN_POINT('',(2.74965280980288,-16.1510188066359,29.));
#6680=CARTESIAN_POINT('',(2.74965280980288,-17.4791224901284,29.));
#6681=CARTESIAN_POINT('',(2.74965280980288,-18.8072261736209,29.));
#6682=CARTESIAN_POINT('',(2.74965280980288,-20.1353298571134,29.));
#6683=CARTESIAN_POINT('',(2.74965280980288,-16.1510188066359,29.));
#6684=CARTESIAN_POINT('',(3.0969832004742,-16.1510188066359,29.));
#6685=CARTESIAN_POINT('',(2.98120640358376,-16.1510188066359,29.));
#6686=CARTESIAN_POINT('',(2.86542960669332,-16.1510188066359,29.));
#6687=CARTESIAN_POINT('',(2.74965280980288,-16.1510188066359,29.));
#6688=CARTESIAN_POINT('',(3.0969832004742,-16.1510188066359,29.));
#6689=CARTESIAN_POINT('',(3.0969832004742,-16.7550433632526,29.));
#6690=CARTESIAN_POINT('',(3.0969832004742,-16.5537018443803,29.));
#6691=CARTESIAN_POINT('',(3.0969832004742,-16.3523603255081,29.));
#6692=CARTESIAN_POINT('',(3.0969832004742,-16.1510188066359,29.));
#6693=CARTESIAN_POINT('',(3.0969832004742,-16.7550433632526,29.));
#6694=CARTESIAN_POINT('',(3.98674932472481,-16.2785767875363,29.));
#6695=CARTESIAN_POINT('',(3.8522123987086,-16.1331982063631,29.));
#6696=CARTESIAN_POINT('',(3.72035549113893,-16.0609778789415,29.));
#6697=CARTESIAN_POINT('',(3.50005797483351,-16.0609778789415,29.));
#6698=CARTESIAN_POINT('',(3.41751340668014,-16.1059983427887,29.));
#6699=CARTESIAN_POINT('',(3.26743237367401,-16.2860801981775,29.));
#6700=CARTESIAN_POINT('',(3.18542380920995,-16.4727275378774,29.));
#6701=CARTESIAN_POINT('',(3.0969832004742,-16.7550433632526,29.));
#6702=CARTESIAN_POINT('',(3.98674932472481,-16.2785767875363,29.));
#6703=CARTESIAN_POINT('',(3.85382040977652,-16.9051115760766,29.));
#6704=CARTESIAN_POINT('',(3.89813004809262,-16.6962666465632,29.));
#6705=CARTESIAN_POINT('',(3.94243968640871,-16.4874217170497,29.));
#6706=CARTESIAN_POINT('',(3.98674932472481,-16.2785767875363,29.));
#6707=CARTESIAN_POINT('',(3.85382040977652,-16.9051115760766,29.));
#6708=CARTESIAN_POINT('',(3.13557546610435,-20.1353298571134,29.));
#6709=CARTESIAN_POINT('',(3.13557546610435,-19.4400138043622,29.));
#6710=CARTESIAN_POINT('',(3.13557546610435,-18.7446977516109,29.));
#6711=CARTESIAN_POINT('',(3.13557546610435,-17.764252094494,29.));
#6712=CARTESIAN_POINT('',(3.15701561367665,-17.501632722052,29.));
#6713=CARTESIAN_POINT('',(3.22804442398137,-17.1039053618088,29.));
#6714=CARTESIAN_POINT('',(3.27654443639224,-16.9810836088187,29.));
#6715=CARTESIAN_POINT('',(3.41054535871914,-16.8028776060902,29.));
#6716=CARTESIAN_POINT('',(3.48665788260082,-16.7587950685732,29.));
#6717=CARTESIAN_POINT('',(3.66514711114025,-16.7587950685732,29.));
#6718=CARTESIAN_POINT('',(3.75948376045839,-16.807567237741,29.));
#6719=CARTESIAN_POINT('',(3.85382040977652,-16.9051115760766,29.));
#6720=CARTESIAN_POINT('',(10.0950473680742,-19.6438564601148,29.));
#6721=CARTESIAN_POINT('',(10.1063034455496,-19.8314417261448,29.));
#6722=CARTESIAN_POINT('',(10.1320316226364,-19.995578833921,29.));
#6723=CARTESIAN_POINT('',(10.1722318993345,-20.1353298571134,29.));
#6724=CARTESIAN_POINT('',(10.0950473680742,-19.6438564601148,29.));
#6725=CARTESIAN_POINT('',(10.1722318993345,-20.1353298571134,29.));
#6726=CARTESIAN_POINT('',(9.68232452730732,-20.0940610985868,29.));
#6727=CARTESIAN_POINT('',(9.8147174385663,-20.0068339498828,29.));
#6728=CARTESIAN_POINT('',(9.95193438302904,-19.8567657370588,29.));
#6729=CARTESIAN_POINT('',(10.0950473680742,-19.6438564601148,29.));
#6730=CARTESIAN_POINT('',(9.68232452730732,-20.0940610985868,29.));
#6731=CARTESIAN_POINT('',(9.0316160484879,-17.9405822445622,29.));
#6732=CARTESIAN_POINT('',(8.92870334014084,-17.9902923400602,29.));
#6733=CARTESIAN_POINT('',(8.83597470189063,-18.0643885201421,29.));
#6734=CARTESIAN_POINT('',(8.6719575729625,-18.2594771968133,29.));
#6735=CARTESIAN_POINT('',(8.60549311548836,-18.388911030374,29.));
#6736=CARTESIAN_POINT('',(8.50365241451992,-18.7115576879456,29.));
#6737=CARTESIAN_POINT('',(8.47846024112246,-18.8897636906741,29.));
#6738=CARTESIAN_POINT('',(8.47846024112246,-19.4178162145486,29.));
#6739=CARTESIAN_POINT('',(8.54546070228591,-19.6907527766223,29.));
#6740=CARTESIAN_POINT('',(8.81453455431832,-20.1184471831707,29.));
#6741=CARTESIAN_POINT('',(9.00642387509045,-20.2253707848078,29.));
#6742=CARTESIAN_POINT('',(9.40842664207114,-20.2253707848078,29.));
#6743=CARTESIAN_POINT('',(9.54993161604835,-20.1812882472908,29.));
#6744=CARTESIAN_POINT('',(9.68232452730732,-20.0940610985868,29.));
#6745=CARTESIAN_POINT('',(9.0316160484879,-17.9405822445622,29.));
#6746=CARTESIAN_POINT('',(10.0628871467157,-17.6066804710288,29.));
#6747=CARTESIAN_POINT('',(9.91548613215613,-17.6967213987232,29.));
#6748=CARTESIAN_POINT('',(9.68607655313247,-17.7745692841257,29.));
#6749=CARTESIAN_POINT('',(9.22167837830097,-17.8710775276626,29.));
#6750=CARTESIAN_POINT('',(9.10719256868027,-17.9058789703467,29.));
#6751=CARTESIAN_POINT('',(9.0316160484879,-17.9405822445622,29.));
#6752=CARTESIAN_POINT('',(10.0628871467157,-17.6066804710288,29.));
#6753=CARTESIAN_POINT('',(8.92227129586915,-17.3778264464722,29.));
#6754=CARTESIAN_POINT('',(8.96354357994584,-17.095510621097,29.));
#6755=CARTESIAN_POINT('',(9.02786402266275,-16.8985460917655,29.));
#6756=CARTESIAN_POINT('',(9.20045721061979,-16.6753196251898,29.));
#6757=CARTESIAN_POINT('',(9.33445813294669,-16.6199819717109,29.));
#6758=CARTESIAN_POINT('',(9.71073272284062,-16.6199819717109,29.));
#6759=CARTESIAN_POINT('',(9.8570617300216,-16.6959540044531,29.));
#6760=CARTESIAN_POINT('',(10.0283786912207,-16.9615191608596,29.));
#6761=CARTESIAN_POINT('',(10.0650311614729,-17.1555379062266,29.));
#6762=CARTESIAN_POINT('',(10.0650311614729,-17.4556743318747,29.));
#6763=CARTESIAN_POINT('',(10.0644951577836,-17.513825764344,29.));
#6764=CARTESIAN_POINT('',(10.0628871467157,-17.6066804710288,29.));
#6765=CARTESIAN_POINT('',(8.92227129586915,-17.3778264464722,29.));
#6766=CARTESIAN_POINT('',(8.5449246985966,-17.2877855187778,29.));
#6767=CARTESIAN_POINT('',(8.67070689768745,-17.3177991613426,29.));
#6768=CARTESIAN_POINT('',(8.7964890967783,-17.3478128039074,29.));
#6769=CARTESIAN_POINT('',(8.92227129586915,-17.3778264464722,29.));
#6770=CARTESIAN_POINT('',(8.5449246985966,-17.2877855187778,29.));
#6771=CARTESIAN_POINT('',(10.4338016997166,-16.9426286292826,29.));
#6772=CARTESIAN_POINT('',(10.4107535410763,-16.757857142243,29.));
#6773=CARTESIAN_POINT('',(10.3710892680676,-16.6040372240984,29.));
#6774=CARTESIAN_POINT('',(10.2563844785558,-16.3620522309197,29.));
#6775=CARTESIAN_POINT('',(10.1674078661307,-16.2607561872635,29.));
#6776=CARTESIAN_POINT('',(9.92406219118504,-16.101308711138,29.));
#6777=CARTESIAN_POINT('',(9.76647710652861,-16.0609778789415,29.));
#6778=CARTESIAN_POINT('',(9.37626642071269,-16.0609778789415,29.));
#6779=CARTESIAN_POINT('',(9.20367323275564,-16.107874195449,29.));
#6780=CARTESIAN_POINT('',(8.90672718887923,-16.295459461479,29.));
#6781=CARTESIAN_POINT('',(8.79309440674602,-16.4295829266905,29.));
#6782=CARTESIAN_POINT('',(8.63550932208958,-16.776615668846,29.));
#6783=CARTESIAN_POINT('',(8.57922893471229,-17.0054696934026,29.));
#6784=CARTESIAN_POINT('',(8.5449246985966,-17.2877855187778,29.));
#6785=CARTESIAN_POINT('',(10.4338016997166,-16.9426286292826,29.));
#6786=CARTESIAN_POINT('',(10.5753066736938,-20.1353298571134,29.));
#6787=CARTESIAN_POINT('',(10.5265303379668,-19.9824478652989,29.));
#6788=CARTESIAN_POINT('',(10.4943701166083,-19.8230003891734,29.));
#6789=CARTESIAN_POINT('',(10.4611378878713,-19.4909744683003,29.));
#6790=CARTESIAN_POINT('',(10.4530978325316,-19.0932937043167,29.));
#6791=CARTESIAN_POINT('',(10.4530978325316,-18.1656845637983,29.));
#6792=CARTESIAN_POINT('',(10.4530978325316,-17.8655481381502,29.));
#6793=CARTESIAN_POINT('',(10.4530978325316,-17.2652752868542,29.));
#6794=CARTESIAN_POINT('',(10.44666578826,-17.057993567891,29.));
#6795=CARTESIAN_POINT('',(10.4338016997166,-16.9426286292826,29.));
#6796=CARTESIAN_POINT('',(10.5753066736938,-20.1353298571134,29.));
#6797=CARTESIAN_POINT('',(10.1722318993345,-20.1353298571134,29.));
#6798=CARTESIAN_POINT('',(10.3065901574542,-20.1353298571134,29.));
#6799=CARTESIAN_POINT('',(10.440948415574,-20.1353298571134,29.));
#6800=CARTESIAN_POINT('',(10.5753066736938,-20.1353298571134,29.));
#6801=CARTESIAN_POINT('',(14.5631741221423,-18.2069533223249,29.));
#6802=CARTESIAN_POINT('',(14.5058217273864,-18.6693510030888,29.));
#6803=CARTESIAN_POINT('',(14.3964769747676,-19.0182595979047,29.));
#6804=CARTESIAN_POINT('',(14.0738027538044,-19.48909861564,29.));
#6805=CARTESIAN_POINT('',(13.8765533961392,-19.6063394069088,29.));
#6806=CARTESIAN_POINT('',(13.4520384742076,-19.6063394069088,29.));
#6807=CARTESIAN_POINT('',(13.2740852493575,-19.520050184535,29.));
#6808=CARTESIAN_POINT('',(12.9449789841226,-19.1748932950397,29.));
#6809=CARTESIAN_POINT('',(12.8238421503391,-18.914149775258,29.));
#6810=CARTESIAN_POINT('',(12.6684010804399,-18.2163325856264,29.));
#6811=CARTESIAN_POINT('',(12.6292728111205,-17.8083346320111,29.));
#6812=CARTESIAN_POINT('',(12.6292728111205,-16.9773319034981,29.));
#6813=CARTESIAN_POINT('',(12.6619690361682,-16.6256095296918,29.));
#6814=CARTESIAN_POINT('',(12.7938259437379,-15.9427991613426,29.));
#6815=CARTESIAN_POINT('',(12.9074587258711,-15.6708005255991,29.));
#6816=CARTESIAN_POINT('',(13.2322769615915,-15.2656163509742,29.));
#6817=CARTESIAN_POINT('',(13.4338143487712,-15.164320307318,29.));
#6818=CARTESIAN_POINT('',(13.8856654588575,-15.164320307318,29.));
#6819=CARTESIAN_POINT('',(14.0598666578824,-15.2552991613426,29.));
#6820=CARTESIAN_POINT('',(14.3375165689438,-15.6210904301011,29.));
#6821=CARTESIAN_POINT('',(14.4431092957374,-15.9118475924476,29.));
#6822=CARTESIAN_POINT('',(14.5160057974832,-16.3123421354217,29.));
#6823=CARTESIAN_POINT('',(14.5631741221423,-18.2069533223249,29.));
#6824=CARTESIAN_POINT('',(14.5160057974832,-16.3123421354217,29.));
#6825=CARTESIAN_POINT('',(14.979112985045,-18.3907868830343,29.));
#6826=CARTESIAN_POINT('',(14.8404666974107,-18.3295090294645,29.));
#6827=CARTESIAN_POINT('',(14.7018204097765,-18.2682311758947,29.));
#6828=CARTESIAN_POINT('',(14.5631741221423,-18.2069533223249,29.));
#6829=CARTESIAN_POINT('',(14.979112985045,-18.3907868830343,29.));
#6830=CARTESIAN_POINT('',(14.9255126161142,-16.1435153959947,29.));
#6831=CARTESIAN_POINT('',(14.8413600368929,-15.6360972513835,29.));
#6832=CARTESIAN_POINT('',(14.6918150075761,-15.2421681927205,29.));
#6833=CARTESIAN_POINT('',(14.26301205613,-14.6812882472908,29.));
#6834=CARTESIAN_POINT('',(13.9987622373014,-14.5415372240984,29.));
#6835=CARTESIAN_POINT('',(13.4070141643058,-14.5415372240984,29.));
#6836=CARTESIAN_POINT('',(13.152948415574,-14.6522125310561,29.));
#6837=CARTESIAN_POINT('',(12.6909132353908,-15.0949137588869,29.));
#6838=CARTESIAN_POINT('',(12.5129600105407,-15.4184983427887,29.));
#6839=CARTESIAN_POINT('',(12.2631822913234,-16.2720113032253,29.));
#6840=CARTESIAN_POINT('',(12.2004698596744,-16.7709881108651,29.));
#6841=CARTESIAN_POINT('',(12.2004698596744,-17.8692998434708,29.));
#6842=CARTESIAN_POINT('',(12.2556782396731,-18.3607732404695,29.));
#6843=CARTESIAN_POINT('',(12.4775837670464,-19.2761893386959,29.));
#6844=CARTESIAN_POINT('',(12.638920877528,-19.6260358598419,29.));
#6845=CARTESIAN_POINT('',(13.0634357994596,-20.108129993539,29.));
#6846=CARTESIAN_POINT('',(13.3389416957637,-20.2291224901284,29.));
#6847=CARTESIAN_POINT('',(14.0051942815731,-20.2291224901284,29.));
#6848=CARTESIAN_POINT('',(14.2817721852558,-20.0724887929933,29.));
#6849=CARTESIAN_POINT('',(14.73523130641,-19.4440781517928,29.));
#6850=CARTESIAN_POINT('',(14.8917443836878,-18.9882459553399,29.));
#6851=CARTESIAN_POINT('',(14.979112985045,-18.3907868830343,29.));
#6852=CARTESIAN_POINT('',(14.9255126161142,-16.1435153959947,29.));
#6853=CARTESIAN_POINT('',(14.5160057974832,-16.3123421354217,29.));
#6854=CARTESIAN_POINT('',(14.6525080703602,-16.2560665556127,29.));
#6855=CARTESIAN_POINT('',(14.7890103432372,-16.1997909758037,29.));
#6856=CARTESIAN_POINT('',(14.9255126161142,-16.1435153959947,29.));
#6857=CARTESIAN_POINT('',(16.9344544436391,-20.1353298571134,29.));
#6858=CARTESIAN_POINT('',(17.0495165689438,-20.1353298571134,29.));
#6859=CARTESIAN_POINT('',(17.1645786942485,-20.1353298571134,29.));
#6860=CARTESIAN_POINT('',(17.2796408195532,-20.1353298571134,29.));
#6861=CARTESIAN_POINT('',(16.9344544436391,-20.1353298571134,29.));
#6862=CARTESIAN_POINT('',(17.2796408195532,-20.1353298571134,29.));
#6863=CARTESIAN_POINT('',(16.9344544436391,-19.5500638270998,29.));
#6864=CARTESIAN_POINT('',(16.9344544436391,-19.745152503771,29.));
#6865=CARTESIAN_POINT('',(16.9344544436391,-19.9402411804422,29.));
#6866=CARTESIAN_POINT('',(16.9344544436391,-20.1353298571134,29.));
#6867=CARTESIAN_POINT('',(16.9344544436391,-19.5500638270998,29.));
#6868=CARTESIAN_POINT('',(15.4336441135778,-16.1510188066359,29.));
#6869=CARTESIAN_POINT('',(15.4336441135778,-16.9738928402876,29.));
#6870=CARTESIAN_POINT('',(15.4336441135778,-17.7967668739392,29.));
#6871=CARTESIAN_POINT('',(15.4336441135778,-18.907584290947,29.));
#6872=CARTESIAN_POINT('',(15.4416841689174,-19.1176797889006,29.));
#6873=CARTESIAN_POINT('',(15.4804864276336,-19.4478052879168,29.));
#6874=CARTESIAN_POINT('',(15.5199407075563,-19.6147807438801,29.));
#6875=CARTESIAN_POINT('',(15.6325014823109,-19.8867793796236,29.));
#6876=CARTESIAN_POINT('',(15.7193340799788,-20.0002684655718,29.));
#6877=CARTESIAN_POINT('',(15.9519596811383,-20.1803503209606,29.));
#6878=CARTESIAN_POINT('',(16.0773845444362,-20.2253707848078,29.));
#6879=CARTESIAN_POINT('',(16.5163715659792,-20.2253707848078,29.));
#6880=CARTESIAN_POINT('',(16.7570372224783,-20.0002684655718,29.));
#6881=CARTESIAN_POINT('',(16.9344544436391,-19.5500638270998,29.));
#6882=CARTESIAN_POINT('',(15.4336441135778,-16.1510188066359,29.));
#6883=CARTESIAN_POINT('',(15.8195667698793,-16.1510188066359,29.));
#6884=CARTESIAN_POINT('',(15.6909258844455,-16.1510188066359,29.));
#6885=CARTESIAN_POINT('',(15.5622849990116,-16.1510188066359,29.));
#6886=CARTESIAN_POINT('',(15.4336441135778,-16.1510188066359,29.));
#6887=CARTESIAN_POINT('',(15.8195667698793,-16.1510188066359,29.));
#6888=CARTESIAN_POINT('',(15.8431509322088,-19.0735972513835,29.));
#6889=CARTESIAN_POINT('',(15.8276068252189,-18.9507289021339,29.));
#6890=CARTESIAN_POINT('',(15.8195667698793,-18.7134335406059,29.));
#6891=CARTESIAN_POINT('',(15.8195667698793,-17.6241884291916,29.));
#6892=CARTESIAN_POINT('',(15.8195667698793,-16.8876036179138,29.));
#6893=CARTESIAN_POINT('',(15.8195667698793,-16.1510188066359,29.));
#6894=CARTESIAN_POINT('',(15.8431509322088,-19.0735972513835,29.));
#6895=CARTESIAN_POINT('',(16.8937181632517,-16.1510188066359,29.));
#6896=CARTESIAN_POINT('',(16.8937181632517,-16.8625922491098,29.));
#6897=CARTESIAN_POINT('',(16.8937181632517,-17.5741656915836,29.));
#6898=CARTESIAN_POINT('',(16.8937181632517,-18.6262063919019,29.));
#6899=CARTESIAN_POINT('',(16.8728140193687,-18.8850740590234,29.));
#6900=CARTESIAN_POINT('',(16.7881254364581,-19.2433619171407,29.));
#6901=CARTESIAN_POINT('',(16.7163009420909,-19.3840508666632,29.));
#6902=CARTESIAN_POINT('',(16.5136915475326,-19.5922705119565,29.));
#6903=CARTESIAN_POINT('',(16.4048827986032,-19.6438564601148,29.));
#6904=CARTESIAN_POINT('',(16.1733292048223,-19.6438564601148,29.));
#6905=CARTESIAN_POINT('',(16.0763125370576,-19.5932084382867,29.));
#6906=CARTESIAN_POINT('',(15.9187274524012,-19.3906163509742,29.));
#6907=CARTESIAN_POINT('',(15.8672710982277,-19.2508653277819,29.));
#6908=CARTESIAN_POINT('',(15.8431509322088,-19.0735972513835,29.));
#6909=CARTESIAN_POINT('',(16.8937181632517,-16.1510188066359,29.));
#6910=CARTESIAN_POINT('',(17.2796408195532,-16.1510188066359,29.));
#6911=CARTESIAN_POINT('',(17.1509999341194,-16.1510188066359,29.));
#6912=CARTESIAN_POINT('',(17.0223590486855,-16.1510188066359,29.));
#6913=CARTESIAN_POINT('',(16.8937181632517,-16.1510188066359,29.));
#6914=CARTESIAN_POINT('',(17.2796408195532,-16.1510188066359,29.));
#6915=CARTESIAN_POINT('',(17.2796408195532,-20.1353298571134,29.));
#6916=CARTESIAN_POINT('',(17.2796408195532,-18.8072261736209,29.));
#6917=CARTESIAN_POINT('',(17.2796408195532,-17.4791224901284,29.));
#6918=CARTESIAN_POINT('',(17.2796408195532,-16.1510188066359,29.));
#6919=CARTESIAN_POINT('',(17.8842529810921,-21.6622739225977,29.));
#6920=CARTESIAN_POINT('',(18.012893866526,-21.6622739225977,29.));
#6921=CARTESIAN_POINT('',(18.1415347519598,-21.6622739225977,29.));
#6922=CARTESIAN_POINT('',(18.2701756373936,-21.6622739225977,29.));
#6923=CARTESIAN_POINT('',(17.8842529810921,-21.6622739225977,29.));
#6924=CARTESIAN_POINT('',(18.2701756373936,-21.6622739225977,29.));
#6925=CARTESIAN_POINT('',(17.8842529810921,-16.1510188066359,29.));
#6926=CARTESIAN_POINT('',(17.8842529810921,-17.9881038452898,29.));
#6927=CARTESIAN_POINT('',(17.8842529810921,-19.8251888839438,29.));
#6928=CARTESIAN_POINT('',(17.8842529810921,-21.6622739225977,29.));
#6929=CARTESIAN_POINT('',(17.8842529810921,-16.1510188066359,29.));
#6930=CARTESIAN_POINT('',(18.2358714012779,-16.1510188066359,29.));
#6931=CARTESIAN_POINT('',(18.118665261216,-16.1510188066359,29.));
#6932=CARTESIAN_POINT('',(18.0014591211541,-16.1510188066359,29.));
#6933=CARTESIAN_POINT('',(17.8842529810921,-16.1510188066359,29.));
#6934=CARTESIAN_POINT('',(18.2358714012779,-16.1510188066359,29.));
#6935=CARTESIAN_POINT('',(18.2358714012779,-16.6687541408787,29.));
#6936=CARTESIAN_POINT('',(18.2358714012779,-16.4961756961311,29.));
#6937=CARTESIAN_POINT('',(18.2358714012779,-16.3235972513835,29.));
#6938=CARTESIAN_POINT('',(18.2358714012779,-16.1510188066359,29.));
#6939=CARTESIAN_POINT('',(18.2358714012779,-16.6687541408787,29.));
#6940=CARTESIAN_POINT('',(18.2701756373936,-19.7226422718474,29.));
#6941=CARTESIAN_POINT('',(18.3361040911784,-19.8680208530206,29.));
#6942=CARTESIAN_POINT('',(18.4197206667104,-19.9880754232798,29.));
#6943=CARTESIAN_POINT('',(18.6244740760259,-20.1775365419701,29.));
#6944=CARTESIAN_POINT('',(18.7397148692271,-20.2253707848078,29.));
#6945=CARTESIAN_POINT('',(19.0441649647538,-20.2253707848078,29.));
#6946=CARTESIAN_POINT('',(19.2119341195071,-20.1381436361038,29.));
#6947=CARTESIAN_POINT('',(19.5303203109558,-19.7911108939483,29.));
#6948=CARTESIAN_POINT('',(19.6519931484286,-19.5406845637983,29.));
#6949=CARTESIAN_POINT('',(19.8192262994926,-18.8878878380138,29.));
#6950=CARTESIAN_POINT('',(19.8610345872586,-18.5211586429251,29.));
#6951=CARTESIAN_POINT('',(19.8610345872586,-17.7333005255991,29.));
#6952=CARTESIAN_POINT('',(19.8229783253177,-17.3834540044531,29.));
#6953=CARTESIAN_POINT('',(19.671825284933,-16.745664099951,29.));
#6954=CARTESIAN_POINT('',(19.5592645101784,-16.4989894751216,29.));
#6955=CARTESIAN_POINT('',(19.262318466302,-16.1482050276455,29.));
#6956=CARTESIAN_POINT('',(19.0907972857235,-16.0609778789415,29.));
#6957=CARTESIAN_POINT('',(18.7477549245667,-16.0609778789415,29.));
#6958=CARTESIAN_POINT('',(18.6212580538901,-16.1116259007696,29.));
#6959=CARTESIAN_POINT('',(18.4122166150601,-16.314217988082,29.));
#6960=CARTESIAN_POINT('',(18.3189519731206,-16.4661620535663,29.));
#6961=CARTESIAN_POINT('',(18.2358714012779,-16.6687541408787,29.));
#6962=CARTESIAN_POINT('',(18.2701756373936,-19.7226422718474,29.));
#6963=CARTESIAN_POINT('',(18.2701756373936,-21.6622739225977,29.));
#6964=CARTESIAN_POINT('',(18.2701756373936,-21.0157300390143,29.));
#6965=CARTESIAN_POINT('',(18.2701756373936,-20.3691861554308,29.));
#6966=CARTESIAN_POINT('',(18.2701756373936,-19.7226422718474,29.));
#6967=CARTESIAN_POINT('',(0.,0.,29.));
#6968=CARTESIAN_POINT('',(6.69999999999986,41.1000000000001,0.));
#6969=CARTESIAN_POINT('',(27.3156043264074,41.1000000000001,0.249995405079191));
#6970=CARTESIAN_POINT('',(8.22368024210048,41.1000000000001,20.5607402095689));
#6971=CARTESIAN_POINT('',(27.3156043264074,37.6000000000001,0.249995405079191));
#6972=CARTESIAN_POINT('',(27.3156043264073,35.0972550715224,0.249995405079191));
#6973=CARTESIAN_POINT('',(6.69999999999984,35.0972550715224,0.));
#6974=CARTESIAN_POINT('',(8.22368024210048,35.0972550715224,20.5607402095689));
#6975=CARTESIAN_POINT('',(8.22368024210048,37.6000000000001,20.5607402095689));
#6976=CARTESIAN_POINT('',(6.69999999999986,-85.3706597142269,0.));
#6977=CARTESIAN_POINT('',(35.6999999999998,-22.1353298571134,0.));
#6978=CARTESIAN_POINT('',(35.6999999999998,-22.1353298571134,0.));
#6979=CARTESIAN_POINT('',(35.6999999999998,41.1000000000001,0.));
#6980=CARTESIAN_POINT('',(35.6999999999998,41.1000000000001,29.));
#6981=CARTESIAN_POINT('',(35.6999999999998,-22.1353298571134,29.));
#6982=CARTESIAN_POINT('',(35.6999999999998,-22.1353298571134,29.));
#6983=CARTESIAN_POINT('',(-22.3000000000002,41.1000000000001,0.));
#6984=CARTESIAN_POINT('',(-22.3000000000002,41.1000000000001,0.));
#6985=CARTESIAN_POINT('',(-22.3000000000001,-22.1353298571134,0.));
#6986=CARTESIAN_POINT('',(-22.3000000000001,-22.1353298571134,29.));
#6987=CARTESIAN_POINT('',(-22.3000000000002,41.1000000000001,29.));
#6988=CARTESIAN_POINT('',(-22.3000000000002,41.1000000000001,29.));
#6989=CARTESIAN_POINT('',(-22.3000000000001,-22.1353298571134,0.));
#6990=CARTESIAN_POINT('',(-22.3000000000001,-22.1353298571134,29.));
#6991=CARTESIAN_POINT('',(27.3156043264073,35.0972550715224,0.249995405079191));
#6992=CARTESIAN_POINT('',(27.3421750510518,35.0960089173666,0.250156504283046));
#6993=CARTESIAN_POINT('',(27.3690809360139,35.0943036769877,0.245975110439811));
#6994=CARTESIAN_POINT('',(27.3943118743403,35.0923302638275,0.2377844051629));
#6995=CARTESIAN_POINT('',(27.4208943852312,35.0902511387414,0.229154939646775));
#6996=CARTESIAN_POINT('',(27.4463291010488,35.08782299464,0.215834946517435));
#6997=CARTESIAN_POINT('',(27.4685471639117,35.085431525576,0.19892167126335));
#6998=CARTESIAN_POINT('',(27.4908628522858,35.0830295484677,0.18193407957794));
#6999=CARTESIAN_POINT('',(27.5105509018315,35.0806082593149,0.160850237359762));
#7000=CARTESIAN_POINT('',(27.5259810662967,35.0785965114531,0.13739388197308));
#7001=CARTESIAN_POINT('',(27.5414075631608,35.0765852417643,0.113943101935463));
#7002=CARTESIAN_POINT('',(27.5530039547519,35.0749377802934,0.0874631407755092));
#7003=CARTESIAN_POINT('',(27.5597724849764,35.0739646966533,0.0601647671524596));
#7004=CARTESIAN_POINT('',(27.5646325872569,35.0732659798179,0.0405633347147003));
#7005=CARTESIAN_POINT('',(27.5671200570193,35.0728976654392,0.0202070520612612));
#7006=CARTESIAN_POINT('',(27.5671200570193,35.0728976654392,4.8889799468366E-14));
#7007=CARTESIAN_POINT('',(27.5671200570193,35.0728976654392,4.8889799468366E-14));
#7008=CARTESIAN_POINT('',(27.1999999999998,32.6000000000001,4.80296699478834E-14));
#7009=CARTESIAN_POINT('',(26.6149573381206,30.1694187765514,4.66589672183474E-14));
#7010=CARTESIAN_POINT('',(6.69999999999984,30.1694187765514,0.));
#7011=CARTESIAN_POINT('',(-13.2149573381209,30.1694187765514,0.));
#7012=CARTESIAN_POINT('',(-13.8000000000001,32.6000000000001,0.));
#7013=CARTESIAN_POINT('',(-14.1817708377881,35.0706782525078,2.17734146578171E-17));
#7014=CARTESIAN_POINT('',(-14.1817708377881,35.0706782525078,2.17734146578171E-17));
#7015=CARTESIAN_POINT('',(-14.1817708377881,35.0706782525078,0.0277162871724539));
#7016=CARTESIAN_POINT('',(-14.1770286037184,35.0714141445615,0.0558125089011956));
#7017=CARTESIAN_POINT('',(-14.1679519562347,35.0727500620912,0.0819663302173391));
#7018=CARTESIAN_POINT('',(-14.1588560330172,35.0740888166584,0.108175693417101));
#7019=CARTESIAN_POINT('',(-14.1451636604364,35.0760593511463,0.133153626697152));
#7020=CARTESIAN_POINT('',(-14.1280125932426,35.0783118479574,0.154884387257576));
#7021=CARTESIAN_POINT('',(-14.1107470934989,35.08057937351,0.176760136250018));
#7022=CARTESIAN_POINT('',(-14.0895061193857,35.0831844330584,0.195946624149442));
#7023=CARTESIAN_POINT('',(-14.0660137266204,35.0856922151982,0.210900087240279));
#7024=CARTESIAN_POINT('',(-14.0423346455072,35.0882199260744,0.225972381875771));
#7025=CARTESIAN_POINT('',(-14.0157110613454,35.0907090048569,0.237158136886271));
#7026=CARTESIAN_POINT('',(-13.9883339597793,35.0927872849139,0.243517172352605));
#7027=CARTESIAN_POINT('',(-13.964662538749,35.0945842553539,0.249015468273626));
#7028=CARTESIAN_POINT('',(-13.9399009561538,35.0961150562277,0.251050588676622));
#7029=CARTESIAN_POINT('',(-13.9156106045563,35.0972550715224,0.24947714697321));
#7030=CARTESIAN_POINT('',(-13.9156106045563,35.0972550715224,0.24947714697321));
#7031=CARTESIAN_POINT('',(6.69999999999984,35.0972550715224,0.));
#7032=CARTESIAN_POINT('',(7.72464531564119,35.0972550715224,20.5916425139591));
#7033=CARTESIAN_POINT('',(7.72464531564119,35.0972550715224,20.5916425139591));
#7034=CARTESIAN_POINT('',(7.72612674785243,35.0960089173666,20.6181723974812));
#7035=CARTESIAN_POINT('',(7.7319630859546,35.0943036769877,20.6447684095437));
#7036=CARTESIAN_POINT('',(7.74169754915449,35.0923302638275,20.6694448786587));
#7037=CARTESIAN_POINT('',(7.75195346871955,35.0902511387414,20.6954432184948));
#7038=CARTESIAN_POINT('',(7.76682000820589,35.08782299464,20.7200060560627));
#7039=CARTESIAN_POINT('',(7.78507415253963,35.085431525576,20.7411363048033));
#7040=CARTESIAN_POINT('',(7.80340850504378,35.0830295484677,20.7623593992321));
#7041=CARTESIAN_POINT('',(7.82566887368381,35.0806082593149,20.7807067065443));
#7042=CARTESIAN_POINT('',(7.85003405795718,35.0785965114531,20.7946576340681));
#7043=CARTESIAN_POINT('',(7.87439345086164,35.0765852417643,20.8086052455911));
#7044=CARTESIAN_POINT('',(7.9015395111834,35.0749377802934,20.8185428534509));
#7045=CARTESIAN_POINT('',(7.92920402975791,35.0739646966533,20.8236112472698));
#7046=CARTESIAN_POINT('',(7.95663706525925,35.072999755298,20.8286372312643));
#7047=CARTESIAN_POINT('',(7.9853428712972,35.0726766658504,20.8290121922857));
#7048=CARTESIAN_POINT('',(8.01291104013725,35.0730572452192,20.8246977641777));
#7049=CARTESIAN_POINT('',(8.04028060712744,35.0734350828837,20.8204144173289));
#7050=CARTESIAN_POINT('',(8.06728077153609,35.0745140432949,20.8113953744768));
#7051=CARTESIAN_POINT('',(8.09169894397696,35.0760929285982,20.7984014145489));
#7052=CARTESIAN_POINT('',(8.11618283,35.0776760629586,20.7853724855973));
#7053=CARTESIAN_POINT('',(8.13874154964591,35.0797964377478,20.7679965488636));
#7054=CARTESIAN_POINT('',(8.15756723139643,35.0820757100859,20.7476958443671));
#7055=CARTESIAN_POINT('',(8.17656740901314,35.0843761090747,20.7272069719698));
#7056=CARTESIAN_POINT('',(8.19228736151066,35.0868911402138,20.7031764821264));
#7057=CARTESIAN_POINT('',(8.20344813884186,35.089198391464,20.6775599617125));
#7058=CARTESIAN_POINT('',(8.21466511129823,35.0915172598507,20.6518144607151));
#7059=CARTESIAN_POINT('',(8.22158389755768,35.0936815710707,20.623750849489));
#7060=CARTESIAN_POINT('',(8.22360818805567,35.0953764204224,20.595696292338));
#7061=CARTESIAN_POINT('',(8.22444645727539,35.0960782663507,20.5840787543632));
#7062=CARTESIAN_POINT('',(8.22447117473909,35.0967084181713,20.5723693998788));
#7063=CARTESIAN_POINT('',(8.22368024210048,35.0972550715224,20.5607402095689));
#7064=CARTESIAN_POINT('',(6.69999999999984,32.6000000000001,0.));
#7065=CARTESIAN_POINT('',(35.6999999999998,41.1000000000001,0.));
#7066=CARTESIAN_POINT('',(27.5671200570193,41.1000000000001,0.));
#7067=CARTESIAN_POINT('',(27.3171200570193,41.1000000000001,-6.31217252136638E-15));
#7068=CARTESIAN_POINT('',(7.97425645973015,41.1000000000001,20.5777041945983));
#7069=CARTESIAN_POINT('',(7.72464531564119,41.1000000000001,20.5916425139591));
#7070=CARTESIAN_POINT('',(6.69999999999986,41.1000000000001,0.));
#7071=CARTESIAN_POINT('',(-13.9156106045563,41.1000000000001,0.24947714697321));
#7072=CARTESIAN_POINT('',(-13.9317708377881,41.1000000000001,0.));
#7073=CARTESIAN_POINT('',(-14.1817708377881,41.1000000000001,0.));
#7074=CARTESIAN_POINT('',(35.6999999999998,41.1000000000001,0.));
#7075=CARTESIAN_POINT('',(35.6999999999998,41.1000000000001,29.));
#7076=CARTESIAN_POINT('',(27.5671200570193,41.1000000000001,0.));
#7077=CARTESIAN_POINT('',(-14.1817708377881,41.1000000000001,0.));
#7078=CARTESIAN_POINT('',(-12.8000000000002,18.1000000000001,0.));
#7079=CARTESIAN_POINT('',(-12.8000000000001,18.1000000000001,0.));
#7080=CARTESIAN_POINT('',(64.2676486694663,20.749654216098,0.));
#7081=CARTESIAN_POINT('',(-10.3000000000001,1.10000000000013,0.));
#7082=CARTESIAN_POINT('',(14.7066502416307,7.68961411709585,0.));
#7083=CARTESIAN_POINT('',(4.6504275340097,-16.1353298571135,6.84967428001856E-16));
#7084=CARTESIAN_POINT('',(4.75468054753526,-16.1808570672425,-1.6593083186034E-13));
#7085=CARTESIAN_POINT('',(4.70691983241178,-16.16,-8.41395810046027E-14));
#7086=CARTESIAN_POINT('',(6.69999999999984,-16.16,4.77048955893622E-15));
#7087=CARTESIAN_POINT('',(8.69308016758791,-16.16,8.88091899133309E-14));
#7088=CARTESIAN_POINT('',(8.64531945246443,-16.1808570672425,1.70520960071963E-13));
#7089=CARTESIAN_POINT('',(8.74957246598998,-16.1353298571135,4.80196532076955E-15));
#7090=CARTESIAN_POINT('',(-1.30665024163103,7.68961411709585,-1.87588667557889E-14));
#7091=CARTESIAN_POINT('',(23.6999999999998,1.10000000000013,3.98294823958058E-14));
#7092=CARTESIAN_POINT('',(-50.8676486694666,20.749654216098,-1.34875861720497E-13));
#7093=CARTESIAN_POINT('',(26.1999999999998,18.1000000000001,4.56867592187184E-14));
#7094=CARTESIAN_POINT('',(26.1999999999998,18.1000000000001,4.56867592187184E-14));
#7095=CARTESIAN_POINT('',(0.,0.,0.));
#7096=CARTESIAN_POINT('',(7.72464531564119,37.6000000000001,20.5916425139591));
#7097=CARTESIAN_POINT('',(-13.9156106045564,37.6000000000001,0.249477146973216));
#7098=CARTESIAN_POINT('',(6.69999999999986,-85.3706597142269,0.));
#7099=CARTESIAN_POINT('',(6.69999999999984,-16.16,4.42628282324382E-15));
#7100=CARTESIAN_POINT('',(6.69999999999984,-16.16,0.));
#7101=CARTESIAN_POINT('',(6.69999999999984,18.1000000000001,0.));
#7102=CARTESIAN_POINT('',(6.69999999999984,18.1000000000001,0.));
#7103=CARTESIAN_POINT('',(6.69999999999984,1.10000000000013,0.));
#7104=CARTESIAN_POINT('',(26.1999999999998,18.1000000000001,4.64345371272505E-14));
#7105=CARTESIAN_POINT('',(26.1999999999997,18.1000000000001,38.9999999999999));
#7106=CARTESIAN_POINT('',(-12.8000000000001,18.1000000000001,38.9999999999999));
#7107=CARTESIAN_POINT('',(-12.8000000000001,18.1000000000001,7.9119616835441E-15));
#7108=CARTESIAN_POINT('',(26.0023755947456,12.3519110078163,4.59639423691465E-14));
#7109=CARTESIAN_POINT('',(26.0023755947455,12.3519110078163,38.6047511894914));
#7110=CARTESIAN_POINT('',(-12.6023755947459,12.3519110078163,38.6047511894914));
#7111=CARTESIAN_POINT('',(-12.6023755947459,12.3519110078163,7.83177723625668E-15));
#7112=CARTESIAN_POINT('',(25.1655690558846,6.6616265435618,4.39712898410918E-14));
#7113=CARTESIAN_POINT('',(25.1655690558846,6.6616265435618,36.9311381117695));
#7114=CARTESIAN_POINT('',(-11.7655690558849,6.6616265435618,36.9311381117695));
#7115=CARTESIAN_POINT('',(-11.7655690558849,6.6616265435618,7.49224999153837E-15));
#7116=CARTESIAN_POINT('',(23.6999999999998,1.10000000000013,4.04813913417056E-14));
#7117=CARTESIAN_POINT('',(23.6999999999998,1.10000000000013,34.));
#7118=CARTESIAN_POINT('',(-10.3000000000001,1.10000000000013,33.9999999999999));
#7119=CARTESIAN_POINT('',(-10.3000000000002,1.10000000000013,6.89760762155128E-15));
#7120=CARTESIAN_POINT('',(6.69999999999986,-16.1353298571134,1.85157009524E-14));
#7121=CARTESIAN_POINT('',(6.69999999999984,-15.8799853058256,-2.1761513249406E-16));
#7122=CARTESIAN_POINT('',(4.34599962525636,-15.8799853058256,1.18243488601698));
#7123=CARTESIAN_POINT('',(4.36316236414513,-15.8799861953949,1.21600213164995));
#7124=CARTESIAN_POINT('',(4.36316287287534,-15.879985026792,1.21600391509895));
#7125=CARTESIAN_POINT('',(4.37006672010796,-15.882750347012,1.21600204107536));
#7126=CARTESIAN_POINT('',(4.37694449871609,-15.88549963188,1.2160007078394));
#7127=CARTESIAN_POINT('',(4.38379620931136,-15.8882329509353,1.21600000000001));
#7128=CARTESIAN_POINT('',(4.38379586174272,-15.8882338222406,1.21600018247246));
#7129=CARTESIAN_POINT('',(4.38379620931136,-15.8882329509353,1.21599999999997));
#7130=CARTESIAN_POINT('',(4.82453609475631,-15.8882329509353,2.05550936955197));
#7131=CARTESIAN_POINT('',(5.7518293253913,-15.8882329509353,2.61599999999993));
#7132=CARTESIAN_POINT('',(7.64817067460839,-15.8882329509353,2.61599999999993));
#7133=CARTESIAN_POINT('',(8.57546390524338,-15.8882329509353,2.05550936955197));
#7134=CARTESIAN_POINT('',(9.01620379068833,-15.8882329509353,1.21599999999997));
#7135=CARTESIAN_POINT('',(9.01620413825703,-15.8882338222405,1.21600018247249));
#7136=CARTESIAN_POINT('',(9.0162037906884,-15.8882329509353,1.216));
#7137=CARTESIAN_POINT('',(9.02307573167748,-15.8854869284015,1.21602283293092));
#7138=CARTESIAN_POINT('',(9.02995192781771,-15.8827385424642,1.21602284224311));
#7139=CARTESIAN_POINT('',(9.03683225498353,-15.8799877939501,1.2159999999999));
#7140=CARTESIAN_POINT('',(9.03683263314855,-15.8799886431856,1.216));
#7141=CARTESIAN_POINT('',(9.03683263314855,-15.8799886431856,1.216));
#7142=CARTESIAN_POINT('',(9.47858482049308,-15.703069836217,1.216));
#7143=CARTESIAN_POINT('',(9.91307931475268,-15.5074204091319,1.21600000000001));
#7144=CARTESIAN_POINT('',(10.3406144942242,-15.2984732158099,1.21600000000001));
#7145=CARTESIAN_POINT('',(10.3862528392227,-15.2761686089538,1.21600000000001));
#7146=CARTESIAN_POINT('',(10.4318138062506,-15.2537049961833,1.21600000000001));
#7147=CARTESIAN_POINT('',(10.4772969520216,-15.2310855914168,1.21600000000001));
#7148=CARTESIAN_POINT('',(10.4772969520202,-15.2310855914175,1.21600000000001));
#7149=CARTESIAN_POINT('',(6.69999999999984,-15.2310855914175,4.77048955893622E-15));
#7150=CARTESIAN_POINT('',(2.92351154573457,-15.2310855914175,1.21850860421395));
#7151=CARTESIAN_POINT('',(2.92351154573457,-15.2310855914175,1.21850860421395));
#7152=CARTESIAN_POINT('',(3.07007477092473,-15.3040857530649,1.21771185577525));
#7153=CARTESIAN_POINT('',(3.21744977799679,-15.3754807466629,1.21691069431993));
#7154=CARTESIAN_POINT('',(3.36562445050371,-15.4451517949549,1.21610518571556));
#7155=CARTESIAN_POINT('',(3.36562445050371,-15.4451517949549,1.21610518571556));
#7156=CARTESIAN_POINT('',(3.36562445050371,-15.4451519825204,1.21610518571556));
#7157=CARTESIAN_POINT('',(3.68249110415148,-15.5938523093528,1.21607245072226));
#7158=CARTESIAN_POINT('',(4.00314654877246,-15.7348700356358,1.21603932431496));
#7159=CARTESIAN_POINT('',(4.32777412048998,-15.8657638973012,1.21600578755348));
#7160=CARTESIAN_POINT('',(4.32777381067852,-15.8657646656836,1.2160058829816));
#7161=CARTESIAN_POINT('',(4.32777461357496,-15.8657652922559,1.21599999999979));
#7162=CARTESIAN_POINT('',(4.33388395909562,-15.8705320917359,1.2048541901867));
#7163=CARTESIAN_POINT('',(4.33995941809226,-15.8752724513518,1.1936663828937));
#7164=CARTESIAN_POINT('',(4.34599962525637,-15.8799853058256,1.18243488601698));
#7165=CARTESIAN_POINT('',(23.6999999999998,1.10000000000014,4.04813913417056E-14));
#7166=CARTESIAN_POINT('',(23.6999999999998,1.10000000000014,33.9999999999999));
#7167=CARTESIAN_POINT('',(-10.3000000000001,1.10000000000014,33.9999999999999));
#7168=CARTESIAN_POINT('',(-10.3000000000001,1.10000000000014,6.89760762155128E-15));
#7169=CARTESIAN_POINT('',(21.6198051132595,-6.79404433139539,3.55279099724616E-14));
#7170=CARTESIAN_POINT('',(21.6198051132595,-6.79404433139539,29.8396102265194));
#7171=CARTESIAN_POINT('',(-8.21980511325985,-6.79404433139539,29.8396102265193));
#7172=CARTESIAN_POINT('',(-8.21980511325986,-6.79404433139539,6.05358596831059E-15));
#7173=CARTESIAN_POINT('',(16.2705783627461,-12.9608035973672,2.27900192981641E-14));
#7174=CARTESIAN_POINT('',(16.270578362746,-12.9608035973672,19.1411567254924));
#7175=CARTESIAN_POINT('',(-2.87057836274638,-12.9608035973672,19.1411567254924));
#7176=CARTESIAN_POINT('',(-2.87057836274639,-12.9608035973672,3.88318201514895E-15));
#7177=CARTESIAN_POINT('',(8.74957246598998,-16.1353298571134,4.88056147523126E-15));
#7178=CARTESIAN_POINT('',(8.74957246598997,-16.1353298571134,4.09914493198027));
#7179=CARTESIAN_POINT('',(4.65042753400971,-16.1353298571134,4.09914493198027));
#7180=CARTESIAN_POINT('',(4.6504275340097,-16.1353298571134,8.3159686249031E-16));
#7181=CARTESIAN_POINT('',(6.69999999999984,-16.1808570672425,1.62091973951811E-17));
#7182=CARTESIAN_POINT('',(4.69999999999984,-16.1561930921633,1.21600000000001));
#7183=CARTESIAN_POINT('',(4.36316153233409,-15.8933758350495,1.216));
#7184=CARTESIAN_POINT('',(6.69999999999985,-17.7166874082377,1.20978914193872E-15));
#7185=CARTESIAN_POINT('',(4.69999999999984,-16.1561930921633,4.77048955893622E-15));
#7186=CARTESIAN_POINT('',(4.36316153233409,-16.16,1.216));
#7187=CARTESIAN_POINT('',(4.36316236414513,-15.8799861953949,1.21600213164995));
#7188=CARTESIAN_POINT('',(4.35137819940474,-15.87525268385,1.21606944786042));
#7189=CARTESIAN_POINT('',(4.33958181029525,-15.8705121788069,1.2160707108047));
#7190=CARTESIAN_POINT('',(4.32777380245949,-15.8657646845477,1.21600578758634));
#7191=CARTESIAN_POINT('',(0.,0.,1.216));
#7192=CARTESIAN_POINT('',(6.69999999999984,-16.16,0.));
#7193=CARTESIAN_POINT('',(8.74957246598998,-16.1353298571135,0.));
#7194=CARTESIAN_POINT('',(9.35190162069491,-15.8810997383811,1.4112034390471E-15));
#7195=CARTESIAN_POINT('',(10.4240819632266,-15.379828728951,3.92322626716436E-15));
#7196=CARTESIAN_POINT('',(11.459183181701,-14.8063635294621,6.34837601769987E-15));
#7197=CARTESIAN_POINT('',(11.9138018550668,-14.5359391241264,7.41350698520735E-15));
#7198=CARTESIAN_POINT('',(6.69999999999984,-16.16,4.77048955893622E-15));
#7199=CARTESIAN_POINT('',(-13.9317708377881,41.1000000000001,0.));
#7200=CARTESIAN_POINT('',(7.97425645973015,41.1000000000001,20.5777041945983));
#7201=CARTESIAN_POINT('',(27.3171200570193,41.1000000000001,-6.31217252136638E-15));
#7202=CARTESIAN_POINT('',(-4.4049244350749,-14.6353298571134,28.));
#7203=CARTESIAN_POINT('',(-4.26627814744067,-14.6353298571134,28.));
#7204=CARTESIAN_POINT('',(-4.12763185980644,-14.6353298571134,28.));
#7205=CARTESIAN_POINT('',(-3.98898557217221,-14.6353298571134,28.));
#7206=CARTESIAN_POINT('',(-4.4049244350749,-14.6353298571134,28.));
#7207=CARTESIAN_POINT('',(-3.98898557217221,-14.6353298571134,28.));
#7208=CARTESIAN_POINT('',(-3.98898557217221,-14.6353298571134,29.));
#7209=CARTESIAN_POINT('',(-4.4049244350749,-14.6353298571134,29.));
#7210=CARTESIAN_POINT('',(-3.98898557217221,-14.6353298571134,29.));
#7211=CARTESIAN_POINT('',(-6.04509572435615,-14.6353298571134,28.));
#7212=CARTESIAN_POINT('',(-6.04509572435615,-15.6933107575227,28.));
#7213=CARTESIAN_POINT('',(-6.04509572435614,-16.751291657932,28.));
#7214=CARTESIAN_POINT('',(-6.04509572435614,-18.2866770603876,28.));
#7215=CARTESIAN_POINT('',(-6.01990355095869,-18.639337360524,28.));
#7216=CARTESIAN_POINT('',(-5.91806284999025,-19.0914178516564,28.));
#7217=CARTESIAN_POINT('',(-5.83123025232241,-19.2658721490643,28.));
#7218=CARTESIAN_POINT('',(-5.5835965478623,-19.5116088475636,28.));
#7219=CARTESIAN_POINT('',(-5.43244350747756,-19.5725740590234,28.));
#7220=CARTESIAN_POINT('',(-4.9478961723435,-19.5725740590234,28.));
#7221=CARTESIAN_POINT('',(-4.73027867448461,-19.451581562434,28.));
#7222=CARTESIAN_POINT('',(-4.46978088148112,-18.9657357234163,28.));
#7223=CARTESIAN_POINT('',(-4.4049244350749,-18.4995863373317,28.));
#7224=CARTESIAN_POINT('',(-4.4049244350749,-16.751291657932,28.));
#7225=CARTESIAN_POINT('',(-4.4049244350749,-15.6933107575227,28.));
#7226=CARTESIAN_POINT('',(-4.4049244350749,-14.6353298571134,28.));
#7227=CARTESIAN_POINT('',(-6.04509572435615,-14.6353298571134,28.));
#7228=CARTESIAN_POINT('',(-6.04509572435615,-14.6353298571134,29.));
#7229=CARTESIAN_POINT('',(-4.4049244350749,-14.6353298571134,29.));
#7230=CARTESIAN_POINT('',(-4.4049244350749,-15.6933107575227,29.));
#7231=CARTESIAN_POINT('',(-4.4049244350749,-16.751291657932,29.));
#7232=CARTESIAN_POINT('',(-4.4049244350749,-18.4995863373317,29.));
#7233=CARTESIAN_POINT('',(-4.46978088148112,-18.9657357234163,29.));
#7234=CARTESIAN_POINT('',(-4.73027867448461,-19.451581562434,29.));
#7235=CARTESIAN_POINT('',(-4.9478961723435,-19.5725740590234,29.));
#7236=CARTESIAN_POINT('',(-5.43244350747756,-19.5725740590234,29.));
#7237=CARTESIAN_POINT('',(-5.5835965478623,-19.5116088475636,29.));
#7238=CARTESIAN_POINT('',(-5.83123025232241,-19.2658721490643,29.));
#7239=CARTESIAN_POINT('',(-5.91806284999025,-19.0914178516564,29.));
#7240=CARTESIAN_POINT('',(-6.01990355095869,-18.639337360524,29.));
#7241=CARTESIAN_POINT('',(-6.04509572435614,-18.2866770603876,29.));
#7242=CARTESIAN_POINT('',(-6.04509572435614,-16.751291657932,29.));
#7243=CARTESIAN_POINT('',(-6.04509572435615,-15.6933107575227,29.));
#7244=CARTESIAN_POINT('',(-6.04509572435615,-14.6353298571134,29.));
#7245=CARTESIAN_POINT('',(-6.46103458725884,-14.6353298571134,28.));
#7246=CARTESIAN_POINT('',(-6.32238829962461,-14.6353298571134,28.));
#7247=CARTESIAN_POINT('',(-6.18374201199038,-14.6353298571134,28.));
#7248=CARTESIAN_POINT('',(-6.04509572435615,-14.6353298571134,28.));
#7249=CARTESIAN_POINT('',(-6.46103458725884,-14.6353298571134,28.));
#7250=CARTESIAN_POINT('',(-6.46103458725884,-14.6353298571134,29.));
#7251=CARTESIAN_POINT('',(-6.04509572435615,-14.6353298571134,29.));
#7252=CARTESIAN_POINT('',(-3.98898557217221,-14.6353298571134,28.));
#7253=CARTESIAN_POINT('',(-3.98898557217221,-15.6945613259629,28.));
#7254=CARTESIAN_POINT('',(-3.98898557217221,-16.7537927948124,28.));
#7255=CARTESIAN_POINT('',(-3.98898557217221,-18.3654628721202,28.));
#7256=CARTESIAN_POINT('',(-4.02489781935582,-18.8044123946305,28.));
#7257=CARTESIAN_POINT('',(-4.16747480071164,-19.4553332677546,28.));
#7258=CARTESIAN_POINT('',(-4.29665168983477,-19.7198284928569,28.));
#7259=CARTESIAN_POINT('',(-4.66971025759285,-20.1268885201421,28.));
#7260=CARTESIAN_POINT('',(-4.91466394360643,-20.2291224901284,28.));
#7261=CARTESIAN_POINT('',(-5.51177205349509,-20.2291224901284,28.));
#7262=CARTESIAN_POINT('',(-5.75297371368351,-20.1400194887642,28.));
#7263=CARTESIAN_POINT('',(-6.12710428882021,-19.7854833359674,28.));
#7264=CARTESIAN_POINT('',(-6.26110521114711,-19.5284915215063,28.));
#7265=CARTESIAN_POINT('',(-6.42083431056077,-18.8550604164586,28.));
#7266=CARTESIAN_POINT('',(-6.46103458725884,-18.395476514685,28.));
#7267=CARTESIAN_POINT('',(-6.46103458725884,-16.7537927948124,28.));
#7268=CARTESIAN_POINT('',(-6.46103458725884,-15.6945613259629,28.));
#7269=CARTESIAN_POINT('',(-6.46103458725884,-14.6353298571134,28.));
#7270=CARTESIAN_POINT('',(-6.46103458725884,-14.6353298571134,29.));
#7271=CARTESIAN_POINT('',(-6.46103458725884,-15.6945613259629,29.));
#7272=CARTESIAN_POINT('',(-6.46103458725884,-16.7537927948124,29.));
#7273=CARTESIAN_POINT('',(-6.46103458725884,-18.395476514685,29.));
#7274=CARTESIAN_POINT('',(-6.42083431056077,-18.8550604164586,29.));
#7275=CARTESIAN_POINT('',(-6.26110521114711,-19.5284915215063,29.));
#7276=CARTESIAN_POINT('',(-6.12710428882021,-19.7854833359674,29.));
#7277=CARTESIAN_POINT('',(-5.75297371368351,-20.1400194887642,29.));
#7278=CARTESIAN_POINT('',(-5.51177205349509,-20.2291224901284,29.));
#7279=CARTESIAN_POINT('',(-4.91466394360643,-20.2291224901284,29.));
#7280=CARTESIAN_POINT('',(-4.66971025759285,-20.1268885201421,29.));
#7281=CARTESIAN_POINT('',(-4.29665168983477,-19.7198284928569,29.));
#7282=CARTESIAN_POINT('',(-4.16747480071164,-19.4553332677546,29.));
#7283=CARTESIAN_POINT('',(-4.02489781935582,-18.8044123946305,29.));
#7284=CARTESIAN_POINT('',(-3.98898557217221,-18.3654628721202,29.));
#7285=CARTESIAN_POINT('',(-3.98898557217221,-16.7537927948124,29.));
#7286=CARTESIAN_POINT('',(-3.98898557217221,-15.6945613259629,29.));
#7287=CARTESIAN_POINT('',(-3.98898557217221,-14.6353298571134,29.));
#7288=CARTESIAN_POINT('',(-5.04465985303795,-19.5507156155964,28.));
#7289=CARTESIAN_POINT('',(-3.3457811450031,-20.1353298571134,28.));
#7290=CARTESIAN_POINT('',(-3.3457811450031,-18.8072261736209,28.));
#7291=CARTESIAN_POINT('',(-3.3457811450031,-17.4791224901284,28.));
#7292=CARTESIAN_POINT('',(-3.34578114500311,-16.1510188066359,28.));
#7293=CARTESIAN_POINT('',(-3.3457811450031,-20.1353298571134,28.));
#7294=CARTESIAN_POINT('',(-3.34578114500311,-16.1510188066359,28.));
#7295=CARTESIAN_POINT('',(-3.34578114500311,-16.1510188066359,29.));
#7296=CARTESIAN_POINT('',(-3.3457811450031,-20.1353298571134,29.));
#7297=CARTESIAN_POINT('',(-3.34578114500311,-16.1510188066359,29.));
#7298=CARTESIAN_POINT('',(-2.95985848870163,-20.1353298571134,28.));
#7299=CARTESIAN_POINT('',(-3.08849937413546,-20.1353298571134,28.));
#7300=CARTESIAN_POINT('',(-3.21714025956928,-20.1353298571134,28.));
#7301=CARTESIAN_POINT('',(-3.3457811450031,-20.1353298571134,28.));
#7302=CARTESIAN_POINT('',(-2.95985848870163,-20.1353298571134,28.));
#7303=CARTESIAN_POINT('',(-2.95985848870163,-20.1353298571134,29.));
#7304=CARTESIAN_POINT('',(-3.3457811450031,-20.1353298571134,29.));
#7305=CARTESIAN_POINT('',(-1.99290783319073,-20.1353298571134,28.));
#7306=CARTESIAN_POINT('',(-1.99290783319073,-19.2724376333753,28.));
#7307=CARTESIAN_POINT('',(-1.99290783319073,-18.4095454096373,28.));
#7308=CARTESIAN_POINT('',(-1.99290783319073,-17.2465167602512,28.));
#7309=CARTESIAN_POINT('',(-2.02453205085988,-17.0214144410152,28.));
#7310=CARTESIAN_POINT('',(-2.14995691415786,-16.7212780153672,28.));
#7311=CARTESIAN_POINT('',(-2.25286962250492,-16.6462439089552,28.));
#7312=CARTESIAN_POINT('',(-2.50479135647949,-16.6462439089552,28.));
#7313=CARTESIAN_POINT('',(-2.60502404638001,-16.6959540044531,28.));
#7314=CARTESIAN_POINT('',(-2.78940931550182,-16.8966702391052,28.));
#7315=CARTESIAN_POINT('',(-2.85640977666527,-17.0429867466086,28.));
#7316=CARTESIAN_POINT('',(-2.93895434481864,-17.4275365419702,28.));
#7317=CARTESIAN_POINT('',(-2.95985848870164,-17.7051627356946,28.));
#7318=CARTESIAN_POINT('',(-2.95985848870163,-18.7572034360129,28.));
#7319=CARTESIAN_POINT('',(-2.95985848870163,-19.4462666465632,28.));
#7320=CARTESIAN_POINT('',(-2.95985848870163,-20.1353298571134,28.));
#7321=CARTESIAN_POINT('',(-1.99290783319073,-20.1353298571134,28.));
#7322=CARTESIAN_POINT('',(-1.99290783319073,-20.1353298571134,29.));
#7323=CARTESIAN_POINT('',(-2.95985848870163,-20.1353298571134,29.));
#7324=CARTESIAN_POINT('',(-2.95985848870163,-19.4462666465632,29.));
#7325=CARTESIAN_POINT('',(-2.95985848870163,-18.7572034360129,29.));
#7326=CARTESIAN_POINT('',(-2.95985848870164,-17.7051627356946,29.));
#7327=CARTESIAN_POINT('',(-2.93895434481864,-17.4275365419702,29.));
#7328=CARTESIAN_POINT('',(-2.85640977666527,-17.0429867466086,29.));
#7329=CARTESIAN_POINT('',(-2.78940931550182,-16.8966702391052,29.));
#7330=CARTESIAN_POINT('',(-2.60502404638001,-16.6959540044531,29.));
#7331=CARTESIAN_POINT('',(-2.50479135647949,-16.6462439089552,29.));
#7332=CARTESIAN_POINT('',(-2.25286962250492,-16.6462439089552,29.));
#7333=CARTESIAN_POINT('',(-2.14995691415786,-16.7212780153672,29.));
#7334=CARTESIAN_POINT('',(-2.02453205085988,-17.0214144410152,29.));
#7335=CARTESIAN_POINT('',(-1.99290783319073,-17.2465167602512,29.));
#7336=CARTESIAN_POINT('',(-1.99290783319073,-18.4095454096373,29.));
#7337=CARTESIAN_POINT('',(-1.99290783319073,-19.2724376333753,29.));
#7338=CARTESIAN_POINT('',(-1.99290783319073,-20.1353298571134,29.));
#7339=CARTESIAN_POINT('',(-1.60698517688926,-20.1353298571134,28.));
#7340=CARTESIAN_POINT('',(-1.73562606232309,-20.1353298571134,28.));
#7341=CARTESIAN_POINT('',(-1.86426694775691,-20.1353298571134,28.));
#7342=CARTESIAN_POINT('',(-1.99290783319073,-20.1353298571134,28.));
#7343=CARTESIAN_POINT('',(-1.60698517688926,-20.1353298571134,28.));
#7344=CARTESIAN_POINT('',(-1.60698517688926,-20.1353298571134,29.));
#7345=CARTESIAN_POINT('',(-1.99290783319073,-20.1353298571134,29.));
#7346=CARTESIAN_POINT('',(-0.644322550892823,-20.1353298571134,28.));
#7347=CARTESIAN_POINT('',(-0.644322550892823,-19.2986995706195,28.));
#7348=CARTESIAN_POINT('',(-0.644322550892824,-18.4620692841257,28.));
#7349=CARTESIAN_POINT('',(-0.644322550892824,-17.3553162145486,28.));
#7350=CARTESIAN_POINT('',(-0.656650635746897,-17.1611654642075,28.));
#7351=CARTESIAN_POINT('',(-0.707034982541813,-16.9229321763494,28.));
#7352=CARTESIAN_POINT('',(-0.75205929244365,-16.8272636906741,28.));
#7353=CARTESIAN_POINT('',(-0.88391620001332,-16.682823035831,28.));
#7354=CARTESIAN_POINT('',(-0.961100731273613,-16.6462439089552,28.));
#7355=CARTESIAN_POINT('',(-1.20980644311234,-16.6462439089552,28.));
#7356=CARTESIAN_POINT('',(-1.34273535806062,-16.73909861564,28.));
#7357=CARTESIAN_POINT('',(-1.55392081164781,-17.1123932950397,28.));
#7358=CARTESIAN_POINT('',(-1.60698517688927,-17.4106538680275,28.));
#7359=CARTESIAN_POINT('',(-1.60698517688926,-18.5921284019065,28.));
#7360=CARTESIAN_POINT('',(-1.60698517688926,-19.36372912951,28.));
#7361=CARTESIAN_POINT('',(-1.60698517688926,-20.1353298571134,28.));
#7362=CARTESIAN_POINT('',(-0.644322550892823,-20.1353298571134,28.));
#7363=CARTESIAN_POINT('',(-0.644322550892823,-20.1353298571134,29.));
#7364=CARTESIAN_POINT('',(-1.60698517688926,-20.1353298571134,29.));
#7365=CARTESIAN_POINT('',(-1.60698517688926,-19.36372912951,29.));
#7366=CARTESIAN_POINT('',(-1.60698517688926,-18.5921284019065,29.));
#7367=CARTESIAN_POINT('',(-1.60698517688927,-17.4106538680275,29.));
#7368=CARTESIAN_POINT('',(-1.55392081164781,-17.1123932950397,29.));
#7369=CARTESIAN_POINT('',(-1.34273535806062,-16.73909861564,29.));
#7370=CARTESIAN_POINT('',(-1.20980644311234,-16.6462439089552,29.));
#7371=CARTESIAN_POINT('',(-0.961100731273613,-16.6462439089552,29.));
#7372=CARTESIAN_POINT('',(-0.88391620001332,-16.682823035831,29.));
#7373=CARTESIAN_POINT('',(-0.75205929244365,-16.8272636906741,29.));
#7374=CARTESIAN_POINT('',(-0.707034982541813,-16.9229321763494,29.));
#7375=CARTESIAN_POINT('',(-0.656650635746897,-17.1611654642075,29.));
#7376=CARTESIAN_POINT('',(-0.644322550892824,-17.3553162145486,29.));
#7377=CARTESIAN_POINT('',(-0.644322550892824,-18.4620692841257,29.));
#7378=CARTESIAN_POINT('',(-0.644322550892823,-19.2986995706195,29.));
#7379=CARTESIAN_POINT('',(-0.644322550892823,-20.1353298571134,29.));
#7380=CARTESIAN_POINT('',(-0.260543909348584,-20.1353298571134,28.));
#7381=CARTESIAN_POINT('',(-0.388470123196663,-20.1353298571134,28.));
#7382=CARTESIAN_POINT('',(-0.516396337044743,-20.1353298571134,28.));
#7383=CARTESIAN_POINT('',(-0.644322550892823,-20.1353298571134,28.));
#7384=CARTESIAN_POINT('',(-0.260543909348584,-20.1353298571134,28.));
#7385=CARTESIAN_POINT('',(-0.260543909348584,-20.1353298571134,29.));
#7386=CARTESIAN_POINT('',(-0.644322550892823,-20.1353298571134,29.));
#7387=CARTESIAN_POINT('',(-1.66701759009172,-16.7587950685732,28.));
#7388=CARTESIAN_POINT('',(-1.48692035048436,-16.2935836088187,28.));
#7389=CARTESIAN_POINT('',(-1.25268673825694,-16.0609778789415,28.));
#7390=CARTESIAN_POINT('',(-0.738123196521653,-16.0609778789415,28.));
#7391=CARTESIAN_POINT('',(-0.564458001185994,-16.1707152595691,28.));
#7392=CARTESIAN_POINT('',(-0.321112326240344,-16.607788929419,28.));
#7393=CARTESIAN_POINT('',(-0.260543909348585,-16.945442408273,28.));
#7394=CARTESIAN_POINT('',(-0.260543909348585,-18.3120010713017,28.));
#7395=CARTESIAN_POINT('',(-0.260543909348584,-19.2236654642075,28.));
#7396=CARTESIAN_POINT('',(-0.260543909348584,-20.1353298571134,28.));
#7397=CARTESIAN_POINT('',(-1.66701759009172,-16.7587950685732,28.));
#7398=CARTESIAN_POINT('',(-1.66701759009172,-16.7587950685732,29.));
#7399=CARTESIAN_POINT('',(-0.260543909348584,-20.1353298571134,29.));
#7400=CARTESIAN_POINT('',(-0.260543909348584,-19.2236654642075,29.));
#7401=CARTESIAN_POINT('',(-0.260543909348585,-18.3120010713017,29.));
#7402=CARTESIAN_POINT('',(-0.260543909348585,-16.945442408273,29.));
#7403=CARTESIAN_POINT('',(-0.321112326240344,-16.607788929419,29.));
#7404=CARTESIAN_POINT('',(-0.564458001185994,-16.1707152595691,29.));
#7405=CARTESIAN_POINT('',(-0.738123196521653,-16.0609778789415,29.));
#7406=CARTESIAN_POINT('',(-1.25268673825694,-16.0609778789415,29.));
#7407=CARTESIAN_POINT('',(-1.48692035048436,-16.2935836088187,29.));
#7408=CARTESIAN_POINT('',(-1.66701759009172,-16.7587950685732,29.));
#7409=CARTESIAN_POINT('',(-3.00059476908901,-16.7100228994054,28.));
#7410=CARTESIAN_POINT('',(-2.9293062784111,-16.5149342227341,28.));
#7411=CARTESIAN_POINT('',(-2.83389762171435,-16.3583005255991,28.));
#7412=CARTESIAN_POINT('',(-2.59698399104039,-16.120067237741,28.));
#7413=CARTESIAN_POINT('',(-2.46191106133488,-16.0609778789415,28.));
#7414=CARTESIAN_POINT('',(-2.14138085512894,-16.0609778789415,28.));
#7415=CARTESIAN_POINT('',(-2.00309190328758,-16.1219430904013,28.));
#7416=CARTESIAN_POINT('',(-1.78761842018592,-16.3676797889006,28.));
#7417=CARTESIAN_POINT('',(-1.71150589630425,-16.5383823809879,28.));
#7418=CARTESIAN_POINT('',(-1.66701759009172,-16.7587950685732,28.));
#7419=CARTESIAN_POINT('',(-3.00059476908901,-16.7100228994054,28.));
#7420=CARTESIAN_POINT('',(-3.00059476908901,-16.7100228994054,29.));
#7421=CARTESIAN_POINT('',(-1.66701759009172,-16.7587950685732,29.));
#7422=CARTESIAN_POINT('',(-1.71150589630425,-16.5383823809879,29.));
#7423=CARTESIAN_POINT('',(-1.78761842018592,-16.3676797889006,29.));
#7424=CARTESIAN_POINT('',(-2.00309190328758,-16.1219430904013,29.));
#7425=CARTESIAN_POINT('',(-2.14138085512894,-16.0609778789415,29.));
#7426=CARTESIAN_POINT('',(-2.46191106133488,-16.0609778789415,29.));
#7427=CARTESIAN_POINT('',(-2.59698399104039,-16.120067237741,29.));
#7428=CARTESIAN_POINT('',(-2.83389762171435,-16.3583005255991,29.));
#7429=CARTESIAN_POINT('',(-2.9293062784111,-16.5149342227341,29.));
#7430=CARTESIAN_POINT('',(-3.00059476908901,-16.7100228994054,29.));
#7431=CARTESIAN_POINT('',(-3.00059476908901,-16.1510188066359,28.));
#7432=CARTESIAN_POINT('',(-3.00059476908901,-16.3373535042257,28.));
#7433=CARTESIAN_POINT('',(-3.00059476908901,-16.5236882018155,28.));
#7434=CARTESIAN_POINT('',(-3.00059476908901,-16.7100228994054,28.));
#7435=CARTESIAN_POINT('',(-3.00059476908901,-16.1510188066359,28.));
#7436=CARTESIAN_POINT('',(-3.00059476908901,-16.1510188066359,29.));
#7437=CARTESIAN_POINT('',(-3.00059476908901,-16.7100228994054,29.));
#7438=CARTESIAN_POINT('',(-3.34578114500311,-16.1510188066359,28.));
#7439=CARTESIAN_POINT('',(-3.23071901969841,-16.1510188066359,28.));
#7440=CARTESIAN_POINT('',(-3.11565689439371,-16.1510188066359,28.));
#7441=CARTESIAN_POINT('',(-3.00059476908901,-16.1510188066359,28.));
#7442=CARTESIAN_POINT('',(-3.00059476908901,-16.1510188066359,29.));
#7443=CARTESIAN_POINT('',(-2.18887359277098,-16.7207688482777,28.));
#7444=CARTESIAN_POINT('',(1.71302167468199,-16.9876490931298,28.));
#7445=CARTESIAN_POINT('',(1.59510086303432,-16.7400365419702,28.));
#7446=CARTESIAN_POINT('',(1.4525238816785,-16.6162302663903,28.));
#7447=CARTESIAN_POINT('',(1.11644956848264,-16.6162302663903,28.));
#7448=CARTESIAN_POINT('',(0.970656564990972,-16.7447261736209,28.));
#7449=CARTESIAN_POINT('',(0.725166875288095,-17.2568339498828,28.));
#7450=CARTESIAN_POINT('',(0.663526451017721,-17.6282527766223,28.));
#7451=CARTESIAN_POINT('',(0.663526451017722,-18.5905651913562,28.));
#7452=CARTESIAN_POINT('',(0.700510705579946,-18.9357220808515,28.));
#7453=CARTESIAN_POINT('',(0.775015218393702,-19.1486313577955,28.));
#7454=CARTESIAN_POINT('',(1.71302167468199,-16.9876490931298,28.));
#7455=CARTESIAN_POINT('',(0.775015218393702,-19.1486313577955,28.));
#7456=CARTESIAN_POINT('',(0.775015218393702,-19.1486313577955,29.));
#7457=CARTESIAN_POINT('',(0.775015218393702,-19.1486313577955,29.));
#7458=CARTESIAN_POINT('',(0.775015218393702,-19.1486313577955,29.));
#7459=CARTESIAN_POINT('',(0.700510705579946,-18.9357220808515,29.));
#7460=CARTESIAN_POINT('',(0.663526451017722,-18.5905651913562,29.));
#7461=CARTESIAN_POINT('',(0.663526451017721,-17.6282527766223,29.));
#7462=CARTESIAN_POINT('',(0.725166875288095,-17.2568339498828,29.));
#7463=CARTESIAN_POINT('',(0.970656564990972,-16.7447261736209,29.));
#7464=CARTESIAN_POINT('',(1.11644956848264,-16.6162302663903,29.));
#7465=CARTESIAN_POINT('',(1.4525238816785,-16.6162302663903,29.));
#7466=CARTESIAN_POINT('',(1.59510086303432,-16.7400365419702,29.));
#7467=CARTESIAN_POINT('',(1.71302167468199,-16.9876490931298,29.));
#7468=CARTESIAN_POINT('',(1.71302167468199,-16.9876490931298,29.));
#7469=CARTESIAN_POINT('',(1.71302167468199,-16.9876490931298,29.));
#7470=CARTESIAN_POINT('',(0.775015218393702,-19.1486313577955,29.));
#7471=CARTESIAN_POINT('',(0.700510705579946,-18.9357220808515,29.));
#7472=CARTESIAN_POINT('',(0.663526451017722,-18.5905651913562,29.));
#7473=CARTESIAN_POINT('',(0.663526451017721,-17.6282527766223,29.));
#7474=CARTESIAN_POINT('',(0.725166875288095,-17.2568339498828,29.));
#7475=CARTESIAN_POINT('',(0.970656564990972,-16.7447261736209,29.));
#7476=CARTESIAN_POINT('',(1.11644956848264,-16.6162302663903,29.));
#7477=CARTESIAN_POINT('',(1.4525238816785,-16.6162302663903,29.));
#7478=CARTESIAN_POINT('',(1.59510086303432,-16.7400365419702,29.));
#7479=CARTESIAN_POINT('',(1.71302167468199,-16.9876490931298,29.));
#7480=CARTESIAN_POINT('',(0.667814480532183,-20.1353298571134,28.));
#7481=CARTESIAN_POINT('',(0.548464325713025,-20.1353298571134,28.));
#7482=CARTESIAN_POINT('',(0.429114170893867,-20.1353298571134,28.));
#7483=CARTESIAN_POINT('',(0.309764016074709,-20.1353298571134,28.));
#7484=CARTESIAN_POINT('',(0.667814480532183,-20.1353298571134,28.));
#7485=CARTESIAN_POINT('',(0.309764016074709,-20.1353298571134,28.));
#7486=CARTESIAN_POINT('',(0.309764016074709,-20.1353298571134,29.));
#7487=CARTESIAN_POINT('',(0.667814480532183,-20.1353298571134,29.));
#7488=CARTESIAN_POINT('',(0.309764016074709,-20.1353298571134,29.));
#7489=CARTESIAN_POINT('',(0.667814480532183,-19.6363530494736,28.));
#7490=CARTESIAN_POINT('',(0.667814480532183,-19.8026786520202,28.));
#7491=CARTESIAN_POINT('',(0.667814480532183,-19.9690042545668,28.));
#7492=CARTESIAN_POINT('',(0.667814480532183,-20.1353298571134,28.));
#7493=CARTESIAN_POINT('',(0.667814480532183,-19.6363530494736,28.));
#7494=CARTESIAN_POINT('',(0.667814480532183,-19.6363530494736,29.));
#7495=CARTESIAN_POINT('',(0.667814480532183,-20.1353298571134,29.));
#7496=CARTESIAN_POINT('',(0.695686672376177,-16.5974717397873,28.));
#7497=CARTESIAN_POINT('',(0.858631793925686,-16.2401218080002,28.));
#7498=CARTESIAN_POINT('',(1.06660122537703,-16.0609778789415,28.));
#7499=CARTESIAN_POINT('',(1.4594919296395,-16.0609778789415,28.));
#7500=CARTESIAN_POINT('',(1.59242084458778,-16.1106879744395,28.));
#7501=CARTESIAN_POINT('',(1.84219856380512,-16.307652503771,28.));
#7502=CARTESIAN_POINT('',(1.94511127215218,-16.4464656006332,28.));
#7503=CARTESIAN_POINT('',(2.10698438632308,-16.8047534587505,28.));
#7504=CARTESIAN_POINT('',(2.17023282166137,-17.020476514685,28.));
#7505=CARTESIAN_POINT('',(2.26135344884366,-17.5250808803058,28.));
#7506=CARTESIAN_POINT('',(2.28440160748389,-17.795203663389,28.));
#7507=CARTESIAN_POINT('',(2.28440160748389,-18.7659574150943,28.));
#7508=CARTESIAN_POINT('',(2.18792094340852,-19.2940099389688,28.));
#7509=CARTESIAN_POINT('',(1.80199828710706,-20.0387234451079,28.));
#7510=CARTESIAN_POINT('',(1.57044469332617,-20.2253707848078,28.));
#7511=CARTESIAN_POINT('',(1.03176098557204,-20.2253707848078,28.));
#7512=CARTESIAN_POINT('',(0.820575531984848,-20.0293441818065,28.));
#7513=CARTESIAN_POINT('',(0.667814480532183,-19.6363530494736,28.));
#7514=CARTESIAN_POINT('',(0.695686672376177,-16.5974717397873,28.));
#7515=CARTESIAN_POINT('',(0.695686672376177,-16.5974717397873,29.));
#7516=CARTESIAN_POINT('',(0.667814480532183,-19.6363530494736,29.));
#7517=CARTESIAN_POINT('',(0.820575531984848,-20.0293441818065,29.));
#7518=CARTESIAN_POINT('',(1.03176098557204,-20.2253707848078,29.));
#7519=CARTESIAN_POINT('',(1.57044469332617,-20.2253707848078,29.));
#7520=CARTESIAN_POINT('',(1.80199828710706,-20.0387234451079,29.));
#7521=CARTESIAN_POINT('',(2.18792094340852,-19.2940099389688,29.));
#7522=CARTESIAN_POINT('',(2.28440160748389,-18.7659574150943,29.));
#7523=CARTESIAN_POINT('',(2.28440160748389,-17.795203663389,29.));
#7524=CARTESIAN_POINT('',(2.26135344884366,-17.5250808803058,29.));
#7525=CARTESIAN_POINT('',(2.17023282166137,-17.020476514685,29.));
#7526=CARTESIAN_POINT('',(2.10698438632308,-16.8047534587505,29.));
#7527=CARTESIAN_POINT('',(1.94511127215218,-16.4464656006332,29.));
#7528=CARTESIAN_POINT('',(1.84219856380512,-16.307652503771,29.));
#7529=CARTESIAN_POINT('',(1.59242084458778,-16.1106879744395,29.));
#7530=CARTESIAN_POINT('',(1.4594919296395,-16.0609778789415,29.));
#7531=CARTESIAN_POINT('',(1.06660122537703,-16.0609778789415,29.));
#7532=CARTESIAN_POINT('',(0.858631793925686,-16.2401218080002,29.));
#7533=CARTESIAN_POINT('',(0.695686672376177,-16.5974717397873,29.));
#7534=CARTESIAN_POINT('',(0.695686672376177,-14.6353298571134,28.));
#7535=CARTESIAN_POINT('',(0.695686672376177,-15.2893771513381,28.));
#7536=CARTESIAN_POINT('',(0.695686672376177,-15.9434244455627,28.));
#7537=CARTESIAN_POINT('',(0.695686672376177,-16.5974717397873,28.));
#7538=CARTESIAN_POINT('',(0.695686672376177,-14.6353298571134,28.));
#7539=CARTESIAN_POINT('',(0.695686672376177,-14.6353298571134,29.));
#7540=CARTESIAN_POINT('',(0.695686672376177,-16.5974717397873,29.));
#7541=CARTESIAN_POINT('',(0.309764016074707,-14.6353298571134,28.));
#7542=CARTESIAN_POINT('',(0.43840490150853,-14.6353298571134,28.));
#7543=CARTESIAN_POINT('',(0.567045786942354,-14.6353298571134,28.));
#7544=CARTESIAN_POINT('',(0.695686672376177,-14.6353298571134,28.));
#7545=CARTESIAN_POINT('',(0.309764016074707,-14.6353298571134,28.));
#7546=CARTESIAN_POINT('',(0.309764016074707,-14.6353298571134,29.));
#7547=CARTESIAN_POINT('',(0.695686672376177,-14.6353298571134,29.));
#7548=CARTESIAN_POINT('',(0.309764016074709,-20.1353298571134,28.));
#7549=CARTESIAN_POINT('',(0.309764016074709,-18.3019965237801,28.));
#7550=CARTESIAN_POINT('',(0.309764016074708,-16.4686631904467,28.));
#7551=CARTESIAN_POINT('',(0.309764016074707,-14.6353298571134,28.));
#7552=CARTESIAN_POINT('',(0.309764016074707,-14.6353298571134,29.));
#7553=CARTESIAN_POINT('',(0.775015218393702,-19.1486313577955,28.));
#7554=CARTESIAN_POINT('',(0.896688055866527,-19.4966020262812,28.));
#7555=CARTESIAN_POINT('',(1.06070518479465,-19.670118397359,28.));
#7556=CARTESIAN_POINT('',(1.43697977468858,-19.670118397359,28.));
#7557=CARTESIAN_POINT('',(1.58277277818025,-19.5416224901284,28.));
#7558=CARTESIAN_POINT('',(1.82826246788313,-19.0295147138665,28.));
#7559=CARTESIAN_POINT('',(1.8899028921535,-18.6468407711652,28.));
#7560=CARTESIAN_POINT('',(1.8899028921535,-17.6188735133208,28.));
#7561=CARTESIAN_POINT('',(1.83094248632966,-17.2352616442894,28.));
#7562=CARTESIAN_POINT('',(1.71302167468199,-16.9876490931298,28.));
#7563=CARTESIAN_POINT('',(1.71302167468199,-16.9876490931298,29.));
#7564=CARTESIAN_POINT('',(1.83094248632966,-17.2352616442894,29.));
#7565=CARTESIAN_POINT('',(1.8899028921535,-17.6188735133208,29.));
#7566=CARTESIAN_POINT('',(1.8899028921535,-18.6468407711652,29.));
#7567=CARTESIAN_POINT('',(1.82826246788313,-19.0295147138665,29.));
#7568=CARTESIAN_POINT('',(1.58277277818025,-19.5416224901284,29.));
#7569=CARTESIAN_POINT('',(1.43697977468858,-19.670118397359,29.));
#7570=CARTESIAN_POINT('',(1.06070518479465,-19.670118397359,29.));
#7571=CARTESIAN_POINT('',(0.896688055866527,-19.4966020262812,29.));
#7572=CARTESIAN_POINT('',(0.775015218393702,-19.1486313577955,29.));
#7573=CARTESIAN_POINT('',(1.71302167468199,-16.9876490931298,29.));
#7574=CARTESIAN_POINT('',(1.83094248632966,-17.2352616442894,29.));
#7575=CARTESIAN_POINT('',(1.8899028921535,-17.6188735133208,29.));
#7576=CARTESIAN_POINT('',(1.8899028921535,-18.6468407711652,29.));
#7577=CARTESIAN_POINT('',(1.82826246788313,-19.0295147138665,29.));
#7578=CARTESIAN_POINT('',(1.58277277818025,-19.5416224901284,29.));
#7579=CARTESIAN_POINT('',(1.43697977468858,-19.670118397359,29.));
#7580=CARTESIAN_POINT('',(1.06070518479465,-19.670118397359,29.));
#7581=CARTESIAN_POINT('',(0.896688055866527,-19.4966020262812,29.));
#7582=CARTESIAN_POINT('',(0.775015218393702,-19.1486313577955,29.));
#7583=CARTESIAN_POINT('',(2.26293917173844,-18.6065037630376,28.));
#7584=CARTESIAN_POINT('',(2.74965280980288,-20.1353298571134,28.));
#7585=CARTESIAN_POINT('',(2.74965280980288,-18.8072261736209,28.));
#7586=CARTESIAN_POINT('',(2.74965280980288,-17.4791224901284,28.));
#7587=CARTESIAN_POINT('',(2.74965280980288,-16.1510188066359,28.));
#7588=CARTESIAN_POINT('',(2.74965280980288,-20.1353298571134,28.));
#7589=CARTESIAN_POINT('',(2.74965280980288,-16.1510188066359,28.));
#7590=CARTESIAN_POINT('',(2.74965280980288,-16.1510188066359,29.));
#7591=CARTESIAN_POINT('',(2.74965280980288,-20.1353298571134,29.));
#7592=CARTESIAN_POINT('',(2.74965280980288,-16.1510188066359,29.));
#7593=CARTESIAN_POINT('',(3.13557546610435,-20.1353298571134,28.));
#7594=CARTESIAN_POINT('',(3.00693458067052,-20.1353298571134,28.));
#7595=CARTESIAN_POINT('',(2.8782936952367,-20.1353298571134,28.));
#7596=CARTESIAN_POINT('',(2.74965280980288,-20.1353298571134,28.));
#7597=CARTESIAN_POINT('',(3.13557546610435,-20.1353298571134,28.));
#7598=CARTESIAN_POINT('',(3.13557546610435,-20.1353298571134,29.));
#7599=CARTESIAN_POINT('',(2.74965280980288,-20.1353298571134,29.));
#7600=CARTESIAN_POINT('',(3.85382040977652,-16.9051115760766,28.));
#7601=CARTESIAN_POINT('',(3.75948376045839,-16.807567237741,28.));
#7602=CARTESIAN_POINT('',(3.66514711114025,-16.7587950685732,28.));
#7603=CARTESIAN_POINT('',(3.48665788260082,-16.7587950685732,28.));
#7604=CARTESIAN_POINT('',(3.41054535871914,-16.8028776060902,28.));
#7605=CARTESIAN_POINT('',(3.27654443639224,-16.9810836088187,28.));
#7606=CARTESIAN_POINT('',(3.22804442398137,-17.1039053618088,28.));
#7607=CARTESIAN_POINT('',(3.15701561367665,-17.501632722052,28.));
#7608=CARTESIAN_POINT('',(3.13557546610435,-17.764252094494,28.));
#7609=CARTESIAN_POINT('',(3.13557546610435,-18.7446977516109,28.));
#7610=CARTESIAN_POINT('',(3.13557546610435,-19.4400138043622,28.));
#7611=CARTESIAN_POINT('',(3.13557546610435,-20.1353298571134,28.));
#7612=CARTESIAN_POINT('',(3.85382040977652,-16.9051115760766,28.));
#7613=CARTESIAN_POINT('',(3.85382040977652,-16.9051115760766,29.));
#7614=CARTESIAN_POINT('',(3.13557546610435,-20.1353298571134,29.));
#7615=CARTESIAN_POINT('',(3.13557546610435,-19.4400138043622,29.));
#7616=CARTESIAN_POINT('',(3.13557546610435,-18.7446977516109,29.));
#7617=CARTESIAN_POINT('',(3.13557546610435,-17.764252094494,29.));
#7618=CARTESIAN_POINT('',(3.15701561367665,-17.501632722052,29.));
#7619=CARTESIAN_POINT('',(3.22804442398137,-17.1039053618088,29.));
#7620=CARTESIAN_POINT('',(3.27654443639224,-16.9810836088187,29.));
#7621=CARTESIAN_POINT('',(3.41054535871914,-16.8028776060902,29.));
#7622=CARTESIAN_POINT('',(3.48665788260082,-16.7587950685732,29.));
#7623=CARTESIAN_POINT('',(3.66514711114025,-16.7587950685732,29.));
#7624=CARTESIAN_POINT('',(3.75948376045839,-16.807567237741,29.));
#7625=CARTESIAN_POINT('',(3.85382040977652,-16.9051115760766,29.));
#7626=CARTESIAN_POINT('',(3.98674932472481,-16.2785767875363,28.));
#7627=CARTESIAN_POINT('',(3.94243968640871,-16.4874217170497,28.));
#7628=CARTESIAN_POINT('',(3.89813004809262,-16.6962666465632,28.));
#7629=CARTESIAN_POINT('',(3.85382040977652,-16.9051115760766,28.));
#7630=CARTESIAN_POINT('',(3.98674932472481,-16.2785767875363,28.));
#7631=CARTESIAN_POINT('',(3.98674932472481,-16.2785767875363,29.));
#7632=CARTESIAN_POINT('',(3.85382040977652,-16.9051115760766,29.));
#7633=CARTESIAN_POINT('',(3.0969832004742,-16.7550433632526,28.));
#7634=CARTESIAN_POINT('',(3.18542380920995,-16.4727275378774,28.));
#7635=CARTESIAN_POINT('',(3.26743237367401,-16.2860801981775,28.));
#7636=CARTESIAN_POINT('',(3.41751340668014,-16.1059983427887,28.));
#7637=CARTESIAN_POINT('',(3.50005797483351,-16.0609778789415,28.));
#7638=CARTESIAN_POINT('',(3.72035549113893,-16.0609778789415,28.));
#7639=CARTESIAN_POINT('',(3.8522123987086,-16.1331982063631,28.));
#7640=CARTESIAN_POINT('',(3.98674932472481,-16.2785767875363,28.));
#7641=CARTESIAN_POINT('',(3.0969832004742,-16.7550433632526,28.));
#7642=CARTESIAN_POINT('',(3.0969832004742,-16.7550433632526,29.));
#7643=CARTESIAN_POINT('',(3.98674932472481,-16.2785767875363,29.));
#7644=CARTESIAN_POINT('',(3.8522123987086,-16.1331982063631,29.));
#7645=CARTESIAN_POINT('',(3.72035549113893,-16.0609778789415,29.));
#7646=CARTESIAN_POINT('',(3.50005797483351,-16.0609778789415,29.));
#7647=CARTESIAN_POINT('',(3.41751340668014,-16.1059983427887,29.));
#7648=CARTESIAN_POINT('',(3.26743237367401,-16.2860801981775,29.));
#7649=CARTESIAN_POINT('',(3.18542380920995,-16.4727275378774,29.));
#7650=CARTESIAN_POINT('',(3.0969832004742,-16.7550433632526,29.));
#7651=CARTESIAN_POINT('',(3.0969832004742,-16.1510188066359,28.));
#7652=CARTESIAN_POINT('',(3.0969832004742,-16.3523603255081,28.));
#7653=CARTESIAN_POINT('',(3.0969832004742,-16.5537018443803,28.));
#7654=CARTESIAN_POINT('',(3.0969832004742,-16.7550433632526,28.));
#7655=CARTESIAN_POINT('',(3.0969832004742,-16.1510188066359,28.));
#7656=CARTESIAN_POINT('',(3.0969832004742,-16.1510188066359,29.));
#7657=CARTESIAN_POINT('',(3.0969832004742,-16.7550433632526,29.));
#7658=CARTESIAN_POINT('',(2.74965280980288,-16.1510188066359,28.));
#7659=CARTESIAN_POINT('',(2.86542960669332,-16.1510188066359,28.));
#7660=CARTESIAN_POINT('',(2.98120640358376,-16.1510188066359,28.));
#7661=CARTESIAN_POINT('',(3.0969832004742,-16.1510188066359,28.));
#7662=CARTESIAN_POINT('',(3.0969832004742,-16.1510188066359,29.));
#7663=CARTESIAN_POINT('',(3.14156236721249,-17.7946977022533,28.));
#7664=CARTESIAN_POINT('',(4.50774491073179,-17.7605003891734,28.));
#7665=CARTESIAN_POINT('',(4.93154516107766,-17.7605003891734,28.));
#7666=CARTESIAN_POINT('',(5.35534541142354,-17.7605003891734,28.));
#7667=CARTESIAN_POINT('',(5.77914566176941,-17.7605003891734,28.));
#7668=CARTESIAN_POINT('',(4.50774491073179,-17.7605003891734,28.));
#7669=CARTESIAN_POINT('',(5.77914566176941,-17.7605003891734,28.));
#7670=CARTESIAN_POINT('',(5.77914566176941,-17.7605003891734,29.));
#7671=CARTESIAN_POINT('',(5.77914566176941,-17.7605003891734,29.));
#7672=CARTESIAN_POINT('',(5.77914566176941,-17.7605003891734,29.));
#7673=CARTESIAN_POINT('',(5.35534541142354,-17.7605003891734,29.));
#7674=CARTESIAN_POINT('',(4.93154516107766,-17.7605003891734,29.));
#7675=CARTESIAN_POINT('',(4.50774491073179,-17.7605003891734,29.));
#7676=CARTESIAN_POINT('',(4.50774491073179,-17.7605003891734,29.));
#7677=CARTESIAN_POINT('',(4.50774491073179,-17.7605003891734,29.));
#7678=CARTESIAN_POINT('',(5.77914566176941,-17.7605003891734,29.));
#7679=CARTESIAN_POINT('',(5.77485763225495,-18.8522466374681,28.));
#7680=CARTESIAN_POINT('',(5.90778654720323,-18.8810097115927,28.));
#7681=CARTESIAN_POINT('',(6.04071546215151,-18.9097727857173,28.));
#7682=CARTESIAN_POINT('',(6.1736443770998,-18.9385358598419,28.));
#7683=CARTESIAN_POINT('',(5.77485763225495,-18.8522466374681,28.));
#7684=CARTESIAN_POINT('',(6.1736443770998,-18.9385358598419,28.));
#7685=CARTESIAN_POINT('',(6.1736443770998,-18.9385358598419,29.));
#7686=CARTESIAN_POINT('',(5.77485763225495,-18.8522466374681,29.));
#7687=CARTESIAN_POINT('',(6.1736443770998,-18.9385358598419,29.));
#7688=CARTESIAN_POINT('',(4.48630476315949,-18.3157527766223,28.));
#7689=CARTESIAN_POINT('',(4.50077686277079,-18.7537643728024,28.));
#7690=CARTESIAN_POINT('',(4.5715293497594,-19.0886040726659,28.));
#7691=CARTESIAN_POINT('',(4.8255950984912,-19.5538155324204,28.));
#7692=CARTESIAN_POINT('',(4.98425219052625,-19.670118397359,28.));
#7693=CARTESIAN_POINT('',(5.31603847420765,-19.670118397359,28.));
#7694=CARTESIAN_POINT('',(5.43663930430186,-19.6054014805786,28.));
#7695=CARTESIAN_POINT('',(5.6371046841029,-19.3446579607969,28.));
#7696=CARTESIAN_POINT('',(5.71643323012042,-19.1373762418337,28.));
#7697=CARTESIAN_POINT('',(5.77485763225495,-18.8522466374681,28.));
#7698=CARTESIAN_POINT('',(4.48630476315949,-18.3157527766223,28.));
#7699=CARTESIAN_POINT('',(4.48630476315949,-18.3157527766223,29.));
#7700=CARTESIAN_POINT('',(5.77485763225495,-18.8522466374681,29.));
#7701=CARTESIAN_POINT('',(5.71643323012042,-19.1373762418337,29.));
#7702=CARTESIAN_POINT('',(5.6371046841029,-19.3446579607969,29.));
#7703=CARTESIAN_POINT('',(5.43663930430186,-19.6054014805786,29.));
#7704=CARTESIAN_POINT('',(5.31603847420765,-19.670118397359,29.));
#7705=CARTESIAN_POINT('',(4.98425219052625,-19.670118397359,29.));
#7706=CARTESIAN_POINT('',(4.8255950984912,-19.5538155324204,29.));
#7707=CARTESIAN_POINT('',(4.5715293497594,-19.0886040726659,29.));
#7708=CARTESIAN_POINT('',(4.50077686277079,-18.7537643728024,29.));
#7709=CARTESIAN_POINT('',(4.48630476315949,-18.3157527766223,29.));
#7710=CARTESIAN_POINT('',(6.18436445088595,-18.3157527766223,28.));
#7711=CARTESIAN_POINT('',(5.61834455497713,-18.3157527766223,28.));
#7712=CARTESIAN_POINT('',(5.05232465906831,-18.3157527766223,28.));
#7713=CARTESIAN_POINT('',(4.48630476315949,-18.3157527766223,28.));
#7714=CARTESIAN_POINT('',(6.18436445088595,-18.3157527766223,28.));
#7715=CARTESIAN_POINT('',(6.18436445088595,-18.3157527766223,29.));
#7716=CARTESIAN_POINT('',(4.48630476315949,-18.3157527766223,29.));
#7717=CARTESIAN_POINT('',(6.1736443770998,-18.9385358598419,28.));
#7718=CARTESIAN_POINT('',(6.11093194545081,-19.3465338134572,28.));
#7719=CARTESIAN_POINT('',(5.99408314118175,-19.6626149867178,28.));
#7720=CARTESIAN_POINT('',(5.65425680216074,-20.1128196251898,28.));
#7721=CARTESIAN_POINT('',(5.43663930430186,-20.2253707848078,28.));
#7722=CARTESIAN_POINT('',(4.83953119441319,-20.2253707848078,28.));
#7723=CARTESIAN_POINT('',(4.57528137558455,-20.0462268557492,28.));
#7724=CARTESIAN_POINT('',(4.18507068976862,-19.3277752868542,28.));
#7725=CARTESIAN_POINT('',(4.08751801831464,-18.8250467738938,28.));
#7726=CARTESIAN_POINT('',(4.08751801831464,-17.5063223537028,28.));
#7727=CARTESIAN_POINT('',(4.18614269714723,-16.9867111667996,28.));
#7728=CARTESIAN_POINT('',(4.58064141247762,-16.2457493659811,28.));
#7729=CARTESIAN_POINT('',(4.83631517227735,-16.0609778789415,28.));
#7730=CARTESIAN_POINT('',(5.45539943342762,-16.0609778789415,28.));
#7731=CARTESIAN_POINT('',(5.70410514526635,-16.2419976606605,28.));
#7732=CARTESIAN_POINT('',(6.09002780156781,-16.9679526401966,28.));
#7733=CARTESIAN_POINT('',(6.18650846564318,-17.4781845637983,28.));
#7734=CARTESIAN_POINT('',(6.18650846564318,-18.1760017534299,28.));
#7735=CARTESIAN_POINT('',(6.18597246195387,-18.2360290385595,28.));
#7736=CARTESIAN_POINT('',(6.18436445088595,-18.3157527766223,28.));
#7737=CARTESIAN_POINT('',(6.18436445088595,-18.3157527766223,29.));
#7738=CARTESIAN_POINT('',(6.18597246195387,-18.2360290385595,29.));
#7739=CARTESIAN_POINT('',(6.18650846564318,-18.1760017534299,29.));
#7740=CARTESIAN_POINT('',(6.18650846564318,-17.4781845637983,29.));
#7741=CARTESIAN_POINT('',(6.09002780156781,-16.9679526401966,29.));
#7742=CARTESIAN_POINT('',(5.70410514526635,-16.2419976606605,29.));
#7743=CARTESIAN_POINT('',(5.45539943342762,-16.0609778789415,29.));
#7744=CARTESIAN_POINT('',(4.83631517227735,-16.0609778789415,29.));
#7745=CARTESIAN_POINT('',(4.58064141247762,-16.2457493659811,29.));
#7746=CARTESIAN_POINT('',(4.18614269714723,-16.9867111667996,29.));
#7747=CARTESIAN_POINT('',(4.08751801831464,-17.5063223537028,29.));
#7748=CARTESIAN_POINT('',(4.08751801831464,-18.8250467738938,29.));
#7749=CARTESIAN_POINT('',(4.18507068976862,-19.3277752868542,29.));
#7750=CARTESIAN_POINT('',(4.57528137558455,-20.0462268557492,29.));
#7751=CARTESIAN_POINT('',(4.83953119441319,-20.2253707848078,29.));
#7752=CARTESIAN_POINT('',(5.43663930430186,-20.2253707848078,29.));
#7753=CARTESIAN_POINT('',(5.65425680216074,-20.1128196251898,29.));
#7754=CARTESIAN_POINT('',(5.99408314118175,-19.6626149867178,29.));
#7755=CARTESIAN_POINT('',(6.11093194545081,-19.3465338134572,29.));
#7756=CARTESIAN_POINT('',(6.1736443770998,-18.9385358598419,29.));
#7757=CARTESIAN_POINT('',(5.77914566176941,-17.7605003891734,28.));
#7758=CARTESIAN_POINT('',(5.76199354371157,-17.4256606893099,28.));
#7759=CARTESIAN_POINT('',(5.71277138289566,-17.1745077864281,28.));
#7760=CARTESIAN_POINT('',(5.5106078134263,-16.7466020262812,28.));
#7761=CARTESIAN_POINT('',(5.35087871401264,-16.6162302663903,28.));
#7762=CARTESIAN_POINT('',(4.97782014625455,-16.6162302663903,28.));
#7763=CARTESIAN_POINT('',(4.82881112062704,-16.720340089037,28.));
#7764=CARTESIAN_POINT('',(4.58760946043862,-17.1349035269633,28.));
#7765=CARTESIAN_POINT('',(4.52060899927517,-17.4125297206878,28.));
#7766=CARTESIAN_POINT('',(4.50774491073179,-17.7605003891734,28.));
#7767=CARTESIAN_POINT('',(4.50774491073179,-17.7605003891734,29.));
#7768=CARTESIAN_POINT('',(4.52060899927517,-17.4125297206878,29.));
#7769=CARTESIAN_POINT('',(4.58760946043862,-17.1349035269633,29.));
#7770=CARTESIAN_POINT('',(4.82881112062704,-16.720340089037,29.));
#7771=CARTESIAN_POINT('',(4.97782014625455,-16.6162302663903,29.));
#7772=CARTESIAN_POINT('',(5.35087871401264,-16.6162302663903,29.));
#7773=CARTESIAN_POINT('',(5.5106078134263,-16.7466020262812,29.));
#7774=CARTESIAN_POINT('',(5.71277138289566,-17.1745077864281,29.));
#7775=CARTESIAN_POINT('',(5.76199354371157,-17.4256606893099,29.));
#7776=CARTESIAN_POINT('',(5.77914566176941,-17.7605003891734,29.));
#7777=CARTESIAN_POINT('',(4.50774491073179,-17.7605003891734,29.));
#7778=CARTESIAN_POINT('',(4.52060899927517,-17.4125297206878,29.));
#7779=CARTESIAN_POINT('',(4.58760946043862,-17.1349035269633,29.));
#7780=CARTESIAN_POINT('',(4.82881112062704,-16.720340089037,29.));
#7781=CARTESIAN_POINT('',(4.97782014625455,-16.6162302663903,29.));
#7782=CARTESIAN_POINT('',(5.35087871401264,-16.6162302663903,29.));
#7783=CARTESIAN_POINT('',(5.5106078134263,-16.7466020262812,29.));
#7784=CARTESIAN_POINT('',(5.71277138289566,-17.1745077864281,29.));
#7785=CARTESIAN_POINT('',(5.76199354371157,-17.4256606893099,29.));
#7786=CARTESIAN_POINT('',(5.77914566176941,-17.7605003891734,29.));
#7787=CARTESIAN_POINT('',(5.03443849772755,-19.6471918980638,28.));
#7788=CARTESIAN_POINT('',(6.64961565320495,-20.1353298571134,28.));
#7789=CARTESIAN_POINT('',(6.64961565320495,-14.6353298571134,28.));
#7790=CARTESIAN_POINT('',(6.64961565320495,-20.1353298571134,28.));
#7791=CARTESIAN_POINT('',(6.64961565320495,-14.6353298571134,28.));
#7792=CARTESIAN_POINT('',(6.64961565320495,-14.6353298571134,29.));
#7793=CARTESIAN_POINT('',(6.64961565320495,-20.1353298571134,29.));
#7794=CARTESIAN_POINT('',(6.64961565320495,-14.6353298571134,29.));
#7795=CARTESIAN_POINT('',(7.03553830950642,-20.1353298571134,28.));
#7796=CARTESIAN_POINT('',(6.64961565320495,-20.1353298571134,28.));
#7797=CARTESIAN_POINT('',(7.03553830950642,-20.1353298571134,28.));
#7798=CARTESIAN_POINT('',(7.03553830950642,-20.1353298571134,29.));
#7799=CARTESIAN_POINT('',(6.64961565320495,-20.1353298571134,29.));
#7800=CARTESIAN_POINT('',(7.03553830950641,-14.6353298571134,28.));
#7801=CARTESIAN_POINT('',(7.03553830950642,-20.1353298571134,28.));
#7802=CARTESIAN_POINT('',(7.03553830950641,-14.6353298571134,28.));
#7803=CARTESIAN_POINT('',(7.03553830950641,-14.6353298571134,29.));
#7804=CARTESIAN_POINT('',(7.03553830950642,-20.1353298571134,29.));
#7805=CARTESIAN_POINT('',(6.64961565320495,-14.6353298571134,28.));
#7806=CARTESIAN_POINT('',(7.03553830950641,-14.6353298571134,28.));
#7807=CARTESIAN_POINT('',(7.03553830950641,-14.6353298571134,29.));
#7808=CARTESIAN_POINT('',(6.64961565320495,-17.3853298571134,28.));
#7809=CARTESIAN_POINT('',(7.62514236774476,-20.1353298571134,28.));
#7810=CARTESIAN_POINT('',(7.62514236774476,-14.6353298571134,28.));
#7811=CARTESIAN_POINT('',(7.62514236774476,-20.1353298571134,28.));
#7812=CARTESIAN_POINT('',(7.62514236774476,-14.6353298571134,28.));
#7813=CARTESIAN_POINT('',(7.62514236774476,-14.6353298571134,29.));
#7814=CARTESIAN_POINT('',(7.62514236774476,-20.1353298571134,29.));
#7815=CARTESIAN_POINT('',(7.62514236774476,-14.6353298571134,29.));
#7816=CARTESIAN_POINT('',(8.01106502404623,-20.1353298571134,28.));
#7817=CARTESIAN_POINT('',(7.62514236774476,-20.1353298571134,28.));
#7818=CARTESIAN_POINT('',(8.01106502404623,-20.1353298571134,28.));
#7819=CARTESIAN_POINT('',(8.01106502404623,-20.1353298571134,29.));
#7820=CARTESIAN_POINT('',(7.62514236774476,-20.1353298571134,29.));
#7821=CARTESIAN_POINT('',(8.01106502404623,-14.6353298571134,28.));
#7822=CARTESIAN_POINT('',(8.01106502404623,-20.1353298571134,28.));
#7823=CARTESIAN_POINT('',(8.01106502404623,-14.6353298571134,28.));
#7824=CARTESIAN_POINT('',(8.01106502404623,-14.6353298571134,29.));
#7825=CARTESIAN_POINT('',(8.01106502404623,-20.1353298571134,29.));
#7826=CARTESIAN_POINT('',(7.62514236774476,-14.6353298571134,28.));
#7827=CARTESIAN_POINT('',(8.01106502404623,-14.6353298571134,28.));
#7828=CARTESIAN_POINT('',(8.01106502404623,-14.6353298571134,29.));
#7829=CARTESIAN_POINT('',(7.62514236774476,-17.3853298571134,28.));
#7830=CARTESIAN_POINT('',(10.0628871467157,-18.1356709212335,28.));
#7831=CARTESIAN_POINT('',(9.92299018380643,-18.2360290385595,28.));
#7832=CARTESIAN_POINT('',(9.71287673759785,-18.320442408273,28.));
#7833=CARTESIAN_POINT('',(9.43254680808998,-18.3907868830343,28.));
#7834=CARTESIAN_POINT('',(10.0628871467157,-18.1356709212335,28.));
#7835=CARTESIAN_POINT('',(9.43254680808998,-18.3907868830343,28.));
#7836=CARTESIAN_POINT('',(9.43254680808998,-18.3907868830343,29.));
#7837=CARTESIAN_POINT('',(9.43254680808998,-18.3907868830343,29.));
#7838=CARTESIAN_POINT('',(9.43254680808998,-18.3907868830343,29.));
#7839=CARTESIAN_POINT('',(9.71287673759785,-18.320442408273,29.));
#7840=CARTESIAN_POINT('',(9.92299018380643,-18.2360290385595,29.));
#7841=CARTESIAN_POINT('',(10.0628871467157,-18.1356709212335,29.));
#7842=CARTESIAN_POINT('',(10.0628871467157,-18.1356709212335,29.));
#7843=CARTESIAN_POINT('',(10.0628871467157,-18.1356709212335,29.));
#7844=CARTESIAN_POINT('',(9.43254680808998,-18.3907868830343,29.));
#7845=CARTESIAN_POINT('',(9.71287673759785,-18.320442408273,29.));
#7846=CARTESIAN_POINT('',(9.92299018380643,-18.2360290385595,29.));
#7847=CARTESIAN_POINT('',(10.0628871467157,-18.1356709212335,29.));
#7848=CARTESIAN_POINT('',(10.0950473680742,-19.6438564601148,28.));
#7849=CARTESIAN_POINT('',(9.95193438302904,-19.8567657370588,28.));
#7850=CARTESIAN_POINT('',(9.8147174385663,-20.0068339498828,28.));
#7851=CARTESIAN_POINT('',(9.68232452730732,-20.0940610985868,28.));
#7852=CARTESIAN_POINT('',(10.0950473680742,-19.6438564601148,28.));
#7853=CARTESIAN_POINT('',(9.68232452730732,-20.0940610985868,28.));
#7854=CARTESIAN_POINT('',(9.68232452730732,-20.0940610985868,29.));
#7855=CARTESIAN_POINT('',(10.0950473680742,-19.6438564601148,29.));
#7856=CARTESIAN_POINT('',(9.68232452730732,-20.0940610985868,29.));
#7857=CARTESIAN_POINT('',(9.8147174385663,-20.0068339498828,29.));
#7858=CARTESIAN_POINT('',(9.95193438302904,-19.8567657370588,29.));
#7859=CARTESIAN_POINT('',(10.0950473680742,-19.6438564601148,29.));
#7860=CARTESIAN_POINT('',(10.1722318993345,-20.1353298571134,28.));
#7861=CARTESIAN_POINT('',(10.1320316226364,-19.995578833921,28.));
#7862=CARTESIAN_POINT('',(10.1063034455496,-19.8314417261448,28.));
#7863=CARTESIAN_POINT('',(10.0950473680742,-19.6438564601148,28.));
#7864=CARTESIAN_POINT('',(10.1722318993345,-20.1353298571134,28.));
#7865=CARTESIAN_POINT('',(10.1722318993345,-20.1353298571134,29.));
#7866=CARTESIAN_POINT('',(10.0950473680742,-19.6438564601148,29.));
#7867=CARTESIAN_POINT('',(10.1063034455496,-19.8314417261448,29.));
#7868=CARTESIAN_POINT('',(10.1320316226364,-19.995578833921,29.));
#7869=CARTESIAN_POINT('',(10.1722318993345,-20.1353298571134,29.));
#7870=CARTESIAN_POINT('',(10.5753066736938,-20.1353298571134,28.));
#7871=CARTESIAN_POINT('',(10.440948415574,-20.1353298571134,28.));
#7872=CARTESIAN_POINT('',(10.3065901574542,-20.1353298571134,28.));
#7873=CARTESIAN_POINT('',(10.1722318993345,-20.1353298571134,28.));
#7874=CARTESIAN_POINT('',(10.5753066736938,-20.1353298571134,28.));
#7875=CARTESIAN_POINT('',(10.5753066736938,-20.1353298571134,29.));
#7876=CARTESIAN_POINT('',(10.1722318993345,-20.1353298571134,29.));
#7877=CARTESIAN_POINT('',(10.4338016997166,-16.9426286292826,28.));
#7878=CARTESIAN_POINT('',(10.44666578826,-17.057993567891,28.));
#7879=CARTESIAN_POINT('',(10.4530978325316,-17.2652752868542,28.));
#7880=CARTESIAN_POINT('',(10.4530978325316,-17.8655481381502,28.));
#7881=CARTESIAN_POINT('',(10.4530978325316,-18.1656845637983,28.));
#7882=CARTESIAN_POINT('',(10.4530978325316,-19.0932937043167,28.));
#7883=CARTESIAN_POINT('',(10.4611378878713,-19.4909744683003,28.));
#7884=CARTESIAN_POINT('',(10.4943701166083,-19.8230003891734,28.));
#7885=CARTESIAN_POINT('',(10.5265303379668,-19.9824478652989,28.));
#7886=CARTESIAN_POINT('',(10.5753066736938,-20.1353298571134,28.));
#7887=CARTESIAN_POINT('',(10.4338016997166,-16.9426286292826,28.));
#7888=CARTESIAN_POINT('',(10.4338016997166,-16.9426286292826,29.));
#7889=CARTESIAN_POINT('',(10.5753066736938,-20.1353298571134,29.));
#7890=CARTESIAN_POINT('',(10.5265303379668,-19.9824478652989,29.));
#7891=CARTESIAN_POINT('',(10.4943701166083,-19.8230003891734,29.));
#7892=CARTESIAN_POINT('',(10.4611378878713,-19.4909744683003,29.));
#7893=CARTESIAN_POINT('',(10.4530978325316,-19.0932937043167,29.));
#7894=CARTESIAN_POINT('',(10.4530978325316,-18.1656845637983,29.));
#7895=CARTESIAN_POINT('',(10.4530978325316,-17.8655481381502,29.));
#7896=CARTESIAN_POINT('',(10.4530978325316,-17.2652752868542,29.));
#7897=CARTESIAN_POINT('',(10.44666578826,-17.057993567891,29.));
#7898=CARTESIAN_POINT('',(10.4338016997166,-16.9426286292826,29.));
#7899=CARTESIAN_POINT('',(8.5449246985966,-17.2877855187778,28.));
#7900=CARTESIAN_POINT('',(8.57922893471229,-17.0054696934026,28.));
#7901=CARTESIAN_POINT('',(8.63550932208958,-16.776615668846,28.));
#7902=CARTESIAN_POINT('',(8.79309440674602,-16.4295829266905,28.));
#7903=CARTESIAN_POINT('',(8.90672718887923,-16.295459461479,28.));
#7904=CARTESIAN_POINT('',(9.20367323275564,-16.107874195449,28.));
#7905=CARTESIAN_POINT('',(9.37626642071269,-16.0609778789415,28.));
#7906=CARTESIAN_POINT('',(9.76647710652861,-16.0609778789415,28.));
#7907=CARTESIAN_POINT('',(9.92406219118504,-16.101308711138,28.));
#7908=CARTESIAN_POINT('',(10.1674078661307,-16.2607561872635,28.));
#7909=CARTESIAN_POINT('',(10.2563844785558,-16.3620522309197,28.));
#7910=CARTESIAN_POINT('',(10.3710892680676,-16.6040372240984,28.));
#7911=CARTESIAN_POINT('',(10.4107535410763,-16.757857142243,28.));
#7912=CARTESIAN_POINT('',(10.4338016997166,-16.9426286292826,28.));
#7913=CARTESIAN_POINT('',(8.5449246985966,-17.2877855187778,28.));
#7914=CARTESIAN_POINT('',(8.5449246985966,-17.2877855187778,29.));
#7915=CARTESIAN_POINT('',(10.4338016997166,-16.9426286292826,29.));
#7916=CARTESIAN_POINT('',(10.4107535410763,-16.757857142243,29.));
#7917=CARTESIAN_POINT('',(10.3710892680676,-16.6040372240984,29.));
#7918=CARTESIAN_POINT('',(10.2563844785558,-16.3620522309197,29.));
#7919=CARTESIAN_POINT('',(10.1674078661307,-16.2607561872635,29.));
#7920=CARTESIAN_POINT('',(9.92406219118504,-16.101308711138,29.));
#7921=CARTESIAN_POINT('',(9.76647710652861,-16.0609778789415,29.));
#7922=CARTESIAN_POINT('',(9.37626642071269,-16.0609778789415,29.));
#7923=CARTESIAN_POINT('',(9.20367323275564,-16.107874195449,29.));
#7924=CARTESIAN_POINT('',(8.90672718887923,-16.295459461479,29.));
#7925=CARTESIAN_POINT('',(8.79309440674602,-16.4295829266905,29.));
#7926=CARTESIAN_POINT('',(8.63550932208958,-16.776615668846,29.));
#7927=CARTESIAN_POINT('',(8.57922893471229,-17.0054696934026,29.));
#7928=CARTESIAN_POINT('',(8.5449246985966,-17.2877855187778,29.));
#7929=CARTESIAN_POINT('',(8.92227129586915,-17.3778264464722,28.));
#7930=CARTESIAN_POINT('',(8.7964890967783,-17.3478128039074,28.));
#7931=CARTESIAN_POINT('',(8.67070689768745,-17.3177991613426,28.));
#7932=CARTESIAN_POINT('',(8.5449246985966,-17.2877855187778,28.));
#7933=CARTESIAN_POINT('',(8.92227129586915,-17.3778264464722,28.));
#7934=CARTESIAN_POINT('',(8.92227129586915,-17.3778264464722,29.));
#7935=CARTESIAN_POINT('',(8.5449246985966,-17.2877855187778,29.));
#7936=CARTESIAN_POINT('',(10.0628871467157,-17.6066804710288,28.));
#7937=CARTESIAN_POINT('',(10.0644951577836,-17.513825764344,28.));
#7938=CARTESIAN_POINT('',(10.0650311614729,-17.4556743318747,28.));
#7939=CARTESIAN_POINT('',(10.0650311614729,-17.1555379062266,28.));
#7940=CARTESIAN_POINT('',(10.0283786912207,-16.9615191608596,28.));
#7941=CARTESIAN_POINT('',(9.8570617300216,-16.6959540044531,28.));
#7942=CARTESIAN_POINT('',(9.71073272284062,-16.6199819717109,28.));
#7943=CARTESIAN_POINT('',(9.33445813294669,-16.6199819717109,28.));
#7944=CARTESIAN_POINT('',(9.20045721061979,-16.6753196251898,28.));
#7945=CARTESIAN_POINT('',(9.02786402266275,-16.8985460917655,28.));
#7946=CARTESIAN_POINT('',(8.96354357994584,-17.095510621097,28.));
#7947=CARTESIAN_POINT('',(8.92227129586915,-17.3778264464722,28.));
#7948=CARTESIAN_POINT('',(10.0628871467157,-17.6066804710288,28.));
#7949=CARTESIAN_POINT('',(10.0628871467157,-17.6066804710288,29.));
#7950=CARTESIAN_POINT('',(8.92227129586915,-17.3778264464722,29.));
#7951=CARTESIAN_POINT('',(8.96354357994584,-17.095510621097,29.));
#7952=CARTESIAN_POINT('',(9.02786402266275,-16.8985460917655,29.));
#7953=CARTESIAN_POINT('',(9.20045721061979,-16.6753196251898,29.));
#7954=CARTESIAN_POINT('',(9.33445813294669,-16.6199819717109,29.));
#7955=CARTESIAN_POINT('',(9.71073272284062,-16.6199819717109,29.));
#7956=CARTESIAN_POINT('',(9.8570617300216,-16.6959540044531,29.));
#7957=CARTESIAN_POINT('',(10.0283786912207,-16.9615191608596,29.));
#7958=CARTESIAN_POINT('',(10.0650311614729,-17.1555379062266,29.));
#7959=CARTESIAN_POINT('',(10.0650311614729,-17.4556743318747,29.));
#7960=CARTESIAN_POINT('',(10.0644951577836,-17.513825764344,29.));
#7961=CARTESIAN_POINT('',(10.0628871467157,-17.6066804710288,29.));
#7962=CARTESIAN_POINT('',(9.0316160484879,-17.9405822445622,28.));
#7963=CARTESIAN_POINT('',(9.10719256868027,-17.9058789703467,28.));
#7964=CARTESIAN_POINT('',(9.22167837830097,-17.8710775276626,28.));
#7965=CARTESIAN_POINT('',(9.68607655313247,-17.7745692841257,28.));
#7966=CARTESIAN_POINT('',(9.91548613215613,-17.6967213987232,28.));
#7967=CARTESIAN_POINT('',(10.0628871467157,-17.6066804710288,28.));
#7968=CARTESIAN_POINT('',(9.0316160484879,-17.9405822445622,28.));
#7969=CARTESIAN_POINT('',(9.0316160484879,-17.9405822445622,29.));
#7970=CARTESIAN_POINT('',(10.0628871467157,-17.6066804710288,29.));
#7971=CARTESIAN_POINT('',(9.91548613215613,-17.6967213987232,29.));
#7972=CARTESIAN_POINT('',(9.68607655313247,-17.7745692841257,29.));
#7973=CARTESIAN_POINT('',(9.22167837830097,-17.8710775276626,29.));
#7974=CARTESIAN_POINT('',(9.10719256868027,-17.9058789703467,29.));
#7975=CARTESIAN_POINT('',(9.0316160484879,-17.9405822445622,29.));
#7976=CARTESIAN_POINT('',(9.68232452730732,-20.0940610985868,28.));
#7977=CARTESIAN_POINT('',(9.54993161604835,-20.1812882472908,28.));
#7978=CARTESIAN_POINT('',(9.40842664207114,-20.2253707848078,28.));
#7979=CARTESIAN_POINT('',(9.00642387509045,-20.2253707848078,28.));
#7980=CARTESIAN_POINT('',(8.81453455431832,-20.1184471831707,28.));
#7981=CARTESIAN_POINT('',(8.54546070228591,-19.6907527766223,28.));
#7982=CARTESIAN_POINT('',(8.47846024112246,-19.4178162145486,28.));
#7983=CARTESIAN_POINT('',(8.47846024112246,-18.8897636906741,28.));
#7984=CARTESIAN_POINT('',(8.50365241451992,-18.7115576879456,28.));
#7985=CARTESIAN_POINT('',(8.60549311548836,-18.388911030374,28.));
#7986=CARTESIAN_POINT('',(8.6719575729625,-18.2594771968133,28.));
#7987=CARTESIAN_POINT('',(8.83597470189063,-18.0643885201421,28.));
#7988=CARTESIAN_POINT('',(8.92870334014084,-17.9902923400602,28.));
#7989=CARTESIAN_POINT('',(9.0316160484879,-17.9405822445622,28.));
#7990=CARTESIAN_POINT('',(9.0316160484879,-17.9405822445622,29.));
#7991=CARTESIAN_POINT('',(8.92870334014084,-17.9902923400602,29.));
#7992=CARTESIAN_POINT('',(8.83597470189063,-18.0643885201421,29.));
#7993=CARTESIAN_POINT('',(8.6719575729625,-18.2594771968133,29.));
#7994=CARTESIAN_POINT('',(8.60549311548836,-18.388911030374,29.));
#7995=CARTESIAN_POINT('',(8.50365241451992,-18.7115576879456,29.));
#7996=CARTESIAN_POINT('',(8.47846024112246,-18.8897636906741,29.));
#7997=CARTESIAN_POINT('',(8.47846024112246,-19.4178162145486,29.));
#7998=CARTESIAN_POINT('',(8.54546070228591,-19.6907527766223,29.));
#7999=CARTESIAN_POINT('',(8.81453455431832,-20.1184471831707,29.));
#8000=CARTESIAN_POINT('',(9.00642387509045,-20.2253707848078,29.));
#8001=CARTESIAN_POINT('',(9.40842664207114,-20.2253707848078,29.));
#8002=CARTESIAN_POINT('',(9.54993161604835,-20.1812882472908,29.));
#8003=CARTESIAN_POINT('',(9.68232452730732,-20.0940610985868,29.));
#8004=CARTESIAN_POINT('',(9.43254680808998,-18.3907868830343,28.));
#8005=CARTESIAN_POINT('',(9.27388971605493,-18.4311177152307,28.));
#8006=CARTESIAN_POINT('',(9.16186494498965,-18.4761381790779,28.));
#8007=CARTESIAN_POINT('',(9.03000803741998,-18.5755583700738,28.));
#8008=CARTESIAN_POINT('',(8.97962369062507,-18.6487166238255,28.));
#8009=CARTESIAN_POINT('',(8.90779919625785,-18.8419294478365,28.));
#8010=CARTESIAN_POINT('',(8.8901110745107,-18.9488530494736,28.));
#8011=CARTESIAN_POINT('',(8.8901110745107,-19.2461756961311,28.));
#8012=CARTESIAN_POINT('',(8.92923934383015,-19.3962439089551,28.));
#8013=CARTESIAN_POINT('',(9.08468041372935,-19.6363530494736,28.));
#8014=CARTESIAN_POINT('',(9.19884919955187,-19.6963803346032,28.));
#8015=CARTESIAN_POINT('',(9.4974032544962,-19.6963803346032,28.));
#8016=CARTESIAN_POINT('',(9.62979616575518,-19.639166828464,28.));
#8017=CARTESIAN_POINT('',(9.86134975953606,-19.4121886565677,28.));
#8018=CARTESIAN_POINT('',(9.94723608566453,-19.2566727170758,28.));
#8019=CARTESIAN_POINT('',(10.0419830028327,-18.9057084382867,28.));
#8020=CARTESIAN_POINT('',(10.0628871467157,-18.6806061190506,28.));
#8021=CARTESIAN_POINT('',(10.0628871467157,-18.3007459553399,28.));
#8022=CARTESIAN_POINT('',(10.0628871467157,-18.2182084382867,28.));
#8023=CARTESIAN_POINT('',(10.0628871467157,-18.1356709212335,28.));
#8024=CARTESIAN_POINT('',(10.0628871467157,-18.1356709212335,29.));
#8025=CARTESIAN_POINT('',(10.0628871467157,-18.2182084382867,29.));
#8026=CARTESIAN_POINT('',(10.0628871467157,-18.3007459553399,29.));
#8027=CARTESIAN_POINT('',(10.0628871467157,-18.6806061190506,29.));
#8028=CARTESIAN_POINT('',(10.0419830028327,-18.9057084382867,29.));
#8029=CARTESIAN_POINT('',(9.94723608566453,-19.2566727170758,29.));
#8030=CARTESIAN_POINT('',(9.86134975953606,-19.4121886565677,29.));
#8031=CARTESIAN_POINT('',(9.62979616575518,-19.639166828464,29.));
#8032=CARTESIAN_POINT('',(9.4974032544962,-19.6963803346032,29.));
#8033=CARTESIAN_POINT('',(9.19884919955187,-19.6963803346032,29.));
#8034=CARTESIAN_POINT('',(9.08468041372935,-19.6363530494736,29.));
#8035=CARTESIAN_POINT('',(8.92923934383015,-19.3962439089551,29.));
#8036=CARTESIAN_POINT('',(8.8901110745107,-19.2461756961311,29.));
#8037=CARTESIAN_POINT('',(8.8901110745107,-18.9488530494736,29.));
#8038=CARTESIAN_POINT('',(8.90779919625785,-18.8419294478365,29.));
#8039=CARTESIAN_POINT('',(8.97962369062507,-18.6487166238255,29.));
#8040=CARTESIAN_POINT('',(9.03000803741998,-18.5755583700738,29.));
#8041=CARTESIAN_POINT('',(9.16186494498965,-18.4761381790779,29.));
#8042=CARTESIAN_POINT('',(9.27388971605493,-18.4311177152307,29.));
#8043=CARTESIAN_POINT('',(9.43254680808998,-18.3907868830343,29.));
#8044=CARTESIAN_POINT('',(10.0628871467157,-18.1356709212335,29.));
#8045=CARTESIAN_POINT('',(10.0628871467157,-18.2182084382867,29.));
#8046=CARTESIAN_POINT('',(10.0628871467157,-18.3007459553399,29.));
#8047=CARTESIAN_POINT('',(10.0628871467157,-18.6806061190506,29.));
#8048=CARTESIAN_POINT('',(10.0419830028327,-18.9057084382867,29.));
#8049=CARTESIAN_POINT('',(9.94723608566453,-19.2566727170758,29.));
#8050=CARTESIAN_POINT('',(9.86134975953606,-19.4121886565677,29.));
#8051=CARTESIAN_POINT('',(9.62979616575518,-19.639166828464,29.));
#8052=CARTESIAN_POINT('',(9.4974032544962,-19.6963803346032,29.));
#8053=CARTESIAN_POINT('',(9.19884919955187,-19.6963803346032,29.));
#8054=CARTESIAN_POINT('',(9.08468041372935,-19.6363530494736,29.));
#8055=CARTESIAN_POINT('',(8.92923934383015,-19.3962439089551,29.));
#8056=CARTESIAN_POINT('',(8.8901110745107,-19.2461756961311,29.));
#8057=CARTESIAN_POINT('',(8.8901110745107,-18.9488530494736,29.));
#8058=CARTESIAN_POINT('',(8.90779919625785,-18.8419294478365,29.));
#8059=CARTESIAN_POINT('',(8.97962369062507,-18.6487166238255,29.));
#8060=CARTESIAN_POINT('',(9.03000803741998,-18.5755583700738,29.));
#8061=CARTESIAN_POINT('',(9.16186494498965,-18.4761381790779,29.));
#8062=CARTESIAN_POINT('',(9.27388971605493,-18.4311177152307,29.));
#8063=CARTESIAN_POINT('',(9.43254680808998,-18.3907868830343,29.));
#8064=CARTESIAN_POINT('',(9.88466592002094,-19.9160895774408,28.));
#8065=CARTESIAN_POINT('',(14.5631741221423,-18.2069533223249,28.));
#8066=CARTESIAN_POINT('',(14.7018204097765,-18.2682311758947,28.));
#8067=CARTESIAN_POINT('',(14.8404666974107,-18.3295090294645,28.));
#8068=CARTESIAN_POINT('',(14.979112985045,-18.3907868830343,28.));
#8069=CARTESIAN_POINT('',(14.5631741221423,-18.2069533223249,28.));
#8070=CARTESIAN_POINT('',(14.979112985045,-18.3907868830343,28.));
#8071=CARTESIAN_POINT('',(14.979112985045,-18.3907868830343,29.));
#8072=CARTESIAN_POINT('',(14.5631741221423,-18.2069533223249,29.));
#8073=CARTESIAN_POINT('',(14.979112985045,-18.3907868830343,29.));
#8074=CARTESIAN_POINT('',(14.5160057974832,-16.3123421354217,28.));
#8075=CARTESIAN_POINT('',(14.4431092957374,-15.9118475924476,28.));
#8076=CARTESIAN_POINT('',(14.3375165689438,-15.6210904301011,28.));
#8077=CARTESIAN_POINT('',(14.0598666578824,-15.2552991613426,28.));
#8078=CARTESIAN_POINT('',(13.8856654588575,-15.164320307318,28.));
#8079=CARTESIAN_POINT('',(13.4338143487712,-15.164320307318,28.));
#8080=CARTESIAN_POINT('',(13.2322769615915,-15.2656163509742,28.));
#8081=CARTESIAN_POINT('',(12.9074587258711,-15.6708005255991,28.));
#8082=CARTESIAN_POINT('',(12.7938259437379,-15.9427991613426,28.));
#8083=CARTESIAN_POINT('',(12.6619690361682,-16.6256095296918,28.));
#8084=CARTESIAN_POINT('',(12.6292728111205,-16.9773319034981,28.));
#8085=CARTESIAN_POINT('',(12.6292728111205,-17.8083346320111,28.));
#8086=CARTESIAN_POINT('',(12.6684010804399,-18.2163325856264,28.));
#8087=CARTESIAN_POINT('',(12.8238421503391,-18.914149775258,28.));
#8088=CARTESIAN_POINT('',(12.9449789841226,-19.1748932950397,28.));
#8089=CARTESIAN_POINT('',(13.2740852493575,-19.520050184535,28.));
#8090=CARTESIAN_POINT('',(13.4520384742076,-19.6063394069088,28.));
#8091=CARTESIAN_POINT('',(13.8765533961392,-19.6063394069088,28.));
#8092=CARTESIAN_POINT('',(14.0738027538044,-19.48909861564,28.));
#8093=CARTESIAN_POINT('',(14.3964769747676,-19.0182595979047,28.));
#8094=CARTESIAN_POINT('',(14.5058217273864,-18.6693510030888,28.));
#8095=CARTESIAN_POINT('',(14.5631741221423,-18.2069533223249,28.));
#8096=CARTESIAN_POINT('',(14.5160057974832,-16.3123421354217,28.));
#8097=CARTESIAN_POINT('',(14.5160057974832,-16.3123421354217,29.));
#8098=CARTESIAN_POINT('',(14.5631741221423,-18.2069533223249,29.));
#8099=CARTESIAN_POINT('',(14.5058217273864,-18.6693510030888,29.));
#8100=CARTESIAN_POINT('',(14.3964769747676,-19.0182595979047,29.));
#8101=CARTESIAN_POINT('',(14.0738027538044,-19.48909861564,29.));
#8102=CARTESIAN_POINT('',(13.8765533961392,-19.6063394069088,29.));
#8103=CARTESIAN_POINT('',(13.4520384742076,-19.6063394069088,29.));
#8104=CARTESIAN_POINT('',(13.2740852493575,-19.520050184535,29.));
#8105=CARTESIAN_POINT('',(12.9449789841226,-19.1748932950397,29.));
#8106=CARTESIAN_POINT('',(12.8238421503391,-18.914149775258,29.));
#8107=CARTESIAN_POINT('',(12.6684010804399,-18.2163325856264,29.));
#8108=CARTESIAN_POINT('',(12.6292728111205,-17.8083346320111,29.));
#8109=CARTESIAN_POINT('',(12.6292728111205,-16.9773319034981,29.));
#8110=CARTESIAN_POINT('',(12.6619690361682,-16.6256095296918,29.));
#8111=CARTESIAN_POINT('',(12.7938259437379,-15.9427991613426,29.));
#8112=CARTESIAN_POINT('',(12.9074587258711,-15.6708005255991,29.));
#8113=CARTESIAN_POINT('',(13.2322769615915,-15.2656163509742,29.));
#8114=CARTESIAN_POINT('',(13.4338143487712,-15.164320307318,29.));
#8115=CARTESIAN_POINT('',(13.8856654588575,-15.164320307318,29.));
#8116=CARTESIAN_POINT('',(14.0598666578824,-15.2552991613426,29.));
#8117=CARTESIAN_POINT('',(14.3375165689438,-15.6210904301011,29.));
#8118=CARTESIAN_POINT('',(14.4431092957374,-15.9118475924476,29.));
#8119=CARTESIAN_POINT('',(14.5160057974832,-16.3123421354217,29.));
#8120=CARTESIAN_POINT('',(14.9255126161142,-16.1435153959947,28.));
#8121=CARTESIAN_POINT('',(14.7890103432372,-16.1997909758037,28.));
#8122=CARTESIAN_POINT('',(14.6525080703602,-16.2560665556127,28.));
#8123=CARTESIAN_POINT('',(14.5160057974832,-16.3123421354217,28.));
#8124=CARTESIAN_POINT('',(14.9255126161142,-16.1435153959947,28.));
#8125=CARTESIAN_POINT('',(14.9255126161142,-16.1435153959947,29.));
#8126=CARTESIAN_POINT('',(14.5160057974832,-16.3123421354217,29.));
#8127=CARTESIAN_POINT('',(14.979112985045,-18.3907868830343,28.));
#8128=CARTESIAN_POINT('',(14.8917443836878,-18.9882459553399,28.));
#8129=CARTESIAN_POINT('',(14.73523130641,-19.4440781517928,28.));
#8130=CARTESIAN_POINT('',(14.2817721852558,-20.0724887929933,28.));
#8131=CARTESIAN_POINT('',(14.0051942815731,-20.2291224901284,28.));
#8132=CARTESIAN_POINT('',(13.3389416957637,-20.2291224901284,28.));
#8133=CARTESIAN_POINT('',(13.0634357994596,-20.108129993539,28.));
#8134=CARTESIAN_POINT('',(12.638920877528,-19.6260358598419,28.));
#8135=CARTESIAN_POINT('',(12.4775837670464,-19.2761893386959,28.));
#8136=CARTESIAN_POINT('',(12.2556782396731,-18.3607732404695,28.));
#8137=CARTESIAN_POINT('',(12.2004698596744,-17.8692998434708,28.));
#8138=CARTESIAN_POINT('',(12.2004698596744,-16.7709881108651,28.));
#8139=CARTESIAN_POINT('',(12.2631822913234,-16.2720113032253,28.));
#8140=CARTESIAN_POINT('',(12.5129600105407,-15.4184983427887,28.));
#8141=CARTESIAN_POINT('',(12.6909132353908,-15.0949137588869,28.));
#8142=CARTESIAN_POINT('',(13.152948415574,-14.6522125310561,28.));
#8143=CARTESIAN_POINT('',(13.4070141643058,-14.5415372240984,28.));
#8144=CARTESIAN_POINT('',(13.9987622373014,-14.5415372240984,28.));
#8145=CARTESIAN_POINT('',(14.26301205613,-14.6812882472908,28.));
#8146=CARTESIAN_POINT('',(14.6918150075761,-15.2421681927205,28.));
#8147=CARTESIAN_POINT('',(14.8413600368929,-15.6360972513835,28.));
#8148=CARTESIAN_POINT('',(14.9255126161142,-16.1435153959947,28.));
#8149=CARTESIAN_POINT('',(14.9255126161142,-16.1435153959947,29.));
#8150=CARTESIAN_POINT('',(14.8413600368929,-15.6360972513835,29.));
#8151=CARTESIAN_POINT('',(14.6918150075761,-15.2421681927205,29.));
#8152=CARTESIAN_POINT('',(14.26301205613,-14.6812882472908,29.));
#8153=CARTESIAN_POINT('',(13.9987622373014,-14.5415372240984,29.));
#8154=CARTESIAN_POINT('',(13.4070141643058,-14.5415372240984,29.));
#8155=CARTESIAN_POINT('',(13.152948415574,-14.6522125310561,29.));
#8156=CARTESIAN_POINT('',(12.6909132353908,-15.0949137588869,29.));
#8157=CARTESIAN_POINT('',(12.5129600105407,-15.4184983427887,29.));
#8158=CARTESIAN_POINT('',(12.2631822913234,-16.2720113032253,29.));
#8159=CARTESIAN_POINT('',(12.2004698596744,-16.7709881108651,29.));
#8160=CARTESIAN_POINT('',(12.2004698596744,-17.8692998434708,29.));
#8161=CARTESIAN_POINT('',(12.2556782396731,-18.3607732404695,29.));
#8162=CARTESIAN_POINT('',(12.4775837670464,-19.2761893386959,29.));
#8163=CARTESIAN_POINT('',(12.638920877528,-19.6260358598419,29.));
#8164=CARTESIAN_POINT('',(13.0634357994596,-20.108129993539,29.));
#8165=CARTESIAN_POINT('',(13.3389416957637,-20.2291224901284,29.));
#8166=CARTESIAN_POINT('',(14.0051942815731,-20.2291224901284,29.));
#8167=CARTESIAN_POINT('',(14.2817721852558,-20.0724887929933,29.));
#8168=CARTESIAN_POINT('',(14.73523130641,-19.4440781517928,29.));
#8169=CARTESIAN_POINT('',(14.8917443836878,-18.9882459553399,29.));
#8170=CARTESIAN_POINT('',(14.979112985045,-18.3907868830343,29.));
#8171=CARTESIAN_POINT('',(12.7200296894115,-18.4382424900885,28.));
#8172=CARTESIAN_POINT('',(16.9344544436391,-20.1353298571134,28.));
#8173=CARTESIAN_POINT('',(16.9344544436391,-19.9402411804422,28.));
#8174=CARTESIAN_POINT('',(16.9344544436391,-19.745152503771,28.));
#8175=CARTESIAN_POINT('',(16.9344544436391,-19.5500638270998,28.));
#8176=CARTESIAN_POINT('',(16.9344544436391,-20.1353298571134,28.));
#8177=CARTESIAN_POINT('',(16.9344544436391,-19.5500638270998,28.));
#8178=CARTESIAN_POINT('',(16.9344544436391,-19.5500638270998,29.));
#8179=CARTESIAN_POINT('',(16.9344544436391,-20.1353298571134,29.));
#8180=CARTESIAN_POINT('',(16.9344544436391,-19.5500638270998,29.));
#8181=CARTESIAN_POINT('',(17.2796408195532,-20.1353298571134,28.));
#8182=CARTESIAN_POINT('',(17.1645786942485,-20.1353298571134,28.));
#8183=CARTESIAN_POINT('',(17.0495165689438,-20.1353298571134,28.));
#8184=CARTESIAN_POINT('',(16.9344544436391,-20.1353298571134,28.));
#8185=CARTESIAN_POINT('',(17.2796408195532,-20.1353298571134,28.));
#8186=CARTESIAN_POINT('',(17.2796408195532,-20.1353298571134,29.));
#8187=CARTESIAN_POINT('',(16.9344544436391,-20.1353298571134,29.));
#8188=CARTESIAN_POINT('',(17.2796408195532,-16.1510188066359,28.));
#8189=CARTESIAN_POINT('',(17.2796408195532,-17.4791224901284,28.));
#8190=CARTESIAN_POINT('',(17.2796408195532,-18.8072261736209,28.));
#8191=CARTESIAN_POINT('',(17.2796408195532,-20.1353298571134,28.));
#8192=CARTESIAN_POINT('',(17.2796408195532,-16.1510188066359,28.));
#8193=CARTESIAN_POINT('',(17.2796408195532,-16.1510188066359,29.));
#8194=CARTESIAN_POINT('',(17.2796408195532,-20.1353298571134,29.));
#8195=CARTESIAN_POINT('',(16.8937181632517,-16.1510188066359,28.));
#8196=CARTESIAN_POINT('',(17.0223590486855,-16.1510188066359,28.));
#8197=CARTESIAN_POINT('',(17.1509999341194,-16.1510188066359,28.));
#8198=CARTESIAN_POINT('',(17.2796408195532,-16.1510188066359,28.));
#8199=CARTESIAN_POINT('',(16.8937181632517,-16.1510188066359,28.));
#8200=CARTESIAN_POINT('',(16.8937181632517,-16.1510188066359,29.));
#8201=CARTESIAN_POINT('',(17.2796408195532,-16.1510188066359,29.));
#8202=CARTESIAN_POINT('',(15.8431509322088,-19.0735972513835,28.));
#8203=CARTESIAN_POINT('',(15.8672710982277,-19.2508653277819,28.));
#8204=CARTESIAN_POINT('',(15.9187274524012,-19.3906163509742,28.));
#8205=CARTESIAN_POINT('',(16.0763125370576,-19.5932084382867,28.));
#8206=CARTESIAN_POINT('',(16.1733292048223,-19.6438564601148,28.));
#8207=CARTESIAN_POINT('',(16.4048827986032,-19.6438564601148,28.));
#8208=CARTESIAN_POINT('',(16.5136915475326,-19.5922705119565,28.));
#8209=CARTESIAN_POINT('',(16.7163009420909,-19.3840508666632,28.));
#8210=CARTESIAN_POINT('',(16.7881254364581,-19.2433619171407,28.));
#8211=CARTESIAN_POINT('',(16.8728140193687,-18.8850740590234,28.));
#8212=CARTESIAN_POINT('',(16.8937181632517,-18.6262063919019,28.));
#8213=CARTESIAN_POINT('',(16.8937181632517,-17.5741656915836,28.));
#8214=CARTESIAN_POINT('',(16.8937181632517,-16.8625922491098,28.));
#8215=CARTESIAN_POINT('',(16.8937181632517,-16.1510188066359,28.));
#8216=CARTESIAN_POINT('',(15.8431509322088,-19.0735972513835,28.));
#8217=CARTESIAN_POINT('',(15.8431509322088,-19.0735972513835,29.));
#8218=CARTESIAN_POINT('',(16.8937181632517,-16.1510188066359,29.));
#8219=CARTESIAN_POINT('',(16.8937181632517,-16.8625922491098,29.));
#8220=CARTESIAN_POINT('',(16.8937181632517,-17.5741656915836,29.));
#8221=CARTESIAN_POINT('',(16.8937181632517,-18.6262063919019,29.));
#8222=CARTESIAN_POINT('',(16.8728140193687,-18.8850740590234,29.));
#8223=CARTESIAN_POINT('',(16.7881254364581,-19.2433619171407,29.));
#8224=CARTESIAN_POINT('',(16.7163009420909,-19.3840508666632,29.));
#8225=CARTESIAN_POINT('',(16.5136915475326,-19.5922705119565,29.));
#8226=CARTESIAN_POINT('',(16.4048827986032,-19.6438564601148,29.));
#8227=CARTESIAN_POINT('',(16.1733292048223,-19.6438564601148,29.));
#8228=CARTESIAN_POINT('',(16.0763125370576,-19.5932084382867,29.));
#8229=CARTESIAN_POINT('',(15.9187274524012,-19.3906163509742,29.));
#8230=CARTESIAN_POINT('',(15.8672710982277,-19.2508653277819,29.));
#8231=CARTESIAN_POINT('',(15.8431509322088,-19.0735972513835,29.));
#8232=CARTESIAN_POINT('',(15.8195667698793,-16.1510188066359,28.));
#8233=CARTESIAN_POINT('',(15.8195667698793,-16.8876036179138,28.));
#8234=CARTESIAN_POINT('',(15.8195667698793,-17.6241884291916,28.));
#8235=CARTESIAN_POINT('',(15.8195667698793,-18.7134335406059,28.));
#8236=CARTESIAN_POINT('',(15.8276068252189,-18.9507289021339,28.));
#8237=CARTESIAN_POINT('',(15.8431509322088,-19.0735972513835,28.));
#8238=CARTESIAN_POINT('',(15.8195667698793,-16.1510188066359,28.));
#8239=CARTESIAN_POINT('',(15.8195667698793,-16.1510188066359,29.));
#8240=CARTESIAN_POINT('',(15.8431509322088,-19.0735972513835,29.));
#8241=CARTESIAN_POINT('',(15.8276068252189,-18.9507289021339,29.));
#8242=CARTESIAN_POINT('',(15.8195667698793,-18.7134335406059,29.));
#8243=CARTESIAN_POINT('',(15.8195667698793,-17.6241884291916,29.));
#8244=CARTESIAN_POINT('',(15.8195667698793,-16.8876036179138,29.));
#8245=CARTESIAN_POINT('',(15.8195667698793,-16.1510188066359,29.));
#8246=CARTESIAN_POINT('',(15.4336441135778,-16.1510188066359,28.));
#8247=CARTESIAN_POINT('',(15.5622849990116,-16.1510188066359,28.));
#8248=CARTESIAN_POINT('',(15.6909258844455,-16.1510188066359,28.));
#8249=CARTESIAN_POINT('',(15.8195667698793,-16.1510188066359,28.));
#8250=CARTESIAN_POINT('',(15.4336441135778,-16.1510188066359,28.));
#8251=CARTESIAN_POINT('',(15.4336441135778,-16.1510188066359,29.));
#8252=CARTESIAN_POINT('',(15.8195667698793,-16.1510188066359,29.));
#8253=CARTESIAN_POINT('',(16.9344544436391,-19.5500638270998,28.));
#8254=CARTESIAN_POINT('',(16.7570372224783,-20.0002684655718,28.));
#8255=CARTESIAN_POINT('',(16.5163715659792,-20.2253707848078,28.));
#8256=CARTESIAN_POINT('',(16.0773845444362,-20.2253707848078,28.));
#8257=CARTESIAN_POINT('',(15.9519596811383,-20.1803503209606,28.));
#8258=CARTESIAN_POINT('',(15.7193340799788,-20.0002684655718,28.));
#8259=CARTESIAN_POINT('',(15.6325014823109,-19.8867793796236,28.));
#8260=CARTESIAN_POINT('',(15.5199407075563,-19.6147807438801,28.));
#8261=CARTESIAN_POINT('',(15.4804864276336,-19.4478052879168,28.));
#8262=CARTESIAN_POINT('',(15.4416841689174,-19.1176797889006,28.));
#8263=CARTESIAN_POINT('',(15.4336441135778,-18.907584290947,28.));
#8264=CARTESIAN_POINT('',(15.4336441135778,-17.7967668739392,28.));
#8265=CARTESIAN_POINT('',(15.4336441135778,-16.9738928402876,28.));
#8266=CARTESIAN_POINT('',(15.4336441135778,-16.1510188066359,28.));
#8267=CARTESIAN_POINT('',(15.4336441135778,-16.1510188066359,29.));
#8268=CARTESIAN_POINT('',(15.4336441135778,-16.9738928402876,29.));
#8269=CARTESIAN_POINT('',(15.4336441135778,-17.7967668739392,29.));
#8270=CARTESIAN_POINT('',(15.4336441135778,-18.907584290947,29.));
#8271=CARTESIAN_POINT('',(15.4416841689174,-19.1176797889006,29.));
#8272=CARTESIAN_POINT('',(15.4804864276336,-19.4478052879168,29.));
#8273=CARTESIAN_POINT('',(15.5199407075563,-19.6147807438801,29.));
#8274=CARTESIAN_POINT('',(15.6325014823109,-19.8867793796236,29.));
#8275=CARTESIAN_POINT('',(15.7193340799788,-20.0002684655718,29.));
#8276=CARTESIAN_POINT('',(15.9519596811383,-20.1803503209606,29.));
#8277=CARTESIAN_POINT('',(16.0773845444362,-20.2253707848078,29.));
#8278=CARTESIAN_POINT('',(16.5163715659792,-20.2253707848078,29.));
#8279=CARTESIAN_POINT('',(16.7570372224783,-20.0002684655718,29.));
#8280=CARTESIAN_POINT('',(16.9344544436391,-19.5500638270998,29.));
#8281=CARTESIAN_POINT('',(16.7543594002792,-19.2850447142349,28.));
#8282=CARTESIAN_POINT('',(17.8842529810921,-21.6622739225977,28.));
#8283=CARTESIAN_POINT('',(17.8842529810921,-19.8251888839438,28.));
#8284=CARTESIAN_POINT('',(17.8842529810921,-17.9881038452898,28.));
#8285=CARTESIAN_POINT('',(17.8842529810921,-16.1510188066359,28.));
#8286=CARTESIAN_POINT('',(17.8842529810921,-21.6622739225977,28.));
#8287=CARTESIAN_POINT('',(17.8842529810921,-16.1510188066359,28.));
#8288=CARTESIAN_POINT('',(17.8842529810921,-16.1510188066359,29.));
#8289=CARTESIAN_POINT('',(17.8842529810921,-21.6622739225977,29.));
#8290=CARTESIAN_POINT('',(17.8842529810921,-16.1510188066359,29.));
#8291=CARTESIAN_POINT('',(18.2701756373936,-21.6622739225977,28.));
#8292=CARTESIAN_POINT('',(18.1415347519598,-21.6622739225977,28.));
#8293=CARTESIAN_POINT('',(18.012893866526,-21.6622739225977,28.));
#8294=CARTESIAN_POINT('',(17.8842529810921,-21.6622739225977,28.));
#8295=CARTESIAN_POINT('',(18.2701756373936,-21.6622739225977,28.));
#8296=CARTESIAN_POINT('',(18.2701756373936,-21.6622739225977,29.));
#8297=CARTESIAN_POINT('',(17.8842529810921,-21.6622739225977,29.));
#8298=CARTESIAN_POINT('',(18.2701756373936,-19.7226422718474,28.));
#8299=CARTESIAN_POINT('',(18.2701756373936,-20.3691861554308,28.));
#8300=CARTESIAN_POINT('',(18.2701756373936,-21.0157300390143,28.));
#8301=CARTESIAN_POINT('',(18.2701756373936,-21.6622739225977,28.));
#8302=CARTESIAN_POINT('',(18.2701756373936,-19.7226422718474,28.));
#8303=CARTESIAN_POINT('',(18.2701756373936,-19.7226422718474,29.));
#8304=CARTESIAN_POINT('',(18.2701756373936,-21.6622739225977,29.));
#8305=CARTESIAN_POINT('',(18.2358714012779,-16.6687541408787,28.));
#8306=CARTESIAN_POINT('',(18.3189519731206,-16.4661620535663,28.));
#8307=CARTESIAN_POINT('',(18.4122166150601,-16.314217988082,28.));
#8308=CARTESIAN_POINT('',(18.6212580538901,-16.1116259007696,28.));
#8309=CARTESIAN_POINT('',(18.7477549245667,-16.0609778789415,28.));
#8310=CARTESIAN_POINT('',(19.0907972857235,-16.0609778789415,28.));
#8311=CARTESIAN_POINT('',(19.262318466302,-16.1482050276455,28.));
#8312=CARTESIAN_POINT('',(19.5592645101784,-16.4989894751216,28.));
#8313=CARTESIAN_POINT('',(19.671825284933,-16.745664099951,28.));
#8314=CARTESIAN_POINT('',(19.8229783253177,-17.3834540044531,28.));
#8315=CARTESIAN_POINT('',(19.8610345872586,-17.7333005255991,28.));
#8316=CARTESIAN_POINT('',(19.8610345872586,-18.5211586429251,28.));
#8317=CARTESIAN_POINT('',(19.8192262994926,-18.8878878380138,28.));
#8318=CARTESIAN_POINT('',(19.6519931484286,-19.5406845637983,28.));
#8319=CARTESIAN_POINT('',(19.5303203109558,-19.7911108939483,28.));
#8320=CARTESIAN_POINT('',(19.2119341195071,-20.1381436361038,28.));
#8321=CARTESIAN_POINT('',(19.0441649647538,-20.2253707848078,28.));
#8322=CARTESIAN_POINT('',(18.7397148692271,-20.2253707848078,28.));
#8323=CARTESIAN_POINT('',(18.6244740760259,-20.1775365419701,28.));
#8324=CARTESIAN_POINT('',(18.4197206667104,-19.9880754232798,28.));
#8325=CARTESIAN_POINT('',(18.3361040911784,-19.8680208530206,28.));
#8326=CARTESIAN_POINT('',(18.2701756373936,-19.7226422718474,28.));
#8327=CARTESIAN_POINT('',(18.2358714012779,-16.6687541408787,28.));
#8328=CARTESIAN_POINT('',(18.2358714012779,-16.6687541408787,29.));
#8329=CARTESIAN_POINT('',(18.2701756373936,-19.7226422718474,29.));
#8330=CARTESIAN_POINT('',(18.3361040911784,-19.8680208530206,29.));
#8331=CARTESIAN_POINT('',(18.4197206667104,-19.9880754232798,29.));
#8332=CARTESIAN_POINT('',(18.6244740760259,-20.1775365419701,29.));
#8333=CARTESIAN_POINT('',(18.7397148692271,-20.2253707848078,29.));
#8334=CARTESIAN_POINT('',(19.0441649647538,-20.2253707848078,29.));
#8335=CARTESIAN_POINT('',(19.2119341195071,-20.1381436361038,29.));
#8336=CARTESIAN_POINT('',(19.5303203109558,-19.7911108939483,29.));
#8337=CARTESIAN_POINT('',(19.6519931484286,-19.5406845637983,29.));
#8338=CARTESIAN_POINT('',(19.8192262994926,-18.8878878380138,29.));
#8339=CARTESIAN_POINT('',(19.8610345872586,-18.5211586429251,29.));
#8340=CARTESIAN_POINT('',(19.8610345872586,-17.7333005255991,29.));
#8341=CARTESIAN_POINT('',(19.8229783253177,-17.3834540044531,29.));
#8342=CARTESIAN_POINT('',(19.671825284933,-16.745664099951,29.));
#8343=CARTESIAN_POINT('',(19.5592645101784,-16.4989894751216,29.));
#8344=CARTESIAN_POINT('',(19.262318466302,-16.1482050276455,29.));
#8345=CARTESIAN_POINT('',(19.0907972857235,-16.0609778789415,29.));
#8346=CARTESIAN_POINT('',(18.7477549245667,-16.0609778789415,29.));
#8347=CARTESIAN_POINT('',(18.6212580538901,-16.1116259007696,29.));
#8348=CARTESIAN_POINT('',(18.4122166150601,-16.314217988082,29.));
#8349=CARTESIAN_POINT('',(18.3189519731206,-16.4661620535663,29.));
#8350=CARTESIAN_POINT('',(18.2358714012779,-16.6687541408787,29.));
#8351=CARTESIAN_POINT('',(18.2358714012779,-16.1510188066359,28.));
#8352=CARTESIAN_POINT('',(18.2358714012779,-16.3235972513835,28.));
#8353=CARTESIAN_POINT('',(18.2358714012779,-16.4961756961311,28.));
#8354=CARTESIAN_POINT('',(18.2358714012779,-16.6687541408787,28.));
#8355=CARTESIAN_POINT('',(18.2358714012779,-16.1510188066359,28.));
#8356=CARTESIAN_POINT('',(18.2358714012779,-16.1510188066359,29.));
#8357=CARTESIAN_POINT('',(18.2358714012779,-16.6687541408787,29.));
#8358=CARTESIAN_POINT('',(17.8842529810921,-16.1510188066359,28.));
#8359=CARTESIAN_POINT('',(18.0014591211541,-16.1510188066359,28.));
#8360=CARTESIAN_POINT('',(18.118665261216,-16.1510188066359,28.));
#8361=CARTESIAN_POINT('',(18.2358714012779,-16.1510188066359,28.));
#8362=CARTESIAN_POINT('',(18.2358714012779,-16.1510188066359,29.));
#8363=CARTESIAN_POINT('',(18.4116806113708,-19.3024512759401,29.));
#8364=CARTESIAN_POINT('',(18.2932237960338,-19.057652503771,29.));
#8365=CARTESIAN_POINT('',(18.2337273865207,-18.6787302663903,29.));
#8366=CARTESIAN_POINT('',(18.2337273865207,-17.6526388612062,29.));
#8367=CARTESIAN_POINT('',(18.296975821859,-17.2624615078637,29.));
#8368=CARTESIAN_POINT('',(18.5499695632122,-16.7240917943576,29.));
#8369=CARTESIAN_POINT('',(18.6952265630145,-16.5899683291461,29.));
#8370=CARTESIAN_POINT('',(19.025404835628,-16.5899683291461,29.));
#8371=CARTESIAN_POINT('',(19.1679818169838,-16.7165883837164,29.));
#8372=CARTESIAN_POINT('',(19.407039462415,-17.2211927493371,29.));
#8373=CARTESIAN_POINT('',(19.4665358719282,-17.6019908393781,29.));
#8374=CARTESIAN_POINT('',(19.4665358719282,-18.6421511395145,29.));
#8375=CARTESIAN_POINT('',(19.4054314513471,-19.0351422718474,29.));
#8376=CARTESIAN_POINT('',(19.1610137690228,-19.5434983427887,29.));
#8377=CARTESIAN_POINT('',(19.0141487581526,-19.670118397359,29.));
#8378=CARTESIAN_POINT('',(18.6737864154422,-19.670118397359,29.));
#8379=CARTESIAN_POINT('',(18.5301374267078,-19.5472500481093,29.));
#8380=CARTESIAN_POINT('',(18.4116806113708,-19.3024512759401,29.));
#8381=CARTESIAN_POINT('',(18.4116806113708,-19.3024512759401,29.));
#8382=CARTESIAN_POINT('',(18.4116806113708,-19.3024512759401,28.));
#8383=CARTESIAN_POINT('',(18.5301374267078,-19.5472500481093,28.));
#8384=CARTESIAN_POINT('',(18.6737864154422,-19.670118397359,28.));
#8385=CARTESIAN_POINT('',(19.0141487581526,-19.670118397359,28.));
#8386=CARTESIAN_POINT('',(19.1610137690228,-19.5434983427887,28.));
#8387=CARTESIAN_POINT('',(19.4054314513471,-19.0351422718474,28.));
#8388=CARTESIAN_POINT('',(19.4665358719282,-18.6421511395145,28.));
#8389=CARTESIAN_POINT('',(19.4665358719282,-17.6019908393781,28.));
#8390=CARTESIAN_POINT('',(19.407039462415,-17.2211927493371,28.));
#8391=CARTESIAN_POINT('',(19.1679818169838,-16.7165883837164,28.));
#8392=CARTESIAN_POINT('',(19.025404835628,-16.5899683291461,28.));
#8393=CARTESIAN_POINT('',(18.6952265630145,-16.5899683291461,28.));
#8394=CARTESIAN_POINT('',(18.5499695632122,-16.7240917943576,28.));
#8395=CARTESIAN_POINT('',(18.296975821859,-17.2624615078637,28.));
#8396=CARTESIAN_POINT('',(18.2337273865207,-17.6526388612062,28.));
#8397=CARTESIAN_POINT('',(18.2337273865207,-18.6787302663903,28.));
#8398=CARTESIAN_POINT('',(18.2932237960338,-19.057652503771,28.));
#8399=CARTESIAN_POINT('',(18.4116806113708,-19.3024512759401,28.));
#8400=CARTESIAN_POINT('',(18.4116806113708,-19.3024512759401,28.));
#8401=CARTESIAN_POINT('',(18.4116806113708,-19.3024512759401,29.));
#8402=CARTESIAN_POINT('',(18.2932237960338,-19.057652503771,29.));
#8403=CARTESIAN_POINT('',(18.2337273865207,-18.6787302663903,29.));
#8404=CARTESIAN_POINT('',(18.2337273865207,-17.6526388612062,29.));
#8405=CARTESIAN_POINT('',(18.296975821859,-17.2624615078637,29.));
#8406=CARTESIAN_POINT('',(18.5499695632122,-16.7240917943576,29.));
#8407=CARTESIAN_POINT('',(18.6952265630145,-16.5899683291461,29.));
#8408=CARTESIAN_POINT('',(19.025404835628,-16.5899683291461,29.));
#8409=CARTESIAN_POINT('',(19.1679818169838,-16.7165883837164,29.));
#8410=CARTESIAN_POINT('',(19.407039462415,-17.2211927493371,29.));
#8411=CARTESIAN_POINT('',(19.4665358719282,-17.6019908393781,29.));
#8412=CARTESIAN_POINT('',(19.4665358719282,-18.6421511395145,29.));
#8413=CARTESIAN_POINT('',(19.4054314513471,-19.0351422718474,29.));
#8414=CARTESIAN_POINT('',(19.1610137690228,-19.5434983427887,29.));
#8415=CARTESIAN_POINT('',(19.0141487581526,-19.670118397359,29.));
#8416=CARTESIAN_POINT('',(18.6737864154422,-19.670118397359,29.));
#8417=CARTESIAN_POINT('',(18.5301374267078,-19.5472500481093,29.));
#8418=CARTESIAN_POINT('',(18.4116806113708,-19.3024512759401,29.));
#8419=CARTESIAN_POINT('',(19.8590843202959,-18.2638654931412,28.));
#8420=CARTESIAN_POINT('',(0.,0.,29.));
#8421=CARTESIAN_POINT('',(0.,0.,29.));
#8422=CARTESIAN_POINT('',(0.,0.,29.));
#8423=CARTESIAN_POINT('',(0.,0.,29.));
#8424=CARTESIAN_POINT('',(6.69999999999984,35.0972550715224,0.));
#8425=CARTESIAN_POINT('',(7.94918168788,35.0972550715224,-20.5792415933196));
#8426=CARTESIAN_POINT('',(-13.9156106045564,35.0972550715224,-0.249477146973217));
#8427=CARTESIAN_POINT('',(7.94918168788,37.6000000000001,-20.5792415933196));
#8428=CARTESIAN_POINT('',(7.94918168788,41.1000000000001,-20.5792415933196));
#8429=CARTESIAN_POINT('',(6.69999999999986,41.1000000000001,0.));
#8430=CARTESIAN_POINT('',(-13.9156106045563,41.1000000000001,-0.249477146973216));
#8431=CARTESIAN_POINT('',(-13.9156106045564,37.6000000000001,-0.249477146973216));
#8432=CARTESIAN_POINT('',(6.69999999999986,-85.3706597142269,0.));
#8433=CARTESIAN_POINT('',(5.48434059879096,-16.1353298571134,-1.65012712043582));
#8434=CARTESIAN_POINT('',(5.49346057719485,-16.1435382133653,-1.63349948243677));
#8435=CARTESIAN_POINT('',(5.50289404446828,-16.1517637051243,-1.61704836320029));
#8436=CARTESIAN_POINT('',(5.51263158167683,-16.16,-1.60078880355967));
#8437=CARTESIAN_POINT('',(5.48434059879096,-16.1353298571134,-1.65012712043582));
#8438=CARTESIAN_POINT('',(5.51263158167683,-16.16,-1.60078880355967));
#8439=CARTESIAN_POINT('',(6.69999999999986,-16.1353298571134,-1.85157009524E-14));
#8440=CARTESIAN_POINT('',(4.6504275340097,-16.1353298571135,-6.84967428000595E-16));
#8441=CARTESIAN_POINT('',(4.75468054753526,-16.1808570672425,1.6593083186034E-13));
#8442=CARTESIAN_POINT('',(4.70691983241178,-16.16,8.41395810046027E-14));
#8443=CARTESIAN_POINT('',(6.69999999999984,-16.16,-4.42628282324382E-15));
#8444=CARTESIAN_POINT('',(6.69999999999984,-16.1808570672425,-1.62091973951811E-17));
#8445=CARTESIAN_POINT('',(6.79950597800075,-16.16,-2.371473102145));
#8446=CARTESIAN_POINT('',(8.01729549574487,-16.16,-1.49569419712813));
#8447=CARTESIAN_POINT('',(6.69999999999984,-16.16,-4.77048955893622E-15));
#8448=CARTESIAN_POINT('',(8.69308016758791,-16.16,-8.88091899133309E-14));
#8449=CARTESIAN_POINT('',(6.69999999999984,-16.16,-4.42628282324382E-15));
#8450=CARTESIAN_POINT('',(6.69999999999984,-16.16,0.));
#8451=CARTESIAN_POINT('',(6.79950597800075,-22.1353298571134,-2.371473102145));
#8452=CARTESIAN_POINT('',(5.29950597800075,-22.1353298571134,-2.371473102145));
#8453=CARTESIAN_POINT('',(-22.3000000000001,-22.1353298571134,0.));
#8454=CARTESIAN_POINT('',(35.6999999999998,-22.1353298571134,0.));
#8455=CARTESIAN_POINT('',(-22.3000000000001,-22.1353298571134,0.));
#8456=CARTESIAN_POINT('',(-22.3000000000001,-22.1353298571134,-29.));
#8457=CARTESIAN_POINT('',(-22.3000000000001,-22.1353298571134,-29.));
#8458=CARTESIAN_POINT('',(-22.3000000000001,-22.1353298571134,-29.));
#8459=CARTESIAN_POINT('',(35.6999999999998,-22.1353298571134,-29.));
#8460=CARTESIAN_POINT('',(35.6999999999998,-22.1353298571134,-29.));
#8461=CARTESIAN_POINT('',(-22.3000000000001,-22.1353298571134,-29.));
#8462=CARTESIAN_POINT('',(27.1999999999998,32.6000000000001,-4.80296699478834E-14));
#8463=CARTESIAN_POINT('',(27.5671200570193,35.0728976654392,-4.8911484086966E-14));
#8464=CARTESIAN_POINT('',(26.6149573381206,30.1694187765514,-4.66589672183474E-14));
#8465=CARTESIAN_POINT('',(27.5671200570193,35.0728976654392,-4.8911484086966E-14));
#8466=CARTESIAN_POINT('',(27.5671200570193,35.0728976654392,-0.0277327132494282));
#8467=CARTESIAN_POINT('',(27.5623724256794,35.0736059429206,-0.0558456122803839));
#8468=CARTESIAN_POINT('',(27.553284128186,35.0748891575672,-0.0820154344619474));
#8469=CARTESIAN_POINT('',(27.5441763927833,35.0761751167333,-0.108241228252016));
#8470=CARTESIAN_POINT('',(27.5304649690628,35.0780663484113,-0.133235540796226));
#8471=CARTESIAN_POINT('',(27.513288179345,35.0802194784443,-0.154977636396991));
#8472=CARTESIAN_POINT('',(27.49600470358,35.082385981694,-0.176854773427247));
#8473=CARTESIAN_POINT('',(27.4747410309645,35.0848667487784,-0.196040898321477));
#8474=CARTESIAN_POINT('',(27.4512251397324,35.087236591256,-0.210987740853641));
#8475=CARTESIAN_POINT('',(27.4275408082438,35.0896234085048,-0.226041645030365));
#8476=CARTESIAN_POINT('',(27.4009143611711,35.0919540067131,-0.237209002233918));
#8477=CARTESIAN_POINT('',(27.3735395256461,35.0938692969021,-0.24355049488734));
#8478=CARTESIAN_POINT('',(27.3546219352104,35.0951928729041,-0.247932832113056));
#8479=CARTESIAN_POINT('',(27.3350462054276,35.0963432567841,-0.250113281850483));
#8480=CARTESIAN_POINT('',(27.3156043264074,35.0972550715224,-0.249995405079206));
#8481=CARTESIAN_POINT('',(27.3156043264074,35.0972550715224,-0.249995405079206));
#8482=CARTESIAN_POINT('',(6.69999999999984,35.0972550715224,0.));
#8483=CARTESIAN_POINT('',(8.4478498712118,35.0972550715224,-20.5428980495269));
#8484=CARTESIAN_POINT('',(8.4478498712118,35.0972550715224,-20.5428980495269));
#8485=CARTESIAN_POINT('',(8.44969325972651,35.0961570392462,-20.5662382414807));
#8486=CARTESIAN_POINT('',(8.44820937782661,35.0947074529766,-20.5900527789086));
#8487=CARTESIAN_POINT('',(8.4434990545846,35.0930297038844,-20.6129518253838));
#8488=CARTESIAN_POINT('',(8.4378809708419,35.0910286236156,-20.6402639129234));
#8489=CARTESIAN_POINT('',(8.42749679295647,35.0886516271652,-20.6669557556489));
#8490=CARTESIAN_POINT('',(8.41320425814279,35.0862681946403,-20.6908630769324));
#8491=CARTESIAN_POINT('',(8.3988207388393,35.0838695894818,-20.7149225892344));
#8492=CARTESIAN_POINT('',(8.38008076531367,35.0814080693661,-20.7368264023761));
#8493=CARTESIAN_POINT('',(8.35851295623615,35.0793152483726,-20.7547693335289));
#8494=CARTESIAN_POINT('',(8.33692746448037,35.0772207115497,-20.7727269754517));
#8495=CARTESIAN_POINT('',(8.31190363825594,35.0754478402117,-20.7872139371425));
#8496=CARTESIAN_POINT('',(8.28552348674737,35.0743292155082,-20.7969931869821));
#8497=CARTESIAN_POINT('',(8.259347731424,35.0732192580264,-20.8066966661666));
#8498=CARTESIAN_POINT('',(8.23110701712511,35.0727289617005,-20.8120319192733));
#8499=CARTESIAN_POINT('',(8.20317403435227,35.0729522020785,-20.8125401690057));
#8500=CARTESIAN_POINT('',(8.17546297657184,35.0731736688322,-20.8130443807404));
#8501=CARTESIAN_POINT('',(8.14729314758818,35.0741015736767,-20.8088152029999));
#8502=CARTESIAN_POINT('',(8.12098378033911,35.0755621359889,-20.800219276465));
#8503=CARTESIAN_POINT('',(8.09463606940017,35.0770248269478,-20.7916108220902));
#8504=CARTESIAN_POINT('',(8.06943344512976,35.079053510853,-20.7783934193099));
#8505=CARTESIAN_POINT('',(8.04740197164431,35.0812841772502,-20.7616576753237));
#8506=CARTESIAN_POINT('',(8.02517133078666,35.0835350091603,-20.7447706380455));
#8507=CARTESIAN_POINT('',(8.00555873202803,35.0860428808608,-20.7238391370021));
#8508=CARTESIAN_POINT('',(7.99015424776043,35.0883827627835,-20.7005654075566));
#8509=CARTESIAN_POINT('',(7.97465758325804,35.0907366465294,-20.6771524084148));
#8510=CARTESIAN_POINT('',(7.96299349690307,35.0929764036434,-20.6507177587947));
#8511=CARTESIAN_POINT('',(7.95614791284249,35.094767403821,-20.6234453147268));
#8512=CARTESIAN_POINT('',(7.95251818206865,35.0957170449915,-20.6089846597068));
#8513=CARTESIAN_POINT('',(7.9501761631161,35.0965552004422,-20.5941314726653));
#8514=CARTESIAN_POINT('',(7.94918168788,35.0972550715224,-20.5792415933196));
#8515=CARTESIAN_POINT('',(-13.9156106045564,35.0972550715224,-0.249477146973217));
#8516=CARTESIAN_POINT('',(-13.9421162024193,35.0960110884192,-0.251194084370527));
#8517=CARTESIAN_POINT('',(-13.9692100119059,35.0942971728778,-0.248598659113963));
#8518=CARTESIAN_POINT('',(-13.9948655830785,35.092282969766,-0.241907116713702));
#8519=CARTESIAN_POINT('',(-14.0218983213342,35.0901606461136,-0.234856378571245));
#8520=CARTESIAN_POINT('',(-14.0480575609192,35.0876514339257,-0.223060604583406));
#8521=CARTESIAN_POINT('',(-14.0712174773751,35.0851313525869,-0.207496107693347));
#8522=CARTESIAN_POINT('',(-14.0944887400168,35.0825991554253,-0.191856781199945));
#8523=CARTESIAN_POINT('',(-14.1153752031709,35.0799957226717,-0.171979679250019));
#8524=CARTESIAN_POINT('',(-14.132155686447,35.0777643199692,-0.149485492366119));
#8525=CARTESIAN_POINT('',(-14.1489528099829,35.0755307045104,-0.126968999264512));
#8526=CARTESIAN_POINT('',(-14.1621000915764,35.0736184577584,-0.101197933620942));
#8527=CARTESIAN_POINT('',(-14.1704691346382,35.0723783211321,-0.0743177171398105));
#8528=CARTESIAN_POINT('',(-14.1779126508393,35.0712753303838,-0.0504101657757098));
#8529=CARTESIAN_POINT('',(-14.1817708377881,35.0706782525078,-0.0250637893035819));
#8530=CARTESIAN_POINT('',(-14.1817708377881,35.0706782525078,-2.17734146578171E-17));
#8531=CARTESIAN_POINT('',(-14.1817708377881,35.0706782525078,-2.17734146578171E-17));
#8532=CARTESIAN_POINT('',(-13.8000000000001,32.6000000000001,0.));
#8533=CARTESIAN_POINT('',(-13.2149573381209,30.1694187765514,0.));
#8534=CARTESIAN_POINT('',(6.69999999999984,30.1694187765514,0.));
#8535=CARTESIAN_POINT('',(6.69999999999984,32.6000000000001,0.));
#8536=CARTESIAN_POINT('',(-12.8000000000002,18.1000000000001,0.));
#8537=CARTESIAN_POINT('',(-12.8000000000001,18.1000000000001,0.));
#8538=CARTESIAN_POINT('',(6.69999999999984,18.1000000000001,0.));
#8539=CARTESIAN_POINT('',(26.1999999999998,18.1000000000001,-4.56867592187184E-14));
#8540=CARTESIAN_POINT('',(26.1999999999998,18.1000000000001,-4.56867592187184E-14));
#8541=CARTESIAN_POINT('',(6.69999999999984,18.1000000000001,0.));
#8542=CARTESIAN_POINT('',(64.2676486694663,20.749654216098,0.));
#8543=CARTESIAN_POINT('',(-10.3000000000001,1.10000000000013,0.));
#8544=CARTESIAN_POINT('',(6.69999999999984,1.10000000000013,0.));
#8545=CARTESIAN_POINT('',(23.6999999999998,1.10000000000013,-3.98294823958058E-14));
#8546=CARTESIAN_POINT('',(-50.8676486694666,20.749654216098,1.34875861720497E-13));
#8547=CARTESIAN_POINT('',(-12.8000000000001,18.1000000000001,1.19403062916867E-15));
#8548=CARTESIAN_POINT('',(-12.8000000000001,18.1000000000001,-38.9999999999998));
#8549=CARTESIAN_POINT('',(26.1999999999997,18.1000000000001,-38.9999999999999));
#8550=CARTESIAN_POINT('',(26.1999999999998,18.1000000000001,-5.55405294399633E-14));
#8551=CARTESIAN_POINT('',(-12.6023755947459,12.3519110078163,1.18192962440227E-15));
#8552=CARTESIAN_POINT('',(-12.6023755947459,12.3519110078163,-38.6047511894914));
#8553=CARTESIAN_POINT('',(26.0023755947455,12.3519110078163,-38.6047511894914));
#8554=CARTESIAN_POINT('',(26.0023755947456,12.3519110078163,-5.49776492298054E-14));
#8555=CARTESIAN_POINT('',(-11.7655690558849,6.6616265435618,1.13069000193619E-15));
#8556=CARTESIAN_POINT('',(-11.7655690558849,6.6616265435618,-36.9311381117695));
#8557=CARTESIAN_POINT('',(25.1655690558845,6.6616265435618,-36.9311381117695));
#8558=CARTESIAN_POINT('',(25.1655690558846,6.6616265435618,-5.25942298345664E-14));
#8559=CARTESIAN_POINT('',(-10.3000000000002,1.10000000000013,1.04094977927525E-15));
#8560=CARTESIAN_POINT('',(-10.3000000000002,1.10000000000013,-33.9999999999999));
#8561=CARTESIAN_POINT('',(23.6999999999998,1.10000000000013,-34.));
#8562=CARTESIAN_POINT('',(23.6999999999998,1.10000000000013,-4.84199487425321E-14));
#8563=CARTESIAN_POINT('',(35.6999999999998,41.1000000000001,0.));
#8564=CARTESIAN_POINT('',(27.5671200570193,41.1000000000001,-2.1570415377137E-29));
#8565=CARTESIAN_POINT('',(35.6999999999998,41.1000000000001,0.));
#8566=CARTESIAN_POINT('',(27.5671200570193,41.1000000000001,0.));
#8567=CARTESIAN_POINT('',(-1.30665024163103,7.68961411709585,1.87588667557889E-14));
#8568=CARTESIAN_POINT('',(8.74957246598998,-16.1353298571135,-4.80196532076953E-15));
#8569=CARTESIAN_POINT('',(8.64531945246443,-16.1808570672425,-1.70520960071963E-13));
#8570=CARTESIAN_POINT('',(14.7066502416307,7.68961411709585,0.));
#8571=CARTESIAN_POINT('',(-14.1817708377881,41.1000000000001,0.));
#8572=CARTESIAN_POINT('',(-14.1817708377881,41.1000000000001,0.));
#8573=CARTESIAN_POINT('',(35.6999999999998,41.1000000000001,0.));
#8574=CARTESIAN_POINT('',(-22.3000000000002,41.1000000000001,0.));
#8575=CARTESIAN_POINT('',(-22.3000000000002,41.1000000000001,0.));
#8576=CARTESIAN_POINT('',(35.6999999999998,-22.1353298571134,0.));
#8577=CARTESIAN_POINT('',(0.,0.,0.));
#8578=CARTESIAN_POINT('',(5.48434059879096,-16.1353298571134,-1.65012712043582));
#8579=CARTESIAN_POINT('',(5.40699238661493,-16.0680425355192,-1.79114917278948));
#8580=CARTESIAN_POINT('',(5.35202683818616,-15.9995637644965,-1.94623844391467));
#8581=CARTESIAN_POINT('',(5.32336853405267,-15.9334035493703,-2.10498061336826));
#8582=CARTESIAN_POINT('',(5.31680978689296,-15.9182621048165,-2.14131038878622));
#8583=CARTESIAN_POINT('',(5.31158396076738,-15.9031920632409,-2.17793646819365));
#8584=CARTESIAN_POINT('',(5.30771842077762,-15.8882329509357,-2.21472526606787));
#8585=CARTESIAN_POINT('',(5.30771837507596,-15.8882338222406,-2.21472570101847));
#8586=CARTESIAN_POINT('',(4.38379586174272,-15.8882338222406,-1.21600018247246));
#8587=CARTESIAN_POINT('',(4.59955267068091,-15.8882338222406,-1.62696789524343));
#8588=CARTESIAN_POINT('',(4.91475613969737,-15.8882338222406,-1.9676910008048));
#8589=CARTESIAN_POINT('',(5.30771837507596,-15.8882338222406,-2.21472570101848));
#8590=CARTESIAN_POINT('',(4.38379586174272,-15.8882338222406,-1.21600018247246));
#8591=CARTESIAN_POINT('',(4.36316253996806,-15.8799858580347,-1.21600408833163));
#8592=CARTESIAN_POINT('',(4.37004448694667,-15.8827375430502,-1.21602563344931));
#8593=CARTESIAN_POINT('',(4.37692230222971,-15.8854868647325,-1.21602432220227));
#8594=CARTESIAN_POINT('',(4.38379586174273,-15.8882338222406,-1.21600018247249));
#8595=CARTESIAN_POINT('',(4.36316236414513,-15.8799861953949,-1.21600213164995));
#8596=CARTESIAN_POINT('',(6.69999999999984,-15.8799853058256,2.1761513249406E-16));
#8597=CARTESIAN_POINT('',(4.34599962525636,-15.8799853058256,-1.18243488601698));
#8598=CARTESIAN_POINT('',(4.34599962525637,-15.8799853058256,-1.18243488601698));
#8599=CARTESIAN_POINT('',(4.33995941809226,-15.8752724513518,-1.1936663828937));
#8600=CARTESIAN_POINT('',(4.33388395909562,-15.8705320917359,-1.2048541901867));
#8601=CARTESIAN_POINT('',(4.32777461357496,-15.8657652922559,-1.21599999999979));
#8602=CARTESIAN_POINT('',(4.32777381067852,-15.8657646656836,-1.2160058829816));
#8603=CARTESIAN_POINT('',(3.36562445050371,-15.4451517949549,-1.21610518571556));
#8604=CARTESIAN_POINT('',(3.68249124838479,-15.5938518921683,-1.21607245070736));
#8605=CARTESIAN_POINT('',(4.00314648033105,-15.7348701155798,-1.21603932432203));
#8606=CARTESIAN_POINT('',(4.32777380245949,-15.8657646845477,-1.21600578758634));
#8607=CARTESIAN_POINT('',(3.36562445050371,-15.4451517949549,-1.21610518571556));
#8608=CARTESIAN_POINT('',(2.92351154573397,-15.2310855914172,-1.21850860421396));
#8609=CARTESIAN_POINT('',(3.07007477092433,-15.3040857530647,-1.21771185577525));
#8610=CARTESIAN_POINT('',(3.21744977799658,-15.3754807466628,-1.21691069431993));
#8611=CARTESIAN_POINT('',(3.36562445050371,-15.4451517949549,-1.21610518571556));
#8612=CARTESIAN_POINT('',(2.92351154573397,-15.2310855914172,-1.21850860421396));
#8613=CARTESIAN_POINT('',(6.69999999999984,-15.2310855914175,4.77048955893622E-15));
#8614=CARTESIAN_POINT('',(10.4772969520202,-15.2310855914175,-1.21600000000001));
#8615=CARTESIAN_POINT('',(9.03683263314855,-15.8799886431856,-1.216));
#8616=CARTESIAN_POINT('',(9.47858482049308,-15.703069836217,-1.216));
#8617=CARTESIAN_POINT('',(9.91307931475268,-15.5074204091319,-1.216));
#8618=CARTESIAN_POINT('',(10.3406144942242,-15.2984732158099,-1.216));
#8619=CARTESIAN_POINT('',(10.3862528217842,-15.2761686174764,-1.216));
#8620=CARTESIAN_POINT('',(10.4318137714327,-15.2537050133501,-1.216));
#8621=CARTESIAN_POINT('',(10.4772968998838,-15.2310856173457,-1.216));
#8622=CARTESIAN_POINT('',(9.03683263314855,-15.8799886431856,-1.216));
#8623=CARTESIAN_POINT('',(9.01620413825703,-15.8882338222405,-1.21600018247248));
#8624=CARTESIAN_POINT('',(9.02307607653485,-15.8854877855386,-1.21602301344205));
#8625=CARTESIAN_POINT('',(9.02995226776959,-15.8827393862471,-1.21602301965465));
#8626=CARTESIAN_POINT('',(9.03683258789612,-15.8799886252064,-1.21600017323515));
#8627=CARTESIAN_POINT('',(9.01620413825703,-15.8882338222405,-1.21600018247248));
#8628=CARTESIAN_POINT('',(8.27291892861158,-15.8882338222406,-2.090307177873));
#8629=CARTESIAN_POINT('',(8.58361304986001,-15.8882338222406,-1.85651538425856));
#8630=CARTESIAN_POINT('',(8.83546318681668,-15.8882338222406,-1.56027064041541));
#8631=CARTESIAN_POINT('',(9.01620413825697,-15.8882338222406,-1.21600018247245));
#8632=CARTESIAN_POINT('',(8.27291881059579,-15.8882333865879,-2.09030702103768));
#8633=CARTESIAN_POINT('',(8.27291884663419,-15.888232950936,-2.09030674827975));
#8634=CARTESIAN_POINT('',(8.24965811079306,-15.93841603021,-1.96841212237217));
#8635=CARTESIAN_POINT('',(8.21103007694192,-15.9900924497785,-1.84912251201356));
#8636=CARTESIAN_POINT('',(8.15881245898179,-16.0417381872606,-1.73721298928677));
#8637=CARTESIAN_POINT('',(8.12733479530566,-16.0728711117078,-1.66975203537578));
#8638=CARTESIAN_POINT('',(8.09075979301538,-16.1041882829803,-1.60452794754241));
#8639=CARTESIAN_POINT('',(8.04962018692404,-16.1353298571134,-1.5424891067337));
#8640=CARTESIAN_POINT('',(8.04962018692404,-16.1353298571134,-1.5424891067337));
#8641=CARTESIAN_POINT('',(6.69999999999986,-16.1353298571134,-1.85157009524E-14));
#8642=CARTESIAN_POINT('',(-10.3000000000001,1.10000000000014,1.04094977927525E-15));
#8643=CARTESIAN_POINT('',(-10.3000000000002,1.10000000000014,-33.9999999999999));
#8644=CARTESIAN_POINT('',(23.6999999999997,1.10000000000014,-33.9999999999999));
#8645=CARTESIAN_POINT('',(23.6999999999998,1.10000000000014,-4.84199487425321E-14));
#8646=CARTESIAN_POINT('',(-8.21980511325986,-6.79404433139539,9.13574578792791E-16));
#8647=CARTESIAN_POINT('',(-8.21980511325986,-6.79404433139539,-29.8396102265193));
#8648=CARTESIAN_POINT('',(21.6198051132595,-6.79404433139539,-29.8396102265194));
#8649=CARTESIAN_POINT('',(21.6198051132595,-6.79404433139539,-4.24950705195649E-14));
#8650=CARTESIAN_POINT('',(-2.87057836274639,-12.9608035973672,5.86028907896305E-16));
#8651=CARTESIAN_POINT('',(-2.87057836274639,-12.9608035973672,-19.1411567254924));
#8652=CARTESIAN_POINT('',(16.270578362746,-12.9608035973672,-19.1411567254924));
#8653=CARTESIAN_POINT('',(16.2705783627461,-12.9608035973672,-2.72592302212094E-14));
#8654=CARTESIAN_POINT('',(4.6504275340097,-16.1353298571134,1.25500118004769E-16));
#8655=CARTESIAN_POINT('',(4.6504275340097,-16.1353298571134,-4.09914493198027));
#8656=CARTESIAN_POINT('',(8.74957246598997,-16.1353298571134,-4.09914493198027));
#8657=CARTESIAN_POINT('',(8.74957246598998,-16.1353298571134,-5.83765845572634E-15));
#8658=CARTESIAN_POINT('',(8.01729549574487,-16.16,-1.49569419712813));
#8659=CARTESIAN_POINT('',(8.02836089527321,-16.1517637051243,-1.51108087460811));
#8660=CARTESIAN_POINT('',(8.03913934094025,-16.1435382133653,-1.52668391078493));
#8661=CARTESIAN_POINT('',(8.04962018692404,-16.1353298571134,-1.5424891067337));
#8662=CARTESIAN_POINT('',(6.69999999999984,-16.1808570672425,-1.62091973951811E-17));
#8663=CARTESIAN_POINT('',(-22.3000000000002,41.1000000000001,-29.));
#8664=CARTESIAN_POINT('',(-22.3000000000002,41.1000000000001,-29.));
#8665=CARTESIAN_POINT('',(-22.3000000000002,41.1000000000001,-29.));
#8666=CARTESIAN_POINT('',(-22.3000000000002,41.1000000000001,-29.));
#8667=CARTESIAN_POINT('',(35.6999999999998,41.1000000000001,-29.));
#8668=CARTESIAN_POINT('',(35.6999999999998,41.1000000000001,-29.));
#8669=CARTESIAN_POINT('',(35.6999999999998,-22.1353298571134,-29.));
#8670=CARTESIAN_POINT('',(0.,0.,-29.));
#8671=CARTESIAN_POINT('',(35.6999999999998,41.1000000000001,-29.));
#8672=CARTESIAN_POINT('',(35.6999999999998,-22.1353298571134,-29.));
#8673=CARTESIAN_POINT('',(6.69999999999986,41.1000000000001,0.));
#8674=CARTESIAN_POINT('',(8.4478498712118,41.1000000000001,-20.5428980495269));
#8675=CARTESIAN_POINT('',(27.3156043264074,41.1000000000001,-0.249995405079206));
#8676=CARTESIAN_POINT('',(27.3171200570193,41.1000000000001,-6.31217252136638E-15));
#8677=CARTESIAN_POINT('',(-13.9317708377881,41.1000000000001,0.));
#8678=CARTESIAN_POINT('',(8.19862595561465,41.1000000000001,-20.5625815424696));
#8679=CARTESIAN_POINT('',(35.6999999999998,41.1000000000001,-29.));
#8680=CARTESIAN_POINT('',(27.3156043264074,37.6000000000001,-0.249995405079204));
#8681=CARTESIAN_POINT('',(8.4478498712118,37.6000000000001,-20.5428980495269));
#8682=CARTESIAN_POINT('',(6.69999999999986,-85.3706597142269,0.));
#8683=CARTESIAN_POINT('',(6.69999999999985,-17.7166874082377,-1.20978914193872E-15));
#8684=CARTESIAN_POINT('',(4.36316153233409,-15.8933758350495,-1.216));
#8685=CARTESIAN_POINT('',(4.69999999999984,-16.1561930921633,-1.21600000000001));
#8686=CARTESIAN_POINT('',(4.69999999999984,-16.1561930921633,-4.77048955893622E-15));
#8687=CARTESIAN_POINT('',(4.36316153233409,-16.16,-1.216));
#8688=CARTESIAN_POINT('',(6.69999999999984,-16.16,0.));
#8689=CARTESIAN_POINT('',(4.32777380245949,-15.8657646845477,-1.21600578758634));
#8690=CARTESIAN_POINT('',(4.33958181029525,-15.8705121788069,-1.2160707108047));
#8691=CARTESIAN_POINT('',(4.35137819940474,-15.8752526838499,-1.21606944786042));
#8692=CARTESIAN_POINT('',(4.36316236414513,-15.8799861953949,-1.21600213164995));
#8693=CARTESIAN_POINT('',(0.,0.,-1.216));
#8694=CARTESIAN_POINT('',(8.27291892861174,-15.8882338222406,-2.09030717787287));
#8695=CARTESIAN_POINT('',(8.3059052570313,-15.8170680887996,-2.26316768226117));
#8696=CARTESIAN_POINT('',(8.30829820371802,-15.7472634049208,-2.4453696460397));
#8697=CARTESIAN_POINT('',(8.27851852228088,-15.6830860423096,-2.62151688603496));
#8698=CARTESIAN_POINT('',(8.24869804325142,-15.6188207579427,-2.79790544437011));
#8699=CARTESIAN_POINT('',(8.18558686954014,-15.5583294997328,-2.97327334822237));
#8700=CARTESIAN_POINT('',(8.09308947666511,-15.5059039602846,-3.13084240096031));
#8701=CARTESIAN_POINT('',(8.00416437409475,-15.4555031184031,-3.28232606705205));
#8702=CARTESIAN_POINT('',(7.88530790055476,-15.411048850344,-3.4218081233906));
#8703=CARTESIAN_POINT('',(7.7461817529376,-15.3760381670442,-3.53500435533406));
#8704=CARTESIAN_POINT('',(7.61460968774555,-15.3429284462302,-3.64205441216265));
#8705=CARTESIAN_POINT('',(7.46098076164589,-15.3172852347044,-3.72869814886858));
#8706=CARTESIAN_POINT('',(7.29871794611995,-15.3012085507778,-3.78596502891113));
#8707=CARTESIAN_POINT('',(7.14399969786461,-15.2858793678914,-3.84056922972271));
#8708=CARTESIAN_POINT('',(6.97701151821092,-15.2788026139702,-3.87002008918546));
#8709=CARTESIAN_POINT('',(6.81224097440282,-15.2805489713481,-3.87141904112635));
#8710=CARTESIAN_POINT('',(6.65165376796887,-15.2822509906913,-3.87278247526288));
#8711=CARTESIAN_POINT('',(6.4887624465276,-15.2923671705052,-3.84758828063257));
#8712=CARTESIAN_POINT('',(6.33692510700239,-15.3101279187711,-3.79836445672895));
#8713=CARTESIAN_POINT('',(6.18481525727283,-15.3279205431562,-3.74905228832223));
#8714=CARTESIAN_POINT('',(6.0397384252118,-15.3538435947145,-3.67439277788054));
#8715=CARTESIAN_POINT('',(5.91261495290276,-15.3860811214575,-3.58119385901439));
#8716=CARTESIAN_POINT('',(5.78203023634011,-15.4191963929015,-3.48545737398118));
#8717=CARTESIAN_POINT('',(5.6669545307411,-15.4598254677964,-3.36775009707334));
#8718=CARTESIAN_POINT('',(5.57516821078208,-15.5053648206212,-3.23807395130338));
#8719=CARTESIAN_POINT('',(5.47924680149993,-15.5529557786495,-3.10255573183355));
#8720=CARTESIAN_POINT('',(5.40623500744638,-15.607135560259,-2.95053621417265));
#8721=CARTESIAN_POINT('',(5.36033230601121,-15.6646935201982,-2.79429592774948));
#8722=CARTESIAN_POINT('',(5.31204240056552,-15.7252448245052,-2.62993024942796));
#8723=CARTESIAN_POINT('',(5.29245416377848,-15.7911201180942,-2.45667024391147));
#8724=CARTESIAN_POINT('',(5.30181821102589,-15.8585792013633,-2.28821835661138));
#8725=CARTESIAN_POINT('',(5.30318339129716,-15.8684140310223,-2.26365983110157));
#8726=CARTESIAN_POINT('',(5.3051521343623,-15.8783027377134,-2.23914898367096));
#8727=CARTESIAN_POINT('',(5.30771837507596,-15.8882338222406,-2.21472570101847));
#8728=CARTESIAN_POINT('',(8.74957246598998,-16.1353298571135,0.));
#8729=CARTESIAN_POINT('',(9.35190162069491,-15.8810997383811,1.4112034390471E-15));
#8730=CARTESIAN_POINT('',(10.4240819632266,-15.379828728951,3.92322626716436E-15));
#8731=CARTESIAN_POINT('',(11.459183181701,-14.8063635294621,6.34837601769987E-15));
#8732=CARTESIAN_POINT('',(11.9138018550668,-14.5359391241264,7.41350698520735E-15));
#8733=CARTESIAN_POINT('',(6.69999999999984,-16.16,4.77048955893622E-15));
#8734=CARTESIAN_POINT('',(6.79950597800075,-22.1353298571134,-2.371473102145));
#8735=CARTESIAN_POINT('',(-13.9317708377881,41.1000000000001,0.));
#8736=CARTESIAN_POINT('',(8.19862595561465,41.1000000000001,-20.5625815424696));
#8737=CARTESIAN_POINT('',(27.3171200570193,41.1000000000001,-6.31217252136638E-15));
#8738=MECHANICAL_DESIGN_GEOMETRIC_PRESENTATION_REPRESENTATION('',(#98,#53,
#54,#55,#56,#57,#58,#59,#60,#61,#62,#63,#64,#65,#66,#67,#68,#69,#99,#70,
#71,#100,#72,#73,#74,#75,#76,#77,#78,#79,#80,#81,#82,#83,#84,#85,#86,#87,
#88,#101,#89,#90,#91,#92,#102,#93,#94,#95,#96),#8739);
#8739=(
GEOMETRIC_REPRESENTATION_CONTEXT(3)
GLOBAL_UNCERTAINTY_ASSIGNED_CONTEXT((#8740))
GLOBAL_UNIT_ASSIGNED_CONTEXT((#8746,#8742,#8741))
REPRESENTATION_CONTEXT('menstrual_cup_medium_without_umbrella_mold_m',
'TOP_LEVEL_ASSEMBLY_PART')
);
#8740=UNCERTAINTY_MEASURE_WITH_UNIT(LENGTH_MEASURE(0.0508),#8746,
'DISTANCE_ACCURACY_VALUE','Maximum Tolerance applied to model');
#8741=(
NAMED_UNIT(*)
SI_UNIT($,.STERADIAN.)
SOLID_ANGLE_UNIT()
);
#8742=(
CONVERSION_BASED_UNIT('DEGREE',#8744)
NAMED_UNIT(#8743)
PLANE_ANGLE_UNIT()
);
#8743=DIMENSIONAL_EXPONENTS(0.,0.,0.,0.,0.,0.,0.);
#8744=PLANE_ANGLE_MEASURE_WITH_UNIT(PLANE_ANGLE_MEASURE(0.0174532925),#8745);
#8745=(
NAMED_UNIT(*)
PLANE_ANGLE_UNIT()
SI_UNIT($,.RADIAN.)
);
#8746=(
LENGTH_UNIT()
NAMED_UNIT(*)
SI_UNIT(.MILLI.,.METRE.)
);
ENDSEC;
END-ISO-10303-21;
