ISO-10303-21;
HEADER;
/* Generated by software containing ST-Developer
 * from STEP Tools, Inc. (www.steptools.com) 
 */
/* OPTION: using custom schema-name function */

FILE_DESCRIPTION(
/* description */ (''),
/* implementation_level */ '2;1');

FILE_NAME(
/* name */ 'umbrella_contain_silicone_mold.stp',
/* time_stamp */ '2026-09-08T16:17:45+02:00',
/* author */ (''),
/* organization */ (''),
/* preprocessor_version */ 'ST-DEVELOPER v20',
/* originating_system */ 'SIEMENS PLM Software NX2406.3002',
/* authorisation */ '');

FILE_SCHEMA (('AUTOMOTIVE_DESIGN { 1 0 10303 214 3 1 1 1 }'));
ENDSEC;

DATA;
#10=SHAPE_REPRESENTATION_RELATIONSHIP('None',
'relationship between umbrella_contain_silicone_mold-None and umbrella
_contain_silicone_mold-None',#22,#11);
#11=ADVANCED_BREP_SHAPE_REPRESENTATION(
'umbrella_contain_silicone_mold-None',(#46,#47,#48),#2517);
#12=SHAPE_DEFINITION_REPRESENTATION(#13,#22);
#13=PRODUCT_DEFINITION_SHAPE('','',#14);
#14=PRODUCT_DEFINITION(' ','',#16,#15);
#15=PRODUCT_DEFINITION_CONTEXT('part definition',#21,'design');
#16=PRODUCT_DEFINITION_FORMATION_WITH_SPECIFIED_SOURCE(' ',' ',#18,
 .NOT_KNOWN.);
#17=PRODUCT_RELATED_PRODUCT_CATEGORY('part','',(#18));
#18=PRODUCT('umbrella_contain_silicone_mold',
'umbrella_contain_silicone_mold',' ',(#19));
#19=PRODUCT_CONTEXT(' ',#21,'mechanical');
#20=APPLICATION_PROTOCOL_DEFINITION('international standard',
'automotive_design',2010,#21);
#21=APPLICATION_CONTEXT(
'core data for automotive mechanical design processes');
#22=SHAPE_REPRESENTATION('umbrella_contain_silicone_mold-None',(#1457),
#2517);
#23=PRESENTATION_LAYER_ASSIGNMENT('1','Layer 1',(#46,#47,#48));
#24=STYLED_ITEM('',(#27),#46);
#25=STYLED_ITEM('',(#28),#47);
#26=STYLED_ITEM('',(#29),#48);
#27=PRESENTATION_STYLE_ASSIGNMENT((#30));
#28=PRESENTATION_STYLE_ASSIGNMENT((#31));
#29=PRESENTATION_STYLE_ASSIGNMENT((#32));
#30=SURFACE_STYLE_USAGE(.BOTH.,#33);
#31=SURFACE_STYLE_USAGE(.BOTH.,#34);
#32=SURFACE_STYLE_USAGE(.BOTH.,#35);
#33=SURFACE_SIDE_STYLE('',(#36));
#34=SURFACE_SIDE_STYLE('',(#37));
#35=SURFACE_SIDE_STYLE('',(#38));
#36=SURFACE_STYLE_FILL_AREA(#39);
#37=SURFACE_STYLE_FILL_AREA(#40);
#38=SURFACE_STYLE_FILL_AREA(#41);
#39=FILL_AREA_STYLE('',(#42));
#40=FILL_AREA_STYLE('',(#43));
#41=FILL_AREA_STYLE('',(#44));
#42=FILL_AREA_STYLE_COLOUR('',#45);
#43=FILL_AREA_STYLE_COLOUR('',#45);
#44=FILL_AREA_STYLE_COLOUR('',#45);
#45=COLOUR_RGB('medium steel',0.596078431372549,0.666666666666667,0.686274509803922);
#46=MANIFOLD_SOLID_BREP('',#49);
#47=MANIFOLD_SOLID_BREP('',#50);
#48=MANIFOLD_SOLID_BREP('',#51);
#49=CLOSED_SHELL('',(#125,#126,#127,#128,#129,#130,#131,#132,#133,#134,
#135,#136,#137,#138,#139,#140,#141,#142,#143));
#50=CLOSED_SHELL('',(#144,#145,#146,#147,#148,#149,#150,#151,#152,#153,
#154,#155,#156,#157,#158,#159,#160,#161,#162,#163,#164,#165,#166,#167,#168,
#169,#170,#171,#172));
#51=CLOSED_SHELL('',(#173,#174,#175,#176,#177,#178,#179,#180,#181,#182,
#183,#184,#185,#186,#187,#188,#189,#190,#191,#192,#193,#194,#195,#196,#197,
#198,#199,#200,#201));
#52=CONICAL_SURFACE('',#1491,2.75101578754436,47.0988701826365);
#53=CONICAL_SURFACE('',#1540,6.49174720352954,47.0988701826365);
#54=CONICAL_SURFACE('',#1566,6.49174720352954,47.0988701826365);
#55=FACE_BOUND('',#307,.T.);
#56=FACE_BOUND('',#308,.T.);
#57=FACE_BOUND('',#309,.T.);
#58=FACE_BOUND('',#310,.T.);
#59=FACE_BOUND('',#311,.T.);
#60=FACE_BOUND('',#312,.T.);
#61=FACE_BOUND('',#313,.T.);
#62=FACE_BOUND('',#314,.T.);
#63=FACE_BOUND('',#315,.T.);
#64=FACE_BOUND('',#316,.T.);
#65=FACE_BOUND('',#317,.T.);
#66=FACE_BOUND('',#318,.T.);
#67=FACE_BOUND('',#319,.T.);
#68=FACE_BOUND('',#320,.T.);
#69=FACE_BOUND('',#321,.T.);
#70=FACE_BOUND('',#322,.T.);
#71=FACE_BOUND('',#324,.T.);
#72=FACE_BOUND('',#325,.T.);
#73=B_SPLINE_CURVE_WITH_KNOTS('',3,(#2065,#2066,#2067,#2068,#2069,#2070,
#2071,#2072,#2073,#2074),.UNSPECIFIED.,.F.,.F.,(4,2,2,2,4),(0.,0.25,0.5,
0.75,1.),.UNSPECIFIED.);
#74=B_SPLINE_CURVE_WITH_KNOTS('',3,(#2077,#2078,#2079,#2080,#2081,#2082,
#2083,#2084,#2085,#2086),.UNSPECIFIED.,.F.,.F.,(4,2,2,2,4),(0.,0.25,0.5,
0.75,1.),.UNSPECIFIED.);
#75=B_SPLINE_CURVE_WITH_KNOTS('',3,(#2087,#2088,#2089,#2090),
 .UNSPECIFIED.,.F.,.F.,(4,4),(0.,1.),.UNSPECIFIED.);
#76=B_SPLINE_CURVE_WITH_KNOTS('',3,(#2093,#2094,#2095,#2096),
 .UNSPECIFIED.,.F.,.F.,(4,4),(0.,1.),.UNSPECIFIED.);
#77=B_SPLINE_CURVE_WITH_KNOTS('',3,(#2098,#2099,#2100,#2101),
 .UNSPECIFIED.,.F.,.F.,(4,4),(0.,1.),.UNSPECIFIED.);
#78=B_SPLINE_CURVE_WITH_KNOTS('',3,(#2103,#2104,#2105,#2106,#2107,#2108),
 .UNSPECIFIED.,.F.,.F.,(4,2,4),(0.,0.5,1.),.UNSPECIFIED.);
#79=B_SPLINE_CURVE_WITH_KNOTS('',3,(#2110,#2111,#2112,#2113),
 .UNSPECIFIED.,.F.,.F.,(4,4),(0.,1.),.UNSPECIFIED.);
#80=B_SPLINE_CURVE_WITH_KNOTS('',3,(#2115,#2116,#2117,#2118),
 .UNSPECIFIED.,.F.,.F.,(4,4),(0.,1.),.UNSPECIFIED.);
#81=B_SPLINE_CURVE_WITH_KNOTS('',3,(#2120,#2121,#2122,#2123),
 .UNSPECIFIED.,.F.,.F.,(4,4),(0.,1.),.UNSPECIFIED.);
#82=B_SPLINE_CURVE_WITH_KNOTS('',3,(#2125,#2126,#2127,#2128),
 .UNSPECIFIED.,.F.,.F.,(4,4),(0.,1.),.UNSPECIFIED.);
#83=B_SPLINE_CURVE_WITH_KNOTS('',3,(#2130,#2131,#2132,#2133,#2134,#2135),
 .UNSPECIFIED.,.F.,.F.,(4,2,4),(0.,0.5,1.),.UNSPECIFIED.);
#84=B_SPLINE_CURVE_WITH_KNOTS('',3,(#2137,#2138,#2139,#2140),
 .UNSPECIFIED.,.F.,.F.,(4,4),(0.,1.),.UNSPECIFIED.);
#85=PLANE('',#1462);
#86=PLANE('',#1470);
#87=PLANE('',#1481);
#88=PLANE('',#1485);
#89=PLANE('',#1489);
#90=PLANE('',#1493);
#91=PLANE('',#1500);
#92=PLANE('',#1504);
#93=PLANE('',#1507);
#94=PLANE('',#1517);
#95=PLANE('',#1520);
#96=PLANE('',#1525);
#97=PLANE('',#1527);
#98=PLANE('',#1539);
#99=PLANE('',#1542);
#100=PLANE('',#1543);
#101=PLANE('',#1545);
#102=PLANE('',#1546);
#103=PLANE('',#1547);
#104=PLANE('',#1551);
#105=PLANE('',#1553);
#106=PLANE('',#1554);
#107=PLANE('',#1555);
#108=PLANE('',#1559);
#109=PLANE('',#1563);
#110=PLANE('',#1568);
#111=PLANE('',#1574);
#112=PLANE('',#1576);
#113=PLANE('',#1582);
#114=PLANE('',#1587);
#115=PLANE('',#1597);
#116=PLANE('',#1598);
#117=PLANE('',#1599);
#118=PLANE('',#1601);
#119=PLANE('',#1602);
#120=PLANE('',#1603);
#121=PLANE('',#1605);
#122=PLANE('',#1609);
#123=PLANE('',#1610);
#124=PLANE('',#1611);
#125=ADVANCED_FACE('',(#236),#202,.T.);
#126=ADVANCED_FACE('',(#237),#85,.F.);
#127=ADVANCED_FACE('',(#238),#86,.F.);
#128=ADVANCED_FACE('',(#55,#56),#203,.T.);
#129=ADVANCED_FACE('',(#57,#58),#204,.T.);
#130=ADVANCED_FACE('',(#59,#60),#87,.F.);
#131=ADVANCED_FACE('',(#61,#62),#205,.T.);
#132=ADVANCED_FACE('',(#63,#64),#88,.T.);
#133=ADVANCED_FACE('',(#65,#66),#206,.T.);
#134=ADVANCED_FACE('',(#67,#68),#89,.T.);
#135=ADVANCED_FACE('',(#69,#70),#52,.T.);
#136=ADVANCED_FACE('',(#239),#207,.T.);
#137=ADVANCED_FACE('',(#71,#72),#90,.T.);
#138=ADVANCED_FACE('',(#240),#208,.F.);
#139=ADVANCED_FACE('',(#241),#209,.F.);
#140=ADVANCED_FACE('',(#242),#210,.F.);
#141=ADVANCED_FACE('',(#243),#211,.T.);
#142=ADVANCED_FACE('',(#244),#212,.T.);
#143=ADVANCED_FACE('',(#245),#213,.F.);
#144=ADVANCED_FACE('',(#246),#91,.T.);
#145=ADVANCED_FACE('',(#247),#214,.F.);
#146=ADVANCED_FACE('',(#248),#92,.T.);
#147=ADVANCED_FACE('',(#249),#93,.F.);
#148=ADVANCED_FACE('',(#250),#215,.F.);
#149=ADVANCED_FACE('',(#251),#216,.F.);
#150=ADVANCED_FACE('',(#252),#94,.F.);
#151=ADVANCED_FACE('',(#253),#95,.F.);
#152=ADVANCED_FACE('',(#254),#217,.F.);
#153=ADVANCED_FACE('',(#255),#96,.T.);
#154=ADVANCED_FACE('',(#256),#97,.T.);
#155=ADVANCED_FACE('',(#257),#218,.F.);
#156=ADVANCED_FACE('',(#258),#219,.F.);
#157=ADVANCED_FACE('',(#259),#220,.F.);
#158=ADVANCED_FACE('',(#260),#98,.F.);
#159=ADVANCED_FACE('',(#261),#53,.F.);
#160=ADVANCED_FACE('',(#262),#99,.F.);
#161=ADVANCED_FACE('',(#263),#100,.F.);
#162=ADVANCED_FACE('',(#264),#221,.F.);
#163=ADVANCED_FACE('',(#265),#101,.F.);
#164=ADVANCED_FACE('',(#266),#102,.F.);
#165=ADVANCED_FACE('',(#267),#103,.T.);
#166=ADVANCED_FACE('',(#268),#222,.F.);
#167=ADVANCED_FACE('',(#269),#223,.F.);
#168=ADVANCED_FACE('',(#270),#104,.F.);
#169=ADVANCED_FACE('',(#271),#224,.F.);
#170=ADVANCED_FACE('',(#272),#105,.F.);
#171=ADVANCED_FACE('',(#273),#106,.F.);
#172=ADVANCED_FACE('',(#274),#107,.F.);
#173=ADVANCED_FACE('',(#275),#225,.F.);
#174=ADVANCED_FACE('',(#276),#108,.F.);
#175=ADVANCED_FACE('',(#277),#109,.F.);
#176=ADVANCED_FACE('',(#278),#54,.F.);
#177=ADVANCED_FACE('',(#279),#110,.T.);
#178=ADVANCED_FACE('',(#280),#111,.F.);
#179=ADVANCED_FACE('',(#281),#112,.T.);
#180=ADVANCED_FACE('',(#282),#113,.F.);
#181=ADVANCED_FACE('',(#283),#226,.F.);
#182=ADVANCED_FACE('',(#284),#114,.F.);
#183=ADVANCED_FACE('',(#285),#227,.F.);
#184=ADVANCED_FACE('',(#286),#228,.F.);
#185=ADVANCED_FACE('',(#287),#229,.F.);
#186=ADVANCED_FACE('',(#288),#230,.F.);
#187=ADVANCED_FACE('',(#289),#231,.F.);
#188=ADVANCED_FACE('',(#290),#115,.F.);
#189=ADVANCED_FACE('',(#291),#116,.T.);
#190=ADVANCED_FACE('',(#292),#117,.F.);
#191=ADVANCED_FACE('',(#293),#232,.F.);
#192=ADVANCED_FACE('',(#294),#118,.T.);
#193=ADVANCED_FACE('',(#295),#119,.T.);
#194=ADVANCED_FACE('',(#296),#120,.F.);
#195=ADVANCED_FACE('',(#297),#121,.F.);
#196=ADVANCED_FACE('',(#298),#233,.F.);
#197=ADVANCED_FACE('',(#299),#234,.F.);
#198=ADVANCED_FACE('',(#300),#235,.F.);
#199=ADVANCED_FACE('',(#301),#122,.T.);
#200=ADVANCED_FACE('',(#302),#123,.T.);
#201=ADVANCED_FACE('',(#303),#124,.T.);
#202=CYLINDRICAL_SURFACE('',#1460,5.86194703650352);
#203=CYLINDRICAL_SURFACE('',#1471,2.75);
#204=CYLINDRICAL_SURFACE('',#1472,2.75044988646836);
#205=CYLINDRICAL_SURFACE('',#1483,5.2);
#206=CYLINDRICAL_SURFACE('',#1487,5.86194703650352);
#207=CYLINDRICAL_SURFACE('',#1492,5.86194703650352);
#208=CYLINDRICAL_SURFACE('',#1494,0.25);
#209=CYLINDRICAL_SURFACE('',#1495,0.25);
#210=CYLINDRICAL_SURFACE('',#1496,0.25);
#211=CYLINDRICAL_SURFACE('',#1497,5.86194703650352);
#212=CYLINDRICAL_SURFACE('',#1498,5.86194703650352);
#213=CYLINDRICAL_SURFACE('',#1499,0.25);
#214=CYLINDRICAL_SURFACE('',#1503,0.25);
#215=CYLINDRICAL_SURFACE('',#1510,5.86194703650352);
#216=CYLINDRICAL_SURFACE('',#1513,0.25);
#217=CYLINDRICAL_SURFACE('',#1523,5.86194703650352);
#218=CYLINDRICAL_SURFACE('',#1531,2.75044988646836);
#219=CYLINDRICAL_SURFACE('',#1534,0.25);
#220=CYLINDRICAL_SURFACE('',#1538,3.75);
#221=CYLINDRICAL_SURFACE('',#1544,6.5);
#222=CYLINDRICAL_SURFACE('',#1548,5.86194703650352);
#223=CYLINDRICAL_SURFACE('',#1550,0.25);
#224=CYLINDRICAL_SURFACE('',#1552,0.25);
#225=CYLINDRICAL_SURFACE('',#1558,6.5);
#226=CYLINDRICAL_SURFACE('',#1583,5.86194703650352);
#227=CYLINDRICAL_SURFACE('',#1590,3.75);
#228=CYLINDRICAL_SURFACE('',#1593,2.75044988646836);
#229=CYLINDRICAL_SURFACE('',#1594,0.25);
#230=CYLINDRICAL_SURFACE('',#1595,0.25);
#231=CYLINDRICAL_SURFACE('',#1596,5.86194703650352);
#232=CYLINDRICAL_SURFACE('',#1600,0.25);
#233=CYLINDRICAL_SURFACE('',#1606,0.25);
#234=CYLINDRICAL_SURFACE('',#1607,0.25);
#235=CYLINDRICAL_SURFACE('',#1608,5.86194703650352);
#236=FACE_OUTER_BOUND('',#304,.T.);
#237=FACE_OUTER_BOUND('',#305,.T.);
#238=FACE_OUTER_BOUND('',#306,.T.);
#239=FACE_OUTER_BOUND('',#323,.T.);
#240=FACE_OUTER_BOUND('',#326,.T.);
#241=FACE_OUTER_BOUND('',#327,.T.);
#242=FACE_OUTER_BOUND('',#328,.T.);
#243=FACE_OUTER_BOUND('',#329,.T.);
#244=FACE_OUTER_BOUND('',#330,.T.);
#245=FACE_OUTER_BOUND('',#331,.T.);
#246=FACE_OUTER_BOUND('',#332,.T.);
#247=FACE_OUTER_BOUND('',#333,.T.);
#248=FACE_OUTER_BOUND('',#334,.T.);
#249=FACE_OUTER_BOUND('',#335,.T.);
#250=FACE_OUTER_BOUND('',#336,.T.);
#251=FACE_OUTER_BOUND('',#337,.T.);
#252=FACE_OUTER_BOUND('',#338,.T.);
#253=FACE_OUTER_BOUND('',#339,.T.);
#254=FACE_OUTER_BOUND('',#340,.T.);
#255=FACE_OUTER_BOUND('',#341,.T.);
#256=FACE_OUTER_BOUND('',#342,.T.);
#257=FACE_OUTER_BOUND('',#343,.T.);
#258=FACE_OUTER_BOUND('',#344,.T.);
#259=FACE_OUTER_BOUND('',#345,.T.);
#260=FACE_OUTER_BOUND('',#346,.T.);
#261=FACE_OUTER_BOUND('',#347,.T.);
#262=FACE_OUTER_BOUND('',#348,.T.);
#263=FACE_OUTER_BOUND('',#349,.T.);
#264=FACE_OUTER_BOUND('',#350,.T.);
#265=FACE_OUTER_BOUND('',#351,.T.);
#266=FACE_OUTER_BOUND('',#352,.T.);
#267=FACE_OUTER_BOUND('',#353,.T.);
#268=FACE_OUTER_BOUND('',#354,.T.);
#269=FACE_OUTER_BOUND('',#355,.T.);
#270=FACE_OUTER_BOUND('',#356,.T.);
#271=FACE_OUTER_BOUND('',#357,.T.);
#272=FACE_OUTER_BOUND('',#358,.T.);
#273=FACE_OUTER_BOUND('',#359,.T.);
#274=FACE_OUTER_BOUND('',#360,.T.);
#275=FACE_OUTER_BOUND('',#361,.T.);
#276=FACE_OUTER_BOUND('',#362,.T.);
#277=FACE_OUTER_BOUND('',#363,.T.);
#278=FACE_OUTER_BOUND('',#364,.T.);
#279=FACE_OUTER_BOUND('',#365,.T.);
#280=FACE_OUTER_BOUND('',#366,.T.);
#281=FACE_OUTER_BOUND('',#367,.T.);
#282=FACE_OUTER_BOUND('',#368,.T.);
#283=FACE_OUTER_BOUND('',#369,.T.);
#284=FACE_OUTER_BOUND('',#370,.T.);
#285=FACE_OUTER_BOUND('',#371,.T.);
#286=FACE_OUTER_BOUND('',#372,.T.);
#287=FACE_OUTER_BOUND('',#373,.T.);
#288=FACE_OUTER_BOUND('',#374,.T.);
#289=FACE_OUTER_BOUND('',#375,.T.);
#290=FACE_OUTER_BOUND('',#376,.T.);
#291=FACE_OUTER_BOUND('',#377,.T.);
#292=FACE_OUTER_BOUND('',#378,.T.);
#293=FACE_OUTER_BOUND('',#379,.T.);
#294=FACE_OUTER_BOUND('',#380,.T.);
#295=FACE_OUTER_BOUND('',#381,.T.);
#296=FACE_OUTER_BOUND('',#382,.T.);
#297=FACE_OUTER_BOUND('',#383,.T.);
#298=FACE_OUTER_BOUND('',#384,.T.);
#299=FACE_OUTER_BOUND('',#385,.T.);
#300=FACE_OUTER_BOUND('',#386,.T.);
#301=FACE_OUTER_BOUND('',#387,.T.);
#302=FACE_OUTER_BOUND('',#388,.T.);
#303=FACE_OUTER_BOUND('',#389,.T.);
#304=EDGE_LOOP('',(#467,#468,#469,#470));
#305=EDGE_LOOP('',(#471));
#306=EDGE_LOOP('',(#472,#473,#474,#475,#476,#477,#478,#479));
#307=EDGE_LOOP('',(#480,#481));
#308=EDGE_LOOP('',(#482,#483,#484,#485,#486,#487,#488,#489,#490,#491));
#309=EDGE_LOOP('',(#492,#493,#494,#495,#496,#497,#498,#499,#500,#501));
#310=EDGE_LOOP('',(#502));
#311=EDGE_LOOP('',(#503));
#312=EDGE_LOOP('',(#504,#505,#506,#507,#508,#509,#510,#511));
#313=EDGE_LOOP('',(#512));
#314=EDGE_LOOP('',(#513));
#315=EDGE_LOOP('',(#514));
#316=EDGE_LOOP('',(#515));
#317=EDGE_LOOP('',(#516));
#318=EDGE_LOOP('',(#517));
#319=EDGE_LOOP('',(#518));
#320=EDGE_LOOP('',(#519));
#321=EDGE_LOOP('',(#520));
#322=EDGE_LOOP('',(#521));
#323=EDGE_LOOP('',(#522,#523,#524,#525));
#324=EDGE_LOOP('',(#526,#527));
#325=EDGE_LOOP('',(#528));
#326=EDGE_LOOP('',(#529,#530,#531,#532));
#327=EDGE_LOOP('',(#533,#534,#535,#536));
#328=EDGE_LOOP('',(#537,#538,#539,#540));
#329=EDGE_LOOP('',(#541,#542,#543,#544));
#330=EDGE_LOOP('',(#545,#546,#547,#548));
#331=EDGE_LOOP('',(#549,#550,#551,#552));
#332=EDGE_LOOP('',(#553,#554,#555,#556));
#333=EDGE_LOOP('',(#557,#558,#559,#560));
#334=EDGE_LOOP('',(#561,#562,#563,#564));
#335=EDGE_LOOP('',(#565,#566,#567,#568));
#336=EDGE_LOOP('',(#569,#570,#571,#572));
#337=EDGE_LOOP('',(#573,#574,#575,#576));
#338=EDGE_LOOP('',(#577,#578,#579,#580,#581,#582,#583,#584));
#339=EDGE_LOOP('',(#585,#586,#587,#588,#589,#590,#591,#592,#593,#594));
#340=EDGE_LOOP('',(#595,#596,#597,#598));
#341=EDGE_LOOP('',(#599,#600,#601,#602));
#342=EDGE_LOOP('',(#603,#604,#605,#606));
#343=EDGE_LOOP('',(#607,#608,#609,#610,#611,#612,#613,#614));
#344=EDGE_LOOP('',(#615,#616,#617,#618));
#345=EDGE_LOOP('',(#619,#620,#621,#622,#623,#624,#625,#626));
#346=EDGE_LOOP('',(#627,#628,#629,#630,#631,#632));
#347=EDGE_LOOP('',(#633,#634,#635,#636));
#348=EDGE_LOOP('',(#637,#638,#639,#640,#641,#642,#643,#644,#645,#646));
#349=EDGE_LOOP('',(#647,#648,#649,#650));
#350=EDGE_LOOP('',(#651,#652,#653,#654));
#351=EDGE_LOOP('',(#655,#656,#657,#658));
#352=EDGE_LOOP('',(#659,#660,#661,#662,#663,#664,#665,#666,#667,#668,#669,
#670,#671));
#353=EDGE_LOOP('',(#672,#673,#674,#675));
#354=EDGE_LOOP('',(#676,#677,#678,#679));
#355=EDGE_LOOP('',(#680,#681,#682,#683));
#356=EDGE_LOOP('',(#684,#685,#686,#687,#688,#689));
#357=EDGE_LOOP('',(#690,#691,#692,#693));
#358=EDGE_LOOP('',(#694,#695,#696,#697));
#359=EDGE_LOOP('',(#698,#699,#700,#701,#702,#703,#704,#705,#706,#707,#708,
#709,#710));
#360=EDGE_LOOP('',(#711,#712,#713,#714));
#361=EDGE_LOOP('',(#715,#716,#717,#718));
#362=EDGE_LOOP('',(#719,#720,#721,#722));
#363=EDGE_LOOP('',(#723,#724,#725,#726,#727,#728,#729,#730,#731,#732));
#364=EDGE_LOOP('',(#733,#734,#735,#736));
#365=EDGE_LOOP('',(#737,#738,#739,#740));
#366=EDGE_LOOP('',(#741,#742,#743,#744,#745,#746,#747,#748,#749,#750));
#367=EDGE_LOOP('',(#751,#752,#753,#754));
#368=EDGE_LOOP('',(#755,#756,#757,#758,#759,#760,#761,#762));
#369=EDGE_LOOP('',(#763,#764,#765,#766));
#370=EDGE_LOOP('',(#767,#768,#769,#770,#771,#772));
#371=EDGE_LOOP('',(#773,#774,#775,#776,#777,#778,#779,#780));
#372=EDGE_LOOP('',(#781,#782,#783,#784,#785,#786,#787,#788));
#373=EDGE_LOOP('',(#789,#790,#791,#792));
#374=EDGE_LOOP('',(#793,#794,#795,#796));
#375=EDGE_LOOP('',(#797,#798,#799,#800));
#376=EDGE_LOOP('',(#801,#802,#803,#804));
#377=EDGE_LOOP('',(#805,#806,#807,#808));
#378=EDGE_LOOP('',(#809,#810,#811,#812));
#379=EDGE_LOOP('',(#813,#814,#815,#816));
#380=EDGE_LOOP('',(#817,#818,#819,#820));
#381=EDGE_LOOP('',(#821,#822,#823,#824,#825,#826,#827,#828,#829,#830,#831,
#832,#833));
#382=EDGE_LOOP('',(#834,#835,#836,#837));
#383=EDGE_LOOP('',(#838,#839,#840,#841,#842,#843));
#384=EDGE_LOOP('',(#844,#845,#846,#847));
#385=EDGE_LOOP('',(#848,#849,#850,#851));
#386=EDGE_LOOP('',(#852,#853,#854,#855));
#387=EDGE_LOOP('',(#856,#857,#858,#859));
#388=EDGE_LOOP('',(#860,#861,#862,#863,#864,#865,#866,#867,#868,#869,#870,
#871,#872));
#389=EDGE_LOOP('',(#873,#874,#875,#876));
#390=CIRCLE('',#1458,5.86194703650352);
#391=CIRCLE('',#1459,5.86194703650352);
#392=CIRCLE('',#1461,2.75044988646836);
#393=CIRCLE('',#1463,0.25);
#394=CIRCLE('',#1464,5.86194703650352);
#395=CIRCLE('',#1465,0.25);
#396=CIRCLE('',#1466,5.86194703650352);
#397=CIRCLE('',#1467,0.25);
#398=CIRCLE('',#1468,5.86194703650352);
#399=CIRCLE('',#1469,0.25);
#400=CIRCLE('',#1473,5.2);
#401=CIRCLE('',#1474,5.86194703650352);
#402=CIRCLE('',#1475,0.25);
#403=CIRCLE('',#1476,0.25);
#404=CIRCLE('',#1477,5.86194703650352);
#405=CIRCLE('',#1478,0.25);
#406=CIRCLE('',#1479,5.86194703650352);
#407=CIRCLE('',#1480,0.25);
#408=CIRCLE('',#1482,5.2);
#409=CIRCLE('',#1484,5.86194703650352);
#410=CIRCLE('',#1486,5.86194703650352);
#411=CIRCLE('',#1488,5.19633925094905);
#412=CIRCLE('',#1490,2.93917426054275);
#413=CIRCLE('',#1501,0.25);
#414=CIRCLE('',#1502,0.25);
#415=CIRCLE('',#1505,2.75044988646836);
#416=CIRCLE('',#1506,3.75);
#417=CIRCLE('',#1508,5.86194703650352);
#418=CIRCLE('',#1509,5.86194703650352);
#419=CIRCLE('',#1511,0.25);
#420=CIRCLE('',#1512,0.25);
#421=CIRCLE('',#1514,6.5);
#422=CIRCLE('',#1515,0.25);
#423=CIRCLE('',#1516,5.86194703650352);
#424=CIRCLE('',#1518,5.86194703650352);
#425=CIRCLE('',#1519,0.25);
#426=CIRCLE('',#1521,5.86194703650352);
#427=CIRCLE('',#1522,5.86194703650352);
#428=CIRCLE('',#1524,6.5);
#429=CIRCLE('',#1526,6.49174720352954);
#430=CIRCLE('',#1528,2.75044988646836);
#431=CIRCLE('',#1529,2.75044988646836);
#432=CIRCLE('',#1530,2.75044988646836);
#433=CIRCLE('',#1532,0.25);
#434=CIRCLE('',#1533,0.25);
#435=CIRCLE('',#1535,3.75);
#436=CIRCLE('',#1536,3.75);
#437=CIRCLE('',#1537,3.75);
#438=CIRCLE('',#1541,0.25);
#439=CIRCLE('',#1549,0.25);
#440=CIRCLE('',#1556,6.5);
#441=CIRCLE('',#1557,6.5);
#442=CIRCLE('',#1560,2.75044988646836);
#443=CIRCLE('',#1561,0.25);
#444=CIRCLE('',#1562,0.25);
#445=CIRCLE('',#1564,3.75);
#446=CIRCLE('',#1565,6.49174720352954);
#447=CIRCLE('',#1567,5.86194703650352);
#448=CIRCLE('',#1569,0.25);
#449=CIRCLE('',#1570,5.86194703650352);
#450=CIRCLE('',#1571,0.25);
#451=CIRCLE('',#1572,5.86194703650352);
#452=CIRCLE('',#1573,0.25);
#453=CIRCLE('',#1575,5.86194703650352);
#454=CIRCLE('',#1577,0.25);
#455=CIRCLE('',#1578,5.86194703650352);
#456=CIRCLE('',#1579,0.25);
#457=CIRCLE('',#1580,5.86194703650352);
#458=CIRCLE('',#1581,0.25);
#459=CIRCLE('',#1584,3.75);
#460=CIRCLE('',#1585,2.75044988646836);
#461=CIRCLE('',#1586,0.25);
#462=CIRCLE('',#1588,3.75);
#463=CIRCLE('',#1589,3.75);
#464=CIRCLE('',#1591,2.75044988646836);
#465=CIRCLE('',#1592,2.75044988646836);
#466=CIRCLE('',#1604,0.25);
#467=ORIENTED_EDGE('',*,*,#1020,.F.);
#468=ORIENTED_EDGE('',*,*,#1021,.T.);
#469=ORIENTED_EDGE('',*,*,#1022,.F.);
#470=ORIENTED_EDGE('',*,*,#1023,.F.);
#471=ORIENTED_EDGE('',*,*,#1024,.F.);
#472=ORIENTED_EDGE('',*,*,#1021,.F.);
#473=ORIENTED_EDGE('',*,*,#1025,.T.);
#474=ORIENTED_EDGE('',*,*,#1026,.F.);
#475=ORIENTED_EDGE('',*,*,#1027,.T.);
#476=ORIENTED_EDGE('',*,*,#1028,.F.);
#477=ORIENTED_EDGE('',*,*,#1029,.T.);
#478=ORIENTED_EDGE('',*,*,#1030,.F.);
#479=ORIENTED_EDGE('',*,*,#1031,.T.);
#480=ORIENTED_EDGE('',*,*,#1032,.F.);
#481=ORIENTED_EDGE('',*,*,#1033,.F.);
#482=ORIENTED_EDGE('',*,*,#1034,.T.);
#483=ORIENTED_EDGE('',*,*,#1035,.T.);
#484=ORIENTED_EDGE('',*,*,#1036,.T.);
#485=ORIENTED_EDGE('',*,*,#1037,.T.);
#486=ORIENTED_EDGE('',*,*,#1038,.T.);
#487=ORIENTED_EDGE('',*,*,#1039,.T.);
#488=ORIENTED_EDGE('',*,*,#1040,.T.);
#489=ORIENTED_EDGE('',*,*,#1041,.T.);
#490=ORIENTED_EDGE('',*,*,#1042,.T.);
#491=ORIENTED_EDGE('',*,*,#1043,.T.);
#492=ORIENTED_EDGE('',*,*,#1035,.F.);
#493=ORIENTED_EDGE('',*,*,#1034,.F.);
#494=ORIENTED_EDGE('',*,*,#1043,.F.);
#495=ORIENTED_EDGE('',*,*,#1042,.F.);
#496=ORIENTED_EDGE('',*,*,#1041,.F.);
#497=ORIENTED_EDGE('',*,*,#1040,.F.);
#498=ORIENTED_EDGE('',*,*,#1039,.F.);
#499=ORIENTED_EDGE('',*,*,#1038,.F.);
#500=ORIENTED_EDGE('',*,*,#1037,.F.);
#501=ORIENTED_EDGE('',*,*,#1036,.F.);
#502=ORIENTED_EDGE('',*,*,#1024,.T.);
#503=ORIENTED_EDGE('',*,*,#1044,.F.);
#504=ORIENTED_EDGE('',*,*,#1045,.T.);
#505=ORIENTED_EDGE('',*,*,#1046,.T.);
#506=ORIENTED_EDGE('',*,*,#1023,.T.);
#507=ORIENTED_EDGE('',*,*,#1047,.T.);
#508=ORIENTED_EDGE('',*,*,#1048,.T.);
#509=ORIENTED_EDGE('',*,*,#1049,.T.);
#510=ORIENTED_EDGE('',*,*,#1050,.T.);
#511=ORIENTED_EDGE('',*,*,#1051,.T.);
#512=ORIENTED_EDGE('',*,*,#1044,.T.);
#513=ORIENTED_EDGE('',*,*,#1052,.F.);
#514=ORIENTED_EDGE('',*,*,#1052,.T.);
#515=ORIENTED_EDGE('',*,*,#1053,.F.);
#516=ORIENTED_EDGE('',*,*,#1054,.T.);
#517=ORIENTED_EDGE('',*,*,#1053,.T.);
#518=ORIENTED_EDGE('',*,*,#1054,.F.);
#519=ORIENTED_EDGE('',*,*,#1055,.T.);
#520=ORIENTED_EDGE('',*,*,#1055,.F.);
#521=ORIENTED_EDGE('',*,*,#1056,.F.);
#522=ORIENTED_EDGE('',*,*,#1057,.F.);
#523=ORIENTED_EDGE('',*,*,#1030,.T.);
#524=ORIENTED_EDGE('',*,*,#1058,.F.);
#525=ORIENTED_EDGE('',*,*,#1048,.F.);
#526=ORIENTED_EDGE('',*,*,#1033,.T.);
#527=ORIENTED_EDGE('',*,*,#1032,.T.);
#528=ORIENTED_EDGE('',*,*,#1056,.T.);
#529=ORIENTED_EDGE('',*,*,#1029,.F.);
#530=ORIENTED_EDGE('',*,*,#1059,.T.);
#531=ORIENTED_EDGE('',*,*,#1049,.F.);
#532=ORIENTED_EDGE('',*,*,#1058,.T.);
#533=ORIENTED_EDGE('',*,*,#1022,.T.);
#534=ORIENTED_EDGE('',*,*,#1031,.F.);
#535=ORIENTED_EDGE('',*,*,#1057,.T.);
#536=ORIENTED_EDGE('',*,*,#1047,.F.);
#537=ORIENTED_EDGE('',*,*,#1020,.T.);
#538=ORIENTED_EDGE('',*,*,#1046,.F.);
#539=ORIENTED_EDGE('',*,*,#1060,.T.);
#540=ORIENTED_EDGE('',*,*,#1025,.F.);
#541=ORIENTED_EDGE('',*,*,#1061,.F.);
#542=ORIENTED_EDGE('',*,*,#1050,.F.);
#543=ORIENTED_EDGE('',*,*,#1059,.F.);
#544=ORIENTED_EDGE('',*,*,#1028,.T.);
#545=ORIENTED_EDGE('',*,*,#1060,.F.);
#546=ORIENTED_EDGE('',*,*,#1045,.F.);
#547=ORIENTED_EDGE('',*,*,#1062,.F.);
#548=ORIENTED_EDGE('',*,*,#1026,.T.);
#549=ORIENTED_EDGE('',*,*,#1061,.T.);
#550=ORIENTED_EDGE('',*,*,#1027,.F.);
#551=ORIENTED_EDGE('',*,*,#1062,.T.);
#552=ORIENTED_EDGE('',*,*,#1051,.F.);
#553=ORIENTED_EDGE('',*,*,#1063,.T.);
#554=ORIENTED_EDGE('',*,*,#1064,.T.);
#555=ORIENTED_EDGE('',*,*,#1065,.T.);
#556=ORIENTED_EDGE('',*,*,#1066,.T.);
#557=ORIENTED_EDGE('',*,*,#1067,.F.);
#558=ORIENTED_EDGE('',*,*,#1068,.F.);
#559=ORIENTED_EDGE('',*,*,#1069,.F.);
#560=ORIENTED_EDGE('',*,*,#1070,.F.);
#561=ORIENTED_EDGE('',*,*,#1071,.T.);
#562=ORIENTED_EDGE('',*,*,#1072,.F.);
#563=ORIENTED_EDGE('',*,*,#1073,.T.);
#564=ORIENTED_EDGE('',*,*,#1074,.T.);
#565=ORIENTED_EDGE('',*,*,#1075,.T.);
#566=ORIENTED_EDGE('',*,*,#1076,.F.);
#567=ORIENTED_EDGE('',*,*,#1077,.T.);
#568=ORIENTED_EDGE('',*,*,#1071,.F.);
#569=ORIENTED_EDGE('',*,*,#1078,.F.);
#570=ORIENTED_EDGE('',*,*,#1068,.T.);
#571=ORIENTED_EDGE('',*,*,#1079,.T.);
#572=ORIENTED_EDGE('',*,*,#1080,.T.);
#573=ORIENTED_EDGE('',*,*,#1081,.F.);
#574=ORIENTED_EDGE('',*,*,#1082,.T.);
#575=ORIENTED_EDGE('',*,*,#1083,.F.);
#576=ORIENTED_EDGE('',*,*,#1080,.F.);
#577=ORIENTED_EDGE('',*,*,#1083,.T.);
#578=ORIENTED_EDGE('',*,*,#1084,.F.);
#579=ORIENTED_EDGE('',*,*,#1085,.T.);
#580=ORIENTED_EDGE('',*,*,#1086,.F.);
#581=ORIENTED_EDGE('',*,*,#1087,.T.);
#582=ORIENTED_EDGE('',*,*,#1088,.T.);
#583=ORIENTED_EDGE('',*,*,#1069,.T.);
#584=ORIENTED_EDGE('',*,*,#1078,.T.);
#585=ORIENTED_EDGE('',*,*,#1089,.T.);
#586=ORIENTED_EDGE('',*,*,#1090,.F.);
#587=ORIENTED_EDGE('',*,*,#1081,.T.);
#588=ORIENTED_EDGE('',*,*,#1079,.F.);
#589=ORIENTED_EDGE('',*,*,#1067,.T.);
#590=ORIENTED_EDGE('',*,*,#1091,.F.);
#591=ORIENTED_EDGE('',*,*,#1092,.T.);
#592=ORIENTED_EDGE('',*,*,#1093,.F.);
#593=ORIENTED_EDGE('',*,*,#1094,.F.);
#594=ORIENTED_EDGE('',*,*,#1063,.F.);
#595=ORIENTED_EDGE('',*,*,#1095,.T.);
#596=ORIENTED_EDGE('',*,*,#1096,.T.);
#597=ORIENTED_EDGE('',*,*,#1097,.T.);
#598=ORIENTED_EDGE('',*,*,#1098,.T.);
#599=ORIENTED_EDGE('',*,*,#1099,.F.);
#600=ORIENTED_EDGE('',*,*,#1095,.F.);
#601=ORIENTED_EDGE('',*,*,#1100,.F.);
#602=ORIENTED_EDGE('',*,*,#1101,.F.);
#603=ORIENTED_EDGE('',*,*,#1102,.T.);
#604=ORIENTED_EDGE('',*,*,#1103,.F.);
#605=ORIENTED_EDGE('',*,*,#1104,.T.);
#606=ORIENTED_EDGE('',*,*,#1097,.F.);
#607=ORIENTED_EDGE('',*,*,#1105,.F.);
#608=ORIENTED_EDGE('',*,*,#1106,.F.);
#609=ORIENTED_EDGE('',*,*,#1107,.T.);
#610=ORIENTED_EDGE('',*,*,#1108,.F.);
#611=ORIENTED_EDGE('',*,*,#1109,.F.);
#612=ORIENTED_EDGE('',*,*,#1110,.T.);
#613=ORIENTED_EDGE('',*,*,#1075,.F.);
#614=ORIENTED_EDGE('',*,*,#1074,.F.);
#615=ORIENTED_EDGE('',*,*,#1111,.F.);
#616=ORIENTED_EDGE('',*,*,#1112,.F.);
#617=ORIENTED_EDGE('',*,*,#1113,.F.);
#618=ORIENTED_EDGE('',*,*,#1114,.F.);
#619=ORIENTED_EDGE('',*,*,#1115,.T.);
#620=ORIENTED_EDGE('',*,*,#1116,.F.);
#621=ORIENTED_EDGE('',*,*,#1072,.T.);
#622=ORIENTED_EDGE('',*,*,#1077,.F.);
#623=ORIENTED_EDGE('',*,*,#1117,.T.);
#624=ORIENTED_EDGE('',*,*,#1118,.F.);
#625=ORIENTED_EDGE('',*,*,#1119,.T.);
#626=ORIENTED_EDGE('',*,*,#1120,.T.);
#627=ORIENTED_EDGE('',*,*,#1116,.T.);
#628=ORIENTED_EDGE('',*,*,#1121,.T.);
#629=ORIENTED_EDGE('',*,*,#1111,.T.);
#630=ORIENTED_EDGE('',*,*,#1122,.T.);
#631=ORIENTED_EDGE('',*,*,#1105,.T.);
#632=ORIENTED_EDGE('',*,*,#1073,.F.);
#633=ORIENTED_EDGE('',*,*,#1123,.T.);
#634=ORIENTED_EDGE('',*,*,#1120,.F.);
#635=ORIENTED_EDGE('',*,*,#1124,.T.);
#636=ORIENTED_EDGE('',*,*,#1103,.T.);
#637=ORIENTED_EDGE('',*,*,#1107,.F.);
#638=ORIENTED_EDGE('',*,*,#1125,.T.);
#639=ORIENTED_EDGE('',*,*,#1113,.T.);
#640=ORIENTED_EDGE('',*,*,#1126,.T.);
#641=ORIENTED_EDGE('',*,*,#1127,.F.);
#642=ORIENTED_EDGE('',*,*,#1065,.F.);
#643=ORIENTED_EDGE('',*,*,#1128,.T.);
#644=ORIENTED_EDGE('',*,*,#1129,.T.);
#645=ORIENTED_EDGE('',*,*,#1130,.T.);
#646=ORIENTED_EDGE('',*,*,#1131,.T.);
#647=ORIENTED_EDGE('',*,*,#1127,.T.);
#648=ORIENTED_EDGE('',*,*,#1132,.F.);
#649=ORIENTED_EDGE('',*,*,#1089,.F.);
#650=ORIENTED_EDGE('',*,*,#1066,.F.);
#651=ORIENTED_EDGE('',*,*,#1133,.T.);
#652=ORIENTED_EDGE('',*,*,#1101,.T.);
#653=ORIENTED_EDGE('',*,*,#1134,.T.);
#654=ORIENTED_EDGE('',*,*,#1085,.F.);
#655=ORIENTED_EDGE('',*,*,#1122,.F.);
#656=ORIENTED_EDGE('',*,*,#1114,.T.);
#657=ORIENTED_EDGE('',*,*,#1125,.F.);
#658=ORIENTED_EDGE('',*,*,#1106,.T.);
#659=ORIENTED_EDGE('',*,*,#1099,.T.);
#660=ORIENTED_EDGE('',*,*,#1133,.F.);
#661=ORIENTED_EDGE('',*,*,#1084,.T.);
#662=ORIENTED_EDGE('',*,*,#1082,.F.);
#663=ORIENTED_EDGE('',*,*,#1090,.T.);
#664=ORIENTED_EDGE('',*,*,#1132,.T.);
#665=ORIENTED_EDGE('',*,*,#1126,.F.);
#666=ORIENTED_EDGE('',*,*,#1112,.T.);
#667=ORIENTED_EDGE('',*,*,#1121,.F.);
#668=ORIENTED_EDGE('',*,*,#1115,.F.);
#669=ORIENTED_EDGE('',*,*,#1123,.F.);
#670=ORIENTED_EDGE('',*,*,#1102,.F.);
#671=ORIENTED_EDGE('',*,*,#1096,.F.);
#672=ORIENTED_EDGE('',*,*,#1135,.T.);
#673=ORIENTED_EDGE('',*,*,#1117,.F.);
#674=ORIENTED_EDGE('',*,*,#1076,.T.);
#675=ORIENTED_EDGE('',*,*,#1110,.F.);
#676=ORIENTED_EDGE('',*,*,#1091,.T.);
#677=ORIENTED_EDGE('',*,*,#1070,.T.);
#678=ORIENTED_EDGE('',*,*,#1088,.F.);
#679=ORIENTED_EDGE('',*,*,#1136,.T.);
#680=ORIENTED_EDGE('',*,*,#1137,.F.);
#681=ORIENTED_EDGE('',*,*,#1138,.T.);
#682=ORIENTED_EDGE('',*,*,#1130,.F.);
#683=ORIENTED_EDGE('',*,*,#1139,.T.);
#684=ORIENTED_EDGE('',*,*,#1109,.T.);
#685=ORIENTED_EDGE('',*,*,#1140,.T.);
#686=ORIENTED_EDGE('',*,*,#1137,.T.);
#687=ORIENTED_EDGE('',*,*,#1141,.T.);
#688=ORIENTED_EDGE('',*,*,#1118,.T.);
#689=ORIENTED_EDGE('',*,*,#1135,.F.);
#690=ORIENTED_EDGE('',*,*,#1087,.F.);
#691=ORIENTED_EDGE('',*,*,#1142,.F.);
#692=ORIENTED_EDGE('',*,*,#1092,.F.);
#693=ORIENTED_EDGE('',*,*,#1136,.F.);
#694=ORIENTED_EDGE('',*,*,#1094,.T.);
#695=ORIENTED_EDGE('',*,*,#1143,.F.);
#696=ORIENTED_EDGE('',*,*,#1128,.F.);
#697=ORIENTED_EDGE('',*,*,#1064,.F.);
#698=ORIENTED_EDGE('',*,*,#1134,.F.);
#699=ORIENTED_EDGE('',*,*,#1100,.T.);
#700=ORIENTED_EDGE('',*,*,#1098,.F.);
#701=ORIENTED_EDGE('',*,*,#1104,.F.);
#702=ORIENTED_EDGE('',*,*,#1124,.F.);
#703=ORIENTED_EDGE('',*,*,#1119,.F.);
#704=ORIENTED_EDGE('',*,*,#1141,.F.);
#705=ORIENTED_EDGE('',*,*,#1139,.F.);
#706=ORIENTED_EDGE('',*,*,#1129,.F.);
#707=ORIENTED_EDGE('',*,*,#1143,.T.);
#708=ORIENTED_EDGE('',*,*,#1093,.T.);
#709=ORIENTED_EDGE('',*,*,#1142,.T.);
#710=ORIENTED_EDGE('',*,*,#1086,.T.);
#711=ORIENTED_EDGE('',*,*,#1131,.F.);
#712=ORIENTED_EDGE('',*,*,#1138,.F.);
#713=ORIENTED_EDGE('',*,*,#1140,.F.);
#714=ORIENTED_EDGE('',*,*,#1108,.T.);
#715=ORIENTED_EDGE('',*,*,#1144,.T.);
#716=ORIENTED_EDGE('',*,*,#1145,.T.);
#717=ORIENTED_EDGE('',*,*,#1146,.F.);
#718=ORIENTED_EDGE('',*,*,#1147,.T.);
#719=ORIENTED_EDGE('',*,*,#1148,.F.);
#720=ORIENTED_EDGE('',*,*,#1149,.T.);
#721=ORIENTED_EDGE('',*,*,#1150,.T.);
#722=ORIENTED_EDGE('',*,*,#1151,.F.);
#723=ORIENTED_EDGE('',*,*,#1152,.T.);
#724=ORIENTED_EDGE('',*,*,#1153,.F.);
#725=ORIENTED_EDGE('',*,*,#1154,.T.);
#726=ORIENTED_EDGE('',*,*,#1155,.T.);
#727=ORIENTED_EDGE('',*,*,#1156,.T.);
#728=ORIENTED_EDGE('',*,*,#1157,.T.);
#729=ORIENTED_EDGE('',*,*,#1158,.T.);
#730=ORIENTED_EDGE('',*,*,#1149,.F.);
#731=ORIENTED_EDGE('',*,*,#1159,.T.);
#732=ORIENTED_EDGE('',*,*,#1160,.T.);
#733=ORIENTED_EDGE('',*,*,#1161,.F.);
#734=ORIENTED_EDGE('',*,*,#1162,.T.);
#735=ORIENTED_EDGE('',*,*,#1163,.T.);
#736=ORIENTED_EDGE('',*,*,#1164,.T.);
#737=ORIENTED_EDGE('',*,*,#1163,.F.);
#738=ORIENTED_EDGE('',*,*,#1165,.T.);
#739=ORIENTED_EDGE('',*,*,#1166,.F.);
#740=ORIENTED_EDGE('',*,*,#1167,.T.);
#741=ORIENTED_EDGE('',*,*,#1168,.F.);
#742=ORIENTED_EDGE('',*,*,#1151,.T.);
#743=ORIENTED_EDGE('',*,*,#1169,.T.);
#744=ORIENTED_EDGE('',*,*,#1170,.F.);
#745=ORIENTED_EDGE('',*,*,#1171,.F.);
#746=ORIENTED_EDGE('',*,*,#1172,.T.);
#747=ORIENTED_EDGE('',*,*,#1173,.F.);
#748=ORIENTED_EDGE('',*,*,#1174,.T.);
#749=ORIENTED_EDGE('',*,*,#1175,.F.);
#750=ORIENTED_EDGE('',*,*,#1176,.T.);
#751=ORIENTED_EDGE('',*,*,#1177,.F.);
#752=ORIENTED_EDGE('',*,*,#1178,.F.);
#753=ORIENTED_EDGE('',*,*,#1144,.F.);
#754=ORIENTED_EDGE('',*,*,#1179,.F.);
#755=ORIENTED_EDGE('',*,*,#1180,.F.);
#756=ORIENTED_EDGE('',*,*,#1181,.T.);
#757=ORIENTED_EDGE('',*,*,#1182,.T.);
#758=ORIENTED_EDGE('',*,*,#1183,.T.);
#759=ORIENTED_EDGE('',*,*,#1184,.T.);
#760=ORIENTED_EDGE('',*,*,#1185,.T.);
#761=ORIENTED_EDGE('',*,*,#1186,.F.);
#762=ORIENTED_EDGE('',*,*,#1146,.T.);
#763=ORIENTED_EDGE('',*,*,#1187,.T.);
#764=ORIENTED_EDGE('',*,*,#1177,.T.);
#765=ORIENTED_EDGE('',*,*,#1188,.T.);
#766=ORIENTED_EDGE('',*,*,#1166,.T.);
#767=ORIENTED_EDGE('',*,*,#1189,.T.);
#768=ORIENTED_EDGE('',*,*,#1190,.T.);
#769=ORIENTED_EDGE('',*,*,#1191,.F.);
#770=ORIENTED_EDGE('',*,*,#1192,.T.);
#771=ORIENTED_EDGE('',*,*,#1193,.T.);
#772=ORIENTED_EDGE('',*,*,#1194,.T.);
#773=ORIENTED_EDGE('',*,*,#1190,.F.);
#774=ORIENTED_EDGE('',*,*,#1195,.T.);
#775=ORIENTED_EDGE('',*,*,#1161,.T.);
#776=ORIENTED_EDGE('',*,*,#1196,.T.);
#777=ORIENTED_EDGE('',*,*,#1197,.F.);
#778=ORIENTED_EDGE('',*,*,#1198,.T.);
#779=ORIENTED_EDGE('',*,*,#1199,.F.);
#780=ORIENTED_EDGE('',*,*,#1200,.T.);
#781=ORIENTED_EDGE('',*,*,#1201,.F.);
#782=ORIENTED_EDGE('',*,*,#1192,.F.);
#783=ORIENTED_EDGE('',*,*,#1202,.F.);
#784=ORIENTED_EDGE('',*,*,#1203,.F.);
#785=ORIENTED_EDGE('',*,*,#1204,.T.);
#786=ORIENTED_EDGE('',*,*,#1205,.F.);
#787=ORIENTED_EDGE('',*,*,#1206,.F.);
#788=ORIENTED_EDGE('',*,*,#1153,.T.);
#789=ORIENTED_EDGE('',*,*,#1207,.T.);
#790=ORIENTED_EDGE('',*,*,#1176,.F.);
#791=ORIENTED_EDGE('',*,*,#1208,.F.);
#792=ORIENTED_EDGE('',*,*,#1181,.F.);
#793=ORIENTED_EDGE('',*,*,#1209,.F.);
#794=ORIENTED_EDGE('',*,*,#1194,.F.);
#795=ORIENTED_EDGE('',*,*,#1210,.F.);
#796=ORIENTED_EDGE('',*,*,#1160,.F.);
#797=ORIENTED_EDGE('',*,*,#1182,.F.);
#798=ORIENTED_EDGE('',*,*,#1208,.T.);
#799=ORIENTED_EDGE('',*,*,#1175,.T.);
#800=ORIENTED_EDGE('',*,*,#1211,.T.);
#801=ORIENTED_EDGE('',*,*,#1158,.F.);
#802=ORIENTED_EDGE('',*,*,#1212,.F.);
#803=ORIENTED_EDGE('',*,*,#1169,.F.);
#804=ORIENTED_EDGE('',*,*,#1150,.F.);
#805=ORIENTED_EDGE('',*,*,#1191,.T.);
#806=ORIENTED_EDGE('',*,*,#1200,.F.);
#807=ORIENTED_EDGE('',*,*,#1213,.T.);
#808=ORIENTED_EDGE('',*,*,#1202,.T.);
#809=ORIENTED_EDGE('',*,*,#1199,.T.);
#810=ORIENTED_EDGE('',*,*,#1214,.F.);
#811=ORIENTED_EDGE('',*,*,#1203,.T.);
#812=ORIENTED_EDGE('',*,*,#1213,.F.);
#813=ORIENTED_EDGE('',*,*,#1183,.F.);
#814=ORIENTED_EDGE('',*,*,#1211,.F.);
#815=ORIENTED_EDGE('',*,*,#1174,.F.);
#816=ORIENTED_EDGE('',*,*,#1215,.F.);
#817=ORIENTED_EDGE('',*,*,#1193,.F.);
#818=ORIENTED_EDGE('',*,*,#1201,.T.);
#819=ORIENTED_EDGE('',*,*,#1152,.F.);
#820=ORIENTED_EDGE('',*,*,#1210,.T.);
#821=ORIENTED_EDGE('',*,*,#1178,.T.);
#822=ORIENTED_EDGE('',*,*,#1187,.F.);
#823=ORIENTED_EDGE('',*,*,#1165,.F.);
#824=ORIENTED_EDGE('',*,*,#1162,.F.);
#825=ORIENTED_EDGE('',*,*,#1195,.F.);
#826=ORIENTED_EDGE('',*,*,#1189,.F.);
#827=ORIENTED_EDGE('',*,*,#1209,.T.);
#828=ORIENTED_EDGE('',*,*,#1159,.F.);
#829=ORIENTED_EDGE('',*,*,#1148,.T.);
#830=ORIENTED_EDGE('',*,*,#1168,.T.);
#831=ORIENTED_EDGE('',*,*,#1207,.F.);
#832=ORIENTED_EDGE('',*,*,#1180,.T.);
#833=ORIENTED_EDGE('',*,*,#1145,.F.);
#834=ORIENTED_EDGE('',*,*,#1216,.F.);
#835=ORIENTED_EDGE('',*,*,#1170,.T.);
#836=ORIENTED_EDGE('',*,*,#1212,.T.);
#837=ORIENTED_EDGE('',*,*,#1157,.F.);
#838=ORIENTED_EDGE('',*,*,#1217,.T.);
#839=ORIENTED_EDGE('',*,*,#1205,.T.);
#840=ORIENTED_EDGE('',*,*,#1218,.F.);
#841=ORIENTED_EDGE('',*,*,#1197,.T.);
#842=ORIENTED_EDGE('',*,*,#1219,.T.);
#843=ORIENTED_EDGE('',*,*,#1220,.T.);
#844=ORIENTED_EDGE('',*,*,#1221,.F.);
#845=ORIENTED_EDGE('',*,*,#1185,.F.);
#846=ORIENTED_EDGE('',*,*,#1222,.F.);
#847=ORIENTED_EDGE('',*,*,#1172,.F.);
#848=ORIENTED_EDGE('',*,*,#1223,.T.);
#849=ORIENTED_EDGE('',*,*,#1220,.F.);
#850=ORIENTED_EDGE('',*,*,#1224,.T.);
#851=ORIENTED_EDGE('',*,*,#1155,.F.);
#852=ORIENTED_EDGE('',*,*,#1173,.T.);
#853=ORIENTED_EDGE('',*,*,#1222,.T.);
#854=ORIENTED_EDGE('',*,*,#1184,.F.);
#855=ORIENTED_EDGE('',*,*,#1215,.T.);
#856=ORIENTED_EDGE('',*,*,#1214,.T.);
#857=ORIENTED_EDGE('',*,*,#1198,.F.);
#858=ORIENTED_EDGE('',*,*,#1218,.T.);
#859=ORIENTED_EDGE('',*,*,#1204,.F.);
#860=ORIENTED_EDGE('',*,*,#1147,.F.);
#861=ORIENTED_EDGE('',*,*,#1186,.T.);
#862=ORIENTED_EDGE('',*,*,#1221,.T.);
#863=ORIENTED_EDGE('',*,*,#1171,.T.);
#864=ORIENTED_EDGE('',*,*,#1216,.T.);
#865=ORIENTED_EDGE('',*,*,#1156,.F.);
#866=ORIENTED_EDGE('',*,*,#1224,.F.);
#867=ORIENTED_EDGE('',*,*,#1219,.F.);
#868=ORIENTED_EDGE('',*,*,#1196,.F.);
#869=ORIENTED_EDGE('',*,*,#1164,.F.);
#870=ORIENTED_EDGE('',*,*,#1167,.F.);
#871=ORIENTED_EDGE('',*,*,#1188,.F.);
#872=ORIENTED_EDGE('',*,*,#1179,.T.);
#873=ORIENTED_EDGE('',*,*,#1154,.F.);
#874=ORIENTED_EDGE('',*,*,#1206,.T.);
#875=ORIENTED_EDGE('',*,*,#1217,.F.);
#876=ORIENTED_EDGE('',*,*,#1223,.F.);
#877=VERTEX_POINT('',#2040);
#878=VERTEX_POINT('',#2041);
#879=VERTEX_POINT('',#2043);
#880=VERTEX_POINT('',#2045);
#881=VERTEX_POINT('',#2049);
#882=VERTEX_POINT('',#2052);
#883=VERTEX_POINT('',#2054);
#884=VERTEX_POINT('',#2056);
#885=VERTEX_POINT('',#2058);
#886=VERTEX_POINT('',#2060);
#887=VERTEX_POINT('',#2062);
#888=VERTEX_POINT('',#2075);
#889=VERTEX_POINT('',#2076);
#890=VERTEX_POINT('',#2091);
#891=VERTEX_POINT('',#2092);
#892=VERTEX_POINT('',#2097);
#893=VERTEX_POINT('',#2102);
#894=VERTEX_POINT('',#2109);
#895=VERTEX_POINT('',#2114);
#896=VERTEX_POINT('',#2119);
#897=VERTEX_POINT('',#2124);
#898=VERTEX_POINT('',#2129);
#899=VERTEX_POINT('',#2136);
#900=VERTEX_POINT('',#2144);
#901=VERTEX_POINT('',#2146);
#902=VERTEX_POINT('',#2147);
#903=VERTEX_POINT('',#2150);
#904=VERTEX_POINT('',#2152);
#905=VERTEX_POINT('',#2154);
#906=VERTEX_POINT('',#2156);
#907=VERTEX_POINT('',#2160);
#908=VERTEX_POINT('',#2163);
#909=VERTEX_POINT('',#2166);
#910=VERTEX_POINT('',#2169);
#911=VERTEX_POINT('',#2172);
#912=VERTEX_POINT('',#2189);
#913=VERTEX_POINT('',#2190);
#914=VERTEX_POINT('',#2192);
#915=VERTEX_POINT('',#2194);
#916=VERTEX_POINT('',#2198);
#917=VERTEX_POINT('',#2199);
#918=VERTEX_POINT('',#2201);
#919=VERTEX_POINT('',#2203);
#920=VERTEX_POINT('',#2207);
#921=VERTEX_POINT('',#2208);
#922=VERTEX_POINT('',#2210);
#923=VERTEX_POINT('',#2212);
#924=VERTEX_POINT('',#2216);
#925=VERTEX_POINT('',#2218);
#926=VERTEX_POINT('',#2222);
#927=VERTEX_POINT('',#2224);
#928=VERTEX_POINT('',#2228);
#929=VERTEX_POINT('',#2230);
#930=VERTEX_POINT('',#2234);
#931=VERTEX_POINT('',#2236);
#932=VERTEX_POINT('',#2238);
#933=VERTEX_POINT('',#2240);
#934=VERTEX_POINT('',#2244);
#935=VERTEX_POINT('',#2247);
#936=VERTEX_POINT('',#2249);
#937=VERTEX_POINT('',#2251);
#938=VERTEX_POINT('',#2255);
#939=VERTEX_POINT('',#2256);
#940=VERTEX_POINT('',#2258);
#941=VERTEX_POINT('',#2260);
#942=VERTEX_POINT('',#2264);
#943=VERTEX_POINT('',#2266);
#944=VERTEX_POINT('',#2270);
#945=VERTEX_POINT('',#2272);
#946=VERTEX_POINT('',#2276);
#947=VERTEX_POINT('',#2278);
#948=VERTEX_POINT('',#2280);
#949=VERTEX_POINT('',#2282);
#950=VERTEX_POINT('',#2284);
#951=VERTEX_POINT('',#2288);
#952=VERTEX_POINT('',#2289);
#953=VERTEX_POINT('',#2291);
#954=VERTEX_POINT('',#2293);
#955=VERTEX_POINT('',#2297);
#956=VERTEX_POINT('',#2298);
#957=VERTEX_POINT('',#2301);
#958=VERTEX_POINT('',#2303);
#959=VERTEX_POINT('',#2305);
#960=VERTEX_POINT('',#2316);
#961=VERTEX_POINT('',#2319);
#962=VERTEX_POINT('',#2321);
#963=VERTEX_POINT('',#2323);
#964=VERTEX_POINT('',#2338);
#965=VERTEX_POINT('',#2339);
#966=VERTEX_POINT('',#2353);
#967=VERTEX_POINT('',#2354);
#968=VERTEX_POINT('',#2356);
#969=VERTEX_POINT('',#2358);
#970=VERTEX_POINT('',#2362);
#971=VERTEX_POINT('',#2363);
#972=VERTEX_POINT('',#2365);
#973=VERTEX_POINT('',#2367);
#974=VERTEX_POINT('',#2371);
#975=VERTEX_POINT('',#2372);
#976=VERTEX_POINT('',#2374);
#977=VERTEX_POINT('',#2376);
#978=VERTEX_POINT('',#2378);
#979=VERTEX_POINT('',#2380);
#980=VERTEX_POINT('',#2382);
#981=VERTEX_POINT('',#2385);
#982=VERTEX_POINT('',#2389);
#983=VERTEX_POINT('',#2390);
#984=VERTEX_POINT('',#2392);
#985=VERTEX_POINT('',#2394);
#986=VERTEX_POINT('',#2398);
#987=VERTEX_POINT('',#2400);
#988=VERTEX_POINT('',#2404);
#989=VERTEX_POINT('',#2406);
#990=VERTEX_POINT('',#2408);
#991=VERTEX_POINT('',#2410);
#992=VERTEX_POINT('',#2412);
#993=VERTEX_POINT('',#2414);
#994=VERTEX_POINT('',#2416);
#995=VERTEX_POINT('',#2418);
#996=VERTEX_POINT('',#2422);
#997=VERTEX_POINT('',#2423);
#998=VERTEX_POINT('',#2428);
#999=VERTEX_POINT('',#2430);
#1000=VERTEX_POINT('',#2432);
#1001=VERTEX_POINT('',#2434);
#1002=VERTEX_POINT('',#2436);
#1003=VERTEX_POINT('',#2438);
#1004=VERTEX_POINT('',#2445);
#1005=VERTEX_POINT('',#2446);
#1006=VERTEX_POINT('',#2448);
#1007=VERTEX_POINT('',#2450);
#1008=VERTEX_POINT('',#2452);
#1009=VERTEX_POINT('',#2454);
#1010=VERTEX_POINT('',#2459);
#1011=VERTEX_POINT('',#2461);
#1012=VERTEX_POINT('',#2463);
#1013=VERTEX_POINT('',#2465);
#1014=VERTEX_POINT('',#2470);
#1015=VERTEX_POINT('',#2472);
#1016=VERTEX_POINT('',#2474);
#1017=VERTEX_POINT('',#2476);
#1018=VERTEX_POINT('',#2500);
#1019=VERTEX_POINT('',#2503);
#1020=EDGE_CURVE('',#877,#878,#1225,.T.);
#1021=EDGE_CURVE('',#877,#879,#390,.T.);
#1022=EDGE_CURVE('',#880,#879,#1226,.T.);
#1023=EDGE_CURVE('',#878,#880,#391,.T.);
#1024=EDGE_CURVE('',#881,#881,#392,.T.);
#1025=EDGE_CURVE('',#877,#882,#393,.T.);
#1026=EDGE_CURVE('',#883,#882,#394,.T.);
#1027=EDGE_CURVE('',#883,#884,#395,.T.);
#1028=EDGE_CURVE('',#885,#884,#396,.T.);
#1029=EDGE_CURVE('',#885,#886,#397,.T.);
#1030=EDGE_CURVE('',#887,#886,#398,.T.);
#1031=EDGE_CURVE('',#887,#879,#399,.T.);
#1032=EDGE_CURVE('',#888,#889,#73,.T.);
#1033=EDGE_CURVE('',#889,#888,#74,.T.);
#1034=EDGE_CURVE('',#890,#891,#75,.T.);
#1035=EDGE_CURVE('',#891,#892,#76,.T.);
#1036=EDGE_CURVE('',#892,#893,#77,.T.);
#1037=EDGE_CURVE('',#893,#894,#78,.T.);
#1038=EDGE_CURVE('',#894,#895,#79,.T.);
#1039=EDGE_CURVE('',#895,#896,#80,.T.);
#1040=EDGE_CURVE('',#896,#897,#81,.T.);
#1041=EDGE_CURVE('',#897,#898,#82,.T.);
#1042=EDGE_CURVE('',#898,#899,#83,.T.);
#1043=EDGE_CURVE('',#899,#890,#84,.T.);
#1044=EDGE_CURVE('',#900,#900,#400,.T.);
#1045=EDGE_CURVE('',#901,#902,#401,.T.);
#1046=EDGE_CURVE('',#902,#878,#402,.T.);
#1047=EDGE_CURVE('',#880,#903,#403,.T.);
#1048=EDGE_CURVE('',#903,#904,#404,.T.);
#1049=EDGE_CURVE('',#904,#905,#405,.T.);
#1050=EDGE_CURVE('',#905,#906,#406,.T.);
#1051=EDGE_CURVE('',#906,#901,#407,.T.);
#1052=EDGE_CURVE('',#907,#907,#408,.T.);
#1053=EDGE_CURVE('',#908,#908,#409,.T.);
#1054=EDGE_CURVE('',#909,#909,#410,.T.);
#1055=EDGE_CURVE('',#910,#910,#411,.T.);
#1056=EDGE_CURVE('',#911,#911,#412,.T.);
#1057=EDGE_CURVE('',#887,#903,#1227,.T.);
#1058=EDGE_CURVE('',#904,#886,#1228,.T.);
#1059=EDGE_CURVE('',#885,#905,#1229,.T.);
#1060=EDGE_CURVE('',#902,#882,#1230,.T.);
#1061=EDGE_CURVE('',#906,#884,#1231,.T.);
#1062=EDGE_CURVE('',#883,#901,#1232,.T.);
#1063=EDGE_CURVE('',#912,#913,#1233,.T.);
#1064=EDGE_CURVE('',#913,#914,#1234,.T.);
#1065=EDGE_CURVE('',#914,#915,#1235,.T.);
#1066=EDGE_CURVE('',#915,#912,#1236,.T.);
#1067=EDGE_CURVE('',#916,#917,#413,.T.);
#1068=EDGE_CURVE('',#918,#916,#1237,.T.);
#1069=EDGE_CURVE('',#919,#918,#414,.T.);
#1070=EDGE_CURVE('',#917,#919,#1238,.T.);
#1071=EDGE_CURVE('',#920,#921,#1239,.T.);
#1072=EDGE_CURVE('',#922,#921,#1240,.T.);
#1073=EDGE_CURVE('',#922,#923,#1241,.T.);
#1074=EDGE_CURVE('',#923,#920,#1242,.T.);
#1075=EDGE_CURVE('',#920,#924,#415,.T.);
#1076=EDGE_CURVE('',#925,#924,#1243,.T.);
#1077=EDGE_CURVE('',#925,#921,#416,.T.);
#1078=EDGE_CURVE('',#918,#926,#417,.T.);
#1079=EDGE_CURVE('',#916,#927,#418,.T.);
#1080=EDGE_CURVE('',#927,#926,#1244,.T.);
#1081=EDGE_CURVE('',#928,#927,#419,.T.);
#1082=EDGE_CURVE('',#928,#929,#1245,.T.);
#1083=EDGE_CURVE('',#926,#929,#420,.T.);
#1084=EDGE_CURVE('',#930,#929,#1246,.T.);
#1085=EDGE_CURVE('',#930,#931,#421,.T.);
#1086=EDGE_CURVE('',#932,#931,#1247,.T.);
#1087=EDGE_CURVE('',#932,#933,#422,.T.);
#1088=EDGE_CURVE('',#933,#919,#423,.T.);
#1089=EDGE_CURVE('',#912,#934,#1248,.T.);
#1090=EDGE_CURVE('',#928,#934,#1249,.T.);
#1091=EDGE_CURVE('',#935,#917,#424,.T.);
#1092=EDGE_CURVE('',#935,#936,#425,.T.);
#1093=EDGE_CURVE('',#937,#936,#1250,.T.);
#1094=EDGE_CURVE('',#913,#937,#1251,.T.);
#1095=EDGE_CURVE('',#938,#939,#426,.T.);
#1096=EDGE_CURVE('',#939,#940,#1252,.T.);
#1097=EDGE_CURVE('',#940,#941,#427,.T.);
#1098=EDGE_CURVE('',#941,#938,#1253,.T.);
#1099=EDGE_CURVE('',#939,#942,#1254,.T.);
#1100=EDGE_CURVE('',#943,#938,#1255,.T.);
#1101=EDGE_CURVE('',#942,#943,#428,.T.);
#1102=EDGE_CURVE('',#940,#944,#1256,.T.);
#1103=EDGE_CURVE('',#945,#944,#429,.T.);
#1104=EDGE_CURVE('',#945,#941,#1257,.T.);
#1105=EDGE_CURVE('',#946,#923,#430,.T.);
#1106=EDGE_CURVE('',#947,#946,#1258,.T.);
#1107=EDGE_CURVE('',#947,#948,#431,.T.);
#1108=EDGE_CURVE('',#949,#948,#1259,.T.);
#1109=EDGE_CURVE('',#950,#949,#432,.T.);
#1110=EDGE_CURVE('',#950,#924,#1260,.T.);
#1111=EDGE_CURVE('',#951,#952,#433,.T.);
#1112=EDGE_CURVE('',#953,#951,#1261,.T.);
#1113=EDGE_CURVE('',#954,#953,#434,.T.);
#1114=EDGE_CURVE('',#952,#954,#1262,.T.);
#1115=EDGE_CURVE('',#955,#956,#1263,.T.);
#1116=EDGE_CURVE('',#922,#956,#435,.T.);
#1117=EDGE_CURVE('',#925,#957,#1264,.T.);
#1118=EDGE_CURVE('',#958,#957,#436,.T.);
#1119=EDGE_CURVE('',#958,#959,#1265,.T.);
#1120=EDGE_CURVE('',#959,#955,#437,.T.);
#1121=EDGE_CURVE('',#956,#951,#1266,.T.);
#1122=EDGE_CURVE('',#952,#946,#1267,.T.);
#1123=EDGE_CURVE('',#944,#955,#1268,.T.);
#1124=EDGE_CURVE('',#959,#945,#1269,.T.);
#1125=EDGE_CURVE('',#947,#954,#1270,.T.);
#1126=EDGE_CURVE('',#953,#960,#1271,.T.);
#1127=EDGE_CURVE('',#915,#960,#1272,.T.);
#1128=EDGE_CURVE('',#914,#961,#1273,.T.);
#1129=EDGE_CURVE('',#961,#962,#1274,.T.);
#1130=EDGE_CURVE('',#962,#963,#438,.T.);
#1131=EDGE_CURVE('',#963,#948,#1275,.T.);
#1132=EDGE_CURVE('',#934,#960,#1276,.T.);
#1133=EDGE_CURVE('',#930,#942,#1277,.T.);
#1134=EDGE_CURVE('',#943,#931,#1278,.T.);
#1135=EDGE_CURVE('',#950,#957,#1279,.T.);
#1136=EDGE_CURVE('',#933,#935,#1280,.T.);
#1137=EDGE_CURVE('',#964,#965,#439,.T.);
#1138=EDGE_CURVE('',#964,#963,#1281,.T.);
#1139=EDGE_CURVE('',#962,#965,#1282,.T.);
#1140=EDGE_CURVE('',#949,#964,#1283,.T.);
#1141=EDGE_CURVE('',#965,#958,#1284,.T.);
#1142=EDGE_CURVE('',#936,#932,#1285,.T.);
#1143=EDGE_CURVE('',#961,#937,#1286,.T.);
#1144=EDGE_CURVE('',#966,#967,#440,.T.);
#1145=EDGE_CURVE('',#967,#968,#1287,.T.);
#1146=EDGE_CURVE('',#969,#968,#441,.T.);
#1147=EDGE_CURVE('',#969,#966,#1288,.T.);
#1148=EDGE_CURVE('',#970,#971,#1289,.T.);
#1149=EDGE_CURVE('',#970,#972,#1290,.T.);
#1150=EDGE_CURVE('',#972,#973,#1291,.T.);
#1151=EDGE_CURVE('',#971,#973,#1292,.T.);
#1152=EDGE_CURVE('',#974,#975,#1293,.T.);
#1153=EDGE_CURVE('',#976,#975,#442,.T.);
#1154=EDGE_CURVE('',#976,#977,#1294,.T.);
#1155=EDGE_CURVE('',#977,#978,#443,.T.);
#1156=EDGE_CURVE('',#978,#979,#1295,.T.);
#1157=EDGE_CURVE('',#979,#980,#1296,.T.);
#1158=EDGE_CURVE('',#980,#972,#1297,.T.);
#1159=EDGE_CURVE('',#970,#981,#1298,.T.);
#1160=EDGE_CURVE('',#981,#974,#444,.T.);
#1161=EDGE_CURVE('',#982,#983,#445,.T.);
#1162=EDGE_CURVE('',#982,#984,#1299,.T.);
#1163=EDGE_CURVE('',#984,#985,#446,.T.);
#1164=EDGE_CURVE('',#985,#983,#1300,.T.);
#1165=EDGE_CURVE('',#984,#986,#1301,.T.);
#1166=EDGE_CURVE('',#987,#986,#447,.T.);
#1167=EDGE_CURVE('',#987,#985,#1302,.T.);
#1168=EDGE_CURVE('',#971,#988,#1303,.T.);
#1169=EDGE_CURVE('',#973,#989,#1304,.T.);
#1170=EDGE_CURVE('',#990,#989,#1305,.T.);
#1171=EDGE_CURVE('',#991,#990,#1306,.T.);
#1172=EDGE_CURVE('',#991,#992,#448,.T.);
#1173=EDGE_CURVE('',#993,#992,#449,.T.);
#1174=EDGE_CURVE('',#993,#994,#450,.T.);
#1175=EDGE_CURVE('',#995,#994,#451,.T.);
#1176=EDGE_CURVE('',#995,#988,#452,.T.);
#1177=EDGE_CURVE('',#996,#997,#453,.T.);
#1178=EDGE_CURVE('',#967,#996,#1307,.T.);
#1179=EDGE_CURVE('',#997,#966,#1308,.T.);
#1180=EDGE_CURVE('',#998,#968,#1309,.T.);
#1181=EDGE_CURVE('',#998,#999,#454,.T.);
#1182=EDGE_CURVE('',#999,#1000,#455,.T.);
#1183=EDGE_CURVE('',#1000,#1001,#456,.T.);
#1184=EDGE_CURVE('',#1001,#1002,#457,.T.);
#1185=EDGE_CURVE('',#1002,#1003,#458,.T.);
#1186=EDGE_CURVE('',#969,#1003,#1310,.T.);
#1187=EDGE_CURVE('',#986,#996,#1311,.T.);
#1188=EDGE_CURVE('',#997,#987,#1312,.T.);
#1189=EDGE_CURVE('',#1004,#1005,#1313,.T.);
#1190=EDGE_CURVE('',#1005,#1006,#459,.T.);
#1191=EDGE_CURVE('',#1007,#1006,#1314,.T.);
#1192=EDGE_CURVE('',#1007,#1008,#460,.T.);
#1193=EDGE_CURVE('',#1008,#1009,#1315,.T.);
#1194=EDGE_CURVE('',#1009,#1004,#461,.T.);
#1195=EDGE_CURVE('',#1005,#982,#1316,.T.);
#1196=EDGE_CURVE('',#983,#1010,#1317,.T.);
#1197=EDGE_CURVE('',#1011,#1010,#462,.T.);
#1198=EDGE_CURVE('',#1011,#1012,#1318,.T.);
#1199=EDGE_CURVE('',#1013,#1012,#463,.T.);
#1200=EDGE_CURVE('',#1013,#1006,#1319,.T.);
#1201=EDGE_CURVE('',#1008,#975,#1320,.T.);
#1202=EDGE_CURVE('',#1014,#1007,#1321,.T.);
#1203=EDGE_CURVE('',#1015,#1014,#464,.T.);
#1204=EDGE_CURVE('',#1015,#1016,#1322,.T.);
#1205=EDGE_CURVE('',#1017,#1016,#465,.T.);
#1206=EDGE_CURVE('',#976,#1017,#1323,.T.);
#1207=EDGE_CURVE('',#998,#988,#1324,.T.);
#1208=EDGE_CURVE('',#999,#995,#1325,.T.);
#1209=EDGE_CURVE('',#1004,#981,#1326,.T.);
#1210=EDGE_CURVE('',#974,#1009,#1327,.T.);
#1211=EDGE_CURVE('',#994,#1000,#1328,.T.);
#1212=EDGE_CURVE('',#989,#980,#1329,.T.);
#1213=EDGE_CURVE('',#1013,#1014,#1330,.T.);
#1214=EDGE_CURVE('',#1015,#1012,#1331,.T.);
#1215=EDGE_CURVE('',#1001,#993,#1332,.T.);
#1216=EDGE_CURVE('',#990,#979,#1333,.T.);
#1217=EDGE_CURVE('',#1018,#1017,#1334,.T.);
#1218=EDGE_CURVE('',#1011,#1016,#1335,.T.);
#1219=EDGE_CURVE('',#1010,#1019,#1336,.T.);
#1220=EDGE_CURVE('',#1019,#1018,#466,.T.);
#1221=EDGE_CURVE('',#1003,#991,#1337,.T.);
#1222=EDGE_CURVE('',#992,#1002,#1338,.T.);
#1223=EDGE_CURVE('',#977,#1018,#1339,.T.);
#1224=EDGE_CURVE('',#1019,#978,#1340,.T.);
#1225=LINE('',#2039,#1341);
#1226=LINE('',#2044,#1342);
#1227=LINE('',#2174,#1343);
#1228=LINE('',#2175,#1344);
#1229=LINE('',#2178,#1345);
#1230=LINE('',#2181,#1346);
#1231=LINE('',#2183,#1347);
#1232=LINE('',#2185,#1348);
#1233=LINE('',#2188,#1349);
#1234=LINE('',#2191,#1350);
#1235=LINE('',#2193,#1351);
#1236=LINE('',#2195,#1352);
#1237=LINE('',#2200,#1353);
#1238=LINE('',#2204,#1354);
#1239=LINE('',#2206,#1355);
#1240=LINE('',#2209,#1356);
#1241=LINE('',#2211,#1357);
#1242=LINE('',#2213,#1358);
#1243=LINE('',#2217,#1359);
#1244=LINE('',#2225,#1360);
#1245=LINE('',#2229,#1361);
#1246=LINE('',#2233,#1362);
#1247=LINE('',#2237,#1363);
#1248=LINE('',#2243,#1364);
#1249=LINE('',#2245,#1365);
#1250=LINE('',#2250,#1366);
#1251=LINE('',#2252,#1367);
#1252=LINE('',#2257,#1368);
#1253=LINE('',#2261,#1369);
#1254=LINE('',#2263,#1370);
#1255=LINE('',#2265,#1371);
#1256=LINE('',#2269,#1372);
#1257=LINE('',#2273,#1373);
#1258=LINE('',#2277,#1374);
#1259=LINE('',#2281,#1375);
#1260=LINE('',#2285,#1376);
#1261=LINE('',#2290,#1377);
#1262=LINE('',#2294,#1378);
#1263=LINE('',#2296,#1379);
#1264=LINE('',#2300,#1380);
#1265=LINE('',#2304,#1381);
#1266=LINE('',#2308,#1382);
#1267=LINE('',#2309,#1383);
#1268=LINE('',#2311,#1384);
#1269=LINE('',#2312,#1385);
#1270=LINE('',#2314,#1386);
#1271=LINE('',#2315,#1387);
#1272=LINE('',#2317,#1388);
#1273=LINE('',#2318,#1389);
#1274=LINE('',#2320,#1390);
#1275=LINE('',#2324,#1391);
#1276=LINE('',#2326,#1392);
#1277=LINE('',#2328,#1393);
#1278=LINE('',#2329,#1394);
#1279=LINE('',#2333,#1395);
#1280=LINE('',#2335,#1396);
#1281=LINE('',#2340,#1397);
#1282=LINE('',#2341,#1398);
#1283=LINE('',#2343,#1399);
#1284=LINE('',#2344,#1400);
#1285=LINE('',#2346,#1401);
#1286=LINE('',#2348,#1402);
#1287=LINE('',#2355,#1403);
#1288=LINE('',#2359,#1404);
#1289=LINE('',#2361,#1405);
#1290=LINE('',#2364,#1406);
#1291=LINE('',#2366,#1407);
#1292=LINE('',#2368,#1408);
#1293=LINE('',#2370,#1409);
#1294=LINE('',#2375,#1410);
#1295=LINE('',#2379,#1411);
#1296=LINE('',#2381,#1412);
#1297=LINE('',#2383,#1413);
#1298=LINE('',#2384,#1414);
#1299=LINE('',#2391,#1415);
#1300=LINE('',#2395,#1416);
#1301=LINE('',#2397,#1417);
#1302=LINE('',#2401,#1418);
#1303=LINE('',#2403,#1419);
#1304=LINE('',#2405,#1420);
#1305=LINE('',#2407,#1421);
#1306=LINE('',#2409,#1422);
#1307=LINE('',#2424,#1423);
#1308=LINE('',#2425,#1424);
#1309=LINE('',#2427,#1425);
#1310=LINE('',#2439,#1426);
#1311=LINE('',#2441,#1427);
#1312=LINE('',#2442,#1428);
#1313=LINE('',#2444,#1429);
#1314=LINE('',#2449,#1430);
#1315=LINE('',#2453,#1431);
#1316=LINE('',#2457,#1432);
#1317=LINE('',#2458,#1433);
#1318=LINE('',#2462,#1434);
#1319=LINE('',#2466,#1435);
#1320=LINE('',#2468,#1436);
#1321=LINE('',#2469,#1437);
#1322=LINE('',#2473,#1438);
#1323=LINE('',#2477,#1439);
#1324=LINE('',#2479,#1440);
#1325=LINE('',#2480,#1441);
#1326=LINE('',#2482,#1442);
#1327=LINE('',#2483,#1443);
#1328=LINE('',#2485,#1444);
#1329=LINE('',#2487,#1445);
#1330=LINE('',#2489,#1446);
#1331=LINE('',#2491,#1447);
#1332=LINE('',#2493,#1448);
#1333=LINE('',#2497,#1449);
#1334=LINE('',#2499,#1450);
#1335=LINE('',#2501,#1451);
#1336=LINE('',#2502,#1452);
#1337=LINE('',#2506,#1453);
#1338=LINE('',#2507,#1454);
#1339=LINE('',#2509,#1455);
#1340=LINE('',#2510,#1456);
#1341=VECTOR('',#1614,1.);
#1342=VECTOR('',#1617,1.);
#1343=VECTOR('',#1684,1.);
#1344=VECTOR('',#1685,1.);
#1345=VECTOR('',#1690,1.);
#1346=VECTOR('',#1695,1.);
#1347=VECTOR('',#1698,1.);
#1348=VECTOR('',#1701,1.);
#1349=VECTOR('',#1706,1.);
#1350=VECTOR('',#1707,1.);
#1351=VECTOR('',#1708,1.);
#1352=VECTOR('',#1709,1.);
#1353=VECTOR('',#1714,1.);
#1354=VECTOR('',#1717,1.);
#1355=VECTOR('',#1720,1.);
#1356=VECTOR('',#1721,1.);
#1357=VECTOR('',#1722,1.);
#1358=VECTOR('',#1723,1.);
#1359=VECTOR('',#1728,1.);
#1360=VECTOR('',#1737,1.);
#1361=VECTOR('',#1742,1.);
#1362=VECTOR('',#1747,1.);
#1363=VECTOR('',#1750,1.);
#1364=VECTOR('',#1757,1.);
#1365=VECTOR('',#1758,1.);
#1366=VECTOR('',#1763,1.);
#1367=VECTOR('',#1764,1.);
#1368=VECTOR('',#1769,1.);
#1369=VECTOR('',#1772,1.);
#1370=VECTOR('',#1775,1.);
#1371=VECTOR('',#1776,1.);
#1372=VECTOR('',#1781,1.);
#1373=VECTOR('',#1784,1.);
#1374=VECTOR('',#1789,1.);
#1375=VECTOR('',#1792,1.);
#1376=VECTOR('',#1795,1.);
#1377=VECTOR('',#1800,1.);
#1378=VECTOR('',#1803,1.);
#1379=VECTOR('',#1806,1.);
#1380=VECTOR('',#1809,1.);
#1381=VECTOR('',#1812,1.);
#1382=VECTOR('',#1817,1.);
#1383=VECTOR('',#1818,1.);
#1384=VECTOR('',#1821,1.);
#1385=VECTOR('',#1822,1.);
#1386=VECTOR('',#1825,1.);
#1387=VECTOR('',#1826,1.);
#1388=VECTOR('',#1827,1.);
#1389=VECTOR('',#1828,1.);
#1390=VECTOR('',#1829,1.);
#1391=VECTOR('',#1832,1.);
#1392=VECTOR('',#1835,1.);
#1393=VECTOR('',#1838,1.);
#1394=VECTOR('',#1839,1.);
#1395=VECTOR('',#1846,1.);
#1396=VECTOR('',#1849,1.);
#1397=VECTOR('',#1854,1.);
#1398=VECTOR('',#1855,1.);
#1399=VECTOR('',#1858,1.);
#1400=VECTOR('',#1859,1.);
#1401=VECTOR('',#1862,1.);
#1402=VECTOR('',#1865,1.);
#1403=VECTOR('',#1874,1.);
#1404=VECTOR('',#1877,1.);
#1405=VECTOR('',#1880,1.);
#1406=VECTOR('',#1881,1.);
#1407=VECTOR('',#1882,1.);
#1408=VECTOR('',#1883,1.);
#1409=VECTOR('',#1886,1.);
#1410=VECTOR('',#1889,1.);
#1411=VECTOR('',#1892,1.);
#1412=VECTOR('',#1893,1.);
#1413=VECTOR('',#1894,1.);
#1414=VECTOR('',#1895,1.);
#1415=VECTOR('',#1902,1.);
#1416=VECTOR('',#1905,1.);
#1417=VECTOR('',#1908,1.);
#1418=VECTOR('',#1911,1.);
#1419=VECTOR('',#1914,1.);
#1420=VECTOR('',#1915,1.);
#1421=VECTOR('',#1916,1.);
#1422=VECTOR('',#1917,1.);
#1423=VECTOR('',#1932,1.);
#1424=VECTOR('',#1933,1.);
#1425=VECTOR('',#1936,1.);
#1426=VECTOR('',#1947,1.);
#1427=VECTOR('',#1950,1.);
#1428=VECTOR('',#1951,1.);
#1429=VECTOR('',#1954,1.);
#1430=VECTOR('',#1957,1.);
#1431=VECTOR('',#1960,1.);
#1432=VECTOR('',#1965,1.);
#1433=VECTOR('',#1966,1.);
#1434=VECTOR('',#1969,1.);
#1435=VECTOR('',#1972,1.);
#1436=VECTOR('',#1975,1.);
#1437=VECTOR('',#1976,1.);
#1438=VECTOR('',#1979,1.);
#1439=VECTOR('',#1982,1.);
#1440=VECTOR('',#1985,1.);
#1441=VECTOR('',#1986,1.);
#1442=VECTOR('',#1989,1.);
#1443=VECTOR('',#1990,1.);
#1444=VECTOR('',#1993,1.);
#1445=VECTOR('',#1996,1.);
#1446=VECTOR('',#1999,1.);
#1447=VECTOR('',#2002,1.);
#1448=VECTOR('',#2005,1.);
#1449=VECTOR('',#2012,1.);
#1450=VECTOR('',#2015,1.);
#1451=VECTOR('',#2016,1.);
#1452=VECTOR('',#2017,1.);
#1453=VECTOR('',#2022,1.);
#1454=VECTOR('',#2023,1.);
#1455=VECTOR('',#2026,1.);
#1456=VECTOR('',#2027,1.);
#1457=AXIS2_PLACEMENT_3D('',#2038,#1612,#1613);
#1458=AXIS2_PLACEMENT_3D('',#2042,#1615,#1616);
#1459=AXIS2_PLACEMENT_3D('',#2046,#1618,#1619);
#1460=AXIS2_PLACEMENT_3D('',#2047,#1620,#1621);
#1461=AXIS2_PLACEMENT_3D('',#2048,#1622,#1623);
#1462=AXIS2_PLACEMENT_3D('',#2050,#1624,#1625);
#1463=AXIS2_PLACEMENT_3D('',#2051,#1626,#1627);
#1464=AXIS2_PLACEMENT_3D('',#2053,#1628,#1629);
#1465=AXIS2_PLACEMENT_3D('',#2055,#1630,#1631);
#1466=AXIS2_PLACEMENT_3D('',#2057,#1632,#1633);
#1467=AXIS2_PLACEMENT_3D('',#2059,#1634,#1635);
#1468=AXIS2_PLACEMENT_3D('',#2061,#1636,#1637);
#1469=AXIS2_PLACEMENT_3D('',#2063,#1638,#1639);
#1470=AXIS2_PLACEMENT_3D('',#2064,#1640,#1641);
#1471=AXIS2_PLACEMENT_3D('',#2141,#1642,#1643);
#1472=AXIS2_PLACEMENT_3D('',#2142,#1644,#1645);
#1473=AXIS2_PLACEMENT_3D('',#2143,#1646,#1647);
#1474=AXIS2_PLACEMENT_3D('',#2145,#1648,#1649);
#1475=AXIS2_PLACEMENT_3D('',#2148,#1650,#1651);
#1476=AXIS2_PLACEMENT_3D('',#2149,#1652,#1653);
#1477=AXIS2_PLACEMENT_3D('',#2151,#1654,#1655);
#1478=AXIS2_PLACEMENT_3D('',#2153,#1656,#1657);
#1479=AXIS2_PLACEMENT_3D('',#2155,#1658,#1659);
#1480=AXIS2_PLACEMENT_3D('',#2157,#1660,#1661);
#1481=AXIS2_PLACEMENT_3D('',#2158,#1662,#1663);
#1482=AXIS2_PLACEMENT_3D('',#2159,#1664,#1665);
#1483=AXIS2_PLACEMENT_3D('',#2161,#1666,#1667);
#1484=AXIS2_PLACEMENT_3D('',#2162,#1668,#1669);
#1485=AXIS2_PLACEMENT_3D('',#2164,#1670,#1671);
#1486=AXIS2_PLACEMENT_3D('',#2165,#1672,#1673);
#1487=AXIS2_PLACEMENT_3D('',#2167,#1674,#1675);
#1488=AXIS2_PLACEMENT_3D('',#2168,#1676,#1677);
#1489=AXIS2_PLACEMENT_3D('',#2170,#1678,#1679);
#1490=AXIS2_PLACEMENT_3D('',#2171,#1680,#1681);
#1491=AXIS2_PLACEMENT_3D('',#2173,#1682,#1683);
#1492=AXIS2_PLACEMENT_3D('',#2176,#1686,#1687);
#1493=AXIS2_PLACEMENT_3D('',#2177,#1688,#1689);
#1494=AXIS2_PLACEMENT_3D('',#2179,#1691,#1692);
#1495=AXIS2_PLACEMENT_3D('',#2180,#1693,#1694);
#1496=AXIS2_PLACEMENT_3D('',#2182,#1696,#1697);
#1497=AXIS2_PLACEMENT_3D('',#2184,#1699,#1700);
#1498=AXIS2_PLACEMENT_3D('',#2186,#1702,#1703);
#1499=AXIS2_PLACEMENT_3D('',#2187,#1704,#1705);
#1500=AXIS2_PLACEMENT_3D('',#2196,#1710,#1711);
#1501=AXIS2_PLACEMENT_3D('',#2197,#1712,#1713);
#1502=AXIS2_PLACEMENT_3D('',#2202,#1715,#1716);
#1503=AXIS2_PLACEMENT_3D('',#2205,#1718,#1719);
#1504=AXIS2_PLACEMENT_3D('',#2214,#1724,#1725);
#1505=AXIS2_PLACEMENT_3D('',#2215,#1726,#1727);
#1506=AXIS2_PLACEMENT_3D('',#2219,#1729,#1730);
#1507=AXIS2_PLACEMENT_3D('',#2220,#1731,#1732);
#1508=AXIS2_PLACEMENT_3D('',#2221,#1733,#1734);
#1509=AXIS2_PLACEMENT_3D('',#2223,#1735,#1736);
#1510=AXIS2_PLACEMENT_3D('',#2226,#1738,#1739);
#1511=AXIS2_PLACEMENT_3D('',#2227,#1740,#1741);
#1512=AXIS2_PLACEMENT_3D('',#2231,#1743,#1744);
#1513=AXIS2_PLACEMENT_3D('',#2232,#1745,#1746);
#1514=AXIS2_PLACEMENT_3D('',#2235,#1748,#1749);
#1515=AXIS2_PLACEMENT_3D('',#2239,#1751,#1752);
#1516=AXIS2_PLACEMENT_3D('',#2241,#1753,#1754);
#1517=AXIS2_PLACEMENT_3D('',#2242,#1755,#1756);
#1518=AXIS2_PLACEMENT_3D('',#2246,#1759,#1760);
#1519=AXIS2_PLACEMENT_3D('',#2248,#1761,#1762);
#1520=AXIS2_PLACEMENT_3D('',#2253,#1765,#1766);
#1521=AXIS2_PLACEMENT_3D('',#2254,#1767,#1768);
#1522=AXIS2_PLACEMENT_3D('',#2259,#1770,#1771);
#1523=AXIS2_PLACEMENT_3D('',#2262,#1773,#1774);
#1524=AXIS2_PLACEMENT_3D('',#2267,#1777,#1778);
#1525=AXIS2_PLACEMENT_3D('',#2268,#1779,#1780);
#1526=AXIS2_PLACEMENT_3D('',#2271,#1782,#1783);
#1527=AXIS2_PLACEMENT_3D('',#2274,#1785,#1786);
#1528=AXIS2_PLACEMENT_3D('',#2275,#1787,#1788);
#1529=AXIS2_PLACEMENT_3D('',#2279,#1790,#1791);
#1530=AXIS2_PLACEMENT_3D('',#2283,#1793,#1794);
#1531=AXIS2_PLACEMENT_3D('',#2286,#1796,#1797);
#1532=AXIS2_PLACEMENT_3D('',#2287,#1798,#1799);
#1533=AXIS2_PLACEMENT_3D('',#2292,#1801,#1802);
#1534=AXIS2_PLACEMENT_3D('',#2295,#1804,#1805);
#1535=AXIS2_PLACEMENT_3D('',#2299,#1807,#1808);
#1536=AXIS2_PLACEMENT_3D('',#2302,#1810,#1811);
#1537=AXIS2_PLACEMENT_3D('',#2306,#1813,#1814);
#1538=AXIS2_PLACEMENT_3D('',#2307,#1815,#1816);
#1539=AXIS2_PLACEMENT_3D('',#2310,#1819,#1820);
#1540=AXIS2_PLACEMENT_3D('',#2313,#1823,#1824);
#1541=AXIS2_PLACEMENT_3D('',#2322,#1830,#1831);
#1542=AXIS2_PLACEMENT_3D('',#2325,#1833,#1834);
#1543=AXIS2_PLACEMENT_3D('',#2327,#1836,#1837);
#1544=AXIS2_PLACEMENT_3D('',#2330,#1840,#1841);
#1545=AXIS2_PLACEMENT_3D('',#2331,#1842,#1843);
#1546=AXIS2_PLACEMENT_3D('',#2332,#1844,#1845);
#1547=AXIS2_PLACEMENT_3D('',#2334,#1847,#1848);
#1548=AXIS2_PLACEMENT_3D('',#2336,#1850,#1851);
#1549=AXIS2_PLACEMENT_3D('',#2337,#1852,#1853);
#1550=AXIS2_PLACEMENT_3D('',#2342,#1856,#1857);
#1551=AXIS2_PLACEMENT_3D('',#2345,#1860,#1861);
#1552=AXIS2_PLACEMENT_3D('',#2347,#1863,#1864);
#1553=AXIS2_PLACEMENT_3D('',#2349,#1866,#1867);
#1554=AXIS2_PLACEMENT_3D('',#2350,#1868,#1869);
#1555=AXIS2_PLACEMENT_3D('',#2351,#1870,#1871);
#1556=AXIS2_PLACEMENT_3D('',#2352,#1872,#1873);
#1557=AXIS2_PLACEMENT_3D('',#2357,#1875,#1876);
#1558=AXIS2_PLACEMENT_3D('',#2360,#1878,#1879);
#1559=AXIS2_PLACEMENT_3D('',#2369,#1884,#1885);
#1560=AXIS2_PLACEMENT_3D('',#2373,#1887,#1888);
#1561=AXIS2_PLACEMENT_3D('',#2377,#1890,#1891);
#1562=AXIS2_PLACEMENT_3D('',#2386,#1896,#1897);
#1563=AXIS2_PLACEMENT_3D('',#2387,#1898,#1899);
#1564=AXIS2_PLACEMENT_3D('',#2388,#1900,#1901);
#1565=AXIS2_PLACEMENT_3D('',#2393,#1903,#1904);
#1566=AXIS2_PLACEMENT_3D('',#2396,#1906,#1907);
#1567=AXIS2_PLACEMENT_3D('',#2399,#1909,#1910);
#1568=AXIS2_PLACEMENT_3D('',#2402,#1912,#1913);
#1569=AXIS2_PLACEMENT_3D('',#2411,#1918,#1919);
#1570=AXIS2_PLACEMENT_3D('',#2413,#1920,#1921);
#1571=AXIS2_PLACEMENT_3D('',#2415,#1922,#1923);
#1572=AXIS2_PLACEMENT_3D('',#2417,#1924,#1925);
#1573=AXIS2_PLACEMENT_3D('',#2419,#1926,#1927);
#1574=AXIS2_PLACEMENT_3D('',#2420,#1928,#1929);
#1575=AXIS2_PLACEMENT_3D('',#2421,#1930,#1931);
#1576=AXIS2_PLACEMENT_3D('',#2426,#1934,#1935);
#1577=AXIS2_PLACEMENT_3D('',#2429,#1937,#1938);
#1578=AXIS2_PLACEMENT_3D('',#2431,#1939,#1940);
#1579=AXIS2_PLACEMENT_3D('',#2433,#1941,#1942);
#1580=AXIS2_PLACEMENT_3D('',#2435,#1943,#1944);
#1581=AXIS2_PLACEMENT_3D('',#2437,#1945,#1946);
#1582=AXIS2_PLACEMENT_3D('',#2440,#1948,#1949);
#1583=AXIS2_PLACEMENT_3D('',#2443,#1952,#1953);
#1584=AXIS2_PLACEMENT_3D('',#2447,#1955,#1956);
#1585=AXIS2_PLACEMENT_3D('',#2451,#1958,#1959);
#1586=AXIS2_PLACEMENT_3D('',#2455,#1961,#1962);
#1587=AXIS2_PLACEMENT_3D('',#2456,#1963,#1964);
#1588=AXIS2_PLACEMENT_3D('',#2460,#1967,#1968);
#1589=AXIS2_PLACEMENT_3D('',#2464,#1970,#1971);
#1590=AXIS2_PLACEMENT_3D('',#2467,#1973,#1974);
#1591=AXIS2_PLACEMENT_3D('',#2471,#1977,#1978);
#1592=AXIS2_PLACEMENT_3D('',#2475,#1980,#1981);
#1593=AXIS2_PLACEMENT_3D('',#2478,#1983,#1984);
#1594=AXIS2_PLACEMENT_3D('',#2481,#1987,#1988);
#1595=AXIS2_PLACEMENT_3D('',#2484,#1991,#1992);
#1596=AXIS2_PLACEMENT_3D('',#2486,#1994,#1995);
#1597=AXIS2_PLACEMENT_3D('',#2488,#1997,#1998);
#1598=AXIS2_PLACEMENT_3D('',#2490,#2000,#2001);
#1599=AXIS2_PLACEMENT_3D('',#2492,#2003,#2004);
#1600=AXIS2_PLACEMENT_3D('',#2494,#2006,#2007);
#1601=AXIS2_PLACEMENT_3D('',#2495,#2008,#2009);
#1602=AXIS2_PLACEMENT_3D('',#2496,#2010,#2011);
#1603=AXIS2_PLACEMENT_3D('',#2498,#2013,#2014);
#1604=AXIS2_PLACEMENT_3D('',#2504,#2018,#2019);
#1605=AXIS2_PLACEMENT_3D('',#2505,#2020,#2021);
#1606=AXIS2_PLACEMENT_3D('',#2508,#2024,#2025);
#1607=AXIS2_PLACEMENT_3D('',#2511,#2028,#2029);
#1608=AXIS2_PLACEMENT_3D('',#2512,#2030,#2031);
#1609=AXIS2_PLACEMENT_3D('',#2513,#2032,#2033);
#1610=AXIS2_PLACEMENT_3D('',#2514,#2034,#2035);
#1611=AXIS2_PLACEMENT_3D('',#2515,#2036,#2037);
#1612=DIRECTION('',(0.,0.,1.));
#1613=DIRECTION('',(1.,0.,0.));
#1614=DIRECTION('',(0.,0.,-1.));
#1615=DIRECTION('',(0.,0.,-1.));
#1616=DIRECTION('',(-1.,0.,0.));
#1617=DIRECTION('',(0.,0.,1.));
#1618=DIRECTION('',(0.,0.,-1.));
#1619=DIRECTION('',(1.,0.,0.));
#1620=DIRECTION('',(0.,0.,1.));
#1621=DIRECTION('',(1.,0.,0.));
#1622=DIRECTION('',(0.,-5.33761069531325E-16,1.));
#1623=DIRECTION('',(0.,-1.,0.));
#1624=DIRECTION('',(0.,-5.33761069531325E-16,1.));
#1625=DIRECTION('',(0.,-1.,-5.34294830600857E-16));
#1626=DIRECTION('',(0.,0.,-1.));
#1627=DIRECTION('',(-1.,0.,0.));
#1628=DIRECTION('',(0.,0.,-1.));
#1629=DIRECTION('',(-1.,0.,0.));
#1630=DIRECTION('',(0.,0.,-1.));
#1631=DIRECTION('',(-1.,0.,0.));
#1632=DIRECTION('',(0.,0.,-1.));
#1633=DIRECTION('',(-1.,0.,0.));
#1634=DIRECTION('',(0.,0.,-1.));
#1635=DIRECTION('',(-1.,0.,0.));
#1636=DIRECTION('',(0.,0.,-1.));
#1637=DIRECTION('',(-1.,0.,0.));
#1638=DIRECTION('',(0.,0.,-1.));
#1639=DIRECTION('',(-1.,0.,0.));
#1640=DIRECTION('',(0.,0.,-1.));
#1641=DIRECTION('',(-1.,0.,0.));
#1642=DIRECTION('',(0.,0.,1.));
#1643=DIRECTION('',(1.,0.,0.));
#1644=DIRECTION('',(0.,0.,-1.));
#1645=DIRECTION('',(-1.,0.,0.));
#1646=DIRECTION('',(0.,0.,-1.));
#1647=DIRECTION('',(1.,0.,0.));
#1648=DIRECTION('',(0.,0.,-1.));
#1649=DIRECTION('',(1.,0.,0.));
#1650=DIRECTION('',(0.,0.,1.));
#1651=DIRECTION('',(1.,0.,0.));
#1652=DIRECTION('',(0.,0.,1.));
#1653=DIRECTION('',(1.,0.,0.));
#1654=DIRECTION('',(0.,0.,-1.));
#1655=DIRECTION('',(1.,0.,0.));
#1656=DIRECTION('',(0.,0.,1.));
#1657=DIRECTION('',(1.,0.,0.));
#1658=DIRECTION('',(0.,0.,-1.));
#1659=DIRECTION('',(1.,0.,0.));
#1660=DIRECTION('',(0.,0.,1.));
#1661=DIRECTION('',(1.,0.,0.));
#1662=DIRECTION('',(0.,0.,1.));
#1663=DIRECTION('',(1.,0.,0.));
#1664=DIRECTION('',(0.,0.,-1.));
#1665=DIRECTION('',(1.,0.,0.));
#1666=DIRECTION('',(0.,0.,1.));
#1667=DIRECTION('',(1.,0.,0.));
#1668=DIRECTION('',(0.,0.,-1.));
#1669=DIRECTION('',(1.,0.,0.));
#1670=DIRECTION('',(0.,0.,1.));
#1671=DIRECTION('',(1.,0.,0.));
#1672=DIRECTION('',(0.,0.,1.));
#1673=DIRECTION('',(-1.,0.,0.));
#1674=DIRECTION('',(0.,0.,1.));
#1675=DIRECTION('',(1.,0.,0.));
#1676=DIRECTION('',(0.,0.,1.));
#1677=DIRECTION('',(-1.,0.,0.));
#1678=DIRECTION('',(0.,0.,-1.));
#1679=DIRECTION('',(-1.,0.,0.));
#1680=DIRECTION('',(0.,0.,-1.));
#1681=DIRECTION('',(-1.,0.,0.));
#1682=DIRECTION('',(0.,0.,1.));
#1683=DIRECTION('',(1.,0.,5.02486728083111E-17));
#1684=DIRECTION('',(0.,0.,-1.));
#1685=DIRECTION('',(0.,0.,1.));
#1686=DIRECTION('',(0.,0.,1.));
#1687=DIRECTION('',(1.,0.,0.));
#1688=DIRECTION('',(0.,0.,-1.));
#1689=DIRECTION('',(-1.,0.,0.));
#1690=DIRECTION('',(0.,0.,-1.));
#1691=DIRECTION('',(0.,0.,-1.));
#1692=DIRECTION('',(-1.,0.,0.));
#1693=DIRECTION('',(0.,0.,-1.));
#1694=DIRECTION('',(-1.,0.,0.));
#1695=DIRECTION('',(0.,0.,1.));
#1696=DIRECTION('',(0.,0.,-1.));
#1697=DIRECTION('',(-1.,0.,0.));
#1698=DIRECTION('',(0.,0.,1.));
#1699=DIRECTION('',(0.,0.,1.));
#1700=DIRECTION('',(1.,0.,0.));
#1701=DIRECTION('',(0.,0.,-1.));
#1702=DIRECTION('',(0.,0.,1.));
#1703=DIRECTION('',(1.,0.,0.));
#1704=DIRECTION('',(0.,0.,-1.));
#1705=DIRECTION('',(-1.,0.,0.));
#1706=DIRECTION('',(0.,-1.,0.));
#1707=DIRECTION('',(0.,4.68844182696434E-17,-1.));
#1708=DIRECTION('',(0.,1.,5.33761069531325E-16));
#1709=DIRECTION('',(0.,-5.62613019235721E-16,1.));
#1710=DIRECTION('',(1.,0.,0.));
#1711=DIRECTION('',(0.,0.,-1.));
#1712=DIRECTION('',(0.,0.,-1.));
#1713=DIRECTION('',(-1.,0.,0.));
#1714=DIRECTION('',(0.,0.,1.));
#1715=DIRECTION('',(0.,0.,1.));
#1716=DIRECTION('',(1.,0.,0.));
#1717=DIRECTION('',(0.,0.,-1.));
#1718=DIRECTION('',(0.,0.,-1.));
#1719=DIRECTION('',(-1.,0.,0.));
#1720=DIRECTION('',(1.,0.,0.));
#1721=DIRECTION('',(0.,0.,1.));
#1722=DIRECTION('',(-1.,0.,0.));
#1723=DIRECTION('',(0.,0.,1.));
#1724=DIRECTION('',(0.,1.,0.));
#1725=DIRECTION('',(0.,0.,1.));
#1726=DIRECTION('',(0.,0.,-1.));
#1727=DIRECTION('',(-1.,0.,0.));
#1728=DIRECTION('',(-1.,0.,0.));
#1729=DIRECTION('',(0.,0.,1.));
#1730=DIRECTION('',(-1.,0.,0.));
#1731=DIRECTION('',(0.,0.,-1.));
#1732=DIRECTION('',(-1.,0.,0.));
#1733=DIRECTION('',(0.,0.,1.));
#1734=DIRECTION('',(1.,0.,0.));
#1735=DIRECTION('',(0.,0.,1.));
#1736=DIRECTION('',(-1.,0.,0.));
#1737=DIRECTION('',(0.,0.,-1.));
#1738=DIRECTION('',(0.,0.,1.));
#1739=DIRECTION('',(1.,0.,0.));
#1740=DIRECTION('',(0.,0.,-1.));
#1741=DIRECTION('',(-1.,0.,0.));
#1742=DIRECTION('',(0.,0.,-1.));
#1743=DIRECTION('',(0.,0.,1.));
#1744=DIRECTION('',(1.,0.,0.));
#1745=DIRECTION('',(0.,0.,-1.));
#1746=DIRECTION('',(-1.,0.,0.));
#1747=DIRECTION('',(0.,-1.,0.));
#1748=DIRECTION('',(0.,0.,-1.));
#1749=DIRECTION('',(1.,0.,0.));
#1750=DIRECTION('',(0.,-1.,0.));
#1751=DIRECTION('',(0.,0.,1.));
#1752=DIRECTION('',(1.,0.,0.));
#1753=DIRECTION('',(0.,0.,1.));
#1754=DIRECTION('',(1.,0.,0.));
#1755=DIRECTION('',(0.,0.,1.));
#1756=DIRECTION('',(1.,0.,0.));
#1757=DIRECTION('',(-1.,0.,0.));
#1758=DIRECTION('',(0.,1.,0.));
#1759=DIRECTION('',(0.,0.,1.));
#1760=DIRECTION('',(-1.,0.,0.));
#1761=DIRECTION('',(0.,0.,-1.));
#1762=DIRECTION('',(-1.,0.,0.));
#1763=DIRECTION('',(0.,1.,0.));
#1764=DIRECTION('',(-1.,0.,0.));
#1765=DIRECTION('',(0.,0.,-1.));
#1766=DIRECTION('',(-1.,0.,0.));
#1767=DIRECTION('',(0.,0.,1.));
#1768=DIRECTION('',(1.,0.,0.));
#1769=DIRECTION('',(0.,0.,-1.));
#1770=DIRECTION('',(0.,0.,-1.));
#1771=DIRECTION('',(-1.,0.,0.));
#1772=DIRECTION('',(0.,0.,1.));
#1773=DIRECTION('',(0.,0.,1.));
#1774=DIRECTION('',(1.,0.,0.));
#1775=DIRECTION('',(0.,1.,0.));
#1776=DIRECTION('',(0.,1.,0.));
#1777=DIRECTION('',(0.,0.,-1.));
#1778=DIRECTION('',(1.,0.,0.));
#1779=DIRECTION('',(0.,0.,1.));
#1780=DIRECTION('',(1.,0.,0.));
#1781=DIRECTION('',(0.,1.,0.));
#1782=DIRECTION('',(0.,0.,1.));
#1783=DIRECTION('',(-1.,0.,0.));
#1784=DIRECTION('',(0.,1.,0.));
#1785=DIRECTION('',(0.,0.,-1.));
#1786=DIRECTION('',(-1.,0.,0.));
#1787=DIRECTION('',(0.,0.,-1.));
#1788=DIRECTION('',(-1.,0.,0.));
#1789=DIRECTION('',(0.,0.,1.));
#1790=DIRECTION('',(0.,5.33761069531325E-16,-1.));
#1791=DIRECTION('',(0.,-1.,0.));
#1792=DIRECTION('',(0.,0.,-1.));
#1793=DIRECTION('',(0.,0.,-1.));
#1794=DIRECTION('',(-1.,0.,0.));
#1795=DIRECTION('',(0.,0.,1.));
#1796=DIRECTION('',(0.,0.,-1.));
#1797=DIRECTION('',(-1.,0.,0.));
#1798=DIRECTION('',(0.,0.,-1.));
#1799=DIRECTION('',(-1.,0.,0.));
#1800=DIRECTION('',(0.,-5.33761069531325E-16,1.));
#1801=DIRECTION('',(0.,-5.33761069531325E-16,1.));
#1802=DIRECTION('',(0.,-0.999999999999999,0.));
#1803=DIRECTION('',(0.,5.33761069531325E-16,-1.));
#1804=DIRECTION('',(0.,-5.33761069531325E-16,1.));
#1805=DIRECTION('',(0.,-0.999999999999999,0.));
#1806=DIRECTION('',(0.,0.,-1.));
#1807=DIRECTION('',(0.,0.,1.));
#1808=DIRECTION('',(-1.,0.,0.));
#1809=DIRECTION('',(0.,0.,-1.));
#1810=DIRECTION('',(0.,0.,1.));
#1811=DIRECTION('',(-1.,0.,0.));
#1812=DIRECTION('',(0.,0.,1.));
#1813=DIRECTION('',(0.,0.,1.));
#1814=DIRECTION('',(1.,0.,0.));
#1815=DIRECTION('',(0.,0.,1.));
#1816=DIRECTION('',(1.,0.,0.));
#1817=DIRECTION('',(0.,-1.,0.));
#1818=DIRECTION('',(0.,-1.,0.));
#1819=DIRECTION('',(0.,0.,-1.));
#1820=DIRECTION('',(-1.,0.,0.));
#1821=DIRECTION('',(0.,-0.732529475487721,-0.680735313864122));
#1822=DIRECTION('',(0.,-0.732529475487721,0.680735313864122));
#1823=DIRECTION('',(0.,0.,1.));
#1824=DIRECTION('',(1.,0.,3.36375194886542E-17));
#1825=DIRECTION('',(0.,1.,5.33761069531325E-16));
#1826=DIRECTION('',(0.,1.,5.33761069531325E-16));
#1827=DIRECTION('',(-1.,0.,0.));
#1828=DIRECTION('',(-1.,0.,0.));
#1829=DIRECTION('',(0.,1.,5.33761069531325E-16));
#1830=DIRECTION('',(0.,-5.33761069531325E-16,1.));
#1831=DIRECTION('',(0.,-0.999999999999999,0.));
#1832=DIRECTION('',(0.,1.,5.33761069531325E-16));
#1833=DIRECTION('',(0.,-5.33761069531325E-16,1.));
#1834=DIRECTION('',(0.,-1.,-5.34294830600857E-16));
#1835=DIRECTION('',(0.,5.62613019235721E-16,-1.));
#1836=DIRECTION('',(0.,-1.,-5.62613019235721E-16));
#1837=DIRECTION('',(0.,5.62050406216485E-16,-1.));
#1838=DIRECTION('',(0.,0.,-1.));
#1839=DIRECTION('',(0.,0.,1.));
#1840=DIRECTION('',(0.,0.,-1.));
#1841=DIRECTION('',(-1.,0.,0.));
#1842=DIRECTION('',(1.,0.,0.));
#1843=DIRECTION('',(0.,0.,-1.));
#1844=DIRECTION('',(1.,0.,0.));
#1845=DIRECTION('',(0.,0.,-1.));
#1846=DIRECTION('',(1.,0.,0.));
#1847=DIRECTION('',(0.,-1.,0.));
#1848=DIRECTION('',(0.,0.,-1.));
#1849=DIRECTION('',(0.,0.,1.));
#1850=DIRECTION('',(0.,0.,1.));
#1851=DIRECTION('',(1.,0.,0.));
#1852=DIRECTION('',(0.,0.,-1.));
#1853=DIRECTION('',(-1.,0.,0.));
#1854=DIRECTION('',(0.,5.33761069531325E-16,-1.));
#1855=DIRECTION('',(0.,-5.33761069531325E-16,1.));
#1856=DIRECTION('',(0.,-5.33761069531325E-16,1.));
#1857=DIRECTION('',(0.,-0.999999999999999,0.));
#1858=DIRECTION('',(0.,-1.,0.));
#1859=DIRECTION('',(0.,-1.,0.));
#1860=DIRECTION('',(0.,0.,-1.));
#1861=DIRECTION('',(-1.,0.,0.));
#1862=DIRECTION('',(0.,0.,-1.));
#1863=DIRECTION('',(0.,0.,-1.));
#1864=DIRECTION('',(-1.,0.,0.));
#1865=DIRECTION('',(0.,-4.68844182696434E-17,1.));
#1866=DIRECTION('',(0.,1.,4.68844182696434E-17));
#1867=DIRECTION('',(0.,-4.68375338513738E-17,1.));
#1868=DIRECTION('',(1.,0.,0.));
#1869=DIRECTION('',(0.,0.,-1.));
#1870=DIRECTION('',(1.,0.,0.));
#1871=DIRECTION('',(0.,0.,-1.));
#1872=DIRECTION('',(0.,0.,-1.));
#1873=DIRECTION('',(1.,0.,0.));
#1874=DIRECTION('',(0.,0.,1.));
#1875=DIRECTION('',(0.,0.,-1.));
#1876=DIRECTION('',(1.,0.,0.));
#1877=DIRECTION('',(0.,0.,-1.));
#1878=DIRECTION('',(0.,0.,-1.));
#1879=DIRECTION('',(-1.,0.,0.));
#1880=DIRECTION('',(0.,-5.62613019235721E-16,1.));
#1881=DIRECTION('',(-1.,0.,0.));
#1882=DIRECTION('',(0.,-5.62613019235721E-16,1.));
#1883=DIRECTION('',(-1.,0.,0.));
#1884=DIRECTION('',(0.,-1.,-5.62613019235721E-16));
#1885=DIRECTION('',(0.,5.62050406216485E-16,-1.));
#1886=DIRECTION('',(0.,-1.,-5.33761069531325E-16));
#1887=DIRECTION('',(0.,5.33761069531325E-16,-1.));
#1888=DIRECTION('',(0.,-1.,0.));
#1889=DIRECTION('',(0.,-1.,-5.33761069531325E-16));
#1890=DIRECTION('',(0.,-5.33761069531325E-16,1.));
#1891=DIRECTION('',(0.,-0.999999999999999,0.));
#1892=DIRECTION('',(0.,-1.,-5.33761069531325E-16));
#1893=DIRECTION('',(-1.,0.,0.));
#1894=DIRECTION('',(0.,1.,5.33761069531325E-16));
#1895=DIRECTION('',(0.,-1.,-5.33761069531325E-16));
#1896=DIRECTION('',(0.,-5.33761069531325E-16,1.));
#1897=DIRECTION('',(0.,-0.999999999999999,0.));
#1898=DIRECTION('',(0.,-5.33761069531325E-16,1.));
#1899=DIRECTION('',(0.,-1.,-5.34294830600857E-16));
#1900=DIRECTION('',(0.,0.,1.));
#1901=DIRECTION('',(1.,0.,0.));
#1902=DIRECTION('',(0.,0.732529475487721,0.680735313864122));
#1903=DIRECTION('',(0.,0.,1.));
#1904=DIRECTION('',(-1.,0.,0.));
#1905=DIRECTION('',(0.,0.732529475487721,-0.680735313864122));
#1906=DIRECTION('',(0.,0.,1.));
#1907=DIRECTION('',(1.,0.,3.36375194886542E-17));
#1908=DIRECTION('',(0.,-1.,0.));
#1909=DIRECTION('',(0.,0.,-1.));
#1910=DIRECTION('',(-1.,0.,0.));
#1911=DIRECTION('',(0.,-1.,0.));
#1912=DIRECTION('',(0.,0.,-1.));
#1913=DIRECTION('',(-1.,0.,0.));
#1914=DIRECTION('',(0.,-1.,0.));
#1915=DIRECTION('',(0.,-1.,0.));
#1916=DIRECTION('',(-1.,0.,0.));
#1917=DIRECTION('',(0.,-1.,0.));
#1918=DIRECTION('',(0.,0.,-1.));
#1919=DIRECTION('',(-1.,0.,0.));
#1920=DIRECTION('',(0.,0.,1.));
#1921=DIRECTION('',(-1.,0.,0.));
#1922=DIRECTION('',(0.,0.,-1.));
#1923=DIRECTION('',(-1.,0.,0.));
#1924=DIRECTION('',(0.,0.,1.));
#1925=DIRECTION('',(-1.,0.,0.));
#1926=DIRECTION('',(0.,0.,-1.));
#1927=DIRECTION('',(-1.,0.,0.));
#1928=DIRECTION('',(0.,0.,-1.));
#1929=DIRECTION('',(-1.,0.,0.));
#1930=DIRECTION('',(0.,0.,1.));
#1931=DIRECTION('',(1.,0.,0.));
#1932=DIRECTION('',(0.,-1.,0.));
#1933=DIRECTION('',(0.,-1.,0.));
#1934=DIRECTION('',(0.,0.,1.));
#1935=DIRECTION('',(1.,0.,0.));
#1936=DIRECTION('',(0.,1.,0.));
#1937=DIRECTION('',(0.,0.,1.));
#1938=DIRECTION('',(1.,0.,0.));
#1939=DIRECTION('',(0.,0.,1.));
#1940=DIRECTION('',(1.,0.,0.));
#1941=DIRECTION('',(0.,0.,1.));
#1942=DIRECTION('',(1.,0.,0.));
#1943=DIRECTION('',(0.,0.,1.));
#1944=DIRECTION('',(1.,0.,0.));
#1945=DIRECTION('',(0.,0.,1.));
#1946=DIRECTION('',(1.,0.,0.));
#1947=DIRECTION('',(0.,1.,0.));
#1948=DIRECTION('',(0.,0.,1.));
#1949=DIRECTION('',(1.,0.,0.));
#1950=DIRECTION('',(0.,0.,1.));
#1951=DIRECTION('',(0.,0.,-1.));
#1952=DIRECTION('',(0.,0.,1.));
#1953=DIRECTION('',(1.,0.,0.));
#1954=DIRECTION('',(0.,1.,0.));
#1955=DIRECTION('',(0.,0.,1.));
#1956=DIRECTION('',(-1.,0.,0.));
#1957=DIRECTION('',(-1.,0.,0.));
#1958=DIRECTION('',(0.,0.,-1.));
#1959=DIRECTION('',(-1.,0.,0.));
#1960=DIRECTION('',(0.,1.,0.));
#1961=DIRECTION('',(0.,0.,-1.));
#1962=DIRECTION('',(-1.,0.,0.));
#1963=DIRECTION('',(0.,0.,-1.));
#1964=DIRECTION('',(-1.,0.,0.));
#1965=DIRECTION('',(0.,0.,1.));
#1966=DIRECTION('',(0.,0.,-1.));
#1967=DIRECTION('',(0.,0.,1.));
#1968=DIRECTION('',(-1.,0.,0.));
#1969=DIRECTION('',(0.,0.,1.));
#1970=DIRECTION('',(0.,0.,1.));
#1971=DIRECTION('',(-1.,0.,0.));
#1972=DIRECTION('',(0.,0.,-1.));
#1973=DIRECTION('',(0.,0.,1.));
#1974=DIRECTION('',(1.,0.,0.));
#1975=DIRECTION('',(0.,0.,-1.));
#1976=DIRECTION('',(0.,0.,-1.));
#1977=DIRECTION('',(0.,0.,-1.));
#1978=DIRECTION('',(-1.,0.,0.));
#1979=DIRECTION('',(0.,0.,-1.));
#1980=DIRECTION('',(0.,0.,-1.));
#1981=DIRECTION('',(-1.,0.,0.));
#1982=DIRECTION('',(0.,0.,1.));
#1983=DIRECTION('',(0.,0.,-1.));
#1984=DIRECTION('',(-1.,0.,0.));
#1985=DIRECTION('',(0.,0.,1.));
#1986=DIRECTION('',(0.,0.,1.));
#1987=DIRECTION('',(0.,0.,-1.));
#1988=DIRECTION('',(-1.,0.,0.));
#1989=DIRECTION('',(0.,5.33761069531325E-16,-1.));
#1990=DIRECTION('',(0.,-5.33761069531325E-16,1.));
#1991=DIRECTION('',(0.,-5.33761069531325E-16,1.));
#1992=DIRECTION('',(0.,-0.999999999999999,0.));
#1993=DIRECTION('',(0.,0.,-1.));
#1994=DIRECTION('',(0.,0.,1.));
#1995=DIRECTION('',(1.,0.,0.));
#1996=DIRECTION('',(0.,4.68844182696434E-17,-1.));
#1997=DIRECTION('',(1.,0.,0.));
#1998=DIRECTION('',(0.,0.,-1.));
#1999=DIRECTION('',(1.,0.,0.));
#2000=DIRECTION('',(0.,1.,0.));
#2001=DIRECTION('',(0.,0.,1.));
#2002=DIRECTION('',(-1.,0.,0.));
#2003=DIRECTION('',(0.,0.,-1.));
#2004=DIRECTION('',(-1.,0.,0.));
#2005=DIRECTION('',(0.,0.,1.));
#2006=DIRECTION('',(0.,0.,-1.));
#2007=DIRECTION('',(-1.,0.,0.));
#2008=DIRECTION('',(1.,0.,0.));
#2009=DIRECTION('',(0.,0.,-1.));
#2010=DIRECTION('',(1.,0.,0.));
#2011=DIRECTION('',(0.,0.,-1.));
#2012=DIRECTION('',(0.,4.68844182696434E-17,-1.));
#2013=DIRECTION('',(0.,1.,4.68844182696434E-17));
#2014=DIRECTION('',(0.,-4.68375338513738E-17,1.));
#2015=DIRECTION('',(0.,1.,0.));
#2016=DIRECTION('',(1.,0.,0.));
#2017=DIRECTION('',(0.,1.,0.));
#2018=DIRECTION('',(0.,0.,-1.));
#2019=DIRECTION('',(-1.,0.,0.));
#2020=DIRECTION('',(0.,0.,-1.));
#2021=DIRECTION('',(-1.,0.,0.));
#2022=DIRECTION('',(0.,0.,1.));
#2023=DIRECTION('',(0.,0.,-1.));
#2024=DIRECTION('',(0.,0.,-1.));
#2025=DIRECTION('',(-1.,0.,0.));
#2026=DIRECTION('',(0.,-5.33761069531325E-16,1.));
#2027=DIRECTION('',(0.,5.33761069531325E-16,-1.));
#2028=DIRECTION('',(0.,-5.33761069531325E-16,1.));
#2029=DIRECTION('',(0.,-0.999999999999999,0.));
#2030=DIRECTION('',(0.,0.,1.));
#2031=DIRECTION('',(1.,0.,0.));
#2032=DIRECTION('',(0.,-1.,0.));
#2033=DIRECTION('',(0.,0.,-1.));
#2034=DIRECTION('',(1.,0.,0.));
#2035=DIRECTION('',(0.,0.,-1.));
#2036=DIRECTION('',(1.,0.,0.));
#2037=DIRECTION('',(0.,0.,-1.));
#2038=CARTESIAN_POINT('',(0.,0.,0.));
#2039=CARTESIAN_POINT('',(5.85661604326776,-0.249943154559442,8.));
#2040=CARTESIAN_POINT('',(5.85661604326776,-0.249943154559442,12.));
#2041=CARTESIAN_POINT('',(5.85661604326776,-0.249943154559453,7.8));
#2042=CARTESIAN_POINT('',(0.,0.,12.));
#2043=CARTESIAN_POINT('',(0.471320153705633,-5.84296845545852,12.));
#2044=CARTESIAN_POINT('',(0.471320153705633,-5.84296845545852,8.));
#2045=CARTESIAN_POINT('',(0.471320153705643,-5.84296845545852,7.8));
#2046=CARTESIAN_POINT('',(0.,0.,7.8));
#2047=CARTESIAN_POINT('',(0.,0.,-136.));
#2048=CARTESIAN_POINT('',(0.,0.,-62.));
#2049=CARTESIAN_POINT('',(0.,-2.75044988646836,-62.));
#2050=CARTESIAN_POINT('',(13.,-13.,-62.));
#2051=CARTESIAN_POINT('',(5.86194703650352,-9.69502824299252E-15,12.));
#2052=CARTESIAN_POINT('',(5.85661604326776,0.249943154559423,12.));
#2053=CARTESIAN_POINT('',(0.,0.,12.));
#2054=CARTESIAN_POINT('',(0.275621224132888,5.85546377322752,12.));
#2055=CARTESIAN_POINT('',(0.0257038481061888,5.86189068227692,12.));
#2056=CARTESIAN_POINT('',(-0.224260279294938,5.85765570735452,12.));
#2057=CARTESIAN_POINT('',(0.,0.,12.));
#2058=CARTESIAN_POINT('',(-5.85661604326776,0.24994315455942,12.));
#2059=CARTESIAN_POINT('',(-5.86194703650352,-1.21430643318376E-14,12.));
#2060=CARTESIAN_POINT('',(-5.85661604326776,-0.249943154559444,12.));
#2061=CARTESIAN_POINT('',(0.,0.,12.));
#2062=CARTESIAN_POINT('',(-0.0282083310647122,-5.86187916532156,12.));
#2063=CARTESIAN_POINT('',(0.221757582909628,-5.85775098763975,12.));
#2064=CARTESIAN_POINT('',(13.,13.,12.));
#2065=CARTESIAN_POINT('',(2.75044988646836,-2.77564047217525E-14,-2.1));
#2066=CARTESIAN_POINT('',(2.75044988646836,0.721647258944109,-2.1));
#2067=CARTESIAN_POINT('',(2.45452849109378,1.43499116686264,-2.1));
#2068=CARTESIAN_POINT('',(1.43519504097734,2.45473236520844,-2.1));
#2069=CARTESIAN_POINT('',(0.720921755638773,2.75030572569943,-2.1));
#2070=CARTESIAN_POINT('',(-0.720921755638775,2.7505940472373,-2.1));
#2071=CARTESIAN_POINT('',(-1.43499116686158,2.45452849109484,-2.1));
#2072=CARTESIAN_POINT('',(-2.45473236520954,1.43519504097624,-2.1));
#2073=CARTESIAN_POINT('',(-2.75044988646836,0.723128154610219,-2.1));
#2074=CARTESIAN_POINT('',(-2.75044988646836,-2.93146828035343E-14,-2.1));
#2075=CARTESIAN_POINT('',(2.75022494323418,2.00069997078532E-14,-2.1));
#2076=CARTESIAN_POINT('',(-2.75022494323418,8.06599531910945E-15,-2.1));
#2077=CARTESIAN_POINT('',(-2.75044988646836,-2.93146828035343E-14,-2.1));
#2078=CARTESIAN_POINT('',(-2.75044988646836,-0.721647258944102,-2.1));
#2079=CARTESIAN_POINT('',(-2.4545284910938,-1.43499116686248,-2.1));
#2080=CARTESIAN_POINT('',(-1.43519504097728,-2.45473236520865,-2.1));
#2081=CARTESIAN_POINT('',(-0.720921755637425,-2.75030572569943,-2.1));
#2082=CARTESIAN_POINT('',(0.720921755637425,-2.7505940472373,-2.1));
#2083=CARTESIAN_POINT('',(1.43499116686178,-2.4545284910945,-2.1));
#2084=CARTESIAN_POINT('',(2.4547323652093,-1.43519504097662,-2.1));
#2085=CARTESIAN_POINT('',(2.75044988646836,-0.723128154608557,-2.1));
#2086=CARTESIAN_POINT('',(2.75044988646836,-2.77564047217525E-14,-2.1));
#2087=CARTESIAN_POINT('',(2.30488611432322,-1.5,-21.));
#2088=CARTESIAN_POINT('',(2.59335178694145,-1.05674631781556,-21.));
#2089=CARTESIAN_POINT('',(2.75,-0.528853733133415,-21.));
#2090=CARTESIAN_POINT('',(2.75,6.65391622299499E-15,-21.));
#2091=CARTESIAN_POINT('',(2.30511456853876,-1.50006134815478,-21.));
#2092=CARTESIAN_POINT('',(2.75022494323418,6.63133212005836E-15,-21.));
#2093=CARTESIAN_POINT('',(2.75,6.63133212005836E-15,-21.));
#2094=CARTESIAN_POINT('',(2.75,0.54888302015274,-21.));
#2095=CARTESIAN_POINT('',(2.58093376786074,1.09660998341623,-21.));
#2096=CARTESIAN_POINT('',(2.27156333832011,1.55,-21.));
#2097=CARTESIAN_POINT('',(2.27179239767052,1.55006339309327,-21.));
#2098=CARTESIAN_POINT('',(2.27156333832011,1.55,-21.));
#2099=CARTESIAN_POINT('',(2.27156333832011,1.55,-32.3333333333333));
#2100=CARTESIAN_POINT('',(2.27156333832011,1.55,-43.6666666666667));
#2101=CARTESIAN_POINT('',(2.27156333832011,1.55,-55.));
#2102=CARTESIAN_POINT('',(2.27179239767052,1.55006339309327,-55.));
#2103=CARTESIAN_POINT('',(2.27156333832011,1.55,-55.));
#2104=CARTESIAN_POINT('',(1.76935566568338,2.28599776605462,-55.));
#2105=CARTESIAN_POINT('',(0.891013612742587,2.75,-55.));
#2106=CARTESIAN_POINT('',(-0.891013612742586,2.75,-55.));
#2107=CARTESIAN_POINT('',(-1.76935566568338,2.28599776605462,-55.));
#2108=CARTESIAN_POINT('',(-2.27156333832011,1.55,-55.));
#2109=CARTESIAN_POINT('',(-2.27183564872857,1.55,-55.));
#2110=CARTESIAN_POINT('',(-2.27156333832011,1.55,-55.));
#2111=CARTESIAN_POINT('',(-2.27156333832011,1.55,-43.6666666666667));
#2112=CARTESIAN_POINT('',(-2.27156333832011,1.55,-32.3333333333333));
#2113=CARTESIAN_POINT('',(-2.27156333832011,1.55,-21.));
#2114=CARTESIAN_POINT('',(-2.27179239767052,1.55006339309327,-21.));
#2115=CARTESIAN_POINT('',(-2.27156333832011,1.55,-21.));
#2116=CARTESIAN_POINT('',(-2.58093376786074,1.09660998341623,-21.));
#2117=CARTESIAN_POINT('',(-2.75,0.54888302015274,-21.));
#2118=CARTESIAN_POINT('',(-2.75,6.44300450520388E-15,-21.));
#2119=CARTESIAN_POINT('',(-2.75022494323418,3.31566606002918E-15,-21.));
#2120=CARTESIAN_POINT('',(-2.75,6.44300450520388E-15,-21.));
#2121=CARTESIAN_POINT('',(-2.75,-0.528853733133414,-21.));
#2122=CARTESIAN_POINT('',(-2.59335178694145,-1.05674631781556,-21.));
#2123=CARTESIAN_POINT('',(-2.30488611432322,-1.5,-21.));
#2124=CARTESIAN_POINT('',(-2.30511456853876,-1.50006134815478,-21.));
#2125=CARTESIAN_POINT('',(-2.30488611432322,-1.5,-21.));
#2126=CARTESIAN_POINT('',(-2.30488611432322,-1.5,-32.3333333333333));
#2127=CARTESIAN_POINT('',(-2.30488611432322,-1.5,-43.6666666666667));
#2128=CARTESIAN_POINT('',(-2.30488611432322,-1.5,-55.));
#2129=CARTESIAN_POINT('',(-2.30511456853876,-1.50006134815478,-55.));
#2130=CARTESIAN_POINT('',(-2.30488611432322,-1.5,-55.));
#2131=CARTESIAN_POINT('',(-1.807953623544,-2.26358186516872,-55.));
#2132=CARTESIAN_POINT('',(-0.911042899761903,-2.75,-55.));
#2133=CARTESIAN_POINT('',(0.911042899761902,-2.75,-55.));
#2134=CARTESIAN_POINT('',(1.807953623544,-2.26358186516872,-55.));
#2135=CARTESIAN_POINT('',(2.30488611432322,-1.5,-55.));
#2136=CARTESIAN_POINT('',(2.30515448874085,-1.5,-55.));
#2137=CARTESIAN_POINT('',(2.30488611432322,-1.5,-55.));
#2138=CARTESIAN_POINT('',(2.30488611432322,-1.5,-43.6666666666667));
#2139=CARTESIAN_POINT('',(2.30488611432322,-1.5,-32.3333333333333));
#2140=CARTESIAN_POINT('',(2.30488611432322,-1.5,-21.));
#2141=CARTESIAN_POINT('',(0.,0.,-45.));
#2142=CARTESIAN_POINT('',(0.,0.,86.));
#2143=CARTESIAN_POINT('',(0.,0.,7.8));
#2144=CARTESIAN_POINT('',(5.2,0.,7.8));
#2145=CARTESIAN_POINT('',(0.,0.,7.8));
#2146=CARTESIAN_POINT('',(0.275621224132888,5.85546377322752,7.8));
#2147=CARTESIAN_POINT('',(5.85661604326776,0.249943154559423,7.8));
#2148=CARTESIAN_POINT('',(5.86194703650352,-9.69502824299252E-15,7.8));
#2149=CARTESIAN_POINT('',(0.221757582909628,-5.85775098763975,7.8));
#2150=CARTESIAN_POINT('',(-0.0282083310647122,-5.86187916532156,7.8));
#2151=CARTESIAN_POINT('',(0.,0.,7.8));
#2152=CARTESIAN_POINT('',(-5.85661604326776,-0.249943154559442,7.8));
#2153=CARTESIAN_POINT('',(-5.86194703650352,-1.21430643318376E-14,7.8));
#2154=CARTESIAN_POINT('',(-5.85661604326776,0.24994315455942,7.8));
#2155=CARTESIAN_POINT('',(0.,0.,7.8));
#2156=CARTESIAN_POINT('',(-0.224260279294949,5.85765570735452,7.8));
#2157=CARTESIAN_POINT('',(0.0257038481061888,5.86189068227692,7.8));
#2158=CARTESIAN_POINT('',(0.,0.,7.8));
#2159=CARTESIAN_POINT('',(0.,0.,0.));
#2160=CARTESIAN_POINT('',(5.2,0.,0.));
#2161=CARTESIAN_POINT('',(0.,0.,-1.3));
#2162=CARTESIAN_POINT('',(0.,0.,0.));
#2163=CARTESIAN_POINT('',(5.86194703650352,0.,0.));
#2164=CARTESIAN_POINT('',(0.,0.,0.));
#2165=CARTESIAN_POINT('',(0.,0.,-0.00242990950730104));
#2166=CARTESIAN_POINT('',(-5.86194703650352,0.,-0.00242990950730104));
#2167=CARTESIAN_POINT('',(0.,0.,-136.));
#2168=CARTESIAN_POINT('',(0.,0.,-0.00242990950730972));
#2169=CARTESIAN_POINT('',(-5.19633925094905,0.,-0.00242990950730972));
#2170=CARTESIAN_POINT('',(-5.19633925094905,0.,-0.00242990950730971));
#2171=CARTESIAN_POINT('',(0.,0.,-2.1));
#2172=CARTESIAN_POINT('',(-2.93917426054275,0.,-2.1));
#2173=CARTESIAN_POINT('',(0.,0.,-2.27485455733706));
#2174=CARTESIAN_POINT('',(-0.0282083310647125,-5.86187916532156,8.));
#2175=CARTESIAN_POINT('',(-5.85661604326776,-0.249943154559444,8.));
#2176=CARTESIAN_POINT('',(0.,0.,-136.));
#2177=CARTESIAN_POINT('',(0.,0.,-2.1));
#2178=CARTESIAN_POINT('',(-5.85661604326776,0.24994315455942,8.));
#2179=CARTESIAN_POINT('',(-5.86194703650352,-1.21430643318376E-14,12.));
#2180=CARTESIAN_POINT('',(0.221757582909628,-5.85775098763975,12.));
#2181=CARTESIAN_POINT('',(5.85661604326776,0.249943154559423,8.));
#2182=CARTESIAN_POINT('',(5.86194703650352,-9.69502824299252E-15,12.));
#2183=CARTESIAN_POINT('',(-0.224260279294938,5.85765570735452,8.));
#2184=CARTESIAN_POINT('',(0.,0.,-136.));
#2185=CARTESIAN_POINT('',(0.275621224132888,5.85546377322752,8.));
#2186=CARTESIAN_POINT('',(0.,0.,-136.));
#2187=CARTESIAN_POINT('',(0.0257038481061888,5.86189068227692,12.));
#2188=CARTESIAN_POINT('',(13.,13.,12.));
#2189=CARTESIAN_POINT('',(13.,13.,12.));
#2190=CARTESIAN_POINT('',(13.,-13.,12.));
#2191=CARTESIAN_POINT('',(13.,-13.,12.));
#2192=CARTESIAN_POINT('',(13.,-13.,-62.));
#2193=CARTESIAN_POINT('',(13.,-13.,-62.));
#2194=CARTESIAN_POINT('',(13.,13.,-62.));
#2195=CARTESIAN_POINT('',(13.,13.,-62.));
#2196=CARTESIAN_POINT('',(13.,0.,0.));
#2197=CARTESIAN_POINT('',(5.86194703650352,-9.69502824299252E-15,12.));
#2198=CARTESIAN_POINT('',(5.85661604326776,0.249943154559423,12.));
#2199=CARTESIAN_POINT('',(5.85661604326776,-0.249943154559442,12.));
#2200=CARTESIAN_POINT('',(5.85661604326776,0.249943154559423,8.));
#2201=CARTESIAN_POINT('',(5.85661604326776,0.249943154559423,7.8));
#2202=CARTESIAN_POINT('',(5.86194703650352,-9.69502824299252E-15,7.8));
#2203=CARTESIAN_POINT('',(5.85661604326776,-0.249943154559453,7.8));
#2204=CARTESIAN_POINT('',(5.85661604326776,-0.249943154559442,8.));
#2205=CARTESIAN_POINT('',(5.86194703650352,-9.69502824299252E-15,12.));
#2206=CARTESIAN_POINT('',(0.,2.05,-21.));
#2207=CARTESIAN_POINT('',(1.83370515022831,2.05,-21.));
#2208=CARTESIAN_POINT('',(3.14006369362152,2.05,-21.));
#2209=CARTESIAN_POINT('',(3.14006369362152,2.05,-55.));
#2210=CARTESIAN_POINT('',(3.14006369362152,2.05,-55.));
#2211=CARTESIAN_POINT('',(-3.4,2.05,-55.));
#2212=CARTESIAN_POINT('',(1.83370515022831,2.05,-55.));
#2213=CARTESIAN_POINT('',(1.83370515022831,2.05,86.));
#2214=CARTESIAN_POINT('',(-3.4,2.05,-30.));
#2215=CARTESIAN_POINT('',(0.,0.,-21.));
#2216=CARTESIAN_POINT('',(1.8881140267404,-2.,-21.));
#2217=CARTESIAN_POINT('',(0.,-2.,-21.));
#2218=CARTESIAN_POINT('',(3.17214438511238,-2.,-21.));
#2219=CARTESIAN_POINT('',(0.,0.,-21.));
#2220=CARTESIAN_POINT('',(0.,0.,-21.));
#2221=CARTESIAN_POINT('',(0.,0.,7.8));
#2222=CARTESIAN_POINT('',(0.275621224132888,5.85546377322752,7.8));
#2223=CARTESIAN_POINT('',(0.,0.,12.));
#2224=CARTESIAN_POINT('',(0.275621224132888,5.85546377322752,12.));
#2225=CARTESIAN_POINT('',(0.275621224132888,5.85546377322752,8.));
#2226=CARTESIAN_POINT('',(0.,0.,-136.));
#2227=CARTESIAN_POINT('',(0.0257038481061888,5.86189068227692,12.));
#2228=CARTESIAN_POINT('',(0.,6.11056579601477,12.));
#2229=CARTESIAN_POINT('',(0.,6.11056579601477,12.));
#2230=CARTESIAN_POINT('',(0.,6.11056579601477,7.8));
#2231=CARTESIAN_POINT('',(0.0257038481061888,5.86189068227692,7.8));
#2232=CARTESIAN_POINT('',(0.0257038481061888,5.86189068227692,12.));
#2233=CARTESIAN_POINT('',(0.,0.,7.8));
#2234=CARTESIAN_POINT('',(0.,6.5,7.8));
#2235=CARTESIAN_POINT('',(0.,0.,7.8));
#2236=CARTESIAN_POINT('',(0.,-6.5,7.8));
#2237=CARTESIAN_POINT('',(0.,0.,7.8));
#2238=CARTESIAN_POINT('',(0.,-5.97317877641732,7.8));
#2239=CARTESIAN_POINT('',(0.221757582909628,-5.85775098763975,7.8));
#2240=CARTESIAN_POINT('',(0.471320153705643,-5.84296845545852,7.8));
#2241=CARTESIAN_POINT('',(0.,0.,7.8));
#2242=CARTESIAN_POINT('',(0.,0.,7.8));
#2243=CARTESIAN_POINT('',(13.,13.,12.));
#2244=CARTESIAN_POINT('',(0.,13.,12.));
#2245=CARTESIAN_POINT('',(0.,13.,12.));
#2246=CARTESIAN_POINT('',(0.,0.,12.));
#2247=CARTESIAN_POINT('',(0.471320153705633,-5.84296845545852,12.));
#2248=CARTESIAN_POINT('',(0.221757582909628,-5.85775098763975,12.));
#2249=CARTESIAN_POINT('',(0.,-5.97317877641732,12.));
#2250=CARTESIAN_POINT('',(0.,13.,12.));
#2251=CARTESIAN_POINT('',(0.,-13.,12.));
#2252=CARTESIAN_POINT('',(13.,-13.,12.));
#2253=CARTESIAN_POINT('',(13.,13.,12.));
#2254=CARTESIAN_POINT('',(0.,0.,0.));
#2255=CARTESIAN_POINT('',(0.,-5.86194703650352,0.));
#2256=CARTESIAN_POINT('',(0.,5.86194703650352,0.));
#2257=CARTESIAN_POINT('',(0.,5.86194703650352,-136.));
#2258=CARTESIAN_POINT('',(0.,5.86194703650352,-0.00242990950730104));
#2259=CARTESIAN_POINT('',(0.,0.,-0.00242990950730104));
#2260=CARTESIAN_POINT('',(0.,-5.86194703650352,-0.00242990950730104));
#2261=CARTESIAN_POINT('',(0.,-5.86194703650352,-136.));
#2262=CARTESIAN_POINT('',(0.,0.,-136.));
#2263=CARTESIAN_POINT('',(0.,0.,0.));
#2264=CARTESIAN_POINT('',(0.,6.5,0.));
#2265=CARTESIAN_POINT('',(0.,0.,0.));
#2266=CARTESIAN_POINT('',(0.,-6.5,0.));
#2267=CARTESIAN_POINT('',(0.,0.,0.));
#2268=CARTESIAN_POINT('',(0.,0.,0.));
#2269=CARTESIAN_POINT('',(0.,0.,-0.00242990950730971));
#2270=CARTESIAN_POINT('',(0.,6.49174720352954,-0.00242990950730972));
#2271=CARTESIAN_POINT('',(0.,0.,-0.0024299095073097));
#2272=CARTESIAN_POINT('',(0.,-6.49174720352954,-0.00242990950730972));
#2273=CARTESIAN_POINT('',(0.,0.,-0.00242990950730971));
#2274=CARTESIAN_POINT('',(-5.19633925094905,0.,-0.00242990950730971));
#2275=CARTESIAN_POINT('',(0.,0.,-55.));
#2276=CARTESIAN_POINT('',(0.,2.75044988646836,-55.));
#2277=CARTESIAN_POINT('',(0.,2.75044988646836,86.));
#2278=CARTESIAN_POINT('',(0.,2.75044988646836,-62.));
#2279=CARTESIAN_POINT('',(0.,0.,-62.));
#2280=CARTESIAN_POINT('',(0.,-2.75044988646836,-62.));
#2281=CARTESIAN_POINT('',(0.,-2.75044988646836,86.));
#2282=CARTESIAN_POINT('',(0.,-2.75044988646836,-55.));
#2283=CARTESIAN_POINT('',(0.,0.,-55.));
#2284=CARTESIAN_POINT('',(1.8881140267404,-2.,-55.));
#2285=CARTESIAN_POINT('',(1.8881140267404,-2.,86.));
#2286=CARTESIAN_POINT('',(0.,0.,86.));
#2287=CARTESIAN_POINT('',(0.110228879140185,3.27641884041955,-55.));
#2288=CARTESIAN_POINT('',(0.,3.50080599291161,-55.));
#2289=CARTESIAN_POINT('',(-6.09863722023096E-16,3.05203168792748,-55.));
#2290=CARTESIAN_POINT('',(0.,3.50080599291162,-62.));
#2291=CARTESIAN_POINT('',(-7.86046575051991E-16,3.50080599291162,-62.));
#2292=CARTESIAN_POINT('',(0.110228879140185,3.27641884041955,-62.));
#2293=CARTESIAN_POINT('',(0.,3.05203168792748,-62.));
#2294=CARTESIAN_POINT('',(0.,3.05203168792748,-62.));
#2295=CARTESIAN_POINT('',(0.110228879140185,3.27641884041955,-62.));
#2296=CARTESIAN_POINT('',(0.,3.75,-45.));
#2297=CARTESIAN_POINT('',(0.,3.75,-2.55031938779499));
#2298=CARTESIAN_POINT('',(0.,3.75,-55.));
#2299=CARTESIAN_POINT('',(0.,0.,-55.));
#2300=CARTESIAN_POINT('',(3.17214438511238,-2.,-21.));
#2301=CARTESIAN_POINT('',(3.17214438511238,-2.,-55.));
#2302=CARTESIAN_POINT('',(0.,0.,-55.));
#2303=CARTESIAN_POINT('',(0.,-3.75,-55.));
#2304=CARTESIAN_POINT('',(0.,-3.75,-45.));
#2305=CARTESIAN_POINT('',(0.,-3.75,-2.55031938779499));
#2306=CARTESIAN_POINT('',(0.,0.,-2.55031938779499));
#2307=CARTESIAN_POINT('',(0.,0.,-45.));
#2308=CARTESIAN_POINT('',(0.,0.,-55.));
#2309=CARTESIAN_POINT('',(0.,0.,-55.));
#2310=CARTESIAN_POINT('',(0.,0.,-55.));
#2311=CARTESIAN_POINT('',(0.,0.,-6.03517223319185));
#2312=CARTESIAN_POINT('',(0.,0.,-6.03517223319185));
#2313=CARTESIAN_POINT('',(0.,0.,-0.0024299095073097));
#2314=CARTESIAN_POINT('',(0.,-13.,-62.));
#2315=CARTESIAN_POINT('',(0.,-13.,-62.));
#2316=CARTESIAN_POINT('',(0.,13.,-62.));
#2317=CARTESIAN_POINT('',(13.,13.,-62.));
#2318=CARTESIAN_POINT('',(13.,-13.,-62.));
#2319=CARTESIAN_POINT('',(0.,-13.,-62.));
#2320=CARTESIAN_POINT('',(0.,-13.,-62.));
#2321=CARTESIAN_POINT('',(0.,-3.40476326065006,-62.));
#2322=CARTESIAN_POINT('',(-0.191965091578117,-3.24460894876491,-62.));
#2323=CARTESIAN_POINT('',(8.94466792300541E-16,-3.08445463687976,-62.));
#2324=CARTESIAN_POINT('',(0.,-13.,-62.));
#2325=CARTESIAN_POINT('',(13.,-13.,-62.));
#2326=CARTESIAN_POINT('',(0.,13.,-62.));
#2327=CARTESIAN_POINT('',(13.,13.,-62.));
#2328=CARTESIAN_POINT('',(0.,6.5,7.8));
#2329=CARTESIAN_POINT('',(0.,-6.5,7.8));
#2330=CARTESIAN_POINT('',(0.,0.,7.8));
#2331=CARTESIAN_POINT('',(0.,-6.5,-25.));
#2332=CARTESIAN_POINT('',(0.,-6.5,-25.));
#2333=CARTESIAN_POINT('',(3.6,-2.,-55.));
#2334=CARTESIAN_POINT('',(3.6,-2.,-30.));
#2335=CARTESIAN_POINT('',(0.471320153705633,-5.84296845545852,8.));
#2336=CARTESIAN_POINT('',(0.,0.,-136.));
#2337=CARTESIAN_POINT('',(-0.191965091578117,-3.24460894876491,-55.));
#2338=CARTESIAN_POINT('',(0.,-3.08445463687977,-55.));
#2339=CARTESIAN_POINT('',(1.13841228110978E-15,-3.40476326065006,-55.));
#2340=CARTESIAN_POINT('',(0.,-3.08445463687976,-62.));
#2341=CARTESIAN_POINT('',(0.,-3.40476326065006,-62.));
#2342=CARTESIAN_POINT('',(-0.191965091578117,-3.24460894876491,-62.));
#2343=CARTESIAN_POINT('',(0.,0.,-55.));
#2344=CARTESIAN_POINT('',(0.,0.,-55.));
#2345=CARTESIAN_POINT('',(0.,0.,-55.));
#2346=CARTESIAN_POINT('',(0.,-5.97317877641732,12.));
#2347=CARTESIAN_POINT('',(0.221757582909628,-5.85775098763975,12.));
#2348=CARTESIAN_POINT('',(0.,-13.,12.));
#2349=CARTESIAN_POINT('',(13.,-13.,12.));
#2350=CARTESIAN_POINT('',(0.,-6.5,-25.));
#2351=CARTESIAN_POINT('',(0.,-6.5,-25.));
#2352=CARTESIAN_POINT('',(0.,0.,0.));
#2353=CARTESIAN_POINT('',(0.,-6.5,0.));
#2354=CARTESIAN_POINT('',(0.,6.5,0.));
#2355=CARTESIAN_POINT('',(0.,6.5,7.8));
#2356=CARTESIAN_POINT('',(0.,6.5,7.8));
#2357=CARTESIAN_POINT('',(0.,0.,7.8));
#2358=CARTESIAN_POINT('',(0.,-6.5,7.8));
#2359=CARTESIAN_POINT('',(0.,-6.5,7.8));
#2360=CARTESIAN_POINT('',(0.,0.,7.8));
#2361=CARTESIAN_POINT('',(0.,13.,-62.));
#2362=CARTESIAN_POINT('',(0.,13.,-62.));
#2363=CARTESIAN_POINT('',(0.,13.,12.));
#2364=CARTESIAN_POINT('',(13.,13.,-62.));
#2365=CARTESIAN_POINT('',(-13.,13.,-62.));
#2366=CARTESIAN_POINT('',(-13.,13.,-62.));
#2367=CARTESIAN_POINT('',(-13.,13.,12.));
#2368=CARTESIAN_POINT('',(13.,13.,12.));
#2369=CARTESIAN_POINT('',(13.,13.,-62.));
#2370=CARTESIAN_POINT('',(0.,-13.,-62.));
#2371=CARTESIAN_POINT('',(9.0801931945661E-16,3.05203168792748,-62.));
#2372=CARTESIAN_POINT('',(0.,2.75044988646836,-62.));
#2373=CARTESIAN_POINT('',(0.,0.,-62.));
#2374=CARTESIAN_POINT('',(0.,-2.75044988646836,-62.));
#2375=CARTESIAN_POINT('',(0.,-13.,-62.));
#2376=CARTESIAN_POINT('',(0.,-3.08445463687976,-62.));
#2377=CARTESIAN_POINT('',(-0.191965091578117,-3.24460894876491,-62.));
#2378=CARTESIAN_POINT('',(-7.86046575051991E-16,-3.40476326065006,-62.));
#2379=CARTESIAN_POINT('',(0.,-13.,-62.));
#2380=CARTESIAN_POINT('',(0.,-13.,-62.));
#2381=CARTESIAN_POINT('',(13.,-13.,-62.));
#2382=CARTESIAN_POINT('',(-13.,-13.,-62.));
#2383=CARTESIAN_POINT('',(-13.,-13.,-62.));
#2384=CARTESIAN_POINT('',(0.,-13.,-62.));
#2385=CARTESIAN_POINT('',(0.,3.50080599291162,-62.));
#2386=CARTESIAN_POINT('',(0.110228879140185,3.27641884041955,-62.));
#2387=CARTESIAN_POINT('',(13.,-13.,-62.));
#2388=CARTESIAN_POINT('',(0.,0.,-2.55031938779499));
#2389=CARTESIAN_POINT('',(0.,3.75,-2.55031938779499));
#2390=CARTESIAN_POINT('',(0.,-3.75,-2.55031938779499));
#2391=CARTESIAN_POINT('',(0.,0.,-6.03517223319185));
#2392=CARTESIAN_POINT('',(0.,6.49174720352954,-0.0024299095073097));
#2393=CARTESIAN_POINT('',(0.,0.,-0.0024299095073097));
#2394=CARTESIAN_POINT('',(0.,-6.49174720352954,-0.0024299095073097));
#2395=CARTESIAN_POINT('',(0.,0.,-6.03517223319185));
#2396=CARTESIAN_POINT('',(0.,0.,-0.0024299095073097));
#2397=CARTESIAN_POINT('',(0.,0.,-0.00242990950730971));
#2398=CARTESIAN_POINT('',(0.,5.86194703650352,-0.00242990950730104));
#2399=CARTESIAN_POINT('',(0.,0.,-0.00242990950730104));
#2400=CARTESIAN_POINT('',(0.,-5.86194703650352,-0.00242990950730104));
#2401=CARTESIAN_POINT('',(0.,0.,-0.00242990950730971));
#2402=CARTESIAN_POINT('',(-5.19633925094905,0.,-0.00242990950730971));
#2403=CARTESIAN_POINT('',(0.,13.,12.));
#2404=CARTESIAN_POINT('',(6.7762635780344E-18,6.11056579601477,12.));
#2405=CARTESIAN_POINT('',(-13.,13.,12.));
#2406=CARTESIAN_POINT('',(-13.,-13.,12.));
#2407=CARTESIAN_POINT('',(13.,-13.,12.));
#2408=CARTESIAN_POINT('',(0.,-13.,12.));
#2409=CARTESIAN_POINT('',(0.,13.,12.));
#2410=CARTESIAN_POINT('',(-5.42101086242752E-17,-5.97317877641732,12.));
#2411=CARTESIAN_POINT('',(0.221757582909628,-5.85775098763975,12.));
#2412=CARTESIAN_POINT('',(-0.0282083310647126,-5.86187916532156,12.));
#2413=CARTESIAN_POINT('',(0.,0.,12.));
#2414=CARTESIAN_POINT('',(-5.85661604326776,-0.249943154559442,12.));
#2415=CARTESIAN_POINT('',(-5.86194703650352,-1.21430643318376E-14,12.));
#2416=CARTESIAN_POINT('',(-5.85661604326776,0.24994315455942,12.));
#2417=CARTESIAN_POINT('',(0.,0.,12.));
#2418=CARTESIAN_POINT('',(-0.224260279294938,5.85765570735452,12.));
#2419=CARTESIAN_POINT('',(0.0257038481061888,5.86189068227692,12.));
#2420=CARTESIAN_POINT('',(13.,13.,12.));
#2421=CARTESIAN_POINT('',(0.,0.,0.));
#2422=CARTESIAN_POINT('',(0.,5.86194703650352,0.));
#2423=CARTESIAN_POINT('',(0.,-5.86194703650352,0.));
#2424=CARTESIAN_POINT('',(0.,0.,0.));
#2425=CARTESIAN_POINT('',(0.,0.,0.));
#2426=CARTESIAN_POINT('',(0.,0.,0.));
#2427=CARTESIAN_POINT('',(0.,0.,7.8));
#2428=CARTESIAN_POINT('',(6.7762635780344E-18,6.11056579601477,7.8));
#2429=CARTESIAN_POINT('',(0.0257038481061888,5.86189068227692,7.8));
#2430=CARTESIAN_POINT('',(-0.224260279294949,5.85765570735452,7.8));
#2431=CARTESIAN_POINT('',(0.,0.,7.8));
#2432=CARTESIAN_POINT('',(-5.85661604326776,0.24994315455942,7.8));
#2433=CARTESIAN_POINT('',(-5.86194703650352,-1.21430643318376E-14,7.8));
#2434=CARTESIAN_POINT('',(-5.85661604326776,-0.249943154559442,7.8));
#2435=CARTESIAN_POINT('',(0.,0.,7.8));
#2436=CARTESIAN_POINT('',(-0.0282083310647122,-5.86187916532156,7.8));
#2437=CARTESIAN_POINT('',(0.221757582909628,-5.85775098763975,7.8));
#2438=CARTESIAN_POINT('',(-5.42101086242752E-17,-5.97317877641732,7.8));
#2439=CARTESIAN_POINT('',(0.,0.,7.8));
#2440=CARTESIAN_POINT('',(0.,0.,7.8));
#2441=CARTESIAN_POINT('',(0.,5.86194703650352,-136.));
#2442=CARTESIAN_POINT('',(0.,-5.86194703650352,-136.));
#2443=CARTESIAN_POINT('',(0.,0.,-136.));
#2444=CARTESIAN_POINT('',(0.,0.,-55.));
#2445=CARTESIAN_POINT('',(7.45388993583784E-16,3.50080599291161,-55.));
#2446=CARTESIAN_POINT('',(0.,3.75,-55.));
#2447=CARTESIAN_POINT('',(0.,0.,-55.));
#2448=CARTESIAN_POINT('',(-3.14006369362152,2.05,-55.));
#2449=CARTESIAN_POINT('',(-3.4,2.05,-55.));
#2450=CARTESIAN_POINT('',(-1.83370515022831,2.05,-55.));
#2451=CARTESIAN_POINT('',(0.,0.,-55.));
#2452=CARTESIAN_POINT('',(0.,2.75044988646836,-55.));
#2453=CARTESIAN_POINT('',(0.,0.,-55.));
#2454=CARTESIAN_POINT('',(0.,3.05203168792748,-55.));
#2455=CARTESIAN_POINT('',(0.110228879140185,3.27641884041955,-55.));
#2456=CARTESIAN_POINT('',(0.,0.,-55.));
#2457=CARTESIAN_POINT('',(0.,3.75,-45.));
#2458=CARTESIAN_POINT('',(0.,-3.75,-45.));
#2459=CARTESIAN_POINT('',(0.,-3.75,-55.));
#2460=CARTESIAN_POINT('',(0.,0.,-55.));
#2461=CARTESIAN_POINT('',(-3.17214438511238,-2.,-55.));
#2462=CARTESIAN_POINT('',(-3.17214438511238,-2.,-55.));
#2463=CARTESIAN_POINT('',(-3.17214438511238,-2.,-21.));
#2464=CARTESIAN_POINT('',(0.,0.,-21.));
#2465=CARTESIAN_POINT('',(-3.14006369362152,2.05,-21.));
#2466=CARTESIAN_POINT('',(-3.14006369362152,2.05,-21.));
#2467=CARTESIAN_POINT('',(0.,0.,-45.));
#2468=CARTESIAN_POINT('',(0.,2.75044988646836,86.));
#2469=CARTESIAN_POINT('',(-1.83370515022831,2.05,86.));
#2470=CARTESIAN_POINT('',(-1.83370515022831,2.05,-21.));
#2471=CARTESIAN_POINT('',(0.,0.,-21.));
#2472=CARTESIAN_POINT('',(-1.8881140267404,-2.,-21.));
#2473=CARTESIAN_POINT('',(-1.8881140267404,-2.,86.));
#2474=CARTESIAN_POINT('',(-1.8881140267404,-2.,-55.));
#2475=CARTESIAN_POINT('',(0.,0.,-55.));
#2476=CARTESIAN_POINT('',(0.,-2.75044988646836,-55.));
#2477=CARTESIAN_POINT('',(0.,-2.75044988646836,86.));
#2478=CARTESIAN_POINT('',(0.,0.,86.));
#2479=CARTESIAN_POINT('',(0.,6.11056579601477,12.));
#2480=CARTESIAN_POINT('',(-0.224260279294938,5.85765570735452,8.));
#2481=CARTESIAN_POINT('',(0.0257038481061888,5.86189068227692,12.));
#2482=CARTESIAN_POINT('',(0.,3.50080599291162,-62.));
#2483=CARTESIAN_POINT('',(0.,3.05203168792748,-62.));
#2484=CARTESIAN_POINT('',(0.110228879140185,3.27641884041955,-62.));
#2485=CARTESIAN_POINT('',(-5.85661604326776,0.24994315455942,8.));
#2486=CARTESIAN_POINT('',(0.,0.,-136.));
#2487=CARTESIAN_POINT('',(-13.,-13.,12.));
#2488=CARTESIAN_POINT('',(-13.,0.,0.));
#2489=CARTESIAN_POINT('',(0.,2.05,-21.));
#2490=CARTESIAN_POINT('',(-3.4,2.05,-30.));
#2491=CARTESIAN_POINT('',(0.,-2.,-21.));
#2492=CARTESIAN_POINT('',(0.,0.,-21.));
#2493=CARTESIAN_POINT('',(-5.85661604326776,-0.249943154559444,8.));
#2494=CARTESIAN_POINT('',(-5.86194703650352,-1.21430643318376E-14,12.));
#2495=CARTESIAN_POINT('',(0.,-6.5,-25.));
#2496=CARTESIAN_POINT('',(0.,-6.5,-25.));
#2497=CARTESIAN_POINT('',(0.,-13.,12.));
#2498=CARTESIAN_POINT('',(13.,-13.,12.));
#2499=CARTESIAN_POINT('',(0.,0.,-55.));
#2500=CARTESIAN_POINT('',(-1.00288700954909E-15,-3.08445463687977,-55.));
#2501=CARTESIAN_POINT('',(3.6,-2.,-55.));
#2502=CARTESIAN_POINT('',(0.,0.,-55.));
#2503=CARTESIAN_POINT('',(0.,-3.40476326065006,-55.));
#2504=CARTESIAN_POINT('',(-0.191965091578117,-3.24460894876491,-55.));
#2505=CARTESIAN_POINT('',(0.,0.,-55.));
#2506=CARTESIAN_POINT('',(0.,-5.97317877641732,12.));
#2507=CARTESIAN_POINT('',(-0.0282083310647125,-5.86187916532156,8.));
#2508=CARTESIAN_POINT('',(0.221757582909628,-5.85775098763975,12.));
#2509=CARTESIAN_POINT('',(0.,-3.08445463687976,-62.));
#2510=CARTESIAN_POINT('',(0.,-3.40476326065006,-62.));
#2511=CARTESIAN_POINT('',(-0.191965091578117,-3.24460894876491,-62.));
#2512=CARTESIAN_POINT('',(0.,0.,-136.));
#2513=CARTESIAN_POINT('',(3.6,-2.,-30.));
#2514=CARTESIAN_POINT('',(0.,-6.5,-25.));
#2515=CARTESIAN_POINT('',(0.,-6.5,-25.));
#2516=MECHANICAL_DESIGN_GEOMETRIC_PRESENTATION_REPRESENTATION('',(#24,#25,
#26),#2517);
#2517=(
GEOMETRIC_REPRESENTATION_CONTEXT(3)
GLOBAL_UNCERTAINTY_ASSIGNED_CONTEXT((#2518))
GLOBAL_UNIT_ASSIGNED_CONTEXT((#2524,#2520,#2519))
REPRESENTATION_CONTEXT('umbrella_contain_silicone_mold',
'TOP_LEVEL_ASSEMBLY_PART')
);
#2518=UNCERTAINTY_MEASURE_WITH_UNIT(LENGTH_MEASURE(0.0508),#2524,
'DISTANCE_ACCURACY_VALUE','Maximum Tolerance applied to model');
#2519=(
NAMED_UNIT(*)
SI_UNIT($,.STERADIAN.)
SOLID_ANGLE_UNIT()
);
#2520=(
CONVERSION_BASED_UNIT('DEGREE',#2522)
NAMED_UNIT(#2521)
PLANE_ANGLE_UNIT()
);
#2521=DIMENSIONAL_EXPONENTS(0.,0.,0.,0.,0.,0.,0.);
#2522=PLANE_ANGLE_MEASURE_WITH_UNIT(PLANE_ANGLE_MEASURE(0.0174532925),#2523);
#2523=(
NAMED_UNIT(*)
PLANE_ANGLE_UNIT()
SI_UNIT($,.RADIAN.)
);
#2524=(
LENGTH_UNIT()
NAMED_UNIT(*)
SI_UNIT(.MILLI.,.METRE.)
);
ENDSEC;
END-ISO-10303-21;
