ISO-10303-21;
HEADER;
/* Generated by software containing ST-Developer
 * from STEP Tools, Inc. (www.steptools.com) 
 */
/* OPTION: using custom schema-name function */

FILE_DESCRIPTION(
/* description */ (''),
/* implementation_level */ '2;1');

FILE_NAME(
/* name */ 'umbrella_top_open_Full_wings_mold.stp',
/* time_stamp */ '2026-09-08T16:18:25+02:00',
/* author */ (''),
/* organization */ (''),
/* preprocessor_version */ 'ST-DEVELOPER v20',
/* originating_system */ 'SIEMENS PLM Software NX2406.3002',
/* authorisation */ '');

FILE_SCHEMA (('AUTOMOTIVE_DESIGN { 1 0 10303 214 3 1 1 1 }'));
ENDSEC;

DATA;
#10=SHAPE_REPRESENTATION_RELATIONSHIP('None',
'relationship between umbrella_top_open_Full_wings_mold-None and umbre
lla_top_open_Full_wings_mold-None',#22,#11);
#11=ADVANCED_BREP_SHAPE_REPRESENTATION(
'umbrella_top_open_Full_wings_mold-None',(#39,#40),#2800);
#12=SHAPE_DEFINITION_REPRESENTATION(#13,#22);
#13=PRODUCT_DEFINITION_SHAPE('','',#14);
#14=PRODUCT_DEFINITION(' ','',#16,#15);
#15=PRODUCT_DEFINITION_CONTEXT('part definition',#21,'design');
#16=PRODUCT_DEFINITION_FORMATION_WITH_SPECIFIED_SOURCE(' ',' ',#18,
 .NOT_KNOWN.);
#17=PRODUCT_RELATED_PRODUCT_CATEGORY('part','',(#18));
#18=PRODUCT('umbrella_top_open_Full_wings_mold',
'umbrella_top_open_Full_wings_mold',' ',(#19));
#19=PRODUCT_CONTEXT(' ',#21,'mechanical');
#20=APPLICATION_PROTOCOL_DEFINITION('international standard',
'automotive_design',2010,#21);
#21=APPLICATION_CONTEXT(
'core data for automotive mechanical design processes');
#22=SHAPE_REPRESENTATION('umbrella_top_open_Full_wings_mold-None',(#1193),
#2800);
#23=PRESENTATION_LAYER_ASSIGNMENT('1','Layer 1',(#39,#40));
#24=STYLED_ITEM('',(#26),#39);
#25=STYLED_ITEM('',(#27),#40);
#26=PRESENTATION_STYLE_ASSIGNMENT((#28));
#27=PRESENTATION_STYLE_ASSIGNMENT((#29));
#28=SURFACE_STYLE_USAGE(.BOTH.,#30);
#29=SURFACE_STYLE_USAGE(.BOTH.,#31);
#30=SURFACE_SIDE_STYLE('',(#32));
#31=SURFACE_SIDE_STYLE('',(#33));
#32=SURFACE_STYLE_FILL_AREA(#34);
#33=SURFACE_STYLE_FILL_AREA(#35);
#34=FILL_AREA_STYLE('',(#36));
#35=FILL_AREA_STYLE('',(#37));
#36=FILL_AREA_STYLE_COLOUR('',#38);
#37=FILL_AREA_STYLE_COLOUR('',#38);
#38=COLOUR_RGB('medium steel',0.596078431372549,0.666666666666667,0.686274509803922);
#39=MANIFOLD_SOLID_BREP('',#41);
#40=MANIFOLD_SOLID_BREP('',#42);
#41=CLOSED_SHELL('',(#316,#317,#318,#319,#320,#321,#322,#323,#324,#325,
#326,#327,#328,#329,#330,#331,#332,#333,#334,#335,#336,#337,#338,#339,#340,
#341,#342,#343,#344,#345,#346,#347));
#42=CLOSED_SHELL('',(#348,#349,#350,#351,#352,#353,#354,#355,#356,#357,
#358,#359,#360,#361,#362,#363,#364,#365,#366,#367,#368,#369,#370,#371,#372,
#373,#374,#375,#376,#377,#378,#379,#380));
#43=SPHERICAL_SURFACE('',#1246,3.5);
#44=SPHERICAL_SURFACE('',#1247,3.5);
#45=SPHERICAL_SURFACE('',#1301,3.5);
#46=SPHERICAL_SURFACE('',#1302,3.5);
#47=CONICAL_SURFACE('',#1227,1.5,59.);
#48=CONICAL_SURFACE('',#1265,1.5,59.);
#49=PLANE('',#1202);
#50=PLANE('',#1206);
#51=PLANE('',#1210);
#52=PLANE('',#1214);
#53=PLANE('',#1216);
#54=PLANE('',#1218);
#55=PLANE('',#1236);
#56=PLANE('',#1237);
#57=PLANE('',#1238);
#58=PLANE('',#1239);
#59=PLANE('',#1241);
#60=PLANE('',#1242);
#61=PLANE('',#1244);
#62=PLANE('',#1245);
#63=PLANE('',#1249);
#64=PLANE('',#1251);
#65=PLANE('',#1253);
#66=PLANE('',#1255);
#67=PLANE('',#1270);
#68=PLANE('',#1278);
#69=PLANE('',#1281);
#70=PLANE('',#1284);
#71=PLANE('',#1287);
#72=PLANE('',#1290);
#73=PLANE('',#1293);
#74=PLANE('',#1296);
#75=PLANE('',#1297);
#76=PLANE('',#1299);
#77=PLANE('',#1300);
#78=SURFACE_OF_REVOLUTION('',#94,#86);
#79=SURFACE_OF_REVOLUTION('',#98,#87);
#80=SURFACE_OF_REVOLUTION('',#102,#88);
#81=SURFACE_OF_REVOLUTION('',#106,#89);
#82=SURFACE_OF_REVOLUTION('',#162,#90);
#83=SURFACE_OF_REVOLUTION('',#163,#91);
#84=SURFACE_OF_REVOLUTION('',#164,#92);
#85=SURFACE_OF_REVOLUTION('',#177,#93);
#86=AXIS1_PLACEMENT('',#1809,#1320);
#87=AXIS1_PLACEMENT('',#1860,#1333);
#88=AXIS1_PLACEMENT('',#1911,#1346);
#89=AXIS1_PLACEMENT('',#1962,#1359);
#90=AXIS1_PLACEMENT('',#2477,#1536);
#91=AXIS1_PLACEMENT('',#2523,#1542);
#92=AXIS1_PLACEMENT('',#2569,#1548);
#93=AXIS1_PLACEMENT('',#2636,#1568);
#94=LINE('',#1808,#178);
#95=LINE('',#1810,#179);
#96=LINE('',#1815,#180);
#97=LINE('',#1816,#181);
#98=LINE('',#1859,#182);
#99=LINE('',#1861,#183);
#100=LINE('',#1866,#184);
#101=LINE('',#1867,#185);
#102=LINE('',#1910,#186);
#103=LINE('',#1912,#187);
#104=LINE('',#1917,#188);
#105=LINE('',#1918,#189);
#106=LINE('',#1961,#190);
#107=LINE('',#1963,#191);
#108=LINE('',#1968,#192);
#109=LINE('',#1969,#193);
#110=LINE('',#1971,#194);
#111=LINE('',#1974,#195);
#112=LINE('',#1976,#196);
#113=LINE('',#1978,#197);
#114=LINE('',#2010,#198);
#115=LINE('',#2014,#199);
#116=LINE('',#2037,#200);
#117=LINE('',#2041,#201);
#118=LINE('',#2046,#202);
#119=LINE('',#2050,#203);
#120=LINE('',#2106,#204);
#121=LINE('',#2107,#205);
#122=LINE('',#2133,#206);
#123=LINE('',#2137,#207);
#124=LINE('',#2144,#208);
#125=LINE('',#2146,#209);
#126=LINE('',#2147,#210);
#127=LINE('',#2149,#211);
#128=LINE('',#2151,#212);
#129=LINE('',#2153,#213);
#130=LINE('',#2154,#214);
#131=LINE('',#2156,#215);
#132=LINE('',#2158,#216);
#133=LINE('',#2159,#217);
#134=LINE('',#2161,#218);
#135=LINE('',#2162,#219);
#136=LINE('',#2174,#220);
#137=LINE('',#2177,#221);
#138=LINE('',#2179,#222);
#139=LINE('',#2181,#223);
#140=LINE('',#2183,#224);
#141=LINE('',#2187,#225);
#142=LINE('',#2190,#226);
#143=LINE('',#2192,#227);
#144=LINE('',#2194,#228);
#145=LINE('',#2196,#229);
#146=LINE('',#2200,#230);
#147=LINE('',#2204,#231);
#148=LINE('',#2205,#232);
#149=LINE('',#2207,#233);
#150=LINE('',#2209,#234);
#151=LINE('',#2210,#235);
#152=LINE('',#2392,#236);
#153=LINE('',#2394,#237);
#154=LINE('',#2419,#238);
#155=LINE('',#2420,#239);
#156=LINE('',#2422,#240);
#157=LINE('',#2423,#241);
#158=LINE('',#2425,#242);
#159=LINE('',#2426,#243);
#160=LINE('',#2428,#244);
#161=LINE('',#2429,#245);
#162=LINE('',#2476,#246);
#163=LINE('',#2522,#247);
#164=LINE('',#2568,#248);
#165=LINE('',#2570,#249);
#166=LINE('',#2575,#250);
#167=LINE('',#2577,#251);
#168=LINE('',#2579,#252);
#169=LINE('',#2580,#253);
#170=LINE('',#2582,#254);
#171=LINE('',#2584,#255);
#172=LINE('',#2585,#256);
#173=LINE('',#2587,#257);
#174=LINE('',#2589,#258);
#175=LINE('',#2590,#259);
#176=LINE('',#2592,#260);
#177=LINE('',#2635,#261);
#178=VECTOR('',#1319,0.413748157659567);
#179=VECTOR('',#1321,1.);
#180=VECTOR('',#1326,1.);
#181=VECTOR('',#1327,1.);
#182=VECTOR('',#1332,0.413748157659567);
#183=VECTOR('',#1334,1.);
#184=VECTOR('',#1339,1.);
#185=VECTOR('',#1340,1.);
#186=VECTOR('',#1345,0.413748157659567);
#187=VECTOR('',#1347,1.);
#188=VECTOR('',#1352,1.);
#189=VECTOR('',#1353,1.);
#190=VECTOR('',#1358,0.413748157659567);
#191=VECTOR('',#1360,1.);
#192=VECTOR('',#1365,1.);
#193=VECTOR('',#1366,1.);
#194=VECTOR('',#1369,1.);
#195=VECTOR('',#1370,1.);
#196=VECTOR('',#1371,1.);
#197=VECTOR('',#1372,1.);
#198=VECTOR('',#1379,1.);
#199=VECTOR('',#1382,1.);
#200=VECTOR('',#1385,1.);
#201=VECTOR('',#1388,1.);
#202=VECTOR('',#1393,1.);
#203=VECTOR('',#1396,1.);
#204=VECTOR('',#1403,1.);
#205=VECTOR('',#1404,1.);
#206=VECTOR('',#1407,1.);
#207=VECTOR('',#1410,1.);
#208=VECTOR('',#1423,1.);
#209=VECTOR('',#1424,1.);
#210=VECTOR('',#1425,1.);
#211=VECTOR('',#1426,1.);
#212=VECTOR('',#1429,1.);
#213=VECTOR('',#1430,1.);
#214=VECTOR('',#1431,1.);
#215=VECTOR('',#1432,1.);
#216=VECTOR('',#1435,1.);
#217=VECTOR('',#1436,1.);
#218=VECTOR('',#1439,1.);
#219=VECTOR('',#1440,1.);
#220=VECTOR('',#1459,1.);
#221=VECTOR('',#1460,1.);
#222=VECTOR('',#1461,1.);
#223=VECTOR('',#1462,1.);
#224=VECTOR('',#1463,1.);
#225=VECTOR('',#1468,1.);
#226=VECTOR('',#1469,1.);
#227=VECTOR('',#1470,1.);
#228=VECTOR('',#1471,1.);
#229=VECTOR('',#1472,1.);
#230=VECTOR('',#1477,1.);
#231=VECTOR('',#1480,1.);
#232=VECTOR('',#1481,1.);
#233=VECTOR('',#1484,1.);
#234=VECTOR('',#1485,1.);
#235=VECTOR('',#1486,1.);
#236=VECTOR('',#1503,1.);
#237=VECTOR('',#1504,1.);
#238=VECTOR('',#1513,1.);
#239=VECTOR('',#1514,1.);
#240=VECTOR('',#1517,1.);
#241=VECTOR('',#1518,1.);
#242=VECTOR('',#1521,1.);
#243=VECTOR('',#1522,1.);
#244=VECTOR('',#1525,1.);
#245=VECTOR('',#1526,1.);
#246=VECTOR('',#1535,0.413748157659566);
#247=VECTOR('',#1541,0.413748157659566);
#248=VECTOR('',#1547,0.413748157659567);
#249=VECTOR('',#1549,1.);
#250=VECTOR('',#1552,1.);
#251=VECTOR('',#1553,1.);
#252=VECTOR('',#1554,1.);
#253=VECTOR('',#1555,1.);
#254=VECTOR('',#1556,1.);
#255=VECTOR('',#1557,1.);
#256=VECTOR('',#1558,1.);
#257=VECTOR('',#1559,1.);
#258=VECTOR('',#1560,1.);
#259=VECTOR('',#1561,1.);
#260=VECTOR('',#1562,1.);
#261=VECTOR('',#1567,0.413748157659566);
#262=FACE_OUTER_BOUND('',#427,.T.);
#263=FACE_OUTER_BOUND('',#428,.T.);
#264=FACE_OUTER_BOUND('',#429,.T.);
#265=FACE_OUTER_BOUND('',#430,.T.);
#266=FACE_OUTER_BOUND('',#431,.T.);
#267=FACE_OUTER_BOUND('',#432,.T.);
#268=FACE_OUTER_BOUND('',#433,.T.);
#269=FACE_OUTER_BOUND('',#434,.T.);
#270=FACE_OUTER_BOUND('',#435,.T.);
#271=FACE_OUTER_BOUND('',#436,.T.);
#272=FACE_OUTER_BOUND('',#437,.T.);
#273=FACE_OUTER_BOUND('',#438,.T.);
#274=FACE_OUTER_BOUND('',#443,.T.);
#275=FACE_OUTER_BOUND('',#444,.T.);
#276=FACE_OUTER_BOUND('',#445,.T.);
#277=FACE_OUTER_BOUND('',#446,.T.);
#278=FACE_OUTER_BOUND('',#447,.T.);
#279=FACE_OUTER_BOUND('',#448,.T.);
#280=FACE_OUTER_BOUND('',#451,.T.);
#281=FACE_OUTER_BOUND('',#452,.T.);
#282=FACE_OUTER_BOUND('',#453,.T.);
#283=FACE_OUTER_BOUND('',#454,.T.);
#284=FACE_OUTER_BOUND('',#457,.T.);
#285=FACE_OUTER_BOUND('',#460,.T.);
#286=FACE_OUTER_BOUND('',#461,.T.);
#287=FACE_OUTER_BOUND('',#462,.T.);
#288=FACE_OUTER_BOUND('',#463,.T.);
#289=FACE_OUTER_BOUND('',#464,.T.);
#290=FACE_OUTER_BOUND('',#465,.T.);
#291=FACE_OUTER_BOUND('',#466,.T.);
#292=FACE_OUTER_BOUND('',#469,.T.);
#293=FACE_OUTER_BOUND('',#470,.T.);
#294=FACE_OUTER_BOUND('',#471,.T.);
#295=FACE_OUTER_BOUND('',#472,.T.);
#296=FACE_OUTER_BOUND('',#473,.T.);
#297=FACE_OUTER_BOUND('',#474,.T.);
#298=FACE_OUTER_BOUND('',#475,.T.);
#299=FACE_OUTER_BOUND('',#476,.T.);
#300=FACE_OUTER_BOUND('',#477,.T.);
#301=FACE_OUTER_BOUND('',#478,.T.);
#302=FACE_OUTER_BOUND('',#481,.T.);
#303=FACE_OUTER_BOUND('',#482,.T.);
#304=FACE_OUTER_BOUND('',#483,.T.);
#305=FACE_OUTER_BOUND('',#484,.T.);
#306=FACE_OUTER_BOUND('',#485,.T.);
#307=FACE_OUTER_BOUND('',#486,.T.);
#308=FACE_OUTER_BOUND('',#487,.T.);
#309=FACE_OUTER_BOUND('',#488,.T.);
#310=FACE_OUTER_BOUND('',#489,.T.);
#311=FACE_OUTER_BOUND('',#490,.T.);
#312=FACE_OUTER_BOUND('',#495,.T.);
#313=FACE_OUTER_BOUND('',#498,.T.);
#314=FACE_OUTER_BOUND('',#499,.T.);
#315=FACE_OUTER_BOUND('',#500,.T.);
#316=ADVANCED_FACE('',(#403,#404),#381,.F.);
#317=ADVANCED_FACE('',(#262),#78,.T.);
#318=ADVANCED_FACE('',(#263),#49,.T.);
#319=ADVANCED_FACE('',(#264),#382,.F.);
#320=ADVANCED_FACE('',(#265),#79,.T.);
#321=ADVANCED_FACE('',(#266),#50,.T.);
#322=ADVANCED_FACE('',(#267),#383,.F.);
#323=ADVANCED_FACE('',(#268),#80,.T.);
#324=ADVANCED_FACE('',(#269),#51,.T.);
#325=ADVANCED_FACE('',(#270),#384,.F.);
#326=ADVANCED_FACE('',(#271),#81,.T.);
#327=ADVANCED_FACE('',(#272),#52,.T.);
#328=ADVANCED_FACE('',(#273),#385,.F.);
#329=ADVANCED_FACE('',(#405,#406),#53,.F.);
#330=ADVANCED_FACE('',(#407,#408),#54,.F.);
#331=ADVANCED_FACE('',(#274),#386,.F.);
#332=ADVANCED_FACE('',(#275),#387,.F.);
#333=ADVANCED_FACE('',(#276),#388,.F.);
#334=ADVANCED_FACE('',(#277),#47,.F.);
#335=ADVANCED_FACE('',(#278),#389,.F.);
#336=ADVANCED_FACE('',(#279),#390,.F.);
#337=ADVANCED_FACE('',(#409,#410),#391,.F.);
#338=ADVANCED_FACE('',(#280),#55,.F.);
#339=ADVANCED_FACE('',(#281),#56,.T.);
#340=ADVANCED_FACE('',(#282),#57,.F.);
#341=ADVANCED_FACE('',(#283),#58,.F.);
#342=ADVANCED_FACE('',(#411,#412),#59,.F.);
#343=ADVANCED_FACE('',(#284),#60,.F.);
#344=ADVANCED_FACE('',(#413,#414),#61,.F.);
#345=ADVANCED_FACE('',(#285),#62,.F.);
#346=ADVANCED_FACE('',(#286),#43,.T.);
#347=ADVANCED_FACE('',(#287),#44,.T.);
#348=ADVANCED_FACE('',(#288),#63,.F.);
#349=ADVANCED_FACE('',(#289),#64,.F.);
#350=ADVANCED_FACE('',(#290),#65,.T.);
#351=ADVANCED_FACE('',(#291),#66,.F.);
#352=ADVANCED_FACE('',(#415,#416),#392,.F.);
#353=ADVANCED_FACE('',(#292),#393,.F.);
#354=ADVANCED_FACE('',(#293),#48,.F.);
#355=ADVANCED_FACE('',(#294),#394,.F.);
#356=ADVANCED_FACE('',(#295),#395,.F.);
#357=ADVANCED_FACE('',(#296),#396,.F.);
#358=ADVANCED_FACE('',(#297),#397,.F.);
#359=ADVANCED_FACE('',(#298),#67,.F.);
#360=ADVANCED_FACE('',(#299),#82,.T.);
#361=ADVANCED_FACE('',(#300),#83,.T.);
#362=ADVANCED_FACE('',(#301),#84,.T.);
#363=ADVANCED_FACE('',(#417,#418),#68,.F.);
#364=ADVANCED_FACE('',(#302),#85,.T.);
#365=ADVANCED_FACE('',(#303),#69,.F.);
#366=ADVANCED_FACE('',(#304),#398,.F.);
#367=ADVANCED_FACE('',(#305),#70,.T.);
#368=ADVANCED_FACE('',(#306),#399,.F.);
#369=ADVANCED_FACE('',(#307),#71,.T.);
#370=ADVANCED_FACE('',(#308),#400,.F.);
#371=ADVANCED_FACE('',(#309),#72,.T.);
#372=ADVANCED_FACE('',(#310),#401,.F.);
#373=ADVANCED_FACE('',(#311),#73,.T.);
#374=ADVANCED_FACE('',(#419,#420),#402,.F.);
#375=ADVANCED_FACE('',(#421,#422),#74,.T.);
#376=ADVANCED_FACE('',(#312),#75,.T.);
#377=ADVANCED_FACE('',(#423,#424),#76,.T.);
#378=ADVANCED_FACE('',(#313),#77,.T.);
#379=ADVANCED_FACE('',(#314),#45,.F.);
#380=ADVANCED_FACE('',(#315),#46,.F.);
#381=CYLINDRICAL_SURFACE('',#1199,1.5);
#382=CYLINDRICAL_SURFACE('',#1203,1.);
#383=CYLINDRICAL_SURFACE('',#1207,1.);
#384=CYLINDRICAL_SURFACE('',#1211,1.);
#385=CYLINDRICAL_SURFACE('',#1215,1.);
#386=CYLINDRICAL_SURFACE('',#1220,0.35);
#387=CYLINDRICAL_SURFACE('',#1222,0.35);
#388=CYLINDRICAL_SURFACE('',#1225,1.5);
#389=CYLINDRICAL_SURFACE('',#1228,0.35);
#390=CYLINDRICAL_SURFACE('',#1230,0.35);
#391=CYLINDRICAL_SURFACE('',#1235,17.6946900188709);
#392=CYLINDRICAL_SURFACE('',#1261,17.6946900188709);
#393=CYLINDRICAL_SURFACE('',#1263,0.35);
#394=CYLINDRICAL_SURFACE('',#1266,1.5);
#395=CYLINDRICAL_SURFACE('',#1267,0.35);
#396=CYLINDRICAL_SURFACE('',#1268,0.35);
#397=CYLINDRICAL_SURFACE('',#1269,0.35);
#398=CYLINDRICAL_SURFACE('',#1283,1.);
#399=CYLINDRICAL_SURFACE('',#1286,1.);
#400=CYLINDRICAL_SURFACE('',#1289,1.);
#401=CYLINDRICAL_SURFACE('',#1292,1.);
#402=CYLINDRICAL_SURFACE('',#1294,1.5);
#403=FACE_BOUND('',#425,.T.);
#404=FACE_BOUND('',#426,.T.);
#405=FACE_BOUND('',#439,.T.);
#406=FACE_BOUND('',#440,.T.);
#407=FACE_BOUND('',#441,.T.);
#408=FACE_BOUND('',#442,.T.);
#409=FACE_BOUND('',#449,.T.);
#410=FACE_BOUND('',#450,.T.);
#411=FACE_BOUND('',#455,.T.);
#412=FACE_BOUND('',#456,.T.);
#413=FACE_BOUND('',#458,.T.);
#414=FACE_BOUND('',#459,.T.);
#415=FACE_BOUND('',#467,.T.);
#416=FACE_BOUND('',#468,.T.);
#417=FACE_BOUND('',#479,.T.);
#418=FACE_BOUND('',#480,.T.);
#419=FACE_BOUND('',#491,.T.);
#420=FACE_BOUND('',#492,.T.);
#421=FACE_BOUND('',#493,.T.);
#422=FACE_BOUND('',#494,.T.);
#423=FACE_BOUND('',#496,.T.);
#424=FACE_BOUND('',#497,.T.);
#425=EDGE_LOOP('',(#553,#554,#555,#556,#557,#558,#559,#560));
#426=EDGE_LOOP('',(#561));
#427=EDGE_LOOP('',(#562,#563,#564,#565));
#428=EDGE_LOOP('',(#566,#567));
#429=EDGE_LOOP('',(#568,#569,#570,#571,#572,#573));
#430=EDGE_LOOP('',(#574,#575,#576,#577));
#431=EDGE_LOOP('',(#578,#579));
#432=EDGE_LOOP('',(#580,#581,#582,#583,#584,#585));
#433=EDGE_LOOP('',(#586,#587,#588,#589));
#434=EDGE_LOOP('',(#590,#591));
#435=EDGE_LOOP('',(#592,#593,#594,#595,#596,#597));
#436=EDGE_LOOP('',(#598,#599,#600,#601));
#437=EDGE_LOOP('',(#602,#603));
#438=EDGE_LOOP('',(#604,#605,#606,#607,#608,#609));
#439=EDGE_LOOP('',(#610));
#440=EDGE_LOOP('',(#611,#612,#613,#614));
#441=EDGE_LOOP('',(#615,#616,#617,#618,#619,#620,#621,#622,#623,#624,#625,
#626,#627,#628,#629,#630));
#442=EDGE_LOOP('',(#631));
#443=EDGE_LOOP('',(#632,#633,#634,#635));
#444=EDGE_LOOP('',(#636,#637,#638,#639));
#445=EDGE_LOOP('',(#640,#641,#642,#643));
#446=EDGE_LOOP('',(#644,#645,#646,#647));
#447=EDGE_LOOP('',(#648,#649,#650,#651));
#448=EDGE_LOOP('',(#652,#653,#654,#655));
#449=EDGE_LOOP('',(#656,#657,#658,#659,#660,#661,#662,#663));
#450=EDGE_LOOP('',(#664));
#451=EDGE_LOOP('',(#665,#666,#667,#668,#669,#670));
#452=EDGE_LOOP('',(#671,#672,#673,#674,#675,#676));
#453=EDGE_LOOP('',(#677,#678,#679,#680,#681,#682));
#454=EDGE_LOOP('',(#683,#684,#685,#686,#687,#688));
#455=EDGE_LOOP('',(#689));
#456=EDGE_LOOP('',(#690,#691,#692,#693,#694,#695,#696));
#457=EDGE_LOOP('',(#697,#698,#699,#700,#701));
#458=EDGE_LOOP('',(#702));
#459=EDGE_LOOP('',(#703,#704,#705,#706,#707));
#460=EDGE_LOOP('',(#708,#709,#710,#711,#712,#713,#714));
#461=EDGE_LOOP('',(#715));
#462=EDGE_LOOP('',(#716));
#463=EDGE_LOOP('',(#717,#718,#719,#720,#721,#722));
#464=EDGE_LOOP('',(#723,#724,#725,#726,#727,#728));
#465=EDGE_LOOP('',(#729,#730,#731,#732,#733,#734));
#466=EDGE_LOOP('',(#735,#736,#737,#738,#739,#740));
#467=EDGE_LOOP('',(#741));
#468=EDGE_LOOP('',(#742,#743,#744,#745,#746,#747,#748,#749));
#469=EDGE_LOOP('',(#750,#751,#752,#753));
#470=EDGE_LOOP('',(#754,#755,#756,#757));
#471=EDGE_LOOP('',(#758,#759,#760,#761));
#472=EDGE_LOOP('',(#762,#763,#764,#765));
#473=EDGE_LOOP('',(#766,#767,#768,#769));
#474=EDGE_LOOP('',(#770,#771,#772,#773));
#475=EDGE_LOOP('',(#774,#775,#776,#777));
#476=EDGE_LOOP('',(#778,#779,#780,#781));
#477=EDGE_LOOP('',(#782,#783,#784,#785));
#478=EDGE_LOOP('',(#786,#787,#788,#789));
#479=EDGE_LOOP('',(#790,#791,#792,#793,#794,#795,#796,#797,#798,#799,#800,
#801,#802,#803,#804,#805));
#480=EDGE_LOOP('',(#806));
#481=EDGE_LOOP('',(#807,#808,#809,#810));
#482=EDGE_LOOP('',(#811));
#483=EDGE_LOOP('',(#812,#813,#814,#815,#816,#817));
#484=EDGE_LOOP('',(#818,#819));
#485=EDGE_LOOP('',(#820,#821,#822,#823,#824,#825));
#486=EDGE_LOOP('',(#826,#827));
#487=EDGE_LOOP('',(#828,#829,#830,#831,#832,#833));
#488=EDGE_LOOP('',(#834,#835));
#489=EDGE_LOOP('',(#836,#837,#838,#839,#840,#841));
#490=EDGE_LOOP('',(#842,#843));
#491=EDGE_LOOP('',(#844));
#492=EDGE_LOOP('',(#845,#846,#847,#848,#849,#850,#851,#852));
#493=EDGE_LOOP('',(#853));
#494=EDGE_LOOP('',(#854,#855,#856,#857,#858,#859,#860));
#495=EDGE_LOOP('',(#861,#862,#863,#864,#865));
#496=EDGE_LOOP('',(#866));
#497=EDGE_LOOP('',(#867,#868,#869,#870,#871));
#498=EDGE_LOOP('',(#872,#873,#874,#875,#876,#877,#878));
#499=EDGE_LOOP('',(#879));
#500=EDGE_LOOP('',(#880));
#501=CIRCLE('',#1194,1.5);
#502=CIRCLE('',#1195,1.5);
#503=CIRCLE('',#1196,1.5);
#504=CIRCLE('',#1197,1.5);
#505=CIRCLE('',#1198,1.5);
#506=CIRCLE('',#1200,1.55435110414302);
#507=CIRCLE('',#1201,1.);
#508=CIRCLE('',#1204,1.55435110414302);
#509=CIRCLE('',#1205,1.);
#510=CIRCLE('',#1208,1.55435110414302);
#511=CIRCLE('',#1209,1.);
#512=CIRCLE('',#1212,1.55435110414302);
#513=CIRCLE('',#1213,1.);
#514=CIRCLE('',#1217,17.6946900188709);
#515=CIRCLE('',#1219,0.35);
#516=CIRCLE('',#1221,0.35);
#517=CIRCLE('',#1223,1.5);
#518=CIRCLE('',#1224,1.5);
#519=CIRCLE('',#1226,0.35);
#520=CIRCLE('',#1229,0.35);
#521=CIRCLE('',#1231,17.6946900188709);
#522=CIRCLE('',#1232,17.6946900188709);
#523=CIRCLE('',#1233,17.6946900188709);
#524=CIRCLE('',#1234,17.6946900188709);
#525=CIRCLE('',#1240,3.5);
#526=CIRCLE('',#1243,3.5);
#527=CIRCLE('',#1248,1.5);
#528=CIRCLE('',#1250,0.35);
#529=CIRCLE('',#1252,0.35);
#530=CIRCLE('',#1254,0.35);
#531=CIRCLE('',#1256,17.6946900188709);
#532=CIRCLE('',#1257,17.6946900188709);
#533=CIRCLE('',#1258,17.6946900188709);
#534=CIRCLE('',#1259,17.6946900188709);
#535=CIRCLE('',#1260,17.6946900188709);
#536=CIRCLE('',#1262,0.35);
#537=CIRCLE('',#1264,1.5);
#538=CIRCLE('',#1271,1.55435108271722);
#539=CIRCLE('',#1272,1.5);
#540=CIRCLE('',#1273,1.55435108271722);
#541=CIRCLE('',#1274,1.5);
#542=CIRCLE('',#1275,1.55435108271722);
#543=CIRCLE('',#1276,1.5);
#544=CIRCLE('',#1277,1.55435108271722);
#545=CIRCLE('',#1279,1.5);
#546=CIRCLE('',#1280,1.5);
#547=CIRCLE('',#1282,1.);
#548=CIRCLE('',#1285,1.);
#549=CIRCLE('',#1288,1.);
#550=CIRCLE('',#1291,1.);
#551=CIRCLE('',#1295,3.5);
#552=CIRCLE('',#1298,3.5);
#553=ORIENTED_EDGE('',*,*,#993,.T.);
#554=ORIENTED_EDGE('',*,*,#994,.T.);
#555=ORIENTED_EDGE('',*,*,#995,.T.);
#556=ORIENTED_EDGE('',*,*,#996,.T.);
#557=ORIENTED_EDGE('',*,*,#997,.T.);
#558=ORIENTED_EDGE('',*,*,#998,.T.);
#559=ORIENTED_EDGE('',*,*,#999,.T.);
#560=ORIENTED_EDGE('',*,*,#1000,.T.);
#561=ORIENTED_EDGE('',*,*,#1001,.F.);
#562=ORIENTED_EDGE('',*,*,#1002,.F.);
#563=ORIENTED_EDGE('',*,*,#1003,.T.);
#564=ORIENTED_EDGE('',*,*,#1004,.F.);
#565=ORIENTED_EDGE('',*,*,#998,.F.);
#566=ORIENTED_EDGE('',*,*,#1005,.F.);
#567=ORIENTED_EDGE('',*,*,#1006,.T.);
#568=ORIENTED_EDGE('',*,*,#1007,.T.);
#569=ORIENTED_EDGE('',*,*,#1006,.F.);
#570=ORIENTED_EDGE('',*,*,#1008,.T.);
#571=ORIENTED_EDGE('',*,*,#1009,.T.);
#572=ORIENTED_EDGE('',*,*,#999,.F.);
#573=ORIENTED_EDGE('',*,*,#1004,.T.);
#574=ORIENTED_EDGE('',*,*,#1010,.F.);
#575=ORIENTED_EDGE('',*,*,#1000,.F.);
#576=ORIENTED_EDGE('',*,*,#1009,.F.);
#577=ORIENTED_EDGE('',*,*,#1011,.T.);
#578=ORIENTED_EDGE('',*,*,#1012,.F.);
#579=ORIENTED_EDGE('',*,*,#1013,.T.);
#580=ORIENTED_EDGE('',*,*,#1014,.T.);
#581=ORIENTED_EDGE('',*,*,#1013,.F.);
#582=ORIENTED_EDGE('',*,*,#1015,.T.);
#583=ORIENTED_EDGE('',*,*,#1016,.T.);
#584=ORIENTED_EDGE('',*,*,#993,.F.);
#585=ORIENTED_EDGE('',*,*,#1010,.T.);
#586=ORIENTED_EDGE('',*,*,#1017,.F.);
#587=ORIENTED_EDGE('',*,*,#994,.F.);
#588=ORIENTED_EDGE('',*,*,#1016,.F.);
#589=ORIENTED_EDGE('',*,*,#1018,.T.);
#590=ORIENTED_EDGE('',*,*,#1019,.F.);
#591=ORIENTED_EDGE('',*,*,#1020,.T.);
#592=ORIENTED_EDGE('',*,*,#995,.F.);
#593=ORIENTED_EDGE('',*,*,#1017,.T.);
#594=ORIENTED_EDGE('',*,*,#1021,.T.);
#595=ORIENTED_EDGE('',*,*,#1020,.F.);
#596=ORIENTED_EDGE('',*,*,#1022,.T.);
#597=ORIENTED_EDGE('',*,*,#1023,.T.);
#598=ORIENTED_EDGE('',*,*,#1024,.F.);
#599=ORIENTED_EDGE('',*,*,#996,.F.);
#600=ORIENTED_EDGE('',*,*,#1023,.F.);
#601=ORIENTED_EDGE('',*,*,#1025,.T.);
#602=ORIENTED_EDGE('',*,*,#1026,.F.);
#603=ORIENTED_EDGE('',*,*,#1027,.T.);
#604=ORIENTED_EDGE('',*,*,#997,.F.);
#605=ORIENTED_EDGE('',*,*,#1024,.T.);
#606=ORIENTED_EDGE('',*,*,#1028,.T.);
#607=ORIENTED_EDGE('',*,*,#1027,.F.);
#608=ORIENTED_EDGE('',*,*,#1029,.T.);
#609=ORIENTED_EDGE('',*,*,#1002,.T.);
#610=ORIENTED_EDGE('',*,*,#1001,.T.);
#611=ORIENTED_EDGE('',*,*,#1030,.T.);
#612=ORIENTED_EDGE('',*,*,#1031,.F.);
#613=ORIENTED_EDGE('',*,*,#1032,.F.);
#614=ORIENTED_EDGE('',*,*,#1033,.T.);
#615=ORIENTED_EDGE('',*,*,#1029,.F.);
#616=ORIENTED_EDGE('',*,*,#1026,.T.);
#617=ORIENTED_EDGE('',*,*,#1028,.F.);
#618=ORIENTED_EDGE('',*,*,#1025,.F.);
#619=ORIENTED_EDGE('',*,*,#1022,.F.);
#620=ORIENTED_EDGE('',*,*,#1019,.T.);
#621=ORIENTED_EDGE('',*,*,#1021,.F.);
#622=ORIENTED_EDGE('',*,*,#1018,.F.);
#623=ORIENTED_EDGE('',*,*,#1015,.F.);
#624=ORIENTED_EDGE('',*,*,#1012,.T.);
#625=ORIENTED_EDGE('',*,*,#1014,.F.);
#626=ORIENTED_EDGE('',*,*,#1011,.F.);
#627=ORIENTED_EDGE('',*,*,#1008,.F.);
#628=ORIENTED_EDGE('',*,*,#1005,.T.);
#629=ORIENTED_EDGE('',*,*,#1007,.F.);
#630=ORIENTED_EDGE('',*,*,#1003,.F.);
#631=ORIENTED_EDGE('',*,*,#1034,.T.);
#632=ORIENTED_EDGE('',*,*,#1035,.F.);
#633=ORIENTED_EDGE('',*,*,#1036,.T.);
#634=ORIENTED_EDGE('',*,*,#1037,.F.);
#635=ORIENTED_EDGE('',*,*,#1038,.T.);
#636=ORIENTED_EDGE('',*,*,#1039,.F.);
#637=ORIENTED_EDGE('',*,*,#1040,.T.);
#638=ORIENTED_EDGE('',*,*,#1041,.F.);
#639=ORIENTED_EDGE('',*,*,#1042,.T.);
#640=ORIENTED_EDGE('',*,*,#1043,.F.);
#641=ORIENTED_EDGE('',*,*,#1044,.T.);
#642=ORIENTED_EDGE('',*,*,#1045,.F.);
#643=ORIENTED_EDGE('',*,*,#1046,.T.);
#644=ORIENTED_EDGE('',*,*,#1043,.T.);
#645=ORIENTED_EDGE('',*,*,#1047,.T.);
#646=ORIENTED_EDGE('',*,*,#1048,.F.);
#647=ORIENTED_EDGE('',*,*,#1049,.T.);
#648=ORIENTED_EDGE('',*,*,#1050,.F.);
#649=ORIENTED_EDGE('',*,*,#1051,.T.);
#650=ORIENTED_EDGE('',*,*,#1048,.T.);
#651=ORIENTED_EDGE('',*,*,#1052,.T.);
#652=ORIENTED_EDGE('',*,*,#1053,.F.);
#653=ORIENTED_EDGE('',*,*,#1054,.F.);
#654=ORIENTED_EDGE('',*,*,#1055,.F.);
#655=ORIENTED_EDGE('',*,*,#1056,.F.);
#656=ORIENTED_EDGE('',*,*,#1053,.T.);
#657=ORIENTED_EDGE('',*,*,#1057,.T.);
#658=ORIENTED_EDGE('',*,*,#1050,.T.);
#659=ORIENTED_EDGE('',*,*,#1058,.T.);
#660=ORIENTED_EDGE('',*,*,#1039,.T.);
#661=ORIENTED_EDGE('',*,*,#1059,.T.);
#662=ORIENTED_EDGE('',*,*,#1035,.T.);
#663=ORIENTED_EDGE('',*,*,#1060,.T.);
#664=ORIENTED_EDGE('',*,*,#1034,.F.);
#665=ORIENTED_EDGE('',*,*,#1061,.F.);
#666=ORIENTED_EDGE('',*,*,#1062,.T.);
#667=ORIENTED_EDGE('',*,*,#1055,.T.);
#668=ORIENTED_EDGE('',*,*,#1063,.T.);
#669=ORIENTED_EDGE('',*,*,#1064,.F.);
#670=ORIENTED_EDGE('',*,*,#1030,.F.);
#671=ORIENTED_EDGE('',*,*,#1065,.T.);
#672=ORIENTED_EDGE('',*,*,#1066,.T.);
#673=ORIENTED_EDGE('',*,*,#1032,.T.);
#674=ORIENTED_EDGE('',*,*,#1067,.T.);
#675=ORIENTED_EDGE('',*,*,#1068,.T.);
#676=ORIENTED_EDGE('',*,*,#1041,.T.);
#677=ORIENTED_EDGE('',*,*,#1064,.T.);
#678=ORIENTED_EDGE('',*,*,#1069,.T.);
#679=ORIENTED_EDGE('',*,*,#1037,.T.);
#680=ORIENTED_EDGE('',*,*,#1070,.T.);
#681=ORIENTED_EDGE('',*,*,#1067,.F.);
#682=ORIENTED_EDGE('',*,*,#1031,.T.);
#683=ORIENTED_EDGE('',*,*,#1066,.F.);
#684=ORIENTED_EDGE('',*,*,#1071,.F.);
#685=ORIENTED_EDGE('',*,*,#1045,.T.);
#686=ORIENTED_EDGE('',*,*,#1072,.F.);
#687=ORIENTED_EDGE('',*,*,#1061,.T.);
#688=ORIENTED_EDGE('',*,*,#1033,.F.);
#689=ORIENTED_EDGE('',*,*,#1073,.F.);
#690=ORIENTED_EDGE('',*,*,#1057,.F.);
#691=ORIENTED_EDGE('',*,*,#1056,.T.);
#692=ORIENTED_EDGE('',*,*,#1062,.F.);
#693=ORIENTED_EDGE('',*,*,#1072,.T.);
#694=ORIENTED_EDGE('',*,*,#1044,.F.);
#695=ORIENTED_EDGE('',*,*,#1049,.F.);
#696=ORIENTED_EDGE('',*,*,#1051,.F.);
#697=ORIENTED_EDGE('',*,*,#1069,.F.);
#698=ORIENTED_EDGE('',*,*,#1063,.F.);
#699=ORIENTED_EDGE('',*,*,#1054,.T.);
#700=ORIENTED_EDGE('',*,*,#1060,.F.);
#701=ORIENTED_EDGE('',*,*,#1038,.F.);
#702=ORIENTED_EDGE('',*,*,#1074,.F.);
#703=ORIENTED_EDGE('',*,*,#1068,.F.);
#704=ORIENTED_EDGE('',*,*,#1070,.F.);
#705=ORIENTED_EDGE('',*,*,#1036,.F.);
#706=ORIENTED_EDGE('',*,*,#1059,.F.);
#707=ORIENTED_EDGE('',*,*,#1042,.F.);
#708=ORIENTED_EDGE('',*,*,#1047,.F.);
#709=ORIENTED_EDGE('',*,*,#1046,.F.);
#710=ORIENTED_EDGE('',*,*,#1071,.T.);
#711=ORIENTED_EDGE('',*,*,#1065,.F.);
#712=ORIENTED_EDGE('',*,*,#1040,.F.);
#713=ORIENTED_EDGE('',*,*,#1058,.F.);
#714=ORIENTED_EDGE('',*,*,#1052,.F.);
#715=ORIENTED_EDGE('',*,*,#1074,.T.);
#716=ORIENTED_EDGE('',*,*,#1073,.T.);
#717=ORIENTED_EDGE('',*,*,#1075,.F.);
#718=ORIENTED_EDGE('',*,*,#1076,.F.);
#719=ORIENTED_EDGE('',*,*,#1077,.T.);
#720=ORIENTED_EDGE('',*,*,#1078,.T.);
#721=ORIENTED_EDGE('',*,*,#1079,.F.);
#722=ORIENTED_EDGE('',*,*,#1080,.T.);
#723=ORIENTED_EDGE('',*,*,#1081,.T.);
#724=ORIENTED_EDGE('',*,*,#1082,.T.);
#725=ORIENTED_EDGE('',*,*,#1083,.F.);
#726=ORIENTED_EDGE('',*,*,#1084,.F.);
#727=ORIENTED_EDGE('',*,*,#1085,.T.);
#728=ORIENTED_EDGE('',*,*,#1086,.T.);
#729=ORIENTED_EDGE('',*,*,#1076,.T.);
#730=ORIENTED_EDGE('',*,*,#1087,.T.);
#731=ORIENTED_EDGE('',*,*,#1088,.T.);
#732=ORIENTED_EDGE('',*,*,#1089,.T.);
#733=ORIENTED_EDGE('',*,*,#1084,.T.);
#734=ORIENTED_EDGE('',*,*,#1090,.T.);
#735=ORIENTED_EDGE('',*,*,#1091,.T.);
#736=ORIENTED_EDGE('',*,*,#1078,.F.);
#737=ORIENTED_EDGE('',*,*,#1092,.F.);
#738=ORIENTED_EDGE('',*,*,#1082,.F.);
#739=ORIENTED_EDGE('',*,*,#1093,.T.);
#740=ORIENTED_EDGE('',*,*,#1094,.T.);
#741=ORIENTED_EDGE('',*,*,#1095,.T.);
#742=ORIENTED_EDGE('',*,*,#1096,.T.);
#743=ORIENTED_EDGE('',*,*,#1097,.T.);
#744=ORIENTED_EDGE('',*,*,#1098,.T.);
#745=ORIENTED_EDGE('',*,*,#1099,.T.);
#746=ORIENTED_EDGE('',*,*,#1100,.T.);
#747=ORIENTED_EDGE('',*,*,#1101,.T.);
#748=ORIENTED_EDGE('',*,*,#1102,.T.);
#749=ORIENTED_EDGE('',*,*,#1103,.T.);
#750=ORIENTED_EDGE('',*,*,#1104,.T.);
#751=ORIENTED_EDGE('',*,*,#1103,.F.);
#752=ORIENTED_EDGE('',*,*,#1105,.T.);
#753=ORIENTED_EDGE('',*,*,#1106,.T.);
#754=ORIENTED_EDGE('',*,*,#1107,.T.);
#755=ORIENTED_EDGE('',*,*,#1108,.T.);
#756=ORIENTED_EDGE('',*,*,#1109,.T.);
#757=ORIENTED_EDGE('',*,*,#1106,.F.);
#758=ORIENTED_EDGE('',*,*,#1110,.T.);
#759=ORIENTED_EDGE('',*,*,#1108,.F.);
#760=ORIENTED_EDGE('',*,*,#1111,.T.);
#761=ORIENTED_EDGE('',*,*,#1080,.F.);
#762=ORIENTED_EDGE('',*,*,#1112,.T.);
#763=ORIENTED_EDGE('',*,*,#1101,.F.);
#764=ORIENTED_EDGE('',*,*,#1113,.T.);
#765=ORIENTED_EDGE('',*,*,#1088,.F.);
#766=ORIENTED_EDGE('',*,*,#1114,.T.);
#767=ORIENTED_EDGE('',*,*,#1099,.F.);
#768=ORIENTED_EDGE('',*,*,#1115,.T.);
#769=ORIENTED_EDGE('',*,*,#1086,.F.);
#770=ORIENTED_EDGE('',*,*,#1116,.F.);
#771=ORIENTED_EDGE('',*,*,#1097,.F.);
#772=ORIENTED_EDGE('',*,*,#1117,.F.);
#773=ORIENTED_EDGE('',*,*,#1094,.F.);
#774=ORIENTED_EDGE('',*,*,#1092,.T.);
#775=ORIENTED_EDGE('',*,*,#1077,.F.);
#776=ORIENTED_EDGE('',*,*,#1090,.F.);
#777=ORIENTED_EDGE('',*,*,#1083,.T.);
#778=ORIENTED_EDGE('',*,*,#1118,.F.);
#779=ORIENTED_EDGE('',*,*,#1119,.F.);
#780=ORIENTED_EDGE('',*,*,#1120,.F.);
#781=ORIENTED_EDGE('',*,*,#1121,.T.);
#782=ORIENTED_EDGE('',*,*,#1122,.F.);
#783=ORIENTED_EDGE('',*,*,#1123,.F.);
#784=ORIENTED_EDGE('',*,*,#1124,.F.);
#785=ORIENTED_EDGE('',*,*,#1125,.T.);
#786=ORIENTED_EDGE('',*,*,#1126,.F.);
#787=ORIENTED_EDGE('',*,*,#1127,.F.);
#788=ORIENTED_EDGE('',*,*,#1128,.F.);
#789=ORIENTED_EDGE('',*,*,#1129,.T.);
#790=ORIENTED_EDGE('',*,*,#1130,.F.);
#791=ORIENTED_EDGE('',*,*,#1131,.T.);
#792=ORIENTED_EDGE('',*,*,#1132,.F.);
#793=ORIENTED_EDGE('',*,*,#1133,.T.);
#794=ORIENTED_EDGE('',*,*,#1134,.F.);
#795=ORIENTED_EDGE('',*,*,#1127,.T.);
#796=ORIENTED_EDGE('',*,*,#1135,.F.);
#797=ORIENTED_EDGE('',*,*,#1136,.T.);
#798=ORIENTED_EDGE('',*,*,#1137,.F.);
#799=ORIENTED_EDGE('',*,*,#1123,.T.);
#800=ORIENTED_EDGE('',*,*,#1138,.F.);
#801=ORIENTED_EDGE('',*,*,#1139,.T.);
#802=ORIENTED_EDGE('',*,*,#1140,.F.);
#803=ORIENTED_EDGE('',*,*,#1119,.T.);
#804=ORIENTED_EDGE('',*,*,#1141,.F.);
#805=ORIENTED_EDGE('',*,*,#1142,.T.);
#806=ORIENTED_EDGE('',*,*,#1095,.F.);
#807=ORIENTED_EDGE('',*,*,#1143,.F.);
#808=ORIENTED_EDGE('',*,*,#1144,.T.);
#809=ORIENTED_EDGE('',*,*,#1145,.F.);
#810=ORIENTED_EDGE('',*,*,#1131,.F.);
#811=ORIENTED_EDGE('',*,*,#1146,.T.);
#812=ORIENTED_EDGE('',*,*,#1145,.T.);
#813=ORIENTED_EDGE('',*,*,#1147,.F.);
#814=ORIENTED_EDGE('',*,*,#1128,.T.);
#815=ORIENTED_EDGE('',*,*,#1134,.T.);
#816=ORIENTED_EDGE('',*,*,#1148,.F.);
#817=ORIENTED_EDGE('',*,*,#1132,.T.);
#818=ORIENTED_EDGE('',*,*,#1133,.F.);
#819=ORIENTED_EDGE('',*,*,#1148,.T.);
#820=ORIENTED_EDGE('',*,*,#1118,.T.);
#821=ORIENTED_EDGE('',*,*,#1149,.F.);
#822=ORIENTED_EDGE('',*,*,#1143,.T.);
#823=ORIENTED_EDGE('',*,*,#1130,.T.);
#824=ORIENTED_EDGE('',*,*,#1150,.F.);
#825=ORIENTED_EDGE('',*,*,#1141,.T.);
#826=ORIENTED_EDGE('',*,*,#1142,.F.);
#827=ORIENTED_EDGE('',*,*,#1150,.T.);
#828=ORIENTED_EDGE('',*,*,#1122,.T.);
#829=ORIENTED_EDGE('',*,*,#1151,.F.);
#830=ORIENTED_EDGE('',*,*,#1120,.T.);
#831=ORIENTED_EDGE('',*,*,#1140,.T.);
#832=ORIENTED_EDGE('',*,*,#1152,.F.);
#833=ORIENTED_EDGE('',*,*,#1138,.T.);
#834=ORIENTED_EDGE('',*,*,#1139,.F.);
#835=ORIENTED_EDGE('',*,*,#1152,.T.);
#836=ORIENTED_EDGE('',*,*,#1126,.T.);
#837=ORIENTED_EDGE('',*,*,#1153,.F.);
#838=ORIENTED_EDGE('',*,*,#1124,.T.);
#839=ORIENTED_EDGE('',*,*,#1137,.T.);
#840=ORIENTED_EDGE('',*,*,#1154,.F.);
#841=ORIENTED_EDGE('',*,*,#1135,.T.);
#842=ORIENTED_EDGE('',*,*,#1136,.F.);
#843=ORIENTED_EDGE('',*,*,#1154,.T.);
#844=ORIENTED_EDGE('',*,*,#1146,.F.);
#845=ORIENTED_EDGE('',*,*,#1129,.F.);
#846=ORIENTED_EDGE('',*,*,#1147,.T.);
#847=ORIENTED_EDGE('',*,*,#1144,.F.);
#848=ORIENTED_EDGE('',*,*,#1149,.T.);
#849=ORIENTED_EDGE('',*,*,#1121,.F.);
#850=ORIENTED_EDGE('',*,*,#1151,.T.);
#851=ORIENTED_EDGE('',*,*,#1125,.F.);
#852=ORIENTED_EDGE('',*,*,#1153,.T.);
#853=ORIENTED_EDGE('',*,*,#1155,.F.);
#854=ORIENTED_EDGE('',*,*,#1096,.F.);
#855=ORIENTED_EDGE('',*,*,#1104,.F.);
#856=ORIENTED_EDGE('',*,*,#1109,.F.);
#857=ORIENTED_EDGE('',*,*,#1110,.F.);
#858=ORIENTED_EDGE('',*,*,#1079,.T.);
#859=ORIENTED_EDGE('',*,*,#1091,.F.);
#860=ORIENTED_EDGE('',*,*,#1117,.T.);
#861=ORIENTED_EDGE('',*,*,#1081,.F.);
#862=ORIENTED_EDGE('',*,*,#1115,.F.);
#863=ORIENTED_EDGE('',*,*,#1098,.F.);
#864=ORIENTED_EDGE('',*,*,#1116,.T.);
#865=ORIENTED_EDGE('',*,*,#1093,.F.);
#866=ORIENTED_EDGE('',*,*,#1156,.F.);
#867=ORIENTED_EDGE('',*,*,#1089,.F.);
#868=ORIENTED_EDGE('',*,*,#1113,.F.);
#869=ORIENTED_EDGE('',*,*,#1100,.F.);
#870=ORIENTED_EDGE('',*,*,#1114,.F.);
#871=ORIENTED_EDGE('',*,*,#1085,.F.);
#872=ORIENTED_EDGE('',*,*,#1107,.F.);
#873=ORIENTED_EDGE('',*,*,#1105,.F.);
#874=ORIENTED_EDGE('',*,*,#1102,.F.);
#875=ORIENTED_EDGE('',*,*,#1112,.F.);
#876=ORIENTED_EDGE('',*,*,#1087,.F.);
#877=ORIENTED_EDGE('',*,*,#1075,.T.);
#878=ORIENTED_EDGE('',*,*,#1111,.F.);
#879=ORIENTED_EDGE('',*,*,#1156,.T.);
#880=ORIENTED_EDGE('',*,*,#1155,.T.);
#881=VERTEX_POINT('',#1650);
#882=VERTEX_POINT('',#1651);
#883=VERTEX_POINT('',#1653);
#884=VERTEX_POINT('',#1688);
#885=VERTEX_POINT('',#1690);
#886=VERTEX_POINT('',#1725);
#887=VERTEX_POINT('',#1727);
#888=VERTEX_POINT('',#1762);
#889=VERTEX_POINT('',#1765);
#890=VERTEX_POINT('',#1786);
#891=VERTEX_POINT('',#1788);
#892=VERTEX_POINT('',#1811);
#893=VERTEX_POINT('',#1812);
#894=VERTEX_POINT('',#1817);
#895=VERTEX_POINT('',#1857);
#896=VERTEX_POINT('',#1862);
#897=VERTEX_POINT('',#1863);
#898=VERTEX_POINT('',#1868);
#899=VERTEX_POINT('',#1908);
#900=VERTEX_POINT('',#1913);
#901=VERTEX_POINT('',#1914);
#902=VERTEX_POINT('',#1919);
#903=VERTEX_POINT('',#1959);
#904=VERTEX_POINT('',#1964);
#905=VERTEX_POINT('',#1965);
#906=VERTEX_POINT('',#1972);
#907=VERTEX_POINT('',#1973);
#908=VERTEX_POINT('',#1975);
#909=VERTEX_POINT('',#1977);
#910=VERTEX_POINT('',#1981);
#911=VERTEX_POINT('',#2008);
#912=VERTEX_POINT('',#2009);
#913=VERTEX_POINT('',#2011);
#914=VERTEX_POINT('',#2013);
#915=VERTEX_POINT('',#2035);
#916=VERTEX_POINT('',#2036);
#917=VERTEX_POINT('',#2038);
#918=VERTEX_POINT('',#2040);
#919=VERTEX_POINT('',#2044);
#920=VERTEX_POINT('',#2045);
#921=VERTEX_POINT('',#2047);
#922=VERTEX_POINT('',#2049);
#923=VERTEX_POINT('',#2062);
#924=VERTEX_POINT('',#2064);
#925=VERTEX_POINT('',#2104);
#926=VERTEX_POINT('',#2105);
#927=VERTEX_POINT('',#2131);
#928=VERTEX_POINT('',#2132);
#929=VERTEX_POINT('',#2134);
#930=VERTEX_POINT('',#2136);
#931=VERTEX_POINT('',#2145);
#932=VERTEX_POINT('',#2148);
#933=VERTEX_POINT('',#2152);
#934=VERTEX_POINT('',#2155);
#935=VERTEX_POINT('',#2165);
#936=VERTEX_POINT('',#2169);
#937=VERTEX_POINT('',#2175);
#938=VERTEX_POINT('',#2176);
#939=VERTEX_POINT('',#2178);
#940=VERTEX_POINT('',#2180);
#941=VERTEX_POINT('',#2182);
#942=VERTEX_POINT('',#2184);
#943=VERTEX_POINT('',#2188);
#944=VERTEX_POINT('',#2189);
#945=VERTEX_POINT('',#2191);
#946=VERTEX_POINT('',#2193);
#947=VERTEX_POINT('',#2195);
#948=VERTEX_POINT('',#2197);
#949=VERTEX_POINT('',#2201);
#950=VERTEX_POINT('',#2203);
#951=VERTEX_POINT('',#2208);
#952=VERTEX_POINT('',#2211);
#953=VERTEX_POINT('',#2215);
#954=VERTEX_POINT('',#2217);
#955=VERTEX_POINT('',#2218);
#956=VERTEX_POINT('',#2262);
#957=VERTEX_POINT('',#2264);
#958=VERTEX_POINT('',#2305);
#959=VERTEX_POINT('',#2307);
#960=VERTEX_POINT('',#2354);
#961=VERTEX_POINT('',#2356);
#962=VERTEX_POINT('',#2393);
#963=VERTEX_POINT('',#2395);
#964=VERTEX_POINT('',#2408);
#965=VERTEX_POINT('',#2410);
#966=VERTEX_POINT('',#2451);
#967=VERTEX_POINT('',#2452);
#968=VERTEX_POINT('',#2454);
#969=VERTEX_POINT('',#2474);
#970=VERTEX_POINT('',#2497);
#971=VERTEX_POINT('',#2498);
#972=VERTEX_POINT('',#2500);
#973=VERTEX_POINT('',#2520);
#974=VERTEX_POINT('',#2543);
#975=VERTEX_POINT('',#2544);
#976=VERTEX_POINT('',#2546);
#977=VERTEX_POINT('',#2566);
#978=VERTEX_POINT('',#2571);
#979=VERTEX_POINT('',#2572);
#980=VERTEX_POINT('',#2574);
#981=VERTEX_POINT('',#2576);
#982=VERTEX_POINT('',#2578);
#983=VERTEX_POINT('',#2581);
#984=VERTEX_POINT('',#2583);
#985=VERTEX_POINT('',#2586);
#986=VERTEX_POINT('',#2588);
#987=VERTEX_POINT('',#2591);
#988=VERTEX_POINT('',#2613);
#989=VERTEX_POINT('',#2615);
#990=VERTEX_POINT('',#2638);
#991=VERTEX_POINT('',#2790);
#992=VERTEX_POINT('',#2794);
#993=EDGE_CURVE('',#881,#882,#1157,.T.);
#994=EDGE_CURVE('',#882,#883,#501,.T.);
#995=EDGE_CURVE('',#883,#884,#1158,.T.);
#996=EDGE_CURVE('',#884,#885,#502,.T.);
#997=EDGE_CURVE('',#885,#886,#1159,.T.);
#998=EDGE_CURVE('',#886,#887,#503,.T.);
#999=EDGE_CURVE('',#887,#888,#1160,.T.);
#1000=EDGE_CURVE('',#888,#881,#504,.T.);
#1001=EDGE_CURVE('',#889,#889,#505,.T.);
#1002=EDGE_CURVE('',#890,#886,#1161,.T.);
#1003=EDGE_CURVE('',#890,#891,#506,.T.);
#1004=EDGE_CURVE('',#887,#891,#1162,.T.);
#1005=EDGE_CURVE('',#892,#893,#95,.T.);
#1006=EDGE_CURVE('',#892,#893,#507,.T.);
#1007=EDGE_CURVE('',#891,#893,#96,.T.);
#1008=EDGE_CURVE('',#892,#894,#97,.T.);
#1009=EDGE_CURVE('',#894,#888,#1163,.T.);
#1010=EDGE_CURVE('',#881,#895,#1164,.T.);
#1011=EDGE_CURVE('',#894,#895,#508,.T.);
#1012=EDGE_CURVE('',#896,#897,#99,.T.);
#1013=EDGE_CURVE('',#896,#897,#509,.T.);
#1014=EDGE_CURVE('',#895,#897,#100,.T.);
#1015=EDGE_CURVE('',#896,#898,#101,.T.);
#1016=EDGE_CURVE('',#898,#882,#1165,.T.);
#1017=EDGE_CURVE('',#883,#899,#1166,.T.);
#1018=EDGE_CURVE('',#898,#899,#510,.T.);
#1019=EDGE_CURVE('',#900,#901,#103,.T.);
#1020=EDGE_CURVE('',#900,#901,#511,.T.);
#1021=EDGE_CURVE('',#899,#901,#104,.T.);
#1022=EDGE_CURVE('',#900,#902,#105,.T.);
#1023=EDGE_CURVE('',#902,#884,#1167,.T.);
#1024=EDGE_CURVE('',#885,#903,#1168,.T.);
#1025=EDGE_CURVE('',#902,#903,#512,.T.);
#1026=EDGE_CURVE('',#904,#905,#107,.T.);
#1027=EDGE_CURVE('',#904,#905,#513,.T.);
#1028=EDGE_CURVE('',#903,#905,#108,.T.);
#1029=EDGE_CURVE('',#904,#890,#109,.T.);
#1030=EDGE_CURVE('',#906,#907,#110,.T.);
#1031=EDGE_CURVE('',#908,#907,#111,.T.);
#1032=EDGE_CURVE('',#909,#908,#112,.T.);
#1033=EDGE_CURVE('',#909,#906,#113,.T.);
#1034=EDGE_CURVE('',#910,#910,#514,.T.);
#1035=EDGE_CURVE('',#911,#912,#1169,.T.);
#1036=EDGE_CURVE('',#911,#913,#114,.T.);
#1037=EDGE_CURVE('',#914,#913,#515,.T.);
#1038=EDGE_CURVE('',#914,#912,#115,.T.);
#1039=EDGE_CURVE('',#915,#916,#1170,.T.);
#1040=EDGE_CURVE('',#915,#917,#116,.T.);
#1041=EDGE_CURVE('',#918,#917,#516,.T.);
#1042=EDGE_CURVE('',#918,#916,#117,.T.);
#1043=EDGE_CURVE('',#919,#920,#517,.T.);
#1044=EDGE_CURVE('',#919,#921,#118,.T.);
#1045=EDGE_CURVE('',#922,#921,#518,.T.);
#1046=EDGE_CURVE('',#922,#920,#119,.T.);
#1047=EDGE_CURVE('',#920,#923,#1171,.T.);
#1048=EDGE_CURVE('',#924,#923,#519,.T.);
#1049=EDGE_CURVE('',#924,#919,#1172,.T.);
#1050=EDGE_CURVE('',#925,#926,#1173,.T.);
#1051=EDGE_CURVE('',#925,#924,#120,.T.);
#1052=EDGE_CURVE('',#923,#926,#121,.T.);
#1053=EDGE_CURVE('',#927,#928,#1174,.T.);
#1054=EDGE_CURVE('',#929,#927,#122,.T.);
#1055=EDGE_CURVE('',#930,#929,#520,.T.);
#1056=EDGE_CURVE('',#928,#930,#123,.T.);
#1057=EDGE_CURVE('',#928,#925,#521,.T.);
#1058=EDGE_CURVE('',#926,#915,#522,.T.);
#1059=EDGE_CURVE('',#916,#911,#523,.T.);
#1060=EDGE_CURVE('',#912,#927,#524,.T.);
#1061=EDGE_CURVE('',#931,#906,#124,.T.);
#1062=EDGE_CURVE('',#931,#930,#125,.T.);
#1063=EDGE_CURVE('',#929,#932,#126,.T.);
#1064=EDGE_CURVE('',#907,#932,#127,.T.);
#1065=EDGE_CURVE('',#917,#933,#128,.T.);
#1066=EDGE_CURVE('',#933,#909,#129,.T.);
#1067=EDGE_CURVE('',#908,#934,#130,.T.);
#1068=EDGE_CURVE('',#934,#918,#131,.T.);
#1069=EDGE_CURVE('',#932,#914,#132,.T.);
#1070=EDGE_CURVE('',#913,#934,#133,.T.);
#1071=EDGE_CURVE('',#922,#933,#134,.T.);
#1072=EDGE_CURVE('',#931,#921,#135,.T.);
#1073=EDGE_CURVE('',#935,#935,#525,.T.);
#1074=EDGE_CURVE('',#936,#936,#526,.T.);
#1075=EDGE_CURVE('',#937,#938,#136,.T.);
#1076=EDGE_CURVE('',#939,#937,#137,.T.);
#1077=EDGE_CURVE('',#939,#940,#138,.T.);
#1078=EDGE_CURVE('',#940,#941,#139,.T.);
#1079=EDGE_CURVE('',#942,#941,#140,.T.);
#1080=EDGE_CURVE('',#942,#938,#527,.T.);
#1081=EDGE_CURVE('',#943,#944,#141,.T.);
#1082=EDGE_CURVE('',#944,#945,#142,.T.);
#1083=EDGE_CURVE('',#946,#945,#143,.T.);
#1084=EDGE_CURVE('',#947,#946,#144,.T.);
#1085=EDGE_CURVE('',#947,#948,#145,.T.);
#1086=EDGE_CURVE('',#948,#943,#528,.T.);
#1087=EDGE_CURVE('',#937,#949,#146,.T.);
#1088=EDGE_CURVE('',#949,#950,#529,.T.);
#1089=EDGE_CURVE('',#950,#947,#147,.T.);
#1090=EDGE_CURVE('',#946,#939,#148,.T.);
#1091=EDGE_CURVE('',#951,#941,#149,.T.);
#1092=EDGE_CURVE('',#945,#940,#150,.T.);
#1093=EDGE_CURVE('',#944,#952,#151,.T.);
#1094=EDGE_CURVE('',#952,#951,#530,.T.);
#1095=EDGE_CURVE('',#953,#953,#531,.T.);
#1096=EDGE_CURVE('',#954,#955,#532,.T.);
#1097=EDGE_CURVE('',#955,#956,#1175,.T.);
#1098=EDGE_CURVE('',#956,#957,#533,.T.);
#1099=EDGE_CURVE('',#957,#958,#1176,.T.);
#1100=EDGE_CURVE('',#958,#959,#534,.T.);
#1101=EDGE_CURVE('',#959,#960,#1177,.T.);
#1102=EDGE_CURVE('',#960,#961,#535,.T.);
#1103=EDGE_CURVE('',#961,#954,#1178,.T.);
#1104=EDGE_CURVE('',#962,#954,#152,.T.);
#1105=EDGE_CURVE('',#961,#963,#153,.T.);
#1106=EDGE_CURVE('',#963,#962,#536,.T.);
#1107=EDGE_CURVE('',#963,#964,#1179,.T.);
#1108=EDGE_CURVE('',#964,#965,#537,.T.);
#1109=EDGE_CURVE('',#965,#962,#1180,.T.);
#1110=EDGE_CURVE('',#942,#965,#154,.T.);
#1111=EDGE_CURVE('',#964,#938,#155,.T.);
#1112=EDGE_CURVE('',#949,#960,#156,.T.);
#1113=EDGE_CURVE('',#959,#950,#157,.T.);
#1114=EDGE_CURVE('',#948,#958,#158,.T.);
#1115=EDGE_CURVE('',#957,#943,#159,.T.);
#1116=EDGE_CURVE('',#956,#952,#160,.T.);
#1117=EDGE_CURVE('',#951,#955,#161,.T.);
#1118=EDGE_CURVE('',#966,#967,#1181,.T.);
#1119=EDGE_CURVE('',#968,#966,#538,.T.);
#1120=EDGE_CURVE('',#969,#968,#1182,.T.);
#1121=EDGE_CURVE('',#969,#967,#539,.T.);
#1122=EDGE_CURVE('',#970,#971,#1183,.T.);
#1123=EDGE_CURVE('',#972,#970,#540,.T.);
#1124=EDGE_CURVE('',#973,#972,#1184,.T.);
#1125=EDGE_CURVE('',#973,#971,#541,.T.);
#1126=EDGE_CURVE('',#974,#975,#1185,.T.);
#1127=EDGE_CURVE('',#976,#974,#542,.T.);
#1128=EDGE_CURVE('',#977,#976,#1186,.T.);
#1129=EDGE_CURVE('',#977,#975,#543,.T.);
#1130=EDGE_CURVE('',#978,#979,#165,.T.);
#1131=EDGE_CURVE('',#978,#980,#544,.T.);
#1132=EDGE_CURVE('',#981,#980,#166,.T.);
#1133=EDGE_CURVE('',#981,#982,#167,.T.);
#1134=EDGE_CURVE('',#976,#982,#168,.T.);
#1135=EDGE_CURVE('',#983,#974,#169,.T.);
#1136=EDGE_CURVE('',#983,#984,#170,.T.);
#1137=EDGE_CURVE('',#972,#984,#171,.T.);
#1138=EDGE_CURVE('',#985,#970,#172,.T.);
#1139=EDGE_CURVE('',#985,#986,#173,.T.);
#1140=EDGE_CURVE('',#968,#986,#174,.T.);
#1141=EDGE_CURVE('',#987,#966,#175,.T.);
#1142=EDGE_CURVE('',#987,#979,#176,.T.);
#1143=EDGE_CURVE('',#988,#978,#1187,.T.);
#1144=EDGE_CURVE('',#988,#989,#545,.T.);
#1145=EDGE_CURVE('',#980,#989,#1188,.T.);
#1146=EDGE_CURVE('',#990,#990,#546,.T.);
#1147=EDGE_CURVE('',#977,#989,#1189,.T.);
#1148=EDGE_CURVE('',#981,#982,#547,.T.);
#1149=EDGE_CURVE('',#988,#967,#1190,.T.);
#1150=EDGE_CURVE('',#987,#979,#548,.T.);
#1151=EDGE_CURVE('',#969,#971,#1191,.T.);
#1152=EDGE_CURVE('',#985,#986,#549,.T.);
#1153=EDGE_CURVE('',#973,#975,#1192,.T.);
#1154=EDGE_CURVE('',#983,#984,#550,.T.);
#1155=EDGE_CURVE('',#991,#991,#551,.T.);
#1156=EDGE_CURVE('',#992,#992,#552,.T.);
#1157=B_SPLINE_CURVE_WITH_KNOTS('',3,(#1616,#1617,#1618,#1619,#1620,#1621,
#1622,#1623,#1624,#1625,#1626,#1627,#1628,#1629,#1630,#1631,#1632,#1633,
#1634,#1635,#1636,#1637,#1638,#1639,#1640,#1641,#1642,#1643,#1644,#1645,
#1646,#1647,#1648,#1649),.UNSPECIFIED.,.F.,.F.,(4,3,3,3,3,3,3,3,3,3,3,4),
(0.,0.0175682309749866,0.10049337708599,0.216389257624833,0.316401053778004,
0.404660288937392,0.493388600997144,0.598561307596517,0.71725837114874,
0.820529771603232,0.909739530979037,1.),.UNSPECIFIED.);
#1158=B_SPLINE_CURVE_WITH_KNOTS('',3,(#1654,#1655,#1656,#1657,#1658,#1659,
#1660,#1661,#1662,#1663,#1664,#1665,#1666,#1667,#1668,#1669,#1670,#1671,
#1672,#1673,#1674,#1675,#1676,#1677,#1678,#1679,#1680,#1681,#1682,#1683,
#1684,#1685,#1686,#1687),.UNSPECIFIED.,.F.,.F.,(4,3,3,3,3,3,3,3,3,3,3,4),
(0.,0.0175682309749862,0.10049337708599,0.216389257624833,0.316401053778004,
0.404660288937392,0.493388600997144,0.598561307596517,0.71725837114874,
0.820529771603232,0.909739530979037,1.),.UNSPECIFIED.);
#1159=B_SPLINE_CURVE_WITH_KNOTS('',3,(#1691,#1692,#1693,#1694,#1695,#1696,
#1697,#1698,#1699,#1700,#1701,#1702,#1703,#1704,#1705,#1706,#1707,#1708,
#1709,#1710,#1711,#1712,#1713,#1714,#1715,#1716,#1717,#1718,#1719,#1720,
#1721,#1722,#1723,#1724),.UNSPECIFIED.,.F.,.F.,(4,3,3,3,3,3,3,3,3,3,3,4),
(0.,0.0175682309749863,0.10049337708599,0.216389257624833,0.316401053778004,
0.404660288937392,0.493388600997144,0.598561307596517,0.71725837114874,
0.820529771603232,0.909739530979037,1.),.UNSPECIFIED.);
#1160=B_SPLINE_CURVE_WITH_KNOTS('',3,(#1728,#1729,#1730,#1731,#1732,#1733,
#1734,#1735,#1736,#1737,#1738,#1739,#1740,#1741,#1742,#1743,#1744,#1745,
#1746,#1747,#1748,#1749,#1750,#1751,#1752,#1753,#1754,#1755,#1756,#1757,
#1758,#1759,#1760,#1761),.UNSPECIFIED.,.F.,.F.,(4,3,3,3,3,3,3,3,3,3,3,4),
(0.,0.0175682309749862,0.10049337708599,0.216389257624833,0.316401053778004,
0.404660288937392,0.493388600997144,0.598561307596517,0.71725837114874,
0.820529771603232,0.909739530979037,1.),.UNSPECIFIED.);
#1161=B_SPLINE_CURVE_WITH_KNOTS('',3,(#1767,#1768,#1769,#1770,#1771,#1772,
#1773,#1774,#1775,#1776,#1777,#1778,#1779,#1780,#1781,#1782,#1783,#1784,
#1785),.UNSPECIFIED.,.F.,.F.,(4,3,3,3,3,3,4),(0.,0.149298184808317,0.298050725515897,
0.473475064866334,0.648938374886637,0.824446637989348,1.),.UNSPECIFIED.);
#1162=B_SPLINE_CURVE_WITH_KNOTS('',3,(#1789,#1790,#1791,#1792,#1793,#1794,
#1795,#1796,#1797,#1798,#1799,#1800,#1801,#1802,#1803,#1804,#1805,#1806,
#1807),.UNSPECIFIED.,.F.,.F.,(4,3,3,3,3,3,4),(0.,0.146787983120624,0.29265271477935,
0.469542724423129,0.646391533164159,0.82320767499831,1.),.UNSPECIFIED.);
#1163=B_SPLINE_CURVE_WITH_KNOTS('',3,(#1818,#1819,#1820,#1821,#1822,#1823,
#1824,#1825,#1826,#1827,#1828,#1829,#1830,#1831,#1832,#1833,#1834,#1835,
#1836),.UNSPECIFIED.,.F.,.F.,(4,3,3,3,3,3,4),(0.,0.149298184808313,0.298050725515892,
0.47347506486633,0.648938374886633,0.824446637989346,1.),.UNSPECIFIED.);
#1164=B_SPLINE_CURVE_WITH_KNOTS('',3,(#1838,#1839,#1840,#1841,#1842,#1843,
#1844,#1845,#1846,#1847,#1848,#1849,#1850,#1851,#1852,#1853,#1854,#1855,
#1856),.UNSPECIFIED.,.F.,.F.,(4,3,3,3,3,3,4),(0.,0.146787983120624,0.29265271477935,
0.469542724423129,0.646391533164158,0.823207674998309,1.),.UNSPECIFIED.);
#1165=B_SPLINE_CURVE_WITH_KNOTS('',3,(#1869,#1870,#1871,#1872,#1873,#1874,
#1875,#1876,#1877,#1878,#1879,#1880,#1881,#1882,#1883,#1884,#1885,#1886,
#1887),.UNSPECIFIED.,.F.,.F.,(4,3,3,3,3,3,4),(0.,0.149298184808313,0.298050725515892,
0.47347506486633,0.648938374886634,0.824446637989346,1.),.UNSPECIFIED.);
#1166=B_SPLINE_CURVE_WITH_KNOTS('',3,(#1889,#1890,#1891,#1892,#1893,#1894,
#1895,#1896,#1897,#1898,#1899,#1900,#1901,#1902,#1903,#1904,#1905,#1906,
#1907),.UNSPECIFIED.,.F.,.F.,(4,3,3,3,3,3,4),(0.,0.146787983120624,0.29265271477935,
0.469542724423129,0.646391533164159,0.82320767499831,1.),.UNSPECIFIED.);
#1167=B_SPLINE_CURVE_WITH_KNOTS('',3,(#1920,#1921,#1922,#1923,#1924,#1925,
#1926,#1927,#1928,#1929,#1930,#1931,#1932,#1933,#1934,#1935,#1936,#1937,
#1938),.UNSPECIFIED.,.F.,.F.,(4,3,3,3,3,3,4),(0.,0.149298184808316,0.298050725515895,
0.473475064866332,0.648938374886634,0.824446637989347,1.),.UNSPECIFIED.);
#1168=B_SPLINE_CURVE_WITH_KNOTS('',3,(#1940,#1941,#1942,#1943,#1944,#1945,
#1946,#1947,#1948,#1949,#1950,#1951,#1952,#1953,#1954,#1955,#1956,#1957,
#1958),.UNSPECIFIED.,.F.,.F.,(4,3,3,3,3,3,4),(0.,0.146787983120625,0.292652714779352,
0.469542724423131,0.64639153316416,0.82320767499831,1.),.UNSPECIFIED.);
#1169=B_SPLINE_CURVE_WITH_KNOTS('',3,(#1983,#1984,#1985,#1986,#1987,#1988,
#1989,#1990,#1991,#1992,#1993,#1994,#1995,#1996,#1997,#1998,#1999,#2000,
#2001,#2002,#2003,#2004,#2005,#2006,#2007),.UNSPECIFIED.,.F.,.F.,(4,3,3,
3,3,3,3,3,4),(0.,0.120306521538326,0.254674232471889,0.406297711207786,
0.500123306375169,0.669943405702672,0.840552643461076,0.997571712134075,
1.),.UNSPECIFIED.);
#1170=B_SPLINE_CURVE_WITH_KNOTS('',3,(#2016,#2017,#2018,#2019,#2020,#2021,
#2022,#2023,#2024,#2025,#2026,#2027,#2028,#2029,#2030,#2031,#2032,#2033,
#2034),.UNSPECIFIED.,.F.,.F.,(4,3,3,3,3,3,4),(0.,0.0824643813585574,0.253265653433977,
0.442126769413643,0.645251254574541,0.850975812569968,1.),.UNSPECIFIED.);
#1171=B_SPLINE_CURVE_WITH_KNOTS('',3,(#2052,#2053,#2054,#2055,#2056,#2057,
#2058,#2059,#2060,#2061),.UNSPECIFIED.,.F.,.F.,(4,3,3,4),(0.,0.629308168176664,
0.955106755443688,1.),.UNSPECIFIED.);
#1172=B_SPLINE_CURVE_WITH_KNOTS('',3,(#2065,#2066,#2067,#2068,#2069,#2070,
#2071),.UNSPECIFIED.,.F.,.F.,(4,3,4),(0.,0.0664867710088117,1.),
 .UNSPECIFIED.);
#1173=B_SPLINE_CURVE_WITH_KNOTS('',3,(#2073,#2074,#2075,#2076,#2077,#2078,
#2079,#2080,#2081,#2082,#2083,#2084,#2085,#2086,#2087,#2088,#2089,#2090,
#2091,#2092,#2093,#2094,#2095,#2096,#2097,#2098,#2099,#2100,#2101,#2102,
#2103),.UNSPECIFIED.,.F.,.F.,(4,3,3,3,3,3,3,3,3,3,4),(0.,0.0408315230138572,
0.131170351465899,0.227412490102091,0.335962629293862,0.459946658502958,
0.596774734073107,0.73629562908641,0.865000249000613,0.976048329947209,
1.),.UNSPECIFIED.);
#1174=B_SPLINE_CURVE_WITH_KNOTS('',3,(#2109,#2110,#2111,#2112,#2113,#2114,
#2115,#2116,#2117,#2118,#2119,#2120,#2121,#2122,#2123,#2124,#2125,#2126,
#2127,#2128,#2129,#2130),.UNSPECIFIED.,.F.,.F.,(4,3,3,3,3,3,3,4),(0.,0.0519937225750395,
0.211330838685284,0.387373272334696,0.500154399704936,0.693329267245603,
0.887201181391956,1.),.UNSPECIFIED.);
#1175=B_SPLINE_CURVE_WITH_KNOTS('',3,(#2219,#2220,#2221,#2222,#2223,#2224,
#2225,#2226,#2227,#2228,#2229,#2230,#2231,#2232,#2233,#2234,#2235,#2236,
#2237,#2238,#2239,#2240,#2241,#2242,#2243,#2244,#2245,#2246,#2247,#2248,
#2249,#2250,#2251,#2252,#2253,#2254,#2255,#2256,#2257,#2258,#2259,#2260,
#2261),.UNSPECIFIED.,.F.,.F.,(4,3,3,3,3,3,3,3,3,3,3,3,3,3,4),(0.,0.0318872180836755,
0.107547089780438,0.17725442945289,0.245134293788836,0.315102441088265,
0.390194990148784,0.47215654071166,0.560588432890253,0.651924768687631,
0.739837691290168,0.818984076447381,0.889467967958787,0.956007885486954,
1.),.UNSPECIFIED.);
#1176=B_SPLINE_CURVE_WITH_KNOTS('',3,(#2265,#2266,#2267,#2268,#2269,#2270,
#2271,#2272,#2273,#2274,#2275,#2276,#2277,#2278,#2279,#2280,#2281,#2282,
#2283,#2284,#2285,#2286,#2287,#2288,#2289,#2290,#2291,#2292,#2293,#2294,
#2295,#2296,#2297,#2298,#2299,#2300,#2301,#2302,#2303,#2304),
 .UNSPECIFIED.,.F.,.F.,(4,3,3,3,3,3,3,3,3,3,3,3,3,4),(0.,0.0796769527592621,
0.152967969698327,0.224224264112073,0.298525400974775,0.379723879102826,
0.470112182214996,0.569230543322911,0.672204396666222,0.770094160477502,
0.855579755413144,0.929603318088565,0.999079063512645,1.),.UNSPECIFIED.);
#1177=B_SPLINE_CURVE_WITH_KNOTS('',3,(#2308,#2309,#2310,#2311,#2312,#2313,
#2314,#2315,#2316,#2317,#2318,#2319,#2320,#2321,#2322,#2323,#2324,#2325,
#2326,#2327,#2328,#2329,#2330,#2331,#2332,#2333,#2334,#2335,#2336,#2337,
#2338,#2339,#2340,#2341,#2342,#2343,#2344,#2345,#2346,#2347,#2348,#2349,
#2350,#2351,#2352,#2353),.UNSPECIFIED.,.F.,.F.,(4,3,3,3,3,3,3,3,3,3,3,3,
3,3,3,4),(0.,0.0196424640383266,0.0959475984651668,0.165390601115938,0.231904137583757,
0.299558187259912,0.371637746737149,0.450283256395514,0.498125639275913,
0.587046581824233,0.676238025932269,0.76053012215372,0.835404255096015,
0.902762237467643,0.967918516852591,1.),.UNSPECIFIED.);
#1178=B_SPLINE_CURVE_WITH_KNOTS('',3,(#2357,#2358,#2359,#2360,#2361,#2362,
#2363,#2364,#2365,#2366,#2367,#2368,#2369,#2370,#2371,#2372,#2373,#2374,
#2375,#2376,#2377,#2378,#2379,#2380,#2381,#2382,#2383,#2384,#2385,#2386,
#2387,#2388,#2389,#2390),.UNSPECIFIED.,.F.,.F.,(4,3,3,3,3,3,3,3,3,3,3,4),
(0.,0.0658606419488049,0.148751678600178,0.234258611174164,0.327781389421752,
0.432985023247244,0.496906773505415,0.641458164708338,0.766167553670323,
0.859139179472689,0.95274298031508,1.),.UNSPECIFIED.);
#1179=B_SPLINE_CURVE_WITH_KNOTS('',3,(#2398,#2399,#2400,#2401,#2402,#2403,
#2404,#2405,#2406,#2407),.UNSPECIFIED.,.F.,.F.,(4,3,3,4),(0.,0.0448932445563122,
0.370691831823336,1.),.UNSPECIFIED.);
#1180=B_SPLINE_CURVE_WITH_KNOTS('',3,(#2411,#2412,#2413,#2414,#2415,#2416,
#2417),.UNSPECIFIED.,.F.,.F.,(4,3,4),(0.,0.933513228991188,1.),
 .UNSPECIFIED.);
#1181=B_SPLINE_CURVE_WITH_KNOTS('',3,(#2432,#2433,#2434,#2435,#2436,#2437,
#2438,#2439,#2440,#2441,#2442,#2443,#2444,#2445,#2446,#2447,#2448,#2449,
#2450),.UNSPECIFIED.,.F.,.F.,(4,3,3,3,3,3,4),(0.,0.14929820212057,0.298050759885739,
0.473475090654619,0.648938392089778,0.824446646598489,1.),.UNSPECIFIED.);
#1182=B_SPLINE_CURVE_WITH_KNOTS('',3,(#2455,#2456,#2457,#2458,#2459,#2460,
#2461,#2462,#2463,#2464,#2465,#2466,#2467,#2468,#2469,#2470,#2471,#2472,
#2473),.UNSPECIFIED.,.F.,.F.,(4,3,3,3,3,3,4),(0.,0.146788000515356,0.292652749185147,
0.469542750221117,0.646391550360667,0.823207683596239,1.),.UNSPECIFIED.);
#1183=B_SPLINE_CURVE_WITH_KNOTS('',3,(#2478,#2479,#2480,#2481,#2482,#2483,
#2484,#2485,#2486,#2487,#2488,#2489,#2490,#2491,#2492,#2493,#2494,#2495,
#2496),.UNSPECIFIED.,.F.,.F.,(4,3,3,3,3,3,4),(0.,0.149298202120569,0.298050759885737,
0.473475090654617,0.648938392089776,0.82444664659849,1.),.UNSPECIFIED.);
#1184=B_SPLINE_CURVE_WITH_KNOTS('',3,(#2501,#2502,#2503,#2504,#2505,#2506,
#2507,#2508,#2509,#2510,#2511,#2512,#2513,#2514,#2515,#2516,#2517,#2518,
#2519),.UNSPECIFIED.,.F.,.F.,(4,3,3,3,3,3,4),(0.,0.146788000515356,0.292652749185147,
0.469542750221117,0.646391550360668,0.823207683596239,1.),.UNSPECIFIED.);
#1185=B_SPLINE_CURVE_WITH_KNOTS('',3,(#2524,#2525,#2526,#2527,#2528,#2529,
#2530,#2531,#2532,#2533,#2534,#2535,#2536,#2537,#2538,#2539,#2540,#2541,
#2542),.UNSPECIFIED.,.F.,.F.,(4,3,3,3,3,3,4),(0.,0.14929820212057,0.298050759885739,
0.473475090654619,0.648938392089778,0.824446646598489,1.),.UNSPECIFIED.);
#1186=B_SPLINE_CURVE_WITH_KNOTS('',3,(#2547,#2548,#2549,#2550,#2551,#2552,
#2553,#2554,#2555,#2556,#2557,#2558,#2559,#2560,#2561,#2562,#2563,#2564,
#2565),.UNSPECIFIED.,.F.,.F.,(4,3,3,3,3,3,4),(0.,0.146788000515358,0.292652749185148,
0.469542750221118,0.646391550360669,0.823207683596241,1.),.UNSPECIFIED.);
#1187=B_SPLINE_CURVE_WITH_KNOTS('',3,(#2594,#2595,#2596,#2597,#2598,#2599,
#2600,#2601,#2602,#2603,#2604,#2605,#2606,#2607,#2608,#2609,#2610,#2611,
#2612),.UNSPECIFIED.,.F.,.F.,(4,3,3,3,3,3,4),(0.,0.146788000515354,0.292652749185145,
0.469542750221116,0.646391550360668,0.82320768359624,1.),.UNSPECIFIED.);
#1188=B_SPLINE_CURVE_WITH_KNOTS('',3,(#2616,#2617,#2618,#2619,#2620,#2621,
#2622,#2623,#2624,#2625,#2626,#2627,#2628,#2629,#2630,#2631,#2632,#2633,
#2634),.UNSPECIFIED.,.F.,.F.,(4,3,3,3,3,3,4),(0.,0.149298202120569,0.298050759885739,
0.473475090654618,0.648938392089777,0.824446646598488,1.),.UNSPECIFIED.);
#1189=B_SPLINE_CURVE_WITH_KNOTS('',3,(#2640,#2641,#2642,#2643,#2644,#2645,
#2646,#2647,#2648,#2649,#2650,#2651,#2652,#2653,#2654,#2655,#2656,#2657,
#2658,#2659,#2660,#2661,#2662,#2663,#2664,#2665,#2666,#2667,#2668,#2669,
#2670,#2671,#2672,#2673),.UNSPECIFIED.,.F.,.F.,(4,3,3,3,3,3,3,3,3,3,3,4),
(0.,0.0175682309749863,0.10049337708599,0.216389257624833,0.316401053778005,
0.404660288937392,0.493388600997144,0.598561307596518,0.71725837114874,
0.820529771603232,0.909739530979038,1.),.UNSPECIFIED.);
#1190=B_SPLINE_CURVE_WITH_KNOTS('',3,(#2677,#2678,#2679,#2680,#2681,#2682,
#2683,#2684,#2685,#2686,#2687,#2688,#2689,#2690,#2691,#2692,#2693,#2694,
#2695,#2696,#2697,#2698,#2699,#2700,#2701,#2702,#2703,#2704,#2705,#2706,
#2707,#2708,#2709,#2710),.UNSPECIFIED.,.F.,.F.,(4,3,3,3,3,3,3,3,3,3,3,4),
(0.,0.0175682309749861,0.10049337708599,0.216389257624833,0.316401053778004,
0.404660288937392,0.493388600997144,0.598561307596517,0.71725837114874,
0.820529771603232,0.909739530979037,1.),.UNSPECIFIED.);
#1191=B_SPLINE_CURVE_WITH_KNOTS('',3,(#2714,#2715,#2716,#2717,#2718,#2719,
#2720,#2721,#2722,#2723,#2724,#2725,#2726,#2727,#2728,#2729,#2730,#2731,
#2732,#2733,#2734,#2735,#2736,#2737,#2738,#2739,#2740,#2741,#2742,#2743,
#2744,#2745,#2746,#2747),.UNSPECIFIED.,.F.,.F.,(4,3,3,3,3,3,3,3,3,3,3,4),
(0.,0.0175682309749863,0.10049337708599,0.216389257624833,0.316401053778005,
0.404660288937392,0.493388600997144,0.598561307596518,0.717258371148739,
0.820529771603232,0.909739530979037,1.),.UNSPECIFIED.);
#1192=B_SPLINE_CURVE_WITH_KNOTS('',3,(#2751,#2752,#2753,#2754,#2755,#2756,
#2757,#2758,#2759,#2760,#2761,#2762,#2763,#2764,#2765,#2766,#2767,#2768,
#2769,#2770,#2771,#2772,#2773,#2774,#2775,#2776,#2777,#2778,#2779,#2780,
#2781,#2782,#2783,#2784),.UNSPECIFIED.,.F.,.F.,(4,3,3,3,3,3,3,3,3,3,3,4),
(0.,0.0175682309749866,0.10049337708599,0.216389257624833,0.316401053778004,
0.404660288937392,0.493388600997144,0.598561307596518,0.71725837114874,
0.820529771603232,0.909739530979037,1.),.UNSPECIFIED.);
#1193=AXIS2_PLACEMENT_3D('',#1615,#1303,#1304);
#1194=AXIS2_PLACEMENT_3D('',#1652,#1305,#1306);
#1195=AXIS2_PLACEMENT_3D('',#1689,#1307,#1308);
#1196=AXIS2_PLACEMENT_3D('',#1726,#1309,#1310);
#1197=AXIS2_PLACEMENT_3D('',#1763,#1311,#1312);
#1198=AXIS2_PLACEMENT_3D('',#1764,#1313,#1314);
#1199=AXIS2_PLACEMENT_3D('',#1766,#1315,#1316);
#1200=AXIS2_PLACEMENT_3D('',#1787,#1317,#1318);
#1201=AXIS2_PLACEMENT_3D('',#1813,#1322,#1323);
#1202=AXIS2_PLACEMENT_3D('',#1814,#1324,#1325);
#1203=AXIS2_PLACEMENT_3D('',#1837,#1328,#1329);
#1204=AXIS2_PLACEMENT_3D('',#1858,#1330,#1331);
#1205=AXIS2_PLACEMENT_3D('',#1864,#1335,#1336);
#1206=AXIS2_PLACEMENT_3D('',#1865,#1337,#1338);
#1207=AXIS2_PLACEMENT_3D('',#1888,#1341,#1342);
#1208=AXIS2_PLACEMENT_3D('',#1909,#1343,#1344);
#1209=AXIS2_PLACEMENT_3D('',#1915,#1348,#1349);
#1210=AXIS2_PLACEMENT_3D('',#1916,#1350,#1351);
#1211=AXIS2_PLACEMENT_3D('',#1939,#1354,#1355);
#1212=AXIS2_PLACEMENT_3D('',#1960,#1356,#1357);
#1213=AXIS2_PLACEMENT_3D('',#1966,#1361,#1362);
#1214=AXIS2_PLACEMENT_3D('',#1967,#1363,#1364);
#1215=AXIS2_PLACEMENT_3D('',#1970,#1367,#1368);
#1216=AXIS2_PLACEMENT_3D('',#1979,#1373,#1374);
#1217=AXIS2_PLACEMENT_3D('',#1980,#1375,#1376);
#1218=AXIS2_PLACEMENT_3D('',#1982,#1377,#1378);
#1219=AXIS2_PLACEMENT_3D('',#2012,#1380,#1381);
#1220=AXIS2_PLACEMENT_3D('',#2015,#1383,#1384);
#1221=AXIS2_PLACEMENT_3D('',#2039,#1386,#1387);
#1222=AXIS2_PLACEMENT_3D('',#2042,#1389,#1390);
#1223=AXIS2_PLACEMENT_3D('',#2043,#1391,#1392);
#1224=AXIS2_PLACEMENT_3D('',#2048,#1394,#1395);
#1225=AXIS2_PLACEMENT_3D('',#2051,#1397,#1398);
#1226=AXIS2_PLACEMENT_3D('',#2063,#1399,#1400);
#1227=AXIS2_PLACEMENT_3D('',#2072,#1401,#1402);
#1228=AXIS2_PLACEMENT_3D('',#2108,#1405,#1406);
#1229=AXIS2_PLACEMENT_3D('',#2135,#1408,#1409);
#1230=AXIS2_PLACEMENT_3D('',#2138,#1411,#1412);
#1231=AXIS2_PLACEMENT_3D('',#2139,#1413,#1414);
#1232=AXIS2_PLACEMENT_3D('',#2140,#1415,#1416);
#1233=AXIS2_PLACEMENT_3D('',#2141,#1417,#1418);
#1234=AXIS2_PLACEMENT_3D('',#2142,#1419,#1420);
#1235=AXIS2_PLACEMENT_3D('',#2143,#1421,#1422);
#1236=AXIS2_PLACEMENT_3D('',#2150,#1427,#1428);
#1237=AXIS2_PLACEMENT_3D('',#2157,#1433,#1434);
#1238=AXIS2_PLACEMENT_3D('',#2160,#1437,#1438);
#1239=AXIS2_PLACEMENT_3D('',#2163,#1441,#1442);
#1240=AXIS2_PLACEMENT_3D('',#2164,#1443,#1444);
#1241=AXIS2_PLACEMENT_3D('',#2166,#1445,#1446);
#1242=AXIS2_PLACEMENT_3D('',#2167,#1447,#1448);
#1243=AXIS2_PLACEMENT_3D('',#2168,#1449,#1450);
#1244=AXIS2_PLACEMENT_3D('',#2170,#1451,#1452);
#1245=AXIS2_PLACEMENT_3D('',#2171,#1453,#1454);
#1246=AXIS2_PLACEMENT_3D('',#2172,#1455,#1456);
#1247=AXIS2_PLACEMENT_3D('',#2173,#1457,#1458);
#1248=AXIS2_PLACEMENT_3D('',#2185,#1464,#1465);
#1249=AXIS2_PLACEMENT_3D('',#2186,#1466,#1467);
#1250=AXIS2_PLACEMENT_3D('',#2198,#1473,#1474);
#1251=AXIS2_PLACEMENT_3D('',#2199,#1475,#1476);
#1252=AXIS2_PLACEMENT_3D('',#2202,#1478,#1479);
#1253=AXIS2_PLACEMENT_3D('',#2206,#1482,#1483);
#1254=AXIS2_PLACEMENT_3D('',#2212,#1487,#1488);
#1255=AXIS2_PLACEMENT_3D('',#2213,#1489,#1490);
#1256=AXIS2_PLACEMENT_3D('',#2214,#1491,#1492);
#1257=AXIS2_PLACEMENT_3D('',#2216,#1493,#1494);
#1258=AXIS2_PLACEMENT_3D('',#2263,#1495,#1496);
#1259=AXIS2_PLACEMENT_3D('',#2306,#1497,#1498);
#1260=AXIS2_PLACEMENT_3D('',#2355,#1499,#1500);
#1261=AXIS2_PLACEMENT_3D('',#2391,#1501,#1502);
#1262=AXIS2_PLACEMENT_3D('',#2396,#1505,#1506);
#1263=AXIS2_PLACEMENT_3D('',#2397,#1507,#1508);
#1264=AXIS2_PLACEMENT_3D('',#2409,#1509,#1510);
#1265=AXIS2_PLACEMENT_3D('',#2418,#1511,#1512);
#1266=AXIS2_PLACEMENT_3D('',#2421,#1515,#1516);
#1267=AXIS2_PLACEMENT_3D('',#2424,#1519,#1520);
#1268=AXIS2_PLACEMENT_3D('',#2427,#1523,#1524);
#1269=AXIS2_PLACEMENT_3D('',#2430,#1527,#1528);
#1270=AXIS2_PLACEMENT_3D('',#2431,#1529,#1530);
#1271=AXIS2_PLACEMENT_3D('',#2453,#1531,#1532);
#1272=AXIS2_PLACEMENT_3D('',#2475,#1533,#1534);
#1273=AXIS2_PLACEMENT_3D('',#2499,#1537,#1538);
#1274=AXIS2_PLACEMENT_3D('',#2521,#1539,#1540);
#1275=AXIS2_PLACEMENT_3D('',#2545,#1543,#1544);
#1276=AXIS2_PLACEMENT_3D('',#2567,#1545,#1546);
#1277=AXIS2_PLACEMENT_3D('',#2573,#1550,#1551);
#1278=AXIS2_PLACEMENT_3D('',#2593,#1563,#1564);
#1279=AXIS2_PLACEMENT_3D('',#2614,#1565,#1566);
#1280=AXIS2_PLACEMENT_3D('',#2637,#1569,#1570);
#1281=AXIS2_PLACEMENT_3D('',#2639,#1571,#1572);
#1282=AXIS2_PLACEMENT_3D('',#2674,#1573,#1574);
#1283=AXIS2_PLACEMENT_3D('',#2675,#1575,#1576);
#1284=AXIS2_PLACEMENT_3D('',#2676,#1577,#1578);
#1285=AXIS2_PLACEMENT_3D('',#2711,#1579,#1580);
#1286=AXIS2_PLACEMENT_3D('',#2712,#1581,#1582);
#1287=AXIS2_PLACEMENT_3D('',#2713,#1583,#1584);
#1288=AXIS2_PLACEMENT_3D('',#2748,#1585,#1586);
#1289=AXIS2_PLACEMENT_3D('',#2749,#1587,#1588);
#1290=AXIS2_PLACEMENT_3D('',#2750,#1589,#1590);
#1291=AXIS2_PLACEMENT_3D('',#2785,#1591,#1592);
#1292=AXIS2_PLACEMENT_3D('',#2786,#1593,#1594);
#1293=AXIS2_PLACEMENT_3D('',#2787,#1595,#1596);
#1294=AXIS2_PLACEMENT_3D('',#2788,#1597,#1598);
#1295=AXIS2_PLACEMENT_3D('',#2789,#1599,#1600);
#1296=AXIS2_PLACEMENT_3D('',#2791,#1601,#1602);
#1297=AXIS2_PLACEMENT_3D('',#2792,#1603,#1604);
#1298=AXIS2_PLACEMENT_3D('',#2793,#1605,#1606);
#1299=AXIS2_PLACEMENT_3D('',#2795,#1607,#1608);
#1300=AXIS2_PLACEMENT_3D('',#2796,#1609,#1610);
#1301=AXIS2_PLACEMENT_3D('',#2797,#1611,#1612);
#1302=AXIS2_PLACEMENT_3D('',#2798,#1613,#1614);
#1303=DIRECTION('',(0.,0.,1.));
#1304=DIRECTION('',(1.,0.,0.));
#1305=DIRECTION('',(0.,0.,1.));
#1306=DIRECTION('',(-1.,0.,0.));
#1307=DIRECTION('',(0.,0.,1.));
#1308=DIRECTION('',(-1.,0.,0.));
#1309=DIRECTION('',(0.,0.,1.));
#1310=DIRECTION('',(-1.,0.,0.));
#1311=DIRECTION('',(0.,0.,1.));
#1312=DIRECTION('',(-1.,0.,0.));
#1313=DIRECTION('',(0.,-3.69218630415378E-16,1.));
#1314=DIRECTION('',(0.,-1.,-5.78241158658936E-16));
#1315=DIRECTION('',(0.,0.,1.));
#1316=DIRECTION('',(1.,0.,0.));
#1317=DIRECTION('',(0.,0.,1.));
#1318=DIRECTION('',(-1.,0.,0.));
#1319=DIRECTION('',(0.,-0.173842669243406,-0.984773439096693));
#1320=DIRECTION('',(0.,0.,-1.));
#1321=DIRECTION('',(1.,0.,0.));
#1322=DIRECTION('',(0.,-1.,0.));
#1323=DIRECTION('',(0.,0.,-1.));
#1324=DIRECTION('',(0.,-1.,0.));
#1325=DIRECTION('',(0.,0.,-1.));
#1326=DIRECTION('',(0.,1.,0.));
#1327=DIRECTION('',(0.,-1.,0.));
#1328=DIRECTION('',(0.,-1.,0.));
#1329=DIRECTION('',(0.,0.,-1.));
#1330=DIRECTION('',(0.,0.,1.));
#1331=DIRECTION('',(-1.,0.,0.));
#1332=DIRECTION('',(0.,-0.173842669243406,-0.984773439096693));
#1333=DIRECTION('',(0.,0.,-1.));
#1334=DIRECTION('',(1.17145536458252E-15,1.,0.));
#1335=DIRECTION('',(1.,-1.17145536458252E-15,0.));
#1336=DIRECTION('',(0.,1.,0.));
#1337=DIRECTION('',(1.,-1.17145536458252E-15,0.));
#1338=DIRECTION('',(0.,0.,-1.));
#1339=DIRECTION('',(-1.,1.17145536458252E-15,0.));
#1340=DIRECTION('',(1.,-1.17145536458252E-15,0.));
#1341=DIRECTION('',(1.,-1.17145536458252E-15,0.));
#1342=DIRECTION('',(1.30104260698261E-15,1.,0.));
#1343=DIRECTION('',(0.,0.,1.));
#1344=DIRECTION('',(-1.,0.,0.));
#1345=DIRECTION('',(0.,-0.173842669243406,-0.984773439096693));
#1346=DIRECTION('',(0.,0.,-1.));
#1347=DIRECTION('',(-1.,2.34291072916505E-15,0.));
#1348=DIRECTION('',(2.34291072916505E-15,1.,0.));
#1349=DIRECTION('',(-1.,3.46944695195361E-15,0.));
#1350=DIRECTION('',(2.34291072916505E-15,1.,0.));
#1351=DIRECTION('',(0.,0.,-1.));
#1352=DIRECTION('',(-2.34291072916505E-15,-1.,0.));
#1353=DIRECTION('',(2.34291072916505E-15,1.,0.));
#1354=DIRECTION('',(-2.34291072916505E-15,-1.,0.));
#1355=DIRECTION('',(1.,-2.34291072916505E-15,0.));
#1356=DIRECTION('',(0.,0.,1.));
#1357=DIRECTION('',(-1.,0.,0.));
#1358=DIRECTION('',(0.,-0.173842669243406,-0.984773439096693));
#1359=DIRECTION('',(0.,0.,-1.));
#1360=DIRECTION('',(-3.7364106986726E-15,-1.,0.));
#1361=DIRECTION('',(-1.,3.7364106986726E-15,0.));
#1362=DIRECTION('',(-3.46944695195361E-15,-1.,0.));
#1363=DIRECTION('',(-1.,3.7364106986726E-15,0.));
#1364=DIRECTION('',(0.,0.,-1.));
#1365=DIRECTION('',(1.,-1.17145536458252E-15,0.));
#1366=DIRECTION('',(-1.,1.17145536458252E-15,0.));
#1367=DIRECTION('',(1.,-1.17145536458252E-15,0.));
#1368=DIRECTION('',(1.30104260698261E-15,1.,0.));
#1369=DIRECTION('',(0.,1.,3.69218630415378E-16));
#1370=DIRECTION('',(-1.,0.,0.));
#1371=DIRECTION('',(0.,1.,3.69218630415378E-16));
#1372=DIRECTION('',(-1.,0.,0.));
#1373=DIRECTION('',(0.,-3.69218630415378E-16,1.));
#1374=DIRECTION('',(0.,-1.,-3.6949610038306E-16));
#1375=DIRECTION('',(0.,0.,1.));
#1376=DIRECTION('',(-1.,0.,0.));
#1377=DIRECTION('',(0.,0.,-1.));
#1378=DIRECTION('',(-1.,0.,0.));
#1379=DIRECTION('',(0.,1.,0.));
#1380=DIRECTION('',(0.,-1.,0.));
#1381=DIRECTION('',(0.,0.,-1.));
#1382=DIRECTION('',(0.,-1.,0.));
#1383=DIRECTION('',(0.,-1.,0.));
#1384=DIRECTION('',(0.,0.,-1.));
#1385=DIRECTION('',(1.,0.,0.));
#1386=DIRECTION('',(-1.,0.,0.));
#1387=DIRECTION('',(0.,0.,1.));
#1388=DIRECTION('',(-1.,0.,0.));
#1389=DIRECTION('',(-1.,0.,0.));
#1390=DIRECTION('',(0.,0.,1.));
#1391=DIRECTION('',(0.,-1.,0.));
#1392=DIRECTION('',(0.,0.,1.));
#1393=DIRECTION('',(0.,-1.,0.));
#1394=DIRECTION('',(0.,1.,0.));
#1395=DIRECTION('',(0.,0.,1.));
#1396=DIRECTION('',(0.,1.,0.));
#1397=DIRECTION('',(0.,1.,0.));
#1398=DIRECTION('',(0.,0.,1.));
#1399=DIRECTION('',(0.,-1.,0.));
#1400=DIRECTION('',(0.,0.,-1.));
#1401=DIRECTION('',(0.,-1.,0.));
#1402=DIRECTION('',(0.,2.49933222641788E-17,-1.));
#1403=DIRECTION('',(0.,-1.,0.));
#1404=DIRECTION('',(0.,1.,0.));
#1405=DIRECTION('',(0.,1.,0.));
#1406=DIRECTION('',(0.,0.,1.));
#1407=DIRECTION('',(1.,0.,0.));
#1408=DIRECTION('',(1.,0.,0.));
#1409=DIRECTION('',(0.,0.,-1.));
#1410=DIRECTION('',(-1.,0.,0.));
#1411=DIRECTION('',(1.,0.,0.));
#1412=DIRECTION('',(0.,0.,-1.));
#1413=DIRECTION('',(0.,-3.69218630415378E-16,1.));
#1414=DIRECTION('',(0.,1.,3.67636450707834E-16));
#1415=DIRECTION('',(0.,-3.69218630415378E-16,1.));
#1416=DIRECTION('',(0.,1.,3.67636450707834E-16));
#1417=DIRECTION('',(0.,-3.69218630415378E-16,1.));
#1418=DIRECTION('',(0.,1.,3.67636450707834E-16));
#1419=DIRECTION('',(0.,-3.69218630415378E-16,1.));
#1420=DIRECTION('',(0.,1.,3.67636450707834E-16));
#1421=DIRECTION('',(0.,0.,-1.));
#1422=DIRECTION('',(-1.,0.,0.));
#1423=DIRECTION('',(0.,0.,-1.));
#1424=DIRECTION('',(0.,1.,3.69218630415378E-16));
#1425=DIRECTION('',(0.,1.,3.69218630415378E-16));
#1426=DIRECTION('',(0.,0.,1.));
#1427=DIRECTION('',(1.,0.,0.));
#1428=DIRECTION('',(0.,0.,-1.));
#1429=DIRECTION('',(0.,-1.,-3.69218630415378E-16));
#1430=DIRECTION('',(0.,0.,-1.));
#1431=DIRECTION('',(0.,0.,1.));
#1432=DIRECTION('',(0.,-1.,-3.69218630415378E-16));
#1433=DIRECTION('',(1.,0.,0.));
#1434=DIRECTION('',(0.,0.,-1.));
#1435=DIRECTION('',(1.,0.,0.));
#1436=DIRECTION('',(1.,0.,0.));
#1437=DIRECTION('',(0.,-1.,0.));
#1438=DIRECTION('',(0.,0.,-1.));
#1439=DIRECTION('',(1.,0.,0.));
#1440=DIRECTION('',(1.,0.,0.));
#1441=DIRECTION('',(0.,1.,0.));
#1442=DIRECTION('',(0.,0.,1.));
#1443=DIRECTION('',(0.,-3.69218630415378E-16,1.));
#1444=DIRECTION('',(0.,1.,3.71726459137887E-16));
#1445=DIRECTION('',(0.,3.69218630415378E-16,-1.));
#1446=DIRECTION('',(0.,1.,3.69062419514066E-16));
#1447=DIRECTION('',(0.,3.69218630415378E-16,-1.));
#1448=DIRECTION('',(0.,1.,3.69062419514066E-16));
#1449=DIRECTION('',(0.,-3.69218630415378E-16,1.));
#1450=DIRECTION('',(0.,1.,3.71726459137887E-16));
#1451=DIRECTION('',(0.,3.69218630415378E-16,-1.));
#1452=DIRECTION('',(0.,1.,3.69062419514066E-16));
#1453=DIRECTION('',(0.,3.69218630415378E-16,-1.));
#1454=DIRECTION('',(0.,1.,3.69062419514066E-16));
#1455=DIRECTION('',(0.,0.,1.));
#1456=DIRECTION('',(0.,-1.,1.23908819712629E-16));
#1457=DIRECTION('',(0.,0.,1.));
#1458=DIRECTION('',(0.,-1.,1.23908819712629E-16));
#1459=DIRECTION('',(-1.,0.,0.));
#1460=DIRECTION('',(0.,0.,-1.));
#1461=DIRECTION('',(-1.,0.,0.));
#1462=DIRECTION('',(0.,0.,-1.));
#1463=DIRECTION('',(-1.,0.,0.));
#1464=DIRECTION('',(0.,1.,0.));
#1465=DIRECTION('',(0.,0.,1.));
#1466=DIRECTION('',(0.,1.,0.));
#1467=DIRECTION('',(0.,0.,1.));
#1468=DIRECTION('',(-1.,0.,0.));
#1469=DIRECTION('',(0.,0.,1.));
#1470=DIRECTION('',(-1.,0.,0.));
#1471=DIRECTION('',(0.,0.,1.));
#1472=DIRECTION('',(-1.,0.,0.));
#1473=DIRECTION('',(0.,-1.,0.));
#1474=DIRECTION('',(0.,0.,-1.));
#1475=DIRECTION('',(0.,-1.,0.));
#1476=DIRECTION('',(0.,0.,-1.));
#1477=DIRECTION('',(0.,1.,3.69218630415378E-16));
#1478=DIRECTION('',(-1.,0.,0.));
#1479=DIRECTION('',(0.,0.,1.));
#1480=DIRECTION('',(0.,1.,3.69218630415378E-16));
#1481=DIRECTION('',(0.,-1.,0.));
#1482=DIRECTION('',(1.,0.,0.));
#1483=DIRECTION('',(0.,0.,-1.));
#1484=DIRECTION('',(0.,-1.,-3.69218630415378E-16));
#1485=DIRECTION('',(0.,-1.,0.));
#1486=DIRECTION('',(0.,-1.,-3.69218630415378E-16));
#1487=DIRECTION('',(1.,0.,0.));
#1488=DIRECTION('',(0.,0.,-1.));
#1489=DIRECTION('',(1.,0.,0.));
#1490=DIRECTION('',(0.,0.,-1.));
#1491=DIRECTION('',(0.,0.,1.));
#1492=DIRECTION('',(-1.,0.,0.));
#1493=DIRECTION('',(0.,3.69218630415378E-16,-1.));
#1494=DIRECTION('',(0.,1.,3.67636450707834E-16));
#1495=DIRECTION('',(0.,3.69218630415378E-16,-1.));
#1496=DIRECTION('',(0.,1.,3.67636450707834E-16));
#1497=DIRECTION('',(0.,3.69218630415378E-16,-1.));
#1498=DIRECTION('',(0.,1.,3.67636450707834E-16));
#1499=DIRECTION('',(0.,3.69218630415378E-16,-1.));
#1500=DIRECTION('',(0.,1.,3.67636450707834E-16));
#1501=DIRECTION('',(0.,0.,-1.));
#1502=DIRECTION('',(-1.,0.,0.));
#1503=DIRECTION('',(0.,1.,0.));
#1504=DIRECTION('',(0.,-1.,0.));
#1505=DIRECTION('',(0.,-1.,0.));
#1506=DIRECTION('',(0.,0.,-1.));
#1507=DIRECTION('',(0.,1.,0.));
#1508=DIRECTION('',(0.,0.,1.));
#1509=DIRECTION('',(0.,-1.,0.));
#1510=DIRECTION('',(0.,0.,1.));
#1511=DIRECTION('',(0.,-1.,0.));
#1512=DIRECTION('',(0.,2.49933222641788E-17,-1.));
#1513=DIRECTION('',(0.,1.,0.));
#1514=DIRECTION('',(0.,-1.,0.));
#1515=DIRECTION('',(0.,1.,0.));
#1516=DIRECTION('',(0.,0.,1.));
#1517=DIRECTION('',(-1.,0.,0.));
#1518=DIRECTION('',(1.,0.,0.));
#1519=DIRECTION('',(-1.,0.,0.));
#1520=DIRECTION('',(0.,0.,1.));
#1521=DIRECTION('',(0.,-1.,0.));
#1522=DIRECTION('',(0.,1.,0.));
#1523=DIRECTION('',(0.,-1.,0.));
#1524=DIRECTION('',(0.,0.,-1.));
#1525=DIRECTION('',(-1.,0.,0.));
#1526=DIRECTION('',(1.,0.,0.));
#1527=DIRECTION('',(1.,0.,0.));
#1528=DIRECTION('',(0.,0.,-1.));
#1529=DIRECTION('',(0.,0.,-1.));
#1530=DIRECTION('',(-1.,0.,0.));
#1531=DIRECTION('',(0.,0.,1.));
#1532=DIRECTION('',(-1.,0.,0.));
#1533=DIRECTION('',(0.,0.,1.));
#1534=DIRECTION('',(-1.,0.,0.));
#1535=DIRECTION('',(0.,0.17384260160126,-0.984773451037601));
#1536=DIRECTION('',(0.,0.,-1.));
#1537=DIRECTION('',(0.,0.,1.));
#1538=DIRECTION('',(-1.,0.,0.));
#1539=DIRECTION('',(0.,0.,1.));
#1540=DIRECTION('',(-1.,0.,0.));
#1541=DIRECTION('',(0.,0.17384260160126,-0.984773451037601));
#1542=DIRECTION('',(0.,0.,-1.));
#1543=DIRECTION('',(0.,0.,1.));
#1544=DIRECTION('',(-1.,0.,0.));
#1545=DIRECTION('',(0.,0.,1.));
#1546=DIRECTION('',(-1.,0.,0.));
#1547=DIRECTION('',(0.,0.17384260160126,-0.984773451037601));
#1548=DIRECTION('',(0.,0.,-1.));
#1549=DIRECTION('',(1.,-1.17145536458252E-15,-1.04084281276942E-16));
#1550=DIRECTION('',(0.,0.,1.));
#1551=DIRECTION('',(-1.,0.,0.));
#1552=DIRECTION('',(0.,-1.,-1.04084281276942E-16));
#1553=DIRECTION('',(-1.,0.,0.));
#1554=DIRECTION('',(0.,1.,1.04084281276942E-16));
#1555=DIRECTION('',(1.,-1.17145536458252E-15,-1.04084281276942E-16));
#1556=DIRECTION('',(-1.17145536458252E-15,-1.,0.));
#1557=DIRECTION('',(-1.,1.17145536458252E-15,1.04084281276942E-16));
#1558=DIRECTION('',(2.34291072916505E-15,1.,-1.04084281276942E-16));
#1559=DIRECTION('',(1.,-2.34291072916505E-15,0.));
#1560=DIRECTION('',(-2.34291072916505E-15,-1.,1.04084281276942E-16));
#1561=DIRECTION('',(-1.,1.17145536458252E-15,1.04084281276942E-16));
#1562=DIRECTION('',(3.7364106986726E-15,1.,0.));
#1563=DIRECTION('',(0.,0.,1.));
#1564=DIRECTION('',(1.,0.,0.));
#1565=DIRECTION('',(0.,0.,1.));
#1566=DIRECTION('',(-1.,0.,0.));
#1567=DIRECTION('',(0.,0.17384260160126,-0.984773451037601));
#1568=DIRECTION('',(0.,0.,-1.));
#1569=DIRECTION('',(0.,0.,-1.));
#1570=DIRECTION('',(1.,0.,0.));
#1571=DIRECTION('',(0.,0.,1.));
#1572=DIRECTION('',(1.,0.,0.));
#1573=DIRECTION('',(0.,-1.,0.));
#1574=DIRECTION('',(0.,0.,-1.));
#1575=DIRECTION('',(0.,1.,1.04084281276942E-16));
#1576=DIRECTION('',(0.,0.,1.));
#1577=DIRECTION('',(0.,-1.,0.));
#1578=DIRECTION('',(0.,0.,-1.));
#1579=DIRECTION('',(-1.,3.7364106986726E-15,0.));
#1580=DIRECTION('',(-3.46944695195361E-15,-1.,0.));
#1581=DIRECTION('',(-1.,1.17145536458252E-15,1.04084281276942E-16));
#1582=DIRECTION('',(0.,-1.,0.));
#1583=DIRECTION('',(-1.,3.7364106986726E-15,0.));
#1584=DIRECTION('',(0.,0.,-1.));
#1585=DIRECTION('',(2.34291072916505E-15,1.,0.));
#1586=DIRECTION('',(-1.,3.46944695195361E-15,0.));
#1587=DIRECTION('',(-2.34291072916505E-15,-1.,1.04084281276942E-16));
#1588=DIRECTION('',(1.,-3.46944695195361E-15,0.));
#1589=DIRECTION('',(2.34291072916505E-15,1.,0.));
#1590=DIRECTION('',(0.,0.,-1.));
#1591=DIRECTION('',(1.,-1.17145536458252E-15,0.));
#1592=DIRECTION('',(0.,1.,0.));
#1593=DIRECTION('',(-1.,1.17145536458252E-15,1.04084281276942E-16));
#1594=DIRECTION('',(0.,-1.,0.));
#1595=DIRECTION('',(1.,-1.17145536458252E-15,0.));
#1596=DIRECTION('',(0.,0.,-1.));
#1597=DIRECTION('',(0.,0.,1.));
#1598=DIRECTION('',(1.,0.,0.));
#1599=DIRECTION('',(0.,3.69218630415378E-16,-1.));
#1600=DIRECTION('',(0.,1.,3.71726459137887E-16));
#1601=DIRECTION('',(0.,3.69218630415378E-16,-1.));
#1602=DIRECTION('',(0.,1.,3.69062419514066E-16));
#1603=DIRECTION('',(0.,3.69218630415378E-16,-1.));
#1604=DIRECTION('',(0.,1.,3.69062419514066E-16));
#1605=DIRECTION('',(0.,3.69218630415378E-16,-1.));
#1606=DIRECTION('',(0.,1.,3.71726459137887E-16));
#1607=DIRECTION('',(0.,3.69218630415378E-16,-1.));
#1608=DIRECTION('',(0.,1.,3.69062419514066E-16));
#1609=DIRECTION('',(0.,3.69218630415378E-16,-1.));
#1610=DIRECTION('',(0.,1.,3.69062419514066E-16));
#1611=DIRECTION('',(0.,0.,1.));
#1612=DIRECTION('',(0.,-1.,1.23908819712629E-16));
#1613=DIRECTION('',(0.,0.,1.));
#1614=DIRECTION('',(0.,-1.,1.23908819712629E-16));
#1615=CARTESIAN_POINT('',(0.,0.,0.));
#1616=CARTESIAN_POINT('',(-1.11803398874989,1.,2.9074481986086));
#1617=CARTESIAN_POINT('',(-1.11803398874989,1.,2.88816423166021));
#1618=CARTESIAN_POINT('',(-1.1185347240924,0.99944099176901,2.86886595196412));
#1619=CARTESIAN_POINT('',(-1.11952749642833,0.998327694066896,2.84963976272699));
#1620=CARTESIAN_POINT('',(-1.12414816914699,0.993146058626665,2.76015506933147));
#1621=CARTESIAN_POINT('',(-1.14001233498545,0.975524619031645,2.67102108730066));
#1622=CARTESIAN_POINT('',(-1.16258774231398,0.947834237312246,2.58868455799268));
#1623=CARTESIAN_POINT('',(-1.19399974740941,0.909305124680681,2.47411938357412));
#1624=CARTESIAN_POINT('',(-1.23863797498324,0.850384018617892,2.3685006856244));
#1625=CARTESIAN_POINT('',(-1.28312375811986,0.776912750151762,2.27783992463848));
#1626=CARTESIAN_POINT('',(-1.32168308306465,0.713229426736014,2.19925711691623));
#1627=CARTESIAN_POINT('',(-1.36119289135494,0.636915387307128,2.12968990499895));
#1628=CARTESIAN_POINT('',(-1.39508199024832,0.551131781414194,2.07302998241529));
#1629=CARTESIAN_POINT('',(-1.42500607027794,0.475384842965186,2.02299926123266));
#1630=CARTESIAN_POINT('',(-1.45112758886544,0.390597985209632,1.98211946520201));
#1631=CARTESIAN_POINT('',(-1.46945983898388,0.301144121000994,1.95386956085157));
#1632=CARTESIAN_POINT('',(-1.48784708329056,0.211421907701802,1.9255349107363));
#1633=CARTESIAN_POINT('',(-1.49867231697373,0.114756344122997,1.90943991216828));
#1634=CARTESIAN_POINT('',(-1.4998807827943,0.0189113036136933,1.90762703330171));
#1635=CARTESIAN_POINT('',(-1.50130477111668,-0.0940271147679857,1.90549083855631));
#1636=CARTESIAN_POINT('',(-1.48918545459927,-0.209465961142507,1.92338629165896));
#1637=CARTESIAN_POINT('',(-1.46664988647756,-0.314544290196739,1.95820540063506));
#1638=CARTESIAN_POINT('',(-1.44122596263607,-0.433090377911787,1.9974872314749));
#1639=CARTESIAN_POINT('',(-1.40195448400769,-0.543103005776646,2.05926926853753));
#1640=CARTESIAN_POINT('',(-1.35866198176954,-0.635639535660012,2.13546220086905));
#1641=CARTESIAN_POINT('',(-1.32075966801138,-0.716654686284399,2.20216863450269));
#1642=CARTESIAN_POINT('',(-1.27881812893366,-0.786933071160274,2.28157292047252));
#1643=CARTESIAN_POINT('',(-1.24052627550005,-0.84326422893063,2.36994895190584));
#1644=CARTESIAN_POINT('',(-1.20740847545541,-0.891983835114135,2.44638347975711));
#1645=CARTESIAN_POINT('',(-1.17640012813718,-0.931290844542621,2.53126708781838));
#1646=CARTESIAN_POINT('',(-1.15408958107884,-0.958163471880079,2.6212266739905));
#1647=CARTESIAN_POINT('',(-1.13162524832026,-0.985221331152982,2.71180634795862));
#1648=CARTESIAN_POINT('',(-1.1180339887499,-0.999999999999999,2.81028106769031));
#1649=CARTESIAN_POINT('',(-1.1180339887499,-0.999999999999999,2.9074481986086));
#1650=CARTESIAN_POINT('',(-1.11803398874989,1.,2.9074481986086));
#1651=CARTESIAN_POINT('',(-1.1180339887499,-0.999999999999999,2.9074481986086));
#1652=CARTESIAN_POINT('',(0.,0.,2.9074481986086));
#1653=CARTESIAN_POINT('',(-1.,-1.11803398874989,2.9074481986086));
#1654=CARTESIAN_POINT('',(-1.,-1.11803398874989,2.9074481986086));
#1655=CARTESIAN_POINT('',(-1.,-1.11803398874989,2.88816423166021));
#1656=CARTESIAN_POINT('',(-0.999440991769012,-1.1185347240924,2.86886595196412));
#1657=CARTESIAN_POINT('',(-0.998327694066897,-1.11952749642832,2.84963976272699));
#1658=CARTESIAN_POINT('',(-0.993146058626666,-1.12414816914699,2.76015506933147));
#1659=CARTESIAN_POINT('',(-0.975524619031647,-1.14001233498545,2.67102108730066));
#1660=CARTESIAN_POINT('',(-0.947834237312247,-1.16258774231398,2.58868455799268));
#1661=CARTESIAN_POINT('',(-0.909305124680683,-1.19399974740941,2.47411938357412));
#1662=CARTESIAN_POINT('',(-0.850384018617894,-1.23863797498324,2.3685006856244));
#1663=CARTESIAN_POINT('',(-0.776912750151764,-1.28312375811986,2.27783992463848));
#1664=CARTESIAN_POINT('',(-0.713229426736016,-1.32168308306465,2.19925711691623));
#1665=CARTESIAN_POINT('',(-0.63691538730713,-1.36119289135494,2.12968990499895));
#1666=CARTESIAN_POINT('',(-0.551131781414196,-1.39508199024832,2.07302998241529));
#1667=CARTESIAN_POINT('',(-0.475384842965188,-1.42500607027794,2.02299926123266));
#1668=CARTESIAN_POINT('',(-0.390597985209634,-1.45112758886544,1.98211946520201));
#1669=CARTESIAN_POINT('',(-0.301144121000996,-1.46945983898388,1.95386956085157));
#1670=CARTESIAN_POINT('',(-0.211421907701804,-1.48784708329056,1.9255349107363));
#1671=CARTESIAN_POINT('',(-0.114756344122999,-1.49867231697373,1.90943991216828));
#1672=CARTESIAN_POINT('',(-0.0189113036136954,-1.4998807827943,1.90762703330171));
#1673=CARTESIAN_POINT('',(0.0940271147679838,-1.50130477111668,1.90549083855631));
#1674=CARTESIAN_POINT('',(0.209465961142506,-1.48918545459927,1.92338629165896));
#1675=CARTESIAN_POINT('',(0.314544290196737,-1.46664988647756,1.95820540063506));
#1676=CARTESIAN_POINT('',(0.433090377911786,-1.44122596263607,1.9974872314749));
#1677=CARTESIAN_POINT('',(0.543103005776645,-1.40195448400769,2.05926926853753));
#1678=CARTESIAN_POINT('',(0.63563953566001,-1.35866198176954,2.13546220086905));
#1679=CARTESIAN_POINT('',(0.716654686284397,-1.32075966801138,2.20216863450269));
#1680=CARTESIAN_POINT('',(0.786933071160272,-1.27881812893366,2.28157292047252));
#1681=CARTESIAN_POINT('',(0.843264228930628,-1.24052627550005,2.36994895190584));
#1682=CARTESIAN_POINT('',(0.891983835114134,-1.20740847545541,2.44638347975711));
#1683=CARTESIAN_POINT('',(0.93129084454262,-1.17640012813718,2.53126708781838));
#1684=CARTESIAN_POINT('',(0.958163471880077,-1.15408958107885,2.6212266739905));
#1685=CARTESIAN_POINT('',(0.98522133115298,-1.13162524832026,2.71180634795862));
#1686=CARTESIAN_POINT('',(0.999999999999997,-1.1180339887499,2.81028106769031));
#1687=CARTESIAN_POINT('',(0.999999999999997,-1.1180339887499,2.9074481986086));
#1688=CARTESIAN_POINT('',(0.999999999999997,-1.1180339887499,2.9074481986086));
#1689=CARTESIAN_POINT('',(0.,0.,2.9074481986086));
#1690=CARTESIAN_POINT('',(1.11803398874989,-1.,2.9074481986086));
#1691=CARTESIAN_POINT('',(1.11803398874989,-1.,2.9074481986086));
#1692=CARTESIAN_POINT('',(1.11803398874989,-1.00000000000001,2.88816423166021));
#1693=CARTESIAN_POINT('',(1.1185347240924,-0.99944099176901,2.86886595196412));
#1694=CARTESIAN_POINT('',(1.11952749642833,-0.998327694066896,2.84963976272699));
#1695=CARTESIAN_POINT('',(1.12414816914699,-0.993146058626665,2.76015506933147));
#1696=CARTESIAN_POINT('',(1.14001233498545,-0.975524619031646,2.67102108730066));
#1697=CARTESIAN_POINT('',(1.16258774231398,-0.947834237312246,2.58868455799268));
#1698=CARTESIAN_POINT('',(1.19399974740941,-0.909305124680681,2.47411938357412));
#1699=CARTESIAN_POINT('',(1.23863797498324,-0.850384018617892,2.3685006856244));
#1700=CARTESIAN_POINT('',(1.28312375811986,-0.776912750151762,2.27783992463848));
#1701=CARTESIAN_POINT('',(1.32168308306465,-0.713229426736014,2.19925711691623));
#1702=CARTESIAN_POINT('',(1.36119289135494,-0.636915387307128,2.12968990499895));
#1703=CARTESIAN_POINT('',(1.39508199024832,-0.551131781414195,2.07302998241529));
#1704=CARTESIAN_POINT('',(1.42500607027794,-0.475384842965186,2.02299926123266));
#1705=CARTESIAN_POINT('',(1.45112758886544,-0.390597985209632,1.98211946520201));
#1706=CARTESIAN_POINT('',(1.46945983898388,-0.301144121000995,1.95386956085157));
#1707=CARTESIAN_POINT('',(1.48784708329056,-0.211421907701802,1.9255349107363));
#1708=CARTESIAN_POINT('',(1.49867231697373,-0.114756344122998,1.90943991216828));
#1709=CARTESIAN_POINT('',(1.4998807827943,-0.0189113036136935,1.90762703330171));
#1710=CARTESIAN_POINT('',(1.50130477111668,0.0940271147679856,1.90549083855631));
#1711=CARTESIAN_POINT('',(1.48918545459927,0.209465961142507,1.92338629165896));
#1712=CARTESIAN_POINT('',(1.46664988647756,0.314544290196739,1.95820540063506));
#1713=CARTESIAN_POINT('',(1.44122596263607,0.433090377911787,1.9974872314749));
#1714=CARTESIAN_POINT('',(1.40195448400769,0.543103005776646,2.05926926853753));
#1715=CARTESIAN_POINT('',(1.35866198176954,0.635639535660011,2.13546220086905));
#1716=CARTESIAN_POINT('',(1.32075966801138,0.716654686284399,2.20216863450269));
#1717=CARTESIAN_POINT('',(1.27881812893366,0.786933071160273,2.28157292047252));
#1718=CARTESIAN_POINT('',(1.24052627550005,0.84326422893063,2.36994895190584));
#1719=CARTESIAN_POINT('',(1.20740847545541,0.891983835114135,2.44638347975711));
#1720=CARTESIAN_POINT('',(1.17640012813718,0.931290844542621,2.53126708781838));
#1721=CARTESIAN_POINT('',(1.15408958107884,0.958163471880079,2.6212266739905));
#1722=CARTESIAN_POINT('',(1.13162524832026,0.985221331152982,2.71180634795862));
#1723=CARTESIAN_POINT('',(1.1180339887499,0.999999999999999,2.81028106769031));
#1724=CARTESIAN_POINT('',(1.1180339887499,0.999999999999999,2.9074481986086));
#1725=CARTESIAN_POINT('',(1.1180339887499,0.999999999999999,2.9074481986086));
#1726=CARTESIAN_POINT('',(0.,0.,2.9074481986086));
#1727=CARTESIAN_POINT('',(1.,1.11803398874989,2.9074481986086));
#1728=CARTESIAN_POINT('',(1.,1.11803398874989,2.9074481986086));
#1729=CARTESIAN_POINT('',(1.,1.11803398874989,2.88816423166021));
#1730=CARTESIAN_POINT('',(0.999440991769009,1.1185347240924,2.86886595196412));
#1731=CARTESIAN_POINT('',(0.998327694066894,1.11952749642833,2.84963976272699));
#1732=CARTESIAN_POINT('',(0.993146058626664,1.12414816914699,2.76015506933147));
#1733=CARTESIAN_POINT('',(0.975524619031644,1.14001233498545,2.67102108730066));
#1734=CARTESIAN_POINT('',(0.947834237312245,1.16258774231398,2.58868455799268));
#1735=CARTESIAN_POINT('',(0.90930512468068,1.19399974740941,2.47411938357412));
#1736=CARTESIAN_POINT('',(0.850384018617891,1.23863797498324,2.3685006856244));
#1737=CARTESIAN_POINT('',(0.776912750151761,1.28312375811986,2.27783992463848));
#1738=CARTESIAN_POINT('',(0.713229426736013,1.32168308306466,2.19925711691623));
#1739=CARTESIAN_POINT('',(0.636915387307127,1.36119289135494,2.12968990499895));
#1740=CARTESIAN_POINT('',(0.551131781414193,1.39508199024832,2.07302998241529));
#1741=CARTESIAN_POINT('',(0.475384842965185,1.42500607027794,2.02299926123266));
#1742=CARTESIAN_POINT('',(0.39059798520963,1.45112758886544,1.98211946520201));
#1743=CARTESIAN_POINT('',(0.301144121000993,1.46945983898388,1.95386956085157));
#1744=CARTESIAN_POINT('',(0.211421907701801,1.48784708329056,1.9255349107363));
#1745=CARTESIAN_POINT('',(0.114756344122996,1.49867231697373,1.90943991216828));
#1746=CARTESIAN_POINT('',(0.0189113036136919,1.4998807827943,1.90762703330171));
#1747=CARTESIAN_POINT('',(-0.0940271147679872,1.50130477111668,1.90549083855631));
#1748=CARTESIAN_POINT('',(-0.209465961142509,1.48918545459927,1.92338629165896));
#1749=CARTESIAN_POINT('',(-0.314544290196741,1.46664988647756,1.95820540063506));
#1750=CARTESIAN_POINT('',(-0.433090377911789,1.44122596263607,1.9974872314749));
#1751=CARTESIAN_POINT('',(-0.543103005776648,1.40195448400769,2.05926926853753));
#1752=CARTESIAN_POINT('',(-0.635639535660013,1.35866198176954,2.13546220086905));
#1753=CARTESIAN_POINT('',(-0.7166546862844,1.32075966801138,2.20216863450269));
#1754=CARTESIAN_POINT('',(-0.786933071160275,1.27881812893366,2.28157292047252));
#1755=CARTESIAN_POINT('',(-0.843264228930631,1.24052627550005,2.36994895190584));
#1756=CARTESIAN_POINT('',(-0.891983835114137,1.20740847545541,2.44638347975711));
#1757=CARTESIAN_POINT('',(-0.931290844542623,1.17640012813718,2.53126708781838));
#1758=CARTESIAN_POINT('',(-0.95816347188008,1.15408958107884,2.6212266739905));
#1759=CARTESIAN_POINT('',(-0.985221331152983,1.13162524832026,2.71180634795862));
#1760=CARTESIAN_POINT('',(-1.,1.11803398874989,2.81028106769031));
#1761=CARTESIAN_POINT('',(-1.,1.11803398874989,2.9074481986086));
#1762=CARTESIAN_POINT('',(-1.,1.11803398874989,2.9074481986086));
#1763=CARTESIAN_POINT('',(0.,0.,2.9074481986086));
#1764=CARTESIAN_POINT('',(0.,0.,-4.0925518013914));
#1765=CARTESIAN_POINT('',(0.,-1.5,-4.0925518013914));
#1766=CARTESIAN_POINT('',(0.,0.,-33.1));
#1767=CARTESIAN_POINT('',(1.25778431675984,0.913228321649961,2.50000000247027));
#1768=CARTESIAN_POINT('',(1.24875505914143,0.921433826504555,2.51839129613084));
#1769=CARTESIAN_POINT('',(1.23988560653294,0.929117322268326,2.53710590979169));
#1770=CARTESIAN_POINT('',(1.23124338110439,0.936252064701964,2.55611919135001));
#1771=CARTESIAN_POINT('',(1.22263298352403,0.943360531091207,2.57506245022215));
#1772=CARTESIAN_POINT('',(1.21424036696609,0.949930683432093,2.59431952674472));
#1773=CARTESIAN_POINT('',(1.20613803220407,0.955932153028377,2.61386053060033));
#1774=CARTESIAN_POINT('',(1.19658533699675,0.963007917179478,2.63689947670175));
#1775=CARTESIAN_POINT('',(1.18742364129983,0.969302298749926,2.66036424785684));
#1776=CARTESIAN_POINT('',(1.17878139734815,0.974759248383353,2.68418958692448));
#1777=CARTESIAN_POINT('',(1.17013798735001,0.980216934290468,2.70801814060311));
#1778=CARTESIAN_POINT('',(1.16200052955027,0.984845504981468,2.73224710423961));
#1779=CARTESIAN_POINT('',(1.1545036840819,0.988585147474049,2.75678497750367));
#1780=CARTESIAN_POINT('',(1.14700568150765,0.992325367164384,2.78132663808307));
#1781=CARTESIAN_POINT('',(1.14013504096335,0.995182905898083,2.80622504419453));
#1782=CARTESIAN_POINT('',(1.1340228229829,0.99710063494044,2.83135402142421));
#1783=CARTESIAN_POINT('',(1.12790967022859,0.999018657271251,2.85648684176141));
#1784=CARTESIAN_POINT('',(1.12254287949023,0.999999999999999,2.88190650703085));
#1785=CARTESIAN_POINT('',(1.1180339887499,0.999999999999999,2.9074481986086));
#1786=CARTESIAN_POINT('',(1.25778431675984,0.913228321649961,2.50000000247027));
#1787=CARTESIAN_POINT('',(0.,0.,2.50000000247027));
#1788=CARTESIAN_POINT('',(0.913228321649963,1.25778431675984,2.50000000247027));
#1789=CARTESIAN_POINT('',(1.,1.11803398874989,2.9074481986086));
#1790=CARTESIAN_POINT('',(1.,1.12180525844308,2.88608493812901));
#1791=CARTESIAN_POINT('',(0.999314023068379,1.12617538895089,2.86480977985845));
#1792=CARTESIAN_POINT('',(0.997967354287383,1.13108048006072,2.84372096913295));
#1793=CARTESIAN_POINT('',(0.99662906288426,1.13595505750431,2.8227633480057));
#1794=CARTESIAN_POINT('',(0.994636521191692,1.14136510210825,2.80195656339295));
#1795=CARTESIAN_POINT('',(0.992021390159259,1.14723707142568,2.78137852951055));
#1796=CARTESIAN_POINT('',(0.988850804525294,1.15435624875562,2.75642971517061));
#1797=CARTESIAN_POINT('',(0.984759311930623,1.16216722270053,2.73177148122788));
#1798=CARTESIAN_POINT('',(0.979808180988032,1.17053186090845,2.70750838649274));
#1799=CARTESIAN_POINT('',(0.974857732849118,1.17889534556059,2.68324863784771));
#1800=CARTESIAN_POINT('',(0.96903970929441,1.18782631952139,2.65934067183786));
#1801=CARTESIAN_POINT('',(0.96241324777271,1.1971904632054,2.63585891216382));
#1802=CARTESIAN_POINT('',(0.955787506972774,1.20655358840585,2.6123797064645));
#1803=CARTESIAN_POINT('',(0.94834383249094,1.21636351757729,2.58929076535032));
#1804=CARTESIAN_POINT('',(0.940134973385127,1.22649587632742,2.56664586320265));
#1805=CARTESIAN_POINT('',(0.931926761955579,1.2366274356378,2.54400274773026));
#1806=CARTESIAN_POINT('',(0.922942880845103,1.24709451044364,2.52177359399289));
#1807=CARTESIAN_POINT('',(0.913228321649963,1.25778431675984,2.50000000247027));
#1808=CARTESIAN_POINT('',(-1.,-1.11803398874989,2.9074481986086));
#1809=CARTESIAN_POINT('',(0.,0.,4.1));
#1810=CARTESIAN_POINT('',(-1.,17.6664103559248,2.50000000247025));
#1811=CARTESIAN_POINT('',(-0.913228321649963,17.6664103559248,2.50000000247025));
#1812=CARTESIAN_POINT('',(0.913228321649963,17.6664103559248,2.50000000247025));
#1813=CARTESIAN_POINT('',(0.,17.6664103559248,2.9074481986086));
#1814=CARTESIAN_POINT('',(1.,17.6664103559248,1.9074481986086));
#1815=CARTESIAN_POINT('',(0.913228321649963,2.99988343471606,2.50000000247025));
#1816=CARTESIAN_POINT('',(-0.913228321649963,2.99988343471606,2.50000000247025));
#1817=CARTESIAN_POINT('',(-0.913228321649963,1.25778431675984,2.50000000247027));
#1818=CARTESIAN_POINT('',(-0.913228321649963,1.25778431675984,2.50000000247027));
#1819=CARTESIAN_POINT('',(-0.921433826504556,1.24875505914142,2.51839129613084));
#1820=CARTESIAN_POINT('',(-0.929117322268327,1.23988560653294,2.53710590979169));
#1821=CARTESIAN_POINT('',(-0.936252064701965,1.23124338110439,2.55611919135001));
#1822=CARTESIAN_POINT('',(-0.943360531091208,1.22263298352403,2.57506245022215));
#1823=CARTESIAN_POINT('',(-0.949930683432094,1.21424036696609,2.59431952674472));
#1824=CARTESIAN_POINT('',(-0.955932153028377,1.20613803220407,2.61386053060033));
#1825=CARTESIAN_POINT('',(-0.963007917179478,1.19658533699675,2.63689947670175));
#1826=CARTESIAN_POINT('',(-0.969302298749927,1.18742364129983,2.66036424785684));
#1827=CARTESIAN_POINT('',(-0.974759248383354,1.17878139734815,2.68418958692448));
#1828=CARTESIAN_POINT('',(-0.980216934290469,1.17013798735001,2.70801814060311));
#1829=CARTESIAN_POINT('',(-0.984845504981468,1.16200052955027,2.73224710423961));
#1830=CARTESIAN_POINT('',(-0.988585147474049,1.1545036840819,2.75678497750367));
#1831=CARTESIAN_POINT('',(-0.992325367164385,1.14700568150765,2.78132663808307));
#1832=CARTESIAN_POINT('',(-0.995182905898085,1.14013504096335,2.80622504419453));
#1833=CARTESIAN_POINT('',(-0.997100634940441,1.13402282298289,2.83135402142421));
#1834=CARTESIAN_POINT('',(-0.999018657271253,1.12790967022859,2.85648684176141));
#1835=CARTESIAN_POINT('',(-1.,1.12254287949023,2.88190650703085));
#1836=CARTESIAN_POINT('',(-1.,1.11803398874989,2.9074481986086));
#1837=CARTESIAN_POINT('',(0.,2.99988343471606,2.9074481986086));
#1838=CARTESIAN_POINT('',(-1.11803398874989,1.,2.9074481986086));
#1839=CARTESIAN_POINT('',(-1.12180525844307,1.,2.88608493812901));
#1840=CARTESIAN_POINT('',(-1.12617538895089,0.99931402306838,2.86480977985845));
#1841=CARTESIAN_POINT('',(-1.13108048006072,0.997967354287384,2.84372096913295));
#1842=CARTESIAN_POINT('',(-1.13595505750431,0.996629062884261,2.8227633480057));
#1843=CARTESIAN_POINT('',(-1.14136510210825,0.994636521191693,2.80195656339295));
#1844=CARTESIAN_POINT('',(-1.14723707142568,0.992021390159261,2.78137852951055));
#1845=CARTESIAN_POINT('',(-1.15435624875562,0.988850804525295,2.75642971517061));
#1846=CARTESIAN_POINT('',(-1.16216722270053,0.984759311930624,2.73177148122788));
#1847=CARTESIAN_POINT('',(-1.17053186090845,0.979808180988033,2.70750838649274));
#1848=CARTESIAN_POINT('',(-1.17889534556059,0.974857732849119,2.68324863784771));
#1849=CARTESIAN_POINT('',(-1.18782631952139,0.969039709294411,2.65934067183786));
#1850=CARTESIAN_POINT('',(-1.1971904632054,0.962413247772712,2.63585891216382));
#1851=CARTESIAN_POINT('',(-1.20655358840584,0.955787506972775,2.6123797064645));
#1852=CARTESIAN_POINT('',(-1.21636351757729,0.948343832490942,2.58929076535032));
#1853=CARTESIAN_POINT('',(-1.22649587632742,0.940134973385129,2.56664586320265));
#1854=CARTESIAN_POINT('',(-1.2366274356378,0.931926761955581,2.54400274773026));
#1855=CARTESIAN_POINT('',(-1.24709451044364,0.922942880845104,2.52177359399289));
#1856=CARTESIAN_POINT('',(-1.25778431675984,0.913228321649964,2.50000000247027));
#1857=CARTESIAN_POINT('',(-1.25778431675984,0.913228321649964,2.50000000247027));
#1858=CARTESIAN_POINT('',(0.,0.,2.50000000247027));
#1859=CARTESIAN_POINT('',(-1.,-1.11803398874989,2.9074481986086));
#1860=CARTESIAN_POINT('',(0.,0.,4.1));
#1861=CARTESIAN_POINT('',(-17.6664103559248,-1.18996107287195,2.50000000247025));
#1862=CARTESIAN_POINT('',(-17.6664103559248,-0.913228321649944,2.50000000247026));
#1863=CARTESIAN_POINT('',(-17.6664103559248,0.913228321649982,2.50000000247025));
#1864=CARTESIAN_POINT('',(-17.6664103559248,2.06506285935976E-14,2.9074481986086));
#1865=CARTESIAN_POINT('',(-17.6664103559248,1.00000000000002,1.9074481986086));
#1866=CARTESIAN_POINT('',(-2.99988343471606,0.913228321649966,2.50000000247025));
#1867=CARTESIAN_POINT('',(-2.99988343471606,-0.913228321649959,2.50000000247025));
#1868=CARTESIAN_POINT('',(-1.25778431675984,-0.913228321649961,2.50000000247027));
#1869=CARTESIAN_POINT('',(-1.25778431675984,-0.913228321649961,2.50000000247027));
#1870=CARTESIAN_POINT('',(-1.24875505914143,-0.921433826504555,2.51839129613084));
#1871=CARTESIAN_POINT('',(-1.23988560653294,-0.929117322268325,2.53710590979169));
#1872=CARTESIAN_POINT('',(-1.23124338110439,-0.936252064701963,2.55611919135001));
#1873=CARTESIAN_POINT('',(-1.22263298352403,-0.943360531091206,2.57506245022215));
#1874=CARTESIAN_POINT('',(-1.2142403669661,-0.949930683432093,2.59431952674472));
#1875=CARTESIAN_POINT('',(-1.20613803220407,-0.955932153028376,2.61386053060033));
#1876=CARTESIAN_POINT('',(-1.19658533699675,-0.963007917179477,2.63689947670175));
#1877=CARTESIAN_POINT('',(-1.18742364129983,-0.969302298749925,2.66036424785684));
#1878=CARTESIAN_POINT('',(-1.17878139734815,-0.974759248383352,2.68418958692448));
#1879=CARTESIAN_POINT('',(-1.17013798735001,-0.980216934290468,2.70801814060311));
#1880=CARTESIAN_POINT('',(-1.16200052955027,-0.984845504981468,2.73224710423961));
#1881=CARTESIAN_POINT('',(-1.1545036840819,-0.988585147474049,2.75678497750367));
#1882=CARTESIAN_POINT('',(-1.14700568150765,-0.992325367164385,2.78132663808307));
#1883=CARTESIAN_POINT('',(-1.14013504096335,-0.995182905898083,2.80622504419453));
#1884=CARTESIAN_POINT('',(-1.1340228229829,-0.99710063494044,2.83135402142421));
#1885=CARTESIAN_POINT('',(-1.12790967022859,-0.999018657271252,2.85648684176141));
#1886=CARTESIAN_POINT('',(-1.12254287949023,-0.999999999999999,2.88190650703085));
#1887=CARTESIAN_POINT('',(-1.1180339887499,-0.999999999999999,2.9074481986086));
#1888=CARTESIAN_POINT('',(-2.99988343471606,3.46944695195361E-15,2.9074481986086));
#1889=CARTESIAN_POINT('',(-1.,-1.11803398874989,2.9074481986086));
#1890=CARTESIAN_POINT('',(-1.,-1.12180525844307,2.88608493812901));
#1891=CARTESIAN_POINT('',(-0.999314023068382,-1.12617538895089,2.86480977985845));
#1892=CARTESIAN_POINT('',(-0.997967354287385,-1.13108048006072,2.84372096913295));
#1893=CARTESIAN_POINT('',(-0.996629062884263,-1.13595505750431,2.8227633480057));
#1894=CARTESIAN_POINT('',(-0.994636521191694,-1.14136510210825,2.80195656339295));
#1895=CARTESIAN_POINT('',(-0.992021390159262,-1.14723707142567,2.78137852951055));
#1896=CARTESIAN_POINT('',(-0.988850804525297,-1.15435624875562,2.75642971517061));
#1897=CARTESIAN_POINT('',(-0.984759311930625,-1.16216722270053,2.73177148122788));
#1898=CARTESIAN_POINT('',(-0.979808180988035,-1.17053186090845,2.70750838649274));
#1899=CARTESIAN_POINT('',(-0.974857732849121,-1.17889534556059,2.68324863784771));
#1900=CARTESIAN_POINT('',(-0.969039709294412,-1.18782631952139,2.65934067183786));
#1901=CARTESIAN_POINT('',(-0.962413247772713,-1.1971904632054,2.63585891216382));
#1902=CARTESIAN_POINT('',(-0.955787506972776,-1.20655358840584,2.6123797064645));
#1903=CARTESIAN_POINT('',(-0.948343832490943,-1.21636351757729,2.58929076535032));
#1904=CARTESIAN_POINT('',(-0.94013497338513,-1.22649587632742,2.56664586320265));
#1905=CARTESIAN_POINT('',(-0.931926761955582,-1.2366274356378,2.54400274773026));
#1906=CARTESIAN_POINT('',(-0.922942880845106,-1.24709451044364,2.52177359399289));
#1907=CARTESIAN_POINT('',(-0.913228321649966,-1.25778431675984,2.50000000247027));
#1908=CARTESIAN_POINT('',(-0.913228321649966,-1.25778431675984,2.50000000247027));
#1909=CARTESIAN_POINT('',(0.,0.,2.50000000247027));
#1910=CARTESIAN_POINT('',(-1.,-1.11803398874989,2.9074481986086));
#1911=CARTESIAN_POINT('',(0.,0.,4.1));
#1912=CARTESIAN_POINT('',(-1.00000000000004,-17.6664103559248,2.50000000247025));
#1913=CARTESIAN_POINT('',(0.913228321649925,-17.6664103559248,2.50000000247026));
#1914=CARTESIAN_POINT('',(-0.913228321650001,-17.6664103559248,2.50000000247024));
#1915=CARTESIAN_POINT('',(-4.13908223687286E-14,-17.6664103559248,2.9074481986086));
#1916=CARTESIAN_POINT('',(-1.00000000000004,-17.6664103559248,1.9074481986086));
#1917=CARTESIAN_POINT('',(-0.913228321649963,2.13961243297109E-15,2.50000000247025));
#1918=CARTESIAN_POINT('',(0.913228321649963,-2.13961243297109E-15,2.50000000247025));
#1919=CARTESIAN_POINT('',(0.91322832164996,-1.25778431675984,2.50000000247027));
#1920=CARTESIAN_POINT('',(0.91322832164996,-1.25778431675984,2.50000000247027));
#1921=CARTESIAN_POINT('',(0.921433826504554,-1.24875505914143,2.51839129613084));
#1922=CARTESIAN_POINT('',(0.929117322268324,-1.23988560653294,2.53710590979169));
#1923=CARTESIAN_POINT('',(0.936252064701962,-1.2312433811044,2.55611919135001));
#1924=CARTESIAN_POINT('',(0.943360531091205,-1.22263298352403,2.57506245022215));
#1925=CARTESIAN_POINT('',(0.949930683432092,-1.2142403669661,2.59431952674472));
#1926=CARTESIAN_POINT('',(0.955932153028375,-1.20613803220407,2.61386053060033));
#1927=CARTESIAN_POINT('',(0.963007917179476,-1.19658533699675,2.63689947670175));
#1928=CARTESIAN_POINT('',(0.969302298749925,-1.18742364129983,2.66036424785684));
#1929=CARTESIAN_POINT('',(0.974759248383351,-1.17878139734815,2.68418958692448));
#1930=CARTESIAN_POINT('',(0.980216934290467,-1.17013798735001,2.70801814060311));
#1931=CARTESIAN_POINT('',(0.984845504981466,-1.16200052955027,2.73224710423961));
#1932=CARTESIAN_POINT('',(0.988585147474047,-1.15450368408191,2.75678497750367));
#1933=CARTESIAN_POINT('',(0.992325367164382,-1.14700568150765,2.78132663808307));
#1934=CARTESIAN_POINT('',(0.995182905898083,-1.14013504096335,2.80622504419453));
#1935=CARTESIAN_POINT('',(0.997100634940439,-1.1340228229829,2.83135402142421));
#1936=CARTESIAN_POINT('',(0.999018657271251,-1.12790967022859,2.85648684176141));
#1937=CARTESIAN_POINT('',(0.999999999999997,-1.12254287949023,2.88190650703085));
#1938=CARTESIAN_POINT('',(0.999999999999997,-1.1180339887499,2.9074481986086));
#1939=CARTESIAN_POINT('',(0.,0.,2.9074481986086));
#1940=CARTESIAN_POINT('',(1.11803398874989,-1.,2.9074481986086));
#1941=CARTESIAN_POINT('',(1.12180525844307,-1.,2.88608493812901));
#1942=CARTESIAN_POINT('',(1.12617538895089,-0.99931402306838,2.86480977985845));
#1943=CARTESIAN_POINT('',(1.13108048006072,-0.997967354287384,2.84372096913295));
#1944=CARTESIAN_POINT('',(1.13595505750431,-0.996629062884261,2.8227633480057));
#1945=CARTESIAN_POINT('',(1.14136510210825,-0.994636521191693,2.80195656339295));
#1946=CARTESIAN_POINT('',(1.14723707142568,-0.992021390159261,2.78137852951055));
#1947=CARTESIAN_POINT('',(1.15435624875562,-0.988850804525295,2.75642971517061));
#1948=CARTESIAN_POINT('',(1.16216722270053,-0.984759311930624,2.73177148122788));
#1949=CARTESIAN_POINT('',(1.17053186090845,-0.979808180988033,2.70750838649274));
#1950=CARTESIAN_POINT('',(1.17889534556059,-0.974857732849119,2.68324863784771));
#1951=CARTESIAN_POINT('',(1.18782631952139,-0.969039709294411,2.65934067183786));
#1952=CARTESIAN_POINT('',(1.1971904632054,-0.962413247772712,2.63585891216382));
#1953=CARTESIAN_POINT('',(1.20655358840584,-0.955787506972775,2.6123797064645));
#1954=CARTESIAN_POINT('',(1.21636351757729,-0.948343832490942,2.58929076535032));
#1955=CARTESIAN_POINT('',(1.22649587632742,-0.940134973385129,2.56664586320265));
#1956=CARTESIAN_POINT('',(1.2366274356378,-0.931926761955581,2.54400274773026));
#1957=CARTESIAN_POINT('',(1.24709451044364,-0.922942880845104,2.52177359399289));
#1958=CARTESIAN_POINT('',(1.25778431675984,-0.913228321649964,2.50000000247027));
#1959=CARTESIAN_POINT('',(1.25778431675984,-0.913228321649964,2.50000000247027));
#1960=CARTESIAN_POINT('',(0.,0.,2.50000000247027));
#1961=CARTESIAN_POINT('',(-1.,-1.11803398874989,2.9074481986086));
#1962=CARTESIAN_POINT('',(0.,0.,4.1));
#1963=CARTESIAN_POINT('',(17.6664103559248,-1.18996107287204,2.50000000247025));
#1964=CARTESIAN_POINT('',(17.6664103559248,0.913228321649906,2.50000000247027));
#1965=CARTESIAN_POINT('',(17.6664103559248,-0.91322832165002,2.50000000247023));
#1966=CARTESIAN_POINT('',(17.6664103559248,-6.60089646610178E-14,2.9074481986086));
#1967=CARTESIAN_POINT('',(17.6664103559248,-1.00000000000007,1.9074481986086));
#1968=CARTESIAN_POINT('',(-2.99988343471606,-0.913228321649959,2.50000000247025));
#1969=CARTESIAN_POINT('',(-2.99988343471606,0.913228321649966,2.50000000247025));
#1970=CARTESIAN_POINT('',(-2.99988343471606,3.46944695195361E-15,2.9074481986086));
#1971=CARTESIAN_POINT('',(-24.665,-24.6664103559248,-4.09255180139141));
#1972=CARTESIAN_POINT('',(-24.665,-24.6664103559248,-4.09255180139141));
#1973=CARTESIAN_POINT('',(-24.665,24.6664103559248,-4.09255180139139));
#1974=CARTESIAN_POINT('',(24.665,24.6664103559248,-4.09255180139139));
#1975=CARTESIAN_POINT('',(24.665,24.6664103559248,-4.09255180139139));
#1976=CARTESIAN_POINT('',(24.665,-24.6664103559248,-4.09255180139141));
#1977=CARTESIAN_POINT('',(24.665,-24.6664103559248,-4.09255180139141));
#1978=CARTESIAN_POINT('',(24.665,-24.6664103559248,-4.09255180139141));
#1979=CARTESIAN_POINT('',(24.665,-24.6664103559248,-4.09255180139141));
#1980=CARTESIAN_POINT('',(0.,0.,2.50000000247024));
#1981=CARTESIAN_POINT('',(-17.6946900188709,0.,2.50000000247024));
#1982=CARTESIAN_POINT('',(-1.,-1.18996107287197,2.50000000247025));
#1983=CARTESIAN_POINT('',(8.69270378293174,15.4122988488458,2.90744819860861));
#1984=CARTESIAN_POINT('',(8.67853182254071,15.4202919882801,2.87652543401473));
#1985=CARTESIAN_POINT('',(8.65985603854563,15.4307990178095,2.84793259518093));
#1986=CARTESIAN_POINT('',(8.638299680227,15.4428570380781,2.82321661507269));
#1987=CARTESIAN_POINT('',(8.61423304971748,15.4563192339737,2.79562241979383));
#1988=CARTESIAN_POINT('',(8.58604042494348,15.4720119105269,2.77218839190961));
#1989=CARTESIAN_POINT('',(8.55587172396612,15.4886769579253,2.75391276026385));
#1990=CARTESIAN_POINT('',(8.52187041094486,15.5074591220473,2.73331540432482));
#1991=CARTESIAN_POINT('',(8.48454766594213,15.5279224317292,2.71875047509822));
#1992=CARTESIAN_POINT('',(8.44655636845567,15.5485607172635,2.71076094861316));
#1993=CARTESIAN_POINT('',(8.42287745633112,15.5614239828506,2.70578130042862));
#1994=CARTESIAN_POINT('',(8.39866738085973,15.5745045520231,2.70326907043302));
#1995=CARTESIAN_POINT('',(8.37452730149358,15.5874740525996,2.70326907043302));
#1996=CARTESIAN_POINT('',(8.33137985728405,15.6106554512216,2.70326907043302));
#1997=CARTESIAN_POINT('',(8.28751126088983,15.6339807009342,2.71141771475344));
#1998=CARTESIAN_POINT('',(8.24657650610803,15.6555431331153,2.72749523176545));
#1999=CARTESIAN_POINT('',(8.20553570627315,15.677161424658,2.74361439898775));
#2000=CARTESIAN_POINT('',(8.1661892042893,15.6976690112994,2.76829497356675));
#2001=CARTESIAN_POINT('',(8.13291582257876,15.7148889619614,2.80004211046115));
#2002=CARTESIAN_POINT('',(8.10229811879042,15.7307345214301,2.82925538496438));
#2003=CARTESIAN_POINT('',(8.07586901526408,15.7442952509138,2.86550788355815));
#2004=CARTESIAN_POINT('',(8.05722685860415,15.753829699883,2.905551674903));
#2005=CARTESIAN_POINT('',(8.05693304495887,15.7539799695786,2.90618279352949));
#2006=CARTESIAN_POINT('',(8.0566410280529,15.7541293099704,2.90681497403403));
#2007=CARTESIAN_POINT('',(8.05635082005542,15.754277715215,2.9074481986086));
#2008=CARTESIAN_POINT('',(8.69270378293174,15.4122988488458,2.90744819860861));
#2009=CARTESIAN_POINT('',(8.05635082005542,15.754277715215,2.9074481986086));
#2010=CARTESIAN_POINT('',(8.69270378293174,24.6664103559248,2.90744819860861));
#2011=CARTESIAN_POINT('',(8.69270378293174,24.6664103559248,2.90744819860861));
#2012=CARTESIAN_POINT('',(8.37452730149358,24.6664103559248,3.05326907043302));
#2013=CARTESIAN_POINT('',(8.05635082005542,24.6664103559248,2.90744819860861));
#2014=CARTESIAN_POINT('',(8.05635082005542,24.6664103559248,2.90744819860861));
#2015=CARTESIAN_POINT('',(8.37452730149358,24.6664103559248,3.05326907043302));
#2016=CARTESIAN_POINT('',(15.8066283529075,-7.9531474886984,2.9074481986086));
#2017=CARTESIAN_POINT('',(15.8122255013779,-7.94202333365988,2.89260661583883));
#2018=CARTESIAN_POINT('',(15.8183727058394,-7.92977642217846,2.87873939230197));
#2019=CARTESIAN_POINT('',(15.8249222961939,-7.91668422910459,2.86604904864479));
#2020=CARTESIAN_POINT('',(15.8384449171933,-7.88965341413668,2.83984791264405));
#2021=CARTESIAN_POINT('',(15.8539329508442,-7.85851201162361,2.81827614407434));
#2022=CARTESIAN_POINT('',(15.8701595298768,-7.82560485586832,2.80234369299965));
#2023=CARTESIAN_POINT('',(15.8880793395307,-7.78926386457232,2.78474870332219));
#2024=CARTESIAN_POINT('',(15.9073449251955,-7.7498623063689,2.77357651901211));
#2025=CARTESIAN_POINT('',(15.9265049697549,-7.71028496959097,2.76934591690256));
#2026=CARTESIAN_POINT('',(15.9470767953409,-7.66779143222831,2.76480358880663));
#2027=CARTESIAN_POINT('',(15.9680889212145,-7.62393044684749,2.76815930427359));
#2028=CARTESIAN_POINT('',(15.9878392493463,-7.58228534157008,2.77934604710521));
#2029=CARTESIAN_POINT('',(16.0078109335403,-7.54017348979349,2.7906581677698));
#2030=CARTESIAN_POINT('',(16.0270910932473,-7.49906520739041,2.81038127794187));
#2031=CARTESIAN_POINT('',(16.043819143275,-7.46310405674551,2.83734807771668));
#2032=CARTESIAN_POINT('',(16.0559441652291,-7.43703827260779,2.85689447067713));
#2033=CARTESIAN_POINT('',(16.0669911994086,-7.41311932144876,2.88063233102762));
#2034=CARTESIAN_POINT('',(16.0762342691349,-7.39302012629616,2.9074481986086));
#2035=CARTESIAN_POINT('',(15.8066283529075,-7.9531474886984,2.9074481986086));
#2036=CARTESIAN_POINT('',(16.0762342691349,-7.39302012629616,2.9074481986086));
#2037=CARTESIAN_POINT('',(24.665,-7.9531474886984,2.9074481986086));
#2038=CARTESIAN_POINT('',(24.665,-7.9531474886984,2.9074481986086));
#2039=CARTESIAN_POINT('',(24.665,-7.67308380749728,3.11736326350885));
#2040=CARTESIAN_POINT('',(24.665,-7.39302012629616,2.9074481986086));
#2041=CARTESIAN_POINT('',(24.665,-7.39302012629616,2.9074481986086));
#2042=CARTESIAN_POINT('',(24.665,-7.67308380749728,3.11736326350885));
#2043=CARTESIAN_POINT('',(-8.81651859384559,-19.6664103559248,2.93958876455514));
#2044=CARTESIAN_POINT('',(-10.3161742156537,-19.6664103559248,2.90744819860859));
#2045=CARTESIAN_POINT('',(-7.31686297203749,-19.6664103559248,2.90744819860859));
#2046=CARTESIAN_POINT('',(-10.3161742156537,-24.6664103559248,2.90744819860859));
#2047=CARTESIAN_POINT('',(-10.3161742156537,-24.6664103559248,2.90744819860859));
#2048=CARTESIAN_POINT('',(-8.81651859384559,-24.6664103559248,2.93958876455514));
#2049=CARTESIAN_POINT('',(-7.31686297203749,-24.6664103559248,2.90744819860859));
#2050=CARTESIAN_POINT('',(-7.31686297203749,-24.6664103559248,2.90744819860859));
#2051=CARTESIAN_POINT('',(-8.81651859384559,-24.6664103559248,2.93958876455514));
#2052=CARTESIAN_POINT('',(-7.31686297203749,-19.6664103559248,2.90744819860859));
#2053=CARTESIAN_POINT('',(-7.55828736658872,-19.521381248987,2.90744819860859));
#2054=CARTESIAN_POINT('',(-7.79971268257691,-19.3763536622094,2.90744819860859));
#2055=CARTESIAN_POINT('',(-8.04117732030586,-19.2313915676121,2.90744819860859));
#2056=CARTESIAN_POINT('',(-8.16618576324525,-19.1563433704878,2.90744819860859));
#2057=CARTESIAN_POINT('',(-8.2911960079759,-19.0812980750281,2.90744819860859));
#2058=CARTESIAN_POINT('',(-8.4162823525861,-19.0063797922808,2.90744819860859));
#2059=CARTESIAN_POINT('',(-8.43351855913301,-18.996056467224,2.90744819860859));
#2060=CARTESIAN_POINT('',(-8.4507566088333,-18.9857362181832,2.90744819860859));
#2061=CARTESIAN_POINT('',(-8.46799745528921,-18.9754206440431,2.90744819860859));
#2062=CARTESIAN_POINT('',(-8.46799745528921,-18.9754206440431,2.90744819860859));
#2063=CARTESIAN_POINT('',(-8.81651859384559,-18.9754206440431,2.93958876455514));
#2064=CARTESIAN_POINT('',(-9.16503973240197,-18.9754206440431,2.90744819860859));
#2065=CARTESIAN_POINT('',(-9.16503973240197,-18.9754206440431,2.90744819860859));
#2066=CARTESIAN_POINT('',(-9.19057336544259,-18.9906979731098,2.90744819860859));
#2067=CARTESIAN_POINT('',(-9.2161009615172,-19.0059853930325,2.90744819860859));
#2068=CARTESIAN_POINT('',(-9.24162526901001,-19.0212782974877,2.90744819860859));
#2069=CARTESIAN_POINT('',(-9.60000170848653,-19.2359997605275,2.90744819860859));
#2070=CARTESIAN_POINT('',(-9.95804623138403,-19.4512747569535,2.90744819860859));
#2071=CARTESIAN_POINT('',(-10.3161742156537,-19.6664103559248,2.90744819860859));
#2072=CARTESIAN_POINT('',(-8.81651859384559,-19.6664103559248,2.93958876455514));
#2073=CARTESIAN_POINT('',(-9.16503973240197,-15.1361851722097,2.9074481986086));
#2074=CARTESIAN_POINT('',(-9.16363961564868,-15.1370329502679,2.89226581862876));
#2075=CARTESIAN_POINT('',(-9.16123967792991,-15.1384859760212,2.87716696203618));
#2076=CARTESIAN_POINT('',(-9.15790167475305,-15.1405050041101,2.86240332505953));
#2077=CARTESIAN_POINT('',(-9.15053586525105,-15.1449602953409,2.82982512433149));
#2078=CARTESIAN_POINT('',(-9.1383835790773,-15.1523046070997,2.79834617616994));
#2079=CARTESIAN_POINT('',(-9.12271276809824,-15.161733628273,2.77004488335108));
#2080=CARTESIAN_POINT('',(-9.10601080890068,-15.1717830843682,2.73988134947076));
#2081=CARTESIAN_POINT('',(-9.08496023133526,-15.1844100341229,2.71258498169433));
#2082=CARTESIAN_POINT('',(-9.06134943349834,-15.19848680981,2.68947307141508));
#2083=CARTESIAN_POINT('',(-9.03473757240724,-15.2143528216991,2.66342350925504));
#2084=CARTESIAN_POINT('',(-9.00428163544495,-15.2324112283465,2.64205302381863));
#2085=CARTESIAN_POINT('',(-8.97220810160494,-15.2512798363096,2.6261230133579));
#2086=CARTESIAN_POINT('',(-8.93563016985068,-15.2727983461755,2.60795579678663));
#2087=CARTESIAN_POINT('',(-8.89606708734813,-15.2958868844844,2.59640598126725));
#2088=CARTESIAN_POINT('',(-8.85629664529408,-15.3188793517829,2.59185653046839));
#2089=CARTESIAN_POINT('',(-8.81250273908621,-15.3441979025546,2.58684682448343));
#2090=CARTESIAN_POINT('',(-8.76726231434957,-15.3700882268863,2.59021315439145));
#2091=CARTESIAN_POINT('',(-8.72423682637547,-15.3944713017772,2.60197348736438));
#2092=CARTESIAN_POINT('',(-8.68046432531151,-15.4192777182029,2.61393800448689));
#2093=CARTESIAN_POINT('',(-8.6376199318095,-15.4432961175203,2.63505586902398));
#2094=CARTESIAN_POINT('',(-8.60035504478389,-15.4640210801586,2.66431922381906));
#2095=CARTESIAN_POINT('',(-8.56600133723748,-15.4831269828518,2.69129648881831));
#2096=CARTESIAN_POINT('',(-8.5352772476168,-15.5000571946978,2.7262348992257));
#2097=CARTESIAN_POINT('',(-8.51248580685995,-15.5125639483593,2.76619884432406));
#2098=CARTESIAN_POINT('',(-8.49277505509473,-15.5233801806212,2.80076091566462));
#2099=CARTESIAN_POINT('',(-8.47840707943084,-15.5312179209268,2.84025866337714));
#2100=CARTESIAN_POINT('',(-8.47150260828735,-15.5349830518642,2.88073326600765));
#2101=CARTESIAN_POINT('',(-8.46999485821589,-15.5358052547994,2.88957182637527));
#2102=CARTESIAN_POINT('',(-8.46882324771067,-15.5364438835747,2.89849359228911));
#2103=CARTESIAN_POINT('',(-8.46799745528921,-15.5368939611862,2.9074481986086));
#2104=CARTESIAN_POINT('',(-9.16503973240197,-15.1361851722097,2.9074481986086));
#2105=CARTESIAN_POINT('',(-8.46799745528921,-15.5368939611862,2.9074481986086));
#2106=CARTESIAN_POINT('',(-9.16503973240197,-24.6664103559248,2.90744819860859));
#2107=CARTESIAN_POINT('',(-8.46799745528921,-24.6664103559248,2.90744819860859));
#2108=CARTESIAN_POINT('',(-8.81651859384559,-24.6664103559248,2.93958876455514));
#2109=CARTESIAN_POINT('',(-15.8343708975998,7.89776887109094,2.9074481986086));
#2110=CARTESIAN_POINT('',(-15.8378366259714,7.89082037343767,2.89735881635312));
#2111=CARTESIAN_POINT('',(-15.8415470698276,7.88336975060463,2.88767738081812));
#2112=CARTESIAN_POINT('',(-15.8454608710164,7.87549520024078,2.87847074495576));
#2113=CARTESIAN_POINT('',(-15.8573916524523,7.85149052172893,2.85040535406485));
#2114=CARTESIAN_POINT('',(-15.8714170060334,7.82312804661216,2.82641083949397));
#2115=CARTESIAN_POINT('',(-15.8863861401905,7.7926112612328,2.80767891127808));
#2116=CARTESIAN_POINT('',(-15.9029074032757,7.75893023235858,2.78700469519451));
#2117=CARTESIAN_POINT('',(-15.9209796428231,7.72180218406741,2.77221077566272));
#2118=CARTESIAN_POINT('',(-15.9392331377339,7.6839379126131,2.76397099888157));
#2119=CARTESIAN_POINT('',(-15.9510108395206,7.65950675026636,2.75865444804064));
#2120=CARTESIAN_POINT('',(-15.963011471734,7.63446681038583,2.75596694418515));
#2121=CARTESIAN_POINT('',(-15.9748970789773,7.60951497665981,2.75596694418515));
#2122=CARTESIAN_POINT('',(-15.9950316350832,7.56724586193837,2.75596694418515));
#2123=CARTESIAN_POINT('',(-16.0152750556033,7.52429237497034,2.76379847192534));
#2124=CARTESIAN_POINT('',(-16.0339812888313,7.4842166519507,2.77916374679398));
#2125=CARTESIAN_POINT('',(-16.0527252794616,7.44406003850397,2.79456003554217));
#2126=CARTESIAN_POINT('',(-16.0704833069278,7.40560050171465,2.81805283595891));
#2127=CARTESIAN_POINT('',(-16.0854929600752,7.37285366023904,2.84810763892356));
#2128=CARTESIAN_POINT('',(-16.0942467868294,7.35375527240746,2.86563599455592));
#2129=CARTESIAN_POINT('',(-16.1022108241252,7.33628883833548,2.88562754276706));
#2130=CARTESIAN_POINT('',(-16.1090406613761,7.32126108222217,2.90744819860294));
#2131=CARTESIAN_POINT('',(-15.8343708975998,7.89776887109094,2.9074481986086));
#2132=CARTESIAN_POINT('',(-16.1090406613761,7.32126108222217,2.90744819860294));
#2133=CARTESIAN_POINT('',(-24.665,7.89776887109094,2.9074481986086));
#2134=CARTESIAN_POINT('',(-24.665,7.89776887109094,2.9074481986086));
#2135=CARTESIAN_POINT('',(-24.665,7.60951497665981,3.10596694418515));
#2136=CARTESIAN_POINT('',(-24.665,7.32126108222868,2.9074481986086));
#2137=CARTESIAN_POINT('',(-24.665,7.32126108222868,2.9074481986086));
#2138=CARTESIAN_POINT('',(-24.665,7.60951497665981,3.10596694418515));
#2139=CARTESIAN_POINT('',(0.,0.,2.9074481986086));
#2140=CARTESIAN_POINT('',(0.,0.,2.9074481986086));
#2141=CARTESIAN_POINT('',(0.,0.,2.9074481986086));
#2142=CARTESIAN_POINT('',(0.,0.,2.9074481986086));
#2143=CARTESIAN_POINT('',(0.,0.,4.1));
#2144=CARTESIAN_POINT('',(-24.665,-24.6664103559248,11.1));
#2145=CARTESIAN_POINT('',(-24.665,-24.6664103559248,2.90744819860859));
#2146=CARTESIAN_POINT('',(-24.665,-1.07348404189393E-15,2.9074481986086));
#2147=CARTESIAN_POINT('',(-24.665,-1.07348404189393E-15,2.9074481986086));
#2148=CARTESIAN_POINT('',(-24.665,24.6664103559248,2.90744819860861));
#2149=CARTESIAN_POINT('',(-24.665,24.6664103559248,-4.0925518013914));
#2150=CARTESIAN_POINT('',(-24.665,0.,0.));
#2151=CARTESIAN_POINT('',(24.665,-1.07348404189393E-15,2.9074481986086));
#2152=CARTESIAN_POINT('',(24.665,-24.6664103559248,2.90744819860859));
#2153=CARTESIAN_POINT('',(24.665,-24.6664103559248,11.1));
#2154=CARTESIAN_POINT('',(24.665,24.6664103559248,-4.0925518013914));
#2155=CARTESIAN_POINT('',(24.665,24.6664103559248,2.90744819860861));
#2156=CARTESIAN_POINT('',(24.665,-1.07348404189393E-15,2.9074481986086));
#2157=CARTESIAN_POINT('',(24.665,0.,0.));
#2158=CARTESIAN_POINT('',(24.665,24.6664103559248,2.90744819860861));
#2159=CARTESIAN_POINT('',(24.665,24.6664103559248,2.90744819860861));
#2160=CARTESIAN_POINT('',(24.665,24.6664103559248,-4.0925518013914));
#2161=CARTESIAN_POINT('',(24.665,-24.6664103559248,2.90744819860859));
#2162=CARTESIAN_POINT('',(24.665,-24.6664103559248,2.90744819860859));
#2163=CARTESIAN_POINT('',(24.665,-24.6664103559248,11.1));
#2164=CARTESIAN_POINT('',(-17.265039732402,-18.5361851722097,2.90744819860859));
#2165=CARTESIAN_POINT('',(-17.265039732402,-15.0361851722097,2.90744819860859));
#2166=CARTESIAN_POINT('',(0.,-4.3608872523079E-15,2.9074481986086));
#2167=CARTESIAN_POINT('',(0.,-4.3608872523079E-15,2.9074481986086));
#2168=CARTESIAN_POINT('',(17.7624017930202,17.6983081235153,2.90744819860861));
#2169=CARTESIAN_POINT('',(17.7624017930202,21.1983081235153,2.90744819860861));
#2170=CARTESIAN_POINT('',(0.,-4.3608872523079E-15,2.9074481986086));
#2171=CARTESIAN_POINT('',(0.,-4.3608872523079E-15,2.9074481986086));
#2172=CARTESIAN_POINT('',(17.7624017930202,17.6983081235153,2.90744819860859));
#2173=CARTESIAN_POINT('',(-17.265039732402,-18.5361851722097,2.90744819860859));
#2174=CARTESIAN_POINT('',(24.665,-24.6664103559248,2.90744819860859));
#2175=CARTESIAN_POINT('',(24.665,-24.6664103559248,2.9074481986086));
#2176=CARTESIAN_POINT('',(-7.31686297203749,-24.6664103559248,2.90744819860859));
#2177=CARTESIAN_POINT('',(24.665,-24.6664103559248,11.1));
#2178=CARTESIAN_POINT('',(24.665,-24.6664103559248,11.1));
#2179=CARTESIAN_POINT('',(24.665,-24.6664103559248,11.1));
#2180=CARTESIAN_POINT('',(-24.665,-24.6664103559248,11.1));
#2181=CARTESIAN_POINT('',(-24.665,-24.6664103559248,11.1));
#2182=CARTESIAN_POINT('',(-24.665,-24.6664103559248,2.9074481986086));
#2183=CARTESIAN_POINT('',(24.665,-24.6664103559248,2.90744819860859));
#2184=CARTESIAN_POINT('',(-10.3161742156537,-24.6664103559248,2.90744819860859));
#2185=CARTESIAN_POINT('',(-8.81651859384559,-24.6664103559248,2.93958876455514));
#2186=CARTESIAN_POINT('',(24.665,-24.6664103559248,11.1));
#2187=CARTESIAN_POINT('',(24.665,24.6664103559248,2.90744819860861));
#2188=CARTESIAN_POINT('',(8.05635082005542,24.6664103559248,2.90744819860861));
#2189=CARTESIAN_POINT('',(-24.665,24.6664103559248,2.9074481986086));
#2190=CARTESIAN_POINT('',(-24.665,24.6664103559248,-4.0925518013914));
#2191=CARTESIAN_POINT('',(-24.665,24.6664103559248,11.1));
#2192=CARTESIAN_POINT('',(24.665,24.6664103559248,11.1));
#2193=CARTESIAN_POINT('',(24.665,24.6664103559248,11.1));
#2194=CARTESIAN_POINT('',(24.665,24.6664103559248,-4.0925518013914));
#2195=CARTESIAN_POINT('',(24.665,24.6664103559248,2.9074481986086));
#2196=CARTESIAN_POINT('',(24.665,24.6664103559248,2.90744819860861));
#2197=CARTESIAN_POINT('',(8.69270378293174,24.6664103559248,2.90744819860861));
#2198=CARTESIAN_POINT('',(8.37452730149358,24.6664103559248,3.05326907043302));
#2199=CARTESIAN_POINT('',(24.665,24.6664103559248,-4.0925518013914));
#2200=CARTESIAN_POINT('',(24.665,-1.07348404189393E-15,2.9074481986086));
#2201=CARTESIAN_POINT('',(24.665,-7.9531474886984,2.9074481986086));
#2202=CARTESIAN_POINT('',(24.665,-7.67308380749728,3.11736326350885));
#2203=CARTESIAN_POINT('',(24.665,-7.39302012629616,2.9074481986086));
#2204=CARTESIAN_POINT('',(24.665,-1.07348404189393E-15,2.9074481986086));
#2205=CARTESIAN_POINT('',(24.665,24.6664103559248,11.1));
#2206=CARTESIAN_POINT('',(24.665,0.,0.));
#2207=CARTESIAN_POINT('',(-24.665,-1.07348404189393E-15,2.9074481986086));
#2208=CARTESIAN_POINT('',(-24.665,7.32126108222868,2.9074481986086));
#2209=CARTESIAN_POINT('',(-24.665,24.6664103559248,11.1));
#2210=CARTESIAN_POINT('',(-24.665,-1.07348404189393E-15,2.9074481986086));
#2211=CARTESIAN_POINT('',(-24.665,7.89776887109094,2.9074481986086));
#2212=CARTESIAN_POINT('',(-24.665,7.60951497665981,3.10596694418515));
#2213=CARTESIAN_POINT('',(-24.665,0.,0.));
#2214=CARTESIAN_POINT('',(0.,0.,3.50000000247024));
#2215=CARTESIAN_POINT('',(-17.6946900188709,0.,3.50000000247024));
#2216=CARTESIAN_POINT('',(0.,0.,2.9074481986086));
#2217=CARTESIAN_POINT('',(-9.16503973240197,-15.1361851722097,2.90744819860859));
#2218=CARTESIAN_POINT('',(-16.1090406613731,7.32126108222868,2.9074481986086));
#2219=CARTESIAN_POINT('',(-16.1090406613731,7.32126108222868,2.9074481986086));
#2220=CARTESIAN_POINT('',(-16.1132451768152,7.31200984675746,2.92088121041378));
#2221=CARTESIAN_POINT('',(-16.1170498765351,7.30361715002197,2.93508944268272));
#2222=CARTESIAN_POINT('',(-16.1203827810546,7.29625341228,2.94986700093624));
#2223=CARTESIAN_POINT('',(-16.1282507292367,7.27886992390178,2.98475220749301));
#2224=CARTESIAN_POINT('',(-16.1335899908362,7.26700469669724,3.02372951971221));
#2225=CARTESIAN_POINT('',(-16.1357767805658,7.26214586411498,3.06313355008877));
#2226=CARTESIAN_POINT('',(-16.137795750448,7.25765991079543,3.09951361420473));
#2227=CARTESIAN_POINT('',(-16.1371913775055,7.25900603771329,3.13729083145785));
#2228=CARTESIAN_POINT('',(-16.1340280112029,7.26603020896888,3.1731846082647));
#2229=CARTESIAN_POINT('',(-16.1309433746091,7.27287956298723,3.20818506247626));
#2230=CARTESIAN_POINT('',(-16.1253568202713,7.28527683771457,3.24232609139431));
#2231=CARTESIAN_POINT('',(-16.1177889504179,7.30198152652514,3.27306923934673));
#2232=CARTESIAN_POINT('',(-16.1099847323252,7.31920791085443,3.30477251069323));
#2233=CARTESIAN_POINT('',(-16.0998899915623,7.34141458488032,3.33367575504139));
#2234=CARTESIAN_POINT('',(-16.0883301932383,7.36666046843922,3.35800203665629));
#2235=CARTESIAN_POINT('',(-16.0759273949719,7.39374741165923,3.38410231582931));
#2236=CARTESIAN_POINT('',(-16.0615418936643,7.42497442350562,3.40559896762196));
#2237=CARTESIAN_POINT('',(-16.0462385854122,7.45790065125288,3.42142390849471));
#2238=CARTESIAN_POINT('',(-16.0295503970224,7.49380655359486,3.43868093489646));
#2239=CARTESIAN_POINT('',(-16.0113569559221,7.53261911824835,3.44964455118627));
#2240=CARTESIAN_POINT('',(-15.9929650060498,7.57146783518185,3.45389281994801));
#2241=CARTESIAN_POINT('',(-15.9731491647176,7.61332419168894,3.45846998660538));
#2242=CARTESIAN_POINT('',(-15.9525743661956,7.65633594738873,3.45537311284449));
#2243=CARTESIAN_POINT('',(-15.9328589254152,7.69714631059755,3.4448190495531));
#2244=CARTESIAN_POINT('',(-15.9125304698233,7.73922559583481,3.43393682737395));
#2245=CARTESIAN_POINT('',(-15.8925187492994,7.78019997768797,3.41476301096335));
#2246=CARTESIAN_POINT('',(-15.874799983013,7.81618707319998,3.38843224207445));
#2247=CARTESIAN_POINT('',(-15.8577636981611,7.85078803808804,3.3631156668733));
#2248=CARTESIAN_POINT('',(-15.8423208240102,7.88185457884573,3.33028511110891));
#2249=CARTESIAN_POINT('',(-15.8304510379196,7.90562298620149,3.29256824826758));
#2250=CARTESIAN_POINT('',(-15.8197539868682,7.92704307456328,3.25857781202596));
#2251=CARTESIAN_POINT('',(-15.8116477175013,7.94316968859612,3.21947585062174));
#2252=CARTESIAN_POINT('',(-15.8073051140443,7.95180230485113,3.17903803942567));
#2253=CARTESIAN_POINT('',(-15.8034273042495,7.9595109626184,3.14292833199052));
#2254=CARTESIAN_POINT('',(-15.8024385726368,7.9614703708931,3.1046872572728));
#2255=CARTESIAN_POINT('',(-15.8044719579725,7.95743180891854,3.06783719423778));
#2256=CARTESIAN_POINT('',(-15.8063957526273,7.95361090797912,3.03297319032864));
#2257=CARTESIAN_POINT('',(-15.8110552857927,7.94435776843815,2.99841718923054));
#2258=CARTESIAN_POINT('',(-15.8179221658506,7.93066158772522,2.96680928467191));
#2259=CARTESIAN_POINT('',(-15.8224726550699,7.92158551210507,2.9458636109851));
#2260=CARTESIAN_POINT('',(-15.8280345466169,7.91047272875491,2.92589449914593));
#2261=CARTESIAN_POINT('',(-15.8343708975979,7.89776887109493,2.90744819860103));
#2262=CARTESIAN_POINT('',(-15.8343708975979,7.89776887109493,2.90744819860103));
#2263=CARTESIAN_POINT('',(0.,0.,2.9074481986086));
#2264=CARTESIAN_POINT('',(8.05635082005542,15.754277715215,2.90744819860861));
#2265=CARTESIAN_POINT('',(8.05635082005542,15.754277715215,2.90744819860861));
#2266=CARTESIAN_POINT('',(8.04046213747769,15.7624027973818,2.94211679614214));
#2267=CARTESIAN_POINT('',(8.02993651998242,15.7677579960045,2.98064748172869));
#2268=CARTESIAN_POINT('',(8.026168950044,15.7696755467345,3.01940967033011));
#2269=CARTESIAN_POINT('',(8.02269379790813,15.7714442678529,3.055163353662));
#2270=CARTESIAN_POINT('',(8.02485740577494,15.7703452756715,3.09212436470381));
#2271=CARTESIAN_POINT('',(8.03239875328172,15.7665032626834,3.12708002150697));
#2272=CARTESIAN_POINT('',(8.03974261402271,15.7627618612529,3.16112028757899));
#2273=CARTESIAN_POINT('',(8.05233818029559,15.7563400219274,3.19415502526242));
#2274=CARTESIAN_POINT('',(8.06889730187019,15.7478554475141,3.22382786771479));
#2275=CARTESIAN_POINT('',(8.08617186589545,15.7390042941924,3.25478273536558));
#2276=CARTESIAN_POINT('',(8.10814645799367,15.727707805873,3.2828601639955));
#2277=CARTESIAN_POINT('',(8.13290153792992,15.7148963546778,3.30648240022092));
#2278=CARTESIAN_POINT('',(8.15994391184311,15.7009011644186,3.33228725911529));
#2279=CARTESIAN_POINT('',(8.19092553390025,15.6847742857822,3.3534218983667));
#2280=CARTESIAN_POINT('',(8.22346653890556,15.6676945638926,3.368991489666));
#2281=CARTESIAN_POINT('',(8.25965164748911,15.6487021698023,3.38630464123199));
#2282=CARTESIAN_POINT('',(8.29863805857923,15.6280713450962,3.39718343511511));
#2283=CARTESIAN_POINT('',(8.33761471673161,15.6072494597629,3.40131714338587));
#2284=CARTESIAN_POINT('',(8.38028351735142,15.5844551793927,3.40584242550051));
#2285=CARTESIAN_POINT('',(8.42406917941432,15.5608273831727,3.40240313529035));
#2286=CARTESIAN_POINT('',(8.46558825329175,15.5382067945325,3.39121566837064));
#2287=CARTESIAN_POINT('',(8.50863072904294,15.514756219963,3.37961771522191));
#2288=CARTESIAN_POINT('',(8.5505292750007,15.4916834858121,3.35928785084051));
#2289=CARTESIAN_POINT('',(8.58713986438061,15.4713633469547,3.33129046907458));
#2290=CARTESIAN_POINT('',(8.6218942480515,15.4520734662383,3.30471259190422));
#2291=CARTESIAN_POINT('',(8.65300454256031,15.4346454970285,3.27021381689485));
#2292=CARTESIAN_POINT('',(8.67629864385359,15.4215400238301,3.23056559304482));
#2293=CARTESIAN_POINT('',(8.69667254507797,15.4100774817435,3.1958877582457));
#2294=CARTESIAN_POINT('',(8.71167359124277,15.4015865889745,3.15605084135323));
#2295=CARTESIAN_POINT('',(8.71902405278198,15.3974242791104,3.11509130228969));
#2296=CARTESIAN_POINT('',(8.7254124870226,15.393806731734,3.07949254152648));
#2297=CARTESIAN_POINT('',(8.72621796091437,15.3933494243922,3.04199126622434));
#2298=CARTESIAN_POINT('',(8.7213315331709,15.3961174051268,3.00607982493464));
#2299=CARTESIAN_POINT('',(8.7167334259601,15.3987220629346,2.9722873151886));
#2300=CARTESIAN_POINT('',(8.70702235000737,15.4042223534709,2.93900339482461));
#2301=CARTESIAN_POINT('',(8.69326022317906,15.4119849972682,2.90866850116083));
#2302=CARTESIAN_POINT('',(8.69307548295514,15.4120892015508,2.90826129120573));
#2303=CARTESIAN_POINT('',(8.69289000175375,15.4121938194098,2.90785452212584));
#2304=CARTESIAN_POINT('',(8.6927037829329,15.4122988488453,2.90744819861088));
#2305=CARTESIAN_POINT('',(8.6927037829329,15.4122988488453,2.90744819861088));
#2306=CARTESIAN_POINT('',(0.,0.,2.9074481986086));
#2307=CARTESIAN_POINT('',(16.0762342691349,-7.39302012629616,2.9074481986086));
#2308=CARTESIAN_POINT('',(16.0762342691349,-7.39302012629616,2.9074481986086));
#2309=CARTESIAN_POINT('',(16.0790573185509,-7.38688136257191,2.91563839099643));
#2310=CARTESIAN_POINT('',(16.0817255241081,-7.38107003309283,2.92414196971727));
#2311=CARTESIAN_POINT('',(16.0842196097104,-7.37563111947281,2.93291300358218));
#2312=CARTESIAN_POINT('',(16.0938203029052,-7.35469465244393,2.96667608094488));
#2313=CARTESIAN_POINT('',(16.1009573066843,-7.33902676681475,3.0052841712062));
#2314=CARTESIAN_POINT('',(16.1047815704719,-7.33062517329295,3.04509927621985));
#2315=CARTESIAN_POINT('',(16.1082695844824,-7.32296229292121,3.08141362372023));
#2316=CARTESIAN_POINT('',(16.1091064605563,-7.32111775073462,3.11978752408951));
#2317=CARTESIAN_POINT('',(16.1071997200682,-7.32531037170184,3.1567794702649));
#2318=CARTESIAN_POINT('',(16.1053704288393,-7.32933269398921,3.19226885285344));
#2319=CARTESIAN_POINT('',(16.1009790842854,-7.33898999322286,3.22744385390741));
#2320=CARTESIAN_POINT('',(16.0944515625067,-7.35327707665454,3.25957316087074));
#2321=CARTESIAN_POINT('',(16.0878075529316,-7.36781912221775,3.29227583584351));
#2322=CARTESIAN_POINT('',(16.0787953795528,-7.38749191427269,3.32266696832249));
#2323=CARTESIAN_POINT('',(16.0681775541181,-7.41051448640802,3.34878787676925));
#2324=CARTESIAN_POINT('',(16.0568665131758,-7.43504015389245,3.37661416443123));
#2325=CARTESIAN_POINT('',(16.0434653722694,-7.46394279682132,3.40030172374296));
#2326=CARTESIAN_POINT('',(16.028987262186,-7.49490641786859,3.41861534702879));
#2327=CARTESIAN_POINT('',(16.0132022708116,-7.52866500157416,3.43858206809488));
#2328=CARTESIAN_POINT('',(15.9957516048593,-7.56569325771931,3.45267731589288));
#2329=CARTESIAN_POINT('',(15.9778844850912,-7.60324024643512,3.46032372329708));
#2330=CARTESIAN_POINT('',(15.9669322197868,-7.62625596397282,3.46501085158653));
#2331=CARTESIAN_POINT('',(15.955699298537,-7.64973113273495,3.46736326350885));
#2332=CARTESIAN_POINT('',(15.9444610992987,-7.67308380749728,3.46736326350885));
#2333=CARTESIAN_POINT('',(15.9238211067793,-7.7159731549973,3.46736326350885));
#2334=CARTESIAN_POINT('',(15.9027093339088,-7.75937568447272,3.45930868622416));
#2335=CARTESIAN_POINT('',(15.8828965786163,-7.79972122174293,3.44364989411632));
#2336=CARTESIAN_POINT('',(15.8630511234463,-7.84013334713305,3.42796525802183));
#2337=CARTESIAN_POINT('',(15.8439146549981,-7.87869064985621,3.40412156461985));
#2338=CARTESIAN_POINT('',(15.8275289021014,-7.91147165305375,3.37362725842609));
#2339=CARTESIAN_POINT('',(15.8120552695698,-7.94242788684371,3.3448304316143));
#2340=CARTESIAN_POINT('',(15.7985608444338,-7.96918997161995,3.309078240574));
#2341=CARTESIAN_POINT('',(15.7888920241293,-7.98830041462596,3.26947667708663));
#2342=CARTESIAN_POINT('',(15.7802883089872,-8.00530567511127,3.23423757234601));
#2343=CARTESIAN_POINT('',(15.774469440006,-8.01674448173798,3.19480707075445));
#2344=CARTESIAN_POINT('',(15.7722796909163,-8.02105031872,3.15503695548999));
#2345=CARTESIAN_POINT('',(15.7703041877817,-8.02493487083365,3.11915796472562));
#2346=CARTESIAN_POINT('',(15.7712179439061,-8.023141878927,3.08197880868702));
#2347=CARTESIAN_POINT('',(15.7749032281418,-8.0158894083371,3.04676354656286));
#2348=CARTESIAN_POINT('',(15.7784744521035,-8.0088614031423,3.0126382037467));
#2349=CARTESIAN_POINT('',(15.7847178212262,-7.99656628904298,2.97945828003195));
#2350=CARTESIAN_POINT('',(15.7929631341488,-7.98024876224704,2.94958456827737));
#2351=CARTESIAN_POINT('',(15.7970382020686,-7.97218417687582,2.93482013112874));
#2352=CARTESIAN_POINT('',(15.8016274962508,-7.96308653267199,2.92070863440939));
#2353=CARTESIAN_POINT('',(15.8066283529067,-7.95314748870007,2.90744819860553));
#2354=CARTESIAN_POINT('',(15.8066283529067,-7.95314748870007,2.90744819860553));
#2355=CARTESIAN_POINT('',(0.,0.,2.9074481986086));
#2356=CARTESIAN_POINT('',(-8.46799745528889,-15.5368939611863,2.90744819860846));
#2357=CARTESIAN_POINT('',(-8.46799745528889,-15.5368939611863,2.90744819860846));
#2358=CARTESIAN_POINT('',(-8.4654866911967,-15.5382623906805,2.93467405273647));
#2359=CARTESIAN_POINT('',(-8.46620618761548,-15.5378707465152,2.96252632578663));
#2360=CARTESIAN_POINT('',(-8.47010140360853,-15.5357470717219,2.98954004390072));
#2361=CARTESIAN_POINT('',(-8.47500986233976,-15.5330709761987,3.02358070320606));
#2362=CARTESIAN_POINT('',(-8.48511564815971,-15.5275603240919,3.0570689208369));
#2363=CARTESIAN_POINT('',(-8.49932112663521,-15.5197807732668,3.08752715306645));
#2364=CARTESIAN_POINT('',(-8.51398592404852,-15.5117496789946,3.11897021962586));
#2365=CARTESIAN_POINT('',(-8.53333779385745,-15.5011241070969,3.14797650667152));
#2366=CARTESIAN_POINT('',(-8.55561377023084,-15.4888194475423,3.17288829951944));
#2367=CARTESIAN_POINT('',(-8.57997204306916,-15.4753645825527,3.20012877764303));
#2368=CARTESIAN_POINT('',(-8.60837097416049,-15.4595990349935,3.22314717072209));
#2369=CARTESIAN_POINT('',(-8.63858167433243,-15.4426992951302,3.24098294610841));
#2370=CARTESIAN_POINT('',(-8.67253211069541,-15.4237075624159,3.2610265847461));
#2371=CARTESIAN_POINT('',(-8.70956355451344,-15.4028378885114,3.27503144143008));
#2372=CARTESIAN_POINT('',(-8.74702780895658,-15.381533063166,3.28262087794324));
#2373=CARTESIAN_POINT('',(-8.76995621890091,-15.3684943472867,3.28726567107224));
#2374=CARTESIAN_POINT('',(-8.79329752389797,-15.3551519306823,3.28958876455514));
#2375=CARTESIAN_POINT('',(-8.81651859384559,-15.341807414653,3.28958876455514));
#2376=CARTESIAN_POINT('',(-8.86806330693728,-15.3121860728447,3.28958876455514));
#2377=CARTESIAN_POINT('',(-8.92045339552664,-15.281707522781,3.27790291336743));
#2378=CARTESIAN_POINT('',(-8.9678174600292,-15.2538619656638,3.25519715020349));
#2379=CARTESIAN_POINT('',(-9.00878247223207,-15.2297784416021,3.23555901578966));
#2380=CARTESIAN_POINT('',(-9.04741201268242,-15.2068322885685,3.20693619199462));
#2381=CARTESIAN_POINT('',(-9.07903683034363,-15.1879276103487,3.17107132438624));
#2382=CARTESIAN_POINT('',(-9.10275262203838,-15.1737507883502,3.14417587352635));
#2383=CARTESIAN_POINT('',(-9.12313587638744,-15.1614889377613,3.11248346111191));
#2384=CARTESIAN_POINT('',(-9.13797207115402,-15.1525417435735,3.07803609001258));
#2385=CARTESIAN_POINT('',(-9.15286840727621,-15.1435582802212,3.04344907990016));
#2386=CARTESIAN_POINT('',(-9.16252222771373,-15.1377096454925,3.00498849609764));
#2387=CARTESIAN_POINT('',(-9.16548794528736,-15.1359137678807,2.96642887920301));
#2388=CARTESIAN_POINT('',(-9.16699404676822,-15.1350017545607,2.94684687428698));
#2389=CARTESIAN_POINT('',(-9.16684242138614,-15.1350936345483,2.92699593209506));
#2390=CARTESIAN_POINT('',(-9.16503973240197,-15.1361851722097,2.90744819860859));
#2391=CARTESIAN_POINT('',(0.,0.,4.1));
#2392=CARTESIAN_POINT('',(-9.16503973240197,-24.6664103559248,2.90744819860859));
#2393=CARTESIAN_POINT('',(-9.16503973240197,-18.9754206440431,2.90744819860859));
#2394=CARTESIAN_POINT('',(-8.46799745528921,-24.6664103559248,2.90744819860859));
#2395=CARTESIAN_POINT('',(-8.46799745528921,-18.9754206440431,2.90744819860859));
#2396=CARTESIAN_POINT('',(-8.81651859384559,-18.9754206440431,2.93958876455514));
#2397=CARTESIAN_POINT('',(-8.81651859384559,-24.6664103559248,2.93958876455514));
#2398=CARTESIAN_POINT('',(-8.46799745528921,-18.9754206440431,2.90744819860859));
#2399=CARTESIAN_POINT('',(-8.4507566088333,-18.9857362181832,2.90744819860859));
#2400=CARTESIAN_POINT('',(-8.43351855913301,-18.996056467224,2.90744819860859));
#2401=CARTESIAN_POINT('',(-8.4162823525861,-19.0063797922808,2.90744819860859));
#2402=CARTESIAN_POINT('',(-8.2911960079759,-19.0812980750281,2.90744819860859));
#2403=CARTESIAN_POINT('',(-8.16618576324525,-19.1563433704878,2.90744819860859));
#2404=CARTESIAN_POINT('',(-8.04117732030586,-19.2313915676121,2.90744819860859));
#2405=CARTESIAN_POINT('',(-7.79971268257691,-19.3763536622094,2.90744819860859));
#2406=CARTESIAN_POINT('',(-7.55828736658872,-19.521381248987,2.90744819860859));
#2407=CARTESIAN_POINT('',(-7.31686297203749,-19.6664103559248,2.90744819860859));
#2408=CARTESIAN_POINT('',(-7.31686297203749,-19.6664103559248,2.90744819860859));
#2409=CARTESIAN_POINT('',(-8.81651859384559,-19.6664103559248,2.93958876455514));
#2410=CARTESIAN_POINT('',(-10.3161742156537,-19.6664103559248,2.90744819860859));
#2411=CARTESIAN_POINT('',(-10.3161742156537,-19.6664103559248,2.90744819860859));
#2412=CARTESIAN_POINT('',(-9.95804623138403,-19.4512747569535,2.90744819860859));
#2413=CARTESIAN_POINT('',(-9.60000170848653,-19.2359997605275,2.90744819860859));
#2414=CARTESIAN_POINT('',(-9.24162526901001,-19.0212782974877,2.90744819860859));
#2415=CARTESIAN_POINT('',(-9.2161009615172,-19.0059853930325,2.90744819860859));
#2416=CARTESIAN_POINT('',(-9.19057336544259,-18.9906979731098,2.90744819860859));
#2417=CARTESIAN_POINT('',(-9.16503973240197,-18.9754206440431,2.90744819860859));
#2418=CARTESIAN_POINT('',(-8.81651859384559,-19.6664103559248,2.93958876455514));
#2419=CARTESIAN_POINT('',(-10.3161742156537,-24.6664103559248,2.90744819860859));
#2420=CARTESIAN_POINT('',(-7.31686297203749,-24.6664103559248,2.90744819860859));
#2421=CARTESIAN_POINT('',(-8.81651859384559,-24.6664103559248,2.93958876455514));
#2422=CARTESIAN_POINT('',(24.665,-7.9531474886984,2.9074481986086));
#2423=CARTESIAN_POINT('',(24.665,-7.39302012629616,2.9074481986086));
#2424=CARTESIAN_POINT('',(24.665,-7.67308380749728,3.11736326350885));
#2425=CARTESIAN_POINT('',(8.69270378293174,24.6664103559248,2.90744819860861));
#2426=CARTESIAN_POINT('',(8.05635082005542,24.6664103559248,2.90744819860861));
#2427=CARTESIAN_POINT('',(8.37452730149358,24.6664103559248,3.05326907043302));
#2428=CARTESIAN_POINT('',(-24.665,7.89776887109094,2.9074481986086));
#2429=CARTESIAN_POINT('',(-24.665,7.32126108222868,2.9074481986086));
#2430=CARTESIAN_POINT('',(-24.665,7.60951497665981,3.10596694418515));
#2431=CARTESIAN_POINT('',(24.665,24.6664103559248,11.1));
#2432=CARTESIAN_POINT('',(1.25778429188259,-0.913228319445693,3.50000000247027));
#2433=CARTESIAN_POINT('',(1.24875503416478,-0.921433825467574,3.4816087064608));
#2434=CARTESIAN_POINT('',(1.23988558152973,-0.929117322267425,3.46289409035726));
#2435=CARTESIAN_POINT('',(1.23124335617598,-0.936252065592626,3.44388080627649));
#2436=CARTESIAN_POINT('',(1.22263295868136,-0.943360532860891,3.42493754491585));
#2437=CARTESIAN_POINT('',(1.21424034230665,-0.949930685941747,3.405680465818));
#2438=CARTESIAN_POINT('',(1.20613800785543,-0.955932156124305,3.38613945931922));
#2439=CARTESIAN_POINT('',(1.19658531457589,-0.963007919810127,3.3631005138671));
#2440=CARTESIAN_POINT('',(1.18742362085379,-0.96930230096031,3.33963574339376));
#2441=CARTESIAN_POINT('',(1.1787813789106,-0.974759250221234,3.31581040505125));
#2442=CARTESIAN_POINT('',(1.17013797092127,-0.980216935755759,3.29198185209799));
#2443=CARTESIAN_POINT('',(1.16200051516697,-0.984845506121603,3.26775288923023));
#2444=CARTESIAN_POINT('',(1.15450367175863,-0.988585148343646,3.24321501679043));
#2445=CARTESIAN_POINT('',(1.14700567124489,-0.992325367763312,3.21867335703603));
#2446=CARTESIAN_POINT('',(1.14013503277943,-0.995182906280652,3.19377495180623));
#2447=CARTESIAN_POINT('',(1.13402281686307,-0.99710063517335,3.16864597552389));
#2448=CARTESIAN_POINT('',(1.12790966617346,-0.999018657354393,3.14351315613532));
#2449=CARTESIAN_POINT('',(1.12254287748949,-1.,3.11809349188349));
#2450=CARTESIAN_POINT('',(1.11803398874989,-1.,3.09255180139141));
#2451=CARTESIAN_POINT('',(1.25778429188259,-0.913228319445693,3.50000000247027));
#2452=CARTESIAN_POINT('',(1.11803398874989,-1.,3.09255180139141));
#2453=CARTESIAN_POINT('',(0.,0.,3.50000000247027));
#2454=CARTESIAN_POINT('',(0.913228319445689,-1.25778429188259,3.50000000247027));
#2455=CARTESIAN_POINT('',(0.999999999999997,-1.1180339887499,3.09255180139141));
#2456=CARTESIAN_POINT('',(0.999999999999997,-1.12180525740054,3.11391506453678));
#2457=CARTESIAN_POINT('',(0.999314022896614,-1.12617538702988,3.13519022549363));
#2458=CARTESIAN_POINT('',(0.997967353775736,-1.13108047741779,3.15627903887938));
#2459=CARTESIAN_POINT('',(0.996629062037339,-1.13595505413488,3.17723666261131));
#2460=CARTESIAN_POINT('',(0.994636519844939,-1.14136509816576,3.19804344981748));
#2461=CARTESIAN_POINT('',(0.992021388157138,-1.14723706704595,3.21862148624379));
#2462=CARTESIAN_POINT('',(0.988850802251885,-1.15435624267081,3.24357029955036));
#2463=CARTESIAN_POINT('',(0.984759309458866,-1.16216721488345,3.26822853249918));
#2464=CARTESIAN_POINT('',(0.979808178382181,-1.17053185135755,3.29249162627726));
#2465=CARTESIAN_POINT('',(0.974857730109122,-1.17889533427621,3.3167513739657));
#2466=CARTESIAN_POINT('',(0.969039706484322,-1.18782630649873,3.34065933905337));
#2467=CARTESIAN_POINT('',(0.962413244951187,-1.19719044845786,3.36414109783462));
#2468=CARTESIAN_POINT('',(0.95578750413979,-1.20655357193365,3.38762030264134));
#2469=CARTESIAN_POINT('',(0.948343829705145,-1.21636349939115,3.41070924289085));
#2470=CARTESIAN_POINT('',(0.940134970702633,-1.22649585645052,3.43335414419725));
#2471=CARTESIAN_POINT('',(0.931926759376395,-1.23662741407026,3.4559972588284));
#2472=CARTESIAN_POINT('',(0.922942878425484,-1.24709448720638,3.47822641174687));
#2473=CARTESIAN_POINT('',(0.913228319445689,-1.25778429188259,3.50000000247027));
#2474=CARTESIAN_POINT('',(0.999999999999997,-1.1180339887499,3.09255180139141));
#2475=CARTESIAN_POINT('',(0.,0.,3.09255180139141));
#2476=CARTESIAN_POINT('',(-1.,-1.18996104488516,3.50000000247027));
#2477=CARTESIAN_POINT('',(0.,0.,4.1));
#2478=CARTESIAN_POINT('',(-0.913228319445694,-1.25778429188258,3.50000000247027));
#2479=CARTESIAN_POINT('',(-0.921433825467576,-1.24875503416478,3.4816087064608));
#2480=CARTESIAN_POINT('',(-0.929117322267426,-1.23988558152973,3.46289409035726));
#2481=CARTESIAN_POINT('',(-0.936252065592627,-1.23124335617598,3.44388080627649));
#2482=CARTESIAN_POINT('',(-0.943360532860892,-1.22263295868136,3.42493754491585));
#2483=CARTESIAN_POINT('',(-0.949930685941748,-1.21424034230665,3.405680465818));
#2484=CARTESIAN_POINT('',(-0.955932156124306,-1.20613800785543,3.38613945931922));
#2485=CARTESIAN_POINT('',(-0.963007919810128,-1.19658531457589,3.3631005138671));
#2486=CARTESIAN_POINT('',(-0.969302300960311,-1.18742362085379,3.33963574339376));
#2487=CARTESIAN_POINT('',(-0.974759250221235,-1.1787813789106,3.31581040505125));
#2488=CARTESIAN_POINT('',(-0.98021693575576,-1.17013797092127,3.291981852098));
#2489=CARTESIAN_POINT('',(-0.984845506121604,-1.16200051516697,3.26775288923023));
#2490=CARTESIAN_POINT('',(-0.988585148343647,-1.15450367175863,3.24321501679043));
#2491=CARTESIAN_POINT('',(-0.992325367763313,-1.14700567124489,3.21867335703603));
#2492=CARTESIAN_POINT('',(-0.995182906280654,-1.14013503277943,3.19377495180623));
#2493=CARTESIAN_POINT('',(-0.997100635173352,-1.13402281686307,3.16864597552389));
#2494=CARTESIAN_POINT('',(-0.999018657354395,-1.12790966617345,3.14351315613532));
#2495=CARTESIAN_POINT('',(-1.,-1.12254287748949,3.11809349188349));
#2496=CARTESIAN_POINT('',(-1.,-1.11803398874989,3.09255180139141));
#2497=CARTESIAN_POINT('',(-0.913228319445694,-1.25778429188258,3.50000000247027));
#2498=CARTESIAN_POINT('',(-1.,-1.11803398874989,3.09255180139141));
#2499=CARTESIAN_POINT('',(0.,0.,3.50000000247027));
#2500=CARTESIAN_POINT('',(-1.25778429188259,-0.91322831944569,3.50000000247027));
#2501=CARTESIAN_POINT('',(-1.1180339887499,-0.999999999999999,3.09255180139141));
#2502=CARTESIAN_POINT('',(-1.12180525740054,-0.999999999999999,3.11391506453678));
#2503=CARTESIAN_POINT('',(-1.12617538702987,-0.999314022896615,3.13519022549363));
#2504=CARTESIAN_POINT('',(-1.13108047741779,-0.997967353775738,3.15627903887938));
#2505=CARTESIAN_POINT('',(-1.13595505413488,-0.99662906203734,3.17723666261131));
#2506=CARTESIAN_POINT('',(-1.14136509816576,-0.994636519844941,3.19804344981748));
#2507=CARTESIAN_POINT('',(-1.14723706704594,-0.992021388157139,3.21862148624379));
#2508=CARTESIAN_POINT('',(-1.15435624267081,-0.988850802251887,3.24357029955036));
#2509=CARTESIAN_POINT('',(-1.16216721488345,-0.984759309458868,3.26822853249918));
#2510=CARTESIAN_POINT('',(-1.17053185135755,-0.979808178382182,3.29249162627726));
#2511=CARTESIAN_POINT('',(-1.17889533427621,-0.974857730109124,3.3167513739657));
#2512=CARTESIAN_POINT('',(-1.18782630649873,-0.969039706484323,3.34065933905337));
#2513=CARTESIAN_POINT('',(-1.19719044845786,-0.962413244951188,3.36414109783462));
#2514=CARTESIAN_POINT('',(-1.20655357193365,-0.955787504139791,3.38762030264134));
#2515=CARTESIAN_POINT('',(-1.21636349939114,-0.948343829705146,3.41070924289085));
#2516=CARTESIAN_POINT('',(-1.22649585645052,-0.940134970702634,3.43335414419725));
#2517=CARTESIAN_POINT('',(-1.23662741407026,-0.931926759376395,3.4559972588284));
#2518=CARTESIAN_POINT('',(-1.24709448720638,-0.922942878425485,3.47822641174687));
#2519=CARTESIAN_POINT('',(-1.25778429188259,-0.91322831944569,3.50000000247027));
#2520=CARTESIAN_POINT('',(-1.1180339887499,-0.999999999999999,3.09255180139141));
#2521=CARTESIAN_POINT('',(0.,0.,3.09255180139141));
#2522=CARTESIAN_POINT('',(-1.,-1.18996104488516,3.50000000247027));
#2523=CARTESIAN_POINT('',(0.,0.,4.1));
#2524=CARTESIAN_POINT('',(-1.25778429188259,0.913228319445693,3.50000000247027));
#2525=CARTESIAN_POINT('',(-1.24875503416478,0.921433825467574,3.4816087064608));
#2526=CARTESIAN_POINT('',(-1.23988558152973,0.929117322267425,3.46289409035726));
#2527=CARTESIAN_POINT('',(-1.23124335617598,0.936252065592626,3.44388080627649));
#2528=CARTESIAN_POINT('',(-1.22263295868136,0.943360532860891,3.42493754491585));
#2529=CARTESIAN_POINT('',(-1.21424034230665,0.949930685941747,3.405680465818));
#2530=CARTESIAN_POINT('',(-1.20613800785543,0.955932156124305,3.38613945931922));
#2531=CARTESIAN_POINT('',(-1.19658531457589,0.963007919810128,3.3631005138671));
#2532=CARTESIAN_POINT('',(-1.18742362085379,0.969302300960309,3.33963574339376));
#2533=CARTESIAN_POINT('',(-1.1787813789106,0.974759250221233,3.31581040505125));
#2534=CARTESIAN_POINT('',(-1.17013797092128,0.980216935755759,3.29198185209799));
#2535=CARTESIAN_POINT('',(-1.16200051516697,0.984845506121603,3.26775288923023));
#2536=CARTESIAN_POINT('',(-1.15450367175863,0.988585148343646,3.24321501679043));
#2537=CARTESIAN_POINT('',(-1.14700567124489,0.992325367763312,3.21867335703603));
#2538=CARTESIAN_POINT('',(-1.14013503277943,0.995182906280652,3.19377495180623));
#2539=CARTESIAN_POINT('',(-1.13402281686307,0.99710063517335,3.16864597552389));
#2540=CARTESIAN_POINT('',(-1.12790966617346,0.999018657354393,3.14351315613532));
#2541=CARTESIAN_POINT('',(-1.12254287748949,1.,3.11809349188349));
#2542=CARTESIAN_POINT('',(-1.11803398874989,1.,3.09255180139141));
#2543=CARTESIAN_POINT('',(-1.25778429188259,0.913228319445693,3.50000000247027));
#2544=CARTESIAN_POINT('',(-1.11803398874989,1.,3.09255180139141));
#2545=CARTESIAN_POINT('',(0.,0.,3.50000000247027));
#2546=CARTESIAN_POINT('',(-0.913228319445692,1.25778429188259,3.50000000247027));
#2547=CARTESIAN_POINT('',(-1.,1.11803398874989,3.09255180139141));
#2548=CARTESIAN_POINT('',(-1.,1.12180525740054,3.11391506453678));
#2549=CARTESIAN_POINT('',(-0.999314022896617,1.12617538702987,3.13519022549363));
#2550=CARTESIAN_POINT('',(-0.997967353775739,1.13108047741779,3.15627903887938));
#2551=CARTESIAN_POINT('',(-0.996629062037342,1.13595505413487,3.17723666261131));
#2552=CARTESIAN_POINT('',(-0.994636519844942,1.14136509816576,3.19804344981748));
#2553=CARTESIAN_POINT('',(-0.992021388157141,1.14723706704594,3.21862148624379));
#2554=CARTESIAN_POINT('',(-0.988850802251888,1.15435624267081,3.24357029955036));
#2555=CARTESIAN_POINT('',(-0.984759309458869,1.16216721488345,3.26822853249918));
#2556=CARTESIAN_POINT('',(-0.979808178382183,1.17053185135754,3.29249162627726));
#2557=CARTESIAN_POINT('',(-0.974857730109125,1.17889533427621,3.3167513739657));
#2558=CARTESIAN_POINT('',(-0.969039706484325,1.18782630649873,3.34065933905337));
#2559=CARTESIAN_POINT('',(-0.96241324495119,1.19719044845786,3.36414109783462));
#2560=CARTESIAN_POINT('',(-0.955787504139792,1.20655357193365,3.38762030264134));
#2561=CARTESIAN_POINT('',(-0.948343829705147,1.21636349939114,3.41070924289085));
#2562=CARTESIAN_POINT('',(-0.940134970702635,1.22649585645052,3.43335414419725));
#2563=CARTESIAN_POINT('',(-0.931926759376397,1.23662741407026,3.4559972588284));
#2564=CARTESIAN_POINT('',(-0.922942878425486,1.24709448720637,3.47822641174687));
#2565=CARTESIAN_POINT('',(-0.913228319445692,1.25778429188259,3.50000000247027));
#2566=CARTESIAN_POINT('',(-1.,1.11803398874989,3.09255180139141));
#2567=CARTESIAN_POINT('',(0.,0.,3.09255180139141));
#2568=CARTESIAN_POINT('',(-1.,-1.18996104488516,3.50000000247027));
#2569=CARTESIAN_POINT('',(0.,0.,4.1));
#2570=CARTESIAN_POINT('',(-19.6664103559248,0.913228319445721,3.50000000247025));
#2571=CARTESIAN_POINT('',(1.25778429188259,0.91322831944569,3.50000000247027));
#2572=CARTESIAN_POINT('',(17.6664103559248,0.913228319445631,3.50000000247025));
#2573=CARTESIAN_POINT('',(0.,0.,3.50000000247027));
#2574=CARTESIAN_POINT('',(0.913228319445692,1.25778429188259,3.50000000247027));
#2575=CARTESIAN_POINT('',(0.913228319445698,19.6664103559248,3.50000000247025));
#2576=CARTESIAN_POINT('',(0.913228319445698,17.6664103559248,3.50000000247025));
#2577=CARTESIAN_POINT('',(-1.,17.6664103559248,3.50000000247025));
#2578=CARTESIAN_POINT('',(-0.913228319445698,17.6664103559248,3.50000000247025));
#2579=CARTESIAN_POINT('',(-0.913228319445698,19.6664103559248,3.50000000247025));
#2580=CARTESIAN_POINT('',(-19.6664103559248,0.913228319445721,3.50000000247025));
#2581=CARTESIAN_POINT('',(-17.6664103559248,0.913228319445718,3.50000000247025));
#2582=CARTESIAN_POINT('',(-17.6664103559248,-17.6664103559248,3.50000000247025));
#2583=CARTESIAN_POINT('',(-17.6664103559248,-0.913228319445677,3.50000000247025));
#2584=CARTESIAN_POINT('',(-19.6664103559248,-0.913228319445675,3.50000000247025));
#2585=CARTESIAN_POINT('',(-0.913228319445744,-19.6664103559248,3.50000000247025));
#2586=CARTESIAN_POINT('',(-0.913228319445739,-17.6664103559248,3.50000000247025));
#2587=CARTESIAN_POINT('',(-1.,-17.6664103559248,3.50000000247025));
#2588=CARTESIAN_POINT('',(0.913228319445656,-17.6664103559248,3.50000000247025));
#2589=CARTESIAN_POINT('',(0.913228319445652,-19.6664103559248,3.50000000247025));
#2590=CARTESIAN_POINT('',(-19.6664103559248,-0.913228319445675,3.50000000247025));
#2591=CARTESIAN_POINT('',(17.6664103559248,-0.913228319445718,3.50000000247025));
#2592=CARTESIAN_POINT('',(17.6664103559247,-17.6664103559249,3.50000000247025));
#2593=CARTESIAN_POINT('',(-1.,-17.6664103559248,3.50000000247025));
#2594=CARTESIAN_POINT('',(1.1180339887499,0.999999999999999,3.09255180139141));
#2595=CARTESIAN_POINT('',(1.12180525740054,0.999999999999999,3.11391506453678));
#2596=CARTESIAN_POINT('',(1.12617538702987,0.999314022896615,3.13519022549363));
#2597=CARTESIAN_POINT('',(1.13108047741779,0.997967353775738,3.15627903887938));
#2598=CARTESIAN_POINT('',(1.13595505413488,0.99662906203734,3.17723666261131));
#2599=CARTESIAN_POINT('',(1.14136509816576,0.994636519844941,3.19804344981747));
#2600=CARTESIAN_POINT('',(1.14723706704594,0.992021388157139,3.21862148624379));
#2601=CARTESIAN_POINT('',(1.15435624267081,0.988850802251887,3.24357029955036));
#2602=CARTESIAN_POINT('',(1.16216721488345,0.984759309458868,3.26822853249918));
#2603=CARTESIAN_POINT('',(1.17053185135755,0.979808178382183,3.29249162627726));
#2604=CARTESIAN_POINT('',(1.17889533427621,0.974857730109124,3.3167513739657));
#2605=CARTESIAN_POINT('',(1.18782630649873,0.969039706484323,3.34065933905337));
#2606=CARTESIAN_POINT('',(1.19719044845786,0.962413244951188,3.36414109783462));
#2607=CARTESIAN_POINT('',(1.20655357193365,0.955787504139791,3.38762030264134));
#2608=CARTESIAN_POINT('',(1.21636349939114,0.948343829705146,3.41070924289085));
#2609=CARTESIAN_POINT('',(1.22649585645052,0.940134970702634,3.43335414419725));
#2610=CARTESIAN_POINT('',(1.23662741407026,0.931926759376395,3.4559972588284));
#2611=CARTESIAN_POINT('',(1.24709448720638,0.922942878425485,3.47822641174687));
#2612=CARTESIAN_POINT('',(1.25778429188259,0.91322831944569,3.50000000247027));
#2613=CARTESIAN_POINT('',(1.1180339887499,0.999999999999999,3.09255180139141));
#2614=CARTESIAN_POINT('',(0.,0.,3.09255180139141));
#2615=CARTESIAN_POINT('',(1.,1.11803398874989,3.09255180139141));
#2616=CARTESIAN_POINT('',(0.913228319445692,1.25778429188259,3.50000000247027));
#2617=CARTESIAN_POINT('',(0.921433825467573,1.24875503416478,3.4816087064608));
#2618=CARTESIAN_POINT('',(0.929117322267423,1.23988558152973,3.46289409035726));
#2619=CARTESIAN_POINT('',(0.936252065592625,1.23124335617598,3.44388080627649));
#2620=CARTESIAN_POINT('',(0.94336053286089,1.22263295868136,3.42493754491585));
#2621=CARTESIAN_POINT('',(0.949930685941746,1.21424034230665,3.405680465818));
#2622=CARTESIAN_POINT('',(0.955932156124304,1.20613800785543,3.38613945931922));
#2623=CARTESIAN_POINT('',(0.963007919810126,1.19658531457589,3.3631005138671));
#2624=CARTESIAN_POINT('',(0.969302300960307,1.18742362085379,3.33963574339376));
#2625=CARTESIAN_POINT('',(0.974759250221231,1.1787813789106,3.31581040505125));
#2626=CARTESIAN_POINT('',(0.980216935755757,1.17013797092128,3.291981852098));
#2627=CARTESIAN_POINT('',(0.984845506121602,1.16200051516697,3.26775288923023));
#2628=CARTESIAN_POINT('',(0.988585148343645,1.15450367175863,3.24321501679043));
#2629=CARTESIAN_POINT('',(0.99232536776331,1.14700567124489,3.21867335703603));
#2630=CARTESIAN_POINT('',(0.995182906280651,1.14013503277943,3.19377495180623));
#2631=CARTESIAN_POINT('',(0.997100635173349,1.13402281686307,3.16864597552389));
#2632=CARTESIAN_POINT('',(0.999018657354392,1.12790966617346,3.14351315613532));
#2633=CARTESIAN_POINT('',(1.,1.12254287748949,3.11809349188349));
#2634=CARTESIAN_POINT('',(1.,1.11803398874989,3.09255180139141));
#2635=CARTESIAN_POINT('',(-1.,-1.18996104488516,3.50000000247027));
#2636=CARTESIAN_POINT('',(0.,0.,4.1));
#2637=CARTESIAN_POINT('',(0.,0.,4.1));
#2638=CARTESIAN_POINT('',(1.5,0.,4.1));
#2639=CARTESIAN_POINT('',(0.,0.,4.1));
#2640=CARTESIAN_POINT('',(-1.,1.11803398874989,3.09255180139141));
#2641=CARTESIAN_POINT('',(-1.,1.11803398874989,3.11183576833979));
#2642=CARTESIAN_POINT('',(-0.999440991769009,1.1185347240924,3.13113404803588));
#2643=CARTESIAN_POINT('',(-0.998327694066894,1.11952749642833,3.15036023727301));
#2644=CARTESIAN_POINT('',(-0.993146058626664,1.12414816914699,3.23984493066854));
#2645=CARTESIAN_POINT('',(-0.975524619031644,1.14001233498545,3.32897891269934));
#2646=CARTESIAN_POINT('',(-0.947834237312244,1.16258774231398,3.41131544200733));
#2647=CARTESIAN_POINT('',(-0.909305124680679,1.19399974740941,3.52588061642588));
#2648=CARTESIAN_POINT('',(-0.850384018617891,1.23863797498324,3.6314993143756));
#2649=CARTESIAN_POINT('',(-0.77691275015176,1.28312375811986,3.72216007536152));
#2650=CARTESIAN_POINT('',(-0.713229426736012,1.32168308306466,3.80074288308377));
#2651=CARTESIAN_POINT('',(-0.636915387307126,1.36119289135494,3.87031009500105));
#2652=CARTESIAN_POINT('',(-0.551131781414192,1.39508199024832,3.92697001758471));
#2653=CARTESIAN_POINT('',(-0.475384842965184,1.42500607027794,3.97700073876734));
#2654=CARTESIAN_POINT('',(-0.39059798520963,1.45112758886545,4.01788053479799));
#2655=CARTESIAN_POINT('',(-0.301144121000992,1.46945983898388,4.04613043914843));
#2656=CARTESIAN_POINT('',(-0.2114219077018,1.48784708329056,4.07446508926371));
#2657=CARTESIAN_POINT('',(-0.114756344122995,1.49867231697373,4.09056008783172));
#2658=CARTESIAN_POINT('',(-0.0189113036136913,1.4998807827943,4.0923729666983));
#2659=CARTESIAN_POINT('',(0.0940271147679878,1.50130477111668,4.09450916144369));
#2660=CARTESIAN_POINT('',(0.20946596114251,1.48918545459927,4.07661370834105));
#2661=CARTESIAN_POINT('',(0.314544290196741,1.46664988647756,4.04179459936494));
#2662=CARTESIAN_POINT('',(0.433090377911789,1.44122596263607,4.00251276852511));
#2663=CARTESIAN_POINT('',(0.543103005776648,1.40195448400769,3.94073073146247));
#2664=CARTESIAN_POINT('',(0.635639535660014,1.35866198176954,3.86453779913095));
#2665=CARTESIAN_POINT('',(0.716654686284401,1.32075966801138,3.79783136549731));
#2666=CARTESIAN_POINT('',(0.786933071160275,1.27881812893366,3.71842707952748));
#2667=CARTESIAN_POINT('',(0.843264228930632,1.24052627550005,3.63005104809416));
#2668=CARTESIAN_POINT('',(0.891983835114137,1.20740847545541,3.55361652024289));
#2669=CARTESIAN_POINT('',(0.931290844542623,1.17640012813718,3.46873291218163));
#2670=CARTESIAN_POINT('',(0.95816347188008,1.15408958107884,3.37877332600951));
#2671=CARTESIAN_POINT('',(0.985221331152983,1.13162524832026,3.28819365204138));
#2672=CARTESIAN_POINT('',(1.,1.11803398874989,3.1897189323097));
#2673=CARTESIAN_POINT('',(1.,1.11803398874989,3.09255180139141));
#2674=CARTESIAN_POINT('',(0.,17.6664103559248,3.09255180139141));
#2675=CARTESIAN_POINT('',(0.,19.6664103559248,3.09255180139141));
#2676=CARTESIAN_POINT('',(1.,17.6664103559248,1.9074481986086));
#2677=CARTESIAN_POINT('',(1.1180339887499,0.999999999999999,3.09255180139141));
#2678=CARTESIAN_POINT('',(1.1180339887499,1.,3.11183576833979));
#2679=CARTESIAN_POINT('',(1.1185347240924,0.999440991769008,3.13113404803588));
#2680=CARTESIAN_POINT('',(1.11952749642833,0.998327694066893,3.15036023727301));
#2681=CARTESIAN_POINT('',(1.12414816914699,0.993146058626663,3.23984493066854));
#2682=CARTESIAN_POINT('',(1.14001233498545,0.975524619031643,3.32897891269934));
#2683=CARTESIAN_POINT('',(1.16258774231398,0.947834237312243,3.41131544200733));
#2684=CARTESIAN_POINT('',(1.19399974740942,0.909305124680678,3.52588061642588));
#2685=CARTESIAN_POINT('',(1.23863797498324,0.850384018617889,3.6314993143756));
#2686=CARTESIAN_POINT('',(1.28312375811986,0.776912750151759,3.72216007536152));
#2687=CARTESIAN_POINT('',(1.32168308306466,0.713229426736011,3.80074288308377));
#2688=CARTESIAN_POINT('',(1.36119289135494,0.636915387307125,3.87031009500105));
#2689=CARTESIAN_POINT('',(1.39508199024832,0.551131781414192,3.92697001758471));
#2690=CARTESIAN_POINT('',(1.42500607027794,0.475384842965183,3.97700073876734));
#2691=CARTESIAN_POINT('',(1.45112758886545,0.390597985209629,4.01788053479799));
#2692=CARTESIAN_POINT('',(1.46945983898388,0.301144121000991,4.04613043914843));
#2693=CARTESIAN_POINT('',(1.48784708329056,0.211421907701799,4.07446508926371));
#2694=CARTESIAN_POINT('',(1.49867231697373,0.114756344122994,4.09056008783172));
#2695=CARTESIAN_POINT('',(1.4998807827943,0.0189113036136899,4.0923729666983));
#2696=CARTESIAN_POINT('',(1.50130477111668,-0.0940271147679891,4.09450916144369));
#2697=CARTESIAN_POINT('',(1.48918545459927,-0.209465961142511,4.07661370834105));
#2698=CARTESIAN_POINT('',(1.46664988647756,-0.314544290196742,4.04179459936494));
#2699=CARTESIAN_POINT('',(1.44122596263607,-0.43309037791179,4.00251276852511));
#2700=CARTESIAN_POINT('',(1.40195448400769,-0.543103005776649,3.94073073146247));
#2701=CARTESIAN_POINT('',(1.35866198176954,-0.635639535660015,3.86453779913095));
#2702=CARTESIAN_POINT('',(1.32075966801138,-0.716654686284402,3.79783136549731));
#2703=CARTESIAN_POINT('',(1.27881812893366,-0.786933071160277,3.71842707952748));
#2704=CARTESIAN_POINT('',(1.24052627550005,-0.843264228930633,3.63005104809416));
#2705=CARTESIAN_POINT('',(1.20740847545541,-0.891983835114138,3.55361652024289));
#2706=CARTESIAN_POINT('',(1.17640012813718,-0.931290844542624,3.46873291218163));
#2707=CARTESIAN_POINT('',(1.15408958107884,-0.958163471880082,3.37877332600951));
#2708=CARTESIAN_POINT('',(1.13162524832026,-0.985221331152984,3.28819365204138));
#2709=CARTESIAN_POINT('',(1.11803398874989,-1.,3.1897189323097));
#2710=CARTESIAN_POINT('',(1.11803398874989,-1.,3.09255180139141));
#2711=CARTESIAN_POINT('',(17.6664103559248,-6.60089646610178E-14,3.09255180139141));
#2712=CARTESIAN_POINT('',(-19.6664103559248,2.29850860566927E-14,3.09255180139141));
#2713=CARTESIAN_POINT('',(17.6664103559248,-1.00000000000007,1.9074481986086));
#2714=CARTESIAN_POINT('',(0.999999999999997,-1.1180339887499,3.09255180139141));
#2715=CARTESIAN_POINT('',(0.999999999999998,-1.1180339887499,3.11183576833979));
#2716=CARTESIAN_POINT('',(0.999440991769006,-1.1185347240924,3.13113404803588));
#2717=CARTESIAN_POINT('',(0.998327694066892,-1.11952749642833,3.15036023727301));
#2718=CARTESIAN_POINT('',(0.993146058626661,-1.12414816914699,3.23984493066854));
#2719=CARTESIAN_POINT('',(0.975524619031642,-1.14001233498545,3.32897891269934));
#2720=CARTESIAN_POINT('',(0.947834237312242,-1.16258774231398,3.41131544200733));
#2721=CARTESIAN_POINT('',(0.909305124680677,-1.19399974740942,3.52588061642588));
#2722=CARTESIAN_POINT('',(0.850384018617888,-1.23863797498324,3.6314993143756));
#2723=CARTESIAN_POINT('',(0.776912750151757,-1.28312375811986,3.72216007536152));
#2724=CARTESIAN_POINT('',(0.713229426736009,-1.32168308306466,3.80074288308377));
#2725=CARTESIAN_POINT('',(0.636915387307123,-1.36119289135494,3.87031009500105));
#2726=CARTESIAN_POINT('',(0.551131781414189,-1.39508199024832,3.92697001758471));
#2727=CARTESIAN_POINT('',(0.475384842965181,-1.42500607027794,3.97700073876734));
#2728=CARTESIAN_POINT('',(0.390597985209626,-1.45112758886545,4.01788053479799));
#2729=CARTESIAN_POINT('',(0.301144121000989,-1.46945983898388,4.04613043914843));
#2730=CARTESIAN_POINT('',(0.211421907701797,-1.48784708329056,4.07446508926371));
#2731=CARTESIAN_POINT('',(0.114756344122992,-1.49867231697373,4.09056008783172));
#2732=CARTESIAN_POINT('',(0.0189113036136877,-1.4998807827943,4.0923729666983));
#2733=CARTESIAN_POINT('',(-0.0940271147679914,-1.50130477111668,4.09450916144369));
#2734=CARTESIAN_POINT('',(-0.209465961142513,-1.48918545459927,4.07661370834105));
#2735=CARTESIAN_POINT('',(-0.314544290196745,-1.46664988647756,4.04179459936494));
#2736=CARTESIAN_POINT('',(-0.433090377911792,-1.44122596263607,4.00251276852511));
#2737=CARTESIAN_POINT('',(-0.543103005776651,-1.40195448400769,3.94073073146247));
#2738=CARTESIAN_POINT('',(-0.635639535660015,-1.35866198176954,3.86453779913095));
#2739=CARTESIAN_POINT('',(-0.716654686284403,-1.32075966801138,3.79783136549731));
#2740=CARTESIAN_POINT('',(-0.786933071160278,-1.27881812893366,3.71842707952748));
#2741=CARTESIAN_POINT('',(-0.843264228930634,-1.24052627550005,3.63005104809416));
#2742=CARTESIAN_POINT('',(-0.891983835114139,-1.2074084754554,3.55361652024289));
#2743=CARTESIAN_POINT('',(-0.931290844542625,-1.17640012813718,3.46873291218163));
#2744=CARTESIAN_POINT('',(-0.958163471880083,-1.15408958107884,3.37877332600951));
#2745=CARTESIAN_POINT('',(-0.985221331152986,-1.13162524832026,3.28819365204138));
#2746=CARTESIAN_POINT('',(-1.,-1.11803398874989,3.1897189323097));
#2747=CARTESIAN_POINT('',(-1.,-1.11803398874989,3.09255180139141));
#2748=CARTESIAN_POINT('',(-4.12843506550553E-14,-17.6664103559248,3.09255180139141));
#2749=CARTESIAN_POINT('',(-4.59701721133854E-14,-19.6664103559248,3.09255180139141));
#2750=CARTESIAN_POINT('',(-1.00000000000004,-17.6664103559248,1.9074481986086));
#2751=CARTESIAN_POINT('',(-1.1180339887499,-0.999999999999999,3.09255180139141));
#2752=CARTESIAN_POINT('',(-1.1180339887499,-1.,3.11183576833979));
#2753=CARTESIAN_POINT('',(-1.1185347240924,-0.999440991769008,3.13113404803588));
#2754=CARTESIAN_POINT('',(-1.11952749642833,-0.998327694066893,3.15036023727301));
#2755=CARTESIAN_POINT('',(-1.12414816914699,-0.993146058626663,3.23984493066854));
#2756=CARTESIAN_POINT('',(-1.14001233498545,-0.975524619031643,3.32897891269934));
#2757=CARTESIAN_POINT('',(-1.16258774231398,-0.947834237312243,3.41131544200733));
#2758=CARTESIAN_POINT('',(-1.19399974740942,-0.909305124680678,3.52588061642588));
#2759=CARTESIAN_POINT('',(-1.23863797498324,-0.850384018617889,3.6314993143756));
#2760=CARTESIAN_POINT('',(-1.28312375811986,-0.776912750151759,3.72216007536152));
#2761=CARTESIAN_POINT('',(-1.32168308306466,-0.713229426736011,3.80074288308377));
#2762=CARTESIAN_POINT('',(-1.36119289135494,-0.636915387307125,3.87031009500105));
#2763=CARTESIAN_POINT('',(-1.39508199024832,-0.551131781414191,3.92697001758471));
#2764=CARTESIAN_POINT('',(-1.42500607027794,-0.475384842965183,3.97700073876734));
#2765=CARTESIAN_POINT('',(-1.45112758886545,-0.390597985209629,4.01788053479799));
#2766=CARTESIAN_POINT('',(-1.46945983898388,-0.301144121000991,4.04613043914843));
#2767=CARTESIAN_POINT('',(-1.48784708329056,-0.211421907701799,4.07446508926371));
#2768=CARTESIAN_POINT('',(-1.49867231697373,-0.114756344122994,4.09056008783172));
#2769=CARTESIAN_POINT('',(-1.4998807827943,-0.01891130361369,4.0923729666983));
#2770=CARTESIAN_POINT('',(-1.50130477111668,0.0940271147679893,4.09450916144369));
#2771=CARTESIAN_POINT('',(-1.48918545459927,0.209465961142511,4.07661370834105));
#2772=CARTESIAN_POINT('',(-1.46664988647756,0.314544290196743,4.04179459936494));
#2773=CARTESIAN_POINT('',(-1.44122596263607,0.433090377911791,4.00251276852511));
#2774=CARTESIAN_POINT('',(-1.40195448400769,0.54310300577665,3.94073073146247));
#2775=CARTESIAN_POINT('',(-1.35866198176954,0.635639535660015,3.86453779913095));
#2776=CARTESIAN_POINT('',(-1.32075966801138,0.716654686284402,3.79783136549731));
#2777=CARTESIAN_POINT('',(-1.27881812893366,0.786933071160277,3.71842707952748));
#2778=CARTESIAN_POINT('',(-1.24052627550005,0.843264228930633,3.63005104809416));
#2779=CARTESIAN_POINT('',(-1.20740847545541,0.891983835114138,3.55361652024289));
#2780=CARTESIAN_POINT('',(-1.17640012813718,0.931290844542624,3.46873291218163));
#2781=CARTESIAN_POINT('',(-1.15408958107884,0.958163471880082,3.37877332600951));
#2782=CARTESIAN_POINT('',(-1.13162524832026,0.985221331152984,3.28819365204138));
#2783=CARTESIAN_POINT('',(-1.11803398874989,1.,3.1897189323097));
#2784=CARTESIAN_POINT('',(-1.11803398874989,1.,3.09255180139141));
#2785=CARTESIAN_POINT('',(-17.6664103559248,2.06421753275276E-14,3.09255180139141));
#2786=CARTESIAN_POINT('',(-19.6664103559248,2.29850860566927E-14,3.09255180139141));
#2787=CARTESIAN_POINT('',(-17.6664103559248,1.00000000000002,1.9074481986086));
#2788=CARTESIAN_POINT('',(0.,0.,-33.1));
#2789=CARTESIAN_POINT('',(-17.265039732402,-18.5361851722097,2.90744819860859));
#2790=CARTESIAN_POINT('',(-17.265039732402,-15.0361851722097,2.90744819860859));
#2791=CARTESIAN_POINT('',(0.,-4.3608872523079E-15,2.9074481986086));
#2792=CARTESIAN_POINT('',(0.,-4.3608872523079E-15,2.9074481986086));
#2793=CARTESIAN_POINT('',(17.7624017930202,17.6983081235153,2.90744819860861));
#2794=CARTESIAN_POINT('',(17.7624017930202,21.1983081235153,2.90744819860861));
#2795=CARTESIAN_POINT('',(0.,-4.3608872523079E-15,2.9074481986086));
#2796=CARTESIAN_POINT('',(0.,-4.3608872523079E-15,2.9074481986086));
#2797=CARTESIAN_POINT('',(17.7624017930202,17.6983081235153,2.90744819860859));
#2798=CARTESIAN_POINT('',(-17.265039732402,-18.5361851722097,2.90744819860859));
#2799=MECHANICAL_DESIGN_GEOMETRIC_PRESENTATION_REPRESENTATION('',(#24,#25),
#2800);
#2800=(
GEOMETRIC_REPRESENTATION_CONTEXT(3)
GLOBAL_UNCERTAINTY_ASSIGNED_CONTEXT((#2801))
GLOBAL_UNIT_ASSIGNED_CONTEXT((#2807,#2803,#2802))
REPRESENTATION_CONTEXT('umbrella_top_open_Full_wings_mold',
'TOP_LEVEL_ASSEMBLY_PART')
);
#2801=UNCERTAINTY_MEASURE_WITH_UNIT(LENGTH_MEASURE(0.0508),#2807,
'DISTANCE_ACCURACY_VALUE','Maximum Tolerance applied to model');
#2802=(
NAMED_UNIT(*)
SI_UNIT($,.STERADIAN.)
SOLID_ANGLE_UNIT()
);
#2803=(
CONVERSION_BASED_UNIT('DEGREE',#2805)
NAMED_UNIT(#2804)
PLANE_ANGLE_UNIT()
);
#2804=DIMENSIONAL_EXPONENTS(0.,0.,0.,0.,0.,0.,0.);
#2805=PLANE_ANGLE_MEASURE_WITH_UNIT(PLANE_ANGLE_MEASURE(0.0174532925),#2806);
#2806=(
NAMED_UNIT(*)
PLANE_ANGLE_UNIT()
SI_UNIT($,.RADIAN.)
);
#2807=(
LENGTH_UNIT()
NAMED_UNIT(*)
SI_UNIT(.MILLI.,.METRE.)
);
ENDSEC;
END-ISO-10303-21;
