ISO-10303-21;
HEADER;
/* Generated by software containing ST-Developer
 * from STEP Tools, Inc. (www.steptools.com) 
 */
/* OPTION: using custom schema-name function */

FILE_DESCRIPTION(
/* description */ (''),
/* implementation_level */ '2;1');

FILE_NAME(
/* name */ 'twister_skin_mold.stp',
/* time_stamp */ '2026-09-08T16:16:12+02:00',
/* author */ (''),
/* organization */ (''),
/* preprocessor_version */ 'ST-DEVELOPER v20',
/* originating_system */ 'SIEMENS PLM Software NX2406.3002',
/* authorisation */ '');

FILE_SCHEMA (('AUTOMOTIVE_DESIGN { 1 0 10303 214 3 1 1 1 }'));
ENDSEC;

DATA;
#10=SHAPE_REPRESENTATION_RELATIONSHIP('None',
'relationship between twister_skin_mold-None and twister_skin_mold-Non
e',#22,#11);
#11=ADVANCED_BREP_SHAPE_REPRESENTATION('twister_skin_mold-None',(#83,#84,
#85,#86,#87,#88,#89,#90),#6008);
#12=SHAPE_DEFINITION_REPRESENTATION(#13,#22);
#13=PRODUCT_DEFINITION_SHAPE('','',#14);
#14=PRODUCT_DEFINITION(' ','',#16,#15);
#15=PRODUCT_DEFINITION_CONTEXT('part definition',#21,'design');
#16=PRODUCT_DEFINITION_FORMATION_WITH_SPECIFIED_SOURCE(' ',' ',#18,
 .NOT_KNOWN.);
#17=PRODUCT_RELATED_PRODUCT_CATEGORY('part','',(#18));
#18=PRODUCT('twister_skin_mold','twister_skin_mold',' ',(#19));
#19=PRODUCT_CONTEXT(' ',#21,'mechanical');
#20=APPLICATION_PROTOCOL_DEFINITION('international standard',
'automotive_design',2010,#21);
#21=APPLICATION_CONTEXT(
'core data for automotive mechanical design processes');
#22=SHAPE_REPRESENTATION('twister_skin_mold-None',(#3097),#6008);
#23=CONICAL_SURFACE('',#3329,16.5876523027603,89.7555577773418);
#24=CONICAL_SURFACE('',#3349,16.5876523027603,89.7555577773418);
#25=PRESENTATION_LAYER_ASSIGNMENT('1','Layer 1',(#83,#84,#85,#86,#87,#88,
#89,#90));
#26=STYLED_ITEM('',(#34),#83);
#27=STYLED_ITEM('',(#35),#84);
#28=STYLED_ITEM('',(#36),#85);
#29=STYLED_ITEM('',(#37),#86);
#30=STYLED_ITEM('',(#38),#87);
#31=STYLED_ITEM('',(#39),#88);
#32=STYLED_ITEM('',(#40),#89);
#33=STYLED_ITEM('',(#41),#90);
#34=PRESENTATION_STYLE_ASSIGNMENT((#42));
#35=PRESENTATION_STYLE_ASSIGNMENT((#43));
#36=PRESENTATION_STYLE_ASSIGNMENT((#44));
#37=PRESENTATION_STYLE_ASSIGNMENT((#45));
#38=PRESENTATION_STYLE_ASSIGNMENT((#46));
#39=PRESENTATION_STYLE_ASSIGNMENT((#47));
#40=PRESENTATION_STYLE_ASSIGNMENT((#48));
#41=PRESENTATION_STYLE_ASSIGNMENT((#49));
#42=SURFACE_STYLE_USAGE(.BOTH.,#50);
#43=SURFACE_STYLE_USAGE(.BOTH.,#51);
#44=SURFACE_STYLE_USAGE(.BOTH.,#52);
#45=SURFACE_STYLE_USAGE(.BOTH.,#53);
#46=SURFACE_STYLE_USAGE(.BOTH.,#54);
#47=SURFACE_STYLE_USAGE(.BOTH.,#55);
#48=SURFACE_STYLE_USAGE(.BOTH.,#56);
#49=SURFACE_STYLE_USAGE(.BOTH.,#57);
#50=SURFACE_SIDE_STYLE('',(#58));
#51=SURFACE_SIDE_STYLE('',(#59));
#52=SURFACE_SIDE_STYLE('',(#60));
#53=SURFACE_SIDE_STYLE('',(#61));
#54=SURFACE_SIDE_STYLE('',(#62));
#55=SURFACE_SIDE_STYLE('',(#63));
#56=SURFACE_SIDE_STYLE('',(#64));
#57=SURFACE_SIDE_STYLE('',(#65));
#58=SURFACE_STYLE_FILL_AREA(#66);
#59=SURFACE_STYLE_FILL_AREA(#67);
#60=SURFACE_STYLE_FILL_AREA(#68);
#61=SURFACE_STYLE_FILL_AREA(#69);
#62=SURFACE_STYLE_FILL_AREA(#70);
#63=SURFACE_STYLE_FILL_AREA(#71);
#64=SURFACE_STYLE_FILL_AREA(#72);
#65=SURFACE_STYLE_FILL_AREA(#73);
#66=FILL_AREA_STYLE('',(#74));
#67=FILL_AREA_STYLE('',(#75));
#68=FILL_AREA_STYLE('',(#76));
#69=FILL_AREA_STYLE('',(#77));
#70=FILL_AREA_STYLE('',(#78));
#71=FILL_AREA_STYLE('',(#79));
#72=FILL_AREA_STYLE('',(#80));
#73=FILL_AREA_STYLE('',(#81));
#74=FILL_AREA_STYLE_COLOUR('',#82);
#75=FILL_AREA_STYLE_COLOUR('',#82);
#76=FILL_AREA_STYLE_COLOUR('',#82);
#77=FILL_AREA_STYLE_COLOUR('',#82);
#78=FILL_AREA_STYLE_COLOUR('',#82);
#79=FILL_AREA_STYLE_COLOUR('',#82);
#80=FILL_AREA_STYLE_COLOUR('',#82);
#81=FILL_AREA_STYLE_COLOUR('',#82);
#82=COLOUR_RGB('medium steel',0.596078431372549,0.666666666666667,0.686274509803922);
#83=MANIFOLD_SOLID_BREP('',#91);
#84=MANIFOLD_SOLID_BREP('',#92);
#85=MANIFOLD_SOLID_BREP('',#93);
#86=MANIFOLD_SOLID_BREP('',#94);
#87=MANIFOLD_SOLID_BREP('',#95);
#88=MANIFOLD_SOLID_BREP('',#96);
#89=MANIFOLD_SOLID_BREP('',#97);
#90=MANIFOLD_SOLID_BREP('',#98);
#91=CLOSED_SHELL('',(#310,#311,#312,#313,#314,#315,#316,#317,#318,#319,
#320,#321,#322,#323,#324,#325,#326,#327,#328,#329,#330,#331,#332,#333,#334,
#335,#336,#337,#338));
#92=CLOSED_SHELL('',(#339,#340,#341,#342,#343,#344,#345,#346));
#93=CLOSED_SHELL('',(#347,#348,#349,#350,#351,#352,#353,#354));
#94=CLOSED_SHELL('',(#355,#356,#357,#358,#359,#360,#361,#362,#363,#364,
#365,#366,#367,#368,#369,#370,#371,#372,#373,#374,#375));
#95=CLOSED_SHELL('',(#376,#377,#378,#379,#380,#381,#382,#383,#384,#385,
#386,#387,#388,#389,#390,#391,#392,#393,#394,#395,#396,#397,#398,#399,#400,
#401,#402,#403,#404,#405,#406,#407,#408,#409,#410));
#96=CLOSED_SHELL('',(#411,#412,#413,#414,#415,#416,#417,#418,#419,#420,
#421,#422,#423,#424,#425,#426,#427,#428,#429,#430,#431,#432));
#97=CLOSED_SHELL('',(#433,#434,#435,#436,#437,#438,#439,#440,#441,#442,
#443,#444,#445,#446,#447,#448,#449,#450,#451,#452,#453));
#98=CLOSED_SHELL('',(#454,#455,#456,#457,#458,#459,#460,#461,#462,#463,
#464,#465,#466,#467,#468,#469,#470,#471,#472,#473,#474,#475,#476,#477,#478,
#479));
#99=SURFACE_OF_LINEAR_EXTRUSION('',#154,#2898);
#100=SURFACE_OF_LINEAR_EXTRUSION('',#157,#2901);
#101=SURFACE_OF_LINEAR_EXTRUSION('',#159,#2903);
#102=SURFACE_OF_LINEAR_EXTRUSION('',#162,#2906);
#103=SURFACE_OF_LINEAR_EXTRUSION('',#165,#2908);
#104=SURFACE_OF_LINEAR_EXTRUSION('',#175,#2951);
#105=SURFACE_OF_LINEAR_EXTRUSION('',#178,#2953);
#106=SURFACE_OF_LINEAR_EXTRUSION('',#216,#3019);
#107=SURFACE_OF_LINEAR_EXTRUSION('',#219,#3022);
#108=SURFACE_OF_LINEAR_EXTRUSION('',#232,#3048);
#109=SURFACE_OF_LINEAR_EXTRUSION('',#233,#3050);
#110=SURFACE_OF_LINEAR_EXTRUSION('',#234,#3053);
#111=SURFACE_OF_LINEAR_EXTRUSION('',#235,#3054);
#112=SURFACE_OF_LINEAR_EXTRUSION('',#237,#3055);
#113=SURFACE_OF_LINEAR_EXTRUSION('',#250,#3084);
#114=SURFACE_OF_LINEAR_EXTRUSION('',#261,#3086);
#115=SURFACE_OF_LINEAR_EXTRUSION('',#262,#3088);
#116=SURFACE_OF_LINEAR_EXTRUSION('',#263,#3096);
#117=SPHERICAL_SURFACE('',#3142,2.);
#118=SPHERICAL_SURFACE('',#3143,2.);
#119=SPHERICAL_SURFACE('',#3212,1.5);
#120=SPHERICAL_SURFACE('',#3213,1.5);
#121=SPHERICAL_SURFACE('',#3262,2.);
#122=SPHERICAL_SURFACE('',#3263,2.);
#123=SPHERICAL_SURFACE('',#3307,1.5);
#124=SPHERICAL_SURFACE('',#3308,1.5);
#125=CYLINDRICAL_SURFACE('',#3120,13.78891399389);
#126=CYLINDRICAL_SURFACE('',#3138,14.78891399389);
#127=CYLINDRICAL_SURFACE('',#3140,14.78891399389);
#128=CYLINDRICAL_SURFACE('',#3150,13.2917940875106);
#129=CYLINDRICAL_SURFACE('',#3153,12.7910653496995);
#130=CYLINDRICAL_SURFACE('',#3165,13.2917940875106);
#131=CYLINDRICAL_SURFACE('',#3181,12.7910653496995);
#132=CYLINDRICAL_SURFACE('',#3182,13.2917940875106);
#133=CYLINDRICAL_SURFACE('',#3183,13.2917940875106);
#134=CYLINDRICAL_SURFACE('',#3201,15.7910653496995);
#135=CYLINDRICAL_SURFACE('',#3208,13.2917940875106);
#136=CYLINDRICAL_SURFACE('',#3222,14.78891399389);
#137=CYLINDRICAL_SURFACE('',#3232,13.78891399389);
#138=CYLINDRICAL_SURFACE('',#3260,14.78891399389);
#139=CYLINDRICAL_SURFACE('',#3293,15.7910653496995);
#140=CYLINDRICAL_SURFACE('',#3303,13.2917940875106);
#141=CYLINDRICAL_SURFACE('',#3317,13.2917940875106);
#142=CYLINDRICAL_SURFACE('',#3323,15.7910653496996);
#143=CYLINDRICAL_SURFACE('',#3355,15.7910653496996);
#144=CYLINDRICAL_SURFACE('',#3360,13.2917940875106);
#145=B_SPLINE_CURVE_WITH_KNOTS('',3,(#4234,#4235,#4236,#4237,#4238,#4239,
#4240,#4241,#4242,#4243,#4244,#4245,#4246,#4247),.UNSPECIFIED.,.F.,.F.,
(4,2,2,2,2,2,4),(0.,0.170679702397982,0.341359404795965,0.530598453474116,
0.719837502152268,0.859918751076134,1.),.UNSPECIFIED.);
#146=B_SPLINE_CURVE_WITH_KNOTS('',3,(#4249,#4250,#4251,#4252),
 .UNSPECIFIED.,.F.,.F.,(4,4),(0.,1.),.UNSPECIFIED.);
#147=B_SPLINE_CURVE_WITH_KNOTS('',3,(#4254,#4255,#4256,#4257,#4258,#4259,
#4260,#4261,#4262,#4263,#4264,#4265,#4266,#4267,#4268,#4269),
 .UNSPECIFIED.,.F.,.F.,(4,2,2,2,2,2,2,4),(0.,0.0651599992631923,0.224706173929683,
0.384252348596176,0.551510725059235,0.718769101522293,0.859384550761147,
1.),.UNSPECIFIED.);
#148=B_SPLINE_CURVE_WITH_KNOTS('',3,(#4271,#4272,#4273,#4274),
 .UNSPECIFIED.,.F.,.F.,(4,4),(0.,1.),.UNSPECIFIED.);
#149=B_SPLINE_CURVE_WITH_KNOTS('',3,(#4276,#4277,#4278,#4279,#4280,#4281,
#4282,#4283,#4284,#4285,#4286,#4287,#4288,#4289,#4290,#4291),
 .UNSPECIFIED.,.F.,.F.,(4,2,2,2,2,2,2,4),(0.,0.149440793226598,0.298881586453196,
0.449923531035793,0.600965475618387,0.791484292080527,0.982003108542665,
1.),.UNSPECIFIED.);
#150=B_SPLINE_CURVE_WITH_KNOTS('',3,(#4293,#4294,#4295,#4296),
 .UNSPECIFIED.,.F.,.F.,(4,4),(0.,1.),.UNSPECIFIED.);
#151=B_SPLINE_CURVE_WITH_KNOTS('',3,(#4298,#4299,#4300,#4301,#4302,#4303,
#4304,#4305,#4306,#4307,#4308,#4309,#4310,#4311,#4312,#4313),
 .UNSPECIFIED.,.F.,.F.,(4,2,2,2,2,2,2,4),(0.,0.121558641233843,0.243117282467688,
0.371402488829096,0.499687695190505,0.627972901551914,0.813986450775957,
1.),.UNSPECIFIED.);
#152=B_SPLINE_CURVE_WITH_KNOTS('',3,(#4315,#4316,#4317,#4318,#4319,#4320,
#4321,#4322,#4323,#4324,#4325,#4326,#4327,#4328),.UNSPECIFIED.,.F.,.F.,
(4,2,2,2,2,2,4),(0.,0.170679702397982,0.341359404795965,0.530598453474116,
0.719837502152268,0.859918751076134,1.),.UNSPECIFIED.);
#153=B_SPLINE_CURVE_WITH_KNOTS('',3,(#4376,#4377,#4378,#4379,#4380,#4381,
#4382,#4383,#4384,#4385,#4386,#4387,#4388,#4389),.UNSPECIFIED.,.F.,.F.,
(4,2,2,2,2,2,4),(0.,0.140081248923866,0.280162497847732,0.469401546525884,
0.658640595204035,0.829320297602018,1.),.UNSPECIFIED.);
#154=B_SPLINE_CURVE_WITH_KNOTS('',3,(#4392,#4393,#4394,#4395,#4396,#4397,
#4398,#4399,#4400,#4401,#4402,#4403,#4404,#4405),.UNSPECIFIED.,.F.,.F.,
(4,2,2,2,2,2,4),(0.,0.170679702397982,0.341359404795965,0.530598453474116,
0.719837502152268,0.859918751076134,1.),.UNSPECIFIED.);
#155=B_SPLINE_CURVE_WITH_KNOTS('',3,(#4406,#4407,#4408,#4409),
 .UNSPECIFIED.,.F.,.F.,(4,4),(0.,1.),.UNSPECIFIED.);
#156=B_SPLINE_CURVE_WITH_KNOTS('',3,(#4415,#4416,#4417,#4418,#4419,#4420,
#4421,#4422,#4423,#4424,#4425,#4426,#4427,#4428),.UNSPECIFIED.,.F.,.F.,
(4,2,2,2,2,2,4),(0.,0.140081248923866,0.280162497847732,0.469401546525884,
0.658640595204035,0.829320297602018,1.),.UNSPECIFIED.);
#157=B_SPLINE_CURVE_WITH_KNOTS('',3,(#4429,#4430,#4431,#4432,#4433,#4434,
#4435,#4436,#4437,#4438,#4439,#4440,#4441,#4442),.UNSPECIFIED.,.F.,.F.,
(4,2,2,2,2,2,4),(0.,0.170679702397982,0.341359404795965,0.530598453474116,
0.719837502152268,0.859918751076134,1.),.UNSPECIFIED.);
#158=B_SPLINE_CURVE_WITH_KNOTS('',3,(#4443,#4444,#4445,#4446,#4447,#4448,
#4449,#4450,#4451,#4452,#4453,#4454,#4455,#4456,#4457,#4458),
 .UNSPECIFIED.,.F.,.F.,(4,2,2,2,2,2,2,4),(0.,0.186013549224043,0.372027098448086,
0.500312304809495,0.628597511170904,0.756882717532312,0.878441358766157,
1.),.UNSPECIFIED.);
#159=B_SPLINE_CURVE_WITH_KNOTS('',3,(#4461,#4462,#4463,#4464,#4465,#4466,
#4467,#4468,#4469,#4470,#4471,#4472,#4473,#4474,#4475,#4476),
 .UNSPECIFIED.,.F.,.F.,(4,2,2,2,2,2,2,4),(0.,0.121558641233843,0.243117282467688,
0.371402488829096,0.499687695190505,0.627972901551914,0.813986450775957,
1.),.UNSPECIFIED.);
#160=B_SPLINE_CURVE_WITH_KNOTS('',3,(#4477,#4478,#4479,#4480),
 .UNSPECIFIED.,.F.,.F.,(4,4),(0.,1.),.UNSPECIFIED.);
#161=B_SPLINE_CURVE_WITH_KNOTS('',3,(#4484,#4485,#4486,#4487,#4488,#4489,
#4490,#4491,#4492,#4493,#4494,#4495,#4496,#4497,#4498,#4499),
 .UNSPECIFIED.,.F.,.F.,(4,2,2,2,2,2,2,4),(0.,0.0179968914573349,0.208515707919473,
0.399034524381613,0.550076468964207,0.701118413546804,0.850559206773402,
1.),.UNSPECIFIED.);
#162=B_SPLINE_CURVE_WITH_KNOTS('',3,(#4502,#4503,#4504,#4505,#4506,#4507,
#4508,#4509,#4510,#4511,#4512,#4513,#4514,#4515,#4516,#4517),
 .UNSPECIFIED.,.F.,.F.,(4,2,2,2,2,2,2,4),(0.,0.149440793226598,0.298881586453196,
0.449923531035793,0.600965475618387,0.791484292080527,0.982003108542665,
1.),.UNSPECIFIED.);
#163=B_SPLINE_CURVE_WITH_KNOTS('',3,(#4518,#4519,#4520,#4521),
 .UNSPECIFIED.,.F.,.F.,(4,4),(0.,1.),.UNSPECIFIED.);
#164=B_SPLINE_CURVE_WITH_KNOTS('',3,(#4525,#4526,#4527,#4528,#4529,#4530,
#4531,#4532,#4533,#4534,#4535,#4536,#4537,#4538,#4539,#4540),
 .UNSPECIFIED.,.F.,.F.,(4,2,2,2,2,2,2,4),(0.,0.140615449238853,0.281230898477707,
0.448489274940765,0.615747651403824,0.775293826070317,0.934840000736808,
1.),.UNSPECIFIED.);
#165=B_SPLINE_CURVE_WITH_KNOTS('',3,(#4541,#4542,#4543,#4544,#4545,#4546,
#4547,#4548,#4549,#4550,#4551,#4552,#4553,#4554,#4555,#4556),
 .UNSPECIFIED.,.F.,.F.,(4,2,2,2,2,2,2,4),(0.,0.0651599992631923,0.224706173929683,
0.384252348596176,0.551510725059235,0.718769101522293,0.859384550761147,
1.),.UNSPECIFIED.);
#166=B_SPLINE_CURVE_WITH_KNOTS('',3,(#4663,#4664,#4665,#4666),
 .UNSPECIFIED.,.F.,.F.,(4,4),(0.,1.),.UNSPECIFIED.);
#167=B_SPLINE_CURVE_WITH_KNOTS('',3,(#4674,#4675,#4676,#4677,#4678,#4679,
#4680,#4681,#4682,#4683,#4684,#4685,#4686,#4687,#4688,#4689,#4690,#4691,
#4692,#4693),.UNSPECIFIED.,.F.,.F.,(4,2,2,2,2,2,2,2,2,4),(0.,0.13870094115432,
0.27740188230864,0.408508247434338,0.539614612560038,0.664740687346672,
0.789866762133304,0.870460490396064,0.951054218658824,1.),.UNSPECIFIED.);
#168=B_SPLINE_CURVE_WITH_KNOTS('',3,(#4695,#4696,#4697,#4698),
 .UNSPECIFIED.,.F.,.F.,(4,4),(0.,1.),.UNSPECIFIED.);
#169=B_SPLINE_CURVE_WITH_KNOTS('',3,(#4700,#4701,#4702,#4703,#4704,#4705,
#4706,#4707,#4708,#4709,#4710,#4711,#4712,#4713,#4714,#4715,#4716,#4717,
#4718,#4719),.UNSPECIFIED.,.F.,.F.,(4,2,2,2,2,2,2,2,2,4),(0.,0.0668325359069872,
0.133665071813975,0.213844178370666,0.294023284927357,0.37420239148405,
0.531489915410157,0.688777439336263,0.844388719668131,1.),.UNSPECIFIED.);
#170=B_SPLINE_CURVE_WITH_KNOTS('',3,(#4721,#4722,#4723,#4724),
 .UNSPECIFIED.,.F.,.F.,(4,4),(0.,1.),.UNSPECIFIED.);
#171=B_SPLINE_CURVE_WITH_KNOTS('',3,(#4766,#4767,#4768,#4769),
 .UNSPECIFIED.,.F.,.F.,(4,4),(0.,1.),.UNSPECIFIED.);
#172=B_SPLINE_CURVE_WITH_KNOTS('',3,(#4775,#4776,#4777,#4778),
 .UNSPECIFIED.,.F.,.F.,(4,4),(0.,1.),.UNSPECIFIED.);
#173=B_SPLINE_CURVE_WITH_KNOTS('',3,(#4782,#4783,#4784,#4785),
 .UNSPECIFIED.,.F.,.F.,(4,4),(0.,1.),.UNSPECIFIED.);
#174=B_SPLINE_CURVE_WITH_KNOTS('',3,(#4789,#4790,#4791,#4792,#4793,#4794,
#4795,#4796,#4797,#4798,#4799,#4800,#4801,#4802,#4803,#4804,#4805,#4806,
#4807,#4808),.UNSPECIFIED.,.F.,.F.,(4,2,2,2,2,2,2,2,2,4),(0.,0.155611280331869,
0.311222560663737,0.468510084589843,0.62579760851595,0.705976715072643,
0.786155821629334,0.866334928186025,0.933167464093013,1.),.UNSPECIFIED.);
#175=B_SPLINE_CURVE_WITH_KNOTS('',3,(#4811,#4812,#4813,#4814,#4815,#4816,
#4817,#4818,#4819,#4820,#4821,#4822,#4823,#4824,#4825,#4826,#4827,#4828,
#4829,#4830),.UNSPECIFIED.,.F.,.F.,(4,2,2,2,2,2,2,2,2,4),(0.,0.0668325359069872,
0.133665071813975,0.213844178370666,0.294023284927357,0.37420239148405,
0.531489915410157,0.688777439336263,0.844388719668131,1.),.UNSPECIFIED.);
#176=B_SPLINE_CURVE_WITH_KNOTS('',3,(#4831,#4832,#4833,#4834),
 .UNSPECIFIED.,.F.,.F.,(4,4),(0.,1.),.UNSPECIFIED.);
#177=B_SPLINE_CURVE_WITH_KNOTS('',3,(#4838,#4839,#4840,#4841,#4842,#4843,
#4844,#4845,#4846,#4847,#4848,#4849,#4850,#4851,#4852,#4853,#4854,#4855,
#4856,#4857),.UNSPECIFIED.,.F.,.F.,(4,2,2,2,2,2,2,2,2,4),(0.,0.0489457813411765,
0.129539509603936,0.210133237866696,0.335259312653328,0.460385387439962,
0.591491752565662,0.72259811769136,0.86129905884568,1.),.UNSPECIFIED.);
#178=B_SPLINE_CURVE_WITH_KNOTS('',3,(#4858,#4859,#4860,#4861,#4862,#4863,
#4864,#4865,#4866,#4867,#4868,#4869,#4870,#4871,#4872,#4873,#4874,#4875,
#4876,#4877),.UNSPECIFIED.,.F.,.F.,(4,2,2,2,2,2,2,2,2,4),(0.,0.13870094115432,
0.27740188230864,0.408508247434338,0.539614612560038,0.664740687346672,
0.789866762133304,0.870460490396064,0.951054218658824,1.),.UNSPECIFIED.);
#179=B_SPLINE_CURVE_WITH_KNOTS('',1,(#4884,#4885),.UNSPECIFIED.,.F.,.F.,
(2,2),(0.,1.),.UNSPECIFIED.);
#180=B_SPLINE_CURVE_WITH_KNOTS('',1,(#4979,#4980),.UNSPECIFIED.,.F.,.F.,
(2,2),(0.,1.),.UNSPECIFIED.);
#181=B_SPLINE_CURVE_WITH_KNOTS('',1,(#4982,#4983),.UNSPECIFIED.,.F.,.F.,
(2,2),(0.,1.),.UNSPECIFIED.);
#182=B_SPLINE_CURVE_WITH_KNOTS('',1,(#4985,#4986),.UNSPECIFIED.,.F.,.F.,
(2,2),(0.,1.),.UNSPECIFIED.);
#183=B_SPLINE_CURVE_WITH_KNOTS('',1,(#4988,#4989),.UNSPECIFIED.,.F.,.F.,
(2,2),(0.,1.),.UNSPECIFIED.);
#184=B_SPLINE_CURVE_WITH_KNOTS('',1,(#4991,#4992),.UNSPECIFIED.,.F.,.F.,
(2,2),(0.,1.),.UNSPECIFIED.);
#185=B_SPLINE_CURVE_WITH_KNOTS('',1,(#4994,#4995),.UNSPECIFIED.,.F.,.F.,
(2,2),(0.,1.),.UNSPECIFIED.);
#186=B_SPLINE_CURVE_WITH_KNOTS('',1,(#4997,#4998),.UNSPECIFIED.,.F.,.F.,
(2,2),(0.,1.),.UNSPECIFIED.);
#187=B_SPLINE_CURVE_WITH_KNOTS('',1,(#5000,#5001),.UNSPECIFIED.,.F.,.F.,
(2,2),(0.,1.),.UNSPECIFIED.);
#188=B_SPLINE_CURVE_WITH_KNOTS('',1,(#5003,#5004),.UNSPECIFIED.,.F.,.F.,
(2,2),(0.,1.),.UNSPECIFIED.);
#189=B_SPLINE_CURVE_WITH_KNOTS('',1,(#5006,#5007),.UNSPECIFIED.,.F.,.F.,
(2,2),(0.,1.),.UNSPECIFIED.);
#190=B_SPLINE_CURVE_WITH_KNOTS('',1,(#5021,#5022),.UNSPECIFIED.,.F.,.F.,
(2,2),(0.,1.),.UNSPECIFIED.);
#191=B_SPLINE_CURVE_WITH_KNOTS('',1,(#5027,#5028),.UNSPECIFIED.,.F.,.F.,
(2,2),(0.,1.),.UNSPECIFIED.);
#192=B_SPLINE_CURVE_WITH_KNOTS('',1,(#5032,#5033),.UNSPECIFIED.,.F.,.F.,
(2,2),(0.,1.),.UNSPECIFIED.);
#193=B_SPLINE_CURVE_WITH_KNOTS('',1,(#5035,#5036),.UNSPECIFIED.,.F.,.F.,
(2,2),(0.,1.),.UNSPECIFIED.);
#194=B_SPLINE_CURVE_WITH_KNOTS('',1,(#5040,#5041),.UNSPECIFIED.,.F.,.F.,
(2,2),(0.,1.),.UNSPECIFIED.);
#195=B_SPLINE_CURVE_WITH_KNOTS('',1,(#5045,#5046),.UNSPECIFIED.,.F.,.F.,
(2,2),(0.,1.),.UNSPECIFIED.);
#196=B_SPLINE_CURVE_WITH_KNOTS('',1,(#5050,#5051),.UNSPECIFIED.,.F.,.F.,
(2,2),(0.,1.),.UNSPECIFIED.);
#197=B_SPLINE_CURVE_WITH_KNOTS('',1,(#5055,#5056),.UNSPECIFIED.,.F.,.F.,
(2,2),(0.,1.),.UNSPECIFIED.);
#198=B_SPLINE_CURVE_WITH_KNOTS('',1,(#5060,#5061),.UNSPECIFIED.,.F.,.F.,
(2,2),(0.,1.),.UNSPECIFIED.);
#199=B_SPLINE_CURVE_WITH_KNOTS('',1,(#5065,#5066),.UNSPECIFIED.,.F.,.F.,
(2,2),(0.,1.),.UNSPECIFIED.);
#200=B_SPLINE_CURVE_WITH_KNOTS('',1,(#5070,#5071),.UNSPECIFIED.,.F.,.F.,
(2,2),(0.,1.),.UNSPECIFIED.);
#201=B_SPLINE_CURVE_WITH_KNOTS('',1,(#5075,#5076),.UNSPECIFIED.,.F.,.F.,
(2,2),(0.,1.),.UNSPECIFIED.);
#202=B_SPLINE_CURVE_WITH_KNOTS('',1,(#5080,#5081),.UNSPECIFIED.,.F.,.F.,
(2,2),(0.,1.),.UNSPECIFIED.);
#203=B_SPLINE_CURVE_WITH_KNOTS('',1,(#5085,#5086),.UNSPECIFIED.,.F.,.F.,
(2,2),(0.,1.),.UNSPECIFIED.);
#204=B_SPLINE_CURVE_WITH_KNOTS('',1,(#5088,#5089),.UNSPECIFIED.,.F.,.F.,
(2,2),(0.,1.),.UNSPECIFIED.);
#205=B_SPLINE_CURVE_WITH_KNOTS('',1,(#5090,#5091),.UNSPECIFIED.,.F.,.F.,
(2,2),(0.,1.),.UNSPECIFIED.);
#206=B_SPLINE_CURVE_WITH_KNOTS('',3,(#5132,#5133,#5134,#5135),
 .UNSPECIFIED.,.F.,.F.,(4,4),(0.,1.),.UNSPECIFIED.);
#207=B_SPLINE_CURVE_WITH_KNOTS('',3,(#5145,#5146,#5147,#5148),
 .UNSPECIFIED.,.F.,.F.,(4,4),(0.,1.),.UNSPECIFIED.);
#208=B_SPLINE_CURVE_WITH_KNOTS('',3,(#5150,#5151,#5152,#5153,#5154,#5155),
 .UNSPECIFIED.,.F.,.F.,(4,2,4),(0.,0.500000000000002,1.),.UNSPECIFIED.);
#209=B_SPLINE_CURVE_WITH_KNOTS('',3,(#5157,#5158,#5159,#5160),
 .UNSPECIFIED.,.F.,.F.,(4,4),(0.,1.),.UNSPECIFIED.);
#210=B_SPLINE_CURVE_WITH_KNOTS('',3,(#5162,#5163,#5164,#5165,#5166,#5167),
 .UNSPECIFIED.,.F.,.F.,(4,2,4),(0.,0.500000000000001,1.),.UNSPECIFIED.);
#211=B_SPLINE_CURVE_WITH_KNOTS('',3,(#5169,#5170,#5171,#5172),
 .UNSPECIFIED.,.F.,.F.,(4,4),(0.,1.),.UNSPECIFIED.);
#212=B_SPLINE_CURVE_WITH_KNOTS('',3,(#5204,#5205,#5206,#5207),
 .UNSPECIFIED.,.F.,.F.,(4,4),(0.,1.),.UNSPECIFIED.);
#213=B_SPLINE_CURVE_WITH_KNOTS('',3,(#5213,#5214,#5215,#5216),
 .UNSPECIFIED.,.F.,.F.,(4,4),(0.,1.),.UNSPECIFIED.);
#214=B_SPLINE_CURVE_WITH_KNOTS('',3,(#5220,#5221,#5222,#5223),
 .UNSPECIFIED.,.F.,.F.,(4,4),(0.,1.),.UNSPECIFIED.);
#215=B_SPLINE_CURVE_WITH_KNOTS('',3,(#5227,#5228,#5229,#5230,#5231,#5232),
 .UNSPECIFIED.,.F.,.F.,(4,2,4),(0.,0.499999999999998,1.),.UNSPECIFIED.);
#216=B_SPLINE_CURVE_WITH_KNOTS('',3,(#5235,#5236,#5237,#5238,#5239,#5240),
 .UNSPECIFIED.,.F.,.F.,(4,2,4),(0.,0.500000000000001,1.),.UNSPECIFIED.);
#217=B_SPLINE_CURVE_WITH_KNOTS('',3,(#5241,#5242,#5243,#5244),
 .UNSPECIFIED.,.F.,.F.,(4,4),(0.,1.),.UNSPECIFIED.);
#218=B_SPLINE_CURVE_WITH_KNOTS('',3,(#5248,#5249,#5250,#5251,#5252,#5253),
 .UNSPECIFIED.,.F.,.F.,(4,2,4),(0.,0.499999999999998,1.),.UNSPECIFIED.);
#219=B_SPLINE_CURVE_WITH_KNOTS('',3,(#5256,#5257,#5258,#5259,#5260,#5261),
 .UNSPECIFIED.,.F.,.F.,(4,2,4),(0.,0.500000000000002,1.),.UNSPECIFIED.);
#220=B_SPLINE_CURVE_WITH_KNOTS('',3,(#5262,#5263,#5264,#5265),
 .UNSPECIFIED.,.F.,.F.,(4,4),(0.,1.),.UNSPECIFIED.);
#221=B_SPLINE_CURVE_WITH_KNOTS('',3,(#5325,#5326,#5327,#5328,#5329,#5330,
#5331,#5332,#5333,#5334,#5335,#5336,#5337,#5338,#5339,#5340,#5341,#5342,
#5343,#5344,#5345,#5346,#5347,#5348,#5349,#5350,#5351,#5352),
 .UNSPECIFIED.,.F.,.F.,(4,2,2,2,2,2,2,2,2,2,2,2,2,4),(0.,0.0717091120114377,
0.143418224022876,0.239704428654286,0.35032882041889,0.449236595226961,
0.548144370035032,0.6061702645891,0.664196159143168,0.722222053697236,0.810522328018644,
0.898822602340053,0.949411301170026,1.),.UNSPECIFIED.);
#222=B_SPLINE_CURVE_WITH_KNOTS('',3,(#5354,#5355,#5356,#5357),
 .UNSPECIFIED.,.F.,.F.,(4,4),(0.,1.),.UNSPECIFIED.);
#223=B_SPLINE_CURVE_WITH_KNOTS('',3,(#5359,#5360,#5361,#5362),
 .UNSPECIFIED.,.F.,.F.,(4,4),(0.,1.),.UNSPECIFIED.);
#224=B_SPLINE_CURVE_WITH_KNOTS('',3,(#5364,#5365,#5366,#5367,#5368,#5369,
#5370,#5371,#5372,#5373),.UNSPECIFIED.,.F.,.F.,(4,2,2,2,4),(0.,0.268727241214423,
0.537454482428843,0.743530209128832,1.),.UNSPECIFIED.);
#225=B_SPLINE_CURVE_WITH_KNOTS('',3,(#5375,#5376,#5377,#5378,#5379,#5380,
#5381,#5382,#5383,#5384,#5385,#5386,#5387,#5388,#5389,#5390,#5391,#5392,
#5393,#5394,#5395,#5396,#5397,#5398,#5399,#5400,#5401,#5402),
 .UNSPECIFIED.,.F.,.F.,(4,2,2,2,2,2,2,2,2,2,2,2,2,4),(0.,0.0717091120114377,
0.143418224022876,0.239704428654286,0.35032882041889,0.449236595226961,
0.548144370035032,0.6061702645891,0.664196159143168,0.722222053697236,0.810522328018644,
0.898822602340053,0.949411301170026,1.),.UNSPECIFIED.);
#226=B_SPLINE_CURVE_WITH_KNOTS('',3,(#5422,#5423,#5424,#5425,#5426,#5427,
#5428,#5429,#5430,#5431,#5432,#5433,#5434,#5435,#5436,#5437,#5438,#5439,
#5440,#5441),.UNSPECIFIED.,.T.,.F.,(1,3,2,2,2,2,2,2,2,2,3,1),(-0.0797347360728351,
0.,0.0874666305937861,0.174933261187572,0.302769105901566,0.43060495061556,
0.553582425934248,0.676559901252936,0.798412582590051,0.920265263927165,
1.,1.08746663059379),.UNSPECIFIED.);
#227=B_SPLINE_CURVE_WITH_KNOTS('',3,(#5443,#5444,#5445,#5446,#5447,#5448,
#5449,#5450,#5451,#5452,#5453,#5454,#5455,#5456,#5457,#5458,#5459,#5460,
#5461,#5462,#5463,#5464,#5465,#5466,#5467,#5468,#5469,#5470),
 .UNSPECIFIED.,.F.,.F.,(4,2,2,2,2,2,2,2,2,2,2,2,2,4),(0.,0.0505886988299737,
0.101177397659947,0.189477671981356,0.277777946302764,0.335803840856832,
0.3938297354109,0.451855629964968,0.550763404773039,0.64967117958111,0.760295571345714,
0.856581775977124,0.928290887988562,1.),.UNSPECIFIED.);
#228=B_SPLINE_CURVE_WITH_KNOTS('',3,(#5472,#5473,#5474,#5475,#5476,#5477,
#5478,#5479,#5480,#5481),.UNSPECIFIED.,.F.,.F.,(4,2,2,2,4),(0.,0.256469790871167,
0.462545517571157,0.731272758785577,1.),.UNSPECIFIED.);
#229=B_SPLINE_CURVE_WITH_KNOTS('',3,(#5483,#5484,#5485,#5486),
 .UNSPECIFIED.,.F.,.F.,(4,4),(0.,1.),.UNSPECIFIED.);
#230=B_SPLINE_CURVE_WITH_KNOTS('',3,(#5488,#5489,#5490,#5491),
 .UNSPECIFIED.,.F.,.F.,(4,4),(0.,1.),.UNSPECIFIED.);
#231=B_SPLINE_CURVE_WITH_KNOTS('',3,(#5493,#5494,#5495,#5496,#5497,#5498,
#5499,#5500,#5501,#5502,#5503,#5504,#5505,#5506,#5507,#5508,#5509,#5510,
#5511,#5512,#5513,#5514,#5515,#5516,#5517,#5518,#5519,#5520),
 .UNSPECIFIED.,.F.,.F.,(4,2,2,2,2,2,2,2,2,2,2,2,2,4),(0.,0.0505886988299737,
0.101177397659947,0.189477671981356,0.277777946302764,0.335803840856832,
0.3938297354109,0.451855629964968,0.550763404773039,0.64967117958111,0.760295571345714,
0.856581775977124,0.928290887988562,1.),.UNSPECIFIED.);
#232=B_SPLINE_CURVE_WITH_KNOTS('',3,(#5523,#5524,#5525,#5526,#5527,#5528,
#5529,#5530,#5531,#5532,#5533,#5534,#5535,#5536,#5537,#5538,#5539,#5540,
#5541,#5542,#5543,#5544,#5545,#5546,#5547,#5548,#5549,#5550),
 .UNSPECIFIED.,.F.,.F.,(4,2,2,2,2,2,2,2,2,2,2,2,2,4),(0.,0.0717091120114377,
0.143418224022876,0.239704428654286,0.35032882041889,0.449236595226961,
0.548144370035032,0.6061702645891,0.664196159143168,0.722222053697236,0.810522328018644,
0.898822602340053,0.949411301170026,1.),.UNSPECIFIED.);
#233=B_SPLINE_CURVE_WITH_KNOTS('',3,(#5552,#5553,#5554,#5555,#5556,#5557,
#5558,#5559,#5560,#5561,#5562,#5563,#5564,#5565,#5566,#5567,#5568,#5569,
#5570,#5571,#5572,#5573,#5574,#5575,#5576,#5577,#5578,#5579),
 .UNSPECIFIED.,.F.,.F.,(4,2,2,2,2,2,2,2,2,2,2,2,2,4),(0.,0.0717091120114377,
0.143418224022876,0.239704428654286,0.35032882041889,0.449236595226961,
0.548144370035032,0.6061702645891,0.664196159143168,0.722222053697236,0.810522328018644,
0.898822602340053,0.949411301170026,1.),.UNSPECIFIED.);
#234=B_SPLINE_CURVE_WITH_KNOTS('',3,(#5583,#5584,#5585,#5586,#5587,#5588,
#5589,#5590,#5591,#5592),.UNSPECIFIED.,.F.,.F.,(4,2,2,2,4),(0.,0.268727241214423,
0.537454482428843,0.743530209128832,1.),.UNSPECIFIED.);
#235=B_SPLINE_CURVE_WITH_KNOTS('',3,(#5593,#5594,#5595,#5596),
 .UNSPECIFIED.,.F.,.F.,(4,4),(0.,1.),.UNSPECIFIED.);
#236=B_SPLINE_CURVE_WITH_KNOTS('',3,(#5597,#5598,#5599,#5600,#5601,#5602,
#5603,#5604,#5605,#5606,#5607,#5608,#5609,#5610,#5611,#5612,#5613,#5614,
#5615,#5616),.UNSPECIFIED.,.T.,.F.,(1,3,2,2,2,2,2,2,2,2,3,1),(-0.0874666305937861,
0.,0.0797347360728351,0.201587417409949,0.323440098747064,0.446417574065752,
0.56939504938444,0.697230894098434,0.825066738812428,0.912533369406214,
1.,1.07973473607284),.UNSPECIFIED.);
#237=B_SPLINE_CURVE_WITH_KNOTS('',3,(#5618,#5619,#5620,#5621,#5622,#5623,
#5624,#5625,#5626,#5627,#5628,#5629,#5630,#5631,#5632,#5633,#5634,#5635,
#5636,#5637),.UNSPECIFIED.,.T.,.F.,(1,3,2,2,2,2,2,2,2,2,3,1),(-0.0874666305937861,
0.,0.0797347360728351,0.201587417409949,0.323440098747064,0.446417574065752,
0.56939504938444,0.697230894098434,0.825066738812428,0.912533369406214,
1.,1.07973473607284),.UNSPECIFIED.);
#238=B_SPLINE_CURVE_WITH_KNOTS('',3,(#5711,#5712,#5713,#5714,#5715,#5716,
#5717,#5718,#5719,#5720,#5721,#5722,#5723,#5724),.UNSPECIFIED.,.F.,.F.,
(4,2,2,2,2,2,4),(0.,0.170679702397982,0.341359404795965,0.530598453474116,
0.719837502152268,0.859918751076134,1.),.UNSPECIFIED.);
#239=B_SPLINE_CURVE_WITH_KNOTS('',3,(#5726,#5727,#5728,#5729,#5730,#5731,
#5732,#5733,#5734,#5735,#5736,#5737,#5738,#5739,#5740,#5741),
 .UNSPECIFIED.,.F.,.F.,(4,2,2,2,2,2,2,4),(0.,0.14072336097445,0.2814467219489,
0.453324598110939,0.593829301615464,0.741213708116444,0.888598114617423,
1.),.UNSPECIFIED.);
#240=B_SPLINE_CURVE_WITH_KNOTS('',3,(#5743,#5744,#5745,#5746),
 .UNSPECIFIED.,.F.,.F.,(4,4),(0.,1.),.UNSPECIFIED.);
#241=B_SPLINE_CURVE_WITH_KNOTS('',3,(#5748,#5749,#5750,#5751,#5752,#5753,
#5754,#5755,#5756,#5757,#5758,#5759,#5760,#5761,#5762,#5763,#5764,#5765),
 .UNSPECIFIED.,.F.,.F.,(4,2,2,2,2,2,2,2,4),(0.,0.0877156127305369,0.175431225461071,
0.316456757997665,0.457482290534257,0.605713507215055,0.753944723895852,
0.876972361947925,1.),.UNSPECIFIED.);
#242=B_SPLINE_CURVE_WITH_KNOTS('',3,(#5767,#5768,#5769,#5770),
 .UNSPECIFIED.,.F.,.F.,(4,4),(0.,1.),.UNSPECIFIED.);
#243=B_SPLINE_CURVE_WITH_KNOTS('',3,(#5772,#5773,#5774,#5775),
 .UNSPECIFIED.,.F.,.F.,(4,4),(0.,1.),.UNSPECIFIED.);
#244=B_SPLINE_CURVE_WITH_KNOTS('',3,(#5777,#5778,#5779,#5780),
 .UNSPECIFIED.,.F.,.F.,(4,4),(0.,1.),.UNSPECIFIED.);
#245=B_SPLINE_CURVE_WITH_KNOTS('',3,(#5782,#5783,#5784,#5785),
 .UNSPECIFIED.,.F.,.F.,(4,4),(0.,1.),.UNSPECIFIED.);
#246=B_SPLINE_CURVE_WITH_KNOTS('',3,(#5787,#5788,#5789,#5790),
 .UNSPECIFIED.,.F.,.F.,(4,4),(0.,1.),.UNSPECIFIED.);
#247=B_SPLINE_CURVE_WITH_KNOTS('',3,(#5792,#5793,#5794,#5795),
 .UNSPECIFIED.,.F.,.F.,(4,4),(0.,1.),.UNSPECIFIED.);
#248=B_SPLINE_CURVE_WITH_KNOTS('',3,(#5797,#5798,#5799,#5800,#5801,#5802,
#5803,#5804,#5805,#5806,#5807,#5808,#5809,#5810,#5811,#5812),
 .UNSPECIFIED.,.F.,.F.,(4,2,2,2,2,2,2,4),(0.,0.14072336097445,0.2814467219489,
0.453324598110939,0.593829301615464,0.741213708116444,0.888598114617423,
1.),.UNSPECIFIED.);
#249=B_SPLINE_CURVE_WITH_KNOTS('',3,(#5824,#5825,#5826,#5827,#5828,#5829,
#5830,#5831,#5832,#5833,#5834,#5835,#5836,#5837),.UNSPECIFIED.,.F.,.F.,
(4,2,2,2,2,2,4),(0.,0.140081248923866,0.280162497847732,0.469401546525884,
0.658640595204035,0.829320297602018,1.),.UNSPECIFIED.);
#250=B_SPLINE_CURVE_WITH_KNOTS('',3,(#5838,#5839,#5840,#5841,#5842,#5843,
#5844,#5845,#5846,#5847,#5848,#5849,#5850,#5851),.UNSPECIFIED.,.F.,.F.,
(4,2,2,2,2,2,4),(0.,0.170679702397982,0.341359404795965,0.530598453474116,
0.719837502152268,0.859918751076134,1.),.UNSPECIFIED.);
#251=B_SPLINE_CURVE_WITH_KNOTS('',3,(#5853,#5854,#5855,#5856,#5857,#5858,
#5859,#5860,#5861,#5862,#5863,#5864,#5865,#5866,#5867,#5868),
 .UNSPECIFIED.,.F.,.F.,(4,2,2,2,2,2,2,4),(0.,0.111401885382577,0.258786291883556,
0.406170698384536,0.546675401889061,0.7185532780511,0.85927663902555,1.),
 .UNSPECIFIED.);
#252=B_SPLINE_CURVE_WITH_KNOTS('',3,(#5870,#5871,#5872,#5873),
 .UNSPECIFIED.,.F.,.F.,(4,4),(0.,1.),.UNSPECIFIED.);
#253=B_SPLINE_CURVE_WITH_KNOTS('',3,(#5875,#5876,#5877,#5878),
 .UNSPECIFIED.,.F.,.F.,(4,4),(0.,1.),.UNSPECIFIED.);
#254=B_SPLINE_CURVE_WITH_KNOTS('',3,(#5880,#5881,#5882,#5883),
 .UNSPECIFIED.,.F.,.F.,(4,4),(0.,1.),.UNSPECIFIED.);
#255=B_SPLINE_CURVE_WITH_KNOTS('',3,(#5885,#5886,#5887,#5888),
 .UNSPECIFIED.,.F.,.F.,(4,4),(0.,1.),.UNSPECIFIED.);
#256=B_SPLINE_CURVE_WITH_KNOTS('',3,(#5890,#5891,#5892,#5893),
 .UNSPECIFIED.,.F.,.F.,(4,4),(0.,1.),.UNSPECIFIED.);
#257=B_SPLINE_CURVE_WITH_KNOTS('',3,(#5895,#5896,#5897,#5898),
 .UNSPECIFIED.,.F.,.F.,(4,4),(0.,1.),.UNSPECIFIED.);
#258=B_SPLINE_CURVE_WITH_KNOTS('',3,(#5900,#5901,#5902,#5903,#5904,#5905,
#5906,#5907,#5908,#5909,#5910,#5911,#5912,#5913,#5914,#5915,#5916,#5917),
 .UNSPECIFIED.,.F.,.F.,(4,2,2,2,2,2,2,2,4),(0.,0.123027638052075,0.246055276104148,
0.394286492784945,0.542517709465743,0.683543242002335,0.824568774538929,
0.912284387269463,1.),.UNSPECIFIED.);
#259=B_SPLINE_CURVE_WITH_KNOTS('',3,(#5919,#5920,#5921,#5922),
 .UNSPECIFIED.,.F.,.F.,(4,4),(0.,1.),.UNSPECIFIED.);
#260=B_SPLINE_CURVE_WITH_KNOTS('',3,(#5924,#5925,#5926,#5927,#5928,#5929,
#5930,#5931,#5932,#5933,#5934,#5935,#5936,#5937,#5938,#5939),
 .UNSPECIFIED.,.F.,.F.,(4,2,2,2,2,2,2,4),(0.,0.111401885382577,0.258786291883556,
0.406170698384536,0.546675401889061,0.7185532780511,0.85927663902555,1.),
 .UNSPECIFIED.);
#261=B_SPLINE_CURVE_WITH_KNOTS('',3,(#5942,#5943,#5944,#5945,#5946,#5947,
#5948,#5949,#5950,#5951,#5952,#5953,#5954,#5955,#5956,#5957),
 .UNSPECIFIED.,.F.,.F.,(4,2,2,2,2,2,2,4),(0.,0.14072336097445,0.2814467219489,
0.453324598110939,0.593829301615464,0.741213708116444,0.888598114617423,
1.),.UNSPECIFIED.);
#262=B_SPLINE_CURVE_WITH_KNOTS('',3,(#5959,#5960,#5961,#5962,#5963,#5964,
#5965,#5966,#5967,#5968,#5969,#5970,#5971,#5972,#5973,#5974),
 .UNSPECIFIED.,.F.,.F.,(4,2,2,2,2,2,2,4),(0.,0.14072336097445,0.2814467219489,
0.453324598110939,0.593829301615464,0.741213708116444,0.888598114617423,
1.),.UNSPECIFIED.);
#263=B_SPLINE_CURVE_WITH_KNOTS('',3,(#5989,#5990,#5991,#5992,#5993,#5994,
#5995,#5996,#5997,#5998,#5999,#6000,#6001,#6002,#6003,#6004,#6005,#6006),
 .UNSPECIFIED.,.F.,.F.,(4,2,2,2,2,2,2,2,4),(0.,0.0877156127305369,0.175431225461071,
0.316456757997665,0.457482290534257,0.605713507215055,0.753944723895852,
0.876972361947925,1.),.UNSPECIFIED.);
#264=FACE_BOUND('',#742,.T.);
#265=FACE_BOUND('',#743,.T.);
#266=FACE_BOUND('',#744,.T.);
#267=FACE_BOUND('',#796,.T.);
#268=FACE_BOUND('',#797,.T.);
#269=FACE_BOUND('',#798,.T.);
#270=FACE_BOUND('',#816,.T.);
#271=FACE_BOUND('',#817,.T.);
#272=FACE_BOUND('',#818,.T.);
#273=FACE_BOUND('',#842,.T.);
#274=FACE_BOUND('',#843,.T.);
#275=FACE_BOUND('',#857,.T.);
#276=FACE_BOUND('',#858,.T.);
#277=FACE_BOUND('',#859,.T.);
#278=FACE_BOUND('',#882,.T.);
#279=FACE_BOUND('',#883,.T.);
#280=FACE_BOUND('',#889,.T.);
#281=FACE_BOUND('',#890,.T.);
#282=TOROIDAL_SURFACE('',#3107,17.7899896717948,0.495737133544157);
#283=TOROIDAL_SURFACE('',#3113,15.78891399389,1.);
#284=TOROIDAL_SURFACE('',#3133,17.78891399389,0.5);
#285=TOROIDAL_SURFACE('',#3135,15.78891399389,1.);
#286=TOROIDAL_SURFACE('',#3137,14.28891399389,0.5);
#287=TOROIDAL_SURFACE('',#3141,14.28891399389,0.5);
#288=TOROIDAL_SURFACE('',#3157,14.2910653496995,1.5);
#289=TOROIDAL_SURFACE('',#3160,14.2910653496995,1.5);
#290=TOROIDAL_SURFACE('',#3170,14.2910653496995,1.5);
#291=TOROIDAL_SURFACE('',#3175,14.2910653496995,1.5);
#292=TOROIDAL_SURFACE('',#3199,14.2910653496995,1.5);
#293=TOROIDAL_SURFACE('',#3203,16.5910653496995,0.799999999999997);
#294=TOROIDAL_SURFACE('',#3207,17.7899896717948,0.495737133544157);
#295=TOROIDAL_SURFACE('',#3226,14.28891399389,0.5);
#296=TOROIDAL_SURFACE('',#3230,15.78891399389,1.);
#297=TOROIDAL_SURFACE('',#3246,17.7899896717948,0.495737133544157);
#298=TOROIDAL_SURFACE('',#3256,17.78891399389,0.5);
#299=TOROIDAL_SURFACE('',#3258,15.78891399389,1.);
#300=TOROIDAL_SURFACE('',#3261,14.28891399389,0.5);
#301=TOROIDAL_SURFACE('',#3286,17.7899896717948,0.495737133544157);
#302=TOROIDAL_SURFACE('',#3291,16.5910653496995,0.799999999999997);
#303=TOROIDAL_SURFACE('',#3302,14.2910653496995,1.5);
#304=TOROIDAL_SURFACE('',#3321,14.2910653496995,1.5);
#305=TOROIDAL_SURFACE('',#3327,16.5910653496996,0.8);
#306=TOROIDAL_SURFACE('',#3338,17.78891399389,0.5);
#307=TOROIDAL_SURFACE('',#3353,16.5910653496996,0.8);
#308=TOROIDAL_SURFACE('',#3359,14.2910653496995,1.5);
#309=TOROIDAL_SURFACE('',#3368,17.78891399389,0.5);
#310=ADVANCED_FACE('',(#574),#480,.T.);
#311=ADVANCED_FACE('',(#575),#481,.T.);
#312=ADVANCED_FACE('',(#576),#282,.F.);
#313=ADVANCED_FACE('',(#577),#482,.T.);
#314=ADVANCED_FACE('',(#578),#283,.F.);
#315=ADVANCED_FACE('',(#264,#265,#266),#483,.T.);
#316=ADVANCED_FACE('',(#579),#484,.T.);
#317=ADVANCED_FACE('',(#580),#125,.F.);
#318=ADVANCED_FACE('',(#581),#485,.F.);
#319=ADVANCED_FACE('',(#582),#486,.F.);
#320=ADVANCED_FACE('',(#583),#487,.F.);
#321=ADVANCED_FACE('',(#584),#488,.F.);
#322=ADVANCED_FACE('',(#585),#284,.F.);
#323=ADVANCED_FACE('',(#586),#285,.F.);
#324=ADVANCED_FACE('',(#587),#286,.T.);
#325=ADVANCED_FACE('',(#588),#126,.T.);
#326=ADVANCED_FACE('',(#589),#127,.T.);
#327=ADVANCED_FACE('',(#590),#287,.T.);
#328=ADVANCED_FACE('',(#591),#117,.F.);
#329=ADVANCED_FACE('',(#592),#118,.F.);
#330=ADVANCED_FACE('',(#593),#99,.T.);
#331=ADVANCED_FACE('',(#594),#489,.T.);
#332=ADVANCED_FACE('',(#595),#100,.T.);
#333=ADVANCED_FACE('',(#596),#101,.T.);
#334=ADVANCED_FACE('',(#597),#490,.T.);
#335=ADVANCED_FACE('',(#598),#102,.T.);
#336=ADVANCED_FACE('',(#599),#491,.T.);
#337=ADVANCED_FACE('',(#600),#103,.T.);
#338=ADVANCED_FACE('',(#601),#492,.F.);
#339=ADVANCED_FACE('',(#602),#128,.T.);
#340=ADVANCED_FACE('',(#603),#129,.T.);
#341=ADVANCED_FACE('',(#604),#288,.F.);
#342=ADVANCED_FACE('',(#605),#289,.F.);
#343=ADVANCED_FACE('',(#606),#493,.T.);
#344=ADVANCED_FACE('',(#607),#494,.F.);
#345=ADVANCED_FACE('',(#608),#495,.F.);
#346=ADVANCED_FACE('',(#609),#130,.T.);
#347=ADVANCED_FACE('',(#610),#290,.F.);
#348=ADVANCED_FACE('',(#611),#291,.F.);
#349=ADVANCED_FACE('',(#612),#496,.F.);
#350=ADVANCED_FACE('',(#613),#497,.F.);
#351=ADVANCED_FACE('',(#614),#498,.F.);
#352=ADVANCED_FACE('',(#615),#131,.T.);
#353=ADVANCED_FACE('',(#616),#132,.T.);
#354=ADVANCED_FACE('',(#617),#133,.T.);
#355=ADVANCED_FACE('',(#618),#499,.T.);
#356=ADVANCED_FACE('',(#619),#500,.F.);
#357=ADVANCED_FACE('',(#620),#501,.T.);
#358=ADVANCED_FACE('',(#621),#502,.F.);
#359=ADVANCED_FACE('',(#622),#503,.F.);
#360=ADVANCED_FACE('',(#623),#504,.T.);
#361=ADVANCED_FACE('',(#624),#292,.F.);
#362=ADVANCED_FACE('',(#625),#134,.F.);
#363=ADVANCED_FACE('',(#626),#293,.T.);
#364=ADVANCED_FACE('',(#627),#505,.T.);
#365=ADVANCED_FACE('',(#628),#294,.F.);
#366=ADVANCED_FACE('',(#629),#135,.F.);
#367=ADVANCED_FACE('',(#267,#268,#269),#506,.F.);
#368=ADVANCED_FACE('',(#630),#119,.T.);
#369=ADVANCED_FACE('',(#631),#120,.T.);
#370=ADVANCED_FACE('',(#632),#507,.T.);
#371=ADVANCED_FACE('',(#633),#508,.T.);
#372=ADVANCED_FACE('',(#634),#104,.T.);
#373=ADVANCED_FACE('',(#635),#509,.T.);
#374=ADVANCED_FACE('',(#636),#105,.T.);
#375=ADVANCED_FACE('',(#637),#510,.T.);
#376=ADVANCED_FACE('',(#638),#511,.T.);
#377=ADVANCED_FACE('',(#639),#136,.T.);
#378=ADVANCED_FACE('',(#640),#295,.T.);
#379=ADVANCED_FACE('',(#641),#296,.F.);
#380=ADVANCED_FACE('',(#642),#137,.F.);
#381=ADVANCED_FACE('',(#643),#512,.T.);
#382=ADVANCED_FACE('',(#644),#513,.T.);
#383=ADVANCED_FACE('',(#645),#514,.T.);
#384=ADVANCED_FACE('',(#646),#297,.F.);
#385=ADVANCED_FACE('',(#270,#271,#272),#515,.T.);
#386=ADVANCED_FACE('',(#647),#516,.T.);
#387=ADVANCED_FACE('',(#648),#517,.T.);
#388=ADVANCED_FACE('',(#649),#518,.F.);
#389=ADVANCED_FACE('',(#650),#519,.F.);
#390=ADVANCED_FACE('',(#651),#298,.F.);
#391=ADVANCED_FACE('',(#652),#299,.F.);
#392=ADVANCED_FACE('',(#653),#138,.T.);
#393=ADVANCED_FACE('',(#654),#300,.T.);
#394=ADVANCED_FACE('',(#655),#121,.F.);
#395=ADVANCED_FACE('',(#656),#122,.F.);
#396=ADVANCED_FACE('',(#657),#520,.T.);
#397=ADVANCED_FACE('',(#658),#521,.T.);
#398=ADVANCED_FACE('',(#659),#522,.T.);
#399=ADVANCED_FACE('',(#660),#523,.T.);
#400=ADVANCED_FACE('',(#661),#524,.T.);
#401=ADVANCED_FACE('',(#662),#525,.T.);
#402=ADVANCED_FACE('',(#663),#526,.T.);
#403=ADVANCED_FACE('',(#664),#527,.T.);
#404=ADVANCED_FACE('',(#665),#528,.T.);
#405=ADVANCED_FACE('',(#666),#529,.T.);
#406=ADVANCED_FACE('',(#667),#530,.T.);
#407=ADVANCED_FACE('',(#668),#531,.T.);
#408=ADVANCED_FACE('',(#669),#532,.T.);
#409=ADVANCED_FACE('',(#273,#274),#533,.F.);
#410=ADVANCED_FACE('',(#670),#534,.T.);
#411=ADVANCED_FACE('',(#671),#535,.F.);
#412=ADVANCED_FACE('',(#672),#301,.F.);
#413=ADVANCED_FACE('',(#673),#536,.T.);
#414=ADVANCED_FACE('',(#674),#302,.T.);
#415=ADVANCED_FACE('',(#675),#139,.F.);
#416=ADVANCED_FACE('',(#676),#537,.T.);
#417=ADVANCED_FACE('',(#677),#538,.F.);
#418=ADVANCED_FACE('',(#678),#539,.F.);
#419=ADVANCED_FACE('',(#679),#540,.F.);
#420=ADVANCED_FACE('',(#680),#541,.F.);
#421=ADVANCED_FACE('',(#681),#303,.F.);
#422=ADVANCED_FACE('',(#682),#140,.F.);
#423=ADVANCED_FACE('',(#275,#276,#277),#542,.F.);
#424=ADVANCED_FACE('',(#683),#123,.T.);
#425=ADVANCED_FACE('',(#684),#124,.T.);
#426=ADVANCED_FACE('',(#685),#543,.T.);
#427=ADVANCED_FACE('',(#686),#544,.T.);
#428=ADVANCED_FACE('',(#687),#106,.T.);
#429=ADVANCED_FACE('',(#688),#545,.T.);
#430=ADVANCED_FACE('',(#689),#107,.T.);
#431=ADVANCED_FACE('',(#690),#546,.T.);
#432=ADVANCED_FACE('',(#691),#547,.T.);
#433=ADVANCED_FACE('',(#692),#548,.F.);
#434=ADVANCED_FACE('',(#693),#141,.F.);
#435=ADVANCED_FACE('',(#694),#304,.F.);
#436=ADVANCED_FACE('',(#695),#142,.F.);
#437=ADVANCED_FACE('',(#696),#305,.T.);
#438=ADVANCED_FACE('',(#697),#23,.F.);
#439=ADVANCED_FACE('',(#698),#549,.T.);
#440=ADVANCED_FACE('',(#699),#550,.T.);
#441=ADVANCED_FACE('',(#700),#551,.F.);
#442=ADVANCED_FACE('',(#701),#552,.F.);
#443=ADVANCED_FACE('',(#702),#553,.T.);
#444=ADVANCED_FACE('',(#703),#306,.F.);
#445=ADVANCED_FACE('',(#704),#554,.F.);
#446=ADVANCED_FACE('',(#278,#279),#555,.F.);
#447=ADVANCED_FACE('',(#705),#108,.T.);
#448=ADVANCED_FACE('',(#706),#109,.T.);
#449=ADVANCED_FACE('',(#707),#556,.T.);
#450=ADVANCED_FACE('',(#708),#110,.T.);
#451=ADVANCED_FACE('',(#709),#111,.T.);
#452=ADVANCED_FACE('',(#280,#281),#112,.T.);
#453=ADVANCED_FACE('',(#710),#557,.T.);
#454=ADVANCED_FACE('',(#711),#558,.F.);
#455=ADVANCED_FACE('',(#712),#559,.F.);
#456=ADVANCED_FACE('',(#713),#24,.F.);
#457=ADVANCED_FACE('',(#714),#307,.T.);
#458=ADVANCED_FACE('',(#715),#143,.F.);
#459=ADVANCED_FACE('',(#716),#308,.F.);
#460=ADVANCED_FACE('',(#717),#144,.F.);
#461=ADVANCED_FACE('',(#718),#560,.T.);
#462=ADVANCED_FACE('',(#719),#561,.F.);
#463=ADVANCED_FACE('',(#720),#562,.F.);
#464=ADVANCED_FACE('',(#721),#563,.F.);
#465=ADVANCED_FACE('',(#722),#564,.F.);
#466=ADVANCED_FACE('',(#723),#309,.F.);
#467=ADVANCED_FACE('',(#724),#113,.T.);
#468=ADVANCED_FACE('',(#725),#565,.F.);
#469=ADVANCED_FACE('',(#726),#566,.F.);
#470=ADVANCED_FACE('',(#727),#114,.T.);
#471=ADVANCED_FACE('',(#728),#115,.T.);
#472=ADVANCED_FACE('',(#729),#567,.T.);
#473=ADVANCED_FACE('',(#730),#568,.T.);
#474=ADVANCED_FACE('',(#731),#569,.T.);
#475=ADVANCED_FACE('',(#732),#570,.T.);
#476=ADVANCED_FACE('',(#733),#571,.T.);
#477=ADVANCED_FACE('',(#734),#572,.T.);
#478=ADVANCED_FACE('',(#735),#573,.T.);
#479=ADVANCED_FACE('',(#736),#116,.T.);
#480=PLANE('',#3099);
#481=PLANE('',#3102);
#482=PLANE('',#3109);
#483=PLANE('',#3116);
#484=PLANE('',#3117);
#485=PLANE('',#3125);
#486=PLANE('',#3126);
#487=PLANE('',#3127);
#488=PLANE('',#3132);
#489=PLANE('',#3144);
#490=PLANE('',#3145);
#491=PLANE('',#3146);
#492=PLANE('',#3147);
#493=PLANE('',#3161);
#494=PLANE('',#3162);
#495=PLANE('',#3164);
#496=PLANE('',#3176);
#497=PLANE('',#3178);
#498=PLANE('',#3180);
#499=PLANE('',#3187);
#500=PLANE('',#3189);
#501=PLANE('',#3190);
#502=PLANE('',#3191);
#503=PLANE('',#3192);
#504=PLANE('',#3196);
#505=PLANE('',#3205);
#506=PLANE('',#3211);
#507=PLANE('',#3214);
#508=PLANE('',#3215);
#509=PLANE('',#3216);
#510=PLANE('',#3217);
#511=PLANE('',#3219);
#512=PLANE('',#3237);
#513=PLANE('',#3242);
#514=PLANE('',#3244);
#515=PLANE('',#3249);
#516=PLANE('',#3252);
#517=PLANE('',#3253);
#518=PLANE('',#3254);
#519=PLANE('',#3255);
#520=PLANE('',#3264);
#521=PLANE('',#3265);
#522=PLANE('',#3266);
#523=PLANE('',#3267);
#524=PLANE('',#3268);
#525=PLANE('',#3269);
#526=PLANE('',#3270);
#527=PLANE('',#3271);
#528=PLANE('',#3272);
#529=PLANE('',#3273);
#530=PLANE('',#3274);
#531=PLANE('',#3275);
#532=PLANE('',#3276);
#533=PLANE('',#3277);
#534=PLANE('',#3278);
#535=PLANE('',#3282);
#536=PLANE('',#3288);
#537=PLANE('',#3294);
#538=PLANE('',#3295);
#539=PLANE('',#3296);
#540=PLANE('',#3298);
#541=PLANE('',#3300);
#542=PLANE('',#3306);
#543=PLANE('',#3309);
#544=PLANE('',#3310);
#545=PLANE('',#3311);
#546=PLANE('',#3312);
#547=PLANE('',#3313);
#548=PLANE('',#3315);
#549=PLANE('',#3331);
#550=PLANE('',#3332);
#551=PLANE('',#3333);
#552=PLANE('',#3334);
#553=PLANE('',#3336);
#554=PLANE('',#3339);
#555=PLANE('',#3340);
#556=PLANE('',#3341);
#557=PLANE('',#3342);
#558=PLANE('',#3344);
#559=PLANE('',#3346);
#560=PLANE('',#3361);
#561=PLANE('',#3363);
#562=PLANE('',#3364);
#563=PLANE('',#3365);
#564=PLANE('',#3367);
#565=PLANE('',#3369);
#566=PLANE('',#3370);
#567=PLANE('',#3371);
#568=PLANE('',#3372);
#569=PLANE('',#3373);
#570=PLANE('',#3374);
#571=PLANE('',#3375);
#572=PLANE('',#3376);
#573=PLANE('',#3377);
#574=FACE_OUTER_BOUND('',#737,.T.);
#575=FACE_OUTER_BOUND('',#738,.T.);
#576=FACE_OUTER_BOUND('',#739,.T.);
#577=FACE_OUTER_BOUND('',#740,.T.);
#578=FACE_OUTER_BOUND('',#741,.T.);
#579=FACE_OUTER_BOUND('',#745,.T.);
#580=FACE_OUTER_BOUND('',#746,.T.);
#581=FACE_OUTER_BOUND('',#747,.T.);
#582=FACE_OUTER_BOUND('',#748,.T.);
#583=FACE_OUTER_BOUND('',#749,.T.);
#584=FACE_OUTER_BOUND('',#750,.T.);
#585=FACE_OUTER_BOUND('',#751,.T.);
#586=FACE_OUTER_BOUND('',#752,.T.);
#587=FACE_OUTER_BOUND('',#753,.T.);
#588=FACE_OUTER_BOUND('',#754,.T.);
#589=FACE_OUTER_BOUND('',#755,.T.);
#590=FACE_OUTER_BOUND('',#756,.T.);
#591=FACE_OUTER_BOUND('',#757,.T.);
#592=FACE_OUTER_BOUND('',#758,.T.);
#593=FACE_OUTER_BOUND('',#759,.T.);
#594=FACE_OUTER_BOUND('',#760,.T.);
#595=FACE_OUTER_BOUND('',#761,.T.);
#596=FACE_OUTER_BOUND('',#762,.T.);
#597=FACE_OUTER_BOUND('',#763,.T.);
#598=FACE_OUTER_BOUND('',#764,.T.);
#599=FACE_OUTER_BOUND('',#765,.T.);
#600=FACE_OUTER_BOUND('',#766,.T.);
#601=FACE_OUTER_BOUND('',#767,.T.);
#602=FACE_OUTER_BOUND('',#768,.T.);
#603=FACE_OUTER_BOUND('',#769,.T.);
#604=FACE_OUTER_BOUND('',#770,.T.);
#605=FACE_OUTER_BOUND('',#771,.T.);
#606=FACE_OUTER_BOUND('',#772,.T.);
#607=FACE_OUTER_BOUND('',#773,.T.);
#608=FACE_OUTER_BOUND('',#774,.T.);
#609=FACE_OUTER_BOUND('',#775,.T.);
#610=FACE_OUTER_BOUND('',#776,.T.);
#611=FACE_OUTER_BOUND('',#777,.T.);
#612=FACE_OUTER_BOUND('',#778,.T.);
#613=FACE_OUTER_BOUND('',#779,.T.);
#614=FACE_OUTER_BOUND('',#780,.T.);
#615=FACE_OUTER_BOUND('',#781,.T.);
#616=FACE_OUTER_BOUND('',#782,.T.);
#617=FACE_OUTER_BOUND('',#783,.T.);
#618=FACE_OUTER_BOUND('',#784,.T.);
#619=FACE_OUTER_BOUND('',#785,.T.);
#620=FACE_OUTER_BOUND('',#786,.T.);
#621=FACE_OUTER_BOUND('',#787,.T.);
#622=FACE_OUTER_BOUND('',#788,.T.);
#623=FACE_OUTER_BOUND('',#789,.T.);
#624=FACE_OUTER_BOUND('',#790,.T.);
#625=FACE_OUTER_BOUND('',#791,.T.);
#626=FACE_OUTER_BOUND('',#792,.T.);
#627=FACE_OUTER_BOUND('',#793,.T.);
#628=FACE_OUTER_BOUND('',#794,.T.);
#629=FACE_OUTER_BOUND('',#795,.T.);
#630=FACE_OUTER_BOUND('',#799,.T.);
#631=FACE_OUTER_BOUND('',#800,.T.);
#632=FACE_OUTER_BOUND('',#801,.T.);
#633=FACE_OUTER_BOUND('',#802,.T.);
#634=FACE_OUTER_BOUND('',#803,.T.);
#635=FACE_OUTER_BOUND('',#804,.T.);
#636=FACE_OUTER_BOUND('',#805,.T.);
#637=FACE_OUTER_BOUND('',#806,.T.);
#638=FACE_OUTER_BOUND('',#807,.T.);
#639=FACE_OUTER_BOUND('',#808,.T.);
#640=FACE_OUTER_BOUND('',#809,.T.);
#641=FACE_OUTER_BOUND('',#810,.T.);
#642=FACE_OUTER_BOUND('',#811,.T.);
#643=FACE_OUTER_BOUND('',#812,.T.);
#644=FACE_OUTER_BOUND('',#813,.T.);
#645=FACE_OUTER_BOUND('',#814,.T.);
#646=FACE_OUTER_BOUND('',#815,.T.);
#647=FACE_OUTER_BOUND('',#819,.T.);
#648=FACE_OUTER_BOUND('',#820,.T.);
#649=FACE_OUTER_BOUND('',#821,.T.);
#650=FACE_OUTER_BOUND('',#822,.T.);
#651=FACE_OUTER_BOUND('',#823,.T.);
#652=FACE_OUTER_BOUND('',#824,.T.);
#653=FACE_OUTER_BOUND('',#825,.T.);
#654=FACE_OUTER_BOUND('',#826,.T.);
#655=FACE_OUTER_BOUND('',#827,.T.);
#656=FACE_OUTER_BOUND('',#828,.T.);
#657=FACE_OUTER_BOUND('',#829,.T.);
#658=FACE_OUTER_BOUND('',#830,.T.);
#659=FACE_OUTER_BOUND('',#831,.T.);
#660=FACE_OUTER_BOUND('',#832,.T.);
#661=FACE_OUTER_BOUND('',#833,.T.);
#662=FACE_OUTER_BOUND('',#834,.T.);
#663=FACE_OUTER_BOUND('',#835,.T.);
#664=FACE_OUTER_BOUND('',#836,.T.);
#665=FACE_OUTER_BOUND('',#837,.T.);
#666=FACE_OUTER_BOUND('',#838,.T.);
#667=FACE_OUTER_BOUND('',#839,.T.);
#668=FACE_OUTER_BOUND('',#840,.T.);
#669=FACE_OUTER_BOUND('',#841,.T.);
#670=FACE_OUTER_BOUND('',#844,.T.);
#671=FACE_OUTER_BOUND('',#845,.T.);
#672=FACE_OUTER_BOUND('',#846,.T.);
#673=FACE_OUTER_BOUND('',#847,.T.);
#674=FACE_OUTER_BOUND('',#848,.T.);
#675=FACE_OUTER_BOUND('',#849,.T.);
#676=FACE_OUTER_BOUND('',#850,.T.);
#677=FACE_OUTER_BOUND('',#851,.T.);
#678=FACE_OUTER_BOUND('',#852,.T.);
#679=FACE_OUTER_BOUND('',#853,.T.);
#680=FACE_OUTER_BOUND('',#854,.T.);
#681=FACE_OUTER_BOUND('',#855,.T.);
#682=FACE_OUTER_BOUND('',#856,.T.);
#683=FACE_OUTER_BOUND('',#860,.T.);
#684=FACE_OUTER_BOUND('',#861,.T.);
#685=FACE_OUTER_BOUND('',#862,.T.);
#686=FACE_OUTER_BOUND('',#863,.T.);
#687=FACE_OUTER_BOUND('',#864,.T.);
#688=FACE_OUTER_BOUND('',#865,.T.);
#689=FACE_OUTER_BOUND('',#866,.T.);
#690=FACE_OUTER_BOUND('',#867,.T.);
#691=FACE_OUTER_BOUND('',#868,.T.);
#692=FACE_OUTER_BOUND('',#869,.T.);
#693=FACE_OUTER_BOUND('',#870,.T.);
#694=FACE_OUTER_BOUND('',#871,.T.);
#695=FACE_OUTER_BOUND('',#872,.T.);
#696=FACE_OUTER_BOUND('',#873,.T.);
#697=FACE_OUTER_BOUND('',#874,.T.);
#698=FACE_OUTER_BOUND('',#875,.T.);
#699=FACE_OUTER_BOUND('',#876,.T.);
#700=FACE_OUTER_BOUND('',#877,.T.);
#701=FACE_OUTER_BOUND('',#878,.T.);
#702=FACE_OUTER_BOUND('',#879,.T.);
#703=FACE_OUTER_BOUND('',#880,.T.);
#704=FACE_OUTER_BOUND('',#881,.T.);
#705=FACE_OUTER_BOUND('',#884,.T.);
#706=FACE_OUTER_BOUND('',#885,.T.);
#707=FACE_OUTER_BOUND('',#886,.T.);
#708=FACE_OUTER_BOUND('',#887,.T.);
#709=FACE_OUTER_BOUND('',#888,.T.);
#710=FACE_OUTER_BOUND('',#891,.T.);
#711=FACE_OUTER_BOUND('',#892,.T.);
#712=FACE_OUTER_BOUND('',#893,.T.);
#713=FACE_OUTER_BOUND('',#894,.T.);
#714=FACE_OUTER_BOUND('',#895,.T.);
#715=FACE_OUTER_BOUND('',#896,.T.);
#716=FACE_OUTER_BOUND('',#897,.T.);
#717=FACE_OUTER_BOUND('',#898,.T.);
#718=FACE_OUTER_BOUND('',#899,.T.);
#719=FACE_OUTER_BOUND('',#900,.T.);
#720=FACE_OUTER_BOUND('',#901,.T.);
#721=FACE_OUTER_BOUND('',#902,.T.);
#722=FACE_OUTER_BOUND('',#903,.T.);
#723=FACE_OUTER_BOUND('',#904,.T.);
#724=FACE_OUTER_BOUND('',#905,.T.);
#725=FACE_OUTER_BOUND('',#906,.T.);
#726=FACE_OUTER_BOUND('',#907,.T.);
#727=FACE_OUTER_BOUND('',#908,.T.);
#728=FACE_OUTER_BOUND('',#909,.T.);
#729=FACE_OUTER_BOUND('',#910,.T.);
#730=FACE_OUTER_BOUND('',#911,.T.);
#731=FACE_OUTER_BOUND('',#912,.T.);
#732=FACE_OUTER_BOUND('',#913,.T.);
#733=FACE_OUTER_BOUND('',#914,.T.);
#734=FACE_OUTER_BOUND('',#915,.T.);
#735=FACE_OUTER_BOUND('',#916,.T.);
#736=FACE_OUTER_BOUND('',#917,.T.);
#737=EDGE_LOOP('',(#1046,#1047,#1048,#1049,#1050,#1051,#1052,#1053,#1054,
#1055));
#738=EDGE_LOOP('',(#1056,#1057,#1058,#1059));
#739=EDGE_LOOP('',(#1060,#1061,#1062,#1063));
#740=EDGE_LOOP('',(#1064,#1065,#1066,#1067));
#741=EDGE_LOOP('',(#1068,#1069,#1070,#1071));
#742=EDGE_LOOP('',(#1072,#1073,#1074,#1075,#1076,#1077));
#743=EDGE_LOOP('',(#1078));
#744=EDGE_LOOP('',(#1079));
#745=EDGE_LOOP('',(#1080,#1081,#1082,#1083,#1084,#1085,#1086,#1087,#1088,
#1089,#1090,#1091,#1092));
#746=EDGE_LOOP('',(#1093,#1094,#1095,#1096));
#747=EDGE_LOOP('',(#1097,#1098,#1099,#1100,#1101,#1102,#1103,#1104,#1105,
#1106,#1107,#1108,#1109,#1110));
#748=EDGE_LOOP('',(#1111,#1112,#1113,#1114));
#749=EDGE_LOOP('',(#1115,#1116,#1117,#1118));
#750=EDGE_LOOP('',(#1119,#1120,#1121,#1122,#1123,#1124,#1125,#1126,#1127,
#1128,#1129,#1130,#1131,#1132));
#751=EDGE_LOOP('',(#1133,#1134,#1135,#1136));
#752=EDGE_LOOP('',(#1137,#1138,#1139,#1140));
#753=EDGE_LOOP('',(#1141,#1142,#1143,#1144));
#754=EDGE_LOOP('',(#1145,#1146,#1147,#1148));
#755=EDGE_LOOP('',(#1149,#1150,#1151,#1152));
#756=EDGE_LOOP('',(#1153,#1154,#1155,#1156));
#757=EDGE_LOOP('',(#1157));
#758=EDGE_LOOP('',(#1158));
#759=EDGE_LOOP('',(#1159,#1160,#1161,#1162));
#760=EDGE_LOOP('',(#1163,#1164,#1165,#1166));
#761=EDGE_LOOP('',(#1167,#1168,#1169,#1170));
#762=EDGE_LOOP('',(#1171,#1172,#1173,#1174));
#763=EDGE_LOOP('',(#1175,#1176,#1177,#1178));
#764=EDGE_LOOP('',(#1179,#1180,#1181,#1182));
#765=EDGE_LOOP('',(#1183,#1184,#1185,#1186));
#766=EDGE_LOOP('',(#1187,#1188,#1189,#1190));
#767=EDGE_LOOP('',(#1191,#1192,#1193,#1194,#1195,#1196,#1197,#1198,#1199));
#768=EDGE_LOOP('',(#1200,#1201,#1202,#1203));
#769=EDGE_LOOP('',(#1204,#1205,#1206,#1207));
#770=EDGE_LOOP('',(#1208,#1209,#1210,#1211));
#771=EDGE_LOOP('',(#1212,#1213,#1214,#1215));
#772=EDGE_LOOP('',(#1216,#1217,#1218,#1219,#1220,#1221,#1222,#1223,#1224,
#1225,#1226,#1227));
#773=EDGE_LOOP('',(#1228,#1229));
#774=EDGE_LOOP('',(#1230,#1231));
#775=EDGE_LOOP('',(#1232,#1233,#1234,#1235));
#776=EDGE_LOOP('',(#1236,#1237,#1238,#1239));
#777=EDGE_LOOP('',(#1240,#1241,#1242,#1243));
#778=EDGE_LOOP('',(#1244,#1245,#1246,#1247,#1248,#1249,#1250,#1251,#1252,
#1253,#1254,#1255));
#779=EDGE_LOOP('',(#1256,#1257));
#780=EDGE_LOOP('',(#1258,#1259));
#781=EDGE_LOOP('',(#1260,#1261,#1262,#1263));
#782=EDGE_LOOP('',(#1264,#1265,#1266,#1267));
#783=EDGE_LOOP('',(#1268,#1269,#1270,#1271));
#784=EDGE_LOOP('',(#1272,#1273,#1274,#1275,#1276,#1277,#1278,#1279,#1280));
#785=EDGE_LOOP('',(#1281,#1282,#1283,#1284,#1285,#1286));
#786=EDGE_LOOP('',(#1287,#1288,#1289,#1290,#1291,#1292,#1293,#1294,#1295,
#1296));
#787=EDGE_LOOP('',(#1297,#1298,#1299,#1300));
#788=EDGE_LOOP('',(#1301,#1302,#1303,#1304));
#789=EDGE_LOOP('',(#1305,#1306,#1307,#1308,#1309,#1310,#1311,#1312,#1313));
#790=EDGE_LOOP('',(#1314,#1315,#1316,#1317));
#791=EDGE_LOOP('',(#1318,#1319,#1320,#1321));
#792=EDGE_LOOP('',(#1322,#1323,#1324,#1325));
#793=EDGE_LOOP('',(#1326,#1327,#1328,#1329));
#794=EDGE_LOOP('',(#1330,#1331,#1332,#1333));
#795=EDGE_LOOP('',(#1334,#1335,#1336,#1337));
#796=EDGE_LOOP('',(#1338));
#797=EDGE_LOOP('',(#1339));
#798=EDGE_LOOP('',(#1340,#1341,#1342,#1343,#1344,#1345,#1346,#1347,#1348,
#1349));
#799=EDGE_LOOP('',(#1350));
#800=EDGE_LOOP('',(#1351));
#801=EDGE_LOOP('',(#1352,#1353,#1354,#1355));
#802=EDGE_LOOP('',(#1356,#1357,#1358,#1359));
#803=EDGE_LOOP('',(#1360,#1361,#1362,#1363));
#804=EDGE_LOOP('',(#1364,#1365,#1366,#1367));
#805=EDGE_LOOP('',(#1368,#1369,#1370,#1371));
#806=EDGE_LOOP('',(#1372,#1373,#1374,#1375,#1376,#1377));
#807=EDGE_LOOP('',(#1378,#1379,#1380,#1381,#1382,#1383,#1384,#1385,#1386,
#1387));
#808=EDGE_LOOP('',(#1388,#1389,#1390,#1391));
#809=EDGE_LOOP('',(#1392,#1393,#1394,#1395));
#810=EDGE_LOOP('',(#1396,#1397,#1398,#1399));
#811=EDGE_LOOP('',(#1400,#1401,#1402,#1403));
#812=EDGE_LOOP('',(#1404,#1405,#1406,#1407,#1408,#1409,#1410,#1411,#1412,
#1413,#1414,#1415,#1416,#1417));
#813=EDGE_LOOP('',(#1418,#1419,#1420,#1421,#1422,#1423,#1424,#1425,#1426,
#1427,#1428,#1429,#1430,#1431));
#814=EDGE_LOOP('',(#1432,#1433,#1434,#1435));
#815=EDGE_LOOP('',(#1436,#1437,#1438,#1439));
#816=EDGE_LOOP('',(#1440,#1441,#1442,#1443,#1444,#1445));
#817=EDGE_LOOP('',(#1446));
#818=EDGE_LOOP('',(#1447));
#819=EDGE_LOOP('',(#1448,#1449,#1450,#1451));
#820=EDGE_LOOP('',(#1452,#1453,#1454,#1455,#1456,#1457,#1458,#1459,#1460,
#1461,#1462,#1463,#1464,#1465,#1466));
#821=EDGE_LOOP('',(#1467,#1468,#1469,#1470));
#822=EDGE_LOOP('',(#1471,#1472,#1473,#1474));
#823=EDGE_LOOP('',(#1475,#1476,#1477,#1478));
#824=EDGE_LOOP('',(#1479,#1480,#1481,#1482));
#825=EDGE_LOOP('',(#1483,#1484,#1485,#1486));
#826=EDGE_LOOP('',(#1487,#1488,#1489,#1490));
#827=EDGE_LOOP('',(#1491));
#828=EDGE_LOOP('',(#1492));
#829=EDGE_LOOP('',(#1493,#1494,#1495,#1496));
#830=EDGE_LOOP('',(#1497,#1498,#1499,#1500));
#831=EDGE_LOOP('',(#1501,#1502,#1503,#1504));
#832=EDGE_LOOP('',(#1505,#1506,#1507,#1508));
#833=EDGE_LOOP('',(#1509,#1510,#1511,#1512));
#834=EDGE_LOOP('',(#1513,#1514,#1515,#1516));
#835=EDGE_LOOP('',(#1517,#1518,#1519,#1520));
#836=EDGE_LOOP('',(#1521,#1522,#1523,#1524));
#837=EDGE_LOOP('',(#1525,#1526,#1527,#1528));
#838=EDGE_LOOP('',(#1529,#1530,#1531,#1532));
#839=EDGE_LOOP('',(#1533,#1534,#1535,#1536));
#840=EDGE_LOOP('',(#1537,#1538,#1539,#1540));
#841=EDGE_LOOP('',(#1541,#1542,#1543,#1544));
#842=EDGE_LOOP('',(#1545,#1546,#1547,#1548,#1549,#1550,#1551,#1552,#1553,
#1554,#1555));
#843=EDGE_LOOP('',(#1556,#1557,#1558));
#844=EDGE_LOOP('',(#1559,#1560,#1561));
#845=EDGE_LOOP('',(#1562,#1563,#1564,#1565,#1566,#1567,#1568,#1569,#1570));
#846=EDGE_LOOP('',(#1571,#1572,#1573,#1574));
#847=EDGE_LOOP('',(#1575,#1576,#1577,#1578));
#848=EDGE_LOOP('',(#1579,#1580,#1581,#1582));
#849=EDGE_LOOP('',(#1583,#1584,#1585,#1586));
#850=EDGE_LOOP('',(#1587,#1588,#1589,#1590,#1591,#1592,#1593,#1594,#1595,
#1596,#1597));
#851=EDGE_LOOP('',(#1598,#1599,#1600,#1601));
#852=EDGE_LOOP('',(#1602,#1603,#1604,#1605));
#853=EDGE_LOOP('',(#1606,#1607,#1608,#1609,#1610,#1611));
#854=EDGE_LOOP('',(#1612,#1613,#1614,#1615,#1616,#1617,#1618,#1619,#1620));
#855=EDGE_LOOP('',(#1621,#1622,#1623,#1624));
#856=EDGE_LOOP('',(#1625,#1626,#1627,#1628));
#857=EDGE_LOOP('',(#1629));
#858=EDGE_LOOP('',(#1630));
#859=EDGE_LOOP('',(#1631,#1632,#1633,#1634,#1635,#1636,#1637,#1638,#1639,
#1640));
#860=EDGE_LOOP('',(#1641));
#861=EDGE_LOOP('',(#1642));
#862=EDGE_LOOP('',(#1643,#1644,#1645,#1646));
#863=EDGE_LOOP('',(#1647,#1648,#1649,#1650));
#864=EDGE_LOOP('',(#1651,#1652,#1653,#1654));
#865=EDGE_LOOP('',(#1655,#1656,#1657,#1658));
#866=EDGE_LOOP('',(#1659,#1660,#1661,#1662));
#867=EDGE_LOOP('',(#1663,#1664,#1665,#1666));
#868=EDGE_LOOP('',(#1667,#1668,#1669,#1670,#1671,#1672,#1673));
#869=EDGE_LOOP('',(#1674,#1675,#1676,#1677,#1678,#1679,#1680,#1681,#1682,
#1683));
#870=EDGE_LOOP('',(#1684,#1685,#1686,#1687));
#871=EDGE_LOOP('',(#1688,#1689,#1690,#1691));
#872=EDGE_LOOP('',(#1692,#1693,#1694,#1695));
#873=EDGE_LOOP('',(#1696,#1697,#1698,#1699));
#874=EDGE_LOOP('',(#1700,#1701,#1702,#1703));
#875=EDGE_LOOP('',(#1704,#1705,#1706,#1707,#1708,#1709,#1710,#1711,#1712));
#876=EDGE_LOOP('',(#1713,#1714,#1715,#1716,#1717,#1718,#1719,#1720,#1721,
#1722));
#877=EDGE_LOOP('',(#1723,#1724,#1725,#1726));
#878=EDGE_LOOP('',(#1727,#1728,#1729,#1730));
#879=EDGE_LOOP('',(#1731,#1732,#1733,#1734,#1735,#1736,#1737,#1738,#1739));
#880=EDGE_LOOP('',(#1740,#1741,#1742,#1743));
#881=EDGE_LOOP('',(#1744,#1745,#1746,#1747,#1748,#1749));
#882=EDGE_LOOP('',(#1750));
#883=EDGE_LOOP('',(#1751,#1752,#1753,#1754,#1755,#1756));
#884=EDGE_LOOP('',(#1757,#1758,#1759,#1760));
#885=EDGE_LOOP('',(#1761,#1762,#1763,#1764));
#886=EDGE_LOOP('',(#1765,#1766,#1767,#1768));
#887=EDGE_LOOP('',(#1769,#1770,#1771,#1772));
#888=EDGE_LOOP('',(#1773,#1774,#1775,#1776));
#889=EDGE_LOOP('',(#1777));
#890=EDGE_LOOP('',(#1778));
#891=EDGE_LOOP('',(#1779));
#892=EDGE_LOOP('',(#1780,#1781,#1782,#1783,#1784,#1785,#1786,#1787,#1788,
#1789));
#893=EDGE_LOOP('',(#1790,#1791,#1792,#1793,#1794,#1795,#1796,#1797,#1798,
#1799));
#894=EDGE_LOOP('',(#1800,#1801,#1802,#1803));
#895=EDGE_LOOP('',(#1804,#1805,#1806,#1807));
#896=EDGE_LOOP('',(#1808,#1809,#1810,#1811));
#897=EDGE_LOOP('',(#1812,#1813,#1814,#1815));
#898=EDGE_LOOP('',(#1816,#1817,#1818,#1819));
#899=EDGE_LOOP('',(#1820,#1821,#1822,#1823,#1824,#1825,#1826,#1827,#1828,
#1829,#1830,#1831,#1832,#1833,#1834,#1835,#1836));
#900=EDGE_LOOP('',(#1837,#1838,#1839,#1840,#1841,#1842,#1843,#1844,#1845));
#901=EDGE_LOOP('',(#1846,#1847,#1848,#1849));
#902=EDGE_LOOP('',(#1850,#1851,#1852,#1853));
#903=EDGE_LOOP('',(#1854,#1855,#1856,#1857,#1858,#1859,#1860,#1861,#1862));
#904=EDGE_LOOP('',(#1863,#1864,#1865,#1866));
#905=EDGE_LOOP('',(#1867,#1868,#1869,#1870));
#906=EDGE_LOOP('',(#1871,#1872));
#907=EDGE_LOOP('',(#1873,#1874,#1875,#1876,#1877,#1878,#1879,#1880,#1881,
#1882,#1883));
#908=EDGE_LOOP('',(#1884,#1885,#1886,#1887));
#909=EDGE_LOOP('',(#1888,#1889,#1890,#1891));
#910=EDGE_LOOP('',(#1892,#1893,#1894,#1895));
#911=EDGE_LOOP('',(#1896,#1897,#1898,#1899));
#912=EDGE_LOOP('',(#1900,#1901,#1902,#1903));
#913=EDGE_LOOP('',(#1904,#1905,#1906,#1907));
#914=EDGE_LOOP('',(#1908,#1909,#1910,#1911));
#915=EDGE_LOOP('',(#1912,#1913,#1914,#1915));
#916=EDGE_LOOP('',(#1916,#1917,#1918,#1919));
#917=EDGE_LOOP('',(#1920,#1921,#1922,#1923));
#918=CIRCLE('',#3098,18.2888412606735);
#919=CIRCLE('',#3100,17.78891399389);
#920=CIRCLE('',#3101,15.78891399389);
#921=CIRCLE('',#3103,0.495737133544157);
#922=CIRCLE('',#3104,18.2857084666704);
#923=CIRCLE('',#3105,0.495737133544157);
#924=CIRCLE('',#3106,17.78891399389);
#925=CIRCLE('',#3108,15.78891399389);
#926=CIRCLE('',#3110,1.);
#927=CIRCLE('',#3111,14.78891399389);
#928=CIRCLE('',#3112,1.);
#929=CIRCLE('',#3114,2.);
#930=CIRCLE('',#3115,2.);
#931=CIRCLE('',#3118,13.78891399389);
#932=CIRCLE('',#3119,13.78891399389);
#933=CIRCLE('',#3121,1.);
#934=CIRCLE('',#3122,0.5);
#935=CIRCLE('',#3123,0.5);
#936=CIRCLE('',#3124,0.5);
#937=CIRCLE('',#3128,0.5);
#938=CIRCLE('',#3129,0.5);
#939=CIRCLE('',#3130,1.);
#940=CIRCLE('',#3131,0.5);
#941=CIRCLE('',#3134,14.78891399389);
#942=CIRCLE('',#3136,14.78891399389);
#943=CIRCLE('',#3139,14.78891399389);
#944=CIRCLE('',#3148,13.2917940875106);
#945=CIRCLE('',#3149,13.2917940875106);
#946=CIRCLE('',#3151,12.7910653496995);
#947=CIRCLE('',#3152,12.7910653496996);
#948=CIRCLE('',#3154,1.5);
#949=CIRCLE('',#3155,13.2917940875106);
#950=CIRCLE('',#3156,1.5);
#951=CIRCLE('',#3158,1.5);
#952=CIRCLE('',#3159,1.5);
#953=CIRCLE('',#3163,13.2917940875106);
#954=CIRCLE('',#3166,1.5);
#955=CIRCLE('',#3167,13.2917940875106);
#956=CIRCLE('',#3168,1.5);
#957=CIRCLE('',#3169,12.7910653496995);
#958=CIRCLE('',#3171,1.5);
#959=CIRCLE('',#3172,13.2917940875106);
#960=CIRCLE('',#3173,1.5);
#961=CIRCLE('',#3174,12.7910653496996);
#962=CIRCLE('',#3177,13.2917940875106);
#963=CIRCLE('',#3179,13.2917940875106);
#964=CIRCLE('',#3184,1.5);
#965=CIRCLE('',#3185,0.799999999999997);
#966=CIRCLE('',#3186,0.495737133544157);
#967=CIRCLE('',#3188,13.2917940875106);
#968=CIRCLE('',#3193,0.495737133544157);
#969=CIRCLE('',#3194,0.799999999999997);
#970=CIRCLE('',#3195,1.5);
#971=CIRCLE('',#3197,13.2917940875106);
#972=CIRCLE('',#3198,15.7910653496995);
#973=CIRCLE('',#3200,15.7910653496995);
#974=CIRCLE('',#3202,16.5910653496995);
#975=CIRCLE('',#3204,17.7910653496995);
#976=CIRCLE('',#3206,18.2857084666704);
#977=CIRCLE('',#3209,1.5);
#978=CIRCLE('',#3210,1.5);
#979=CIRCLE('',#3218,18.2888412606735);
#980=CIRCLE('',#3220,14.78891399389);
#981=CIRCLE('',#3221,14.78891399389);
#982=CIRCLE('',#3223,13.78891399389);
#983=CIRCLE('',#3224,0.5);
#984=CIRCLE('',#3225,0.5);
#985=CIRCLE('',#3227,1.);
#986=CIRCLE('',#3228,15.78891399389);
#987=CIRCLE('',#3229,1.);
#988=CIRCLE('',#3231,13.78891399389);
#989=CIRCLE('',#3233,0.495737133544157);
#990=CIRCLE('',#3234,0.5);
#991=CIRCLE('',#3235,1.);
#992=CIRCLE('',#3236,0.5);
#993=CIRCLE('',#3238,0.5);
#994=CIRCLE('',#3239,1.);
#995=CIRCLE('',#3240,0.5);
#996=CIRCLE('',#3241,0.495737133544157);
#997=CIRCLE('',#3243,17.78891399389);
#998=CIRCLE('',#3245,18.2857084666704);
#999=CIRCLE('',#3247,2.);
#1000=CIRCLE('',#3248,2.);
#1001=CIRCLE('',#3250,17.78891399389);
#1002=CIRCLE('',#3251,15.78891399389);
#1003=CIRCLE('',#3257,14.78891399389);
#1004=CIRCLE('',#3259,14.78891399389);
#1005=CIRCLE('',#3279,0.495737133544157);
#1006=CIRCLE('',#3280,0.799999999999997);
#1007=CIRCLE('',#3281,1.5);
#1008=CIRCLE('',#3283,18.2857084666704);
#1009=CIRCLE('',#3284,0.495737133544157);
#1010=CIRCLE('',#3285,17.7910653496995);
#1011=CIRCLE('',#3287,16.5910653496995);
#1012=CIRCLE('',#3289,0.799999999999997);
#1013=CIRCLE('',#3290,15.7910653496995);
#1014=CIRCLE('',#3292,15.7910653496995);
#1015=CIRCLE('',#3297,13.2917940875106);
#1016=CIRCLE('',#3299,1.5);
#1017=CIRCLE('',#3301,13.2917940875106);
#1018=CIRCLE('',#3304,1.5);
#1019=CIRCLE('',#3305,1.5);
#1020=CIRCLE('',#3314,13.2917940875106);
#1021=CIRCLE('',#3316,13.2917940875106);
#1022=CIRCLE('',#3318,1.5);
#1023=CIRCLE('',#3319,15.7910653496996);
#1024=CIRCLE('',#3320,1.5);
#1025=CIRCLE('',#3322,15.7910653496996);
#1026=CIRCLE('',#3324,0.8);
#1027=CIRCLE('',#3325,16.5876523027603);
#1028=CIRCLE('',#3326,0.8);
#1029=CIRCLE('',#3328,17.791047148227);
#1030=CIRCLE('',#3330,0.5);
#1031=CIRCLE('',#3335,0.5);
#1032=CIRCLE('',#3337,18.2888412606735);
#1033=CIRCLE('',#3343,13.2917940875106);
#1034=CIRCLE('',#3345,18.2888412606735);
#1035=CIRCLE('',#3347,16.5876523027603);
#1036=CIRCLE('',#3348,17.791047148227);
#1037=CIRCLE('',#3350,0.8);
#1038=CIRCLE('',#3351,15.7910653496996);
#1039=CIRCLE('',#3352,0.8);
#1040=CIRCLE('',#3354,15.7910653496996);
#1041=CIRCLE('',#3356,13.2917940875106);
#1042=CIRCLE('',#3357,1.5);
#1043=CIRCLE('',#3358,1.5);
#1044=CIRCLE('',#3362,0.5);
#1045=CIRCLE('',#3366,0.5);
#1046=ORIENTED_EDGE('',*,*,#2220,.T.);
#1047=ORIENTED_EDGE('',*,*,#2221,.T.);
#1048=ORIENTED_EDGE('',*,*,#2222,.T.);
#1049=ORIENTED_EDGE('',*,*,#2223,.T.);
#1050=ORIENTED_EDGE('',*,*,#2224,.T.);
#1051=ORIENTED_EDGE('',*,*,#2225,.T.);
#1052=ORIENTED_EDGE('',*,*,#2226,.F.);
#1053=ORIENTED_EDGE('',*,*,#2227,.T.);
#1054=ORIENTED_EDGE('',*,*,#2228,.T.);
#1055=ORIENTED_EDGE('',*,*,#2229,.T.);
#1056=ORIENTED_EDGE('',*,*,#2230,.F.);
#1057=ORIENTED_EDGE('',*,*,#2231,.T.);
#1058=ORIENTED_EDGE('',*,*,#2232,.F.);
#1059=ORIENTED_EDGE('',*,*,#2233,.F.);
#1060=ORIENTED_EDGE('',*,*,#2234,.F.);
#1061=ORIENTED_EDGE('',*,*,#2235,.F.);
#1062=ORIENTED_EDGE('',*,*,#2236,.F.);
#1063=ORIENTED_EDGE('',*,*,#2237,.T.);
#1064=ORIENTED_EDGE('',*,*,#2238,.T.);
#1065=ORIENTED_EDGE('',*,*,#2237,.F.);
#1066=ORIENTED_EDGE('',*,*,#2239,.T.);
#1067=ORIENTED_EDGE('',*,*,#2240,.T.);
#1068=ORIENTED_EDGE('',*,*,#2241,.F.);
#1069=ORIENTED_EDGE('',*,*,#2242,.T.);
#1070=ORIENTED_EDGE('',*,*,#2243,.F.);
#1071=ORIENTED_EDGE('',*,*,#2240,.F.);
#1072=ORIENTED_EDGE('',*,*,#2244,.T.);
#1073=ORIENTED_EDGE('',*,*,#2245,.F.);
#1074=ORIENTED_EDGE('',*,*,#2235,.T.);
#1075=ORIENTED_EDGE('',*,*,#2246,.F.);
#1076=ORIENTED_EDGE('',*,*,#2247,.T.);
#1077=ORIENTED_EDGE('',*,*,#2248,.T.);
#1078=ORIENTED_EDGE('',*,*,#2249,.F.);
#1079=ORIENTED_EDGE('',*,*,#2250,.F.);
#1080=ORIENTED_EDGE('',*,*,#2251,.F.);
#1081=ORIENTED_EDGE('',*,*,#2252,.F.);
#1082=ORIENTED_EDGE('',*,*,#2253,.F.);
#1083=ORIENTED_EDGE('',*,*,#2254,.F.);
#1084=ORIENTED_EDGE('',*,*,#2255,.F.);
#1085=ORIENTED_EDGE('',*,*,#2256,.F.);
#1086=ORIENTED_EDGE('',*,*,#2257,.F.);
#1087=ORIENTED_EDGE('',*,*,#2258,.F.);
#1088=ORIENTED_EDGE('',*,*,#2228,.F.);
#1089=ORIENTED_EDGE('',*,*,#2259,.T.);
#1090=ORIENTED_EDGE('',*,*,#2244,.F.);
#1091=ORIENTED_EDGE('',*,*,#2260,.T.);
#1092=ORIENTED_EDGE('',*,*,#2222,.F.);
#1093=ORIENTED_EDGE('',*,*,#2261,.T.);
#1094=ORIENTED_EDGE('',*,*,#2262,.T.);
#1095=ORIENTED_EDGE('',*,*,#2263,.T.);
#1096=ORIENTED_EDGE('',*,*,#2264,.F.);
#1097=ORIENTED_EDGE('',*,*,#2265,.T.);
#1098=ORIENTED_EDGE('',*,*,#2266,.F.);
#1099=ORIENTED_EDGE('',*,*,#2267,.F.);
#1100=ORIENTED_EDGE('',*,*,#2261,.F.);
#1101=ORIENTED_EDGE('',*,*,#2268,.T.);
#1102=ORIENTED_EDGE('',*,*,#2269,.T.);
#1103=ORIENTED_EDGE('',*,*,#2241,.T.);
#1104=ORIENTED_EDGE('',*,*,#2239,.F.);
#1105=ORIENTED_EDGE('',*,*,#2236,.T.);
#1106=ORIENTED_EDGE('',*,*,#2245,.T.);
#1107=ORIENTED_EDGE('',*,*,#2259,.F.);
#1108=ORIENTED_EDGE('',*,*,#2227,.F.);
#1109=ORIENTED_EDGE('',*,*,#2270,.T.);
#1110=ORIENTED_EDGE('',*,*,#2230,.T.);
#1111=ORIENTED_EDGE('',*,*,#2223,.F.);
#1112=ORIENTED_EDGE('',*,*,#2260,.F.);
#1113=ORIENTED_EDGE('',*,*,#2248,.F.);
#1114=ORIENTED_EDGE('',*,*,#2271,.T.);
#1115=ORIENTED_EDGE('',*,*,#2224,.F.);
#1116=ORIENTED_EDGE('',*,*,#2271,.F.);
#1117=ORIENTED_EDGE('',*,*,#2247,.F.);
#1118=ORIENTED_EDGE('',*,*,#2272,.F.);
#1119=ORIENTED_EDGE('',*,*,#2225,.F.);
#1120=ORIENTED_EDGE('',*,*,#2272,.T.);
#1121=ORIENTED_EDGE('',*,*,#2246,.T.);
#1122=ORIENTED_EDGE('',*,*,#2234,.T.);
#1123=ORIENTED_EDGE('',*,*,#2238,.F.);
#1124=ORIENTED_EDGE('',*,*,#2243,.T.);
#1125=ORIENTED_EDGE('',*,*,#2273,.T.);
#1126=ORIENTED_EDGE('',*,*,#2274,.T.);
#1127=ORIENTED_EDGE('',*,*,#2263,.F.);
#1128=ORIENTED_EDGE('',*,*,#2275,.F.);
#1129=ORIENTED_EDGE('',*,*,#2276,.F.);
#1130=ORIENTED_EDGE('',*,*,#2277,.T.);
#1131=ORIENTED_EDGE('',*,*,#2232,.T.);
#1132=ORIENTED_EDGE('',*,*,#2278,.T.);
#1133=ORIENTED_EDGE('',*,*,#2270,.F.);
#1134=ORIENTED_EDGE('',*,*,#2226,.T.);
#1135=ORIENTED_EDGE('',*,*,#2278,.F.);
#1136=ORIENTED_EDGE('',*,*,#2231,.F.);
#1137=ORIENTED_EDGE('',*,*,#2277,.F.);
#1138=ORIENTED_EDGE('',*,*,#2279,.F.);
#1139=ORIENTED_EDGE('',*,*,#2265,.F.);
#1140=ORIENTED_EDGE('',*,*,#2233,.T.);
#1141=ORIENTED_EDGE('',*,*,#2267,.T.);
#1142=ORIENTED_EDGE('',*,*,#2280,.T.);
#1143=ORIENTED_EDGE('',*,*,#2275,.T.);
#1144=ORIENTED_EDGE('',*,*,#2262,.F.);
#1145=ORIENTED_EDGE('',*,*,#2266,.T.);
#1146=ORIENTED_EDGE('',*,*,#2279,.T.);
#1147=ORIENTED_EDGE('',*,*,#2276,.T.);
#1148=ORIENTED_EDGE('',*,*,#2280,.F.);
#1149=ORIENTED_EDGE('',*,*,#2269,.F.);
#1150=ORIENTED_EDGE('',*,*,#2281,.T.);
#1151=ORIENTED_EDGE('',*,*,#2273,.F.);
#1152=ORIENTED_EDGE('',*,*,#2242,.F.);
#1153=ORIENTED_EDGE('',*,*,#2268,.F.);
#1154=ORIENTED_EDGE('',*,*,#2264,.T.);
#1155=ORIENTED_EDGE('',*,*,#2274,.F.);
#1156=ORIENTED_EDGE('',*,*,#2281,.F.);
#1157=ORIENTED_EDGE('',*,*,#2250,.T.);
#1158=ORIENTED_EDGE('',*,*,#2249,.T.);
#1159=ORIENTED_EDGE('',*,*,#2282,.T.);
#1160=ORIENTED_EDGE('',*,*,#2283,.F.);
#1161=ORIENTED_EDGE('',*,*,#2251,.T.);
#1162=ORIENTED_EDGE('',*,*,#2221,.F.);
#1163=ORIENTED_EDGE('',*,*,#2284,.T.);
#1164=ORIENTED_EDGE('',*,*,#2285,.F.);
#1165=ORIENTED_EDGE('',*,*,#2252,.T.);
#1166=ORIENTED_EDGE('',*,*,#2283,.T.);
#1167=ORIENTED_EDGE('',*,*,#2258,.T.);
#1168=ORIENTED_EDGE('',*,*,#2286,.T.);
#1169=ORIENTED_EDGE('',*,*,#2287,.T.);
#1170=ORIENTED_EDGE('',*,*,#2229,.F.);
#1171=ORIENTED_EDGE('',*,*,#2288,.T.);
#1172=ORIENTED_EDGE('',*,*,#2286,.F.);
#1173=ORIENTED_EDGE('',*,*,#2257,.T.);
#1174=ORIENTED_EDGE('',*,*,#2289,.T.);
#1175=ORIENTED_EDGE('',*,*,#2290,.T.);
#1176=ORIENTED_EDGE('',*,*,#2289,.F.);
#1177=ORIENTED_EDGE('',*,*,#2256,.T.);
#1178=ORIENTED_EDGE('',*,*,#2291,.T.);
#1179=ORIENTED_EDGE('',*,*,#2292,.T.);
#1180=ORIENTED_EDGE('',*,*,#2291,.F.);
#1181=ORIENTED_EDGE('',*,*,#2255,.T.);
#1182=ORIENTED_EDGE('',*,*,#2293,.T.);
#1183=ORIENTED_EDGE('',*,*,#2294,.T.);
#1184=ORIENTED_EDGE('',*,*,#2293,.F.);
#1185=ORIENTED_EDGE('',*,*,#2254,.T.);
#1186=ORIENTED_EDGE('',*,*,#2295,.T.);
#1187=ORIENTED_EDGE('',*,*,#2296,.T.);
#1188=ORIENTED_EDGE('',*,*,#2295,.F.);
#1189=ORIENTED_EDGE('',*,*,#2253,.T.);
#1190=ORIENTED_EDGE('',*,*,#2285,.T.);
#1191=ORIENTED_EDGE('',*,*,#2220,.F.);
#1192=ORIENTED_EDGE('',*,*,#2287,.F.);
#1193=ORIENTED_EDGE('',*,*,#2288,.F.);
#1194=ORIENTED_EDGE('',*,*,#2290,.F.);
#1195=ORIENTED_EDGE('',*,*,#2292,.F.);
#1196=ORIENTED_EDGE('',*,*,#2294,.F.);
#1197=ORIENTED_EDGE('',*,*,#2296,.F.);
#1198=ORIENTED_EDGE('',*,*,#2284,.F.);
#1199=ORIENTED_EDGE('',*,*,#2282,.F.);
#1200=ORIENTED_EDGE('',*,*,#2297,.F.);
#1201=ORIENTED_EDGE('',*,*,#2298,.T.);
#1202=ORIENTED_EDGE('',*,*,#2299,.F.);
#1203=ORIENTED_EDGE('',*,*,#2300,.F.);
#1204=ORIENTED_EDGE('',*,*,#2301,.T.);
#1205=ORIENTED_EDGE('',*,*,#2302,.T.);
#1206=ORIENTED_EDGE('',*,*,#2303,.F.);
#1207=ORIENTED_EDGE('',*,*,#2304,.T.);
#1208=ORIENTED_EDGE('',*,*,#2305,.T.);
#1209=ORIENTED_EDGE('',*,*,#2306,.T.);
#1210=ORIENTED_EDGE('',*,*,#2307,.T.);
#1211=ORIENTED_EDGE('',*,*,#2301,.F.);
#1212=ORIENTED_EDGE('',*,*,#2308,.F.);
#1213=ORIENTED_EDGE('',*,*,#2300,.T.);
#1214=ORIENTED_EDGE('',*,*,#2309,.F.);
#1215=ORIENTED_EDGE('',*,*,#2303,.T.);
#1216=ORIENTED_EDGE('',*,*,#2310,.F.);
#1217=ORIENTED_EDGE('',*,*,#2297,.T.);
#1218=ORIENTED_EDGE('',*,*,#2308,.T.);
#1219=ORIENTED_EDGE('',*,*,#2302,.F.);
#1220=ORIENTED_EDGE('',*,*,#2307,.F.);
#1221=ORIENTED_EDGE('',*,*,#2311,.T.);
#1222=ORIENTED_EDGE('',*,*,#2312,.F.);
#1223=ORIENTED_EDGE('',*,*,#2313,.T.);
#1224=ORIENTED_EDGE('',*,*,#2305,.F.);
#1225=ORIENTED_EDGE('',*,*,#2304,.F.);
#1226=ORIENTED_EDGE('',*,*,#2309,.T.);
#1227=ORIENTED_EDGE('',*,*,#2299,.T.);
#1228=ORIENTED_EDGE('',*,*,#2298,.F.);
#1229=ORIENTED_EDGE('',*,*,#2310,.T.);
#1230=ORIENTED_EDGE('',*,*,#2314,.T.);
#1231=ORIENTED_EDGE('',*,*,#2312,.T.);
#1232=ORIENTED_EDGE('',*,*,#2313,.F.);
#1233=ORIENTED_EDGE('',*,*,#2314,.F.);
#1234=ORIENTED_EDGE('',*,*,#2311,.F.);
#1235=ORIENTED_EDGE('',*,*,#2306,.F.);
#1236=ORIENTED_EDGE('',*,*,#2315,.T.);
#1237=ORIENTED_EDGE('',*,*,#2316,.T.);
#1238=ORIENTED_EDGE('',*,*,#2317,.T.);
#1239=ORIENTED_EDGE('',*,*,#2318,.F.);
#1240=ORIENTED_EDGE('',*,*,#2319,.F.);
#1241=ORIENTED_EDGE('',*,*,#2320,.T.);
#1242=ORIENTED_EDGE('',*,*,#2321,.F.);
#1243=ORIENTED_EDGE('',*,*,#2322,.T.);
#1244=ORIENTED_EDGE('',*,*,#2323,.T.);
#1245=ORIENTED_EDGE('',*,*,#2324,.F.);
#1246=ORIENTED_EDGE('',*,*,#2325,.T.);
#1247=ORIENTED_EDGE('',*,*,#2319,.T.);
#1248=ORIENTED_EDGE('',*,*,#2326,.F.);
#1249=ORIENTED_EDGE('',*,*,#2317,.F.);
#1250=ORIENTED_EDGE('',*,*,#2327,.T.);
#1251=ORIENTED_EDGE('',*,*,#2328,.F.);
#1252=ORIENTED_EDGE('',*,*,#2329,.T.);
#1253=ORIENTED_EDGE('',*,*,#2315,.F.);
#1254=ORIENTED_EDGE('',*,*,#2330,.F.);
#1255=ORIENTED_EDGE('',*,*,#2321,.T.);
#1256=ORIENTED_EDGE('',*,*,#2331,.F.);
#1257=ORIENTED_EDGE('',*,*,#2324,.T.);
#1258=ORIENTED_EDGE('',*,*,#2332,.T.);
#1259=ORIENTED_EDGE('',*,*,#2328,.T.);
#1260=ORIENTED_EDGE('',*,*,#2330,.T.);
#1261=ORIENTED_EDGE('',*,*,#2318,.T.);
#1262=ORIENTED_EDGE('',*,*,#2326,.T.);
#1263=ORIENTED_EDGE('',*,*,#2322,.F.);
#1264=ORIENTED_EDGE('',*,*,#2316,.F.);
#1265=ORIENTED_EDGE('',*,*,#2329,.F.);
#1266=ORIENTED_EDGE('',*,*,#2332,.F.);
#1267=ORIENTED_EDGE('',*,*,#2327,.F.);
#1268=ORIENTED_EDGE('',*,*,#2320,.F.);
#1269=ORIENTED_EDGE('',*,*,#2325,.F.);
#1270=ORIENTED_EDGE('',*,*,#2331,.T.);
#1271=ORIENTED_EDGE('',*,*,#2323,.F.);
#1272=ORIENTED_EDGE('',*,*,#2333,.T.);
#1273=ORIENTED_EDGE('',*,*,#2334,.F.);
#1274=ORIENTED_EDGE('',*,*,#2335,.F.);
#1275=ORIENTED_EDGE('',*,*,#2336,.T.);
#1276=ORIENTED_EDGE('',*,*,#2337,.F.);
#1277=ORIENTED_EDGE('',*,*,#2338,.F.);
#1278=ORIENTED_EDGE('',*,*,#2339,.F.);
#1279=ORIENTED_EDGE('',*,*,#2340,.T.);
#1280=ORIENTED_EDGE('',*,*,#2341,.T.);
#1281=ORIENTED_EDGE('',*,*,#2342,.T.);
#1282=ORIENTED_EDGE('',*,*,#2343,.T.);
#1283=ORIENTED_EDGE('',*,*,#2335,.T.);
#1284=ORIENTED_EDGE('',*,*,#2344,.F.);
#1285=ORIENTED_EDGE('',*,*,#2345,.T.);
#1286=ORIENTED_EDGE('',*,*,#2346,.T.);
#1287=ORIENTED_EDGE('',*,*,#2347,.F.);
#1288=ORIENTED_EDGE('',*,*,#2348,.F.);
#1289=ORIENTED_EDGE('',*,*,#2349,.T.);
#1290=ORIENTED_EDGE('',*,*,#2344,.T.);
#1291=ORIENTED_EDGE('',*,*,#2334,.T.);
#1292=ORIENTED_EDGE('',*,*,#2350,.F.);
#1293=ORIENTED_EDGE('',*,*,#2351,.F.);
#1294=ORIENTED_EDGE('',*,*,#2352,.F.);
#1295=ORIENTED_EDGE('',*,*,#2353,.F.);
#1296=ORIENTED_EDGE('',*,*,#2354,.F.);
#1297=ORIENTED_EDGE('',*,*,#2355,.F.);
#1298=ORIENTED_EDGE('',*,*,#2356,.F.);
#1299=ORIENTED_EDGE('',*,*,#2357,.F.);
#1300=ORIENTED_EDGE('',*,*,#2346,.F.);
#1301=ORIENTED_EDGE('',*,*,#2349,.F.);
#1302=ORIENTED_EDGE('',*,*,#2358,.F.);
#1303=ORIENTED_EDGE('',*,*,#2355,.T.);
#1304=ORIENTED_EDGE('',*,*,#2345,.F.);
#1305=ORIENTED_EDGE('',*,*,#2359,.T.);
#1306=ORIENTED_EDGE('',*,*,#2360,.T.);
#1307=ORIENTED_EDGE('',*,*,#2361,.T.);
#1308=ORIENTED_EDGE('',*,*,#2362,.F.);
#1309=ORIENTED_EDGE('',*,*,#2363,.F.);
#1310=ORIENTED_EDGE('',*,*,#2364,.F.);
#1311=ORIENTED_EDGE('',*,*,#2365,.T.);
#1312=ORIENTED_EDGE('',*,*,#2342,.F.);
#1313=ORIENTED_EDGE('',*,*,#2357,.T.);
#1314=ORIENTED_EDGE('',*,*,#2366,.T.);
#1315=ORIENTED_EDGE('',*,*,#2364,.T.);
#1316=ORIENTED_EDGE('',*,*,#2367,.T.);
#1317=ORIENTED_EDGE('',*,*,#2337,.T.);
#1318=ORIENTED_EDGE('',*,*,#2368,.T.);
#1319=ORIENTED_EDGE('',*,*,#2338,.T.);
#1320=ORIENTED_EDGE('',*,*,#2367,.F.);
#1321=ORIENTED_EDGE('',*,*,#2363,.T.);
#1322=ORIENTED_EDGE('',*,*,#2369,.T.);
#1323=ORIENTED_EDGE('',*,*,#2339,.T.);
#1324=ORIENTED_EDGE('',*,*,#2368,.F.);
#1325=ORIENTED_EDGE('',*,*,#2362,.T.);
#1326=ORIENTED_EDGE('',*,*,#2370,.T.);
#1327=ORIENTED_EDGE('',*,*,#2340,.F.);
#1328=ORIENTED_EDGE('',*,*,#2369,.F.);
#1329=ORIENTED_EDGE('',*,*,#2361,.F.);
#1330=ORIENTED_EDGE('',*,*,#2371,.F.);
#1331=ORIENTED_EDGE('',*,*,#2341,.F.);
#1332=ORIENTED_EDGE('',*,*,#2370,.F.);
#1333=ORIENTED_EDGE('',*,*,#2360,.F.);
#1334=ORIENTED_EDGE('',*,*,#2365,.F.);
#1335=ORIENTED_EDGE('',*,*,#2366,.F.);
#1336=ORIENTED_EDGE('',*,*,#2336,.F.);
#1337=ORIENTED_EDGE('',*,*,#2343,.F.);
#1338=ORIENTED_EDGE('',*,*,#2372,.T.);
#1339=ORIENTED_EDGE('',*,*,#2373,.T.);
#1340=ORIENTED_EDGE('',*,*,#2348,.T.);
#1341=ORIENTED_EDGE('',*,*,#2374,.F.);
#1342=ORIENTED_EDGE('',*,*,#2375,.F.);
#1343=ORIENTED_EDGE('',*,*,#2376,.F.);
#1344=ORIENTED_EDGE('',*,*,#2350,.T.);
#1345=ORIENTED_EDGE('',*,*,#2333,.F.);
#1346=ORIENTED_EDGE('',*,*,#2371,.T.);
#1347=ORIENTED_EDGE('',*,*,#2359,.F.);
#1348=ORIENTED_EDGE('',*,*,#2356,.T.);
#1349=ORIENTED_EDGE('',*,*,#2358,.T.);
#1350=ORIENTED_EDGE('',*,*,#2373,.F.);
#1351=ORIENTED_EDGE('',*,*,#2372,.F.);
#1352=ORIENTED_EDGE('',*,*,#2377,.T.);
#1353=ORIENTED_EDGE('',*,*,#2374,.T.);
#1354=ORIENTED_EDGE('',*,*,#2347,.T.);
#1355=ORIENTED_EDGE('',*,*,#2378,.T.);
#1356=ORIENTED_EDGE('',*,*,#2379,.T.);
#1357=ORIENTED_EDGE('',*,*,#2378,.F.);
#1358=ORIENTED_EDGE('',*,*,#2354,.T.);
#1359=ORIENTED_EDGE('',*,*,#2380,.T.);
#1360=ORIENTED_EDGE('',*,*,#2381,.T.);
#1361=ORIENTED_EDGE('',*,*,#2380,.F.);
#1362=ORIENTED_EDGE('',*,*,#2353,.T.);
#1363=ORIENTED_EDGE('',*,*,#2382,.T.);
#1364=ORIENTED_EDGE('',*,*,#2383,.T.);
#1365=ORIENTED_EDGE('',*,*,#2382,.F.);
#1366=ORIENTED_EDGE('',*,*,#2352,.T.);
#1367=ORIENTED_EDGE('',*,*,#2384,.T.);
#1368=ORIENTED_EDGE('',*,*,#2385,.T.);
#1369=ORIENTED_EDGE('',*,*,#2384,.F.);
#1370=ORIENTED_EDGE('',*,*,#2351,.T.);
#1371=ORIENTED_EDGE('',*,*,#2376,.T.);
#1372=ORIENTED_EDGE('',*,*,#2377,.F.);
#1373=ORIENTED_EDGE('',*,*,#2379,.F.);
#1374=ORIENTED_EDGE('',*,*,#2381,.F.);
#1375=ORIENTED_EDGE('',*,*,#2383,.F.);
#1376=ORIENTED_EDGE('',*,*,#2385,.F.);
#1377=ORIENTED_EDGE('',*,*,#2375,.T.);
#1378=ORIENTED_EDGE('',*,*,#2386,.T.);
#1379=ORIENTED_EDGE('',*,*,#2387,.F.);
#1380=ORIENTED_EDGE('',*,*,#2388,.F.);
#1381=ORIENTED_EDGE('',*,*,#2389,.F.);
#1382=ORIENTED_EDGE('',*,*,#2390,.T.);
#1383=ORIENTED_EDGE('',*,*,#2391,.T.);
#1384=ORIENTED_EDGE('',*,*,#2392,.F.);
#1385=ORIENTED_EDGE('',*,*,#2393,.T.);
#1386=ORIENTED_EDGE('',*,*,#2394,.T.);
#1387=ORIENTED_EDGE('',*,*,#2395,.T.);
#1388=ORIENTED_EDGE('',*,*,#2396,.T.);
#1389=ORIENTED_EDGE('',*,*,#2397,.F.);
#1390=ORIENTED_EDGE('',*,*,#2398,.F.);
#1391=ORIENTED_EDGE('',*,*,#2399,.F.);
#1392=ORIENTED_EDGE('',*,*,#2400,.T.);
#1393=ORIENTED_EDGE('',*,*,#2401,.F.);
#1394=ORIENTED_EDGE('',*,*,#2396,.F.);
#1395=ORIENTED_EDGE('',*,*,#2402,.F.);
#1396=ORIENTED_EDGE('',*,*,#2403,.F.);
#1397=ORIENTED_EDGE('',*,*,#2404,.F.);
#1398=ORIENTED_EDGE('',*,*,#2405,.F.);
#1399=ORIENTED_EDGE('',*,*,#2398,.T.);
#1400=ORIENTED_EDGE('',*,*,#2406,.T.);
#1401=ORIENTED_EDGE('',*,*,#2407,.T.);
#1402=ORIENTED_EDGE('',*,*,#2408,.T.);
#1403=ORIENTED_EDGE('',*,*,#2400,.F.);
#1404=ORIENTED_EDGE('',*,*,#2405,.T.);
#1405=ORIENTED_EDGE('',*,*,#2409,.F.);
#1406=ORIENTED_EDGE('',*,*,#2410,.T.);
#1407=ORIENTED_EDGE('',*,*,#2411,.T.);
#1408=ORIENTED_EDGE('',*,*,#2412,.T.);
#1409=ORIENTED_EDGE('',*,*,#2393,.F.);
#1410=ORIENTED_EDGE('',*,*,#2413,.T.);
#1411=ORIENTED_EDGE('',*,*,#2414,.T.);
#1412=ORIENTED_EDGE('',*,*,#2415,.T.);
#1413=ORIENTED_EDGE('',*,*,#2416,.F.);
#1414=ORIENTED_EDGE('',*,*,#2417,.F.);
#1415=ORIENTED_EDGE('',*,*,#2406,.F.);
#1416=ORIENTED_EDGE('',*,*,#2402,.T.);
#1417=ORIENTED_EDGE('',*,*,#2399,.T.);
#1418=ORIENTED_EDGE('',*,*,#2408,.F.);
#1419=ORIENTED_EDGE('',*,*,#2418,.F.);
#1420=ORIENTED_EDGE('',*,*,#2419,.F.);
#1421=ORIENTED_EDGE('',*,*,#2420,.T.);
#1422=ORIENTED_EDGE('',*,*,#2421,.T.);
#1423=ORIENTED_EDGE('',*,*,#2422,.T.);
#1424=ORIENTED_EDGE('',*,*,#2391,.F.);
#1425=ORIENTED_EDGE('',*,*,#2423,.F.);
#1426=ORIENTED_EDGE('',*,*,#2424,.T.);
#1427=ORIENTED_EDGE('',*,*,#2425,.T.);
#1428=ORIENTED_EDGE('',*,*,#2426,.F.);
#1429=ORIENTED_EDGE('',*,*,#2403,.T.);
#1430=ORIENTED_EDGE('',*,*,#2397,.T.);
#1431=ORIENTED_EDGE('',*,*,#2401,.T.);
#1432=ORIENTED_EDGE('',*,*,#2427,.F.);
#1433=ORIENTED_EDGE('',*,*,#2409,.T.);
#1434=ORIENTED_EDGE('',*,*,#2404,.T.);
#1435=ORIENTED_EDGE('',*,*,#2426,.T.);
#1436=ORIENTED_EDGE('',*,*,#2425,.F.);
#1437=ORIENTED_EDGE('',*,*,#2428,.F.);
#1438=ORIENTED_EDGE('',*,*,#2410,.F.);
#1439=ORIENTED_EDGE('',*,*,#2427,.T.);
#1440=ORIENTED_EDGE('',*,*,#2429,.T.);
#1441=ORIENTED_EDGE('',*,*,#2430,.T.);
#1442=ORIENTED_EDGE('',*,*,#2431,.T.);
#1443=ORIENTED_EDGE('',*,*,#2411,.F.);
#1444=ORIENTED_EDGE('',*,*,#2428,.T.);
#1445=ORIENTED_EDGE('',*,*,#2424,.F.);
#1446=ORIENTED_EDGE('',*,*,#2432,.F.);
#1447=ORIENTED_EDGE('',*,*,#2433,.F.);
#1448=ORIENTED_EDGE('',*,*,#2434,.T.);
#1449=ORIENTED_EDGE('',*,*,#2421,.F.);
#1450=ORIENTED_EDGE('',*,*,#2435,.F.);
#1451=ORIENTED_EDGE('',*,*,#2414,.F.);
#1452=ORIENTED_EDGE('',*,*,#2436,.F.);
#1453=ORIENTED_EDGE('',*,*,#2437,.F.);
#1454=ORIENTED_EDGE('',*,*,#2438,.F.);
#1455=ORIENTED_EDGE('',*,*,#2439,.F.);
#1456=ORIENTED_EDGE('',*,*,#2440,.F.);
#1457=ORIENTED_EDGE('',*,*,#2441,.F.);
#1458=ORIENTED_EDGE('',*,*,#2442,.F.);
#1459=ORIENTED_EDGE('',*,*,#2443,.F.);
#1460=ORIENTED_EDGE('',*,*,#2444,.F.);
#1461=ORIENTED_EDGE('',*,*,#2445,.F.);
#1462=ORIENTED_EDGE('',*,*,#2386,.F.);
#1463=ORIENTED_EDGE('',*,*,#2446,.T.);
#1464=ORIENTED_EDGE('',*,*,#2429,.F.);
#1465=ORIENTED_EDGE('',*,*,#2423,.T.);
#1466=ORIENTED_EDGE('',*,*,#2390,.F.);
#1467=ORIENTED_EDGE('',*,*,#2394,.F.);
#1468=ORIENTED_EDGE('',*,*,#2412,.F.);
#1469=ORIENTED_EDGE('',*,*,#2431,.F.);
#1470=ORIENTED_EDGE('',*,*,#2447,.F.);
#1471=ORIENTED_EDGE('',*,*,#2395,.F.);
#1472=ORIENTED_EDGE('',*,*,#2447,.T.);
#1473=ORIENTED_EDGE('',*,*,#2430,.F.);
#1474=ORIENTED_EDGE('',*,*,#2446,.F.);
#1475=ORIENTED_EDGE('',*,*,#2413,.F.);
#1476=ORIENTED_EDGE('',*,*,#2392,.T.);
#1477=ORIENTED_EDGE('',*,*,#2422,.F.);
#1478=ORIENTED_EDGE('',*,*,#2434,.F.);
#1479=ORIENTED_EDGE('',*,*,#2420,.F.);
#1480=ORIENTED_EDGE('',*,*,#2448,.F.);
#1481=ORIENTED_EDGE('',*,*,#2415,.F.);
#1482=ORIENTED_EDGE('',*,*,#2435,.T.);
#1483=ORIENTED_EDGE('',*,*,#2448,.T.);
#1484=ORIENTED_EDGE('',*,*,#2419,.T.);
#1485=ORIENTED_EDGE('',*,*,#2449,.F.);
#1486=ORIENTED_EDGE('',*,*,#2416,.T.);
#1487=ORIENTED_EDGE('',*,*,#2449,.T.);
#1488=ORIENTED_EDGE('',*,*,#2418,.T.);
#1489=ORIENTED_EDGE('',*,*,#2407,.F.);
#1490=ORIENTED_EDGE('',*,*,#2417,.T.);
#1491=ORIENTED_EDGE('',*,*,#2433,.T.);
#1492=ORIENTED_EDGE('',*,*,#2432,.T.);
#1493=ORIENTED_EDGE('',*,*,#2450,.T.);
#1494=ORIENTED_EDGE('',*,*,#2451,.F.);
#1495=ORIENTED_EDGE('',*,*,#2452,.T.);
#1496=ORIENTED_EDGE('',*,*,#2453,.T.);
#1497=ORIENTED_EDGE('',*,*,#2454,.T.);
#1498=ORIENTED_EDGE('',*,*,#2453,.F.);
#1499=ORIENTED_EDGE('',*,*,#2455,.T.);
#1500=ORIENTED_EDGE('',*,*,#2456,.T.);
#1501=ORIENTED_EDGE('',*,*,#2457,.T.);
#1502=ORIENTED_EDGE('',*,*,#2458,.F.);
#1503=ORIENTED_EDGE('',*,*,#2436,.T.);
#1504=ORIENTED_EDGE('',*,*,#2389,.T.);
#1505=ORIENTED_EDGE('',*,*,#2459,.T.);
#1506=ORIENTED_EDGE('',*,*,#2387,.T.);
#1507=ORIENTED_EDGE('',*,*,#2445,.T.);
#1508=ORIENTED_EDGE('',*,*,#2460,.T.);
#1509=ORIENTED_EDGE('',*,*,#2461,.T.);
#1510=ORIENTED_EDGE('',*,*,#2460,.F.);
#1511=ORIENTED_EDGE('',*,*,#2444,.T.);
#1512=ORIENTED_EDGE('',*,*,#2462,.T.);
#1513=ORIENTED_EDGE('',*,*,#2463,.T.);
#1514=ORIENTED_EDGE('',*,*,#2462,.F.);
#1515=ORIENTED_EDGE('',*,*,#2443,.T.);
#1516=ORIENTED_EDGE('',*,*,#2464,.T.);
#1517=ORIENTED_EDGE('',*,*,#2465,.T.);
#1518=ORIENTED_EDGE('',*,*,#2464,.F.);
#1519=ORIENTED_EDGE('',*,*,#2442,.T.);
#1520=ORIENTED_EDGE('',*,*,#2466,.T.);
#1521=ORIENTED_EDGE('',*,*,#2467,.T.);
#1522=ORIENTED_EDGE('',*,*,#2466,.F.);
#1523=ORIENTED_EDGE('',*,*,#2441,.T.);
#1524=ORIENTED_EDGE('',*,*,#2468,.T.);
#1525=ORIENTED_EDGE('',*,*,#2469,.T.);
#1526=ORIENTED_EDGE('',*,*,#2468,.F.);
#1527=ORIENTED_EDGE('',*,*,#2440,.T.);
#1528=ORIENTED_EDGE('',*,*,#2470,.T.);
#1529=ORIENTED_EDGE('',*,*,#2471,.T.);
#1530=ORIENTED_EDGE('',*,*,#2470,.F.);
#1531=ORIENTED_EDGE('',*,*,#2439,.T.);
#1532=ORIENTED_EDGE('',*,*,#2472,.T.);
#1533=ORIENTED_EDGE('',*,*,#2473,.T.);
#1534=ORIENTED_EDGE('',*,*,#2472,.F.);
#1535=ORIENTED_EDGE('',*,*,#2438,.T.);
#1536=ORIENTED_EDGE('',*,*,#2474,.T.);
#1537=ORIENTED_EDGE('',*,*,#2475,.T.);
#1538=ORIENTED_EDGE('',*,*,#2474,.F.);
#1539=ORIENTED_EDGE('',*,*,#2437,.T.);
#1540=ORIENTED_EDGE('',*,*,#2458,.T.);
#1541=ORIENTED_EDGE('',*,*,#2476,.T.);
#1542=ORIENTED_EDGE('',*,*,#2456,.F.);
#1543=ORIENTED_EDGE('',*,*,#2477,.T.);
#1544=ORIENTED_EDGE('',*,*,#2451,.T.);
#1545=ORIENTED_EDGE('',*,*,#2457,.F.);
#1546=ORIENTED_EDGE('',*,*,#2388,.T.);
#1547=ORIENTED_EDGE('',*,*,#2459,.F.);
#1548=ORIENTED_EDGE('',*,*,#2461,.F.);
#1549=ORIENTED_EDGE('',*,*,#2463,.F.);
#1550=ORIENTED_EDGE('',*,*,#2465,.F.);
#1551=ORIENTED_EDGE('',*,*,#2467,.F.);
#1552=ORIENTED_EDGE('',*,*,#2469,.F.);
#1553=ORIENTED_EDGE('',*,*,#2471,.F.);
#1554=ORIENTED_EDGE('',*,*,#2473,.F.);
#1555=ORIENTED_EDGE('',*,*,#2475,.F.);
#1556=ORIENTED_EDGE('',*,*,#2450,.F.);
#1557=ORIENTED_EDGE('',*,*,#2454,.F.);
#1558=ORIENTED_EDGE('',*,*,#2476,.F.);
#1559=ORIENTED_EDGE('',*,*,#2455,.F.);
#1560=ORIENTED_EDGE('',*,*,#2452,.F.);
#1561=ORIENTED_EDGE('',*,*,#2477,.F.);
#1562=ORIENTED_EDGE('',*,*,#2478,.F.);
#1563=ORIENTED_EDGE('',*,*,#2479,.T.);
#1564=ORIENTED_EDGE('',*,*,#2480,.T.);
#1565=ORIENTED_EDGE('',*,*,#2481,.T.);
#1566=ORIENTED_EDGE('',*,*,#2482,.F.);
#1567=ORIENTED_EDGE('',*,*,#2483,.F.);
#1568=ORIENTED_EDGE('',*,*,#2484,.F.);
#1569=ORIENTED_EDGE('',*,*,#2485,.T.);
#1570=ORIENTED_EDGE('',*,*,#2486,.F.);
#1571=ORIENTED_EDGE('',*,*,#2487,.F.);
#1572=ORIENTED_EDGE('',*,*,#2488,.F.);
#1573=ORIENTED_EDGE('',*,*,#2489,.F.);
#1574=ORIENTED_EDGE('',*,*,#2480,.F.);
#1575=ORIENTED_EDGE('',*,*,#2481,.F.);
#1576=ORIENTED_EDGE('',*,*,#2489,.T.);
#1577=ORIENTED_EDGE('',*,*,#2490,.F.);
#1578=ORIENTED_EDGE('',*,*,#2491,.F.);
#1579=ORIENTED_EDGE('',*,*,#2482,.T.);
#1580=ORIENTED_EDGE('',*,*,#2491,.T.);
#1581=ORIENTED_EDGE('',*,*,#2492,.T.);
#1582=ORIENTED_EDGE('',*,*,#2493,.F.);
#1583=ORIENTED_EDGE('',*,*,#2483,.T.);
#1584=ORIENTED_EDGE('',*,*,#2493,.T.);
#1585=ORIENTED_EDGE('',*,*,#2494,.T.);
#1586=ORIENTED_EDGE('',*,*,#2495,.F.);
#1587=ORIENTED_EDGE('',*,*,#2496,.F.);
#1588=ORIENTED_EDGE('',*,*,#2497,.F.);
#1589=ORIENTED_EDGE('',*,*,#2478,.T.);
#1590=ORIENTED_EDGE('',*,*,#2498,.T.);
#1591=ORIENTED_EDGE('',*,*,#2499,.T.);
#1592=ORIENTED_EDGE('',*,*,#2500,.F.);
#1593=ORIENTED_EDGE('',*,*,#2501,.F.);
#1594=ORIENTED_EDGE('',*,*,#2502,.F.);
#1595=ORIENTED_EDGE('',*,*,#2503,.F.);
#1596=ORIENTED_EDGE('',*,*,#2504,.F.);
#1597=ORIENTED_EDGE('',*,*,#2505,.F.);
#1598=ORIENTED_EDGE('',*,*,#2506,.T.);
#1599=ORIENTED_EDGE('',*,*,#2507,.F.);
#1600=ORIENTED_EDGE('',*,*,#2499,.F.);
#1601=ORIENTED_EDGE('',*,*,#2508,.T.);
#1602=ORIENTED_EDGE('',*,*,#2509,.F.);
#1603=ORIENTED_EDGE('',*,*,#2510,.F.);
#1604=ORIENTED_EDGE('',*,*,#2506,.F.);
#1605=ORIENTED_EDGE('',*,*,#2511,.F.);
#1606=ORIENTED_EDGE('',*,*,#2486,.T.);
#1607=ORIENTED_EDGE('',*,*,#2512,.T.);
#1608=ORIENTED_EDGE('',*,*,#2513,.T.);
#1609=ORIENTED_EDGE('',*,*,#2511,.T.);
#1610=ORIENTED_EDGE('',*,*,#2508,.F.);
#1611=ORIENTED_EDGE('',*,*,#2498,.F.);
#1612=ORIENTED_EDGE('',*,*,#2488,.T.);
#1613=ORIENTED_EDGE('',*,*,#2514,.T.);
#1614=ORIENTED_EDGE('',*,*,#2509,.T.);
#1615=ORIENTED_EDGE('',*,*,#2513,.F.);
#1616=ORIENTED_EDGE('',*,*,#2515,.T.);
#1617=ORIENTED_EDGE('',*,*,#2516,.F.);
#1618=ORIENTED_EDGE('',*,*,#2494,.F.);
#1619=ORIENTED_EDGE('',*,*,#2492,.F.);
#1620=ORIENTED_EDGE('',*,*,#2490,.T.);
#1621=ORIENTED_EDGE('',*,*,#2517,.T.);
#1622=ORIENTED_EDGE('',*,*,#2484,.T.);
#1623=ORIENTED_EDGE('',*,*,#2495,.T.);
#1624=ORIENTED_EDGE('',*,*,#2516,.T.);
#1625=ORIENTED_EDGE('',*,*,#2517,.F.);
#1626=ORIENTED_EDGE('',*,*,#2515,.F.);
#1627=ORIENTED_EDGE('',*,*,#2512,.F.);
#1628=ORIENTED_EDGE('',*,*,#2485,.F.);
#1629=ORIENTED_EDGE('',*,*,#2518,.T.);
#1630=ORIENTED_EDGE('',*,*,#2519,.T.);
#1631=ORIENTED_EDGE('',*,*,#2497,.T.);
#1632=ORIENTED_EDGE('',*,*,#2520,.T.);
#1633=ORIENTED_EDGE('',*,*,#2521,.F.);
#1634=ORIENTED_EDGE('',*,*,#2522,.T.);
#1635=ORIENTED_EDGE('',*,*,#2500,.T.);
#1636=ORIENTED_EDGE('',*,*,#2507,.T.);
#1637=ORIENTED_EDGE('',*,*,#2510,.T.);
#1638=ORIENTED_EDGE('',*,*,#2514,.F.);
#1639=ORIENTED_EDGE('',*,*,#2487,.T.);
#1640=ORIENTED_EDGE('',*,*,#2479,.F.);
#1641=ORIENTED_EDGE('',*,*,#2519,.F.);
#1642=ORIENTED_EDGE('',*,*,#2518,.F.);
#1643=ORIENTED_EDGE('',*,*,#2523,.T.);
#1644=ORIENTED_EDGE('',*,*,#2520,.F.);
#1645=ORIENTED_EDGE('',*,*,#2496,.T.);
#1646=ORIENTED_EDGE('',*,*,#2524,.T.);
#1647=ORIENTED_EDGE('',*,*,#2525,.T.);
#1648=ORIENTED_EDGE('',*,*,#2524,.F.);
#1649=ORIENTED_EDGE('',*,*,#2505,.T.);
#1650=ORIENTED_EDGE('',*,*,#2526,.T.);
#1651=ORIENTED_EDGE('',*,*,#2527,.T.);
#1652=ORIENTED_EDGE('',*,*,#2526,.F.);
#1653=ORIENTED_EDGE('',*,*,#2504,.T.);
#1654=ORIENTED_EDGE('',*,*,#2528,.T.);
#1655=ORIENTED_EDGE('',*,*,#2529,.T.);
#1656=ORIENTED_EDGE('',*,*,#2528,.F.);
#1657=ORIENTED_EDGE('',*,*,#2503,.T.);
#1658=ORIENTED_EDGE('',*,*,#2530,.T.);
#1659=ORIENTED_EDGE('',*,*,#2531,.T.);
#1660=ORIENTED_EDGE('',*,*,#2530,.F.);
#1661=ORIENTED_EDGE('',*,*,#2502,.T.);
#1662=ORIENTED_EDGE('',*,*,#2532,.T.);
#1663=ORIENTED_EDGE('',*,*,#2533,.T.);
#1664=ORIENTED_EDGE('',*,*,#2532,.F.);
#1665=ORIENTED_EDGE('',*,*,#2501,.T.);
#1666=ORIENTED_EDGE('',*,*,#2522,.F.);
#1667=ORIENTED_EDGE('',*,*,#2521,.T.);
#1668=ORIENTED_EDGE('',*,*,#2523,.F.);
#1669=ORIENTED_EDGE('',*,*,#2525,.F.);
#1670=ORIENTED_EDGE('',*,*,#2527,.F.);
#1671=ORIENTED_EDGE('',*,*,#2529,.F.);
#1672=ORIENTED_EDGE('',*,*,#2531,.F.);
#1673=ORIENTED_EDGE('',*,*,#2533,.F.);
#1674=ORIENTED_EDGE('',*,*,#2534,.F.);
#1675=ORIENTED_EDGE('',*,*,#2535,.F.);
#1676=ORIENTED_EDGE('',*,*,#2536,.T.);
#1677=ORIENTED_EDGE('',*,*,#2537,.F.);
#1678=ORIENTED_EDGE('',*,*,#2538,.T.);
#1679=ORIENTED_EDGE('',*,*,#2539,.T.);
#1680=ORIENTED_EDGE('',*,*,#2540,.F.);
#1681=ORIENTED_EDGE('',*,*,#2541,.F.);
#1682=ORIENTED_EDGE('',*,*,#2542,.F.);
#1683=ORIENTED_EDGE('',*,*,#2543,.T.);
#1684=ORIENTED_EDGE('',*,*,#2544,.F.);
#1685=ORIENTED_EDGE('',*,*,#2545,.F.);
#1686=ORIENTED_EDGE('',*,*,#2546,.F.);
#1687=ORIENTED_EDGE('',*,*,#2537,.T.);
#1688=ORIENTED_EDGE('',*,*,#2545,.T.);
#1689=ORIENTED_EDGE('',*,*,#2547,.F.);
#1690=ORIENTED_EDGE('',*,*,#2548,.F.);
#1691=ORIENTED_EDGE('',*,*,#2549,.F.);
#1692=ORIENTED_EDGE('',*,*,#2548,.T.);
#1693=ORIENTED_EDGE('',*,*,#2550,.F.);
#1694=ORIENTED_EDGE('',*,*,#2551,.F.);
#1695=ORIENTED_EDGE('',*,*,#2552,.F.);
#1696=ORIENTED_EDGE('',*,*,#2551,.T.);
#1697=ORIENTED_EDGE('',*,*,#2553,.T.);
#1698=ORIENTED_EDGE('',*,*,#2554,.F.);
#1699=ORIENTED_EDGE('',*,*,#2555,.T.);
#1700=ORIENTED_EDGE('',*,*,#2554,.T.);
#1701=ORIENTED_EDGE('',*,*,#2556,.F.);
#1702=ORIENTED_EDGE('',*,*,#2557,.F.);
#1703=ORIENTED_EDGE('',*,*,#2558,.F.);
#1704=ORIENTED_EDGE('',*,*,#2559,.F.);
#1705=ORIENTED_EDGE('',*,*,#2560,.T.);
#1706=ORIENTED_EDGE('',*,*,#2556,.T.);
#1707=ORIENTED_EDGE('',*,*,#2553,.F.);
#1708=ORIENTED_EDGE('',*,*,#2550,.T.);
#1709=ORIENTED_EDGE('',*,*,#2547,.T.);
#1710=ORIENTED_EDGE('',*,*,#2544,.T.);
#1711=ORIENTED_EDGE('',*,*,#2536,.F.);
#1712=ORIENTED_EDGE('',*,*,#2561,.F.);
#1713=ORIENTED_EDGE('',*,*,#2562,.F.);
#1714=ORIENTED_EDGE('',*,*,#2563,.F.);
#1715=ORIENTED_EDGE('',*,*,#2564,.F.);
#1716=ORIENTED_EDGE('',*,*,#2565,.F.);
#1717=ORIENTED_EDGE('',*,*,#2566,.F.);
#1718=ORIENTED_EDGE('',*,*,#2541,.T.);
#1719=ORIENTED_EDGE('',*,*,#2567,.T.);
#1720=ORIENTED_EDGE('',*,*,#2568,.F.);
#1721=ORIENTED_EDGE('',*,*,#2561,.T.);
#1722=ORIENTED_EDGE('',*,*,#2535,.T.);
#1723=ORIENTED_EDGE('',*,*,#2569,.F.);
#1724=ORIENTED_EDGE('',*,*,#2570,.F.);
#1725=ORIENTED_EDGE('',*,*,#2571,.F.);
#1726=ORIENTED_EDGE('',*,*,#2539,.F.);
#1727=ORIENTED_EDGE('',*,*,#2571,.T.);
#1728=ORIENTED_EDGE('',*,*,#2572,.F.);
#1729=ORIENTED_EDGE('',*,*,#2567,.F.);
#1730=ORIENTED_EDGE('',*,*,#2540,.T.);
#1731=ORIENTED_EDGE('',*,*,#2573,.F.);
#1732=ORIENTED_EDGE('',*,*,#2569,.T.);
#1733=ORIENTED_EDGE('',*,*,#2538,.F.);
#1734=ORIENTED_EDGE('',*,*,#2546,.T.);
#1735=ORIENTED_EDGE('',*,*,#2549,.T.);
#1736=ORIENTED_EDGE('',*,*,#2552,.T.);
#1737=ORIENTED_EDGE('',*,*,#2555,.F.);
#1738=ORIENTED_EDGE('',*,*,#2558,.T.);
#1739=ORIENTED_EDGE('',*,*,#2574,.T.);
#1740=ORIENTED_EDGE('',*,*,#2575,.T.);
#1741=ORIENTED_EDGE('',*,*,#2574,.F.);
#1742=ORIENTED_EDGE('',*,*,#2557,.T.);
#1743=ORIENTED_EDGE('',*,*,#2560,.F.);
#1744=ORIENTED_EDGE('',*,*,#2568,.T.);
#1745=ORIENTED_EDGE('',*,*,#2572,.T.);
#1746=ORIENTED_EDGE('',*,*,#2570,.T.);
#1747=ORIENTED_EDGE('',*,*,#2573,.T.);
#1748=ORIENTED_EDGE('',*,*,#2575,.F.);
#1749=ORIENTED_EDGE('',*,*,#2559,.T.);
#1750=ORIENTED_EDGE('',*,*,#2576,.F.);
#1751=ORIENTED_EDGE('',*,*,#2577,.F.);
#1752=ORIENTED_EDGE('',*,*,#2578,.F.);
#1753=ORIENTED_EDGE('',*,*,#2579,.F.);
#1754=ORIENTED_EDGE('',*,*,#2580,.F.);
#1755=ORIENTED_EDGE('',*,*,#2581,.F.);
#1756=ORIENTED_EDGE('',*,*,#2543,.F.);
#1757=ORIENTED_EDGE('',*,*,#2534,.T.);
#1758=ORIENTED_EDGE('',*,*,#2581,.T.);
#1759=ORIENTED_EDGE('',*,*,#2582,.F.);
#1760=ORIENTED_EDGE('',*,*,#2562,.T.);
#1761=ORIENTED_EDGE('',*,*,#2542,.T.);
#1762=ORIENTED_EDGE('',*,*,#2566,.T.);
#1763=ORIENTED_EDGE('',*,*,#2583,.T.);
#1764=ORIENTED_EDGE('',*,*,#2577,.T.);
#1765=ORIENTED_EDGE('',*,*,#2580,.T.);
#1766=ORIENTED_EDGE('',*,*,#2584,.F.);
#1767=ORIENTED_EDGE('',*,*,#2563,.T.);
#1768=ORIENTED_EDGE('',*,*,#2582,.T.);
#1769=ORIENTED_EDGE('',*,*,#2578,.T.);
#1770=ORIENTED_EDGE('',*,*,#2583,.F.);
#1771=ORIENTED_EDGE('',*,*,#2565,.T.);
#1772=ORIENTED_EDGE('',*,*,#2585,.T.);
#1773=ORIENTED_EDGE('',*,*,#2579,.T.);
#1774=ORIENTED_EDGE('',*,*,#2585,.F.);
#1775=ORIENTED_EDGE('',*,*,#2564,.T.);
#1776=ORIENTED_EDGE('',*,*,#2584,.T.);
#1777=ORIENTED_EDGE('',*,*,#2586,.T.);
#1778=ORIENTED_EDGE('',*,*,#2576,.T.);
#1779=ORIENTED_EDGE('',*,*,#2586,.F.);
#1780=ORIENTED_EDGE('',*,*,#2587,.F.);
#1781=ORIENTED_EDGE('',*,*,#2588,.F.);
#1782=ORIENTED_EDGE('',*,*,#2589,.T.);
#1783=ORIENTED_EDGE('',*,*,#2590,.T.);
#1784=ORIENTED_EDGE('',*,*,#2591,.T.);
#1785=ORIENTED_EDGE('',*,*,#2592,.F.);
#1786=ORIENTED_EDGE('',*,*,#2593,.T.);
#1787=ORIENTED_EDGE('',*,*,#2594,.F.);
#1788=ORIENTED_EDGE('',*,*,#2595,.F.);
#1789=ORIENTED_EDGE('',*,*,#2596,.T.);
#1790=ORIENTED_EDGE('',*,*,#2597,.T.);
#1791=ORIENTED_EDGE('',*,*,#2598,.T.);
#1792=ORIENTED_EDGE('',*,*,#2599,.T.);
#1793=ORIENTED_EDGE('',*,*,#2600,.T.);
#1794=ORIENTED_EDGE('',*,*,#2601,.T.);
#1795=ORIENTED_EDGE('',*,*,#2602,.F.);
#1796=ORIENTED_EDGE('',*,*,#2603,.T.);
#1797=ORIENTED_EDGE('',*,*,#2604,.T.);
#1798=ORIENTED_EDGE('',*,*,#2605,.T.);
#1799=ORIENTED_EDGE('',*,*,#2606,.T.);
#1800=ORIENTED_EDGE('',*,*,#2607,.F.);
#1801=ORIENTED_EDGE('',*,*,#2608,.T.);
#1802=ORIENTED_EDGE('',*,*,#2609,.F.);
#1803=ORIENTED_EDGE('',*,*,#2610,.F.);
#1804=ORIENTED_EDGE('',*,*,#2611,.T.);
#1805=ORIENTED_EDGE('',*,*,#2612,.T.);
#1806=ORIENTED_EDGE('',*,*,#2613,.T.);
#1807=ORIENTED_EDGE('',*,*,#2608,.F.);
#1808=ORIENTED_EDGE('',*,*,#2614,.F.);
#1809=ORIENTED_EDGE('',*,*,#2615,.T.);
#1810=ORIENTED_EDGE('',*,*,#2616,.F.);
#1811=ORIENTED_EDGE('',*,*,#2612,.F.);
#1812=ORIENTED_EDGE('',*,*,#2617,.T.);
#1813=ORIENTED_EDGE('',*,*,#2618,.F.);
#1814=ORIENTED_EDGE('',*,*,#2615,.F.);
#1815=ORIENTED_EDGE('',*,*,#2619,.F.);
#1816=ORIENTED_EDGE('',*,*,#2617,.F.);
#1817=ORIENTED_EDGE('',*,*,#2620,.F.);
#1818=ORIENTED_EDGE('',*,*,#2592,.T.);
#1819=ORIENTED_EDGE('',*,*,#2621,.F.);
#1820=ORIENTED_EDGE('',*,*,#2622,.F.);
#1821=ORIENTED_EDGE('',*,*,#2606,.F.);
#1822=ORIENTED_EDGE('',*,*,#2623,.T.);
#1823=ORIENTED_EDGE('',*,*,#2588,.T.);
#1824=ORIENTED_EDGE('',*,*,#2624,.F.);
#1825=ORIENTED_EDGE('',*,*,#2625,.F.);
#1826=ORIENTED_EDGE('',*,*,#2626,.F.);
#1827=ORIENTED_EDGE('',*,*,#2627,.F.);
#1828=ORIENTED_EDGE('',*,*,#2628,.F.);
#1829=ORIENTED_EDGE('',*,*,#2629,.F.);
#1830=ORIENTED_EDGE('',*,*,#2630,.F.);
#1831=ORIENTED_EDGE('',*,*,#2631,.F.);
#1832=ORIENTED_EDGE('',*,*,#2632,.F.);
#1833=ORIENTED_EDGE('',*,*,#2633,.F.);
#1834=ORIENTED_EDGE('',*,*,#2594,.T.);
#1835=ORIENTED_EDGE('',*,*,#2634,.T.);
#1836=ORIENTED_EDGE('',*,*,#2600,.F.);
#1837=ORIENTED_EDGE('',*,*,#2635,.T.);
#1838=ORIENTED_EDGE('',*,*,#2601,.F.);
#1839=ORIENTED_EDGE('',*,*,#2634,.F.);
#1840=ORIENTED_EDGE('',*,*,#2593,.F.);
#1841=ORIENTED_EDGE('',*,*,#2620,.T.);
#1842=ORIENTED_EDGE('',*,*,#2619,.T.);
#1843=ORIENTED_EDGE('',*,*,#2614,.T.);
#1844=ORIENTED_EDGE('',*,*,#2611,.F.);
#1845=ORIENTED_EDGE('',*,*,#2607,.T.);
#1846=ORIENTED_EDGE('',*,*,#2623,.F.);
#1847=ORIENTED_EDGE('',*,*,#2605,.F.);
#1848=ORIENTED_EDGE('',*,*,#2636,.T.);
#1849=ORIENTED_EDGE('',*,*,#2589,.F.);
#1850=ORIENTED_EDGE('',*,*,#2636,.F.);
#1851=ORIENTED_EDGE('',*,*,#2604,.F.);
#1852=ORIENTED_EDGE('',*,*,#2637,.F.);
#1853=ORIENTED_EDGE('',*,*,#2590,.F.);
#1854=ORIENTED_EDGE('',*,*,#2637,.T.);
#1855=ORIENTED_EDGE('',*,*,#2603,.F.);
#1856=ORIENTED_EDGE('',*,*,#2638,.T.);
#1857=ORIENTED_EDGE('',*,*,#2609,.T.);
#1858=ORIENTED_EDGE('',*,*,#2613,.F.);
#1859=ORIENTED_EDGE('',*,*,#2616,.T.);
#1860=ORIENTED_EDGE('',*,*,#2618,.T.);
#1861=ORIENTED_EDGE('',*,*,#2621,.T.);
#1862=ORIENTED_EDGE('',*,*,#2591,.F.);
#1863=ORIENTED_EDGE('',*,*,#2602,.T.);
#1864=ORIENTED_EDGE('',*,*,#2635,.F.);
#1865=ORIENTED_EDGE('',*,*,#2610,.T.);
#1866=ORIENTED_EDGE('',*,*,#2638,.F.);
#1867=ORIENTED_EDGE('',*,*,#2597,.F.);
#1868=ORIENTED_EDGE('',*,*,#2622,.T.);
#1869=ORIENTED_EDGE('',*,*,#2599,.F.);
#1870=ORIENTED_EDGE('',*,*,#2639,.T.);
#1871=ORIENTED_EDGE('',*,*,#2639,.F.);
#1872=ORIENTED_EDGE('',*,*,#2598,.F.);
#1873=ORIENTED_EDGE('',*,*,#2640,.F.);
#1874=ORIENTED_EDGE('',*,*,#2641,.F.);
#1875=ORIENTED_EDGE('',*,*,#2642,.F.);
#1876=ORIENTED_EDGE('',*,*,#2643,.F.);
#1877=ORIENTED_EDGE('',*,*,#2644,.F.);
#1878=ORIENTED_EDGE('',*,*,#2645,.F.);
#1879=ORIENTED_EDGE('',*,*,#2646,.F.);
#1880=ORIENTED_EDGE('',*,*,#2647,.F.);
#1881=ORIENTED_EDGE('',*,*,#2648,.F.);
#1882=ORIENTED_EDGE('',*,*,#2649,.F.);
#1883=ORIENTED_EDGE('',*,*,#2596,.F.);
#1884=ORIENTED_EDGE('',*,*,#2587,.T.);
#1885=ORIENTED_EDGE('',*,*,#2649,.T.);
#1886=ORIENTED_EDGE('',*,*,#2650,.F.);
#1887=ORIENTED_EDGE('',*,*,#2624,.T.);
#1888=ORIENTED_EDGE('',*,*,#2595,.T.);
#1889=ORIENTED_EDGE('',*,*,#2633,.T.);
#1890=ORIENTED_EDGE('',*,*,#2651,.T.);
#1891=ORIENTED_EDGE('',*,*,#2640,.T.);
#1892=ORIENTED_EDGE('',*,*,#2648,.T.);
#1893=ORIENTED_EDGE('',*,*,#2652,.F.);
#1894=ORIENTED_EDGE('',*,*,#2625,.T.);
#1895=ORIENTED_EDGE('',*,*,#2650,.T.);
#1896=ORIENTED_EDGE('',*,*,#2641,.T.);
#1897=ORIENTED_EDGE('',*,*,#2651,.F.);
#1898=ORIENTED_EDGE('',*,*,#2632,.T.);
#1899=ORIENTED_EDGE('',*,*,#2653,.T.);
#1900=ORIENTED_EDGE('',*,*,#2642,.T.);
#1901=ORIENTED_EDGE('',*,*,#2653,.F.);
#1902=ORIENTED_EDGE('',*,*,#2631,.T.);
#1903=ORIENTED_EDGE('',*,*,#2654,.T.);
#1904=ORIENTED_EDGE('',*,*,#2643,.T.);
#1905=ORIENTED_EDGE('',*,*,#2654,.F.);
#1906=ORIENTED_EDGE('',*,*,#2630,.T.);
#1907=ORIENTED_EDGE('',*,*,#2655,.T.);
#1908=ORIENTED_EDGE('',*,*,#2644,.T.);
#1909=ORIENTED_EDGE('',*,*,#2655,.F.);
#1910=ORIENTED_EDGE('',*,*,#2629,.T.);
#1911=ORIENTED_EDGE('',*,*,#2656,.T.);
#1912=ORIENTED_EDGE('',*,*,#2645,.T.);
#1913=ORIENTED_EDGE('',*,*,#2656,.F.);
#1914=ORIENTED_EDGE('',*,*,#2628,.T.);
#1915=ORIENTED_EDGE('',*,*,#2657,.T.);
#1916=ORIENTED_EDGE('',*,*,#2646,.T.);
#1917=ORIENTED_EDGE('',*,*,#2657,.F.);
#1918=ORIENTED_EDGE('',*,*,#2627,.T.);
#1919=ORIENTED_EDGE('',*,*,#2658,.T.);
#1920=ORIENTED_EDGE('',*,*,#2647,.T.);
#1921=ORIENTED_EDGE('',*,*,#2658,.F.);
#1922=ORIENTED_EDGE('',*,*,#2626,.T.);
#1923=ORIENTED_EDGE('',*,*,#2652,.T.);
#1924=VERTEX_POINT('',#4170);
#1925=VERTEX_POINT('',#4171);
#1926=VERTEX_POINT('',#4173);
#1927=VERTEX_POINT('',#4175);
#1928=VERTEX_POINT('',#4177);
#1929=VERTEX_POINT('',#4179);
#1930=VERTEX_POINT('',#4181);
#1931=VERTEX_POINT('',#4183);
#1932=VERTEX_POINT('',#4185);
#1933=VERTEX_POINT('',#4187);
#1934=VERTEX_POINT('',#4191);
#1935=VERTEX_POINT('',#4192);
#1936=VERTEX_POINT('',#4194);
#1937=VERTEX_POINT('',#4196);
#1938=VERTEX_POINT('',#4200);
#1939=VERTEX_POINT('',#4201);
#1940=VERTEX_POINT('',#4203);
#1941=VERTEX_POINT('',#4205);
#1942=VERTEX_POINT('',#4209);
#1943=VERTEX_POINT('',#4211);
#1944=VERTEX_POINT('',#4215);
#1945=VERTEX_POINT('',#4217);
#1946=VERTEX_POINT('',#4221);
#1947=VERTEX_POINT('',#4222);
#1948=VERTEX_POINT('',#4225);
#1949=VERTEX_POINT('',#4227);
#1950=VERTEX_POINT('',#4230);
#1951=VERTEX_POINT('',#4232);
#1952=VERTEX_POINT('',#4248);
#1953=VERTEX_POINT('',#4253);
#1954=VERTEX_POINT('',#4270);
#1955=VERTEX_POINT('',#4275);
#1956=VERTEX_POINT('',#4292);
#1957=VERTEX_POINT('',#4297);
#1958=VERTEX_POINT('',#4314);
#1959=VERTEX_POINT('',#4333);
#1960=VERTEX_POINT('',#4334);
#1961=VERTEX_POINT('',#4336);
#1962=VERTEX_POINT('',#4338);
#1963=VERTEX_POINT('',#4342);
#1964=VERTEX_POINT('',#4344);
#1965=VERTEX_POINT('',#4347);
#1966=VERTEX_POINT('',#4356);
#1967=VERTEX_POINT('',#4359);
#1968=VERTEX_POINT('',#4361);
#1969=VERTEX_POINT('',#4390);
#1970=VERTEX_POINT('',#4410);
#1971=VERTEX_POINT('',#4414);
#1972=VERTEX_POINT('',#4459);
#1973=VERTEX_POINT('',#4481);
#1974=VERTEX_POINT('',#4500);
#1975=VERTEX_POINT('',#4522);
#1976=VERTEX_POINT('',#4559);
#1977=VERTEX_POINT('',#4560);
#1978=VERTEX_POINT('',#4562);
#1979=VERTEX_POINT('',#4564);
#1980=VERTEX_POINT('',#4568);
#1981=VERTEX_POINT('',#4569);
#1982=VERTEX_POINT('',#4571);
#1983=VERTEX_POINT('',#4573);
#1984=VERTEX_POINT('',#4577);
#1985=VERTEX_POINT('',#4579);
#1986=VERTEX_POINT('',#4587);
#1987=VERTEX_POINT('',#4589);
#1988=VERTEX_POINT('',#4597);
#1989=VERTEX_POINT('',#4598);
#1990=VERTEX_POINT('',#4600);
#1991=VERTEX_POINT('',#4602);
#1992=VERTEX_POINT('',#4606);
#1993=VERTEX_POINT('',#4607);
#1994=VERTEX_POINT('',#4609);
#1995=VERTEX_POINT('',#4611);
#1996=VERTEX_POINT('',#4615);
#1997=VERTEX_POINT('',#4617);
#1998=VERTEX_POINT('',#4621);
#1999=VERTEX_POINT('',#4623);
#2000=VERTEX_POINT('',#4635);
#2001=VERTEX_POINT('',#4636);
#2002=VERTEX_POINT('',#4638);
#2003=VERTEX_POINT('',#4640);
#2004=VERTEX_POINT('',#4642);
#2005=VERTEX_POINT('',#4644);
#2006=VERTEX_POINT('',#4646);
#2007=VERTEX_POINT('',#4648);
#2008=VERTEX_POINT('',#4650);
#2009=VERTEX_POINT('',#4654);
#2010=VERTEX_POINT('',#4655);
#2011=VERTEX_POINT('',#4658);
#2012=VERTEX_POINT('',#4660);
#2013=VERTEX_POINT('',#4667);
#2014=VERTEX_POINT('',#4668);
#2015=VERTEX_POINT('',#4670);
#2016=VERTEX_POINT('',#4673);
#2017=VERTEX_POINT('',#4694);
#2018=VERTEX_POINT('',#4699);
#2019=VERTEX_POINT('',#4720);
#2020=VERTEX_POINT('',#4727);
#2021=VERTEX_POINT('',#4729);
#2022=VERTEX_POINT('',#4735);
#2023=VERTEX_POINT('',#4737);
#2024=VERTEX_POINT('',#4739);
#2025=VERTEX_POINT('',#4741);
#2026=VERTEX_POINT('',#4743);
#2027=VERTEX_POINT('',#4745);
#2028=VERTEX_POINT('',#4761);
#2029=VERTEX_POINT('',#4763);
#2030=VERTEX_POINT('',#4765);
#2031=VERTEX_POINT('',#4770);
#2032=VERTEX_POINT('',#4779);
#2033=VERTEX_POINT('',#4786);
#2034=VERTEX_POINT('',#4809);
#2035=VERTEX_POINT('',#4835);
#2036=VERTEX_POINT('',#4880);
#2037=VERTEX_POINT('',#4881);
#2038=VERTEX_POINT('',#4883);
#2039=VERTEX_POINT('',#4886);
#2040=VERTEX_POINT('',#4888);
#2041=VERTEX_POINT('',#4890);
#2042=VERTEX_POINT('',#4892);
#2043=VERTEX_POINT('',#4894);
#2044=VERTEX_POINT('',#4896);
#2045=VERTEX_POINT('',#4898);
#2046=VERTEX_POINT('',#4902);
#2047=VERTEX_POINT('',#4903);
#2048=VERTEX_POINT('',#4905);
#2049=VERTEX_POINT('',#4907);
#2050=VERTEX_POINT('',#4911);
#2051=VERTEX_POINT('',#4912);
#2052=VERTEX_POINT('',#4917);
#2053=VERTEX_POINT('',#4919);
#2054=VERTEX_POINT('',#4923);
#2055=VERTEX_POINT('',#4925);
#2056=VERTEX_POINT('',#4929);
#2057=VERTEX_POINT('',#4931);
#2058=VERTEX_POINT('',#4933);
#2059=VERTEX_POINT('',#4936);
#2060=VERTEX_POINT('',#4938);
#2061=VERTEX_POINT('',#4940);
#2062=VERTEX_POINT('',#4942);
#2063=VERTEX_POINT('',#4946);
#2064=VERTEX_POINT('',#4948);
#2065=VERTEX_POINT('',#4950);
#2066=VERTEX_POINT('',#4952);
#2067=VERTEX_POINT('',#4955);
#2068=VERTEX_POINT('',#4957);
#2069=VERTEX_POINT('',#4959);
#2070=VERTEX_POINT('',#4967);
#2071=VERTEX_POINT('',#4969);
#2072=VERTEX_POINT('',#4972);
#2073=VERTEX_POINT('',#4974);
#2074=VERTEX_POINT('',#4981);
#2075=VERTEX_POINT('',#4984);
#2076=VERTEX_POINT('',#4987);
#2077=VERTEX_POINT('',#4990);
#2078=VERTEX_POINT('',#4993);
#2079=VERTEX_POINT('',#4996);
#2080=VERTEX_POINT('',#4999);
#2081=VERTEX_POINT('',#5002);
#2082=VERTEX_POINT('',#5005);
#2083=VERTEX_POINT('',#5023);
#2084=VERTEX_POINT('',#5024);
#2085=VERTEX_POINT('',#5026);
#2086=VERTEX_POINT('',#5029);
#2087=VERTEX_POINT('',#5034);
#2088=VERTEX_POINT('',#5037);
#2089=VERTEX_POINT('',#5042);
#2090=VERTEX_POINT('',#5047);
#2091=VERTEX_POINT('',#5052);
#2092=VERTEX_POINT('',#5057);
#2093=VERTEX_POINT('',#5062);
#2094=VERTEX_POINT('',#5067);
#2095=VERTEX_POINT('',#5072);
#2096=VERTEX_POINT('',#5077);
#2097=VERTEX_POINT('',#5082);
#2098=VERTEX_POINT('',#5096);
#2099=VERTEX_POINT('',#5097);
#2100=VERTEX_POINT('',#5099);
#2101=VERTEX_POINT('',#5101);
#2102=VERTEX_POINT('',#5103);
#2103=VERTEX_POINT('',#5105);
#2104=VERTEX_POINT('',#5107);
#2105=VERTEX_POINT('',#5109);
#2106=VERTEX_POINT('',#5111);
#2107=VERTEX_POINT('',#5115);
#2108=VERTEX_POINT('',#5117);
#2109=VERTEX_POINT('',#5121);
#2110=VERTEX_POINT('',#5125);
#2111=VERTEX_POINT('',#5129);
#2112=VERTEX_POINT('',#5136);
#2113=VERTEX_POINT('',#5137);
#2114=VERTEX_POINT('',#5140);
#2115=VERTEX_POINT('',#5142);
#2116=VERTEX_POINT('',#5144);
#2117=VERTEX_POINT('',#5149);
#2118=VERTEX_POINT('',#5156);
#2119=VERTEX_POINT('',#5161);
#2120=VERTEX_POINT('',#5168);
#2121=VERTEX_POINT('',#5175);
#2122=VERTEX_POINT('',#5176);
#2123=VERTEX_POINT('',#5181);
#2124=VERTEX_POINT('',#5182);
#2125=VERTEX_POINT('',#5187);
#2126=VERTEX_POINT('',#5192);
#2127=VERTEX_POINT('',#5199);
#2128=VERTEX_POINT('',#5201);
#2129=VERTEX_POINT('',#5203);
#2130=VERTEX_POINT('',#5208);
#2131=VERTEX_POINT('',#5217);
#2132=VERTEX_POINT('',#5224);
#2133=VERTEX_POINT('',#5233);
#2134=VERTEX_POINT('',#5245);
#2135=VERTEX_POINT('',#5254);
#2136=VERTEX_POINT('',#5269);
#2137=VERTEX_POINT('',#5270);
#2138=VERTEX_POINT('',#5272);
#2139=VERTEX_POINT('',#5274);
#2140=VERTEX_POINT('',#5276);
#2141=VERTEX_POINT('',#5278);
#2142=VERTEX_POINT('',#5280);
#2143=VERTEX_POINT('',#5282);
#2144=VERTEX_POINT('',#5284);
#2145=VERTEX_POINT('',#5286);
#2146=VERTEX_POINT('',#5290);
#2147=VERTEX_POINT('',#5292);
#2148=VERTEX_POINT('',#5296);
#2149=VERTEX_POINT('',#5298);
#2150=VERTEX_POINT('',#5302);
#2151=VERTEX_POINT('',#5304);
#2152=VERTEX_POINT('',#5308);
#2153=VERTEX_POINT('',#5310);
#2154=VERTEX_POINT('',#5314);
#2155=VERTEX_POINT('',#5316);
#2156=VERTEX_POINT('',#5320);
#2157=VERTEX_POINT('',#5321);
#2158=VERTEX_POINT('',#5353);
#2159=VERTEX_POINT('',#5358);
#2160=VERTEX_POINT('',#5363);
#2161=VERTEX_POINT('',#5374);
#2162=VERTEX_POINT('',#5404);
#2163=VERTEX_POINT('',#5408);
#2164=VERTEX_POINT('',#5410);
#2165=VERTEX_POINT('',#5416);
#2166=VERTEX_POINT('',#5442);
#2167=VERTEX_POINT('',#5471);
#2168=VERTEX_POINT('',#5482);
#2169=VERTEX_POINT('',#5487);
#2170=VERTEX_POINT('',#5492);
#2171=VERTEX_POINT('',#5617);
#2172=VERTEX_POINT('',#5640);
#2173=VERTEX_POINT('',#5641);
#2174=VERTEX_POINT('',#5643);
#2175=VERTEX_POINT('',#5645);
#2176=VERTEX_POINT('',#5647);
#2177=VERTEX_POINT('',#5649);
#2178=VERTEX_POINT('',#5651);
#2179=VERTEX_POINT('',#5653);
#2180=VERTEX_POINT('',#5655);
#2181=VERTEX_POINT('',#5657);
#2182=VERTEX_POINT('',#5661);
#2183=VERTEX_POINT('',#5662);
#2184=VERTEX_POINT('',#5664);
#2185=VERTEX_POINT('',#5666);
#2186=VERTEX_POINT('',#5668);
#2187=VERTEX_POINT('',#5670);
#2188=VERTEX_POINT('',#5672);
#2189=VERTEX_POINT('',#5674);
#2190=VERTEX_POINT('',#5676);
#2191=VERTEX_POINT('',#5678);
#2192=VERTEX_POINT('',#5682);
#2193=VERTEX_POINT('',#5683);
#2194=VERTEX_POINT('',#5685);
#2195=VERTEX_POINT('',#5687);
#2196=VERTEX_POINT('',#5691);
#2197=VERTEX_POINT('',#5693);
#2198=VERTEX_POINT('',#5697);
#2199=VERTEX_POINT('',#5699);
#2200=VERTEX_POINT('',#5703);
#2201=VERTEX_POINT('',#5704);
#2202=VERTEX_POINT('',#5742);
#2203=VERTEX_POINT('',#5747);
#2204=VERTEX_POINT('',#5766);
#2205=VERTEX_POINT('',#5771);
#2206=VERTEX_POINT('',#5776);
#2207=VERTEX_POINT('',#5781);
#2208=VERTEX_POINT('',#5786);
#2209=VERTEX_POINT('',#5791);
#2210=VERTEX_POINT('',#5796);
#2211=VERTEX_POINT('',#5869);
#2212=VERTEX_POINT('',#5874);
#2213=VERTEX_POINT('',#5879);
#2214=VERTEX_POINT('',#5884);
#2215=VERTEX_POINT('',#5889);
#2216=VERTEX_POINT('',#5894);
#2217=VERTEX_POINT('',#5899);
#2218=VERTEX_POINT('',#5918);
#2219=VERTEX_POINT('',#5923);
#2220=EDGE_CURVE('',#1924,#1925,#2659,.T.);
#2221=EDGE_CURVE('',#1925,#1926,#2660,.T.);
#2222=EDGE_CURVE('',#1926,#1927,#2661,.T.);
#2223=EDGE_CURVE('',#1927,#1928,#2662,.T.);
#2224=EDGE_CURVE('',#1928,#1929,#2663,.T.);
#2225=EDGE_CURVE('',#1929,#1930,#2664,.T.);
#2226=EDGE_CURVE('',#1931,#1930,#918,.T.);
#2227=EDGE_CURVE('',#1931,#1932,#2665,.T.);
#2228=EDGE_CURVE('',#1932,#1933,#2666,.T.);
#2229=EDGE_CURVE('',#1933,#1924,#2667,.T.);
#2230=EDGE_CURVE('',#1934,#1935,#2668,.T.);
#2231=EDGE_CURVE('',#1934,#1936,#919,.T.);
#2232=EDGE_CURVE('',#1937,#1936,#2669,.T.);
#2233=EDGE_CURVE('',#1935,#1937,#920,.T.);
#2234=EDGE_CURVE('',#1938,#1939,#921,.T.);
#2235=EDGE_CURVE('',#1940,#1938,#922,.T.);
#2236=EDGE_CURVE('',#1941,#1940,#923,.T.);
#2237=EDGE_CURVE('',#1941,#1939,#924,.T.);
#2238=EDGE_CURVE('',#1942,#1939,#2670,.T.);
#2239=EDGE_CURVE('',#1941,#1943,#2671,.T.);
#2240=EDGE_CURVE('',#1943,#1942,#925,.T.);
#2241=EDGE_CURVE('',#1944,#1943,#926,.T.);
#2242=EDGE_CURVE('',#1944,#1945,#927,.T.);
#2243=EDGE_CURVE('',#1942,#1945,#928,.T.);
#2244=EDGE_CURVE('',#1946,#1947,#2672,.T.);
#2245=EDGE_CURVE('',#1940,#1947,#2673,.T.);
#2246=EDGE_CURVE('',#1948,#1938,#2674,.T.);
#2247=EDGE_CURVE('',#1948,#1949,#2675,.T.);
#2248=EDGE_CURVE('',#1949,#1946,#2676,.T.);
#2249=EDGE_CURVE('',#1950,#1950,#929,.T.);
#2250=EDGE_CURVE('',#1951,#1951,#930,.T.);
#2251=EDGE_CURVE('',#1952,#1926,#145,.T.);
#2252=EDGE_CURVE('',#1953,#1952,#146,.T.);
#2253=EDGE_CURVE('',#1954,#1953,#147,.T.);
#2254=EDGE_CURVE('',#1955,#1954,#148,.T.);
#2255=EDGE_CURVE('',#1956,#1955,#149,.T.);
#2256=EDGE_CURVE('',#1957,#1956,#150,.T.);
#2257=EDGE_CURVE('',#1958,#1957,#151,.T.);
#2258=EDGE_CURVE('',#1933,#1958,#152,.T.);
#2259=EDGE_CURVE('',#1932,#1947,#2677,.T.);
#2260=EDGE_CURVE('',#1946,#1927,#2678,.T.);
#2261=EDGE_CURVE('',#1959,#1960,#2679,.T.);
#2262=EDGE_CURVE('',#1960,#1961,#931,.T.);
#2263=EDGE_CURVE('',#1961,#1962,#2680,.T.);
#2264=EDGE_CURVE('',#1959,#1962,#932,.T.);
#2265=EDGE_CURVE('',#1935,#1963,#933,.T.);
#2266=EDGE_CURVE('',#1964,#1963,#2681,.T.);
#2267=EDGE_CURVE('',#1960,#1964,#934,.T.);
#2268=EDGE_CURVE('',#1959,#1965,#935,.T.);
#2269=EDGE_CURVE('',#1965,#1944,#2682,.T.);
#2270=EDGE_CURVE('',#1931,#1934,#936,.T.);
#2271=EDGE_CURVE('',#1949,#1928,#2683,.T.);
#2272=EDGE_CURVE('',#1929,#1948,#2684,.T.);
#2273=EDGE_CURVE('',#1945,#1966,#2685,.T.);
#2274=EDGE_CURVE('',#1966,#1962,#937,.T.);
#2275=EDGE_CURVE('',#1967,#1961,#938,.T.);
#2276=EDGE_CURVE('',#1968,#1967,#2686,.T.);
#2277=EDGE_CURVE('',#1968,#1937,#939,.T.);
#2278=EDGE_CURVE('',#1936,#1930,#940,.T.);
#2279=EDGE_CURVE('',#1963,#1968,#941,.T.);
#2280=EDGE_CURVE('',#1964,#1967,#942,.T.);
#2281=EDGE_CURVE('',#1965,#1966,#943,.T.);
#2282=EDGE_CURVE('',#1925,#1969,#153,.T.);
#2283=EDGE_CURVE('',#1952,#1969,#2687,.T.);
#2284=EDGE_CURVE('',#1969,#1970,#155,.T.);
#2285=EDGE_CURVE('',#1953,#1970,#2688,.T.);
#2286=EDGE_CURVE('',#1958,#1971,#2689,.T.);
#2287=EDGE_CURVE('',#1971,#1924,#156,.T.);
#2288=EDGE_CURVE('',#1972,#1971,#158,.T.);
#2289=EDGE_CURVE('',#1957,#1972,#2690,.T.);
#2290=EDGE_CURVE('',#1973,#1972,#160,.T.);
#2291=EDGE_CURVE('',#1956,#1973,#2691,.T.);
#2292=EDGE_CURVE('',#1974,#1973,#161,.T.);
#2293=EDGE_CURVE('',#1955,#1974,#2692,.T.);
#2294=EDGE_CURVE('',#1975,#1974,#163,.T.);
#2295=EDGE_CURVE('',#1954,#1975,#2693,.T.);
#2296=EDGE_CURVE('',#1970,#1975,#164,.T.);
#2297=EDGE_CURVE('',#1976,#1977,#2694,.T.);
#2298=EDGE_CURVE('',#1976,#1978,#944,.T.);
#2299=EDGE_CURVE('',#1979,#1978,#2695,.T.);
#2300=EDGE_CURVE('',#1977,#1979,#945,.T.);
#2301=EDGE_CURVE('',#1980,#1981,#946,.T.);
#2302=EDGE_CURVE('',#1981,#1982,#2696,.T.);
#2303=EDGE_CURVE('',#1983,#1982,#947,.T.);
#2304=EDGE_CURVE('',#1983,#1980,#2697,.T.);
#2305=EDGE_CURVE('',#1980,#1984,#948,.T.);
#2306=EDGE_CURVE('',#1984,#1985,#949,.T.);
#2307=EDGE_CURVE('',#1985,#1981,#950,.T.);
#2308=EDGE_CURVE('',#1977,#1982,#951,.T.);
#2309=EDGE_CURVE('',#1983,#1979,#952,.T.);
#2310=EDGE_CURVE('',#1976,#1978,#2698,.T.);
#2311=EDGE_CURVE('',#1985,#1986,#2699,.T.);
#2312=EDGE_CURVE('',#1987,#1986,#2700,.T.);
#2313=EDGE_CURVE('',#1987,#1984,#2701,.T.);
#2314=EDGE_CURVE('',#1986,#1987,#953,.T.);
#2315=EDGE_CURVE('',#1988,#1989,#954,.T.);
#2316=EDGE_CURVE('',#1989,#1990,#955,.T.);
#2317=EDGE_CURVE('',#1990,#1991,#956,.T.);
#2318=EDGE_CURVE('',#1988,#1991,#957,.T.);
#2319=EDGE_CURVE('',#1992,#1993,#958,.T.);
#2320=EDGE_CURVE('',#1992,#1994,#959,.T.);
#2321=EDGE_CURVE('',#1995,#1994,#960,.T.);
#2322=EDGE_CURVE('',#1995,#1993,#961,.T.);
#2323=EDGE_CURVE('',#1994,#1996,#2702,.T.);
#2324=EDGE_CURVE('',#1997,#1996,#2703,.T.);
#2325=EDGE_CURVE('',#1997,#1992,#2704,.T.);
#2326=EDGE_CURVE('',#1991,#1993,#2705,.T.);
#2327=EDGE_CURVE('',#1990,#1998,#2706,.T.);
#2328=EDGE_CURVE('',#1999,#1998,#2707,.T.);
#2329=EDGE_CURVE('',#1999,#1989,#2708,.T.);
#2330=EDGE_CURVE('',#1995,#1988,#2709,.T.);
#2331=EDGE_CURVE('',#1997,#1996,#962,.T.);
#2332=EDGE_CURVE('',#1998,#1999,#963,.T.);
#2333=EDGE_CURVE('',#2000,#2001,#2710,.T.);
#2334=EDGE_CURVE('',#2002,#2001,#2711,.T.);
#2335=EDGE_CURVE('',#2003,#2002,#2712,.T.);
#2336=EDGE_CURVE('',#2003,#2004,#2713,.T.);
#2337=EDGE_CURVE('',#2005,#2004,#964,.T.);
#2338=EDGE_CURVE('',#2006,#2005,#2714,.T.);
#2339=EDGE_CURVE('',#2007,#2006,#965,.T.);
#2340=EDGE_CURVE('',#2007,#2008,#2715,.T.);
#2341=EDGE_CURVE('',#2008,#2000,#966,.T.);
#2342=EDGE_CURVE('',#2009,#2010,#2716,.T.);
#2343=EDGE_CURVE('',#2010,#2003,#967,.T.);
#2344=EDGE_CURVE('',#2011,#2002,#2717,.T.);
#2345=EDGE_CURVE('',#2011,#2012,#2718,.T.);
#2346=EDGE_CURVE('',#2012,#2009,#2719,.T.);
#2347=EDGE_CURVE('',#2013,#2014,#166,.T.);
#2348=EDGE_CURVE('',#2015,#2013,#2720,.T.);
#2349=EDGE_CURVE('',#2015,#2011,#2721,.T.);
#2350=EDGE_CURVE('',#2016,#2001,#2722,.T.);
#2351=EDGE_CURVE('',#2017,#2016,#167,.T.);
#2352=EDGE_CURVE('',#2018,#2017,#168,.T.);
#2353=EDGE_CURVE('',#2019,#2018,#169,.T.);
#2354=EDGE_CURVE('',#2014,#2019,#170,.T.);
#2355=EDGE_CURVE('',#2020,#2012,#2723,.T.);
#2356=EDGE_CURVE('',#2021,#2020,#2724,.T.);
#2357=EDGE_CURVE('',#2009,#2021,#2725,.T.);
#2358=EDGE_CURVE('',#2020,#2015,#2726,.T.);
#2359=EDGE_CURVE('',#2021,#2022,#2727,.T.);
#2360=EDGE_CURVE('',#2022,#2023,#968,.T.);
#2361=EDGE_CURVE('',#2023,#2024,#2728,.T.);
#2362=EDGE_CURVE('',#2025,#2024,#969,.T.);
#2363=EDGE_CURVE('',#2026,#2025,#2729,.T.);
#2364=EDGE_CURVE('',#2027,#2026,#970,.T.);
#2365=EDGE_CURVE('',#2027,#2010,#2730,.T.);
#2366=EDGE_CURVE('',#2004,#2027,#971,.T.);
#2367=EDGE_CURVE('',#2026,#2005,#972,.T.);
#2368=EDGE_CURVE('',#2025,#2006,#973,.T.);
#2369=EDGE_CURVE('',#2024,#2007,#974,.T.);
#2370=EDGE_CURVE('',#2023,#2008,#975,.T.);
#2371=EDGE_CURVE('',#2000,#2022,#976,.T.);
#2372=EDGE_CURVE('',#2028,#2028,#977,.T.);
#2373=EDGE_CURVE('',#2029,#2029,#978,.T.);
#2374=EDGE_CURVE('',#2030,#2013,#2731,.T.);
#2375=EDGE_CURVE('',#2031,#2030,#171,.T.);
#2376=EDGE_CURVE('',#2016,#2031,#2732,.T.);
#2377=EDGE_CURVE('',#2032,#2030,#172,.T.);
#2378=EDGE_CURVE('',#2014,#2032,#2733,.T.);
#2379=EDGE_CURVE('',#2033,#2032,#173,.T.);
#2380=EDGE_CURVE('',#2019,#2033,#2734,.T.);
#2381=EDGE_CURVE('',#2034,#2033,#174,.T.);
#2382=EDGE_CURVE('',#2018,#2034,#2735,.T.);
#2383=EDGE_CURVE('',#2035,#2034,#176,.T.);
#2384=EDGE_CURVE('',#2017,#2035,#2736,.T.);
#2385=EDGE_CURVE('',#2031,#2035,#177,.T.);
#2386=EDGE_CURVE('',#2036,#2037,#2737,.T.);
#2387=EDGE_CURVE('',#2038,#2037,#2738,.T.);
#2388=EDGE_CURVE('',#2039,#2038,#179,.T.);
#2389=EDGE_CURVE('',#2040,#2039,#2739,.T.);
#2390=EDGE_CURVE('',#2040,#2041,#2740,.T.);
#2391=EDGE_CURVE('',#2041,#2042,#2741,.T.);
#2392=EDGE_CURVE('',#2043,#2042,#979,.T.);
#2393=EDGE_CURVE('',#2043,#2044,#2742,.T.);
#2394=EDGE_CURVE('',#2044,#2045,#2743,.T.);
#2395=EDGE_CURVE('',#2045,#2036,#2744,.T.);
#2396=EDGE_CURVE('',#2046,#2047,#980,.T.);
#2397=EDGE_CURVE('',#2048,#2047,#2745,.T.);
#2398=EDGE_CURVE('',#2049,#2048,#981,.T.);
#2399=EDGE_CURVE('',#2046,#2049,#2746,.T.);
#2400=EDGE_CURVE('',#2050,#2051,#982,.T.);
#2401=EDGE_CURVE('',#2047,#2051,#983,.T.);
#2402=EDGE_CURVE('',#2050,#2046,#984,.T.);
#2403=EDGE_CURVE('',#2052,#2048,#985,.T.);
#2404=EDGE_CURVE('',#2053,#2052,#986,.T.);
#2405=EDGE_CURVE('',#2049,#2053,#987,.T.);
#2406=EDGE_CURVE('',#2050,#2054,#2747,.T.);
#2407=EDGE_CURVE('',#2054,#2055,#988,.T.);
#2408=EDGE_CURVE('',#2055,#2051,#2748,.T.);
#2409=EDGE_CURVE('',#2056,#2053,#2749,.T.);
#2410=EDGE_CURVE('',#2056,#2057,#989,.T.);
#2411=EDGE_CURVE('',#2057,#2058,#2750,.T.);
#2412=EDGE_CURVE('',#2058,#2044,#2751,.T.);
#2413=EDGE_CURVE('',#2043,#2059,#990,.T.);
#2414=EDGE_CURVE('',#2059,#2060,#2752,.T.);
#2415=EDGE_CURVE('',#2060,#2061,#991,.T.);
#2416=EDGE_CURVE('',#2062,#2061,#2753,.T.);
#2417=EDGE_CURVE('',#2054,#2062,#992,.T.);
#2418=EDGE_CURVE('',#2063,#2055,#993,.T.);
#2419=EDGE_CURVE('',#2064,#2063,#2754,.T.);
#2420=EDGE_CURVE('',#2064,#2065,#994,.T.);
#2421=EDGE_CURVE('',#2065,#2066,#2755,.T.);
#2422=EDGE_CURVE('',#2066,#2042,#995,.T.);
#2423=EDGE_CURVE('',#2067,#2041,#2756,.T.);
#2424=EDGE_CURVE('',#2067,#2068,#2757,.T.);
#2425=EDGE_CURVE('',#2068,#2069,#996,.T.);
#2426=EDGE_CURVE('',#2052,#2069,#2758,.T.);
#2427=EDGE_CURVE('',#2056,#2069,#997,.T.);
#2428=EDGE_CURVE('',#2057,#2068,#998,.T.);
#2429=EDGE_CURVE('',#2067,#2070,#2759,.T.);
#2430=EDGE_CURVE('',#2070,#2071,#2760,.T.);
#2431=EDGE_CURVE('',#2071,#2058,#2761,.T.);
#2432=EDGE_CURVE('',#2072,#2072,#999,.T.);
#2433=EDGE_CURVE('',#2073,#2073,#1000,.T.);
#2434=EDGE_CURVE('',#2059,#2066,#1001,.T.);
#2435=EDGE_CURVE('',#2060,#2065,#1002,.T.);
#2436=EDGE_CURVE('',#2074,#2040,#180,.T.);
#2437=EDGE_CURVE('',#2075,#2074,#181,.T.);
#2438=EDGE_CURVE('',#2076,#2075,#182,.T.);
#2439=EDGE_CURVE('',#2077,#2076,#183,.T.);
#2440=EDGE_CURVE('',#2078,#2077,#184,.T.);
#2441=EDGE_CURVE('',#2079,#2078,#185,.T.);
#2442=EDGE_CURVE('',#2080,#2079,#186,.T.);
#2443=EDGE_CURVE('',#2081,#2080,#187,.T.);
#2444=EDGE_CURVE('',#2082,#2081,#188,.T.);
#2445=EDGE_CURVE('',#2037,#2082,#189,.T.);
#2446=EDGE_CURVE('',#2036,#2070,#2762,.T.);
#2447=EDGE_CURVE('',#2045,#2071,#2763,.T.);
#2448=EDGE_CURVE('',#2061,#2064,#1003,.T.);
#2449=EDGE_CURVE('',#2062,#2063,#1004,.T.);
#2450=EDGE_CURVE('',#2083,#2084,#190,.T.);
#2451=EDGE_CURVE('',#2085,#2084,#2764,.T.);
#2452=EDGE_CURVE('',#2085,#2086,#191,.T.);
#2453=EDGE_CURVE('',#2086,#2083,#2765,.T.);
#2454=EDGE_CURVE('',#2087,#2083,#192,.T.);
#2455=EDGE_CURVE('',#2086,#2088,#193,.T.);
#2456=EDGE_CURVE('',#2088,#2087,#2766,.T.);
#2457=EDGE_CURVE('',#2039,#2089,#194,.T.);
#2458=EDGE_CURVE('',#2074,#2089,#2767,.T.);
#2459=EDGE_CURVE('',#2090,#2038,#195,.T.);
#2460=EDGE_CURVE('',#2082,#2090,#2768,.T.);
#2461=EDGE_CURVE('',#2091,#2090,#196,.T.);
#2462=EDGE_CURVE('',#2081,#2091,#2769,.T.);
#2463=EDGE_CURVE('',#2092,#2091,#197,.T.);
#2464=EDGE_CURVE('',#2080,#2092,#2770,.T.);
#2465=EDGE_CURVE('',#2093,#2092,#198,.T.);
#2466=EDGE_CURVE('',#2079,#2093,#2771,.T.);
#2467=EDGE_CURVE('',#2094,#2093,#199,.T.);
#2468=EDGE_CURVE('',#2078,#2094,#2772,.T.);
#2469=EDGE_CURVE('',#2095,#2094,#200,.T.);
#2470=EDGE_CURVE('',#2077,#2095,#2773,.T.);
#2471=EDGE_CURVE('',#2096,#2095,#201,.T.);
#2472=EDGE_CURVE('',#2076,#2096,#2774,.T.);
#2473=EDGE_CURVE('',#2097,#2096,#202,.T.);
#2474=EDGE_CURVE('',#2075,#2097,#2775,.T.);
#2475=EDGE_CURVE('',#2089,#2097,#203,.T.);
#2476=EDGE_CURVE('',#2084,#2087,#204,.T.);
#2477=EDGE_CURVE('',#2088,#2085,#205,.T.);
#2478=EDGE_CURVE('',#2098,#2099,#2776,.T.);
#2479=EDGE_CURVE('',#2098,#2100,#2777,.T.);
#2480=EDGE_CURVE('',#2100,#2101,#1005,.T.);
#2481=EDGE_CURVE('',#2101,#2102,#2778,.T.);
#2482=EDGE_CURVE('',#2103,#2102,#1006,.T.);
#2483=EDGE_CURVE('',#2104,#2103,#2779,.T.);
#2484=EDGE_CURVE('',#2105,#2104,#1007,.T.);
#2485=EDGE_CURVE('',#2105,#2106,#2780,.T.);
#2486=EDGE_CURVE('',#2099,#2106,#2781,.T.);
#2487=EDGE_CURVE('',#2107,#2100,#1008,.T.);
#2488=EDGE_CURVE('',#2108,#2107,#1009,.T.);
#2489=EDGE_CURVE('',#2101,#2108,#1010,.T.);
#2490=EDGE_CURVE('',#2109,#2108,#2782,.T.);
#2491=EDGE_CURVE('',#2102,#2109,#1011,.T.);
#2492=EDGE_CURVE('',#2109,#2110,#1012,.T.);
#2493=EDGE_CURVE('',#2103,#2110,#1013,.T.);
#2494=EDGE_CURVE('',#2110,#2111,#2783,.T.);
#2495=EDGE_CURVE('',#2104,#2111,#1014,.T.);
#2496=EDGE_CURVE('',#2112,#2113,#206,.T.);
#2497=EDGE_CURVE('',#2098,#2112,#2784,.T.);
#2498=EDGE_CURVE('',#2099,#2114,#2785,.T.);
#2499=EDGE_CURVE('',#2114,#2115,#2786,.T.);
#2500=EDGE_CURVE('',#2116,#2115,#2787,.T.);
#2501=EDGE_CURVE('',#2117,#2116,#207,.T.);
#2502=EDGE_CURVE('',#2118,#2117,#208,.T.);
#2503=EDGE_CURVE('',#2119,#2118,#209,.T.);
#2504=EDGE_CURVE('',#2120,#2119,#210,.T.);
#2505=EDGE_CURVE('',#2113,#2120,#211,.T.);
#2506=EDGE_CURVE('',#2121,#2122,#2788,.T.);
#2507=EDGE_CURVE('',#2115,#2122,#2789,.T.);
#2508=EDGE_CURVE('',#2114,#2121,#2790,.T.);
#2509=EDGE_CURVE('',#2123,#2124,#2791,.T.);
#2510=EDGE_CURVE('',#2122,#2123,#2792,.T.);
#2511=EDGE_CURVE('',#2124,#2121,#2793,.T.);
#2512=EDGE_CURVE('',#2106,#2125,#1015,.T.);
#2513=EDGE_CURVE('',#2125,#2124,#2794,.T.);
#2514=EDGE_CURVE('',#2107,#2123,#2795,.T.);
#2515=EDGE_CURVE('',#2125,#2126,#2796,.T.);
#2516=EDGE_CURVE('',#2111,#2126,#1016,.T.);
#2517=EDGE_CURVE('',#2126,#2105,#1017,.T.);
#2518=EDGE_CURVE('',#2127,#2127,#1018,.T.);
#2519=EDGE_CURVE('',#2128,#2128,#1019,.T.);
#2520=EDGE_CURVE('',#2112,#2129,#2797,.T.);
#2521=EDGE_CURVE('',#2130,#2129,#212,.T.);
#2522=EDGE_CURVE('',#2130,#2116,#2798,.T.);
#2523=EDGE_CURVE('',#2131,#2129,#213,.T.);
#2524=EDGE_CURVE('',#2113,#2131,#2799,.T.);
#2525=EDGE_CURVE('',#2132,#2131,#214,.T.);
#2526=EDGE_CURVE('',#2120,#2132,#2800,.T.);
#2527=EDGE_CURVE('',#2133,#2132,#215,.T.);
#2528=EDGE_CURVE('',#2119,#2133,#2801,.T.);
#2529=EDGE_CURVE('',#2134,#2133,#217,.T.);
#2530=EDGE_CURVE('',#2118,#2134,#2802,.T.);
#2531=EDGE_CURVE('',#2135,#2134,#218,.T.);
#2532=EDGE_CURVE('',#2117,#2135,#2803,.T.);
#2533=EDGE_CURVE('',#2130,#2135,#220,.T.);
#2534=EDGE_CURVE('',#2136,#2137,#2804,.T.);
#2535=EDGE_CURVE('',#2138,#2136,#2805,.T.);
#2536=EDGE_CURVE('',#2138,#2139,#2806,.T.);
#2537=EDGE_CURVE('',#2140,#2139,#1020,.T.);
#2538=EDGE_CURVE('',#2140,#2141,#2807,.T.);
#2539=EDGE_CURVE('',#2141,#2142,#2808,.T.);
#2540=EDGE_CURVE('',#2143,#2142,#2809,.T.);
#2541=EDGE_CURVE('',#2144,#2143,#2810,.T.);
#2542=EDGE_CURVE('',#2145,#2144,#2811,.T.);
#2543=EDGE_CURVE('',#2145,#2137,#2812,.T.);
#2544=EDGE_CURVE('',#2146,#2139,#2813,.T.);
#2545=EDGE_CURVE('',#2147,#2146,#1021,.T.);
#2546=EDGE_CURVE('',#2140,#2147,#2814,.T.);
#2547=EDGE_CURVE('',#2148,#2146,#1022,.T.);
#2548=EDGE_CURVE('',#2149,#2148,#1023,.T.);
#2549=EDGE_CURVE('',#2147,#2149,#1024,.T.);
#2550=EDGE_CURVE('',#2150,#2148,#2815,.T.);
#2551=EDGE_CURVE('',#2151,#2150,#1025,.T.);
#2552=EDGE_CURVE('',#2149,#2151,#2816,.T.);
#2553=EDGE_CURVE('',#2150,#2152,#1026,.T.);
#2554=EDGE_CURVE('',#2153,#2152,#1027,.T.);
#2555=EDGE_CURVE('',#2153,#2151,#1028,.T.);
#2556=EDGE_CURVE('',#2154,#2152,#2817,.T.);
#2557=EDGE_CURVE('',#2155,#2154,#1029,.T.);
#2558=EDGE_CURVE('',#2153,#2155,#2818,.T.);
#2559=EDGE_CURVE('',#2156,#2157,#2819,.T.);
#2560=EDGE_CURVE('',#2156,#2154,#1030,.T.);
#2561=EDGE_CURVE('',#2157,#2138,#2820,.T.);
#2562=EDGE_CURVE('',#2158,#2136,#221,.T.);
#2563=EDGE_CURVE('',#2159,#2158,#222,.T.);
#2564=EDGE_CURVE('',#2160,#2159,#223,.T.);
#2565=EDGE_CURVE('',#2161,#2160,#224,.T.);
#2566=EDGE_CURVE('',#2144,#2161,#225,.T.);
#2567=EDGE_CURVE('',#2143,#2162,#2821,.T.);
#2568=EDGE_CURVE('',#2157,#2162,#2822,.T.);
#2569=EDGE_CURVE('',#2163,#2141,#2823,.T.);
#2570=EDGE_CURVE('',#2164,#2163,#2824,.T.);
#2571=EDGE_CURVE('',#2142,#2164,#2825,.T.);
#2572=EDGE_CURVE('',#2162,#2164,#2826,.T.);
#2573=EDGE_CURVE('',#2163,#2165,#2827,.T.);
#2574=EDGE_CURVE('',#2155,#2165,#1031,.T.);
#2575=EDGE_CURVE('',#2156,#2165,#1032,.T.);
#2576=EDGE_CURVE('',#2166,#2166,#226,.T.);
#2577=EDGE_CURVE('',#2167,#2145,#227,.T.);
#2578=EDGE_CURVE('',#2168,#2167,#228,.T.);
#2579=EDGE_CURVE('',#2169,#2168,#229,.T.);
#2580=EDGE_CURVE('',#2170,#2169,#230,.T.);
#2581=EDGE_CURVE('',#2137,#2170,#231,.T.);
#2582=EDGE_CURVE('',#2158,#2170,#2828,.T.);
#2583=EDGE_CURVE('',#2161,#2167,#2829,.T.);
#2584=EDGE_CURVE('',#2159,#2169,#2830,.T.);
#2585=EDGE_CURVE('',#2160,#2168,#2831,.T.);
#2586=EDGE_CURVE('',#2171,#2171,#236,.T.);
#2587=EDGE_CURVE('',#2172,#2173,#2832,.T.);
#2588=EDGE_CURVE('',#2174,#2172,#2833,.T.);
#2589=EDGE_CURVE('',#2174,#2175,#2834,.T.);
#2590=EDGE_CURVE('',#2175,#2176,#2835,.T.);
#2591=EDGE_CURVE('',#2176,#2177,#2836,.T.);
#2592=EDGE_CURVE('',#2178,#2177,#1033,.T.);
#2593=EDGE_CURVE('',#2178,#2179,#2837,.T.);
#2594=EDGE_CURVE('',#2180,#2179,#2838,.T.);
#2595=EDGE_CURVE('',#2181,#2180,#2839,.T.);
#2596=EDGE_CURVE('',#2181,#2173,#2840,.T.);
#2597=EDGE_CURVE('',#2182,#2183,#2841,.T.);
#2598=EDGE_CURVE('',#2183,#2184,#2842,.T.);
#2599=EDGE_CURVE('',#2184,#2185,#2843,.T.);
#2600=EDGE_CURVE('',#2185,#2186,#2844,.T.);
#2601=EDGE_CURVE('',#2186,#2187,#2845,.T.);
#2602=EDGE_CURVE('',#2188,#2187,#1034,.T.);
#2603=EDGE_CURVE('',#2188,#2189,#2846,.T.);
#2604=EDGE_CURVE('',#2189,#2190,#2847,.T.);
#2605=EDGE_CURVE('',#2190,#2191,#2848,.T.);
#2606=EDGE_CURVE('',#2191,#2182,#2849,.T.);
#2607=EDGE_CURVE('',#2192,#2193,#2850,.T.);
#2608=EDGE_CURVE('',#2192,#2194,#1035,.T.);
#2609=EDGE_CURVE('',#2195,#2194,#2851,.T.);
#2610=EDGE_CURVE('',#2193,#2195,#1036,.T.);
#2611=EDGE_CURVE('',#2192,#2196,#1037,.T.);
#2612=EDGE_CURVE('',#2196,#2197,#1038,.T.);
#2613=EDGE_CURVE('',#2197,#2194,#1039,.T.);
#2614=EDGE_CURVE('',#2198,#2196,#2852,.T.);
#2615=EDGE_CURVE('',#2198,#2199,#1040,.T.);
#2616=EDGE_CURVE('',#2197,#2199,#2853,.T.);
#2617=EDGE_CURVE('',#2200,#2201,#1041,.T.);
#2618=EDGE_CURVE('',#2199,#2201,#1042,.T.);
#2619=EDGE_CURVE('',#2200,#2198,#1043,.T.);
#2620=EDGE_CURVE('',#2178,#2200,#2854,.T.);
#2621=EDGE_CURVE('',#2201,#2177,#2855,.T.);
#2622=EDGE_CURVE('',#2182,#2185,#238,.T.);
#2623=EDGE_CURVE('',#2191,#2174,#2856,.T.);
#2624=EDGE_CURVE('',#2202,#2172,#239,.T.);
#2625=EDGE_CURVE('',#2203,#2202,#240,.T.);
#2626=EDGE_CURVE('',#2204,#2203,#241,.T.);
#2627=EDGE_CURVE('',#2205,#2204,#242,.T.);
#2628=EDGE_CURVE('',#2206,#2205,#243,.T.);
#2629=EDGE_CURVE('',#2207,#2206,#244,.T.);
#2630=EDGE_CURVE('',#2208,#2207,#245,.T.);
#2631=EDGE_CURVE('',#2209,#2208,#246,.T.);
#2632=EDGE_CURVE('',#2210,#2209,#247,.T.);
#2633=EDGE_CURVE('',#2180,#2210,#248,.T.);
#2634=EDGE_CURVE('',#2179,#2186,#2857,.T.);
#2635=EDGE_CURVE('',#2193,#2187,#1044,.T.);
#2636=EDGE_CURVE('',#2190,#2175,#2858,.T.);
#2637=EDGE_CURVE('',#2176,#2189,#2859,.T.);
#2638=EDGE_CURVE('',#2188,#2195,#1045,.T.);
#2639=EDGE_CURVE('',#2184,#2183,#249,.T.);
#2640=EDGE_CURVE('',#2211,#2181,#251,.T.);
#2641=EDGE_CURVE('',#2212,#2211,#252,.T.);
#2642=EDGE_CURVE('',#2213,#2212,#253,.T.);
#2643=EDGE_CURVE('',#2214,#2213,#254,.T.);
#2644=EDGE_CURVE('',#2215,#2214,#255,.T.);
#2645=EDGE_CURVE('',#2216,#2215,#256,.T.);
#2646=EDGE_CURVE('',#2217,#2216,#257,.T.);
#2647=EDGE_CURVE('',#2218,#2217,#258,.T.);
#2648=EDGE_CURVE('',#2219,#2218,#259,.T.);
#2649=EDGE_CURVE('',#2173,#2219,#260,.T.);
#2650=EDGE_CURVE('',#2202,#2219,#2860,.T.);
#2651=EDGE_CURVE('',#2210,#2211,#2861,.T.);
#2652=EDGE_CURVE('',#2203,#2218,#2862,.T.);
#2653=EDGE_CURVE('',#2209,#2212,#2863,.T.);
#2654=EDGE_CURVE('',#2208,#2213,#2864,.T.);
#2655=EDGE_CURVE('',#2207,#2214,#2865,.T.);
#2656=EDGE_CURVE('',#2206,#2215,#2866,.T.);
#2657=EDGE_CURVE('',#2205,#2216,#2867,.T.);
#2658=EDGE_CURVE('',#2204,#2217,#2868,.T.);
#2659=LINE('',#4169,#2869);
#2660=LINE('',#4172,#2870);
#2661=LINE('',#4174,#2871);
#2662=LINE('',#4176,#2872);
#2663=LINE('',#4178,#2873);
#2664=LINE('',#4180,#2874);
#2665=LINE('',#4184,#2875);
#2666=LINE('',#4186,#2876);
#2667=LINE('',#4188,#2877);
#2668=LINE('',#4190,#2878);
#2669=LINE('',#4195,#2879);
#2670=LINE('',#4208,#2880);
#2671=LINE('',#4210,#2881);
#2672=LINE('',#4220,#2882);
#2673=LINE('',#4223,#2883);
#2674=LINE('',#4224,#2884);
#2675=LINE('',#4226,#2885);
#2676=LINE('',#4228,#2886);
#2677=LINE('',#4329,#2887);
#2678=LINE('',#4330,#2888);
#2679=LINE('',#4332,#2889);
#2680=LINE('',#4337,#2890);
#2681=LINE('',#4343,#2891);
#2682=LINE('',#4348,#2892);
#2683=LINE('',#4351,#2893);
#2684=LINE('',#4353,#2894);
#2685=LINE('',#4355,#2895);
#2686=LINE('',#4360,#2896);
#2687=LINE('',#4391,#2897);
#2688=LINE('',#4411,#2899);
#2689=LINE('',#4413,#2900);
#2690=LINE('',#4460,#2902);
#2691=LINE('',#4482,#2904);
#2692=LINE('',#4501,#2905);
#2693=LINE('',#4523,#2907);
#2694=LINE('',#4558,#2909);
#2695=LINE('',#4563,#2910);
#2696=LINE('',#4570,#2911);
#2697=LINE('',#4574,#2912);
#2698=LINE('',#4585,#2913);
#2699=LINE('',#4586,#2914);
#2700=LINE('',#4588,#2915);
#2701=LINE('',#4590,#2916);
#2702=LINE('',#4614,#2917);
#2703=LINE('',#4616,#2918);
#2704=LINE('',#4618,#2919);
#2705=LINE('',#4619,#2920);
#2706=LINE('',#4620,#2921);
#2707=LINE('',#4622,#2922);
#2708=LINE('',#4624,#2923);
#2709=LINE('',#4625,#2924);
#2710=LINE('',#4634,#2925);
#2711=LINE('',#4637,#2926);
#2712=LINE('',#4639,#2927);
#2713=LINE('',#4641,#2928);
#2714=LINE('',#4645,#2929);
#2715=LINE('',#4649,#2930);
#2716=LINE('',#4653,#2931);
#2717=LINE('',#4657,#2932);
#2718=LINE('',#4659,#2933);
#2719=LINE('',#4661,#2934);
#2720=LINE('',#4669,#2935);
#2721=LINE('',#4671,#2936);
#2722=LINE('',#4672,#2937);
#2723=LINE('',#4726,#2938);
#2724=LINE('',#4728,#2939);
#2725=LINE('',#4730,#2940);
#2726=LINE('',#4732,#2941);
#2727=LINE('',#4734,#2942);
#2728=LINE('',#4738,#2943);
#2729=LINE('',#4742,#2944);
#2730=LINE('',#4746,#2945);
#2731=LINE('',#4764,#2946);
#2732=LINE('',#4771,#2947);
#2733=LINE('',#4780,#2948);
#2734=LINE('',#4787,#2949);
#2735=LINE('',#4810,#2950);
#2736=LINE('',#4836,#2952);
#2737=LINE('',#4879,#2954);
#2738=LINE('',#4882,#2955);
#2739=LINE('',#4887,#2956);
#2740=LINE('',#4889,#2957);
#2741=LINE('',#4891,#2958);
#2742=LINE('',#4895,#2959);
#2743=LINE('',#4897,#2960);
#2744=LINE('',#4899,#2961);
#2745=LINE('',#4904,#2962);
#2746=LINE('',#4908,#2963);
#2747=LINE('',#4922,#2964);
#2748=LINE('',#4926,#2965);
#2749=LINE('',#4928,#2966);
#2750=LINE('',#4932,#2967);
#2751=LINE('',#4934,#2968);
#2752=LINE('',#4937,#2969);
#2753=LINE('',#4941,#2970);
#2754=LINE('',#4947,#2971);
#2755=LINE('',#4951,#2972);
#2756=LINE('',#4954,#2973);
#2757=LINE('',#4956,#2974);
#2758=LINE('',#4960,#2975);
#2759=LINE('',#4966,#2976);
#2760=LINE('',#4968,#2977);
#2761=LINE('',#4970,#2978);
#2762=LINE('',#5008,#2979);
#2763=LINE('',#5010,#2980);
#2764=LINE('',#5025,#2981);
#2765=LINE('',#5030,#2982);
#2766=LINE('',#5038,#2983);
#2767=LINE('',#5043,#2984);
#2768=LINE('',#5048,#2985);
#2769=LINE('',#5053,#2986);
#2770=LINE('',#5058,#2987);
#2771=LINE('',#5063,#2988);
#2772=LINE('',#5068,#2989);
#2773=LINE('',#5073,#2990);
#2774=LINE('',#5078,#2991);
#2775=LINE('',#5083,#2992);
#2776=LINE('',#5095,#2993);
#2777=LINE('',#5098,#2994);
#2778=LINE('',#5102,#2995);
#2779=LINE('',#5106,#2996);
#2780=LINE('',#5110,#2997);
#2781=LINE('',#5112,#2998);
#2782=LINE('',#5120,#2999);
#2783=LINE('',#5128,#3000);
#2784=LINE('',#5138,#3001);
#2785=LINE('',#5139,#3002);
#2786=LINE('',#5141,#3003);
#2787=LINE('',#5143,#3004);
#2788=LINE('',#5174,#3005);
#2789=LINE('',#5177,#3006);
#2790=LINE('',#5178,#3007);
#2791=LINE('',#5180,#3008);
#2792=LINE('',#5183,#3009);
#2793=LINE('',#5184,#3010);
#2794=LINE('',#5188,#3011);
#2795=LINE('',#5190,#3012);
#2796=LINE('',#5191,#3013);
#2797=LINE('',#5202,#3014);
#2798=LINE('',#5209,#3015);
#2799=LINE('',#5218,#3016);
#2800=LINE('',#5225,#3017);
#2801=LINE('',#5234,#3018);
#2802=LINE('',#5246,#3020);
#2803=LINE('',#5255,#3021);
#2804=LINE('',#5268,#3023);
#2805=LINE('',#5271,#3024);
#2806=LINE('',#5273,#3025);
#2807=LINE('',#5277,#3026);
#2808=LINE('',#5279,#3027);
#2809=LINE('',#5281,#3028);
#2810=LINE('',#5283,#3029);
#2811=LINE('',#5285,#3030);
#2812=LINE('',#5287,#3031);
#2813=LINE('',#5289,#3032);
#2814=LINE('',#5293,#3033);
#2815=LINE('',#5301,#3034);
#2816=LINE('',#5305,#3035);
#2817=LINE('',#5313,#3036);
#2818=LINE('',#5317,#3037);
#2819=LINE('',#5319,#3038);
#2820=LINE('',#5323,#3039);
#2821=LINE('',#5403,#3040);
#2822=LINE('',#5405,#3041);
#2823=LINE('',#5407,#3042);
#2824=LINE('',#5409,#3043);
#2825=LINE('',#5411,#3044);
#2826=LINE('',#5413,#3045);
#2827=LINE('',#5415,#3046);
#2828=LINE('',#5522,#3047);
#2829=LINE('',#5551,#3049);
#2830=LINE('',#5580,#3051);
#2831=LINE('',#5582,#3052);
#2832=LINE('',#5639,#3056);
#2833=LINE('',#5642,#3057);
#2834=LINE('',#5644,#3058);
#2835=LINE('',#5646,#3059);
#2836=LINE('',#5648,#3060);
#2837=LINE('',#5652,#3061);
#2838=LINE('',#5654,#3062);
#2839=LINE('',#5656,#3063);
#2840=LINE('',#5658,#3064);
#2841=LINE('',#5660,#3065);
#2842=LINE('',#5663,#3066);
#2843=LINE('',#5665,#3067);
#2844=LINE('',#5667,#3068);
#2845=LINE('',#5669,#3069);
#2846=LINE('',#5673,#3070);
#2847=LINE('',#5675,#3071);
#2848=LINE('',#5677,#3072);
#2849=LINE('',#5679,#3073);
#2850=LINE('',#5681,#3074);
#2851=LINE('',#5686,#3075);
#2852=LINE('',#5696,#3076);
#2853=LINE('',#5700,#3077);
#2854=LINE('',#5708,#3078);
#2855=LINE('',#5709,#3079);
#2856=LINE('',#5725,#3080);
#2857=LINE('',#5813,#3081);
#2858=LINE('',#5817,#3082);
#2859=LINE('',#5819,#3083);
#2860=LINE('',#5941,#3085);
#2861=LINE('',#5958,#3087);
#2862=LINE('',#5975,#3089);
#2863=LINE('',#5977,#3090);
#2864=LINE('',#5979,#3091);
#2865=LINE('',#5981,#3092);
#2866=LINE('',#5983,#3093);
#2867=LINE('',#5985,#3094);
#2868=LINE('',#5987,#3095);
#2869=VECTOR('',#3380,1.);
#2870=VECTOR('',#3381,1.);
#2871=VECTOR('',#3382,1.);
#2872=VECTOR('',#3383,1.);
#2873=VECTOR('',#3384,1.);
#2874=VECTOR('',#3385,1.);
#2875=VECTOR('',#3388,1.);
#2876=VECTOR('',#3389,1.);
#2877=VECTOR('',#3390,1.);
#2878=VECTOR('',#3393,1.);
#2879=VECTOR('',#3396,1.);
#2880=VECTOR('',#3411,1.);
#2881=VECTOR('',#3412,1.);
#2882=VECTOR('',#3425,1.);
#2883=VECTOR('',#3426,1.);
#2884=VECTOR('',#3427,1.);
#2885=VECTOR('',#3428,1.);
#2886=VECTOR('',#3429,1.);
#2887=VECTOR('',#3436,1.);
#2888=VECTOR('',#3437,1.);
#2889=VECTOR('',#3440,1.);
#2890=VECTOR('',#3443,1.);
#2891=VECTOR('',#3450,1.);
#2892=VECTOR('',#3455,1.);
#2893=VECTOR('',#3460,1.);
#2894=VECTOR('',#3463,1.);
#2895=VECTOR('',#3466,1.);
#2896=VECTOR('',#3471,1.);
#2897=VECTOR('',#3500,1.);
#2898=VECTOR('',#3501,1.);
#2899=VECTOR('',#3502,1.);
#2900=VECTOR('',#3505,1.);
#2901=VECTOR('',#3506,1.);
#2902=VECTOR('',#3507,1.);
#2903=VECTOR('',#3508,1.);
#2904=VECTOR('',#3509,1.);
#2905=VECTOR('',#3512,1.);
#2906=VECTOR('',#3513,1.);
#2907=VECTOR('',#3514,1.);
#2908=VECTOR('',#3517,1.);
#2909=VECTOR('',#3520,1.);
#2910=VECTOR('',#3523,1.);
#2911=VECTOR('',#3530,1.);
#2912=VECTOR('',#3533,1.);
#2913=VECTOR('',#3550,1.);
#2914=VECTOR('',#3551,1.);
#2915=VECTOR('',#3552,1.);
#2916=VECTOR('',#3553,1.);
#2917=VECTOR('',#3584,1.);
#2918=VECTOR('',#3585,1.);
#2919=VECTOR('',#3586,1.);
#2920=VECTOR('',#3587,1.);
#2921=VECTOR('',#3588,1.);
#2922=VECTOR('',#3589,1.);
#2923=VECTOR('',#3590,1.);
#2924=VECTOR('',#3591,1.);
#2925=VECTOR('',#3608,1.);
#2926=VECTOR('',#3609,1.);
#2927=VECTOR('',#3610,1.);
#2928=VECTOR('',#3611,1.);
#2929=VECTOR('',#3614,1.);
#2930=VECTOR('',#3617,1.);
#2931=VECTOR('',#3622,1.);
#2932=VECTOR('',#3625,1.);
#2933=VECTOR('',#3626,1.);
#2934=VECTOR('',#3627,1.);
#2935=VECTOR('',#3630,1.);
#2936=VECTOR('',#3631,1.);
#2937=VECTOR('',#3632,1.);
#2938=VECTOR('',#3635,1.);
#2939=VECTOR('',#3636,1.);
#2940=VECTOR('',#3637,1.);
#2941=VECTOR('',#3640,1.);
#2942=VECTOR('',#3643,1.);
#2943=VECTOR('',#3646,1.);
#2944=VECTOR('',#3649,1.);
#2945=VECTOR('',#3652,1.);
#2946=VECTOR('',#3683,1.);
#2947=VECTOR('',#3684,1.);
#2948=VECTOR('',#3691,1.);
#2949=VECTOR('',#3694,1.);
#2950=VECTOR('',#3697,1.);
#2951=VECTOR('',#3698,1.);
#2952=VECTOR('',#3699,1.);
#2953=VECTOR('',#3702,1.);
#2954=VECTOR('',#3705,1.);
#2955=VECTOR('',#3706,1.);
#2956=VECTOR('',#3707,1.);
#2957=VECTOR('',#3708,1.);
#2958=VECTOR('',#3709,1.);
#2959=VECTOR('',#3712,1.);
#2960=VECTOR('',#3713,1.);
#2961=VECTOR('',#3714,1.);
#2962=VECTOR('',#3719,1.);
#2963=VECTOR('',#3722,1.);
#2964=VECTOR('',#3741,1.);
#2965=VECTOR('',#3744,1.);
#2966=VECTOR('',#3747,1.);
#2967=VECTOR('',#3750,1.);
#2968=VECTOR('',#3751,1.);
#2969=VECTOR('',#3754,1.);
#2970=VECTOR('',#3757,1.);
#2971=VECTOR('',#3764,1.);
#2972=VECTOR('',#3767,1.);
#2973=VECTOR('',#3770,1.);
#2974=VECTOR('',#3771,1.);
#2975=VECTOR('',#3774,1.);
#2976=VECTOR('',#3785,1.);
#2977=VECTOR('',#3786,1.);
#2978=VECTOR('',#3787,1.);
#2979=VECTOR('',#3800,1.);
#2980=VECTOR('',#3803,1.);
#2981=VECTOR('',#3824,1.);
#2982=VECTOR('',#3825,1.);
#2983=VECTOR('',#3828,1.);
#2984=VECTOR('',#3831,1.);
#2985=VECTOR('',#3834,1.);
#2986=VECTOR('',#3837,1.);
#2987=VECTOR('',#3840,1.);
#2988=VECTOR('',#3843,1.);
#2989=VECTOR('',#3846,1.);
#2990=VECTOR('',#3849,1.);
#2991=VECTOR('',#3852,1.);
#2992=VECTOR('',#3855,1.);
#2993=VECTOR('',#3866,1.);
#2994=VECTOR('',#3867,1.);
#2995=VECTOR('',#3870,1.);
#2996=VECTOR('',#3873,1.);
#2997=VECTOR('',#3876,1.);
#2998=VECTOR('',#3877,1.);
#2999=VECTOR('',#3888,1.);
#3000=VECTOR('',#3899,1.);
#3001=VECTOR('',#3904,1.);
#3002=VECTOR('',#3905,1.);
#3003=VECTOR('',#3906,1.);
#3004=VECTOR('',#3907,1.);
#3005=VECTOR('',#3910,1.);
#3006=VECTOR('',#3911,1.);
#3007=VECTOR('',#3912,1.);
#3008=VECTOR('',#3915,1.);
#3009=VECTOR('',#3916,1.);
#3010=VECTOR('',#3917,1.);
#3011=VECTOR('',#3922,1.);
#3012=VECTOR('',#3925,1.);
#3013=VECTOR('',#3926,1.);
#3014=VECTOR('',#3941,1.);
#3015=VECTOR('',#3942,1.);
#3016=VECTOR('',#3949,1.);
#3017=VECTOR('',#3952,1.);
#3018=VECTOR('',#3955,1.);
#3019=VECTOR('',#3956,1.);
#3020=VECTOR('',#3957,1.);
#3021=VECTOR('',#3960,1.);
#3022=VECTOR('',#3961,1.);
#3023=VECTOR('',#3966,1.);
#3024=VECTOR('',#3967,1.);
#3025=VECTOR('',#3968,1.);
#3026=VECTOR('',#3971,1.);
#3027=VECTOR('',#3972,1.);
#3028=VECTOR('',#3973,1.);
#3029=VECTOR('',#3974,1.);
#3030=VECTOR('',#3975,1.);
#3031=VECTOR('',#3976,1.);
#3032=VECTOR('',#3979,1.);
#3033=VECTOR('',#3982,1.);
#3034=VECTOR('',#3993,1.);
#3035=VECTOR('',#3996,1.);
#3036=VECTOR('',#4007,1.);
#3037=VECTOR('',#4010,1.);
#3038=VECTOR('',#4013,1.);
#3039=VECTOR('',#4016,1.);
#3040=VECTOR('',#4019,1.);
#3041=VECTOR('',#4020,1.);
#3042=VECTOR('',#4023,1.);
#3043=VECTOR('',#4024,1.);
#3044=VECTOR('',#4025,1.);
#3045=VECTOR('',#4028,1.);
#3046=VECTOR('',#4031,1.);
#3047=VECTOR('',#4044,1.);
#3048=VECTOR('',#4045,1.);
#3049=VECTOR('',#4046,1.);
#3050=VECTOR('',#4047,1.);
#3051=VECTOR('',#4048,1.);
#3052=VECTOR('',#4051,1.);
#3053=VECTOR('',#4052,1.);
#3054=VECTOR('',#4053,1.);
#3055=VECTOR('',#4054,1.);
#3056=VECTOR('',#4057,1.);
#3057=VECTOR('',#4058,1.);
#3058=VECTOR('',#4059,1.);
#3059=VECTOR('',#4060,1.);
#3060=VECTOR('',#4061,1.);
#3061=VECTOR('',#4064,1.);
#3062=VECTOR('',#4065,1.);
#3063=VECTOR('',#4066,1.);
#3064=VECTOR('',#4067,1.);
#3065=VECTOR('',#4070,1.);
#3066=VECTOR('',#4071,1.);
#3067=VECTOR('',#4072,1.);
#3068=VECTOR('',#4073,1.);
#3069=VECTOR('',#4074,1.);
#3070=VECTOR('',#4077,1.);
#3071=VECTOR('',#4078,1.);
#3072=VECTOR('',#4079,1.);
#3073=VECTOR('',#4080,1.);
#3074=VECTOR('',#4083,1.);
#3075=VECTOR('',#4086,1.);
#3076=VECTOR('',#4099,1.);
#3077=VECTOR('',#4102,1.);
#3078=VECTOR('',#4113,1.);
#3079=VECTOR('',#4114,1.);
#3080=VECTOR('',#4117,1.);
#3081=VECTOR('',#4118,1.);
#3082=VECTOR('',#4125,1.);
#3083=VECTOR('',#4128,1.);
#3084=VECTOR('',#4137,1.);
#3085=VECTOR('',#4142,1.);
#3086=VECTOR('',#4143,1.);
#3087=VECTOR('',#4144,1.);
#3088=VECTOR('',#4145,1.);
#3089=VECTOR('',#4146,1.);
#3090=VECTOR('',#4149,1.);
#3091=VECTOR('',#4152,1.);
#3092=VECTOR('',#4155,1.);
#3093=VECTOR('',#4158,1.);
#3094=VECTOR('',#4161,1.);
#3095=VECTOR('',#4164,1.);
#3096=VECTOR('',#4167,1.);
#3097=AXIS2_PLACEMENT_3D('',#4168,#3378,#3379);
#3098=AXIS2_PLACEMENT_3D('',#4182,#3386,#3387);
#3099=AXIS2_PLACEMENT_3D('',#4189,#3391,#3392);
#3100=AXIS2_PLACEMENT_3D('',#4193,#3394,#3395);
#3101=AXIS2_PLACEMENT_3D('',#4197,#3397,#3398);
#3102=AXIS2_PLACEMENT_3D('',#4198,#3399,#3400);
#3103=AXIS2_PLACEMENT_3D('',#4199,#3401,#3402);
#3104=AXIS2_PLACEMENT_3D('',#4202,#3403,#3404);
#3105=AXIS2_PLACEMENT_3D('',#4204,#3405,#3406);
#3106=AXIS2_PLACEMENT_3D('',#4206,#3407,#3408);
#3107=AXIS2_PLACEMENT_3D('',#4207,#3409,#3410);
#3108=AXIS2_PLACEMENT_3D('',#4212,#3413,#3414);
#3109=AXIS2_PLACEMENT_3D('',#4213,#3415,#3416);
#3110=AXIS2_PLACEMENT_3D('',#4214,#3417,#3418);
#3111=AXIS2_PLACEMENT_3D('',#4216,#3419,#3420);
#3112=AXIS2_PLACEMENT_3D('',#4218,#3421,#3422);
#3113=AXIS2_PLACEMENT_3D('',#4219,#3423,#3424);
#3114=AXIS2_PLACEMENT_3D('',#4229,#3430,#3431);
#3115=AXIS2_PLACEMENT_3D('',#4231,#3432,#3433);
#3116=AXIS2_PLACEMENT_3D('',#4233,#3434,#3435);
#3117=AXIS2_PLACEMENT_3D('',#4331,#3438,#3439);
#3118=AXIS2_PLACEMENT_3D('',#4335,#3441,#3442);
#3119=AXIS2_PLACEMENT_3D('',#4339,#3444,#3445);
#3120=AXIS2_PLACEMENT_3D('',#4340,#3446,#3447);
#3121=AXIS2_PLACEMENT_3D('',#4341,#3448,#3449);
#3122=AXIS2_PLACEMENT_3D('',#4345,#3451,#3452);
#3123=AXIS2_PLACEMENT_3D('',#4346,#3453,#3454);
#3124=AXIS2_PLACEMENT_3D('',#4349,#3456,#3457);
#3125=AXIS2_PLACEMENT_3D('',#4350,#3458,#3459);
#3126=AXIS2_PLACEMENT_3D('',#4352,#3461,#3462);
#3127=AXIS2_PLACEMENT_3D('',#4354,#3464,#3465);
#3128=AXIS2_PLACEMENT_3D('',#4357,#3467,#3468);
#3129=AXIS2_PLACEMENT_3D('',#4358,#3469,#3470);
#3130=AXIS2_PLACEMENT_3D('',#4362,#3472,#3473);
#3131=AXIS2_PLACEMENT_3D('',#4363,#3474,#3475);
#3132=AXIS2_PLACEMENT_3D('',#4364,#3476,#3477);
#3133=AXIS2_PLACEMENT_3D('',#4365,#3478,#3479);
#3134=AXIS2_PLACEMENT_3D('',#4366,#3480,#3481);
#3135=AXIS2_PLACEMENT_3D('',#4367,#3482,#3483);
#3136=AXIS2_PLACEMENT_3D('',#4368,#3484,#3485);
#3137=AXIS2_PLACEMENT_3D('',#4369,#3486,#3487);
#3138=AXIS2_PLACEMENT_3D('',#4370,#3488,#3489);
#3139=AXIS2_PLACEMENT_3D('',#4371,#3490,#3491);
#3140=AXIS2_PLACEMENT_3D('',#4372,#3492,#3493);
#3141=AXIS2_PLACEMENT_3D('',#4373,#3494,#3495);
#3142=AXIS2_PLACEMENT_3D('',#4374,#3496,#3497);
#3143=AXIS2_PLACEMENT_3D('',#4375,#3498,#3499);
#3144=AXIS2_PLACEMENT_3D('',#4412,#3503,#3504);
#3145=AXIS2_PLACEMENT_3D('',#4483,#3510,#3511);
#3146=AXIS2_PLACEMENT_3D('',#4524,#3515,#3516);
#3147=AXIS2_PLACEMENT_3D('',#4557,#3518,#3519);
#3148=AXIS2_PLACEMENT_3D('',#4561,#3521,#3522);
#3149=AXIS2_PLACEMENT_3D('',#4565,#3524,#3525);
#3150=AXIS2_PLACEMENT_3D('',#4566,#3526,#3527);
#3151=AXIS2_PLACEMENT_3D('',#4567,#3528,#3529);
#3152=AXIS2_PLACEMENT_3D('',#4572,#3531,#3532);
#3153=AXIS2_PLACEMENT_3D('',#4575,#3534,#3535);
#3154=AXIS2_PLACEMENT_3D('',#4576,#3536,#3537);
#3155=AXIS2_PLACEMENT_3D('',#4578,#3538,#3539);
#3156=AXIS2_PLACEMENT_3D('',#4580,#3540,#3541);
#3157=AXIS2_PLACEMENT_3D('',#4581,#3542,#3543);
#3158=AXIS2_PLACEMENT_3D('',#4582,#3544,#3545);
#3159=AXIS2_PLACEMENT_3D('',#4583,#3546,#3547);
#3160=AXIS2_PLACEMENT_3D('',#4584,#3548,#3549);
#3161=AXIS2_PLACEMENT_3D('',#4591,#3554,#3555);
#3162=AXIS2_PLACEMENT_3D('',#4592,#3556,#3557);
#3163=AXIS2_PLACEMENT_3D('',#4593,#3558,#3559);
#3164=AXIS2_PLACEMENT_3D('',#4594,#3560,#3561);
#3165=AXIS2_PLACEMENT_3D('',#4595,#3562,#3563);
#3166=AXIS2_PLACEMENT_3D('',#4596,#3564,#3565);
#3167=AXIS2_PLACEMENT_3D('',#4599,#3566,#3567);
#3168=AXIS2_PLACEMENT_3D('',#4601,#3568,#3569);
#3169=AXIS2_PLACEMENT_3D('',#4603,#3570,#3571);
#3170=AXIS2_PLACEMENT_3D('',#4604,#3572,#3573);
#3171=AXIS2_PLACEMENT_3D('',#4605,#3574,#3575);
#3172=AXIS2_PLACEMENT_3D('',#4608,#3576,#3577);
#3173=AXIS2_PLACEMENT_3D('',#4610,#3578,#3579);
#3174=AXIS2_PLACEMENT_3D('',#4612,#3580,#3581);
#3175=AXIS2_PLACEMENT_3D('',#4613,#3582,#3583);
#3176=AXIS2_PLACEMENT_3D('',#4626,#3592,#3593);
#3177=AXIS2_PLACEMENT_3D('',#4627,#3594,#3595);
#3178=AXIS2_PLACEMENT_3D('',#4628,#3596,#3597);
#3179=AXIS2_PLACEMENT_3D('',#4629,#3598,#3599);
#3180=AXIS2_PLACEMENT_3D('',#4630,#3600,#3601);
#3181=AXIS2_PLACEMENT_3D('',#4631,#3602,#3603);
#3182=AXIS2_PLACEMENT_3D('',#4632,#3604,#3605);
#3183=AXIS2_PLACEMENT_3D('',#4633,#3606,#3607);
#3184=AXIS2_PLACEMENT_3D('',#4643,#3612,#3613);
#3185=AXIS2_PLACEMENT_3D('',#4647,#3615,#3616);
#3186=AXIS2_PLACEMENT_3D('',#4651,#3618,#3619);
#3187=AXIS2_PLACEMENT_3D('',#4652,#3620,#3621);
#3188=AXIS2_PLACEMENT_3D('',#4656,#3623,#3624);
#3189=AXIS2_PLACEMENT_3D('',#4662,#3628,#3629);
#3190=AXIS2_PLACEMENT_3D('',#4725,#3633,#3634);
#3191=AXIS2_PLACEMENT_3D('',#4731,#3638,#3639);
#3192=AXIS2_PLACEMENT_3D('',#4733,#3641,#3642);
#3193=AXIS2_PLACEMENT_3D('',#4736,#3644,#3645);
#3194=AXIS2_PLACEMENT_3D('',#4740,#3647,#3648);
#3195=AXIS2_PLACEMENT_3D('',#4744,#3650,#3651);
#3196=AXIS2_PLACEMENT_3D('',#4747,#3653,#3654);
#3197=AXIS2_PLACEMENT_3D('',#4748,#3655,#3656);
#3198=AXIS2_PLACEMENT_3D('',#4749,#3657,#3658);
#3199=AXIS2_PLACEMENT_3D('',#4750,#3659,#3660);
#3200=AXIS2_PLACEMENT_3D('',#4751,#3661,#3662);
#3201=AXIS2_PLACEMENT_3D('',#4752,#3663,#3664);
#3202=AXIS2_PLACEMENT_3D('',#4753,#3665,#3666);
#3203=AXIS2_PLACEMENT_3D('',#4754,#3667,#3668);
#3204=AXIS2_PLACEMENT_3D('',#4755,#3669,#3670);
#3205=AXIS2_PLACEMENT_3D('',#4756,#3671,#3672);
#3206=AXIS2_PLACEMENT_3D('',#4757,#3673,#3674);
#3207=AXIS2_PLACEMENT_3D('',#4758,#3675,#3676);
#3208=AXIS2_PLACEMENT_3D('',#4759,#3677,#3678);
#3209=AXIS2_PLACEMENT_3D('',#4760,#3679,#3680);
#3210=AXIS2_PLACEMENT_3D('',#4762,#3681,#3682);
#3211=AXIS2_PLACEMENT_3D('',#4772,#3685,#3686);
#3212=AXIS2_PLACEMENT_3D('',#4773,#3687,#3688);
#3213=AXIS2_PLACEMENT_3D('',#4774,#3689,#3690);
#3214=AXIS2_PLACEMENT_3D('',#4781,#3692,#3693);
#3215=AXIS2_PLACEMENT_3D('',#4788,#3695,#3696);
#3216=AXIS2_PLACEMENT_3D('',#4837,#3700,#3701);
#3217=AXIS2_PLACEMENT_3D('',#4878,#3703,#3704);
#3218=AXIS2_PLACEMENT_3D('',#4893,#3710,#3711);
#3219=AXIS2_PLACEMENT_3D('',#4900,#3715,#3716);
#3220=AXIS2_PLACEMENT_3D('',#4901,#3717,#3718);
#3221=AXIS2_PLACEMENT_3D('',#4906,#3720,#3721);
#3222=AXIS2_PLACEMENT_3D('',#4909,#3723,#3724);
#3223=AXIS2_PLACEMENT_3D('',#4910,#3725,#3726);
#3224=AXIS2_PLACEMENT_3D('',#4913,#3727,#3728);
#3225=AXIS2_PLACEMENT_3D('',#4914,#3729,#3730);
#3226=AXIS2_PLACEMENT_3D('',#4915,#3731,#3732);
#3227=AXIS2_PLACEMENT_3D('',#4916,#3733,#3734);
#3228=AXIS2_PLACEMENT_3D('',#4918,#3735,#3736);
#3229=AXIS2_PLACEMENT_3D('',#4920,#3737,#3738);
#3230=AXIS2_PLACEMENT_3D('',#4921,#3739,#3740);
#3231=AXIS2_PLACEMENT_3D('',#4924,#3742,#3743);
#3232=AXIS2_PLACEMENT_3D('',#4927,#3745,#3746);
#3233=AXIS2_PLACEMENT_3D('',#4930,#3748,#3749);
#3234=AXIS2_PLACEMENT_3D('',#4935,#3752,#3753);
#3235=AXIS2_PLACEMENT_3D('',#4939,#3755,#3756);
#3236=AXIS2_PLACEMENT_3D('',#4943,#3758,#3759);
#3237=AXIS2_PLACEMENT_3D('',#4944,#3760,#3761);
#3238=AXIS2_PLACEMENT_3D('',#4945,#3762,#3763);
#3239=AXIS2_PLACEMENT_3D('',#4949,#3765,#3766);
#3240=AXIS2_PLACEMENT_3D('',#4953,#3768,#3769);
#3241=AXIS2_PLACEMENT_3D('',#4958,#3772,#3773);
#3242=AXIS2_PLACEMENT_3D('',#4961,#3775,#3776);
#3243=AXIS2_PLACEMENT_3D('',#4962,#3777,#3778);
#3244=AXIS2_PLACEMENT_3D('',#4963,#3779,#3780);
#3245=AXIS2_PLACEMENT_3D('',#4964,#3781,#3782);
#3246=AXIS2_PLACEMENT_3D('',#4965,#3783,#3784);
#3247=AXIS2_PLACEMENT_3D('',#4971,#3788,#3789);
#3248=AXIS2_PLACEMENT_3D('',#4973,#3790,#3791);
#3249=AXIS2_PLACEMENT_3D('',#4975,#3792,#3793);
#3250=AXIS2_PLACEMENT_3D('',#4976,#3794,#3795);
#3251=AXIS2_PLACEMENT_3D('',#4977,#3796,#3797);
#3252=AXIS2_PLACEMENT_3D('',#4978,#3798,#3799);
#3253=AXIS2_PLACEMENT_3D('',#5009,#3801,#3802);
#3254=AXIS2_PLACEMENT_3D('',#5011,#3804,#3805);
#3255=AXIS2_PLACEMENT_3D('',#5012,#3806,#3807);
#3256=AXIS2_PLACEMENT_3D('',#5013,#3808,#3809);
#3257=AXIS2_PLACEMENT_3D('',#5014,#3810,#3811);
#3258=AXIS2_PLACEMENT_3D('',#5015,#3812,#3813);
#3259=AXIS2_PLACEMENT_3D('',#5016,#3814,#3815);
#3260=AXIS2_PLACEMENT_3D('',#5017,#3816,#3817);
#3261=AXIS2_PLACEMENT_3D('',#5018,#3818,#3819);
#3262=AXIS2_PLACEMENT_3D('',#5019,#3820,#3821);
#3263=AXIS2_PLACEMENT_3D('',#5020,#3822,#3823);
#3264=AXIS2_PLACEMENT_3D('',#5031,#3826,#3827);
#3265=AXIS2_PLACEMENT_3D('',#5039,#3829,#3830);
#3266=AXIS2_PLACEMENT_3D('',#5044,#3832,#3833);
#3267=AXIS2_PLACEMENT_3D('',#5049,#3835,#3836);
#3268=AXIS2_PLACEMENT_3D('',#5054,#3838,#3839);
#3269=AXIS2_PLACEMENT_3D('',#5059,#3841,#3842);
#3270=AXIS2_PLACEMENT_3D('',#5064,#3844,#3845);
#3271=AXIS2_PLACEMENT_3D('',#5069,#3847,#3848);
#3272=AXIS2_PLACEMENT_3D('',#5074,#3850,#3851);
#3273=AXIS2_PLACEMENT_3D('',#5079,#3853,#3854);
#3274=AXIS2_PLACEMENT_3D('',#5084,#3856,#3857);
#3275=AXIS2_PLACEMENT_3D('',#5087,#3858,#3859);
#3276=AXIS2_PLACEMENT_3D('',#5092,#3860,#3861);
#3277=AXIS2_PLACEMENT_3D('',#5093,#3862,#3863);
#3278=AXIS2_PLACEMENT_3D('',#5094,#3864,#3865);
#3279=AXIS2_PLACEMENT_3D('',#5100,#3868,#3869);
#3280=AXIS2_PLACEMENT_3D('',#5104,#3871,#3872);
#3281=AXIS2_PLACEMENT_3D('',#5108,#3874,#3875);
#3282=AXIS2_PLACEMENT_3D('',#5113,#3878,#3879);
#3283=AXIS2_PLACEMENT_3D('',#5114,#3880,#3881);
#3284=AXIS2_PLACEMENT_3D('',#5116,#3882,#3883);
#3285=AXIS2_PLACEMENT_3D('',#5118,#3884,#3885);
#3286=AXIS2_PLACEMENT_3D('',#5119,#3886,#3887);
#3287=AXIS2_PLACEMENT_3D('',#5122,#3889,#3890);
#3288=AXIS2_PLACEMENT_3D('',#5123,#3891,#3892);
#3289=AXIS2_PLACEMENT_3D('',#5124,#3893,#3894);
#3290=AXIS2_PLACEMENT_3D('',#5126,#3895,#3896);
#3291=AXIS2_PLACEMENT_3D('',#5127,#3897,#3898);
#3292=AXIS2_PLACEMENT_3D('',#5130,#3900,#3901);
#3293=AXIS2_PLACEMENT_3D('',#5131,#3902,#3903);
#3294=AXIS2_PLACEMENT_3D('',#5173,#3908,#3909);
#3295=AXIS2_PLACEMENT_3D('',#5179,#3913,#3914);
#3296=AXIS2_PLACEMENT_3D('',#5185,#3918,#3919);
#3297=AXIS2_PLACEMENT_3D('',#5186,#3920,#3921);
#3298=AXIS2_PLACEMENT_3D('',#5189,#3923,#3924);
#3299=AXIS2_PLACEMENT_3D('',#5193,#3927,#3928);
#3300=AXIS2_PLACEMENT_3D('',#5194,#3929,#3930);
#3301=AXIS2_PLACEMENT_3D('',#5195,#3931,#3932);
#3302=AXIS2_PLACEMENT_3D('',#5196,#3933,#3934);
#3303=AXIS2_PLACEMENT_3D('',#5197,#3935,#3936);
#3304=AXIS2_PLACEMENT_3D('',#5198,#3937,#3938);
#3305=AXIS2_PLACEMENT_3D('',#5200,#3939,#3940);
#3306=AXIS2_PLACEMENT_3D('',#5210,#3943,#3944);
#3307=AXIS2_PLACEMENT_3D('',#5211,#3945,#3946);
#3308=AXIS2_PLACEMENT_3D('',#5212,#3947,#3948);
#3309=AXIS2_PLACEMENT_3D('',#5219,#3950,#3951);
#3310=AXIS2_PLACEMENT_3D('',#5226,#3953,#3954);
#3311=AXIS2_PLACEMENT_3D('',#5247,#3958,#3959);
#3312=AXIS2_PLACEMENT_3D('',#5266,#3962,#3963);
#3313=AXIS2_PLACEMENT_3D('',#5267,#3964,#3965);
#3314=AXIS2_PLACEMENT_3D('',#5275,#3969,#3970);
#3315=AXIS2_PLACEMENT_3D('',#5288,#3977,#3978);
#3316=AXIS2_PLACEMENT_3D('',#5291,#3980,#3981);
#3317=AXIS2_PLACEMENT_3D('',#5294,#3983,#3984);
#3318=AXIS2_PLACEMENT_3D('',#5295,#3985,#3986);
#3319=AXIS2_PLACEMENT_3D('',#5297,#3987,#3988);
#3320=AXIS2_PLACEMENT_3D('',#5299,#3989,#3990);
#3321=AXIS2_PLACEMENT_3D('',#5300,#3991,#3992);
#3322=AXIS2_PLACEMENT_3D('',#5303,#3994,#3995);
#3323=AXIS2_PLACEMENT_3D('',#5306,#3997,#3998);
#3324=AXIS2_PLACEMENT_3D('',#5307,#3999,#4000);
#3325=AXIS2_PLACEMENT_3D('',#5309,#4001,#4002);
#3326=AXIS2_PLACEMENT_3D('',#5311,#4003,#4004);
#3327=AXIS2_PLACEMENT_3D('',#5312,#4005,#4006);
#3328=AXIS2_PLACEMENT_3D('',#5315,#4008,#4009);
#3329=AXIS2_PLACEMENT_3D('',#5318,#4011,#4012);
#3330=AXIS2_PLACEMENT_3D('',#5322,#4014,#4015);
#3331=AXIS2_PLACEMENT_3D('',#5324,#4017,#4018);
#3332=AXIS2_PLACEMENT_3D('',#5406,#4021,#4022);
#3333=AXIS2_PLACEMENT_3D('',#5412,#4026,#4027);
#3334=AXIS2_PLACEMENT_3D('',#5414,#4029,#4030);
#3335=AXIS2_PLACEMENT_3D('',#5417,#4032,#4033);
#3336=AXIS2_PLACEMENT_3D('',#5418,#4034,#4035);
#3337=AXIS2_PLACEMENT_3D('',#5419,#4036,#4037);
#3338=AXIS2_PLACEMENT_3D('',#5420,#4038,#4039);
#3339=AXIS2_PLACEMENT_3D('',#5421,#4040,#4041);
#3340=AXIS2_PLACEMENT_3D('',#5521,#4042,#4043);
#3341=AXIS2_PLACEMENT_3D('',#5581,#4049,#4050);
#3342=AXIS2_PLACEMENT_3D('',#5638,#4055,#4056);
#3343=AXIS2_PLACEMENT_3D('',#5650,#4062,#4063);
#3344=AXIS2_PLACEMENT_3D('',#5659,#4068,#4069);
#3345=AXIS2_PLACEMENT_3D('',#5671,#4075,#4076);
#3346=AXIS2_PLACEMENT_3D('',#5680,#4081,#4082);
#3347=AXIS2_PLACEMENT_3D('',#5684,#4084,#4085);
#3348=AXIS2_PLACEMENT_3D('',#5688,#4087,#4088);
#3349=AXIS2_PLACEMENT_3D('',#5689,#4089,#4090);
#3350=AXIS2_PLACEMENT_3D('',#5690,#4091,#4092);
#3351=AXIS2_PLACEMENT_3D('',#5692,#4093,#4094);
#3352=AXIS2_PLACEMENT_3D('',#5694,#4095,#4096);
#3353=AXIS2_PLACEMENT_3D('',#5695,#4097,#4098);
#3354=AXIS2_PLACEMENT_3D('',#5698,#4100,#4101);
#3355=AXIS2_PLACEMENT_3D('',#5701,#4103,#4104);
#3356=AXIS2_PLACEMENT_3D('',#5702,#4105,#4106);
#3357=AXIS2_PLACEMENT_3D('',#5705,#4107,#4108);
#3358=AXIS2_PLACEMENT_3D('',#5706,#4109,#4110);
#3359=AXIS2_PLACEMENT_3D('',#5707,#4111,#4112);
#3360=AXIS2_PLACEMENT_3D('',#5710,#4115,#4116);
#3361=AXIS2_PLACEMENT_3D('',#5814,#4119,#4120);
#3362=AXIS2_PLACEMENT_3D('',#5815,#4121,#4122);
#3363=AXIS2_PLACEMENT_3D('',#5816,#4123,#4124);
#3364=AXIS2_PLACEMENT_3D('',#5818,#4126,#4127);
#3365=AXIS2_PLACEMENT_3D('',#5820,#4129,#4130);
#3366=AXIS2_PLACEMENT_3D('',#5821,#4131,#4132);
#3367=AXIS2_PLACEMENT_3D('',#5822,#4133,#4134);
#3368=AXIS2_PLACEMENT_3D('',#5823,#4135,#4136);
#3369=AXIS2_PLACEMENT_3D('',#5852,#4138,#4139);
#3370=AXIS2_PLACEMENT_3D('',#5940,#4140,#4141);
#3371=AXIS2_PLACEMENT_3D('',#5976,#4147,#4148);
#3372=AXIS2_PLACEMENT_3D('',#5978,#4150,#4151);
#3373=AXIS2_PLACEMENT_3D('',#5980,#4153,#4154);
#3374=AXIS2_PLACEMENT_3D('',#5982,#4156,#4157);
#3375=AXIS2_PLACEMENT_3D('',#5984,#4159,#4160);
#3376=AXIS2_PLACEMENT_3D('',#5986,#4162,#4163);
#3377=AXIS2_PLACEMENT_3D('',#5988,#4165,#4166);
#3378=DIRECTION('',(0.,0.,1.));
#3379=DIRECTION('',(1.,0.,0.));
#3380=DIRECTION('',(1.,0.,0.));
#3381=DIRECTION('',(0.,-1.,0.));
#3382=DIRECTION('',(1.,0.,0.));
#3383=DIRECTION('',(0.,1.,0.));
#3384=DIRECTION('',(-1.,0.,0.));
#3385=DIRECTION('',(0.,-1.,0.));
#3386=DIRECTION('',(0.,0.,1.));
#3387=DIRECTION('',(1.,0.,0.));
#3388=DIRECTION('',(0.,-1.,0.));
#3389=DIRECTION('',(1.,0.,0.));
#3390=DIRECTION('',(0.,1.,0.));
#3391=DIRECTION('',(0.,0.,1.));
#3392=DIRECTION('',(1.,0.,0.));
#3393=DIRECTION('',(0.,1.,0.));
#3394=DIRECTION('',(0.,0.,1.));
#3395=DIRECTION('',(-1.,0.,0.));
#3396=DIRECTION('',(0.,1.,0.));
#3397=DIRECTION('',(0.,0.,1.));
#3398=DIRECTION('',(-1.,0.,0.));
#3399=DIRECTION('',(0.,0.,1.));
#3400=DIRECTION('',(1.,0.,0.));
#3401=DIRECTION('',(1.,0.,5.17441752714931E-16));
#3402=DIRECTION('',(5.17441752714931E-16,0.,-1.));
#3403=DIRECTION('',(-4.85722573273506E-16,0.,1.));
#3404=DIRECTION('',(-1.,0.,-4.74338601410688E-16));
#3405=DIRECTION('',(1.,0.,5.17441752714931E-16));
#3406=DIRECTION('',(5.17441752714931E-16,0.,-1.));
#3407=DIRECTION('',(0.,0.,1.));
#3408=DIRECTION('',(-1.,0.,0.));
#3409=DIRECTION('',(0.,0.,-1.));
#3410=DIRECTION('',(-1.,0.,0.));
#3411=DIRECTION('',(0.,1.,0.));
#3412=DIRECTION('',(0.,1.,0.));
#3413=DIRECTION('',(0.,0.,1.));
#3414=DIRECTION('',(-1.,0.,0.));
#3415=DIRECTION('',(0.,0.,-1.));
#3416=DIRECTION('',(-1.,0.,0.));
#3417=DIRECTION('',(1.,0.,5.17441752714931E-16));
#3418=DIRECTION('',(5.17441752714931E-16,0.,-1.));
#3419=DIRECTION('',(0.,0.,1.));
#3420=DIRECTION('',(-1.,0.,0.));
#3421=DIRECTION('',(1.,0.,5.17441752714931E-16));
#3422=DIRECTION('',(5.17441752714931E-16,0.,-1.));
#3423=DIRECTION('',(0.,0.,-1.));
#3424=DIRECTION('',(-1.,0.,0.));
#3425=DIRECTION('',(-1.,0.,-4.85722573273506E-16));
#3426=DIRECTION('',(0.,-1.,0.));
#3427=DIRECTION('',(0.,-1.,0.));
#3428=DIRECTION('',(1.,0.,4.85722573273506E-16));
#3429=DIRECTION('',(0.,-1.,0.));
#3430=DIRECTION('',(4.85722573273506E-16,0.,-1.));
#3431=DIRECTION('',(-1.,0.,-8.67361737988404E-16));
#3432=DIRECTION('',(4.85722573273506E-16,0.,-1.));
#3433=DIRECTION('',(-1.,0.,-8.67361737988404E-16));
#3434=DIRECTION('',(4.85722573273506E-16,0.,-1.));
#3435=DIRECTION('',(-1.,0.,-4.85722573273506E-16));
#3436=DIRECTION('',(5.17441752714931E-16,0.,-1.));
#3437=DIRECTION('',(-5.17441752714931E-16,0.,1.));
#3438=DIRECTION('',(0.,-1.,0.));
#3439=DIRECTION('',(0.,0.,-1.));
#3440=DIRECTION('',(0.,0.,1.));
#3441=DIRECTION('',(0.,0.,1.));
#3442=DIRECTION('',(-1.,0.,0.));
#3443=DIRECTION('',(0.,0.,-1.));
#3444=DIRECTION('',(0.,0.,1.));
#3445=DIRECTION('',(-1.,0.,0.));
#3446=DIRECTION('',(0.,0.,-1.));
#3447=DIRECTION('',(-1.,0.,0.));
#3448=DIRECTION('',(1.,0.,5.17441752714931E-16));
#3449=DIRECTION('',(5.17441752714931E-16,0.,-1.));
#3450=DIRECTION('',(0.,0.,-1.));
#3451=DIRECTION('',(1.,0.,5.17441752714931E-16));
#3452=DIRECTION('',(5.17441752714931E-16,0.,-1.));
#3453=DIRECTION('',(-1.,0.,-5.17441752714931E-16));
#3454=DIRECTION('',(5.17441752714931E-16,0.,-1.));
#3455=DIRECTION('',(0.,0.,1.));
#3456=DIRECTION('',(1.,0.,5.17441752714931E-16));
#3457=DIRECTION('',(5.17441752714931E-16,0.,-1.));
#3458=DIRECTION('',(1.,0.,5.17441752714931E-16));
#3459=DIRECTION('',(5.17441752714931E-16,0.,-1.));
#3460=DIRECTION('',(-5.17441752714931E-16,0.,1.));
#3461=DIRECTION('',(-1.,0.,-5.17441752714931E-16));
#3462=DIRECTION('',(-5.16947595841089E-16,0.,1.));
#3463=DIRECTION('',(5.17441752714931E-16,0.,-1.));
#3464=DIRECTION('',(0.,-1.,0.));
#3465=DIRECTION('',(0.,0.,-1.));
#3466=DIRECTION('',(0.,0.,-1.));
#3467=DIRECTION('',(-1.,0.,-5.17441752714931E-16));
#3468=DIRECTION('',(5.17441752714931E-16,0.,-1.));
#3469=DIRECTION('',(1.,0.,5.17441752714931E-16));
#3470=DIRECTION('',(5.17441752714931E-16,0.,-1.));
#3471=DIRECTION('',(0.,0.,1.));
#3472=DIRECTION('',(1.,0.,5.17441752714931E-16));
#3473=DIRECTION('',(5.17441752714931E-16,0.,-1.));
#3474=DIRECTION('',(1.,0.,5.17441752714931E-16));
#3475=DIRECTION('',(5.17441752714931E-16,0.,-1.));
#3476=DIRECTION('',(1.,0.,5.17441752714931E-16));
#3477=DIRECTION('',(5.17441752714931E-16,0.,-1.));
#3478=DIRECTION('',(0.,0.,-1.));
#3479=DIRECTION('',(-1.,0.,0.));
#3480=DIRECTION('',(0.,0.,1.));
#3481=DIRECTION('',(-1.,0.,0.));
#3482=DIRECTION('',(0.,0.,-1.));
#3483=DIRECTION('',(-1.,0.,0.));
#3484=DIRECTION('',(0.,0.,1.));
#3485=DIRECTION('',(-1.,0.,0.));
#3486=DIRECTION('',(0.,0.,-1.));
#3487=DIRECTION('',(-1.,0.,0.));
#3488=DIRECTION('',(0.,0.,-1.));
#3489=DIRECTION('',(-1.,0.,0.));
#3490=DIRECTION('',(0.,0.,1.));
#3491=DIRECTION('',(-1.,0.,0.));
#3492=DIRECTION('',(0.,0.,-1.));
#3493=DIRECTION('',(-1.,0.,0.));
#3494=DIRECTION('',(0.,0.,-1.));
#3495=DIRECTION('',(-1.,0.,0.));
#3496=DIRECTION('',(0.,0.,-1.));
#3497=DIRECTION('',(-1.,0.,-8.67361737988404E-16));
#3498=DIRECTION('',(0.,0.,-1.));
#3499=DIRECTION('',(-1.,0.,-8.67361737988404E-16));
#3500=DIRECTION('',(0.,1.,0.));
#3501=DIRECTION('',(0.,1.,0.));
#3502=DIRECTION('',(0.,1.,0.));
#3503=DIRECTION('',(-0.132163720091018,0.,0.991227900682635));
#3504=DIRECTION('',(0.991227900682635,0.,0.132163720091018));
#3505=DIRECTION('',(0.,1.,0.));
#3506=DIRECTION('',(0.,1.,0.));
#3507=DIRECTION('',(0.,1.,0.));
#3508=DIRECTION('',(0.,1.,0.));
#3509=DIRECTION('',(0.,1.,0.));
#3510=DIRECTION('',(-0.175033334717494,0.,-0.984562507785907));
#3511=DIRECTION('',(-0.984562507785907,0.,0.175033334717494));
#3512=DIRECTION('',(0.,1.,0.));
#3513=DIRECTION('',(0.,1.,0.));
#3514=DIRECTION('',(0.,1.,0.));
#3515=DIRECTION('',(-0.992083472687499,0.,0.12558018641614));
#3516=DIRECTION('',(0.12558018641614,0.,0.992083472687499));
#3517=DIRECTION('',(0.,1.,0.));
#3518=DIRECTION('',(0.,1.,0.));
#3519=DIRECTION('',(0.,0.,1.));
#3520=DIRECTION('',(4.85722573273506E-16,0.,-1.));
#3521=DIRECTION('',(0.,0.,-1.));
#3522=DIRECTION('',(-1.,0.,0.));
#3523=DIRECTION('',(-4.85722573273506E-16,0.,1.));
#3524=DIRECTION('',(0.,0.,-1.));
#3525=DIRECTION('',(-1.,0.,0.));
#3526=DIRECTION('',(4.85722573273506E-16,0.,-1.));
#3527=DIRECTION('',(-1.,0.,-5.22043439600621E-16));
#3528=DIRECTION('',(0.,0.,1.));
#3529=DIRECTION('',(-1.,0.,0.));
#3530=DIRECTION('',(0.,0.,1.));
#3531=DIRECTION('',(0.,0.,1.));
#3532=DIRECTION('',(-1.,0.,0.));
#3533=DIRECTION('',(0.,0.,-1.));
#3534=DIRECTION('',(0.,0.,-1.));
#3535=DIRECTION('',(-1.,0.,0.));
#3536=DIRECTION('',(1.,0.,5.17441752714931E-16));
#3537=DIRECTION('',(5.17441752714931E-16,0.,-1.));
#3538=DIRECTION('',(0.,0.,1.));
#3539=DIRECTION('',(1.,0.,0.));
#3540=DIRECTION('',(1.,0.,5.17441752714931E-16));
#3541=DIRECTION('',(5.17441752714931E-16,0.,-1.));
#3542=DIRECTION('',(0.,0.,-1.));
#3543=DIRECTION('',(-1.,0.,0.));
#3544=DIRECTION('',(-1.,0.,-5.17441752714931E-16));
#3545=DIRECTION('',(5.17441752714931E-16,0.,-1.));
#3546=DIRECTION('',(-1.,0.,-5.17441752714931E-16));
#3547=DIRECTION('',(5.17441752714931E-16,0.,-1.));
#3548=DIRECTION('',(0.,0.,-1.));
#3549=DIRECTION('',(-1.,0.,0.));
#3550=DIRECTION('',(0.,1.,0.));
#3551=DIRECTION('',(4.85722573273506E-16,0.,-1.));
#3552=DIRECTION('',(0.,-1.,0.));
#3553=DIRECTION('',(-4.85722573273506E-16,0.,1.));
#3554=DIRECTION('',(1.,0.,5.17441752714931E-16));
#3555=DIRECTION('',(5.17441752714931E-16,0.,-1.));
#3556=DIRECTION('',(0.,0.,-1.));
#3557=DIRECTION('',(-1.,0.,0.));
#3558=DIRECTION('',(4.85722573273506E-16,0.,-1.));
#3559=DIRECTION('',(1.,0.,5.22043439600621E-16));
#3560=DIRECTION('',(-4.85722573273506E-16,0.,1.));
#3561=DIRECTION('',(1.,0.,4.85722573273506E-16));
#3562=DIRECTION('',(4.85722573273506E-16,0.,-1.));
#3563=DIRECTION('',(-1.,0.,-5.22043439600621E-16));
#3564=DIRECTION('',(-1.,0.,-5.17441752714931E-16));
#3565=DIRECTION('',(5.17441752714931E-16,0.,-1.));
#3566=DIRECTION('',(0.,0.,1.));
#3567=DIRECTION('',(1.,0.,0.));
#3568=DIRECTION('',(-1.,0.,-5.17441752714931E-16));
#3569=DIRECTION('',(5.17441752714931E-16,0.,-1.));
#3570=DIRECTION('',(0.,0.,1.));
#3571=DIRECTION('',(-1.,0.,0.));
#3572=DIRECTION('',(0.,0.,-1.));
#3573=DIRECTION('',(-1.,0.,0.));
#3574=DIRECTION('',(1.,0.,5.17441752714931E-16));
#3575=DIRECTION('',(5.17441752714931E-16,0.,-1.));
#3576=DIRECTION('',(0.,0.,-1.));
#3577=DIRECTION('',(-1.,0.,0.));
#3578=DIRECTION('',(1.,0.,5.17441752714931E-16));
#3579=DIRECTION('',(5.17441752714931E-16,0.,-1.));
#3580=DIRECTION('',(0.,0.,1.));
#3581=DIRECTION('',(-1.,0.,0.));
#3582=DIRECTION('',(0.,0.,-1.));
#3583=DIRECTION('',(-1.,0.,0.));
#3584=DIRECTION('',(-4.85722573273506E-16,0.,1.));
#3585=DIRECTION('',(0.,-1.,0.));
#3586=DIRECTION('',(4.85722573273506E-16,0.,-1.));
#3587=DIRECTION('',(0.,0.,1.));
#3588=DIRECTION('',(4.85722573273506E-16,0.,-1.));
#3589=DIRECTION('',(0.,1.,0.));
#3590=DIRECTION('',(-4.85722573273506E-16,0.,1.));
#3591=DIRECTION('',(0.,0.,-1.));
#3592=DIRECTION('',(1.,0.,5.17441752714931E-16));
#3593=DIRECTION('',(5.17441752714931E-16,0.,-1.));
#3594=DIRECTION('',(0.,0.,-1.));
#3595=DIRECTION('',(-1.,0.,0.));
#3596=DIRECTION('',(0.,0.,-1.));
#3597=DIRECTION('',(-1.,0.,0.));
#3598=DIRECTION('',(4.85722573273506E-16,0.,-1.));
#3599=DIRECTION('',(1.,0.,5.22043439600621E-16));
#3600=DIRECTION('',(-4.85722573273506E-16,0.,1.));
#3601=DIRECTION('',(1.,0.,4.85722573273506E-16));
#3602=DIRECTION('',(0.,0.,-1.));
#3603=DIRECTION('',(-1.,0.,0.));
#3604=DIRECTION('',(4.85722573273506E-16,0.,-1.));
#3605=DIRECTION('',(-1.,0.,-5.22043439600621E-16));
#3606=DIRECTION('',(4.85722573273506E-16,0.,-1.));
#3607=DIRECTION('',(-1.,0.,-5.22043439600621E-16));
#3608=DIRECTION('',(0.,-1.,0.));
#3609=DIRECTION('',(-5.17441752714931E-16,0.,1.));
#3610=DIRECTION('',(0.,-1.,0.));
#3611=DIRECTION('',(-4.85722573273506E-16,0.,1.));
#3612=DIRECTION('',(1.,0.,5.17441752714931E-16));
#3613=DIRECTION('',(5.17441752714931E-16,0.,-1.));
#3614=DIRECTION('',(0.,0.,-1.));
#3615=DIRECTION('',(-1.,0.,-5.17441752714931E-16));
#3616=DIRECTION('',(5.17441752714931E-16,0.,-1.));
#3617=DIRECTION('',(0.,-1.,0.));
#3618=DIRECTION('',(-1.,0.,-5.17441752714931E-16));
#3619=DIRECTION('',(5.17441752714931E-16,0.,-1.));
#3620=DIRECTION('',(1.,0.,5.17441752714931E-16));
#3621=DIRECTION('',(5.17441752714931E-16,0.,-1.));
#3622=DIRECTION('',(0.,-1.,0.));
#3623=DIRECTION('',(-4.85722573273506E-16,0.,1.));
#3624=DIRECTION('',(1.,0.,5.22043439600621E-16));
#3625=DIRECTION('',(1.,0.,4.85722573273506E-16));
#3626=DIRECTION('',(0.,1.,0.));
#3627=DIRECTION('',(1.,0.,4.85722573273506E-16));
#3628=DIRECTION('',(-4.85722573273506E-16,0.,1.));
#3629=DIRECTION('',(1.,0.,4.85722573273506E-16));
#3630=DIRECTION('',(1.,0.,4.85722573273506E-16));
#3631=DIRECTION('',(1.7248058423831E-16,0.,-1.));
#3632=DIRECTION('',(1.,0.,4.85722573273506E-16));
#3633=DIRECTION('',(0.,-1.,0.));
#3634=DIRECTION('',(0.,0.,-1.));
#3635=DIRECTION('',(1.7248058423831E-16,0.,-1.));
#3636=DIRECTION('',(-1.,0.,-4.85722573273506E-16));
#3637=DIRECTION('',(-5.17441752714931E-16,0.,1.));
#3638=DIRECTION('',(0.,-1.,0.));
#3639=DIRECTION('',(0.,0.,-1.));
#3640=DIRECTION('',(0.,-1.,0.));
#3641=DIRECTION('',(1.,0.,1.7248058423831E-16));
#3642=DIRECTION('',(1.73472347597681E-16,0.,-1.));
#3643=DIRECTION('',(0.,-1.,0.));
#3644=DIRECTION('',(-1.,0.,-5.17441752714931E-16));
#3645=DIRECTION('',(5.17441752714931E-16,0.,-1.));
#3646=DIRECTION('',(0.,-1.,0.));
#3647=DIRECTION('',(-1.,0.,-5.17441752714931E-16));
#3648=DIRECTION('',(5.17441752714931E-16,0.,-1.));
#3649=DIRECTION('',(0.,0.,1.));
#3650=DIRECTION('',(1.,0.,5.17441752714931E-16));
#3651=DIRECTION('',(5.17441752714931E-16,0.,-1.));
#3652=DIRECTION('',(4.85722573273506E-16,0.,-1.));
#3653=DIRECTION('',(1.,0.,5.17441752714931E-16));
#3654=DIRECTION('',(5.17441752714931E-16,0.,-1.));
#3655=DIRECTION('',(0.,0.,-1.));
#3656=DIRECTION('',(1.,0.,0.));
#3657=DIRECTION('',(0.,0.,1.));
#3658=DIRECTION('',(-1.,0.,0.));
#3659=DIRECTION('',(0.,0.,-1.));
#3660=DIRECTION('',(-1.,0.,0.));
#3661=DIRECTION('',(0.,0.,1.));
#3662=DIRECTION('',(-1.,0.,0.));
#3663=DIRECTION('',(0.,0.,-1.));
#3664=DIRECTION('',(-1.,0.,0.));
#3665=DIRECTION('',(0.,0.,1.));
#3666=DIRECTION('',(-1.,0.,0.));
#3667=DIRECTION('',(0.,0.,-1.));
#3668=DIRECTION('',(-1.,0.,0.));
#3669=DIRECTION('',(0.,0.,1.));
#3670=DIRECTION('',(-1.,0.,0.));
#3671=DIRECTION('',(0.,0.,1.));
#3672=DIRECTION('',(1.,0.,0.));
#3673=DIRECTION('',(4.85722573273506E-16,0.,-1.));
#3674=DIRECTION('',(-1.,0.,-4.74338601410688E-16));
#3675=DIRECTION('',(0.,0.,-1.));
#3676=DIRECTION('',(-1.,0.,0.));
#3677=DIRECTION('',(4.85722573273506E-16,0.,-1.));
#3678=DIRECTION('',(-1.,0.,-5.22043439600621E-16));
#3679=DIRECTION('',(4.85722573273506E-16,0.,-1.));
#3680=DIRECTION('',(-1.,0.,0.));
#3681=DIRECTION('',(4.85722573273506E-16,0.,-1.));
#3682=DIRECTION('',(-1.,0.,0.));
#3683=DIRECTION('',(0.,-1.,0.));
#3684=DIRECTION('',(0.,1.,0.));
#3685=DIRECTION('',(4.85722573273506E-16,0.,-1.));
#3686=DIRECTION('',(-1.,0.,-4.85722573273506E-16));
#3687=DIRECTION('',(0.,0.,-1.));
#3688=DIRECTION('',(-1.,0.,0.));
#3689=DIRECTION('',(0.,0.,-1.));
#3690=DIRECTION('',(-1.,0.,0.));
#3691=DIRECTION('',(0.,1.,0.));
#3692=DIRECTION('',(1.,0.,0.));
#3693=DIRECTION('',(0.,0.,-1.));
#3694=DIRECTION('',(0.,1.,0.));
#3695=DIRECTION('',(-6.43091317684158E-16,0.,1.));
#3696=DIRECTION('',(1.,0.,6.43582409587395E-16));
#3697=DIRECTION('',(0.,1.,0.));
#3698=DIRECTION('',(0.,1.,0.));
#3699=DIRECTION('',(0.,1.,0.));
#3700=DIRECTION('',(-0.102165304180829,0.,-0.994767435444908));
#3701=DIRECTION('',(-0.994767435444908,0.,0.102165304180829));
#3702=DIRECTION('',(0.,1.,0.));
#3703=DIRECTION('',(0.,-1.,0.));
#3704=DIRECTION('',(0.,0.,-1.));
#3705=DIRECTION('',(1.,0.,0.));
#3706=DIRECTION('',(0.,-1.,0.));
#3707=DIRECTION('',(0.,1.,0.));
#3708=DIRECTION('',(1.,0.,0.));
#3709=DIRECTION('',(0.,1.,0.));
#3710=DIRECTION('',(0.,0.,1.));
#3711=DIRECTION('',(1.,0.,0.));
#3712=DIRECTION('',(0.,1.,0.));
#3713=DIRECTION('',(-1.,0.,0.));
#3714=DIRECTION('',(0.,-1.,0.));
#3715=DIRECTION('',(0.,0.,1.));
#3716=DIRECTION('',(1.,0.,0.));
#3717=DIRECTION('',(0.,0.,1.));
#3718=DIRECTION('',(-1.,0.,0.));
#3719=DIRECTION('',(0.,0.,-1.));
#3720=DIRECTION('',(0.,0.,1.));
#3721=DIRECTION('',(-1.,0.,0.));
#3722=DIRECTION('',(0.,0.,1.));
#3723=DIRECTION('',(0.,0.,-1.));
#3724=DIRECTION('',(-1.,0.,0.));
#3725=DIRECTION('',(0.,0.,1.));
#3726=DIRECTION('',(-1.,0.,0.));
#3727=DIRECTION('',(1.,0.,5.17441752714931E-16));
#3728=DIRECTION('',(5.17441752714931E-16,0.,-1.));
#3729=DIRECTION('',(1.,0.,5.17441752714931E-16));
#3730=DIRECTION('',(5.17441752714931E-16,0.,-1.));
#3731=DIRECTION('',(0.,0.,-1.));
#3732=DIRECTION('',(-1.,0.,0.));
#3733=DIRECTION('',(-1.,0.,-5.17441752714931E-16));
#3734=DIRECTION('',(5.17441752714931E-16,0.,-1.));
#3735=DIRECTION('',(0.,0.,1.));
#3736=DIRECTION('',(-1.,0.,0.));
#3737=DIRECTION('',(-1.,0.,-5.17441752714931E-16));
#3738=DIRECTION('',(5.17441752714931E-16,0.,-1.));
#3739=DIRECTION('',(0.,0.,-1.));
#3740=DIRECTION('',(-1.,0.,0.));
#3741=DIRECTION('',(0.,0.,1.));
#3742=DIRECTION('',(0.,0.,1.));
#3743=DIRECTION('',(-1.,0.,0.));
#3744=DIRECTION('',(0.,0.,-1.));
#3745=DIRECTION('',(0.,0.,-1.));
#3746=DIRECTION('',(-1.,0.,0.));
#3747=DIRECTION('',(0.,-1.,0.));
#3748=DIRECTION('',(-1.,0.,-5.17441752714931E-16));
#3749=DIRECTION('',(5.17441752714931E-16,0.,-1.));
#3750=DIRECTION('',(0.,1.,0.));
#3751=DIRECTION('',(-5.17441752714931E-16,0.,1.));
#3752=DIRECTION('',(-1.,0.,-5.17441752714931E-16));
#3753=DIRECTION('',(5.17441752714931E-16,0.,-1.));
#3754=DIRECTION('',(0.,-1.,0.));
#3755=DIRECTION('',(-1.,0.,-5.17441752714931E-16));
#3756=DIRECTION('',(5.17441752714931E-16,0.,-1.));
#3757=DIRECTION('',(0.,0.,-1.));
#3758=DIRECTION('',(-1.,0.,-5.17441752714931E-16));
#3759=DIRECTION('',(5.17441752714931E-16,0.,-1.));
#3760=DIRECTION('',(1.,0.,5.17441752714931E-16));
#3761=DIRECTION('',(5.17441752714931E-16,0.,-1.));
#3762=DIRECTION('',(-1.,0.,-5.17441752714931E-16));
#3763=DIRECTION('',(5.17441752714931E-16,0.,-1.));
#3764=DIRECTION('',(0.,0.,1.));
#3765=DIRECTION('',(-1.,0.,-5.17441752714931E-16));
#3766=DIRECTION('',(5.17441752714931E-16,0.,-1.));
#3767=DIRECTION('',(0.,-1.,0.));
#3768=DIRECTION('',(-1.,0.,-5.17441752714931E-16));
#3769=DIRECTION('',(5.17441752714931E-16,0.,-1.));
#3770=DIRECTION('',(-5.17441752714931E-16,0.,1.));
#3771=DIRECTION('',(0.,1.,0.));
#3772=DIRECTION('',(-1.,0.,-5.17441752714931E-16));
#3773=DIRECTION('',(5.17441752714931E-16,0.,-1.));
#3774=DIRECTION('',(0.,-1.,0.));
#3775=DIRECTION('',(1.,0.,5.17441752714931E-16));
#3776=DIRECTION('',(5.17441752714931E-16,0.,-1.));
#3777=DIRECTION('',(0.,0.,1.));
#3778=DIRECTION('',(-1.,0.,0.));
#3779=DIRECTION('',(0.,0.,-1.));
#3780=DIRECTION('',(-1.,0.,0.));
#3781=DIRECTION('',(-4.85722573273506E-16,0.,1.));
#3782=DIRECTION('',(-1.,0.,-4.74338601410688E-16));
#3783=DIRECTION('',(0.,0.,-1.));
#3784=DIRECTION('',(-1.,0.,0.));
#3785=DIRECTION('',(-1.,0.,-4.85722573273506E-16));
#3786=DIRECTION('',(0.,1.,0.));
#3787=DIRECTION('',(1.,0.,4.85722573273506E-16));
#3788=DIRECTION('',(4.85722573273506E-16,0.,-1.));
#3789=DIRECTION('',(-1.,0.,-8.67361737988404E-16));
#3790=DIRECTION('',(4.85722573273506E-16,0.,-1.));
#3791=DIRECTION('',(-0.999999999999999,0.,-8.67361737988404E-16));
#3792=DIRECTION('',(4.85722573273506E-16,0.,-1.));
#3793=DIRECTION('',(-1.,0.,-4.85722573273506E-16));
#3794=DIRECTION('',(0.,0.,1.));
#3795=DIRECTION('',(-1.,0.,0.));
#3796=DIRECTION('',(0.,0.,1.));
#3797=DIRECTION('',(-1.,0.,0.));
#3798=DIRECTION('',(0.,0.,1.));
#3799=DIRECTION('',(1.,0.,0.));
#3800=DIRECTION('',(1.7248058423831E-16,0.,-1.));
#3801=DIRECTION('',(0.,-1.,0.));
#3802=DIRECTION('',(0.,0.,-1.));
#3803=DIRECTION('',(1.7248058423831E-16,0.,-1.));
#3804=DIRECTION('',(0.,-1.,0.));
#3805=DIRECTION('',(0.,0.,-1.));
#3806=DIRECTION('',(1.,0.,1.7248058423831E-16));
#3807=DIRECTION('',(1.73472347597681E-16,0.,-1.));
#3808=DIRECTION('',(0.,0.,-1.));
#3809=DIRECTION('',(-1.,0.,0.));
#3810=DIRECTION('',(0.,0.,1.));
#3811=DIRECTION('',(-1.,0.,0.));
#3812=DIRECTION('',(0.,0.,-1.));
#3813=DIRECTION('',(-1.,0.,0.));
#3814=DIRECTION('',(0.,0.,1.));
#3815=DIRECTION('',(-1.,0.,0.));
#3816=DIRECTION('',(0.,0.,-1.));
#3817=DIRECTION('',(-1.,0.,0.));
#3818=DIRECTION('',(0.,0.,-1.));
#3819=DIRECTION('',(-1.,0.,0.));
#3820=DIRECTION('',(0.,0.,-1.));
#3821=DIRECTION('',(-0.999999999999999,0.,0.));
#3822=DIRECTION('',(0.,0.,-1.));
#3823=DIRECTION('',(-1.,0.,0.));
#3824=DIRECTION('',(0.,1.,0.));
#3825=DIRECTION('',(0.,1.,0.));
#3826=DIRECTION('',(-1.,0.,0.));
#3827=DIRECTION('',(0.,0.,1.));
#3828=DIRECTION('',(0.,1.,0.));
#3829=DIRECTION('',(0.,0.,1.));
#3830=DIRECTION('',(1.,0.,0.));
#3831=DIRECTION('',(0.,1.,0.));
#3832=DIRECTION('',(-1.,0.,0.));
#3833=DIRECTION('',(0.,0.,1.));
#3834=DIRECTION('',(0.,1.,0.));
#3835=DIRECTION('',(1.,0.,0.));
#3836=DIRECTION('',(0.,0.,-1.));
#3837=DIRECTION('',(0.,1.,0.));
#3838=DIRECTION('',(0.,0.,-1.));
#3839=DIRECTION('',(-1.,0.,0.));
#3840=DIRECTION('',(0.,1.,0.));
#3841=DIRECTION('',(1.,0.,0.));
#3842=DIRECTION('',(0.,0.,-1.));
#3843=DIRECTION('',(0.,1.,0.));
#3844=DIRECTION('',(0.,0.,1.));
#3845=DIRECTION('',(1.,0.,0.));
#3846=DIRECTION('',(0.,1.,0.));
#3847=DIRECTION('',(1.,0.,0.));
#3848=DIRECTION('',(0.,0.,-1.));
#3849=DIRECTION('',(0.,1.,0.));
#3850=DIRECTION('',(0.,0.,1.));
#3851=DIRECTION('',(1.,0.,0.));
#3852=DIRECTION('',(0.,1.,0.));
#3853=DIRECTION('',(-0.817611345781302,0.,0.575770516134412));
#3854=DIRECTION('',(0.575770516134412,0.,0.817611345781302));
#3855=DIRECTION('',(0.,1.,0.));
#3856=DIRECTION('',(-1.,0.,0.));
#3857=DIRECTION('',(0.,0.,1.));
#3858=DIRECTION('',(0.,0.,-1.));
#3859=DIRECTION('',(-1.,0.,0.));
#3860=DIRECTION('',(0.821386137150304,0.,-0.570372521863827));
#3861=DIRECTION('',(-0.570372521863827,0.,-0.821386137150304));
#3862=DIRECTION('',(0.,1.,0.));
#3863=DIRECTION('',(0.,0.,1.));
#3864=DIRECTION('',(0.,-1.,0.));
#3865=DIRECTION('',(0.,0.,-1.));
#3866=DIRECTION('',(5.17441752714931E-16,0.,-1.));
#3867=DIRECTION('',(0.,1.,0.));
#3868=DIRECTION('',(1.,0.,5.17441752714931E-16));
#3869=DIRECTION('',(5.17441752714931E-16,0.,-1.));
#3870=DIRECTION('',(0.,1.,0.));
#3871=DIRECTION('',(1.,0.,5.17441752714931E-16));
#3872=DIRECTION('',(5.17441752714931E-16,0.,-1.));
#3873=DIRECTION('',(0.,0.,1.));
#3874=DIRECTION('',(-1.,0.,-5.17441752714931E-16));
#3875=DIRECTION('',(5.17441752714931E-16,0.,-1.));
#3876=DIRECTION('',(4.85722573273506E-16,0.,-1.));
#3877=DIRECTION('',(0.,1.,0.));
#3878=DIRECTION('',(1.,0.,5.17441752714931E-16));
#3879=DIRECTION('',(5.17441752714931E-16,0.,-1.));
#3880=DIRECTION('',(4.85722573273506E-16,0.,-1.));
#3881=DIRECTION('',(-1.,0.,-4.74338601410688E-16));
#3882=DIRECTION('',(1.,0.,5.17441752714931E-16));
#3883=DIRECTION('',(5.17441752714931E-16,0.,-1.));
#3884=DIRECTION('',(0.,0.,1.));
#3885=DIRECTION('',(-1.,0.,0.));
#3886=DIRECTION('',(0.,0.,-1.));
#3887=DIRECTION('',(-1.,0.,0.));
#3888=DIRECTION('',(0.,1.,0.));
#3889=DIRECTION('',(0.,0.,1.));
#3890=DIRECTION('',(-1.,0.,0.));
#3891=DIRECTION('',(0.,0.,1.));
#3892=DIRECTION('',(1.,0.,0.));
#3893=DIRECTION('',(1.,0.,5.17441752714931E-16));
#3894=DIRECTION('',(5.17441752714931E-16,0.,-1.));
#3895=DIRECTION('',(0.,0.,1.));
#3896=DIRECTION('',(-1.,0.,0.));
#3897=DIRECTION('',(0.,0.,-1.));
#3898=DIRECTION('',(-1.,0.,0.));
#3899=DIRECTION('',(0.,0.,-1.));
#3900=DIRECTION('',(0.,0.,1.));
#3901=DIRECTION('',(-1.,0.,0.));
#3902=DIRECTION('',(0.,0.,-1.));
#3903=DIRECTION('',(-1.,0.,0.));
#3904=DIRECTION('',(1.,0.,4.85722573273506E-16));
#3905=DIRECTION('',(1.,0.,4.85722573273506E-16));
#3906=DIRECTION('',(-5.17441752714931E-16,0.,1.));
#3907=DIRECTION('',(1.,0.,4.85722573273506E-16));
#3908=DIRECTION('',(0.,-1.,0.));
#3909=DIRECTION('',(0.,0.,-1.));
#3910=DIRECTION('',(-5.17441752714931E-16,0.,1.));
#3911=DIRECTION('',(0.,1.,0.));
#3912=DIRECTION('',(0.,1.,0.));
#3913=DIRECTION('',(-1.,0.,-5.17441752714931E-16));
#3914=DIRECTION('',(-5.16947595841089E-16,0.,1.));
#3915=DIRECTION('',(5.17441752714931E-16,0.,-1.));
#3916=DIRECTION('',(-1.,0.,-4.85722573273506E-16));
#3917=DIRECTION('',(1.,0.,4.85722573273506E-16));
#3918=DIRECTION('',(0.,-1.,0.));
#3919=DIRECTION('',(0.,0.,-1.));
#3920=DIRECTION('',(-4.85722573273506E-16,0.,1.));
#3921=DIRECTION('',(1.,0.,5.22043439600621E-16));
#3922=DIRECTION('',(0.,1.,0.));
#3923=DIRECTION('',(-4.85722573273506E-16,0.,1.));
#3924=DIRECTION('',(1.,0.,4.85722573273506E-16));
#3925=DIRECTION('',(0.,1.,0.));
#3926=DIRECTION('',(-4.85722573273506E-16,0.,1.));
#3927=DIRECTION('',(-1.,0.,-5.17441752714931E-16));
#3928=DIRECTION('',(5.17441752714931E-16,0.,-1.));
#3929=DIRECTION('',(1.,0.,5.17441752714931E-16));
#3930=DIRECTION('',(5.17441752714931E-16,0.,-1.));
#3931=DIRECTION('',(0.,0.,-1.));
#3932=DIRECTION('',(1.,0.,0.));
#3933=DIRECTION('',(0.,0.,-1.));
#3934=DIRECTION('',(-1.,0.,0.));
#3935=DIRECTION('',(4.85722573273506E-16,0.,-1.));
#3936=DIRECTION('',(-1.,0.,-5.22043439600621E-16));
#3937=DIRECTION('',(4.85722573273506E-16,0.,-1.));
#3938=DIRECTION('',(-1.,0.,0.));
#3939=DIRECTION('',(4.85722573273506E-16,0.,-1.));
#3940=DIRECTION('',(-1.,0.,0.));
#3941=DIRECTION('',(0.,1.,0.));
#3942=DIRECTION('',(0.,-1.,0.));
#3943=DIRECTION('',(4.85722573273506E-16,0.,-1.));
#3944=DIRECTION('',(-1.,0.,-4.85722573273506E-16));
#3945=DIRECTION('',(0.,0.,-1.));
#3946=DIRECTION('',(-1.,0.,0.));
#3947=DIRECTION('',(0.,0.,-1.));
#3948=DIRECTION('',(-1.,0.,0.));
#3949=DIRECTION('',(0.,1.,0.));
#3950=DIRECTION('',(1.,0.,9.42355959405385E-16));
#3951=DIRECTION('',(9.41954847455406E-16,0.,-1.));
#3952=DIRECTION('',(0.,1.,0.));
#3953=DIRECTION('',(0.,0.,1.));
#3954=DIRECTION('',(1.,0.,0.));
#3955=DIRECTION('',(0.,1.,0.));
#3956=DIRECTION('',(0.,1.,0.));
#3957=DIRECTION('',(0.,1.,0.));
#3958=DIRECTION('',(-1.,0.,0.));
#3959=DIRECTION('',(0.,0.,1.));
#3960=DIRECTION('',(0.,1.,0.));
#3961=DIRECTION('',(0.,1.,0.));
#3962=DIRECTION('',(-1.,0.,-4.03123502541333E-16));
#3963=DIRECTION('',(-4.02455846426619E-16,0.,1.));
#3964=DIRECTION('',(0.,-1.,0.));
#3965=DIRECTION('',(0.,0.,-1.));
#3966=DIRECTION('',(0.,1.,0.));
#3967=DIRECTION('',(-1.,0.,0.));
#3968=DIRECTION('',(0.,1.,0.));
#3969=DIRECTION('',(0.,0.,1.));
#3970=DIRECTION('',(-1.,0.,0.));
#3971=DIRECTION('',(0.,1.,0.));
#3972=DIRECTION('',(-1.,0.,0.));
#3973=DIRECTION('',(0.,1.,0.));
#3974=DIRECTION('',(-1.,0.,0.));
#3975=DIRECTION('',(0.,-1.,0.));
#3976=DIRECTION('',(1.,0.,0.));
#3977=DIRECTION('',(0.,0.,-1.));
#3978=DIRECTION('',(-1.,0.,0.));
#3979=DIRECTION('',(-4.85722573273506E-16,0.,1.));
#3980=DIRECTION('',(0.,0.,1.));
#3981=DIRECTION('',(-1.,0.,0.));
#3982=DIRECTION('',(4.85722573273506E-16,0.,-1.));
#3983=DIRECTION('',(4.85722573273506E-16,0.,-1.));
#3984=DIRECTION('',(-1.,0.,-5.22043439600621E-16));
#3985=DIRECTION('',(-1.,0.,-5.17441752714931E-16));
#3986=DIRECTION('',(5.17441752714931E-16,0.,-1.));
#3987=DIRECTION('',(0.,0.,1.));
#3988=DIRECTION('',(-1.,0.,0.));
#3989=DIRECTION('',(-1.,0.,-5.17441752714931E-16));
#3990=DIRECTION('',(5.17441752714931E-16,0.,-1.));
#3991=DIRECTION('',(0.,0.,-1.));
#3992=DIRECTION('',(-1.,0.,0.));
#3993=DIRECTION('',(0.,0.,1.));
#3994=DIRECTION('',(0.,0.,1.));
#3995=DIRECTION('',(-1.,0.,0.));
#3996=DIRECTION('',(0.,0.,-1.));
#3997=DIRECTION('',(0.,0.,-1.));
#3998=DIRECTION('',(-1.,0.,0.));
#3999=DIRECTION('',(-1.,0.,-5.17441752714931E-16));
#4000=DIRECTION('',(5.17441752714931E-16,0.,-1.));
#4001=DIRECTION('',(0.,0.,1.));
#4002=DIRECTION('',(-1.,0.,0.));
#4003=DIRECTION('',(-1.,0.,-5.17441752714931E-16));
#4004=DIRECTION('',(5.17441752714931E-16,0.,-1.));
#4005=DIRECTION('',(0.,0.,-1.));
#4006=DIRECTION('',(-1.,0.,0.));
#4007=DIRECTION('',(-2.20756623792264E-18,0.999990899263737,0.00426630867404864));
#4008=DIRECTION('',(0.,0.,1.));
#4009=DIRECTION('',(-1.,0.,0.));
#4010=DIRECTION('',(2.20756623792264E-18,0.999990899263737,-0.00426630867404864));
#4011=DIRECTION('',(0.,0.,-1.));
#4012=DIRECTION('',(-1.,0.,1.08693513786625E-19));
#4013=DIRECTION('',(0.,-1.,0.));
#4014=DIRECTION('',(-1.,0.,-5.17441752714931E-16));
#4015=DIRECTION('',(5.17441752714931E-16,0.,-1.));
#4016=DIRECTION('',(-5.17441752714931E-16,0.,1.));
#4017=DIRECTION('',(1.,0.,5.17441752714931E-16));
#4018=DIRECTION('',(5.17441752714931E-16,0.,-1.));
#4019=DIRECTION('',(1.7248058423831E-16,0.,-1.));
#4020=DIRECTION('',(-1.,0.,0.));
#4021=DIRECTION('',(0.,-1.,0.));
#4022=DIRECTION('',(0.,0.,-1.));
#4023=DIRECTION('',(-5.17441752714931E-16,0.,1.));
#4024=DIRECTION('',(1.,0.,0.));
#4025=DIRECTION('',(1.7248058423831E-16,0.,-1.));
#4026=DIRECTION('',(0.,-1.,0.));
#4027=DIRECTION('',(0.,0.,-1.));
#4028=DIRECTION('',(0.,1.,0.));
#4029=DIRECTION('',(1.,0.,1.7248058423831E-16));
#4030=DIRECTION('',(1.73472347597681E-16,0.,-1.));
#4031=DIRECTION('',(0.,-1.,0.));
#4032=DIRECTION('',(-1.,0.,-5.17441752714931E-16));
#4033=DIRECTION('',(5.17441752714931E-16,0.,-1.));
#4034=DIRECTION('',(1.,0.,5.17441752714931E-16));
#4035=DIRECTION('',(5.17441752714931E-16,0.,-1.));
#4036=DIRECTION('',(0.,0.,-1.));
#4037=DIRECTION('',(1.,0.,0.));
#4038=DIRECTION('',(0.,0.,-1.));
#4039=DIRECTION('',(-1.,0.,0.));
#4040=DIRECTION('',(0.,0.,1.));
#4041=DIRECTION('',(1.,0.,0.));
#4042=DIRECTION('',(0.,1.,0.));
#4043=DIRECTION('',(0.,0.,1.));
#4044=DIRECTION('',(0.,1.,0.));
#4045=DIRECTION('',(0.,1.,0.));
#4046=DIRECTION('',(0.,1.,0.));
#4047=DIRECTION('',(0.,1.,0.));
#4048=DIRECTION('',(0.,1.,0.));
#4049=DIRECTION('',(0.0779741638015701,0.,-0.996955380034355));
#4050=DIRECTION('',(-0.996955380034355,0.,-0.0779741638015701));
#4051=DIRECTION('',(0.,1.,0.));
#4052=DIRECTION('',(0.,1.,0.));
#4053=DIRECTION('',(0.,1.,0.));
#4054=DIRECTION('',(0.,1.,0.));
#4055=DIRECTION('',(0.,-1.,0.));
#4056=DIRECTION('',(0.,0.,-1.));
#4057=DIRECTION('',(0.,1.,0.));
#4058=DIRECTION('',(-1.,0.,0.));
#4059=DIRECTION('',(0.,1.,0.));
#4060=DIRECTION('',(-1.,0.,0.));
#4061=DIRECTION('',(0.,-1.,0.));
#4062=DIRECTION('',(0.,0.,1.));
#4063=DIRECTION('',(-1.,0.,0.));
#4064=DIRECTION('',(0.,-1.,0.));
#4065=DIRECTION('',(-1.,0.,0.));
#4066=DIRECTION('',(0.,-1.,0.));
#4067=DIRECTION('',(1.,0.,0.));
#4068=DIRECTION('',(0.,0.,-1.));
#4069=DIRECTION('',(-1.,0.,0.));
#4070=DIRECTION('',(0.,1.,0.));
#4071=DIRECTION('',(-1.,0.,0.));
#4072=DIRECTION('',(0.,-1.,0.));
#4073=DIRECTION('',(-1.,0.,0.));
#4074=DIRECTION('',(0.,1.,0.));
#4075=DIRECTION('',(0.,0.,-1.));
#4076=DIRECTION('',(1.,0.,0.));
#4077=DIRECTION('',(0.,1.,0.));
#4078=DIRECTION('',(1.,0.,0.));
#4079=DIRECTION('',(0.,-1.,0.));
#4080=DIRECTION('',(-1.,0.,0.));
#4081=DIRECTION('',(0.,0.,1.));
#4082=DIRECTION('',(1.,0.,0.));
#4083=DIRECTION('',(2.20756623792264E-18,-0.999990899263737,-0.00426630867404864));
#4084=DIRECTION('',(0.,0.,1.));
#4085=DIRECTION('',(-1.,0.,0.));
#4086=DIRECTION('',(-2.20756623792264E-18,-0.999990899263737,0.00426630867404864));
#4087=DIRECTION('',(0.,0.,1.));
#4088=DIRECTION('',(-1.,0.,0.));
#4089=DIRECTION('',(0.,0.,-1.));
#4090=DIRECTION('',(-1.,0.,1.08693513786625E-19));
#4091=DIRECTION('',(1.,0.,5.17441752714931E-16));
#4092=DIRECTION('',(5.17441752714931E-16,0.,-1.));
#4093=DIRECTION('',(0.,0.,1.));
#4094=DIRECTION('',(-1.,0.,0.));
#4095=DIRECTION('',(1.,0.,5.17441752714931E-16));
#4096=DIRECTION('',(5.17441752714931E-16,0.,-1.));
#4097=DIRECTION('',(0.,0.,-1.));
#4098=DIRECTION('',(-1.,0.,0.));
#4099=DIRECTION('',(0.,0.,-1.));
#4100=DIRECTION('',(0.,0.,1.));
#4101=DIRECTION('',(-1.,0.,0.));
#4102=DIRECTION('',(0.,0.,1.));
#4103=DIRECTION('',(0.,0.,-1.));
#4104=DIRECTION('',(-1.,0.,0.));
#4105=DIRECTION('',(0.,0.,1.));
#4106=DIRECTION('',(-1.,0.,0.));
#4107=DIRECTION('',(1.,0.,5.17441752714931E-16));
#4108=DIRECTION('',(5.17441752714931E-16,0.,-1.));
#4109=DIRECTION('',(1.,0.,5.17441752714931E-16));
#4110=DIRECTION('',(5.17441752714931E-16,0.,-1.));
#4111=DIRECTION('',(0.,0.,-1.));
#4112=DIRECTION('',(-1.,0.,0.));
#4113=DIRECTION('',(4.85722573273506E-16,0.,-1.));
#4114=DIRECTION('',(-4.85722573273506E-16,0.,1.));
#4115=DIRECTION('',(4.85722573273506E-16,0.,-1.));
#4116=DIRECTION('',(-1.,0.,-5.22043439600621E-16));
#4117=DIRECTION('',(-5.17441752714931E-16,0.,1.));
#4118=DIRECTION('',(5.17441752714931E-16,0.,-1.));
#4119=DIRECTION('',(0.,-1.,0.));
#4120=DIRECTION('',(0.,0.,-1.));
#4121=DIRECTION('',(1.,0.,5.17441752714931E-16));
#4122=DIRECTION('',(5.17441752714931E-16,0.,-1.));
#4123=DIRECTION('',(1.,0.,5.17441752714931E-16));
#4124=DIRECTION('',(5.17441752714931E-16,0.,-1.));
#4125=DIRECTION('',(-5.17441752714931E-16,0.,1.));
#4126=DIRECTION('',(-1.,0.,-5.17441752714931E-16));
#4127=DIRECTION('',(-5.16947595841089E-16,0.,1.));
#4128=DIRECTION('',(5.17441752714931E-16,0.,-1.));
#4129=DIRECTION('',(0.,-1.,0.));
#4130=DIRECTION('',(0.,0.,-1.));
#4131=DIRECTION('',(1.,0.,5.17441752714931E-16));
#4132=DIRECTION('',(5.17441752714931E-16,0.,-1.));
#4133=DIRECTION('',(1.,0.,5.17441752714931E-16));
#4134=DIRECTION('',(5.17441752714931E-16,0.,-1.));
#4135=DIRECTION('',(0.,0.,-1.));
#4136=DIRECTION('',(-1.,0.,0.));
#4137=DIRECTION('',(0.,1.,0.));
#4138=DIRECTION('',(0.,1.,0.));
#4139=DIRECTION('',(0.,0.,1.));
#4140=DIRECTION('',(0.,1.,0.));
#4141=DIRECTION('',(0.,0.,1.));
#4142=DIRECTION('',(0.,1.,0.));
#4143=DIRECTION('',(0.,1.,0.));
#4144=DIRECTION('',(0.,1.,0.));
#4145=DIRECTION('',(0.,1.,0.));
#4146=DIRECTION('',(0.,1.,0.));
#4147=DIRECTION('',(-0.0843543551065958,0.,0.996435819696658));
#4148=DIRECTION('',(0.996435819696658,0.,0.0843543551065958));
#4149=DIRECTION('',(0.,1.,0.));
#4150=DIRECTION('',(0.980484845825385,0.,-0.196594677208644));
#4151=DIRECTION('',(-0.196594677208644,0.,-0.980484845825385));
#4152=DIRECTION('',(0.,1.,0.));
#4153=DIRECTION('',(0.,0.,-1.));
#4154=DIRECTION('',(-1.,0.,0.));
#4155=DIRECTION('',(0.,1.,0.));
#4156=DIRECTION('',(1.,0.,0.));
#4157=DIRECTION('',(0.,0.,-1.));
#4158=DIRECTION('',(0.,1.,0.));
#4159=DIRECTION('',(0.,0.,1.));
#4160=DIRECTION('',(1.,0.,0.));
#4161=DIRECTION('',(0.,1.,0.));
#4162=DIRECTION('',(-0.982679593723326,0.,0.185312752070003));
#4163=DIRECTION('',(0.185312752070003,0.,0.982679593723326));
#4164=DIRECTION('',(0.,1.,0.));
#4165=DIRECTION('',(-0.129088332375619,0.,-0.991633098703589));
#4166=DIRECTION('',(-0.991633098703589,0.,0.129088332375619));
#4167=DIRECTION('',(0.,1.,0.));
#4168=CARTESIAN_POINT('',(0.,0.,0.));
#4169=CARTESIAN_POINT('',(12.5,-24.,-0.491467383676174));
#4170=CARTESIAN_POINT('',(11.8977337841792,-24.,-0.491467383638032));
#4171=CARTESIAN_POINT('',(13.1859969156443,-24.,-0.49146736403393));
#4172=CARTESIAN_POINT('',(13.185996973772,-25.,-0.491467383676165));
#4173=CARTESIAN_POINT('',(13.1859969156443,-25.,-0.491467364033931));
#4174=CARTESIAN_POINT('',(0.,-25.,-0.491467383676174));
#4175=CARTESIAN_POINT('',(25.,-25.,-0.491467383676174));
#4176=CARTESIAN_POINT('',(25.,-25.,-0.491467383676173));
#4177=CARTESIAN_POINT('',(25.,25.,-0.491467383676173));
#4178=CARTESIAN_POINT('',(0.,25.,-0.491467383676174));
#4179=CARTESIAN_POINT('',(3.46944695195361E-15,25.,-0.491467383676174));
#4180=CARTESIAN_POINT('',(3.88557360948692E-16,0.,-0.491467383676174));
#4181=CARTESIAN_POINT('',(-4.41277792538243E-18,18.2888412606735,-0.491467383676174));
#4182=CARTESIAN_POINT('',(0.,0.,-0.491467383676174));
#4183=CARTESIAN_POINT('',(-4.41277792538243E-18,-18.2888412606735,-0.491467383676174));
#4184=CARTESIAN_POINT('',(3.88557360948692E-16,0.,-0.491467383676174));
#4185=CARTESIAN_POINT('',(3.88557360948692E-16,-25.,-0.491467383676174));
#4186=CARTESIAN_POINT('',(0.,-25.,-0.491467383676174));
#4187=CARTESIAN_POINT('',(11.8977337841792,-25.,-0.491467383638032));
#4188=CARTESIAN_POINT('',(11.8977337840618,-25.,-0.491467383676173));
#4189=CARTESIAN_POINT('',(12.5,0.,-0.491467383676174));
#4190=CARTESIAN_POINT('',(0.,0.,-0.999995450656137));
#4191=CARTESIAN_POINT('',(0.,-17.78891399389,-0.999995450656137));
#4192=CARTESIAN_POINT('',(5.17441752714931E-16,-15.78891399389,-0.999995450656137));
#4193=CARTESIAN_POINT('',(0.,0.,-0.999995450656137));
#4194=CARTESIAN_POINT('',(0.,17.78891399389,-0.999995450656137));
#4195=CARTESIAN_POINT('',(0.,0.,-0.999995450656137));
#4196=CARTESIAN_POINT('',(5.17441752714931E-16,15.78891399389,-0.999995450656137));
#4197=CARTESIAN_POINT('',(0.,0.,-0.999995450656136));
#4198=CARTESIAN_POINT('',(-17.78891399389,0.,-0.999995450656137));
#4199=CARTESIAN_POINT('',(0.,17.7899896717948,-12.7257314171662));
#4200=CARTESIAN_POINT('',(-2.20638896269144E-18,18.2857084666704,-12.7214673836762));
#4201=CARTESIAN_POINT('',(-2.56514487394774E-16,17.7889139938895,-12.2299954506561));
#4202=CARTESIAN_POINT('',(-2.07113731927887E-18,0.,-12.7214673836762));
#4203=CARTESIAN_POINT('',(-2.20638896269144E-18,-18.2857084666704,-12.7214673836762));
#4204=CARTESIAN_POINT('',(0.,-17.7899896717948,-12.7257314171662));
#4205=CARTESIAN_POINT('',(-2.56514487394774E-16,-17.7889139938895,-12.2299954506561));
#4206=CARTESIAN_POINT('',(0.,0.,-12.2299954506561));
#4207=CARTESIAN_POINT('',(0.,0.,-12.7257314171662));
#4208=CARTESIAN_POINT('',(6.93889390390723E-15,0.,-12.2299954506561));
#4209=CARTESIAN_POINT('',(6.93889390390723E-15,15.78891399389,-12.2299954506561));
#4210=CARTESIAN_POINT('',(6.93889390390723E-15,0.,-12.2299954506561));
#4211=CARTESIAN_POINT('',(6.93889390390723E-15,-15.78891399389,-12.2299954506561));
#4212=CARTESIAN_POINT('',(0.,0.,-12.2299954506561));
#4213=CARTESIAN_POINT('',(-15.78891399389,0.,-12.2299954506561));
#4214=CARTESIAN_POINT('',(0.,-15.78891399389,-13.2299954506561));
#4215=CARTESIAN_POINT('',(4.52593536931002E-30,-14.78891399389,-13.2299954506561));
#4216=CARTESIAN_POINT('',(0.,0.,-13.2299954506561));
#4217=CARTESIAN_POINT('',(4.52593536931002E-30,14.78891399389,-13.2299954506561));
#4218=CARTESIAN_POINT('',(0.,15.78891399389,-13.2299954506561));
#4219=CARTESIAN_POINT('',(0.,0.,-13.2299954506561));
#4220=CARTESIAN_POINT('',(6.17910387341416E-15,-25.,-12.7214673836762));
#4221=CARTESIAN_POINT('',(25.,-25.,-12.7214673836762));
#4222=CARTESIAN_POINT('',(6.7168699966523E-15,-25.,-12.7214673836762));
#4223=CARTESIAN_POINT('',(6.7168699966523E-15,0.,-12.7214673836762));
#4224=CARTESIAN_POINT('',(6.7168699966523E-15,0.,-12.7214673836762));
#4225=CARTESIAN_POINT('',(6.7168699966523E-15,25.,-12.7214673836762));
#4226=CARTESIAN_POINT('',(6.17910387341416E-15,25.,-12.7214673836762));
#4227=CARTESIAN_POINT('',(25.,25.,-12.7214673836762));
#4228=CARTESIAN_POINT('',(25.,-25.,-12.7214673836762));
#4229=CARTESIAN_POINT('',(18.1705093194897,17.9544919426184,-12.7214673836762));
#4230=CARTESIAN_POINT('',(16.1705093194897,17.9544919426184,-12.7214673836762));
#4231=CARTESIAN_POINT('',(18.5,-18.5,-12.7214673836762));
#4232=CARTESIAN_POINT('',(16.5,-18.5,-12.7214673836762));
#4233=CARTESIAN_POINT('',(12.5,0.,-12.7214673836762));
#4234=CARTESIAN_POINT('',(14.3008185538881,-25.,-1.94337734274848));
#4235=CARTESIAN_POINT('',(14.2557980900409,-25.,-1.48566929363525));
#4236=CARTESIAN_POINT('',(14.0738403819918,-25.,-1.11331254056567));
#4237=CARTESIAN_POINT('',(13.4360504774898,-25.,-0.537425773853527));
#4238=CARTESIAN_POINT('',(13.0355559345157,-25.,-0.393923045340566));
#4239=CARTESIAN_POINT('',(12.0169679399727,-25.,-0.393923045340566));
#4240=CARTESIAN_POINT('',(11.5742667121419,-25.,-0.560873932107279));
#4241=CARTESIAN_POINT('',(10.8745736698499,-25.,-1.22867747917413));
#4242=CARTESIAN_POINT('',(10.6991814461119,-25.,-1.63573750645926));
#4243=CARTESIAN_POINT('',(10.6991814461119,-25.,-2.47142986662297));
#4244=CARTESIAN_POINT('',(10.7892223738063,-25.,-2.76687666062024));
#4245=CARTESIAN_POINT('',(11.1493860845839,-25.,-3.23959153101587));
#4246=CARTESIAN_POINT('',(11.4016882673943,-25.,-3.39528730182079));
#4247=CARTESIAN_POINT('',(11.7271487039563,-25.,-3.47032140823279));
#4248=CARTESIAN_POINT('',(14.3008185538881,-25.,-1.94337734274848));
#4249=CARTESIAN_POINT('',(13.6255115961801,-25.,-2.03341827044289));
#4250=CARTESIAN_POINT('',(13.8506139154161,-25.,-2.00340462787808));
#4251=CARTESIAN_POINT('',(14.0757162346521,-25.,-1.97339098531328));
#4252=CARTESIAN_POINT('',(14.3008185538881,-25.,-1.94337734274848));
#4253=CARTESIAN_POINT('',(13.6255115961801,-25.,-2.03341827044289));
#4254=CARTESIAN_POINT('',(12.968963165075,-25.,-3.09515087617276));
#4255=CARTESIAN_POINT('',(12.7785641200546,-25.,-3.14486097167072));
#4256=CARTESIAN_POINT('',(12.6200545702592,-25.,-3.17018498258477));
#4257=CARTESIAN_POINT('',(12.1801671214188,-25.,-3.17018498258477));
#4258=CARTESIAN_POINT('',(11.9222373806276,-25.,-3.06982686525871));
#4259=CARTESIAN_POINT('',(11.5170532060027,-25.,-2.66651854329418));
#4260=CARTESIAN_POINT('',(11.4157571623465,-25.,-2.41140258149336));
#4261=CARTESIAN_POINT('',(11.4157571623465,-25.,-1.77548852965162));
#4262=CARTESIAN_POINT('',(11.5254945429741,-25.,-1.5034898939081));
#4263=CARTESIAN_POINT('',(11.962568212824,-25.,-1.06266451873757));
#4264=CARTESIAN_POINT('',(12.2308151432469,-25.,-0.952927138110007));
#4265=CARTESIAN_POINT('',(12.8160811732606,-25.,-0.952927138110007));
#4266=CARTESIAN_POINT('',(13.0430593451569,-25.,-1.03734050782351));
#4267=CARTESIAN_POINT('',(13.4163540245566,-25.,-1.37499398667754));
#4268=CARTESIAN_POINT('',(13.5476637107776,-25.,-1.65074432774166));
#4269=CARTESIAN_POINT('',(13.6255115961801,-25.,-2.03341827044289));
#4270=CARTESIAN_POINT('',(12.968963165075,-25.,-3.09515087617276));
#4271=CARTESIAN_POINT('',(12.893929058663,-25.,-3.68792031682761));
#4272=CARTESIAN_POINT('',(12.918940427467,-25.,-3.49033050327599));
#4273=CARTESIAN_POINT('',(12.943951796271,-25.,-3.29274068972438));
#4274=CARTESIAN_POINT('',(12.968963165075,-25.,-3.09515087617276));
#4275=CARTESIAN_POINT('',(12.893929058663,-25.,-3.68792031682761));
#4276=CARTESIAN_POINT('',(13.5579809004093,-25.,-4.46827502351246));
#4277=CARTESIAN_POINT('',(13.5082708049113,-25.,-4.79842509172529));
#4278=CARTESIAN_POINT('',(13.3957196452933,-25.,-5.04603764288491));
#4279=CARTESIAN_POINT('',(13.0449351978172,-25.,-5.37618771109773));
#4280=CARTESIAN_POINT('',(12.8263983628922,-25.,-5.45872522815093));
#4281=CARTESIAN_POINT('',(12.2983458390177,-25.,-5.45872522815093));
#4282=CARTESIAN_POINT('',(12.0826227830832,-25.,-5.37712563742788));
#4283=CARTESIAN_POINT('',(11.7468451568895,-25.,-5.05260312719596));
#4284=CARTESIAN_POINT('',(11.6633697135061,-25.,-4.84719726089309));
#4285=CARTESIAN_POINT('',(11.6633697135061,-25.,-4.2872552417935));
#4286=CARTESIAN_POINT('',(11.7787346521146,-25.,-4.05558743824643));
#4287=CARTESIAN_POINT('',(12.2383185538881,-25.,-3.75545101259841));
#4288=CARTESIAN_POINT('',(12.4971862210095,-25.,-3.68041690618641));
#4289=CARTESIAN_POINT('',(12.81232946794,-25.,-3.68041690618641));
#4290=CARTESIAN_POINT('',(12.8489085948158,-25.,-3.68323068517686));
#4291=CARTESIAN_POINT('',(12.893929058663,-25.,-3.68792031682761));
#4292=CARTESIAN_POINT('',(13.5579809004093,-25.,-4.46827502351246));
#4293=CARTESIAN_POINT('',(14.2332878581173,-25.,-4.58832959377167));
#4294=CARTESIAN_POINT('',(14.0081855388813,-25.,-4.54831140368527));
#4295=CARTESIAN_POINT('',(13.7830832196453,-25.,-4.50829321359887));
#4296=CARTESIAN_POINT('',(13.5579809004093,-25.,-4.46827502351246));
#4297=CARTESIAN_POINT('',(14.2332878581173,-25.,-4.58832959377167));
#4298=CARTESIAN_POINT('',(11.7271487039563,-25.,-3.47032140823279));
#4299=CARTESIAN_POINT('',(11.4767223738063,-25.,-3.58568634684125));
#4300=CARTESIAN_POINT('',(11.2881991814461,-25.,-3.74044419131601));
#4301=CARTESIAN_POINT('',(11.0330832196453,-25.,-4.13062154465844));
#4302=CARTESIAN_POINT('',(10.9693042291951,-25.,-4.3472825269231));
#4303=CARTESIAN_POINT('',(10.9693042291951,-25.,-4.83500421860114));
#4304=CARTESIAN_POINT('',(11.0358969986357,-25.,-5.07136165379896));
#4305=CARTESIAN_POINT('',(11.3041439290587,-25.,-5.51593873429009));
#4306=CARTESIAN_POINT('',(11.4973567530696,-25.,-5.6922688843583));
#4307=CARTESIAN_POINT('',(12.0019611186903,-25.,-5.94926069881942));
#4308=CARTESIAN_POINT('',(12.2786493860846,-25.,-6.01397761559978));
#4309=CARTESIAN_POINT('',(13.0139836289222,-25.,-6.01397761559978));
#4310=CARTESIAN_POINT('',(13.3778990450205,-25.,-5.88923341368982));
#4311=CARTESIAN_POINT('',(13.9631650750341,-25.,-5.39213245871028));
#4312=CARTESIAN_POINT('',(14.1507503410641,-25.,-5.04134801123416));
#4313=CARTESIAN_POINT('',(14.2332878581173,-25.,-4.58832959377167));
#4314=CARTESIAN_POINT('',(11.7271487039563,-25.,-3.47032140823279));
#4315=CARTESIAN_POINT('',(14.3008185538881,-25.,-1.94337734274848));
#4316=CARTESIAN_POINT('',(14.2557980900409,-25.,-1.48566929363525));
#4317=CARTESIAN_POINT('',(14.0738403819918,-25.,-1.11331254056567));
#4318=CARTESIAN_POINT('',(13.4360504774898,-25.,-0.537425773853527));
#4319=CARTESIAN_POINT('',(13.0355559345157,-25.,-0.393923045340566));
#4320=CARTESIAN_POINT('',(12.0169679399727,-25.,-0.393923045340566));
#4321=CARTESIAN_POINT('',(11.5742667121419,-25.,-0.560873932107279));
#4322=CARTESIAN_POINT('',(10.8745736698499,-25.,-1.22867747917413));
#4323=CARTESIAN_POINT('',(10.6991814461119,-25.,-1.63573750645926));
#4324=CARTESIAN_POINT('',(10.6991814461119,-25.,-2.47142986662297));
#4325=CARTESIAN_POINT('',(10.7892223738063,-25.,-2.76687666062024));
#4326=CARTESIAN_POINT('',(11.1493860845839,-25.,-3.23959153101587));
#4327=CARTESIAN_POINT('',(11.4016882673943,-25.,-3.39528730182079));
#4328=CARTESIAN_POINT('',(11.7271487039563,-25.,-3.47032140823279));
#4329=CARTESIAN_POINT('',(1.34251616537071E-16,-25.,6.94673917657547E-32));
#4330=CARTESIAN_POINT('',(25.,-25.,-26.7214673836762));
#4331=CARTESIAN_POINT('',(0.,-25.,0.));
#4332=CARTESIAN_POINT('',(1.34251616537071E-16,-13.78891399389,6.94673917657547E-32));
#4333=CARTESIAN_POINT('',(1.78148519855819E-30,-13.78891399389,-18.2299954506561));
#4334=CARTESIAN_POINT('',(1.34251616537071E-16,-13.78891399389,5.00000454934386));
#4335=CARTESIAN_POINT('',(0.,0.,5.00000454934386));
#4336=CARTESIAN_POINT('',(1.34251616537071E-16,13.78891399389,5.00000454934386));
#4337=CARTESIAN_POINT('',(1.34251616537071E-16,13.78891399389,6.94673917657547E-32));
#4338=CARTESIAN_POINT('',(1.78148519855819E-30,13.78891399389,-18.2299954506561));
#4339=CARTESIAN_POINT('',(0.,0.,-18.2299954506561));
#4340=CARTESIAN_POINT('',(0.,0.,0.));
#4341=CARTESIAN_POINT('',(0.,-15.78891399389,4.54934386343031E-6));
#4342=CARTESIAN_POINT('',(1.34251616537071E-16,-14.78891399389,4.54934386336908E-6));
#4343=CARTESIAN_POINT('',(1.34251616537071E-16,-14.78891399389,6.94673917657547E-32));
#4344=CARTESIAN_POINT('',(6.32006765145528E-28,-14.78891399389,5.00000454934264));
#4345=CARTESIAN_POINT('',(0.,-14.28891399389,5.00000454934386));
#4346=CARTESIAN_POINT('',(0.,-14.28891399389,-18.2299954506561));
#4347=CARTESIAN_POINT('',(1.34251616537071E-16,-14.78891399389,-18.2299954506561));
#4348=CARTESIAN_POINT('',(1.34251616537071E-16,-14.78891399389,6.94673917657547E-32));
#4349=CARTESIAN_POINT('',(0.,-17.78891399389,-0.499995450656137));
#4350=CARTESIAN_POINT('',(3.5527136788005E-15,0.,-6.60646738367618));
#4351=CARTESIAN_POINT('',(25.,25.,-26.7214673836762));
#4352=CARTESIAN_POINT('',(25.,-25.,-26.7214673836762));
#4353=CARTESIAN_POINT('',(1.34251616537071E-16,25.,6.94673917657547E-32));
#4354=CARTESIAN_POINT('',(0.,25.,0.));
#4355=CARTESIAN_POINT('',(1.34251616537071E-16,14.78891399389,6.94673917657547E-32));
#4356=CARTESIAN_POINT('',(1.34251616537071E-16,14.78891399389,-18.2299954506561));
#4357=CARTESIAN_POINT('',(0.,14.28891399389,-18.2299954506561));
#4358=CARTESIAN_POINT('',(0.,14.28891399389,5.00000454934386));
#4359=CARTESIAN_POINT('',(6.32006765145528E-28,14.78891399389,5.00000454934264));
#4360=CARTESIAN_POINT('',(1.34251616537071E-16,14.78891399389,6.94673917657547E-32));
#4361=CARTESIAN_POINT('',(1.34251616537071E-16,14.78891399389,4.54934386336908E-6));
#4362=CARTESIAN_POINT('',(0.,15.78891399389,4.54934386343031E-6));
#4363=CARTESIAN_POINT('',(0.,17.78891399389,-0.499995450656137));
#4364=CARTESIAN_POINT('',(3.5527136788005E-15,0.,-6.60646738367618));
#4365=CARTESIAN_POINT('',(0.,0.,-0.499995450656137));
#4366=CARTESIAN_POINT('',(0.,0.,4.54934386336908E-6));
#4367=CARTESIAN_POINT('',(0.,0.,4.54934386343031E-6));
#4368=CARTESIAN_POINT('',(0.,0.,5.00000454934264));
#4369=CARTESIAN_POINT('',(0.,0.,5.00000454934386));
#4370=CARTESIAN_POINT('',(0.,0.,0.));
#4371=CARTESIAN_POINT('',(0.,0.,-18.2299954506561));
#4372=CARTESIAN_POINT('',(0.,0.,0.));
#4373=CARTESIAN_POINT('',(0.,0.,-18.2299954506561));
#4374=CARTESIAN_POINT('',(18.5,-18.5,-12.7214673836762));
#4375=CARTESIAN_POINT('',(18.1705093194897,17.9544919426184,-12.7214673836762));
#4376=CARTESIAN_POINT('',(11.7271487039563,-24.,-3.47032140823279));
#4377=CARTESIAN_POINT('',(11.4016882673943,-24.,-3.39528730182079));
#4378=CARTESIAN_POINT('',(11.1493860845839,-24.,-3.23959153101587));
#4379=CARTESIAN_POINT('',(10.7892223738063,-24.,-2.76687666062024));
#4380=CARTESIAN_POINT('',(10.6991814461119,-24.,-2.47142986662297));
#4381=CARTESIAN_POINT('',(10.6991814461119,-24.,-1.63573750645926));
#4382=CARTESIAN_POINT('',(10.8745736698499,-24.,-1.22867747917413));
#4383=CARTESIAN_POINT('',(11.5742667121419,-24.,-0.560873932107279));
#4384=CARTESIAN_POINT('',(12.0169679399727,-24.,-0.393923045340566));
#4385=CARTESIAN_POINT('',(13.0355559345157,-24.,-0.393923045340566));
#4386=CARTESIAN_POINT('',(13.4360504774898,-24.,-0.537425773853527));
#4387=CARTESIAN_POINT('',(14.0738403819918,-24.,-1.11331254056567));
#4388=CARTESIAN_POINT('',(14.2557980900409,-24.,-1.48566929363525));
#4389=CARTESIAN_POINT('',(14.3008185538881,-24.,-1.94337734274848));
#4390=CARTESIAN_POINT('',(14.3008185538881,-24.,-1.94337734274848));
#4391=CARTESIAN_POINT('',(14.3008185538881,-25.,-1.94337734274848));
#4392=CARTESIAN_POINT('',(14.3008185538881,-25.,-1.94337734274848));
#4393=CARTESIAN_POINT('',(14.2557980900409,-25.,-1.48566929363525));
#4394=CARTESIAN_POINT('',(14.0738403819918,-25.,-1.11331254056567));
#4395=CARTESIAN_POINT('',(13.4360504774898,-25.,-0.537425773853527));
#4396=CARTESIAN_POINT('',(13.0355559345157,-25.,-0.393923045340566));
#4397=CARTESIAN_POINT('',(12.0169679399727,-25.,-0.393923045340566));
#4398=CARTESIAN_POINT('',(11.5742667121419,-25.,-0.560873932107279));
#4399=CARTESIAN_POINT('',(10.8745736698499,-25.,-1.22867747917413));
#4400=CARTESIAN_POINT('',(10.6991814461119,-25.,-1.63573750645926));
#4401=CARTESIAN_POINT('',(10.6991814461119,-25.,-2.47142986662297));
#4402=CARTESIAN_POINT('',(10.7892223738063,-25.,-2.76687666062024));
#4403=CARTESIAN_POINT('',(11.1493860845839,-25.,-3.23959153101587));
#4404=CARTESIAN_POINT('',(11.4016882673943,-25.,-3.39528730182079));
#4405=CARTESIAN_POINT('',(11.7271487039563,-25.,-3.47032140823279));
#4406=CARTESIAN_POINT('',(14.3008185538881,-24.,-1.94337734274848));
#4407=CARTESIAN_POINT('',(14.0757162346521,-24.,-1.97339098531328));
#4408=CARTESIAN_POINT('',(13.8506139154161,-24.,-2.00340462787808));
#4409=CARTESIAN_POINT('',(13.6255115961801,-24.,-2.03341827044289));
#4410=CARTESIAN_POINT('',(13.6255115961801,-24.,-2.03341827044289));
#4411=CARTESIAN_POINT('',(13.6255115961801,-25.,-2.03341827044289));
#4412=CARTESIAN_POINT('',(13.6255115961801,-25.,-2.03341827044289));
#4413=CARTESIAN_POINT('',(11.7271487039563,-25.,-3.47032140823279));
#4414=CARTESIAN_POINT('',(11.7271487039563,-24.,-3.47032140823279));
#4415=CARTESIAN_POINT('',(11.7271487039563,-24.,-3.47032140823279));
#4416=CARTESIAN_POINT('',(11.4016882673943,-24.,-3.39528730182079));
#4417=CARTESIAN_POINT('',(11.1493860845839,-24.,-3.23959153101587));
#4418=CARTESIAN_POINT('',(10.7892223738063,-24.,-2.76687666062024));
#4419=CARTESIAN_POINT('',(10.6991814461119,-24.,-2.47142986662297));
#4420=CARTESIAN_POINT('',(10.6991814461119,-24.,-1.63573750645926));
#4421=CARTESIAN_POINT('',(10.8745736698499,-24.,-1.22867747917413));
#4422=CARTESIAN_POINT('',(11.5742667121419,-24.,-0.560873932107279));
#4423=CARTESIAN_POINT('',(12.0169679399727,-24.,-0.393923045340566));
#4424=CARTESIAN_POINT('',(13.0355559345157,-24.,-0.393923045340566));
#4425=CARTESIAN_POINT('',(13.4360504774898,-24.,-0.537425773853527));
#4426=CARTESIAN_POINT('',(14.0738403819918,-24.,-1.11331254056567));
#4427=CARTESIAN_POINT('',(14.2557980900409,-24.,-1.48566929363525));
#4428=CARTESIAN_POINT('',(14.3008185538881,-24.,-1.94337734274848));
#4429=CARTESIAN_POINT('',(14.3008185538881,-25.,-1.94337734274848));
#4430=CARTESIAN_POINT('',(14.2557980900409,-25.,-1.48566929363525));
#4431=CARTESIAN_POINT('',(14.0738403819918,-25.,-1.11331254056567));
#4432=CARTESIAN_POINT('',(13.4360504774898,-25.,-0.537425773853527));
#4433=CARTESIAN_POINT('',(13.0355559345157,-25.,-0.393923045340566));
#4434=CARTESIAN_POINT('',(12.0169679399727,-25.,-0.393923045340566));
#4435=CARTESIAN_POINT('',(11.5742667121419,-25.,-0.560873932107279));
#4436=CARTESIAN_POINT('',(10.8745736698499,-25.,-1.22867747917413));
#4437=CARTESIAN_POINT('',(10.6991814461119,-25.,-1.63573750645926));
#4438=CARTESIAN_POINT('',(10.6991814461119,-25.,-2.47142986662297));
#4439=CARTESIAN_POINT('',(10.7892223738063,-25.,-2.76687666062024));
#4440=CARTESIAN_POINT('',(11.1493860845839,-25.,-3.23959153101587));
#4441=CARTESIAN_POINT('',(11.4016882673943,-25.,-3.39528730182079));
#4442=CARTESIAN_POINT('',(11.7271487039563,-25.,-3.47032140823279));
#4443=CARTESIAN_POINT('',(14.2332878581173,-24.,-4.58832959377167));
#4444=CARTESIAN_POINT('',(14.1507503410641,-24.,-5.04134801123416));
#4445=CARTESIAN_POINT('',(13.9631650750341,-24.,-5.39213245871028));
#4446=CARTESIAN_POINT('',(13.3778990450205,-24.,-5.88923341368982));
#4447=CARTESIAN_POINT('',(13.0139836289222,-24.,-6.01397761559978));
#4448=CARTESIAN_POINT('',(12.2786493860846,-24.,-6.01397761559978));
#4449=CARTESIAN_POINT('',(12.0019611186903,-24.,-5.94926069881942));
#4450=CARTESIAN_POINT('',(11.4973567530696,-24.,-5.6922688843583));
#4451=CARTESIAN_POINT('',(11.3041439290587,-24.,-5.51593873429009));
#4452=CARTESIAN_POINT('',(11.0358969986357,-24.,-5.07136165379896));
#4453=CARTESIAN_POINT('',(10.9693042291951,-24.,-4.83500421860114));
#4454=CARTESIAN_POINT('',(10.9693042291951,-24.,-4.3472825269231));
#4455=CARTESIAN_POINT('',(11.0330832196453,-24.,-4.13062154465844));
#4456=CARTESIAN_POINT('',(11.2881991814461,-24.,-3.74044419131601));
#4457=CARTESIAN_POINT('',(11.4767223738063,-24.,-3.58568634684125));
#4458=CARTESIAN_POINT('',(11.7271487039563,-24.,-3.47032140823279));
#4459=CARTESIAN_POINT('',(14.2332878581173,-24.,-4.58832959377167));
#4460=CARTESIAN_POINT('',(14.2332878581173,-25.,-4.58832959377167));
#4461=CARTESIAN_POINT('',(11.7271487039563,-25.,-3.47032140823279));
#4462=CARTESIAN_POINT('',(11.4767223738063,-25.,-3.58568634684125));
#4463=CARTESIAN_POINT('',(11.2881991814461,-25.,-3.74044419131601));
#4464=CARTESIAN_POINT('',(11.0330832196453,-25.,-4.13062154465844));
#4465=CARTESIAN_POINT('',(10.9693042291951,-25.,-4.3472825269231));
#4466=CARTESIAN_POINT('',(10.9693042291951,-25.,-4.83500421860114));
#4467=CARTESIAN_POINT('',(11.0358969986357,-25.,-5.07136165379896));
#4468=CARTESIAN_POINT('',(11.3041439290587,-25.,-5.51593873429009));
#4469=CARTESIAN_POINT('',(11.4973567530696,-25.,-5.6922688843583));
#4470=CARTESIAN_POINT('',(12.0019611186903,-25.,-5.94926069881942));
#4471=CARTESIAN_POINT('',(12.2786493860846,-25.,-6.01397761559978));
#4472=CARTESIAN_POINT('',(13.0139836289222,-25.,-6.01397761559978));
#4473=CARTESIAN_POINT('',(13.3778990450205,-25.,-5.88923341368982));
#4474=CARTESIAN_POINT('',(13.9631650750341,-25.,-5.39213245871028));
#4475=CARTESIAN_POINT('',(14.1507503410641,-25.,-5.04134801123416));
#4476=CARTESIAN_POINT('',(14.2332878581173,-25.,-4.58832959377167));
#4477=CARTESIAN_POINT('',(13.5579809004093,-24.,-4.46827502351246));
#4478=CARTESIAN_POINT('',(13.7830832196453,-24.,-4.50829321359887));
#4479=CARTESIAN_POINT('',(14.0081855388813,-24.,-4.54831140368527));
#4480=CARTESIAN_POINT('',(14.2332878581173,-24.,-4.58832959377167));
#4481=CARTESIAN_POINT('',(13.5579809004093,-24.,-4.46827502351246));
#4482=CARTESIAN_POINT('',(13.5579809004093,-25.,-4.46827502351246));
#4483=CARTESIAN_POINT('',(14.2332878581173,-25.,-4.58832959377167));
#4484=CARTESIAN_POINT('',(12.893929058663,-24.,-3.68792031682761));
#4485=CARTESIAN_POINT('',(12.8489085948158,-24.,-3.68323068517686));
#4486=CARTESIAN_POINT('',(12.81232946794,-24.,-3.68041690618641));
#4487=CARTESIAN_POINT('',(12.4971862210095,-24.,-3.68041690618641));
#4488=CARTESIAN_POINT('',(12.2383185538881,-24.,-3.75545101259841));
#4489=CARTESIAN_POINT('',(11.7787346521146,-24.,-4.05558743824643));
#4490=CARTESIAN_POINT('',(11.6633697135061,-24.,-4.2872552417935));
#4491=CARTESIAN_POINT('',(11.6633697135061,-24.,-4.84719726089309));
#4492=CARTESIAN_POINT('',(11.7468451568895,-24.,-5.05260312719596));
#4493=CARTESIAN_POINT('',(12.0826227830832,-24.,-5.37712563742788));
#4494=CARTESIAN_POINT('',(12.2983458390177,-24.,-5.45872522815093));
#4495=CARTESIAN_POINT('',(12.8263983628922,-24.,-5.45872522815093));
#4496=CARTESIAN_POINT('',(13.0449351978172,-24.,-5.37618771109773));
#4497=CARTESIAN_POINT('',(13.3957196452933,-24.,-5.04603764288491));
#4498=CARTESIAN_POINT('',(13.5082708049113,-24.,-4.79842509172529));
#4499=CARTESIAN_POINT('',(13.5579809004093,-24.,-4.46827502351246));
#4500=CARTESIAN_POINT('',(12.893929058663,-24.,-3.68792031682761));
#4501=CARTESIAN_POINT('',(12.893929058663,-25.,-3.68792031682761));
#4502=CARTESIAN_POINT('',(13.5579809004093,-25.,-4.46827502351246));
#4503=CARTESIAN_POINT('',(13.5082708049113,-25.,-4.79842509172529));
#4504=CARTESIAN_POINT('',(13.3957196452933,-25.,-5.04603764288491));
#4505=CARTESIAN_POINT('',(13.0449351978172,-25.,-5.37618771109773));
#4506=CARTESIAN_POINT('',(12.8263983628922,-25.,-5.45872522815093));
#4507=CARTESIAN_POINT('',(12.2983458390177,-25.,-5.45872522815093));
#4508=CARTESIAN_POINT('',(12.0826227830832,-25.,-5.37712563742788));
#4509=CARTESIAN_POINT('',(11.7468451568895,-25.,-5.05260312719596));
#4510=CARTESIAN_POINT('',(11.6633697135061,-25.,-4.84719726089309));
#4511=CARTESIAN_POINT('',(11.6633697135061,-25.,-4.2872552417935));
#4512=CARTESIAN_POINT('',(11.7787346521146,-25.,-4.05558743824643));
#4513=CARTESIAN_POINT('',(12.2383185538881,-25.,-3.75545101259841));
#4514=CARTESIAN_POINT('',(12.4971862210095,-25.,-3.68041690618641));
#4515=CARTESIAN_POINT('',(12.81232946794,-25.,-3.68041690618641));
#4516=CARTESIAN_POINT('',(12.8489085948158,-25.,-3.68323068517686));
#4517=CARTESIAN_POINT('',(12.893929058663,-25.,-3.68792031682761));
#4518=CARTESIAN_POINT('',(12.968963165075,-24.,-3.09515087617276));
#4519=CARTESIAN_POINT('',(12.943951796271,-24.,-3.29274068972438));
#4520=CARTESIAN_POINT('',(12.918940427467,-24.,-3.49033050327599));
#4521=CARTESIAN_POINT('',(12.893929058663,-24.,-3.68792031682761));
#4522=CARTESIAN_POINT('',(12.968963165075,-24.,-3.09515087617276));
#4523=CARTESIAN_POINT('',(12.968963165075,-25.,-3.09515087617276));
#4524=CARTESIAN_POINT('',(12.893929058663,-25.,-3.68792031682761));
#4525=CARTESIAN_POINT('',(13.6255115961801,-24.,-2.03341827044289));
#4526=CARTESIAN_POINT('',(13.5476637107776,-24.,-1.65074432774166));
#4527=CARTESIAN_POINT('',(13.4163540245566,-24.,-1.37499398667754));
#4528=CARTESIAN_POINT('',(13.0430593451569,-24.,-1.03734050782351));
#4529=CARTESIAN_POINT('',(12.8160811732606,-24.,-0.952927138110007));
#4530=CARTESIAN_POINT('',(12.2308151432469,-24.,-0.952927138110007));
#4531=CARTESIAN_POINT('',(11.962568212824,-24.,-1.06266451873757));
#4532=CARTESIAN_POINT('',(11.5254945429741,-24.,-1.5034898939081));
#4533=CARTESIAN_POINT('',(11.4157571623465,-24.,-1.77548852965162));
#4534=CARTESIAN_POINT('',(11.4157571623465,-24.,-2.41140258149336));
#4535=CARTESIAN_POINT('',(11.5170532060027,-24.,-2.66651854329418));
#4536=CARTESIAN_POINT('',(11.9222373806276,-24.,-3.06982686525871));
#4537=CARTESIAN_POINT('',(12.1801671214188,-24.,-3.17018498258477));
#4538=CARTESIAN_POINT('',(12.6200545702592,-24.,-3.17018498258477));
#4539=CARTESIAN_POINT('',(12.7785641200546,-24.,-3.14486097167072));
#4540=CARTESIAN_POINT('',(12.968963165075,-24.,-3.09515087617276));
#4541=CARTESIAN_POINT('',(12.968963165075,-25.,-3.09515087617276));
#4542=CARTESIAN_POINT('',(12.7785641200546,-25.,-3.14486097167072));
#4543=CARTESIAN_POINT('',(12.6200545702592,-25.,-3.17018498258477));
#4544=CARTESIAN_POINT('',(12.1801671214188,-25.,-3.17018498258477));
#4545=CARTESIAN_POINT('',(11.9222373806276,-25.,-3.06982686525871));
#4546=CARTESIAN_POINT('',(11.5170532060027,-25.,-2.66651854329418));
#4547=CARTESIAN_POINT('',(11.4157571623465,-25.,-2.41140258149336));
#4548=CARTESIAN_POINT('',(11.4157571623465,-25.,-1.77548852965162));
#4549=CARTESIAN_POINT('',(11.5254945429741,-25.,-1.5034898939081));
#4550=CARTESIAN_POINT('',(11.962568212824,-25.,-1.06266451873757));
#4551=CARTESIAN_POINT('',(12.2308151432469,-25.,-0.952927138110007));
#4552=CARTESIAN_POINT('',(12.8160811732606,-25.,-0.952927138110007));
#4553=CARTESIAN_POINT('',(13.0430593451569,-25.,-1.03734050782351));
#4554=CARTESIAN_POINT('',(13.4163540245566,-25.,-1.37499398667754));
#4555=CARTESIAN_POINT('',(13.5476637107776,-25.,-1.65074432774166));
#4556=CARTESIAN_POINT('',(13.6255115961801,-25.,-2.03341827044289));
#4557=CARTESIAN_POINT('',(11.4014052863931,-24.,-0.745902353941414));
#4558=CARTESIAN_POINT('',(-2.7672308888782E-14,-13.2917940875106,53.7385326163238));
#4559=CARTESIAN_POINT('',(-8.1316897659889E-15,-13.2917940875106,13.5085326163238));
#4560=CARTESIAN_POINT('',(-5.78854515701046E-16,-13.2917940875106,6.12721798074193));
#4561=CARTESIAN_POINT('',(-5.32976440759114E-15,0.,13.5085326163238));
#4562=CARTESIAN_POINT('',(-8.1316897659889E-15,13.2917940875106,13.5085326163238));
#4563=CARTESIAN_POINT('',(-2.7672308888782E-14,13.2917940875106,53.7385326163238));
#4564=CARTESIAN_POINT('',(-5.78854515701046E-16,13.2917940875106,6.12721798074193));
#4565=CARTESIAN_POINT('',(0.,0.,6.12721798074193));
#4566=CARTESIAN_POINT('',(-2.48703835303843E-14,0.,53.7385326163238));
#4567=CARTESIAN_POINT('',(0.,0.,-18.2214673836762));
#4568=CARTESIAN_POINT('',(1.34251616537071E-16,12.7910653496995,-18.2214673836762));
#4569=CARTESIAN_POINT('',(1.34251616537071E-16,-12.7910653496995,-18.2214673836762));
#4570=CARTESIAN_POINT('',(1.34251616537071E-16,-12.7910653496995,6.94673917657547E-32));
#4571=CARTESIAN_POINT('',(2.69630192214213E-30,-12.7910653496995,5.00853261632382));
#4572=CARTESIAN_POINT('',(0.,0.,5.00853261632382));
#4573=CARTESIAN_POINT('',(7.76162629072397E-16,12.7910653496996,5.00853261632382));
#4574=CARTESIAN_POINT('',(1.34251616537071E-16,12.7910653496995,6.94673917657547E-32));
#4575=CARTESIAN_POINT('',(0.,0.,0.));
#4576=CARTESIAN_POINT('',(0.,14.2910653496995,-18.2214673836762));
#4577=CARTESIAN_POINT('',(5.78854515701049E-16,13.2917940875106,-19.3401527480943));
#4578=CARTESIAN_POINT('',(0.,0.,-19.3401527480943));
#4579=CARTESIAN_POINT('',(5.78854515701049E-16,-13.2917940875106,-19.3401527480943));
#4580=CARTESIAN_POINT('',(0.,-14.2910653496995,-18.2214673836762));
#4581=CARTESIAN_POINT('',(0.,0.,-18.2214673836762));
#4582=CARTESIAN_POINT('',(0.,-14.2910653496995,5.00853261632383));
#4583=CARTESIAN_POINT('',(0.,14.2910653496995,5.00853261632383));
#4584=CARTESIAN_POINT('',(0.,0.,5.00853261632383));
#4585=CARTESIAN_POINT('',(-6.93889390390723E-15,-25.,13.5085326163238));
#4586=CARTESIAN_POINT('',(-2.7672308888782E-14,-13.2917940875106,53.7385326163238));
#4587=CARTESIAN_POINT('',(1.14089293568042E-14,-13.2917940875106,-26.7214673836762));
#4588=CARTESIAN_POINT('',(1.38777878078145E-14,-25.,-26.7214673836762));
#4589=CARTESIAN_POINT('',(1.14089293568042E-14,13.2917940875106,-26.7214673836762));
#4590=CARTESIAN_POINT('',(-2.7672308888782E-14,13.2917940875106,53.7385326163238));
#4591=CARTESIAN_POINT('',(3.5527136788005E-15,0.,-6.60646738367618));
#4592=CARTESIAN_POINT('',(25.,-25.,13.5085326163238));
#4593=CARTESIAN_POINT('',(1.4210854715202E-14,0.,-26.7214673836762));
#4594=CARTESIAN_POINT('',(-25.,-25.,-26.7214673836762));
#4595=CARTESIAN_POINT('',(-2.48703835303843E-14,0.,53.7385326163238));
#4596=CARTESIAN_POINT('',(0.,-14.2910653496995,-18.2214673836762));
#4597=CARTESIAN_POINT('',(1.34251616537071E-16,-12.7910653496995,-18.2214673836762));
#4598=CARTESIAN_POINT('',(5.43370733888574E-16,-13.2917940875106,-19.3401527480943));
#4599=CARTESIAN_POINT('',(0.,0.,-19.3401527480943));
#4600=CARTESIAN_POINT('',(5.43370733888574E-16,13.2917940875106,-19.3401527480943));
#4601=CARTESIAN_POINT('',(0.,14.2910653496995,-18.2214673836762));
#4602=CARTESIAN_POINT('',(1.34251616537071E-16,12.7910653496995,-18.2214673836762));
#4603=CARTESIAN_POINT('',(0.,0.,-18.2214673836762));
#4604=CARTESIAN_POINT('',(0.,0.,-18.2214673836762));
#4605=CARTESIAN_POINT('',(0.,14.2910653496995,5.00853261632383));
#4606=CARTESIAN_POINT('',(-5.43370733888571E-16,13.2917940875106,6.12721798074193));
#4607=CARTESIAN_POINT('',(2.69630192214213E-30,12.7910653496995,5.00853261632382));
#4608=CARTESIAN_POINT('',(0.,0.,6.12721798074193));
#4609=CARTESIAN_POINT('',(-5.43370733888571E-16,-13.2917940875106,6.12721798074193));
#4610=CARTESIAN_POINT('',(0.,-14.2910653496995,5.00853261632383));
#4611=CARTESIAN_POINT('',(7.76162629072397E-16,-12.7910653496996,5.00853261632382));
#4612=CARTESIAN_POINT('',(0.,0.,5.00853261632382));
#4613=CARTESIAN_POINT('',(0.,0.,5.00853261632383));
#4614=CARTESIAN_POINT('',(-2.7672308888782E-14,-13.2917940875106,53.7385326163238));
#4615=CARTESIAN_POINT('',(-6.93889390390723E-15,-13.2917940875106,13.5085326163238));
#4616=CARTESIAN_POINT('',(-6.93889390390723E-15,-25.,13.5085326163238));
#4617=CARTESIAN_POINT('',(-6.93889390390723E-15,13.2917940875106,13.5085326163238));
#4618=CARTESIAN_POINT('',(-2.7672308888782E-14,13.2917940875106,53.7385326163238));
#4619=CARTESIAN_POINT('',(1.34251616537071E-16,12.7910653496995,6.94673917657547E-32));
#4620=CARTESIAN_POINT('',(-2.7672308888782E-14,13.2917940875106,53.7385326163238));
#4621=CARTESIAN_POINT('',(1.38777878078145E-14,13.2917940875106,-26.7214673836762));
#4622=CARTESIAN_POINT('',(1.38777878078145E-14,-25.,-26.7214673836762));
#4623=CARTESIAN_POINT('',(1.38777878078145E-14,-13.2917940875106,-26.7214673836762));
#4624=CARTESIAN_POINT('',(-2.7672308888782E-14,-13.2917940875106,53.7385326163238));
#4625=CARTESIAN_POINT('',(1.34251616537071E-16,-12.7910653496995,6.94673917657547E-32));
#4626=CARTESIAN_POINT('',(3.5527136788005E-15,0.,-6.60646738367618));
#4627=CARTESIAN_POINT('',(-5.32976440759114E-15,0.,13.5085326163238));
#4628=CARTESIAN_POINT('',(25.,-25.,13.5085326163238));
#4629=CARTESIAN_POINT('',(1.4210854715202E-14,0.,-26.7214673836762));
#4630=CARTESIAN_POINT('',(-25.,-25.,-26.7214673836762));
#4631=CARTESIAN_POINT('',(0.,0.,0.));
#4632=CARTESIAN_POINT('',(-2.48703835303843E-14,0.,53.7385326163238));
#4633=CARTESIAN_POINT('',(-2.48703835303843E-14,0.,53.7385326163238));
#4634=CARTESIAN_POINT('',(6.7168699966523E-15,0.,-12.7214673836762));
#4635=CARTESIAN_POINT('',(-2.20638896269156E-18,-18.2857084666704,-12.7214673836762));
#4636=CARTESIAN_POINT('',(6.7168699966523E-15,-25.,-12.7214673836762));
#4637=CARTESIAN_POINT('',(1.34251616537071E-16,-25.,6.94673917657547E-32));
#4638=CARTESIAN_POINT('',(3.46944695195361E-15,-25.,-26.7214673836762));
#4639=CARTESIAN_POINT('',(1.38777878078145E-14,-25.,-26.7214673836762));
#4640=CARTESIAN_POINT('',(1.14089293568042E-14,-13.2917940875106,-26.7214673836762));
#4641=CARTESIAN_POINT('',(-2.7672308888782E-14,-13.2917940875106,53.7385326163238));
#4642=CARTESIAN_POINT('',(5.78854515701049E-16,-13.2917940875106,-19.3401527480943));
#4643=CARTESIAN_POINT('',(0.,-14.2910653496995,-18.2214673836762));
#4644=CARTESIAN_POINT('',(0.,-15.7910653496995,-18.2214673836762));
#4645=CARTESIAN_POINT('',(1.34251616537071E-16,-15.7910653496995,6.94673917657547E-32));
#4646=CARTESIAN_POINT('',(1.34251616537071E-16,-15.7910653496995,-14.0214673836762));
#4647=CARTESIAN_POINT('',(0.,-16.5910653496995,-14.0214673836762));
#4648=CARTESIAN_POINT('',(-4.13953402171944E-16,-16.5910653496995,-13.2214673836762));
#4649=CARTESIAN_POINT('',(6.93889390390723E-15,0.,-13.2214673836762));
#4650=CARTESIAN_POINT('',(6.93889390390723E-15,-17.7910653496995,-13.2214673836762));
#4651=CARTESIAN_POINT('',(0.,-17.7899896717948,-12.7257314171662));
#4652=CARTESIAN_POINT('',(3.5527136788005E-15,0.,-6.60646738367618));
#4653=CARTESIAN_POINT('',(1.38777878078145E-14,-25.,-26.7214673836762));
#4654=CARTESIAN_POINT('',(3.46944695195361E-15,25.,-26.7214673836762));
#4655=CARTESIAN_POINT('',(1.14089293568042E-14,13.2917940875106,-26.7214673836762));
#4656=CARTESIAN_POINT('',(1.4210854715202E-14,0.,-26.7214673836762));
#4657=CARTESIAN_POINT('',(-25.,-25.,-26.7214673836762));
#4658=CARTESIAN_POINT('',(-25.,-25.,-26.7214673836762));
#4659=CARTESIAN_POINT('',(-25.,-25.,-26.7214673836762));
#4660=CARTESIAN_POINT('',(-25.,25.,-26.7214673836762));
#4661=CARTESIAN_POINT('',(-25.,25.,-26.7214673836762));
#4662=CARTESIAN_POINT('',(-25.,-25.,-26.7214673836762));
#4663=CARTESIAN_POINT('',(-14.3200460436562,-25.,-12.7214673836762));
#4664=CARTESIAN_POINT('',(-14.3200460436562,-25.,-12.9378157238308));
#4665=CARTESIAN_POINT('',(-14.3200460436562,-25.,-13.1541640639854));
#4666=CARTESIAN_POINT('',(-14.3200460436562,-25.,-13.37051240414));
#4667=CARTESIAN_POINT('',(-14.3200460436562,-25.,-12.7214673836762));
#4668=CARTESIAN_POINT('',(-14.3200460436562,-25.,-13.37051240414));
#4669=CARTESIAN_POINT('',(6.17910387341416E-15,-25.,-12.7214673836762));
#4670=CARTESIAN_POINT('',(-25.,-25.,-12.7214673836762));
#4671=CARTESIAN_POINT('',(-25.,-25.,13.5085326163238));
#4672=CARTESIAN_POINT('',(6.17910387341416E-15,-25.,-12.7214673836762));
#4673=CARTESIAN_POINT('',(-10.6846435879945,-25.,-12.7214673836762));
#4674=CARTESIAN_POINT('',(-11.506267053206,-25.,-16.5819721585739));
#4675=CARTESIAN_POINT('',(-11.5090808321964,-25.,-16.9271290480691));
#4676=CARTESIAN_POINT('',(-11.6075630968622,-25.,-17.1972518311523));
#4677=CARTESIAN_POINT('',(-11.9977404502046,-25.,-17.5874291844947));
#4678=CARTESIAN_POINT('',(-12.2575460436562,-25.,-17.6849735228303));
#4679=CARTESIAN_POINT('',(-12.8906463165075,-25.,-17.6849735228303));
#4680=CARTESIAN_POINT('',(-13.1401347203274,-25.,-17.5930567424756));
#4681=CARTESIAN_POINT('',(-13.5228086630286,-25.,-17.2253896210568));
#4682=CARTESIAN_POINT('',(-13.618477148704,-25.,-16.9993493754906));
#4683=CARTESIAN_POINT('',(-13.618477148704,-25.,-16.4769244095971));
#4684=CARTESIAN_POINT('',(-13.5134293997271,-25.,-16.2058637001837));
#4685=CARTESIAN_POINT('',(-13.0932384038199,-25.,-15.6337286387921));
#4686=CARTESIAN_POINT('',(-12.6889921555252,-25.,-15.24542713811));
#4687=CARTESIAN_POINT('',(-11.7067095825734,-25.,-14.4389376786849));
#4688=CARTESIAN_POINT('',(-11.4115364938608,-25.,-14.1621222267867));
#4689=CARTESIAN_POINT('',(-11.0044764665757,-25.,-13.6819039457498));
#4690=CARTESIAN_POINT('',(-10.856284106412,-25.,-13.4380430999108));
#4691=CARTESIAN_POINT('',(-10.7070373420837,-25.,-13.0400517283686));
#4692=CARTESIAN_POINT('',(-10.6799539563438,-25.,-12.8837286387921));
#4693=CARTESIAN_POINT('',(-10.6846435879945,-25.,-12.7214673836762));
#4694=CARTESIAN_POINT('',(-11.506267053206,-25.,-16.5819721585739));
#4695=CARTESIAN_POINT('',(-10.812201568895,-25.,-16.6532545596653));
#4696=CARTESIAN_POINT('',(-11.043556730332,-25.,-16.6294937593015));
#4697=CARTESIAN_POINT('',(-11.274911891769,-25.,-16.6057329589377));
#4698=CARTESIAN_POINT('',(-11.506267053206,-25.,-16.5819721585739));
#4699=CARTESIAN_POINT('',(-10.812201568895,-25.,-16.6532545596653));
#4700=CARTESIAN_POINT('',(-11.6225699181446,-25.,-13.37051240414));
#4701=CARTESIAN_POINT('',(-11.6976040245566,-25.,-13.4933807533897));
#4702=CARTESIAN_POINT('',(-11.7923345839018,-25.,-13.6153111763092));
#4703=CARTESIAN_POINT('',(-12.0230644611187,-25.,-13.8572961694879));
#4704=CARTESIAN_POINT('',(-12.2828700545703,-25.,-14.0880260467048));
#4705=CARTESIAN_POINT('',(-13.174154369964,-25.,-14.8369524506121));
#4706=CARTESIAN_POINT('',(-13.5199948840382,-25.,-15.1610137683965));
#4707=CARTESIAN_POINT('',(-13.9383100272851,-25.,-15.6318527861318));
#4708=CARTESIAN_POINT('',(-14.087440313779,-25.,-15.8550792527076));
#4709=CARTESIAN_POINT('',(-14.2675221691678,-25.,-16.2808978065957));
#4710=CARTESIAN_POINT('',(-14.312542633015,-25.,-16.4966208625302));
#4711=CARTESIAN_POINT('',(-14.312542633015,-25.,-17.1494175883147));
#4712=CARTESIAN_POINT('',(-14.1587227148704,-25.,-17.5123950780827));
#4713=CARTESIAN_POINT('',(-13.5434430422919,-25.,-18.0976611080964));
#4714=CARTESIAN_POINT('',(-13.1260658253752,-25.,-18.2439776155998));
#4715=CARTESIAN_POINT('',(-12.0755883356071,-25.,-18.2439776155998));
#4716=CARTESIAN_POINT('',(-11.6591490450205,-25.,-18.107978297728));
#4717=CARTESIAN_POINT('',(-11.0382418144611,-25.,-17.5658568789013));
#4718=CARTESIAN_POINT('',(-10.8600358117326,-25.,-17.1709898939081));
#4719=CARTESIAN_POINT('',(-10.812201568895,-25.,-16.6532545596653));
#4720=CARTESIAN_POINT('',(-11.6225699181446,-25.,-13.37051240414));
#4721=CARTESIAN_POINT('',(-14.3200460436562,-25.,-13.37051240414));
#4722=CARTESIAN_POINT('',(-13.4208873351523,-25.,-13.37051240414));
#4723=CARTESIAN_POINT('',(-12.5217286266485,-25.,-13.37051240414));
#4724=CARTESIAN_POINT('',(-11.6225699181446,-25.,-13.37051240414));
#4725=CARTESIAN_POINT('',(0.,-25.,0.));
#4726=CARTESIAN_POINT('',(-25.,25.,13.5085326163238));
#4727=CARTESIAN_POINT('',(-25.,25.,-12.7214673836762));
#4728=CARTESIAN_POINT('',(6.17910387341416E-15,25.,-12.7214673836762));
#4729=CARTESIAN_POINT('',(6.7168699966523E-15,25.,-12.7214673836762));
#4730=CARTESIAN_POINT('',(1.34251616537071E-16,25.,6.94673917657547E-32));
#4731=CARTESIAN_POINT('',(0.,25.,0.));
#4732=CARTESIAN_POINT('',(-25.,-25.,-12.7214673836762));
#4733=CARTESIAN_POINT('',(-25.,-25.,13.5085326163238));
#4734=CARTESIAN_POINT('',(6.7168699966523E-15,0.,-12.7214673836762));
#4735=CARTESIAN_POINT('',(-2.20638896269156E-18,18.2857084666704,-12.7214673836762));
#4736=CARTESIAN_POINT('',(0.,17.7899896717948,-12.7257314171662));
#4737=CARTESIAN_POINT('',(6.93889390390723E-15,17.7910653496995,-13.2214673836762));
#4738=CARTESIAN_POINT('',(6.93889390390723E-15,0.,-13.2214673836762));
#4739=CARTESIAN_POINT('',(-4.13953402171944E-16,16.5910653496995,-13.2214673836762));
#4740=CARTESIAN_POINT('',(0.,16.5910653496995,-14.0214673836762));
#4741=CARTESIAN_POINT('',(1.34251616537071E-16,15.7910653496995,-14.0214673836762));
#4742=CARTESIAN_POINT('',(1.34251616537071E-16,15.7910653496995,6.94673917657547E-32));
#4743=CARTESIAN_POINT('',(0.,15.7910653496995,-18.2214673836762));
#4744=CARTESIAN_POINT('',(0.,14.2910653496995,-18.2214673836762));
#4745=CARTESIAN_POINT('',(5.78854515701049E-16,13.2917940875106,-19.3401527480943));
#4746=CARTESIAN_POINT('',(-2.7672308888782E-14,13.2917940875106,53.7385326163238));
#4747=CARTESIAN_POINT('',(3.5527136788005E-15,0.,-6.60646738367618));
#4748=CARTESIAN_POINT('',(0.,0.,-19.3401527480943));
#4749=CARTESIAN_POINT('',(0.,0.,-18.2214673836762));
#4750=CARTESIAN_POINT('',(0.,0.,-18.2214673836762));
#4751=CARTESIAN_POINT('',(0.,0.,-14.0214673836762));
#4752=CARTESIAN_POINT('',(0.,0.,0.));
#4753=CARTESIAN_POINT('',(0.,0.,-13.2214673836762));
#4754=CARTESIAN_POINT('',(0.,0.,-14.0214673836762));
#4755=CARTESIAN_POINT('',(0.,0.,-13.2214673836762));
#4756=CARTESIAN_POINT('',(-17.7910653496995,0.,-13.2214673836762));
#4757=CARTESIAN_POINT('',(-2.07113731927887E-18,0.,-12.7214673836762));
#4758=CARTESIAN_POINT('',(0.,0.,-12.7257314171662));
#4759=CARTESIAN_POINT('',(-2.48703835303843E-14,0.,53.7385326163238));
#4760=CARTESIAN_POINT('',(-17.0301121765565,18.5115914829083,-12.7214673836762));
#4761=CARTESIAN_POINT('',(-18.5301121765565,18.5115914829083,-12.7214673836762));
#4762=CARTESIAN_POINT('',(-16.5,-19.5,-12.7214673836762));
#4763=CARTESIAN_POINT('',(-18.,-19.5,-12.7214673836762));
#4764=CARTESIAN_POINT('',(-14.3200460436562,-25.,-12.7214673836762));
#4765=CARTESIAN_POINT('',(-14.3200460436562,-24.,-12.7214673836762));
#4766=CARTESIAN_POINT('',(-10.6846435879945,-24.,-12.7214673836762));
#4767=CARTESIAN_POINT('',(-11.8964444065484,-24.,-12.7214673836762));
#4768=CARTESIAN_POINT('',(-13.1082452251023,-24.,-12.7214673836762));
#4769=CARTESIAN_POINT('',(-14.3200460436562,-24.,-12.7214673836762));
#4770=CARTESIAN_POINT('',(-10.6846435879945,-24.,-12.7214673836762));
#4771=CARTESIAN_POINT('',(-10.6846435879945,-25.,-12.7214673836762));
#4772=CARTESIAN_POINT('',(12.5,0.,-12.7214673836762));
#4773=CARTESIAN_POINT('',(-16.5,-19.5,-12.7214673836762));
#4774=CARTESIAN_POINT('',(-17.0301121765565,18.5115914829083,-12.7214673836762));
#4775=CARTESIAN_POINT('',(-14.3200460436562,-24.,-13.37051240414));
#4776=CARTESIAN_POINT('',(-14.3200460436562,-24.,-13.1541640639854));
#4777=CARTESIAN_POINT('',(-14.3200460436562,-24.,-12.9378157238308));
#4778=CARTESIAN_POINT('',(-14.3200460436562,-24.,-12.7214673836762));
#4779=CARTESIAN_POINT('',(-14.3200460436562,-24.,-13.37051240414));
#4780=CARTESIAN_POINT('',(-14.3200460436562,-25.,-13.37051240414));
#4781=CARTESIAN_POINT('',(-14.3200460436562,-25.,-12.7214673836762));
#4782=CARTESIAN_POINT('',(-11.6225699181446,-24.,-13.37051240414));
#4783=CARTESIAN_POINT('',(-12.5217286266485,-24.,-13.37051240414));
#4784=CARTESIAN_POINT('',(-13.4208873351523,-24.,-13.37051240414));
#4785=CARTESIAN_POINT('',(-14.3200460436562,-24.,-13.37051240414));
#4786=CARTESIAN_POINT('',(-11.6225699181446,-24.,-13.37051240414));
#4787=CARTESIAN_POINT('',(-11.6225699181446,-25.,-13.37051240414));
#4788=CARTESIAN_POINT('',(-14.3200460436562,-25.,-13.37051240414));
#4789=CARTESIAN_POINT('',(-10.812201568895,-24.,-16.6532545596653));
#4790=CARTESIAN_POINT('',(-10.8600358117326,-24.,-17.1709898939081));
#4791=CARTESIAN_POINT('',(-11.0382418144611,-24.,-17.5658568789013));
#4792=CARTESIAN_POINT('',(-11.6591490450205,-24.,-18.107978297728));
#4793=CARTESIAN_POINT('',(-12.0755883356071,-24.,-18.2439776155998));
#4794=CARTESIAN_POINT('',(-13.1260658253752,-24.,-18.2439776155998));
#4795=CARTESIAN_POINT('',(-13.5434430422919,-24.,-18.0976611080964));
#4796=CARTESIAN_POINT('',(-14.1587227148704,-24.,-17.5123950780827));
#4797=CARTESIAN_POINT('',(-14.312542633015,-24.,-17.1494175883147));
#4798=CARTESIAN_POINT('',(-14.312542633015,-24.,-16.4966208625302));
#4799=CARTESIAN_POINT('',(-14.2675221691678,-24.,-16.2808978065957));
#4800=CARTESIAN_POINT('',(-14.087440313779,-24.,-15.8550792527076));
#4801=CARTESIAN_POINT('',(-13.9383100272851,-24.,-15.6318527861318));
#4802=CARTESIAN_POINT('',(-13.5199948840382,-24.,-15.1610137683965));
#4803=CARTESIAN_POINT('',(-13.174154369964,-24.,-14.8369524506121));
#4804=CARTESIAN_POINT('',(-12.2828700545703,-24.,-14.0880260467048));
#4805=CARTESIAN_POINT('',(-12.0230644611187,-24.,-13.8572961694879));
#4806=CARTESIAN_POINT('',(-11.7923345839018,-24.,-13.6153111763092));
#4807=CARTESIAN_POINT('',(-11.6976040245566,-24.,-13.4933807533897));
#4808=CARTESIAN_POINT('',(-11.6225699181446,-24.,-13.37051240414));
#4809=CARTESIAN_POINT('',(-10.812201568895,-24.,-16.6532545596653));
#4810=CARTESIAN_POINT('',(-10.812201568895,-25.,-16.6532545596653));
#4811=CARTESIAN_POINT('',(-11.6225699181446,-25.,-13.37051240414));
#4812=CARTESIAN_POINT('',(-11.6976040245566,-25.,-13.4933807533897));
#4813=CARTESIAN_POINT('',(-11.7923345839018,-25.,-13.6153111763092));
#4814=CARTESIAN_POINT('',(-12.0230644611187,-25.,-13.8572961694879));
#4815=CARTESIAN_POINT('',(-12.2828700545703,-25.,-14.0880260467048));
#4816=CARTESIAN_POINT('',(-13.174154369964,-25.,-14.8369524506121));
#4817=CARTESIAN_POINT('',(-13.5199948840382,-25.,-15.1610137683965));
#4818=CARTESIAN_POINT('',(-13.9383100272851,-25.,-15.6318527861318));
#4819=CARTESIAN_POINT('',(-14.087440313779,-25.,-15.8550792527076));
#4820=CARTESIAN_POINT('',(-14.2675221691678,-25.,-16.2808978065957));
#4821=CARTESIAN_POINT('',(-14.312542633015,-25.,-16.4966208625302));
#4822=CARTESIAN_POINT('',(-14.312542633015,-25.,-17.1494175883147));
#4823=CARTESIAN_POINT('',(-14.1587227148704,-25.,-17.5123950780827));
#4824=CARTESIAN_POINT('',(-13.5434430422919,-25.,-18.0976611080964));
#4825=CARTESIAN_POINT('',(-13.1260658253752,-25.,-18.2439776155998));
#4826=CARTESIAN_POINT('',(-12.0755883356071,-25.,-18.2439776155998));
#4827=CARTESIAN_POINT('',(-11.6591490450205,-25.,-18.107978297728));
#4828=CARTESIAN_POINT('',(-11.0382418144611,-25.,-17.5658568789013));
#4829=CARTESIAN_POINT('',(-10.8600358117326,-25.,-17.1709898939081));
#4830=CARTESIAN_POINT('',(-10.812201568895,-25.,-16.6532545596653));
#4831=CARTESIAN_POINT('',(-11.506267053206,-24.,-16.5819721585739));
#4832=CARTESIAN_POINT('',(-11.274911891769,-24.,-16.6057329589377));
#4833=CARTESIAN_POINT('',(-11.043556730332,-24.,-16.6294937593015));
#4834=CARTESIAN_POINT('',(-10.812201568895,-24.,-16.6532545596653));
#4835=CARTESIAN_POINT('',(-11.506267053206,-24.,-16.5819721585739));
#4836=CARTESIAN_POINT('',(-11.506267053206,-25.,-16.5819721585739));
#4837=CARTESIAN_POINT('',(-10.812201568895,-25.,-16.6532545596653));
#4838=CARTESIAN_POINT('',(-10.6846435879945,-24.,-12.7214673836762));
#4839=CARTESIAN_POINT('',(-10.6799539563438,-24.,-12.8837286387921));
#4840=CARTESIAN_POINT('',(-10.7070373420837,-24.,-13.0400517283686));
#4841=CARTESIAN_POINT('',(-10.856284106412,-24.,-13.4380430999108));
#4842=CARTESIAN_POINT('',(-11.0044764665757,-24.,-13.6819039457498));
#4843=CARTESIAN_POINT('',(-11.4115364938608,-24.,-14.1621222267867));
#4844=CARTESIAN_POINT('',(-11.7067095825734,-24.,-14.4389376786849));
#4845=CARTESIAN_POINT('',(-12.6889921555252,-24.,-15.24542713811));
#4846=CARTESIAN_POINT('',(-13.0932384038199,-24.,-15.6337286387921));
#4847=CARTESIAN_POINT('',(-13.5134293997271,-24.,-16.2058637001837));
#4848=CARTESIAN_POINT('',(-13.618477148704,-24.,-16.4769244095971));
#4849=CARTESIAN_POINT('',(-13.618477148704,-24.,-16.9993493754906));
#4850=CARTESIAN_POINT('',(-13.5228086630286,-24.,-17.2253896210568));
#4851=CARTESIAN_POINT('',(-13.1401347203274,-24.,-17.5930567424756));
#4852=CARTESIAN_POINT('',(-12.8906463165075,-24.,-17.6849735228303));
#4853=CARTESIAN_POINT('',(-12.2575460436562,-24.,-17.6849735228303));
#4854=CARTESIAN_POINT('',(-11.9977404502046,-24.,-17.5874291844947));
#4855=CARTESIAN_POINT('',(-11.6075630968622,-24.,-17.1972518311523));
#4856=CARTESIAN_POINT('',(-11.5090808321964,-24.,-16.9271290480691));
#4857=CARTESIAN_POINT('',(-11.506267053206,-24.,-16.5819721585739));
#4858=CARTESIAN_POINT('',(-11.506267053206,-25.,-16.5819721585739));
#4859=CARTESIAN_POINT('',(-11.5090808321964,-25.,-16.9271290480691));
#4860=CARTESIAN_POINT('',(-11.6075630968622,-25.,-17.1972518311523));
#4861=CARTESIAN_POINT('',(-11.9977404502046,-25.,-17.5874291844947));
#4862=CARTESIAN_POINT('',(-12.2575460436562,-25.,-17.6849735228303));
#4863=CARTESIAN_POINT('',(-12.8906463165075,-25.,-17.6849735228303));
#4864=CARTESIAN_POINT('',(-13.1401347203274,-25.,-17.5930567424756));
#4865=CARTESIAN_POINT('',(-13.5228086630286,-25.,-17.2253896210568));
#4866=CARTESIAN_POINT('',(-13.618477148704,-25.,-16.9993493754906));
#4867=CARTESIAN_POINT('',(-13.618477148704,-25.,-16.4769244095971));
#4868=CARTESIAN_POINT('',(-13.5134293997271,-25.,-16.2058637001837));
#4869=CARTESIAN_POINT('',(-13.0932384038199,-25.,-15.6337286387921));
#4870=CARTESIAN_POINT('',(-12.6889921555252,-25.,-15.24542713811));
#4871=CARTESIAN_POINT('',(-11.7067095825734,-25.,-14.4389376786849));
#4872=CARTESIAN_POINT('',(-11.4115364938608,-25.,-14.1621222267867));
#4873=CARTESIAN_POINT('',(-11.0044764665757,-25.,-13.6819039457498));
#4874=CARTESIAN_POINT('',(-10.856284106412,-25.,-13.4380430999108));
#4875=CARTESIAN_POINT('',(-10.7070373420837,-25.,-13.0400517283686));
#4876=CARTESIAN_POINT('',(-10.6799539563438,-25.,-12.8837286387921));
#4877=CARTESIAN_POINT('',(-10.6846435879945,-25.,-12.7214673836762));
#4878=CARTESIAN_POINT('',(-14.0173605118204,-24.,-17.6208161709426));
#4879=CARTESIAN_POINT('',(0.,-25.,-0.491467383676174));
#4880=CARTESIAN_POINT('',(-25.,-25.,-0.491467383676174));
#4881=CARTESIAN_POINT('',(-13.6592769440655,-25.,-0.491467383676174));
#4882=CARTESIAN_POINT('',(-13.6592769440655,-25.,-0.491467383676174));
#4883=CARTESIAN_POINT('',(-13.6592769440655,-24.,-0.491467383676174));
#4884=CARTESIAN_POINT('',(-12.9839699863574,-24.,-0.491467383676174));
#4885=CARTESIAN_POINT('',(-13.6592769440655,-24.,-0.491467383676174));
#4886=CARTESIAN_POINT('',(-12.9839699863574,-24.,-0.491467383676174));
#4887=CARTESIAN_POINT('',(-12.9839699863574,-25.,-0.491467383676174));
#4888=CARTESIAN_POINT('',(-12.9839699863574,-25.,-0.491467383676174));
#4889=CARTESIAN_POINT('',(0.,-25.,-0.491467383676174));
#4890=CARTESIAN_POINT('',(3.88557360948692E-16,-25.,-0.491467383676174));
#4891=CARTESIAN_POINT('',(3.88557360948692E-16,0.,-0.491467383676174));
#4892=CARTESIAN_POINT('',(-4.41277792538243E-18,-18.2888412606735,-0.491467383676174));
#4893=CARTESIAN_POINT('',(0.,0.,-0.491467383676174));
#4894=CARTESIAN_POINT('',(-4.41277792538261E-18,18.2888412606735,-0.491467383676174));
#4895=CARTESIAN_POINT('',(3.88557360948692E-16,0.,-0.491467383676174));
#4896=CARTESIAN_POINT('',(3.46944695195361E-15,25.,-0.491467383676174));
#4897=CARTESIAN_POINT('',(0.,25.,-0.491467383676174));
#4898=CARTESIAN_POINT('',(-25.,25.,-0.491467383676173));
#4899=CARTESIAN_POINT('',(-25.,-25.,-0.491467383676173));
#4900=CARTESIAN_POINT('',(12.5,0.,-0.491467383676174));
#4901=CARTESIAN_POINT('',(0.,0.,-18.2299954506561));
#4902=CARTESIAN_POINT('',(1.34251616537071E-16,14.78891399389,-18.2299954506561));
#4903=CARTESIAN_POINT('',(1.34251616537071E-16,-14.78891399389,-18.2299954506561));
#4904=CARTESIAN_POINT('',(1.34251616537071E-16,-14.78891399389,6.94673917657547E-32));
#4905=CARTESIAN_POINT('',(4.52593536931002E-30,-14.78891399389,-13.2299954506561));
#4906=CARTESIAN_POINT('',(0.,0.,-13.2299954506561));
#4907=CARTESIAN_POINT('',(4.52593536931002E-30,14.78891399389,-13.2299954506561));
#4908=CARTESIAN_POINT('',(1.34251616537071E-16,14.78891399389,6.94673917657547E-32));
#4909=CARTESIAN_POINT('',(0.,0.,0.));
#4910=CARTESIAN_POINT('',(0.,0.,-18.2299954506561));
#4911=CARTESIAN_POINT('',(1.78148519855819E-30,13.78891399389,-18.2299954506561));
#4912=CARTESIAN_POINT('',(1.78148519855819E-30,-13.78891399389,-18.2299954506561));
#4913=CARTESIAN_POINT('',(0.,-14.28891399389,-18.2299954506561));
#4914=CARTESIAN_POINT('',(0.,14.28891399389,-18.2299954506561));
#4915=CARTESIAN_POINT('',(0.,0.,-18.2299954506561));
#4916=CARTESIAN_POINT('',(0.,-15.78891399389,-13.2299954506561));
#4917=CARTESIAN_POINT('',(6.93889390390723E-15,-15.78891399389,-12.2299954506561));
#4918=CARTESIAN_POINT('',(0.,0.,-12.2299954506561));
#4919=CARTESIAN_POINT('',(6.93889390390723E-15,15.78891399389,-12.2299954506561));
#4920=CARTESIAN_POINT('',(0.,15.78891399389,-13.2299954506561));
#4921=CARTESIAN_POINT('',(0.,0.,-13.2299954506561));
#4922=CARTESIAN_POINT('',(1.34251616537071E-16,13.78891399389,6.94673917657547E-32));
#4923=CARTESIAN_POINT('',(1.34251616537071E-16,13.78891399389,5.00000454934386));
#4924=CARTESIAN_POINT('',(0.,0.,5.00000454934386));
#4925=CARTESIAN_POINT('',(1.34251616537071E-16,-13.78891399389,5.00000454934386));
#4926=CARTESIAN_POINT('',(1.34251616537071E-16,-13.78891399389,6.94673917657547E-32));
#4927=CARTESIAN_POINT('',(0.,0.,0.));
#4928=CARTESIAN_POINT('',(6.93889390390723E-15,0.,-12.2299954506561));
#4929=CARTESIAN_POINT('',(-2.56514487394774E-16,17.7889139938895,-12.2299954506561));
#4930=CARTESIAN_POINT('',(0.,17.7899896717948,-12.7257314171662));
#4931=CARTESIAN_POINT('',(-2.20638896269156E-18,18.2857084666704,-12.7214673836762));
#4932=CARTESIAN_POINT('',(6.7168699966523E-15,0.,-12.7214673836762));
#4933=CARTESIAN_POINT('',(6.7168699966523E-15,25.,-12.7214673836762));
#4934=CARTESIAN_POINT('',(1.34251616537071E-16,25.,6.94673917657547E-32));
#4935=CARTESIAN_POINT('',(0.,17.78891399389,-0.499995450656137));
#4936=CARTESIAN_POINT('',(0.,17.78891399389,-0.999995450656137));
#4937=CARTESIAN_POINT('',(0.,0.,-0.999995450656137));
#4938=CARTESIAN_POINT('',(5.17441752714931E-16,15.78891399389,-0.999995450656137));
#4939=CARTESIAN_POINT('',(0.,15.78891399389,4.54934386343031E-6));
#4940=CARTESIAN_POINT('',(1.34251616537071E-16,14.78891399389,4.54934386336908E-6));
#4941=CARTESIAN_POINT('',(1.34251616537071E-16,14.78891399389,6.94673917657547E-32));
#4942=CARTESIAN_POINT('',(6.32006765145528E-28,14.78891399389,5.00000454934264));
#4943=CARTESIAN_POINT('',(0.,14.28891399389,5.00000454934386));
#4944=CARTESIAN_POINT('',(3.5527136788005E-15,0.,-6.60646738367618));
#4945=CARTESIAN_POINT('',(0.,-14.28891399389,5.00000454934386));
#4946=CARTESIAN_POINT('',(6.32006765145528E-28,-14.78891399389,5.00000454934264));
#4947=CARTESIAN_POINT('',(1.34251616537071E-16,-14.78891399389,6.94673917657547E-32));
#4948=CARTESIAN_POINT('',(1.34251616537071E-16,-14.78891399389,4.54934386336908E-6));
#4949=CARTESIAN_POINT('',(0.,-15.78891399389,4.54934386343031E-6));
#4950=CARTESIAN_POINT('',(5.17441752714931E-16,-15.78891399389,-0.999995450656137));
#4951=CARTESIAN_POINT('',(0.,0.,-0.999995450656137));
#4952=CARTESIAN_POINT('',(0.,-17.78891399389,-0.999995450656137));
#4953=CARTESIAN_POINT('',(0.,-17.78891399389,-0.499995450656137));
#4954=CARTESIAN_POINT('',(1.34251616537071E-16,-25.,6.94673917657547E-32));
#4955=CARTESIAN_POINT('',(6.7168699966523E-15,-25.,-12.7214673836762));
#4956=CARTESIAN_POINT('',(6.7168699966523E-15,0.,-12.7214673836762));
#4957=CARTESIAN_POINT('',(-2.20638896269156E-18,-18.2857084666704,-12.7214673836762));
#4958=CARTESIAN_POINT('',(0.,-17.7899896717948,-12.7257314171662));
#4959=CARTESIAN_POINT('',(-2.56514487394774E-16,-17.7889139938895,-12.2299954506561));
#4960=CARTESIAN_POINT('',(6.93889390390723E-15,0.,-12.2299954506561));
#4961=CARTESIAN_POINT('',(3.5527136788005E-15,0.,-6.60646738367618));
#4962=CARTESIAN_POINT('',(0.,0.,-12.2299954506561));
#4963=CARTESIAN_POINT('',(-15.78891399389,0.,-12.2299954506561));
#4964=CARTESIAN_POINT('',(-2.07113731927887E-18,0.,-12.7214673836762));
#4965=CARTESIAN_POINT('',(0.,0.,-12.7257314171662));
#4966=CARTESIAN_POINT('',(6.17910387341416E-15,-25.,-12.7214673836762));
#4967=CARTESIAN_POINT('',(-25.,-25.,-12.7214673836762));
#4968=CARTESIAN_POINT('',(-25.,-25.,-12.7214673836762));
#4969=CARTESIAN_POINT('',(-25.,25.,-12.7214673836762));
#4970=CARTESIAN_POINT('',(6.17910387341416E-15,25.,-12.7214673836762));
#4971=CARTESIAN_POINT('',(-17.0301121765565,18.5115914829083,-12.7214673836762));
#4972=CARTESIAN_POINT('',(-19.0301121765565,18.5115914829083,-12.7214673836762));
#4973=CARTESIAN_POINT('',(-16.5,-19.5,-12.7214673836762));
#4974=CARTESIAN_POINT('',(-18.5,-19.5,-12.7214673836762));
#4975=CARTESIAN_POINT('',(12.5,0.,-12.7214673836762));
#4976=CARTESIAN_POINT('',(0.,0.,-0.999995450656137));
#4977=CARTESIAN_POINT('',(0.,0.,-0.999995450656136));
#4978=CARTESIAN_POINT('',(-17.78891399389,0.,-0.999995450656137));
#4979=CARTESIAN_POINT('',(-12.9839699863574,-25.,-1.80831595120687));
#4980=CARTESIAN_POINT('',(-12.9839699863574,-25.,-0.491467383676174));
#4981=CARTESIAN_POINT('',(-12.9839699863574,-25.,-1.80831595120687));
#4982=CARTESIAN_POINT('',(-10.5978854024557,-25.,-1.80831595120687));
#4983=CARTESIAN_POINT('',(-12.9839699863574,-25.,-1.80831595120687));
#4984=CARTESIAN_POINT('',(-10.5978854024557,-25.,-1.80831595120687));
#4985=CARTESIAN_POINT('',(-10.5978854024557,-25.,-2.42734732910591));
#4986=CARTESIAN_POINT('',(-10.5978854024557,-25.,-1.80831595120687));
#4987=CARTESIAN_POINT('',(-10.5978854024557,-25.,-2.42734732910591));
#4988=CARTESIAN_POINT('',(-13.1077762619372,-25.,-5.99146738367617));
#4989=CARTESIAN_POINT('',(-10.5978854024557,-25.,-2.42734732910591));
#4990=CARTESIAN_POINT('',(-13.1077762619372,-25.,-5.99146738367617));
#4991=CARTESIAN_POINT('',(-13.6592769440655,-25.,-5.99146738367617));
#4992=CARTESIAN_POINT('',(-13.1077762619372,-25.,-5.99146738367617));
#4993=CARTESIAN_POINT('',(-13.6592769440655,-25.,-5.99146738367617));
#4994=CARTESIAN_POINT('',(-13.6592769440655,-25.,-2.42734732910591));
#4995=CARTESIAN_POINT('',(-13.6592769440655,-25.,-5.99146738367617));
#4996=CARTESIAN_POINT('',(-13.6592769440655,-25.,-2.42734732910591));
#4997=CARTESIAN_POINT('',(-14.4021145975443,-25.,-2.42734732910591));
#4998=CARTESIAN_POINT('',(-13.6592769440655,-25.,-2.42734732910591));
#4999=CARTESIAN_POINT('',(-14.4021145975443,-25.,-2.42734732910591));
#5000=CARTESIAN_POINT('',(-14.4021145975443,-25.,-1.80831595120687));
#5001=CARTESIAN_POINT('',(-14.4021145975443,-25.,-2.42734732910591));
#5002=CARTESIAN_POINT('',(-14.4021145975443,-25.,-1.80831595120687));
#5003=CARTESIAN_POINT('',(-13.6592769440655,-25.,-1.80831595120687));
#5004=CARTESIAN_POINT('',(-14.4021145975443,-25.,-1.80831595120687));
#5005=CARTESIAN_POINT('',(-13.6592769440655,-25.,-1.80831595120687));
#5006=CARTESIAN_POINT('',(-13.6592769440655,-25.,-0.491467383676174));
#5007=CARTESIAN_POINT('',(-13.6592769440655,-25.,-1.80831595120687));
#5008=CARTESIAN_POINT('',(-25.,-25.,13.5085326163238));
#5009=CARTESIAN_POINT('',(0.,-25.,0.));
#5010=CARTESIAN_POINT('',(-25.,25.,13.5085326163238));
#5011=CARTESIAN_POINT('',(0.,25.,0.));
#5012=CARTESIAN_POINT('',(-25.,-25.,13.5085326163238));
#5013=CARTESIAN_POINT('',(0.,0.,-0.499995450656137));
#5014=CARTESIAN_POINT('',(0.,0.,4.54934386336908E-6));
#5015=CARTESIAN_POINT('',(0.,0.,4.54934386343031E-6));
#5016=CARTESIAN_POINT('',(0.,0.,5.00000454934264));
#5017=CARTESIAN_POINT('',(0.,0.,0.));
#5018=CARTESIAN_POINT('',(0.,0.,5.00000454934386));
#5019=CARTESIAN_POINT('',(-16.5,-19.5,-12.7214673836762));
#5020=CARTESIAN_POINT('',(-17.0301121765565,18.5115914829083,-12.7214673836762));
#5021=CARTESIAN_POINT('',(-12.9839699863574,-24.,-2.42734732910591));
#5022=CARTESIAN_POINT('',(-12.9839699863574,-24.,-4.90722454602269));
#5023=CARTESIAN_POINT('',(-12.9839699863574,-24.,-2.42734732910591));
#5024=CARTESIAN_POINT('',(-12.9839699863574,-24.,-4.90722454602269));
#5025=CARTESIAN_POINT('',(-12.9839699863574,-25.,-4.90722454602269));
#5026=CARTESIAN_POINT('',(-12.9839699863574,-25.,-4.90722454602269));
#5027=CARTESIAN_POINT('',(-12.9839699863574,-25.,-4.90722454602269));
#5028=CARTESIAN_POINT('',(-12.9839699863574,-25.,-2.42734732910591));
#5029=CARTESIAN_POINT('',(-12.9839699863574,-25.,-2.42734732910591));
#5030=CARTESIAN_POINT('',(-12.9839699863574,-25.,-2.42734732910591));
#5031=CARTESIAN_POINT('',(-12.9839699863574,-25.,-4.90722454602269));
#5032=CARTESIAN_POINT('',(-11.2619372442019,-24.,-2.42734732910591));
#5033=CARTESIAN_POINT('',(-12.9839699863574,-24.,-2.42734732910591));
#5034=CARTESIAN_POINT('',(-11.2619372442019,-24.,-2.42734732910591));
#5035=CARTESIAN_POINT('',(-12.9839699863574,-25.,-2.42734732910591));
#5036=CARTESIAN_POINT('',(-11.2619372442019,-25.,-2.42734732910591));
#5037=CARTESIAN_POINT('',(-11.2619372442019,-25.,-2.42734732910591));
#5038=CARTESIAN_POINT('',(-11.2619372442019,-25.,-2.42734732910591));
#5039=CARTESIAN_POINT('',(-12.9839699863574,-25.,-2.42734732910591));
#5040=CARTESIAN_POINT('',(-12.9839699863574,-24.,-0.491467383676174));
#5041=CARTESIAN_POINT('',(-12.9839699863574,-24.,-1.80831595120687));
#5042=CARTESIAN_POINT('',(-12.9839699863574,-24.,-1.80831595120687));
#5043=CARTESIAN_POINT('',(-12.9839699863574,-25.,-1.80831595120687));
#5044=CARTESIAN_POINT('',(-12.9839699863574,-25.,-1.80831595120687));
#5045=CARTESIAN_POINT('',(-13.6592769440655,-24.,-1.80831595120687));
#5046=CARTESIAN_POINT('',(-13.6592769440655,-24.,-0.491467383676174));
#5047=CARTESIAN_POINT('',(-13.6592769440655,-24.,-1.80831595120687));
#5048=CARTESIAN_POINT('',(-13.6592769440655,-25.,-1.80831595120687));
#5049=CARTESIAN_POINT('',(-13.6592769440655,-25.,-0.491467383676174));
#5050=CARTESIAN_POINT('',(-14.4021145975443,-24.,-1.80831595120687));
#5051=CARTESIAN_POINT('',(-13.6592769440655,-24.,-1.80831595120687));
#5052=CARTESIAN_POINT('',(-14.4021145975443,-24.,-1.80831595120687));
#5053=CARTESIAN_POINT('',(-14.4021145975443,-25.,-1.80831595120687));
#5054=CARTESIAN_POINT('',(-13.6592769440655,-25.,-1.80831595120687));
#5055=CARTESIAN_POINT('',(-14.4021145975443,-24.,-2.42734732910591));
#5056=CARTESIAN_POINT('',(-14.4021145975443,-24.,-1.80831595120687));
#5057=CARTESIAN_POINT('',(-14.4021145975443,-24.,-2.42734732910591));
#5058=CARTESIAN_POINT('',(-14.4021145975443,-25.,-2.42734732910591));
#5059=CARTESIAN_POINT('',(-14.4021145975443,-25.,-1.80831595120687));
#5060=CARTESIAN_POINT('',(-13.6592769440655,-24.,-2.42734732910591));
#5061=CARTESIAN_POINT('',(-14.4021145975443,-24.,-2.42734732910591));
#5062=CARTESIAN_POINT('',(-13.6592769440655,-24.,-2.42734732910591));
#5063=CARTESIAN_POINT('',(-13.6592769440655,-25.,-2.42734732910591));
#5064=CARTESIAN_POINT('',(-14.4021145975443,-25.,-2.42734732910591));
#5065=CARTESIAN_POINT('',(-13.6592769440655,-24.,-5.99146738367617));
#5066=CARTESIAN_POINT('',(-13.6592769440655,-24.,-2.42734732910591));
#5067=CARTESIAN_POINT('',(-13.6592769440655,-24.,-5.99146738367617));
#5068=CARTESIAN_POINT('',(-13.6592769440655,-25.,-5.99146738367617));
#5069=CARTESIAN_POINT('',(-13.6592769440655,-25.,-2.42734732910591));
#5070=CARTESIAN_POINT('',(-13.1077762619372,-24.,-5.99146738367617));
#5071=CARTESIAN_POINT('',(-13.6592769440655,-24.,-5.99146738367617));
#5072=CARTESIAN_POINT('',(-13.1077762619372,-24.,-5.99146738367617));
#5073=CARTESIAN_POINT('',(-13.1077762619372,-25.,-5.99146738367617));
#5074=CARTESIAN_POINT('',(-13.6592769440655,-25.,-5.99146738367617));
#5075=CARTESIAN_POINT('',(-10.5978854024557,-24.,-2.42734732910591));
#5076=CARTESIAN_POINT('',(-13.1077762619372,-24.,-5.99146738367617));
#5077=CARTESIAN_POINT('',(-10.5978854024557,-24.,-2.42734732910591));
#5078=CARTESIAN_POINT('',(-10.5978854024557,-25.,-2.42734732910591));
#5079=CARTESIAN_POINT('',(-13.1077762619372,-25.,-5.99146738367617));
#5080=CARTESIAN_POINT('',(-10.5978854024557,-24.,-1.80831595120687));
#5081=CARTESIAN_POINT('',(-10.5978854024557,-24.,-2.42734732910591));
#5082=CARTESIAN_POINT('',(-10.5978854024557,-24.,-1.80831595120687));
#5083=CARTESIAN_POINT('',(-10.5978854024557,-25.,-1.80831595120687));
#5084=CARTESIAN_POINT('',(-10.5978854024557,-25.,-2.42734732910591));
#5085=CARTESIAN_POINT('',(-12.9839699863574,-24.,-1.80831595120687));
#5086=CARTESIAN_POINT('',(-10.5978854024557,-24.,-1.80831595120687));
#5087=CARTESIAN_POINT('',(-10.5978854024557,-25.,-1.80831595120687));
#5088=CARTESIAN_POINT('',(-12.9839699863574,-24.,-4.90722454602269));
#5089=CARTESIAN_POINT('',(-11.2619372442019,-24.,-2.42734732910591));
#5090=CARTESIAN_POINT('',(-11.2619372442019,-25.,-2.42734732910591));
#5091=CARTESIAN_POINT('',(-12.9839699863574,-25.,-4.90722454602269));
#5092=CARTESIAN_POINT('',(-11.2619372442019,-25.,-2.42734732910591));
#5093=CARTESIAN_POINT('',(-12.9839699863574,-24.,-1.14989166744152));
#5094=CARTESIAN_POINT('',(0.,-25.,0.));
#5095=CARTESIAN_POINT('',(1.34251616537071E-16,-25.,6.94673917657547E-32));
#5096=CARTESIAN_POINT('',(6.7168699966523E-15,-25.,-12.7214673836762));
#5097=CARTESIAN_POINT('',(1.38777878078145E-14,-25.,-26.7214673836762));
#5098=CARTESIAN_POINT('',(6.7168699966523E-15,0.,-12.7214673836762));
#5099=CARTESIAN_POINT('',(-2.20638896269144E-18,-18.2857084666704,-12.7214673836762));
#5100=CARTESIAN_POINT('',(0.,-17.7899896717948,-12.7257314171662));
#5101=CARTESIAN_POINT('',(6.93889390390723E-15,-17.7910653496995,-13.2214673836762));
#5102=CARTESIAN_POINT('',(6.93889390390723E-15,0.,-13.2214673836762));
#5103=CARTESIAN_POINT('',(-4.13953402171944E-16,-16.5910653496995,-13.2214673836762));
#5104=CARTESIAN_POINT('',(0.,-16.5910653496995,-14.0214673836762));
#5105=CARTESIAN_POINT('',(1.34251616537071E-16,-15.7910653496995,-14.0214673836762));
#5106=CARTESIAN_POINT('',(1.34251616537071E-16,-15.7910653496995,6.94673917657547E-32));
#5107=CARTESIAN_POINT('',(0.,-15.7910653496995,-18.2214673836762));
#5108=CARTESIAN_POINT('',(0.,-14.2910653496995,-18.2214673836762));
#5109=CARTESIAN_POINT('',(5.43370733888574E-16,-13.2917940875106,-19.3401527480943));
#5110=CARTESIAN_POINT('',(-2.7672308888782E-14,-13.2917940875106,53.7385326163238));
#5111=CARTESIAN_POINT('',(1.38777878078145E-14,-13.2917940875106,-26.7214673836762));
#5112=CARTESIAN_POINT('',(1.38777878078145E-14,-25.,-26.7214673836762));
#5113=CARTESIAN_POINT('',(3.5527136788005E-15,0.,-6.60646738367618));
#5114=CARTESIAN_POINT('',(-2.07113731927887E-18,0.,-12.7214673836762));
#5115=CARTESIAN_POINT('',(-2.20638896269156E-18,18.2857084666704,-12.7214673836762));
#5116=CARTESIAN_POINT('',(0.,17.7899896717948,-12.7257314171662));
#5117=CARTESIAN_POINT('',(6.93889390390723E-15,17.7910653496995,-13.2214673836762));
#5118=CARTESIAN_POINT('',(0.,0.,-13.2214673836762));
#5119=CARTESIAN_POINT('',(0.,0.,-12.7257314171662));
#5120=CARTESIAN_POINT('',(6.93889390390723E-15,0.,-13.2214673836762));
#5121=CARTESIAN_POINT('',(-4.13953402171944E-16,16.5910653496995,-13.2214673836762));
#5122=CARTESIAN_POINT('',(0.,0.,-13.2214673836762));
#5123=CARTESIAN_POINT('',(-17.7910653496995,0.,-13.2214673836762));
#5124=CARTESIAN_POINT('',(0.,16.5910653496995,-14.0214673836762));
#5125=CARTESIAN_POINT('',(1.34251616537071E-16,15.7910653496995,-14.0214673836762));
#5126=CARTESIAN_POINT('',(0.,0.,-14.0214673836762));
#5127=CARTESIAN_POINT('',(0.,0.,-14.0214673836762));
#5128=CARTESIAN_POINT('',(1.34251616537071E-16,15.7910653496995,6.94673917657547E-32));
#5129=CARTESIAN_POINT('',(0.,15.7910653496995,-18.2214673836762));
#5130=CARTESIAN_POINT('',(0.,0.,-18.2214673836762));
#5131=CARTESIAN_POINT('',(0.,0.,0.));
#5132=CARTESIAN_POINT('',(11.530405196412,-25.,-12.7214673836762));
#5133=CARTESIAN_POINT('',(11.530405196412,-25.,-14.5623041276507));
#5134=CARTESIAN_POINT('',(11.530405196412,-25.,-16.4031408716252));
#5135=CARTESIAN_POINT('',(11.530405196412,-25.,-18.2439776155998));
#5136=CARTESIAN_POINT('',(11.530405196412,-25.,-12.7214673836762));
#5137=CARTESIAN_POINT('',(11.530405196412,-25.,-18.2439776155998));
#5138=CARTESIAN_POINT('',(6.17910387341416E-15,-25.,-12.7214673836762));
#5139=CARTESIAN_POINT('',(-25.,-25.,-26.7214673836762));
#5140=CARTESIAN_POINT('',(25.,-25.,-26.7214673836762));
#5141=CARTESIAN_POINT('',(25.,-25.,-26.7214673836762));
#5142=CARTESIAN_POINT('',(25.,-25.,-12.7214673836762));
#5143=CARTESIAN_POINT('',(6.17910387341416E-15,-25.,-12.7214673836762));
#5144=CARTESIAN_POINT('',(12.1768017321373,-25.,-12.7214673836762));
#5145=CARTESIAN_POINT('',(12.1768017321373,-25.,-17.0246733864047));
#5146=CARTESIAN_POINT('',(12.1768017321373,-25.,-15.5902713854952));
#5147=CARTESIAN_POINT('',(12.1768017321373,-25.,-14.1558693845857));
#5148=CARTESIAN_POINT('',(12.1768017321373,-25.,-12.7214673836762));
#5149=CARTESIAN_POINT('',(12.1768017321373,-25.,-17.0246733864047));
#5150=CARTESIAN_POINT('',(13.469594803588,-25.,-16.2105533318344));
#5151=CARTESIAN_POINT('',(13.2684936591401,-25.,-16.2884012172369));
#5152=CARTESIAN_POINT('',(13.04135709867,-25.,-16.4047040821755));
#5153=CARTESIAN_POINT('',(12.5368086916177,-25.,-16.714219771125));
#5154=CARTESIAN_POINT('',(12.3321164553047,-25.,-16.8699155419299));
#5155=CARTESIAN_POINT('',(12.1768017321373,-25.,-17.0246733864047));
#5156=CARTESIAN_POINT('',(13.469594803588,-25.,-16.2105533318344));
#5157=CARTESIAN_POINT('',(13.469594803588,-25.,-16.8633500576189));
#5158=CARTESIAN_POINT('',(13.469594803588,-25.,-16.6457511490241));
#5159=CARTESIAN_POINT('',(13.469594803588,-25.,-16.4281522404292));
#5160=CARTESIAN_POINT('',(13.469594803588,-25.,-16.2105533318344));
#5161=CARTESIAN_POINT('',(13.469594803588,-25.,-16.8633500576189));
#5162=CARTESIAN_POINT('',(11.9469718527683,-25.,-18.2439776155998));
#5163=CARTESIAN_POINT('',(12.059193473554,-25.,-18.0066822540718));
#5164=CARTESIAN_POINT('',(12.251316888339,-25.,-17.7609455555725));
#5165=CARTESIAN_POINT('',(12.7917762140427,-25.,-17.2563411899517));
#5166=CARTESIAN_POINT('',(13.1077922981751,-25.,-17.0406181340172));
#5167=CARTESIAN_POINT('',(13.469594803588,-25.,-16.8633500576189));
#5168=CARTESIAN_POINT('',(11.9469718527683,-25.,-18.2439776155998));
#5169=CARTESIAN_POINT('',(11.530405196412,-25.,-18.2439776155998));
#5170=CARTESIAN_POINT('',(11.6692607485308,-25.,-18.2439776155998));
#5171=CARTESIAN_POINT('',(11.8081163006496,-25.,-18.2439776155998));
#5172=CARTESIAN_POINT('',(11.9469718527683,-25.,-18.2439776155998));
#5173=CARTESIAN_POINT('',(0.,-25.,0.));
#5174=CARTESIAN_POINT('',(25.,25.,-26.7214673836762));
#5175=CARTESIAN_POINT('',(25.,25.,-26.7214673836762));
#5176=CARTESIAN_POINT('',(25.,25.,-12.7214673836762));
#5177=CARTESIAN_POINT('',(25.,-25.,-12.7214673836762));
#5178=CARTESIAN_POINT('',(25.,-25.,-26.7214673836762));
#5179=CARTESIAN_POINT('',(25.,-25.,-26.7214673836762));
#5180=CARTESIAN_POINT('',(1.34251616537071E-16,25.,6.94673917657547E-32));
#5181=CARTESIAN_POINT('',(6.7168699966523E-15,25.,-12.7214673836762));
#5182=CARTESIAN_POINT('',(1.39610545346613E-14,25.,-26.7214673836762));
#5183=CARTESIAN_POINT('',(6.17910387341416E-15,25.,-12.7214673836762));
#5184=CARTESIAN_POINT('',(-25.,25.,-26.7214673836762));
#5185=CARTESIAN_POINT('',(0.,25.,0.));
#5186=CARTESIAN_POINT('',(1.4210854715202E-14,0.,-26.7214673836762));
#5187=CARTESIAN_POINT('',(1.38777878078145E-14,13.2917940875106,-26.7214673836762));
#5188=CARTESIAN_POINT('',(1.38777878078145E-14,-25.,-26.7214673836762));
#5189=CARTESIAN_POINT('',(-25.,-25.,-26.7214673836762));
#5190=CARTESIAN_POINT('',(6.7168699966523E-15,0.,-12.7214673836762));
#5191=CARTESIAN_POINT('',(-2.7672308888782E-14,13.2917940875106,53.7385326163238));
#5192=CARTESIAN_POINT('',(5.43370733888574E-16,13.2917940875106,-19.3401527480943));
#5193=CARTESIAN_POINT('',(0.,14.2910653496995,-18.2214673836762));
#5194=CARTESIAN_POINT('',(3.5527136788005E-15,0.,-6.60646738367618));
#5195=CARTESIAN_POINT('',(0.,0.,-19.3401527480943));
#5196=CARTESIAN_POINT('',(0.,0.,-18.2214673836762));
#5197=CARTESIAN_POINT('',(-2.48703835303843E-14,0.,53.7385326163238));
#5198=CARTESIAN_POINT('',(18.1705093194897,17.9544919426184,-12.7214673836762));
#5199=CARTESIAN_POINT('',(16.6705093194897,17.9544919426184,-12.7214673836762));
#5200=CARTESIAN_POINT('',(18.5,-18.5,-12.7214673836762));
#5201=CARTESIAN_POINT('',(17.,-18.5,-12.7214673836762));
#5202=CARTESIAN_POINT('',(11.530405196412,-25.,-12.7214673836762));
#5203=CARTESIAN_POINT('',(11.530405196412,-24.,-12.7214673836762));
#5204=CARTESIAN_POINT('',(12.1768017321373,-24.,-12.7214673836762));
#5205=CARTESIAN_POINT('',(11.9613362202289,-24.,-12.7214673836762));
#5206=CARTESIAN_POINT('',(11.7458707083204,-24.,-12.7214673836762));
#5207=CARTESIAN_POINT('',(11.530405196412,-24.,-12.7214673836762));
#5208=CARTESIAN_POINT('',(12.1768017321373,-24.,-12.7214673836762));
#5209=CARTESIAN_POINT('',(12.1768017321373,-25.,-12.7214673836762));
#5210=CARTESIAN_POINT('',(12.5,0.,-12.7214673836762));
#5211=CARTESIAN_POINT('',(18.5,-18.5,-12.7214673836762));
#5212=CARTESIAN_POINT('',(18.1705093194897,17.9544919426184,-12.7214673836762));
#5213=CARTESIAN_POINT('',(11.530405196412,-24.,-18.2439776155998));
#5214=CARTESIAN_POINT('',(11.530405196412,-24.,-16.4031408716252));
#5215=CARTESIAN_POINT('',(11.530405196412,-24.,-14.5623041276507));
#5216=CARTESIAN_POINT('',(11.530405196412,-24.,-12.7214673836762));
#5217=CARTESIAN_POINT('',(11.530405196412,-24.,-18.2439776155998));
#5218=CARTESIAN_POINT('',(11.530405196412,-25.,-18.2439776155998));
#5219=CARTESIAN_POINT('',(11.530405196412,-25.,-12.7214673836762));
#5220=CARTESIAN_POINT('',(11.9469718527683,-24.,-18.2439776155998));
#5221=CARTESIAN_POINT('',(11.8081163006496,-24.,-18.2439776155998));
#5222=CARTESIAN_POINT('',(11.6692607485308,-24.,-18.2439776155998));
#5223=CARTESIAN_POINT('',(11.530405196412,-24.,-18.2439776155998));
#5224=CARTESIAN_POINT('',(11.9469718527683,-24.,-18.2439776155998));
#5225=CARTESIAN_POINT('',(11.9469718527683,-25.,-18.2439776155998));
#5226=CARTESIAN_POINT('',(11.530405196412,-25.,-18.2439776155998));
#5227=CARTESIAN_POINT('',(13.469594803588,-24.,-16.8633500576189));
#5228=CARTESIAN_POINT('',(13.1077922981751,-24.,-17.0406181340172));
#5229=CARTESIAN_POINT('',(12.7917762140427,-24.,-17.2563411899517));
#5230=CARTESIAN_POINT('',(12.251316888339,-24.,-17.7609455555725));
#5231=CARTESIAN_POINT('',(12.059193473554,-24.,-18.0066822540718));
#5232=CARTESIAN_POINT('',(11.9469718527683,-24.,-18.2439776155998));
#5233=CARTESIAN_POINT('',(13.469594803588,-24.,-16.8633500576189));
#5234=CARTESIAN_POINT('',(13.469594803588,-25.,-16.8633500576189));
#5235=CARTESIAN_POINT('',(11.9469718527683,-25.,-18.2439776155998));
#5236=CARTESIAN_POINT('',(12.059193473554,-25.,-18.0066822540718));
#5237=CARTESIAN_POINT('',(12.251316888339,-25.,-17.7609455555725));
#5238=CARTESIAN_POINT('',(12.7917762140427,-25.,-17.2563411899517));
#5239=CARTESIAN_POINT('',(13.1077922981751,-25.,-17.0406181340172));
#5240=CARTESIAN_POINT('',(13.469594803588,-25.,-16.8633500576189));
#5241=CARTESIAN_POINT('',(13.469594803588,-24.,-16.2105533318344));
#5242=CARTESIAN_POINT('',(13.469594803588,-24.,-16.4281522404292));
#5243=CARTESIAN_POINT('',(13.469594803588,-24.,-16.6457511490241));
#5244=CARTESIAN_POINT('',(13.469594803588,-24.,-16.8633500576189));
#5245=CARTESIAN_POINT('',(13.469594803588,-24.,-16.2105533318344));
#5246=CARTESIAN_POINT('',(13.469594803588,-25.,-16.2105533318344));
#5247=CARTESIAN_POINT('',(13.469594803588,-25.,-16.8633500576189));
#5248=CARTESIAN_POINT('',(12.1768017321373,-24.,-17.0246733864047));
#5249=CARTESIAN_POINT('',(12.3321164553047,-24.,-16.8699155419299));
#5250=CARTESIAN_POINT('',(12.5368086916177,-24.,-16.714219771125));
#5251=CARTESIAN_POINT('',(13.04135709867,-24.,-16.4047040821755));
#5252=CARTESIAN_POINT('',(13.2684936591401,-24.,-16.2884012172369));
#5253=CARTESIAN_POINT('',(13.469594803588,-24.,-16.2105533318344));
#5254=CARTESIAN_POINT('',(12.1768017321373,-24.,-17.0246733864047));
#5255=CARTESIAN_POINT('',(12.1768017321373,-25.,-17.0246733864047));
#5256=CARTESIAN_POINT('',(13.469594803588,-25.,-16.2105533318344));
#5257=CARTESIAN_POINT('',(13.2684936591401,-25.,-16.2884012172369));
#5258=CARTESIAN_POINT('',(13.04135709867,-25.,-16.4047040821755));
#5259=CARTESIAN_POINT('',(12.5368086916177,-25.,-16.714219771125));
#5260=CARTESIAN_POINT('',(12.3321164553047,-25.,-16.8699155419299));
#5261=CARTESIAN_POINT('',(12.1768017321373,-25.,-17.0246733864047));
#5262=CARTESIAN_POINT('',(12.1768017321373,-24.,-12.7214673836762));
#5263=CARTESIAN_POINT('',(12.1768017321373,-24.,-14.1558693845857));
#5264=CARTESIAN_POINT('',(12.1768017321373,-24.,-15.5902713854952));
#5265=CARTESIAN_POINT('',(12.1768017321373,-24.,-17.0246733864047));
#5266=CARTESIAN_POINT('',(12.1768017321373,-25.,-17.0246733864047));
#5267=CARTESIAN_POINT('',(12.5215465511909,-24.,-17.5086433727621));
#5268=CARTESIAN_POINT('',(-11.9850128769805,-25.,13.5085326163238));
#5269=CARTESIAN_POINT('',(-11.9850128903729,-25.,13.5085326207946));
#5270=CARTESIAN_POINT('',(-11.9850128903729,-24.,13.5085326207946));
#5271=CARTESIAN_POINT('',(25.,-25.,13.5085326163238));
#5272=CARTESIAN_POINT('',(3.46944695195361E-15,-25.,13.5085326163238));
#5273=CARTESIAN_POINT('',(-6.93889390390723E-15,-25.,13.5085326163238));
#5274=CARTESIAN_POINT('',(-8.1316897659889E-15,-13.2917940875106,13.5085326163238));
#5275=CARTESIAN_POINT('',(-5.32976440759114E-15,0.,13.5085326163238));
#5276=CARTESIAN_POINT('',(-8.1316897659889E-15,13.2917940875106,13.5085326163238));
#5277=CARTESIAN_POINT('',(-6.93889390390723E-15,-25.,13.5085326163238));
#5278=CARTESIAN_POINT('',(-6.85562717706035E-15,25.,13.5085326163238));
#5279=CARTESIAN_POINT('',(25.,25.,13.5085326163238));
#5280=CARTESIAN_POINT('',(-25.,25.,13.5085326163238));
#5281=CARTESIAN_POINT('',(-25.,-25.,13.5085326163238));
#5282=CARTESIAN_POINT('',(-25.,-25.,13.5085326163238));
#5283=CARTESIAN_POINT('',(25.,-25.,13.5085326163238));
#5284=CARTESIAN_POINT('',(-13.1761697898128,-25.,13.5085325971358));
#5285=CARTESIAN_POINT('',(-13.1761697345156,-25.,13.5085326163238));
#5286=CARTESIAN_POINT('',(-13.1761697898128,-24.,13.5085325971358));
#5287=CARTESIAN_POINT('',(25.,-24.,13.5085326163238));
#5288=CARTESIAN_POINT('',(25.,-25.,13.5085326163238));
#5289=CARTESIAN_POINT('',(-2.7672308888782E-14,-13.2917940875106,53.7385326163238));
#5290=CARTESIAN_POINT('',(-5.78854515701046E-16,-13.2917940875106,6.12721798074193));
#5291=CARTESIAN_POINT('',(0.,0.,6.12721798074193));
#5292=CARTESIAN_POINT('',(-5.78854515701046E-16,13.2917940875106,6.12721798074193));
#5293=CARTESIAN_POINT('',(-2.7672308888782E-14,13.2917940875106,53.7385326163238));
#5294=CARTESIAN_POINT('',(-2.48703835303843E-14,0.,53.7385326163238));
#5295=CARTESIAN_POINT('',(0.,-14.2910653496995,5.00853261632383));
#5296=CARTESIAN_POINT('',(8.33995166820036E-31,-15.7910653496996,5.00853261632382));
#5297=CARTESIAN_POINT('',(0.,0.,5.00853261632382));
#5298=CARTESIAN_POINT('',(8.33995166820036E-31,15.7910653496996,5.00853261632382));
#5299=CARTESIAN_POINT('',(0.,14.2910653496995,5.00853261632383));
#5300=CARTESIAN_POINT('',(0.,0.,5.00853261632383));
#5301=CARTESIAN_POINT('',(1.34251616537071E-16,-15.7910653496996,6.94673917657547E-32));
#5302=CARTESIAN_POINT('',(0.,-15.7910653496996,0.805126818978336));
#5303=CARTESIAN_POINT('',(0.,0.,0.805126818978336));
#5304=CARTESIAN_POINT('',(0.,15.7910653496996,0.805126818978336));
#5305=CARTESIAN_POINT('',(1.34251616537071E-16,15.7910653496996,6.94673917657547E-32));
#5306=CARTESIAN_POINT('',(0.,0.,0.));
#5307=CARTESIAN_POINT('',(0.,-16.5910653496996,0.805126818978336));
#5308=CARTESIAN_POINT('',(1.3159501905833E-16,-16.5876523027603,0.00513409956734662));
#5309=CARTESIAN_POINT('',(0.,0.,0.00513409956734662));
#5310=CARTESIAN_POINT('',(1.3159501905833E-16,16.5876523027603,0.00513409956734662));
#5311=CARTESIAN_POINT('',(0.,16.5910653496996,0.805126818978336));
#5312=CARTESIAN_POINT('',(0.,0.,0.805126818978336));
#5313=CARTESIAN_POINT('',(9.49763446114579E-17,0.,0.0759027885158896));
#5314=CARTESIAN_POINT('',(-2.58718521807004E-16,-17.791047148227,-1.02426886171289E-9));
#5315=CARTESIAN_POINT('',(0.,0.,-1.02426883757245E-9));
#5316=CARTESIAN_POINT('',(-2.58718521807004E-16,17.791047148227,-1.02426886171289E-9));
#5317=CARTESIAN_POINT('',(9.49763446114579E-17,0.,0.0759027885158896));
#5318=CARTESIAN_POINT('',(0.,0.,0.00513409956734662));
#5319=CARTESIAN_POINT('',(3.88557360948692E-16,0.,-0.491467383676174));
#5320=CARTESIAN_POINT('',(-4.41277792538243E-18,-18.2888412606735,-0.491467383676174));
#5321=CARTESIAN_POINT('',(3.88557360948692E-16,-25.,-0.491467383676174));
#5322=CARTESIAN_POINT('',(0.,-17.78891399389,-0.499995450656137));
#5323=CARTESIAN_POINT('',(1.34251616537071E-16,-25.,6.94673917657547E-32));
#5324=CARTESIAN_POINT('',(3.5527136788005E-15,0.,-6.60646738367618));
#5325=CARTESIAN_POINT('',(-14.2182810368349,-25.,9.35539482641932));
#5326=CARTESIAN_POINT('',(-14.1629433833561,-25.,8.92770041987089));
#5327=CARTESIAN_POINT('',(-13.9978683492497,-25.,8.59286072000732));
#5328=CARTESIAN_POINT('',(-13.4444918144611,-25.,8.10701488098958));
#5329=CARTESIAN_POINT('',(-13.0899556616644,-25.,7.98602238440022));
#5330=CARTESIAN_POINT('',(-12.0769952251023,-25.,7.98602238440022));
#5331=CARTESIAN_POINT('',(-11.6155354706685,-25.,8.19611788235384));
#5332=CARTESIAN_POINT('',(-10.8798701961074,-25.,9.09907142482879));
#5333=CARTESIAN_POINT('',(-10.6841746248295,-25.,9.87219223433201));
#5334=CARTESIAN_POINT('',(-10.6841746248295,-25.,11.8849821388341));
#5335=CARTESIAN_POINT('',(-10.8614427012278,-25.,12.5677925071833));
#5336=CARTESIAN_POINT('',(-11.5723908594816,-25.,13.3950435303757));
#5337=CARTESIAN_POINT('',(-12.031036834925,-25.,13.6023252493388));
#5338=CARTESIAN_POINT('',(-12.9239427012278,-25.,13.6023252493388));
#5339=CARTESIAN_POINT('',(-13.2193894952251,-25.,13.5235394376062));
#5340=CARTESIAN_POINT('',(-13.7390006821282,-25.,13.2083961906758));
#5341=CARTESIAN_POINT('',(-13.943468622101,-25.,12.9814180187795));
#5342=CARTESIAN_POINT('',(-14.2417291950887,-25.,12.3886485781246));
#5343=CARTESIAN_POINT('',(-14.3158253751705,-25.,12.0678777732133));
#5344=CARTESIAN_POINT('',(-14.3158253751705,-25.,11.1974821388341));
#5345=CARTESIAN_POINT('',(-14.1573158253752,-25.,10.7688498059555));
#5346=CARTESIAN_POINT('',(-13.525153478854,-25.,10.1066738168695));
#5347=CARTESIAN_POINT('',(-13.1415416098226,-25.,9.94066085643297));
#5348=CARTESIAN_POINT('',(-12.4334072305593,-25.,9.94066085643297));
#5349=CARTESIAN_POINT('',(-12.18767053206,-25.,10.0006881415626));
#5350=CARTESIAN_POINT('',(-11.7168315143247,-25.,10.240797282081));
#5351=CARTESIAN_POINT('',(-11.5179911323329,-25.,10.4246308427904));
#5352=CARTESIAN_POINT('',(-11.3557298772169,-25.,10.67224339395));
#5353=CARTESIAN_POINT('',(-14.2182810368349,-25.,9.35539482641932));
#5354=CARTESIAN_POINT('',(-13.5467257844475,-25.,9.40791870090773));
#5355=CARTESIAN_POINT('',(-13.7705775352433,-25.,9.39041074274493));
#5356=CARTESIAN_POINT('',(-13.9944292860391,-25.,9.37290278458213));
#5357=CARTESIAN_POINT('',(-14.2182810368349,-25.,9.35539482641932));
#5358=CARTESIAN_POINT('',(-13.5467257844475,-25.,9.40791870090773));
#5359=CARTESIAN_POINT('',(-13.2916098226467,-25.,8.83015608153529));
#5360=CARTESIAN_POINT('',(-13.4013472032742,-25.,8.9502106517945));
#5361=CARTESIAN_POINT('',(-13.4866984993179,-25.,9.14248554947526));
#5362=CARTESIAN_POINT('',(-13.5467257844475,-25.,9.40791870090773));
#5363=CARTESIAN_POINT('',(-13.2916098226467,-25.,8.83015608153529));
#5364=CARTESIAN_POINT('',(-11.3557298772169,-25.,10.67224339395));
#5365=CARTESIAN_POINT('',(-11.3604195088677,-25.,10.1216806381519));
#5366=CARTESIAN_POINT('',(-11.4241984993179,-25.,9.6977379369241));
#5367=CARTESIAN_POINT('',(-11.6699351978172,-25.,9.10309264360896));
#5368=CARTESIAN_POINT('',(-11.8368860845839,-25.,8.87611447171264));
#5369=CARTESIAN_POINT('',(-12.213066616683,-25.,8.60267928318248));
#5370=CARTESIAN_POINT('',(-12.4015177353342,-25.,8.54127477184906));
#5371=CARTESIAN_POINT('',(-12.8836118690314,-25.,8.54127477184906));
#5372=CARTESIAN_POINT('',(-13.1087141882674,-25.,8.63788118385452));
#5373=CARTESIAN_POINT('',(-13.2916098226467,-25.,8.83015608153529));
#5374=CARTESIAN_POINT('',(-11.3557298772169,-25.,10.67224339395));
#5375=CARTESIAN_POINT('',(-14.2182810368349,-25.,9.35539482641932));
#5376=CARTESIAN_POINT('',(-14.1629433833561,-25.,8.92770041987089));
#5377=CARTESIAN_POINT('',(-13.9978683492497,-25.,8.59286072000732));
#5378=CARTESIAN_POINT('',(-13.4444918144611,-25.,8.10701488098958));
#5379=CARTESIAN_POINT('',(-13.0899556616644,-25.,7.98602238440022));
#5380=CARTESIAN_POINT('',(-12.0769952251023,-25.,7.98602238440022));
#5381=CARTESIAN_POINT('',(-11.6155354706685,-25.,8.19611788235384));
#5382=CARTESIAN_POINT('',(-10.8798701961074,-25.,9.09907142482879));
#5383=CARTESIAN_POINT('',(-10.6841746248295,-25.,9.87219223433201));
#5384=CARTESIAN_POINT('',(-10.6841746248295,-25.,11.8849821388341));
#5385=CARTESIAN_POINT('',(-10.8614427012278,-25.,12.5677925071833));
#5386=CARTESIAN_POINT('',(-11.5723908594816,-25.,13.3950435303757));
#5387=CARTESIAN_POINT('',(-12.031036834925,-25.,13.6023252493388));
#5388=CARTESIAN_POINT('',(-12.9239427012278,-25.,13.6023252493388));
#5389=CARTESIAN_POINT('',(-13.2193894952251,-25.,13.5235394376062));
#5390=CARTESIAN_POINT('',(-13.7390006821282,-25.,13.2083961906758));
#5391=CARTESIAN_POINT('',(-13.943468622101,-25.,12.9814180187795));
#5392=CARTESIAN_POINT('',(-14.2417291950887,-25.,12.3886485781246));
#5393=CARTESIAN_POINT('',(-14.3158253751705,-25.,12.0678777732133));
#5394=CARTESIAN_POINT('',(-14.3158253751705,-25.,11.1974821388341));
#5395=CARTESIAN_POINT('',(-14.1573158253752,-25.,10.7688498059555));
#5396=CARTESIAN_POINT('',(-13.525153478854,-25.,10.1066738168695));
#5397=CARTESIAN_POINT('',(-13.1415416098226,-25.,9.94066085643297));
#5398=CARTESIAN_POINT('',(-12.4334072305593,-25.,9.94066085643297));
#5399=CARTESIAN_POINT('',(-12.18767053206,-25.,10.0006881415626));
#5400=CARTESIAN_POINT('',(-11.7168315143247,-25.,10.240797282081));
#5401=CARTESIAN_POINT('',(-11.5179911323329,-25.,10.4246308427904));
#5402=CARTESIAN_POINT('',(-11.3557298772169,-25.,10.67224339395));
#5403=CARTESIAN_POINT('',(-25.,-25.,13.5085326163238));
#5404=CARTESIAN_POINT('',(-25.,-25.,-0.491467383676174));
#5405=CARTESIAN_POINT('',(0.,-25.,-0.491467383676174));
#5406=CARTESIAN_POINT('',(0.,-25.,0.));
#5407=CARTESIAN_POINT('',(1.34251616537071E-16,25.,6.94673917657547E-32));
#5408=CARTESIAN_POINT('',(3.46944695195361E-15,25.,-0.491467383676174));
#5409=CARTESIAN_POINT('',(0.,25.,-0.491467383676174));
#5410=CARTESIAN_POINT('',(-25.,25.,-0.491467383676173));
#5411=CARTESIAN_POINT('',(-25.,25.,13.5085326163238));
#5412=CARTESIAN_POINT('',(0.,25.,0.));
#5413=CARTESIAN_POINT('',(-25.,-25.,-0.491467383676173));
#5414=CARTESIAN_POINT('',(-25.,-25.,13.5085326163238));
#5415=CARTESIAN_POINT('',(3.88557360948692E-16,0.,-0.491467383676174));
#5416=CARTESIAN_POINT('',(-4.41277792538261E-18,18.2888412606735,-0.491467383676174));
#5417=CARTESIAN_POINT('',(0.,17.78891399389,-0.499995450656137));
#5418=CARTESIAN_POINT('',(3.5527136788005E-15,0.,-6.60646738367618));
#5419=CARTESIAN_POINT('',(0.,0.,-0.491467383676174));
#5420=CARTESIAN_POINT('',(0.,0.,-0.499995450656137));
#5421=CARTESIAN_POINT('',(12.5,0.,-0.491467383676174));
#5422=CARTESIAN_POINT('',(-11.6089699863574,-24.,12.3942761361055));
#5423=CARTESIAN_POINT('',(-11.7074522510232,-24.,12.6071854130496));
#5424=CARTESIAN_POINT('',(-11.8462653478854,-24.,12.7685087418354));
#5425=CARTESIAN_POINT('',(-12.2008015006821,-24.,12.9917352084111));
#5426=CARTESIAN_POINT('',(-12.387448840382,-24.,13.04707286189));
#5427=CARTESIAN_POINT('',(-12.8676671214188,-24.,13.04707286189));
#5428=CARTESIAN_POINT('',(-13.112465893588,-24.,12.9317079232815));
#5429=CARTESIAN_POINT('',(-13.5232776261937,-24.,12.472124021508));
#5430=CARTESIAN_POINT('',(-13.6255115961801,-24.,12.1588566272379));
#5431=CARTESIAN_POINT('',(-13.6255115961801,-24.,11.3841294785339));
#5432=CARTESIAN_POINT('',(-13.5242155525239,-24.,11.0839930528859));
#5433=CARTESIAN_POINT('',(-13.119031377899,-24.,10.646919383036));
#5434=CARTESIAN_POINT('',(-12.8639154160982,-24.,10.5371820024084));
#5435=CARTESIAN_POINT('',(-12.2514495225102,-24.,10.5371820024084));
#5436=CARTESIAN_POINT('',(-11.9925818553888,-24.,10.646919383036));
#5437=CARTESIAN_POINT('',(-11.5667633015007,-24.,11.0839930528859));
#5438=CARTESIAN_POINT('',(-11.4607776261937,-24.,11.3709985099118));
#5439=CARTESIAN_POINT('',(-11.4607776261937,-24.,11.9590783189159));
#5440=CARTESIAN_POINT('',(-11.5104877216917,-24.,12.1813668591615));
#5441=CARTESIAN_POINT('',(-11.6089699863574,-24.,12.3942761361055));
#5442=CARTESIAN_POINT('',(-11.6089699863574,-24.,12.3942761361055));
#5443=CARTESIAN_POINT('',(-11.3557298772169,-24.,10.67224339395));
#5444=CARTESIAN_POINT('',(-11.5179911323329,-24.,10.4246308427904));
#5445=CARTESIAN_POINT('',(-11.7168315143247,-24.,10.240797282081));
#5446=CARTESIAN_POINT('',(-12.18767053206,-24.,10.0006881415626));
#5447=CARTESIAN_POINT('',(-12.4334072305593,-24.,9.94066085643297));
#5448=CARTESIAN_POINT('',(-13.1415416098226,-24.,9.94066085643297));
#5449=CARTESIAN_POINT('',(-13.525153478854,-24.,10.1066738168695));
#5450=CARTESIAN_POINT('',(-14.1573158253752,-24.,10.7688498059555));
#5451=CARTESIAN_POINT('',(-14.3158253751705,-24.,11.1974821388341));
#5452=CARTESIAN_POINT('',(-14.3158253751705,-24.,12.0678777732133));
#5453=CARTESIAN_POINT('',(-14.2417291950887,-24.,12.3886485781246));
#5454=CARTESIAN_POINT('',(-13.943468622101,-24.,12.9814180187795));
#5455=CARTESIAN_POINT('',(-13.7390006821282,-24.,13.2083961906758));
#5456=CARTESIAN_POINT('',(-13.2193894952251,-24.,13.5235394376062));
#5457=CARTESIAN_POINT('',(-12.9239427012278,-24.,13.6023252493388));
#5458=CARTESIAN_POINT('',(-12.031036834925,-24.,13.6023252493388));
#5459=CARTESIAN_POINT('',(-11.5723908594816,-24.,13.3950435303757));
#5460=CARTESIAN_POINT('',(-10.8614427012278,-24.,12.5677925071833));
#5461=CARTESIAN_POINT('',(-10.6841746248295,-24.,11.8849821388341));
#5462=CARTESIAN_POINT('',(-10.6841746248295,-24.,9.87219223433201));
#5463=CARTESIAN_POINT('',(-10.8798701961074,-24.,9.09907142482879));
#5464=CARTESIAN_POINT('',(-11.6155354706685,-24.,8.19611788235384));
#5465=CARTESIAN_POINT('',(-12.0769952251023,-24.,7.98602238440022));
#5466=CARTESIAN_POINT('',(-13.0899556616644,-24.,7.98602238440022));
#5467=CARTESIAN_POINT('',(-13.4444918144611,-24.,8.10701488098958));
#5468=CARTESIAN_POINT('',(-13.9978683492497,-24.,8.59286072000732));
#5469=CARTESIAN_POINT('',(-14.1629433833561,-24.,8.92770041987089));
#5470=CARTESIAN_POINT('',(-14.2182810368349,-24.,9.35539482641932));
#5471=CARTESIAN_POINT('',(-11.3557298772169,-24.,10.67224339395));
#5472=CARTESIAN_POINT('',(-13.2916098226467,-24.,8.83015608153529));
#5473=CARTESIAN_POINT('',(-13.1087141882674,-24.,8.63788118385452));
#5474=CARTESIAN_POINT('',(-12.8836118690314,-24.,8.54127477184906));
#5475=CARTESIAN_POINT('',(-12.4015177353342,-24.,8.54127477184906));
#5476=CARTESIAN_POINT('',(-12.213066616683,-24.,8.60267928318248));
#5477=CARTESIAN_POINT('',(-11.8368860845839,-24.,8.87611447171264));
#5478=CARTESIAN_POINT('',(-11.6699351978172,-24.,9.10309264360896));
#5479=CARTESIAN_POINT('',(-11.4241984993179,-24.,9.6977379369241));
#5480=CARTESIAN_POINT('',(-11.3604195088677,-24.,10.1216806381519));
#5481=CARTESIAN_POINT('',(-11.3557298772169,-24.,10.67224339395));
#5482=CARTESIAN_POINT('',(-13.2916098226467,-24.,8.83015608153529));
#5483=CARTESIAN_POINT('',(-13.5467257844475,-24.,9.40791870090773));
#5484=CARTESIAN_POINT('',(-13.4866984993179,-24.,9.14248554947526));
#5485=CARTESIAN_POINT('',(-13.4013472032742,-24.,8.9502106517945));
#5486=CARTESIAN_POINT('',(-13.2916098226467,-24.,8.83015608153529));
#5487=CARTESIAN_POINT('',(-13.5467257844475,-24.,9.40791870090773));
#5488=CARTESIAN_POINT('',(-14.2182810368349,-24.,9.35539482641932));
#5489=CARTESIAN_POINT('',(-13.9944292860391,-24.,9.37290278458213));
#5490=CARTESIAN_POINT('',(-13.7705775352433,-24.,9.39041074274493));
#5491=CARTESIAN_POINT('',(-13.5467257844475,-24.,9.40791870090773));
#5492=CARTESIAN_POINT('',(-14.2182810368349,-24.,9.35539482641932));
#5493=CARTESIAN_POINT('',(-11.3557298772169,-24.,10.67224339395));
#5494=CARTESIAN_POINT('',(-11.5179911323329,-24.,10.4246308427904));
#5495=CARTESIAN_POINT('',(-11.7168315143247,-24.,10.240797282081));
#5496=CARTESIAN_POINT('',(-12.18767053206,-24.,10.0006881415626));
#5497=CARTESIAN_POINT('',(-12.4334072305593,-24.,9.94066085643297));
#5498=CARTESIAN_POINT('',(-13.1415416098226,-24.,9.94066085643297));
#5499=CARTESIAN_POINT('',(-13.525153478854,-24.,10.1066738168695));
#5500=CARTESIAN_POINT('',(-14.1573158253752,-24.,10.7688498059555));
#5501=CARTESIAN_POINT('',(-14.3158253751705,-24.,11.1974821388341));
#5502=CARTESIAN_POINT('',(-14.3158253751705,-24.,12.0678777732133));
#5503=CARTESIAN_POINT('',(-14.2417291950887,-24.,12.3886485781246));
#5504=CARTESIAN_POINT('',(-13.943468622101,-24.,12.9814180187795));
#5505=CARTESIAN_POINT('',(-13.7390006821282,-24.,13.2083961906758));
#5506=CARTESIAN_POINT('',(-13.2193894952251,-24.,13.5235394376062));
#5507=CARTESIAN_POINT('',(-12.9239427012278,-24.,13.6023252493388));
#5508=CARTESIAN_POINT('',(-12.031036834925,-24.,13.6023252493388));
#5509=CARTESIAN_POINT('',(-11.5723908594816,-24.,13.3950435303757));
#5510=CARTESIAN_POINT('',(-10.8614427012278,-24.,12.5677925071833));
#5511=CARTESIAN_POINT('',(-10.6841746248295,-24.,11.8849821388341));
#5512=CARTESIAN_POINT('',(-10.6841746248295,-24.,9.87219223433201));
#5513=CARTESIAN_POINT('',(-10.8798701961074,-24.,9.09907142482879));
#5514=CARTESIAN_POINT('',(-11.6155354706685,-24.,8.19611788235384));
#5515=CARTESIAN_POINT('',(-12.0769952251023,-24.,7.98602238440022));
#5516=CARTESIAN_POINT('',(-13.0899556616644,-24.,7.98602238440022));
#5517=CARTESIAN_POINT('',(-13.4444918144611,-24.,8.10701488098958));
#5518=CARTESIAN_POINT('',(-13.9978683492497,-24.,8.59286072000732));
#5519=CARTESIAN_POINT('',(-14.1629433833561,-24.,8.92770041987089));
#5520=CARTESIAN_POINT('',(-14.2182810368349,-24.,9.35539482641932));
#5521=CARTESIAN_POINT('',(-11.8459049979768,-24.,13.4550962217869));
#5522=CARTESIAN_POINT('',(-14.2182810368349,-25.,9.35539482641932));
#5523=CARTESIAN_POINT('',(-14.2182810368349,-25.,9.35539482641932));
#5524=CARTESIAN_POINT('',(-14.1629433833561,-25.,8.92770041987089));
#5525=CARTESIAN_POINT('',(-13.9978683492497,-25.,8.59286072000732));
#5526=CARTESIAN_POINT('',(-13.4444918144611,-25.,8.10701488098958));
#5527=CARTESIAN_POINT('',(-13.0899556616644,-25.,7.98602238440022));
#5528=CARTESIAN_POINT('',(-12.0769952251023,-25.,7.98602238440022));
#5529=CARTESIAN_POINT('',(-11.6155354706685,-25.,8.19611788235384));
#5530=CARTESIAN_POINT('',(-10.8798701961074,-25.,9.09907142482879));
#5531=CARTESIAN_POINT('',(-10.6841746248295,-25.,9.87219223433201));
#5532=CARTESIAN_POINT('',(-10.6841746248295,-25.,11.8849821388341));
#5533=CARTESIAN_POINT('',(-10.8614427012278,-25.,12.5677925071833));
#5534=CARTESIAN_POINT('',(-11.5723908594816,-25.,13.3950435303757));
#5535=CARTESIAN_POINT('',(-12.031036834925,-25.,13.6023252493388));
#5536=CARTESIAN_POINT('',(-12.9239427012278,-25.,13.6023252493388));
#5537=CARTESIAN_POINT('',(-13.2193894952251,-25.,13.5235394376062));
#5538=CARTESIAN_POINT('',(-13.7390006821282,-25.,13.2083961906758));
#5539=CARTESIAN_POINT('',(-13.943468622101,-25.,12.9814180187795));
#5540=CARTESIAN_POINT('',(-14.2417291950887,-25.,12.3886485781246));
#5541=CARTESIAN_POINT('',(-14.3158253751705,-25.,12.0678777732133));
#5542=CARTESIAN_POINT('',(-14.3158253751705,-25.,11.1974821388341));
#5543=CARTESIAN_POINT('',(-14.1573158253752,-25.,10.7688498059555));
#5544=CARTESIAN_POINT('',(-13.525153478854,-25.,10.1066738168695));
#5545=CARTESIAN_POINT('',(-13.1415416098226,-25.,9.94066085643297));
#5546=CARTESIAN_POINT('',(-12.4334072305593,-25.,9.94066085643297));
#5547=CARTESIAN_POINT('',(-12.18767053206,-25.,10.0006881415626));
#5548=CARTESIAN_POINT('',(-11.7168315143247,-25.,10.240797282081));
#5549=CARTESIAN_POINT('',(-11.5179911323329,-25.,10.4246308427904));
#5550=CARTESIAN_POINT('',(-11.3557298772169,-25.,10.67224339395));
#5551=CARTESIAN_POINT('',(-11.3557298772169,-25.,10.67224339395));
#5552=CARTESIAN_POINT('',(-14.2182810368349,-25.,9.35539482641932));
#5553=CARTESIAN_POINT('',(-14.1629433833561,-25.,8.92770041987089));
#5554=CARTESIAN_POINT('',(-13.9978683492497,-25.,8.59286072000732));
#5555=CARTESIAN_POINT('',(-13.4444918144611,-25.,8.10701488098958));
#5556=CARTESIAN_POINT('',(-13.0899556616644,-25.,7.98602238440022));
#5557=CARTESIAN_POINT('',(-12.0769952251023,-25.,7.98602238440022));
#5558=CARTESIAN_POINT('',(-11.6155354706685,-25.,8.19611788235384));
#5559=CARTESIAN_POINT('',(-10.8798701961074,-25.,9.09907142482879));
#5560=CARTESIAN_POINT('',(-10.6841746248295,-25.,9.87219223433201));
#5561=CARTESIAN_POINT('',(-10.6841746248295,-25.,11.8849821388341));
#5562=CARTESIAN_POINT('',(-10.8614427012278,-25.,12.5677925071833));
#5563=CARTESIAN_POINT('',(-11.5723908594816,-25.,13.3950435303757));
#5564=CARTESIAN_POINT('',(-12.031036834925,-25.,13.6023252493388));
#5565=CARTESIAN_POINT('',(-12.9239427012278,-25.,13.6023252493388));
#5566=CARTESIAN_POINT('',(-13.2193894952251,-25.,13.5235394376062));
#5567=CARTESIAN_POINT('',(-13.7390006821282,-25.,13.2083961906758));
#5568=CARTESIAN_POINT('',(-13.943468622101,-25.,12.9814180187795));
#5569=CARTESIAN_POINT('',(-14.2417291950887,-25.,12.3886485781246));
#5570=CARTESIAN_POINT('',(-14.3158253751705,-25.,12.0678777732133));
#5571=CARTESIAN_POINT('',(-14.3158253751705,-25.,11.1974821388341));
#5572=CARTESIAN_POINT('',(-14.1573158253752,-25.,10.7688498059555));
#5573=CARTESIAN_POINT('',(-13.525153478854,-25.,10.1066738168695));
#5574=CARTESIAN_POINT('',(-13.1415416098226,-25.,9.94066085643297));
#5575=CARTESIAN_POINT('',(-12.4334072305593,-25.,9.94066085643297));
#5576=CARTESIAN_POINT('',(-12.18767053206,-25.,10.0006881415626));
#5577=CARTESIAN_POINT('',(-11.7168315143247,-25.,10.240797282081));
#5578=CARTESIAN_POINT('',(-11.5179911323329,-25.,10.4246308427904));
#5579=CARTESIAN_POINT('',(-11.3557298772169,-25.,10.67224339395));
#5580=CARTESIAN_POINT('',(-13.5467257844475,-25.,9.40791870090773));
#5581=CARTESIAN_POINT('',(-13.5467257844475,-25.,9.40791870090773));
#5582=CARTESIAN_POINT('',(-13.2916098226467,-25.,8.83015608153529));
#5583=CARTESIAN_POINT('',(-11.3557298772169,-25.,10.67224339395));
#5584=CARTESIAN_POINT('',(-11.3604195088677,-25.,10.1216806381519));
#5585=CARTESIAN_POINT('',(-11.4241984993179,-25.,9.6977379369241));
#5586=CARTESIAN_POINT('',(-11.6699351978172,-25.,9.10309264360896));
#5587=CARTESIAN_POINT('',(-11.8368860845839,-25.,8.87611447171264));
#5588=CARTESIAN_POINT('',(-12.213066616683,-25.,8.60267928318248));
#5589=CARTESIAN_POINT('',(-12.4015177353342,-25.,8.54127477184906));
#5590=CARTESIAN_POINT('',(-12.8836118690314,-25.,8.54127477184906));
#5591=CARTESIAN_POINT('',(-13.1087141882674,-25.,8.63788118385452));
#5592=CARTESIAN_POINT('',(-13.2916098226467,-25.,8.83015608153529));
#5593=CARTESIAN_POINT('',(-13.2916098226467,-25.,8.83015608153529));
#5594=CARTESIAN_POINT('',(-13.4013472032742,-25.,8.9502106517945));
#5595=CARTESIAN_POINT('',(-13.4866984993179,-25.,9.14248554947526));
#5596=CARTESIAN_POINT('',(-13.5467257844475,-25.,9.40791870090773));
#5597=CARTESIAN_POINT('',(-11.6089699863574,-25.,12.3942761361055));
#5598=CARTESIAN_POINT('',(-11.5104877216917,-25.,12.1813668591615));
#5599=CARTESIAN_POINT('',(-11.4607776261937,-25.,11.9590783189159));
#5600=CARTESIAN_POINT('',(-11.4607776261937,-25.,11.3709985099118));
#5601=CARTESIAN_POINT('',(-11.5667633015007,-25.,11.0839930528859));
#5602=CARTESIAN_POINT('',(-11.9925818553888,-25.,10.646919383036));
#5603=CARTESIAN_POINT('',(-12.2514495225102,-25.,10.5371820024084));
#5604=CARTESIAN_POINT('',(-12.8639154160982,-25.,10.5371820024084));
#5605=CARTESIAN_POINT('',(-13.119031377899,-25.,10.646919383036));
#5606=CARTESIAN_POINT('',(-13.5242155525239,-25.,11.0839930528859));
#5607=CARTESIAN_POINT('',(-13.6255115961801,-25.,11.3841294785339));
#5608=CARTESIAN_POINT('',(-13.6255115961801,-25.,12.1588566272379));
#5609=CARTESIAN_POINT('',(-13.5232776261937,-25.,12.472124021508));
#5610=CARTESIAN_POINT('',(-13.112465893588,-25.,12.9317079232815));
#5611=CARTESIAN_POINT('',(-12.8676671214188,-25.,13.04707286189));
#5612=CARTESIAN_POINT('',(-12.387448840382,-25.,13.04707286189));
#5613=CARTESIAN_POINT('',(-12.2008015006821,-25.,12.9917352084111));
#5614=CARTESIAN_POINT('',(-11.8462653478854,-25.,12.7685087418354));
#5615=CARTESIAN_POINT('',(-11.7074522510232,-25.,12.6071854130496));
#5616=CARTESIAN_POINT('',(-11.6089699863574,-25.,12.3942761361055));
#5617=CARTESIAN_POINT('',(-11.6089699863574,-25.,12.3942761361055));
#5618=CARTESIAN_POINT('',(-11.6089699863574,-25.,12.3942761361055));
#5619=CARTESIAN_POINT('',(-11.5104877216917,-25.,12.1813668591615));
#5620=CARTESIAN_POINT('',(-11.4607776261937,-25.,11.9590783189159));
#5621=CARTESIAN_POINT('',(-11.4607776261937,-25.,11.3709985099118));
#5622=CARTESIAN_POINT('',(-11.5667633015007,-25.,11.0839930528859));
#5623=CARTESIAN_POINT('',(-11.9925818553888,-25.,10.646919383036));
#5624=CARTESIAN_POINT('',(-12.2514495225102,-25.,10.5371820024084));
#5625=CARTESIAN_POINT('',(-12.8639154160982,-25.,10.5371820024084));
#5626=CARTESIAN_POINT('',(-13.119031377899,-25.,10.646919383036));
#5627=CARTESIAN_POINT('',(-13.5242155525239,-25.,11.0839930528859));
#5628=CARTESIAN_POINT('',(-13.6255115961801,-25.,11.3841294785339));
#5629=CARTESIAN_POINT('',(-13.6255115961801,-25.,12.1588566272379));
#5630=CARTESIAN_POINT('',(-13.5232776261937,-25.,12.472124021508));
#5631=CARTESIAN_POINT('',(-13.112465893588,-25.,12.9317079232815));
#5632=CARTESIAN_POINT('',(-12.8676671214188,-25.,13.04707286189));
#5633=CARTESIAN_POINT('',(-12.387448840382,-25.,13.04707286189));
#5634=CARTESIAN_POINT('',(-12.2008015006821,-25.,12.9917352084111));
#5635=CARTESIAN_POINT('',(-11.8462653478854,-25.,12.7685087418354));
#5636=CARTESIAN_POINT('',(-11.7074522510232,-25.,12.6071854130496));
#5637=CARTESIAN_POINT('',(-11.6089699863574,-25.,12.3942761361055));
#5638=CARTESIAN_POINT('',(0.,-25.,0.));
#5639=CARTESIAN_POINT('',(12.7040621453736,-25.,13.5085326163238));
#5640=CARTESIAN_POINT('',(12.7040620839878,-25.,13.5085326359713));
#5641=CARTESIAN_POINT('',(12.7040620839878,-24.,13.5085326359713));
#5642=CARTESIAN_POINT('',(25.,-25.,13.5085326163238));
#5643=CARTESIAN_POINT('',(25.,-25.,13.5085326163238));
#5644=CARTESIAN_POINT('',(25.,-25.,13.5085326163238));
#5645=CARTESIAN_POINT('',(25.,25.,13.5085326163238));
#5646=CARTESIAN_POINT('',(25.,25.,13.5085326163238));
#5647=CARTESIAN_POINT('',(3.46944695195361E-15,25.,13.5085326163238));
#5648=CARTESIAN_POINT('',(-6.93889390390723E-15,-25.,13.5085326163238));
#5649=CARTESIAN_POINT('',(-6.93889390390723E-15,13.2917940875106,13.5085326163238));
#5650=CARTESIAN_POINT('',(-5.32976440759114E-15,0.,13.5085326163238));
#5651=CARTESIAN_POINT('',(-6.93889390390723E-15,-13.2917940875106,13.5085326163238));
#5652=CARTESIAN_POINT('',(-6.93889390390723E-15,-25.,13.5085326163238));
#5653=CARTESIAN_POINT('',(-6.93889390390723E-15,-25.,13.5085326163238));
#5654=CARTESIAN_POINT('',(25.,-25.,13.5085326163238));
#5655=CARTESIAN_POINT('',(11.4240244052799,-25.,13.508532623285));
#5656=CARTESIAN_POINT('',(11.4240243838469,-25.,13.5085326163245));
#5657=CARTESIAN_POINT('',(11.4240244052799,-24.,13.508532623285));
#5658=CARTESIAN_POINT('',(25.,-24.,13.5085326163238));
#5659=CARTESIAN_POINT('',(25.,-25.,13.5085326163238));
#5660=CARTESIAN_POINT('',(13.185996973772,-25.,-0.491467383676165));
#5661=CARTESIAN_POINT('',(13.1859969156443,-25.,-0.49146736403393));
#5662=CARTESIAN_POINT('',(13.1859969156443,-24.,-0.49146736403393));
#5663=CARTESIAN_POINT('',(12.5,-24.,-0.491467383676174));
#5664=CARTESIAN_POINT('',(11.8977337841792,-24.,-0.491467383676174));
#5665=CARTESIAN_POINT('',(11.8977337840618,-25.,-0.491467383676173));
#5666=CARTESIAN_POINT('',(11.8977337841792,-25.,-0.491467383638032));
#5667=CARTESIAN_POINT('',(0.,-25.,-0.491467383676174));
#5668=CARTESIAN_POINT('',(3.46944695195361E-15,-25.,-0.491467383676174));
#5669=CARTESIAN_POINT('',(3.88557360948692E-16,0.,-0.491467383676174));
#5670=CARTESIAN_POINT('',(-4.41277792538243E-18,-18.2888412606735,-0.491467383676174));
#5671=CARTESIAN_POINT('',(0.,0.,-0.491467383676174));
#5672=CARTESIAN_POINT('',(-4.41277792538243E-18,18.2888412606735,-0.491467383676174));
#5673=CARTESIAN_POINT('',(3.88557360948692E-16,0.,-0.491467383676174));
#5674=CARTESIAN_POINT('',(3.46944695195361E-15,25.,-0.491467383676174));
#5675=CARTESIAN_POINT('',(0.,25.,-0.491467383676174));
#5676=CARTESIAN_POINT('',(25.,25.,-0.491467383676173));
#5677=CARTESIAN_POINT('',(25.,-25.,-0.491467383676173));
#5678=CARTESIAN_POINT('',(25.,-25.,-0.491467383676173));
#5679=CARTESIAN_POINT('',(0.,-25.,-0.491467383676174));
#5680=CARTESIAN_POINT('',(12.5,0.,-0.491467383676174));
#5681=CARTESIAN_POINT('',(9.49763446114579E-17,0.,0.0759027885158896));
#5682=CARTESIAN_POINT('',(1.3159501905833E-16,-16.5876523027603,0.00513409956734662));
#5683=CARTESIAN_POINT('',(-2.58718521807004E-16,-17.791047148227,-1.02426886171289E-9));
#5684=CARTESIAN_POINT('',(0.,0.,0.00513409956734662));
#5685=CARTESIAN_POINT('',(1.3159501905833E-16,16.5876523027603,0.00513409956734662));
#5686=CARTESIAN_POINT('',(9.49763446114579E-17,0.,0.0759027885158896));
#5687=CARTESIAN_POINT('',(-2.58718521807004E-16,17.791047148227,-1.02426886171289E-9));
#5688=CARTESIAN_POINT('',(0.,0.,-1.02426883757245E-9));
#5689=CARTESIAN_POINT('',(0.,0.,0.00513409956734662));
#5690=CARTESIAN_POINT('',(0.,-16.5910653496996,0.805126818978336));
#5691=CARTESIAN_POINT('',(0.,-15.7910653496996,0.805126818978336));
#5692=CARTESIAN_POINT('',(0.,0.,0.805126818978336));
#5693=CARTESIAN_POINT('',(0.,15.7910653496996,0.805126818978336));
#5694=CARTESIAN_POINT('',(0.,16.5910653496996,0.805126818978336));
#5695=CARTESIAN_POINT('',(0.,0.,0.805126818978336));
#5696=CARTESIAN_POINT('',(1.34251616537071E-16,-15.7910653496996,6.94673917657547E-32));
#5697=CARTESIAN_POINT('',(8.33995166820036E-31,-15.7910653496996,5.00853261632382));
#5698=CARTESIAN_POINT('',(0.,0.,5.00853261632382));
#5699=CARTESIAN_POINT('',(8.33995166820036E-31,15.7910653496996,5.00853261632382));
#5700=CARTESIAN_POINT('',(1.34251616537071E-16,15.7910653496996,6.94673917657547E-32));
#5701=CARTESIAN_POINT('',(0.,0.,0.));
#5702=CARTESIAN_POINT('',(0.,0.,6.12721798074193));
#5703=CARTESIAN_POINT('',(-5.43370733888571E-16,-13.2917940875106,6.12721798074193));
#5704=CARTESIAN_POINT('',(-5.43370733888571E-16,13.2917940875106,6.12721798074193));
#5705=CARTESIAN_POINT('',(0.,14.2910653496995,5.00853261632383));
#5706=CARTESIAN_POINT('',(0.,-14.2910653496995,5.00853261632383));
#5707=CARTESIAN_POINT('',(0.,0.,5.00853261632383));
#5708=CARTESIAN_POINT('',(-2.7672308888782E-14,-13.2917940875106,53.7385326163238));
#5709=CARTESIAN_POINT('',(-2.7672308888782E-14,13.2917940875106,53.7385326163238));
#5710=CARTESIAN_POINT('',(-2.48703835303843E-14,0.,53.7385326163238));
#5711=CARTESIAN_POINT('',(14.3008185538881,-25.,-1.94337734274848));
#5712=CARTESIAN_POINT('',(14.2557980900409,-25.,-1.48566929363525));
#5713=CARTESIAN_POINT('',(14.0738403819918,-25.,-1.11331254056567));
#5714=CARTESIAN_POINT('',(13.4360504774898,-25.,-0.537425773853527));
#5715=CARTESIAN_POINT('',(13.0355559345157,-25.,-0.393923045340566));
#5716=CARTESIAN_POINT('',(12.0169679399727,-25.,-0.393923045340566));
#5717=CARTESIAN_POINT('',(11.5742667121419,-25.,-0.560873932107279));
#5718=CARTESIAN_POINT('',(10.8745736698499,-25.,-1.22867747917413));
#5719=CARTESIAN_POINT('',(10.6991814461119,-25.,-1.63573750645926));
#5720=CARTESIAN_POINT('',(10.6991814461119,-25.,-2.47142986662297));
#5721=CARTESIAN_POINT('',(10.7892223738063,-25.,-2.76687666062024));
#5722=CARTESIAN_POINT('',(11.1493860845839,-25.,-3.23959153101587));
#5723=CARTESIAN_POINT('',(11.4016882673943,-25.,-3.39528730182079));
#5724=CARTESIAN_POINT('',(11.7271487039563,-25.,-3.47032140823279));
#5725=CARTESIAN_POINT('',(25.,-25.,-26.7214673836762));
#5726=CARTESIAN_POINT('',(13.8233287858117,-25.,12.0678777732133));
#5727=CARTESIAN_POINT('',(13.7783083219645,-25.,12.5302754539773));
#5728=CARTESIAN_POINT('',(13.5972885402456,-25.,12.9016942807167));
#5729=CARTESIAN_POINT('',(12.9651261937244,-25.,13.4625742261465));
#5730=CARTESIAN_POINT('',(12.556190313779,-25.,13.6023252493388));
#5731=CARTESIAN_POINT('',(11.4456855388813,-25.,13.6023252493388));
#5732=CARTESIAN_POINT('',(10.9645293315143,-25.,13.3800367090933));
#5733=CARTESIAN_POINT('',(10.3235804394141,-25.,12.5703273374241));
#5734=CARTESIAN_POINT('',(10.1766712141883,-25.,12.1419739532952));
#5735=CARTESIAN_POINT('',(10.1766712141883,-25.,11.1215101060919));
#5736=CARTESIAN_POINT('',(10.3417462482947,-25.,10.6938156995435));
#5737=CARTESIAN_POINT('',(11.0020463847203,-25.,10.0278880051369));
#5738=CARTESIAN_POINT('',(11.4072305593452,-25.,9.86187504470036));
#5739=CARTESIAN_POINT('',(12.2504263301501,-25.,9.86187504470036));
#5740=CARTESIAN_POINT('',(12.5965211459754,-25.,9.97723998330882));
#5741=CARTESIAN_POINT('',(12.9266712141883,-25.,10.2070319341956));
#5742=CARTESIAN_POINT('',(13.8233287858117,-25.,12.0678777732133));
#5743=CARTESIAN_POINT('',(13.1142564802183,-25.,12.0078504880837));
#5744=CARTESIAN_POINT('',(13.3506139154161,-25.,12.0278595831269));
#5745=CARTESIAN_POINT('',(13.5869713506139,-25.,12.0478686781701));
#5746=CARTESIAN_POINT('',(13.8233287858117,-25.,12.0678777732133));
#5747=CARTESIAN_POINT('',(13.1142564802183,-25.,12.0078504880837));
#5748=CARTESIAN_POINT('',(13.0692360163711,-25.,10.991138346201));
#5749=CARTESIAN_POINT('',(12.968877899045,-25.,10.8335667227358));
#5750=CARTESIAN_POINT('',(12.8319406548431,-25.,10.7050708155053));
#5751=CARTESIAN_POINT('',(12.481156207367,-25.,10.5081062861738));
#5752=CARTESIAN_POINT('',(12.2851296043656,-25.,10.4583961906758));
#5753=CARTESIAN_POINT('',(11.7176841746248,-25.,10.4583961906758));
#5754=CARTESIAN_POINT('',(11.4344304229195,-25.,10.5700094239637));
#5755=CARTESIAN_POINT('',(11.0011084583902,-25.,11.0145865044548));
#5756=CARTESIAN_POINT('',(10.8932469304229,-25.,11.3184746354234));
#5757=CARTESIAN_POINT('',(10.8932469304229,-25.,12.1091465317399));
#5758=CARTESIAN_POINT('',(11.0057980900409,-25.,12.434606968302));
#5759=CARTESIAN_POINT('',(11.456002728513,-25.,12.9242045126403));
#5760=CARTESIAN_POINT('',(11.7308151432469,-25.,13.04707286189));
#5761=CARTESIAN_POINT('',(12.3263983628922,-25.,13.04707286189));
#5762=CARTESIAN_POINT('',(12.5571282401091,-25.,12.959845713186));
#5763=CARTESIAN_POINT('',(12.9398021828104,-25.,12.6128129710305));
#5764=CARTESIAN_POINT('',(13.0617326057299,-25.,12.3530073775789));
#5765=CARTESIAN_POINT('',(13.1142564802183,-25.,12.0078504880837));
#5766=CARTESIAN_POINT('',(13.0692360163711,-25.,10.991138346201));
#5767=CARTESIAN_POINT('',(13.7032742155525,-25.,10.9086008291478));
#5768=CARTESIAN_POINT('',(13.4919281491587,-25.,10.9361133348322));
#5769=CARTESIAN_POINT('',(13.2805820827649,-25.,10.9636258405166));
#5770=CARTESIAN_POINT('',(13.0692360163711,-25.,10.991138346201));
#5771=CARTESIAN_POINT('',(13.7032742155525,-25.,10.9086008291478));
#5772=CARTESIAN_POINT('',(13.1705320600273,-25.,8.08356672273583));
#5773=CARTESIAN_POINT('',(13.3481127785357,-25.,9.0252447582065));
#5774=CARTESIAN_POINT('',(13.5256934970441,-25.,9.96692279367717));
#5775=CARTESIAN_POINT('',(13.7032742155525,-25.,10.9086008291478));
#5776=CARTESIAN_POINT('',(13.1705320600273,-25.,8.08356672273583));
#5777=CARTESIAN_POINT('',(10.4355388813097,-25.,8.08356672273583));
#5778=CARTESIAN_POINT('',(11.3472032742156,-25.,8.08356672273583));
#5779=CARTESIAN_POINT('',(12.2588676671214,-25.,8.08356672273583));
#5780=CARTESIAN_POINT('',(13.1705320600273,-25.,8.08356672273583));
#5781=CARTESIAN_POINT('',(10.4355388813097,-25.,8.08356672273583));
#5782=CARTESIAN_POINT('',(10.4355388813097,-25.,8.72886003787908));
#5783=CARTESIAN_POINT('',(10.4355388813097,-25.,8.51376226616466));
#5784=CARTESIAN_POINT('',(10.4355388813097,-25.,8.29866449445025));
#5785=CARTESIAN_POINT('',(10.4355388813097,-25.,8.08356672273583));
#5786=CARTESIAN_POINT('',(10.4355388813097,-25.,8.72886003787908));
#5787=CARTESIAN_POINT('',(12.6302864938608,-25.,8.72886003787908));
#5788=CARTESIAN_POINT('',(11.8987039563438,-25.,8.72886003787908));
#5789=CARTESIAN_POINT('',(11.1671214188267,-25.,8.72886003787908));
#5790=CARTESIAN_POINT('',(10.4355388813097,-25.,8.72886003787908));
#5791=CARTESIAN_POINT('',(12.6302864938608,-25.,8.72886003787908));
#5792=CARTESIAN_POINT('',(12.9266712141883,-25.,10.2070319341956));
#5793=CARTESIAN_POINT('',(12.8278763074125,-25.,9.71430796875675));
#5794=CARTESIAN_POINT('',(12.7290814006367,-25.,9.22158400331791));
#5795=CARTESIAN_POINT('',(12.6302864938608,-25.,8.72886003787908));
#5796=CARTESIAN_POINT('',(12.9266712141883,-25.,10.2070319341956));
#5797=CARTESIAN_POINT('',(13.8233287858117,-25.,12.0678777732133));
#5798=CARTESIAN_POINT('',(13.7783083219645,-25.,12.5302754539773));
#5799=CARTESIAN_POINT('',(13.5972885402456,-25.,12.9016942807167));
#5800=CARTESIAN_POINT('',(12.9651261937244,-25.,13.4625742261465));
#5801=CARTESIAN_POINT('',(12.556190313779,-25.,13.6023252493388));
#5802=CARTESIAN_POINT('',(11.4456855388813,-25.,13.6023252493388));
#5803=CARTESIAN_POINT('',(10.9645293315143,-25.,13.3800367090933));
#5804=CARTESIAN_POINT('',(10.3235804394141,-25.,12.5703273374241));
#5805=CARTESIAN_POINT('',(10.1766712141883,-25.,12.1419739532952));
#5806=CARTESIAN_POINT('',(10.1766712141883,-25.,11.1215101060919));
#5807=CARTESIAN_POINT('',(10.3417462482947,-25.,10.6938156995435));
#5808=CARTESIAN_POINT('',(11.0020463847203,-25.,10.0278880051369));
#5809=CARTESIAN_POINT('',(11.4072305593452,-25.,9.86187504470036));
#5810=CARTESIAN_POINT('',(12.2504263301501,-25.,9.86187504470036));
#5811=CARTESIAN_POINT('',(12.5965211459754,-25.,9.97723998330882));
#5812=CARTESIAN_POINT('',(12.9266712141883,-25.,10.2070319341956));
#5813=CARTESIAN_POINT('',(1.34251616537071E-16,-25.,6.94673917657547E-32));
#5814=CARTESIAN_POINT('',(0.,-25.,0.));
#5815=CARTESIAN_POINT('',(0.,-17.78891399389,-0.499995450656137));
#5816=CARTESIAN_POINT('',(3.5527136788005E-15,0.,-6.60646738367618));
#5817=CARTESIAN_POINT('',(25.,25.,-26.7214673836762));
#5818=CARTESIAN_POINT('',(25.,-25.,-26.7214673836762));
#5819=CARTESIAN_POINT('',(1.34251616537071E-16,25.,6.94673917657547E-32));
#5820=CARTESIAN_POINT('',(0.,25.,0.));
#5821=CARTESIAN_POINT('',(0.,17.78891399389,-0.499995450656137));
#5822=CARTESIAN_POINT('',(3.5527136788005E-15,0.,-6.60646738367618));
#5823=CARTESIAN_POINT('',(0.,0.,-0.499995450656137));
#5824=CARTESIAN_POINT('',(11.7271487039563,-24.,-3.47032140823279));
#5825=CARTESIAN_POINT('',(11.4016882673943,-24.,-3.39528730182079));
#5826=CARTESIAN_POINT('',(11.1493860845839,-24.,-3.23959153101587));
#5827=CARTESIAN_POINT('',(10.7892223738063,-24.,-2.76687666062024));
#5828=CARTESIAN_POINT('',(10.6991814461119,-24.,-2.47142986662297));
#5829=CARTESIAN_POINT('',(10.6991814461119,-24.,-1.63573750645926));
#5830=CARTESIAN_POINT('',(10.8745736698499,-24.,-1.22867747917413));
#5831=CARTESIAN_POINT('',(11.5742667121419,-24.,-0.560873932107279));
#5832=CARTESIAN_POINT('',(12.0169679399727,-24.,-0.393923045340566));
#5833=CARTESIAN_POINT('',(13.0355559345157,-24.,-0.393923045340566));
#5834=CARTESIAN_POINT('',(13.4360504774898,-24.,-0.537425773853527));
#5835=CARTESIAN_POINT('',(14.0738403819918,-24.,-1.11331254056567));
#5836=CARTESIAN_POINT('',(14.2557980900409,-24.,-1.48566929363525));
#5837=CARTESIAN_POINT('',(14.3008185538881,-24.,-1.94337734274848));
#5838=CARTESIAN_POINT('',(14.3008185538881,-25.,-1.94337734274848));
#5839=CARTESIAN_POINT('',(14.2557980900409,-25.,-1.48566929363525));
#5840=CARTESIAN_POINT('',(14.0738403819918,-25.,-1.11331254056567));
#5841=CARTESIAN_POINT('',(13.4360504774898,-25.,-0.537425773853527));
#5842=CARTESIAN_POINT('',(13.0355559345157,-25.,-0.393923045340566));
#5843=CARTESIAN_POINT('',(12.0169679399727,-25.,-0.393923045340566));
#5844=CARTESIAN_POINT('',(11.5742667121419,-25.,-0.560873932107279));
#5845=CARTESIAN_POINT('',(10.8745736698499,-25.,-1.22867747917413));
#5846=CARTESIAN_POINT('',(10.6991814461119,-25.,-1.63573750645926));
#5847=CARTESIAN_POINT('',(10.6991814461119,-25.,-2.47142986662297));
#5848=CARTESIAN_POINT('',(10.7892223738063,-25.,-2.76687666062024));
#5849=CARTESIAN_POINT('',(11.1493860845839,-25.,-3.23959153101587));
#5850=CARTESIAN_POINT('',(11.4016882673943,-25.,-3.39528730182079));
#5851=CARTESIAN_POINT('',(11.7271487039563,-25.,-3.47032140823279));
#5852=CARTESIAN_POINT('',(11.4014052863931,-24.,-0.745902353941414));
#5853=CARTESIAN_POINT('',(12.9266712141883,-24.,10.2070319341956));
#5854=CARTESIAN_POINT('',(12.5965211459754,-24.,9.97723998330882));
#5855=CARTESIAN_POINT('',(12.2504263301501,-24.,9.86187504470036));
#5856=CARTESIAN_POINT('',(11.4072305593452,-24.,9.86187504470036));
#5857=CARTESIAN_POINT('',(11.0020463847203,-24.,10.0278880051369));
#5858=CARTESIAN_POINT('',(10.3417462482947,-24.,10.6938156995435));
#5859=CARTESIAN_POINT('',(10.1766712141883,-24.,11.1215101060919));
#5860=CARTESIAN_POINT('',(10.1766712141883,-24.,12.1419739532952));
#5861=CARTESIAN_POINT('',(10.3235804394141,-24.,12.5703273374241));
#5862=CARTESIAN_POINT('',(10.9645293315143,-24.,13.3800367090933));
#5863=CARTESIAN_POINT('',(11.4456855388813,-24.,13.6023252493388));
#5864=CARTESIAN_POINT('',(12.556190313779,-24.,13.6023252493388));
#5865=CARTESIAN_POINT('',(12.9651261937244,-24.,13.4625742261465));
#5866=CARTESIAN_POINT('',(13.5972885402456,-24.,12.9016942807167));
#5867=CARTESIAN_POINT('',(13.7783083219645,-24.,12.5302754539773));
#5868=CARTESIAN_POINT('',(13.8233287858117,-24.,12.0678777732133));
#5869=CARTESIAN_POINT('',(12.9266712141883,-24.,10.2070319341956));
#5870=CARTESIAN_POINT('',(12.6302864938608,-24.,8.72886003787908));
#5871=CARTESIAN_POINT('',(12.7290814006367,-24.,9.22158400331791));
#5872=CARTESIAN_POINT('',(12.8278763074125,-24.,9.71430796875675));
#5873=CARTESIAN_POINT('',(12.9266712141883,-24.,10.2070319341956));
#5874=CARTESIAN_POINT('',(12.6302864938608,-24.,8.72886003787908));
#5875=CARTESIAN_POINT('',(10.4355388813097,-24.,8.72886003787908));
#5876=CARTESIAN_POINT('',(11.1671214188267,-24.,8.72886003787908));
#5877=CARTESIAN_POINT('',(11.8987039563438,-24.,8.72886003787908));
#5878=CARTESIAN_POINT('',(12.6302864938608,-24.,8.72886003787908));
#5879=CARTESIAN_POINT('',(10.4355388813097,-24.,8.72886003787908));
#5880=CARTESIAN_POINT('',(10.4355388813097,-24.,8.08356672273583));
#5881=CARTESIAN_POINT('',(10.4355388813097,-24.,8.29866449445025));
#5882=CARTESIAN_POINT('',(10.4355388813097,-24.,8.51376226616466));
#5883=CARTESIAN_POINT('',(10.4355388813097,-24.,8.72886003787908));
#5884=CARTESIAN_POINT('',(10.4355388813097,-24.,8.08356672273583));
#5885=CARTESIAN_POINT('',(13.1705320600273,-24.,8.08356672273583));
#5886=CARTESIAN_POINT('',(12.2588676671214,-24.,8.08356672273583));
#5887=CARTESIAN_POINT('',(11.3472032742156,-24.,8.08356672273583));
#5888=CARTESIAN_POINT('',(10.4355388813097,-24.,8.08356672273583));
#5889=CARTESIAN_POINT('',(13.1705320600273,-24.,8.08356672273583));
#5890=CARTESIAN_POINT('',(13.7032742155525,-24.,10.9086008291478));
#5891=CARTESIAN_POINT('',(13.5256934970441,-24.,9.96692279367717));
#5892=CARTESIAN_POINT('',(13.3481127785357,-24.,9.0252447582065));
#5893=CARTESIAN_POINT('',(13.1705320600273,-24.,8.08356672273583));
#5894=CARTESIAN_POINT('',(13.7032742155525,-24.,10.9086008291478));
#5895=CARTESIAN_POINT('',(13.0692360163711,-24.,10.991138346201));
#5896=CARTESIAN_POINT('',(13.2805820827649,-24.,10.9636258405166));
#5897=CARTESIAN_POINT('',(13.4919281491587,-24.,10.9361133348322));
#5898=CARTESIAN_POINT('',(13.7032742155525,-24.,10.9086008291478));
#5899=CARTESIAN_POINT('',(13.0692360163711,-24.,10.991138346201));
#5900=CARTESIAN_POINT('',(13.1142564802183,-24.,12.0078504880837));
#5901=CARTESIAN_POINT('',(13.0617326057299,-24.,12.3530073775789));
#5902=CARTESIAN_POINT('',(12.9398021828104,-24.,12.6128129710305));
#5903=CARTESIAN_POINT('',(12.5571282401091,-24.,12.959845713186));
#5904=CARTESIAN_POINT('',(12.3263983628922,-24.,13.04707286189));
#5905=CARTESIAN_POINT('',(11.7308151432469,-24.,13.04707286189));
#5906=CARTESIAN_POINT('',(11.456002728513,-24.,12.9242045126403));
#5907=CARTESIAN_POINT('',(11.0057980900409,-24.,12.434606968302));
#5908=CARTESIAN_POINT('',(10.8932469304229,-24.,12.1091465317399));
#5909=CARTESIAN_POINT('',(10.8932469304229,-24.,11.3184746354234));
#5910=CARTESIAN_POINT('',(11.0011084583902,-24.,11.0145865044548));
#5911=CARTESIAN_POINT('',(11.4344304229195,-24.,10.5700094239637));
#5912=CARTESIAN_POINT('',(11.7176841746248,-24.,10.4583961906758));
#5913=CARTESIAN_POINT('',(12.2851296043656,-24.,10.4583961906758));
#5914=CARTESIAN_POINT('',(12.481156207367,-24.,10.5081062861738));
#5915=CARTESIAN_POINT('',(12.8319406548431,-24.,10.7050708155053));
#5916=CARTESIAN_POINT('',(12.968877899045,-24.,10.8335667227358));
#5917=CARTESIAN_POINT('',(13.0692360163711,-24.,10.991138346201));
#5918=CARTESIAN_POINT('',(13.1142564802183,-24.,12.0078504880837));
#5919=CARTESIAN_POINT('',(13.8233287858117,-24.,12.0678777732133));
#5920=CARTESIAN_POINT('',(13.5869713506139,-24.,12.0478686781701));
#5921=CARTESIAN_POINT('',(13.3506139154161,-24.,12.0278595831269));
#5922=CARTESIAN_POINT('',(13.1142564802183,-24.,12.0078504880837));
#5923=CARTESIAN_POINT('',(13.8233287858117,-24.,12.0678777732133));
#5924=CARTESIAN_POINT('',(12.9266712141883,-24.,10.2070319341956));
#5925=CARTESIAN_POINT('',(12.5965211459754,-24.,9.97723998330882));
#5926=CARTESIAN_POINT('',(12.2504263301501,-24.,9.86187504470036));
#5927=CARTESIAN_POINT('',(11.4072305593452,-24.,9.86187504470036));
#5928=CARTESIAN_POINT('',(11.0020463847203,-24.,10.0278880051369));
#5929=CARTESIAN_POINT('',(10.3417462482947,-24.,10.6938156995435));
#5930=CARTESIAN_POINT('',(10.1766712141883,-24.,11.1215101060919));
#5931=CARTESIAN_POINT('',(10.1766712141883,-24.,12.1419739532952));
#5932=CARTESIAN_POINT('',(10.3235804394141,-24.,12.5703273374241));
#5933=CARTESIAN_POINT('',(10.9645293315143,-24.,13.3800367090933));
#5934=CARTESIAN_POINT('',(11.4456855388813,-24.,13.6023252493388));
#5935=CARTESIAN_POINT('',(12.556190313779,-24.,13.6023252493388));
#5936=CARTESIAN_POINT('',(12.9651261937244,-24.,13.4625742261465));
#5937=CARTESIAN_POINT('',(13.5972885402456,-24.,12.9016942807167));
#5938=CARTESIAN_POINT('',(13.7783083219645,-24.,12.5302754539773));
#5939=CARTESIAN_POINT('',(13.8233287858117,-24.,12.0678777732133));
#5940=CARTESIAN_POINT('',(10.3715709668108,-24.,12.5501241018842));
#5941=CARTESIAN_POINT('',(13.8233287858117,-25.,12.0678777732133));
#5942=CARTESIAN_POINT('',(13.8233287858117,-25.,12.0678777732133));
#5943=CARTESIAN_POINT('',(13.7783083219645,-25.,12.5302754539773));
#5944=CARTESIAN_POINT('',(13.5972885402456,-25.,12.9016942807167));
#5945=CARTESIAN_POINT('',(12.9651261937244,-25.,13.4625742261465));
#5946=CARTESIAN_POINT('',(12.556190313779,-25.,13.6023252493388));
#5947=CARTESIAN_POINT('',(11.4456855388813,-25.,13.6023252493388));
#5948=CARTESIAN_POINT('',(10.9645293315143,-25.,13.3800367090933));
#5949=CARTESIAN_POINT('',(10.3235804394141,-25.,12.5703273374241));
#5950=CARTESIAN_POINT('',(10.1766712141883,-25.,12.1419739532952));
#5951=CARTESIAN_POINT('',(10.1766712141883,-25.,11.1215101060919));
#5952=CARTESIAN_POINT('',(10.3417462482947,-25.,10.6938156995435));
#5953=CARTESIAN_POINT('',(11.0020463847203,-25.,10.0278880051369));
#5954=CARTESIAN_POINT('',(11.4072305593452,-25.,9.86187504470036));
#5955=CARTESIAN_POINT('',(12.2504263301501,-25.,9.86187504470036));
#5956=CARTESIAN_POINT('',(12.5965211459754,-25.,9.97723998330882));
#5957=CARTESIAN_POINT('',(12.9266712141883,-25.,10.2070319341956));
#5958=CARTESIAN_POINT('',(12.9266712141883,-25.,10.2070319341956));
#5959=CARTESIAN_POINT('',(13.8233287858117,-25.,12.0678777732133));
#5960=CARTESIAN_POINT('',(13.7783083219645,-25.,12.5302754539773));
#5961=CARTESIAN_POINT('',(13.5972885402456,-25.,12.9016942807167));
#5962=CARTESIAN_POINT('',(12.9651261937244,-25.,13.4625742261465));
#5963=CARTESIAN_POINT('',(12.556190313779,-25.,13.6023252493388));
#5964=CARTESIAN_POINT('',(11.4456855388813,-25.,13.6023252493388));
#5965=CARTESIAN_POINT('',(10.9645293315143,-25.,13.3800367090933));
#5966=CARTESIAN_POINT('',(10.3235804394141,-25.,12.5703273374241));
#5967=CARTESIAN_POINT('',(10.1766712141883,-25.,12.1419739532952));
#5968=CARTESIAN_POINT('',(10.1766712141883,-25.,11.1215101060919));
#5969=CARTESIAN_POINT('',(10.3417462482947,-25.,10.6938156995435));
#5970=CARTESIAN_POINT('',(11.0020463847203,-25.,10.0278880051369));
#5971=CARTESIAN_POINT('',(11.4072305593452,-25.,9.86187504470036));
#5972=CARTESIAN_POINT('',(12.2504263301501,-25.,9.86187504470036));
#5973=CARTESIAN_POINT('',(12.5965211459754,-25.,9.97723998330882));
#5974=CARTESIAN_POINT('',(12.9266712141883,-25.,10.2070319341956));
#5975=CARTESIAN_POINT('',(13.1142564802183,-25.,12.0078504880837));
#5976=CARTESIAN_POINT('',(13.1142564802183,-25.,12.0078504880837));
#5977=CARTESIAN_POINT('',(12.6302864938608,-25.,8.72886003787908));
#5978=CARTESIAN_POINT('',(12.9266712141883,-25.,10.2070319341956));
#5979=CARTESIAN_POINT('',(10.4355388813097,-25.,8.72886003787908));
#5980=CARTESIAN_POINT('',(12.6302864938608,-25.,8.72886003787908));
#5981=CARTESIAN_POINT('',(10.4355388813097,-25.,8.08356672273583));
#5982=CARTESIAN_POINT('',(10.4355388813097,-25.,8.72886003787908));
#5983=CARTESIAN_POINT('',(13.1705320600273,-25.,8.08356672273583));
#5984=CARTESIAN_POINT('',(10.4355388813097,-25.,8.08356672273583));
#5985=CARTESIAN_POINT('',(13.7032742155525,-25.,10.9086008291478));
#5986=CARTESIAN_POINT('',(13.1705320600273,-25.,8.08356672273583));
#5987=CARTESIAN_POINT('',(13.0692360163711,-25.,10.991138346201));
#5988=CARTESIAN_POINT('',(13.7032742155525,-25.,10.9086008291478));
#5989=CARTESIAN_POINT('',(13.0692360163711,-25.,10.991138346201));
#5990=CARTESIAN_POINT('',(12.968877899045,-25.,10.8335667227358));
#5991=CARTESIAN_POINT('',(12.8319406548431,-25.,10.7050708155053));
#5992=CARTESIAN_POINT('',(12.481156207367,-25.,10.5081062861738));
#5993=CARTESIAN_POINT('',(12.2851296043656,-25.,10.4583961906758));
#5994=CARTESIAN_POINT('',(11.7176841746248,-25.,10.4583961906758));
#5995=CARTESIAN_POINT('',(11.4344304229195,-25.,10.5700094239637));
#5996=CARTESIAN_POINT('',(11.0011084583902,-25.,11.0145865044548));
#5997=CARTESIAN_POINT('',(10.8932469304229,-25.,11.3184746354234));
#5998=CARTESIAN_POINT('',(10.8932469304229,-25.,12.1091465317399));
#5999=CARTESIAN_POINT('',(11.0057980900409,-25.,12.434606968302));
#6000=CARTESIAN_POINT('',(11.456002728513,-25.,12.9242045126403));
#6001=CARTESIAN_POINT('',(11.7308151432469,-25.,13.04707286189));
#6002=CARTESIAN_POINT('',(12.3263983628922,-25.,13.04707286189));
#6003=CARTESIAN_POINT('',(12.5571282401091,-25.,12.959845713186));
#6004=CARTESIAN_POINT('',(12.9398021828104,-25.,12.6128129710305));
#6005=CARTESIAN_POINT('',(13.0617326057299,-25.,12.3530073775789));
#6006=CARTESIAN_POINT('',(13.1142564802183,-25.,12.0078504880837));
#6007=MECHANICAL_DESIGN_GEOMETRIC_PRESENTATION_REPRESENTATION('',(#26,#27,
#28,#29,#30,#31,#32,#33),#6008);
#6008=(
GEOMETRIC_REPRESENTATION_CONTEXT(3)
GLOBAL_UNCERTAINTY_ASSIGNED_CONTEXT((#6009))
GLOBAL_UNIT_ASSIGNED_CONTEXT((#6015,#6011,#6010))
REPRESENTATION_CONTEXT('twister_skin_mold','TOP_LEVEL_ASSEMBLY_PART')
);
#6009=UNCERTAINTY_MEASURE_WITH_UNIT(LENGTH_MEASURE(2.E-5),#6015,
'DISTANCE_ACCURACY_VALUE','Maximum Tolerance applied to model');
#6010=(
NAMED_UNIT(*)
SI_UNIT($,.STERADIAN.)
SOLID_ANGLE_UNIT()
);
#6011=(
CONVERSION_BASED_UNIT('DEGREE',#6013)
NAMED_UNIT(#6012)
PLANE_ANGLE_UNIT()
);
#6012=DIMENSIONAL_EXPONENTS(0.,0.,0.,0.,0.,0.,0.);
#6013=PLANE_ANGLE_MEASURE_WITH_UNIT(PLANE_ANGLE_MEASURE(0.0174532925),#6014);
#6014=(
NAMED_UNIT(*)
PLANE_ANGLE_UNIT()
SI_UNIT($,.RADIAN.)
);
#6015=(
LENGTH_UNIT()
NAMED_UNIT(*)
SI_UNIT(.MILLI.,.METRE.)
);
ENDSEC;
END-ISO-10303-21;
