ISO-10303-21;
HEADER;
/* Generated by software containing ST-Developer
 * from STEP Tools, Inc. (www.steptools.com) 
 */
/* OPTION: using custom schema-name function */

FILE_DESCRIPTION(
/* description */ (''),
/* implementation_level */ '2;1');

FILE_NAME(
/* name */ 'menstrual_cup_valve_mold.stp',
/* time_stamp */ '2026-09-08T16:11:07+02:00',
/* author */ (''),
/* organization */ (''),
/* preprocessor_version */ 'ST-DEVELOPER v20',
/* originating_system */ 'SIEMENS PLM Software NX2406.3002',
/* authorisation */ '');

FILE_SCHEMA (('AUTOMOTIVE_DESIGN { 1 0 10303 214 3 1 1 1 }'));
ENDSEC;

DATA;
#10=SHAPE_REPRESENTATION_RELATIONSHIP('None',
'relationship between menstrual_cup_valve_mold-None and menstrual_cup_
valve_mold-None',#22,#11);
#11=ADVANCED_BREP_SHAPE_REPRESENTATION('menstrual_cup_valve_mold-None',
(#293,#294,#295,#296,#297),#3389);
#12=SHAPE_DEFINITION_REPRESENTATION(#13,#22);
#13=PRODUCT_DEFINITION_SHAPE('','',#14);
#14=PRODUCT_DEFINITION(' ','',#16,#15);
#15=PRODUCT_DEFINITION_CONTEXT('part definition',#21,'design');
#16=PRODUCT_DEFINITION_FORMATION_WITH_SPECIFIED_SOURCE(' ',' ',#18,
 .NOT_KNOWN.);
#17=PRODUCT_RELATED_PRODUCT_CATEGORY('part','',(#18));
#18=PRODUCT('menstrual_cup_valve_mold','menstrual_cup_valve_mold',' ',(#19));
#19=PRODUCT_CONTEXT(' ',#21,'mechanical');
#20=APPLICATION_PROTOCOL_DEFINITION('international standard',
'automotive_design',2010,#21);
#21=APPLICATION_CONTEXT(
'core data for automotive mechanical design processes');
#22=SHAPE_REPRESENTATION('menstrual_cup_valve_mold-None',(#1677),#3389);
#23=OVER_RIDING_STYLED_ITEM('',(#63),#478,#57);
#24=OVER_RIDING_STYLED_ITEM('',(#64),#479,#57);
#25=OVER_RIDING_STYLED_ITEM('',(#65),#480,#57);
#26=OVER_RIDING_STYLED_ITEM('',(#66),#481,#57);
#27=OVER_RIDING_STYLED_ITEM('',(#67),#482,#57);
#28=OVER_RIDING_STYLED_ITEM('',(#68),#483,#57);
#29=OVER_RIDING_STYLED_ITEM('',(#69),#484,#57);
#30=OVER_RIDING_STYLED_ITEM('',(#70),#486,#57);
#31=OVER_RIDING_STYLED_ITEM('',(#71),#487,#57);
#32=OVER_RIDING_STYLED_ITEM('',(#72),#488,#57);
#33=OVER_RIDING_STYLED_ITEM('',(#73),#489,#57);
#34=OVER_RIDING_STYLED_ITEM('',(#74),#490,#57);
#35=OVER_RIDING_STYLED_ITEM('',(#75),#491,#57);
#36=OVER_RIDING_STYLED_ITEM('',(#76),#492,#57);
#37=OVER_RIDING_STYLED_ITEM('',(#77),#495,#57);
#38=OVER_RIDING_STYLED_ITEM('',(#79),#503,#58);
#39=OVER_RIDING_STYLED_ITEM('',(#80),#504,#58);
#40=OVER_RIDING_STYLED_ITEM('',(#82),#507,#59);
#41=OVER_RIDING_STYLED_ITEM('',(#83),#508,#59);
#42=OVER_RIDING_STYLED_ITEM('',(#85),#511,#60);
#43=OVER_RIDING_STYLED_ITEM('',(#86),#512,#60);
#44=OVER_RIDING_STYLED_ITEM('',(#87),#513,#60);
#45=OVER_RIDING_STYLED_ITEM('',(#88),#514,#60);
#46=OVER_RIDING_STYLED_ITEM('',(#89),#515,#60);
#47=OVER_RIDING_STYLED_ITEM('',(#90),#516,#60);
#48=OVER_RIDING_STYLED_ITEM('',(#91),#518,#60);
#49=OVER_RIDING_STYLED_ITEM('',(#92),#519,#60);
#50=OVER_RIDING_STYLED_ITEM('',(#93),#520,#60);
#51=OVER_RIDING_STYLED_ITEM('',(#94),#530,#60);
#52=OVER_RIDING_STYLED_ITEM('',(#95),#533,#60);
#53=OVER_RIDING_STYLED_ITEM('',(#96),#534,#60);
#54=OVER_RIDING_STYLED_ITEM('',(#98),#546,#61);
#55=OVER_RIDING_STYLED_ITEM('',(#99),#552,#61);
#56=PRESENTATION_LAYER_ASSIGNMENT('1','Layer 1',(#293,#294,#295,#296,#297));
#57=STYLED_ITEM('',(#62),#293);
#58=STYLED_ITEM('',(#78),#294);
#59=STYLED_ITEM('',(#81),#295);
#60=STYLED_ITEM('',(#84),#296);
#61=STYLED_ITEM('',(#97),#297);
#62=PRESENTATION_STYLE_ASSIGNMENT((#100));
#63=PRESENTATION_STYLE_ASSIGNMENT((#101));
#64=PRESENTATION_STYLE_ASSIGNMENT((#102));
#65=PRESENTATION_STYLE_ASSIGNMENT((#103));
#66=PRESENTATION_STYLE_ASSIGNMENT((#104));
#67=PRESENTATION_STYLE_ASSIGNMENT((#105));
#68=PRESENTATION_STYLE_ASSIGNMENT((#106));
#69=PRESENTATION_STYLE_ASSIGNMENT((#107));
#70=PRESENTATION_STYLE_ASSIGNMENT((#108));
#71=PRESENTATION_STYLE_ASSIGNMENT((#109));
#72=PRESENTATION_STYLE_ASSIGNMENT((#110));
#73=PRESENTATION_STYLE_ASSIGNMENT((#111));
#74=PRESENTATION_STYLE_ASSIGNMENT((#112));
#75=PRESENTATION_STYLE_ASSIGNMENT((#113));
#76=PRESENTATION_STYLE_ASSIGNMENT((#114));
#77=PRESENTATION_STYLE_ASSIGNMENT((#115));
#78=PRESENTATION_STYLE_ASSIGNMENT((#116));
#79=PRESENTATION_STYLE_ASSIGNMENT((#117));
#80=PRESENTATION_STYLE_ASSIGNMENT((#118));
#81=PRESENTATION_STYLE_ASSIGNMENT((#119));
#82=PRESENTATION_STYLE_ASSIGNMENT((#120));
#83=PRESENTATION_STYLE_ASSIGNMENT((#121));
#84=PRESENTATION_STYLE_ASSIGNMENT((#122));
#85=PRESENTATION_STYLE_ASSIGNMENT((#123));
#86=PRESENTATION_STYLE_ASSIGNMENT((#124));
#87=PRESENTATION_STYLE_ASSIGNMENT((#125));
#88=PRESENTATION_STYLE_ASSIGNMENT((#126));
#89=PRESENTATION_STYLE_ASSIGNMENT((#127));
#90=PRESENTATION_STYLE_ASSIGNMENT((#128));
#91=PRESENTATION_STYLE_ASSIGNMENT((#129));
#92=PRESENTATION_STYLE_ASSIGNMENT((#130));
#93=PRESENTATION_STYLE_ASSIGNMENT((#131));
#94=PRESENTATION_STYLE_ASSIGNMENT((#132));
#95=PRESENTATION_STYLE_ASSIGNMENT((#133));
#96=PRESENTATION_STYLE_ASSIGNMENT((#134));
#97=PRESENTATION_STYLE_ASSIGNMENT((#135));
#98=PRESENTATION_STYLE_ASSIGNMENT((#136));
#99=PRESENTATION_STYLE_ASSIGNMENT((#137));
#100=SURFACE_STYLE_USAGE(.BOTH.,#138);
#101=SURFACE_STYLE_USAGE(.BOTH.,#139);
#102=SURFACE_STYLE_USAGE(.BOTH.,#140);
#103=SURFACE_STYLE_USAGE(.BOTH.,#141);
#104=SURFACE_STYLE_USAGE(.BOTH.,#142);
#105=SURFACE_STYLE_USAGE(.BOTH.,#143);
#106=SURFACE_STYLE_USAGE(.BOTH.,#144);
#107=SURFACE_STYLE_USAGE(.BOTH.,#145);
#108=SURFACE_STYLE_USAGE(.BOTH.,#146);
#109=SURFACE_STYLE_USAGE(.BOTH.,#147);
#110=SURFACE_STYLE_USAGE(.BOTH.,#148);
#111=SURFACE_STYLE_USAGE(.BOTH.,#149);
#112=SURFACE_STYLE_USAGE(.BOTH.,#150);
#113=SURFACE_STYLE_USAGE(.BOTH.,#151);
#114=SURFACE_STYLE_USAGE(.BOTH.,#152);
#115=SURFACE_STYLE_USAGE(.BOTH.,#153);
#116=SURFACE_STYLE_USAGE(.BOTH.,#154);
#117=SURFACE_STYLE_USAGE(.BOTH.,#155);
#118=SURFACE_STYLE_USAGE(.BOTH.,#156);
#119=SURFACE_STYLE_USAGE(.BOTH.,#157);
#120=SURFACE_STYLE_USAGE(.BOTH.,#158);
#121=SURFACE_STYLE_USAGE(.BOTH.,#159);
#122=SURFACE_STYLE_USAGE(.BOTH.,#160);
#123=SURFACE_STYLE_USAGE(.BOTH.,#161);
#124=SURFACE_STYLE_USAGE(.BOTH.,#162);
#125=SURFACE_STYLE_USAGE(.BOTH.,#163);
#126=SURFACE_STYLE_USAGE(.BOTH.,#164);
#127=SURFACE_STYLE_USAGE(.BOTH.,#165);
#128=SURFACE_STYLE_USAGE(.BOTH.,#166);
#129=SURFACE_STYLE_USAGE(.BOTH.,#167);
#130=SURFACE_STYLE_USAGE(.BOTH.,#168);
#131=SURFACE_STYLE_USAGE(.BOTH.,#169);
#132=SURFACE_STYLE_USAGE(.BOTH.,#170);
#133=SURFACE_STYLE_USAGE(.BOTH.,#171);
#134=SURFACE_STYLE_USAGE(.BOTH.,#172);
#135=SURFACE_STYLE_USAGE(.BOTH.,#173);
#136=SURFACE_STYLE_USAGE(.BOTH.,#174);
#137=SURFACE_STYLE_USAGE(.BOTH.,#175);
#138=SURFACE_SIDE_STYLE('',(#176));
#139=SURFACE_SIDE_STYLE('',(#177));
#140=SURFACE_SIDE_STYLE('',(#178));
#141=SURFACE_SIDE_STYLE('',(#179));
#142=SURFACE_SIDE_STYLE('',(#180));
#143=SURFACE_SIDE_STYLE('',(#181));
#144=SURFACE_SIDE_STYLE('',(#182));
#145=SURFACE_SIDE_STYLE('',(#183));
#146=SURFACE_SIDE_STYLE('',(#184));
#147=SURFACE_SIDE_STYLE('',(#185));
#148=SURFACE_SIDE_STYLE('',(#186));
#149=SURFACE_SIDE_STYLE('',(#187));
#150=SURFACE_SIDE_STYLE('',(#188));
#151=SURFACE_SIDE_STYLE('',(#189));
#152=SURFACE_SIDE_STYLE('',(#190));
#153=SURFACE_SIDE_STYLE('',(#191));
#154=SURFACE_SIDE_STYLE('',(#192));
#155=SURFACE_SIDE_STYLE('',(#193));
#156=SURFACE_SIDE_STYLE('',(#194));
#157=SURFACE_SIDE_STYLE('',(#195));
#158=SURFACE_SIDE_STYLE('',(#196));
#159=SURFACE_SIDE_STYLE('',(#197));
#160=SURFACE_SIDE_STYLE('',(#198));
#161=SURFACE_SIDE_STYLE('',(#199));
#162=SURFACE_SIDE_STYLE('',(#200));
#163=SURFACE_SIDE_STYLE('',(#201));
#164=SURFACE_SIDE_STYLE('',(#202));
#165=SURFACE_SIDE_STYLE('',(#203));
#166=SURFACE_SIDE_STYLE('',(#204));
#167=SURFACE_SIDE_STYLE('',(#205));
#168=SURFACE_SIDE_STYLE('',(#206));
#169=SURFACE_SIDE_STYLE('',(#207));
#170=SURFACE_SIDE_STYLE('',(#208));
#171=SURFACE_SIDE_STYLE('',(#209));
#172=SURFACE_SIDE_STYLE('',(#210));
#173=SURFACE_SIDE_STYLE('',(#211));
#174=SURFACE_SIDE_STYLE('',(#212));
#175=SURFACE_SIDE_STYLE('',(#213));
#176=SURFACE_STYLE_FILL_AREA(#214);
#177=SURFACE_STYLE_FILL_AREA(#215);
#178=SURFACE_STYLE_FILL_AREA(#216);
#179=SURFACE_STYLE_FILL_AREA(#217);
#180=SURFACE_STYLE_FILL_AREA(#218);
#181=SURFACE_STYLE_FILL_AREA(#219);
#182=SURFACE_STYLE_FILL_AREA(#220);
#183=SURFACE_STYLE_FILL_AREA(#221);
#184=SURFACE_STYLE_FILL_AREA(#222);
#185=SURFACE_STYLE_FILL_AREA(#223);
#186=SURFACE_STYLE_FILL_AREA(#224);
#187=SURFACE_STYLE_FILL_AREA(#225);
#188=SURFACE_STYLE_FILL_AREA(#226);
#189=SURFACE_STYLE_FILL_AREA(#227);
#190=SURFACE_STYLE_FILL_AREA(#228);
#191=SURFACE_STYLE_FILL_AREA(#229);
#192=SURFACE_STYLE_FILL_AREA(#230);
#193=SURFACE_STYLE_FILL_AREA(#231);
#194=SURFACE_STYLE_FILL_AREA(#232);
#195=SURFACE_STYLE_FILL_AREA(#233);
#196=SURFACE_STYLE_FILL_AREA(#234);
#197=SURFACE_STYLE_FILL_AREA(#235);
#198=SURFACE_STYLE_FILL_AREA(#236);
#199=SURFACE_STYLE_FILL_AREA(#237);
#200=SURFACE_STYLE_FILL_AREA(#238);
#201=SURFACE_STYLE_FILL_AREA(#239);
#202=SURFACE_STYLE_FILL_AREA(#240);
#203=SURFACE_STYLE_FILL_AREA(#241);
#204=SURFACE_STYLE_FILL_AREA(#242);
#205=SURFACE_STYLE_FILL_AREA(#243);
#206=SURFACE_STYLE_FILL_AREA(#244);
#207=SURFACE_STYLE_FILL_AREA(#245);
#208=SURFACE_STYLE_FILL_AREA(#246);
#209=SURFACE_STYLE_FILL_AREA(#247);
#210=SURFACE_STYLE_FILL_AREA(#248);
#211=SURFACE_STYLE_FILL_AREA(#249);
#212=SURFACE_STYLE_FILL_AREA(#250);
#213=SURFACE_STYLE_FILL_AREA(#251);
#214=FILL_AREA_STYLE('',(#252));
#215=FILL_AREA_STYLE('',(#253));
#216=FILL_AREA_STYLE('',(#254));
#217=FILL_AREA_STYLE('',(#255));
#218=FILL_AREA_STYLE('',(#256));
#219=FILL_AREA_STYLE('',(#257));
#220=FILL_AREA_STYLE('',(#258));
#221=FILL_AREA_STYLE('',(#259));
#222=FILL_AREA_STYLE('',(#260));
#223=FILL_AREA_STYLE('',(#261));
#224=FILL_AREA_STYLE('',(#262));
#225=FILL_AREA_STYLE('',(#263));
#226=FILL_AREA_STYLE('',(#264));
#227=FILL_AREA_STYLE('',(#265));
#228=FILL_AREA_STYLE('',(#266));
#229=FILL_AREA_STYLE('',(#267));
#230=FILL_AREA_STYLE('',(#268));
#231=FILL_AREA_STYLE('',(#269));
#232=FILL_AREA_STYLE('',(#270));
#233=FILL_AREA_STYLE('',(#271));
#234=FILL_AREA_STYLE('',(#272));
#235=FILL_AREA_STYLE('',(#273));
#236=FILL_AREA_STYLE('',(#274));
#237=FILL_AREA_STYLE('',(#275));
#238=FILL_AREA_STYLE('',(#276));
#239=FILL_AREA_STYLE('',(#277));
#240=FILL_AREA_STYLE('',(#278));
#241=FILL_AREA_STYLE('',(#279));
#242=FILL_AREA_STYLE('',(#280));
#243=FILL_AREA_STYLE('',(#281));
#244=FILL_AREA_STYLE('',(#282));
#245=FILL_AREA_STYLE('',(#283));
#246=FILL_AREA_STYLE('',(#284));
#247=FILL_AREA_STYLE('',(#285));
#248=FILL_AREA_STYLE('',(#286));
#249=FILL_AREA_STYLE('',(#287));
#250=FILL_AREA_STYLE('',(#288));
#251=FILL_AREA_STYLE('',(#289));
#252=FILL_AREA_STYLE_COLOUR('',#290);
#253=FILL_AREA_STYLE_COLOUR('',#291);
#254=FILL_AREA_STYLE_COLOUR('',#292);
#255=FILL_AREA_STYLE_COLOUR('',#291);
#256=FILL_AREA_STYLE_COLOUR('',#292);
#257=FILL_AREA_STYLE_COLOUR('',#292);
#258=FILL_AREA_STYLE_COLOUR('',#291);
#259=FILL_AREA_STYLE_COLOUR('',#291);
#260=FILL_AREA_STYLE_COLOUR('',#291);
#261=FILL_AREA_STYLE_COLOUR('',#292);
#262=FILL_AREA_STYLE_COLOUR('',#292);
#263=FILL_AREA_STYLE_COLOUR('',#292);
#264=FILL_AREA_STYLE_COLOUR('',#292);
#265=FILL_AREA_STYLE_COLOUR('',#292);
#266=FILL_AREA_STYLE_COLOUR('',#291);
#267=FILL_AREA_STYLE_COLOUR('',#292);
#268=FILL_AREA_STYLE_COLOUR('',#290);
#269=FILL_AREA_STYLE_COLOUR('',#292);
#270=FILL_AREA_STYLE_COLOUR('',#292);
#271=FILL_AREA_STYLE_COLOUR('',#290);
#272=FILL_AREA_STYLE_COLOUR('',#292);
#273=FILL_AREA_STYLE_COLOUR('',#292);
#274=FILL_AREA_STYLE_COLOUR('',#290);
#275=FILL_AREA_STYLE_COLOUR('',#291);
#276=FILL_AREA_STYLE_COLOUR('',#292);
#277=FILL_AREA_STYLE_COLOUR('',#291);
#278=FILL_AREA_STYLE_COLOUR('',#291);
#279=FILL_AREA_STYLE_COLOUR('',#292);
#280=FILL_AREA_STYLE_COLOUR('',#292);
#281=FILL_AREA_STYLE_COLOUR('',#291);
#282=FILL_AREA_STYLE_COLOUR('',#292);
#283=FILL_AREA_STYLE_COLOUR('',#292);
#284=FILL_AREA_STYLE_COLOUR('',#292);
#285=FILL_AREA_STYLE_COLOUR('',#291);
#286=FILL_AREA_STYLE_COLOUR('',#291);
#287=FILL_AREA_STYLE_COLOUR('',#290);
#288=FILL_AREA_STYLE_COLOUR('',#292);
#289=FILL_AREA_STYLE_COLOUR('',#291);
#290=COLOUR_RGB('medium steel',0.596078431372549,0.666666666666667,0.686274509803922);
#291=COLOUR_RGB('strong pink',0.933333333333333,0.584313725490196,0.741176470588235);
#292=COLOUR_RGB('medium royal',0.2,0.4,0.8);
#293=MANIFOLD_SOLID_BREP('',#298);
#294=MANIFOLD_SOLID_BREP('',#299);
#295=MANIFOLD_SOLID_BREP('',#300);
#296=MANIFOLD_SOLID_BREP('',#301);
#297=MANIFOLD_SOLID_BREP('',#302);
#298=CLOSED_SHELL('',(#474,#475,#476,#477,#478,#479,#480,#481,#482,#483,
#484,#485,#486,#487,#488,#489,#490,#491,#492,#493,#494,#495,#496,#497,#498,
#499,#500,#501));
#299=CLOSED_SHELL('',(#502,#503,#504,#505));
#300=CLOSED_SHELL('',(#506,#507,#508,#509));
#301=CLOSED_SHELL('',(#510,#511,#512,#513,#514,#515,#516,#517,#518,#519,
#520,#521,#522,#523,#524,#525,#526,#527,#528,#529,#530,#531,#532,#533,#534,
#535,#536,#537,#538,#539,#540,#541,#542));
#302=CLOSED_SHELL('',(#543,#544,#545,#546,#547,#548,#549,#550,#551,#552,
#553,#554,#555,#556));
#303=VERTEX_LOOP('',#1258);
#304=PLANE('',#1701);
#305=PLANE('',#1714);
#306=PLANE('',#1721);
#307=PLANE('',#1722);
#308=PLANE('',#1723);
#309=PLANE('',#1728);
#310=PLANE('',#1732);
#311=PLANE('',#1746);
#312=PLANE('',#1768);
#313=PLANE('',#1769);
#314=PLANE('',#1774);
#315=PLANE('',#1775);
#316=PLANE('',#1776);
#317=PLANE('',#1782);
#318=PLANE('',#1783);
#319=PLANE('',#1784);
#320=PLANE('',#1787);
#321=PLANE('',#1790);
#322=PLANE('',#1791);
#323=PLANE('',#1792);
#324=PLANE('',#1793);
#325=PLANE('',#1802);
#326=PLANE('',#1803);
#327=PLANE('',#1809);
#328=PLANE('',#1813);
#329=PLANE('',#1814);
#330=PLANE('',#1815);
#331=PLANE('',#1819);
#332=ELLIPSE('',#1699,4.21302212305872,3.5);
#333=ELLIPSE('',#1700,4.21302212305872,3.5);
#334=ELLIPSE('',#1745,4.21302212305872,3.5);
#335=ELLIPSE('',#1754,6.58201508343048,3.16663853317878);
#336=ELLIPSE('',#1759,4.21302212305872,3.5);
#337=ELLIPSE('',#1762,28.0748996741868,19.4683800146304);
#338=ELLIPSE('',#1764,17.114972427462,11.8682806002727);
#339=CONICAL_SURFACE('',#1693,10.8390950420164,41.4822894569321);
#340=CONICAL_SURFACE('',#1696,12.4076702234399,34.01741361466);
#341=CONICAL_SURFACE('',#1698,6.50096024900565,56.1766370569855);
#342=CONICAL_SURFACE('',#1704,13.0064280515746,31.2856074132056);
#343=CONICAL_SURFACE('',#1708,13.0982202000044,21.5087082515236);
#344=CONICAL_SURFACE('',#1730,12.4076702234399,34.01741361466);
#345=CONICAL_SURFACE('',#1731,10.8390950420164,41.4822894569321);
#346=CONICAL_SURFACE('',#1734,10.8390950420164,41.4822894569321);
#347=CONICAL_SURFACE('',#1735,12.4076702234399,34.01741361466);
#348=CONICAL_SURFACE('',#1742,6.50096024900565,56.1766370569855);
#349=CONICAL_SURFACE('',#1756,6.65201770151248,50.5839644347205);
#350=CONICAL_SURFACE('',#1758,6.50096024900565,56.1766370569855);
#351=CONICAL_SURFACE('',#1763,9.93037228468044,39.4160355652795);
#352=CONICAL_SURFACE('',#1765,6.96593837279441,39.4160355652795);
#353=(
BOUNDED_SURFACE()
B_SPLINE_SURFACE(3,3,((#2372,#2373,#2374,#2375,#2376,#2377,#2378),(#2379,
#2380,#2381,#2382,#2383,#2384,#2385),(#2386,#2387,#2388,#2389,#2390,#2391,
#2392),(#2393,#2394,#2395,#2396,#2397,#2398,#2399)),.UNSPECIFIED.,.F.,.F.,
 .F.)
B_SPLINE_SURFACE_WITH_KNOTS((4,4),(4,3,4),(0.,1.),(0.,0.5,1.),
 .UNSPECIFIED.)
GEOMETRIC_REPRESENTATION_ITEM()
RATIONAL_B_SPLINE_SURFACE(((1.,0.390311264366574,0.390311264366574,1.,0.390311264366574,
0.390311264366574,1.),(0.996494513709844,0.388943033580444,0.388943033580444,
0.996494513709844,0.388943033580444,0.388943033580444,0.996494513709844),
(0.996494513709844,0.388943033580444,0.388943033580444,0.996494513709844,
0.388943033580444,0.388943033580444,0.996494513709844),(1.,0.390311264366574,
0.390311264366574,1.,0.390311264366574,0.390311264366574,1.)))
REPRESENTATION_ITEM('')
SURFACE()
);
#354=(
BOUNDED_SURFACE()
B_SPLINE_SURFACE(3,3,((#2442,#2443,#2444,#2445,#2446,#2447,#2448),(#2449,
#2450,#2451,#2452,#2453,#2454,#2455),(#2456,#2457,#2458,#2459,#2460,#2461,
#2462),(#2463,#2464,#2465,#2466,#2467,#2468,#2469)),.UNSPECIFIED.,.F.,.T.,
 .F.)
B_SPLINE_SURFACE_WITH_KNOTS((4,4),(1,3,3,3,1),(0.,1.),(-0.5,0.,0.5,1.,1.5),
 .UNSPECIFIED.)
GEOMETRIC_REPRESENTATION_ITEM()
RATIONAL_B_SPLINE_SURFACE(((1.,0.333333333333333,0.333333333333333,1.,0.333333333333333,
0.333333333333333,1.),(0.999242380788204,0.333080793596068,0.333080793596068,
0.999242380788204,0.333080793596068,0.333080793596068,0.999242380788204),
(0.999242380788204,0.333080793596068,0.333080793596068,0.999242380788204,
0.333080793596068,0.333080793596068,0.999242380788204),(1.,0.333333333333333,
0.333333333333333,1.,0.333333333333333,0.333333333333333,1.)))
REPRESENTATION_ITEM('')
SURFACE()
);
#355=(
BOUNDED_SURFACE()
B_SPLINE_SURFACE(3,3,((#2530,#2531,#2532,#2533,#2534,#2535,#2536),(#2537,
#2538,#2539,#2540,#2541,#2542,#2543),(#2544,#2545,#2546,#2547,#2548,#2549,
#2550),(#2551,#2552,#2553,#2554,#2555,#2556,#2557)),.UNSPECIFIED.,.F.,.T.,
 .F.)
B_SPLINE_SURFACE_WITH_KNOTS((4,4),(1,3,3,3,1),(0.,1.),(-0.5,0.,0.5,1.,1.5),
 .UNSPECIFIED.)
GEOMETRIC_REPRESENTATION_ITEM()
RATIONAL_B_SPLINE_SURFACE(((1.,0.333333333333333,0.333333333333333,1.,0.333333333333333,
0.333333333333333,1.),(0.997044746487943,0.332348248829314,0.332348248829314,
0.997044746487943,0.332348248829314,0.332348248829314,0.997044746487943),
(0.997044746487943,0.332348248829314,0.332348248829314,0.997044746487943,
0.332348248829314,0.332348248829314,0.997044746487943),(1.,0.333333333333333,
0.333333333333333,1.,0.333333333333333,0.333333333333333,1.)))
REPRESENTATION_ITEM('')
SURFACE()
);
#356=(
BOUNDED_SURFACE()
B_SPLINE_SURFACE(3,3,((#2589,#2590,#2591,#2592,#2593,#2594,#2595),(#2596,
#2597,#2598,#2599,#2600,#2601,#2602),(#2603,#2604,#2605,#2606,#2607,#2608,
#2609),(#2610,#2611,#2612,#2613,#2614,#2615,#2616)),.UNSPECIFIED.,.F.,.T.,
 .F.)
B_SPLINE_SURFACE_WITH_KNOTS((4,4),(1,3,3,3,1),(0.,1.),(-0.5,0.,0.5,1.,1.5),
 .UNSPECIFIED.)
GEOMETRIC_REPRESENTATION_ITEM()
RATIONAL_B_SPLINE_SURFACE(((1.,0.333333333333333,0.333333333333333,1.,0.333333333333333,
0.333333333333333,1.),(0.99568587115792,0.331895290385973,0.331895290385973,
0.99568587115792,0.331895290385973,0.331895290385973,0.99568587115792),
(0.99568587115792,0.331895290385973,0.331895290385973,0.99568587115792,
0.331895290385973,0.331895290385973,0.99568587115792),(1.,0.333333333333333,
0.333333333333333,1.,0.333333333333333,0.333333333333333,1.)))
REPRESENTATION_ITEM('')
SURFACE()
);
#357=(
BOUNDED_SURFACE()
B_SPLINE_SURFACE(3,3,((#2750,#2751,#2752,#2753),(#2754,#2755,#2756,#2757),
(#2758,#2759,#2760,#2761),(#2762,#2763,#2764,#2765)),.UNSPECIFIED.,.F.,
 .F.,.F.)
B_SPLINE_SURFACE_WITH_KNOTS((4,4),(4,4),(0.,1.),(0.,1.),.UNSPECIFIED.)
GEOMETRIC_REPRESENTATION_ITEM()
RATIONAL_B_SPLINE_SURFACE(((1.,0.894574929462591,0.894574929462591,1.),
(0.999680129354847,0.894288781202766,0.894288781202766,0.999680129354847),
(0.999680129354847,0.894288781202766,0.894288781202766,0.999680129354847),
(1.,0.894574929462591,0.894574929462591,1.)))
REPRESENTATION_ITEM('')
SURFACE()
);
#358=(
BOUNDED_SURFACE()
B_SPLINE_SURFACE(3,3,((#2861,#2862,#2863,#2864),(#2865,#2866,#2867,#2868),
(#2869,#2870,#2871,#2872),(#2873,#2874,#2875,#2876)),.UNSPECIFIED.,.F.,
 .F.,.F.)
B_SPLINE_SURFACE_WITH_KNOTS((4,4),(4,4),(0.,1.),(0.,1.),.UNSPECIFIED.)
GEOMETRIC_REPRESENTATION_ITEM()
RATIONAL_B_SPLINE_SURFACE(((1.,0.333333333333333,0.333333333333333,1.),
(0.918651112289654,0.306217037429885,0.306217037429885,0.918651112289654),
(0.918651112289654,0.306217037429885,0.306217037429885,0.918651112289654),
(1.,0.333333333333333,0.333333333333333,1.)))
REPRESENTATION_ITEM('')
SURFACE()
);
#359=(
BOUNDED_SURFACE()
B_SPLINE_SURFACE(3,2,((#2911,#2912,#2913),(#2914,#2915,#2916),(#2917,#2918,
#2919),(#2920,#2921,#2922)),.UNSPECIFIED.,.F.,.F.,.F.)
B_SPLINE_SURFACE_WITH_KNOTS((4,4),(3,3),(0.,1.),(0.,1.),.UNSPECIFIED.)
GEOMETRIC_REPRESENTATION_ITEM()
RATIONAL_B_SPLINE_SURFACE(((1.,0.766408108838373,1.),(1.,0.767802059423903,
1.),(1.,0.769292636805533,1.),(1.,0.770902891406956,1.)))
REPRESENTATION_ITEM('')
SURFACE()
);
#360=(
BOUNDED_SURFACE()
B_SPLINE_SURFACE(3,2,((#2960,#2961,#2962),(#2963,#2964,#2965),(#2966,#2967,
#2968),(#2969,#2970,#2971)),.UNSPECIFIED.,.F.,.F.,.F.)
B_SPLINE_SURFACE_WITH_KNOTS((4,4),(3,3),(0.,1.),(0.,1.),.UNSPECIFIED.)
GEOMETRIC_REPRESENTATION_ITEM()
RATIONAL_B_SPLINE_SURFACE(((1.,0.647149358288765,1.),(1.,0.645774687399471,
1.),(1.,0.644306724137943,1.),(1.,0.642723567393745,1.)))
REPRESENTATION_ITEM('')
SURFACE()
);
#361=(
BOUNDED_SURFACE()
B_SPLINE_SURFACE(3,3,((#3005,#3006,#3007,#3008),(#3009,#3010,#3011,#3012),
(#3013,#3014,#3015,#3016),(#3017,#3018,#3019,#3020)),.UNSPECIFIED.,.F.,
 .F.,.F.)
B_SPLINE_SURFACE_WITH_KNOTS((4,4),(4,4),(0.,1.),(0.,1.),.UNSPECIFIED.)
GEOMETRIC_REPRESENTATION_ITEM()
RATIONAL_B_SPLINE_SURFACE(((1.,0.89457492946259,0.89457492946259,1.),(0.999682786943583,
0.894291158615021,0.894291158615021,0.999682786943583),(0.999682786943583,
0.894291158615021,0.894291158615021,0.999682786943583),(1.,0.89457492946259,
0.89457492946259,1.)))
REPRESENTATION_ITEM('')
SURFACE()
);
#362=(
BOUNDED_SURFACE()
B_SPLINE_SURFACE(3,3,((#3196,#3197,#3198,#3199),(#3200,#3201,#3202,#3203),
(#3204,#3205,#3206,#3207),(#3208,#3209,#3210,#3211)),.UNSPECIFIED.,.F.,
 .F.,.F.)
B_SPLINE_SURFACE_WITH_KNOTS((4,4),(4,4),(0.,1.),(0.,1.),.UNSPECIFIED.)
GEOMETRIC_REPRESENTATION_ITEM()
RATIONAL_B_SPLINE_SURFACE(((1.,0.333333333333333,0.333333333333333,1.),
(0.999737292699821,0.333245764233274,0.333245764233274,0.999737292699821),
(0.999737292699821,0.333245764233274,0.333245764233274,0.999737292699821),
(1.,0.333333333333333,0.333333333333333,1.)))
REPRESENTATION_ITEM('')
SURFACE()
);
#363=(
BOUNDED_SURFACE()
B_SPLINE_SURFACE(3,3,((#3368,#3369,#3370,#3371),(#3372,#3373,#3374,#3375),
(#3376,#3377,#3378,#3379),(#3380,#3381,#3382,#3383)),.UNSPECIFIED.,.F.,
 .F.,.F.)
B_SPLINE_SURFACE_WITH_KNOTS((4,4),(4,4),(0.,1.),(0.,1.),.UNSPECIFIED.)
GEOMETRIC_REPRESENTATION_ITEM()
RATIONAL_B_SPLINE_SURFACE(((1.,0.333333333333333,0.333333333333333,1.),
(0.918651112289654,0.306217037429884,0.306217037429884,0.918651112289654),
(0.918651112289654,0.306217037429884,0.306217037429884,0.918651112289654),
(1.,0.333333333333333,0.333333333333333,1.)))
REPRESENTATION_ITEM('')
SURFACE()
);
#364=SURFACE_OF_REVOLUTION('',#413,#370);
#365=SURFACE_OF_REVOLUTION('',#423,#371);
#366=SURFACE_OF_REVOLUTION('',#424,#372);
#367=SURFACE_OF_REVOLUTION('',#432,#373);
#368=SURFACE_OF_REVOLUTION('',#438,#374);
#369=SURFACE_OF_REVOLUTION('',#472,#375);
#370=AXIS1_PLACEMENT('',#2337,#1852);
#371=AXIS1_PLACEMENT('',#2522,#1883);
#372=AXIS1_PLACEMENT('',#2528,#1884);
#373=AXIS1_PLACEMENT('',#2676,#1947);
#374=AXIS1_PLACEMENT('',#2723,#1956);
#375=AXIS1_PLACEMENT('',#3233,#2090);
#376=FACE_BOUND('',#654,.T.);
#377=FACE_BOUND('',#655,.T.);
#378=FACE_BOUND('',#657,.T.);
#379=FACE_BOUND('',#658,.T.);
#380=FACE_BOUND('',#659,.T.);
#381=FACE_BOUND('',#660,.T.);
#382=FACE_BOUND('',#661,.T.);
#383=FACE_BOUND('',#662,.T.);
#384=FACE_BOUND('',#667,.T.);
#385=FACE_BOUND('',#303,.T.);
#386=FACE_BOUND('',#669,.T.);
#387=FACE_BOUND('',#670,.T.);
#388=FACE_BOUND('',#673,.T.);
#389=FACE_BOUND('',#674,.T.);
#390=FACE_BOUND('',#675,.T.);
#391=FACE_BOUND('',#676,.T.);
#392=FACE_BOUND('',#679,.T.);
#393=FACE_BOUND('',#680,.T.);
#394=FACE_BOUND('',#705,.T.);
#395=FACE_BOUND('',#706,.T.);
#396=FACE_BOUND('',#734,.T.);
#397=FACE_BOUND('',#735,.T.);
#398=FACE_BOUND('',#739,.T.);
#399=FACE_BOUND('',#740,.T.);
#400=FACE_BOUND('',#741,.T.);
#401=FACE_BOUND('',#742,.T.);
#402=B_SPLINE_CURVE_WITH_KNOTS('',3,(#2208,#2209,#2210,#2211),
 .UNSPECIFIED.,.F.,.F.,(4,4),(0.,1.),.UNSPECIFIED.);
#403=B_SPLINE_CURVE_WITH_KNOTS('',3,(#2214,#2215,#2216,#2217,#2218,#2219),
 .UNSPECIFIED.,.F.,.F.,(4,2,4),(0.,0.5,1.),.UNSPECIFIED.);
#404=B_SPLINE_CURVE_WITH_KNOTS('',3,(#2221,#2222,#2223,#2224,#2225,#2226,
#2227,#2228,#2229,#2230),.UNSPECIFIED.,.F.,.F.,(4,3,3,4),(0.,0.458312661963045,
0.990700379969512,1.),.UNSPECIFIED.);
#405=B_SPLINE_CURVE_WITH_KNOTS('',3,(#2234,#2235,#2236,#2237,#2238,#2239,
#2240,#2241,#2242,#2243),.UNSPECIFIED.,.F.,.F.,(4,3,3,4),(0.,0.392621772613682,
0.885291359767005,1.),.UNSPECIFIED.);
#406=B_SPLINE_CURVE_WITH_KNOTS('',3,(#2245,#2246,#2247,#2248),
 .UNSPECIFIED.,.F.,.F.,(4,4),(0.,1.),.UNSPECIFIED.);
#407=B_SPLINE_CURVE_WITH_KNOTS('',3,(#2250,#2251,#2252,#2253),
 .UNSPECIFIED.,.F.,.F.,(4,4),(0.,1.),.UNSPECIFIED.);
#408=B_SPLINE_CURVE_WITH_KNOTS('',3,(#2255,#2256,#2257,#2258,#2259,#2260),
 .UNSPECIFIED.,.F.,.F.,(4,2,4),(0.,0.5,1.),.UNSPECIFIED.);
#409=B_SPLINE_CURVE_WITH_KNOTS('',3,(#2262,#2263,#2264,#2265,#2266,#2267,
#2268,#2269,#2270,#2271,#2272,#2273,#2274,#2275,#2276,#2277,#2278,#2279,
#2280,#2281,#2282,#2283,#2284,#2285,#2286,#2287,#2288,#2289,#2290,#2291,
#2292,#2293,#2294,#2295,#2296,#2297,#2298),.UNSPECIFIED.,.F.,.F.,(4,3,3,
3,3,3,3,3,3,3,3,3,4),(0.,0.0428201136144023,0.13418356423941,0.225596309670565,
0.317059461373572,0.408536880304014,0.500013488141237,0.564197484603406,
0.655612924678728,0.746972640241683,0.838418897751601,0.930453760260137,
1.),.UNSPECIFIED.);
#410=B_SPLINE_CURVE_WITH_KNOTS('',3,(#2300,#2301,#2302,#2303),
 .UNSPECIFIED.,.F.,.F.,(4,4),(0.,1.),.UNSPECIFIED.);
#411=B_SPLINE_CURVE_WITH_KNOTS('',3,(#2304,#2305,#2306,#2307,#2308,#2309,
#2310,#2311,#2312,#2313,#2314,#2315,#2316,#2317),.UNSPECIFIED.,.F.,.F.,
(4,2,2,2,2,2,4),(0.,0.25,0.5,0.75,0.875,0.9375,1.),.UNSPECIFIED.);
#412=B_SPLINE_CURVE_WITH_KNOTS('',3,(#2320,#2321,#2322,#2323,#2324,#2325,
#2326,#2327,#2328,#2329,#2330,#2331),.UNSPECIFIED.,.F.,.F.,(4,2,2,2,2,4),
(0.,0.25,0.5,0.75,0.875,1.),.UNSPECIFIED.);
#413=B_SPLINE_CURVE_WITH_KNOTS('',3,(#2332,#2333,#2334,#2335,#2336),
 .UNSPECIFIED.,.F.,.F.,(4,1,4),(0.,0.542305232334274,1.),.UNSPECIFIED.);
#414=B_SPLINE_CURVE_WITH_KNOTS('',3,(#2343,#2344,#2345,#2346,#2347,#2348,
#2349,#2350,#2351,#2352,#2353,#2354,#2355),.UNSPECIFIED.,.F.,.F.,(4,3,3,
3,4),(0.,0.172552305896926,0.448326971789967,0.72423641103112,1.),
 .UNSPECIFIED.);
#415=B_SPLINE_CURVE_WITH_KNOTS('',3,(#2359,#2360,#2361,#2362,#2363,#2364,
#2365,#2366,#2367,#2368,#2369,#2370,#2371),.UNSPECIFIED.,.F.,.F.,(4,3,3,
3,4),(0.,0.20868362710482,0.484990026267637,0.763638980572972,1.),
 .UNSPECIFIED.);
#416=B_SPLINE_CURVE_WITH_KNOTS('',3,(#2400,#2401,#2402,#2403,#2404,#2405,
#2406,#2407,#2408,#2409,#2410,#2411,#2412),.UNSPECIFIED.,.F.,.F.,(4,3,3,
3,4),(0.,0.18832669305876,0.459026394208553,0.729572496383341,1.),
 .UNSPECIFIED.);
#417=B_SPLINE_CURVE_WITH_KNOTS('',3,(#2413,#2414,#2415,#2416,#2417,#2418,
#2419,#2420,#2421,#2422),.UNSPECIFIED.,.F.,.F.,(4,2,2,2,4),(0.,0.25,0.5,
0.75,1.),.UNSPECIFIED.);
#418=B_SPLINE_CURVE_WITH_KNOTS('',3,(#2429,#2430,#2431,#2432,#2433,#2434,
#2435,#2436,#2437,#2438),.UNSPECIFIED.,.F.,.F.,(4,2,2,2,4),(0.,0.25,0.5,
0.75,1.),.UNSPECIFIED.);
#419=B_SPLINE_CURVE_WITH_KNOTS('',3,(#2470,#2471,#2472,#2473,#2474,#2475,
#2476,#2477,#2478,#2479),.UNSPECIFIED.,.F.,.F.,(4,2,2,2,4),(0.,0.25,0.5,
0.75,1.),.UNSPECIFIED.);
#420=B_SPLINE_CURVE_WITH_KNOTS('',3,(#2483,#2484,#2485,#2486,#2487,#2488,
#2489),.UNSPECIFIED.,.F.,.F.,(4,3,4),(0.,0.4971076706359,1.),
 .UNSPECIFIED.);
#421=B_SPLINE_CURVE_WITH_KNOTS('',3,(#2493,#2494,#2495,#2496,#2497,#2498,
#2499,#2500,#2501,#2502),.UNSPECIFIED.,.F.,.F.,(4,3,3,4),(0.,0.134159447029552,
0.653579346518338,1.),.UNSPECIFIED.);
#422=B_SPLINE_CURVE_WITH_KNOTS('',3,(#2507,#2508,#2509,#2510,#2511,#2512,
#2513,#2514,#2515,#2516),.UNSPECIFIED.,.F.,.F.,(4,2,2,2,4),(0.,0.25,0.5,
0.75,1.),.UNSPECIFIED.);
#423=B_SPLINE_CURVE_WITH_KNOTS('',3,(#2517,#2518,#2519,#2520,#2521),
 .UNSPECIFIED.,.F.,.F.,(4,1,4),(0.,0.542305232334274,1.),.UNSPECIFIED.);
#424=B_SPLINE_CURVE_WITH_KNOTS('',3,(#2523,#2524,#2525,#2526,#2527),
 .UNSPECIFIED.,.F.,.F.,(4,1,4),(0.,0.542305232334274,1.),.UNSPECIFIED.);
#425=B_SPLINE_CURVE_WITH_KNOTS('',3,(#2567,#2568,#2569,#2570,#2571,#2572,
#2573,#2574,#2575,#2576),.UNSPECIFIED.,.F.,.F.,(4,2,2,2,4),(0.,0.25,0.5,
0.75,1.),.UNSPECIFIED.);
#426=B_SPLINE_CURVE_WITH_KNOTS('',3,(#2579,#2580,#2581,#2582,#2583,#2584,
#2585,#2586,#2587,#2588),.UNSPECIFIED.,.F.,.F.,(4,2,2,2,4),(0.,0.25,0.5,
0.75,1.),.UNSPECIFIED.);
#427=B_SPLINE_CURVE_WITH_KNOTS('',3,(#2642,#2643,#2644,#2645,#2646),
 .UNSPECIFIED.,.F.,.F.,(4,1,4),(0.,0.542305232334274,1.),.UNSPECIFIED.);
#428=B_SPLINE_CURVE_WITH_KNOTS('',3,(#2649,#2650,#2651,#2652),
 .UNSPECIFIED.,.F.,.F.,(4,4),(0.,1.),.UNSPECIFIED.);
#429=B_SPLINE_CURVE_WITH_KNOTS('',3,(#2654,#2655,#2656,#2657),
 .UNSPECIFIED.,.F.,.F.,(4,4),(0.,1.),.UNSPECIFIED.);
#430=B_SPLINE_CURVE_WITH_KNOTS('',3,(#2661,#2662,#2663,#2664),
 .UNSPECIFIED.,.F.,.F.,(4,4),(0.,1.),.UNSPECIFIED.);
#431=B_SPLINE_CURVE_WITH_KNOTS('',3,(#2666,#2667,#2668,#2669),
 .UNSPECIFIED.,.F.,.F.,(4,4),(0.,1.),.UNSPECIFIED.);
#432=B_SPLINE_CURVE_WITH_KNOTS('',3,(#2671,#2672,#2673,#2674,#2675),
 .UNSPECIFIED.,.F.,.F.,(4,1,4),(0.,0.542305232334274,1.),.UNSPECIFIED.);
#433=B_SPLINE_CURVE_WITH_KNOTS('',3,(#2677,#2678,#2679,#2680),
 .UNSPECIFIED.,.F.,.F.,(4,4),(0.,1.),.UNSPECIFIED.);
#434=B_SPLINE_CURVE_WITH_KNOTS('',3,(#2683,#2684,#2685,#2686,#2687),
 .UNSPECIFIED.,.F.,.F.,(4,1,4),(0.,0.457694767665726,1.),.UNSPECIFIED.);
#435=B_SPLINE_CURVE_WITH_KNOTS('',3,(#2689,#2690,#2691,#2692),
 .UNSPECIFIED.,.F.,.F.,(4,4),(0.,1.),.UNSPECIFIED.);
#436=B_SPLINE_CURVE_WITH_KNOTS('',3,(#2696,#2697,#2698,#2699,#2700,#2701,
#2702,#2703,#2704,#2705),.UNSPECIFIED.,.F.,.F.,(4,2,2,2,4),(0.,0.25,0.5,
0.75,1.),.UNSPECIFIED.);
#437=B_SPLINE_CURVE_WITH_KNOTS('',3,(#2707,#2708,#2709,#2710,#2711,#2712,
#2713,#2714,#2715,#2716),.UNSPECIFIED.,.F.,.F.,(4,2,2,2,4),(0.,0.25,0.5,
0.75,1.),.UNSPECIFIED.);
#438=B_SPLINE_CURVE_WITH_KNOTS('',3,(#2718,#2719,#2720,#2721,#2722),
 .UNSPECIFIED.,.F.,.F.,(4,1,4),(0.,0.542305232334274,1.),.UNSPECIFIED.);
#439=B_SPLINE_CURVE_WITH_KNOTS('',3,(#2733,#2734,#2735,#2736),
 .UNSPECIFIED.,.F.,.F.,(4,4),(0.,1.),.UNSPECIFIED.);
#440=B_SPLINE_CURVE_WITH_KNOTS('',3,(#2743,#2744,#2745,#2746,#2747,#2748,
#2749),.UNSPECIFIED.,.F.,.F.,(4,3,4),(0.,0.681364598278677,1.),
 .UNSPECIFIED.);
#441=B_SPLINE_CURVE_WITH_KNOTS('',3,(#2766,#2767,#2768,#2769),
 .UNSPECIFIED.,.F.,.F.,(4,4),(0.,1.),.UNSPECIFIED.);
#442=B_SPLINE_CURVE_WITH_KNOTS('',3,(#2776,#2777,#2778,#2779,#2780,#2781,
#2782),.UNSPECIFIED.,.F.,.F.,(4,3,4),(0.,0.969028575224308,1.),
 .UNSPECIFIED.);
#443=B_SPLINE_CURVE_WITH_KNOTS('',3,(#2798,#2799,#2800,#2801,#2802,#2803,
#2804,#2805,#2806,#2807,#2808,#2809,#2810,#2811,#2812,#2813,#2814,#2815,
#2816),.UNSPECIFIED.,.F.,.F.,(4,3,3,3,3,3,4),(0.,0.196463477444623,0.392974816087567,
0.588747134610373,0.783416477722201,0.977232179582168,1.),.UNSPECIFIED.);
#444=B_SPLINE_CURVE_WITH_KNOTS('',3,(#2820,#2821,#2822,#2823,#2824,#2825,
#2826,#2827,#2828,#2829,#2830,#2831,#2832,#2833,#2834,#2835,#2836,#2837),
 .UNSPECIFIED.,.F.,.F.,(4,2,2,2,2,2,2,2,4),(0.,0.125,0.25,0.375,0.5,0.625,
0.75,0.875,1.),.UNSPECIFIED.);
#445=B_SPLINE_CURVE_WITH_KNOTS('',3,(#2841,#2842,#2843,#2844,#2845,#2846,
#2847,#2848,#2849,#2850,#2851,#2852,#2853,#2854,#2855,#2856),
 .UNSPECIFIED.,.F.,.F.,(4,3,3,3,3,4),(0.,0.240885994428971,0.481767075555047,
0.722717103589936,0.964135749522632,1.),.UNSPECIFIED.);
#446=B_SPLINE_CURVE_WITH_KNOTS('',3,(#2877,#2878,#2879,#2880,#2881,#2882,
#2883,#2884,#2885,#2886,#2887,#2888,#2889,#2890,#2891,#2892),
 .UNSPECIFIED.,.F.,.F.,(4,3,3,3,3,4),(0.,0.00903031503883633,0.257565766084158,
0.504650804572402,0.75235801333771,1.),.UNSPECIFIED.);
#447=B_SPLINE_CURVE_WITH_KNOTS('',3,(#2895,#2896,#2897,#2898),
 .UNSPECIFIED.,.F.,.F.,(4,4),(0.,1.),.UNSPECIFIED.);
#448=B_SPLINE_CURVE_WITH_KNOTS('',3,(#2900,#2901,#2902,#2903,#2904,#2905,
#2906),.UNSPECIFIED.,.F.,.F.,(4,3,4),(0.,0.225008692302386,1.),
 .UNSPECIFIED.);
#449=B_SPLINE_CURVE_WITH_KNOTS('',3,(#2907,#2908,#2909,#2910),
 .UNSPECIFIED.,.F.,.F.,(4,4),(0.,1.),.UNSPECIFIED.);
#450=B_SPLINE_CURVE_WITH_KNOTS('',3,(#2923,#2924,#2925,#2926),
 .UNSPECIFIED.,.F.,.F.,(4,4),(0.,1.),.UNSPECIFIED.);
#451=B_SPLINE_CURVE_WITH_KNOTS('',3,(#2928,#2929,#2930,#2931),
 .UNSPECIFIED.,.F.,.F.,(4,4),(0.,1.),.UNSPECIFIED.);
#452=B_SPLINE_CURVE_WITH_KNOTS('',3,(#2933,#2934,#2935,#2936,#2937,#2938,
#2939,#2940,#2941,#2942,#2943,#2944,#2945,#2946,#2947,#2948,#2949,#2950,
#2951),.UNSPECIFIED.,.F.,.F.,(4,3,3,3,3,3,4),(0.,0.0381574350539014,0.233253304437739,
0.428571135855061,0.624566424706151,0.820763363658074,1.),.UNSPECIFIED.);
#453=B_SPLINE_CURVE_WITH_KNOTS('',3,(#2953,#2954,#2955,#2956,#2957,#2958,
#2959),.UNSPECIFIED.,.F.,.F.,(4,3,4),(0.,0.779136537838738,1.),
 .UNSPECIFIED.);
#454=B_SPLINE_CURVE_WITH_KNOTS('',3,(#2976,#2977,#2978,#2979,#2980,#2981),
 .UNSPECIFIED.,.F.,.F.,(4,2,4),(0.,0.5,1.),.UNSPECIFIED.);
#455=B_SPLINE_CURVE_WITH_KNOTS('',3,(#2984,#2985,#2986,#2987),
 .UNSPECIFIED.,.F.,.F.,(4,4),(0.,1.),.UNSPECIFIED.);
#456=B_SPLINE_CURVE_WITH_KNOTS('',3,(#2991,#2992,#2993,#2994,#2995,#2996),
 .UNSPECIFIED.,.F.,.F.,(4,2,4),(0.,0.5,1.),.UNSPECIFIED.);
#457=B_SPLINE_CURVE_WITH_KNOTS('',3,(#2998,#2999,#3000,#3001,#3002,#3003,
#3004),.UNSPECIFIED.,.F.,.F.,(4,3,4),(0.,0.138225795167902,1.),
 .UNSPECIFIED.);
#458=B_SPLINE_CURVE_WITH_KNOTS('',3,(#3023,#3024,#3025,#3026,#3027,#3028),
 .UNSPECIFIED.,.F.,.F.,(4,2,4),(0.,0.5,1.),.UNSPECIFIED.);
#459=B_SPLINE_CURVE_WITH_KNOTS('',3,(#3030,#3031,#3032,#3033),
 .UNSPECIFIED.,.F.,.F.,(4,4),(0.,1.),.UNSPECIFIED.);
#460=B_SPLINE_CURVE_WITH_KNOTS('',3,(#3035,#3036,#3037,#3038,#3039,#3040,
#3041,#3042,#3043,#3044),.UNSPECIFIED.,.F.,.F.,(4,3,3,4),(0.,0.00929962003048791,
0.541687338036955,1.),.UNSPECIFIED.);
#461=B_SPLINE_CURVE_WITH_KNOTS('',3,(#3048,#3049,#3050,#3051),
 .UNSPECIFIED.,.F.,.F.,(4,4),(0.,1.),.UNSPECIFIED.);
#462=B_SPLINE_CURVE_WITH_KNOTS('',3,(#3052,#3053,#3054,#3055,#3056,#3057,
#3058,#3059,#3060,#3061),.UNSPECIFIED.,.F.,.F.,(4,3,3,4),(0.,0.114708640232995,
0.607378227386318,1.),.UNSPECIFIED.);
#463=B_SPLINE_CURVE_WITH_KNOTS('',3,(#3062,#3063,#3064,#3065,#3066,#3067,
#3068,#3069,#3070,#3071,#3072,#3073,#3074,#3075,#3076,#3077,#3078,#3079,
#3080,#3081,#3082,#3083,#3084,#3085,#3086,#3087,#3088,#3089,#3090,#3091,
#3092,#3093,#3094,#3095,#3096,#3097,#3098),.UNSPECIFIED.,.F.,.F.,(4,3,3,
3,3,3,3,3,3,3,3,3,4),(0.,0.0695462397398634,0.161581102248399,0.253027359758317,
0.344387075321272,0.435802515396594,0.499986511858763,0.591463119695986,
0.682940538626428,0.774403690329435,0.86581643576059,0.957179886385598,
1.),.UNSPECIFIED.);
#464=B_SPLINE_CURVE_WITH_KNOTS('',3,(#3099,#3100,#3101,#3102),
 .UNSPECIFIED.,.F.,.F.,(4,4),(0.,1.),.UNSPECIFIED.);
#465=B_SPLINE_CURVE_WITH_KNOTS('',3,(#3108,#3109,#3110,#3111),
 .UNSPECIFIED.,.F.,.F.,(4,4),(0.,1.),.UNSPECIFIED.);
#466=B_SPLINE_CURVE_WITH_KNOTS('',3,(#3113,#3114,#3115,#3116),
 .UNSPECIFIED.,.F.,.F.,(4,4),(0.,1.),.UNSPECIFIED.);
#467=B_SPLINE_CURVE_WITH_KNOTS('',3,(#3182,#3183,#3184,#3185,#3186,#3187,
#3188,#3189,#3190,#3191,#3192,#3193),.UNSPECIFIED.,.F.,.F.,(4,2,2,2,2,4),
(0.,0.125,0.25,0.5,0.75,1.),.UNSPECIFIED.);
#468=B_SPLINE_CURVE_WITH_KNOTS('',3,(#3212,#3213,#3214,#3215),
 .UNSPECIFIED.,.F.,.F.,(4,4),(0.,1.),.UNSPECIFIED.);
#469=B_SPLINE_CURVE_WITH_KNOTS('',3,(#3216,#3217,#3218,#3219),
 .UNSPECIFIED.,.F.,.F.,(4,4),(0.,1.),.UNSPECIFIED.);
#470=B_SPLINE_CURVE_WITH_KNOTS('',3,(#3220,#3221,#3222,#3223),
 .UNSPECIFIED.,.F.,.F.,(4,4),(0.,1.),.UNSPECIFIED.);
#471=B_SPLINE_CURVE_WITH_KNOTS('',3,(#3224,#3225,#3226,#3227),
 .UNSPECIFIED.,.F.,.F.,(4,4),(0.,1.),.UNSPECIFIED.);
#472=B_SPLINE_CURVE_WITH_KNOTS('',3,(#3228,#3229,#3230,#3231,#3232),
 .UNSPECIFIED.,.F.,.F.,(4,1,4),(0.,0.542305232334274,1.),.UNSPECIFIED.);
#473=B_SPLINE_CURVE_WITH_KNOTS('',3,(#3309,#3310,#3311,#3312,#3313,#3314,
#3315,#3316,#3317,#3318,#3319,#3320,#3321,#3322,#3323,#3324,#3325,#3326,
#3327,#3328,#3329,#3330,#3331,#3332,#3333,#3334,#3335,#3336,#3337,#3338,
#3339,#3340,#3341,#3342,#3343,#3344,#3345,#3346,#3347,#3348,#3349,#3350,
#3351,#3352,#3353,#3354,#3355,#3356,#3357,#3358,#3359,#3360,#3361,#3362,
#3363,#3364,#3365,#3366),.UNSPECIFIED.,.T.,.F.,(1,3,3,3,3,3,3,3,3,3,3,3,
3,3,3,3,3,3,3,3,3,1),(-0.0372538984729449,0.,0.0603305127147509,0.12082188271164,
0.18159988441456,0.240442708033687,0.296035459137737,0.348174544268853,
0.397720304377858,0.446150378803569,0.49505508837423,0.545803483590623,
0.599339625226012,0.656011113748312,0.715417883153655,0.776324720640772,
0.83651117828478,0.875303655811192,0.91428189243057,0.962746101527055,1.,
1.06033051271475),.UNSPECIFIED.);
#474=ADVANCED_FACE('',(#581),#557,.T.);
#475=ADVANCED_FACE('',(#582),#558,.T.);
#476=ADVANCED_FACE('',(#583),#559,.T.);
#477=ADVANCED_FACE('',(#376,#377),#364,.F.);
#478=ADVANCED_FACE('',(#584),#353,.T.);
#479=ADVANCED_FACE('',(#378,#379),#339,.T.);
#480=ADVANCED_FACE('',(#380,#381),#354,.T.);
#481=ADVANCED_FACE('',(#382,#383),#340,.T.);
#482=ADVANCED_FACE('',(#585),#341,.T.);
#483=ADVANCED_FACE('',(#586),#304,.F.);
#484=ADVANCED_FACE('',(#587),#365,.F.);
#485=ADVANCED_FACE('',(#588),#366,.F.);
#486=ADVANCED_FACE('',(#384,#385),#355,.T.);
#487=ADVANCED_FACE('',(#589),#560,.T.);
#488=ADVANCED_FACE('',(#386,#387),#342,.T.);
#489=ADVANCED_FACE('',(#590),#561,.T.);
#490=ADVANCED_FACE('',(#591),#562,.T.);
#491=ADVANCED_FACE('',(#388,#389),#343,.T.);
#492=ADVANCED_FACE('',(#390,#391),#356,.T.);
#493=ADVANCED_FACE('',(#592),#305,.F.);
#494=ADVANCED_FACE('',(#593),#563,.T.);
#495=ADVANCED_FACE('',(#392,#393),#306,.T.);
#496=ADVANCED_FACE('',(#594),#307,.T.);
#497=ADVANCED_FACE('',(#595),#308,.T.);
#498=ADVANCED_FACE('',(#596),#564,.F.);
#499=ADVANCED_FACE('',(#597),#565,.F.);
#500=ADVANCED_FACE('',(#598),#566,.F.);
#501=ADVANCED_FACE('',(#599),#567,.F.);
#502=ADVANCED_FACE('',(#600),#309,.T.);
#503=ADVANCED_FACE('',(#601),#344,.T.);
#504=ADVANCED_FACE('',(#602),#345,.T.);
#505=ADVANCED_FACE('',(#603),#367,.T.);
#506=ADVANCED_FACE('',(#604),#310,.F.);
#507=ADVANCED_FACE('',(#605),#346,.T.);
#508=ADVANCED_FACE('',(#606),#347,.T.);
#509=ADVANCED_FACE('',(#607),#368,.T.);
#510=ADVANCED_FACE('',(#608),#568,.F.);
#511=ADVANCED_FACE('',(#609),#357,.T.);
#512=ADVANCED_FACE('',(#610),#348,.T.);
#513=ADVANCED_FACE('',(#611),#311,.F.);
#514=ADVANCED_FACE('',(#612),#358,.T.);
#515=ADVANCED_FACE('',(#613),#359,.T.);
#516=ADVANCED_FACE('',(#614),#360,.T.);
#517=ADVANCED_FACE('',(#615),#349,.F.);
#518=ADVANCED_FACE('',(#616),#361,.T.);
#519=ADVANCED_FACE('',(#617),#350,.T.);
#520=ADVANCED_FACE('',(#394,#395),#569,.T.);
#521=ADVANCED_FACE('',(#618),#351,.T.);
#522=ADVANCED_FACE('',(#619),#352,.F.);
#523=ADVANCED_FACE('',(#620),#570,.T.);
#524=ADVANCED_FACE('',(#621),#312,.F.);
#525=ADVANCED_FACE('',(#622),#313,.F.);
#526=ADVANCED_FACE('',(#623),#314,.F.);
#527=ADVANCED_FACE('',(#624),#315,.T.);
#528=ADVANCED_FACE('',(#625),#316,.F.);
#529=ADVANCED_FACE('',(#626),#571,.F.);
#530=ADVANCED_FACE('',(#627),#317,.T.);
#531=ADVANCED_FACE('',(#628),#318,.T.);
#532=ADVANCED_FACE('',(#629),#319,.F.);
#533=ADVANCED_FACE('',(#630),#320,.F.);
#534=ADVANCED_FACE('',(#631),#362,.T.);
#535=ADVANCED_FACE('',(#632),#369,.T.);
#536=ADVANCED_FACE('',(#633),#321,.F.);
#537=ADVANCED_FACE('',(#634),#322,.F.);
#538=ADVANCED_FACE('',(#635),#323,.F.);
#539=ADVANCED_FACE('',(#636),#324,.F.);
#540=ADVANCED_FACE('',(#637),#572,.F.);
#541=ADVANCED_FACE('',(#638),#573,.F.);
#542=ADVANCED_FACE('',(#639),#574,.F.);
#543=ADVANCED_FACE('',(#640),#575,.F.);
#544=ADVANCED_FACE('',(#641),#325,.T.);
#545=ADVANCED_FACE('',(#642),#326,.F.);
#546=ADVANCED_FACE('',(#643),#327,.T.);
#547=ADVANCED_FACE('',(#644),#576,.F.);
#548=ADVANCED_FACE('',(#396,#397),#328,.F.);
#549=ADVANCED_FACE('',(#645),#329,.F.);
#550=ADVANCED_FACE('',(#646),#330,.T.);
#551=ADVANCED_FACE('',(#647),#331,.F.);
#552=ADVANCED_FACE('',(#398,#399),#363,.T.);
#553=ADVANCED_FACE('',(#400,#401),#577,.F.);
#554=ADVANCED_FACE('',(#648),#578,.F.);
#555=ADVANCED_FACE('',(#649),#579,.F.);
#556=ADVANCED_FACE('',(#650),#580,.F.);
#557=CYLINDRICAL_SURFACE('',#1680,15.7938264758647);
#558=CYLINDRICAL_SURFACE('',#1683,15.7938264758647);
#559=CYLINDRICAL_SURFACE('',#1686,15.7938264758647);
#560=CYLINDRICAL_SURFACE('',#1702,3.5);
#561=CYLINDRICAL_SURFACE('',#1705,3.5);
#562=CYLINDRICAL_SURFACE('',#1706,3.5);
#563=CYLINDRICAL_SURFACE('',#1716,15.7938264758647);
#564=CYLINDRICAL_SURFACE('',#1724,0.25);
#565=CYLINDRICAL_SURFACE('',#1725,0.25);
#566=CYLINDRICAL_SURFACE('',#1726,0.25);
#567=CYLINDRICAL_SURFACE('',#1727,0.25);
#568=CYLINDRICAL_SURFACE('',#1738,15.7938264758647);
#569=CYLINDRICAL_SURFACE('',#1761,3.5);
#570=CYLINDRICAL_SURFACE('',#1767,4.5);
#571=CYLINDRICAL_SURFACE('',#1778,15.7938264758647);
#572=CYLINDRICAL_SURFACE('',#1794,0.25);
#573=CYLINDRICAL_SURFACE('',#1795,0.25);
#574=CYLINDRICAL_SURFACE('',#1796,0.25);
#575=CYLINDRICAL_SURFACE('',#1799,15.7938264758647);
#576=CYLINDRICAL_SURFACE('',#1811,15.7938264758647);
#577=CYLINDRICAL_SURFACE('',#1820,1.75);
#578=CYLINDRICAL_SURFACE('',#1821,0.25);
#579=CYLINDRICAL_SURFACE('',#1822,0.25);
#580=CYLINDRICAL_SURFACE('',#1823,0.25);
#581=FACE_OUTER_BOUND('',#651,.T.);
#582=FACE_OUTER_BOUND('',#652,.T.);
#583=FACE_OUTER_BOUND('',#653,.T.);
#584=FACE_OUTER_BOUND('',#656,.T.);
#585=FACE_OUTER_BOUND('',#663,.T.);
#586=FACE_OUTER_BOUND('',#664,.T.);
#587=FACE_OUTER_BOUND('',#665,.T.);
#588=FACE_OUTER_BOUND('',#666,.T.);
#589=FACE_OUTER_BOUND('',#668,.T.);
#590=FACE_OUTER_BOUND('',#671,.T.);
#591=FACE_OUTER_BOUND('',#672,.T.);
#592=FACE_OUTER_BOUND('',#677,.T.);
#593=FACE_OUTER_BOUND('',#678,.T.);
#594=FACE_OUTER_BOUND('',#681,.T.);
#595=FACE_OUTER_BOUND('',#682,.T.);
#596=FACE_OUTER_BOUND('',#683,.T.);
#597=FACE_OUTER_BOUND('',#684,.T.);
#598=FACE_OUTER_BOUND('',#685,.T.);
#599=FACE_OUTER_BOUND('',#686,.T.);
#600=FACE_OUTER_BOUND('',#687,.T.);
#601=FACE_OUTER_BOUND('',#688,.T.);
#602=FACE_OUTER_BOUND('',#689,.T.);
#603=FACE_OUTER_BOUND('',#690,.T.);
#604=FACE_OUTER_BOUND('',#691,.T.);
#605=FACE_OUTER_BOUND('',#692,.T.);
#606=FACE_OUTER_BOUND('',#693,.T.);
#607=FACE_OUTER_BOUND('',#694,.T.);
#608=FACE_OUTER_BOUND('',#695,.T.);
#609=FACE_OUTER_BOUND('',#696,.T.);
#610=FACE_OUTER_BOUND('',#697,.T.);
#611=FACE_OUTER_BOUND('',#698,.T.);
#612=FACE_OUTER_BOUND('',#699,.T.);
#613=FACE_OUTER_BOUND('',#700,.T.);
#614=FACE_OUTER_BOUND('',#701,.T.);
#615=FACE_OUTER_BOUND('',#702,.T.);
#616=FACE_OUTER_BOUND('',#703,.T.);
#617=FACE_OUTER_BOUND('',#704,.T.);
#618=FACE_OUTER_BOUND('',#707,.T.);
#619=FACE_OUTER_BOUND('',#708,.T.);
#620=FACE_OUTER_BOUND('',#709,.T.);
#621=FACE_OUTER_BOUND('',#710,.T.);
#622=FACE_OUTER_BOUND('',#711,.T.);
#623=FACE_OUTER_BOUND('',#712,.T.);
#624=FACE_OUTER_BOUND('',#713,.T.);
#625=FACE_OUTER_BOUND('',#714,.T.);
#626=FACE_OUTER_BOUND('',#715,.T.);
#627=FACE_OUTER_BOUND('',#716,.T.);
#628=FACE_OUTER_BOUND('',#717,.T.);
#629=FACE_OUTER_BOUND('',#718,.T.);
#630=FACE_OUTER_BOUND('',#719,.T.);
#631=FACE_OUTER_BOUND('',#720,.T.);
#632=FACE_OUTER_BOUND('',#721,.T.);
#633=FACE_OUTER_BOUND('',#722,.T.);
#634=FACE_OUTER_BOUND('',#723,.T.);
#635=FACE_OUTER_BOUND('',#724,.T.);
#636=FACE_OUTER_BOUND('',#725,.T.);
#637=FACE_OUTER_BOUND('',#726,.T.);
#638=FACE_OUTER_BOUND('',#727,.T.);
#639=FACE_OUTER_BOUND('',#728,.T.);
#640=FACE_OUTER_BOUND('',#729,.T.);
#641=FACE_OUTER_BOUND('',#730,.T.);
#642=FACE_OUTER_BOUND('',#731,.T.);
#643=FACE_OUTER_BOUND('',#732,.T.);
#644=FACE_OUTER_BOUND('',#733,.T.);
#645=FACE_OUTER_BOUND('',#736,.T.);
#646=FACE_OUTER_BOUND('',#737,.T.);
#647=FACE_OUTER_BOUND('',#738,.T.);
#648=FACE_OUTER_BOUND('',#743,.T.);
#649=FACE_OUTER_BOUND('',#744,.T.);
#650=FACE_OUTER_BOUND('',#745,.T.);
#651=EDGE_LOOP('',(#819,#820,#821,#822));
#652=EDGE_LOOP('',(#823,#824,#825,#826));
#653=EDGE_LOOP('',(#827,#828,#829,#830));
#654=EDGE_LOOP('',(#831,#832,#833,#834,#835,#836,#837,#838,#839,#840));
#655=EDGE_LOOP('',(#841,#842));
#656=EDGE_LOOP('',(#843,#844,#845,#846,#847,#848,#849,#850));
#657=EDGE_LOOP('',(#851,#852));
#658=EDGE_LOOP('',(#853,#854));
#659=EDGE_LOOP('',(#855));
#660=EDGE_LOOP('',(#856,#857));
#661=EDGE_LOOP('',(#858,#859));
#662=EDGE_LOOP('',(#860));
#663=EDGE_LOOP('',(#861,#862,#863,#864,#865,#866,#867,#868));
#664=EDGE_LOOP('',(#869,#870,#871,#872));
#665=EDGE_LOOP('',(#873,#874));
#666=EDGE_LOOP('',(#875,#876));
#667=EDGE_LOOP('',(#877,#878));
#668=EDGE_LOOP('',(#879,#880,#881,#882));
#669=EDGE_LOOP('',(#883,#884));
#670=EDGE_LOOP('',(#885));
#671=EDGE_LOOP('',(#886,#887,#888));
#672=EDGE_LOOP('',(#889,#890,#891));
#673=EDGE_LOOP('',(#892));
#674=EDGE_LOOP('',(#893));
#675=EDGE_LOOP('',(#894));
#676=EDGE_LOOP('',(#895,#896));
#677=EDGE_LOOP('',(#897,#898,#899,#900,#901,#902,#903,#904));
#678=EDGE_LOOP('',(#905,#906,#907,#908));
#679=EDGE_LOOP('',(#909,#910,#911,#912,#913,#914,#915,#916));
#680=EDGE_LOOP('',(#917,#918));
#681=EDGE_LOOP('',(#919,#920,#921));
#682=EDGE_LOOP('',(#922,#923,#924));
#683=EDGE_LOOP('',(#925,#926,#927,#928));
#684=EDGE_LOOP('',(#929,#930,#931,#932));
#685=EDGE_LOOP('',(#933,#934,#935,#936));
#686=EDGE_LOOP('',(#937,#938,#939,#940));
#687=EDGE_LOOP('',(#941,#942,#943));
#688=EDGE_LOOP('',(#944,#945,#946));
#689=EDGE_LOOP('',(#947,#948,#949));
#690=EDGE_LOOP('',(#950,#951,#952));
#691=EDGE_LOOP('',(#953,#954,#955));
#692=EDGE_LOOP('',(#956,#957,#958));
#693=EDGE_LOOP('',(#959,#960,#961));
#694=EDGE_LOOP('',(#962,#963,#964));
#695=EDGE_LOOP('',(#965,#966,#967,#968));
#696=EDGE_LOOP('',(#969,#970,#971,#972));
#697=EDGE_LOOP('',(#973,#974,#975,#976));
#698=EDGE_LOOP('',(#977,#978,#979,#980));
#699=EDGE_LOOP('',(#981,#982,#983,#984,#985,#986,#987,#988,#989));
#700=EDGE_LOOP('',(#990,#991,#992,#993,#994));
#701=EDGE_LOOP('',(#995,#996,#997,#998,#999));
#702=EDGE_LOOP('',(#1000,#1001,#1002,#1003,#1004,#1005,#1006,#1007,#1008));
#703=EDGE_LOOP('',(#1009,#1010,#1011,#1012));
#704=EDGE_LOOP('',(#1013,#1014,#1015,#1016));
#705=EDGE_LOOP('',(#1017,#1018,#1019,#1020,#1021,#1022,#1023,#1024,#1025,
#1026));
#706=EDGE_LOOP('',(#1027,#1028,#1029));
#707=EDGE_LOOP('',(#1030,#1031,#1032,#1033,#1034,#1035));
#708=EDGE_LOOP('',(#1036,#1037,#1038,#1039,#1040));
#709=EDGE_LOOP('',(#1041,#1042,#1043,#1044));
#710=EDGE_LOOP('',(#1045,#1046,#1047,#1048,#1049));
#711=EDGE_LOOP('',(#1050,#1051,#1052,#1053));
#712=EDGE_LOOP('',(#1054,#1055,#1056,#1057,#1058,#1059,#1060,#1061,#1062,
#1063));
#713=EDGE_LOOP('',(#1064,#1065,#1066,#1067));
#714=EDGE_LOOP('',(#1068,#1069,#1070,#1071));
#715=EDGE_LOOP('',(#1072,#1073,#1074,#1075));
#716=EDGE_LOOP('',(#1076,#1077,#1078,#1079,#1080,#1081,#1082,#1083));
#717=EDGE_LOOP('',(#1084,#1085,#1086,#1087,#1088,#1089,#1090,#1091,#1092,
#1093,#1094,#1095,#1096,#1097,#1098));
#718=EDGE_LOOP('',(#1099,#1100,#1101,#1102));
#719=EDGE_LOOP('',(#1103,#1104,#1105,#1106));
#720=EDGE_LOOP('',(#1107,#1108,#1109,#1110,#1111,#1112));
#721=EDGE_LOOP('',(#1113,#1114,#1115,#1116,#1117,#1118,#1119,#1120,#1121,
#1122,#1123,#1124,#1125,#1126));
#722=EDGE_LOOP('',(#1127,#1128,#1129));
#723=EDGE_LOOP('',(#1130,#1131,#1132));
#724=EDGE_LOOP('',(#1133,#1134,#1135));
#725=EDGE_LOOP('',(#1136,#1137,#1138));
#726=EDGE_LOOP('',(#1139,#1140,#1141,#1142));
#727=EDGE_LOOP('',(#1143,#1144,#1145,#1146));
#728=EDGE_LOOP('',(#1147,#1148,#1149,#1150));
#729=EDGE_LOOP('',(#1151,#1152,#1153,#1154));
#730=EDGE_LOOP('',(#1155,#1156,#1157,#1158,#1159,#1160,#1161,#1162,#1163,
#1164,#1165));
#731=EDGE_LOOP('',(#1166,#1167,#1168,#1169));
#732=EDGE_LOOP('',(#1170,#1171,#1172,#1173,#1174,#1175,#1176,#1177));
#733=EDGE_LOOP('',(#1178,#1179,#1180,#1181));
#734=EDGE_LOOP('',(#1182));
#735=EDGE_LOOP('',(#1183,#1184,#1185,#1186));
#736=EDGE_LOOP('',(#1187,#1188,#1189,#1190));
#737=EDGE_LOOP('',(#1191,#1192,#1193,#1194));
#738=EDGE_LOOP('',(#1195,#1196,#1197,#1198,#1199,#1200,#1201,#1202,#1203,
#1204));
#739=EDGE_LOOP('',(#1205));
#740=EDGE_LOOP('',(#1206,#1207,#1208));
#741=EDGE_LOOP('',(#1209));
#742=EDGE_LOOP('',(#1210));
#743=EDGE_LOOP('',(#1211,#1212,#1213,#1214));
#744=EDGE_LOOP('',(#1215,#1216,#1217,#1218));
#745=EDGE_LOOP('',(#1219,#1220,#1221,#1222));
#746=CIRCLE('',#1678,15.7938264758647);
#747=CIRCLE('',#1679,15.7938264758647);
#748=CIRCLE('',#1681,15.7938264758647);
#749=CIRCLE('',#1682,15.7938264758647);
#750=CIRCLE('',#1684,15.7938264758647);
#751=CIRCLE('',#1685,15.7938264758647);
#752=CIRCLE('',#1687,5.02024097359971);
#753=CIRCLE('',#1688,23.0633670147392);
#754=CIRCLE('',#1689,6.50096024900558);
#755=CIRCLE('',#1690,23.0633670147392);
#756=CIRCLE('',#1691,9.97612712302337);
#757=CIRCLE('',#1692,10.8390950420164);
#758=CIRCLE('',#1694,11.1777620827283);
#759=CIRCLE('',#1695,12.4076702234397);
#760=CIRCLE('',#1697,5.0084949118349);
#761=CIRCLE('',#1703,13.0064280515746);
#762=CIRCLE('',#1707,13.0982202000044);
#763=CIRCLE('',#1709,0.25);
#764=CIRCLE('',#1710,0.25);
#765=CIRCLE('',#1711,0.25);
#766=CIRCLE('',#1712,15.7938264758647);
#767=CIRCLE('',#1713,0.25);
#768=CIRCLE('',#1715,15.7938264758647);
#769=CIRCLE('',#1717,0.25);
#770=CIRCLE('',#1718,0.25);
#771=CIRCLE('',#1719,0.25);
#772=CIRCLE('',#1720,0.25);
#773=CIRCLE('',#1729,10.8390950420164);
#774=CIRCLE('',#1733,10.8390950420164);
#775=CIRCLE('',#1736,15.7938264758647);
#776=CIRCLE('',#1737,15.7938264758647);
#777=CIRCLE('',#1739,23.0633670147392);
#778=CIRCLE('',#1740,6.50096024900558);
#779=CIRCLE('',#1741,6.50096024900558);
#780=CIRCLE('',#1743,5.04984193569704);
#781=CIRCLE('',#1744,5.02024097359971);
#782=CIRCLE('',#1747,17.);
#783=CIRCLE('',#1748,25.8603087862362);
#784=CIRCLE('',#1749,10.850088188915);
#785=CIRCLE('',#1750,7.17030983901613);
#786=CIRCLE('',#1751,25.8603087862362);
#787=CIRCLE('',#1752,25.8603087862362);
#788=CIRCLE('',#1753,6.65201770151248);
#789=CIRCLE('',#1755,10.438329689418);
#790=CIRCLE('',#1757,23.0633670147392);
#791=CIRCLE('',#1760,3.5);
#792=CIRCLE('',#1766,4.5);
#793=CIRCLE('',#1770,0.25);
#794=CIRCLE('',#1771,0.25);
#795=CIRCLE('',#1772,15.7938264758647);
#796=CIRCLE('',#1773,0.25);
#797=CIRCLE('',#1777,15.7938264758647);
#798=CIRCLE('',#1779,0.25);
#799=CIRCLE('',#1780,0.25);
#800=CIRCLE('',#1781,0.25);
#801=CIRCLE('',#1785,5.02024097359971);
#802=CIRCLE('',#1786,5.04984193569704);
#803=CIRCLE('',#1788,23.0633670147392);
#804=CIRCLE('',#1789,23.0633670147392);
#805=CIRCLE('',#1797,15.7938264758647);
#806=CIRCLE('',#1798,15.7938264758647);
#807=CIRCLE('',#1800,25.8603087862362);
#808=CIRCLE('',#1801,25.8603087862362);
#809=CIRCLE('',#1804,0.25);
#810=CIRCLE('',#1805,0.25);
#811=CIRCLE('',#1806,17.);
#812=CIRCLE('',#1807,0.25);
#813=CIRCLE('',#1808,15.7938264758647);
#814=CIRCLE('',#1810,15.7938264758647);
#815=CIRCLE('',#1812,1.75);
#816=CIRCLE('',#1816,0.25);
#817=CIRCLE('',#1817,0.25);
#818=CIRCLE('',#1818,0.25);
#819=ORIENTED_EDGE('',*,*,#1363,.F.);
#820=ORIENTED_EDGE('',*,*,#1364,.F.);
#821=ORIENTED_EDGE('',*,*,#1365,.F.);
#822=ORIENTED_EDGE('',*,*,#1366,.T.);
#823=ORIENTED_EDGE('',*,*,#1367,.F.);
#824=ORIENTED_EDGE('',*,*,#1368,.T.);
#825=ORIENTED_EDGE('',*,*,#1369,.F.);
#826=ORIENTED_EDGE('',*,*,#1370,.F.);
#827=ORIENTED_EDGE('',*,*,#1371,.F.);
#828=ORIENTED_EDGE('',*,*,#1372,.F.);
#829=ORIENTED_EDGE('',*,*,#1373,.F.);
#830=ORIENTED_EDGE('',*,*,#1374,.T.);
#831=ORIENTED_EDGE('',*,*,#1375,.F.);
#832=ORIENTED_EDGE('',*,*,#1376,.F.);
#833=ORIENTED_EDGE('',*,*,#1377,.F.);
#834=ORIENTED_EDGE('',*,*,#1378,.F.);
#835=ORIENTED_EDGE('',*,*,#1379,.F.);
#836=ORIENTED_EDGE('',*,*,#1380,.F.);
#837=ORIENTED_EDGE('',*,*,#1381,.F.);
#838=ORIENTED_EDGE('',*,*,#1382,.F.);
#839=ORIENTED_EDGE('',*,*,#1383,.F.);
#840=ORIENTED_EDGE('',*,*,#1384,.F.);
#841=ORIENTED_EDGE('',*,*,#1385,.F.);
#842=ORIENTED_EDGE('',*,*,#1386,.F.);
#843=ORIENTED_EDGE('',*,*,#1382,.T.);
#844=ORIENTED_EDGE('',*,*,#1387,.F.);
#845=ORIENTED_EDGE('',*,*,#1388,.T.);
#846=ORIENTED_EDGE('',*,*,#1389,.F.);
#847=ORIENTED_EDGE('',*,*,#1384,.T.);
#848=ORIENTED_EDGE('',*,*,#1390,.T.);
#849=ORIENTED_EDGE('',*,*,#1391,.F.);
#850=ORIENTED_EDGE('',*,*,#1392,.T.);
#851=ORIENTED_EDGE('',*,*,#1393,.T.);
#852=ORIENTED_EDGE('',*,*,#1391,.T.);
#853=ORIENTED_EDGE('',*,*,#1394,.T.);
#854=ORIENTED_EDGE('',*,*,#1395,.T.);
#855=ORIENTED_EDGE('',*,*,#1396,.T.);
#856=ORIENTED_EDGE('',*,*,#1397,.T.);
#857=ORIENTED_EDGE('',*,*,#1398,.F.);
#858=ORIENTED_EDGE('',*,*,#1395,.F.);
#859=ORIENTED_EDGE('',*,*,#1399,.T.);
#860=ORIENTED_EDGE('',*,*,#1396,.F.);
#861=ORIENTED_EDGE('',*,*,#1376,.T.);
#862=ORIENTED_EDGE('',*,*,#1400,.T.);
#863=ORIENTED_EDGE('',*,*,#1388,.F.);
#864=ORIENTED_EDGE('',*,*,#1401,.T.);
#865=ORIENTED_EDGE('',*,*,#1380,.T.);
#866=ORIENTED_EDGE('',*,*,#1402,.T.);
#867=ORIENTED_EDGE('',*,*,#1403,.T.);
#868=ORIENTED_EDGE('',*,*,#1404,.T.);
#869=ORIENTED_EDGE('',*,*,#1378,.T.);
#870=ORIENTED_EDGE('',*,*,#1405,.T.);
#871=ORIENTED_EDGE('',*,*,#1403,.F.);
#872=ORIENTED_EDGE('',*,*,#1406,.T.);
#873=ORIENTED_EDGE('',*,*,#1407,.F.);
#874=ORIENTED_EDGE('',*,*,#1397,.F.);
#875=ORIENTED_EDGE('',*,*,#1394,.F.);
#876=ORIENTED_EDGE('',*,*,#1399,.F.);
#877=ORIENTED_EDGE('',*,*,#1386,.T.);
#878=ORIENTED_EDGE('',*,*,#1385,.T.);
#879=ORIENTED_EDGE('',*,*,#1383,.T.);
#880=ORIENTED_EDGE('',*,*,#1392,.F.);
#881=ORIENTED_EDGE('',*,*,#1393,.F.);
#882=ORIENTED_EDGE('',*,*,#1390,.F.);
#883=ORIENTED_EDGE('',*,*,#1398,.T.);
#884=ORIENTED_EDGE('',*,*,#1407,.T.);
#885=ORIENTED_EDGE('',*,*,#1408,.T.);
#886=ORIENTED_EDGE('',*,*,#1379,.T.);
#887=ORIENTED_EDGE('',*,*,#1406,.F.);
#888=ORIENTED_EDGE('',*,*,#1402,.F.);
#889=ORIENTED_EDGE('',*,*,#1377,.T.);
#890=ORIENTED_EDGE('',*,*,#1404,.F.);
#891=ORIENTED_EDGE('',*,*,#1405,.F.);
#892=ORIENTED_EDGE('',*,*,#1408,.F.);
#893=ORIENTED_EDGE('',*,*,#1409,.F.);
#894=ORIENTED_EDGE('',*,*,#1409,.T.);
#895=ORIENTED_EDGE('',*,*,#1410,.F.);
#896=ORIENTED_EDGE('',*,*,#1411,.F.);
#897=ORIENTED_EDGE('',*,*,#1368,.F.);
#898=ORIENTED_EDGE('',*,*,#1412,.T.);
#899=ORIENTED_EDGE('',*,*,#1366,.F.);
#900=ORIENTED_EDGE('',*,*,#1413,.T.);
#901=ORIENTED_EDGE('',*,*,#1374,.F.);
#902=ORIENTED_EDGE('',*,*,#1414,.T.);
#903=ORIENTED_EDGE('',*,*,#1415,.F.);
#904=ORIENTED_EDGE('',*,*,#1416,.T.);
#905=ORIENTED_EDGE('',*,*,#1417,.F.);
#906=ORIENTED_EDGE('',*,*,#1415,.T.);
#907=ORIENTED_EDGE('',*,*,#1418,.F.);
#908=ORIENTED_EDGE('',*,*,#1419,.F.);
#909=ORIENTED_EDGE('',*,*,#1420,.F.);
#910=ORIENTED_EDGE('',*,*,#1370,.T.);
#911=ORIENTED_EDGE('',*,*,#1421,.F.);
#912=ORIENTED_EDGE('',*,*,#1419,.T.);
#913=ORIENTED_EDGE('',*,*,#1422,.F.);
#914=ORIENTED_EDGE('',*,*,#1372,.T.);
#915=ORIENTED_EDGE('',*,*,#1423,.F.);
#916=ORIENTED_EDGE('',*,*,#1364,.T.);
#917=ORIENTED_EDGE('',*,*,#1410,.T.);
#918=ORIENTED_EDGE('',*,*,#1411,.T.);
#919=ORIENTED_EDGE('',*,*,#1401,.F.);
#920=ORIENTED_EDGE('',*,*,#1387,.T.);
#921=ORIENTED_EDGE('',*,*,#1381,.T.);
#922=ORIENTED_EDGE('',*,*,#1375,.T.);
#923=ORIENTED_EDGE('',*,*,#1389,.T.);
#924=ORIENTED_EDGE('',*,*,#1400,.F.);
#925=ORIENTED_EDGE('',*,*,#1418,.T.);
#926=ORIENTED_EDGE('',*,*,#1414,.F.);
#927=ORIENTED_EDGE('',*,*,#1373,.T.);
#928=ORIENTED_EDGE('',*,*,#1422,.T.);
#929=ORIENTED_EDGE('',*,*,#1371,.T.);
#930=ORIENTED_EDGE('',*,*,#1413,.F.);
#931=ORIENTED_EDGE('',*,*,#1365,.T.);
#932=ORIENTED_EDGE('',*,*,#1423,.T.);
#933=ORIENTED_EDGE('',*,*,#1369,.T.);
#934=ORIENTED_EDGE('',*,*,#1416,.F.);
#935=ORIENTED_EDGE('',*,*,#1417,.T.);
#936=ORIENTED_EDGE('',*,*,#1421,.T.);
#937=ORIENTED_EDGE('',*,*,#1363,.T.);
#938=ORIENTED_EDGE('',*,*,#1412,.F.);
#939=ORIENTED_EDGE('',*,*,#1367,.T.);
#940=ORIENTED_EDGE('',*,*,#1420,.T.);
#941=ORIENTED_EDGE('',*,*,#1424,.T.);
#942=ORIENTED_EDGE('',*,*,#1425,.F.);
#943=ORIENTED_EDGE('',*,*,#1426,.F.);
#944=ORIENTED_EDGE('',*,*,#1427,.F.);
#945=ORIENTED_EDGE('',*,*,#1428,.T.);
#946=ORIENTED_EDGE('',*,*,#1426,.T.);
#947=ORIENTED_EDGE('',*,*,#1425,.T.);
#948=ORIENTED_EDGE('',*,*,#1429,.T.);
#949=ORIENTED_EDGE('',*,*,#1427,.T.);
#950=ORIENTED_EDGE('',*,*,#1424,.F.);
#951=ORIENTED_EDGE('',*,*,#1428,.F.);
#952=ORIENTED_EDGE('',*,*,#1429,.F.);
#953=ORIENTED_EDGE('',*,*,#1430,.F.);
#954=ORIENTED_EDGE('',*,*,#1431,.T.);
#955=ORIENTED_EDGE('',*,*,#1432,.F.);
#956=ORIENTED_EDGE('',*,*,#1433,.T.);
#957=ORIENTED_EDGE('',*,*,#1434,.T.);
#958=ORIENTED_EDGE('',*,*,#1430,.T.);
#959=ORIENTED_EDGE('',*,*,#1432,.T.);
#960=ORIENTED_EDGE('',*,*,#1435,.T.);
#961=ORIENTED_EDGE('',*,*,#1433,.F.);
#962=ORIENTED_EDGE('',*,*,#1431,.F.);
#963=ORIENTED_EDGE('',*,*,#1434,.F.);
#964=ORIENTED_EDGE('',*,*,#1435,.F.);
#965=ORIENTED_EDGE('',*,*,#1436,.T.);
#966=ORIENTED_EDGE('',*,*,#1437,.T.);
#967=ORIENTED_EDGE('',*,*,#1438,.F.);
#968=ORIENTED_EDGE('',*,*,#1439,.T.);
#969=ORIENTED_EDGE('',*,*,#1440,.T.);
#970=ORIENTED_EDGE('',*,*,#1441,.F.);
#971=ORIENTED_EDGE('',*,*,#1442,.T.);
#972=ORIENTED_EDGE('',*,*,#1443,.T.);
#973=ORIENTED_EDGE('',*,*,#1444,.T.);
#974=ORIENTED_EDGE('',*,*,#1445,.T.);
#975=ORIENTED_EDGE('',*,*,#1446,.F.);
#976=ORIENTED_EDGE('',*,*,#1447,.T.);
#977=ORIENTED_EDGE('',*,*,#1448,.T.);
#978=ORIENTED_EDGE('',*,*,#1449,.F.);
#979=ORIENTED_EDGE('',*,*,#1450,.T.);
#980=ORIENTED_EDGE('',*,*,#1451,.T.);
#981=ORIENTED_EDGE('',*,*,#1452,.F.);
#982=ORIENTED_EDGE('',*,*,#1453,.F.);
#983=ORIENTED_EDGE('',*,*,#1454,.F.);
#984=ORIENTED_EDGE('',*,*,#1455,.T.);
#985=ORIENTED_EDGE('',*,*,#1456,.F.);
#986=ORIENTED_EDGE('',*,*,#1457,.T.);
#987=ORIENTED_EDGE('',*,*,#1458,.F.);
#988=ORIENTED_EDGE('',*,*,#1459,.F.);
#989=ORIENTED_EDGE('',*,*,#1460,.F.);
#990=ORIENTED_EDGE('',*,*,#1461,.F.);
#991=ORIENTED_EDGE('',*,*,#1462,.F.);
#992=ORIENTED_EDGE('',*,*,#1463,.F.);
#993=ORIENTED_EDGE('',*,*,#1458,.T.);
#994=ORIENTED_EDGE('',*,*,#1464,.F.);
#995=ORIENTED_EDGE('',*,*,#1454,.T.);
#996=ORIENTED_EDGE('',*,*,#1465,.F.);
#997=ORIENTED_EDGE('',*,*,#1466,.F.);
#998=ORIENTED_EDGE('',*,*,#1467,.F.);
#999=ORIENTED_EDGE('',*,*,#1468,.F.);
#1000=ORIENTED_EDGE('',*,*,#1462,.T.);
#1001=ORIENTED_EDGE('',*,*,#1461,.T.);
#1002=ORIENTED_EDGE('',*,*,#1469,.T.);
#1003=ORIENTED_EDGE('',*,*,#1470,.T.);
#1004=ORIENTED_EDGE('',*,*,#1471,.F.);
#1005=ORIENTED_EDGE('',*,*,#1472,.F.);
#1006=ORIENTED_EDGE('',*,*,#1467,.T.);
#1007=ORIENTED_EDGE('',*,*,#1466,.T.);
#1008=ORIENTED_EDGE('',*,*,#1473,.F.);
#1009=ORIENTED_EDGE('',*,*,#1446,.T.);
#1010=ORIENTED_EDGE('',*,*,#1474,.F.);
#1011=ORIENTED_EDGE('',*,*,#1475,.T.);
#1012=ORIENTED_EDGE('',*,*,#1476,.T.);
#1013=ORIENTED_EDGE('',*,*,#1442,.F.);
#1014=ORIENTED_EDGE('',*,*,#1477,.T.);
#1015=ORIENTED_EDGE('',*,*,#1478,.T.);
#1016=ORIENTED_EDGE('',*,*,#1479,.T.);
#1017=ORIENTED_EDGE('',*,*,#1479,.F.);
#1018=ORIENTED_EDGE('',*,*,#1480,.T.);
#1019=ORIENTED_EDGE('',*,*,#1481,.F.);
#1020=ORIENTED_EDGE('',*,*,#1482,.F.);
#1021=ORIENTED_EDGE('',*,*,#1451,.F.);
#1022=ORIENTED_EDGE('',*,*,#1483,.T.);
#1023=ORIENTED_EDGE('',*,*,#1447,.F.);
#1024=ORIENTED_EDGE('',*,*,#1476,.F.);
#1025=ORIENTED_EDGE('',*,*,#1484,.T.);
#1026=ORIENTED_EDGE('',*,*,#1443,.F.);
#1027=ORIENTED_EDGE('',*,*,#1485,.T.);
#1028=ORIENTED_EDGE('',*,*,#1471,.T.);
#1029=ORIENTED_EDGE('',*,*,#1486,.T.);
#1030=ORIENTED_EDGE('',*,*,#1472,.T.);
#1031=ORIENTED_EDGE('',*,*,#1485,.F.);
#1032=ORIENTED_EDGE('',*,*,#1487,.T.);
#1033=ORIENTED_EDGE('',*,*,#1488,.F.);
#1034=ORIENTED_EDGE('',*,*,#1455,.F.);
#1035=ORIENTED_EDGE('',*,*,#1468,.T.);
#1036=ORIENTED_EDGE('',*,*,#1457,.F.);
#1037=ORIENTED_EDGE('',*,*,#1489,.F.);
#1038=ORIENTED_EDGE('',*,*,#1490,.T.);
#1039=ORIENTED_EDGE('',*,*,#1469,.F.);
#1040=ORIENTED_EDGE('',*,*,#1464,.T.);
#1041=ORIENTED_EDGE('',*,*,#1488,.T.);
#1042=ORIENTED_EDGE('',*,*,#1491,.T.);
#1043=ORIENTED_EDGE('',*,*,#1489,.T.);
#1044=ORIENTED_EDGE('',*,*,#1456,.T.);
#1045=ORIENTED_EDGE('',*,*,#1491,.F.);
#1046=ORIENTED_EDGE('',*,*,#1487,.F.);
#1047=ORIENTED_EDGE('',*,*,#1486,.F.);
#1048=ORIENTED_EDGE('',*,*,#1470,.F.);
#1049=ORIENTED_EDGE('',*,*,#1490,.F.);
#1050=ORIENTED_EDGE('',*,*,#1492,.T.);
#1051=ORIENTED_EDGE('',*,*,#1493,.F.);
#1052=ORIENTED_EDGE('',*,*,#1494,.F.);
#1053=ORIENTED_EDGE('',*,*,#1495,.T.);
#1054=ORIENTED_EDGE('',*,*,#1496,.T.);
#1055=ORIENTED_EDGE('',*,*,#1497,.T.);
#1056=ORIENTED_EDGE('',*,*,#1436,.F.);
#1057=ORIENTED_EDGE('',*,*,#1498,.T.);
#1058=ORIENTED_EDGE('',*,*,#1499,.F.);
#1059=ORIENTED_EDGE('',*,*,#1500,.T.);
#1060=ORIENTED_EDGE('',*,*,#1501,.T.);
#1061=ORIENTED_EDGE('',*,*,#1502,.T.);
#1062=ORIENTED_EDGE('',*,*,#1495,.F.);
#1063=ORIENTED_EDGE('',*,*,#1503,.F.);
#1064=ORIENTED_EDGE('',*,*,#1504,.F.);
#1065=ORIENTED_EDGE('',*,*,#1503,.T.);
#1066=ORIENTED_EDGE('',*,*,#1494,.T.);
#1067=ORIENTED_EDGE('',*,*,#1505,.T.);
#1068=ORIENTED_EDGE('',*,*,#1502,.F.);
#1069=ORIENTED_EDGE('',*,*,#1506,.T.);
#1070=ORIENTED_EDGE('',*,*,#1507,.F.);
#1071=ORIENTED_EDGE('',*,*,#1492,.F.);
#1072=ORIENTED_EDGE('',*,*,#1508,.F.);
#1073=ORIENTED_EDGE('',*,*,#1509,.T.);
#1074=ORIENTED_EDGE('',*,*,#1499,.T.);
#1075=ORIENTED_EDGE('',*,*,#1510,.T.);
#1076=ORIENTED_EDGE('',*,*,#1511,.F.);
#1077=ORIENTED_EDGE('',*,*,#1512,.F.);
#1078=ORIENTED_EDGE('',*,*,#1452,.T.);
#1079=ORIENTED_EDGE('',*,*,#1513,.F.);
#1080=ORIENTED_EDGE('',*,*,#1514,.F.);
#1081=ORIENTED_EDGE('',*,*,#1508,.T.);
#1082=ORIENTED_EDGE('',*,*,#1515,.F.);
#1083=ORIENTED_EDGE('',*,*,#1438,.T.);
#1084=ORIENTED_EDGE('',*,*,#1516,.F.);
#1085=ORIENTED_EDGE('',*,*,#1496,.F.);
#1086=ORIENTED_EDGE('',*,*,#1504,.T.);
#1087=ORIENTED_EDGE('',*,*,#1517,.F.);
#1088=ORIENTED_EDGE('',*,*,#1506,.F.);
#1089=ORIENTED_EDGE('',*,*,#1501,.F.);
#1090=ORIENTED_EDGE('',*,*,#1518,.F.);
#1091=ORIENTED_EDGE('',*,*,#1513,.T.);
#1092=ORIENTED_EDGE('',*,*,#1460,.T.);
#1093=ORIENTED_EDGE('',*,*,#1459,.T.);
#1094=ORIENTED_EDGE('',*,*,#1463,.T.);
#1095=ORIENTED_EDGE('',*,*,#1473,.T.);
#1096=ORIENTED_EDGE('',*,*,#1465,.T.);
#1097=ORIENTED_EDGE('',*,*,#1453,.T.);
#1098=ORIENTED_EDGE('',*,*,#1512,.T.);
#1099=ORIENTED_EDGE('',*,*,#1507,.T.);
#1100=ORIENTED_EDGE('',*,*,#1517,.T.);
#1101=ORIENTED_EDGE('',*,*,#1505,.F.);
#1102=ORIENTED_EDGE('',*,*,#1493,.T.);
#1103=ORIENTED_EDGE('',*,*,#1519,.T.);
#1104=ORIENTED_EDGE('',*,*,#1520,.F.);
#1105=ORIENTED_EDGE('',*,*,#1521,.T.);
#1106=ORIENTED_EDGE('',*,*,#1481,.T.);
#1107=ORIENTED_EDGE('',*,*,#1521,.F.);
#1108=ORIENTED_EDGE('',*,*,#1522,.F.);
#1109=ORIENTED_EDGE('',*,*,#1523,.T.);
#1110=ORIENTED_EDGE('',*,*,#1524,.F.);
#1111=ORIENTED_EDGE('',*,*,#1448,.F.);
#1112=ORIENTED_EDGE('',*,*,#1482,.T.);
#1113=ORIENTED_EDGE('',*,*,#1523,.F.);
#1114=ORIENTED_EDGE('',*,*,#1525,.F.);
#1115=ORIENTED_EDGE('',*,*,#1519,.F.);
#1116=ORIENTED_EDGE('',*,*,#1480,.F.);
#1117=ORIENTED_EDGE('',*,*,#1478,.F.);
#1118=ORIENTED_EDGE('',*,*,#1526,.F.);
#1119=ORIENTED_EDGE('',*,*,#1440,.F.);
#1120=ORIENTED_EDGE('',*,*,#1484,.F.);
#1121=ORIENTED_EDGE('',*,*,#1475,.F.);
#1122=ORIENTED_EDGE('',*,*,#1527,.F.);
#1123=ORIENTED_EDGE('',*,*,#1444,.F.);
#1124=ORIENTED_EDGE('',*,*,#1483,.F.);
#1125=ORIENTED_EDGE('',*,*,#1450,.F.);
#1126=ORIENTED_EDGE('',*,*,#1528,.F.);
#1127=ORIENTED_EDGE('',*,*,#1524,.T.);
#1128=ORIENTED_EDGE('',*,*,#1528,.T.);
#1129=ORIENTED_EDGE('',*,*,#1449,.T.);
#1130=ORIENTED_EDGE('',*,*,#1445,.F.);
#1131=ORIENTED_EDGE('',*,*,#1527,.T.);
#1132=ORIENTED_EDGE('',*,*,#1474,.T.);
#1133=ORIENTED_EDGE('',*,*,#1526,.T.);
#1134=ORIENTED_EDGE('',*,*,#1477,.F.);
#1135=ORIENTED_EDGE('',*,*,#1441,.T.);
#1136=ORIENTED_EDGE('',*,*,#1525,.T.);
#1137=ORIENTED_EDGE('',*,*,#1522,.T.);
#1138=ORIENTED_EDGE('',*,*,#1520,.T.);
#1139=ORIENTED_EDGE('',*,*,#1515,.T.);
#1140=ORIENTED_EDGE('',*,*,#1510,.F.);
#1141=ORIENTED_EDGE('',*,*,#1498,.F.);
#1142=ORIENTED_EDGE('',*,*,#1439,.F.);
#1143=ORIENTED_EDGE('',*,*,#1514,.T.);
#1144=ORIENTED_EDGE('',*,*,#1518,.T.);
#1145=ORIENTED_EDGE('',*,*,#1500,.F.);
#1146=ORIENTED_EDGE('',*,*,#1509,.F.);
#1147=ORIENTED_EDGE('',*,*,#1497,.F.);
#1148=ORIENTED_EDGE('',*,*,#1516,.T.);
#1149=ORIENTED_EDGE('',*,*,#1511,.T.);
#1150=ORIENTED_EDGE('',*,*,#1437,.F.);
#1151=ORIENTED_EDGE('',*,*,#1529,.F.);
#1152=ORIENTED_EDGE('',*,*,#1530,.T.);
#1153=ORIENTED_EDGE('',*,*,#1531,.T.);
#1154=ORIENTED_EDGE('',*,*,#1532,.T.);
#1155=ORIENTED_EDGE('',*,*,#1533,.F.);
#1156=ORIENTED_EDGE('',*,*,#1534,.F.);
#1157=ORIENTED_EDGE('',*,*,#1535,.T.);
#1158=ORIENTED_EDGE('',*,*,#1536,.T.);
#1159=ORIENTED_EDGE('',*,*,#1537,.F.);
#1160=ORIENTED_EDGE('',*,*,#1538,.F.);
#1161=ORIENTED_EDGE('',*,*,#1539,.T.);
#1162=ORIENTED_EDGE('',*,*,#1540,.T.);
#1163=ORIENTED_EDGE('',*,*,#1541,.T.);
#1164=ORIENTED_EDGE('',*,*,#1542,.F.);
#1165=ORIENTED_EDGE('',*,*,#1543,.T.);
#1166=ORIENTED_EDGE('',*,*,#1544,.T.);
#1167=ORIENTED_EDGE('',*,*,#1545,.F.);
#1168=ORIENTED_EDGE('',*,*,#1546,.F.);
#1169=ORIENTED_EDGE('',*,*,#1547,.T.);
#1170=ORIENTED_EDGE('',*,*,#1548,.F.);
#1171=ORIENTED_EDGE('',*,*,#1529,.T.);
#1172=ORIENTED_EDGE('',*,*,#1549,.F.);
#1173=ORIENTED_EDGE('',*,*,#1537,.T.);
#1174=ORIENTED_EDGE('',*,*,#1550,.T.);
#1175=ORIENTED_EDGE('',*,*,#1534,.T.);
#1176=ORIENTED_EDGE('',*,*,#1551,.F.);
#1177=ORIENTED_EDGE('',*,*,#1552,.T.);
#1178=ORIENTED_EDGE('',*,*,#1553,.T.);
#1179=ORIENTED_EDGE('',*,*,#1554,.T.);
#1180=ORIENTED_EDGE('',*,*,#1552,.F.);
#1181=ORIENTED_EDGE('',*,*,#1555,.T.);
#1182=ORIENTED_EDGE('',*,*,#1556,.T.);
#1183=ORIENTED_EDGE('',*,*,#1541,.F.);
#1184=ORIENTED_EDGE('',*,*,#1557,.T.);
#1185=ORIENTED_EDGE('',*,*,#1547,.F.);
#1186=ORIENTED_EDGE('',*,*,#1558,.F.);
#1187=ORIENTED_EDGE('',*,*,#1540,.F.);
#1188=ORIENTED_EDGE('',*,*,#1559,.F.);
#1189=ORIENTED_EDGE('',*,*,#1544,.F.);
#1190=ORIENTED_EDGE('',*,*,#1557,.F.);
#1191=ORIENTED_EDGE('',*,*,#1560,.T.);
#1192=ORIENTED_EDGE('',*,*,#1542,.T.);
#1193=ORIENTED_EDGE('',*,*,#1558,.T.);
#1194=ORIENTED_EDGE('',*,*,#1546,.T.);
#1195=ORIENTED_EDGE('',*,*,#1531,.F.);
#1196=ORIENTED_EDGE('',*,*,#1561,.T.);
#1197=ORIENTED_EDGE('',*,*,#1553,.F.);
#1198=ORIENTED_EDGE('',*,*,#1562,.T.);
#1199=ORIENTED_EDGE('',*,*,#1543,.F.);
#1200=ORIENTED_EDGE('',*,*,#1560,.F.);
#1201=ORIENTED_EDGE('',*,*,#1545,.T.);
#1202=ORIENTED_EDGE('',*,*,#1559,.T.);
#1203=ORIENTED_EDGE('',*,*,#1539,.F.);
#1204=ORIENTED_EDGE('',*,*,#1563,.T.);
#1205=ORIENTED_EDGE('',*,*,#1564,.T.);
#1206=ORIENTED_EDGE('',*,*,#1535,.F.);
#1207=ORIENTED_EDGE('',*,*,#1550,.F.);
#1208=ORIENTED_EDGE('',*,*,#1536,.F.);
#1209=ORIENTED_EDGE('',*,*,#1556,.F.);
#1210=ORIENTED_EDGE('',*,*,#1564,.F.);
#1211=ORIENTED_EDGE('',*,*,#1538,.T.);
#1212=ORIENTED_EDGE('',*,*,#1549,.T.);
#1213=ORIENTED_EDGE('',*,*,#1532,.F.);
#1214=ORIENTED_EDGE('',*,*,#1563,.F.);
#1215=ORIENTED_EDGE('',*,*,#1533,.T.);
#1216=ORIENTED_EDGE('',*,*,#1562,.F.);
#1217=ORIENTED_EDGE('',*,*,#1555,.F.);
#1218=ORIENTED_EDGE('',*,*,#1551,.T.);
#1219=ORIENTED_EDGE('',*,*,#1548,.T.);
#1220=ORIENTED_EDGE('',*,*,#1554,.F.);
#1221=ORIENTED_EDGE('',*,*,#1561,.F.);
#1222=ORIENTED_EDGE('',*,*,#1530,.F.);
#1223=VERTEX_POINT('',#2182);
#1224=VERTEX_POINT('',#2183);
#1225=VERTEX_POINT('',#2185);
#1226=VERTEX_POINT('',#2187);
#1227=VERTEX_POINT('',#2191);
#1228=VERTEX_POINT('',#2192);
#1229=VERTEX_POINT('',#2194);
#1230=VERTEX_POINT('',#2196);
#1231=VERTEX_POINT('',#2200);
#1232=VERTEX_POINT('',#2201);
#1233=VERTEX_POINT('',#2203);
#1234=VERTEX_POINT('',#2205);
#1235=VERTEX_POINT('',#2212);
#1236=VERTEX_POINT('',#2213);
#1237=VERTEX_POINT('',#2220);
#1238=VERTEX_POINT('',#2231);
#1239=VERTEX_POINT('',#2233);
#1240=VERTEX_POINT('',#2244);
#1241=VERTEX_POINT('',#2249);
#1242=VERTEX_POINT('',#2254);
#1243=VERTEX_POINT('',#2261);
#1244=VERTEX_POINT('',#2299);
#1245=VERTEX_POINT('',#2318);
#1246=VERTEX_POINT('',#2319);
#1247=VERTEX_POINT('',#2339);
#1248=VERTEX_POINT('',#2341);
#1249=VERTEX_POINT('',#2356);
#1250=VERTEX_POINT('',#2358);
#1251=VERTEX_POINT('',#2423);
#1252=VERTEX_POINT('',#2424);
#1253=VERTEX_POINT('',#2428);
#1254=VERTEX_POINT('',#2439);
#1255=VERTEX_POINT('',#2440);
#1256=VERTEX_POINT('',#2490);
#1257=VERTEX_POINT('',#2492);
#1258=VERTEX_POINT('',#2529);
#1259=VERTEX_POINT('',#2560);
#1260=VERTEX_POINT('',#2565);
#1261=VERTEX_POINT('',#2577);
#1262=VERTEX_POINT('',#2578);
#1263=VERTEX_POINT('',#2620);
#1264=VERTEX_POINT('',#2622);
#1265=VERTEX_POINT('',#2626);
#1266=VERTEX_POINT('',#2628);
#1267=VERTEX_POINT('',#2647);
#1268=VERTEX_POINT('',#2648);
#1269=VERTEX_POINT('',#2653);
#1270=VERTEX_POINT('',#2660);
#1271=VERTEX_POINT('',#2681);
#1272=VERTEX_POINT('',#2682);
#1273=VERTEX_POINT('',#2688);
#1274=VERTEX_POINT('',#2695);
#1275=VERTEX_POINT('',#2725);
#1276=VERTEX_POINT('',#2726);
#1277=VERTEX_POINT('',#2728);
#1278=VERTEX_POINT('',#2730);
#1279=VERTEX_POINT('',#2737);
#1280=VERTEX_POINT('',#2738);
#1281=VERTEX_POINT('',#2740);
#1282=VERTEX_POINT('',#2742);
#1283=VERTEX_POINT('',#2770);
#1284=VERTEX_POINT('',#2771);
#1285=VERTEX_POINT('',#2773);
#1286=VERTEX_POINT('',#2775);
#1287=VERTEX_POINT('',#2785);
#1288=VERTEX_POINT('',#2786);
#1289=VERTEX_POINT('',#2788);
#1290=VERTEX_POINT('',#2790);
#1291=VERTEX_POINT('',#2794);
#1292=VERTEX_POINT('',#2795);
#1293=VERTEX_POINT('',#2797);
#1294=VERTEX_POINT('',#2817);
#1295=VERTEX_POINT('',#2819);
#1296=VERTEX_POINT('',#2838);
#1297=VERTEX_POINT('',#2840);
#1298=VERTEX_POINT('',#2857);
#1299=VERTEX_POINT('',#2859);
#1300=VERTEX_POINT('',#2893);
#1301=VERTEX_POINT('',#2894);
#1302=VERTEX_POINT('',#2899);
#1303=VERTEX_POINT('',#2927);
#1304=VERTEX_POINT('',#2932);
#1305=VERTEX_POINT('',#2952);
#1306=VERTEX_POINT('',#2973);
#1307=VERTEX_POINT('',#2975);
#1308=VERTEX_POINT('',#2982);
#1309=VERTEX_POINT('',#2990);
#1310=VERTEX_POINT('',#2997);
#1311=VERTEX_POINT('',#3022);
#1312=VERTEX_POINT('',#3029);
#1313=VERTEX_POINT('',#3045);
#1314=VERTEX_POINT('',#3047);
#1315=VERTEX_POINT('',#3103);
#1316=VERTEX_POINT('',#3107);
#1317=VERTEX_POINT('',#3117);
#1318=VERTEX_POINT('',#3124);
#1319=VERTEX_POINT('',#3125);
#1320=VERTEX_POINT('',#3127);
#1321=VERTEX_POINT('',#3129);
#1322=VERTEX_POINT('',#3133);
#1323=VERTEX_POINT('',#3134);
#1324=VERTEX_POINT('',#3137);
#1325=VERTEX_POINT('',#3139);
#1326=VERTEX_POINT('',#3141);
#1327=VERTEX_POINT('',#3143);
#1328=VERTEX_POINT('',#3148);
#1329=VERTEX_POINT('',#3152);
#1330=VERTEX_POINT('',#3156);
#1331=VERTEX_POINT('',#3157);
#1332=VERTEX_POINT('',#3162);
#1333=VERTEX_POINT('',#3165);
#1334=VERTEX_POINT('',#3175);
#1335=VERTEX_POINT('',#3177);
#1336=VERTEX_POINT('',#3181);
#1337=VERTEX_POINT('',#3194);
#1338=VERTEX_POINT('',#3242);
#1339=VERTEX_POINT('',#3243);
#1340=VERTEX_POINT('',#3245);
#1341=VERTEX_POINT('',#3247);
#1342=VERTEX_POINT('',#3251);
#1343=VERTEX_POINT('',#3252);
#1344=VERTEX_POINT('',#3254);
#1345=VERTEX_POINT('',#3256);
#1346=VERTEX_POINT('',#3258);
#1347=VERTEX_POINT('',#3260);
#1348=VERTEX_POINT('',#3262);
#1349=VERTEX_POINT('',#3264);
#1350=VERTEX_POINT('',#3266);
#1351=VERTEX_POINT('',#3268);
#1352=VERTEX_POINT('',#3270);
#1353=VERTEX_POINT('',#3274);
#1354=VERTEX_POINT('',#3275);
#1355=VERTEX_POINT('',#3277);
#1356=VERTEX_POINT('',#3279);
#1357=VERTEX_POINT('',#3283);
#1358=VERTEX_POINT('',#3287);
#1359=VERTEX_POINT('',#3291);
#1360=VERTEX_POINT('',#3292);
#1361=VERTEX_POINT('',#3297);
#1362=VERTEX_POINT('',#3367);
#1363=EDGE_CURVE('',#1223,#1224,#1565,.T.);
#1364=EDGE_CURVE('',#1225,#1223,#746,.T.);
#1365=EDGE_CURVE('',#1226,#1225,#1566,.T.);
#1366=EDGE_CURVE('',#1226,#1224,#747,.T.);
#1367=EDGE_CURVE('',#1227,#1228,#1567,.T.);
#1368=EDGE_CURVE('',#1227,#1229,#748,.T.);
#1369=EDGE_CURVE('',#1230,#1229,#1568,.T.);
#1370=EDGE_CURVE('',#1228,#1230,#749,.T.);
#1371=EDGE_CURVE('',#1231,#1232,#1569,.T.);
#1372=EDGE_CURVE('',#1233,#1231,#750,.T.);
#1373=EDGE_CURVE('',#1234,#1233,#1570,.T.);
#1374=EDGE_CURVE('',#1234,#1232,#751,.T.);
#1375=EDGE_CURVE('',#1235,#1236,#402,.T.);
#1376=EDGE_CURVE('',#1237,#1235,#403,.T.);
#1377=EDGE_CURVE('',#1238,#1237,#404,.T.);
#1378=EDGE_CURVE('',#1239,#1238,#752,.T.);
#1379=EDGE_CURVE('',#1240,#1239,#405,.T.);
#1380=EDGE_CURVE('',#1241,#1240,#406,.T.);
#1381=EDGE_CURVE('',#1242,#1241,#407,.T.);
#1382=EDGE_CURVE('',#1243,#1242,#408,.T.);
#1383=EDGE_CURVE('',#1244,#1243,#409,.T.);
#1384=EDGE_CURVE('',#1236,#1244,#410,.T.);
#1385=EDGE_CURVE('',#1245,#1246,#411,.T.);
#1386=EDGE_CURVE('',#1246,#1245,#412,.T.);
#1387=EDGE_CURVE('',#1247,#1242,#753,.T.);
#1388=EDGE_CURVE('',#1247,#1248,#754,.T.);
#1389=EDGE_CURVE('',#1236,#1248,#755,.T.);
#1390=EDGE_CURVE('',#1244,#1249,#414,.T.);
#1391=EDGE_CURVE('',#1250,#1249,#756,.T.);
#1392=EDGE_CURVE('',#1250,#1243,#415,.T.);
#1393=EDGE_CURVE('',#1249,#1250,#416,.T.);
#1394=EDGE_CURVE('',#1251,#1252,#417,.T.);
#1395=EDGE_CURVE('',#1252,#1251,#757,.T.);
#1396=EDGE_CURVE('',#1253,#1253,#758,.T.);
#1397=EDGE_CURVE('',#1254,#1255,#418,.T.);
#1398=EDGE_CURVE('',#1254,#1255,#759,.T.);
#1399=EDGE_CURVE('',#1252,#1251,#419,.T.);
#1400=EDGE_CURVE('',#1235,#1248,#1571,.T.);
#1401=EDGE_CURVE('',#1247,#1241,#1572,.T.);
#1402=EDGE_CURVE('',#1240,#1256,#420,.T.);
#1403=EDGE_CURVE('',#1256,#1257,#760,.T.);
#1404=EDGE_CURVE('',#1257,#1237,#421,.T.);
#1405=EDGE_CURVE('',#1238,#1257,#332,.T.);
#1406=EDGE_CURVE('',#1256,#1239,#333,.T.);
#1407=EDGE_CURVE('',#1255,#1254,#422,.T.);
#1408=EDGE_CURVE('',#1259,#1259,#761,.T.);
#1409=EDGE_CURVE('',#1260,#1260,#762,.T.);
#1410=EDGE_CURVE('',#1261,#1262,#425,.T.);
#1411=EDGE_CURVE('',#1262,#1261,#426,.T.);
#1412=EDGE_CURVE('',#1227,#1224,#763,.T.);
#1413=EDGE_CURVE('',#1226,#1232,#764,.T.);
#1414=EDGE_CURVE('',#1234,#1263,#765,.T.);
#1415=EDGE_CURVE('',#1264,#1263,#766,.T.);
#1416=EDGE_CURVE('',#1264,#1229,#767,.T.);
#1417=EDGE_CURVE('',#1264,#1265,#1573,.T.);
#1418=EDGE_CURVE('',#1266,#1263,#1574,.T.);
#1419=EDGE_CURVE('',#1265,#1266,#768,.T.);
#1420=EDGE_CURVE('',#1228,#1223,#769,.T.);
#1421=EDGE_CURVE('',#1265,#1230,#770,.T.);
#1422=EDGE_CURVE('',#1233,#1266,#771,.T.);
#1423=EDGE_CURVE('',#1225,#1231,#772,.T.);
#1424=EDGE_CURVE('',#1267,#1268,#427,.T.);
#1425=EDGE_CURVE('',#1269,#1268,#428,.T.);
#1426=EDGE_CURVE('',#1267,#1269,#429,.T.);
#1427=EDGE_CURVE('',#1270,#1269,#773,.T.);
#1428=EDGE_CURVE('',#1270,#1267,#430,.T.);
#1429=EDGE_CURVE('',#1268,#1270,#431,.T.);
#1430=EDGE_CURVE('',#1271,#1272,#433,.T.);
#1431=EDGE_CURVE('',#1271,#1273,#434,.T.);
#1432=EDGE_CURVE('',#1272,#1273,#435,.T.);
#1433=EDGE_CURVE('',#1272,#1274,#774,.T.);
#1434=EDGE_CURVE('',#1274,#1271,#436,.T.);
#1435=EDGE_CURVE('',#1273,#1274,#437,.T.);
#1436=EDGE_CURVE('',#1275,#1276,#775,.T.);
#1437=EDGE_CURVE('',#1276,#1277,#1575,.T.);
#1438=EDGE_CURVE('',#1278,#1277,#776,.T.);
#1439=EDGE_CURVE('',#1278,#1275,#1576,.T.);
#1440=EDGE_CURVE('',#1279,#1280,#439,.T.);
#1441=EDGE_CURVE('',#1281,#1280,#777,.T.);
#1442=EDGE_CURVE('',#1281,#1282,#778,.T.);
#1443=EDGE_CURVE('',#1282,#1279,#440,.T.);
#1444=EDGE_CURVE('',#1283,#1284,#441,.T.);
#1445=EDGE_CURVE('',#1284,#1285,#1577,.T.);
#1446=EDGE_CURVE('',#1286,#1285,#779,.T.);
#1447=EDGE_CURVE('',#1286,#1283,#442,.T.);
#1448=EDGE_CURVE('',#1287,#1288,#780,.T.);
#1449=EDGE_CURVE('',#1289,#1288,#1578,.T.);
#1450=EDGE_CURVE('',#1289,#1290,#781,.T.);
#1451=EDGE_CURVE('',#1290,#1287,#334,.T.);
#1452=EDGE_CURVE('',#1291,#1292,#782,.T.);
#1453=EDGE_CURVE('',#1293,#1291,#783,.T.);
#1454=EDGE_CURVE('',#1294,#1293,#443,.T.);
#1455=EDGE_CURVE('',#1294,#1295,#784,.T.);
#1456=EDGE_CURVE('',#1296,#1295,#444,.T.);
#1457=EDGE_CURVE('',#1296,#1297,#785,.T.);
#1458=EDGE_CURVE('',#1298,#1297,#445,.T.);
#1459=EDGE_CURVE('',#1299,#1298,#786,.T.);
#1460=EDGE_CURVE('',#1292,#1299,#787,.T.);
#1461=EDGE_CURVE('',#1300,#1301,#446,.T.);
#1462=EDGE_CURVE('',#1302,#1300,#447,.T.);
#1463=EDGE_CURVE('',#1298,#1302,#448,.T.);
#1464=EDGE_CURVE('',#1301,#1297,#449,.T.);
#1465=EDGE_CURVE('',#1303,#1293,#450,.T.);
#1466=EDGE_CURVE('',#1304,#1303,#451,.T.);
#1467=EDGE_CURVE('',#1305,#1304,#452,.T.);
#1468=EDGE_CURVE('',#1294,#1305,#453,.T.);
#1469=EDGE_CURVE('',#1301,#1306,#788,.T.);
#1470=EDGE_CURVE('',#1306,#1307,#335,.T.);
#1471=EDGE_CURVE('',#1308,#1307,#454,.T.);
#1472=EDGE_CURVE('',#1305,#1308,#789,.T.);
#1473=EDGE_CURVE('',#1302,#1303,#455,.T.);
#1474=EDGE_CURVE('',#1309,#1285,#790,.T.);
#1475=EDGE_CURVE('',#1309,#1310,#456,.T.);
#1476=EDGE_CURVE('',#1310,#1286,#457,.T.);
#1477=EDGE_CURVE('',#1281,#1311,#1579,.T.);
#1478=EDGE_CURVE('',#1311,#1312,#458,.T.);
#1479=EDGE_CURVE('',#1312,#1282,#459,.T.);
#1480=EDGE_CURVE('',#1312,#1313,#460,.T.);
#1481=EDGE_CURVE('',#1314,#1313,#336,.T.);
#1482=EDGE_CURVE('',#1287,#1314,#461,.T.);
#1483=EDGE_CURVE('',#1290,#1283,#462,.T.);
#1484=EDGE_CURVE('',#1310,#1279,#463,.T.);
#1485=EDGE_CURVE('',#1315,#1308,#464,.T.);
#1486=EDGE_CURVE('',#1307,#1315,#791,.T.);
#1487=EDGE_CURVE('',#1315,#1316,#337,.T.);
#1488=EDGE_CURVE('',#1295,#1316,#465,.T.);
#1489=EDGE_CURVE('',#1317,#1296,#466,.T.);
#1490=EDGE_CURVE('',#1317,#1306,#338,.T.);
#1491=EDGE_CURVE('',#1316,#1317,#792,.T.);
#1492=EDGE_CURVE('',#1318,#1319,#1580,.T.);
#1493=EDGE_CURVE('',#1320,#1319,#1581,.T.);
#1494=EDGE_CURVE('',#1321,#1320,#1582,.T.);
#1495=EDGE_CURVE('',#1321,#1318,#1583,.T.);
#1496=EDGE_CURVE('',#1322,#1323,#1584,.T.);
#1497=EDGE_CURVE('',#1323,#1276,#793,.T.);
#1498=EDGE_CURVE('',#1275,#1324,#794,.T.);
#1499=EDGE_CURVE('',#1325,#1324,#795,.T.);
#1500=EDGE_CURVE('',#1325,#1326,#796,.T.);
#1501=EDGE_CURVE('',#1326,#1327,#1585,.T.);
#1502=EDGE_CURVE('',#1327,#1318,#1586,.T.);
#1503=EDGE_CURVE('',#1322,#1321,#1587,.T.);
#1504=EDGE_CURVE('',#1322,#1328,#1588,.T.);
#1505=EDGE_CURVE('',#1320,#1328,#1589,.T.);
#1506=EDGE_CURVE('',#1327,#1329,#1590,.T.);
#1507=EDGE_CURVE('',#1319,#1329,#1591,.T.);
#1508=EDGE_CURVE('',#1330,#1331,#797,.T.);
#1509=EDGE_CURVE('',#1330,#1325,#1592,.T.);
#1510=EDGE_CURVE('',#1324,#1331,#1593,.T.);
#1511=EDGE_CURVE('',#1332,#1277,#798,.T.);
#1512=EDGE_CURVE('',#1291,#1332,#1594,.T.);
#1513=EDGE_CURVE('',#1333,#1292,#1595,.T.);
#1514=EDGE_CURVE('',#1330,#1333,#799,.T.);
#1515=EDGE_CURVE('',#1278,#1331,#800,.T.);
#1516=EDGE_CURVE('',#1323,#1332,#1596,.T.);
#1517=EDGE_CURVE('',#1329,#1328,#1597,.T.);
#1518=EDGE_CURVE('',#1333,#1326,#1598,.T.);
#1519=EDGE_CURVE('',#1313,#1334,#801,.T.);
#1520=EDGE_CURVE('',#1335,#1334,#1599,.T.);
#1521=EDGE_CURVE('',#1335,#1314,#802,.T.);
#1522=EDGE_CURVE('',#1336,#1335,#803,.T.);
#1523=EDGE_CURVE('',#1336,#1337,#467,.T.);
#1524=EDGE_CURVE('',#1288,#1337,#804,.T.);
#1525=EDGE_CURVE('',#1334,#1336,#468,.T.);
#1526=EDGE_CURVE('',#1280,#1311,#469,.T.);
#1527=EDGE_CURVE('',#1284,#1309,#470,.T.);
#1528=EDGE_CURVE('',#1337,#1289,#471,.T.);
#1529=EDGE_CURVE('',#1338,#1339,#805,.T.);
#1530=EDGE_CURVE('',#1338,#1340,#1600,.T.);
#1531=EDGE_CURVE('',#1340,#1341,#806,.T.);
#1532=EDGE_CURVE('',#1341,#1339,#1601,.T.);
#1533=EDGE_CURVE('',#1342,#1343,#1602,.T.);
#1534=EDGE_CURVE('',#1344,#1342,#1603,.T.);
#1535=EDGE_CURVE('',#1344,#1345,#807,.T.);
#1536=EDGE_CURVE('',#1345,#1346,#808,.T.);
#1537=EDGE_CURVE('',#1347,#1346,#1604,.T.);
#1538=EDGE_CURVE('',#1348,#1347,#1605,.T.);
#1539=EDGE_CURVE('',#1348,#1349,#1606,.T.);
#1540=EDGE_CURVE('',#1349,#1350,#1607,.T.);
#1541=EDGE_CURVE('',#1350,#1351,#1608,.T.);
#1542=EDGE_CURVE('',#1352,#1351,#1609,.T.);
#1543=EDGE_CURVE('',#1352,#1343,#1610,.T.);
#1544=EDGE_CURVE('',#1353,#1354,#1611,.T.);
#1545=EDGE_CURVE('',#1355,#1354,#1612,.T.);
#1546=EDGE_CURVE('',#1356,#1355,#1613,.T.);
#1547=EDGE_CURVE('',#1356,#1353,#1614,.T.);
#1548=EDGE_CURVE('',#1338,#1357,#809,.T.);
#1549=EDGE_CURVE('',#1347,#1339,#810,.T.);
#1550=EDGE_CURVE('',#1346,#1344,#811,.T.);
#1551=EDGE_CURVE('',#1358,#1342,#812,.T.);
#1552=EDGE_CURVE('',#1358,#1357,#813,.T.);
#1553=EDGE_CURVE('',#1359,#1360,#814,.T.);
#1554=EDGE_CURVE('',#1360,#1357,#1615,.T.);
#1555=EDGE_CURVE('',#1358,#1359,#1616,.T.);
#1556=EDGE_CURVE('',#1361,#1361,#815,.T.);
#1557=EDGE_CURVE('',#1350,#1353,#1617,.T.);
#1558=EDGE_CURVE('',#1351,#1356,#1618,.T.);
#1559=EDGE_CURVE('',#1354,#1349,#1619,.T.);
#1560=EDGE_CURVE('',#1355,#1352,#1620,.T.);
#1561=EDGE_CURVE('',#1340,#1360,#816,.T.);
#1562=EDGE_CURVE('',#1359,#1343,#817,.T.);
#1563=EDGE_CURVE('',#1348,#1341,#818,.T.);
#1564=EDGE_CURVE('',#1362,#1362,#473,.T.);
#1565=LINE('',#2181,#1621);
#1566=LINE('',#2186,#1622);
#1567=LINE('',#2190,#1623);
#1568=LINE('',#2195,#1624);
#1569=LINE('',#2199,#1625);
#1570=LINE('',#2204,#1626);
#1571=LINE('',#2481,#1627);
#1572=LINE('',#2482,#1628);
#1573=LINE('',#2625,#1629);
#1574=LINE('',#2627,#1630);
#1575=LINE('',#2727,#1631);
#1576=LINE('',#2731,#1632);
#1577=LINE('',#2772,#1633);
#1578=LINE('',#2787,#1634);
#1579=LINE('',#3021,#1635);
#1580=LINE('',#3123,#1636);
#1581=LINE('',#3126,#1637);
#1582=LINE('',#3128,#1638);
#1583=LINE('',#3130,#1639);
#1584=LINE('',#3132,#1640);
#1585=LINE('',#3142,#1641);
#1586=LINE('',#3144,#1642);
#1587=LINE('',#3145,#1643);
#1588=LINE('',#3147,#1644);
#1589=LINE('',#3149,#1645);
#1590=LINE('',#3151,#1646);
#1591=LINE('',#3153,#1647);
#1592=LINE('',#3158,#1648);
#1593=LINE('',#3159,#1649);
#1594=LINE('',#3163,#1650);
#1595=LINE('',#3164,#1651);
#1596=LINE('',#3169,#1652);
#1597=LINE('',#3170,#1653);
#1598=LINE('',#3171,#1654);
#1599=LINE('',#3176,#1655);
#1600=LINE('',#3244,#1656);
#1601=LINE('',#3248,#1657);
#1602=LINE('',#3250,#1658);
#1603=LINE('',#3253,#1659);
#1604=LINE('',#3259,#1660);
#1605=LINE('',#3261,#1661);
#1606=LINE('',#3263,#1662);
#1607=LINE('',#3265,#1663);
#1608=LINE('',#3267,#1664);
#1609=LINE('',#3269,#1665);
#1610=LINE('',#3271,#1666);
#1611=LINE('',#3273,#1667);
#1612=LINE('',#3276,#1668);
#1613=LINE('',#3278,#1669);
#1614=LINE('',#3280,#1670);
#1615=LINE('',#3293,#1671);
#1616=LINE('',#3294,#1672);
#1617=LINE('',#3298,#1673);
#1618=LINE('',#3299,#1674);
#1619=LINE('',#3301,#1675);
#1620=LINE('',#3303,#1676);
#1621=VECTOR('',#1826,1.);
#1622=VECTOR('',#1829,1.);
#1623=VECTOR('',#1834,1.);
#1624=VECTOR('',#1837,1.);
#1625=VECTOR('',#1842,1.);
#1626=VECTOR('',#1845,1.);
#1627=VECTOR('',#1871,1.);
#1628=VECTOR('',#1872,1.);
#1629=VECTOR('',#1911,1.);
#1630=VECTOR('',#1912,1.);
#1631=VECTOR('',#1959,1.);
#1632=VECTOR('',#1962,1.);
#1633=VECTOR('',#1969,1.);
#1634=VECTOR('',#1976,1.);
#1635=VECTOR('',#2005,1.);
#1636=VECTOR('',#2028,1.);
#1637=VECTOR('',#2029,1.);
#1638=VECTOR('',#2030,1.);
#1639=VECTOR('',#2031,1.);
#1640=VECTOR('',#2034,1.);
#1641=VECTOR('',#2043,1.);
#1642=VECTOR('',#2044,1.);
#1643=VECTOR('',#2045,1.);
#1644=VECTOR('',#2048,1.);
#1645=VECTOR('',#2049,1.);
#1646=VECTOR('',#2052,1.);
#1647=VECTOR('',#2053,1.);
#1648=VECTOR('',#2058,1.);
#1649=VECTOR('',#2059,1.);
#1650=VECTOR('',#2064,1.);
#1651=VECTOR('',#2065,1.);
#1652=VECTOR('',#2072,1.);
#1653=VECTOR('',#2073,1.);
#1654=VECTOR('',#2074,1.);
#1655=VECTOR('',#2081,1.);
#1656=VECTOR('',#2107,1.);
#1657=VECTOR('',#2110,1.);
#1658=VECTOR('',#2113,1.);
#1659=VECTOR('',#2114,1.);
#1660=VECTOR('',#2119,1.);
#1661=VECTOR('',#2120,1.);
#1662=VECTOR('',#2121,1.);
#1663=VECTOR('',#2122,1.);
#1664=VECTOR('',#2123,1.);
#1665=VECTOR('',#2124,1.);
#1666=VECTOR('',#2125,1.);
#1667=VECTOR('',#2128,1.);
#1668=VECTOR('',#2129,1.);
#1669=VECTOR('',#2130,1.);
#1670=VECTOR('',#2131,1.);
#1671=VECTOR('',#2148,1.);
#1672=VECTOR('',#2149,1.);
#1673=VECTOR('',#2154,1.);
#1674=VECTOR('',#2155,1.);
#1675=VECTOR('',#2158,1.);
#1676=VECTOR('',#2161,1.);
#1677=AXIS2_PLACEMENT_3D('',#2180,#1824,#1825);
#1678=AXIS2_PLACEMENT_3D('',#2184,#1827,#1828);
#1679=AXIS2_PLACEMENT_3D('',#2188,#1830,#1831);
#1680=AXIS2_PLACEMENT_3D('',#2189,#1832,#1833);
#1681=AXIS2_PLACEMENT_3D('',#2193,#1835,#1836);
#1682=AXIS2_PLACEMENT_3D('',#2197,#1838,#1839);
#1683=AXIS2_PLACEMENT_3D('',#2198,#1840,#1841);
#1684=AXIS2_PLACEMENT_3D('',#2202,#1843,#1844);
#1685=AXIS2_PLACEMENT_3D('',#2206,#1846,#1847);
#1686=AXIS2_PLACEMENT_3D('',#2207,#1848,#1849);
#1687=AXIS2_PLACEMENT_3D('',#2232,#1850,#1851);
#1688=AXIS2_PLACEMENT_3D('',#2338,#1853,#1854);
#1689=AXIS2_PLACEMENT_3D('',#2340,#1855,#1856);
#1690=AXIS2_PLACEMENT_3D('',#2342,#1857,#1858);
#1691=AXIS2_PLACEMENT_3D('',#2357,#1859,#1860);
#1692=AXIS2_PLACEMENT_3D('',#2425,#1861,#1862);
#1693=AXIS2_PLACEMENT_3D('',#2426,#1863,#1864);
#1694=AXIS2_PLACEMENT_3D('',#2427,#1865,#1866);
#1695=AXIS2_PLACEMENT_3D('',#2441,#1867,#1868);
#1696=AXIS2_PLACEMENT_3D('',#2480,#1869,#1870);
#1697=AXIS2_PLACEMENT_3D('',#2491,#1873,#1874);
#1698=AXIS2_PLACEMENT_3D('',#2503,#1875,#1876);
#1699=AXIS2_PLACEMENT_3D('',#2504,#1877,#1878);
#1700=AXIS2_PLACEMENT_3D('',#2505,#1879,#1880);
#1701=AXIS2_PLACEMENT_3D('',#2506,#1881,#1882);
#1702=AXIS2_PLACEMENT_3D('',#2558,#1885,#1886);
#1703=AXIS2_PLACEMENT_3D('',#2559,#1887,#1888);
#1704=AXIS2_PLACEMENT_3D('',#2561,#1889,#1890);
#1705=AXIS2_PLACEMENT_3D('',#2562,#1891,#1892);
#1706=AXIS2_PLACEMENT_3D('',#2563,#1893,#1894);
#1707=AXIS2_PLACEMENT_3D('',#2564,#1895,#1896);
#1708=AXIS2_PLACEMENT_3D('',#2566,#1897,#1898);
#1709=AXIS2_PLACEMENT_3D('',#2617,#1899,#1900);
#1710=AXIS2_PLACEMENT_3D('',#2618,#1901,#1902);
#1711=AXIS2_PLACEMENT_3D('',#2619,#1903,#1904);
#1712=AXIS2_PLACEMENT_3D('',#2621,#1905,#1906);
#1713=AXIS2_PLACEMENT_3D('',#2623,#1907,#1908);
#1714=AXIS2_PLACEMENT_3D('',#2624,#1909,#1910);
#1715=AXIS2_PLACEMENT_3D('',#2629,#1913,#1914);
#1716=AXIS2_PLACEMENT_3D('',#2630,#1915,#1916);
#1717=AXIS2_PLACEMENT_3D('',#2631,#1917,#1918);
#1718=AXIS2_PLACEMENT_3D('',#2632,#1919,#1920);
#1719=AXIS2_PLACEMENT_3D('',#2633,#1921,#1922);
#1720=AXIS2_PLACEMENT_3D('',#2634,#1923,#1924);
#1721=AXIS2_PLACEMENT_3D('',#2635,#1925,#1926);
#1722=AXIS2_PLACEMENT_3D('',#2636,#1927,#1928);
#1723=AXIS2_PLACEMENT_3D('',#2637,#1929,#1930);
#1724=AXIS2_PLACEMENT_3D('',#2638,#1931,#1932);
#1725=AXIS2_PLACEMENT_3D('',#2639,#1933,#1934);
#1726=AXIS2_PLACEMENT_3D('',#2640,#1935,#1936);
#1727=AXIS2_PLACEMENT_3D('',#2641,#1937,#1938);
#1728=AXIS2_PLACEMENT_3D('',#2658,#1939,#1940);
#1729=AXIS2_PLACEMENT_3D('',#2659,#1941,#1942);
#1730=AXIS2_PLACEMENT_3D('',#2665,#1943,#1944);
#1731=AXIS2_PLACEMENT_3D('',#2670,#1945,#1946);
#1732=AXIS2_PLACEMENT_3D('',#2693,#1948,#1949);
#1733=AXIS2_PLACEMENT_3D('',#2694,#1950,#1951);
#1734=AXIS2_PLACEMENT_3D('',#2706,#1952,#1953);
#1735=AXIS2_PLACEMENT_3D('',#2717,#1954,#1955);
#1736=AXIS2_PLACEMENT_3D('',#2724,#1957,#1958);
#1737=AXIS2_PLACEMENT_3D('',#2729,#1960,#1961);
#1738=AXIS2_PLACEMENT_3D('',#2732,#1963,#1964);
#1739=AXIS2_PLACEMENT_3D('',#2739,#1965,#1966);
#1740=AXIS2_PLACEMENT_3D('',#2741,#1967,#1968);
#1741=AXIS2_PLACEMENT_3D('',#2774,#1970,#1971);
#1742=AXIS2_PLACEMENT_3D('',#2783,#1972,#1973);
#1743=AXIS2_PLACEMENT_3D('',#2784,#1974,#1975);
#1744=AXIS2_PLACEMENT_3D('',#2789,#1977,#1978);
#1745=AXIS2_PLACEMENT_3D('',#2791,#1979,#1980);
#1746=AXIS2_PLACEMENT_3D('',#2792,#1981,#1982);
#1747=AXIS2_PLACEMENT_3D('',#2793,#1983,#1984);
#1748=AXIS2_PLACEMENT_3D('',#2796,#1985,#1986);
#1749=AXIS2_PLACEMENT_3D('',#2818,#1987,#1988);
#1750=AXIS2_PLACEMENT_3D('',#2839,#1989,#1990);
#1751=AXIS2_PLACEMENT_3D('',#2858,#1991,#1992);
#1752=AXIS2_PLACEMENT_3D('',#2860,#1993,#1994);
#1753=AXIS2_PLACEMENT_3D('',#2972,#1995,#1996);
#1754=AXIS2_PLACEMENT_3D('',#2974,#1997,#1998);
#1755=AXIS2_PLACEMENT_3D('',#2983,#1999,#2000);
#1756=AXIS2_PLACEMENT_3D('',#2988,#2001,#2002);
#1757=AXIS2_PLACEMENT_3D('',#2989,#2003,#2004);
#1758=AXIS2_PLACEMENT_3D('',#3034,#2006,#2007);
#1759=AXIS2_PLACEMENT_3D('',#3046,#2008,#2009);
#1760=AXIS2_PLACEMENT_3D('',#3104,#2010,#2011);
#1761=AXIS2_PLACEMENT_3D('',#3105,#2012,#2013);
#1762=AXIS2_PLACEMENT_3D('',#3106,#2014,#2015);
#1763=AXIS2_PLACEMENT_3D('',#3112,#2016,#2017);
#1764=AXIS2_PLACEMENT_3D('',#3118,#2018,#2019);
#1765=AXIS2_PLACEMENT_3D('',#3119,#2020,#2021);
#1766=AXIS2_PLACEMENT_3D('',#3120,#2022,#2023);
#1767=AXIS2_PLACEMENT_3D('',#3121,#2024,#2025);
#1768=AXIS2_PLACEMENT_3D('',#3122,#2026,#2027);
#1769=AXIS2_PLACEMENT_3D('',#3131,#2032,#2033);
#1770=AXIS2_PLACEMENT_3D('',#3135,#2035,#2036);
#1771=AXIS2_PLACEMENT_3D('',#3136,#2037,#2038);
#1772=AXIS2_PLACEMENT_3D('',#3138,#2039,#2040);
#1773=AXIS2_PLACEMENT_3D('',#3140,#2041,#2042);
#1774=AXIS2_PLACEMENT_3D('',#3146,#2046,#2047);
#1775=AXIS2_PLACEMENT_3D('',#3150,#2050,#2051);
#1776=AXIS2_PLACEMENT_3D('',#3154,#2054,#2055);
#1777=AXIS2_PLACEMENT_3D('',#3155,#2056,#2057);
#1778=AXIS2_PLACEMENT_3D('',#3160,#2060,#2061);
#1779=AXIS2_PLACEMENT_3D('',#3161,#2062,#2063);
#1780=AXIS2_PLACEMENT_3D('',#3166,#2066,#2067);
#1781=AXIS2_PLACEMENT_3D('',#3167,#2068,#2069);
#1782=AXIS2_PLACEMENT_3D('',#3168,#2070,#2071);
#1783=AXIS2_PLACEMENT_3D('',#3172,#2075,#2076);
#1784=AXIS2_PLACEMENT_3D('',#3173,#2077,#2078);
#1785=AXIS2_PLACEMENT_3D('',#3174,#2079,#2080);
#1786=AXIS2_PLACEMENT_3D('',#3178,#2082,#2083);
#1787=AXIS2_PLACEMENT_3D('',#3179,#2084,#2085);
#1788=AXIS2_PLACEMENT_3D('',#3180,#2086,#2087);
#1789=AXIS2_PLACEMENT_3D('',#3195,#2088,#2089);
#1790=AXIS2_PLACEMENT_3D('',#3234,#2091,#2092);
#1791=AXIS2_PLACEMENT_3D('',#3235,#2093,#2094);
#1792=AXIS2_PLACEMENT_3D('',#3236,#2095,#2096);
#1793=AXIS2_PLACEMENT_3D('',#3237,#2097,#2098);
#1794=AXIS2_PLACEMENT_3D('',#3238,#2099,#2100);
#1795=AXIS2_PLACEMENT_3D('',#3239,#2101,#2102);
#1796=AXIS2_PLACEMENT_3D('',#3240,#2103,#2104);
#1797=AXIS2_PLACEMENT_3D('',#3241,#2105,#2106);
#1798=AXIS2_PLACEMENT_3D('',#3246,#2108,#2109);
#1799=AXIS2_PLACEMENT_3D('',#3249,#2111,#2112);
#1800=AXIS2_PLACEMENT_3D('',#3255,#2115,#2116);
#1801=AXIS2_PLACEMENT_3D('',#3257,#2117,#2118);
#1802=AXIS2_PLACEMENT_3D('',#3272,#2126,#2127);
#1803=AXIS2_PLACEMENT_3D('',#3281,#2132,#2133);
#1804=AXIS2_PLACEMENT_3D('',#3282,#2134,#2135);
#1805=AXIS2_PLACEMENT_3D('',#3284,#2136,#2137);
#1806=AXIS2_PLACEMENT_3D('',#3285,#2138,#2139);
#1807=AXIS2_PLACEMENT_3D('',#3286,#2140,#2141);
#1808=AXIS2_PLACEMENT_3D('',#3288,#2142,#2143);
#1809=AXIS2_PLACEMENT_3D('',#3289,#2144,#2145);
#1810=AXIS2_PLACEMENT_3D('',#3290,#2146,#2147);
#1811=AXIS2_PLACEMENT_3D('',#3295,#2150,#2151);
#1812=AXIS2_PLACEMENT_3D('',#3296,#2152,#2153);
#1813=AXIS2_PLACEMENT_3D('',#3300,#2156,#2157);
#1814=AXIS2_PLACEMENT_3D('',#3302,#2159,#2160);
#1815=AXIS2_PLACEMENT_3D('',#3304,#2162,#2163);
#1816=AXIS2_PLACEMENT_3D('',#3305,#2164,#2165);
#1817=AXIS2_PLACEMENT_3D('',#3306,#2166,#2167);
#1818=AXIS2_PLACEMENT_3D('',#3307,#2168,#2169);
#1819=AXIS2_PLACEMENT_3D('',#3308,#2170,#2171);
#1820=AXIS2_PLACEMENT_3D('',#3384,#2172,#2173);
#1821=AXIS2_PLACEMENT_3D('',#3385,#2174,#2175);
#1822=AXIS2_PLACEMENT_3D('',#3386,#2176,#2177);
#1823=AXIS2_PLACEMENT_3D('',#3387,#2178,#2179);
#1824=DIRECTION('',(0.,0.,1.));
#1825=DIRECTION('',(1.,0.,0.));
#1826=DIRECTION('',(0.,1.,0.));
#1827=DIRECTION('',(0.,-1.,0.));
#1828=DIRECTION('',(0.,0.,-1.));
#1829=DIRECTION('',(0.,-1.,0.));
#1830=DIRECTION('',(1.13134139737618E-16,-1.,0.));
#1831=DIRECTION('',(1.,1.09835541034196E-16,0.));
#1832=DIRECTION('',(0.,1.,0.));
#1833=DIRECTION('',(0.,0.,1.));
#1834=DIRECTION('',(0.,-1.,0.));
#1835=DIRECTION('',(1.13134139737618E-16,-1.,0.));
#1836=DIRECTION('',(1.,1.09835541034196E-16,0.));
#1837=DIRECTION('',(0.,1.,0.));
#1838=DIRECTION('',(0.,-1.,0.));
#1839=DIRECTION('',(0.,0.,-1.));
#1840=DIRECTION('',(0.,1.,0.));
#1841=DIRECTION('',(0.,0.,1.));
#1842=DIRECTION('',(0.,1.,0.));
#1843=DIRECTION('',(0.,-1.,0.));
#1844=DIRECTION('',(0.,0.,-1.));
#1845=DIRECTION('',(0.,-1.,0.));
#1846=DIRECTION('',(1.13134139737618E-16,-1.,0.));
#1847=DIRECTION('',(1.,1.09835541034196E-16,0.));
#1848=DIRECTION('',(0.,1.,0.));
#1849=DIRECTION('',(0.,0.,1.));
#1850=DIRECTION('',(0.,1.,0.));
#1851=DIRECTION('',(0.,0.,1.));
#1852=DIRECTION('',(0.,1.,0.));
#1853=DIRECTION('',(-1.,0.,0.));
#1854=DIRECTION('',(0.,0.,1.));
#1855=DIRECTION('',(0.,1.,0.));
#1856=DIRECTION('',(-4.66971949785999E-15,0.,1.));
#1857=DIRECTION('',(-1.,0.,0.));
#1858=DIRECTION('',(0.,0.,1.));
#1859=DIRECTION('',(0.,1.,0.));
#1860=DIRECTION('',(-4.69496160922809E-15,0.,1.));
#1861=DIRECTION('',(-3.88578058618805E-16,-1.,-5.31020079391842E-30));
#1862=DIRECTION('',(1.,-4.00108004693282E-16,4.6858214583301E-15));
#1863=DIRECTION('',(3.88578058618805E-16,1.,5.31020079391842E-30));
#1864=DIRECTION('',(-1.,3.36279328739982E-16,-4.6858214583301E-15));
#1865=DIRECTION('',(3.88578058618805E-16,1.,5.31020079391842E-30));
#1866=DIRECTION('',(-1.,3.87985417639476E-16,-4.6858214583301E-15));
#1867=DIRECTION('',(0.,1.,0.));
#1868=DIRECTION('',(-4.68365417509564E-15,0.,1.));
#1869=DIRECTION('',(3.88578058618805E-16,1.,5.31020079391842E-30));
#1870=DIRECTION('',(-1.,3.98753079258332E-16,-4.6858214583301E-15));
#1871=DIRECTION('',(0.,0.556634411702382,-0.83075756494223));
#1872=DIRECTION('',(0.,-0.556634411702382,-0.83075756494223));
#1873=DIRECTION('',(3.88578058618805E-16,1.,5.31020079391842E-30));
#1874=DIRECTION('',(1.,-3.4635624204743E-16,4.6858214583301E-15));
#1875=DIRECTION('',(3.88578058618805E-16,1.,5.31020079391842E-30));
#1876=DIRECTION('',(-1.,3.65700429257331E-16,-4.6858214583301E-15));
#1877=DIRECTION('',(0.,-1.,0.));
#1878=DIRECTION('',(1.,0.,4.68582145833011E-15));
#1879=DIRECTION('',(0.,-1.,0.));
#1880=DIRECTION('',(1.,0.,4.68582145833011E-15));
#1881=DIRECTION('',(0.,-1.,0.));
#1882=DIRECTION('',(-4.68548810861336E-15,0.,1.));
#1883=DIRECTION('',(0.,1.,0.));
#1884=DIRECTION('',(0.,1.,0.));
#1885=DIRECTION('',(0.556634411702383,0.830757564942229,2.60828947079998E-15));
#1886=DIRECTION('',(-0.830757564942229,0.556634411702383,0.));
#1887=DIRECTION('',(-3.88578058618805E-16,-1.,-5.31020079391842E-30));
#1888=DIRECTION('',(1.,-4.00122955149118E-16,4.6858214583301E-15));
#1889=DIRECTION('',(3.88578058618805E-16,1.,5.31020079391842E-30));
#1890=DIRECTION('',(-1.,4.2063425409379E-16,-4.6858214583301E-15));
#1891=DIRECTION('',(0.556634411702383,0.830757564942229,2.60828947079998E-15));
#1892=DIRECTION('',(-0.830757564942229,0.556634411702383,0.));
#1893=DIRECTION('',(0.556634411702383,0.830757564942229,2.60828947079998E-15));
#1894=DIRECTION('',(-0.830757564942229,0.556634411702383,0.));
#1895=DIRECTION('',(3.88578058618805E-16,1.,5.31020079391842E-30));
#1896=DIRECTION('',(1.,-3.97318898939313E-16,4.6858214583301E-15));
#1897=DIRECTION('',(3.88578058618805E-16,1.,5.31020079391842E-30));
#1898=DIRECTION('',(-1.,2.1833990926578E-16,-4.6858214583301E-15));
#1899=DIRECTION('',(0.,-1.,0.));
#1900=DIRECTION('',(0.,0.,-1.));
#1901=DIRECTION('',(0.,-1.,0.));
#1902=DIRECTION('',(0.,0.,-1.));
#1903=DIRECTION('',(0.,-1.,0.));
#1904=DIRECTION('',(0.,0.,-1.));
#1905=DIRECTION('',(1.13134139737618E-16,-1.,0.));
#1906=DIRECTION('',(1.,1.09835541034196E-16,0.));
#1907=DIRECTION('',(0.,-1.,0.));
#1908=DIRECTION('',(0.,0.,-1.));
#1909=DIRECTION('',(1.13134139737618E-16,-1.,0.));
#1910=DIRECTION('',(1.,1.12757025938492E-16,0.));
#1911=DIRECTION('',(0.,-1.,0.));
#1912=DIRECTION('',(0.,1.,0.));
#1913=DIRECTION('',(0.,-1.,0.));
#1914=DIRECTION('',(0.,0.,-1.));
#1915=DIRECTION('',(0.,1.,0.));
#1916=DIRECTION('',(0.,0.,1.));
#1917=DIRECTION('',(0.,-1.,0.));
#1918=DIRECTION('',(0.,0.,-1.));
#1919=DIRECTION('',(0.,-1.,0.));
#1920=DIRECTION('',(0.,0.,-1.));
#1921=DIRECTION('',(0.,-1.,0.));
#1922=DIRECTION('',(0.,0.,-1.));
#1923=DIRECTION('',(0.,-1.,0.));
#1924=DIRECTION('',(0.,0.,-1.));
#1925=DIRECTION('',(0.,-1.,0.));
#1926=DIRECTION('',(0.,0.,-1.));
#1927=DIRECTION('',(-1.,0.,0.));
#1928=DIRECTION('',(0.,0.,1.));
#1929=DIRECTION('',(-1.,0.,0.));
#1930=DIRECTION('',(0.,0.,1.));
#1931=DIRECTION('',(0.,-1.,0.));
#1932=DIRECTION('',(0.,0.,-1.));
#1933=DIRECTION('',(0.,-1.,0.));
#1934=DIRECTION('',(0.,0.,-1.));
#1935=DIRECTION('',(0.,-1.,0.));
#1936=DIRECTION('',(0.,0.,-1.));
#1937=DIRECTION('',(0.,-1.,0.));
#1938=DIRECTION('',(0.,0.,-1.));
#1939=DIRECTION('',(1.,0.,0.));
#1940=DIRECTION('',(0.,0.,-1.));
#1941=DIRECTION('',(-3.88578058618805E-16,-1.,-5.31020079391842E-30));
#1942=DIRECTION('',(1.,-4.00108004693282E-16,4.6858214583301E-15));
#1943=DIRECTION('',(3.88578058618805E-16,1.,5.31020079391842E-30));
#1944=DIRECTION('',(-1.,3.98753079258332E-16,-4.6858214583301E-15));
#1945=DIRECTION('',(3.88578058618805E-16,1.,5.31020079391842E-30));
#1946=DIRECTION('',(-1.,3.36279328739982E-16,-4.6858214583301E-15));
#1947=DIRECTION('',(0.,1.,0.));
#1948=DIRECTION('',(1.,0.,0.));
#1949=DIRECTION('',(0.,0.,-1.));
#1950=DIRECTION('',(-3.88578058618805E-16,-1.,-5.31020079391842E-30));
#1951=DIRECTION('',(1.,-4.00108004693282E-16,4.6858214583301E-15));
#1952=DIRECTION('',(3.88578058618805E-16,1.,5.31020079391842E-30));
#1953=DIRECTION('',(-1.,3.36279328739982E-16,-4.6858214583301E-15));
#1954=DIRECTION('',(3.88578058618805E-16,1.,5.31020079391842E-30));
#1955=DIRECTION('',(-1.,3.98753079258332E-16,-4.6858214583301E-15));
#1956=DIRECTION('',(0.,1.,0.));
#1957=DIRECTION('',(-1.13134139737618E-16,1.,0.));
#1958=DIRECTION('',(1.,1.09835541034196E-16,0.));
#1959=DIRECTION('',(0.,-1.,0.));
#1960=DIRECTION('',(0.,1.,0.));
#1961=DIRECTION('',(0.,0.,-1.));
#1962=DIRECTION('',(0.,1.,0.));
#1963=DIRECTION('',(0.,1.,0.));
#1964=DIRECTION('',(0.,0.,1.));
#1965=DIRECTION('',(1.,0.,0.));
#1966=DIRECTION('',(0.,0.,1.));
#1967=DIRECTION('',(0.,1.,0.));
#1968=DIRECTION('',(-4.66971949785999E-15,0.,1.));
#1969=DIRECTION('',(0.,0.556634411702382,0.83075756494223));
#1970=DIRECTION('',(0.,1.,0.));
#1971=DIRECTION('',(-4.66971949785999E-15,0.,1.));
#1972=DIRECTION('',(3.88578058618805E-16,1.,5.31020079391842E-30));
#1973=DIRECTION('',(-1.,3.65700429257331E-16,-4.6858214583301E-15));
#1974=DIRECTION('',(0.,1.,0.));
#1975=DIRECTION('',(-4.63752474312928E-15,0.,1.));
#1976=DIRECTION('',(0.,0.,1.));
#1977=DIRECTION('',(0.,-1.,0.));
#1978=DIRECTION('',(0.,0.,1.));
#1979=DIRECTION('',(0.,-1.,0.));
#1980=DIRECTION('',(1.,0.,4.68582145833011E-15));
#1981=DIRECTION('',(0.,-1.,0.));
#1982=DIRECTION('',(-4.68548810861336E-15,0.,1.));
#1983=DIRECTION('',(0.,-1.,0.));
#1984=DIRECTION('',(0.,0.,-1.));
#1985=DIRECTION('',(-1.,0.,0.));
#1986=DIRECTION('',(0.,0.,1.));
#1987=DIRECTION('',(0.,-1.,0.));
#1988=DIRECTION('',(0.,0.,1.));
#1989=DIRECTION('',(0.,1.,0.));
#1990=DIRECTION('',(0.,0.,1.));
#1991=DIRECTION('',(-1.,0.,0.));
#1992=DIRECTION('',(0.,0.,1.));
#1993=DIRECTION('',(-1.,0.,0.));
#1994=DIRECTION('',(0.,0.,1.));
#1995=DIRECTION('',(0.,-1.,0.));
#1996=DIRECTION('',(0.,0.,1.));
#1997=DIRECTION('',(-0.556634411702382,-0.830757564942229,-2.60828947079998E-15));
#1998=DIRECTION('',(-0.830757564942229,0.556634411702383,-3.89278162447636E-15));
#1999=DIRECTION('',(0.,-1.,0.));
#2000=DIRECTION('',(0.,0.,-1.));
#2001=DIRECTION('',(0.,1.,0.));
#2002=DIRECTION('',(0.,8.50787335852092E-18,1.));
#2003=DIRECTION('',(1.,0.,0.));
#2004=DIRECTION('',(0.,0.,1.));
#2005=DIRECTION('',(0.,-0.556634411702382,0.83075756494223));
#2006=DIRECTION('',(3.88578058618805E-16,1.,5.31020079391842E-30));
#2007=DIRECTION('',(-1.,3.65700429257331E-16,-4.6858214583301E-15));
#2008=DIRECTION('',(0.,-1.,0.));
#2009=DIRECTION('',(1.,0.,4.68582145833011E-15));
#2010=DIRECTION('',(0.556634411702383,0.830757564942229,2.60828947079998E-15));
#2011=DIRECTION('',(0.830757564942229,-0.556634411702383,0.));
#2012=DIRECTION('',(0.556634411702383,0.830757564942229,2.60828947079998E-15));
#2013=DIRECTION('',(-0.830757564942229,0.556634411702383,0.));
#2014=DIRECTION('',(0.556634411702382,0.830757564942229,2.60828947079998E-15));
#2015=DIRECTION('',(0.830757564942229,-0.556634411702383,3.89278162447636E-15));
#2016=DIRECTION('',(0.,-1.,0.));
#2017=DIRECTION('',(0.,-3.12822647963026E-17,-1.));
#2018=DIRECTION('',(-0.556634411702382,-0.830757564942229,-2.60828947079998E-15));
#2019=DIRECTION('',(0.830757564942229,-0.556634411702383,3.89278162447636E-15));
#2020=DIRECTION('',(0.,-1.,0.));
#2021=DIRECTION('',(0.,-8.58106727925145E-17,-1.));
#2022=DIRECTION('',(-0.556634411702383,-0.830757564942229,-2.60828947079998E-15));
#2023=DIRECTION('',(0.83075756494223,-0.556634411702383,0.));
#2024=DIRECTION('',(-0.556634411702383,-0.830757564942229,-2.60828947079998E-15));
#2025=DIRECTION('',(0.83075756494223,-0.556634411702383,0.));
#2026=DIRECTION('',(-0.556634411702383,-0.830757564942229,-2.60828947079998E-15));
#2027=DIRECTION('',(0.830757564942229,-0.556634411702383,0.));
#2028=DIRECTION('',(0.,-1.,0.));
#2029=DIRECTION('',(0.,0.,-1.));
#2030=DIRECTION('',(0.,-1.,0.));
#2031=DIRECTION('',(0.,0.,-1.));
#2032=DIRECTION('',(1.,0.,0.));
#2033=DIRECTION('',(0.,0.,-1.));
#2034=DIRECTION('',(0.,0.,-1.));
#2035=DIRECTION('',(0.,-1.,0.));
#2036=DIRECTION('',(0.,0.,-1.));
#2037=DIRECTION('',(0.,-1.,0.));
#2038=DIRECTION('',(0.,0.,-1.));
#2039=DIRECTION('',(-1.13134139737618E-16,1.,0.));
#2040=DIRECTION('',(1.,1.09835541034196E-16,0.));
#2041=DIRECTION('',(0.,-1.,0.));
#2042=DIRECTION('',(0.,0.,-1.));
#2043=DIRECTION('',(0.,0.,-1.));
#2044=DIRECTION('',(-1.,-1.13134139737618E-16,0.));
#2045=DIRECTION('',(-1.,-1.13134139737618E-16,0.));
#2046=DIRECTION('',(1.13134139737618E-16,-1.,0.));
#2047=DIRECTION('',(1.,1.12757025938492E-16,0.));
#2048=DIRECTION('',(0.,-1.,0.));
#2049=DIRECTION('',(1.,1.50845519650157E-16,0.));
#2050=DIRECTION('',(0.,0.,1.));
#2051=DIRECTION('',(1.,0.,0.));
#2052=DIRECTION('',(0.,-1.,0.));
#2053=DIRECTION('',(1.,1.50845519650157E-16,0.));
#2054=DIRECTION('',(0.,0.,1.));
#2055=DIRECTION('',(1.,0.,0.));
#2056=DIRECTION('',(0.,1.,0.));
#2057=DIRECTION('',(0.,0.,-1.));
#2058=DIRECTION('',(0.,1.,0.));
#2059=DIRECTION('',(0.,-1.,0.));
#2060=DIRECTION('',(0.,1.,0.));
#2061=DIRECTION('',(0.,0.,1.));
#2062=DIRECTION('',(0.,-1.,0.));
#2063=DIRECTION('',(0.,0.,-1.));
#2064=DIRECTION('',(0.,0.,-1.));
#2065=DIRECTION('',(0.,0.,-1.));
#2066=DIRECTION('',(0.,-1.,0.));
#2067=DIRECTION('',(0.,0.,-1.));
#2068=DIRECTION('',(0.,-1.,0.));
#2069=DIRECTION('',(0.,0.,-1.));
#2070=DIRECTION('',(0.,-1.,0.));
#2071=DIRECTION('',(0.,0.,-1.));
#2072=DIRECTION('',(0.,-1.,0.));
#2073=DIRECTION('',(0.,0.,1.));
#2074=DIRECTION('',(0.,1.,0.));
#2075=DIRECTION('',(1.,0.,1.17145536458252E-15));
#2076=DIRECTION('',(1.17180570802233E-15,0.,-1.));
#2077=DIRECTION('',(-1.50845519650157E-16,1.,0.));
#2078=DIRECTION('',(-1.,-1.49186218934005E-16,0.));
#2079=DIRECTION('',(0.,-1.,0.));
#2080=DIRECTION('',(0.,0.,1.));
#2081=DIRECTION('',(0.,0.,1.));
#2082=DIRECTION('',(0.,1.,0.));
#2083=DIRECTION('',(-4.63752474312928E-15,0.,1.));
#2084=DIRECTION('',(0.,-1.,0.));
#2085=DIRECTION('',(-4.68548810861336E-15,0.,1.));
#2086=DIRECTION('',(1.,0.,0.));
#2087=DIRECTION('',(0.,0.,1.));
#2088=DIRECTION('',(1.,0.,0.));
#2089=DIRECTION('',(0.,0.,1.));
#2090=DIRECTION('',(0.,1.,0.));
#2091=DIRECTION('',(-1.,0.,0.));
#2092=DIRECTION('',(0.,0.,1.));
#2093=DIRECTION('',(-1.,0.,0.));
#2094=DIRECTION('',(0.,0.,1.));
#2095=DIRECTION('',(-1.,0.,0.));
#2096=DIRECTION('',(0.,0.,1.));
#2097=DIRECTION('',(-1.,0.,0.));
#2098=DIRECTION('',(0.,0.,1.));
#2099=DIRECTION('',(0.,-1.,0.));
#2100=DIRECTION('',(0.,0.,-1.));
#2101=DIRECTION('',(0.,-1.,0.));
#2102=DIRECTION('',(0.,0.,-1.));
#2103=DIRECTION('',(0.,-1.,0.));
#2104=DIRECTION('',(0.,0.,-1.));
#2105=DIRECTION('',(0.,1.,0.));
#2106=DIRECTION('',(0.,0.,-1.));
#2107=DIRECTION('',(0.,1.,0.));
#2108=DIRECTION('',(-1.13134139737618E-16,1.,0.));
#2109=DIRECTION('',(1.,1.09835541034196E-16,0.));
#2110=DIRECTION('',(0.,-1.,0.));
#2111=DIRECTION('',(0.,1.,0.));
#2112=DIRECTION('',(0.,0.,1.));
#2113=DIRECTION('',(0.,1.,0.));
#2114=DIRECTION('',(0.,0.,-1.));
#2115=DIRECTION('',(1.,0.,1.17145536458252E-15));
#2116=DIRECTION('',(1.17390944866643E-15,0.,-1.));
#2117=DIRECTION('',(1.,0.,0.));
#2118=DIRECTION('',(0.,0.,1.));
#2119=DIRECTION('',(0.,0.,-1.));
#2120=DIRECTION('',(0.,-1.,0.));
#2121=DIRECTION('',(0.,0.,-1.));
#2122=DIRECTION('',(0.,-1.,0.));
#2123=DIRECTION('',(0.,0.,1.));
#2124=DIRECTION('',(0.,-1.,0.));
#2125=DIRECTION('',(0.,0.,-1.));
#2126=DIRECTION('',(-1.,0.,0.));
#2127=DIRECTION('',(0.,0.,1.));
#2128=DIRECTION('',(-2.28638475427147E-16,1.,0.));
#2129=DIRECTION('',(0.,0.,-1.));
#2130=DIRECTION('',(-2.28638475427147E-16,1.,0.));
#2131=DIRECTION('',(0.,0.,-1.));
#2132=DIRECTION('',(-1.,-2.28638475427147E-16,0.));
#2133=DIRECTION('',(2.28983498828939E-16,-1.,0.));
#2134=DIRECTION('',(0.,-1.,0.));
#2135=DIRECTION('',(0.,0.,-1.));
#2136=DIRECTION('',(0.,-1.,0.));
#2137=DIRECTION('',(0.,0.,-1.));
#2138=DIRECTION('',(0.,-1.,0.));
#2139=DIRECTION('',(0.,0.,-1.));
#2140=DIRECTION('',(0.,-1.,0.));
#2141=DIRECTION('',(0.,0.,-1.));
#2142=DIRECTION('',(0.,1.,0.));
#2143=DIRECTION('',(0.,0.,-1.));
#2144=DIRECTION('',(0.,-1.,0.));
#2145=DIRECTION('',(0.,0.,-1.));
#2146=DIRECTION('',(-1.13134139737618E-16,1.,0.));
#2147=DIRECTION('',(1.,1.09835541034196E-16,0.));
#2148=DIRECTION('',(0.,-1.,0.));
#2149=DIRECTION('',(0.,1.,0.));
#2150=DIRECTION('',(0.,1.,0.));
#2151=DIRECTION('',(0.,0.,1.));
#2152=DIRECTION('',(-1.50845519650157E-16,1.,0.));
#2153=DIRECTION('',(-1.,0.,0.));
#2154=DIRECTION('',(1.,1.50845519650157E-16,0.));
#2155=DIRECTION('',(1.,1.50845519650157E-16,0.));
#2156=DIRECTION('',(-1.50845519650157E-16,1.,0.));
#2157=DIRECTION('',(-1.,-1.49186218934005E-16,0.));
#2158=DIRECTION('',(-1.,-1.13134139737618E-16,0.));
#2159=DIRECTION('',(0.,0.,1.));
#2160=DIRECTION('',(1.,0.,0.));
#2161=DIRECTION('',(-1.,-1.13134139737618E-16,0.));
#2162=DIRECTION('',(0.,0.,1.));
#2163=DIRECTION('',(1.,0.,0.));
#2164=DIRECTION('',(0.,-1.,0.));
#2165=DIRECTION('',(0.,0.,-1.));
#2166=DIRECTION('',(0.,-1.,0.));
#2167=DIRECTION('',(0.,0.,-1.));
#2168=DIRECTION('',(0.,-1.,0.));
#2169=DIRECTION('',(0.,0.,-1.));
#2170=DIRECTION('',(1.13134139737618E-16,-1.,0.));
#2171=DIRECTION('',(1.,1.12757025938492E-16,0.));
#2172=DIRECTION('',(-1.50845519650157E-16,1.,0.));
#2173=DIRECTION('',(-1.,0.,0.));
#2174=DIRECTION('',(0.,-1.,0.));
#2175=DIRECTION('',(0.,0.,-1.));
#2176=DIRECTION('',(0.,-1.,0.));
#2177=DIRECTION('',(0.,0.,-1.));
#2178=DIRECTION('',(0.,-1.,0.));
#2179=DIRECTION('',(0.,0.,-1.));
#2180=CARTESIAN_POINT('',(0.,0.,0.));
#2181=CARTESIAN_POINT('',(22.4763761626618,4.10000000000012,-0.723633415801412));
#2182=CARTESIAN_POINT('',(22.4763761626618,1.10000000000013,-0.72363341580142));
#2183=CARTESIAN_POINT('',(22.4763761626618,8.10000000000012,-0.723633415801412));
#2184=CARTESIAN_POINT('',(6.69913858561085,1.10000000000014,5.79459105978231E-5));
#2185=CARTESIAN_POINT('',(6.94999206170526,1.10000000000013,-15.7917762503839));
#2186=CARTESIAN_POINT('',(6.94999206170525,4.10000000000012,-15.7917762503839));
#2187=CARTESIAN_POINT('',(6.94999206170525,8.10000000000012,-15.7917762503839));
#2188=CARTESIAN_POINT('',(6.69913858561085,8.10000000000013,5.79459105978231E-5));
#2189=CARTESIAN_POINT('',(6.69913858561085,-52.5975172568294,5.79459105978231E-5));
#2190=CARTESIAN_POINT('',(22.4913774755175,4.10000000000012,-0.223874172920316));
#2191=CARTESIAN_POINT('',(22.4913774755175,8.10000000000012,-0.223874172920316));
#2192=CARTESIAN_POINT('',(22.4913774755175,1.10000000000013,-0.223874172920309));
#2193=CARTESIAN_POINT('',(6.69913858561085,8.10000000000013,5.79459105978231E-5));
#2194=CARTESIAN_POINT('',(6.94999206170525,8.10000000000012,15.7918921422051));
#2195=CARTESIAN_POINT('',(6.94999206170525,4.10000000000012,15.7918921422051));
#2196=CARTESIAN_POINT('',(6.94999206170526,1.10000000000013,15.7918921422051));
#2197=CARTESIAN_POINT('',(6.69913858561085,1.10000000000014,5.79459105978231E-5));
#2198=CARTESIAN_POINT('',(6.69913858561085,-52.5975172568294,5.79459105978231E-5));
#2199=CARTESIAN_POINT('',(6.45000772246167,4.10000000000012,-15.7918035201342));
#2200=CARTESIAN_POINT('',(6.45000772246166,1.10000000000013,-15.7918035201342));
#2201=CARTESIAN_POINT('',(6.45000772246167,8.10000000000012,-15.7918035201342));
#2202=CARTESIAN_POINT('',(6.69913858561085,1.10000000000014,5.79459105978231E-5));
#2203=CARTESIAN_POINT('',(-9.08349840192479,1.10000000000013,-0.594353081406074));
#2204=CARTESIAN_POINT('',(-9.08349840192479,4.10000000000012,-0.594353081406067));
#2205=CARTESIAN_POINT('',(-9.08349840192479,8.10000000000012,-0.594353081406067));
#2206=CARTESIAN_POINT('',(6.69913858561085,8.10000000000013,5.79459105978231E-5));
#2207=CARTESIAN_POINT('',(6.69913858561085,-52.5975172568294,5.79459105978231E-5));
#2208=CARTESIAN_POINT('',(6.69999999999984,-11.7153130393432,-6.17961300114499));
#2209=CARTESIAN_POINT('',(6.69999999999984,-11.3648440762365,-6.67029670900628));
#2210=CARTESIAN_POINT('',(6.69999999999985,-10.9987558190667,-7.14821667330464));
#2211=CARTESIAN_POINT('',(6.69999999999985,-10.6154048792796,-7.6120299530598));
#2212=CARTESIAN_POINT('',(6.69999999999988,-11.7153130393432,-6.17961300114499));
#2213=CARTESIAN_POINT('',(6.69999999999985,-10.6154048792796,-7.6120299530598));
#2214=CARTESIAN_POINT('',(1.03085422955206,-11.7064817678916,-2.49228327604753));
#2215=CARTESIAN_POINT('',(1.50976050417529,-11.7072966408814,-3.57861965668383));
#2216=CARTESIAN_POINT('',(2.30954279292118,-11.7085736579261,-4.5245388375674));
#2217=CARTESIAN_POINT('',(4.3176002214142,-11.7116960118654,-5.8321583819218));
#2218=CARTESIAN_POINT('',(5.49907006898193,-11.713501075132,-6.18231729492231));
#2219=CARTESIAN_POINT('',(6.69999999999988,-11.7153130393432,-6.17961300114499));
#2220=CARTESIAN_POINT('',(1.03085422955203,-11.7064817678916,-2.49228327604755));
#2221=CARTESIAN_POINT('',(1.70648352437787,-12.4999999999999,-0.525503537223518));
#2222=CARTESIAN_POINT('',(1.67365855849141,-12.4562255045704,-0.865515039102582));
#2223=CARTESIAN_POINT('',(1.60775063421235,-12.3689903685201,-1.20044699412053));
#2224=CARTESIAN_POINT('',(1.51045145990272,-12.249810673817,-1.50855505518799));
#2225=CARTESIAN_POINT('',(1.39735500271854,-12.1112812224126,-1.86668687268654));
#2226=CARTESIAN_POINT('',(1.23822286536711,-11.9263123310464,-2.19835822306114));
#2227=CARTESIAN_POINT('',(1.04135108928087,-11.717595724762,-2.4774970743173));
#2228=CARTESIAN_POINT('',(1.03786444398886,-11.7138993047513,-2.48244068879011));
#2229=CARTESIAN_POINT('',(1.03436546736394,-11.7101946114228,-2.48736946466692));
#2230=CARTESIAN_POINT('',(1.03085422955203,-11.7064817678916,-2.49228327604755));
#2231=CARTESIAN_POINT('',(1.70648352437787,-12.4999999999999,-0.525503537223518));
#2232=CARTESIAN_POINT('',(6.69913858561086,-12.4999999999999,5.79459105907176E-5));
#2233=CARTESIAN_POINT('',(1.70647578301153,-12.4999999999999,0.525545883498577));
#2234=CARTESIAN_POINT('',(1.03034812411756,-11.7059862576674,2.49296959137637));
#2235=CARTESIAN_POINT('',(1.17670757942277,-11.8607280332203,2.28827250883695));
#2236=CARTESIAN_POINT('',(1.30249395648814,-12.0023867835403,2.0557073244092));
#2237=CARTESIAN_POINT('',(1.40390621745093,-12.1218801832344,1.80529988918692));
#2238=CARTESIAN_POINT('',(1.5311349883551,-12.2717930066928,1.49114625622253));
#2239=CARTESIAN_POINT('',(1.62266139599461,-12.3895890407137,1.14139513360407));
#2240=CARTESIAN_POINT('',(1.67546367084984,-12.4589567431767,0.781181916865823));
#2241=CARTESIAN_POINT('',(1.68784745647066,-12.4752256398988,0.696700646577717));
#2242=CARTESIAN_POINT('',(1.69818975535199,-12.488951664571,0.611361943803297));
#2243=CARTESIAN_POINT('',(1.70647578301153,-12.4999999999999,0.525545883498577));
#2244=CARTESIAN_POINT('',(1.03034812411756,-11.7059862576674,2.49296959137637));
#2245=CARTESIAN_POINT('',(6.69999999999984,-11.7140602345867,6.18148276881834));
#2246=CARTESIAN_POINT('',(4.29960209605048,-11.7104487684027,6.18687275691433));
#2247=CARTESIAN_POINT('',(1.99350767519447,-11.7071895852635,4.6789795032172));
#2248=CARTESIAN_POINT('',(1.03034812412622,-11.7059862576746,2.49296959137125));
#2249=CARTESIAN_POINT('',(6.69999999999985,-11.7140602345867,6.18148276881838));
#2250=CARTESIAN_POINT('',(6.69999999999985,-10.6192282850484,7.60751877296414));
#2251=CARTESIAN_POINT('',(6.69999999999985,-11.0003551805335,7.14616438076962));
#2252=CARTESIAN_POINT('',(6.69999999999986,-11.3648018602205,6.67038910214523));
#2253=CARTESIAN_POINT('',(6.69999999999986,-11.7140602345867,6.18148276881838));
#2254=CARTESIAN_POINT('',(6.69999999999985,-10.6192282850484,7.60751877296414));
#2255=CARTESIAN_POINT('',(-0.0870590750032683,-10.6436348283042,3.37224178026214));
#2256=CARTESIAN_POINT('',(0.532044596029181,-10.6416179005494,4.62363283749659));
#2257=CARTESIAN_POINT('',(1.51416119409187,-10.638192595364,5.71031713957593));
#2258=CARTESIAN_POINT('',(3.893422574482,-10.6296291975004,7.19565809591602));
#2259=CARTESIAN_POINT('',(5.28662432712916,-10.6245086221769,7.60128696145894));
#2260=CARTESIAN_POINT('',(6.69999999999985,-10.6192282850484,7.60751877296411));
#2261=CARTESIAN_POINT('',(-0.0870590750033191,-10.6436348283041,3.37224178026217));
#2262=CARTESIAN_POINT('',(-0.0889620635752892,-10.6419317324365,-3.3729434440425));
#2263=CARTESIAN_POINT('',(-0.222803938797362,-10.525328822044,-3.42173096329453));
#2264=CARTESIAN_POINT('',(-0.36136423109468,-10.4075269363239,-3.45684722804924));
#2265=CARTESIAN_POINT('',(-0.501984858610311,-10.2905345639011,-3.4775530779885));
#2266=CARTESIAN_POINT('',(-0.800802146404464,-10.0419270584615,-3.52155278151446));
#2267=CARTESIAN_POINT('',(-1.11524780243665,-9.79199362713703,-3.49990626670198));
#2268=CARTESIAN_POINT('',(-1.41752561283226,-9.55908274882482,-3.4138011840287));
#2269=CARTESIAN_POINT('',(-1.71995193826173,-9.3260574368169,-3.32765379623467));
#2270=CARTESIAN_POINT('',(-2.01842280111285,-9.1035578301801,-3.1746093716156));
#2271=CARTESIAN_POINT('',(-2.2862596268842,-8.90757673530154,-2.96715167476195));
#2272=CARTESIAN_POINT('',(-2.55424252729132,-8.71148875494534,-2.75958083324488));
#2273=CARTESIAN_POINT('',(-2.79890889926463,-8.53646404225684,-2.49181881984353));
#2274=CARTESIAN_POINT('',(-2.99852390842527,-8.39503849706587,-2.18603515696384));
#2275=CARTESIAN_POINT('',(-3.19817125605031,-8.25359004034646,-1.88020195585483));
#2276=CARTESIAN_POINT('',(-3.35824546798433,-8.14180865370319,-1.5278979741559));
#2277=CARTESIAN_POINT('',(-3.46463697696134,-8.06773527255221,-1.15831082983801));
#2278=CARTESIAN_POINT('',(-3.57102797170084,-7.99366224943086,-0.788725471899277));
#2279=CARTESIAN_POINT('',(-3.62666545592622,-7.95523840712507,-0.39166209073084));
#2280=CARTESIAN_POINT('',(-3.62666642551586,-7.95523985420401,9.3072242862596E-15));
#2281=CARTESIAN_POINT('',(-3.62666711082021,-7.95524087699699,0.276826110894452));
#2282=CARTESIAN_POINT('',(-3.59927031295929,-7.97418806574355,0.555580295590875));
#2283=CARTESIAN_POINT('',(-3.54569020123189,-8.01139122767902,0.82461150575754));
#2284=CARTESIAN_POINT('',(-3.46992436115517,-8.06399897198334,1.20503952257175));
#2285=CARTESIAN_POINT('',(-3.33924739737018,-8.1548471152132,1.57479441773263));
#2286=CARTESIAN_POINT('',(-3.16514567228701,-8.27739737968956,1.90328115302091));
#2287=CARTESIAN_POINT('',(-2.99114853960128,-8.39987402154119,2.23157054841977));
#2288=CARTESIAN_POINT('',(-2.76900083385413,-8.55741772633984,2.52768181942425));
#2289=CARTESIAN_POINT('',(-2.51834650995832,-8.73875856704154,2.76713404121262));
#2290=CARTESIAN_POINT('',(-2.26746448544043,-8.92026414227324,3.0068037873549));
#2291=CARTESIAN_POINT('',(-1.98113422759196,-9.13068145570747,3.19631084540042));
#2292=CARTESIAN_POINT('',(-1.68493688601515,-9.35491464310655,3.32006165870673));
#2293=CARTESIAN_POINT('',(-1.38688328697118,-9.58055309135733,3.44458801365039));
#2294=CARTESIAN_POINT('',(-1.07061952644608,-9.82656465553923,3.50596727067975));
#2295=CARTESIAN_POINT('',(-0.76468254210997,-10.0747915234147,3.49952879355384));
#2296=CARTESIAN_POINT('',(-0.533343296703909,-10.2624923220888,3.49466023396106));
#2297=CARTESIAN_POINT('',(-0.303611881741656,-10.4549300014702,3.45141569884492));
#2298=CARTESIAN_POINT('',(-0.0870590750033191,-10.6436348283041,3.37224178026217));
#2299=CARTESIAN_POINT('',(-0.0889620635752892,-10.6419317324365,-3.3729434440425));
#2300=CARTESIAN_POINT('',(6.69999999999984,-10.6154048792798,-7.61202995305964));
#2301=CARTESIAN_POINT('',(3.87315983591714,-10.6259578249488,-7.59958192386069));
#2302=CARTESIAN_POINT('',(1.16235620489345,-10.6365746278701,-5.90581390807582));
#2303=CARTESIAN_POINT('',(-0.0889620635519587,-10.6419317324567,-3.37294344403428));
#2304=CARTESIAN_POINT('',(6.69913858641416,-13.1587201881384,-3.94408816360195));
#2305=CARTESIAN_POINT('',(7.6877396778025,-13.158812101238,-3.94413951442295));
#2306=CARTESIAN_POINT('',(8.68494471521196,-13.158880006077,-3.5545476662868));
#2307=CARTESIAN_POINT('',(10.1496393909121,-13.1589678039054,-2.16184244708593));
#2308=CARTESIAN_POINT('',(10.6067673225369,-13.1589876968948,-1.16424485573968));
#2309=CARTESIAN_POINT('',(10.6760306694103,-13.1589794723928,0.899774006522043));
#2310=CARTESIAN_POINT('',(10.2843974116978,-13.1589513549013,1.95372003060736));
#2311=CARTESIAN_POINT('',(9.19418726924067,-13.1588731693525,3.10012762860014));
#2312=CARTESIAN_POINT('',(8.75119459084609,-13.1588411059252,3.41037906768304));
#2313=CARTESIAN_POINT('',(8.01726997507395,-13.158784008004,3.72702571762691));
#2314=CARTESIAN_POINT('',(7.76125441467655,-13.1587634748986,3.80797720824413));
#2315=CARTESIAN_POINT('',(7.23672578803118,-13.1587194076696,3.91656726675668));
#2316=CARTESIAN_POINT('',(6.9343643894278,-13.1586927215452,3.94418871481378));
#2317=CARTESIAN_POINT('',(6.69913858561085,-13.1586708504412,3.94417649985171));
#2318=CARTESIAN_POINT('',(6.69913858561085,-13.1586558484206,-3.94405222866766));
#2319=CARTESIAN_POINT('',(6.69913858561085,-13.1586311795721,3.94415434270315));
#2320=CARTESIAN_POINT('',(6.69913858561085,-13.1586708504412,3.94417649985171));
#2321=CARTESIAN_POINT('',(5.75823217302619,-13.1585833657282,3.94412763983737));
#2322=CARTESIAN_POINT('',(4.71389330568489,-13.1585110729139,3.55459795284276));
#2323=CARTESIAN_POINT('',(3.24939666222905,-13.1584232941119,2.16202747993268));
#2324=CARTESIAN_POINT('',(2.79225814803631,-13.1584034050643,1.16449702807926));
#2325=CARTESIAN_POINT('',(2.72289852325655,-13.1584116290435,-0.899470618930442));
#2326=CARTESIAN_POINT('',(3.1144514086256,-13.1584397420703,-1.95342164179207));
#2327=CARTESIAN_POINT('',(4.20448453950937,-13.1585179117164,-3.09986242933481));
#2328=CARTESIAN_POINT('',(4.64740690716149,-13.1585499682569,-3.41012958643051));
#2329=CARTESIAN_POINT('',(5.62579750736626,-13.1586260807705,-3.83237996607261));
#2330=CARTESIAN_POINT('',(6.20483636101964,-13.1586742314324,-3.9440624881042));
#2331=CARTESIAN_POINT('',(6.69913858641417,-13.1587201881384,-3.94408816360195));
#2332=CARTESIAN_POINT('',(6.69913858561085,1.10000000000014,14.9999999752656));
#2333=CARTESIAN_POINT('',(6.69913858561085,-2.09247753660733,14.0489313236177));
#2334=CARTESIAN_POINT('',(6.69913858561085,-7.85976571699004,11.373200195699));
#2335=CARTESIAN_POINT('',(6.69913858561085,-11.7447878677197,6.36579077031051));
#2336=CARTESIAN_POINT('',(6.69913858561085,-13.158591508703,3.9441321855546));
#2337=CARTESIAN_POINT('',(6.69913858561086,8.10000000000012,5.79459105907176E-5));
#2338=CARTESIAN_POINT('',(6.69999999999984,6.97690928690603,-7.30203657269974));
#2339=CARTESIAN_POINT('',(6.69999999999985,-11.4999999999999,6.50096024900573));
#2340=CARTESIAN_POINT('',(6.69999999999984,-11.4999999999999,3.13950037708109E-14));
#2341=CARTESIAN_POINT('',(6.69999999999985,-11.4999999999999,-6.50096024900567));
#2342=CARTESIAN_POINT('',(6.69999999999984,6.97690928690603,7.30203657269981));
#2343=CARTESIAN_POINT('',(-0.0889620635752892,-10.6419317324365,-3.3729434440425));
#2344=CARTESIAN_POINT('',(-0.265160211750366,-10.4842597203919,-3.43781333672374));
#2345=CARTESIAN_POINT('',(-0.449867842461594,-10.3240733578159,-3.47848775945134));
#2346=CARTESIAN_POINT('',(-0.6369391771179,-10.1662898267307,-3.49342184285746));
#2347=CARTESIAN_POINT('',(-0.935296230534496,-9.9146434186975,-3.51723997153395));
#2348=CARTESIAN_POINT('',(-1.24648021680974,-9.66356779708991,-3.47495102447197));
#2349=CARTESIAN_POINT('',(-1.54317486511755,-9.43175456059269,-3.36938086626754));
#2350=CARTESIAN_POINT('',(-1.83999508645813,-9.19984321146921,-3.26376602655298));
#2351=CARTESIAN_POINT('',(-2.13037428267561,-8.98074988112672,-3.09190162074618));
#2352=CARTESIAN_POINT('',(-2.38826350043544,-8.79019609818855,-2.86779892288636));
#2353=CARTESIAN_POINT('',(-2.64601938019324,-8.59974083841051,-2.64381209418247));
#2354=CARTESIAN_POINT('',(-2.8783635067298,-8.4324611104014,-2.36148638325264));
#2355=CARTESIAN_POINT('',(-3.06445505554098,-8.30000000000013,-2.04414525977195));
#2356=CARTESIAN_POINT('',(-3.06445505554098,-8.30000000000013,-2.04414525977195));
#2357=CARTESIAN_POINT('',(6.69999999999984,-8.29999999999995,3.13950037708109E-14));
#2358=CARTESIAN_POINT('',(-3.06445505554087,-8.29999999999995,2.04414525977195));
#2359=CARTESIAN_POINT('',(-3.06445505554087,-8.29999999999995,2.04414525977195));
#2360=CARTESIAN_POINT('',(-2.92277219527796,-8.40085073242249,2.2857564363193));
#2361=CARTESIAN_POINT('',(-2.75492431867712,-8.52142154101522,2.50675006599667));
#2362=CARTESIAN_POINT('',(-2.56972041989537,-8.65682909148891,2.69644765403033));
#2363=CARTESIAN_POINT('',(-2.32599584486926,-8.83502268196737,2.94608583298394));
#2364=CARTESIAN_POINT('',(-2.04589169867047,-9.04364043473301,3.14699714672849));
#2365=CARTESIAN_POINT('',(-1.754635258286,-9.26779067559367,3.28264448362536));
#2366=CARTESIAN_POINT('',(-1.46097118428674,-9.49379382536838,3.41941313165149));
#2367=CARTESIAN_POINT('',(-1.14784978832416,-9.74200324354144,3.49362420805653));
#2368=CARTESIAN_POINT('',(-0.843527552966454,-9.99374515728665,3.49959589790205));
#2369=CARTESIAN_POINT('',(-0.585327146593015,-10.2073340997898,3.50466254294373));
#2370=CARTESIAN_POINT('',(-0.327825293007006,-10.4281344075425,3.46114933912387));
#2371=CARTESIAN_POINT('',(-0.0870590750033191,-10.6436348283041,3.37224178026217));
#2372=CARTESIAN_POINT('',(0.294013454721855,-11.4999999999999,-1.10716780158565));
#2373=CARTESIAN_POINT('',(2.17817922556602,-11.4999999999999,-12.0088039942338));
#2374=CARTESIAN_POINT('',(13.2009602490054,-11.4999999999999,-11.0632613784939));
#2375=CARTESIAN_POINT('',(13.2009602490054,-11.4999999999999,4.31512464649231E-14));
#2376=CARTESIAN_POINT('',(13.2009602490054,-11.4999999999999,11.063261378494));
#2377=CARTESIAN_POINT('',(2.17817922556598,-11.4999999999999,12.0088039942338));
#2378=CARTESIAN_POINT('',(0.294013454721851,-11.4999999999999,1.10716780158568));
#2379=CARTESIAN_POINT('',(-0.953469942394291,-10.5542631225819,-1.32277447520843));
#2380=CARTESIAN_POINT('',(1.2976128520698,-10.5542631225819,-14.347363948449));
#2381=CARTESIAN_POINT('',(14.4669385520546,-10.5542631225819,-13.2176890829668));
#2382=CARTESIAN_POINT('',(14.4669385520545,-10.5542631225819,4.55364912443912E-14));
#2383=CARTESIAN_POINT('',(14.4669385520545,-10.5542631225819,13.2176890829669));
#2384=CARTESIAN_POINT('',(1.29761285206974,-10.5542631225819,14.3473639484491));
#2385=CARTESIAN_POINT('',(-0.953469942394296,-10.5542631225819,1.32277447520847));
#2386=CARTESIAN_POINT('',(-2.09895125570183,-9.4838441167656,-1.5207517919649));
#2387=CARTESIAN_POINT('',(0.489047120214203,-9.4838441167656,-16.4947085414076));
#2388=CARTESIAN_POINT('',(15.6294025115333,-9.4838441167656,-15.1959572363152));
#2389=CARTESIAN_POINT('',(15.6294025115332,-9.4838441167656,4.77048955893622E-14));
#2390=CARTESIAN_POINT('',(15.6294025115332,-9.4838441167656,15.1959572363153));
#2391=CARTESIAN_POINT('',(0.489047120214141,-9.4838441167656,16.4947085414076));
#2392=CARTESIAN_POINT('',(-2.09895125570184,-9.4838441167656,1.52075179196493));
#2393=CARTESIAN_POINT('',(-3.13038407808248,-8.29999999999994,-1.6990177315461));
#2394=CARTESIAN_POINT('',(-0.239014721737628,-8.29999999999994,-18.4282553120168));
#2395=CARTESIAN_POINT('',(16.6761271230233,-8.29999999999994,-16.9772614628697));
#2396=CARTESIAN_POINT('',(16.6761271230232,-8.29999999999994,4.96564594998361E-14));
#2397=CARTESIAN_POINT('',(16.6761271230232,-8.29999999999994,16.9772614628698));
#2398=CARTESIAN_POINT('',(-0.239014721737696,-8.29999999999994,18.4282553120168));
#2399=CARTESIAN_POINT('',(-3.13038407808249,-8.29999999999994,1.69901773154613));
#2400=CARTESIAN_POINT('',(-3.06445505554098,-8.30000000000013,-2.04414525977195));
#2401=CARTESIAN_POINT('',(-3.19511153372966,-8.20699791423883,-1.82133732548744));
#2402=CARTESIAN_POINT('',(-3.30600663615137,-8.13023352323048,-1.57784664419005));
#2403=CARTESIAN_POINT('',(-3.39166727602489,-8.07155507190234,-1.32371484186114));
#2404=CARTESIAN_POINT('',(-3.51389914616556,-7.98782493804639,-0.961086153740805));
#2405=CARTESIAN_POINT('',(-3.58682192099018,-7.93930440692161,-0.56787334025621));
#2406=CARTESIAN_POINT('',(-3.60325270216731,-7.92830893255034,-0.176644430518242));
#2407=CARTESIAN_POINT('',(-3.61967443131987,-7.9173195157915,0.214368943898393));
#2408=CARTESIAN_POINT('',(-3.58011528282675,-7.9435003141969,0.61417854210439));
#2409=CARTESIAN_POINT('',(-3.48846483823851,-8.00560634552829,0.989711411931768));
#2410=CARTESIAN_POINT('',(-3.39685607275955,-8.06768413341712,1.36507350380393));
#2411=CARTESIAN_POINT('',(-3.25070545708328,-8.16742581724637,1.72653324540709));
#2412=CARTESIAN_POINT('',(-3.06445505554087,-8.29999999999995,2.04414525977195));
#2413=CARTESIAN_POINT('',(5.24745955194362,-7.32398445336816,-10.7413270863805));
#2414=CARTESIAN_POINT('',(8.18428805254018,-7.32621825553709,-11.136478837562));
#2415=CARTESIAN_POINT('',(11.2685716340982,-7.32850887817596,-10.2609806529007));
#2416=CARTESIAN_POINT('',(15.848903926509,-7.33179439417072,-6.51108169886989));
#2417=CARTESIAN_POINT('',(17.3105262439065,-7.33276231680294,-3.66137537547292));
#2418=CARTESIAN_POINT('',(17.7037924024941,-7.33276078100233,2.21484062443224));
#2419=CARTESIAN_POINT('',(16.6447059460353,-7.33179910545869,5.22660458776777));
#2420=CARTESIAN_POINT('',(12.5746195083254,-7.32848719242968,9.57950239004666));
#2421=CARTESIAN_POINT('',(9.64219688108992,-7.32620300236289,10.8373673170514));
#2422=CARTESIAN_POINT('',(6.69913858559041,-7.32398445336754,10.8390950077869));
#2423=CARTESIAN_POINT('',(5.24745955194349,-7.3239844533669,-10.7413270863815));
#2424=CARTESIAN_POINT('',(6.69913858561085,-7.32398445336754,10.8390950077869));
#2425=CARTESIAN_POINT('',(6.69999999999984,-7.32398445336754,3.13950037708109E-14));
#2426=CARTESIAN_POINT('',(6.69999999999984,-7.32398445336754,3.13950037708109E-14));
#2427=CARTESIAN_POINT('',(6.69999999999984,-6.82221893597095,3.13950037708108E-14));
#2428=CARTESIAN_POINT('',(-4.47776208272842,-6.82221893597094,-2.09819936525457E-14));
#2429=CARTESIAN_POINT('',(5.03737929233748,-4.99999999999102,-12.295770523079));
#2430=CARTESIAN_POINT('',(8.40307992029558,-5.01036792964761,-12.7445193291148));
#2431=CARTESIAN_POINT('',(11.908489355071,-5.02086896243029,-11.7497566237534));
#2432=CARTESIAN_POINT('',(17.16693754666,-5.03604679409716,-7.44305464247239));
#2433=CARTESIAN_POINT('',(18.8300961360015,-5.04045972062117,-4.18706645325071));
#2434=CARTESIAN_POINT('',(19.2804815959415,-5.04045520114121,2.53027842297182));
#2435=CARTESIAN_POINT('',(18.0695482307849,-5.03604642788523,5.97677806706234));
#2436=CARTESIAN_POINT('',(13.426047381133,-5.02083948653337,10.953471014899));
#2437=CARTESIAN_POINT('',(10.0688607310921,-5.01028928154831,12.4016516980577));
#2438=CARTESIAN_POINT('',(6.69913858561088,-4.9999999999907,12.407670193543));
#2439=CARTESIAN_POINT('',(5.03737929233815,-5.00000000000002,-12.2957705230737));
#2440=CARTESIAN_POINT('',(6.69913858561085,-4.99999999999995,12.4076701935374));
#2441=CARTESIAN_POINT('',(6.69999999999984,-4.99999999999995,3.13950037708109E-14));
#2442=CARTESIAN_POINT('',(6.69999999999979,-6.82221893597095,11.1777620827283));
#2443=CARTESIAN_POINT('',(-15.6555241654567,-6.82221893597095,11.1777620827282));
#2444=CARTESIAN_POINT('',(-15.6555241654566,-6.82221893597095,-11.1777620827283));
#2445=CARTESIAN_POINT('',(6.6999999999999,-6.82221893597095,-11.1777620827282));
#2446=CARTESIAN_POINT('',(29.0555241654564,-6.82221893597095,-11.1777620827281));
#2447=CARTESIAN_POINT('',(29.0555241654563,-6.82221893597095,11.1777620827284));
#2448=CARTESIAN_POINT('',(6.69999999999979,-6.82221893597095,11.1777620827283));
#2449=CARTESIAN_POINT('',(6.69999999999979,-6.23459723470063,11.6165475561832));
#2450=CARTESIAN_POINT('',(-16.5330951123666,-6.23459723470063,11.6165475561831));
#2451=CARTESIAN_POINT('',(-16.5330951123665,-6.23459723470063,-11.6165475561833));
#2452=CARTESIAN_POINT('',(6.6999999999999,-6.23459723470063,-11.6165475561832));
#2453=CARTESIAN_POINT('',(29.9330951123663,-6.23459723470063,-11.6165475561831));
#2454=CARTESIAN_POINT('',(29.9330951123662,-6.23459723470063,11.6165475561834));
#2455=CARTESIAN_POINT('',(6.69999999999979,-6.23459723470063,11.6165475561832));
#2456=CARTESIAN_POINT('',(6.69999999999979,-5.6267303911083,12.0268277725964));
#2457=CARTESIAN_POINT('',(-17.353655545193,-5.6267303911083,12.0268277725963));
#2458=CARTESIAN_POINT('',(-17.3536555451929,-5.6267303911083,-12.0268277725965));
#2459=CARTESIAN_POINT('',(6.6999999999999,-5.6267303911083,-12.0268277725964));
#2460=CARTESIAN_POINT('',(30.7536555451927,-5.6267303911083,-12.0268277725962));
#2461=CARTESIAN_POINT('',(30.7536555451926,-5.6267303911083,12.0268277725965));
#2462=CARTESIAN_POINT('',(6.69999999999979,-5.6267303911083,12.0268277725964));
#2463=CARTESIAN_POINT('',(6.69999999999979,-4.99999999999075,12.4076702234453));
#2464=CARTESIAN_POINT('',(-18.1153404468907,-4.99999999999075,12.4076702234452));
#2465=CARTESIAN_POINT('',(-18.1153404468906,-4.99999999999075,-12.4076702234453));
#2466=CARTESIAN_POINT('',(6.6999999999999,-4.99999999999075,-12.4076702234452));
#2467=CARTESIAN_POINT('',(31.5153404468904,-4.99999999999075,-12.4076702234451));
#2468=CARTESIAN_POINT('',(31.5153404468903,-4.99999999999075,12.4076702234454));
#2469=CARTESIAN_POINT('',(6.69999999999979,-4.99999999999075,12.4076702234453));
#2470=CARTESIAN_POINT('',(6.69913858561085,-7.32398445336756,10.8390950077868));
#2471=CARTESIAN_POINT('',(9.64598725234393,-7.32172818345647,10.840852073618));
#2472=CARTESIAN_POINT('',(12.5825447172879,-7.31940712623479,9.58387488418518));
#2473=CARTESIAN_POINT('',(16.6593680634114,-7.316042915542,5.22639658579708));
#2474=CARTESIAN_POINT('',(17.7177906263567,-7.31506901888404,2.21400776222208));
#2475=CARTESIAN_POINT('',(17.3239025235418,-7.31506783971746,-3.66418518780111));
#2476=CARTESIAN_POINT('',(15.8643224776116,-7.31604696651652,-6.51424918310103));
#2477=CARTESIAN_POINT('',(11.2656910085385,-7.31939261717823,-10.2725723562676));
#2478=CARTESIAN_POINT('',(8.18990498147703,-7.321710890067,-11.140779968662));
#2479=CARTESIAN_POINT('',(5.24745955194349,-7.32398445336691,-10.7413270863815));
#2480=CARTESIAN_POINT('',(6.69999999999985,-4.99999999999995,3.13950037708109E-14));
#2481=CARTESIAN_POINT('',(6.69999999999985,-15.8558534239257,3.13950037708109E-14));
#2482=CARTESIAN_POINT('',(6.69999999999985,-15.8558534239257,3.13950037708109E-14));
#2483=CARTESIAN_POINT('',(1.03034812411756,-11.7059862576674,2.49296959137637));
#2484=CARTESIAN_POINT('',(1.22609832154975,-11.8976194249776,2.22760284583561));
#2485=CARTESIAN_POINT('',(1.38235698748874,-12.0738294979386,1.91511166014133));
#2486=CARTESIAN_POINT('',(1.49505509826559,-12.2116552510391,1.57782229200686));
#2487=CARTESIAN_POINT('',(1.60896970489956,-12.3509687350031,1.23689212531637));
#2488=CARTESIAN_POINT('',(1.68196153677296,-12.4538258589124,0.860872377588527));
#2489=CARTESIAN_POINT('',(1.71451327316565,-12.5,0.479524116636675));
#2490=CARTESIAN_POINT('',(1.71451327316565,-12.5,0.479524116636675));
#2491=CARTESIAN_POINT('',(6.69999999999984,-12.5,3.13950037708109E-14));
#2492=CARTESIAN_POINT('',(1.71451327316566,-12.5,-0.479524116636694));
#2493=CARTESIAN_POINT('',(1.71451327316566,-12.5,-0.479524116636694));
#2494=CARTESIAN_POINT('',(1.70571812911515,-12.4875242224447,-0.5825604907342));
#2495=CARTESIAN_POINT('',(1.69403918595938,-12.471075626683,-0.684983267532371));
#2496=CARTESIAN_POINT('',(1.67946374752398,-12.450942455057,-0.786135163047652));
#2497=CARTESIAN_POINT('',(1.62381871472797,-12.3740795187974,-1.17230540199273));
#2498=CARTESIAN_POINT('',(1.52407374995062,-12.2407273286438,-1.54629848114199));
#2499=CARTESIAN_POINT('',(1.38032422355982,-12.0758234369078,-1.87837454809801));
#2500=CARTESIAN_POINT('',(1.28427180544473,-11.9656358212995,-2.10026543031601));
#2501=CARTESIAN_POINT('',(1.16718208216426,-11.8399688913797,-2.30735397675811));
#2502=CARTESIAN_POINT('',(1.03085422955203,-11.7064817678916,-2.49228327604755));
#2503=CARTESIAN_POINT('',(6.69999999999984,-11.4999999999999,3.13950037708109E-14));
#2504=CARTESIAN_POINT('',(-2.4587804490771,-12.4999999999999,-1.68084627573347E-15));
#2505=CARTESIAN_POINT('',(-2.4587804490771,-12.4999999999999,-1.68084627573347E-15));
#2506=CARTESIAN_POINT('',(11.3222324457713,-12.4999999999999,4.22244817607036E-14));
#2507=CARTESIAN_POINT('',(6.69913858561086,-5.00000000000004,12.4076701935376));
#2508=CARTESIAN_POINT('',(10.0865005782785,-5.00000000000004,12.4079053643888));
#2509=CARTESIAN_POINT('',(13.4493613219181,-5.00000000000005,10.9485443527669));
#2510=CARTESIAN_POINT('',(18.0764348704043,-5.00000000000005,6.00010261060224));
#2511=CARTESIAN_POINT('',(19.3070410042727,-5.00000000000005,2.54696266460534));
#2512=CARTESIAN_POINT('',(18.8523442063802,-5.00000000000005,-4.21248525077099));
#2513=CARTESIAN_POINT('',(17.1703437606338,-5.00000000000005,-7.46969900547958));
#2514=CARTESIAN_POINT('',(11.922208952885,-5.00000000000004,-11.7538519367361));
#2515=CARTESIAN_POINT('',(8.39419206143614,-5.00000000000004,-12.7496750922239));
#2516=CARTESIAN_POINT('',(5.03737929233815,-5.00000000000004,-12.2957705230737));
#2517=CARTESIAN_POINT('',(6.69913858561085,1.10000000000014,14.9999999752656));
#2518=CARTESIAN_POINT('',(6.69913858561085,-2.09247753660733,14.0489313236177));
#2519=CARTESIAN_POINT('',(6.69913858561085,-7.85976571699004,11.373200195699));
#2520=CARTESIAN_POINT('',(6.69913858561085,-11.7447878677197,6.36579077031051));
#2521=CARTESIAN_POINT('',(6.69913858561085,-13.158591508703,3.9441321855546));
#2522=CARTESIAN_POINT('',(6.69913858561086,8.10000000000012,5.79459105907176E-5));
#2523=CARTESIAN_POINT('',(6.69913858561085,1.10000000000014,14.9999999752656));
#2524=CARTESIAN_POINT('',(6.69913858561085,-2.09247753660733,14.0489313236177));
#2525=CARTESIAN_POINT('',(6.69913858561085,-7.85976571699004,11.373200195699));
#2526=CARTESIAN_POINT('',(6.69913858561085,-11.7447878677197,6.36579077031051));
#2527=CARTESIAN_POINT('',(6.69913858561085,-13.158591508703,3.9441321855546));
#2528=CARTESIAN_POINT('',(6.69913858561086,8.10000000000012,5.79459105907176E-5));
#2529=CARTESIAN_POINT('',(6.69999999999984,-14.9,3.13950037708109E-14));
#2530=CARTESIAN_POINT('',(6.69999999999984,-14.9,3.38271077815477E-14));
#2531=CARTESIAN_POINT('',(6.69999999999984,-14.9,3.38271077815477E-14));
#2532=CARTESIAN_POINT('',(6.69999999999984,-14.9,2.89628997600741E-14));
#2533=CARTESIAN_POINT('',(6.69999999999984,-14.9,2.89628997600741E-14));
#2534=CARTESIAN_POINT('',(6.69999999999985,-14.9,2.89628997600741E-14));
#2535=CARTESIAN_POINT('',(6.69999999999985,-14.9,3.38271077815477E-14));
#2536=CARTESIAN_POINT('',(6.69999999999984,-14.9,3.38271077815477E-14));
#2537=CARTESIAN_POINT('',(6.69999999999984,-14.4407869032414,1.37580292307861));
#2538=CARTESIAN_POINT('',(3.94839415384268,-14.4407869032414,1.3758029230786));
#2539=CARTESIAN_POINT('',(3.94839415384269,-14.4407869032414,-1.37580292307856));
#2540=CARTESIAN_POINT('',(6.69999999999985,-14.4407869032414,-1.37580292307855));
#2541=CARTESIAN_POINT('',(9.45160584615701,-14.4407869032414,-1.37580292307853));
#2542=CARTESIAN_POINT('',(9.451605846157,-14.4407869032414,1.37580292307862));
#2543=CARTESIAN_POINT('',(6.69999999999984,-14.4407869032414,1.37580292307861));
#2544=CARTESIAN_POINT('',(6.69999999999983,-13.8542100027475,2.70231635730879));
#2545=CARTESIAN_POINT('',(1.29536728538231,-13.8542100027475,2.70231635730877));
#2546=CARTESIAN_POINT('',(1.29536728538233,-13.8542100027475,-2.70231635730876));
#2547=CARTESIAN_POINT('',(6.69999999999986,-13.8542100027475,-2.70231635730873));
#2548=CARTESIAN_POINT('',(12.1046327146174,-13.8542100027475,-2.70231635730871));
#2549=CARTESIAN_POINT('',(12.1046327146174,-13.8542100027475,2.70231635730882));
#2550=CARTESIAN_POINT('',(6.69999999999983,-13.8542100027475,2.70231635730879));
#2551=CARTESIAN_POINT('',(6.69999999999983,-13.1454697488541,3.96777975223469));
#2552=CARTESIAN_POINT('',(-1.23555950446949,-13.1454697488541,3.96777975223465));
#2553=CARTESIAN_POINT('',(-1.23555950446945,-13.1454697488541,-3.96777975223466));
#2554=CARTESIAN_POINT('',(6.69999999999986,-13.1454697488541,-3.96777975223463));
#2555=CARTESIAN_POINT('',(14.6355595044692,-13.1454697488541,-3.96777975223459));
#2556=CARTESIAN_POINT('',(14.6355595044691,-13.1454697488541,3.96777975223473));
#2557=CARTESIAN_POINT('',(6.69999999999983,-13.1454697488541,3.96777975223469));
#2558=CARTESIAN_POINT('',(-2.5644342535318,-12.6576846408888,-2.17592113980151E-15));
#2559=CARTESIAN_POINT('',(6.69999999999985,-4.01465887803524,3.13950037708109E-14));
#2560=CARTESIAN_POINT('',(19.7064280515745,-4.01465887803525,9.23408034311059E-14));
#2561=CARTESIAN_POINT('',(6.69999999999985,-4.01465887803524,3.13950037708109E-14));
#2562=CARTESIAN_POINT('',(-2.5644342535318,-12.6576846408888,-2.17592113980151E-15));
#2563=CARTESIAN_POINT('',(-2.5644342535318,-12.6576846408888,-2.17592113980151E-15));
#2564=CARTESIAN_POINT('',(6.69999999999985,-3.78173475703822,3.13950037708109E-14));
#2565=CARTESIAN_POINT('',(19.7982202000043,-3.78173475703823,9.27709250499244E-14));
#2566=CARTESIAN_POINT('',(6.69999999999985,-3.78173475703822,3.13950037708109E-14));
#2567=CARTESIAN_POINT('',(6.69913858561085,1.10000000000013,14.9999999752655));
#2568=CARTESIAN_POINT('',(10.6381990910792,1.10000000000013,15.0002261861591));
#2569=CARTESIAN_POINT('',(14.5212921105879,1.10000000000013,13.3915471701438));
#2570=CARTESIAN_POINT('',(20.0913022043071,1.10000000000013,7.82226536866382));
#2571=CARTESIAN_POINT('',(21.6998555944021,1.10000000000013,3.93833442413136));
#2572=CARTESIAN_POINT('',(21.7001444055975,1.10000000000013,-3.9383344241313));
#2573=CARTESIAN_POINT('',(20.0910979898262,1.10000000000013,-7.82206114243793));
#2574=CARTESIAN_POINT('',(14.5214963250688,1.10000000000013,-13.3917513963696));
#2575=CARTESIAN_POINT('',(10.639679986364,1.10000000000013,-15.0002262712034));
#2576=CARTESIAN_POINT('',(6.69913858561086,1.10000000000013,-14.9999999752655));
#2577=CARTESIAN_POINT('',(6.69913858561085,1.10000000000014,14.9999999752655));
#2578=CARTESIAN_POINT('',(6.6995194498402,1.10000000000014,-14.999884078877));
#2579=CARTESIAN_POINT('',(6.69913858561086,1.10000000000013,-14.9999999752655));
#2580=CARTESIAN_POINT('',(2.76036800260412,1.10000000000013,-14.9997737810214));
#2581=CARTESIAN_POINT('',(-1.12226615095406,1.10000000000013,-13.3908929845836));
#2582=CARTESIAN_POINT('',(-6.69154638785382,1.10000000000013,-7.82170133031168));
#2583=CARTESIAN_POINT('',(-8.29985560503299,1.10000000000013,-3.93804450061625));
#2584=CARTESIAN_POINT('',(-8.30014439496732,1.10000000000013,3.93804450061633));
#2585=CARTESIAN_POINT('',(-6.69134217668288,1.10000000000013,7.82149713085611));
#2586=CARTESIAN_POINT('',(-1.12247036212501,1.10000000000013,13.3910971840393));
#2587=CARTESIAN_POINT('',(2.75888710946907,1.10000000000013,14.9997736959773));
#2588=CARTESIAN_POINT('',(6.69913858561085,1.10000000000013,14.9999999752655));
#2589=CARTESIAN_POINT('',(6.69999999999978,-3.78173475703821,13.0982202000044));
#2590=CARTESIAN_POINT('',(-19.496440400009,-3.78173475703821,13.0982202000043));
#2591=CARTESIAN_POINT('',(-19.4964404000089,-3.78173475703821,-13.0982202000045));
#2592=CARTESIAN_POINT('',(6.69999999999991,-3.78173475703821,-13.0982202000044));
#2593=CARTESIAN_POINT('',(32.8964404000087,-3.78173475703821,-13.0982202000043));
#2594=CARTESIAN_POINT('',(32.8964404000086,-3.78173475703821,13.0982202000046));
#2595=CARTESIAN_POINT('',(6.69999999999978,-3.78173475703821,13.0982202000044));
#2596=CARTESIAN_POINT('',(6.69999999999978,-2.23032873385912,13.916397410075));
#2597=CARTESIAN_POINT('',(-21.1327948201502,-2.23032873385912,13.9163974100749));
#2598=CARTESIAN_POINT('',(-21.1327948201501,-2.23032873385912,-13.9163974100751));
#2599=CARTESIAN_POINT('',(6.69999999999991,-2.23032873385912,-13.916397410075));
#2600=CARTESIAN_POINT('',(34.5327948201499,-2.23032873385912,-13.9163974100748));
#2601=CARTESIAN_POINT('',(34.5327948201498,-2.23032873385912,13.9163974100752));
#2602=CARTESIAN_POINT('',(6.69999999999978,-2.23032873385912,13.916397410075));
#2603=CARTESIAN_POINT('',(6.69999999999978,-0.596033253578379,14.5530707006795));
#2604=CARTESIAN_POINT('',(-22.4061414013593,-0.596033253578379,14.5530707006794));
#2605=CARTESIAN_POINT('',(-22.4061414013591,-0.596033253578379,-14.5530707006796));
#2606=CARTESIAN_POINT('',(6.69999999999991,-0.596033253578379,-14.5530707006795));
#2607=CARTESIAN_POINT('',(35.8061414013589,-0.596033253578379,-14.5530707006793));
#2608=CARTESIAN_POINT('',(35.8061414013588,-0.596033253578379,14.5530707006797));
#2609=CARTESIAN_POINT('',(6.69999999999978,-0.596033253578379,14.5530707006795));
#2610=CARTESIAN_POINT('',(6.69999999999977,1.10000000000014,15.));
#2611=CARTESIAN_POINT('',(-23.3000000000002,1.10000000000014,14.9999999999999));
#2612=CARTESIAN_POINT('',(-23.3000000000001,1.10000000000014,-15.0000000000001));
#2613=CARTESIAN_POINT('',(6.69999999999991,1.10000000000014,-15.));
#2614=CARTESIAN_POINT('',(36.6999999999999,1.10000000000014,-14.9999999999998));
#2615=CARTESIAN_POINT('',(36.6999999999998,1.10000000000014,15.0000000000002));
#2616=CARTESIAN_POINT('',(6.69999999999977,1.10000000000014,15.));
#2617=CARTESIAN_POINT('',(22.4858545495046,8.10000000000012,-0.473813160051688));
#2618=CARTESIAN_POINT('',(6.69999999999985,8.10000000000012,-15.7937685064628));
#2619=CARTESIAN_POINT('',(-9.09092980194209,8.10000000000012,-0.344463557228316));
#2620=CARTESIAN_POINT('',(-9.09440490115862,8.10000000000012,-0.0944877110242572));
#2621=CARTESIAN_POINT('',(6.69913858561085,8.10000000000013,5.79459105978231E-5));
#2622=CARTESIAN_POINT('',(6.45000772246167,8.10000000000012,15.7919194119554));
#2623=CARTESIAN_POINT('',(6.69999999999985,8.10000000000012,15.793884398284));
#2624=CARTESIAN_POINT('',(29.6999999999998,8.10000000000013,23.));
#2625=CARTESIAN_POINT('',(6.45000772246167,4.10000000000012,15.7919194119554));
#2626=CARTESIAN_POINT('',(6.45000772246166,1.10000000000013,15.7919194119554));
#2627=CARTESIAN_POINT('',(-9.09440490115862,4.10000000000012,-0.0944877110242572));
#2628=CARTESIAN_POINT('',(-9.09440490115862,1.10000000000013,-0.0944877110242496));
#2629=CARTESIAN_POINT('',(6.69913858561085,1.10000000000014,5.79459105978231E-5));
#2630=CARTESIAN_POINT('',(6.69913858561085,-52.5975172568294,5.79459105978231E-5));
#2631=CARTESIAN_POINT('',(22.4858545495046,1.10000000000013,-0.473813160051688));
#2632=CARTESIAN_POINT('',(6.69999999999985,1.10000000000013,15.793884398284));
#2633=CARTESIAN_POINT('',(-9.09092980194209,1.10000000000013,-0.344463557228316));
#2634=CARTESIAN_POINT('',(6.69999999999985,1.10000000000013,-15.7937685064628));
#2635=CARTESIAN_POINT('',(6.69999999999984,1.10000000000013,3.13950037708109E-14));
#2636=CARTESIAN_POINT('',(6.69999999999985,-7.07437931420725,0.));
#2637=CARTESIAN_POINT('',(6.69999999999985,-7.07437931420725,0.));
#2638=CARTESIAN_POINT('',(-9.09092980194209,8.10000000000012,-0.344463557228316));
#2639=CARTESIAN_POINT('',(6.69999999999985,8.10000000000012,-15.7937685064628));
#2640=CARTESIAN_POINT('',(6.69999999999985,8.10000000000012,15.793884398284));
#2641=CARTESIAN_POINT('',(22.4858545495046,8.10000000000012,-0.473813160051688));
#2642=CARTESIAN_POINT('',(6.69913858561085,1.10000000000014,-14.9998840834444));
#2643=CARTESIAN_POINT('',(6.69913858561085,-2.09247753660733,-14.0488154317966));
#2644=CARTESIAN_POINT('',(6.69913858561085,-7.85976571699004,-11.3730843038778));
#2645=CARTESIAN_POINT('',(6.69913858561086,-11.7447878677197,-6.36567487848933));
#2646=CARTESIAN_POINT('',(6.69913858561086,-13.158591508703,-3.94401629373342));
#2647=CARTESIAN_POINT('',(6.69913858561085,-7.32286730920861,-10.8398490251404));
#2648=CARTESIAN_POINT('',(6.69913858561085,-7.32508431679619,-10.8381225367432));
#2649=CARTESIAN_POINT('',(6.69913858561085,-7.32398445336754,-10.8390950077868));
#2650=CARTESIAN_POINT('',(6.69913858561085,-7.32435107451042,-10.8387708507723));
#2651=CARTESIAN_POINT('',(6.69913858561085,-7.3247176956533,-10.8384466937577));
#2652=CARTESIAN_POINT('',(6.69913858561085,-7.32508431679619,-10.8381225367432));
#2653=CARTESIAN_POINT('',(6.69913858561085,-7.32398445336754,-10.8390950077868));
#2654=CARTESIAN_POINT('',(6.69913858561085,-7.32286730920861,-10.8398490251404));
#2655=CARTESIAN_POINT('',(6.69913858561085,-7.32323969059492,-10.8395976860225));
#2656=CARTESIAN_POINT('',(6.69913858561085,-7.32361207198123,-10.8393463469047));
#2657=CARTESIAN_POINT('',(6.69913858561085,-7.32398445336754,-10.8390950077868));
#2658=CARTESIAN_POINT('',(6.69913858561085,8.10000000000013,5.79459105978231E-5));
#2659=CARTESIAN_POINT('',(6.69999999999984,-7.32398445336754,3.13950037708109E-14));
#2660=CARTESIAN_POINT('',(5.24745955194349,-7.3239844533669,-10.7413270863815));
#2661=CARTESIAN_POINT('',(5.24745955194349,-7.32398445336692,-10.7413270863815));
#2662=CARTESIAN_POINT('',(5.72940624990666,-7.32361206368247,-10.8067539574034));
#2663=CARTESIAN_POINT('',(6.2133512170645,-7.3232396442976,-10.8395591130221));
#2664=CARTESIAN_POINT('',(6.69913858561085,-7.32286730920857,-10.8398490251404));
#2665=CARTESIAN_POINT('',(6.69999999999985,-4.99999999999995,3.13950037708109E-14));
#2666=CARTESIAN_POINT('',(6.69913858561085,-7.32508431679617,-10.8381225367432));
#2667=CARTESIAN_POINT('',(6.21088024843012,-7.32471582420009,-10.8384095416576));
#2668=CARTESIAN_POINT('',(5.72702630890353,-7.32434922007541,-10.8058530346212));
#2669=CARTESIAN_POINT('',(5.24745955194363,-7.32398445336818,-10.7413270863805));
#2670=CARTESIAN_POINT('',(6.69999999999984,-7.32398445336754,3.13950037708109E-14));
#2671=CARTESIAN_POINT('',(6.69913858561085,1.10000000000014,14.9999999752656));
#2672=CARTESIAN_POINT('',(6.69913858561085,-2.09247753660733,14.0489313236177));
#2673=CARTESIAN_POINT('',(6.69913858561085,-7.85976571699004,11.373200195699));
#2674=CARTESIAN_POINT('',(6.69913858561085,-11.7447878677197,6.36579077031051));
#2675=CARTESIAN_POINT('',(6.69913858561085,-13.158591508703,3.9441321855546));
#2676=CARTESIAN_POINT('',(6.69913858561086,8.10000000000012,5.79459105907176E-5));
#2677=CARTESIAN_POINT('',(6.69913858561085,-7.32508431679617,-10.8381225367432));
#2678=CARTESIAN_POINT('',(6.69913858561085,-7.32471769565329,-10.8384466937577));
#2679=CARTESIAN_POINT('',(6.69913858561085,-7.32435107451042,-10.8387708507723));
#2680=CARTESIAN_POINT('',(6.69913858561085,-7.32398445336754,-10.8390950077868));
#2681=CARTESIAN_POINT('',(6.69913858561085,-7.32508431679617,-10.8381225367432));
#2682=CARTESIAN_POINT('',(6.69913858561085,-7.32398445336754,-10.8390950077868));
#2683=CARTESIAN_POINT('',(6.69913858561086,-13.158591508703,-3.94401629373342));
#2684=CARTESIAN_POINT('',(6.69913858561086,-11.7447878677197,-6.36567487848933));
#2685=CARTESIAN_POINT('',(6.69913858561085,-7.85976571699004,-11.3730843038778));
#2686=CARTESIAN_POINT('',(6.69913858561085,-2.09247753660733,-14.0488154317966));
#2687=CARTESIAN_POINT('',(6.69913858561085,1.10000000000014,-14.9998840834444));
#2688=CARTESIAN_POINT('',(6.69913858561085,-7.32286730920858,-10.8398490251404));
#2689=CARTESIAN_POINT('',(6.69913858561085,-7.32398445336754,-10.8390950077868));
#2690=CARTESIAN_POINT('',(6.69913858561085,-7.32361207198122,-10.8393463469047));
#2691=CARTESIAN_POINT('',(6.69913858561085,-7.3232396905949,-10.8395976860225));
#2692=CARTESIAN_POINT('',(6.69913858561085,-7.32286730920858,-10.8398490251404));
#2693=CARTESIAN_POINT('',(6.69913858561085,8.10000000000013,5.79459105978231E-5));
#2694=CARTESIAN_POINT('',(6.69999999999984,-7.32398445336754,3.13950037708109E-14));
#2695=CARTESIAN_POINT('',(6.69913858561085,-7.32398445337151,10.8390950077838));
#2696=CARTESIAN_POINT('',(6.69913858561086,-7.32398445336752,10.8390950077869));
#2697=CARTESIAN_POINT('',(9.52205708840834,-7.3261124380622,10.8374378438199));
#2698=CARTESIAN_POINT('',(12.3452672416554,-7.3283085687807,9.67600113299169));
#2699=CARTESIAN_POINT('',(16.3680156426889,-7.33156691404456,5.65341404256814));
#2700=CARTESIAN_POINT('',(17.5317852971973,-7.33259798448869,2.83641077830465));
#2701=CARTESIAN_POINT('',(17.530916523836,-7.33288798407556,-2.83874823537671));
#2702=CARTESIAN_POINT('',(16.3561296543915,-7.33213718565072,-5.66186310778348));
#2703=CARTESIAN_POINT('',(12.3665716196977,-7.3293107646843,-9.65617133792225));
#2704=CARTESIAN_POINT('',(9.55464513512473,-7.32723939115216,-10.8364440310213));
#2705=CARTESIAN_POINT('',(6.69913858561085,-7.32508431679615,-10.8381225367432));
#2706=CARTESIAN_POINT('',(6.69999999999984,-7.32398445336754,3.13950037708109E-14));
#2707=CARTESIAN_POINT('',(6.69913858561085,-7.32286730920861,-10.8398490251404));
#2708=CARTESIAN_POINT('',(9.55667956212311,-7.32067712716023,-10.8415543715766));
#2709=CARTESIAN_POINT('',(12.3701294159544,-7.31857442730446,-9.66451500953745));
#2710=CARTESIAN_POINT('',(16.3678301494853,-7.31570228053275,-5.6681849390523));
#2711=CARTESIAN_POINT('',(17.544112153542,-7.31494074947126,-2.83907163703879));
#2712=CARTESIAN_POINT('',(17.5460868416892,-7.31523352240218,2.83076142386401));
#2713=CARTESIAN_POINT('',(16.3865016336837,-7.31627518317056,5.649645480908));
#2714=CARTESIAN_POINT('',(12.3480947982925,-7.31959252967313,9.6848993986867));
#2715=CARTESIAN_POINT('',(9.52584749831355,-7.32182016908003,10.8407804399915));
#2716=CARTESIAN_POINT('',(6.69913858561085,-7.32398445336756,10.8390950077868));
#2717=CARTESIAN_POINT('',(6.69999999999985,-4.99999999999995,3.13950037708109E-14));
#2718=CARTESIAN_POINT('',(6.69913858561085,1.10000000000014,14.9999999752656));
#2719=CARTESIAN_POINT('',(6.69913858561085,-2.09247753660733,14.0489313236177));
#2720=CARTESIAN_POINT('',(6.69913858561085,-7.85976571699004,11.373200195699));
#2721=CARTESIAN_POINT('',(6.69913858561085,-11.7447878677197,6.36579077031051));
#2722=CARTESIAN_POINT('',(6.69913858561085,-13.158591508703,3.9441321855546));
#2723=CARTESIAN_POINT('',(6.69913858561086,8.10000000000012,5.79459105907176E-5));
#2724=CARTESIAN_POINT('',(6.69913858561085,8.10000000000013,5.79459105978231E-5));
#2725=CARTESIAN_POINT('',(-9.09440490115862,8.10000000000012,-0.0944877110242572));
#2726=CARTESIAN_POINT('',(6.45000772246167,8.10000000000012,15.7919194119554));
#2727=CARTESIAN_POINT('',(6.45000772246167,4.10000000000012,15.7919194119554));
#2728=CARTESIAN_POINT('',(6.45000772246166,1.10000000000013,15.7919194119554));
#2729=CARTESIAN_POINT('',(6.69913858561085,1.10000000000014,5.79459105978231E-5));
#2730=CARTESIAN_POINT('',(-9.09440490115862,1.10000000000013,-0.0944877110242496));
#2731=CARTESIAN_POINT('',(-9.09440490115862,4.10000000000012,-0.0944877110242572));
#2732=CARTESIAN_POINT('',(6.69913858561085,-52.5975172568294,5.79459105978231E-5));
#2733=CARTESIAN_POINT('',(-0.0889620635519587,-10.6419317324567,-3.37294344403428));
#2734=CARTESIAN_POINT('',(1.16235620489345,-10.6365746278701,-5.90581390807582));
#2735=CARTESIAN_POINT('',(3.87315983591714,-10.6259578249488,-7.59958192386069));
#2736=CARTESIAN_POINT('',(6.69999999999984,-10.6154048792798,-7.61202995305964));
#2737=CARTESIAN_POINT('',(-0.0889620635752892,-10.6419317324365,-3.3729434440425));
#2738=CARTESIAN_POINT('',(6.69999999999985,-10.6154048792796,-7.6120299530598));
#2739=CARTESIAN_POINT('',(6.69999999999984,6.97690928690603,7.30203657269981));
#2740=CARTESIAN_POINT('',(6.69999999999985,-11.4999999999999,-6.50096024900567));
#2741=CARTESIAN_POINT('',(6.69999999999984,-11.4999999999999,3.13950037708109E-14));
#2742=CARTESIAN_POINT('',(0.811212913569441,-11.4999999999999,-2.75402810621843));
#2743=CARTESIAN_POINT('',(0.811212913569441,-11.4999999999999,-2.75402810621843));
#2744=CARTESIAN_POINT('',(0.635678371248935,-11.3201782248581,-2.94690025527323));
#2745=CARTESIAN_POINT('',(0.43601138488685,-11.125028948277,-3.10808269090714));
#2746=CARTESIAN_POINT('',(0.221747928789067,-10.9254737173916,-3.22898262246673));
#2747=CARTESIAN_POINT('',(0.121509627978294,-10.8321163263265,-3.28554291477408));
#2748=CARTESIAN_POINT('',(0.0175385253154766,-10.7372344487718,-3.3337337142957));
#2749=CARTESIAN_POINT('',(-0.0889620635752892,-10.6419317324365,-3.3729434440425));
#2750=CARTESIAN_POINT('',(0.792621658829226,-11.4999999999999,-2.71392064980147));
#2751=CARTESIAN_POINT('',(1.88415079718128,-11.4999999999999,-5.08984700237526));
#2752=CARTESIAN_POINT('',(4.08533713593379,-11.4999999999999,-6.50096024900555));
#2753=CARTESIAN_POINT('',(6.69999999999985,-11.4999999999999,-6.50096024900555));
#2754=CARTESIAN_POINT('',(0.445812942774804,-11.2148871514208,-2.87324874454556));
#2755=CARTESIAN_POINT('',(1.60142326860889,-11.2148871514208,-5.38866031715906));
#2756=CARTESIAN_POINT('',(3.93183623952392,-11.2148871514208,-6.8826168057501));
#2757=CARTESIAN_POINT('',(6.69999999999985,-11.2148871514208,-6.88261680575009));
#2758=CARTESIAN_POINT('',(0.107195345712036,-10.9180897143443,-3.02881374072163));
#2759=CARTESIAN_POINT('',(1.3253733542992,-10.9180897143443,-5.68041609473465));
#2760=CARTESIAN_POINT('',(3.78196081170701,-10.9180897143443,-7.25525918803615));
#2761=CARTESIAN_POINT('',(6.69999999999985,-10.9180897143443,-7.25525918803614));
#2762=CARTESIAN_POINT('',(-0.222906190871376,-10.6098924991334,-3.18046635630261));
#2763=CARTESIAN_POINT('',(1.05626595504477,-10.6098924991334,-5.96483436277563));
#2764=CARTESIAN_POINT('',(3.63585467473242,-10.6098924991334,-7.61852980378601));
#2765=CARTESIAN_POINT('',(6.69999999999986,-10.6098924991334,-7.618529803786));
#2766=CARTESIAN_POINT('',(1.03034812412622,-11.7059862576746,2.49296959137125));
#2767=CARTESIAN_POINT('',(1.99369595292583,-11.7071898204891,4.67940682285129));
#2768=CARTESIAN_POINT('',(4.29527521937223,-11.710442258495,6.18688247272596));
#2769=CARTESIAN_POINT('',(6.69999999999984,-11.7140602345867,6.18148276881838));
#2770=CARTESIAN_POINT('',(1.03034812411756,-11.7059862576674,2.49296959137637));
#2771=CARTESIAN_POINT('',(6.69999999999984,-11.7140602345867,6.18148276881838));
#2772=CARTESIAN_POINT('',(6.69999999999985,-15.8558534239257,3.13950037708109E-14));
#2773=CARTESIAN_POINT('',(6.69999999999985,-11.4999999999999,6.50096024900573));
#2774=CARTESIAN_POINT('',(6.69999999999984,-11.4999999999999,3.13950037708109E-14));
#2775=CARTESIAN_POINT('',(0.811212913569424,-11.4999999999999,2.75402810621845));
#2776=CARTESIAN_POINT('',(0.811212913569424,-11.4999999999999,2.75402810621845));
#2777=CARTESIAN_POINT('',(0.886604133177765,-11.5681450108179,2.67515772256691));
#2778=CARTESIAN_POINT('',(0.957674779717041,-11.6350104794975,2.59073940384346));
#2779=CARTESIAN_POINT('',(1.02399546148844,-11.6997749418319,2.50154720968566));
#2780=CARTESIAN_POINT('',(1.02611775716556,-11.7018474376925,2.49869301393498));
#2781=CARTESIAN_POINT('',(1.02823531516772,-11.7039178854446,2.49583379913872));
#2782=CARTESIAN_POINT('',(1.03034812411756,-11.7059862576674,2.49296959137637));
#2783=CARTESIAN_POINT('',(6.69999999999984,-11.4999999999999,3.13950037708109E-14));
#2784=CARTESIAN_POINT('',(6.69999999999984,-12.4999999999999,3.13950037708109E-14));
#2785=CARTESIAN_POINT('',(1.68809064360683,-12.4999999999999,0.617792990268301));
#2786=CARTESIAN_POINT('',(6.69999999999984,-12.4999999999999,5.04984193569708));
#2787=CARTESIAN_POINT('',(6.69999999999985,-12.4999999999999,4.22244817607036E-14));
#2788=CARTESIAN_POINT('',(6.69999999999985,-12.4999999999999,5.02029884560601));
#2789=CARTESIAN_POINT('',(6.69913858561086,-12.4999999999999,5.79459105907176E-5));
#2790=CARTESIAN_POINT('',(1.70647578301153,-12.4999999999999,0.525545883498577));
#2791=CARTESIAN_POINT('',(-2.4587804490771,-12.4999999999999,-1.68084627573347E-15));
#2792=CARTESIAN_POINT('',(11.3222324457713,-12.4999999999999,4.22244817607036E-14));
#2793=CARTESIAN_POINT('',(6.69999999999984,1.10000000000013,3.13950037708109E-14));
#2794=CARTESIAN_POINT('',(6.69999999999985,1.10000000000013,17.));
#2795=CARTESIAN_POINT('',(6.69999999999985,1.10000000000013,-17.));
#2796=CARTESIAN_POINT('',(6.69999999999984,7.68961411709585,-8.00665024163085));
#2797=CARTESIAN_POINT('',(6.69999999999984,-11.5275688784027,9.2981308386662));
#2798=CARTESIAN_POINT('',(4.3678956005505,-10.0072496242979,10.5964948344867));
#2799=CARTESIAN_POINT('',(4.59016200169073,-10.0072496242979,10.645411807509));
#2800=CARTESIAN_POINT('',(4.82205300535596,-10.0318343784328,10.6652197012361));
#2801=CARTESIAN_POINT('',(5.04437200364303,-10.0792837210341,10.6543547938352));
#2802=CARTESIAN_POINT('',(5.26672201809723,-10.1267396833878,10.6434883706493));
#2803=CARTESIAN_POINT('',(5.48564592772142,-10.1984137165081,10.6016290919228));
#2804=CARTESIAN_POINT('',(5.68269997264077,-10.2890437736024,10.5325959652693));
#2805=CARTESIAN_POINT('',(5.8790130992672,-10.379333063943,10.4638224014497));
#2806=CARTESIAN_POINT('',(6.05906068846769,-10.4909804172803,10.3661792030599));
#2807=CARTESIAN_POINT('',(6.20752474213157,-10.6154992057588,10.2483899896233));
#2808=CARTESIAN_POINT('',(6.35516405752823,-10.7393262752165,10.1312551114914));
#2809=CARTESIAN_POINT('',(6.47566103318396,-10.8793528940508,9.99097390819511));
#2810=CARTESIAN_POINT('',(6.5587447881384,-11.0246214601964,9.83982754333999));
#2811=CARTESIAN_POINT('',(6.64146970197266,-11.169262607239,9.68933398396898));
#2812=CARTESIAN_POINT('',(6.68939525148346,-11.3231384473011,9.52392544297902));
#2813=CARTESIAN_POINT('',(6.69839168084115,-11.4737810831746,9.35767669948072));
#2814=CARTESIAN_POINT('',(6.69946361841076,-11.4917303711152,9.33786792124532));
#2815=CARTESIAN_POINT('',(6.69999999999984,-11.509666857362,9.31801126435497));
#2816=CARTESIAN_POINT('',(6.69999999999984,-11.5275688784027,9.2981308386662));
#2817=CARTESIAN_POINT('',(4.3678956005505,-10.0072496242979,10.5964948344867));
#2818=CARTESIAN_POINT('',(6.69999999999984,-10.0072496242979,3.13950037708109E-14));
#2819=CARTESIAN_POINT('',(-3.41037259781239,-10.0072496242979,3.93761090518624));
#2820=CARTESIAN_POINT('',(0.442488798607692,-13.2487586284146,3.50098511164281));
#2821=CARTESIAN_POINT('',(0.968181073277718,-13.7926054200961,2.90390882362548));
#2822=CARTESIAN_POINT('',(1.3164944890008,-14.240635974634,2.0786120977725));
#2823=CARTESIAN_POINT('',(1.62459964751157,-14.6629760196917,0.219723740686097));
#2824=CARTESIAN_POINT('',(1.59024275873013,-14.6055498380665,-0.775554464559685));
#2825=CARTESIAN_POINT('',(1.13339004524488,-14.00651658786,-2.56153369199452));
#2826=CARTESIAN_POINT('',(0.711893215873673,-13.5053088294796,-3.30981602005237));
#2827=CARTESIAN_POINT('',(-0.457709424371239,-12.3565126197215,-4.31858114102431));
#2828=CARTESIAN_POINT('',(-1.19574712196988,-11.7160394084316,-4.55954413712504));
#2829=CARTESIAN_POINT('',(-2.69272694802459,-10.5254135552544,-4.4149686967826));
#2830=CARTESIAN_POINT('',(-3.44800073287428,-9.97396385076988,-4.02527961597386));
#2831=CARTESIAN_POINT('',(-4.62810693465521,-9.13972409390168,-2.77087622270553));
#2832=CARTESIAN_POINT('',(-5.05901828516327,-8.85015995418904,-1.8985071375108));
#2833=CARTESIAN_POINT('',(-5.39891781379396,-8.62125809422083,-0.0191695106228648));
#2834=CARTESIAN_POINT('',(-5.30950910477973,-8.68020271691578,0.983916437533564));
#2835=CARTESIAN_POINT('',(-4.65513800219413,-9.12504584915768,2.73019809167511));
#2836=CARTESIAN_POINT('',(-4.08710525672473,-9.51426976906178,3.47485497739614));
#2837=CARTESIAN_POINT('',(-3.41037259781239,-10.0072496242979,3.93761090518624));
#2838=CARTESIAN_POINT('',(0.442488798607777,-13.2487586284145,3.5009851116428));
#2839=CARTESIAN_POINT('',(6.69999999999984,-13.2487586284145,3.13950037708109E-14));
#2840=CARTESIAN_POINT('',(5.0545696037253,-13.2487586284145,6.97896138393871));
#2841=CARTESIAN_POINT('',(6.69999999999984,-12.127218589138,8.60806347882261));
#2842=CARTESIAN_POINT('',(6.69999999999984,-12.2706459219355,8.43699369649769));
#2843=CARTESIAN_POINT('',(6.66155506825516,-12.4138345759258,8.26170664005796));
#2844=CARTESIAN_POINT('',(6.58789858732909,-12.5445617632868,8.09641479053005));
#2845=CARTESIAN_POINT('',(6.51424295873832,-12.6752874379038,7.93112485372016));
#2846=CARTESIAN_POINT('',(6.40334345704793,-12.7971290231325,7.77125416147892));
#2847=CARTESIAN_POINT('',(6.26454838299156,-12.8989654909807,7.62912612739807));
#2848=CARTESIAN_POINT('',(6.12570938629336,-13.0008341856693,7.48695311593761));
#2849=CARTESIAN_POINT('',(5.95514971760006,-13.0854104055338,7.35857260539359));
#2850=CARTESIAN_POINT('',(5.76727234168131,-13.1445349371952,7.25334407065531));
#2851=CARTESIAN_POINT('',(5.5790124088358,-13.203779858547,7.14790126900671));
#2852=CARTESIAN_POINT('',(5.36826709947068,-13.239023139567,7.06275205657581));
#2853=CARTESIAN_POINT('',(5.15253624373146,-13.2469644953133,7.00387013922066));
#2854=CARTESIAN_POINT('',(5.1200460838988,-13.2481605037221,6.99500222415322));
#2855=CARTESIAN_POINT('',(5.08737014587912,-13.2487586284145,6.98669477091494));
#2856=CARTESIAN_POINT('',(5.0545696037253,-13.2487586284145,6.97896138393871));
#2857=CARTESIAN_POINT('',(6.69999999999984,-12.127218589138,8.60806347882261));
#2858=CARTESIAN_POINT('',(6.69999999999984,7.68961411709585,-8.00665024163085));
#2859=CARTESIAN_POINT('',(6.69999999999984,-16.8999999999999,3.29597460435593E-14));
#2860=CARTESIAN_POINT('',(6.69999999999984,7.68961411709585,8.00665024163091));
#2861=CARTESIAN_POINT('',(6.69999999999984,1.10000000000014,17.));
#2862=CARTESIAN_POINT('',(-27.3000000000001,1.10000000000014,17.));
#2863=CARTESIAN_POINT('',(-27.3000000000001,1.10000000000014,-17.));
#2864=CARTESIAN_POINT('',(6.69999999999985,1.10000000000014,-17.));
#2865=CARTESIAN_POINT('',(6.69999999999984,-7.58720741632103,14.7107951654626));
#2866=CARTESIAN_POINT('',(-22.7215903309252,-7.58720741632103,14.7107951654626));
#2867=CARTESIAN_POINT('',(-22.7215903309252,-7.58720741632103,-14.7107951654625));
#2868=CARTESIAN_POINT('',(6.69999999999985,-7.58720741632103,-14.7107951654625));
#2869=CARTESIAN_POINT('',(6.69999999999984,-14.1185226455004,8.54233078234871));
#2870=CARTESIAN_POINT('',(-10.3846615646975,-14.1185226455004,8.54233078234871));
#2871=CARTESIAN_POINT('',(-10.3846615646975,-14.1185226455004,-8.54233078234865));
#2872=CARTESIAN_POINT('',(6.69999999999985,-14.1185226455004,-8.54233078234865));
#2873=CARTESIAN_POINT('',(6.69999999999984,-16.8999999999999,3.46944695195361E-14));
#2874=CARTESIAN_POINT('',(6.69999999999984,-16.8999999999999,3.46944695195361E-14));
#2875=CARTESIAN_POINT('',(6.69999999999984,-16.8999999999999,2.80955380220857E-14));
#2876=CARTESIAN_POINT('',(6.69999999999984,-16.8999999999999,2.80955380220857E-14));
#2877=CARTESIAN_POINT('',(6.69913858561098,-11.50554787907,8.00573608354015));
#2878=CARTESIAN_POINT('',(6.69889691332931,-11.5107750153994,7.9993760675182));
#2879=CARTESIAN_POINT('',(6.69860439406008,-11.5160012958834,7.99301707684511));
#2880=CARTESIAN_POINT('',(6.6982610612725,-11.5212261142775,7.98665983225));
#2881=CARTESIAN_POINT('',(6.68894434637698,-11.6630073397249,7.8141489694455));
#2882=CARTESIAN_POINT('',(6.64101795401416,-11.8058433544691,7.64061086242495));
#2883=CARTESIAN_POINT('',(6.55844739838247,-11.9369267332988,7.47952713888769));
#2884=CARTESIAN_POINT('',(6.47634757929776,-12.0672628029134,7.31936175718806));
#2885=CARTESIAN_POINT('',(6.35775105101211,-12.1894743631712,7.16707527292423));
#2886=CARTESIAN_POINT('',(6.21247564651115,-12.2910762523616,7.03308671448978));
#2887=CARTESIAN_POINT('',(6.06686130108315,-12.3929151881369,6.89878554838189));
#2888=CARTESIAN_POINT('',(5.89041074691214,-12.476656630727,6.77905697034312));
#2889=CARTESIAN_POINT('',(5.6982144682452,-12.532621918946,6.68138411519204));
#2890=CARTESIAN_POINT('',(5.50605772536389,-12.5885756948109,6.58373135186111));
#2891=CARTESIAN_POINT('',(5.29294900912469,-12.6181393764522,6.50531614230758));
#2892=CARTESIAN_POINT('',(5.07698850510021,-12.6181393764522,6.45098234291952));
#2893=CARTESIAN_POINT('',(6.69913858561098,-11.50554787907,8.00573608354015));
#2894=CARTESIAN_POINT('',(5.07698850510021,-12.6181393764522,6.45098234291952));
#2895=CARTESIAN_POINT('',(6.69913858561085,-11.4682766509694,8.0510849368588));
#2896=CARTESIAN_POINT('',(6.69913857644932,-11.4807003936696,8.03596865241876));
#2897=CARTESIAN_POINT('',(6.69913857644932,-11.4931241363698,8.02085236797921));
#2898=CARTESIAN_POINT('',(6.69913858561085,-11.50554787907,8.00573608354015));
#2899=CARTESIAN_POINT('',(6.69916535359765,-11.4682766516718,8.05108493743612));
#2900=CARTESIAN_POINT('',(6.6999999999998,-12.127218589138,8.6080634788226));
#2901=CARTESIAN_POINT('',(6.6999999999998,-12.0777596593609,8.56633152581016));
#2902=CARTESIAN_POINT('',(6.6999999999998,-12.0283083878493,8.5245904947073));
#2903=CARTESIAN_POINT('',(6.6999999999998,-11.9788651165707,8.48283999097148));
#2904=CARTESIAN_POINT('',(6.6999999999998,-11.8085690426154,8.33903990072689));
#2905=CARTESIAN_POINT('',(6.6999999999998,-11.6383675743779,8.19512767209749));
#2906=CARTESIAN_POINT('',(6.6999999999998,-11.4682766735745,8.05108495543746));
#2907=CARTESIAN_POINT('',(5.07698850510021,-12.6181393764522,6.45098234291952));
#2908=CARTESIAN_POINT('',(5.06904631697758,-12.828258926533,6.62705852047882));
#2909=CARTESIAN_POINT('',(5.0616009219404,-13.0384697726266,6.80304867354584));
#2910=CARTESIAN_POINT('',(5.0545696037253,-13.2487586284145,6.97896138393871));
#2911=CARTESIAN_POINT('',(5.04952555717265,-13.4017902415357,7.10695178611197));
#2912=CARTESIAN_POINT('',(6.6999999999998,-13.2128754046988,7.3308508435521));
#2913=CARTESIAN_POINT('',(6.6999999999998,-12.1318967296918,8.61201070637385));
#2914=CARTESIAN_POINT('',(5.05807153984545,-13.1387715291564,6.88701440523448));
#2915=CARTESIAN_POINT('',(6.69999999999995,-12.9464093878274,7.11566951061329));
#2916=CARTESIAN_POINT('',(6.6999999999998,-11.8688777702599,8.39008845104864));
#2917=CARTESIAN_POINT('',(5.06723353318257,-12.8759744061476,6.66704616996206));
#2918=CARTESIAN_POINT('',(6.7000000000004,-12.6795133642571,6.90036037143003));
#2919=CARTESIAN_POINT('',(6.6999999999998,-11.6060806421415,8.16791733167083));
#2920=CARTESIAN_POINT('',(5.07716507191822,-12.6134702888338,6.44706970970041));
#2921=CARTESIAN_POINT('',(6.6999999999998,-12.4119868145133,6.68480388273702));
#2922=CARTESIAN_POINT('',(6.6999999999998,-11.3435767769899,7.9454411513335));
#2923=CARTESIAN_POINT('',(6.6999999999998,-10.8867335089094,8.7586633440491));
#2924=CARTESIAN_POINT('',(6.6999999999998,-11.1002175920548,8.93863743623843));
#2925=CARTESIAN_POINT('',(6.69999999999983,-11.3138367501463,9.11845138806933));
#2926=CARTESIAN_POINT('',(6.69999999999983,-11.5275688784027,9.2981308386662));
#2927=CARTESIAN_POINT('',(6.69916535359755,-10.8867334887762,8.75866332750202));
#2928=CARTESIAN_POINT('',(6.69913858561085,-10.8494633934173,8.8040108012256));
#2929=CARTESIAN_POINT('',(6.6991385779535,-10.8618867583217,8.78889497647381));
#2930=CARTESIAN_POINT('',(6.6991385779535,-10.8743101232261,8.77377915172238));
#2931=CARTESIAN_POINT('',(6.69913858561085,-10.8867334881305,8.75866332697134));
#2932=CARTESIAN_POINT('',(6.69913858561085,-10.8494633934121,8.80401080122997));
#2933=CARTESIAN_POINT('',(4.35251907308153,-9.50625256462295,10.1709419427475));
#2934=CARTESIAN_POINT('',(4.39551857174862,-9.50625256462295,10.1808663434133));
#2935=CARTESIAN_POINT('',(4.43881526631742,-9.50702397715313,10.1896083313471));
#2936=CARTESIAN_POINT('',(4.48227090456716,-9.50856817352388,10.1971365167907));
#2937=CARTESIAN_POINT('',(4.70148577185832,-9.51635797517265,10.2351129506762));
#2938=CARTESIAN_POINT('',(4.92848720952152,-9.54442372561369,10.2419296205447));
#2939=CARTESIAN_POINT('',(5.14466636497413,-9.59138387597692,10.2170425635165));
#2940=CARTESIAN_POINT('',(5.36105165973479,-9.63838880555524,10.1921317752423));
#2941=CARTESIAN_POINT('',(5.57247688451891,-9.70565905508243,10.1347692120281));
#2942=CARTESIAN_POINT('',(5.76118320257024,-9.78901136060304,10.0505378327346));
#2943=CARTESIAN_POINT('',(5.95052892826683,-9.87264609493658,9.96602104599726));
#2944=CARTESIAN_POINT('',(6.12223301492064,-9.97483919999405,9.85216532576478));
#2945=CARTESIAN_POINT('',(6.26188048806038,-10.0886974543159,9.71978503631244));
#2946=CARTESIAN_POINT('',(6.40167685630759,-10.2026771067314,9.58726360017852));
#2947=CARTESIAN_POINT('',(6.51323711790477,-10.331569107091,9.43257264749609));
#2948=CARTESIAN_POINT('',(6.58730512868256,-10.4661123809916,9.26975878444266));
#2949=CARTESIAN_POINT('',(6.654979340085,-10.589041427757,9.1209995606992));
#2950=CARTESIAN_POINT('',(6.69313762394546,-10.7196717811972,8.961930977051));
#2951=CARTESIAN_POINT('',(6.69913858561105,-10.8494633934173,8.8040108012256));
#2952=CARTESIAN_POINT('',(4.35251907308153,-9.50625256462295,10.1709419427475));
#2953=CARTESIAN_POINT('',(4.3678956005505,-10.0072496242979,10.5964948344867));
#2954=CARTESIAN_POINT('',(4.3640761025983,-9.87704106529663,10.4860775928108));
#2955=CARTESIAN_POINT('',(4.36012699941106,-9.74690150812076,10.3755833105626));
#2956=CARTESIAN_POINT('',(4.35603442827386,-9.61683999706555,10.2650026663945));
#2957=CARTESIAN_POINT('',(4.35487429800585,-9.57997117044789,10.2336561245619));
#2958=CARTESIAN_POINT('',(4.35370262754751,-9.54310861684554,10.2023026279546));
#2959=CARTESIAN_POINT('',(4.35251907308153,-9.50625256462295,10.1709419427475));
#2960=CARTESIAN_POINT('',(6.6999999999998,-11.5320804309454,9.30192355799555));
#2961=CARTESIAN_POINT('',(6.6999999999998,-10.0159789956107,11.1053875983458));
#2962=CARTESIAN_POINT('',(4.37520916773404,-10.2621869191015,10.8125133050324));
#2963=CARTESIAN_POINT('',(6.6999999999998,-11.2784304775029,9.08868999759063));
#2964=CARTESIAN_POINT('',(6.6999999999998,-9.75533464199035,10.8975468251511));
#2965=CARTESIAN_POINT('',(4.36809277281011,-10.0085368236912,10.5977495341895));
#2966=CARTESIAN_POINT('',(6.6999999999998,-11.0249364466296,8.87526523376347));
#2967=CARTESIAN_POINT('',(6.69999999999866,-9.49481479954656,10.6902790265656));
#2968=CARTESIAN_POINT('',(4.36051516363657,-9.75504277136382,10.3826437215976));
#2969=CARTESIAN_POINT('',(6.6999999999998,-10.7716408303811,8.66160950500291));
#2970=CARTESIAN_POINT('',(6.6999999999998,-9.2345877741569,10.4838344611706));
#2971=CARTESIAN_POINT('',(4.35237433633317,-9.50174731853729,10.1671083813018));
#2972=CARTESIAN_POINT('',(6.69999999999984,-12.6181393764522,3.13950037708109E-14));
#2973=CARTESIAN_POINT('',(0.789917243892242,-12.6181393764522,3.05291030284139));
#2974=CARTESIAN_POINT('',(2.2421902582849,-13.5912092215085,1.050650322593E-14));
#2975=CARTESIAN_POINT('',(0.103346523046341,-12.1581148092167,2.91433966987434));
#2976=CARTESIAN_POINT('',(-3.44293098734105,-9.50625256462295,2.46570024354645));
#2977=CARTESIAN_POINT('',(-2.94948857289541,-9.78933160109788,3.03741771667298));
#2978=CARTESIAN_POINT('',(-2.28736256226167,-10.1910270214563,3.40449362919972));
#2979=CARTESIAN_POINT('',(-0.987673578553154,-11.1267868290374,3.5619006624348));
#2980=CARTESIAN_POINT('',(-0.359384766600288,-11.664659051882,3.3526732439463));
#2981=CARTESIAN_POINT('',(0.103346523046339,-12.1581148092167,2.91433966987434));
#2982=CARTESIAN_POINT('',(-3.44293098734104,-9.50625256462295,2.46570024354645));
#2983=CARTESIAN_POINT('',(6.69999999999984,-9.50625256462295,3.13950037708109E-14));
#2984=CARTESIAN_POINT('',(6.6999999999998,-11.4682766735745,8.05108495543746));
#2985=CARTESIAN_POINT('',(6.6999999999998,-11.2744289520195,8.28694441830801));
#2986=CARTESIAN_POINT('',(6.6999999999998,-11.0805812304644,8.52280388117856));
#2987=CARTESIAN_POINT('',(6.6999999999998,-10.8867335089094,8.7586633440491));
#2988=CARTESIAN_POINT('',(6.69999999999984,-12.6181393764522,3.13950037708109E-14));
#2989=CARTESIAN_POINT('',(6.69999999999984,6.97690928690603,-7.30203657269974));
#2990=CARTESIAN_POINT('',(6.69999999999985,-10.6192282850484,7.60751877296404));
#2991=CARTESIAN_POINT('',(6.69999999999981,-10.6192282850484,7.60751877296404));
#2992=CARTESIAN_POINT('',(5.28371422240963,-10.6245194942574,7.60127413031678));
#2993=CARTESIAN_POINT('',(3.89504361431189,-10.6296232960759,7.19637961814601));
#2994=CARTESIAN_POINT('',(1.51480676419488,-10.6381903387801,5.71101035502681));
#2995=CARTESIAN_POINT('',(0.532241183885858,-10.6416172601018,4.6240301995174));
#2996=CARTESIAN_POINT('',(-0.0870590750032683,-10.6436348283042,3.37224178026214));
#2997=CARTESIAN_POINT('',(-0.0870590750033191,-10.6436348283041,3.37224178026217));
#2998=CARTESIAN_POINT('',(-0.0870590750033191,-10.6436348283041,3.37224178026217));
#2999=CARTESIAN_POINT('',(-0.0406619179116039,-10.6851631081364,3.35510873722419));
#3000=CARTESIAN_POINT('',(0.00523404986254304,-10.7265906976166,3.33628385207844));
#3001=CARTESIAN_POINT('',(0.0505263703168087,-10.7678265888904,3.31581332803821));
#3002=CARTESIAN_POINT('',(0.330108294732486,-11.02236885393,3.18945220439597));
#3003=CARTESIAN_POINT('',(0.590308464227554,-11.2737002091311,2.99675136351638));
#3004=CARTESIAN_POINT('',(0.811212913569424,-11.4999999999999,2.75402810621845));
#3005=CARTESIAN_POINT('',(6.69999999999984,-11.4999999999999,6.50096024900561));
#3006=CARTESIAN_POINT('',(4.08533713593376,-11.4999999999999,6.50096024900561));
#3007=CARTESIAN_POINT('',(1.88415079718125,-11.4999999999999,5.0898470023753));
#3008=CARTESIAN_POINT('',(0.792621658829208,-11.4999999999999,2.71392064980149));
#3009=CARTESIAN_POINT('',(6.69999999999984,-11.2160744984321,6.88102740431049));
#3010=CARTESIAN_POINT('',(3.93247549107462,-11.2160744984321,6.88102740431049));
#3011=CARTESIAN_POINT('',(1.60260068200057,-11.2160744984321,5.387415914818));
#3012=CARTESIAN_POINT('',(0.4472572210476,-11.2160744984321,2.87258522573871));
#3013=CARTESIAN_POINT('',(6.69999999999984,-10.920560930536,7.25215603992277));
#3014=CARTESIAN_POINT('',(3.78320888673331,-10.920560930536,7.25215603992276));
#3015=CARTESIAN_POINT('',(1.32767213675529,-10.920560930536,5.67798652302249));
#3016=CARTESIAN_POINT('',(0.1100151552867,-10.920560930536,3.02751828629309));
#3017=CARTESIAN_POINT('',(6.69999999999984,-10.613740518598,7.61399297529594));
#3018=CARTESIAN_POINT('',(3.63767937085718,-10.613740518598,7.61399297529594));
#3019=CARTESIAN_POINT('',(1.05962679421781,-10.613740518598,5.96128230861656));
#3020=CARTESIAN_POINT('',(-0.218783605694194,-10.613740518598,3.17857239109559));
#3021=CARTESIAN_POINT('',(6.69999999999985,-15.8558534239257,3.13950037708109E-14));
#3022=CARTESIAN_POINT('',(6.69999999999985,-11.7153130393432,-6.17961300114499));
#3023=CARTESIAN_POINT('',(6.69999999999985,-11.7153130393432,-6.17961300114499));
#3024=CARTESIAN_POINT('',(5.4990700689819,-11.713501075132,-6.1823172949223));
#3025=CARTESIAN_POINT('',(4.31760022141419,-11.7116960118654,-5.83215838192177));
#3026=CARTESIAN_POINT('',(2.30954279292119,-11.7085736579261,-4.52453883756737));
#3027=CARTESIAN_POINT('',(1.50976050417529,-11.7072966408814,-3.57861965668383));
#3028=CARTESIAN_POINT('',(1.03085422955206,-11.7064817678916,-2.49228327604753));
#3029=CARTESIAN_POINT('',(1.03085422955203,-11.7064817678916,-2.49228327604755));
#3030=CARTESIAN_POINT('',(1.03085422955203,-11.7064817678916,-2.49228327604755));
#3031=CARTESIAN_POINT('',(0.962576524689145,-11.6396267984494,-2.58490226677793));
#3032=CARTESIAN_POINT('',(0.889205299939809,-11.5704961670674,-2.6724365168147));
#3033=CARTESIAN_POINT('',(0.811212913569441,-11.4999999999999,-2.75402810621843));
#3034=CARTESIAN_POINT('',(6.69999999999984,-11.4999999999999,3.13950037708109E-14));
#3035=CARTESIAN_POINT('',(1.03085422955203,-11.7064817678916,-2.49228327604755));
#3036=CARTESIAN_POINT('',(1.03436546736394,-11.7101946114228,-2.48736946466692));
#3037=CARTESIAN_POINT('',(1.03786444398886,-11.7138993047513,-2.48244068879011));
#3038=CARTESIAN_POINT('',(1.04135108928087,-11.717595724762,-2.4774970743173));
#3039=CARTESIAN_POINT('',(1.23822286536711,-11.9263123310464,-2.19835822306114));
#3040=CARTESIAN_POINT('',(1.39735500271854,-12.1112812224126,-1.86668687268654));
#3041=CARTESIAN_POINT('',(1.51045145990272,-12.249810673817,-1.50855505518799));
#3042=CARTESIAN_POINT('',(1.60775063421235,-12.3689903685201,-1.20044699412053));
#3043=CARTESIAN_POINT('',(1.67365855849141,-12.4562255045704,-0.865515039102582));
#3044=CARTESIAN_POINT('',(1.70648352437787,-12.4999999999999,-0.525503537223518));
#3045=CARTESIAN_POINT('',(1.70648352437787,-12.4999999999999,-0.525503537223518));
#3046=CARTESIAN_POINT('',(-2.4587804490771,-12.4999999999999,-1.68084627573347E-15));
#3047=CARTESIAN_POINT('',(1.68809064360683,-12.4999999999999,-0.617792990268267));
#3048=CARTESIAN_POINT('',(1.68809064360683,-12.4999999999999,0.617792990268301));
#3049=CARTESIAN_POINT('',(1.73473588589942,-12.5607561718399,0.213116316052133));
#3050=CARTESIAN_POINT('',(1.73473588589942,-12.5607561718399,-0.213116316052099));
#3051=CARTESIAN_POINT('',(1.68809064360683,-12.4999999999999,-0.617792990268267));
#3052=CARTESIAN_POINT('',(1.70647578301153,-12.4999999999999,0.525545883498577));
#3053=CARTESIAN_POINT('',(1.69818975535199,-12.488951664571,0.611361943803297));
#3054=CARTESIAN_POINT('',(1.68784745647066,-12.4752256398988,0.696700646577717));
#3055=CARTESIAN_POINT('',(1.67546367084984,-12.4589567431767,0.781181916865823));
#3056=CARTESIAN_POINT('',(1.62266139599461,-12.3895890407137,1.14139513360407));
#3057=CARTESIAN_POINT('',(1.5311349883551,-12.2717930066928,1.49114625622253));
#3058=CARTESIAN_POINT('',(1.40390621745093,-12.1218801832344,1.80529988918692));
#3059=CARTESIAN_POINT('',(1.30249395648814,-12.0023867835403,2.0557073244092));
#3060=CARTESIAN_POINT('',(1.17670757942277,-11.8607280332203,2.28827250883695));
#3061=CARTESIAN_POINT('',(1.03034812411756,-11.7059862576674,2.49296959137637));
#3062=CARTESIAN_POINT('',(-0.0870590750033191,-10.6436348283041,3.37224178026217));
#3063=CARTESIAN_POINT('',(-0.303611881741656,-10.4549300014702,3.45141569884492));
#3064=CARTESIAN_POINT('',(-0.533343296703909,-10.2624923220888,3.49466023396106));
#3065=CARTESIAN_POINT('',(-0.76468254210997,-10.0747915234147,3.49952879355384));
#3066=CARTESIAN_POINT('',(-1.07061952644608,-9.82656465553923,3.50596727067975));
#3067=CARTESIAN_POINT('',(-1.38688328697118,-9.58055309135733,3.44458801365039));
#3068=CARTESIAN_POINT('',(-1.68493688601515,-9.35491464310655,3.32006165870673));
#3069=CARTESIAN_POINT('',(-1.98113422759196,-9.13068145570747,3.19631084540042));
#3070=CARTESIAN_POINT('',(-2.26746448544043,-8.92026414227324,3.0068037873549));
#3071=CARTESIAN_POINT('',(-2.51834650995832,-8.73875856704154,2.76713404121262));
#3072=CARTESIAN_POINT('',(-2.76900083385413,-8.55741772633984,2.52768181942425));
#3073=CARTESIAN_POINT('',(-2.99114853960128,-8.39987402154119,2.23157054841977));
#3074=CARTESIAN_POINT('',(-3.16514567228701,-8.27739737968956,1.90328115302091));
#3075=CARTESIAN_POINT('',(-3.33924739737018,-8.1548471152132,1.57479441773263));
#3076=CARTESIAN_POINT('',(-3.46992436115517,-8.06399897198334,1.20503952257175));
#3077=CARTESIAN_POINT('',(-3.54569020123189,-8.01139122767902,0.82461150575754));
#3078=CARTESIAN_POINT('',(-3.59927031295929,-7.97418806574355,0.555580295590875));
#3079=CARTESIAN_POINT('',(-3.62666711082021,-7.95524087699699,0.276826110894452));
#3080=CARTESIAN_POINT('',(-3.62666642551586,-7.95523985420401,9.3072242862596E-15));
#3081=CARTESIAN_POINT('',(-3.62666545592622,-7.95523840712507,-0.39166209073084));
#3082=CARTESIAN_POINT('',(-3.57102797170084,-7.99366224943086,-0.788725471899277));
#3083=CARTESIAN_POINT('',(-3.46463697696134,-8.06773527255221,-1.15831082983801));
#3084=CARTESIAN_POINT('',(-3.35824546798433,-8.14180865370319,-1.5278979741559));
#3085=CARTESIAN_POINT('',(-3.19817125605031,-8.25359004034646,-1.88020195585483));
#3086=CARTESIAN_POINT('',(-2.99852390842527,-8.39503849706587,-2.18603515696384));
#3087=CARTESIAN_POINT('',(-2.79890889926463,-8.53646404225684,-2.49181881984353));
#3088=CARTESIAN_POINT('',(-2.55424252729132,-8.71148875494534,-2.75958083324488));
#3089=CARTESIAN_POINT('',(-2.2862596268842,-8.90757673530154,-2.96715167476195));
#3090=CARTESIAN_POINT('',(-2.01842280111285,-9.1035578301801,-3.1746093716156));
#3091=CARTESIAN_POINT('',(-1.71995193826173,-9.3260574368169,-3.32765379623467));
#3092=CARTESIAN_POINT('',(-1.41752561283226,-9.55908274882482,-3.4138011840287));
#3093=CARTESIAN_POINT('',(-1.11524780243665,-9.79199362713703,-3.49990626670198));
#3094=CARTESIAN_POINT('',(-0.800802146404464,-10.0419270584615,-3.52155278151446));
#3095=CARTESIAN_POINT('',(-0.501984858610311,-10.2905345639011,-3.4775530779885));
#3096=CARTESIAN_POINT('',(-0.36136423109468,-10.4075269363239,-3.45684722804924));
#3097=CARTESIAN_POINT('',(-0.222803938797362,-10.525328822044,-3.42173096329453));
#3098=CARTESIAN_POINT('',(-0.0889620635752892,-10.6419317324365,-3.3729434440425));
#3099=CARTESIAN_POINT('',(-3.59664615615817,-9.67900016108788,2.43351132273297));
#3100=CARTESIAN_POINT('',(-3.54544541351354,-9.62140341845755,2.44433956080895));
#3101=CARTESIAN_POINT('',(-3.49420732452911,-9.56382036099892,2.45506786903146));
#3102=CARTESIAN_POINT('',(-3.44293098734105,-9.50625256462295,2.46570024354645));
#3103=CARTESIAN_POINT('',(-3.59664615615817,-9.67900016108788,2.43351132273297));
#3104=CARTESIAN_POINT('',(-1.50682887129727,-11.0792452674986,2.77982885471845E-15));
#3105=CARTESIAN_POINT('',(-2.5644342535318,-12.6576846408888,-2.17592113980151E-15));
#3106=CARTESIAN_POINT('',(19.5438628652465,-25.1838889146666,9.15790519926327E-14));
#3107=CARTESIAN_POINT('',(-3.29386324546183,-9.8818744946857,3.95242662328109));
#3108=CARTESIAN_POINT('',(-3.41037259781239,-10.0072496242979,3.93761090518624));
#3109=CARTESIAN_POINT('',(-3.37156146774227,-9.9654370123753,3.9425715594341));
#3110=CARTESIAN_POINT('',(-3.33272524654836,-9.92364504660757,3.94751009123406));
#3111=CARTESIAN_POINT('',(-3.29386324546183,-9.8818744946857,3.95242662328109));
#3112=CARTESIAN_POINT('',(6.69999999999984,-8.88820784538955,3.13950037708109E-14));
#3113=CARTESIAN_POINT('',(0.916784162115663,-12.703144310948,3.42609165684519));
#3114=CARTESIAN_POINT('',(0.758563958678052,-12.8847892071705,3.45191927975235));
#3115=CARTESIAN_POINT('',(0.600469193937896,-13.066672561051,3.47685160862318));
#3116=CARTESIAN_POINT('',(0.442488798607777,-13.2487586284145,3.5009851116428));
#3117=CARTESIAN_POINT('',(0.916784162115663,-12.703144310948,3.42609165684519));
#3118=CARTESIAN_POINT('',(14.5298537608991,-21.8243408035846,6.80843005392191E-14));
#3119=CARTESIAN_POINT('',(6.69999999999984,-13.0000946572188,3.13950037708109E-14));
#3120=CARTESIAN_POINT('',(-1.50682571980009,-11.0792473791035,-0.00014153647754223));
#3121=CARTESIAN_POINT('',(-1.50682571980009,-11.0792473791035,-0.00014153647754223));
#3122=CARTESIAN_POINT('',(-1.50682571980009,-11.0792473791035,-0.00014153647754223));
#3123=CARTESIAN_POINT('',(-16.3000000000002,8.10000000000012,-23.));
#3124=CARTESIAN_POINT('',(-16.3000000000002,8.10000000000012,-23.));
#3125=CARTESIAN_POINT('',(-16.3000000000002,-22.2487586284146,-23.));
#3126=CARTESIAN_POINT('',(-16.3000000000002,-22.2487586284146,23.));
#3127=CARTESIAN_POINT('',(-16.3000000000002,-22.2487586284146,23.));
#3128=CARTESIAN_POINT('',(-16.3000000000002,8.10000000000012,23.));
#3129=CARTESIAN_POINT('',(-16.3000000000002,8.10000000000012,23.));
#3130=CARTESIAN_POINT('',(-16.3000000000002,8.10000000000012,23.));
#3131=CARTESIAN_POINT('',(-16.3000000000002,8.10000000000012,23.));
#3132=CARTESIAN_POINT('',(6.69999999999985,8.10000000000012,23.));
#3133=CARTESIAN_POINT('',(6.69999999999985,8.10000000000013,23.));
#3134=CARTESIAN_POINT('',(6.69999999999985,8.10000000000012,16.043884398284));
#3135=CARTESIAN_POINT('',(6.69999999999985,8.10000000000012,15.793884398284));
#3136=CARTESIAN_POINT('',(-9.09092980194209,8.10000000000012,-0.344463557228316));
#3137=CARTESIAN_POINT('',(-9.08349840192479,8.10000000000012,-0.594353081406067));
#3138=CARTESIAN_POINT('',(6.69913858561085,8.10000000000013,5.79459105978231E-5));
#3139=CARTESIAN_POINT('',(6.45000772246167,8.10000000000012,-15.7918035201342));
#3140=CARTESIAN_POINT('',(6.69999999999985,8.10000000000012,-15.7937685064628));
#3141=CARTESIAN_POINT('',(6.69999999999985,8.10000000000012,-16.0437685064628));
#3142=CARTESIAN_POINT('',(6.69999999999985,8.10000000000012,23.));
#3143=CARTESIAN_POINT('',(6.69999999999985,8.10000000000013,-23.));
#3144=CARTESIAN_POINT('',(29.6999999999998,8.10000000000013,-23.));
#3145=CARTESIAN_POINT('',(29.6999999999998,8.10000000000013,23.));
#3146=CARTESIAN_POINT('',(29.6999999999998,8.10000000000013,23.));
#3147=CARTESIAN_POINT('',(6.69999999999985,0.,23.));
#3148=CARTESIAN_POINT('',(6.69999999999984,-22.2487586284146,23.));
#3149=CARTESIAN_POINT('',(-16.3000000000002,-22.2487586284146,23.));
#3150=CARTESIAN_POINT('',(0.,0.,23.));
#3151=CARTESIAN_POINT('',(6.69999999999985,0.,-23.));
#3152=CARTESIAN_POINT('',(6.69999999999984,-22.2487586284146,-23.));
#3153=CARTESIAN_POINT('',(-16.3000000000002,-22.2487586284146,-23.));
#3154=CARTESIAN_POINT('',(0.,0.,-23.));
#3155=CARTESIAN_POINT('',(6.69913858561085,1.10000000000014,5.79459105978231E-5));
#3156=CARTESIAN_POINT('',(6.45000772246166,1.10000000000013,-15.7918035201342));
#3157=CARTESIAN_POINT('',(-9.08349840192479,1.10000000000013,-0.594353081406074));
#3158=CARTESIAN_POINT('',(6.45000772246167,4.10000000000012,-15.7918035201342));
#3159=CARTESIAN_POINT('',(-9.08349840192479,4.10000000000012,-0.594353081406067));
#3160=CARTESIAN_POINT('',(6.69913858561085,-52.5975172568294,5.79459105978231E-5));
#3161=CARTESIAN_POINT('',(6.69999999999985,1.10000000000013,15.793884398284));
#3162=CARTESIAN_POINT('',(6.6999999999998,1.10000000000013,16.043884398284));
#3163=CARTESIAN_POINT('',(6.69999999999985,1.10000000000013,3.13950037708109E-14));
#3164=CARTESIAN_POINT('',(6.69999999999985,1.10000000000013,3.13950037708109E-14));
#3165=CARTESIAN_POINT('',(6.69999999999985,1.10000000000013,-16.0437685064628));
#3166=CARTESIAN_POINT('',(6.69999999999985,1.10000000000013,-15.7937685064628));
#3167=CARTESIAN_POINT('',(-9.09092980194209,1.10000000000013,-0.344463557228316));
#3168=CARTESIAN_POINT('',(6.69999999999984,1.10000000000013,3.13950037708109E-14));
#3169=CARTESIAN_POINT('',(6.6999999999998,8.10000000000012,16.043884398284));
#3170=CARTESIAN_POINT('',(6.69999999999984,-22.2487586284146,23.));
#3171=CARTESIAN_POINT('',(6.69999999999983,8.10000000000012,-16.0437685064628));
#3172=CARTESIAN_POINT('',(6.69999999999981,0.,6.69999999999988));
#3173=CARTESIAN_POINT('',(-16.3000000000002,-22.2487586284146,23.));
#3174=CARTESIAN_POINT('',(6.69913858561086,-12.4999999999999,5.79459105907176E-5));
#3175=CARTESIAN_POINT('',(6.69999999999985,-12.4999999999999,-5.02018295378483));
#3176=CARTESIAN_POINT('',(6.69999999999985,-12.4999999999999,4.22244817607036E-14));
#3177=CARTESIAN_POINT('',(6.69999999999984,-12.4999999999999,-5.04984193569701));
#3178=CARTESIAN_POINT('',(6.69999999999984,-12.4999999999999,3.13950037708109E-14));
#3179=CARTESIAN_POINT('',(11.3222324457713,-12.4999999999999,4.22244817607036E-14));
#3180=CARTESIAN_POINT('',(6.69999999999984,6.97690928690603,7.30203657269981));
#3181=CARTESIAN_POINT('',(6.69956929280535,-13.1586236785618,-3.94403421416576));
#3182=CARTESIAN_POINT('',(6.69913858641417,-13.1587201881384,-3.94408816360194));
#3183=CARTESIAN_POINT('',(6.20483636101964,-13.1586742314324,-3.94406248810419));
#3184=CARTESIAN_POINT('',(5.62579750736626,-13.1586260807705,-3.83237996607261));
#3185=CARTESIAN_POINT('',(4.64740690716149,-13.1585499682569,-3.41012958643051));
#3186=CARTESIAN_POINT('',(4.20448453950937,-13.1585179117164,-3.09986242933481));
#3187=CARTESIAN_POINT('',(3.1144514086256,-13.1584397420703,-1.95342164179207));
#3188=CARTESIAN_POINT('',(2.72289852325655,-13.1584116290435,-0.899470618930443));
#3189=CARTESIAN_POINT('',(2.79225814803632,-13.1584034050643,1.16449702807926));
#3190=CARTESIAN_POINT('',(3.24939666222905,-13.1584232941119,2.16202747993268));
#3191=CARTESIAN_POINT('',(4.71389330568488,-13.1585110729139,3.55459795284276));
#3192=CARTESIAN_POINT('',(5.75823217302619,-13.1585833657282,3.94412763983737));
#3193=CARTESIAN_POINT('',(6.69913858561085,-13.1586708504412,3.94417649985171));
#3194=CARTESIAN_POINT('',(6.69956929280535,-13.1586113441375,3.94414321709409));
#3195=CARTESIAN_POINT('',(6.69999999999984,6.97690928690603,-7.30203657269974));
#3196=CARTESIAN_POINT('',(6.69999999999984,-13.1624852447857,3.93734445800768));
#3197=CARTESIAN_POINT('',(-1.17468891601544,-13.1624852447857,3.93734445800767));
#3198=CARTESIAN_POINT('',(-1.17468891601544,-13.1624852447857,-3.93734445800761));
#3199=CARTESIAN_POINT('',(6.69999999999984,-13.1624852447857,-3.93734445800761));
#3200=CARTESIAN_POINT('',(6.69999999999984,-12.9520981231002,4.31432867417006));
#3201=CARTESIAN_POINT('',(-1.92865734834021,-12.9520981231002,4.31432867417006));
#3202=CARTESIAN_POINT('',(-1.92865734834021,-12.9520981231002,-4.31432867417));
#3203=CARTESIAN_POINT('',(6.69999999999984,-12.9520981231002,-4.31432867417));
#3204=CARTESIAN_POINT('',(6.69999999999984,-12.7312116796904,4.6852586127359));
#3205=CARTESIAN_POINT('',(-2.6705172254719,-12.7312116796904,4.6852586127359));
#3206=CARTESIAN_POINT('',(-2.6705172254719,-12.7312116796904,-4.68525861273584));
#3207=CARTESIAN_POINT('',(6.69999999999984,-12.7312116796904,-4.68525861273584));
#3208=CARTESIAN_POINT('',(6.69999999999984,-12.4999999999999,5.04984193569707));
#3209=CARTESIAN_POINT('',(-3.39968387139423,-12.4999999999999,5.04984193569707));
#3210=CARTESIAN_POINT('',(-3.39968387139423,-12.4999999999999,-5.04984193569701));
#3211=CARTESIAN_POINT('',(6.69999999999984,-12.4999999999999,-5.04984193569701));
#3212=CARTESIAN_POINT('',(6.69999999999997,-12.4999999999999,-5.02018295378484));
#3213=CARTESIAN_POINT('',(6.69999999999997,-12.726473473767,-4.66713434549273));
#3214=CARTESIAN_POINT('',(6.69999999999985,-12.9459005913312,-4.30832760989576));
#3215=CARTESIAN_POINT('',(6.69999999999985,-13.158591508703,-3.94401619966385));
#3216=CARTESIAN_POINT('',(6.69999999999985,-10.6154048792796,-7.6120299530598));
#3217=CARTESIAN_POINT('',(6.69999999999985,-10.9987558190667,-7.14821667330464));
#3218=CARTESIAN_POINT('',(6.69999999999984,-11.3648440762365,-6.67029670900628));
#3219=CARTESIAN_POINT('',(6.69999999999984,-11.7153130393432,-6.17961300114499));
#3220=CARTESIAN_POINT('',(6.69999999999986,-11.7140602345867,6.18148276881838));
#3221=CARTESIAN_POINT('',(6.69999999999986,-11.3648018602205,6.67038910214519));
#3222=CARTESIAN_POINT('',(6.69999999999985,-11.0003551805335,7.14616438076956));
#3223=CARTESIAN_POINT('',(6.69999999999985,-10.6192282850484,7.60751877296404));
#3224=CARTESIAN_POINT('',(6.69999999999985,-13.158591508703,3.94413209148503));
#3225=CARTESIAN_POINT('',(6.69999999999985,-12.9464913684939,4.30743157857555));
#3226=CARTESIAN_POINT('',(6.69999999999985,-12.7271156368537,4.66624917180161));
#3227=CARTESIAN_POINT('',(6.69999999999985,-12.4999999999999,5.02029884560601));
#3228=CARTESIAN_POINT('',(6.69913858561085,1.10000000000014,14.9999999752656));
#3229=CARTESIAN_POINT('',(6.69913858561085,-2.09247753660733,14.0489313236177));
#3230=CARTESIAN_POINT('',(6.69913858561085,-7.85976571699004,11.373200195699));
#3231=CARTESIAN_POINT('',(6.69913858561085,-11.7447878677197,6.36579077031051));
#3232=CARTESIAN_POINT('',(6.69913858561085,-13.158591508703,3.9441321855546));
#3233=CARTESIAN_POINT('',(6.69913858561086,8.10000000000012,5.79459105907176E-5));
#3234=CARTESIAN_POINT('',(6.69999999999985,-7.07437931420725,0.));
#3235=CARTESIAN_POINT('',(6.69999999999985,-7.07437931420725,0.));
#3236=CARTESIAN_POINT('',(6.69999999999985,-7.07437931420725,0.));
#3237=CARTESIAN_POINT('',(6.69999999999985,-7.07437931420725,0.));
#3238=CARTESIAN_POINT('',(-9.09092980194209,8.10000000000012,-0.344463557228316));
#3239=CARTESIAN_POINT('',(6.69999999999985,8.10000000000012,-15.7937685064628));
#3240=CARTESIAN_POINT('',(6.69999999999985,8.10000000000012,15.793884398284));
#3241=CARTESIAN_POINT('',(6.69913858561085,1.10000000000014,5.79459105978231E-5));
#3242=CARTESIAN_POINT('',(22.4763761626618,1.10000000000013,-0.72363341580142));
#3243=CARTESIAN_POINT('',(6.94999206170525,1.10000000000014,-15.7917762503839));
#3244=CARTESIAN_POINT('',(22.4763761626618,4.10000000000012,-0.723633415801412));
#3245=CARTESIAN_POINT('',(22.4763761626618,8.10000000000012,-0.723633415801412));
#3246=CARTESIAN_POINT('',(6.69913858561085,8.10000000000013,5.79459105978231E-5));
#3247=CARTESIAN_POINT('',(6.94999206170525,8.10000000000012,-15.7917762503839));
#3248=CARTESIAN_POINT('',(6.94999206170525,4.10000000000012,-15.7917762503839));
#3249=CARTESIAN_POINT('',(6.69913858561085,-52.5975172568294,5.79459105978231E-5));
#3250=CARTESIAN_POINT('',(6.69999999999985,8.10000000000012,16.043884398284));
#3251=CARTESIAN_POINT('',(6.69999999999985,1.10000000000013,16.043884398284));
#3252=CARTESIAN_POINT('',(6.69999999999985,8.10000000000012,16.043884398284));
#3253=CARTESIAN_POINT('',(6.69999999999985,1.10000000000013,3.13950037708109E-14));
#3254=CARTESIAN_POINT('',(6.69999999999985,1.10000000000013,17.));
#3255=CARTESIAN_POINT('',(6.69999999999985,7.68961411709585,-8.00665024163085));
#3256=CARTESIAN_POINT('',(6.69999999999984,-16.8999999999999,3.31297272467877E-14));
#3257=CARTESIAN_POINT('',(6.69999999999984,7.68961411709585,8.00665024163091));
#3258=CARTESIAN_POINT('',(6.69999999999985,1.10000000000013,-17.));
#3259=CARTESIAN_POINT('',(6.69999999999985,1.10000000000013,3.13950037708109E-14));
#3260=CARTESIAN_POINT('',(6.69999999999985,1.10000000000013,-16.0437685064628));
#3261=CARTESIAN_POINT('',(6.69999999999985,8.10000000000012,-16.0437685064628));
#3262=CARTESIAN_POINT('',(6.69999999999985,8.10000000000012,-16.0437685064628));
#3263=CARTESIAN_POINT('',(6.69999999999985,8.10000000000012,23.));
#3264=CARTESIAN_POINT('',(6.69999999999985,8.10000000000012,-23.));
#3265=CARTESIAN_POINT('',(6.69999999999985,0.,-23.));
#3266=CARTESIAN_POINT('',(6.69999999999984,-22.2487586284146,-23.));
#3267=CARTESIAN_POINT('',(6.69999999999984,-22.2487586284146,23.));
#3268=CARTESIAN_POINT('',(6.69999999999984,-22.2487586284146,23.));
#3269=CARTESIAN_POINT('',(6.69999999999985,0.,23.));
#3270=CARTESIAN_POINT('',(6.69999999999985,8.10000000000012,23.));
#3271=CARTESIAN_POINT('',(6.69999999999985,8.10000000000012,23.));
#3272=CARTESIAN_POINT('',(6.69999999999985,-7.07437931420725,0.));
#3273=CARTESIAN_POINT('',(29.6999999999998,-22.2487586284146,-23.));
#3274=CARTESIAN_POINT('',(29.6999999999998,-22.2487586284146,-23.));
#3275=CARTESIAN_POINT('',(29.6999999999998,8.10000000000013,-23.));
#3276=CARTESIAN_POINT('',(29.6999999999998,8.10000000000013,23.));
#3277=CARTESIAN_POINT('',(29.6999999999998,8.10000000000013,23.));
#3278=CARTESIAN_POINT('',(29.6999999999998,-22.2487586284146,23.));
#3279=CARTESIAN_POINT('',(29.6999999999998,-22.2487586284146,23.));
#3280=CARTESIAN_POINT('',(29.6999999999998,-22.2487586284146,23.));
#3281=CARTESIAN_POINT('',(29.6999999999998,-22.2487586284146,23.));
#3282=CARTESIAN_POINT('',(22.4858545495046,1.10000000000013,-0.473813160051688));
#3283=CARTESIAN_POINT('',(22.4913774755175,1.10000000000014,-0.223874172920316));
#3284=CARTESIAN_POINT('',(6.69999999999985,1.10000000000013,-15.7937685064628));
#3285=CARTESIAN_POINT('',(6.69999999999984,1.10000000000013,3.13950037708109E-14));
#3286=CARTESIAN_POINT('',(6.69999999999985,1.10000000000013,15.793884398284));
#3287=CARTESIAN_POINT('',(6.94999206170525,1.10000000000014,15.7918921422051));
#3288=CARTESIAN_POINT('',(6.69913858561085,1.10000000000014,5.79459105978231E-5));
#3289=CARTESIAN_POINT('',(6.69999999999984,1.10000000000013,3.13950037708109E-14));
#3290=CARTESIAN_POINT('',(6.69913858561085,8.10000000000013,5.79459105978231E-5));
#3291=CARTESIAN_POINT('',(6.94999206170526,8.10000000000012,15.7918921422051));
#3292=CARTESIAN_POINT('',(22.4913774755175,8.10000000000012,-0.223874172920316));
#3293=CARTESIAN_POINT('',(22.4913774755175,4.10000000000012,-0.223874172920316));
#3294=CARTESIAN_POINT('',(6.94999206170525,4.10000000000012,15.7918921422051));
#3295=CARTESIAN_POINT('',(6.69913858561085,-52.5975172568294,5.79459105978231E-5));
#3296=CARTESIAN_POINT('',(9.48448621204526,-22.2487586284146,-0.0418250150415282));
#3297=CARTESIAN_POINT('',(7.73448621204526,-22.2487586284146,-0.0418250150415282));
#3298=CARTESIAN_POINT('',(-16.3000000000002,-22.2487586284146,-23.));
#3299=CARTESIAN_POINT('',(-16.3000000000002,-22.2487586284146,23.));
#3300=CARTESIAN_POINT('',(-16.3000000000002,-22.2487586284146,23.));
#3301=CARTESIAN_POINT('',(29.6999999999998,8.10000000000013,-23.));
#3302=CARTESIAN_POINT('',(0.,0.,-23.));
#3303=CARTESIAN_POINT('',(29.6999999999998,8.10000000000013,23.));
#3304=CARTESIAN_POINT('',(0.,0.,23.));
#3305=CARTESIAN_POINT('',(22.4858545495046,8.10000000000012,-0.473813160051688));
#3306=CARTESIAN_POINT('',(6.69999999999985,8.10000000000012,15.793884398284));
#3307=CARTESIAN_POINT('',(6.69999999999985,8.10000000000012,-15.7937685064628));
#3308=CARTESIAN_POINT('',(29.6999999999998,8.10000000000013,23.));
#3309=CARTESIAN_POINT('',(8.20160973763185,-16.1802872318498,-1.23208883092296));
#3310=CARTESIAN_POINT('',(8.34667833058332,-16.0922051627673,-1.38844501032892));
#3311=CARTESIAN_POINT('',(8.5215923257129,-15.9981935649048,-1.51831270855809));
#3312=CARTESIAN_POINT('',(8.71121494323342,-15.9056189628204,-1.61171403813524));
#3313=CARTESIAN_POINT('',(8.9013360928201,-15.8128009751723,-1.70536092680457));
#3314=CARTESIAN_POINT('',(9.11154630562144,-15.7186569379711,-1.76488506910422));
#3315=CARTESIAN_POINT('',(9.32400172384369,-15.6291536061968,-1.78445082945112));
#3316=CARTESIAN_POINT('',(9.5372955161805,-15.5392970837288,-1.80409379859383));
#3317=CARTESIAN_POINT('',(9.75902276534304,-15.451460055175,-1.78386831083015));
#3318=CARTESIAN_POINT('',(9.96864827169114,-15.3716532934472,-1.72351675254857));
#3319=CARTESIAN_POINT('',(10.1715621534443,-15.2944017218496,-1.66509748299445));
#3320=CARTESIAN_POINT('',(10.3691724416802,-15.222337024182,-1.56715307391923));
#3321=CARTESIAN_POINT('',(10.5415701916871,-15.1610243201777,-1.43648391957147));
#3322=CARTESIAN_POINT('',(10.7045202578798,-15.1030716544639,-1.31297565250028));
#3323=CARTESIAN_POINT('',(10.8497775472591,-15.0529745772335,-1.1563660700322));
#3324=CARTESIAN_POINT('',(10.9618564668838,-15.0149833374448,-0.979842674853069));
#3325=CARTESIAN_POINT('',(11.0670759147081,-14.9793172435343,-0.81412289247995));
#3326=CARTESIAN_POINT('',(11.1460987560627,-14.9532684205165,-0.625905263209366));
#3327=CARTESIAN_POINT('',(11.1904586024633,-14.9391168838831,-0.431899627303346));
#3328=CARTESIAN_POINT('',(11.2326594775237,-14.9256540953968,-0.247336147801151));
#3329=CARTESIAN_POINT('',(11.2447018787094,-14.9225655102826,-0.0522980544946155));
#3330=CARTESIAN_POINT('',(11.2253900738301,-14.9301127462325,0.13637078744138));
#3331=CARTESIAN_POINT('',(11.2064967757585,-14.9374964257648,0.320950980220169));
#3332=CARTESIAN_POINT('',(11.1571627209595,-14.9552382678328,0.504454485604564));
#3333=CARTESIAN_POINT('',(11.0821833686604,-14.9819464445203,0.672222459391404));
#3334=CARTESIAN_POINT('',(11.0064373968697,-15.0089276965038,0.841705761396114));
#3335=CARTESIAN_POINT('',(10.9026399285324,-15.0457436491439,0.999612140336429));
#3336=CARTESIAN_POINT('',(10.7800557811186,-15.0897745209437,1.13461006250896));
#3337=CARTESIAN_POINT('',(10.6528538070301,-15.1354640650808,1.27469344653908));
#3338=CARTESIAN_POINT('',(10.502252835769,-15.1900800708284,1.39377230592655));
#3339=CARTESIAN_POINT('',(10.3407617265054,-15.2501022567274,1.48437688619436));
#3340=CARTESIAN_POINT('',(10.1704667622338,-15.3133966142296,1.57992086895547));
#3341=CARTESIAN_POINT('',(9.98377344116272,-15.3843206091343,1.64631640228565));
#3342=CARTESIAN_POINT('',(9.79548378270449,-15.4586578214479,1.68031914589392));
#3343=CARTESIAN_POINT('',(9.59629839082314,-15.5372966956552,1.71628952188861));
#3344=CARTESIAN_POINT('',(9.3902020362721,-15.6218152884354,1.7169946927851));
#3345=CARTESIAN_POINT('',(9.19339235783609,-15.7073517741251,1.68379498021863));
#3346=CARTESIAN_POINT('',(8.9872534292691,-15.7969428941025,1.64902152176083));
#3347=CARTESIAN_POINT('',(8.78582151707345,-15.8901164407795,1.57614544860721));
#3348=CARTESIAN_POINT('',(8.60555054885418,-15.9810463193834,1.47144036154345));
#3349=CARTESIAN_POINT('',(8.42090727990172,-16.0741816156362,1.36419575226233));
#3350=CARTESIAN_POINT('',(8.25329231318872,-16.1678688208493,1.22056091491346));
#3351=CARTESIAN_POINT('',(8.11792970719633,-16.2533794849066,1.05134620624775));
#3352=CARTESIAN_POINT('',(7.98442984908364,-16.3377134221493,0.884460090013242));
#3353=CARTESIAN_POINT('',(7.87795984289808,-16.4179727422355,0.68710561345018));
#3354=CARTESIAN_POINT('',(7.81221302544477,-16.4729142107303,0.473929179684149));
#3355=CARTESIAN_POINT('',(7.76952219022146,-16.5085888984077,0.33550909548981));
#3356=CARTESIAN_POINT('',(7.74306632516142,-16.5332693691025,0.186629390756349));
#3357=CARTESIAN_POINT('',(7.73629272565672,-16.5378160710204,0.0376704826214605));
#3358=CARTESIAN_POINT('',(7.72949522022076,-16.5423788195237,-0.111814143252742));
#3359=CARTESIAN_POINT('',(7.74253815324961,-16.526169384643,-0.264582785683061));
#3360=CARTESIAN_POINT('',(7.77322037310548,-16.4960261564864,-0.407979666080861));
#3361=CARTESIAN_POINT('',(7.81134358783512,-16.4585726487201,-0.586152891116293));
#3362=CARTESIAN_POINT('',(7.87728287367901,-16.4008927003251,-0.755964368018873));
#3363=CARTESIAN_POINT('',(7.96385751428929,-16.3376135051789,-0.907959163751179));
#3364=CARTESIAN_POINT('',(8.03082595679518,-16.2886648856745,-1.02553233145296));
#3365=CARTESIAN_POINT('',(8.1111529692125,-16.2352101207131,-1.13459397453535));
#3366=CARTESIAN_POINT('',(8.20160973763185,-16.1802872318498,-1.23208883092296));
#3367=CARTESIAN_POINT('',(8.20160973763185,-16.1802872318498,-1.23208883092296));
#3368=CARTESIAN_POINT('',(6.69999999999985,1.10000000000014,-17.));
#3369=CARTESIAN_POINT('',(40.6999999999999,1.10000000000014,-17.));
#3370=CARTESIAN_POINT('',(40.6999999999998,1.10000000000014,17.0000000000001));
#3371=CARTESIAN_POINT('',(6.69999999999983,1.10000000000014,17.));
#3372=CARTESIAN_POINT('',(6.69999999999985,-7.58720741632103,-14.7107951654625));
#3373=CARTESIAN_POINT('',(36.121590330925,-7.58720741632103,-14.7107951654625));
#3374=CARTESIAN_POINT('',(36.1215903309249,-7.58720741632103,14.7107951654626));
#3375=CARTESIAN_POINT('',(6.69999999999983,-7.58720741632103,14.7107951654626));
#3376=CARTESIAN_POINT('',(6.69999999999985,-14.1185226455004,-8.54233078234865));
#3377=CARTESIAN_POINT('',(23.7846615646972,-14.1185226455005,-8.54233078234865));
#3378=CARTESIAN_POINT('',(23.7846615646972,-14.1185226455005,8.54233078234873));
#3379=CARTESIAN_POINT('',(6.69999999999984,-14.1185226455004,8.54233078234871));
#3380=CARTESIAN_POINT('',(6.69999999999984,-16.8999999999999,2.77555756156289E-14));
#3381=CARTESIAN_POINT('',(6.69999999999985,-16.8999999999999,2.77555756156289E-14));
#3382=CARTESIAN_POINT('',(6.69999999999985,-16.8999999999999,3.50344319259929E-14));
#3383=CARTESIAN_POINT('',(6.69999999999984,-16.8999999999999,3.50344319259929E-14));
#3384=CARTESIAN_POINT('',(9.48448621204526,-22.2487586284146,-0.0418250150415282));
#3385=CARTESIAN_POINT('',(6.69999999999985,8.10000000000012,-15.7937685064628));
#3386=CARTESIAN_POINT('',(6.69999999999985,8.10000000000012,15.793884398284));
#3387=CARTESIAN_POINT('',(22.4858545495046,8.10000000000012,-0.473813160051688));
#3388=MECHANICAL_DESIGN_GEOMETRIC_PRESENTATION_REPRESENTATION('',(#57,#23,
#24,#25,#26,#27,#28,#29,#30,#31,#32,#33,#34,#35,#36,#37,#58,#38,#39,#59,
#40,#41,#60,#42,#43,#44,#45,#46,#47,#48,#49,#50,#51,#52,#53,#61,#54,#55),
#3389);
#3389=(
GEOMETRIC_REPRESENTATION_CONTEXT(3)
GLOBAL_UNCERTAINTY_ASSIGNED_CONTEXT((#3390))
GLOBAL_UNIT_ASSIGNED_CONTEXT((#3396,#3392,#3391))
REPRESENTATION_CONTEXT('menstrual_cup_valve_mold',
'TOP_LEVEL_ASSEMBLY_PART')
);
#3390=UNCERTAINTY_MEASURE_WITH_UNIT(LENGTH_MEASURE(0.0508),#3396,
'DISTANCE_ACCURACY_VALUE','Maximum Tolerance applied to model');
#3391=(
NAMED_UNIT(*)
SI_UNIT($,.STERADIAN.)
SOLID_ANGLE_UNIT()
);
#3392=(
CONVERSION_BASED_UNIT('DEGREE',#3394)
NAMED_UNIT(#3393)
PLANE_ANGLE_UNIT()
);
#3393=DIMENSIONAL_EXPONENTS(0.,0.,0.,0.,0.,0.,0.);
#3394=PLANE_ANGLE_MEASURE_WITH_UNIT(PLANE_ANGLE_MEASURE(0.0174532925),#3395);
#3395=(
NAMED_UNIT(*)
PLANE_ANGLE_UNIT()
SI_UNIT($,.RADIAN.)
);
#3396=(
LENGTH_UNIT()
NAMED_UNIT(*)
SI_UNIT(.MILLI.,.METRE.)
);
ENDSEC;
END-ISO-10303-21;
