ISO-10303-21;
HEADER;
/* Generated by software containing ST-Developer
 * from STEP Tools, Inc. (www.steptools.com) 
 */
/* OPTION: using custom schema-name function */

FILE_DESCRIPTION(
/* description */ (''),
/* implementation_level */ '2;1');

FILE_NAME(
/* name */ 'flower_cup_withrim_part_m.stp',
/* time_stamp */ '2026-09-08T16:13:29+02:00',
/* author */ (''),
/* organization */ (''),
/* preprocessor_version */ 'ST-DEVELOPER v20',
/* originating_system */ 'SIEMENS PLM Software NX2406.3002',
/* authorisation */ '');

FILE_SCHEMA (('AUTOMOTIVE_DESIGN { 1 0 10303 214 3 1 1 1 }'));
ENDSEC;

DATA;
#10=SHAPE_REPRESENTATION_RELATIONSHIP('None',
'relationship between flower_cup_withrim_part_m-None and flower_cup_wi
thrim_part_m-None',#22,#11);
#11=ADVANCED_BREP_SHAPE_REPRESENTATION('flower_cup_withrim_part_m-None',
(#686,#687,#688,#689,#690,#691),#4929);
#12=SHAPE_DEFINITION_REPRESENTATION(#13,#22);
#13=PRODUCT_DEFINITION_SHAPE('','',#14);
#14=PRODUCT_DEFINITION(' ','',#16,#15);
#15=PRODUCT_DEFINITION_CONTEXT('part definition',#21,'design');
#16=PRODUCT_DEFINITION_FORMATION_WITH_SPECIFIED_SOURCE(' ',' ',#18,
 .NOT_KNOWN.);
#17=PRODUCT_RELATED_PRODUCT_CATEGORY('part','',(#18));
#18=PRODUCT('flower_cup_withrim_part_m','flower_cup_withrim_part_m',' ',
(#19));
#19=PRODUCT_CONTEXT(' ',#21,'mechanical');
#20=APPLICATION_PROTOCOL_DEFINITION('international standard',
'automotive_design',2010,#21);
#21=APPLICATION_CONTEXT(
'core data for automotive mechanical design processes');
#22=SHAPE_REPRESENTATION('flower_cup_withrim_part_m-None',(#2463),#4929);
#23=B_SPLINE_SURFACE_WITH_KNOTS('',3,3,((#3967,#3968,#3969,#3970,#3971,
#3972,#3973),(#3974,#3975,#3976,#3977,#3978,#3979,#3980),(#3981,#3982,#3983,
#3984,#3985,#3986,#3987),(#3988,#3989,#3990,#3991,#3992,#3993,#3994)),
 .UNSPECIFIED.,.F.,.F.,.F.,(4,4),(4,3,4),(0.,1.),(0.,0.5,1.),
 .UNSPECIFIED.);
#24=B_SPLINE_SURFACE_WITH_KNOTS('',3,3,((#4050,#4051,#4052,#4053,#4054,
#4055,#4056),(#4057,#4058,#4059,#4060,#4061,#4062,#4063),(#4064,#4065,#4066,
#4067,#4068,#4069,#4070),(#4071,#4072,#4073,#4074,#4075,#4076,#4077)),
 .UNSPECIFIED.,.F.,.F.,.F.,(4,4),(4,3,4),(0.,1.),(0.,0.5,1.),
 .UNSPECIFIED.);
#25=B_SPLINE_SURFACE_WITH_KNOTS('',3,3,((#4133,#4134,#4135,#4136,#4137,
#4138,#4139),(#4140,#4141,#4142,#4143,#4144,#4145,#4146),(#4147,#4148,#4149,
#4150,#4151,#4152,#4153),(#4154,#4155,#4156,#4157,#4158,#4159,#4160)),
 .UNSPECIFIED.,.F.,.F.,.F.,(4,4),(4,3,4),(0.,1.),(0.,0.5,1.),
 .UNSPECIFIED.);
#26=B_SPLINE_SURFACE_WITH_KNOTS('',3,3,((#4216,#4217,#4218,#4219,#4220,
#4221,#4222),(#4223,#4224,#4225,#4226,#4227,#4228,#4229),(#4230,#4231,#4232,
#4233,#4234,#4235,#4236),(#4237,#4238,#4239,#4240,#4241,#4242,#4243)),
 .UNSPECIFIED.,.F.,.F.,.F.,(4,4),(4,3,4),(0.,1.),(0.,0.5,1.),
 .UNSPECIFIED.);
#27=B_SPLINE_SURFACE_WITH_KNOTS('',3,3,((#4299,#4300,#4301,#4302,#4303,
#4304,#4305),(#4306,#4307,#4308,#4309,#4310,#4311,#4312),(#4313,#4314,#4315,
#4316,#4317,#4318,#4319),(#4320,#4321,#4322,#4323,#4324,#4325,#4326)),
 .UNSPECIFIED.,.F.,.F.,.F.,(4,4),(4,3,4),(0.,1.),(0.,0.5,1.),
 .UNSPECIFIED.);
#28=ELLIPSE('',#2581,16.4206863819025,8.99999999999999);
#29=ELLIPSE('',#2583,16.4206863819025,8.99999999999999);
#30=ELLIPSE('',#2585,16.4206863819031,8.99999999999999);
#31=ELLIPSE('',#2587,16.4206863819031,8.99999999999999);
#32=ELLIPSE('',#2589,16.4206863819025,8.99999999999999);
#33=ELLIPSE('',#2591,16.4206863819031,8.99999999999999);
#34=ELLIPSE('',#2593,16.4206863819029,8.99999999999999);
#35=ELLIPSE('',#2595,16.4206863819025,8.99999999999999);
#36=ELLIPSE('',#2597,16.4206863819025,8.99999999999999);
#37=ELLIPSE('',#2599,16.4206863819031,8.99999999999999);
#38=ELLIPSE('',#2653,14.3052067881872,3.99999999999999);
#39=ELLIPSE('',#2655,14.3052067881877,3.99999999999999);
#40=ELLIPSE('',#2657,14.3052067881872,3.99999999999999);
#41=ELLIPSE('',#2659,14.305206788188,3.99999999999999);
#42=ELLIPSE('',#2661,14.3052067881872,3.99999999999999);
#43=ELLIPSE('',#2663,14.305206788188,3.99999999999999);
#44=ELLIPSE('',#2665,14.3052067881872,3.99999999999999);
#45=ELLIPSE('',#2667,14.305206788188,3.99999999999999);
#46=ELLIPSE('',#2669,14.3052067881872,3.99999999999999);
#47=ELLIPSE('',#2671,14.3052067881879,3.99999999999999);
#48=SURFACE_OF_REVOLUTION('',#50,#49);
#49=AXIS1_PLACEMENT('',#3725,#2967);
#50=B_SPLINE_CURVE_WITH_KNOTS('',2,(#3719,#3720,#3721,#3722,#3723,#3724),
 .UNSPECIFIED.,.F.,.F.,(3,1,1,1,3),(0.,0.234944638196585,0.429866794361975,
0.607190782350474,1.),.UNSPECIFIED.);
#51=B_SPLINE_CURVE_WITH_KNOTS('',3,(#3726,#3727,#3728,#3729,#3730,#3731),
 .UNSPECIFIED.,.F.,.F.,(4,2,4),(0.,0.5,1.),.UNSPECIFIED.);
#52=B_SPLINE_CURVE_WITH_KNOTS('',3,(#3736,#3737,#3738,#3739,#3740,#3741),
 .UNSPECIFIED.,.F.,.F.,(4,2,4),(0.,0.5,1.),.UNSPECIFIED.);
#53=B_SPLINE_CURVE_WITH_KNOTS('',3,(#3745,#3746,#3747,#3748),
 .UNSPECIFIED.,.F.,.F.,(4,4),(0.,1.),.UNSPECIFIED.);
#54=B_SPLINE_CURVE_WITH_KNOTS('',3,(#3753,#3754,#3755,#3756,#3757,#3758),
 .UNSPECIFIED.,.F.,.F.,(4,2,4),(0.,0.5,1.),.UNSPECIFIED.);
#55=B_SPLINE_CURVE_WITH_KNOTS('',3,(#3762,#3763,#3764,#3765,#3766,#3767),
 .UNSPECIFIED.,.F.,.F.,(4,2,4),(0.,0.5,1.),.UNSPECIFIED.);
#56=B_SPLINE_CURVE_WITH_KNOTS('',3,(#3772,#3773,#3774,#3775,#3776,#3777),
 .UNSPECIFIED.,.F.,.F.,(4,2,4),(0.,0.5,1.),.UNSPECIFIED.);
#57=B_SPLINE_CURVE_WITH_KNOTS('',3,(#3781,#3782,#3783,#3784,#3785,#3786),
 .UNSPECIFIED.,.F.,.F.,(4,2,4),(0.,0.5,1.),.UNSPECIFIED.);
#58=B_SPLINE_CURVE_WITH_KNOTS('',3,(#3791,#3792,#3793,#3794,#3795,#3796),
 .UNSPECIFIED.,.F.,.F.,(4,2,4),(0.,0.5,1.),.UNSPECIFIED.);
#59=B_SPLINE_CURVE_WITH_KNOTS('',3,(#3800,#3801,#3802,#3803,#3804,#3805),
 .UNSPECIFIED.,.F.,.F.,(4,2,4),(0.,0.5,1.),.UNSPECIFIED.);
#60=B_SPLINE_CURVE_WITH_KNOTS('',3,(#3810,#3811,#3812,#3813,#3814,#3815),
 .UNSPECIFIED.,.F.,.F.,(4,2,4),(0.,0.5,1.),.UNSPECIFIED.);
#61=B_SPLINE_CURVE_WITH_KNOTS('',3,(#3819,#3820,#3821,#3822,#3823,#3824),
 .UNSPECIFIED.,.F.,.F.,(4,2,4),(0.,0.5,1.),.UNSPECIFIED.);
#62=B_SPLINE_CURVE_WITH_KNOTS('',3,(#3829,#3830,#3831,#3832,#3833,#3834),
 .UNSPECIFIED.,.F.,.F.,(4,2,4),(0.,0.5,1.),.UNSPECIFIED.);
#63=B_SPLINE_CURVE_WITH_KNOTS('',3,(#3838,#3839,#3840,#3841,#3842,#3843),
 .UNSPECIFIED.,.F.,.F.,(4,2,4),(0.,0.5,1.),.UNSPECIFIED.);
#64=B_SPLINE_CURVE_WITH_KNOTS('',3,(#3848,#3849,#3850,#3851,#3852,#3853),
 .UNSPECIFIED.,.F.,.F.,(4,2,4),(0.,0.5,1.),.UNSPECIFIED.);
#65=B_SPLINE_CURVE_WITH_KNOTS('',3,(#3857,#3858,#3859,#3860,#3861,#3862),
 .UNSPECIFIED.,.F.,.F.,(4,2,4),(0.,0.5,1.),.UNSPECIFIED.);
#66=B_SPLINE_CURVE_WITH_KNOTS('',3,(#3867,#3868,#3869,#3870,#3871,#3872),
 .UNSPECIFIED.,.F.,.F.,(4,2,4),(0.,0.5,1.),.UNSPECIFIED.);
#67=B_SPLINE_CURVE_WITH_KNOTS('',3,(#3876,#3877,#3878,#3879,#3880,#3881),
 .UNSPECIFIED.,.F.,.F.,(4,2,4),(0.,0.5,1.),.UNSPECIFIED.);
#68=B_SPLINE_CURVE_WITH_KNOTS('',3,(#3886,#3887,#3888,#3889,#3890,#3891),
 .UNSPECIFIED.,.F.,.F.,(4,2,4),(0.,0.5,1.),.UNSPECIFIED.);
#69=B_SPLINE_CURVE_WITH_KNOTS('',3,(#3895,#3896,#3897,#3898,#3899,#3900),
 .UNSPECIFIED.,.F.,.F.,(4,2,4),(0.,0.5,1.),.UNSPECIFIED.);
#70=B_SPLINE_CURVE_WITH_KNOTS('',3,(#3905,#3906,#3907,#3908),
 .UNSPECIFIED.,.F.,.F.,(4,4),(0.,1.),.UNSPECIFIED.);
#71=B_SPLINE_CURVE_WITH_KNOTS('',3,(#3912,#3913,#3914,#3915),
 .UNSPECIFIED.,.F.,.F.,(4,4),(0.,1.),.UNSPECIFIED.);
#72=B_SPLINE_CURVE_WITH_KNOTS('',3,(#3917,#3918,#3919,#3920,#3921,#3922,
#3923,#3924,#3925,#3926),.UNSPECIFIED.,.F.,.F.,(4,3,3,4),(0.,0.216757401012946,
0.546203023646042,1.),.UNSPECIFIED.);
#73=B_SPLINE_CURVE_WITH_KNOTS('',3,(#3928,#3929,#3930,#3931,#3932,#3933),
 .UNSPECIFIED.,.F.,.F.,(4,2,4),(0.,0.5,1.),.UNSPECIFIED.);
#74=B_SPLINE_CURVE_WITH_KNOTS('',3,(#3935,#3936,#3937,#3938,#3939,#3940,
#3941,#3942,#3943,#3944,#3945,#3946,#3947),.UNSPECIFIED.,.F.,.F.,(4,3,3,
3,4),(0.,0.314408413406805,0.628816826810047,0.943225240209882,1.),
 .UNSPECIFIED.);
#75=B_SPLINE_CURVE_WITH_KNOTS('',3,(#3949,#3950,#3951,#3952),
 .UNSPECIFIED.,.F.,.F.,(4,4),(0.,1.),.UNSPECIFIED.);
#76=B_SPLINE_CURVE_WITH_KNOTS('',3,(#3953,#3954,#3955,#3956),
 .UNSPECIFIED.,.F.,.F.,(4,4),(0.,1.),.UNSPECIFIED.);
#77=B_SPLINE_CURVE_WITH_KNOTS('',3,(#3958,#3959,#3960,#3961),
 .UNSPECIFIED.,.F.,.F.,(4,4),(0.,1.),.UNSPECIFIED.);
#78=B_SPLINE_CURVE_WITH_KNOTS('',3,(#3963,#3964,#3965,#3966),
 .UNSPECIFIED.,.F.,.F.,(4,4),(0.,1.),.UNSPECIFIED.);
#79=B_SPLINE_CURVE_WITH_KNOTS('',3,(#3995,#3996,#3997,#3998),
 .UNSPECIFIED.,.F.,.F.,(4,4),(0.,1.),.UNSPECIFIED.);
#80=B_SPLINE_CURVE_WITH_KNOTS('',3,(#4000,#4001,#4002,#4003,#4004,#4005,
#4006,#4007,#4008,#4009),.UNSPECIFIED.,.F.,.F.,(4,3,3,4),(0.,0.216757401012958,
0.546203023646048,1.),.UNSPECIFIED.);
#81=B_SPLINE_CURVE_WITH_KNOTS('',3,(#4011,#4012,#4013,#4014,#4015,#4016),
 .UNSPECIFIED.,.F.,.F.,(4,2,4),(0.,0.5,1.),.UNSPECIFIED.);
#82=B_SPLINE_CURVE_WITH_KNOTS('',3,(#4018,#4019,#4020,#4021,#4022,#4023,
#4024,#4025,#4026,#4027,#4028,#4029,#4030),.UNSPECIFIED.,.F.,.F.,(4,3,3,
3,4),(0.,0.314408413406801,0.628816826810038,0.943225240209868,1.),
 .UNSPECIFIED.);
#83=B_SPLINE_CURVE_WITH_KNOTS('',3,(#4032,#4033,#4034,#4035),
 .UNSPECIFIED.,.F.,.F.,(4,4),(0.,1.),.UNSPECIFIED.);
#84=B_SPLINE_CURVE_WITH_KNOTS('',3,(#4036,#4037,#4038,#4039),
 .UNSPECIFIED.,.F.,.F.,(4,4),(0.,1.),.UNSPECIFIED.);
#85=B_SPLINE_CURVE_WITH_KNOTS('',3,(#4041,#4042,#4043,#4044),
 .UNSPECIFIED.,.F.,.F.,(4,4),(0.,1.),.UNSPECIFIED.);
#86=B_SPLINE_CURVE_WITH_KNOTS('',3,(#4046,#4047,#4048,#4049),
 .UNSPECIFIED.,.F.,.F.,(4,4),(0.,1.),.UNSPECIFIED.);
#87=B_SPLINE_CURVE_WITH_KNOTS('',3,(#4078,#4079,#4080,#4081),
 .UNSPECIFIED.,.F.,.F.,(4,4),(0.,1.),.UNSPECIFIED.);
#88=B_SPLINE_CURVE_WITH_KNOTS('',3,(#4083,#4084,#4085,#4086,#4087,#4088,
#4089,#4090,#4091,#4092),.UNSPECIFIED.,.F.,.F.,(4,3,3,4),(0.,0.216757401012972,
0.546203023646057,1.),.UNSPECIFIED.);
#89=B_SPLINE_CURVE_WITH_KNOTS('',3,(#4094,#4095,#4096,#4097,#4098,#4099),
 .UNSPECIFIED.,.F.,.F.,(4,2,4),(0.,0.5,1.),.UNSPECIFIED.);
#90=B_SPLINE_CURVE_WITH_KNOTS('',3,(#4101,#4102,#4103,#4104,#4105,#4106,
#4107,#4108,#4109,#4110,#4111,#4112,#4113),.UNSPECIFIED.,.F.,.F.,(4,3,3,
3,4),(0.,0.314408413406798,0.628816826810032,0.943225240209858,1.),
 .UNSPECIFIED.);
#91=B_SPLINE_CURVE_WITH_KNOTS('',3,(#4115,#4116,#4117,#4118),
 .UNSPECIFIED.,.F.,.F.,(4,4),(0.,1.),.UNSPECIFIED.);
#92=B_SPLINE_CURVE_WITH_KNOTS('',3,(#4119,#4120,#4121,#4122),
 .UNSPECIFIED.,.F.,.F.,(4,4),(0.,1.),.UNSPECIFIED.);
#93=B_SPLINE_CURVE_WITH_KNOTS('',3,(#4124,#4125,#4126,#4127),
 .UNSPECIFIED.,.F.,.F.,(4,4),(0.,1.),.UNSPECIFIED.);
#94=B_SPLINE_CURVE_WITH_KNOTS('',3,(#4129,#4130,#4131,#4132),
 .UNSPECIFIED.,.F.,.F.,(4,4),(0.,1.),.UNSPECIFIED.);
#95=B_SPLINE_CURVE_WITH_KNOTS('',3,(#4161,#4162,#4163,#4164),
 .UNSPECIFIED.,.F.,.F.,(4,4),(0.,1.),.UNSPECIFIED.);
#96=B_SPLINE_CURVE_WITH_KNOTS('',3,(#4166,#4167,#4168,#4169,#4170,#4171,
#4172,#4173,#4174,#4175),.UNSPECIFIED.,.F.,.F.,(4,3,3,4),(0.,0.21675740101308,
0.546203023646315,1.),.UNSPECIFIED.);
#97=B_SPLINE_CURVE_WITH_KNOTS('',3,(#4177,#4178,#4179,#4180,#4181,#4182),
 .UNSPECIFIED.,.F.,.F.,(4,2,4),(0.,0.5,1.),.UNSPECIFIED.);
#98=B_SPLINE_CURVE_WITH_KNOTS('',3,(#4184,#4185,#4186,#4187,#4188,#4189,
#4190,#4191,#4192,#4193,#4194,#4195,#4196),.UNSPECIFIED.,.F.,.F.,(4,3,3,
3,4),(0.,0.314408413406798,0.628816826810032,0.94322524020986,1.),
 .UNSPECIFIED.);
#99=B_SPLINE_CURVE_WITH_KNOTS('',3,(#4198,#4199,#4200,#4201),
 .UNSPECIFIED.,.F.,.F.,(4,4),(0.,1.),.UNSPECIFIED.);
#100=B_SPLINE_CURVE_WITH_KNOTS('',3,(#4202,#4203,#4204,#4205),
 .UNSPECIFIED.,.F.,.F.,(4,4),(0.,1.),.UNSPECIFIED.);
#101=B_SPLINE_CURVE_WITH_KNOTS('',3,(#4207,#4208,#4209,#4210),
 .UNSPECIFIED.,.F.,.F.,(4,4),(0.,1.),.UNSPECIFIED.);
#102=B_SPLINE_CURVE_WITH_KNOTS('',3,(#4212,#4213,#4214,#4215),
 .UNSPECIFIED.,.F.,.F.,(4,4),(0.,1.),.UNSPECIFIED.);
#103=B_SPLINE_CURVE_WITH_KNOTS('',3,(#4244,#4245,#4246,#4247,#4248,#4249,
#4250,#4251,#4252,#4253,#4254,#4255,#4256),.UNSPECIFIED.,.F.,.F.,(4,3,3,
3,4),(0.,0.314408413406803,0.628816826810043,0.943225240209875,1.),
 .UNSPECIFIED.);
#104=B_SPLINE_CURVE_WITH_KNOTS('',3,(#4259,#4260,#4261,#4262),
 .UNSPECIFIED.,.F.,.F.,(4,4),(0.,1.),.UNSPECIFIED.);
#105=B_SPLINE_CURVE_WITH_KNOTS('',3,(#4263,#4264,#4265,#4266),
 .UNSPECIFIED.,.F.,.F.,(4,4),(0.,1.),.UNSPECIFIED.);
#106=B_SPLINE_CURVE_WITH_KNOTS('',3,(#4268,#4269,#4270,#4271),
 .UNSPECIFIED.,.F.,.F.,(4,4),(0.,1.),.UNSPECIFIED.);
#107=B_SPLINE_CURVE_WITH_KNOTS('',3,(#4273,#4274,#4275,#4276),
 .UNSPECIFIED.,.F.,.F.,(4,4),(0.,1.),.UNSPECIFIED.);
#108=B_SPLINE_CURVE_WITH_KNOTS('',3,(#4277,#4278,#4279,#4280),
 .UNSPECIFIED.,.F.,.F.,(4,4),(0.,1.),.UNSPECIFIED.);
#109=B_SPLINE_CURVE_WITH_KNOTS('',3,(#4282,#4283,#4284,#4285,#4286,#4287,
#4288,#4289,#4290,#4291),.UNSPECIFIED.,.F.,.F.,(4,3,3,4),(0.,0.216757401013038,
0.546203023646214,1.),.UNSPECIFIED.);
#110=B_SPLINE_CURVE_WITH_KNOTS('',3,(#4293,#4294,#4295,#4296,#4297,#4298),
 .UNSPECIFIED.,.F.,.F.,(4,2,4),(0.,0.5,1.),.UNSPECIFIED.);
#111=B_SPLINE_CURVE_WITH_KNOTS('',3,(#4363,#4364,#4365,#4366,#4367,#4368),
 .UNSPECIFIED.,.F.,.F.,(4,2,4),(0.,0.5,1.),.UNSPECIFIED.);
#112=B_SPLINE_CURVE_WITH_KNOTS('',3,(#4374,#4375,#4376,#4377),
 .UNSPECIFIED.,.F.,.F.,(4,4),(0.,1.),.UNSPECIFIED.);
#113=B_SPLINE_CURVE_WITH_KNOTS('',3,(#4386,#4387,#4388,#4389,#4390,#4391),
 .UNSPECIFIED.,.F.,.F.,(4,2,4),(0.,0.5,1.),.UNSPECIFIED.);
#114=B_SPLINE_CURVE_WITH_KNOTS('',3,(#4397,#4398,#4399,#4400,#4401,#4402),
 .UNSPECIFIED.,.F.,.F.,(4,2,4),(0.,0.5,1.),.UNSPECIFIED.);
#115=B_SPLINE_CURVE_WITH_KNOTS('',3,(#4411,#4412,#4413,#4414,#4415,#4416),
 .UNSPECIFIED.,.F.,.F.,(4,2,4),(0.,0.5,1.),.UNSPECIFIED.);
#116=B_SPLINE_CURVE_WITH_KNOTS('',3,(#4422,#4423,#4424,#4425,#4426,#4427),
 .UNSPECIFIED.,.F.,.F.,(4,2,4),(0.,0.5,1.),.UNSPECIFIED.);
#117=B_SPLINE_CURVE_WITH_KNOTS('',3,(#4436,#4437,#4438,#4439),
 .UNSPECIFIED.,.F.,.F.,(4,4),(0.,1.),.UNSPECIFIED.);
#118=B_SPLINE_CURVE_WITH_KNOTS('',3,(#4445,#4446,#4447,#4448,#4449,#4450),
 .UNSPECIFIED.,.F.,.F.,(4,2,4),(0.,0.5,1.),.UNSPECIFIED.);
#119=B_SPLINE_CURVE_WITH_KNOTS('',3,(#4459,#4460,#4461,#4462,#4463,#4464),
 .UNSPECIFIED.,.F.,.F.,(4,2,4),(0.,0.5,1.),.UNSPECIFIED.);
#120=B_SPLINE_CURVE_WITH_KNOTS('',3,(#4470,#4471,#4472,#4473,#4474,#4475),
 .UNSPECIFIED.,.F.,.F.,(4,2,4),(0.,0.5,1.),.UNSPECIFIED.);
#121=B_SPLINE_CURVE_WITH_KNOTS('',3,(#4548,#4549,#4550,#4551,#4552,#4553,
#4554,#4555,#4556,#4557),.UNSPECIFIED.,.F.,.F.,(4,3,3,4),(0.,0.00860783915760872,
0.505476780737895,1.),.UNSPECIFIED.);
#122=B_SPLINE_CURVE_WITH_KNOTS('',3,(#4563,#4564,#4565,#4566,#4567,#4568,
#4569,#4570,#4571,#4572),.UNSPECIFIED.,.F.,.F.,(4,3,3,4),(0.,0.494523219261764,
0.991392160842409,1.),.UNSPECIFIED.);
#123=B_SPLINE_CURVE_WITH_KNOTS('',3,(#4574,#4575,#4576,#4577,#4578,#4579,
#4580,#4581,#4582,#4583),.UNSPECIFIED.,.F.,.F.,(4,3,3,4),(0.,0.00860783915760306,
0.505476780738399,1.),.UNSPECIFIED.);
#124=B_SPLINE_CURVE_WITH_KNOTS('',3,(#4589,#4590,#4591,#4592,#4593,#4594,
#4595,#4596,#4597,#4598),.UNSPECIFIED.,.F.,.F.,(4,3,3,4),(0.,0.49452321926039,
0.991392160842378,1.),.UNSPECIFIED.);
#125=B_SPLINE_CURVE_WITH_KNOTS('',3,(#4600,#4601,#4602,#4603,#4604,#4605,
#4606,#4607,#4608,#4609),.UNSPECIFIED.,.F.,.F.,(4,3,3,4),(0.,0.00860783915760608,
0.505476780738565,1.),.UNSPECIFIED.);
#126=B_SPLINE_CURVE_WITH_KNOTS('',3,(#4615,#4616,#4617,#4618,#4619,#4620,
#4621,#4622,#4623,#4624),.UNSPECIFIED.,.F.,.F.,(4,3,3,4),(0.,0.494523219260139,
0.991392160842404,1.),.UNSPECIFIED.);
#127=B_SPLINE_CURVE_WITH_KNOTS('',3,(#4626,#4627,#4628,#4629,#4630,#4631,
#4632,#4633,#4634,#4635),.UNSPECIFIED.,.F.,.F.,(4,3,3,4),(0.,0.00860783915758917,
0.505476780738172,1.),.UNSPECIFIED.);
#128=B_SPLINE_CURVE_WITH_KNOTS('',3,(#4641,#4642,#4643,#4644,#4645,#4646,
#4647,#4648,#4649,#4650),.UNSPECIFIED.,.F.,.F.,(4,3,3,4),(0.,0.494523219260469,
0.991392160842401,1.),.UNSPECIFIED.);
#129=B_SPLINE_CURVE_WITH_KNOTS('',3,(#4652,#4653,#4654,#4655,#4656,#4657,
#4658,#4659,#4660,#4661),.UNSPECIFIED.,.F.,.F.,(4,3,3,4),(0.,0.00860783915760099,
0.505476780737736,1.),.UNSPECIFIED.);
#130=B_SPLINE_CURVE_WITH_KNOTS('',3,(#4667,#4668,#4669,#4670,#4671,#4672,
#4673,#4674,#4675,#4676),.UNSPECIFIED.,.F.,.F.,(4,3,3,4),(0.,0.494523219261121,
0.991392160842406,1.),.UNSPECIFIED.);
#131=OVER_RIDING_STYLED_ITEM('',(#481),#859,#474);
#132=OVER_RIDING_STYLED_ITEM('',(#482),#860,#474);
#133=OVER_RIDING_STYLED_ITEM('',(#483),#861,#474);
#134=OVER_RIDING_STYLED_ITEM('',(#484),#862,#474);
#135=OVER_RIDING_STYLED_ITEM('',(#485),#863,#474);
#136=OVER_RIDING_STYLED_ITEM('',(#486),#864,#474);
#137=OVER_RIDING_STYLED_ITEM('',(#487),#865,#474);
#138=OVER_RIDING_STYLED_ITEM('',(#488),#866,#474);
#139=OVER_RIDING_STYLED_ITEM('',(#489),#867,#474);
#140=OVER_RIDING_STYLED_ITEM('',(#490),#868,#474);
#141=OVER_RIDING_STYLED_ITEM('',(#491),#869,#474);
#142=OVER_RIDING_STYLED_ITEM('',(#492),#870,#474);
#143=OVER_RIDING_STYLED_ITEM('',(#493),#871,#474);
#144=OVER_RIDING_STYLED_ITEM('',(#494),#872,#474);
#145=OVER_RIDING_STYLED_ITEM('',(#497),#884,#476);
#146=OVER_RIDING_STYLED_ITEM('',(#498),#885,#476);
#147=OVER_RIDING_STYLED_ITEM('',(#499),#886,#476);
#148=OVER_RIDING_STYLED_ITEM('',(#500),#887,#476);
#149=OVER_RIDING_STYLED_ITEM('',(#501),#888,#476);
#150=OVER_RIDING_STYLED_ITEM('',(#502),#889,#476);
#151=OVER_RIDING_STYLED_ITEM('',(#503),#890,#476);
#152=OVER_RIDING_STYLED_ITEM('',(#504),#891,#476);
#153=OVER_RIDING_STYLED_ITEM('',(#505),#892,#476);
#154=OVER_RIDING_STYLED_ITEM('',(#506),#893,#476);
#155=OVER_RIDING_STYLED_ITEM('',(#507),#894,#476);
#156=OVER_RIDING_STYLED_ITEM('',(#508),#895,#476);
#157=OVER_RIDING_STYLED_ITEM('',(#509),#896,#476);
#158=OVER_RIDING_STYLED_ITEM('',(#510),#897,#476);
#159=CYLINDRICAL_SURFACE('',#2510,17.6147014604425);
#160=CYLINDRICAL_SURFACE('',#2519,4.75);
#161=CYLINDRICAL_SURFACE('',#2566,17.6147014604425);
#162=CYLINDRICAL_SURFACE('',#2575,4.75);
#163=CYLINDRICAL_SURFACE('',#2578,17.6809745675132);
#164=CYLINDRICAL_SURFACE('',#2582,8.99999999999999);
#165=CYLINDRICAL_SURFACE('',#2584,8.99999999999999);
#166=CYLINDRICAL_SURFACE('',#2586,8.99999999999999);
#167=CYLINDRICAL_SURFACE('',#2588,8.99999999999999);
#168=CYLINDRICAL_SURFACE('',#2590,8.99999999999999);
#169=CYLINDRICAL_SURFACE('',#2592,8.99999999999999);
#170=CYLINDRICAL_SURFACE('',#2594,8.99999999999999);
#171=CYLINDRICAL_SURFACE('',#2596,8.99999999999999);
#172=CYLINDRICAL_SURFACE('',#2598,8.99999999999999);
#173=CYLINDRICAL_SURFACE('',#2600,8.99999999999999);
#174=CYLINDRICAL_SURFACE('',#2607,14.0616230225744);
#175=CYLINDRICAL_SURFACE('',#2612,16.680930133957);
#176=CYLINDRICAL_SURFACE('',#2615,16.680930133957);
#177=CYLINDRICAL_SURFACE('',#2618,16.680930133957);
#178=CYLINDRICAL_SURFACE('',#2621,16.680930133957);
#179=CYLINDRICAL_SURFACE('',#2624,16.680930133957);
#180=CYLINDRICAL_SURFACE('',#2645,14.6852916783546);
#181=CYLINDRICAL_SURFACE('',#2646,14.6852916783546);
#182=CYLINDRICAL_SURFACE('',#2647,14.6852916783546);
#183=CYLINDRICAL_SURFACE('',#2648,14.6852916783546);
#184=CYLINDRICAL_SURFACE('',#2649,14.6852916783546);
#185=CYLINDRICAL_SURFACE('',#2652,17.6809745675374);
#186=CONICAL_SURFACE('',#2501,19.5,1.96910417977654);
#187=CONICAL_SURFACE('',#2505,17.6376830081336,1.96910417977823);
#188=CONICAL_SURFACE('',#2508,17.5174738306614,1.96910417977811);
#189=CONICAL_SURFACE('',#2513,13.0064280515746,31.2856074132056);
#190=CONICAL_SURFACE('',#2514,13.0982202000044,21.5087082515236);
#191=CONICAL_SURFACE('',#2516,12.4076702234399,34.01741361466);
#192=CONICAL_SURFACE('',#2517,10.8390950420164,41.4822894569321);
#193=CONICAL_SURFACE('',#2518,6.50096024900565,56.1766370569855);
#194=CONICAL_SURFACE('',#2557,19.5,1.96910417977654);
#195=CONICAL_SURFACE('',#2561,17.6376830081336,1.96910417977823);
#196=CONICAL_SURFACE('',#2564,17.5174738306614,1.96910417977811);
#197=CONICAL_SURFACE('',#2569,13.0064280515746,31.2856074132056);
#198=CONICAL_SURFACE('',#2570,13.0982202000044,21.5087082515236);
#199=CONICAL_SURFACE('',#2572,12.4076702234399,34.01741361466);
#200=CONICAL_SURFACE('',#2573,10.8390950420164,41.4822894569321);
#201=CONICAL_SURFACE('',#2574,6.50096024900565,56.1766370569855);
#202=(
BOUNDED_SURFACE()
B_SPLINE_SURFACE(3,3,((#3334,#3335,#3336,#3337),(#3338,#3339,#3340,#3341),
(#3342,#3343,#3344,#3345),(#3346,#3347,#3348,#3349)),.UNSPECIFIED.,.F.,
 .F.,.F.)
B_SPLINE_SURFACE_WITH_KNOTS((4,4),(4,4),(0.,1.),(0.,1.),.UNSPECIFIED.)
GEOMETRIC_REPRESENTATION_ITEM()
RATIONAL_B_SPLINE_SURFACE(((1.,0.333333333333334,0.333333333333334,1.),
(0.99998043924083,0.333326813080278,0.333326813080278,0.99998043924083),
(0.99998043924083,0.333326813080278,0.333326813080278,0.99998043924083),
(1.,0.333333333333334,0.333333333333334,1.)))
REPRESENTATION_ITEM('')
SURFACE()
);
#203=(
BOUNDED_SURFACE()
B_SPLINE_SURFACE(3,3,((#3352,#3353,#3354,#3355),(#3356,#3357,#3358,#3359),
(#3360,#3361,#3362,#3363),(#3364,#3365,#3366,#3367)),.UNSPECIFIED.,.F.,
 .F.,.F.)
B_SPLINE_SURFACE_WITH_KNOTS((4,4),(4,4),(0.,1.),(0.,1.),.UNSPECIFIED.)
GEOMETRIC_REPRESENTATION_ITEM()
RATIONAL_B_SPLINE_SURFACE(((1.,0.333333333333334,0.333333333333334,1.),
(0.947727739108722,0.315909246369575,0.315909246369575,0.947727739108722),
(0.947727739108722,0.315909246369575,0.315909246369575,0.947727739108722),
(1.,0.333333333333334,0.333333333333334,1.)))
REPRESENTATION_ITEM('')
SURFACE()
);
#204=(
BOUNDED_SURFACE()
B_SPLINE_SURFACE(3,3,((#3370,#3371,#3372,#3373),(#3374,#3375,#3376,#3377),
(#3378,#3379,#3380,#3381),(#3382,#3383,#3384,#3385)),.UNSPECIFIED.,.F.,
 .F.,.F.)
B_SPLINE_SURFACE_WITH_KNOTS((4,4),(4,4),(0.,1.),(0.,1.),.UNSPECIFIED.)
GEOMETRIC_REPRESENTATION_ITEM()
RATIONAL_B_SPLINE_SURFACE(((1.,0.333333333333334,0.333333333333334,1.),
(0.995685871157919,0.331895290385974,0.331895290385974,0.995685871157919),
(0.995685871157919,0.331895290385974,0.331895290385974,0.995685871157919),
(1.,0.333333333333334,0.333333333333334,1.)))
REPRESENTATION_ITEM('')
SURFACE()
);
#205=(
BOUNDED_SURFACE()
B_SPLINE_SURFACE(3,3,((#3388,#3389,#3390,#3391),(#3392,#3393,#3394,#3395),
(#3396,#3397,#3398,#3399),(#3400,#3401,#3402,#3403)),.UNSPECIFIED.,.F.,
 .F.,.F.)
B_SPLINE_SURFACE_WITH_KNOTS((4,4),(4,4),(0.,1.),(0.,1.),.UNSPECIFIED.)
GEOMETRIC_REPRESENTATION_ITEM()
RATIONAL_B_SPLINE_SURFACE(((1.,0.333333333333334,0.333333333333334,1.),
(0.999242380788212,0.333080793596071,0.333080793596071,0.999242380788212),
(0.999242380788212,0.333080793596071,0.333080793596071,0.999242380788212),
(1.,0.333333333333334,0.333333333333334,1.)))
REPRESENTATION_ITEM('')
SURFACE()
);
#206=(
BOUNDED_SURFACE()
B_SPLINE_SURFACE(3,3,((#3406,#3407,#3408,#3409),(#3410,#3411,#3412,#3413),
(#3414,#3415,#3416,#3417),(#3418,#3419,#3420,#3421)),.UNSPECIFIED.,.F.,
 .F.,.F.)
B_SPLINE_SURFACE_WITH_KNOTS((4,4),(4,4),(0.,1.),(0.,1.),.UNSPECIFIED.)
GEOMETRIC_REPRESENTATION_ITEM()
RATIONAL_B_SPLINE_SURFACE(((1.,0.333333333333333,0.333333333333333,1.),
(0.996494513709844,0.332164837903281,0.332164837903281,0.996494513709844),
(0.996494513709844,0.332164837903281,0.332164837903281,0.996494513709844),
(1.,0.333333333333333,0.333333333333333,1.)))
REPRESENTATION_ITEM('')
SURFACE()
);
#207=(
BOUNDED_SURFACE()
B_SPLINE_SURFACE(3,3,((#3425,#3426,#3427,#3428),(#3429,#3430,#3431,#3432),
(#3433,#3434,#3435,#3436),(#3437,#3438,#3439,#3440)),.UNSPECIFIED.,.F.,
 .F.,.F.)
B_SPLINE_SURFACE_WITH_KNOTS((4,4),(4,4),(0.,1.),(0.,1.),.UNSPECIFIED.)
GEOMETRIC_REPRESENTATION_ITEM()
RATIONAL_B_SPLINE_SURFACE(((1.,0.333333333333334,0.333333333333334,1.),
(0.995849452213467,0.33194981740449,0.33194981740449,0.995849452213467),
(0.995849452213467,0.33194981740449,0.33194981740449,0.995849452213467),
(1.,0.333333333333334,0.333333333333334,1.)))
REPRESENTATION_ITEM('')
SURFACE()
);
#208=(
BOUNDED_SURFACE()
B_SPLINE_SURFACE(3,3,((#3450,#3451,#3452,#3453),(#3454,#3455,#3456,#3457),
(#3458,#3459,#3460,#3461),(#3462,#3463,#3464,#3465)),.UNSPECIFIED.,.F.,
 .F.,.F.)
B_SPLINE_SURFACE_WITH_KNOTS((4,4),(4,4),(0.,1.),(0.,1.),.UNSPECIFIED.)
GEOMETRIC_REPRESENTATION_ITEM()
RATIONAL_B_SPLINE_SURFACE(((1.,0.333333333333334,0.333333333333334,1.),
(0.995849452213467,0.33194981740449,0.33194981740449,0.995849452213467),
(0.995849452213467,0.33194981740449,0.33194981740449,0.995849452213467),
(1.,0.333333333333334,0.333333333333334,1.)))
REPRESENTATION_ITEM('')
SURFACE()
);
#209=(
BOUNDED_SURFACE()
B_SPLINE_SURFACE(3,3,((#3568,#3569,#3570,#3571),(#3572,#3573,#3574,#3575),
(#3576,#3577,#3578,#3579),(#3580,#3581,#3582,#3583)),.UNSPECIFIED.,.F.,
 .F.,.F.)
B_SPLINE_SURFACE_WITH_KNOTS((4,4),(4,4),(0.,1.),(0.,1.),.UNSPECIFIED.)
GEOMETRIC_REPRESENTATION_ITEM()
RATIONAL_B_SPLINE_SURFACE(((1.,0.333333333333334,0.333333333333334,1.),
(0.99998043924083,0.333326813080277,0.333326813080277,0.99998043924083),
(0.99998043924083,0.333326813080277,0.333326813080277,0.99998043924083),
(1.,0.333333333333334,0.333333333333334,1.)))
REPRESENTATION_ITEM('')
SURFACE()
);
#210=(
BOUNDED_SURFACE()
B_SPLINE_SURFACE(3,3,((#3586,#3587,#3588,#3589),(#3590,#3591,#3592,#3593),
(#3594,#3595,#3596,#3597),(#3598,#3599,#3600,#3601)),.UNSPECIFIED.,.F.,
 .F.,.F.)
B_SPLINE_SURFACE_WITH_KNOTS((4,4),(4,4),(0.,1.),(0.,1.),.UNSPECIFIED.)
GEOMETRIC_REPRESENTATION_ITEM()
RATIONAL_B_SPLINE_SURFACE(((1.,0.333333333333334,0.333333333333334,1.),
(0.947727739108722,0.315909246369575,0.315909246369575,0.947727739108722),
(0.947727739108722,0.315909246369575,0.315909246369575,0.947727739108722),
(1.,0.333333333333334,0.333333333333334,1.)))
REPRESENTATION_ITEM('')
SURFACE()
);
#211=(
BOUNDED_SURFACE()
B_SPLINE_SURFACE(3,3,((#3604,#3605,#3606,#3607),(#3608,#3609,#3610,#3611),
(#3612,#3613,#3614,#3615),(#3616,#3617,#3618,#3619)),.UNSPECIFIED.,.F.,
 .F.,.F.)
B_SPLINE_SURFACE_WITH_KNOTS((4,4),(4,4),(0.,1.),(0.,1.),.UNSPECIFIED.)
GEOMETRIC_REPRESENTATION_ITEM()
RATIONAL_B_SPLINE_SURFACE(((1.,0.333333333333334,0.333333333333334,1.),
(0.995685871157919,0.331895290385974,0.331895290385974,0.995685871157919),
(0.995685871157919,0.331895290385974,0.331895290385974,0.995685871157919),
(1.,0.333333333333334,0.333333333333334,1.)))
REPRESENTATION_ITEM('')
SURFACE()
);
#212=(
BOUNDED_SURFACE()
B_SPLINE_SURFACE(3,3,((#3622,#3623,#3624,#3625),(#3626,#3627,#3628,#3629),
(#3630,#3631,#3632,#3633),(#3634,#3635,#3636,#3637)),.UNSPECIFIED.,.F.,
 .F.,.F.)
B_SPLINE_SURFACE_WITH_KNOTS((4,4),(4,4),(0.,1.),(0.,1.),.UNSPECIFIED.)
GEOMETRIC_REPRESENTATION_ITEM()
RATIONAL_B_SPLINE_SURFACE(((1.,0.333333333333334,0.333333333333334,1.),
(0.999242380788212,0.333080793596071,0.333080793596071,0.999242380788212),
(0.999242380788212,0.333080793596071,0.333080793596071,0.999242380788212),
(1.,0.333333333333334,0.333333333333334,1.)))
REPRESENTATION_ITEM('')
SURFACE()
);
#213=(
BOUNDED_SURFACE()
B_SPLINE_SURFACE(3,3,((#3640,#3641,#3642,#3643),(#3644,#3645,#3646,#3647),
(#3648,#3649,#3650,#3651),(#3652,#3653,#3654,#3655)),.UNSPECIFIED.,.F.,
 .F.,.F.)
B_SPLINE_SURFACE_WITH_KNOTS((4,4),(4,4),(0.,1.),(0.,1.),.UNSPECIFIED.)
GEOMETRIC_REPRESENTATION_ITEM()
RATIONAL_B_SPLINE_SURFACE(((1.,0.333333333333333,0.333333333333333,1.),
(0.996494513709844,0.332164837903281,0.332164837903281,0.996494513709844),
(0.996494513709844,0.332164837903281,0.332164837903281,0.996494513709844),
(1.,0.333333333333333,0.333333333333333,1.)))
REPRESENTATION_ITEM('')
SURFACE()
);
#214=(
BOUNDED_SURFACE()
B_SPLINE_SURFACE(3,3,((#3659,#3660,#3661,#3662),(#3663,#3664,#3665,#3666),
(#3667,#3668,#3669,#3670),(#3671,#3672,#3673,#3674)),.UNSPECIFIED.,.F.,
 .F.,.F.)
B_SPLINE_SURFACE_WITH_KNOTS((4,4),(4,4),(0.,1.),(0.,1.),.UNSPECIFIED.)
GEOMETRIC_REPRESENTATION_ITEM()
RATIONAL_B_SPLINE_SURFACE(((1.,0.333333333333334,0.333333333333334,1.),
(0.995849452213467,0.33194981740449,0.33194981740449,0.995849452213467),
(0.995849452213467,0.33194981740449,0.33194981740449,0.995849452213467),
(1.,0.333333333333334,0.333333333333334,1.)))
REPRESENTATION_ITEM('')
SURFACE()
);
#215=(
BOUNDED_SURFACE()
B_SPLINE_SURFACE(3,3,((#3684,#3685,#3686,#3687),(#3688,#3689,#3690,#3691),
(#3692,#3693,#3694,#3695),(#3696,#3697,#3698,#3699)),.UNSPECIFIED.,.F.,
 .F.,.F.)
B_SPLINE_SURFACE_WITH_KNOTS((4,4),(4,4),(0.,1.),(0.,1.),.UNSPECIFIED.)
GEOMETRIC_REPRESENTATION_ITEM()
RATIONAL_B_SPLINE_SURFACE(((1.,0.333333333333334,0.333333333333334,1.),
(0.995849452213467,0.33194981740449,0.33194981740449,0.995849452213467),
(0.995849452213467,0.33194981740449,0.33194981740449,0.995849452213467),
(1.,0.333333333333334,0.333333333333334,1.)))
REPRESENTATION_ITEM('')
SURFACE()
);
#216=(
BOUNDED_SURFACE()
B_SPLINE_SURFACE(3,2,((#4679,#4680,#4681),(#4682,#4683,#4684),(#4685,#4686,
#4687),(#4688,#4689,#4690)),.UNSPECIFIED.,.F.,.F.,.F.)
B_SPLINE_SURFACE_WITH_KNOTS((4,4),(3,3),(0.,1.),(0.,1.),.UNSPECIFIED.)
GEOMETRIC_REPRESENTATION_ITEM()
RATIONAL_B_SPLINE_SURFACE(((1.,1.,1.),(1.,0.999979232995767,1.),(1.,0.992195774676012,
1.),(1.,0.981001431555177,1.)))
REPRESENTATION_ITEM('')
SURFACE()
);
#217=(
BOUNDED_SURFACE()
B_SPLINE_SURFACE(3,2,((#4691,#4692,#4693),(#4694,#4695,#4696),(#4697,#4698,
#4699),(#4700,#4701,#4702)),.UNSPECIFIED.,.F.,.F.,.F.)
B_SPLINE_SURFACE_WITH_KNOTS((4,4),(3,3),(0.,1.),(0.,1.),.UNSPECIFIED.)
GEOMETRIC_REPRESENTATION_ITEM()
RATIONAL_B_SPLINE_SURFACE(((1.,0.947346514903717,1.),(1.,0.962647076594308,
1.),(1.,0.973917473120306,1.),(1.,0.981001431555177,1.)))
REPRESENTATION_ITEM('')
SURFACE()
);
#218=(
BOUNDED_SURFACE()
B_SPLINE_SURFACE(3,2,((#4704,#4705,#4706),(#4707,#4708,#4709),(#4710,#4711,
#4712),(#4713,#4714,#4715)),.UNSPECIFIED.,.F.,.F.,.F.)
B_SPLINE_SURFACE_WITH_KNOTS((4,4),(3,3),(0.,1.),(0.,1.),.UNSPECIFIED.)
GEOMETRIC_REPRESENTATION_ITEM()
RATIONAL_B_SPLINE_SURFACE(((1.,0.981001431555176,1.),(1.,0.973917473120303,
1.),(1.,0.962647076594309,1.),(1.,0.947346514903716,1.)))
REPRESENTATION_ITEM('')
SURFACE()
);
#219=(
BOUNDED_SURFACE()
B_SPLINE_SURFACE(3,2,((#4716,#4717,#4718),(#4719,#4720,#4721),(#4722,#4723,
#4724),(#4725,#4726,#4727)),.UNSPECIFIED.,.F.,.F.,.F.)
B_SPLINE_SURFACE_WITH_KNOTS((4,4),(3,3),(0.,1.),(0.,1.),.UNSPECIFIED.)
GEOMETRIC_REPRESENTATION_ITEM()
RATIONAL_B_SPLINE_SURFACE(((1.,1.,1.),(1.,0.999979232995776,1.),(1.,0.992195774676008,
1.),(1.,0.981001431555175,1.)))
REPRESENTATION_ITEM('')
SURFACE()
);
#220=(
BOUNDED_SURFACE()
B_SPLINE_SURFACE(3,2,((#4729,#4730,#4731),(#4732,#4733,#4734),(#4735,#4736,
#4737),(#4738,#4739,#4740)),.UNSPECIFIED.,.F.,.F.,.F.)
B_SPLINE_SURFACE_WITH_KNOTS((4,4),(3,3),(0.,1.),(0.,1.),.UNSPECIFIED.)
GEOMETRIC_REPRESENTATION_ITEM()
RATIONAL_B_SPLINE_SURFACE(((1.,1.,1.),(1.,0.999979232995758,1.),(1.,0.99219577467601,
1.),(1.,0.981001431555175,1.)))
REPRESENTATION_ITEM('')
SURFACE()
);
#221=(
BOUNDED_SURFACE()
B_SPLINE_SURFACE(3,2,((#4741,#4742,#4743),(#4744,#4745,#4746),(#4747,#4748,
#4749),(#4750,#4751,#4752)),.UNSPECIFIED.,.F.,.F.,.F.)
B_SPLINE_SURFACE_WITH_KNOTS((4,4),(3,3),(0.,1.),(0.,1.),.UNSPECIFIED.)
GEOMETRIC_REPRESENTATION_ITEM()
RATIONAL_B_SPLINE_SURFACE(((1.,0.947346514903715,1.),(1.,0.962647076594306,
1.),(1.,0.973917473120304,1.),(1.,0.981001431555175,1.)))
REPRESENTATION_ITEM('')
SURFACE()
);
#222=(
BOUNDED_SURFACE()
B_SPLINE_SURFACE(3,2,((#4754,#4755,#4756),(#4757,#4758,#4759),(#4760,#4761,
#4762),(#4763,#4764,#4765)),.UNSPECIFIED.,.F.,.F.,.F.)
B_SPLINE_SURFACE_WITH_KNOTS((4,4),(3,3),(0.,1.),(0.,1.),.UNSPECIFIED.)
GEOMETRIC_REPRESENTATION_ITEM()
RATIONAL_B_SPLINE_SURFACE(((1.,0.981001431555177,1.),(1.,0.973917473120307,
1.),(1.,0.962647076594309,1.),(1.,0.947346514903717,1.)))
REPRESENTATION_ITEM('')
SURFACE()
);
#223=(
BOUNDED_SURFACE()
B_SPLINE_SURFACE(3,2,((#4766,#4767,#4768),(#4769,#4770,#4771),(#4772,#4773,
#4774),(#4775,#4776,#4777)),.UNSPECIFIED.,.F.,.F.,.F.)
B_SPLINE_SURFACE_WITH_KNOTS((4,4),(3,3),(0.,1.),(0.,1.),.UNSPECIFIED.)
GEOMETRIC_REPRESENTATION_ITEM()
RATIONAL_B_SPLINE_SURFACE(((1.,1.,1.),(1.,0.999979232995776,1.),(1.,0.992195774676024,
1.),(1.,0.981001431555174,1.)))
REPRESENTATION_ITEM('')
SURFACE()
);
#224=(
BOUNDED_SURFACE()
B_SPLINE_SURFACE(3,2,((#4779,#4780,#4781),(#4782,#4783,#4784),(#4785,#4786,
#4787),(#4788,#4789,#4790)),.UNSPECIFIED.,.F.,.F.,.F.)
B_SPLINE_SURFACE_WITH_KNOTS((4,4),(3,3),(0.,1.),(0.,1.),.UNSPECIFIED.)
GEOMETRIC_REPRESENTATION_ITEM()
RATIONAL_B_SPLINE_SURFACE(((1.,1.,1.),(1.,0.999979232995747,1.),(1.,0.992195774676042,
1.),(1.,0.981001431555268,1.)))
REPRESENTATION_ITEM('')
SURFACE()
);
#225=(
BOUNDED_SURFACE()
B_SPLINE_SURFACE(3,2,((#4791,#4792,#4793),(#4794,#4795,#4796),(#4797,#4798,
#4799),(#4800,#4801,#4802)),.UNSPECIFIED.,.F.,.F.,.F.)
B_SPLINE_SURFACE_WITH_KNOTS((4,4),(3,3),(0.,1.),(0.,1.),.UNSPECIFIED.)
GEOMETRIC_REPRESENTATION_ITEM()
RATIONAL_B_SPLINE_SURFACE(((1.,0.947346514903713,1.),(1.,0.962647076594327,
1.),(1.,0.973917473120338,1.),(1.,0.981001431555207,1.)))
REPRESENTATION_ITEM('')
SURFACE()
);
#226=(
BOUNDED_SURFACE()
B_SPLINE_SURFACE(3,2,((#4804,#4805,#4806),(#4807,#4808,#4809),(#4810,#4811,
#4812),(#4813,#4814,#4815)),.UNSPECIFIED.,.F.,.F.,.F.)
B_SPLINE_SURFACE_WITH_KNOTS((4,4),(3,3),(0.,1.),(0.,1.),.UNSPECIFIED.)
GEOMETRIC_REPRESENTATION_ITEM()
RATIONAL_B_SPLINE_SURFACE(((1.,0.981001431555176,1.),(1.,0.973917473120305,
1.),(1.,0.962647076594307,1.),(1.,0.947346514903716,1.)))
REPRESENTATION_ITEM('')
SURFACE()
);
#227=(
BOUNDED_SURFACE()
B_SPLINE_SURFACE(3,2,((#4816,#4817,#4818),(#4819,#4820,#4821),(#4822,#4823,
#4824),(#4825,#4826,#4827)),.UNSPECIFIED.,.F.,.F.,.F.)
B_SPLINE_SURFACE_WITH_KNOTS((4,4),(3,3),(0.,1.),(0.,1.),.UNSPECIFIED.)
GEOMETRIC_REPRESENTATION_ITEM()
RATIONAL_B_SPLINE_SURFACE(((1.,1.,1.),(1.,0.999979232995835,1.),(1.,0.992195774675877,
1.),(1.,0.981001431555271,1.)))
REPRESENTATION_ITEM('')
SURFACE()
);
#228=(
BOUNDED_SURFACE()
B_SPLINE_SURFACE(3,2,((#4829,#4830,#4831),(#4832,#4833,#4834),(#4835,#4836,
#4837),(#4838,#4839,#4840)),.UNSPECIFIED.,.F.,.F.,.F.)
B_SPLINE_SURFACE_WITH_KNOTS((4,4),(3,3),(0.,1.),(0.,1.),.UNSPECIFIED.)
GEOMETRIC_REPRESENTATION_ITEM()
RATIONAL_B_SPLINE_SURFACE(((1.,1.,1.),(1.,0.999979232995731,1.),(1.,0.992195774676029,
1.),(1.,0.981001431555169,1.)))
REPRESENTATION_ITEM('')
SURFACE()
);
#229=(
BOUNDED_SURFACE()
B_SPLINE_SURFACE(3,2,((#4841,#4842,#4843),(#4844,#4845,#4846),(#4847,#4848,
#4849),(#4850,#4851,#4852)),.UNSPECIFIED.,.F.,.F.,.F.)
B_SPLINE_SURFACE_WITH_KNOTS((4,4),(3,3),(0.,1.),(0.,1.),.UNSPECIFIED.)
GEOMETRIC_REPRESENTATION_ITEM()
RATIONAL_B_SPLINE_SURFACE(((1.,0.947346514903712,1.),(1.,0.962647076594303,
1.),(1.,0.973917473120297,1.),(1.,0.981001431555171,1.)))
REPRESENTATION_ITEM('')
SURFACE()
);
#230=(
BOUNDED_SURFACE()
B_SPLINE_SURFACE(3,2,((#4854,#4855,#4856),(#4857,#4858,#4859),(#4860,#4861,
#4862),(#4863,#4864,#4865)),.UNSPECIFIED.,.F.,.F.,.F.)
B_SPLINE_SURFACE_WITH_KNOTS((4,4),(3,3),(0.,1.),(0.,1.),.UNSPECIFIED.)
GEOMETRIC_REPRESENTATION_ITEM()
RATIONAL_B_SPLINE_SURFACE(((1.,0.981001431555174,1.),(1.,0.973917473120302,
1.),(1.,0.962647076594305,1.),(1.,0.947346514903713,1.)))
REPRESENTATION_ITEM('')
SURFACE()
);
#231=(
BOUNDED_SURFACE()
B_SPLINE_SURFACE(3,2,((#4866,#4867,#4868),(#4869,#4870,#4871),(#4872,#4873,
#4874),(#4875,#4876,#4877)),.UNSPECIFIED.,.F.,.F.,.F.)
B_SPLINE_SURFACE_WITH_KNOTS((4,4),(3,3),(0.,1.),(0.,1.),.UNSPECIFIED.)
GEOMETRIC_REPRESENTATION_ITEM()
RATIONAL_B_SPLINE_SURFACE(((1.,1.,1.),(1.,0.999979232995762,1.),(1.,0.99219577467601,
1.),(1.,0.981001431555173,1.)))
REPRESENTATION_ITEM('')
SURFACE()
);
#232=(
BOUNDED_SURFACE()
B_SPLINE_SURFACE(3,2,((#4879,#4880,#4881),(#4882,#4883,#4884),(#4885,#4886,
#4887),(#4888,#4889,#4890)),.UNSPECIFIED.,.F.,.F.,.F.)
B_SPLINE_SURFACE_WITH_KNOTS((4,4),(3,3),(0.,1.),(0.,1.),.UNSPECIFIED.)
GEOMETRIC_REPRESENTATION_ITEM()
RATIONAL_B_SPLINE_SURFACE(((1.,1.,1.),(1.,0.999979232995743,1.),(1.,0.992195774676013,
1.),(1.,0.981001431555172,1.)))
REPRESENTATION_ITEM('')
SURFACE()
);
#233=(
BOUNDED_SURFACE()
B_SPLINE_SURFACE(3,2,((#4891,#4892,#4893),(#4894,#4895,#4896),(#4897,#4898,
#4899),(#4900,#4901,#4902)),.UNSPECIFIED.,.F.,.F.,.F.)
B_SPLINE_SURFACE_WITH_KNOTS((4,4),(3,3),(0.,1.),(0.,1.),.UNSPECIFIED.)
GEOMETRIC_REPRESENTATION_ITEM()
RATIONAL_B_SPLINE_SURFACE(((1.,0.947346514903713,1.),(1.,0.962647076594304,
1.),(1.,0.973917473120298,1.),(1.,0.981001431555172,1.)))
REPRESENTATION_ITEM('')
SURFACE()
);
#234=(
BOUNDED_SURFACE()
B_SPLINE_SURFACE(3,2,((#4904,#4905,#4906),(#4907,#4908,#4909),(#4910,#4911,
#4912),(#4913,#4914,#4915)),.UNSPECIFIED.,.F.,.F.,.F.)
B_SPLINE_SURFACE_WITH_KNOTS((4,4),(3,3),(0.,1.),(0.,1.),.UNSPECIFIED.)
GEOMETRIC_REPRESENTATION_ITEM()
RATIONAL_B_SPLINE_SURFACE(((1.,0.981001431555174,1.),(1.,0.973917473120301,
1.),(1.,0.962647076594306,1.),(1.,0.947346514903714,1.)))
REPRESENTATION_ITEM('')
SURFACE()
);
#235=(
BOUNDED_SURFACE()
B_SPLINE_SURFACE(3,2,((#4916,#4917,#4918),(#4919,#4920,#4921),(#4922,#4923,
#4924),(#4925,#4926,#4927)),.UNSPECIFIED.,.F.,.F.,.F.)
B_SPLINE_SURFACE_WITH_KNOTS((4,4),(3,3),(0.,1.),(0.,1.),.UNSPECIFIED.)
GEOMETRIC_REPRESENTATION_ITEM()
RATIONAL_B_SPLINE_SURFACE(((1.,1.,1.),(1.,0.999979232995765,1.),(1.,0.992195774676009,
1.),(1.,0.981001431555172,1.)))
REPRESENTATION_ITEM('')
SURFACE()
);
#236=LINE('',#3253,#354);
#237=LINE('',#3259,#355);
#238=LINE('',#3263,#356);
#239=LINE('',#3265,#357);
#240=LINE('',#3267,#358);
#241=LINE('',#3269,#359);
#242=LINE('',#3275,#360);
#243=LINE('',#3277,#361);
#244=LINE('',#3281,#362);
#245=LINE('',#3283,#363);
#246=LINE('',#3287,#364);
#247=LINE('',#3289,#365);
#248=LINE('',#3294,#366);
#249=LINE('',#3298,#367);
#250=LINE('',#3300,#368);
#251=LINE('',#3304,#369);
#252=LINE('',#3306,#370);
#253=LINE('',#3310,#371);
#254=LINE('',#3312,#372);
#255=LINE('',#3318,#373);
#256=LINE('',#3320,#374);
#257=LINE('',#3322,#375);
#258=LINE('',#3324,#376);
#259=LINE('',#3328,#377);
#260=LINE('',#3487,#378);
#261=LINE('',#3493,#379);
#262=LINE('',#3497,#380);
#263=LINE('',#3499,#381);
#264=LINE('',#3501,#382);
#265=LINE('',#3503,#383);
#266=LINE('',#3509,#384);
#267=LINE('',#3511,#385);
#268=LINE('',#3515,#386);
#269=LINE('',#3517,#387);
#270=LINE('',#3521,#388);
#271=LINE('',#3523,#389);
#272=LINE('',#3528,#390);
#273=LINE('',#3532,#391);
#274=LINE('',#3534,#392);
#275=LINE('',#3538,#393);
#276=LINE('',#3540,#394);
#277=LINE('',#3544,#395);
#278=LINE('',#3546,#396);
#279=LINE('',#3552,#397);
#280=LINE('',#3554,#398);
#281=LINE('',#3556,#399);
#282=LINE('',#3558,#400);
#283=LINE('',#3562,#401);
#284=LINE('',#3743,#402);
#285=LINE('',#3760,#403);
#286=LINE('',#3779,#404);
#287=LINE('',#3798,#405);
#288=LINE('',#3817,#406);
#289=LINE('',#3836,#407);
#290=LINE('',#3855,#408);
#291=LINE('',#3874,#409);
#292=LINE('',#3893,#410);
#293=LINE('',#3910,#411);
#294=LINE('',#4332,#412);
#295=LINE('',#4333,#413);
#296=LINE('',#4337,#414);
#297=LINE('',#4338,#415);
#298=LINE('',#4342,#416);
#299=LINE('',#4343,#417);
#300=LINE('',#4347,#418);
#301=LINE('',#4348,#419);
#302=LINE('',#4352,#420);
#303=LINE('',#4353,#421);
#304=LINE('',#4361,#422);
#305=LINE('',#4369,#423);
#306=LINE('',#4373,#424);
#307=LINE('',#4379,#425);
#308=LINE('',#4384,#426);
#309=LINE('',#4392,#427);
#310=LINE('',#4396,#428);
#311=LINE('',#4404,#429);
#312=LINE('',#4409,#430);
#313=LINE('',#4417,#431);
#314=LINE('',#4421,#432);
#315=LINE('',#4429,#433);
#316=LINE('',#4434,#434);
#317=LINE('',#4440,#435);
#318=LINE('',#4444,#436);
#319=LINE('',#4452,#437);
#320=LINE('',#4457,#438);
#321=LINE('',#4465,#439);
#322=LINE('',#4469,#440);
#323=LINE('',#4477,#441);
#324=LINE('',#4479,#442);
#325=LINE('',#4481,#443);
#326=LINE('',#4483,#444);
#327=LINE('',#4487,#445);
#328=LINE('',#4489,#446);
#329=LINE('',#4491,#447);
#330=LINE('',#4493,#448);
#331=LINE('',#4497,#449);
#332=LINE('',#4499,#450);
#333=LINE('',#4501,#451);
#334=LINE('',#4503,#452);
#335=LINE('',#4507,#453);
#336=LINE('',#4509,#454);
#337=LINE('',#4511,#455);
#338=LINE('',#4513,#456);
#339=LINE('',#4517,#457);
#340=LINE('',#4519,#458);
#341=LINE('',#4521,#459);
#342=LINE('',#4523,#460);
#343=LINE('',#4527,#461);
#344=LINE('',#4534,#462);
#345=LINE('',#4535,#463);
#346=LINE('',#4536,#464);
#347=LINE('',#4537,#465);
#348=LINE('',#4538,#466);
#349=LINE('',#4539,#467);
#350=LINE('',#4540,#468);
#351=LINE('',#4541,#469);
#352=LINE('',#4542,#470);
#353=LINE('',#4543,#471);
#354=VECTOR('',#2697,1.);
#355=VECTOR('',#2702,1.);
#356=VECTOR('',#2705,1.);
#357=VECTOR('',#2706,1.);
#358=VECTOR('',#2707,1.);
#359=VECTOR('',#2708,1.);
#360=VECTOR('',#2713,1.);
#361=VECTOR('',#2714,1.);
#362=VECTOR('',#2717,1.);
#363=VECTOR('',#2718,1.);
#364=VECTOR('',#2721,1.);
#365=VECTOR('',#2722,1.);
#366=VECTOR('',#2727,1.);
#367=VECTOR('',#2730,1.);
#368=VECTOR('',#2731,1.);
#369=VECTOR('',#2734,1.);
#370=VECTOR('',#2735,1.);
#371=VECTOR('',#2738,1.);
#372=VECTOR('',#2739,1.);
#373=VECTOR('',#2744,1.);
#374=VECTOR('',#2745,1.);
#375=VECTOR('',#2746,1.);
#376=VECTOR('',#2747,1.);
#377=VECTOR('',#2750,1.);
#378=VECTOR('',#2833,1.);
#379=VECTOR('',#2838,1.);
#380=VECTOR('',#2841,1.);
#381=VECTOR('',#2842,1.);
#382=VECTOR('',#2843,1.);
#383=VECTOR('',#2844,1.);
#384=VECTOR('',#2849,1.);
#385=VECTOR('',#2850,1.);
#386=VECTOR('',#2853,1.);
#387=VECTOR('',#2854,1.);
#388=VECTOR('',#2857,1.);
#389=VECTOR('',#2858,1.);
#390=VECTOR('',#2863,1.);
#391=VECTOR('',#2866,1.);
#392=VECTOR('',#2867,1.);
#393=VECTOR('',#2870,1.);
#394=VECTOR('',#2871,1.);
#395=VECTOR('',#2874,1.);
#396=VECTOR('',#2875,1.);
#397=VECTOR('',#2880,1.);
#398=VECTOR('',#2881,1.);
#399=VECTOR('',#2882,1.);
#400=VECTOR('',#2883,1.);
#401=VECTOR('',#2886,1.);
#402=VECTOR('',#2970,1.);
#403=VECTOR('',#2975,1.);
#404=VECTOR('',#2980,1.);
#405=VECTOR('',#2985,1.);
#406=VECTOR('',#2990,1.);
#407=VECTOR('',#2995,1.);
#408=VECTOR('',#3000,1.);
#409=VECTOR('',#3005,1.);
#410=VECTOR('',#3010,1.);
#411=VECTOR('',#3015,1.);
#412=VECTOR('',#3022,1.);
#413=VECTOR('',#3023,1.);
#414=VECTOR('',#3026,1.);
#415=VECTOR('',#3027,1.);
#416=VECTOR('',#3030,1.);
#417=VECTOR('',#3031,1.);
#418=VECTOR('',#3034,1.);
#419=VECTOR('',#3035,1.);
#420=VECTOR('',#3038,1.);
#421=VECTOR('',#3039,1.);
#422=VECTOR('',#3048,1.);
#423=VECTOR('',#3049,1.);
#424=VECTOR('',#3052,1.);
#425=VECTOR('',#3053,1.);
#426=VECTOR('',#3058,1.);
#427=VECTOR('',#3059,1.);
#428=VECTOR('',#3062,1.);
#429=VECTOR('',#3063,1.);
#430=VECTOR('',#3068,1.);
#431=VECTOR('',#3069,1.);
#432=VECTOR('',#3072,1.);
#433=VECTOR('',#3073,1.);
#434=VECTOR('',#3078,1.);
#435=VECTOR('',#3079,1.);
#436=VECTOR('',#3082,1.);
#437=VECTOR('',#3083,1.);
#438=VECTOR('',#3088,1.);
#439=VECTOR('',#3089,1.);
#440=VECTOR('',#3092,1.);
#441=VECTOR('',#3093,1.);
#442=VECTOR('',#3096,1.);
#443=VECTOR('',#3097,1.);
#444=VECTOR('',#3100,1.);
#445=VECTOR('',#3105,1.);
#446=VECTOR('',#3108,1.);
#447=VECTOR('',#3109,1.);
#448=VECTOR('',#3112,1.);
#449=VECTOR('',#3117,1.);
#450=VECTOR('',#3120,1.);
#451=VECTOR('',#3121,1.);
#452=VECTOR('',#3124,1.);
#453=VECTOR('',#3129,1.);
#454=VECTOR('',#3132,1.);
#455=VECTOR('',#3133,1.);
#456=VECTOR('',#3136,1.);
#457=VECTOR('',#3141,1.);
#458=VECTOR('',#3144,1.);
#459=VECTOR('',#3145,1.);
#460=VECTOR('',#3148,1.);
#461=VECTOR('',#3153,1.);
#462=VECTOR('',#3166,1.);
#463=VECTOR('',#3167,1.);
#464=VECTOR('',#3168,1.);
#465=VECTOR('',#3169,1.);
#466=VECTOR('',#3170,1.);
#467=VECTOR('',#3171,1.);
#468=VECTOR('',#3172,1.);
#469=VECTOR('',#3173,1.);
#470=VECTOR('',#3174,1.);
#471=VECTOR('',#3175,1.);
#472=PRESENTATION_LAYER_ASSIGNMENT('1','Layer 1',(#686,#687,#688,#689,#690,
#691));
#473=STYLED_ITEM('',(#479),#686);
#474=STYLED_ITEM('',(#480),#687);
#475=STYLED_ITEM('',(#495),#688);
#476=STYLED_ITEM('',(#496),#689);
#477=STYLED_ITEM('',(#511),#690);
#478=STYLED_ITEM('',(#512),#691);
#479=PRESENTATION_STYLE_ASSIGNMENT((#513));
#480=PRESENTATION_STYLE_ASSIGNMENT((#514));
#481=PRESENTATION_STYLE_ASSIGNMENT((#515));
#482=PRESENTATION_STYLE_ASSIGNMENT((#516));
#483=PRESENTATION_STYLE_ASSIGNMENT((#517));
#484=PRESENTATION_STYLE_ASSIGNMENT((#518));
#485=PRESENTATION_STYLE_ASSIGNMENT((#519));
#486=PRESENTATION_STYLE_ASSIGNMENT((#520));
#487=PRESENTATION_STYLE_ASSIGNMENT((#521));
#488=PRESENTATION_STYLE_ASSIGNMENT((#522));
#489=PRESENTATION_STYLE_ASSIGNMENT((#523));
#490=PRESENTATION_STYLE_ASSIGNMENT((#524));
#491=PRESENTATION_STYLE_ASSIGNMENT((#525));
#492=PRESENTATION_STYLE_ASSIGNMENT((#526));
#493=PRESENTATION_STYLE_ASSIGNMENT((#527));
#494=PRESENTATION_STYLE_ASSIGNMENT((#528));
#495=PRESENTATION_STYLE_ASSIGNMENT((#529));
#496=PRESENTATION_STYLE_ASSIGNMENT((#530));
#497=PRESENTATION_STYLE_ASSIGNMENT((#531));
#498=PRESENTATION_STYLE_ASSIGNMENT((#532));
#499=PRESENTATION_STYLE_ASSIGNMENT((#533));
#500=PRESENTATION_STYLE_ASSIGNMENT((#534));
#501=PRESENTATION_STYLE_ASSIGNMENT((#535));
#502=PRESENTATION_STYLE_ASSIGNMENT((#536));
#503=PRESENTATION_STYLE_ASSIGNMENT((#537));
#504=PRESENTATION_STYLE_ASSIGNMENT((#538));
#505=PRESENTATION_STYLE_ASSIGNMENT((#539));
#506=PRESENTATION_STYLE_ASSIGNMENT((#540));
#507=PRESENTATION_STYLE_ASSIGNMENT((#541));
#508=PRESENTATION_STYLE_ASSIGNMENT((#542));
#509=PRESENTATION_STYLE_ASSIGNMENT((#543));
#510=PRESENTATION_STYLE_ASSIGNMENT((#544));
#511=PRESENTATION_STYLE_ASSIGNMENT((#545));
#512=PRESENTATION_STYLE_ASSIGNMENT((#546));
#513=SURFACE_STYLE_USAGE(.BOTH.,#547);
#514=SURFACE_STYLE_USAGE(.BOTH.,#548);
#515=SURFACE_STYLE_USAGE(.BOTH.,#549);
#516=SURFACE_STYLE_USAGE(.BOTH.,#550);
#517=SURFACE_STYLE_USAGE(.BOTH.,#551);
#518=SURFACE_STYLE_USAGE(.BOTH.,#552);
#519=SURFACE_STYLE_USAGE(.BOTH.,#553);
#520=SURFACE_STYLE_USAGE(.BOTH.,#554);
#521=SURFACE_STYLE_USAGE(.BOTH.,#555);
#522=SURFACE_STYLE_USAGE(.BOTH.,#556);
#523=SURFACE_STYLE_USAGE(.BOTH.,#557);
#524=SURFACE_STYLE_USAGE(.BOTH.,#558);
#525=SURFACE_STYLE_USAGE(.BOTH.,#559);
#526=SURFACE_STYLE_USAGE(.BOTH.,#560);
#527=SURFACE_STYLE_USAGE(.BOTH.,#561);
#528=SURFACE_STYLE_USAGE(.BOTH.,#562);
#529=SURFACE_STYLE_USAGE(.BOTH.,#563);
#530=SURFACE_STYLE_USAGE(.BOTH.,#564);
#531=SURFACE_STYLE_USAGE(.BOTH.,#565);
#532=SURFACE_STYLE_USAGE(.BOTH.,#566);
#533=SURFACE_STYLE_USAGE(.BOTH.,#567);
#534=SURFACE_STYLE_USAGE(.BOTH.,#568);
#535=SURFACE_STYLE_USAGE(.BOTH.,#569);
#536=SURFACE_STYLE_USAGE(.BOTH.,#570);
#537=SURFACE_STYLE_USAGE(.BOTH.,#571);
#538=SURFACE_STYLE_USAGE(.BOTH.,#572);
#539=SURFACE_STYLE_USAGE(.BOTH.,#573);
#540=SURFACE_STYLE_USAGE(.BOTH.,#574);
#541=SURFACE_STYLE_USAGE(.BOTH.,#575);
#542=SURFACE_STYLE_USAGE(.BOTH.,#576);
#543=SURFACE_STYLE_USAGE(.BOTH.,#577);
#544=SURFACE_STYLE_USAGE(.BOTH.,#578);
#545=SURFACE_STYLE_USAGE(.BOTH.,#579);
#546=SURFACE_STYLE_USAGE(.BOTH.,#580);
#547=SURFACE_SIDE_STYLE('',(#581));
#548=SURFACE_SIDE_STYLE('',(#582));
#549=SURFACE_SIDE_STYLE('',(#583));
#550=SURFACE_SIDE_STYLE('',(#584));
#551=SURFACE_SIDE_STYLE('',(#585));
#552=SURFACE_SIDE_STYLE('',(#586));
#553=SURFACE_SIDE_STYLE('',(#587));
#554=SURFACE_SIDE_STYLE('',(#588));
#555=SURFACE_SIDE_STYLE('',(#589));
#556=SURFACE_SIDE_STYLE('',(#590));
#557=SURFACE_SIDE_STYLE('',(#591));
#558=SURFACE_SIDE_STYLE('',(#592));
#559=SURFACE_SIDE_STYLE('',(#593));
#560=SURFACE_SIDE_STYLE('',(#594));
#561=SURFACE_SIDE_STYLE('',(#595));
#562=SURFACE_SIDE_STYLE('',(#596));
#563=SURFACE_SIDE_STYLE('',(#597));
#564=SURFACE_SIDE_STYLE('',(#598));
#565=SURFACE_SIDE_STYLE('',(#599));
#566=SURFACE_SIDE_STYLE('',(#600));
#567=SURFACE_SIDE_STYLE('',(#601));
#568=SURFACE_SIDE_STYLE('',(#602));
#569=SURFACE_SIDE_STYLE('',(#603));
#570=SURFACE_SIDE_STYLE('',(#604));
#571=SURFACE_SIDE_STYLE('',(#605));
#572=SURFACE_SIDE_STYLE('',(#606));
#573=SURFACE_SIDE_STYLE('',(#607));
#574=SURFACE_SIDE_STYLE('',(#608));
#575=SURFACE_SIDE_STYLE('',(#609));
#576=SURFACE_SIDE_STYLE('',(#610));
#577=SURFACE_SIDE_STYLE('',(#611));
#578=SURFACE_SIDE_STYLE('',(#612));
#579=SURFACE_SIDE_STYLE('',(#613));
#580=SURFACE_SIDE_STYLE('',(#614));
#581=SURFACE_STYLE_FILL_AREA(#615);
#582=SURFACE_STYLE_FILL_AREA(#616);
#583=SURFACE_STYLE_FILL_AREA(#617);
#584=SURFACE_STYLE_FILL_AREA(#618);
#585=SURFACE_STYLE_FILL_AREA(#619);
#586=SURFACE_STYLE_FILL_AREA(#620);
#587=SURFACE_STYLE_FILL_AREA(#621);
#588=SURFACE_STYLE_FILL_AREA(#622);
#589=SURFACE_STYLE_FILL_AREA(#623);
#590=SURFACE_STYLE_FILL_AREA(#624);
#591=SURFACE_STYLE_FILL_AREA(#625);
#592=SURFACE_STYLE_FILL_AREA(#626);
#593=SURFACE_STYLE_FILL_AREA(#627);
#594=SURFACE_STYLE_FILL_AREA(#628);
#595=SURFACE_STYLE_FILL_AREA(#629);
#596=SURFACE_STYLE_FILL_AREA(#630);
#597=SURFACE_STYLE_FILL_AREA(#631);
#598=SURFACE_STYLE_FILL_AREA(#632);
#599=SURFACE_STYLE_FILL_AREA(#633);
#600=SURFACE_STYLE_FILL_AREA(#634);
#601=SURFACE_STYLE_FILL_AREA(#635);
#602=SURFACE_STYLE_FILL_AREA(#636);
#603=SURFACE_STYLE_FILL_AREA(#637);
#604=SURFACE_STYLE_FILL_AREA(#638);
#605=SURFACE_STYLE_FILL_AREA(#639);
#606=SURFACE_STYLE_FILL_AREA(#640);
#607=SURFACE_STYLE_FILL_AREA(#641);
#608=SURFACE_STYLE_FILL_AREA(#642);
#609=SURFACE_STYLE_FILL_AREA(#643);
#610=SURFACE_STYLE_FILL_AREA(#644);
#611=SURFACE_STYLE_FILL_AREA(#645);
#612=SURFACE_STYLE_FILL_AREA(#646);
#613=SURFACE_STYLE_FILL_AREA(#647);
#614=SURFACE_STYLE_FILL_AREA(#648);
#615=FILL_AREA_STYLE('',(#649));
#616=FILL_AREA_STYLE('',(#650));
#617=FILL_AREA_STYLE('',(#651));
#618=FILL_AREA_STYLE('',(#652));
#619=FILL_AREA_STYLE('',(#653));
#620=FILL_AREA_STYLE('',(#654));
#621=FILL_AREA_STYLE('',(#655));
#622=FILL_AREA_STYLE('',(#656));
#623=FILL_AREA_STYLE('',(#657));
#624=FILL_AREA_STYLE('',(#658));
#625=FILL_AREA_STYLE('',(#659));
#626=FILL_AREA_STYLE('',(#660));
#627=FILL_AREA_STYLE('',(#661));
#628=FILL_AREA_STYLE('',(#662));
#629=FILL_AREA_STYLE('',(#663));
#630=FILL_AREA_STYLE('',(#664));
#631=FILL_AREA_STYLE('',(#665));
#632=FILL_AREA_STYLE('',(#666));
#633=FILL_AREA_STYLE('',(#667));
#634=FILL_AREA_STYLE('',(#668));
#635=FILL_AREA_STYLE('',(#669));
#636=FILL_AREA_STYLE('',(#670));
#637=FILL_AREA_STYLE('',(#671));
#638=FILL_AREA_STYLE('',(#672));
#639=FILL_AREA_STYLE('',(#673));
#640=FILL_AREA_STYLE('',(#674));
#641=FILL_AREA_STYLE('',(#675));
#642=FILL_AREA_STYLE('',(#676));
#643=FILL_AREA_STYLE('',(#677));
#644=FILL_AREA_STYLE('',(#678));
#645=FILL_AREA_STYLE('',(#679));
#646=FILL_AREA_STYLE('',(#680));
#647=FILL_AREA_STYLE('',(#681));
#648=FILL_AREA_STYLE('',(#682));
#649=FILL_AREA_STYLE_COLOUR('',#683);
#650=FILL_AREA_STYLE_COLOUR('',#684);
#651=FILL_AREA_STYLE_COLOUR('',#685);
#652=FILL_AREA_STYLE_COLOUR('',#685);
#653=FILL_AREA_STYLE_COLOUR('',#685);
#654=FILL_AREA_STYLE_COLOUR('',#685);
#655=FILL_AREA_STYLE_COLOUR('',#685);
#656=FILL_AREA_STYLE_COLOUR('',#685);
#657=FILL_AREA_STYLE_COLOUR('',#685);
#658=FILL_AREA_STYLE_COLOUR('',#685);
#659=FILL_AREA_STYLE_COLOUR('',#685);
#660=FILL_AREA_STYLE_COLOUR('',#685);
#661=FILL_AREA_STYLE_COLOUR('',#685);
#662=FILL_AREA_STYLE_COLOUR('',#685);
#663=FILL_AREA_STYLE_COLOUR('',#685);
#664=FILL_AREA_STYLE_COLOUR('',#685);
#665=FILL_AREA_STYLE_COLOUR('',#683);
#666=FILL_AREA_STYLE_COLOUR('',#684);
#667=FILL_AREA_STYLE_COLOUR('',#685);
#668=FILL_AREA_STYLE_COLOUR('',#685);
#669=FILL_AREA_STYLE_COLOUR('',#685);
#670=FILL_AREA_STYLE_COLOUR('',#685);
#671=FILL_AREA_STYLE_COLOUR('',#685);
#672=FILL_AREA_STYLE_COLOUR('',#685);
#673=FILL_AREA_STYLE_COLOUR('',#685);
#674=FILL_AREA_STYLE_COLOUR('',#685);
#675=FILL_AREA_STYLE_COLOUR('',#685);
#676=FILL_AREA_STYLE_COLOUR('',#685);
#677=FILL_AREA_STYLE_COLOUR('',#685);
#678=FILL_AREA_STYLE_COLOUR('',#685);
#679=FILL_AREA_STYLE_COLOUR('',#685);
#680=FILL_AREA_STYLE_COLOUR('',#685);
#681=FILL_AREA_STYLE_COLOUR('',#683);
#682=FILL_AREA_STYLE_COLOUR('',#683);
#683=COLOUR_RGB('medium steel',0.596078431372549,0.666666666666667,0.686274509803922);
#684=COLOUR_RGB('medium royal',0.2,0.4,0.8);
#685=COLOUR_RGB('strong pink',0.933333333333333,0.584313725490196,0.741176470588235);
#686=MANIFOLD_SOLID_BREP('',#692);
#687=MANIFOLD_SOLID_BREP('',#693);
#688=MANIFOLD_SOLID_BREP('',#694);
#689=MANIFOLD_SOLID_BREP('',#695);
#690=MANIFOLD_SOLID_BREP('',#696);
#691=MANIFOLD_SOLID_BREP('',#697);
#692=CLOSED_SHELL('',(#856,#857,#858));
#693=CLOSED_SHELL('',(#859,#860,#861,#862,#863,#864,#865,#866,#867,#868,
#869,#870,#871,#872,#873,#874,#875,#876,#877,#878,#879,#880));
#694=CLOSED_SHELL('',(#881,#882,#883));
#695=CLOSED_SHELL('',(#884,#885,#886,#887,#888,#889,#890,#891,#892,#893,
#894,#895,#896,#897,#898,#899,#900,#901,#902,#903,#904,#905));
#696=CLOSED_SHELL('',(#906,#907,#908));
#697=CLOSED_SHELL('',(#909,#910,#911,#912,#913,#914,#915,#916,#917,#918,
#919,#920,#921,#922,#923,#924,#925,#926,#927,#928,#929,#930,#931,#932,#933,
#934,#935,#936,#937,#938,#939,#940,#941,#942,#943,#944,#945,#946,#947,#948,
#949,#950,#951,#952,#953,#954,#955,#956,#957,#958,#959,#960,#961,#962,#963,
#964,#965,#966,#967,#968,#969,#970,#971,#972,#973,#974,#975,#976,#977,#978,
#979,#980,#981,#982));
#698=PLANE('',#2467);
#699=PLANE('',#2468);
#700=PLANE('',#2477);
#701=PLANE('',#2486);
#702=PLANE('',#2498);
#703=PLANE('',#2511);
#704=PLANE('',#2523);
#705=PLANE('',#2524);
#706=PLANE('',#2533);
#707=PLANE('',#2542);
#708=PLANE('',#2554);
#709=PLANE('',#2567);
#710=PLANE('',#2580);
#711=PLANE('',#2609);
#712=PLANE('',#2625);
#713=PLANE('',#2627);
#714=PLANE('',#2628);
#715=PLANE('',#2629);
#716=PLANE('',#2631);
#717=PLANE('',#2632);
#718=PLANE('',#2633);
#719=PLANE('',#2635);
#720=PLANE('',#2636);
#721=PLANE('',#2637);
#722=PLANE('',#2639);
#723=PLANE('',#2640);
#724=PLANE('',#2641);
#725=PLANE('',#2643);
#726=PLANE('',#2644);
#727=PLANE('',#2651);
#728=PLANE('',#2654);
#729=PLANE('',#2656);
#730=PLANE('',#2658);
#731=PLANE('',#2660);
#732=PLANE('',#2662);
#733=PLANE('',#2664);
#734=PLANE('',#2666);
#735=PLANE('',#2668);
#736=PLANE('',#2670);
#737=PLANE('',#2672);
#738=FACE_OUTER_BOUND('',#1007,.T.);
#739=FACE_OUTER_BOUND('',#1008,.T.);
#740=FACE_OUTER_BOUND('',#1009,.T.);
#741=FACE_OUTER_BOUND('',#1010,.T.);
#742=FACE_OUTER_BOUND('',#1011,.T.);
#743=FACE_OUTER_BOUND('',#1012,.T.);
#744=FACE_OUTER_BOUND('',#1013,.T.);
#745=FACE_OUTER_BOUND('',#1014,.T.);
#746=FACE_OUTER_BOUND('',#1015,.T.);
#747=FACE_OUTER_BOUND('',#1016,.T.);
#748=FACE_OUTER_BOUND('',#1017,.T.);
#749=FACE_OUTER_BOUND('',#1018,.T.);
#750=FACE_OUTER_BOUND('',#1019,.T.);
#751=FACE_OUTER_BOUND('',#1020,.T.);
#752=FACE_OUTER_BOUND('',#1021,.T.);
#753=FACE_OUTER_BOUND('',#1022,.T.);
#754=FACE_OUTER_BOUND('',#1023,.T.);
#755=FACE_OUTER_BOUND('',#1024,.T.);
#756=FACE_OUTER_BOUND('',#1025,.T.);
#757=FACE_OUTER_BOUND('',#1026,.T.);
#758=FACE_OUTER_BOUND('',#1027,.T.);
#759=FACE_OUTER_BOUND('',#1028,.T.);
#760=FACE_OUTER_BOUND('',#1029,.T.);
#761=FACE_OUTER_BOUND('',#1030,.T.);
#762=FACE_OUTER_BOUND('',#1033,.T.);
#763=FACE_OUTER_BOUND('',#1034,.T.);
#764=FACE_OUTER_BOUND('',#1035,.T.);
#765=FACE_OUTER_BOUND('',#1036,.T.);
#766=FACE_OUTER_BOUND('',#1037,.T.);
#767=FACE_OUTER_BOUND('',#1038,.T.);
#768=FACE_OUTER_BOUND('',#1039,.T.);
#769=FACE_OUTER_BOUND('',#1040,.T.);
#770=FACE_OUTER_BOUND('',#1041,.T.);
#771=FACE_OUTER_BOUND('',#1042,.T.);
#772=FACE_OUTER_BOUND('',#1043,.T.);
#773=FACE_OUTER_BOUND('',#1044,.T.);
#774=FACE_OUTER_BOUND('',#1045,.T.);
#775=FACE_OUTER_BOUND('',#1046,.T.);
#776=FACE_OUTER_BOUND('',#1047,.T.);
#777=FACE_OUTER_BOUND('',#1048,.T.);
#778=FACE_OUTER_BOUND('',#1049,.T.);
#779=FACE_OUTER_BOUND('',#1050,.T.);
#780=FACE_OUTER_BOUND('',#1051,.T.);
#781=FACE_OUTER_BOUND('',#1052,.T.);
#782=FACE_OUTER_BOUND('',#1053,.T.);
#783=FACE_OUTER_BOUND('',#1054,.T.);
#784=FACE_OUTER_BOUND('',#1055,.T.);
#785=FACE_OUTER_BOUND('',#1056,.T.);
#786=FACE_OUTER_BOUND('',#1063,.T.);
#787=FACE_OUTER_BOUND('',#1064,.T.);
#788=FACE_OUTER_BOUND('',#1065,.T.);
#789=FACE_OUTER_BOUND('',#1066,.T.);
#790=FACE_OUTER_BOUND('',#1067,.T.);
#791=FACE_OUTER_BOUND('',#1068,.T.);
#792=FACE_OUTER_BOUND('',#1069,.T.);
#793=FACE_OUTER_BOUND('',#1070,.T.);
#794=FACE_OUTER_BOUND('',#1071,.T.);
#795=FACE_OUTER_BOUND('',#1072,.T.);
#796=FACE_OUTER_BOUND('',#1073,.T.);
#797=FACE_OUTER_BOUND('',#1074,.T.);
#798=FACE_OUTER_BOUND('',#1075,.T.);
#799=FACE_OUTER_BOUND('',#1076,.T.);
#800=FACE_OUTER_BOUND('',#1077,.T.);
#801=FACE_OUTER_BOUND('',#1082,.T.);
#802=FACE_OUTER_BOUND('',#1083,.T.);
#803=FACE_OUTER_BOUND('',#1084,.T.);
#804=FACE_OUTER_BOUND('',#1085,.T.);
#805=FACE_OUTER_BOUND('',#1086,.T.);
#806=FACE_OUTER_BOUND('',#1087,.T.);
#807=FACE_OUTER_BOUND('',#1088,.T.);
#808=FACE_OUTER_BOUND('',#1089,.T.);
#809=FACE_OUTER_BOUND('',#1090,.T.);
#810=FACE_OUTER_BOUND('',#1091,.T.);
#811=FACE_OUTER_BOUND('',#1092,.T.);
#812=FACE_OUTER_BOUND('',#1093,.T.);
#813=FACE_OUTER_BOUND('',#1094,.T.);
#814=FACE_OUTER_BOUND('',#1095,.T.);
#815=FACE_OUTER_BOUND('',#1096,.T.);
#816=FACE_OUTER_BOUND('',#1097,.T.);
#817=FACE_OUTER_BOUND('',#1098,.T.);
#818=FACE_OUTER_BOUND('',#1099,.T.);
#819=FACE_OUTER_BOUND('',#1100,.T.);
#820=FACE_OUTER_BOUND('',#1101,.T.);
#821=FACE_OUTER_BOUND('',#1102,.T.);
#822=FACE_OUTER_BOUND('',#1103,.T.);
#823=FACE_OUTER_BOUND('',#1104,.T.);
#824=FACE_OUTER_BOUND('',#1105,.T.);
#825=FACE_OUTER_BOUND('',#1106,.T.);
#826=FACE_OUTER_BOUND('',#1111,.T.);
#827=FACE_OUTER_BOUND('',#1112,.T.);
#828=FACE_OUTER_BOUND('',#1113,.T.);
#829=FACE_OUTER_BOUND('',#1114,.T.);
#830=FACE_OUTER_BOUND('',#1115,.T.);
#831=FACE_OUTER_BOUND('',#1116,.T.);
#832=FACE_OUTER_BOUND('',#1117,.T.);
#833=FACE_OUTER_BOUND('',#1118,.T.);
#834=FACE_OUTER_BOUND('',#1119,.T.);
#835=FACE_OUTER_BOUND('',#1120,.T.);
#836=FACE_OUTER_BOUND('',#1121,.T.);
#837=FACE_OUTER_BOUND('',#1122,.T.);
#838=FACE_OUTER_BOUND('',#1123,.T.);
#839=FACE_OUTER_BOUND('',#1124,.T.);
#840=FACE_OUTER_BOUND('',#1125,.T.);
#841=FACE_OUTER_BOUND('',#1126,.T.);
#842=FACE_OUTER_BOUND('',#1127,.T.);
#843=FACE_OUTER_BOUND('',#1128,.T.);
#844=FACE_OUTER_BOUND('',#1129,.T.);
#845=FACE_OUTER_BOUND('',#1130,.T.);
#846=FACE_OUTER_BOUND('',#1131,.T.);
#847=FACE_OUTER_BOUND('',#1132,.T.);
#848=FACE_OUTER_BOUND('',#1133,.T.);
#849=FACE_OUTER_BOUND('',#1134,.T.);
#850=FACE_OUTER_BOUND('',#1135,.T.);
#851=FACE_OUTER_BOUND('',#1136,.T.);
#852=FACE_OUTER_BOUND('',#1137,.T.);
#853=FACE_OUTER_BOUND('',#1138,.T.);
#854=FACE_OUTER_BOUND('',#1139,.T.);
#855=FACE_OUTER_BOUND('',#1140,.T.);
#856=ADVANCED_FACE('',(#987,#988),#983,.T.);
#857=ADVANCED_FACE('',(#738),#698,.F.);
#858=ADVANCED_FACE('',(#739),#699,.T.);
#859=ADVANCED_FACE('',(#740),#700,.T.);
#860=ADVANCED_FACE('',(#741),#701,.T.);
#861=ADVANCED_FACE('',(#742),#202,.T.);
#862=ADVANCED_FACE('',(#743),#203,.T.);
#863=ADVANCED_FACE('',(#744),#204,.T.);
#864=ADVANCED_FACE('',(#745),#205,.T.);
#865=ADVANCED_FACE('',(#746),#206,.T.);
#866=ADVANCED_FACE('',(#747),#702,.T.);
#867=ADVANCED_FACE('',(#748),#207,.T.);
#868=ADVANCED_FACE('',(#749),#186,.T.);
#869=ADVANCED_FACE('',(#750),#984,.T.);
#870=ADVANCED_FACE('',(#751),#187,.F.);
#871=ADVANCED_FACE('',(#752),#188,.F.);
#872=ADVANCED_FACE('',(#753),#208,.T.);
#873=ADVANCED_FACE('',(#754),#159,.F.);
#874=ADVANCED_FACE('',(#755),#703,.F.);
#875=ADVANCED_FACE('',(#756),#189,.F.);
#876=ADVANCED_FACE('',(#757),#190,.F.);
#877=ADVANCED_FACE('',(#758),#191,.F.);
#878=ADVANCED_FACE('',(#759),#192,.F.);
#879=ADVANCED_FACE('',(#760),#193,.F.);
#880=ADVANCED_FACE('',(#761),#160,.F.);
#881=ADVANCED_FACE('',(#989,#990),#985,.T.);
#882=ADVANCED_FACE('',(#762),#704,.F.);
#883=ADVANCED_FACE('',(#763),#705,.T.);
#884=ADVANCED_FACE('',(#764),#706,.T.);
#885=ADVANCED_FACE('',(#765),#707,.T.);
#886=ADVANCED_FACE('',(#766),#209,.T.);
#887=ADVANCED_FACE('',(#767),#210,.T.);
#888=ADVANCED_FACE('',(#768),#211,.T.);
#889=ADVANCED_FACE('',(#769),#212,.T.);
#890=ADVANCED_FACE('',(#770),#213,.T.);
#891=ADVANCED_FACE('',(#771),#708,.T.);
#892=ADVANCED_FACE('',(#772),#214,.T.);
#893=ADVANCED_FACE('',(#773),#194,.T.);
#894=ADVANCED_FACE('',(#774),#986,.T.);
#895=ADVANCED_FACE('',(#775),#195,.F.);
#896=ADVANCED_FACE('',(#776),#196,.F.);
#897=ADVANCED_FACE('',(#777),#215,.T.);
#898=ADVANCED_FACE('',(#778),#161,.F.);
#899=ADVANCED_FACE('',(#779),#709,.F.);
#900=ADVANCED_FACE('',(#780),#197,.F.);
#901=ADVANCED_FACE('',(#781),#198,.F.);
#902=ADVANCED_FACE('',(#782),#199,.F.);
#903=ADVANCED_FACE('',(#783),#200,.F.);
#904=ADVANCED_FACE('',(#784),#201,.F.);
#905=ADVANCED_FACE('',(#785),#162,.F.);
#906=ADVANCED_FACE('',(#991,#992),#163,.T.);
#907=ADVANCED_FACE('',(#993,#994),#710,.T.);
#908=ADVANCED_FACE('',(#995,#996),#48,.F.);
#909=ADVANCED_FACE('',(#786),#164,.T.);
#910=ADVANCED_FACE('',(#787),#165,.T.);
#911=ADVANCED_FACE('',(#788),#166,.T.);
#912=ADVANCED_FACE('',(#789),#167,.T.);
#913=ADVANCED_FACE('',(#790),#168,.T.);
#914=ADVANCED_FACE('',(#791),#169,.T.);
#915=ADVANCED_FACE('',(#792),#170,.T.);
#916=ADVANCED_FACE('',(#793),#171,.T.);
#917=ADVANCED_FACE('',(#794),#172,.T.);
#918=ADVANCED_FACE('',(#795),#173,.T.);
#919=ADVANCED_FACE('',(#796),#23,.T.);
#920=ADVANCED_FACE('',(#797),#24,.T.);
#921=ADVANCED_FACE('',(#798),#25,.T.);
#922=ADVANCED_FACE('',(#799),#26,.T.);
#923=ADVANCED_FACE('',(#800),#27,.T.);
#924=ADVANCED_FACE('',(#997,#998),#174,.F.);
#925=ADVANCED_FACE('',(#999,#1000),#711,.F.);
#926=ADVANCED_FACE('',(#801),#175,.T.);
#927=ADVANCED_FACE('',(#802),#176,.T.);
#928=ADVANCED_FACE('',(#803),#177,.T.);
#929=ADVANCED_FACE('',(#804),#178,.T.);
#930=ADVANCED_FACE('',(#805),#179,.T.);
#931=ADVANCED_FACE('',(#806),#712,.F.);
#932=ADVANCED_FACE('',(#807),#713,.F.);
#933=ADVANCED_FACE('',(#808),#714,.F.);
#934=ADVANCED_FACE('',(#809),#715,.F.);
#935=ADVANCED_FACE('',(#810),#716,.F.);
#936=ADVANCED_FACE('',(#811),#717,.F.);
#937=ADVANCED_FACE('',(#812),#718,.F.);
#938=ADVANCED_FACE('',(#813),#719,.F.);
#939=ADVANCED_FACE('',(#814),#720,.F.);
#940=ADVANCED_FACE('',(#815),#721,.F.);
#941=ADVANCED_FACE('',(#816),#722,.F.);
#942=ADVANCED_FACE('',(#817),#723,.F.);
#943=ADVANCED_FACE('',(#818),#724,.F.);
#944=ADVANCED_FACE('',(#819),#725,.F.);
#945=ADVANCED_FACE('',(#820),#726,.F.);
#946=ADVANCED_FACE('',(#821),#180,.F.);
#947=ADVANCED_FACE('',(#822),#181,.F.);
#948=ADVANCED_FACE('',(#823),#182,.F.);
#949=ADVANCED_FACE('',(#824),#183,.F.);
#950=ADVANCED_FACE('',(#825),#184,.F.);
#951=ADVANCED_FACE('',(#1001,#1002),#727,.T.);
#952=ADVANCED_FACE('',(#1003,#1004),#185,.T.);
#953=ADVANCED_FACE('',(#826),#728,.T.);
#954=ADVANCED_FACE('',(#827),#729,.T.);
#955=ADVANCED_FACE('',(#828),#730,.T.);
#956=ADVANCED_FACE('',(#829),#731,.T.);
#957=ADVANCED_FACE('',(#830),#732,.T.);
#958=ADVANCED_FACE('',(#831),#733,.T.);
#959=ADVANCED_FACE('',(#832),#734,.T.);
#960=ADVANCED_FACE('',(#833),#735,.T.);
#961=ADVANCED_FACE('',(#834),#736,.T.);
#962=ADVANCED_FACE('',(#835),#737,.T.);
#963=ADVANCED_FACE('',(#836),#216,.T.);
#964=ADVANCED_FACE('',(#837),#217,.T.);
#965=ADVANCED_FACE('',(#838),#218,.T.);
#966=ADVANCED_FACE('',(#839),#219,.T.);
#967=ADVANCED_FACE('',(#840),#220,.T.);
#968=ADVANCED_FACE('',(#841),#221,.T.);
#969=ADVANCED_FACE('',(#842),#222,.T.);
#970=ADVANCED_FACE('',(#843),#223,.T.);
#971=ADVANCED_FACE('',(#844),#224,.T.);
#972=ADVANCED_FACE('',(#845),#225,.T.);
#973=ADVANCED_FACE('',(#846),#226,.T.);
#974=ADVANCED_FACE('',(#847),#227,.T.);
#975=ADVANCED_FACE('',(#848),#228,.T.);
#976=ADVANCED_FACE('',(#849),#229,.T.);
#977=ADVANCED_FACE('',(#850),#230,.T.);
#978=ADVANCED_FACE('',(#851),#231,.T.);
#979=ADVANCED_FACE('',(#852),#232,.T.);
#980=ADVANCED_FACE('',(#853),#233,.T.);
#981=ADVANCED_FACE('',(#854),#234,.T.);
#982=ADVANCED_FACE('',(#855),#235,.T.);
#983=TOROIDAL_SURFACE('',#2466,4.75000000000003,1.5);
#984=TOROIDAL_SURFACE('',#2503,20.5,2.5);
#985=TOROIDAL_SURFACE('',#2522,4.75000000000003,1.5);
#986=TOROIDAL_SURFACE('',#2559,20.5,2.5);
#987=FACE_BOUND('',#1005,.T.);
#988=FACE_BOUND('',#1006,.T.);
#989=FACE_BOUND('',#1031,.T.);
#990=FACE_BOUND('',#1032,.T.);
#991=FACE_BOUND('',#1057,.T.);
#992=FACE_BOUND('',#1058,.T.);
#993=FACE_BOUND('',#1059,.T.);
#994=FACE_BOUND('',#1060,.T.);
#995=FACE_BOUND('',#1061,.T.);
#996=FACE_BOUND('',#1062,.T.);
#997=FACE_BOUND('',#1078,.T.);
#998=FACE_BOUND('',#1079,.T.);
#999=FACE_BOUND('',#1080,.T.);
#1000=FACE_BOUND('',#1081,.T.);
#1001=FACE_BOUND('',#1107,.T.);
#1002=FACE_BOUND('',#1108,.T.);
#1003=FACE_BOUND('',#1109,.T.);
#1004=FACE_BOUND('',#1110,.T.);
#1005=EDGE_LOOP('',(#1141));
#1006=EDGE_LOOP('',(#1142));
#1007=EDGE_LOOP('',(#1143));
#1008=EDGE_LOOP('',(#1144));
#1009=EDGE_LOOP('',(#1145,#1146,#1147,#1148,#1149,#1150,#1151,#1152,#1153,
#1154,#1155,#1156,#1157,#1158,#1159,#1160,#1161,#1162,#1163,#1164));
#1010=EDGE_LOOP('',(#1165,#1166,#1167,#1168,#1169,#1170,#1171,#1172,#1173,
#1174,#1175,#1176,#1177,#1178,#1179,#1180,#1181,#1182,#1183,#1184));
#1011=EDGE_LOOP('',(#1185,#1186,#1187,#1188));
#1012=EDGE_LOOP('',(#1189,#1190,#1191,#1192));
#1013=EDGE_LOOP('',(#1193,#1194,#1195,#1196));
#1014=EDGE_LOOP('',(#1197,#1198,#1199,#1200));
#1015=EDGE_LOOP('',(#1201,#1202,#1203,#1204));
#1016=EDGE_LOOP('',(#1205,#1206,#1207,#1208));
#1017=EDGE_LOOP('',(#1209,#1210,#1211,#1212));
#1018=EDGE_LOOP('',(#1213,#1214,#1215,#1216));
#1019=EDGE_LOOP('',(#1217,#1218,#1219,#1220));
#1020=EDGE_LOOP('',(#1221,#1222,#1223,#1224));
#1021=EDGE_LOOP('',(#1225,#1226,#1227,#1228));
#1022=EDGE_LOOP('',(#1229,#1230,#1231,#1232));
#1023=EDGE_LOOP('',(#1233,#1234,#1235,#1236));
#1024=EDGE_LOOP('',(#1237,#1238,#1239,#1240));
#1025=EDGE_LOOP('',(#1241,#1242,#1243,#1244));
#1026=EDGE_LOOP('',(#1245,#1246,#1247,#1248));
#1027=EDGE_LOOP('',(#1249,#1250,#1251,#1252));
#1028=EDGE_LOOP('',(#1253,#1254,#1255,#1256));
#1029=EDGE_LOOP('',(#1257,#1258,#1259,#1260));
#1030=EDGE_LOOP('',(#1261,#1262,#1263,#1264));
#1031=EDGE_LOOP('',(#1265));
#1032=EDGE_LOOP('',(#1266));
#1033=EDGE_LOOP('',(#1267));
#1034=EDGE_LOOP('',(#1268));
#1035=EDGE_LOOP('',(#1269,#1270,#1271,#1272,#1273,#1274,#1275,#1276,#1277,
#1278,#1279,#1280,#1281,#1282,#1283,#1284,#1285,#1286,#1287,#1288));
#1036=EDGE_LOOP('',(#1289,#1290,#1291,#1292,#1293,#1294,#1295,#1296,#1297,
#1298,#1299,#1300,#1301,#1302,#1303,#1304,#1305,#1306,#1307,#1308));
#1037=EDGE_LOOP('',(#1309,#1310,#1311,#1312));
#1038=EDGE_LOOP('',(#1313,#1314,#1315,#1316));
#1039=EDGE_LOOP('',(#1317,#1318,#1319,#1320));
#1040=EDGE_LOOP('',(#1321,#1322,#1323,#1324));
#1041=EDGE_LOOP('',(#1325,#1326,#1327,#1328));
#1042=EDGE_LOOP('',(#1329,#1330,#1331,#1332));
#1043=EDGE_LOOP('',(#1333,#1334,#1335,#1336));
#1044=EDGE_LOOP('',(#1337,#1338,#1339,#1340));
#1045=EDGE_LOOP('',(#1341,#1342,#1343,#1344));
#1046=EDGE_LOOP('',(#1345,#1346,#1347,#1348));
#1047=EDGE_LOOP('',(#1349,#1350,#1351,#1352));
#1048=EDGE_LOOP('',(#1353,#1354,#1355,#1356));
#1049=EDGE_LOOP('',(#1357,#1358,#1359,#1360));
#1050=EDGE_LOOP('',(#1361,#1362,#1363,#1364));
#1051=EDGE_LOOP('',(#1365,#1366,#1367,#1368));
#1052=EDGE_LOOP('',(#1369,#1370,#1371,#1372));
#1053=EDGE_LOOP('',(#1373,#1374,#1375,#1376));
#1054=EDGE_LOOP('',(#1377,#1378,#1379,#1380));
#1055=EDGE_LOOP('',(#1381,#1382,#1383,#1384));
#1056=EDGE_LOOP('',(#1385,#1386,#1387,#1388));
#1057=EDGE_LOOP('',(#1389));
#1058=EDGE_LOOP('',(#1390));
#1059=EDGE_LOOP('',(#1391));
#1060=EDGE_LOOP('',(#1392));
#1061=EDGE_LOOP('',(#1393));
#1062=EDGE_LOOP('',(#1394));
#1063=EDGE_LOOP('',(#1395,#1396,#1397,#1398));
#1064=EDGE_LOOP('',(#1399,#1400,#1401,#1402));
#1065=EDGE_LOOP('',(#1403,#1404,#1405,#1406));
#1066=EDGE_LOOP('',(#1407,#1408,#1409,#1410));
#1067=EDGE_LOOP('',(#1411,#1412,#1413,#1414));
#1068=EDGE_LOOP('',(#1415,#1416,#1417,#1418));
#1069=EDGE_LOOP('',(#1419,#1420,#1421,#1422));
#1070=EDGE_LOOP('',(#1423,#1424,#1425,#1426));
#1071=EDGE_LOOP('',(#1427,#1428,#1429,#1430));
#1072=EDGE_LOOP('',(#1431,#1432,#1433,#1434));
#1073=EDGE_LOOP('',(#1435,#1436,#1437,#1438,#1439,#1440,#1441,#1442,#1443,
#1444));
#1074=EDGE_LOOP('',(#1445,#1446,#1447,#1448,#1449,#1450,#1451,#1452,#1453,
#1454));
#1075=EDGE_LOOP('',(#1455,#1456,#1457,#1458,#1459,#1460,#1461,#1462,#1463,
#1464));
#1076=EDGE_LOOP('',(#1465,#1466,#1467,#1468,#1469,#1470,#1471,#1472,#1473,
#1474));
#1077=EDGE_LOOP('',(#1475,#1476,#1477,#1478,#1479,#1480,#1481,#1482,#1483,
#1484));
#1078=EDGE_LOOP('',(#1485));
#1079=EDGE_LOOP('',(#1486,#1487,#1488,#1489,#1490,#1491,#1492,#1493,#1494,
#1495,#1496,#1497,#1498,#1499,#1500,#1501,#1502,#1503,#1504,#1505));
#1080=EDGE_LOOP('',(#1506));
#1081=EDGE_LOOP('',(#1507));
#1082=EDGE_LOOP('',(#1508,#1509,#1510,#1511,#1512,#1513,#1514,#1515,#1516,
#1517));
#1083=EDGE_LOOP('',(#1518,#1519,#1520,#1521,#1522,#1523,#1524,#1525,#1526,
#1527));
#1084=EDGE_LOOP('',(#1528,#1529,#1530,#1531,#1532,#1533,#1534,#1535,#1536,
#1537));
#1085=EDGE_LOOP('',(#1538,#1539,#1540,#1541,#1542,#1543,#1544,#1545,#1546,
#1547));
#1086=EDGE_LOOP('',(#1548,#1549,#1550,#1551,#1552,#1553,#1554,#1555,#1556,
#1557));
#1087=EDGE_LOOP('',(#1558,#1559,#1560,#1561,#1562));
#1088=EDGE_LOOP('',(#1563,#1564,#1565,#1566));
#1089=EDGE_LOOP('',(#1567,#1568,#1569,#1570,#1571));
#1090=EDGE_LOOP('',(#1572,#1573,#1574,#1575,#1576));
#1091=EDGE_LOOP('',(#1577,#1578,#1579,#1580));
#1092=EDGE_LOOP('',(#1581,#1582,#1583,#1584,#1585));
#1093=EDGE_LOOP('',(#1586,#1587,#1588,#1589,#1590));
#1094=EDGE_LOOP('',(#1591,#1592,#1593,#1594));
#1095=EDGE_LOOP('',(#1595,#1596,#1597,#1598,#1599));
#1096=EDGE_LOOP('',(#1600,#1601,#1602,#1603,#1604));
#1097=EDGE_LOOP('',(#1605,#1606,#1607,#1608));
#1098=EDGE_LOOP('',(#1609,#1610,#1611,#1612,#1613));
#1099=EDGE_LOOP('',(#1614,#1615,#1616,#1617,#1618));
#1100=EDGE_LOOP('',(#1619,#1620,#1621,#1622));
#1101=EDGE_LOOP('',(#1623,#1624,#1625,#1626,#1627));
#1102=EDGE_LOOP('',(#1628,#1629,#1630,#1631));
#1103=EDGE_LOOP('',(#1632,#1633,#1634,#1635));
#1104=EDGE_LOOP('',(#1636,#1637,#1638,#1639));
#1105=EDGE_LOOP('',(#1640,#1641,#1642,#1643));
#1106=EDGE_LOOP('',(#1644,#1645,#1646,#1647));
#1107=EDGE_LOOP('',(#1648,#1649,#1650,#1651,#1652,#1653,#1654,#1655,#1656,
#1657,#1658,#1659,#1660,#1661,#1662,#1663,#1664,#1665,#1666,#1667));
#1108=EDGE_LOOP('',(#1668));
#1109=EDGE_LOOP('',(#1669));
#1110=EDGE_LOOP('',(#1670));
#1111=EDGE_LOOP('',(#1671,#1672,#1673,#1674,#1675,#1676));
#1112=EDGE_LOOP('',(#1677,#1678,#1679,#1680,#1681,#1682));
#1113=EDGE_LOOP('',(#1683,#1684,#1685,#1686,#1687,#1688));
#1114=EDGE_LOOP('',(#1689,#1690,#1691,#1692,#1693,#1694));
#1115=EDGE_LOOP('',(#1695,#1696,#1697,#1698,#1699,#1700));
#1116=EDGE_LOOP('',(#1701,#1702,#1703,#1704,#1705,#1706));
#1117=EDGE_LOOP('',(#1707,#1708,#1709,#1710,#1711,#1712));
#1118=EDGE_LOOP('',(#1713,#1714,#1715,#1716,#1717,#1718));
#1119=EDGE_LOOP('',(#1719,#1720,#1721,#1722,#1723,#1724));
#1120=EDGE_LOOP('',(#1725,#1726,#1727,#1728,#1729,#1730));
#1121=EDGE_LOOP('',(#1731,#1732,#1733));
#1122=EDGE_LOOP('',(#1734,#1735,#1736,#1737));
#1123=EDGE_LOOP('',(#1738,#1739,#1740,#1741));
#1124=EDGE_LOOP('',(#1742,#1743,#1744));
#1125=EDGE_LOOP('',(#1745,#1746,#1747));
#1126=EDGE_LOOP('',(#1748,#1749,#1750,#1751));
#1127=EDGE_LOOP('',(#1752,#1753,#1754,#1755));
#1128=EDGE_LOOP('',(#1756,#1757,#1758));
#1129=EDGE_LOOP('',(#1759,#1760,#1761));
#1130=EDGE_LOOP('',(#1762,#1763,#1764,#1765));
#1131=EDGE_LOOP('',(#1766,#1767,#1768,#1769));
#1132=EDGE_LOOP('',(#1770,#1771,#1772));
#1133=EDGE_LOOP('',(#1773,#1774,#1775));
#1134=EDGE_LOOP('',(#1776,#1777,#1778,#1779));
#1135=EDGE_LOOP('',(#1780,#1781,#1782,#1783));
#1136=EDGE_LOOP('',(#1784,#1785,#1786));
#1137=EDGE_LOOP('',(#1787,#1788,#1789));
#1138=EDGE_LOOP('',(#1790,#1791,#1792,#1793));
#1139=EDGE_LOOP('',(#1794,#1795,#1796,#1797));
#1140=EDGE_LOOP('',(#1798,#1799,#1800));
#1141=ORIENTED_EDGE('',*,*,#2021,.F.);
#1142=ORIENTED_EDGE('',*,*,#2022,.T.);
#1143=ORIENTED_EDGE('',*,*,#2021,.T.);
#1144=ORIENTED_EDGE('',*,*,#2022,.F.);
#1145=ORIENTED_EDGE('',*,*,#2023,.F.);
#1146=ORIENTED_EDGE('',*,*,#2024,.T.);
#1147=ORIENTED_EDGE('',*,*,#2025,.F.);
#1148=ORIENTED_EDGE('',*,*,#2026,.F.);
#1149=ORIENTED_EDGE('',*,*,#2027,.F.);
#1150=ORIENTED_EDGE('',*,*,#2028,.F.);
#1151=ORIENTED_EDGE('',*,*,#2029,.F.);
#1152=ORIENTED_EDGE('',*,*,#2030,.T.);
#1153=ORIENTED_EDGE('',*,*,#2031,.F.);
#1154=ORIENTED_EDGE('',*,*,#2032,.F.);
#1155=ORIENTED_EDGE('',*,*,#2033,.F.);
#1156=ORIENTED_EDGE('',*,*,#2034,.F.);
#1157=ORIENTED_EDGE('',*,*,#2035,.T.);
#1158=ORIENTED_EDGE('',*,*,#2036,.T.);
#1159=ORIENTED_EDGE('',*,*,#2037,.F.);
#1160=ORIENTED_EDGE('',*,*,#2038,.T.);
#1161=ORIENTED_EDGE('',*,*,#2039,.T.);
#1162=ORIENTED_EDGE('',*,*,#2040,.F.);
#1163=ORIENTED_EDGE('',*,*,#2041,.T.);
#1164=ORIENTED_EDGE('',*,*,#2042,.F.);
#1165=ORIENTED_EDGE('',*,*,#2043,.F.);
#1166=ORIENTED_EDGE('',*,*,#2044,.T.);
#1167=ORIENTED_EDGE('',*,*,#2045,.F.);
#1168=ORIENTED_EDGE('',*,*,#2046,.F.);
#1169=ORIENTED_EDGE('',*,*,#2047,.T.);
#1170=ORIENTED_EDGE('',*,*,#2048,.F.);
#1171=ORIENTED_EDGE('',*,*,#2049,.T.);
#1172=ORIENTED_EDGE('',*,*,#2050,.T.);
#1173=ORIENTED_EDGE('',*,*,#2051,.F.);
#1174=ORIENTED_EDGE('',*,*,#2052,.T.);
#1175=ORIENTED_EDGE('',*,*,#2053,.T.);
#1176=ORIENTED_EDGE('',*,*,#2054,.F.);
#1177=ORIENTED_EDGE('',*,*,#2055,.F.);
#1178=ORIENTED_EDGE('',*,*,#2056,.F.);
#1179=ORIENTED_EDGE('',*,*,#2057,.F.);
#1180=ORIENTED_EDGE('',*,*,#2058,.T.);
#1181=ORIENTED_EDGE('',*,*,#2059,.F.);
#1182=ORIENTED_EDGE('',*,*,#2060,.F.);
#1183=ORIENTED_EDGE('',*,*,#2061,.F.);
#1184=ORIENTED_EDGE('',*,*,#2062,.F.);
#1185=ORIENTED_EDGE('',*,*,#2045,.T.);
#1186=ORIENTED_EDGE('',*,*,#2063,.T.);
#1187=ORIENTED_EDGE('',*,*,#2023,.T.);
#1188=ORIENTED_EDGE('',*,*,#2064,.F.);
#1189=ORIENTED_EDGE('',*,*,#2025,.T.);
#1190=ORIENTED_EDGE('',*,*,#2065,.T.);
#1191=ORIENTED_EDGE('',*,*,#2043,.T.);
#1192=ORIENTED_EDGE('',*,*,#2066,.T.);
#1193=ORIENTED_EDGE('',*,*,#2054,.T.);
#1194=ORIENTED_EDGE('',*,*,#2067,.T.);
#1195=ORIENTED_EDGE('',*,*,#2034,.T.);
#1196=ORIENTED_EDGE('',*,*,#2068,.F.);
#1197=ORIENTED_EDGE('',*,*,#2051,.T.);
#1198=ORIENTED_EDGE('',*,*,#2069,.T.);
#1199=ORIENTED_EDGE('',*,*,#2037,.T.);
#1200=ORIENTED_EDGE('',*,*,#2070,.F.);
#1201=ORIENTED_EDGE('',*,*,#2071,.T.);
#1202=ORIENTED_EDGE('',*,*,#2040,.T.);
#1203=ORIENTED_EDGE('',*,*,#2072,.F.);
#1204=ORIENTED_EDGE('',*,*,#2048,.T.);
#1205=ORIENTED_EDGE('',*,*,#2042,.T.);
#1206=ORIENTED_EDGE('',*,*,#2073,.F.);
#1207=ORIENTED_EDGE('',*,*,#2046,.T.);
#1208=ORIENTED_EDGE('',*,*,#2064,.T.);
#1209=ORIENTED_EDGE('',*,*,#2074,.T.);
#1210=ORIENTED_EDGE('',*,*,#2026,.T.);
#1211=ORIENTED_EDGE('',*,*,#2066,.F.);
#1212=ORIENTED_EDGE('',*,*,#2062,.T.);
#1213=ORIENTED_EDGE('',*,*,#2075,.T.);
#1214=ORIENTED_EDGE('',*,*,#2027,.T.);
#1215=ORIENTED_EDGE('',*,*,#2074,.F.);
#1216=ORIENTED_EDGE('',*,*,#2061,.T.);
#1217=ORIENTED_EDGE('',*,*,#2076,.T.);
#1218=ORIENTED_EDGE('',*,*,#2028,.T.);
#1219=ORIENTED_EDGE('',*,*,#2075,.F.);
#1220=ORIENTED_EDGE('',*,*,#2060,.T.);
#1221=ORIENTED_EDGE('',*,*,#2077,.T.);
#1222=ORIENTED_EDGE('',*,*,#2029,.T.);
#1223=ORIENTED_EDGE('',*,*,#2076,.F.);
#1224=ORIENTED_EDGE('',*,*,#2059,.T.);
#1225=ORIENTED_EDGE('',*,*,#2078,.F.);
#1226=ORIENTED_EDGE('',*,*,#2056,.T.);
#1227=ORIENTED_EDGE('',*,*,#2079,.T.);
#1228=ORIENTED_EDGE('',*,*,#2032,.T.);
#1229=ORIENTED_EDGE('',*,*,#2068,.T.);
#1230=ORIENTED_EDGE('',*,*,#2033,.T.);
#1231=ORIENTED_EDGE('',*,*,#2079,.F.);
#1232=ORIENTED_EDGE('',*,*,#2055,.T.);
#1233=ORIENTED_EDGE('',*,*,#2077,.F.);
#1234=ORIENTED_EDGE('',*,*,#2058,.F.);
#1235=ORIENTED_EDGE('',*,*,#2080,.F.);
#1236=ORIENTED_EDGE('',*,*,#2030,.F.);
#1237=ORIENTED_EDGE('',*,*,#2031,.T.);
#1238=ORIENTED_EDGE('',*,*,#2080,.T.);
#1239=ORIENTED_EDGE('',*,*,#2057,.T.);
#1240=ORIENTED_EDGE('',*,*,#2078,.T.);
#1241=ORIENTED_EDGE('',*,*,#2081,.T.);
#1242=ORIENTED_EDGE('',*,*,#2052,.F.);
#1243=ORIENTED_EDGE('',*,*,#2070,.T.);
#1244=ORIENTED_EDGE('',*,*,#2036,.F.);
#1245=ORIENTED_EDGE('',*,*,#2067,.F.);
#1246=ORIENTED_EDGE('',*,*,#2053,.F.);
#1247=ORIENTED_EDGE('',*,*,#2081,.F.);
#1248=ORIENTED_EDGE('',*,*,#2035,.F.);
#1249=ORIENTED_EDGE('',*,*,#2069,.F.);
#1250=ORIENTED_EDGE('',*,*,#2050,.F.);
#1251=ORIENTED_EDGE('',*,*,#2082,.F.);
#1252=ORIENTED_EDGE('',*,*,#2038,.F.);
#1253=ORIENTED_EDGE('',*,*,#2082,.T.);
#1254=ORIENTED_EDGE('',*,*,#2049,.F.);
#1255=ORIENTED_EDGE('',*,*,#2072,.T.);
#1256=ORIENTED_EDGE('',*,*,#2039,.F.);
#1257=ORIENTED_EDGE('',*,*,#2071,.F.);
#1258=ORIENTED_EDGE('',*,*,#2047,.F.);
#1259=ORIENTED_EDGE('',*,*,#2073,.T.);
#1260=ORIENTED_EDGE('',*,*,#2041,.F.);
#1261=ORIENTED_EDGE('',*,*,#2044,.F.);
#1262=ORIENTED_EDGE('',*,*,#2065,.F.);
#1263=ORIENTED_EDGE('',*,*,#2024,.F.);
#1264=ORIENTED_EDGE('',*,*,#2063,.F.);
#1265=ORIENTED_EDGE('',*,*,#2083,.F.);
#1266=ORIENTED_EDGE('',*,*,#2084,.T.);
#1267=ORIENTED_EDGE('',*,*,#2083,.T.);
#1268=ORIENTED_EDGE('',*,*,#2084,.F.);
#1269=ORIENTED_EDGE('',*,*,#2085,.F.);
#1270=ORIENTED_EDGE('',*,*,#2086,.T.);
#1271=ORIENTED_EDGE('',*,*,#2087,.F.);
#1272=ORIENTED_EDGE('',*,*,#2088,.F.);
#1273=ORIENTED_EDGE('',*,*,#2089,.F.);
#1274=ORIENTED_EDGE('',*,*,#2090,.F.);
#1275=ORIENTED_EDGE('',*,*,#2091,.F.);
#1276=ORIENTED_EDGE('',*,*,#2092,.T.);
#1277=ORIENTED_EDGE('',*,*,#2093,.F.);
#1278=ORIENTED_EDGE('',*,*,#2094,.F.);
#1279=ORIENTED_EDGE('',*,*,#2095,.F.);
#1280=ORIENTED_EDGE('',*,*,#2096,.F.);
#1281=ORIENTED_EDGE('',*,*,#2097,.T.);
#1282=ORIENTED_EDGE('',*,*,#2098,.T.);
#1283=ORIENTED_EDGE('',*,*,#2099,.F.);
#1284=ORIENTED_EDGE('',*,*,#2100,.T.);
#1285=ORIENTED_EDGE('',*,*,#2101,.T.);
#1286=ORIENTED_EDGE('',*,*,#2102,.F.);
#1287=ORIENTED_EDGE('',*,*,#2103,.T.);
#1288=ORIENTED_EDGE('',*,*,#2104,.F.);
#1289=ORIENTED_EDGE('',*,*,#2105,.F.);
#1290=ORIENTED_EDGE('',*,*,#2106,.T.);
#1291=ORIENTED_EDGE('',*,*,#2107,.F.);
#1292=ORIENTED_EDGE('',*,*,#2108,.F.);
#1293=ORIENTED_EDGE('',*,*,#2109,.T.);
#1294=ORIENTED_EDGE('',*,*,#2110,.F.);
#1295=ORIENTED_EDGE('',*,*,#2111,.T.);
#1296=ORIENTED_EDGE('',*,*,#2112,.T.);
#1297=ORIENTED_EDGE('',*,*,#2113,.F.);
#1298=ORIENTED_EDGE('',*,*,#2114,.T.);
#1299=ORIENTED_EDGE('',*,*,#2115,.T.);
#1300=ORIENTED_EDGE('',*,*,#2116,.F.);
#1301=ORIENTED_EDGE('',*,*,#2117,.F.);
#1302=ORIENTED_EDGE('',*,*,#2118,.F.);
#1303=ORIENTED_EDGE('',*,*,#2119,.F.);
#1304=ORIENTED_EDGE('',*,*,#2120,.T.);
#1305=ORIENTED_EDGE('',*,*,#2121,.F.);
#1306=ORIENTED_EDGE('',*,*,#2122,.F.);
#1307=ORIENTED_EDGE('',*,*,#2123,.F.);
#1308=ORIENTED_EDGE('',*,*,#2124,.F.);
#1309=ORIENTED_EDGE('',*,*,#2107,.T.);
#1310=ORIENTED_EDGE('',*,*,#2125,.T.);
#1311=ORIENTED_EDGE('',*,*,#2085,.T.);
#1312=ORIENTED_EDGE('',*,*,#2126,.F.);
#1313=ORIENTED_EDGE('',*,*,#2087,.T.);
#1314=ORIENTED_EDGE('',*,*,#2127,.T.);
#1315=ORIENTED_EDGE('',*,*,#2105,.T.);
#1316=ORIENTED_EDGE('',*,*,#2128,.T.);
#1317=ORIENTED_EDGE('',*,*,#2116,.T.);
#1318=ORIENTED_EDGE('',*,*,#2129,.T.);
#1319=ORIENTED_EDGE('',*,*,#2096,.T.);
#1320=ORIENTED_EDGE('',*,*,#2130,.F.);
#1321=ORIENTED_EDGE('',*,*,#2113,.T.);
#1322=ORIENTED_EDGE('',*,*,#2131,.T.);
#1323=ORIENTED_EDGE('',*,*,#2099,.T.);
#1324=ORIENTED_EDGE('',*,*,#2132,.F.);
#1325=ORIENTED_EDGE('',*,*,#2133,.T.);
#1326=ORIENTED_EDGE('',*,*,#2102,.T.);
#1327=ORIENTED_EDGE('',*,*,#2134,.F.);
#1328=ORIENTED_EDGE('',*,*,#2110,.T.);
#1329=ORIENTED_EDGE('',*,*,#2104,.T.);
#1330=ORIENTED_EDGE('',*,*,#2135,.F.);
#1331=ORIENTED_EDGE('',*,*,#2108,.T.);
#1332=ORIENTED_EDGE('',*,*,#2126,.T.);
#1333=ORIENTED_EDGE('',*,*,#2136,.T.);
#1334=ORIENTED_EDGE('',*,*,#2088,.T.);
#1335=ORIENTED_EDGE('',*,*,#2128,.F.);
#1336=ORIENTED_EDGE('',*,*,#2124,.T.);
#1337=ORIENTED_EDGE('',*,*,#2137,.T.);
#1338=ORIENTED_EDGE('',*,*,#2089,.T.);
#1339=ORIENTED_EDGE('',*,*,#2136,.F.);
#1340=ORIENTED_EDGE('',*,*,#2123,.T.);
#1341=ORIENTED_EDGE('',*,*,#2138,.T.);
#1342=ORIENTED_EDGE('',*,*,#2090,.T.);
#1343=ORIENTED_EDGE('',*,*,#2137,.F.);
#1344=ORIENTED_EDGE('',*,*,#2122,.T.);
#1345=ORIENTED_EDGE('',*,*,#2139,.T.);
#1346=ORIENTED_EDGE('',*,*,#2091,.T.);
#1347=ORIENTED_EDGE('',*,*,#2138,.F.);
#1348=ORIENTED_EDGE('',*,*,#2121,.T.);
#1349=ORIENTED_EDGE('',*,*,#2140,.F.);
#1350=ORIENTED_EDGE('',*,*,#2118,.T.);
#1351=ORIENTED_EDGE('',*,*,#2141,.T.);
#1352=ORIENTED_EDGE('',*,*,#2094,.T.);
#1353=ORIENTED_EDGE('',*,*,#2130,.T.);
#1354=ORIENTED_EDGE('',*,*,#2095,.T.);
#1355=ORIENTED_EDGE('',*,*,#2141,.F.);
#1356=ORIENTED_EDGE('',*,*,#2117,.T.);
#1357=ORIENTED_EDGE('',*,*,#2139,.F.);
#1358=ORIENTED_EDGE('',*,*,#2120,.F.);
#1359=ORIENTED_EDGE('',*,*,#2142,.F.);
#1360=ORIENTED_EDGE('',*,*,#2092,.F.);
#1361=ORIENTED_EDGE('',*,*,#2093,.T.);
#1362=ORIENTED_EDGE('',*,*,#2142,.T.);
#1363=ORIENTED_EDGE('',*,*,#2119,.T.);
#1364=ORIENTED_EDGE('',*,*,#2140,.T.);
#1365=ORIENTED_EDGE('',*,*,#2143,.T.);
#1366=ORIENTED_EDGE('',*,*,#2114,.F.);
#1367=ORIENTED_EDGE('',*,*,#2132,.T.);
#1368=ORIENTED_EDGE('',*,*,#2098,.F.);
#1369=ORIENTED_EDGE('',*,*,#2129,.F.);
#1370=ORIENTED_EDGE('',*,*,#2115,.F.);
#1371=ORIENTED_EDGE('',*,*,#2143,.F.);
#1372=ORIENTED_EDGE('',*,*,#2097,.F.);
#1373=ORIENTED_EDGE('',*,*,#2131,.F.);
#1374=ORIENTED_EDGE('',*,*,#2112,.F.);
#1375=ORIENTED_EDGE('',*,*,#2144,.F.);
#1376=ORIENTED_EDGE('',*,*,#2100,.F.);
#1377=ORIENTED_EDGE('',*,*,#2144,.T.);
#1378=ORIENTED_EDGE('',*,*,#2111,.F.);
#1379=ORIENTED_EDGE('',*,*,#2134,.T.);
#1380=ORIENTED_EDGE('',*,*,#2101,.F.);
#1381=ORIENTED_EDGE('',*,*,#2133,.F.);
#1382=ORIENTED_EDGE('',*,*,#2109,.F.);
#1383=ORIENTED_EDGE('',*,*,#2135,.T.);
#1384=ORIENTED_EDGE('',*,*,#2103,.F.);
#1385=ORIENTED_EDGE('',*,*,#2106,.F.);
#1386=ORIENTED_EDGE('',*,*,#2127,.F.);
#1387=ORIENTED_EDGE('',*,*,#2086,.F.);
#1388=ORIENTED_EDGE('',*,*,#2125,.F.);
#1389=ORIENTED_EDGE('',*,*,#2145,.T.);
#1390=ORIENTED_EDGE('',*,*,#2146,.F.);
#1391=ORIENTED_EDGE('',*,*,#2147,.T.);
#1392=ORIENTED_EDGE('',*,*,#2145,.F.);
#1393=ORIENTED_EDGE('',*,*,#2146,.T.);
#1394=ORIENTED_EDGE('',*,*,#2147,.F.);
#1395=ORIENTED_EDGE('',*,*,#2148,.F.);
#1396=ORIENTED_EDGE('',*,*,#2149,.T.);
#1397=ORIENTED_EDGE('',*,*,#2150,.F.);
#1398=ORIENTED_EDGE('',*,*,#2151,.T.);
#1399=ORIENTED_EDGE('',*,*,#2152,.F.);
#1400=ORIENTED_EDGE('',*,*,#2153,.T.);
#1401=ORIENTED_EDGE('',*,*,#2154,.F.);
#1402=ORIENTED_EDGE('',*,*,#2155,.T.);
#1403=ORIENTED_EDGE('',*,*,#2156,.T.);
#1404=ORIENTED_EDGE('',*,*,#2157,.T.);
#1405=ORIENTED_EDGE('',*,*,#2158,.F.);
#1406=ORIENTED_EDGE('',*,*,#2159,.F.);
#1407=ORIENTED_EDGE('',*,*,#2160,.T.);
#1408=ORIENTED_EDGE('',*,*,#2161,.T.);
#1409=ORIENTED_EDGE('',*,*,#2162,.F.);
#1410=ORIENTED_EDGE('',*,*,#2163,.F.);
#1411=ORIENTED_EDGE('',*,*,#2164,.F.);
#1412=ORIENTED_EDGE('',*,*,#2165,.T.);
#1413=ORIENTED_EDGE('',*,*,#2166,.F.);
#1414=ORIENTED_EDGE('',*,*,#2167,.T.);
#1415=ORIENTED_EDGE('',*,*,#2168,.T.);
#1416=ORIENTED_EDGE('',*,*,#2169,.T.);
#1417=ORIENTED_EDGE('',*,*,#2170,.F.);
#1418=ORIENTED_EDGE('',*,*,#2171,.F.);
#1419=ORIENTED_EDGE('',*,*,#2172,.T.);
#1420=ORIENTED_EDGE('',*,*,#2173,.T.);
#1421=ORIENTED_EDGE('',*,*,#2174,.F.);
#1422=ORIENTED_EDGE('',*,*,#2175,.F.);
#1423=ORIENTED_EDGE('',*,*,#2176,.F.);
#1424=ORIENTED_EDGE('',*,*,#2177,.T.);
#1425=ORIENTED_EDGE('',*,*,#2178,.F.);
#1426=ORIENTED_EDGE('',*,*,#2179,.T.);
#1427=ORIENTED_EDGE('',*,*,#2180,.F.);
#1428=ORIENTED_EDGE('',*,*,#2181,.T.);
#1429=ORIENTED_EDGE('',*,*,#2182,.F.);
#1430=ORIENTED_EDGE('',*,*,#2183,.T.);
#1431=ORIENTED_EDGE('',*,*,#2184,.T.);
#1432=ORIENTED_EDGE('',*,*,#2185,.T.);
#1433=ORIENTED_EDGE('',*,*,#2186,.F.);
#1434=ORIENTED_EDGE('',*,*,#2187,.F.);
#1435=ORIENTED_EDGE('',*,*,#2174,.T.);
#1436=ORIENTED_EDGE('',*,*,#2188,.T.);
#1437=ORIENTED_EDGE('',*,*,#2189,.T.);
#1438=ORIENTED_EDGE('',*,*,#2190,.F.);
#1439=ORIENTED_EDGE('',*,*,#2191,.T.);
#1440=ORIENTED_EDGE('',*,*,#2192,.T.);
#1441=ORIENTED_EDGE('',*,*,#2148,.T.);
#1442=ORIENTED_EDGE('',*,*,#2193,.T.);
#1443=ORIENTED_EDGE('',*,*,#2194,.F.);
#1444=ORIENTED_EDGE('',*,*,#2195,.T.);
#1445=ORIENTED_EDGE('',*,*,#2162,.T.);
#1446=ORIENTED_EDGE('',*,*,#2196,.T.);
#1447=ORIENTED_EDGE('',*,*,#2197,.T.);
#1448=ORIENTED_EDGE('',*,*,#2198,.F.);
#1449=ORIENTED_EDGE('',*,*,#2199,.T.);
#1450=ORIENTED_EDGE('',*,*,#2200,.T.);
#1451=ORIENTED_EDGE('',*,*,#2152,.T.);
#1452=ORIENTED_EDGE('',*,*,#2201,.T.);
#1453=ORIENTED_EDGE('',*,*,#2202,.F.);
#1454=ORIENTED_EDGE('',*,*,#2203,.T.);
#1455=ORIENTED_EDGE('',*,*,#2158,.T.);
#1456=ORIENTED_EDGE('',*,*,#2204,.T.);
#1457=ORIENTED_EDGE('',*,*,#2205,.T.);
#1458=ORIENTED_EDGE('',*,*,#2206,.F.);
#1459=ORIENTED_EDGE('',*,*,#2207,.T.);
#1460=ORIENTED_EDGE('',*,*,#2208,.T.);
#1461=ORIENTED_EDGE('',*,*,#2164,.T.);
#1462=ORIENTED_EDGE('',*,*,#2209,.T.);
#1463=ORIENTED_EDGE('',*,*,#2210,.F.);
#1464=ORIENTED_EDGE('',*,*,#2211,.T.);
#1465=ORIENTED_EDGE('',*,*,#2170,.T.);
#1466=ORIENTED_EDGE('',*,*,#2212,.T.);
#1467=ORIENTED_EDGE('',*,*,#2213,.T.);
#1468=ORIENTED_EDGE('',*,*,#2214,.F.);
#1469=ORIENTED_EDGE('',*,*,#2215,.T.);
#1470=ORIENTED_EDGE('',*,*,#2216,.T.);
#1471=ORIENTED_EDGE('',*,*,#2176,.T.);
#1472=ORIENTED_EDGE('',*,*,#2217,.T.);
#1473=ORIENTED_EDGE('',*,*,#2218,.F.);
#1474=ORIENTED_EDGE('',*,*,#2219,.T.);
#1475=ORIENTED_EDGE('',*,*,#2220,.T.);
#1476=ORIENTED_EDGE('',*,*,#2221,.T.);
#1477=ORIENTED_EDGE('',*,*,#2180,.T.);
#1478=ORIENTED_EDGE('',*,*,#2222,.T.);
#1479=ORIENTED_EDGE('',*,*,#2223,.F.);
#1480=ORIENTED_EDGE('',*,*,#2224,.T.);
#1481=ORIENTED_EDGE('',*,*,#2186,.T.);
#1482=ORIENTED_EDGE('',*,*,#2225,.T.);
#1483=ORIENTED_EDGE('',*,*,#2226,.T.);
#1484=ORIENTED_EDGE('',*,*,#2227,.F.);
#1485=ORIENTED_EDGE('',*,*,#2228,.F.);
#1486=ORIENTED_EDGE('',*,*,#2229,.T.);
#1487=ORIENTED_EDGE('',*,*,#2230,.F.);
#1488=ORIENTED_EDGE('',*,*,#2190,.T.);
#1489=ORIENTED_EDGE('',*,*,#2231,.T.);
#1490=ORIENTED_EDGE('',*,*,#2232,.T.);
#1491=ORIENTED_EDGE('',*,*,#2233,.F.);
#1492=ORIENTED_EDGE('',*,*,#2227,.T.);
#1493=ORIENTED_EDGE('',*,*,#2234,.T.);
#1494=ORIENTED_EDGE('',*,*,#2235,.T.);
#1495=ORIENTED_EDGE('',*,*,#2236,.F.);
#1496=ORIENTED_EDGE('',*,*,#2214,.T.);
#1497=ORIENTED_EDGE('',*,*,#2237,.T.);
#1498=ORIENTED_EDGE('',*,*,#2238,.T.);
#1499=ORIENTED_EDGE('',*,*,#2239,.F.);
#1500=ORIENTED_EDGE('',*,*,#2206,.T.);
#1501=ORIENTED_EDGE('',*,*,#2240,.T.);
#1502=ORIENTED_EDGE('',*,*,#2241,.T.);
#1503=ORIENTED_EDGE('',*,*,#2242,.F.);
#1504=ORIENTED_EDGE('',*,*,#2198,.T.);
#1505=ORIENTED_EDGE('',*,*,#2243,.T.);
#1506=ORIENTED_EDGE('',*,*,#2244,.F.);
#1507=ORIENTED_EDGE('',*,*,#2228,.T.);
#1508=ORIENTED_EDGE('',*,*,#2245,.F.);
#1509=ORIENTED_EDGE('',*,*,#2246,.T.);
#1510=ORIENTED_EDGE('',*,*,#2247,.F.);
#1511=ORIENTED_EDGE('',*,*,#2172,.F.);
#1512=ORIENTED_EDGE('',*,*,#2248,.T.);
#1513=ORIENTED_EDGE('',*,*,#2249,.T.);
#1514=ORIENTED_EDGE('',*,*,#2250,.T.);
#1515=ORIENTED_EDGE('',*,*,#2150,.T.);
#1516=ORIENTED_EDGE('',*,*,#2251,.T.);
#1517=ORIENTED_EDGE('',*,*,#2252,.T.);
#1518=ORIENTED_EDGE('',*,*,#2253,.F.);
#1519=ORIENTED_EDGE('',*,*,#2254,.T.);
#1520=ORIENTED_EDGE('',*,*,#2255,.F.);
#1521=ORIENTED_EDGE('',*,*,#2160,.F.);
#1522=ORIENTED_EDGE('',*,*,#2256,.T.);
#1523=ORIENTED_EDGE('',*,*,#2257,.T.);
#1524=ORIENTED_EDGE('',*,*,#2258,.T.);
#1525=ORIENTED_EDGE('',*,*,#2154,.T.);
#1526=ORIENTED_EDGE('',*,*,#2259,.T.);
#1527=ORIENTED_EDGE('',*,*,#2260,.T.);
#1528=ORIENTED_EDGE('',*,*,#2261,.F.);
#1529=ORIENTED_EDGE('',*,*,#2262,.T.);
#1530=ORIENTED_EDGE('',*,*,#2263,.F.);
#1531=ORIENTED_EDGE('',*,*,#2156,.F.);
#1532=ORIENTED_EDGE('',*,*,#2264,.T.);
#1533=ORIENTED_EDGE('',*,*,#2265,.T.);
#1534=ORIENTED_EDGE('',*,*,#2266,.T.);
#1535=ORIENTED_EDGE('',*,*,#2166,.T.);
#1536=ORIENTED_EDGE('',*,*,#2267,.T.);
#1537=ORIENTED_EDGE('',*,*,#2268,.T.);
#1538=ORIENTED_EDGE('',*,*,#2269,.F.);
#1539=ORIENTED_EDGE('',*,*,#2270,.T.);
#1540=ORIENTED_EDGE('',*,*,#2271,.F.);
#1541=ORIENTED_EDGE('',*,*,#2168,.F.);
#1542=ORIENTED_EDGE('',*,*,#2272,.T.);
#1543=ORIENTED_EDGE('',*,*,#2273,.T.);
#1544=ORIENTED_EDGE('',*,*,#2274,.T.);
#1545=ORIENTED_EDGE('',*,*,#2178,.T.);
#1546=ORIENTED_EDGE('',*,*,#2275,.T.);
#1547=ORIENTED_EDGE('',*,*,#2276,.T.);
#1548=ORIENTED_EDGE('',*,*,#2277,.F.);
#1549=ORIENTED_EDGE('',*,*,#2278,.T.);
#1550=ORIENTED_EDGE('',*,*,#2279,.F.);
#1551=ORIENTED_EDGE('',*,*,#2184,.F.);
#1552=ORIENTED_EDGE('',*,*,#2280,.T.);
#1553=ORIENTED_EDGE('',*,*,#2281,.T.);
#1554=ORIENTED_EDGE('',*,*,#2282,.T.);
#1555=ORIENTED_EDGE('',*,*,#2182,.T.);
#1556=ORIENTED_EDGE('',*,*,#2283,.T.);
#1557=ORIENTED_EDGE('',*,*,#2284,.T.);
#1558=ORIENTED_EDGE('',*,*,#2285,.F.);
#1559=ORIENTED_EDGE('',*,*,#2222,.F.);
#1560=ORIENTED_EDGE('',*,*,#2183,.F.);
#1561=ORIENTED_EDGE('',*,*,#2282,.F.);
#1562=ORIENTED_EDGE('',*,*,#2286,.T.);
#1563=ORIENTED_EDGE('',*,*,#2281,.F.);
#1564=ORIENTED_EDGE('',*,*,#2287,.T.);
#1565=ORIENTED_EDGE('',*,*,#2288,.F.);
#1566=ORIENTED_EDGE('',*,*,#2286,.F.);
#1567=ORIENTED_EDGE('',*,*,#2289,.F.);
#1568=ORIENTED_EDGE('',*,*,#2287,.F.);
#1569=ORIENTED_EDGE('',*,*,#2280,.F.);
#1570=ORIENTED_EDGE('',*,*,#2187,.T.);
#1571=ORIENTED_EDGE('',*,*,#2224,.F.);
#1572=ORIENTED_EDGE('',*,*,#2290,.F.);
#1573=ORIENTED_EDGE('',*,*,#2193,.F.);
#1574=ORIENTED_EDGE('',*,*,#2151,.F.);
#1575=ORIENTED_EDGE('',*,*,#2250,.F.);
#1576=ORIENTED_EDGE('',*,*,#2291,.T.);
#1577=ORIENTED_EDGE('',*,*,#2249,.F.);
#1578=ORIENTED_EDGE('',*,*,#2292,.T.);
#1579=ORIENTED_EDGE('',*,*,#2293,.F.);
#1580=ORIENTED_EDGE('',*,*,#2291,.F.);
#1581=ORIENTED_EDGE('',*,*,#2294,.F.);
#1582=ORIENTED_EDGE('',*,*,#2292,.F.);
#1583=ORIENTED_EDGE('',*,*,#2248,.F.);
#1584=ORIENTED_EDGE('',*,*,#2175,.T.);
#1585=ORIENTED_EDGE('',*,*,#2195,.F.);
#1586=ORIENTED_EDGE('',*,*,#2295,.F.);
#1587=ORIENTED_EDGE('',*,*,#2201,.F.);
#1588=ORIENTED_EDGE('',*,*,#2155,.F.);
#1589=ORIENTED_EDGE('',*,*,#2258,.F.);
#1590=ORIENTED_EDGE('',*,*,#2296,.T.);
#1591=ORIENTED_EDGE('',*,*,#2257,.F.);
#1592=ORIENTED_EDGE('',*,*,#2297,.T.);
#1593=ORIENTED_EDGE('',*,*,#2298,.F.);
#1594=ORIENTED_EDGE('',*,*,#2296,.F.);
#1595=ORIENTED_EDGE('',*,*,#2299,.F.);
#1596=ORIENTED_EDGE('',*,*,#2297,.F.);
#1597=ORIENTED_EDGE('',*,*,#2256,.F.);
#1598=ORIENTED_EDGE('',*,*,#2163,.T.);
#1599=ORIENTED_EDGE('',*,*,#2203,.F.);
#1600=ORIENTED_EDGE('',*,*,#2300,.F.);
#1601=ORIENTED_EDGE('',*,*,#2209,.F.);
#1602=ORIENTED_EDGE('',*,*,#2167,.F.);
#1603=ORIENTED_EDGE('',*,*,#2266,.F.);
#1604=ORIENTED_EDGE('',*,*,#2301,.T.);
#1605=ORIENTED_EDGE('',*,*,#2265,.F.);
#1606=ORIENTED_EDGE('',*,*,#2302,.T.);
#1607=ORIENTED_EDGE('',*,*,#2303,.F.);
#1608=ORIENTED_EDGE('',*,*,#2301,.F.);
#1609=ORIENTED_EDGE('',*,*,#2304,.F.);
#1610=ORIENTED_EDGE('',*,*,#2302,.F.);
#1611=ORIENTED_EDGE('',*,*,#2264,.F.);
#1612=ORIENTED_EDGE('',*,*,#2159,.T.);
#1613=ORIENTED_EDGE('',*,*,#2211,.F.);
#1614=ORIENTED_EDGE('',*,*,#2305,.F.);
#1615=ORIENTED_EDGE('',*,*,#2217,.F.);
#1616=ORIENTED_EDGE('',*,*,#2179,.F.);
#1617=ORIENTED_EDGE('',*,*,#2274,.F.);
#1618=ORIENTED_EDGE('',*,*,#2306,.T.);
#1619=ORIENTED_EDGE('',*,*,#2273,.F.);
#1620=ORIENTED_EDGE('',*,*,#2307,.T.);
#1621=ORIENTED_EDGE('',*,*,#2308,.F.);
#1622=ORIENTED_EDGE('',*,*,#2306,.F.);
#1623=ORIENTED_EDGE('',*,*,#2309,.F.);
#1624=ORIENTED_EDGE('',*,*,#2307,.F.);
#1625=ORIENTED_EDGE('',*,*,#2272,.F.);
#1626=ORIENTED_EDGE('',*,*,#2171,.T.);
#1627=ORIENTED_EDGE('',*,*,#2219,.F.);
#1628=ORIENTED_EDGE('',*,*,#2288,.T.);
#1629=ORIENTED_EDGE('',*,*,#2289,.T.);
#1630=ORIENTED_EDGE('',*,*,#2223,.T.);
#1631=ORIENTED_EDGE('',*,*,#2285,.T.);
#1632=ORIENTED_EDGE('',*,*,#2308,.T.);
#1633=ORIENTED_EDGE('',*,*,#2309,.T.);
#1634=ORIENTED_EDGE('',*,*,#2218,.T.);
#1635=ORIENTED_EDGE('',*,*,#2305,.T.);
#1636=ORIENTED_EDGE('',*,*,#2303,.T.);
#1637=ORIENTED_EDGE('',*,*,#2304,.T.);
#1638=ORIENTED_EDGE('',*,*,#2210,.T.);
#1639=ORIENTED_EDGE('',*,*,#2300,.T.);
#1640=ORIENTED_EDGE('',*,*,#2298,.T.);
#1641=ORIENTED_EDGE('',*,*,#2299,.T.);
#1642=ORIENTED_EDGE('',*,*,#2202,.T.);
#1643=ORIENTED_EDGE('',*,*,#2295,.T.);
#1644=ORIENTED_EDGE('',*,*,#2293,.T.);
#1645=ORIENTED_EDGE('',*,*,#2294,.T.);
#1646=ORIENTED_EDGE('',*,*,#2194,.T.);
#1647=ORIENTED_EDGE('',*,*,#2290,.T.);
#1648=ORIENTED_EDGE('',*,*,#2253,.T.);
#1649=ORIENTED_EDGE('',*,*,#2310,.T.);
#1650=ORIENTED_EDGE('',*,*,#2241,.F.);
#1651=ORIENTED_EDGE('',*,*,#2311,.T.);
#1652=ORIENTED_EDGE('',*,*,#2261,.T.);
#1653=ORIENTED_EDGE('',*,*,#2312,.T.);
#1654=ORIENTED_EDGE('',*,*,#2238,.F.);
#1655=ORIENTED_EDGE('',*,*,#2313,.T.);
#1656=ORIENTED_EDGE('',*,*,#2269,.T.);
#1657=ORIENTED_EDGE('',*,*,#2314,.T.);
#1658=ORIENTED_EDGE('',*,*,#2235,.F.);
#1659=ORIENTED_EDGE('',*,*,#2315,.T.);
#1660=ORIENTED_EDGE('',*,*,#2277,.T.);
#1661=ORIENTED_EDGE('',*,*,#2316,.T.);
#1662=ORIENTED_EDGE('',*,*,#2232,.F.);
#1663=ORIENTED_EDGE('',*,*,#2317,.T.);
#1664=ORIENTED_EDGE('',*,*,#2245,.T.);
#1665=ORIENTED_EDGE('',*,*,#2318,.T.);
#1666=ORIENTED_EDGE('',*,*,#2229,.F.);
#1667=ORIENTED_EDGE('',*,*,#2319,.T.);
#1668=ORIENTED_EDGE('',*,*,#2320,.T.);
#1669=ORIENTED_EDGE('',*,*,#2320,.F.);
#1670=ORIENTED_EDGE('',*,*,#2244,.T.);
#1671=ORIENTED_EDGE('',*,*,#2284,.F.);
#1672=ORIENTED_EDGE('',*,*,#2321,.T.);
#1673=ORIENTED_EDGE('',*,*,#2322,.T.);
#1674=ORIENTED_EDGE('',*,*,#2220,.F.);
#1675=ORIENTED_EDGE('',*,*,#2233,.T.);
#1676=ORIENTED_EDGE('',*,*,#2316,.F.);
#1677=ORIENTED_EDGE('',*,*,#2189,.F.);
#1678=ORIENTED_EDGE('',*,*,#2323,.T.);
#1679=ORIENTED_EDGE('',*,*,#2324,.T.);
#1680=ORIENTED_EDGE('',*,*,#2246,.F.);
#1681=ORIENTED_EDGE('',*,*,#2317,.F.);
#1682=ORIENTED_EDGE('',*,*,#2231,.F.);
#1683=ORIENTED_EDGE('',*,*,#2276,.F.);
#1684=ORIENTED_EDGE('',*,*,#2325,.T.);
#1685=ORIENTED_EDGE('',*,*,#2326,.T.);
#1686=ORIENTED_EDGE('',*,*,#2215,.F.);
#1687=ORIENTED_EDGE('',*,*,#2236,.T.);
#1688=ORIENTED_EDGE('',*,*,#2314,.F.);
#1689=ORIENTED_EDGE('',*,*,#2226,.F.);
#1690=ORIENTED_EDGE('',*,*,#2327,.T.);
#1691=ORIENTED_EDGE('',*,*,#2328,.T.);
#1692=ORIENTED_EDGE('',*,*,#2278,.F.);
#1693=ORIENTED_EDGE('',*,*,#2315,.F.);
#1694=ORIENTED_EDGE('',*,*,#2234,.F.);
#1695=ORIENTED_EDGE('',*,*,#2268,.F.);
#1696=ORIENTED_EDGE('',*,*,#2329,.T.);
#1697=ORIENTED_EDGE('',*,*,#2330,.T.);
#1698=ORIENTED_EDGE('',*,*,#2207,.F.);
#1699=ORIENTED_EDGE('',*,*,#2239,.T.);
#1700=ORIENTED_EDGE('',*,*,#2312,.F.);
#1701=ORIENTED_EDGE('',*,*,#2213,.F.);
#1702=ORIENTED_EDGE('',*,*,#2331,.T.);
#1703=ORIENTED_EDGE('',*,*,#2332,.T.);
#1704=ORIENTED_EDGE('',*,*,#2270,.F.);
#1705=ORIENTED_EDGE('',*,*,#2313,.F.);
#1706=ORIENTED_EDGE('',*,*,#2237,.F.);
#1707=ORIENTED_EDGE('',*,*,#2260,.F.);
#1708=ORIENTED_EDGE('',*,*,#2333,.T.);
#1709=ORIENTED_EDGE('',*,*,#2334,.T.);
#1710=ORIENTED_EDGE('',*,*,#2199,.F.);
#1711=ORIENTED_EDGE('',*,*,#2242,.T.);
#1712=ORIENTED_EDGE('',*,*,#2310,.F.);
#1713=ORIENTED_EDGE('',*,*,#2205,.F.);
#1714=ORIENTED_EDGE('',*,*,#2335,.T.);
#1715=ORIENTED_EDGE('',*,*,#2336,.T.);
#1716=ORIENTED_EDGE('',*,*,#2262,.F.);
#1717=ORIENTED_EDGE('',*,*,#2311,.F.);
#1718=ORIENTED_EDGE('',*,*,#2240,.F.);
#1719=ORIENTED_EDGE('',*,*,#2252,.F.);
#1720=ORIENTED_EDGE('',*,*,#2337,.T.);
#1721=ORIENTED_EDGE('',*,*,#2338,.T.);
#1722=ORIENTED_EDGE('',*,*,#2191,.F.);
#1723=ORIENTED_EDGE('',*,*,#2230,.T.);
#1724=ORIENTED_EDGE('',*,*,#2318,.F.);
#1725=ORIENTED_EDGE('',*,*,#2197,.F.);
#1726=ORIENTED_EDGE('',*,*,#2339,.T.);
#1727=ORIENTED_EDGE('',*,*,#2340,.T.);
#1728=ORIENTED_EDGE('',*,*,#2254,.F.);
#1729=ORIENTED_EDGE('',*,*,#2319,.F.);
#1730=ORIENTED_EDGE('',*,*,#2243,.F.);
#1731=ORIENTED_EDGE('',*,*,#2247,.T.);
#1732=ORIENTED_EDGE('',*,*,#2324,.F.);
#1733=ORIENTED_EDGE('',*,*,#2341,.F.);
#1734=ORIENTED_EDGE('',*,*,#2188,.F.);
#1735=ORIENTED_EDGE('',*,*,#2173,.F.);
#1736=ORIENTED_EDGE('',*,*,#2341,.T.);
#1737=ORIENTED_EDGE('',*,*,#2323,.F.);
#1738=ORIENTED_EDGE('',*,*,#2221,.F.);
#1739=ORIENTED_EDGE('',*,*,#2322,.F.);
#1740=ORIENTED_EDGE('',*,*,#2342,.F.);
#1741=ORIENTED_EDGE('',*,*,#2181,.F.);
#1742=ORIENTED_EDGE('',*,*,#2321,.F.);
#1743=ORIENTED_EDGE('',*,*,#2283,.F.);
#1744=ORIENTED_EDGE('',*,*,#2342,.T.);
#1745=ORIENTED_EDGE('',*,*,#2255,.T.);
#1746=ORIENTED_EDGE('',*,*,#2340,.F.);
#1747=ORIENTED_EDGE('',*,*,#2343,.F.);
#1748=ORIENTED_EDGE('',*,*,#2196,.F.);
#1749=ORIENTED_EDGE('',*,*,#2161,.F.);
#1750=ORIENTED_EDGE('',*,*,#2343,.T.);
#1751=ORIENTED_EDGE('',*,*,#2339,.F.);
#1752=ORIENTED_EDGE('',*,*,#2192,.F.);
#1753=ORIENTED_EDGE('',*,*,#2338,.F.);
#1754=ORIENTED_EDGE('',*,*,#2344,.F.);
#1755=ORIENTED_EDGE('',*,*,#2149,.F.);
#1756=ORIENTED_EDGE('',*,*,#2337,.F.);
#1757=ORIENTED_EDGE('',*,*,#2251,.F.);
#1758=ORIENTED_EDGE('',*,*,#2344,.T.);
#1759=ORIENTED_EDGE('',*,*,#2263,.T.);
#1760=ORIENTED_EDGE('',*,*,#2336,.F.);
#1761=ORIENTED_EDGE('',*,*,#2345,.F.);
#1762=ORIENTED_EDGE('',*,*,#2204,.F.);
#1763=ORIENTED_EDGE('',*,*,#2157,.F.);
#1764=ORIENTED_EDGE('',*,*,#2345,.T.);
#1765=ORIENTED_EDGE('',*,*,#2335,.F.);
#1766=ORIENTED_EDGE('',*,*,#2200,.F.);
#1767=ORIENTED_EDGE('',*,*,#2334,.F.);
#1768=ORIENTED_EDGE('',*,*,#2346,.F.);
#1769=ORIENTED_EDGE('',*,*,#2153,.F.);
#1770=ORIENTED_EDGE('',*,*,#2333,.F.);
#1771=ORIENTED_EDGE('',*,*,#2259,.F.);
#1772=ORIENTED_EDGE('',*,*,#2346,.T.);
#1773=ORIENTED_EDGE('',*,*,#2271,.T.);
#1774=ORIENTED_EDGE('',*,*,#2332,.F.);
#1775=ORIENTED_EDGE('',*,*,#2347,.F.);
#1776=ORIENTED_EDGE('',*,*,#2212,.F.);
#1777=ORIENTED_EDGE('',*,*,#2169,.F.);
#1778=ORIENTED_EDGE('',*,*,#2347,.T.);
#1779=ORIENTED_EDGE('',*,*,#2331,.F.);
#1780=ORIENTED_EDGE('',*,*,#2208,.F.);
#1781=ORIENTED_EDGE('',*,*,#2330,.F.);
#1782=ORIENTED_EDGE('',*,*,#2348,.F.);
#1783=ORIENTED_EDGE('',*,*,#2165,.F.);
#1784=ORIENTED_EDGE('',*,*,#2329,.F.);
#1785=ORIENTED_EDGE('',*,*,#2267,.F.);
#1786=ORIENTED_EDGE('',*,*,#2348,.T.);
#1787=ORIENTED_EDGE('',*,*,#2279,.T.);
#1788=ORIENTED_EDGE('',*,*,#2328,.F.);
#1789=ORIENTED_EDGE('',*,*,#2349,.F.);
#1790=ORIENTED_EDGE('',*,*,#2225,.F.);
#1791=ORIENTED_EDGE('',*,*,#2185,.F.);
#1792=ORIENTED_EDGE('',*,*,#2349,.T.);
#1793=ORIENTED_EDGE('',*,*,#2327,.F.);
#1794=ORIENTED_EDGE('',*,*,#2216,.F.);
#1795=ORIENTED_EDGE('',*,*,#2326,.F.);
#1796=ORIENTED_EDGE('',*,*,#2350,.F.);
#1797=ORIENTED_EDGE('',*,*,#2177,.F.);
#1798=ORIENTED_EDGE('',*,*,#2325,.F.);
#1799=ORIENTED_EDGE('',*,*,#2275,.F.);
#1800=ORIENTED_EDGE('',*,*,#2350,.T.);
#1801=VERTEX_POINT('',#3244);
#1802=VERTEX_POINT('',#3246);
#1803=VERTEX_POINT('',#3251);
#1804=VERTEX_POINT('',#3252);
#1805=VERTEX_POINT('',#3254);
#1806=VERTEX_POINT('',#3256);
#1807=VERTEX_POINT('',#3258);
#1808=VERTEX_POINT('',#3260);
#1809=VERTEX_POINT('',#3262);
#1810=VERTEX_POINT('',#3264);
#1811=VERTEX_POINT('',#3266);
#1812=VERTEX_POINT('',#3268);
#1813=VERTEX_POINT('',#3270);
#1814=VERTEX_POINT('',#3272);
#1815=VERTEX_POINT('',#3274);
#1816=VERTEX_POINT('',#3276);
#1817=VERTEX_POINT('',#3278);
#1818=VERTEX_POINT('',#3280);
#1819=VERTEX_POINT('',#3282);
#1820=VERTEX_POINT('',#3284);
#1821=VERTEX_POINT('',#3286);
#1822=VERTEX_POINT('',#3288);
#1823=VERTEX_POINT('',#3292);
#1824=VERTEX_POINT('',#3293);
#1825=VERTEX_POINT('',#3295);
#1826=VERTEX_POINT('',#3297);
#1827=VERTEX_POINT('',#3299);
#1828=VERTEX_POINT('',#3301);
#1829=VERTEX_POINT('',#3303);
#1830=VERTEX_POINT('',#3305);
#1831=VERTEX_POINT('',#3307);
#1832=VERTEX_POINT('',#3309);
#1833=VERTEX_POINT('',#3311);
#1834=VERTEX_POINT('',#3313);
#1835=VERTEX_POINT('',#3315);
#1836=VERTEX_POINT('',#3317);
#1837=VERTEX_POINT('',#3319);
#1838=VERTEX_POINT('',#3321);
#1839=VERTEX_POINT('',#3323);
#1840=VERTEX_POINT('',#3325);
#1841=VERTEX_POINT('',#3327);
#1842=VERTEX_POINT('',#3329);
#1843=VERTEX_POINT('',#3478);
#1844=VERTEX_POINT('',#3480);
#1845=VERTEX_POINT('',#3485);
#1846=VERTEX_POINT('',#3486);
#1847=VERTEX_POINT('',#3488);
#1848=VERTEX_POINT('',#3490);
#1849=VERTEX_POINT('',#3492);
#1850=VERTEX_POINT('',#3494);
#1851=VERTEX_POINT('',#3496);
#1852=VERTEX_POINT('',#3498);
#1853=VERTEX_POINT('',#3500);
#1854=VERTEX_POINT('',#3502);
#1855=VERTEX_POINT('',#3504);
#1856=VERTEX_POINT('',#3506);
#1857=VERTEX_POINT('',#3508);
#1858=VERTEX_POINT('',#3510);
#1859=VERTEX_POINT('',#3512);
#1860=VERTEX_POINT('',#3514);
#1861=VERTEX_POINT('',#3516);
#1862=VERTEX_POINT('',#3518);
#1863=VERTEX_POINT('',#3520);
#1864=VERTEX_POINT('',#3522);
#1865=VERTEX_POINT('',#3526);
#1866=VERTEX_POINT('',#3527);
#1867=VERTEX_POINT('',#3529);
#1868=VERTEX_POINT('',#3531);
#1869=VERTEX_POINT('',#3533);
#1870=VERTEX_POINT('',#3535);
#1871=VERTEX_POINT('',#3537);
#1872=VERTEX_POINT('',#3539);
#1873=VERTEX_POINT('',#3541);
#1874=VERTEX_POINT('',#3543);
#1875=VERTEX_POINT('',#3545);
#1876=VERTEX_POINT('',#3547);
#1877=VERTEX_POINT('',#3549);
#1878=VERTEX_POINT('',#3551);
#1879=VERTEX_POINT('',#3553);
#1880=VERTEX_POINT('',#3555);
#1881=VERTEX_POINT('',#3557);
#1882=VERTEX_POINT('',#3559);
#1883=VERTEX_POINT('',#3561);
#1884=VERTEX_POINT('',#3563);
#1885=VERTEX_POINT('',#3712);
#1886=VERTEX_POINT('',#3714);
#1887=VERTEX_POINT('',#3717);
#1888=VERTEX_POINT('',#3732);
#1889=VERTEX_POINT('',#3733);
#1890=VERTEX_POINT('',#3735);
#1891=VERTEX_POINT('',#3742);
#1892=VERTEX_POINT('',#3749);
#1893=VERTEX_POINT('',#3750);
#1894=VERTEX_POINT('',#3752);
#1895=VERTEX_POINT('',#3759);
#1896=VERTEX_POINT('',#3768);
#1897=VERTEX_POINT('',#3769);
#1898=VERTEX_POINT('',#3771);
#1899=VERTEX_POINT('',#3778);
#1900=VERTEX_POINT('',#3787);
#1901=VERTEX_POINT('',#3788);
#1902=VERTEX_POINT('',#3790);
#1903=VERTEX_POINT('',#3797);
#1904=VERTEX_POINT('',#3806);
#1905=VERTEX_POINT('',#3807);
#1906=VERTEX_POINT('',#3809);
#1907=VERTEX_POINT('',#3816);
#1908=VERTEX_POINT('',#3825);
#1909=VERTEX_POINT('',#3826);
#1910=VERTEX_POINT('',#3828);
#1911=VERTEX_POINT('',#3835);
#1912=VERTEX_POINT('',#3844);
#1913=VERTEX_POINT('',#3845);
#1914=VERTEX_POINT('',#3847);
#1915=VERTEX_POINT('',#3854);
#1916=VERTEX_POINT('',#3863);
#1917=VERTEX_POINT('',#3864);
#1918=VERTEX_POINT('',#3866);
#1919=VERTEX_POINT('',#3873);
#1920=VERTEX_POINT('',#3882);
#1921=VERTEX_POINT('',#3883);
#1922=VERTEX_POINT('',#3885);
#1923=VERTEX_POINT('',#3892);
#1924=VERTEX_POINT('',#3901);
#1925=VERTEX_POINT('',#3902);
#1926=VERTEX_POINT('',#3904);
#1927=VERTEX_POINT('',#3909);
#1928=VERTEX_POINT('',#3916);
#1929=VERTEX_POINT('',#3927);
#1930=VERTEX_POINT('',#3934);
#1931=VERTEX_POINT('',#3948);
#1932=VERTEX_POINT('',#3957);
#1933=VERTEX_POINT('',#3962);
#1934=VERTEX_POINT('',#3999);
#1935=VERTEX_POINT('',#4010);
#1936=VERTEX_POINT('',#4017);
#1937=VERTEX_POINT('',#4031);
#1938=VERTEX_POINT('',#4040);
#1939=VERTEX_POINT('',#4045);
#1940=VERTEX_POINT('',#4082);
#1941=VERTEX_POINT('',#4093);
#1942=VERTEX_POINT('',#4100);
#1943=VERTEX_POINT('',#4114);
#1944=VERTEX_POINT('',#4123);
#1945=VERTEX_POINT('',#4128);
#1946=VERTEX_POINT('',#4165);
#1947=VERTEX_POINT('',#4176);
#1948=VERTEX_POINT('',#4183);
#1949=VERTEX_POINT('',#4197);
#1950=VERTEX_POINT('',#4206);
#1951=VERTEX_POINT('',#4211);
#1952=VERTEX_POINT('',#4257);
#1953=VERTEX_POINT('',#4258);
#1954=VERTEX_POINT('',#4267);
#1955=VERTEX_POINT('',#4272);
#1956=VERTEX_POINT('',#4281);
#1957=VERTEX_POINT('',#4292);
#1958=VERTEX_POINT('',#4328);
#1959=VERTEX_POINT('',#4330);
#1960=VERTEX_POINT('',#4331);
#1961=VERTEX_POINT('',#4334);
#1962=VERTEX_POINT('',#4336);
#1963=VERTEX_POINT('',#4339);
#1964=VERTEX_POINT('',#4341);
#1965=VERTEX_POINT('',#4344);
#1966=VERTEX_POINT('',#4346);
#1967=VERTEX_POINT('',#4349);
#1968=VERTEX_POINT('',#4351);
#1969=VERTEX_POINT('',#4356);
#1970=VERTEX_POINT('',#4359);
#1971=VERTEX_POINT('',#4360);
#1972=VERTEX_POINT('',#4362);
#1973=VERTEX_POINT('',#4370);
#1974=VERTEX_POINT('',#4372);
#1975=VERTEX_POINT('',#4378);
#1976=VERTEX_POINT('',#4382);
#1977=VERTEX_POINT('',#4383);
#1978=VERTEX_POINT('',#4385);
#1979=VERTEX_POINT('',#4393);
#1980=VERTEX_POINT('',#4395);
#1981=VERTEX_POINT('',#4403);
#1982=VERTEX_POINT('',#4407);
#1983=VERTEX_POINT('',#4408);
#1984=VERTEX_POINT('',#4410);
#1985=VERTEX_POINT('',#4418);
#1986=VERTEX_POINT('',#4420);
#1987=VERTEX_POINT('',#4428);
#1988=VERTEX_POINT('',#4432);
#1989=VERTEX_POINT('',#4433);
#1990=VERTEX_POINT('',#4435);
#1991=VERTEX_POINT('',#4441);
#1992=VERTEX_POINT('',#4443);
#1993=VERTEX_POINT('',#4451);
#1994=VERTEX_POINT('',#4455);
#1995=VERTEX_POINT('',#4456);
#1996=VERTEX_POINT('',#4458);
#1997=VERTEX_POINT('',#4466);
#1998=VERTEX_POINT('',#4468);
#1999=VERTEX_POINT('',#4476);
#2000=VERTEX_POINT('',#4480);
#2001=VERTEX_POINT('',#4484);
#2002=VERTEX_POINT('',#4490);
#2003=VERTEX_POINT('',#4494);
#2004=VERTEX_POINT('',#4500);
#2005=VERTEX_POINT('',#4504);
#2006=VERTEX_POINT('',#4510);
#2007=VERTEX_POINT('',#4514);
#2008=VERTEX_POINT('',#4520);
#2009=VERTEX_POINT('',#4524);
#2010=VERTEX_POINT('',#4545);
#2011=VERTEX_POINT('',#4558);
#2012=VERTEX_POINT('',#4562);
#2013=VERTEX_POINT('',#4584);
#2014=VERTEX_POINT('',#4588);
#2015=VERTEX_POINT('',#4610);
#2016=VERTEX_POINT('',#4614);
#2017=VERTEX_POINT('',#4636);
#2018=VERTEX_POINT('',#4640);
#2019=VERTEX_POINT('',#4662);
#2020=VERTEX_POINT('',#4666);
#2021=EDGE_CURVE('',#1801,#1801,#2351,.T.);
#2022=EDGE_CURVE('',#1802,#1802,#2352,.T.);
#2023=EDGE_CURVE('',#1803,#1804,#2353,.T.);
#2024=EDGE_CURVE('',#1803,#1805,#236,.T.);
#2025=EDGE_CURVE('',#1806,#1805,#2354,.T.);
#2026=EDGE_CURVE('',#1807,#1806,#2355,.T.);
#2027=EDGE_CURVE('',#1808,#1807,#237,.T.);
#2028=EDGE_CURVE('',#1809,#1808,#2356,.T.);
#2029=EDGE_CURVE('',#1810,#1809,#238,.T.);
#2030=EDGE_CURVE('',#1810,#1811,#239,.T.);
#2031=EDGE_CURVE('',#1812,#1811,#240,.T.);
#2032=EDGE_CURVE('',#1813,#1812,#241,.T.);
#2033=EDGE_CURVE('',#1814,#1813,#2357,.T.);
#2034=EDGE_CURVE('',#1815,#1814,#2358,.T.);
#2035=EDGE_CURVE('',#1815,#1816,#242,.T.);
#2036=EDGE_CURVE('',#1816,#1817,#243,.T.);
#2037=EDGE_CURVE('',#1818,#1817,#2359,.T.);
#2038=EDGE_CURVE('',#1818,#1819,#244,.T.);
#2039=EDGE_CURVE('',#1819,#1820,#245,.T.);
#2040=EDGE_CURVE('',#1821,#1820,#2360,.T.);
#2041=EDGE_CURVE('',#1821,#1822,#246,.T.);
#2042=EDGE_CURVE('',#1804,#1822,#247,.T.);
#2043=EDGE_CURVE('',#1823,#1824,#2361,.T.);
#2044=EDGE_CURVE('',#1823,#1825,#248,.T.);
#2045=EDGE_CURVE('',#1826,#1825,#2362,.T.);
#2046=EDGE_CURVE('',#1827,#1826,#249,.T.);
#2047=EDGE_CURVE('',#1827,#1828,#250,.T.);
#2048=EDGE_CURVE('',#1829,#1828,#2363,.T.);
#2049=EDGE_CURVE('',#1829,#1830,#251,.T.);
#2050=EDGE_CURVE('',#1830,#1831,#252,.T.);
#2051=EDGE_CURVE('',#1832,#1831,#2364,.T.);
#2052=EDGE_CURVE('',#1832,#1833,#253,.T.);
#2053=EDGE_CURVE('',#1833,#1834,#254,.T.);
#2054=EDGE_CURVE('',#1835,#1834,#2365,.T.);
#2055=EDGE_CURVE('',#1836,#1835,#2366,.T.);
#2056=EDGE_CURVE('',#1837,#1836,#255,.T.);
#2057=EDGE_CURVE('',#1838,#1837,#256,.T.);
#2058=EDGE_CURVE('',#1838,#1839,#257,.T.);
#2059=EDGE_CURVE('',#1840,#1839,#258,.T.);
#2060=EDGE_CURVE('',#1841,#1840,#2367,.T.);
#2061=EDGE_CURVE('',#1842,#1841,#259,.T.);
#2062=EDGE_CURVE('',#1824,#1842,#2368,.T.);
#2063=EDGE_CURVE('',#1825,#1803,#2369,.T.);
#2064=EDGE_CURVE('',#1826,#1804,#2370,.T.);
#2065=EDGE_CURVE('',#1805,#1823,#2371,.T.);
#2066=EDGE_CURVE('',#1824,#1806,#2372,.T.);
#2067=EDGE_CURVE('',#1834,#1815,#2373,.T.);
#2068=EDGE_CURVE('',#1835,#1814,#2374,.T.);
#2069=EDGE_CURVE('',#1831,#1818,#2375,.T.);
#2070=EDGE_CURVE('',#1832,#1817,#2376,.T.);
#2071=EDGE_CURVE('',#1828,#1821,#2377,.T.);
#2072=EDGE_CURVE('',#1829,#1820,#2378,.T.);
#2073=EDGE_CURVE('',#1827,#1822,#2379,.T.);
#2074=EDGE_CURVE('',#1842,#1807,#2380,.T.);
#2075=EDGE_CURVE('',#1841,#1808,#2381,.T.);
#2076=EDGE_CURVE('',#1840,#1809,#2382,.T.);
#2077=EDGE_CURVE('',#1839,#1810,#2383,.T.);
#2078=EDGE_CURVE('',#1837,#1812,#2384,.T.);
#2079=EDGE_CURVE('',#1836,#1813,#2385,.T.);
#2080=EDGE_CURVE('',#1811,#1838,#2386,.T.);
#2081=EDGE_CURVE('',#1816,#1833,#2387,.T.);
#2082=EDGE_CURVE('',#1819,#1830,#2388,.T.);
#2083=EDGE_CURVE('',#1843,#1843,#2389,.T.);
#2084=EDGE_CURVE('',#1844,#1844,#2390,.T.);
#2085=EDGE_CURVE('',#1845,#1846,#2391,.T.);
#2086=EDGE_CURVE('',#1845,#1847,#260,.T.);
#2087=EDGE_CURVE('',#1848,#1847,#2392,.T.);
#2088=EDGE_CURVE('',#1849,#1848,#2393,.T.);
#2089=EDGE_CURVE('',#1850,#1849,#261,.T.);
#2090=EDGE_CURVE('',#1851,#1850,#2394,.T.);
#2091=EDGE_CURVE('',#1852,#1851,#262,.T.);
#2092=EDGE_CURVE('',#1852,#1853,#263,.T.);
#2093=EDGE_CURVE('',#1854,#1853,#264,.T.);
#2094=EDGE_CURVE('',#1855,#1854,#265,.T.);
#2095=EDGE_CURVE('',#1856,#1855,#2395,.T.);
#2096=EDGE_CURVE('',#1857,#1856,#2396,.T.);
#2097=EDGE_CURVE('',#1857,#1858,#266,.T.);
#2098=EDGE_CURVE('',#1858,#1859,#267,.T.);
#2099=EDGE_CURVE('',#1860,#1859,#2397,.T.);
#2100=EDGE_CURVE('',#1860,#1861,#268,.T.);
#2101=EDGE_CURVE('',#1861,#1862,#269,.T.);
#2102=EDGE_CURVE('',#1863,#1862,#2398,.T.);
#2103=EDGE_CURVE('',#1863,#1864,#270,.T.);
#2104=EDGE_CURVE('',#1846,#1864,#271,.T.);
#2105=EDGE_CURVE('',#1865,#1866,#2399,.T.);
#2106=EDGE_CURVE('',#1865,#1867,#272,.T.);
#2107=EDGE_CURVE('',#1868,#1867,#2400,.T.);
#2108=EDGE_CURVE('',#1869,#1868,#273,.T.);
#2109=EDGE_CURVE('',#1869,#1870,#274,.T.);
#2110=EDGE_CURVE('',#1871,#1870,#2401,.T.);
#2111=EDGE_CURVE('',#1871,#1872,#275,.T.);
#2112=EDGE_CURVE('',#1872,#1873,#276,.T.);
#2113=EDGE_CURVE('',#1874,#1873,#2402,.T.);
#2114=EDGE_CURVE('',#1874,#1875,#277,.T.);
#2115=EDGE_CURVE('',#1875,#1876,#278,.T.);
#2116=EDGE_CURVE('',#1877,#1876,#2403,.T.);
#2117=EDGE_CURVE('',#1878,#1877,#2404,.T.);
#2118=EDGE_CURVE('',#1879,#1878,#279,.T.);
#2119=EDGE_CURVE('',#1880,#1879,#280,.T.);
#2120=EDGE_CURVE('',#1880,#1881,#281,.T.);
#2121=EDGE_CURVE('',#1882,#1881,#282,.T.);
#2122=EDGE_CURVE('',#1883,#1882,#2405,.T.);
#2123=EDGE_CURVE('',#1884,#1883,#283,.T.);
#2124=EDGE_CURVE('',#1866,#1884,#2406,.T.);
#2125=EDGE_CURVE('',#1867,#1845,#2407,.T.);
#2126=EDGE_CURVE('',#1868,#1846,#2408,.T.);
#2127=EDGE_CURVE('',#1847,#1865,#2409,.T.);
#2128=EDGE_CURVE('',#1866,#1848,#2410,.T.);
#2129=EDGE_CURVE('',#1876,#1857,#2411,.T.);
#2130=EDGE_CURVE('',#1877,#1856,#2412,.T.);
#2131=EDGE_CURVE('',#1873,#1860,#2413,.T.);
#2132=EDGE_CURVE('',#1874,#1859,#2414,.T.);
#2133=EDGE_CURVE('',#1870,#1863,#2415,.T.);
#2134=EDGE_CURVE('',#1871,#1862,#2416,.T.);
#2135=EDGE_CURVE('',#1869,#1864,#2417,.T.);
#2136=EDGE_CURVE('',#1884,#1849,#2418,.T.);
#2137=EDGE_CURVE('',#1883,#1850,#2419,.T.);
#2138=EDGE_CURVE('',#1882,#1851,#2420,.T.);
#2139=EDGE_CURVE('',#1881,#1852,#2421,.T.);
#2140=EDGE_CURVE('',#1879,#1854,#2422,.T.);
#2141=EDGE_CURVE('',#1878,#1855,#2423,.T.);
#2142=EDGE_CURVE('',#1853,#1880,#2424,.T.);
#2143=EDGE_CURVE('',#1858,#1875,#2425,.T.);
#2144=EDGE_CURVE('',#1861,#1872,#2426,.T.);
#2145=EDGE_CURVE('',#1885,#1885,#2427,.T.);
#2146=EDGE_CURVE('',#1886,#1886,#2428,.T.);
#2147=EDGE_CURVE('',#1887,#1887,#2429,.T.);
#2148=EDGE_CURVE('',#1888,#1889,#51,.T.);
#2149=EDGE_CURVE('',#1888,#1890,#28,.T.);
#2150=EDGE_CURVE('',#1891,#1890,#52,.T.);
#2151=EDGE_CURVE('',#1891,#1889,#284,.T.);
#2152=EDGE_CURVE('',#1892,#1893,#53,.T.);
#2153=EDGE_CURVE('',#1892,#1894,#29,.T.);
#2154=EDGE_CURVE('',#1895,#1894,#54,.T.);
#2155=EDGE_CURVE('',#1895,#1893,#285,.T.);
#2156=EDGE_CURVE('',#1896,#1897,#55,.T.);
#2157=EDGE_CURVE('',#1897,#1898,#30,.T.);
#2158=EDGE_CURVE('',#1899,#1898,#56,.T.);
#2159=EDGE_CURVE('',#1896,#1899,#286,.T.);
#2160=EDGE_CURVE('',#1900,#1901,#57,.T.);
#2161=EDGE_CURVE('',#1901,#1902,#31,.T.);
#2162=EDGE_CURVE('',#1903,#1902,#58,.T.);
#2163=EDGE_CURVE('',#1900,#1903,#287,.T.);
#2164=EDGE_CURVE('',#1904,#1905,#59,.T.);
#2165=EDGE_CURVE('',#1904,#1906,#32,.T.);
#2166=EDGE_CURVE('',#1907,#1906,#60,.T.);
#2167=EDGE_CURVE('',#1907,#1905,#288,.T.);
#2168=EDGE_CURVE('',#1908,#1909,#61,.T.);
#2169=EDGE_CURVE('',#1909,#1910,#33,.T.);
#2170=EDGE_CURVE('',#1911,#1910,#62,.T.);
#2171=EDGE_CURVE('',#1908,#1911,#289,.T.);
#2172=EDGE_CURVE('',#1912,#1913,#63,.T.);
#2173=EDGE_CURVE('',#1913,#1914,#34,.T.);
#2174=EDGE_CURVE('',#1915,#1914,#64,.T.);
#2175=EDGE_CURVE('',#1912,#1915,#290,.T.);
#2176=EDGE_CURVE('',#1916,#1917,#65,.T.);
#2177=EDGE_CURVE('',#1916,#1918,#35,.T.);
#2178=EDGE_CURVE('',#1919,#1918,#66,.T.);
#2179=EDGE_CURVE('',#1919,#1917,#291,.T.);
#2180=EDGE_CURVE('',#1920,#1921,#67,.T.);
#2181=EDGE_CURVE('',#1920,#1922,#36,.T.);
#2182=EDGE_CURVE('',#1923,#1922,#68,.T.);
#2183=EDGE_CURVE('',#1923,#1921,#292,.T.);
#2184=EDGE_CURVE('',#1924,#1925,#69,.T.);
#2185=EDGE_CURVE('',#1925,#1926,#37,.T.);
#2186=EDGE_CURVE('',#1927,#1926,#70,.T.);
#2187=EDGE_CURVE('',#1924,#1927,#293,.T.);
#2188=EDGE_CURVE('',#1914,#1928,#71,.T.);
#2189=EDGE_CURVE('',#1928,#1929,#72,.T.);
#2190=EDGE_CURVE('',#1930,#1929,#73,.T.);
#2191=EDGE_CURVE('',#1930,#1931,#74,.T.);
#2192=EDGE_CURVE('',#1931,#1888,#75,.T.);
#2193=EDGE_CURVE('',#1889,#1932,#76,.T.);
#2194=EDGE_CURVE('',#1933,#1932,#77,.T.);
#2195=EDGE_CURVE('',#1933,#1915,#78,.T.);
#2196=EDGE_CURVE('',#1902,#1934,#79,.T.);
#2197=EDGE_CURVE('',#1934,#1935,#80,.T.);
#2198=EDGE_CURVE('',#1936,#1935,#81,.T.);
#2199=EDGE_CURVE('',#1936,#1937,#82,.T.);
#2200=EDGE_CURVE('',#1937,#1892,#83,.T.);
#2201=EDGE_CURVE('',#1893,#1938,#84,.T.);
#2202=EDGE_CURVE('',#1939,#1938,#85,.T.);
#2203=EDGE_CURVE('',#1939,#1903,#86,.T.);
#2204=EDGE_CURVE('',#1898,#1940,#87,.T.);
#2205=EDGE_CURVE('',#1940,#1941,#88,.T.);
#2206=EDGE_CURVE('',#1942,#1941,#89,.T.);
#2207=EDGE_CURVE('',#1942,#1943,#90,.T.);
#2208=EDGE_CURVE('',#1943,#1904,#91,.T.);
#2209=EDGE_CURVE('',#1905,#1944,#92,.T.);
#2210=EDGE_CURVE('',#1945,#1944,#93,.T.);
#2211=EDGE_CURVE('',#1945,#1899,#94,.T.);
#2212=EDGE_CURVE('',#1910,#1946,#95,.T.);
#2213=EDGE_CURVE('',#1946,#1947,#96,.T.);
#2214=EDGE_CURVE('',#1948,#1947,#97,.T.);
#2215=EDGE_CURVE('',#1948,#1949,#98,.T.);
#2216=EDGE_CURVE('',#1949,#1916,#99,.T.);
#2217=EDGE_CURVE('',#1917,#1950,#100,.T.);
#2218=EDGE_CURVE('',#1951,#1950,#101,.T.);
#2219=EDGE_CURVE('',#1951,#1911,#102,.T.);
#2220=EDGE_CURVE('',#1952,#1953,#103,.T.);
#2221=EDGE_CURVE('',#1953,#1920,#104,.T.);
#2222=EDGE_CURVE('',#1921,#1954,#105,.T.);
#2223=EDGE_CURVE('',#1955,#1954,#106,.T.);
#2224=EDGE_CURVE('',#1955,#1927,#107,.T.);
#2225=EDGE_CURVE('',#1926,#1956,#108,.T.);
#2226=EDGE_CURVE('',#1956,#1957,#109,.T.);
#2227=EDGE_CURVE('',#1952,#1957,#110,.T.);
#2228=EDGE_CURVE('',#1958,#1958,#2430,.T.);
#2229=EDGE_CURVE('',#1959,#1960,#2431,.T.);
#2230=EDGE_CURVE('',#1930,#1960,#294,.T.);
#2231=EDGE_CURVE('',#1929,#1961,#295,.T.);
#2232=EDGE_CURVE('',#1961,#1962,#2432,.T.);
#2233=EDGE_CURVE('',#1952,#1962,#296,.T.);
#2234=EDGE_CURVE('',#1957,#1963,#297,.T.);
#2235=EDGE_CURVE('',#1963,#1964,#2433,.T.);
#2236=EDGE_CURVE('',#1948,#1964,#298,.T.);
#2237=EDGE_CURVE('',#1947,#1965,#299,.T.);
#2238=EDGE_CURVE('',#1965,#1966,#2434,.T.);
#2239=EDGE_CURVE('',#1942,#1966,#300,.T.);
#2240=EDGE_CURVE('',#1941,#1967,#301,.T.);
#2241=EDGE_CURVE('',#1967,#1968,#2435,.T.);
#2242=EDGE_CURVE('',#1936,#1968,#302,.T.);
#2243=EDGE_CURVE('',#1935,#1959,#303,.T.);
#2244=EDGE_CURVE('',#1969,#1969,#2436,.T.);
#2245=EDGE_CURVE('',#1970,#1971,#2437,.T.);
#2246=EDGE_CURVE('',#1970,#1972,#304,.T.);
#2247=EDGE_CURVE('',#1913,#1972,#111,.T.);
#2248=EDGE_CURVE('',#1912,#1973,#305,.T.);
#2249=EDGE_CURVE('',#1973,#1974,#2438,.T.);
#2250=EDGE_CURVE('',#1974,#1891,#306,.T.);
#2251=EDGE_CURVE('',#1890,#1975,#112,.T.);
#2252=EDGE_CURVE('',#1975,#1971,#307,.T.);
#2253=EDGE_CURVE('',#1976,#1977,#2439,.T.);
#2254=EDGE_CURVE('',#1976,#1978,#308,.T.);
#2255=EDGE_CURVE('',#1901,#1978,#113,.T.);
#2256=EDGE_CURVE('',#1900,#1979,#309,.T.);
#2257=EDGE_CURVE('',#1979,#1980,#2440,.T.);
#2258=EDGE_CURVE('',#1980,#1895,#310,.T.);
#2259=EDGE_CURVE('',#1894,#1981,#114,.T.);
#2260=EDGE_CURVE('',#1981,#1977,#311,.T.);
#2261=EDGE_CURVE('',#1982,#1983,#2441,.T.);
#2262=EDGE_CURVE('',#1982,#1984,#312,.T.);
#2263=EDGE_CURVE('',#1897,#1984,#115,.T.);
#2264=EDGE_CURVE('',#1896,#1985,#313,.T.);
#2265=EDGE_CURVE('',#1985,#1986,#2442,.T.);
#2266=EDGE_CURVE('',#1986,#1907,#314,.T.);
#2267=EDGE_CURVE('',#1906,#1987,#116,.T.);
#2268=EDGE_CURVE('',#1987,#1983,#315,.T.);
#2269=EDGE_CURVE('',#1988,#1989,#2443,.T.);
#2270=EDGE_CURVE('',#1988,#1990,#316,.T.);
#2271=EDGE_CURVE('',#1909,#1990,#117,.T.);
#2272=EDGE_CURVE('',#1908,#1991,#317,.T.);
#2273=EDGE_CURVE('',#1991,#1992,#2444,.T.);
#2274=EDGE_CURVE('',#1992,#1919,#318,.T.);
#2275=EDGE_CURVE('',#1918,#1993,#118,.T.);
#2276=EDGE_CURVE('',#1993,#1989,#319,.T.);
#2277=EDGE_CURVE('',#1994,#1995,#2445,.T.);
#2278=EDGE_CURVE('',#1994,#1996,#320,.T.);
#2279=EDGE_CURVE('',#1925,#1996,#119,.T.);
#2280=EDGE_CURVE('',#1924,#1997,#321,.T.);
#2281=EDGE_CURVE('',#1997,#1998,#2446,.T.);
#2282=EDGE_CURVE('',#1998,#1923,#322,.T.);
#2283=EDGE_CURVE('',#1922,#1999,#120,.T.);
#2284=EDGE_CURVE('',#1999,#1995,#323,.T.);
#2285=EDGE_CURVE('',#1954,#2000,#324,.T.);
#2286=EDGE_CURVE('',#1998,#2000,#325,.T.);
#2287=EDGE_CURVE('',#1997,#2001,#326,.T.);
#2288=EDGE_CURVE('',#2000,#2001,#2447,.T.);
#2289=EDGE_CURVE('',#2001,#1955,#327,.T.);
#2290=EDGE_CURVE('',#1932,#2002,#328,.T.);
#2291=EDGE_CURVE('',#1974,#2002,#329,.T.);
#2292=EDGE_CURVE('',#1973,#2003,#330,.T.);
#2293=EDGE_CURVE('',#2002,#2003,#2448,.T.);
#2294=EDGE_CURVE('',#2003,#1933,#331,.T.);
#2295=EDGE_CURVE('',#1938,#2004,#332,.T.);
#2296=EDGE_CURVE('',#1980,#2004,#333,.T.);
#2297=EDGE_CURVE('',#1979,#2005,#334,.T.);
#2298=EDGE_CURVE('',#2004,#2005,#2449,.T.);
#2299=EDGE_CURVE('',#2005,#1939,#335,.T.);
#2300=EDGE_CURVE('',#1944,#2006,#336,.T.);
#2301=EDGE_CURVE('',#1986,#2006,#337,.T.);
#2302=EDGE_CURVE('',#1985,#2007,#338,.T.);
#2303=EDGE_CURVE('',#2006,#2007,#2450,.T.);
#2304=EDGE_CURVE('',#2007,#1945,#339,.T.);
#2305=EDGE_CURVE('',#1950,#2008,#340,.T.);
#2306=EDGE_CURVE('',#1992,#2008,#341,.T.);
#2307=EDGE_CURVE('',#1991,#2009,#342,.T.);
#2308=EDGE_CURVE('',#2008,#2009,#2451,.T.);
#2309=EDGE_CURVE('',#2009,#1951,#343,.T.);
#2310=EDGE_CURVE('',#1977,#1968,#344,.T.);
#2311=EDGE_CURVE('',#1967,#1982,#345,.T.);
#2312=EDGE_CURVE('',#1983,#1966,#346,.T.);
#2313=EDGE_CURVE('',#1965,#1988,#347,.T.);
#2314=EDGE_CURVE('',#1989,#1964,#348,.T.);
#2315=EDGE_CURVE('',#1963,#1994,#349,.T.);
#2316=EDGE_CURVE('',#1995,#1962,#350,.T.);
#2317=EDGE_CURVE('',#1961,#1970,#351,.T.);
#2318=EDGE_CURVE('',#1971,#1960,#352,.T.);
#2319=EDGE_CURVE('',#1959,#1976,#353,.T.);
#2320=EDGE_CURVE('',#2010,#2010,#2452,.T.);
#2321=EDGE_CURVE('',#1999,#2011,#121,.T.);
#2322=EDGE_CURVE('',#2011,#1953,#38,.T.);
#2323=EDGE_CURVE('',#1928,#2012,#39,.T.);
#2324=EDGE_CURVE('',#2012,#1972,#122,.T.);
#2325=EDGE_CURVE('',#1993,#2013,#123,.T.);
#2326=EDGE_CURVE('',#2013,#1949,#40,.T.);
#2327=EDGE_CURVE('',#1956,#2014,#41,.T.);
#2328=EDGE_CURVE('',#2014,#1996,#124,.T.);
#2329=EDGE_CURVE('',#1987,#2015,#125,.T.);
#2330=EDGE_CURVE('',#2015,#1943,#42,.T.);
#2331=EDGE_CURVE('',#1946,#2016,#43,.T.);
#2332=EDGE_CURVE('',#2016,#1990,#126,.T.);
#2333=EDGE_CURVE('',#1981,#2017,#127,.T.);
#2334=EDGE_CURVE('',#2017,#1937,#44,.T.);
#2335=EDGE_CURVE('',#1940,#2018,#45,.T.);
#2336=EDGE_CURVE('',#2018,#1984,#128,.T.);
#2337=EDGE_CURVE('',#1975,#2019,#129,.T.);
#2338=EDGE_CURVE('',#2019,#1931,#46,.T.);
#2339=EDGE_CURVE('',#1934,#2020,#47,.T.);
#2340=EDGE_CURVE('',#2020,#1978,#130,.T.);
#2341=EDGE_CURVE('',#1913,#2012,#2453,.T.);
#2342=EDGE_CURVE('',#1922,#2011,#2454,.T.);
#2343=EDGE_CURVE('',#1901,#2020,#2455,.T.);
#2344=EDGE_CURVE('',#1890,#2019,#2456,.T.);
#2345=EDGE_CURVE('',#1897,#2018,#2457,.T.);
#2346=EDGE_CURVE('',#1894,#2017,#2458,.T.);
#2347=EDGE_CURVE('',#1909,#2016,#2459,.T.);
#2348=EDGE_CURVE('',#1906,#2015,#2460,.T.);
#2349=EDGE_CURVE('',#1925,#2014,#2461,.T.);
#2350=EDGE_CURVE('',#1918,#2013,#2462,.T.);
#2351=CIRCLE('',#2464,1.5);
#2352=CIRCLE('',#2465,1.5);
#2353=CIRCLE('',#2469,23.0633670147392);
#2354=CIRCLE('',#2470,25.8603087862362);
#2355=CIRCLE('',#2471,77.1131839499913);
#2356=CIRCLE('',#2472,2.5);
#2357=CIRCLE('',#2473,77.11318394999);
#2358=CIRCLE('',#2474,23.0633670147392);
#2359=CIRCLE('',#2475,23.0633670147392);
#2360=CIRCLE('',#2476,23.0633670147392);
#2361=CIRCLE('',#2478,25.8603087862362);
#2362=CIRCLE('',#2479,23.0633670147392);
#2363=CIRCLE('',#2480,23.0633670147392);
#2364=CIRCLE('',#2481,23.0633670147392);
#2365=CIRCLE('',#2482,23.0633670147392);
#2366=CIRCLE('',#2483,77.11318394999);
#2367=CIRCLE('',#2484,2.5);
#2368=CIRCLE('',#2485,77.1131839499913);
#2369=CIRCLE('',#2487,4.75);
#2370=CIRCLE('',#2488,5.04984193569704);
#2371=CIRCLE('',#2489,4.75);
#2372=CIRCLE('',#2490,17.);
#2373=CIRCLE('',#2491,13.0982202000044);
#2374=CIRCLE('',#2492,15.);
#2375=CIRCLE('',#2493,11.1777620827283);
#2376=CIRCLE('',#2494,12.4076702234397);
#2377=CIRCLE('',#2495,6.50096024900558);
#2378=CIRCLE('',#2496,9.97612712302337);
#2379=CIRCLE('',#2497,5.0084949118349);
#2380=CIRCLE('',#2499,19.5);
#2381=CIRCLE('',#2500,19.9149573381208);
#2382=CIRCLE('',#2502,18.0014762482299);
#2383=CIRCLE('',#2504,17.6147014604426);
#2384=CIRCLE('',#2506,17.5149968845363);
#2385=CIRCLE('',#2507,17.5);
#2386=CIRCLE('',#2509,17.6147014604425);
#2387=CIRCLE('',#2512,13.0064280515746);
#2388=CIRCLE('',#2515,10.8390950420164);
#2389=CIRCLE('',#2520,1.5);
#2390=CIRCLE('',#2521,1.5);
#2391=CIRCLE('',#2525,23.0633670147392);
#2392=CIRCLE('',#2526,25.8603087862362);
#2393=CIRCLE('',#2527,77.1131839499913);
#2394=CIRCLE('',#2528,2.5);
#2395=CIRCLE('',#2529,77.11318394999);
#2396=CIRCLE('',#2530,23.0633670147392);
#2397=CIRCLE('',#2531,23.0633670147392);
#2398=CIRCLE('',#2532,23.0633670147392);
#2399=CIRCLE('',#2534,25.8603087862362);
#2400=CIRCLE('',#2535,23.0633670147392);
#2401=CIRCLE('',#2536,23.0633670147392);
#2402=CIRCLE('',#2537,23.0633670147392);
#2403=CIRCLE('',#2538,23.0633670147392);
#2404=CIRCLE('',#2539,77.11318394999);
#2405=CIRCLE('',#2540,2.5);
#2406=CIRCLE('',#2541,77.1131839499913);
#2407=CIRCLE('',#2543,4.75);
#2408=CIRCLE('',#2544,5.04984193569704);
#2409=CIRCLE('',#2545,4.75);
#2410=CIRCLE('',#2546,17.);
#2411=CIRCLE('',#2547,13.0982202000044);
#2412=CIRCLE('',#2548,15.);
#2413=CIRCLE('',#2549,11.1777620827283);
#2414=CIRCLE('',#2550,12.4076702234397);
#2415=CIRCLE('',#2551,6.50096024900558);
#2416=CIRCLE('',#2552,9.97612712302337);
#2417=CIRCLE('',#2553,5.0084949118349);
#2418=CIRCLE('',#2555,19.5);
#2419=CIRCLE('',#2556,19.9149573381208);
#2420=CIRCLE('',#2558,18.0014762482299);
#2421=CIRCLE('',#2560,17.6147014604426);
#2422=CIRCLE('',#2562,17.5149968845363);
#2423=CIRCLE('',#2563,17.5);
#2424=CIRCLE('',#2565,17.6147014604425);
#2425=CIRCLE('',#2568,13.0064280515746);
#2426=CIRCLE('',#2571,10.8390950420164);
#2427=CIRCLE('',#2576,17.6809745675132);
#2428=CIRCLE('',#2577,17.6809745675132);
#2429=CIRCLE('',#2579,14.061556543306);
#2430=CIRCLE('',#2601,14.0616230225744);
#2431=CIRCLE('',#2602,14.0616230225744);
#2432=CIRCLE('',#2603,14.0616230225744);
#2433=CIRCLE('',#2604,14.0616230225744);
#2434=CIRCLE('',#2605,14.0616230225744);
#2435=CIRCLE('',#2606,14.0616230225744);
#2436=CIRCLE('',#2608,17.6809745675374);
#2437=CIRCLE('',#2610,16.680930133957);
#2438=CIRCLE('',#2611,16.680930133957);
#2439=CIRCLE('',#2613,16.680930133957);
#2440=CIRCLE('',#2614,16.680930133957);
#2441=CIRCLE('',#2616,16.680930133957);
#2442=CIRCLE('',#2617,16.680930133957);
#2443=CIRCLE('',#2619,16.680930133957);
#2444=CIRCLE('',#2620,16.680930133957);
#2445=CIRCLE('',#2622,16.680930133957);
#2446=CIRCLE('',#2623,16.680930133957);
#2447=CIRCLE('',#2626,14.6852916783546);
#2448=CIRCLE('',#2630,14.6852916783546);
#2449=CIRCLE('',#2634,14.6852916783546);
#2450=CIRCLE('',#2638,14.6852916783546);
#2451=CIRCLE('',#2642,14.6852916783546);
#2452=CIRCLE('',#2650,17.6809745675374);
#2453=CIRCLE('',#2673,5.);
#2454=CIRCLE('',#2674,5.);
#2455=CIRCLE('',#2675,5.);
#2456=CIRCLE('',#2676,5.);
#2457=CIRCLE('',#2677,5.);
#2458=CIRCLE('',#2678,5.);
#2459=CIRCLE('',#2679,5.);
#2460=CIRCLE('',#2680,5.);
#2461=CIRCLE('',#2681,5.);
#2462=CIRCLE('',#2682,5.);
#2463=AXIS2_PLACEMENT_3D('',#3242,#2683,#2684);
#2464=AXIS2_PLACEMENT_3D('',#3243,#2685,#2686);
#2465=AXIS2_PLACEMENT_3D('',#3245,#2687,#2688);
#2466=AXIS2_PLACEMENT_3D('',#3247,#2689,#2690);
#2467=AXIS2_PLACEMENT_3D('',#3248,#2691,#2692);
#2468=AXIS2_PLACEMENT_3D('',#3249,#2693,#2694);
#2469=AXIS2_PLACEMENT_3D('',#3250,#2695,#2696);
#2470=AXIS2_PLACEMENT_3D('',#3255,#2698,#2699);
#2471=AXIS2_PLACEMENT_3D('',#3257,#2700,#2701);
#2472=AXIS2_PLACEMENT_3D('',#3261,#2703,#2704);
#2473=AXIS2_PLACEMENT_3D('',#3271,#2709,#2710);
#2474=AXIS2_PLACEMENT_3D('',#3273,#2711,#2712);
#2475=AXIS2_PLACEMENT_3D('',#3279,#2715,#2716);
#2476=AXIS2_PLACEMENT_3D('',#3285,#2719,#2720);
#2477=AXIS2_PLACEMENT_3D('',#3290,#2723,#2724);
#2478=AXIS2_PLACEMENT_3D('',#3291,#2725,#2726);
#2479=AXIS2_PLACEMENT_3D('',#3296,#2728,#2729);
#2480=AXIS2_PLACEMENT_3D('',#3302,#2732,#2733);
#2481=AXIS2_PLACEMENT_3D('',#3308,#2736,#2737);
#2482=AXIS2_PLACEMENT_3D('',#3314,#2740,#2741);
#2483=AXIS2_PLACEMENT_3D('',#3316,#2742,#2743);
#2484=AXIS2_PLACEMENT_3D('',#3326,#2748,#2749);
#2485=AXIS2_PLACEMENT_3D('',#3330,#2751,#2752);
#2486=AXIS2_PLACEMENT_3D('',#3331,#2753,#2754);
#2487=AXIS2_PLACEMENT_3D('',#3332,#2755,#2756);
#2488=AXIS2_PLACEMENT_3D('',#3333,#2757,#2758);
#2489=AXIS2_PLACEMENT_3D('',#3350,#2759,#2760);
#2490=AXIS2_PLACEMENT_3D('',#3351,#2761,#2762);
#2491=AXIS2_PLACEMENT_3D('',#3368,#2763,#2764);
#2492=AXIS2_PLACEMENT_3D('',#3369,#2765,#2766);
#2493=AXIS2_PLACEMENT_3D('',#3386,#2767,#2768);
#2494=AXIS2_PLACEMENT_3D('',#3387,#2769,#2770);
#2495=AXIS2_PLACEMENT_3D('',#3404,#2771,#2772);
#2496=AXIS2_PLACEMENT_3D('',#3405,#2773,#2774);
#2497=AXIS2_PLACEMENT_3D('',#3422,#2775,#2776);
#2498=AXIS2_PLACEMENT_3D('',#3423,#2777,#2778);
#2499=AXIS2_PLACEMENT_3D('',#3424,#2779,#2780);
#2500=AXIS2_PLACEMENT_3D('',#3441,#2781,#2782);
#2501=AXIS2_PLACEMENT_3D('',#3442,#2783,#2784);
#2502=AXIS2_PLACEMENT_3D('',#3443,#2785,#2786);
#2503=AXIS2_PLACEMENT_3D('',#3444,#2787,#2788);
#2504=AXIS2_PLACEMENT_3D('',#3445,#2789,#2790);
#2505=AXIS2_PLACEMENT_3D('',#3446,#2791,#2792);
#2506=AXIS2_PLACEMENT_3D('',#3447,#2793,#2794);
#2507=AXIS2_PLACEMENT_3D('',#3448,#2795,#2796);
#2508=AXIS2_PLACEMENT_3D('',#3449,#2797,#2798);
#2509=AXIS2_PLACEMENT_3D('',#3466,#2799,#2800);
#2510=AXIS2_PLACEMENT_3D('',#3467,#2801,#2802);
#2511=AXIS2_PLACEMENT_3D('',#3468,#2803,#2804);
#2512=AXIS2_PLACEMENT_3D('',#3469,#2805,#2806);
#2513=AXIS2_PLACEMENT_3D('',#3470,#2807,#2808);
#2514=AXIS2_PLACEMENT_3D('',#3471,#2809,#2810);
#2515=AXIS2_PLACEMENT_3D('',#3472,#2811,#2812);
#2516=AXIS2_PLACEMENT_3D('',#3473,#2813,#2814);
#2517=AXIS2_PLACEMENT_3D('',#3474,#2815,#2816);
#2518=AXIS2_PLACEMENT_3D('',#3475,#2817,#2818);
#2519=AXIS2_PLACEMENT_3D('',#3476,#2819,#2820);
#2520=AXIS2_PLACEMENT_3D('',#3477,#2821,#2822);
#2521=AXIS2_PLACEMENT_3D('',#3479,#2823,#2824);
#2522=AXIS2_PLACEMENT_3D('',#3481,#2825,#2826);
#2523=AXIS2_PLACEMENT_3D('',#3482,#2827,#2828);
#2524=AXIS2_PLACEMENT_3D('',#3483,#2829,#2830);
#2525=AXIS2_PLACEMENT_3D('',#3484,#2831,#2832);
#2526=AXIS2_PLACEMENT_3D('',#3489,#2834,#2835);
#2527=AXIS2_PLACEMENT_3D('',#3491,#2836,#2837);
#2528=AXIS2_PLACEMENT_3D('',#3495,#2839,#2840);
#2529=AXIS2_PLACEMENT_3D('',#3505,#2845,#2846);
#2530=AXIS2_PLACEMENT_3D('',#3507,#2847,#2848);
#2531=AXIS2_PLACEMENT_3D('',#3513,#2851,#2852);
#2532=AXIS2_PLACEMENT_3D('',#3519,#2855,#2856);
#2533=AXIS2_PLACEMENT_3D('',#3524,#2859,#2860);
#2534=AXIS2_PLACEMENT_3D('',#3525,#2861,#2862);
#2535=AXIS2_PLACEMENT_3D('',#3530,#2864,#2865);
#2536=AXIS2_PLACEMENT_3D('',#3536,#2868,#2869);
#2537=AXIS2_PLACEMENT_3D('',#3542,#2872,#2873);
#2538=AXIS2_PLACEMENT_3D('',#3548,#2876,#2877);
#2539=AXIS2_PLACEMENT_3D('',#3550,#2878,#2879);
#2540=AXIS2_PLACEMENT_3D('',#3560,#2884,#2885);
#2541=AXIS2_PLACEMENT_3D('',#3564,#2887,#2888);
#2542=AXIS2_PLACEMENT_3D('',#3565,#2889,#2890);
#2543=AXIS2_PLACEMENT_3D('',#3566,#2891,#2892);
#2544=AXIS2_PLACEMENT_3D('',#3567,#2893,#2894);
#2545=AXIS2_PLACEMENT_3D('',#3584,#2895,#2896);
#2546=AXIS2_PLACEMENT_3D('',#3585,#2897,#2898);
#2547=AXIS2_PLACEMENT_3D('',#3602,#2899,#2900);
#2548=AXIS2_PLACEMENT_3D('',#3603,#2901,#2902);
#2549=AXIS2_PLACEMENT_3D('',#3620,#2903,#2904);
#2550=AXIS2_PLACEMENT_3D('',#3621,#2905,#2906);
#2551=AXIS2_PLACEMENT_3D('',#3638,#2907,#2908);
#2552=AXIS2_PLACEMENT_3D('',#3639,#2909,#2910);
#2553=AXIS2_PLACEMENT_3D('',#3656,#2911,#2912);
#2554=AXIS2_PLACEMENT_3D('',#3657,#2913,#2914);
#2555=AXIS2_PLACEMENT_3D('',#3658,#2915,#2916);
#2556=AXIS2_PLACEMENT_3D('',#3675,#2917,#2918);
#2557=AXIS2_PLACEMENT_3D('',#3676,#2919,#2920);
#2558=AXIS2_PLACEMENT_3D('',#3677,#2921,#2922);
#2559=AXIS2_PLACEMENT_3D('',#3678,#2923,#2924);
#2560=AXIS2_PLACEMENT_3D('',#3679,#2925,#2926);
#2561=AXIS2_PLACEMENT_3D('',#3680,#2927,#2928);
#2562=AXIS2_PLACEMENT_3D('',#3681,#2929,#2930);
#2563=AXIS2_PLACEMENT_3D('',#3682,#2931,#2932);
#2564=AXIS2_PLACEMENT_3D('',#3683,#2933,#2934);
#2565=AXIS2_PLACEMENT_3D('',#3700,#2935,#2936);
#2566=AXIS2_PLACEMENT_3D('',#3701,#2937,#2938);
#2567=AXIS2_PLACEMENT_3D('',#3702,#2939,#2940);
#2568=AXIS2_PLACEMENT_3D('',#3703,#2941,#2942);
#2569=AXIS2_PLACEMENT_3D('',#3704,#2943,#2944);
#2570=AXIS2_PLACEMENT_3D('',#3705,#2945,#2946);
#2571=AXIS2_PLACEMENT_3D('',#3706,#2947,#2948);
#2572=AXIS2_PLACEMENT_3D('',#3707,#2949,#2950);
#2573=AXIS2_PLACEMENT_3D('',#3708,#2951,#2952);
#2574=AXIS2_PLACEMENT_3D('',#3709,#2953,#2954);
#2575=AXIS2_PLACEMENT_3D('',#3710,#2955,#2956);
#2576=AXIS2_PLACEMENT_3D('',#3711,#2957,#2958);
#2577=AXIS2_PLACEMENT_3D('',#3713,#2959,#2960);
#2578=AXIS2_PLACEMENT_3D('',#3715,#2961,#2962);
#2579=AXIS2_PLACEMENT_3D('',#3716,#2963,#2964);
#2580=AXIS2_PLACEMENT_3D('',#3718,#2965,#2966);
#2581=AXIS2_PLACEMENT_3D('',#3734,#2968,#2969);
#2582=AXIS2_PLACEMENT_3D('',#3744,#2971,#2972);
#2583=AXIS2_PLACEMENT_3D('',#3751,#2973,#2974);
#2584=AXIS2_PLACEMENT_3D('',#3761,#2976,#2977);
#2585=AXIS2_PLACEMENT_3D('',#3770,#2978,#2979);
#2586=AXIS2_PLACEMENT_3D('',#3780,#2981,#2982);
#2587=AXIS2_PLACEMENT_3D('',#3789,#2983,#2984);
#2588=AXIS2_PLACEMENT_3D('',#3799,#2986,#2987);
#2589=AXIS2_PLACEMENT_3D('',#3808,#2988,#2989);
#2590=AXIS2_PLACEMENT_3D('',#3818,#2991,#2992);
#2591=AXIS2_PLACEMENT_3D('',#3827,#2993,#2994);
#2592=AXIS2_PLACEMENT_3D('',#3837,#2996,#2997);
#2593=AXIS2_PLACEMENT_3D('',#3846,#2998,#2999);
#2594=AXIS2_PLACEMENT_3D('',#3856,#3001,#3002);
#2595=AXIS2_PLACEMENT_3D('',#3865,#3003,#3004);
#2596=AXIS2_PLACEMENT_3D('',#3875,#3006,#3007);
#2597=AXIS2_PLACEMENT_3D('',#3884,#3008,#3009);
#2598=AXIS2_PLACEMENT_3D('',#3894,#3011,#3012);
#2599=AXIS2_PLACEMENT_3D('',#3903,#3013,#3014);
#2600=AXIS2_PLACEMENT_3D('',#3911,#3016,#3017);
#2601=AXIS2_PLACEMENT_3D('',#4327,#3018,#3019);
#2602=AXIS2_PLACEMENT_3D('',#4329,#3020,#3021);
#2603=AXIS2_PLACEMENT_3D('',#4335,#3024,#3025);
#2604=AXIS2_PLACEMENT_3D('',#4340,#3028,#3029);
#2605=AXIS2_PLACEMENT_3D('',#4345,#3032,#3033);
#2606=AXIS2_PLACEMENT_3D('',#4350,#3036,#3037);
#2607=AXIS2_PLACEMENT_3D('',#4354,#3040,#3041);
#2608=AXIS2_PLACEMENT_3D('',#4355,#3042,#3043);
#2609=AXIS2_PLACEMENT_3D('',#4357,#3044,#3045);
#2610=AXIS2_PLACEMENT_3D('',#4358,#3046,#3047);
#2611=AXIS2_PLACEMENT_3D('',#4371,#3050,#3051);
#2612=AXIS2_PLACEMENT_3D('',#4380,#3054,#3055);
#2613=AXIS2_PLACEMENT_3D('',#4381,#3056,#3057);
#2614=AXIS2_PLACEMENT_3D('',#4394,#3060,#3061);
#2615=AXIS2_PLACEMENT_3D('',#4405,#3064,#3065);
#2616=AXIS2_PLACEMENT_3D('',#4406,#3066,#3067);
#2617=AXIS2_PLACEMENT_3D('',#4419,#3070,#3071);
#2618=AXIS2_PLACEMENT_3D('',#4430,#3074,#3075);
#2619=AXIS2_PLACEMENT_3D('',#4431,#3076,#3077);
#2620=AXIS2_PLACEMENT_3D('',#4442,#3080,#3081);
#2621=AXIS2_PLACEMENT_3D('',#4453,#3084,#3085);
#2622=AXIS2_PLACEMENT_3D('',#4454,#3086,#3087);
#2623=AXIS2_PLACEMENT_3D('',#4467,#3090,#3091);
#2624=AXIS2_PLACEMENT_3D('',#4478,#3094,#3095);
#2625=AXIS2_PLACEMENT_3D('',#4482,#3098,#3099);
#2626=AXIS2_PLACEMENT_3D('',#4485,#3101,#3102);
#2627=AXIS2_PLACEMENT_3D('',#4486,#3103,#3104);
#2628=AXIS2_PLACEMENT_3D('',#4488,#3106,#3107);
#2629=AXIS2_PLACEMENT_3D('',#4492,#3110,#3111);
#2630=AXIS2_PLACEMENT_3D('',#4495,#3113,#3114);
#2631=AXIS2_PLACEMENT_3D('',#4496,#3115,#3116);
#2632=AXIS2_PLACEMENT_3D('',#4498,#3118,#3119);
#2633=AXIS2_PLACEMENT_3D('',#4502,#3122,#3123);
#2634=AXIS2_PLACEMENT_3D('',#4505,#3125,#3126);
#2635=AXIS2_PLACEMENT_3D('',#4506,#3127,#3128);
#2636=AXIS2_PLACEMENT_3D('',#4508,#3130,#3131);
#2637=AXIS2_PLACEMENT_3D('',#4512,#3134,#3135);
#2638=AXIS2_PLACEMENT_3D('',#4515,#3137,#3138);
#2639=AXIS2_PLACEMENT_3D('',#4516,#3139,#3140);
#2640=AXIS2_PLACEMENT_3D('',#4518,#3142,#3143);
#2641=AXIS2_PLACEMENT_3D('',#4522,#3146,#3147);
#2642=AXIS2_PLACEMENT_3D('',#4525,#3149,#3150);
#2643=AXIS2_PLACEMENT_3D('',#4526,#3151,#3152);
#2644=AXIS2_PLACEMENT_3D('',#4528,#3154,#3155);
#2645=AXIS2_PLACEMENT_3D('',#4529,#3156,#3157);
#2646=AXIS2_PLACEMENT_3D('',#4530,#3158,#3159);
#2647=AXIS2_PLACEMENT_3D('',#4531,#3160,#3161);
#2648=AXIS2_PLACEMENT_3D('',#4532,#3162,#3163);
#2649=AXIS2_PLACEMENT_3D('',#4533,#3164,#3165);
#2650=AXIS2_PLACEMENT_3D('',#4544,#3176,#3177);
#2651=AXIS2_PLACEMENT_3D('',#4546,#3178,#3179);
#2652=AXIS2_PLACEMENT_3D('',#4547,#3180,#3181);
#2653=AXIS2_PLACEMENT_3D('',#4559,#3182,#3183);
#2654=AXIS2_PLACEMENT_3D('',#4560,#3184,#3185);
#2655=AXIS2_PLACEMENT_3D('',#4561,#3186,#3187);
#2656=AXIS2_PLACEMENT_3D('',#4573,#3188,#3189);
#2657=AXIS2_PLACEMENT_3D('',#4585,#3190,#3191);
#2658=AXIS2_PLACEMENT_3D('',#4586,#3192,#3193);
#2659=AXIS2_PLACEMENT_3D('',#4587,#3194,#3195);
#2660=AXIS2_PLACEMENT_3D('',#4599,#3196,#3197);
#2661=AXIS2_PLACEMENT_3D('',#4611,#3198,#3199);
#2662=AXIS2_PLACEMENT_3D('',#4612,#3200,#3201);
#2663=AXIS2_PLACEMENT_3D('',#4613,#3202,#3203);
#2664=AXIS2_PLACEMENT_3D('',#4625,#3204,#3205);
#2665=AXIS2_PLACEMENT_3D('',#4637,#3206,#3207);
#2666=AXIS2_PLACEMENT_3D('',#4638,#3208,#3209);
#2667=AXIS2_PLACEMENT_3D('',#4639,#3210,#3211);
#2668=AXIS2_PLACEMENT_3D('',#4651,#3212,#3213);
#2669=AXIS2_PLACEMENT_3D('',#4663,#3214,#3215);
#2670=AXIS2_PLACEMENT_3D('',#4664,#3216,#3217);
#2671=AXIS2_PLACEMENT_3D('',#4665,#3218,#3219);
#2672=AXIS2_PLACEMENT_3D('',#4677,#3220,#3221);
#2673=AXIS2_PLACEMENT_3D('',#4678,#3222,#3223);
#2674=AXIS2_PLACEMENT_3D('',#4703,#3224,#3225);
#2675=AXIS2_PLACEMENT_3D('',#4728,#3226,#3227);
#2676=AXIS2_PLACEMENT_3D('',#4753,#3228,#3229);
#2677=AXIS2_PLACEMENT_3D('',#4778,#3230,#3231);
#2678=AXIS2_PLACEMENT_3D('',#4803,#3232,#3233);
#2679=AXIS2_PLACEMENT_3D('',#4828,#3234,#3235);
#2680=AXIS2_PLACEMENT_3D('',#4853,#3236,#3237);
#2681=AXIS2_PLACEMENT_3D('',#4878,#3238,#3239);
#2682=AXIS2_PLACEMENT_3D('',#4903,#3240,#3241);
#2683=DIRECTION('',(0.,0.,1.));
#2684=DIRECTION('',(1.,0.,0.));
#2685=DIRECTION('',(0.,0.,-1.));
#2686=DIRECTION('',(1.,0.,0.));
#2687=DIRECTION('',(-2.34291072916505E-15,0.,1.));
#2688=DIRECTION('',(-1.,0.,-4.62592926927149E-15));
#2689=DIRECTION('',(0.,1.,0.));
#2690=DIRECTION('',(0.,0.,1.));
#2691=DIRECTION('',(0.,0.,1.));
#2692=DIRECTION('',(1.,0.,0.));
#2693=DIRECTION('',(2.34291072916505E-15,0.,-1.));
#2694=DIRECTION('',(-1.,0.,-2.34534613952064E-15));
#2695=DIRECTION('',(0.,0.,-1.));
#2696=DIRECTION('',(1.,0.,0.));
#2697=DIRECTION('',(0.,-1.,0.));
#2698=DIRECTION('',(0.,0.,1.));
#2699=DIRECTION('',(1.,1.2158347861188E-16,0.));
#2700=DIRECTION('',(0.,0.,1.));
#2701=DIRECTION('',(1.,1.12479046196678E-16,0.));
#2702=DIRECTION('',(0.0343605863533494,-0.99940950070802,0.));
#2703=DIRECTION('',(0.,0.,1.));
#2704=DIRECTION('',(1.,0.,0.));
#2705=DIRECTION('',(-0.0343605863533811,0.999409500708019,0.));
#2706=DIRECTION('',(0.,-1.,0.));
#2707=DIRECTION('',(-1.,0.,-2.34291072916505E-15));
#2708=DIRECTION('',(-0.0343605863533786,0.999409500708019,0.));
#2709=DIRECTION('',(0.,0.,-1.));
#2710=DIRECTION('',(1.,0.,0.));
#2711=DIRECTION('',(0.,0.,-1.));
#2712=DIRECTION('',(1.,0.,0.));
#2713=DIRECTION('',(0.366642634480695,-0.930361853571531,8.59010962094159E-16));
#2714=DIRECTION('',(0.519304457118162,-0.85458930534919,1.21668398428537E-15));
#2715=DIRECTION('',(0.,0.,-1.));
#2716=DIRECTION('',(1.,0.,0.));
#2717=DIRECTION('',(0.559444842810478,-0.828867581615278,1.31072932459672E-15));
#2718=DIRECTION('',(0.662388508891318,-0.749160505692028,1.55191714435711E-15));
#2719=DIRECTION('',(0.,0.,-1.));
#2720=DIRECTION('',(1.,0.,0.));
#2721=DIRECTION('',(0.830757564942229,-0.556634411702383,1.94639081223818E-15));
#2722=DIRECTION('',(1.,0.,0.));
#2723=DIRECTION('',(2.34291072916505E-15,0.,-1.));
#2724=DIRECTION('',(-1.,0.,-2.34534613952064E-15));
#2725=DIRECTION('',(-2.34291072916505E-15,0.,1.));
#2726=DIRECTION('',(-1.,1.2158347861188E-16,-2.41489943725665E-15));
#2727=DIRECTION('',(0.,1.,0.));
#2728=DIRECTION('',(2.34291072916505E-15,0.,-1.));
#2729=DIRECTION('',(-1.,0.,-2.40689710204855E-15));
#2730=DIRECTION('',(1.,0.,2.34291072916505E-15));
#2731=DIRECTION('',(0.83075756494223,0.556634411702382,1.94639081223818E-15));
#2732=DIRECTION('',(2.34291072916505E-15,0.,-1.));
#2733=DIRECTION('',(-1.,0.,-2.40689710204855E-15));
#2734=DIRECTION('',(0.662388508891319,0.749160505692028,1.55191714435711E-15));
#2735=DIRECTION('',(0.559444842810478,0.828867581615278,1.31072932459672E-15));
#2736=DIRECTION('',(2.34291072916505E-15,0.,-1.));
#2737=DIRECTION('',(-1.,0.,-2.40689710204855E-15));
#2738=DIRECTION('',(0.519304457118163,0.85458930534919,1.21668398428537E-15));
#2739=DIRECTION('',(0.366642634480696,0.930361853571531,8.59010962094161E-16));
#2740=DIRECTION('',(2.34291072916505E-15,0.,-1.));
#2741=DIRECTION('',(-1.,0.,-2.40689710204855E-15));
#2742=DIRECTION('',(2.34291072916505E-15,0.,-1.));
#2743=DIRECTION('',(-1.,0.,-2.33956416089095E-15));
#2744=DIRECTION('',(-0.0343605863533786,-0.999409500708019,-8.05037864277328E-17));
#2745=DIRECTION('',(-1.,0.,-2.34291072916505E-15));
#2746=DIRECTION('',(0.,1.,0.));
#2747=DIRECTION('',(-0.0343605863533811,-0.999409500708019,-8.05037864277387E-17));
#2748=DIRECTION('',(-2.34291072916505E-15,0.,1.));
#2749=DIRECTION('',(-1.,0.,-2.77555756156289E-15));
#2750=DIRECTION('',(0.0343605863533494,0.99940950070802,8.05037864276644E-17));
#2751=DIRECTION('',(-2.34291072916505E-15,0.,1.));
#2752=DIRECTION('',(-1.,1.12479046196678E-16,-2.33956416089091E-15));
#2753=DIRECTION('',(2.34291072916505E-15,0.,-1.));
#2754=DIRECTION('',(-1.,0.,-2.34534613952064E-15));
#2755=DIRECTION('',(0.,-1.,0.));
#2756=DIRECTION('',(0.,0.,0.999999999999999));
#2757=DIRECTION('',(0.,-1.,0.));
#2758=DIRECTION('',(0.,0.,-1.));
#2759=DIRECTION('',(0.,1.,0.));
#2760=DIRECTION('',(0.,0.,0.999999999999999));
#2761=DIRECTION('',(0.,-1.,0.));
#2762=DIRECTION('',(0.,0.,-1.));
#2763=DIRECTION('',(-3.88578058618805E-16,-1.,3.48939338860618E-30));
#2764=DIRECTION('',(1.,-3.97318898939313E-16,0.));
#2765=DIRECTION('',(0.,-1.,0.));
#2766=DIRECTION('',(0.,0.,-1.));
#2767=DIRECTION('',(-3.88578058618805E-16,-1.,3.48939338860618E-30));
#2768=DIRECTION('',(-1.,4.65582501167371E-16,0.));
#2769=DIRECTION('',(0.,-1.,0.));
#2770=DIRECTION('',(0.,0.,-1.));
#2771=DIRECTION('',(0.,-1.,0.));
#2772=DIRECTION('',(0.,0.,-1.));
#2773=DIRECTION('',(0.,-1.,0.));
#2774=DIRECTION('',(0.,0.,-1.));
#2775=DIRECTION('',(-3.88578058618805E-16,-1.,3.48939338860618E-30));
#2776=DIRECTION('',(1.,-6.92712484094859E-16,0.));
#2777=DIRECTION('',(0.,-1.,0.));
#2778=DIRECTION('',(0.,0.,-1.));
#2779=DIRECTION('',(0.,-1.,0.));
#2780=DIRECTION('',(0.,0.,-1.));
#2781=DIRECTION('',(0.,-1.,0.));
#2782=DIRECTION('',(0.,0.,-1.));
#2783=DIRECTION('',(0.,1.,0.));
#2784=DIRECTION('',(0.,-1.03025679495804E-15,1.));
#2785=DIRECTION('',(0.,-1.,0.));
#2786=DIRECTION('',(0.,0.,-1.));
#2787=DIRECTION('',(0.,-1.,0.));
#2788=DIRECTION('',(0.,0.,-1.));
#2789=DIRECTION('',(0.,-1.,0.));
#2790=DIRECTION('',(0.,0.,-1.));
#2791=DIRECTION('',(0.,1.,0.));
#2792=DIRECTION('',(0.,1.86749678657437E-15,1.));
#2793=DIRECTION('',(0.,-1.,0.));
#2794=DIRECTION('',(0.,0.,-1.));
#2795=DIRECTION('',(0.,-1.,0.));
#2796=DIRECTION('',(0.,0.,-1.));
#2797=DIRECTION('',(0.,1.,0.));
#2798=DIRECTION('',(0.,-2.67403194497193E-16,1.));
#2799=DIRECTION('',(0.,1.,0.));
#2800=DIRECTION('',(1.,0.,0.));
#2801=DIRECTION('',(0.,1.,0.));
#2802=DIRECTION('',(0.,0.,1.));
#2803=DIRECTION('',(0.,-1.,0.));
#2804=DIRECTION('',(0.,0.,-1.));
#2805=DIRECTION('',(3.88578058618805E-16,1.,-3.48939338860618E-30));
#2806=DIRECTION('',(1.,-4.00122955149118E-16,0.));
#2807=DIRECTION('',(3.88578058618805E-16,1.,-3.48939338860618E-30));
#2808=DIRECTION('',(-1.,3.07440318606757E-16,0.));
#2809=DIRECTION('',(3.88578058618805E-16,1.,-3.48939338860618E-30));
#2810=DIRECTION('',(-1.,3.19521818437727E-16,0.));
#2811=DIRECTION('',(3.88578058618805E-16,1.,-3.48939338860618E-30));
#2812=DIRECTION('',(1.,-3.20086403754625E-16,0.));
#2813=DIRECTION('',(3.88578058618805E-16,1.,-3.48939338860618E-30));
#2814=DIRECTION('',(-1.,2.97802932610653E-16,0.));
#2815=DIRECTION('',(3.88578058618805E-16,1.,-3.48939338860618E-30));
#2816=DIRECTION('',(-1.,3.83765458734966E-16,0.));
#2817=DIRECTION('',(3.88578058618805E-16,1.,-3.48939338860618E-30));
#2818=DIRECTION('',(-1.,3.93475145403457E-16,0.));
#2819=DIRECTION('',(0.,-1.,0.));
#2820=DIRECTION('',(0.,0.,-0.999999999999999));
#2821=DIRECTION('',(7.21644966006352E-16,-5.55111512312578E-16,1.));
#2822=DIRECTION('',(-1.,0.,0.));
#2823=DIRECTION('',(1.6212657631587E-15,5.5511151231258E-16,-1.));
#2824=DIRECTION('',(1.,0.,0.));
#2825=DIRECTION('',(-8.72102126887435E-16,1.,5.55111512312578E-16));
#2826=DIRECTION('',(0.,5.55111512312576E-16,-1.));
#2827=DIRECTION('',(-7.21644966006352E-16,5.55111512312578E-16,-1.));
#2828=DIRECTION('',(-1.,-8.70831184940357E-16,7.21644966006352E-16));
#2829=DIRECTION('',(-1.6212657631587E-15,-5.5511151231258E-16,1.));
#2830=DIRECTION('',(1.,8.70831184940357E-16,1.62370117351429E-15));
#2831=DIRECTION('',(7.21644966006352E-16,-5.55111512312578E-16,1.));
#2832=DIRECTION('',(-1.,-8.74380587853574E-16,6.01724275512137E-16));
#2833=DIRECTION('',(8.72102126887435E-16,-1.,-5.55111512312578E-16));
#2834=DIRECTION('',(-7.21644966006352E-16,5.55111512312578E-16,-1.));
#2835=DIRECTION('',(-1.,-7.50463540397467E-16,8.04966479085551E-16));
#2836=DIRECTION('',(-7.21644966006352E-16,5.55111512312578E-16,-1.));
#2837=DIRECTION('',(-1.,-7.42361704898078E-16,7.19865895658742E-16));
#2838=DIRECTION('',(-0.0343605863533485,-0.99940950070802,-5.29987575186667E-16));
#2839=DIRECTION('',(-7.21644966006352E-16,5.55111512312578E-16,-1.));
#2840=DIRECTION('',(-1.,-1.38777878078145E-15,0.));
#2841=DIRECTION('',(0.0343605863533802,0.999409500708019,5.29987575186643E-16));
#2842=DIRECTION('',(8.72102126887435E-16,-1.,-5.55111512312578E-16));
#2843=DIRECTION('',(1.,8.72102126887434E-16,1.6212657631587E-15));
#2844=DIRECTION('',(0.0343605863533777,0.999409500708019,5.29987575186645E-16));
#2845=DIRECTION('',(7.21644966006352E-16,-5.55111512312578E-16,1.));
#2846=DIRECTION('',(-1.,-8.77336560334107E-16,7.19865895658754E-16));
#2847=DIRECTION('',(7.21644966006352E-16,-5.55111512312578E-16,1.));
#2848=DIRECTION('',(-1.,-8.74380587853574E-16,6.01724275512137E-16));
#2849=DIRECTION('',(-0.366642634480694,-0.930361853571532,-1.11087972613189E-15));
#2850=DIRECTION('',(-0.519304457118161,-0.85458930534919,-1.31632289867993E-15));
#2851=DIRECTION('',(7.21644966006352E-16,-5.55111512312578E-16,1.));
#2852=DIRECTION('',(-1.,-8.74380587853574E-16,6.01724275512137E-16));
#2853=DIRECTION('',(-0.559444842810477,-0.828867581615279,-1.36712270676165E-15));
#2854=DIRECTION('',(-0.662388508891318,-0.749160505692029,-1.48977543265479E-15));
#2855=DIRECTION('',(7.21644966006352E-16,-5.55111512312578E-16,1.));
#2856=DIRECTION('',(-1.,-8.74380587853574E-16,6.01724275512137E-16));
#2857=DIRECTION('',(-0.830757564942229,-0.556634411702383,-1.65587296761126E-15));
#2858=DIRECTION('',(-1.,-8.72102126887436E-16,7.21644966006351E-16));
#2859=DIRECTION('',(-1.6212657631587E-15,-5.5511151231258E-16,1.));
#2860=DIRECTION('',(1.,8.7213222754734E-16,1.62370117351429E-15));
#2861=DIRECTION('',(1.6212657631587E-15,5.5511151231258E-16,-1.));
#2862=DIRECTION('',(1.,9.93630497621227E-16,1.6099329581711E-15));
#2863=DIRECTION('',(-8.72102126887435E-16,1.,5.55111512312578E-16));
#2864=DIRECTION('',(-1.6212657631587E-15,-5.5511151231258E-16,1.));
#2865=DIRECTION('',(1.,8.74380587853574E-16,1.50431068878034E-15));
#2866=DIRECTION('',(-1.,-8.72102126887434E-16,-1.6212657631587E-15));
#2867=DIRECTION('',(-0.83075756494223,0.556634411702381,-1.03788462744059E-15));
#2868=DIRECTION('',(-1.6212657631587E-15,-5.5511151231258E-16,1.));
#2869=DIRECTION('',(1.,8.74380587853574E-16,1.50431068878034E-15));
#2870=DIRECTION('',(-0.66238850889132,0.749160505692027,-6.58040190095678E-16));
#2871=DIRECTION('',(-0.559444842810479,0.828867581615277,-4.46894833287001E-16));
#2872=DIRECTION('',(-1.6212657631587E-15,-5.5511151231258E-16,1.));
#2873=DIRECTION('',(1.,8.74380587853574E-16,1.50431068878034E-15));
#2874=DIRECTION('',(-0.519304457118163,0.854589305349189,-3.67538175282846E-16));
#2875=DIRECTION('',(-0.366642634480696,0.930361853571531,-7.79705750638338E-17));
#2876=DIRECTION('',(-1.6212657631587E-15,-5.5511151231258E-16,1.));
#2877=DIRECTION('',(1.,8.74380587853574E-16,1.50431068878034E-15));
#2878=DIRECTION('',(-1.6212657631587E-15,-5.5511151231258E-16,1.));
#2879=DIRECTION('',(1.,8.77336560334107E-16,1.6196982652322E-15));
#2880=DIRECTION('',(0.0343605863533795,-0.999409500708019,-4.99076077100797E-16));
#2881=DIRECTION('',(1.,8.72102126887434E-16,1.6212657631587E-15));
#2882=DIRECTION('',(-8.72102126887435E-16,1.,5.55111512312578E-16));
#2883=DIRECTION('',(0.034360586353382,-0.999409500708019,-4.99076077100793E-16));
#2884=DIRECTION('',(1.6212657631587E-15,5.5511151231258E-16,-1.));
#2885=DIRECTION('',(1.,1.38777878078145E-15,2.77555756156289E-15));
#2886=DIRECTION('',(-0.0343605863533502,0.99940950070802,4.99076077100845E-16));
#2887=DIRECTION('',(1.6212657631587E-15,5.5511151231258E-16,-1.));
#2888=DIRECTION('',(1.,9.89815606530771E-16,1.61969826523217E-15));
#2889=DIRECTION('',(-1.6212657631587E-15,-5.5511151231258E-16,1.));
#2890=DIRECTION('',(1.,8.7213222754734E-16,1.62370117351429E-15));
#2891=DIRECTION('',(8.72102126887435E-16,-1.,-5.55111512312578E-16));
#2892=DIRECTION('',(0.,7.30409884621814E-16,-0.999999999999999));
#2893=DIRECTION('',(8.72102126887435E-16,-1.,-5.55111512312578E-16));
#2894=DIRECTION('',(0.,-6.87040702685819E-16,1.));
#2895=DIRECTION('',(-8.72102126887435E-16,1.,5.55111512312578E-16));
#2896=DIRECTION('',(0.,7.30409884621814E-16,-0.999999999999999));
#2897=DIRECTION('',(8.72102126887435E-16,-1.,-5.55111512312578E-16));
#2898=DIRECTION('',(8.16340459283204E-16,-5.61234065757202E-16,1.));
#2899=DIRECTION('',(1.26068018550624E-15,-1.,-5.55111512312582E-16));
#2900=DIRECTION('',(-1.,-1.32439632979771E-15,5.29758531919084E-16));
#2901=DIRECTION('',(8.72102126887435E-16,-1.,-5.55111512312578E-16));
#2902=DIRECTION('',(9.25185853854297E-16,-5.78241158658936E-16,1.));
#2903=DIRECTION('',(1.26068018550624E-15,-1.,-5.55111512312582E-16));
#2904=DIRECTION('',(0.999999999999999,1.24155333644632E-15,-6.20776668223161E-16));
#2905=DIRECTION('',(8.72102126887435E-16,-1.,-5.55111512312578E-16));
#2906=DIRECTION('',(1.11848457912732E-15,-5.59242289563659E-16,1.));
#2907=DIRECTION('',(8.72102126887435E-16,-1.,-5.55111512312578E-16));
#2908=DIRECTION('',(0.,-5.33682228326856E-16,1.));
#2909=DIRECTION('',(8.72102126887435E-16,-1.,-5.55111512312578E-16));
#2910=DIRECTION('',(1.39109973606758E-15,-6.95549868033791E-16,1.));
#2911=DIRECTION('',(1.26068018550624E-15,-1.,-5.55111512312582E-16));
#2912=DIRECTION('',(-1.,-1.38542496818972E-15,1.38542496818972E-15));
#2913=DIRECTION('',(8.72102126887435E-16,-1.,-5.55111512312578E-16));
#2914=DIRECTION('',(7.21644966006352E-16,-5.55111512312578E-16,1.));
#2915=DIRECTION('',(8.72102126887435E-16,-1.,-5.55111512312578E-16));
#2916=DIRECTION('',(7.11681426041768E-16,-5.33761069531326E-16,1.));
#2917=DIRECTION('',(8.72102126887435E-16,-1.,-5.55111512312578E-16));
#2918=DIRECTION('',(6.96852499967444E-16,-5.22639374975583E-16,1.));
#2919=DIRECTION('',(-8.72102126887435E-16,1.,5.55111512312578E-16));
#2920=DIRECTION('',(-7.72692596218533E-16,-1.09464784464292E-15,-1.));
#2921=DIRECTION('',(8.72102126887435E-16,-1.,-5.55111512312578E-16));
#2922=DIRECTION('',(7.70924985064993E-16,-5.78193738798744E-16,1.));
#2923=DIRECTION('',(8.72102126887435E-16,-1.,-5.55111512312578E-16));
#2924=DIRECTION('',(6.0338207860063E-16,-6.0338207860063E-16,1.));
#2925=DIRECTION('',(8.72102126887435E-16,-1.,-5.55111512312578E-16));
#2926=DIRECTION('',(7.87852569569793E-16,-5.90889427177345E-16,1.));
#2927=DIRECTION('',(-8.72102126887435E-16,1.,5.55111512312578E-16));
#2928=DIRECTION('',(-8.00355765674728E-16,1.80080047276814E-15,-1.));
#2929=DIRECTION('',(8.72102126887435E-16,-1.,-5.55111512312578E-16));
#2930=DIRECTION('',(7.92337440840024E-16,-5.94253080630018E-16,1.));
#2931=DIRECTION('',(8.72102126887435E-16,-1.,-5.55111512312578E-16));
#2932=DIRECTION('',(7.93016446160827E-16,-5.9476233462062E-16,1.));
#2933=DIRECTION('',(-8.72102126887435E-16,1.,5.55111512312578E-16));
#2934=DIRECTION('',(-8.0220958349158E-16,-3.34253993121492E-16,-1.));
#2935=DIRECTION('',(-8.72102126887435E-16,1.,5.55111512312578E-16));
#2936=DIRECTION('',(-1.,-8.86334140766021E-16,7.87852569569797E-16));
#2937=DIRECTION('',(-8.72102126887435E-16,1.,5.55111512312578E-16));
#2938=DIRECTION('',(-7.87852569569797E-16,5.90889427177347E-16,-1.));
#2939=DIRECTION('',(8.72102126887435E-16,-1.,-5.55111512312578E-16));
#2940=DIRECTION('',(7.21644966006352E-16,-5.55111512312578E-16,1.));
#2941=DIRECTION('',(-1.26068018550624E-15,1.,5.55111512312582E-16));
#2942=DIRECTION('',(-1.,-1.20036886544735E-15,5.33497273532157E-16));
#2943=DIRECTION('',(-1.26068018550624E-15,1.,5.55111512312582E-16));
#2944=DIRECTION('',(1.,1.19622233057902E-15,-7.2667711670688E-16));
#2945=DIRECTION('',(-1.26068018550624E-15,1.,5.55111512312582E-16));
#2946=DIRECTION('',(1.,1.39737541930099E-15,-7.15728873300508E-16));
#2947=DIRECTION('',(-1.26068018550624E-15,1.,5.55111512312582E-16));
#2948=DIRECTION('',(-1.,-1.2803456150185E-15,6.40172807509251E-16));
#2949=DIRECTION('',(-1.26068018550624E-15,1.,5.55111512312582E-16));
#2950=DIRECTION('',(1.,1.26187683309599E-15,-7.16746041198521E-16));
#2951=DIRECTION('',(-1.26068018550624E-15,1.,5.55111512312582E-16));
#2952=DIRECTION('',(1.,1.24626863619486E-15,-7.21013892168723E-16));
#2953=DIRECTION('',(-1.26068018550624E-15,1.,5.55111512312582E-16));
#2954=DIRECTION('',(1.,1.27763694272181E-15,-7.22142619799286E-16));
#2955=DIRECTION('',(8.72102126887435E-16,-1.,-5.55111512312578E-16));
#2956=DIRECTION('',(0.,-7.30409884621814E-16,0.999999999999999));
#2957=DIRECTION('',(8.72102126887436E-16,-1.,-5.55111512312578E-16));
#2958=DIRECTION('',(-0.837169104331222,-3.92449741806464E-16,-0.546944138603989));
#2959=DIRECTION('',(8.72102126887436E-16,-1.,-5.55111512312578E-16));
#2960=DIRECTION('',(-0.837169104331222,-4.41505959532272E-16,-0.546944138603989));
#2961=DIRECTION('',(8.72102126887436E-16,-1.,-5.55111512312578E-16));
#2962=DIRECTION('',(-0.837169104331222,-3.92449741806464E-16,-0.546944138603989));
#2963=DIRECTION('',(8.72102126887436E-16,-1.,-5.55111512312578E-16));
#2964=DIRECTION('',(-0.837169104331222,-3.7009917158907E-16,-0.546944138603989));
#2965=DIRECTION('',(-8.72102126887436E-16,1.,5.55111512312578E-16));
#2966=DIRECTION('',(0.837169104331222,4.26741975090295E-16,0.546944138603989));
#2967=DIRECTION('',(8.72102126887436E-16,-1.,-5.55111512312578E-16));
#2968=DIRECTION('',(-0.747724372545689,-1.02069118564103E-15,0.66400923389751));
#2969=DIRECTION('',(0.664009233897509,1.64013457918104E-16,0.747724372545688));
#2970=DIRECTION('',(0.965210165717584,6.96613885500606E-16,0.261475306664766));
#2971=DIRECTION('',(0.965210165717584,6.96613885500606E-16,0.261475306664766));
#2972=DIRECTION('',(-7.70988211545249E-16,1.,7.70988211545249E-16));
#2973=DIRECTION('',(-0.862569847003342,-4.71396990284907E-16,-0.505937999206062));
#2974=DIRECTION('',(-0.505937999206061,-9.20052057426034E-16,0.862569847003341));
#2975=DIRECTION('',(0.0495885500963941,-5.11182295857325E-16,0.998769731068847));
#2976=DIRECTION('',(0.0495885500963941,-5.11182295857325E-16,0.998769731068847));
#2977=DIRECTION('',(-1.5419764230905E-15,1.,3.85494105772624E-16));
#2978=DIRECTION('',(0.809820519302266,3.80574650650065E-16,0.58667770242017));
#2979=DIRECTION('',(-0.586677702420169,-9.61183565249702E-16,0.809820519302266));
#2980=DIRECTION('',(-0.934562756305185,-1.01254191878764E-15,0.355798334070375));
#2981=DIRECTION('',(-0.934562756305185,-1.01254191878764E-15,0.355798334070375));
#2982=DIRECTION('',(-1.5419764230905E-15,1.,7.70988211545249E-16));
#2983=DIRECTION('',(0.808211954709717,1.03174392776572E-15,-0.588891701643264));
#2984=DIRECTION('',(0.588891701643264,6.49259450614366E-17,0.808211954709716));
#2985=DIRECTION('',(0.0495885500963941,-5.11182295857325E-16,0.998769731068847));
#2986=DIRECTION('',(0.0495885500963941,-5.11182295857325E-16,0.998769731068847));
#2987=DIRECTION('',(-1.5419764230905E-15,1.,3.85494105772624E-16));
#2988=DIRECTION('',(0.214626889426825,7.29351823450554E-16,-0.976696113606974));
#2989=DIRECTION('',(-0.976696113606973,-7.32636900826665E-16,-0.214626889426825));
#2990=DIRECTION('',(-0.934562756305185,-1.01254191878764E-15,0.355798334070375));
#2991=DIRECTION('',(-0.934562756305185,-1.01254191878764E-15,0.355798334070375));
#2992=DIRECTION('',(-1.5419764230905E-15,1.,7.70988211545249E-16));
#2993=DIRECTION('',(-0.307715348993824,-7.96535858407357E-16,0.951478462180626));
#2994=DIRECTION('',(-0.951478462180626,-6.58970057813556E-16,-0.307715348993824));
#2995=DIRECTION('',(-0.627180098112786,-1.14603024987473E-16,-0.778874267472765));
#2996=DIRECTION('',(-0.627180098112786,-1.14603024987473E-16,-0.778874267472765));
#2997=DIRECTION('',(-1.5419764230905E-15,1.,7.70988211545249E-16));
#2998=DIRECTION('',(-0.310318061177677,2.57078164395457E-16,-0.950632789728467));
#2999=DIRECTION('',(0.950632789728467,1.00131000604938E-15,-0.310318061177677));
#3000=DIRECTION('',(0.965210165717584,6.96613885500606E-16,0.261475306664766));
#3001=DIRECTION('',(0.965210165717584,6.96613885500606E-16,0.261475306664766));
#3002=DIRECTION('',(-7.70988211545249E-16,1.,7.70988211545249E-16));
#3003=DIRECTION('',(0.995216559568785,9.22161206934063E-16,-0.0976933956829785));
#3004=DIRECTION('',(-0.0976933956829785,4.67257551302768E-16,-0.995216559568785));
#3005=DIRECTION('',(-0.627180098112786,-1.14603024987473E-16,-0.778874267472765));
#3006=DIRECTION('',(-0.627180098112786,-1.14603024987473E-16,-0.778874267472765));
#3007=DIRECTION('',(-1.5419764230905E-15,1.,7.70988211545249E-16));
#3008=DIRECTION('',(0.40045077055342,-1.59424854458675E-16,0.9163182745985));
#3009=DIRECTION('',(0.9163182745985,1.02141794903182E-15,-0.40045077055342));
#3010=DIRECTION('',(0.546944138603989,9.41713354131826E-16,-0.837169104331222));
#3011=DIRECTION('',(0.546944138603989,9.41713354131826E-16,-0.837169104331222));
#3012=DIRECTION('',(-1.5419764230905E-15,1.,7.70988211545249E-16));
#3013=DIRECTION('',(-0.999999063840487,-8.72860884403888E-16,0.00136832677094145));
#3014=DIRECTION('',(-0.00136832677094145,5.5391767195244E-16,-0.999999063840486));
#3015=DIRECTION('',(0.546944138603989,9.41713354131826E-16,-0.837169104331222));
#3016=DIRECTION('',(0.546944138603989,9.41713354131826E-16,-0.837169104331222));
#3017=DIRECTION('',(-1.5419764230905E-15,1.,7.70988211545249E-16));
#3018=DIRECTION('',(-8.72102126887436E-16,1.,5.55111512312578E-16));
#3019=DIRECTION('',(0.837169104331222,3.70097421867709E-16,0.546944138603989));
#3020=DIRECTION('',(-8.72102126887436E-16,1.,5.55111512312578E-16));
#3021=DIRECTION('',(-0.837169104331222,-3.70097421867709E-16,-0.546944138603989));
#3022=DIRECTION('',(8.72102126887436E-16,-1.,-5.55111512312578E-16));
#3023=DIRECTION('',(8.72102126887436E-16,-1.,-5.55111512312578E-16));
#3024=DIRECTION('',(-8.72102126887436E-16,1.,5.55111512312578E-16));
#3025=DIRECTION('',(-0.837169104331222,-3.70097421867709E-16,-0.546944138603989));
#3026=DIRECTION('',(8.72102126887436E-16,-1.,-5.55111512312578E-16));
#3027=DIRECTION('',(8.72102126887436E-16,-1.,-5.55111512312578E-16));
#3028=DIRECTION('',(-8.72102126887436E-16,1.,5.55111512312578E-16));
#3029=DIRECTION('',(-0.837169104331222,-3.70097421867709E-16,-0.546944138603989));
#3030=DIRECTION('',(8.72102126887436E-16,-1.,-5.55111512312578E-16));
#3031=DIRECTION('',(8.72102126887436E-16,-1.,-5.55111512312578E-16));
#3032=DIRECTION('',(-8.72102126887436E-16,1.,5.55111512312578E-16));
#3033=DIRECTION('',(-0.837169104331222,-3.70097421867709E-16,-0.546944138603989));
#3034=DIRECTION('',(8.72102126887436E-16,-1.,-5.55111512312578E-16));
#3035=DIRECTION('',(8.72102126887436E-16,-1.,-5.55111512312578E-16));
#3036=DIRECTION('',(-8.72102126887436E-16,1.,5.55111512312578E-16));
#3037=DIRECTION('',(-0.837169104331222,-3.70097421867709E-16,-0.546944138603989));
#3038=DIRECTION('',(8.72102126887436E-16,-1.,-5.55111512312578E-16));
#3039=DIRECTION('',(8.72102126887436E-16,-1.,-5.55111512312578E-16));
#3040=DIRECTION('',(8.72102126887436E-16,-1.,-5.55111512312578E-16));
#3041=DIRECTION('',(-0.837169104331222,-4.93463229156945E-16,-0.546944138603989));
#3042=DIRECTION('',(-8.72102126887436E-16,1.,5.55111512312578E-16));
#3043=DIRECTION('',(0.837169104331222,3.92449741805928E-16,0.546944138603989));
#3044=DIRECTION('',(-8.72102126887436E-16,1.,5.55111512312578E-16));
#3045=DIRECTION('',(0.837169104331222,4.26741975090295E-16,0.546944138603989));
#3046=DIRECTION('',(8.72102126887436E-16,-1.,-5.55111512312578E-16));
#3047=DIRECTION('',(0.837169104331222,4.15977637229106E-16,0.546944138603989));
#3048=DIRECTION('',(-8.72102126887436E-16,1.,5.55111512312578E-16));
#3049=DIRECTION('',(-8.72102126887436E-16,1.,5.55111512312578E-16));
#3050=DIRECTION('',(8.72102126887436E-16,-1.,-5.55111512312578E-16));
#3051=DIRECTION('',(-0.837169104331222,-8.31955274458213E-16,-0.546944138603989));
#3052=DIRECTION('',(8.72102126887436E-16,-1.,-5.55111512312578E-16));
#3053=DIRECTION('',(8.72102126887436E-16,-1.,-5.55111512312578E-16));
#3054=DIRECTION('',(8.72102126887436E-16,-1.,-5.55111512312578E-16));
#3055=DIRECTION('',(-0.837169104331222,-4.15977637229106E-16,-0.546944138603989));
#3056=DIRECTION('',(8.72102126887436E-16,-1.,-5.55111512312578E-16));
#3057=DIRECTION('',(0.837169104331222,4.15977637229106E-16,0.546944138603989));
#3058=DIRECTION('',(-8.72102126887436E-16,1.,5.55111512312578E-16));
#3059=DIRECTION('',(-8.72102126887436E-16,1.,5.55111512312578E-16));
#3060=DIRECTION('',(8.72102126887436E-16,-1.,-5.55111512312578E-16));
#3061=DIRECTION('',(-0.837169104331222,-8.31955274458213E-16,-0.546944138603989));
#3062=DIRECTION('',(8.72102126887436E-16,-1.,-5.55111512312578E-16));
#3063=DIRECTION('',(8.72102126887436E-16,-1.,-5.55111512312578E-16));
#3064=DIRECTION('',(8.72102126887436E-16,-1.,-5.55111512312578E-16));
#3065=DIRECTION('',(-0.837169104331222,-4.15977637229106E-16,-0.546944138603989));
#3066=DIRECTION('',(8.72102126887436E-16,-1.,-5.55111512312578E-16));
#3067=DIRECTION('',(0.837169104331222,4.15977637229106E-16,0.546944138603989));
#3068=DIRECTION('',(-8.72102126887436E-16,1.,5.55111512312578E-16));
#3069=DIRECTION('',(-8.72102126887436E-16,1.,5.55111512312578E-16));
#3070=DIRECTION('',(8.72102126887436E-16,-1.,-5.55111512312578E-16));
#3071=DIRECTION('',(-0.837169104331222,-8.31955274458213E-16,-0.546944138603989));
#3072=DIRECTION('',(8.72102126887436E-16,-1.,-5.55111512312578E-16));
#3073=DIRECTION('',(8.72102126887436E-16,-1.,-5.55111512312578E-16));
#3074=DIRECTION('',(8.72102126887436E-16,-1.,-5.55111512312578E-16));
#3075=DIRECTION('',(-0.837169104331222,-4.15977637229106E-16,-0.546944138603989));
#3076=DIRECTION('',(8.72102126887436E-16,-1.,-5.55111512312578E-16));
#3077=DIRECTION('',(0.837169104331222,4.15977637229106E-16,0.546944138603989));
#3078=DIRECTION('',(-8.72102126887436E-16,1.,5.55111512312578E-16));
#3079=DIRECTION('',(-8.72102126887436E-16,1.,5.55111512312578E-16));
#3080=DIRECTION('',(8.72102126887436E-16,-1.,-5.55111512312578E-16));
#3081=DIRECTION('',(-0.837169104331222,-8.31955274458213E-16,-0.546944138603989));
#3082=DIRECTION('',(8.72102126887436E-16,-1.,-5.55111512312578E-16));
#3083=DIRECTION('',(8.72102126887436E-16,-1.,-5.55111512312578E-16));
#3084=DIRECTION('',(8.72102126887436E-16,-1.,-5.55111512312578E-16));
#3085=DIRECTION('',(-0.837169104331222,-4.15977637229106E-16,-0.546944138603989));
#3086=DIRECTION('',(8.72102126887436E-16,-1.,-5.55111512312578E-16));
#3087=DIRECTION('',(0.837169104331222,4.15977637229106E-16,0.546944138603989));
#3088=DIRECTION('',(-8.72102126887436E-16,1.,5.55111512312578E-16));
#3089=DIRECTION('',(-8.72102126887436E-16,1.,5.55111512312578E-16));
#3090=DIRECTION('',(8.72102126887436E-16,-1.,-5.55111512312578E-16));
#3091=DIRECTION('',(-0.837169104331222,-8.31955274458213E-16,-0.546944138603989));
#3092=DIRECTION('',(8.72102126887436E-16,-1.,-5.55111512312578E-16));
#3093=DIRECTION('',(8.72102126887436E-16,-1.,-5.55111512312578E-16));
#3094=DIRECTION('',(8.72102126887436E-16,-1.,-5.55111512312578E-16));
#3095=DIRECTION('',(-0.837169104331222,-4.15977637229106E-16,-0.546944138603989));
#3096=DIRECTION('',(-8.72102126887436E-16,1.,5.55111512312578E-16));
#3097=DIRECTION('',(0.546944138603989,9.41713354131826E-16,-0.837169104331222));
#3098=DIRECTION('',(0.837169104331222,-7.43713047678933E-16,0.546944138603989));
#3099=DIRECTION('',(-1.11022302462516E-16,-1.,-1.19348975147204E-15));
#3100=DIRECTION('',(0.546944138603989,9.41713354131826E-16,-0.837169104331222));
#3101=DIRECTION('',(-8.72102126887436E-16,1.,5.55111512312578E-16));
#3102=DIRECTION('',(-0.837169104331222,0.,-0.546944138603989));
#3103=DIRECTION('',(8.72102126887436E-16,-1.,-5.55111512312578E-16));
#3104=DIRECTION('',(-0.837169104331222,-4.30211422042248E-16,-0.546944138603989));
#3105=DIRECTION('',(8.72102126887436E-16,-1.,-5.55111512312578E-16));
#3106=DIRECTION('',(-0.837169104331222,8.03825471162254E-17,-0.546944138603989));
#3107=DIRECTION('',(-4.44089209850063E-16,1.,8.32667268468867E-16));
#3108=DIRECTION('',(-8.72102126887436E-16,1.,5.55111512312578E-16));
#3109=DIRECTION('',(0.965210165717584,6.96613885500606E-16,0.261475306664766));
#3110=DIRECTION('',(-0.261475306664766,-1.93402746206153E-15,0.965210165717585));
#3111=DIRECTION('',(1.17961196366423E-15,-1.,-1.68615121864946E-15));
#3112=DIRECTION('',(0.965210165717584,6.96613885500606E-16,0.261475306664766));
#3113=DIRECTION('',(-8.72102126887436E-16,1.,5.55111512312578E-16));
#3114=DIRECTION('',(-0.837169104331222,0.,-0.546944138603989));
#3115=DIRECTION('',(8.72102126887436E-16,-1.,-5.55111512312578E-16));
#3116=DIRECTION('',(0.261475306664766,7.63278329429795E-16,-0.965210165717585));
#3117=DIRECTION('',(8.72102126887436E-16,-1.,-5.55111512312578E-16));
#3118=DIRECTION('',(0.261475306664766,1.27069696149882E-15,-0.965210165717585));
#3119=DIRECTION('',(-1.00613961606655E-15,1.,1.04777297948999E-15));
#3120=DIRECTION('',(-8.72102126887436E-16,1.,5.55111512312578E-16));
#3121=DIRECTION('',(0.0495885500963941,-5.11182295857325E-16,0.998769731068847));
#3122=DIRECTION('',(-0.998769731068847,-2.06875139797301E-15,0.0495885500963942));
#3123=DIRECTION('',(2.04003480774873E-15,-1.,-6.1409211049579E-16));
#3124=DIRECTION('',(0.0495885500963941,-5.11182295857325E-16,0.998769731068847));
#3125=DIRECTION('',(-8.72102126887436E-16,1.,5.55111512312578E-16));
#3126=DIRECTION('',(-0.837169104331222,0.,-0.546944138603989));
#3127=DIRECTION('',(8.72102126887436E-16,-1.,-5.55111512312578E-16));
#3128=DIRECTION('',(0.998769731068847,9.0205620750794E-16,-0.0495885500963942));
#3129=DIRECTION('',(8.72102126887436E-16,-1.,-5.55111512312578E-16));
#3130=DIRECTION('',(0.998769731068847,1.4054208974103E-15,-0.0495885500963942));
#3131=DIRECTION('',(-1.37390099297363E-15,1.,5.79397640976254E-16));
#3132=DIRECTION('',(-8.72102126887436E-16,1.,5.55111512312578E-16));
#3133=DIRECTION('',(-0.934562756305185,-1.01254191878764E-15,0.355798334070375));
#3134=DIRECTION('',(-0.355798334070375,-9.61700955081879E-16,-0.934562756305186));
#3135=DIRECTION('',(1.29063426612674E-15,-1.,5.41233724504764E-16));
#3136=DIRECTION('',(-0.934562756305185,-1.01254191878764E-15,0.355798334070375));
#3137=DIRECTION('',(-8.72102126887436E-16,1.,5.55111512312578E-16));
#3138=DIRECTION('',(-0.837169104331222,0.,-0.546944138603989));
#3139=DIRECTION('',(8.72102126887436E-16,-1.,-5.55111512312578E-16));
#3140=DIRECTION('',(0.355798334070375,-2.08166817117217E-16,0.934562756305186));
#3141=DIRECTION('',(8.72102126887436E-16,-1.,-5.55111512312578E-16));
#3142=DIRECTION('',(0.355798334070375,2.98370454519171E-16,0.934562756305186));
#3143=DIRECTION('',(-1.0547118733939E-15,1.,8.32667268468867E-17));
#3144=DIRECTION('',(-8.72102126887436E-16,1.,5.55111512312578E-16));
#3145=DIRECTION('',(-0.627180098112786,-1.14603024987473E-16,-0.778874267472765));
#3146=DIRECTION('',(0.778874267472765,-1.4278221820305E-16,-0.627180098112786));
#3147=DIRECTION('',(-4.16333634234434E-17,-1.,1.80411241501588E-16));
#3148=DIRECTION('',(-0.627180098112786,-1.14603024987473E-16,-0.778874267472765));
#3149=DIRECTION('',(-8.72102126887436E-16,1.,5.55111512312578E-16));
#3150=DIRECTION('',(-0.837169104331222,0.,-0.546944138603989));
#3151=DIRECTION('',(8.72102126887436E-16,-1.,-5.55111512312578E-16));
#3152=DIRECTION('',(-0.778874267472765,-1.02695629777827E-15,0.627180098112786));
#3153=DIRECTION('',(8.72102126887436E-16,-1.,-5.55111512312578E-16));
#3154=DIRECTION('',(-0.778874267472765,-5.20548282359658E-16,0.627180098112786));
#3155=DIRECTION('',(-4.71844785465692E-16,1.,2.35922392732846E-16));
#3156=DIRECTION('',(8.72102126887436E-16,-1.,-5.55111512312578E-16));
#3157=DIRECTION('',(-0.837169104331222,-4.72506372763083E-16,-0.546944138603989));
#3158=DIRECTION('',(8.72102126887436E-16,-1.,-5.55111512312578E-16));
#3159=DIRECTION('',(-0.837169104331222,-4.72506372763083E-16,-0.546944138603989));
#3160=DIRECTION('',(8.72102126887436E-16,-1.,-5.55111512312578E-16));
#3161=DIRECTION('',(-0.837169104331222,-4.72506372763083E-16,-0.546944138603989));
#3162=DIRECTION('',(8.72102126887436E-16,-1.,-5.55111512312578E-16));
#3163=DIRECTION('',(-0.837169104331222,-4.72506372763083E-16,-0.546944138603989));
#3164=DIRECTION('',(8.72102126887436E-16,-1.,-5.55111512312578E-16));
#3165=DIRECTION('',(-0.837169104331222,-4.72506372763083E-16,-0.546944138603989));
#3166=DIRECTION('',(-0.231663939387602,-7.42044804966817E-16,0.972795877451903));
#3167=DIRECTION('',(0.797796382676031,1.03045162457823E-15,-0.602926970527144));
#3168=DIRECTION('',(-0.99677195253031,-9.1385404485504E-16,0.0802849590453432));
#3169=DIRECTION('',(0.81995026446769,3.97315239730119E-16,0.57243476816085));
#3170=DIRECTION('',(-0.384375006308728,1.7725194448983E-16,-0.923177043976487));
#3171=DIRECTION('',(-0.291039250150532,-7.84897302176707E-16,0.956711113592717));
#3172=DIRECTION('',(0.75921513420556,1.02340177112176E-15,-0.65083974985647));
#3173=DIRECTION('',(-0.999822413121002,-8.82408450153422E-16,0.0188452174542127));
#3174=DIRECTION('',(0.853595764021076,4.55245134210259E-16,0.520935957335712));
#3175=DIRECTION('',(-0.326884983872184,2.39538888021778E-16,-0.945064128680632));
#3176=DIRECTION('',(-8.72102126887436E-16,1.,5.55111512312578E-16));
#3177=DIRECTION('',(0.837169104331222,3.92449741805928E-16,0.546944138603989));
#3178=DIRECTION('',(-8.72102126887436E-16,1.,5.55111512312578E-16));
#3179=DIRECTION('',(0.837169104331222,4.26741975090295E-16,0.546944138603989));
#3180=DIRECTION('',(8.72102126887436E-16,-1.,-5.55111512312578E-16));
#3181=DIRECTION('',(-0.837169104331222,-3.92449741805928E-16,-0.546944138603989));
#3182=DIRECTION('',(-0.650839749856471,-1.46149668793269E-16,-0.759215134205561));
#3183=DIRECTION('',(0.75921513420556,1.02340177112176E-15,-0.650839749856471));
#3184=DIRECTION('',(-0.65083974985647,-1.46149668793269E-16,-0.759215134205561));
#3185=DIRECTION('',(-0.75921513420556,-1.02001740387436E-15,0.650839749856471));
#3186=DIRECTION('',(0.0188452174542126,-5.38577977568136E-16,0.999822413121003));
#3187=DIRECTION('',(0.999822413121002,8.82408450153422E-16,-0.0188452174542126));
#3188=DIRECTION('',(0.0188452174542126,-5.38577977568136E-16,0.999822413121002));
#3189=DIRECTION('',(0.999822413121002,8.81239525796218E-16,-0.0188452174542127));
#3190=DIRECTION('',(-0.923177043976488,-1.01847565459275E-15,0.384375006308728));
#3191=DIRECTION('',(-0.384375006308728,1.7725194448983E-16,-0.923177043976487));
#3192=DIRECTION('',(-0.923177043976487,-1.01847565459275E-15,0.384375006308728));
#3193=DIRECTION('',(0.384375006308728,-1.80411241501588E-16,0.923177043976487));
#3194=DIRECTION('',(0.956711113592717,6.72790558687675E-16,0.291039250150532));
#3195=DIRECTION('',(0.291039250150532,7.84897302176707E-16,-0.956711113592717));
#3196=DIRECTION('',(0.956711113592717,6.72790558687675E-16,0.291039250150532));
#3197=DIRECTION('',(0.291039250150532,7.84095011141517E-16,-0.956711113592717));
#3198=DIRECTION('',(0.0802849590453432,-4.83302902459347E-16,0.99677195253031));
#3199=DIRECTION('',(-0.99677195253031,-9.1385404485504E-16,0.0802849590453432));
#3200=DIRECTION('',(0.0802849590453431,-4.83302902459348E-16,0.996771952530311));
#3201=DIRECTION('',(0.99677195253031,9.15933995315754E-16,-0.0802849590453432));
#3202=DIRECTION('',(0.57243476816085,9.54385410147151E-16,-0.81995026446769));
#3203=DIRECTION('',(-0.81995026446769,-3.97315239730119E-16,-0.57243476816085));
#3204=DIRECTION('',(0.572434768160849,9.54385410147151E-16,-0.81995026446769));
#3205=DIRECTION('',(-0.81995026446769,-3.95516952522712E-16,-0.57243476816085));
#3206=DIRECTION('',(0.972795877451903,7.19778034011393E-16,0.231663939387603));
#3207=DIRECTION('',(-0.231663939387603,-7.42044804966818E-16,0.972795877451903));
#3208=DIRECTION('',(0.972795877451903,7.19778034011392E-16,0.231663939387603));
#3209=DIRECTION('',(0.231663939387603,7.42461647718073E-16,-0.972795877451903));
#3210=DIRECTION('',(-0.602926970527145,-8.29479368497251E-17,-0.797796382676031));
#3211=DIRECTION('',(-0.797796382676031,-1.03045162457823E-15,0.602926970527144));
#3212=DIRECTION('',(-0.602926970527144,-8.29479368497247E-17,-0.797796382676031));
#3213=DIRECTION('',(-0.797796382676031,-1.03389519168218E-15,0.602926970527144));
#3214=DIRECTION('',(0.520935957335712,9.28150191833968E-16,-0.853595764021077));
#3215=DIRECTION('',(0.853595764021077,4.55245134210259E-16,0.520935957335712));
#3216=DIRECTION('',(0.520935957335712,9.28150191833968E-16,-0.853595764021077));
#3217=DIRECTION('',(-0.853595764021077,-4.57966997657877E-16,-0.520935957335712));
#3218=DIRECTION('',(-0.945064128680632,-1.00565005441696E-15,0.326884983872184));
#3219=DIRECTION('',(0.326884983872184,-2.39538888021778E-16,0.945064128680632));
#3220=DIRECTION('',(-0.945064128680632,-1.00565005441696E-15,0.326884983872184));
#3221=DIRECTION('',(0.326884983872184,-2.42861286636753E-16,0.945064128680632));
#3222=DIRECTION('',(0.706540173484432,0.707547619330862,-0.013317268181544));
#3223=DIRECTION('',(-0.645553491023668,0.636696125950257,-0.421756723037216));
#3224=DIRECTION('',(-0.536511269995584,-0.707547619330867,0.459926106615995));
#3225=DIRECTION('',(0.394772602364149,-0.692123962458145,-0.604250786523174));
#3226=DIRECTION('',(0.230998395498636,0.707547619330806,0.667844373829985));
#3227=DIRECTION('',(-0.657048862350668,0.619690795667599,-0.429266945208401));
#3228=DIRECTION('',(-0.603206820813707,-0.707547619330884,-0.368127556294037));
#3229=DIRECTION('',(-0.592476974758919,0.706498227714366,-0.387080467883588));
#3230=DIRECTION('',(-0.563775313720108,0.707547619330219,0.426067790404219));
#3231=DIRECTION('',(0.398532790560083,0.684882470140146,-0.610006243364054));
#3232=DIRECTION('',(0.163708952486939,-0.707547619330865,-0.687441448601155));
#3233=DIRECTION('',(0.398532790560421,0.684882470139485,-0.610006243364574));
#3234=DIRECTION('',(-0.579430701395607,0.707547619330688,-0.404519997848897));
#3235=DIRECTION('',(-0.592476974758754,-0.706498227714563,-0.387080467883483));
#3236=DIRECTION('',(0.704384517713347,-0.707547619330812,-0.0567346242169379));
#3237=DIRECTION('',(-0.657048862350668,-0.619690795667599,-0.429266945208401));
#3238=DIRECTION('',(0.205667446132039,0.707547619330746,-0.676074898203534));
#3239=DIRECTION('',(0.394772602364082,-0.692123962458271,-0.604250786523072));
#3240=DIRECTION('',(0.271624620609105,-0.707547619330804,0.652377522496194));
#3241=DIRECTION('',(-0.645553491023626,-0.636696125950315,-0.421756723037191));
#3242=CARTESIAN_POINT('',(0.,0.,0.));
#3243=CARTESIAN_POINT('',(70.3452888096012,-21.7808440954508,42.7811842193044));
#3244=CARTESIAN_POINT('',(71.8452888096012,-21.7808440954508,42.7811842193044));
#3245=CARTESIAN_POINT('',(79.8452888096013,-21.7808440954508,42.7811842193044));
#3246=CARTESIAN_POINT('',(78.3452888096013,-21.7808440954508,42.7811842193044));
#3247=CARTESIAN_POINT('',(75.0952888096013,-21.7808440954508,42.7811842193044));
#3248=CARTESIAN_POINT('',(70.3452888096012,-21.7808440954508,42.7811842193044));
#3249=CARTESIAN_POINT('',(79.8452888096013,-21.7808440954508,42.7811842193044));
#3250=CARTESIAN_POINT('',(82.397325382301,-1.05778505503716,42.7811842193044));
#3251=CARTESIAN_POINT('',(70.3452888096013,-20.7216430820589,42.7811842193044));
#3252=CARTESIAN_POINT('',(70.0454468739042,-20.5346943419431,42.7811842193044));
#3253=CARTESIAN_POINT('',(70.3452888096013,-17.1620740422719,42.7811842193044));
#3254=CARTESIAN_POINT('',(70.3452888096013,-22.8400451088427,42.7811842193044));
#3255=CARTESIAN_POINT('',(83.1019390512321,-0.345080224847344,42.7811842193044));
#3256=CARTESIAN_POINT('',(58.0952888096013,-6.93469434194306,42.7811842193044));
#3257=CARTESIAN_POINT('',(132.662937479068,12.7149598741549,42.7811842193044));
#3258=CARTESIAN_POINT('',(55.5952888096013,10.0653056580569,42.7811842193044));
#3259=CARTESIAN_POINT('',(55.5952888096013,10.0653056580569,42.7811842193044));
#3260=CARTESIAN_POINT('',(55.1803314714805,22.1347244346082,42.7811842193044));
#3261=CARTESIAN_POINT('',(54.5952888096013,24.5653056580569,42.7811842193044));
#3262=CARTESIAN_POINT('',(57.0938125613714,24.6512071239404,42.7811842193044));
#3263=CARTESIAN_POINT('',(57.0938125613714,24.6512071239404,42.7811842193044));
#3264=CARTESIAN_POINT('',(57.4805873491589,13.4015039444437,42.7811842193044));
#3265=CARTESIAN_POINT('',(57.4805873491589,10.5015039444437,42.7811842193043));
#3266=CARTESIAN_POINT('',(57.4805873491589,10.5015039444437,42.7811842193043));
#3267=CARTESIAN_POINT('',(67.7932522369015,10.5015039444437,42.7811842193044));
#3268=CARTESIAN_POINT('',(57.580291925065,10.5015039444437,42.7811842193044));
#3269=CARTESIAN_POINT('',(57.5778149789399,10.5735482182141,42.7811842193044));
#3270=CARTESIAN_POINT('',(57.5952888096013,10.0653056580569,42.7811842193044));
#3271=CARTESIAN_POINT('',(134.662937479066,12.7149598741547,42.7811842193044));
#3272=CARTESIAN_POINT('',(60.0952888096013,-6.93469434194304,42.7811842193044));
#3273=CARTESIAN_POINT('',(82.397325382301,-1.05778505503716,42.7811842193044));
#3274=CARTESIAN_POINT('',(61.9970686095969,-11.8164290989814,42.7811842193044));
#3275=CARTESIAN_POINT('',(75.0952888096013,-45.0533832274185,42.7811842193044));
#3276=CARTESIAN_POINT('',(62.0888607580266,-12.0493532199784,42.7811842193043));
#3277=CARTESIAN_POINT('',(75.0952888096013,-33.4532794935021,42.7811842193044));
#3278=CARTESIAN_POINT('',(62.6876185861614,-13.0346943419431,42.7811842193044));
#3279=CARTESIAN_POINT('',(82.397325382301,-1.05778505503716,42.7811842193044));
#3280=CARTESIAN_POINT('',(63.917526726873,-14.8569132779141,42.7811842193044));
#3281=CARTESIAN_POINT('',(75.0952888096013,-31.4177677472091,42.7811842193044));
#3282=CARTESIAN_POINT('',(64.2561937675849,-15.3586787953107,42.7811842193043));
#3283=CARTESIAN_POINT('',(75.0952888096013,-27.6176805954964,42.7811842193044));
#3284=CARTESIAN_POINT('',(65.1191616865776,-16.3346943419431,42.7811842193044));
#3285=CARTESIAN_POINT('',(82.397325382301,-1.05778505503716,42.7811842193044));
#3286=CARTESIAN_POINT('',(68.5943285605956,-19.5346943419431,42.7811842193044));
#3287=CARTESIAN_POINT('',(75.0952888096013,-23.8905477658689,42.7811842193044));
#3288=CARTESIAN_POINT('',(70.0867938977664,-20.5346943419432,42.7811842193044));
#3289=CARTESIAN_POINT('',(72.4952888096013,-20.5346943419431,42.7811842193044));
#3290=CARTESIAN_POINT('',(67.7932522369015,-1.05778505503716,42.7811842193044));
#3291=CARTESIAN_POINT('',(67.0886385679704,-0.345080224847344,42.7811842193043));
#3292=CARTESIAN_POINT('',(79.8452888096013,-22.8400451088427,42.7811842193044));
#3293=CARTESIAN_POINT('',(92.0952888096013,-6.93469434194306,42.7811842193044));
#3294=CARTESIAN_POINT('',(79.8452888096013,-17.1620740422719,42.7811842193044));
#3295=CARTESIAN_POINT('',(79.8452888096013,-20.7216430820588,42.7811842193044));
#3296=CARTESIAN_POINT('',(67.7932522369015,-1.05778505503716,42.7811842193044));
#3297=CARTESIAN_POINT('',(80.1451307452983,-20.5346943419431,42.7811842193044));
#3298=CARTESIAN_POINT('',(77.6952888096013,-20.5346943419431,42.7811842193044));
#3299=CARTESIAN_POINT('',(80.1037837214362,-20.5346943419431,42.7811842193044));
#3300=CARTESIAN_POINT('',(75.0952888096013,-23.8905477658689,42.7811842193044));
#3301=CARTESIAN_POINT('',(81.5962490586069,-19.5346943419431,42.7811842193044));
#3302=CARTESIAN_POINT('',(67.7932522369015,-1.05778505503716,42.7811842193044));
#3303=CARTESIAN_POINT('',(85.0714159326249,-16.3346943419431,42.7811842193044));
#3304=CARTESIAN_POINT('',(75.0952888096013,-27.6176805954964,42.7811842193044));
#3305=CARTESIAN_POINT('',(85.9343838516177,-15.3586787953107,42.7811842193044));
#3306=CARTESIAN_POINT('',(75.0952888096013,-31.4177677472091,42.7811842193044));
#3307=CARTESIAN_POINT('',(86.2730508923295,-14.8569132779141,42.7811842193044));
#3308=CARTESIAN_POINT('',(67.7932522369015,-1.05778505503716,42.7811842193044));
#3309=CARTESIAN_POINT('',(87.5029590330409,-13.0346943419431,42.7811842193044));
#3310=CARTESIAN_POINT('',(75.0952888096013,-33.4532794935021,42.7811842193044));
#3311=CARTESIAN_POINT('',(88.1017168611759,-12.0493532199784,42.7811842193044));
#3312=CARTESIAN_POINT('',(75.0952888096013,-45.0533832274185,42.7811842193044));
#3313=CARTESIAN_POINT('',(88.1935090096057,-11.8164290989814,42.7811842193044));
#3314=CARTESIAN_POINT('',(67.7932522369015,-1.05778505503716,42.7811842193044));
#3315=CARTESIAN_POINT('',(90.0952888096013,-6.93469434194304,42.7811842193044));
#3316=CARTESIAN_POINT('',(15.5276401401361,12.7149598741547,42.7811842193042));
#3317=CARTESIAN_POINT('',(92.5952888096013,10.0653056580569,42.7811842193044));
#3318=CARTESIAN_POINT('',(92.6127626402626,10.5735482182141,42.7811842193044));
#3319=CARTESIAN_POINT('',(92.6102856941375,10.5015039444437,42.7811842193044));
#3320=CARTESIAN_POINT('',(67.7932522369015,10.5015039444437,42.7811842193044));
#3321=CARTESIAN_POINT('',(92.7099902700439,10.5015039444437,42.7811842193044));
#3322=CARTESIAN_POINT('',(92.7099902700439,10.5015039444437,42.7811842193044));
#3323=CARTESIAN_POINT('',(92.7099902700439,13.4015039444437,42.7811842193044));
#3324=CARTESIAN_POINT('',(93.0967650578312,24.6512071239404,42.7811842193044));
#3325=CARTESIAN_POINT('',(93.0967650578312,24.6512071239404,42.7811842193044));
#3326=CARTESIAN_POINT('',(95.5952888096012,24.5653056580569,42.7811842193044));
#3327=CARTESIAN_POINT('',(95.010246147722,22.1347244346082,42.7811842193044));
#3328=CARTESIAN_POINT('',(94.5952888096013,10.0653056580569,42.7811842193044));
#3329=CARTESIAN_POINT('',(94.5952888096012,10.0653056580569,42.7811842193044));
#3330=CARTESIAN_POINT('',(17.5276401401348,12.7149598741549,42.7811842193042));
#3331=CARTESIAN_POINT('',(67.7932522369015,-1.05778505503716,42.7811842193044));
#3332=CARTESIAN_POINT('',(75.0952888096013,-20.7216430820589,42.7811842193044));
#3333=CARTESIAN_POINT('',(75.0952888096013,-20.5346943419431,42.7811842193044));
#3334=CARTESIAN_POINT('',(80.1451307452983,-20.5346943419431,42.7811842193044));
#3335=CARTESIAN_POINT('',(80.1451307452983,-20.5346943419431,52.8808680906984));
#3336=CARTESIAN_POINT('',(70.0454468739042,-20.5346943419431,52.8808680906984));
#3337=CARTESIAN_POINT('',(70.0454468739042,-20.5346943419431,42.7811842193044));
#3338=CARTESIAN_POINT('',(80.0456617863879,-20.5977756284922,42.7811842193044));
#3339=CARTESIAN_POINT('',(80.0456617863879,-20.5977756284922,52.6819301728776));
#3340=CARTESIAN_POINT('',(70.1449158328146,-20.5977756284922,52.6819301728777));
#3341=CARTESIAN_POINT('',(70.1449158328146,-20.5977756284922,42.7811842193044));
#3342=CARTESIAN_POINT('',(79.9457125194053,-20.6600930941744,42.7811842193044));
#3343=CARTESIAN_POINT('',(79.9457125194053,-20.6600930941744,52.4820316389125));
#3344=CARTESIAN_POINT('',(70.2448650997972,-20.6600930941744,52.4820316389125));
#3345=CARTESIAN_POINT('',(70.2448650997972,-20.6600930941744,42.7811842193044));
#3346=CARTESIAN_POINT('',(79.8452888096012,-20.7216430820589,42.7811842193044));
#3347=CARTESIAN_POINT('',(79.8452888096012,-20.7216430820589,52.2811842193042));
#3348=CARTESIAN_POINT('',(70.3452888096013,-20.7216430820589,52.2811842193043));
#3349=CARTESIAN_POINT('',(70.3452888096013,-20.7216430820589,42.7811842193044));
#3350=CARTESIAN_POINT('',(75.0952888096013,-22.8400451088427,42.7811842193044));
#3351=CARTESIAN_POINT('',(75.0952888096013,-6.93469434194306,42.7811842193044));
#3352=CARTESIAN_POINT('',(79.8452888096013,-22.8400451088427,42.7811842193044));
#3353=CARTESIAN_POINT('',(79.8452888096013,-22.8400451088427,52.2811842193044));
#3354=CARTESIAN_POINT('',(70.3452888096013,-22.8400451088427,52.2811842193044));
#3355=CARTESIAN_POINT('',(70.3452888096013,-22.8400451088427,42.7811842193044));
#3356=CARTESIAN_POINT('',(85.987465237158,-19.3568835741262,42.7811842193044));
#3357=CARTESIAN_POINT('',(85.987465237158,-19.3568835741262,64.5655370744178));
#3358=CARTESIAN_POINT('',(64.2031123820445,-19.3568835741262,64.5655370744178));
#3359=CARTESIAN_POINT('',(64.2031123820445,-19.3568835741262,42.7811842193044));
#3360=CARTESIAN_POINT('',(90.296016274372,-13.7626782235974,42.7811842193044));
#3361=CARTESIAN_POINT('',(90.2960162743719,-13.7626782235974,73.1826391488457));
#3362=CARTESIAN_POINT('',(59.8945613448306,-13.7626782235974,73.1826391488457));
#3363=CARTESIAN_POINT('',(59.8945613448306,-13.7626782235974,42.7811842193044));
#3364=CARTESIAN_POINT('',(92.0952888096013,-6.93469434194305,42.7811842193044));
#3365=CARTESIAN_POINT('',(92.0952888096012,-6.93469434194305,76.7811842193043));
#3366=CARTESIAN_POINT('',(58.0952888096013,-6.93469434194305,76.7811842193042));
#3367=CARTESIAN_POINT('',(58.0952888096013,-6.93469434194305,42.7811842193044));
#3368=CARTESIAN_POINT('',(75.0952888096013,-11.8164290989814,42.7811842193044));
#3369=CARTESIAN_POINT('',(75.0952888096013,-6.93469434194304,42.7811842193044));
#3370=CARTESIAN_POINT('',(90.0952888096013,-6.93469434194304,42.7811842193044));
#3371=CARTESIAN_POINT('',(90.0952888096012,-6.93469434194304,72.7811842193044));
#3372=CARTESIAN_POINT('',(60.0952888096013,-6.93469434194304,72.7811842193043));
#3373=CARTESIAN_POINT('',(60.0952888096013,-6.93469434194304,42.7811842193044));
#3374=CARTESIAN_POINT('',(89.6483595102808,-8.63072759552157,42.7811842193044));
#3375=CARTESIAN_POINT('',(89.6483595102807,-8.63072759552157,71.8873256206634));
#3376=CARTESIAN_POINT('',(60.5422181089218,-8.63072759552157,71.8873256206633));
#3377=CARTESIAN_POINT('',(60.5422181089218,-8.63072759552157,42.7811842193044));
#3378=CARTESIAN_POINT('',(89.0116862196763,-10.2650230758023,42.7811842193044));
#3379=CARTESIAN_POINT('',(89.0116862196762,-10.2650230758023,70.6139790394543));
#3380=CARTESIAN_POINT('',(61.1788913995263,-10.2650230758023,70.6139790394543));
#3381=CARTESIAN_POINT('',(61.1788913995263,-10.2650230758023,42.7811842193044));
#3382=CARTESIAN_POINT('',(88.1935090096057,-11.8164290989814,42.7811842193044));
#3383=CARTESIAN_POINT('',(88.1935090096056,-11.8164290989814,68.9776246193131));
#3384=CARTESIAN_POINT('',(61.9970686095969,-11.8164290989814,68.9776246193131));
#3385=CARTESIAN_POINT('',(61.9970686095969,-11.8164290989814,42.7811842193044));
#3386=CARTESIAN_POINT('',(75.0952888096013,-14.8569132779141,42.7811842193044));
#3387=CARTESIAN_POINT('',(75.0952888096013,-13.0346943419431,42.7811842193044));
#3388=CARTESIAN_POINT('',(87.502959033041,-13.034694341943,42.7811842193044));
#3389=CARTESIAN_POINT('',(87.5029590330409,-13.034694341943,67.5965246661838));
#3390=CARTESIAN_POINT('',(62.6876185861616,-13.034694341943,67.5965246661837));
#3391=CARTESIAN_POINT('',(62.6876185861616,-13.034694341943,42.7811842193044));
#3392=CARTESIAN_POINT('',(87.1221165821937,-13.6614247330574,42.7811842193044));
#3393=CARTESIAN_POINT('',(87.1221165821936,-13.6614247330574,66.8348397644891));
#3394=CARTESIAN_POINT('',(63.0684610370089,-13.6614247330574,66.8348397644891));
#3395=CARTESIAN_POINT('',(63.0684610370089,-13.6614247330574,42.7811842193044));
#3396=CARTESIAN_POINT('',(86.7118363657823,-14.2692915766467,42.7811842193044));
#3397=CARTESIAN_POINT('',(86.7118363657823,-14.2692915766467,66.0142793316665));
#3398=CARTESIAN_POINT('',(63.4787412534202,-14.2692915766467,66.0142793316664));
#3399=CARTESIAN_POINT('',(63.4787412534202,-14.2692915766467,42.7811842193044));
#3400=CARTESIAN_POINT('',(86.2730508923295,-14.8569132779141,42.7811842193044));
#3401=CARTESIAN_POINT('',(86.2730508923295,-14.8569132779141,65.1367083847608));
#3402=CARTESIAN_POINT('',(63.917526726873,-14.8569132779141,65.1367083847608));
#3403=CARTESIAN_POINT('',(63.917526726873,-14.8569132779141,42.7811842193044));
#3404=CARTESIAN_POINT('',(75.0952888096013,-19.5346943419431,42.7811842193044));
#3405=CARTESIAN_POINT('',(75.0952888096013,-16.3346943419431,42.7811842193044));
#3406=CARTESIAN_POINT('',(85.0714159326248,-16.334694341943,42.7811842193044));
#3407=CARTESIAN_POINT('',(85.0714159326248,-16.334694341943,62.7334384653514));
#3408=CARTESIAN_POINT('',(65.1191616865778,-16.334694341943,62.7334384653514));
#3409=CARTESIAN_POINT('',(65.1191616865778,-16.334694341943,42.7811842193044));
#3410=CARTESIAN_POINT('',(84.0246913211348,-17.5185384587087,42.7811842193044));
#3411=CARTESIAN_POINT('',(84.0246913211348,-17.5185384587087,60.6399892423713));
#3412=CARTESIAN_POINT('',(66.1658862980678,-17.5185384587087,60.6399892423713));
#3413=CARTESIAN_POINT('',(66.1658862980678,-17.5185384587087,42.7811842193044));
#3414=CARTESIAN_POINT('',(82.862227361656,-18.588957464525,42.7811842193044));
#3415=CARTESIAN_POINT('',(82.862227361656,-18.588957464525,58.3150613234139));
#3416=CARTESIAN_POINT('',(67.3283502575465,-18.588957464525,58.3150613234138));
#3417=CARTESIAN_POINT('',(67.3283502575465,-18.588957464525,42.7811842193044));
#3418=CARTESIAN_POINT('',(81.5962490586068,-19.5346943419431,42.7811842193044));
#3419=CARTESIAN_POINT('',(81.5962490586068,-19.5346943419431,55.7831047173155));
#3420=CARTESIAN_POINT('',(68.5943285605957,-19.5346943419431,55.7831047173155));
#3421=CARTESIAN_POINT('',(68.5943285605957,-19.5346943419431,42.7811842193044));
#3422=CARTESIAN_POINT('',(75.0952888096013,-20.5346943419432,42.7811842193044));
#3423=CARTESIAN_POINT('',(79.7175212553727,-20.5346943419431,42.7811842193044));
#3424=CARTESIAN_POINT('',(75.0952888096013,10.0653056580569,42.7811842193044));
#3425=CARTESIAN_POINT('',(92.0952888096013,-6.93469434194306,42.7811842193044));
#3426=CARTESIAN_POINT('',(92.0952888096012,-6.93469434194306,76.7811842193043));
#3427=CARTESIAN_POINT('',(58.0952888096013,-6.93469434194306,76.7811842193043));
#3428=CARTESIAN_POINT('',(58.0952888096013,-6.93469434194306,42.7811842193044));
#3429=CARTESIAN_POINT('',(93.560857865486,-1.37306779838139,42.7811842193044));
#3430=CARTESIAN_POINT('',(93.560857865486,-1.37306779838139,79.7123223310739));
#3431=CARTESIAN_POINT('',(56.6297197537165,-1.37306779838139,79.7123223310739));
#3432=CARTESIAN_POINT('',(56.6297197537165,-1.37306779838139,42.7811842193044));
#3433=CARTESIAN_POINT('',(94.397664404347,4.31721666587313,42.7811842193044));
#3434=CARTESIAN_POINT('',(94.3976644043469,4.31721666587313,81.3859354087958));
#3435=CARTESIAN_POINT('',(55.7929132148556,4.31721666587313,81.3859354087958));
#3436=CARTESIAN_POINT('',(55.7929132148555,4.31721666587313,42.7811842193044));
#3437=CARTESIAN_POINT('',(94.5952888096012,10.0653056580569,42.7811842193044));
#3438=CARTESIAN_POINT('',(94.5952888096012,10.0653056580569,81.7811842193043));
#3439=CARTESIAN_POINT('',(55.5952888096013,10.0653056580569,81.7811842193043));
#3440=CARTESIAN_POINT('',(55.5952888096013,10.0653056580569,42.7811842193044));
#3441=CARTESIAN_POINT('',(75.0952888096013,22.1347244346082,42.7811842193044));
#3442=CARTESIAN_POINT('',(75.0952888096013,10.0653056580569,42.7811842193044));
#3443=CARTESIAN_POINT('',(75.0952888096013,24.6512071239404,42.7811842193044));
#3444=CARTESIAN_POINT('',(75.0952888096013,24.5653056580569,42.7811842193044));
#3445=CARTESIAN_POINT('',(75.0952888096013,13.4015039444437,42.7811842193044));
#3446=CARTESIAN_POINT('',(75.0952888096013,14.0699435591579,42.7811842193044));
#3447=CARTESIAN_POINT('',(75.0952888096013,10.5015039444437,42.7811842193044));
#3448=CARTESIAN_POINT('',(75.0952888096013,10.0653056580569,42.7811842193044));
#3449=CARTESIAN_POINT('',(75.0952888096013,10.5735482182141,42.7811842193044));
#3450=CARTESIAN_POINT('',(92.5952888096013,10.0653056580569,42.7811842193044));
#3451=CARTESIAN_POINT('',(92.5952888096012,10.0653056580569,77.7811842193043));
#3452=CARTESIAN_POINT('',(57.5952888096013,10.0653056580569,77.7811842193043));
#3453=CARTESIAN_POINT('',(57.5952888096013,10.0653056580569,42.7811842193044));
#3454=CARTESIAN_POINT('',(92.397664404347,4.31721666587314,42.7811842193044));
#3455=CARTESIAN_POINT('',(92.397664404347,4.31721666587314,77.3859354087958));
#3456=CARTESIAN_POINT('',(57.7929132148555,4.31721666587314,77.3859354087958));
#3457=CARTESIAN_POINT('',(57.7929132148555,4.31721666587314,42.7811842193044));
#3458=CARTESIAN_POINT('',(91.5608578654861,-1.37306779838136,42.7811842193044));
#3459=CARTESIAN_POINT('',(91.560857865486,-1.37306779838136,75.7123223310739));
#3460=CARTESIAN_POINT('',(58.6297197537164,-1.37306779838136,75.7123223310739));
#3461=CARTESIAN_POINT('',(58.6297197537164,-1.37306779838136,42.7811842193044));
#3462=CARTESIAN_POINT('',(90.0952888096013,-6.93469434194301,42.7811842193044));
#3463=CARTESIAN_POINT('',(90.0952888096012,-6.93469434194301,72.7811842193044));
#3464=CARTESIAN_POINT('',(60.0952888096012,-6.93469434194301,72.7811842193043));
#3465=CARTESIAN_POINT('',(60.0952888096012,-6.93469434194301,42.7811842193044));
#3466=CARTESIAN_POINT('',(75.0952888096014,10.5015039444437,42.7811842193044));
#3467=CARTESIAN_POINT('',(75.0952888096014,10.5015039444437,42.7811842193044));
#3468=CARTESIAN_POINT('',(75.0952888096014,10.5015039444437,42.7811842193044));
#3469=CARTESIAN_POINT('',(75.0952888096013,-12.0493532199784,42.7811842193044));
#3470=CARTESIAN_POINT('',(75.0952888096013,-12.0493532199784,42.7811842193044));
#3471=CARTESIAN_POINT('',(75.0952888096013,-11.8164290989814,42.7811842193044));
#3472=CARTESIAN_POINT('',(75.0952888096013,-15.3586787953107,42.7811842193044));
#3473=CARTESIAN_POINT('',(75.0952888096013,-13.0346943419431,42.7811842193044));
#3474=CARTESIAN_POINT('',(75.0952888096013,-15.3586787953107,42.7811842193044));
#3475=CARTESIAN_POINT('',(75.0952888096013,-19.5346943419431,42.7811842193044));
#3476=CARTESIAN_POINT('',(75.0952888096013,-17.1620740422719,42.7811842193044));
#3477=CARTESIAN_POINT('',(79.8452888096013,-21.7808440954508,42.7811842193044));
#3478=CARTESIAN_POINT('',(78.3452888096013,-21.7808440954508,42.7811842193044));
#3479=CARTESIAN_POINT('',(70.3452888096013,-21.7808440954508,42.7811842193043));
#3480=CARTESIAN_POINT('',(71.8452888096013,-21.7808440954508,42.7811842193043));
#3481=CARTESIAN_POINT('',(75.0952888096013,-21.7808440954508,42.7811842193044));
#3482=CARTESIAN_POINT('',(79.8452888096013,-21.7808440954508,42.7811842193044));
#3483=CARTESIAN_POINT('',(70.3452888096013,-21.7808440954508,42.7811842193043));
#3484=CARTESIAN_POINT('',(67.7932522369015,-1.05778505503716,42.7811842193044));
#3485=CARTESIAN_POINT('',(79.8452888096012,-20.7216430820589,42.7811842193044));
#3486=CARTESIAN_POINT('',(80.1451307452983,-20.5346943419431,42.7811842193044));
#3487=CARTESIAN_POINT('',(79.8452888096012,-17.1620740422718,42.7811842193044));
#3488=CARTESIAN_POINT('',(79.8452888096013,-22.8400451088427,42.7811842193044));
#3489=CARTESIAN_POINT('',(67.0886385679704,-0.345080224847347,42.7811842193044));
#3490=CARTESIAN_POINT('',(92.0952888096013,-6.93469434194304,42.7811842193044));
#3491=CARTESIAN_POINT('',(17.5276401401348,12.7149598741548,42.7811842193044));
#3492=CARTESIAN_POINT('',(94.5952888096012,10.0653056580569,42.7811842193044));
#3493=CARTESIAN_POINT('',(94.5952888096012,10.065305658057,42.7811842193044));
#3494=CARTESIAN_POINT('',(95.010246147722,22.1347244346082,42.7811842193044));
#3495=CARTESIAN_POINT('',(95.5952888096012,24.5653056580569,42.7811842193044));
#3496=CARTESIAN_POINT('',(93.0967650578311,24.6512071239404,42.7811842193044));
#3497=CARTESIAN_POINT('',(93.0967650578311,24.6512071239404,42.7811842193044));
#3498=CARTESIAN_POINT('',(92.7099902700436,13.4015039444437,42.7811842193044));
#3499=CARTESIAN_POINT('',(92.7099902700436,10.5015039444437,42.7811842193044));
#3500=CARTESIAN_POINT('',(92.7099902700436,10.5015039444437,42.7811842193044));
#3501=CARTESIAN_POINT('',(82.397325382301,10.5015039444437,42.7811842193044));
#3502=CARTESIAN_POINT('',(92.6102856941375,10.5015039444437,42.7811842193044));
#3503=CARTESIAN_POINT('',(92.6127626402626,10.5735482182141,42.7811842193044));
#3504=CARTESIAN_POINT('',(92.5952888096012,10.0653056580569,42.7811842193044));
#3505=CARTESIAN_POINT('',(15.5276401401361,12.7149598741546,42.7811842193044));
#3506=CARTESIAN_POINT('',(90.0952888096013,-6.93469434194303,42.7811842193044));
#3507=CARTESIAN_POINT('',(67.7932522369015,-1.05778505503716,42.7811842193044));
#3508=CARTESIAN_POINT('',(88.1935090096057,-11.8164290989814,42.7811842193044));
#3509=CARTESIAN_POINT('',(75.0952888096013,-45.0533832274185,42.7811842193043));
#3510=CARTESIAN_POINT('',(88.1017168611759,-12.0493532199784,42.7811842193044));
#3511=CARTESIAN_POINT('',(75.0952888096013,-33.4532794935021,42.7811842193044));
#3512=CARTESIAN_POINT('',(87.5029590330412,-13.0346943419431,42.7811842193044));
#3513=CARTESIAN_POINT('',(67.7932522369015,-1.05778505503716,42.7811842193044));
#3514=CARTESIAN_POINT('',(86.2730508923295,-14.8569132779141,42.7811842193044));
#3515=CARTESIAN_POINT('',(75.0952888096013,-31.4177677472091,42.7811842193044));
#3516=CARTESIAN_POINT('',(85.9343838516177,-15.3586787953107,42.7811842193044));
#3517=CARTESIAN_POINT('',(75.0952888096013,-27.6176805954964,42.7811842193044));
#3518=CARTESIAN_POINT('',(85.0714159326249,-16.3346943419431,42.7811842193044));
#3519=CARTESIAN_POINT('',(67.7932522369015,-1.05778505503716,42.7811842193044));
#3520=CARTESIAN_POINT('',(81.5962490586069,-19.5346943419431,42.7811842193044));
#3521=CARTESIAN_POINT('',(75.0952888096013,-23.8905477658689,42.7811842193044));
#3522=CARTESIAN_POINT('',(80.1037837214362,-20.5346943419431,42.7811842193044));
#3523=CARTESIAN_POINT('',(77.6952888096013,-20.5346943419431,42.7811842193044));
#3524=CARTESIAN_POINT('',(82.397325382301,-1.05778505503715,42.7811842193044));
#3525=CARTESIAN_POINT('',(83.1019390512321,-0.345080224847333,42.7811842193044));
#3526=CARTESIAN_POINT('',(70.3452888096013,-22.8400451088427,42.7811842193043));
#3527=CARTESIAN_POINT('',(58.0952888096013,-6.93469434194307,42.7811842193043));
#3528=CARTESIAN_POINT('',(70.3452888096012,-17.1620740422719,42.7811842193044));
#3529=CARTESIAN_POINT('',(70.3452888096012,-20.7216430820588,42.7811842193044));
#3530=CARTESIAN_POINT('',(82.397325382301,-1.05778505503715,42.7811842193044));
#3531=CARTESIAN_POINT('',(70.0454468739042,-20.5346943419431,42.7811842193044));
#3532=CARTESIAN_POINT('',(72.4952888096013,-20.5346943419431,42.7811842193044));
#3533=CARTESIAN_POINT('',(70.0867938977664,-20.5346943419431,42.7811842193044));
#3534=CARTESIAN_POINT('',(75.0952888096013,-23.8905477658689,42.7811842193044));
#3535=CARTESIAN_POINT('',(68.5943285605956,-19.5346943419431,42.7811842193043));
#3536=CARTESIAN_POINT('',(82.397325382301,-1.05778505503715,42.7811842193044));
#3537=CARTESIAN_POINT('',(65.1191616865776,-16.3346943419431,42.7811842193044));
#3538=CARTESIAN_POINT('',(75.0952888096013,-27.6176805954964,42.7811842193044));
#3539=CARTESIAN_POINT('',(64.2561937675849,-15.3586787953107,42.7811842193043));
#3540=CARTESIAN_POINT('',(75.0952888096013,-31.4177677472091,42.7811842193044));
#3541=CARTESIAN_POINT('',(63.917526726873,-14.8569132779141,42.7811842193043));
#3542=CARTESIAN_POINT('',(82.397325382301,-1.05778505503715,42.7811842193044));
#3543=CARTESIAN_POINT('',(62.6876185861616,-13.0346943419431,42.7811842193043));
#3544=CARTESIAN_POINT('',(75.0952888096013,-33.4532794935021,42.7811842193044));
#3545=CARTESIAN_POINT('',(62.0888607580266,-12.0493532199784,42.7811842193043));
#3546=CARTESIAN_POINT('',(75.0952888096013,-45.0533832274185,42.7811842193043));
#3547=CARTESIAN_POINT('',(61.9970686095969,-11.8164290989814,42.7811842193043));
#3548=CARTESIAN_POINT('',(82.397325382301,-1.05778505503715,42.7811842193044));
#3549=CARTESIAN_POINT('',(60.0952888096013,-6.93469434194305,42.7811842193043));
#3550=CARTESIAN_POINT('',(134.662937479066,12.7149598741548,42.7811842193045));
#3551=CARTESIAN_POINT('',(57.5952888096013,10.0653056580569,42.7811842193043));
#3552=CARTESIAN_POINT('',(57.5778149789399,10.5735482182141,42.7811842193043));
#3553=CARTESIAN_POINT('',(57.580291925065,10.5015039444437,42.7811842193043));
#3554=CARTESIAN_POINT('',(82.397325382301,10.5015039444437,42.7811842193044));
#3555=CARTESIAN_POINT('',(57.4805873491586,10.5015039444437,42.7811842193043));
#3556=CARTESIAN_POINT('',(57.4805873491586,10.5015039444437,42.7811842193043));
#3557=CARTESIAN_POINT('',(57.4805873491586,13.4015039444437,42.7811842193043));
#3558=CARTESIAN_POINT('',(57.0938125613713,24.6512071239404,42.7811842193044));
#3559=CARTESIAN_POINT('',(57.0938125613713,24.6512071239404,42.7811842193044));
#3560=CARTESIAN_POINT('',(54.5952888096013,24.5653056580569,42.7811842193044));
#3561=CARTESIAN_POINT('',(55.1803314714805,22.1347244346082,42.7811842193043));
#3562=CARTESIAN_POINT('',(55.5952888096013,10.0653056580569,42.7811842193043));
#3563=CARTESIAN_POINT('',(55.5952888096013,10.0653056580569,42.7811842193043));
#3564=CARTESIAN_POINT('',(132.662937479068,12.7149598741549,42.7811842193045));
#3565=CARTESIAN_POINT('',(82.397325382301,-1.05778505503715,42.7811842193044));
#3566=CARTESIAN_POINT('',(75.0952888096013,-20.7216430820589,42.7811842193044));
#3567=CARTESIAN_POINT('',(75.0952888096013,-20.5346943419431,42.7811842193044));
#3568=CARTESIAN_POINT('',(70.0454468739042,-20.5346943419431,42.7811842193044));
#3569=CARTESIAN_POINT('',(70.0454468739042,-20.5346943419431,32.6815003479103));
#3570=CARTESIAN_POINT('',(80.1451307452983,-20.5346943419431,32.6815003479102));
#3571=CARTESIAN_POINT('',(80.1451307452983,-20.5346943419431,42.7811842193043));
#3572=CARTESIAN_POINT('',(70.1449158328146,-20.5977756284922,42.7811842193044));
#3573=CARTESIAN_POINT('',(70.1449158328146,-20.5977756284922,32.8804382657311));
#3574=CARTESIAN_POINT('',(80.0456617863879,-20.5977756284922,32.880438265731));
#3575=CARTESIAN_POINT('',(80.0456617863879,-20.5977756284922,42.7811842193043));
#3576=CARTESIAN_POINT('',(70.2448650997972,-20.6600930941744,42.7811842193044));
#3577=CARTESIAN_POINT('',(70.2448650997972,-20.6600930941744,33.0803367996962));
#3578=CARTESIAN_POINT('',(79.9457125194053,-20.6600930941744,33.0803367996962));
#3579=CARTESIAN_POINT('',(79.9457125194053,-20.6600930941744,42.7811842193043));
#3580=CARTESIAN_POINT('',(70.3452888096014,-20.7216430820589,42.7811842193044));
#3581=CARTESIAN_POINT('',(70.3452888096014,-20.7216430820589,33.2811842193045));
#3582=CARTESIAN_POINT('',(79.8452888096012,-20.7216430820589,33.2811842193045));
#3583=CARTESIAN_POINT('',(79.8452888096012,-20.7216430820589,42.7811842193043));
#3584=CARTESIAN_POINT('',(75.0952888096013,-22.8400451088427,42.7811842193044));
#3585=CARTESIAN_POINT('',(75.0952888096013,-6.93469434194305,42.7811842193044));
#3586=CARTESIAN_POINT('',(70.3452888096013,-22.8400451088427,42.7811842193044));
#3587=CARTESIAN_POINT('',(70.3452888096013,-22.8400451088427,33.2811842193044));
#3588=CARTESIAN_POINT('',(79.8452888096013,-22.8400451088427,33.2811842193043));
#3589=CARTESIAN_POINT('',(79.8452888096013,-22.8400451088427,42.7811842193043));
#3590=CARTESIAN_POINT('',(64.2031123820445,-19.3568835741262,42.7811842193043));
#3591=CARTESIAN_POINT('',(64.2031123820446,-19.3568835741262,20.996831364191));
#3592=CARTESIAN_POINT('',(85.987465237158,-19.3568835741261,20.9968313641909));
#3593=CARTESIAN_POINT('',(85.987465237158,-19.3568835741262,42.7811842193043));
#3594=CARTESIAN_POINT('',(59.8945613448306,-13.7626782235974,42.7811842193043));
#3595=CARTESIAN_POINT('',(59.8945613448306,-13.7626782235974,12.379729289763));
#3596=CARTESIAN_POINT('',(90.2960162743719,-13.7626782235974,12.379729289763));
#3597=CARTESIAN_POINT('',(90.296016274372,-13.7626782235974,42.7811842193043));
#3598=CARTESIAN_POINT('',(58.0952888096013,-6.93469434194306,42.7811842193043));
#3599=CARTESIAN_POINT('',(58.0952888096013,-6.93469434194304,8.78118421930446));
#3600=CARTESIAN_POINT('',(92.0952888096012,-6.93469434194301,8.7811842193044));
#3601=CARTESIAN_POINT('',(92.0952888096013,-6.93469434194303,42.7811842193043));
#3602=CARTESIAN_POINT('',(75.0952888096013,-11.8164290989814,42.7811842193044));
#3603=CARTESIAN_POINT('',(75.0952888096013,-6.93469434194304,42.7811842193044));
#3604=CARTESIAN_POINT('',(60.0952888096013,-6.93469434194305,42.7811842193043));
#3605=CARTESIAN_POINT('',(60.0952888096013,-6.93469434194304,12.7811842193044));
#3606=CARTESIAN_POINT('',(90.0952888096013,-6.93469434194301,12.7811842193044));
#3607=CARTESIAN_POINT('',(90.0952888096013,-6.93469434194303,42.7811842193043));
#3608=CARTESIAN_POINT('',(60.5422181089218,-8.63072759552158,42.7811842193043));
#3609=CARTESIAN_POINT('',(60.5422181089218,-8.63072759552156,13.6750428179454));
#3610=CARTESIAN_POINT('',(89.6483595102808,-8.63072759552153,13.6750428179454));
#3611=CARTESIAN_POINT('',(89.6483595102808,-8.63072759552155,42.7811842193043));
#3612=CARTESIAN_POINT('',(61.1788913995263,-10.2650230758023,42.7811842193043));
#3613=CARTESIAN_POINT('',(61.1788913995263,-10.2650230758023,14.9483893991544));
#3614=CARTESIAN_POINT('',(89.0116862196762,-10.2650230758023,14.9483893991544));
#3615=CARTESIAN_POINT('',(89.0116862196763,-10.2650230758023,42.7811842193043));
#3616=CARTESIAN_POINT('',(61.9970686095969,-11.8164290989814,42.7811842193043));
#3617=CARTESIAN_POINT('',(61.9970686095969,-11.8164290989814,16.5847438192956));
#3618=CARTESIAN_POINT('',(88.1935090096056,-11.8164290989814,16.5847438192956));
#3619=CARTESIAN_POINT('',(88.1935090096057,-11.8164290989814,42.7811842193043));
#3620=CARTESIAN_POINT('',(75.0952888096013,-14.8569132779141,42.7811842193044));
#3621=CARTESIAN_POINT('',(75.0952888096013,-13.0346943419431,42.7811842193044));
#3622=CARTESIAN_POINT('',(62.6876185861616,-13.034694341943,42.7811842193043));
#3623=CARTESIAN_POINT('',(62.6876185861616,-13.034694341943,17.965843772425));
#3624=CARTESIAN_POINT('',(87.502959033041,-13.034694341943,17.965843772425));
#3625=CARTESIAN_POINT('',(87.502959033041,-13.034694341943,42.7811842193044));
#3626=CARTESIAN_POINT('',(63.0684610370089,-13.6614247330574,42.7811842193043));
#3627=CARTESIAN_POINT('',(63.0684610370089,-13.6614247330574,18.7275286741196));
#3628=CARTESIAN_POINT('',(87.1221165821937,-13.6614247330574,18.7275286741196));
#3629=CARTESIAN_POINT('',(87.1221165821937,-13.6614247330574,42.7811842193044));
#3630=CARTESIAN_POINT('',(63.4787412534202,-14.2692915766467,42.7811842193043));
#3631=CARTESIAN_POINT('',(63.4787412534202,-14.2692915766467,19.5480891069422));
#3632=CARTESIAN_POINT('',(86.7118363657824,-14.2692915766466,19.5480891069422));
#3633=CARTESIAN_POINT('',(86.7118363657824,-14.2692915766466,42.7811842193044));
#3634=CARTESIAN_POINT('',(63.917526726873,-14.8569132779141,42.7811842193043));
#3635=CARTESIAN_POINT('',(63.9175267268731,-14.8569132779141,20.4256600538479));
#3636=CARTESIAN_POINT('',(86.2730508923295,-14.8569132779141,20.4256600538479));
#3637=CARTESIAN_POINT('',(86.2730508923295,-14.8569132779141,42.7811842193044));
#3638=CARTESIAN_POINT('',(75.0952888096013,-19.5346943419431,42.7811842193044));
#3639=CARTESIAN_POINT('',(75.0952888096013,-16.3346943419431,42.7811842193044));
#3640=CARTESIAN_POINT('',(65.1191616865778,-16.334694341943,42.7811842193044));
#3641=CARTESIAN_POINT('',(65.1191616865778,-16.334694341943,22.8289299732574));
#3642=CARTESIAN_POINT('',(85.0714159326248,-16.334694341943,22.8289299732573));
#3643=CARTESIAN_POINT('',(85.0714159326248,-16.334694341943,42.7811842193043));
#3644=CARTESIAN_POINT('',(66.1658862980678,-17.5185384587087,42.7811842193044));
#3645=CARTESIAN_POINT('',(66.1658862980678,-17.5185384587087,24.9223791962374));
#3646=CARTESIAN_POINT('',(84.0246913211347,-17.5185384587087,24.9223791962374));
#3647=CARTESIAN_POINT('',(84.0246913211348,-17.5185384587087,42.7811842193043));
#3648=CARTESIAN_POINT('',(67.3283502575465,-18.588957464525,42.7811842193044));
#3649=CARTESIAN_POINT('',(67.3283502575465,-18.588957464525,27.2473071151949));
#3650=CARTESIAN_POINT('',(82.862227361656,-18.588957464525,27.2473071151948));
#3651=CARTESIAN_POINT('',(82.862227361656,-18.588957464525,42.7811842193043));
#3652=CARTESIAN_POINT('',(68.5943285605957,-19.5346943419431,42.7811842193044));
#3653=CARTESIAN_POINT('',(68.5943285605957,-19.5346943419431,29.7792637212932));
#3654=CARTESIAN_POINT('',(81.5962490586068,-19.5346943419431,29.7792637212932));
#3655=CARTESIAN_POINT('',(81.5962490586069,-19.5346943419431,42.7811842193043));
#3656=CARTESIAN_POINT('',(75.0952888096013,-20.5346943419431,42.7811842193044));
#3657=CARTESIAN_POINT('',(70.4730563638298,-20.5346943419431,42.7811842193044));
#3658=CARTESIAN_POINT('',(75.0952888096013,10.0653056580569,42.7811842193044));
#3659=CARTESIAN_POINT('',(58.0952888096013,-6.93469434194307,42.7811842193043));
#3660=CARTESIAN_POINT('',(58.0952888096013,-6.93469434194305,8.78118421930445));
#3661=CARTESIAN_POINT('',(92.0952888096013,-6.93469434194302,8.7811842193044));
#3662=CARTESIAN_POINT('',(92.0952888096013,-6.93469434194304,42.7811842193043));
#3663=CARTESIAN_POINT('',(56.6297197537165,-1.3730677983814,42.7811842193043));
#3664=CARTESIAN_POINT('',(56.6297197537165,-1.37306779838138,5.85004610753486));
#3665=CARTESIAN_POINT('',(93.560857865486,-1.37306779838135,5.85004610753484));
#3666=CARTESIAN_POINT('',(93.5608578654861,-1.37306779838137,42.7811842193043));
#3667=CARTESIAN_POINT('',(55.7929132148555,4.31721666587312,42.7811842193043));
#3668=CARTESIAN_POINT('',(55.7929132148556,4.31721666587314,4.17643302981297));
#3669=CARTESIAN_POINT('',(94.397664404347,4.31721666587317,4.17643302981294));
#3670=CARTESIAN_POINT('',(94.397664404347,4.31721666587315,42.7811842193043));
#3671=CARTESIAN_POINT('',(55.5952888096013,10.0653056580569,42.7811842193043));
#3672=CARTESIAN_POINT('',(55.5952888096014,10.0653056580569,3.78118421930452));
#3673=CARTESIAN_POINT('',(94.5952888096012,10.065305658057,3.78118421930446));
#3674=CARTESIAN_POINT('',(94.5952888096012,10.065305658057,42.7811842193043));
#3675=CARTESIAN_POINT('',(75.0952888096012,22.1347244346082,42.7811842193044));
#3676=CARTESIAN_POINT('',(75.0952888096013,10.0653056580569,42.7811842193044));
#3677=CARTESIAN_POINT('',(75.0952888096012,24.6512071239404,42.7811842193044));
#3678=CARTESIAN_POINT('',(75.0952888096012,24.5653056580569,42.7811842193044));
#3679=CARTESIAN_POINT('',(75.0952888096013,13.4015039444437,42.7811842193044));
#3680=CARTESIAN_POINT('',(75.0952888096013,14.0699435591579,42.7811842193044));
#3681=CARTESIAN_POINT('',(75.0952888096013,10.5015039444437,42.7811842193044));
#3682=CARTESIAN_POINT('',(75.0952888096013,10.0653056580569,42.7811842193044));
#3683=CARTESIAN_POINT('',(75.0952888096013,10.5735482182141,42.7811842193044));
#3684=CARTESIAN_POINT('',(57.5952888096013,10.0653056580569,42.7811842193043));
#3685=CARTESIAN_POINT('',(57.5952888096013,10.065305658057,7.78118421930443));
#3686=CARTESIAN_POINT('',(92.5952888096012,10.065305658057,7.78118421930441));
#3687=CARTESIAN_POINT('',(92.5952888096013,10.065305658057,42.7811842193044));
#3688=CARTESIAN_POINT('',(57.7929132148555,4.31721666587314,42.7811842193043));
#3689=CARTESIAN_POINT('',(57.7929132148555,4.31721666587316,8.17643302981286));
#3690=CARTESIAN_POINT('',(92.397664404347,4.31721666587319,8.17643302981285));
#3691=CARTESIAN_POINT('',(92.3976644043471,4.31721666587317,42.7811842193043));
#3692=CARTESIAN_POINT('',(58.6297197537164,-1.37306779838139,42.7811842193043));
#3693=CARTESIAN_POINT('',(58.6297197537165,-1.37306779838137,9.85004610753477));
#3694=CARTESIAN_POINT('',(91.5608578654861,-1.37306779838134,9.85004610753476));
#3695=CARTESIAN_POINT('',(91.5608578654861,-1.37306779838136,42.7811842193044));
#3696=CARTESIAN_POINT('',(60.0952888096013,-6.93469434194306,42.7811842193043));
#3697=CARTESIAN_POINT('',(60.0952888096013,-6.93469434194304,12.7811842193044));
#3698=CARTESIAN_POINT('',(90.0952888096013,-6.93469434194302,12.7811842193043));
#3699=CARTESIAN_POINT('',(90.0952888096013,-6.93469434194303,42.7811842193043));
#3700=CARTESIAN_POINT('',(75.0952888096011,10.5015039444437,42.7811842193043));
#3701=CARTESIAN_POINT('',(75.0952888096011,10.5015039444437,42.7811842193043));
#3702=CARTESIAN_POINT('',(75.0952888096012,10.5015039444437,42.7811842193043));
#3703=CARTESIAN_POINT('',(75.0952888096013,-12.0493532199784,42.7811842193044));
#3704=CARTESIAN_POINT('',(75.0952888096013,-12.0493532199784,42.7811842193044));
#3705=CARTESIAN_POINT('',(75.0952888096013,-11.8164290989814,42.7811842193044));
#3706=CARTESIAN_POINT('',(75.0952888096013,-15.3586787953107,42.7811842193044));
#3707=CARTESIAN_POINT('',(75.0952888096013,-13.0346943419431,42.7811842193044));
#3708=CARTESIAN_POINT('',(75.0952888096013,-15.3586787953107,42.7811842193044));
#3709=CARTESIAN_POINT('',(75.0952888096013,-19.5346943419431,42.7811842193044));
#3710=CARTESIAN_POINT('',(75.0952888096012,-17.1620740422718,42.7811842193044));
#3711=CARTESIAN_POINT('',(75.0952888096013,13.4015039444437,42.7811842193044));
#3712=CARTESIAN_POINT('',(60.2933231672131,13.4015039444436,33.1106788147968));
#3713=CARTESIAN_POINT('',(75.0952888096013,5.90150394444365,42.7811842193044));
#3714=CARTESIAN_POINT('',(60.2933231672131,5.90150394444365,33.1106788147968));
#3715=CARTESIAN_POINT('',(75.0952888096013,13.4015039444437,42.7811842193044));
#3716=CARTESIAN_POINT('',(75.0952888096013,13.4015039444437,42.7811842193044));
#3717=CARTESIAN_POINT('',(63.3233881127389,13.4015039444436,35.0902982882946));
#3718=CARTESIAN_POINT('',(65.4247834050937,13.4015039444436,57.5831498616925));
#3719=CARTESIAN_POINT('',(67.4044028785915,13.4015039444436,54.5530849161667));
#3720=CARTESIAN_POINT('',(67.425877975029,12.2674870180206,54.5202144894063));
#3721=CARTESIAN_POINT('',(66.56705742408,11.129660042417,55.8347509853166));
#3722=CARTESIAN_POINT('',(65.9666549234077,9.94141713866652,56.7537450621322));
#3723=CARTESIAN_POINT('',(65.5131486039633,7.59505673658773,57.4478954377571));
#3724=CARTESIAN_POINT('',(65.4247834050937,5.90150394444364,57.5831498616925));
#3725=CARTESIAN_POINT('',(75.0952888096013,13.4015039444437,42.7811842193044));
#3726=CARTESIAN_POINT('',(65.0681328983489,28.4546426045605,32.3345717008652));
#3727=CARTESIAN_POINT('',(64.4074794362242,29.5091136491202,32.8924914084432));
#3728=CARTESIAN_POINT('',(63.6653851184446,30.4038881173332,33.6507355533332));
#3729=CARTESIAN_POINT('',(62.2931250295743,31.7603458639273,35.5576068067934));
#3730=CARTESIAN_POINT('',(61.665810376028,32.2152675666039,36.7088667499944));
#3731=CARTESIAN_POINT('',(61.2163986611025,32.3661558191812,37.9853509156798));
#3732=CARTESIAN_POINT('',(65.0681328983489,28.4546426045605,32.3345717008652));
#3733=CARTESIAN_POINT('',(61.2163986611025,32.3661558191812,37.9853509156798));
#3734=CARTESIAN_POINT('',(74.1075151732822,23.4218839091821,42.5135964714279));
#3735=CARTESIAN_POINT('',(63.6058608531664,25.8426842527231,30.6879433233389));
#3736=CARTESIAN_POINT('',(59.2851183631627,32.3661558191812,37.4621673375376));
#3737=CARTESIAN_POINT('',(59.8629291585594,32.1639248080156,35.7446907128008));
#3738=CARTESIAN_POINT('',(60.7205948675061,31.3974698016159,34.1993233895559));
#3739=CARTESIAN_POINT('',(62.3827287923136,29.1120250958901,31.8875631942761));
#3740=CARTESIAN_POINT('',(63.1939746713309,27.5808050738564,31.0792641159338));
#3741=CARTESIAN_POINT('',(63.6058608531664,25.8426842527231,30.6879433233389));
#3742=CARTESIAN_POINT('',(59.2851183631627,32.3661558191812,37.4621673375375));
#3743=CARTESIAN_POINT('',(57.9829811333495,32.3661558191812,37.1094185336209));
#3744=CARTESIAN_POINT('',(57.7215058266847,23.4218839091821,38.0746286993386));
#3745=CARTESIAN_POINT('',(81.9320461366491,28.4546426045606,30.0166114481527));
#3746=CARTESIAN_POINT('',(80.4791179153564,30.5397555120493,29.1150900378494));
#3747=CARTESIAN_POINT('',(78.0757097954702,32.0641164908445,28.1655600032428));
#3748=CARTESIAN_POINT('',(75.3675844051295,32.3661558191812,28.0995813116208));
#3749=CARTESIAN_POINT('',(81.9320461366491,28.4546426045606,30.0166114481527));
#3750=CARTESIAN_POINT('',(75.3675844051295,32.3661558191812,28.0995813116208));
#3751=CARTESIAN_POINT('',(75.0445410406818,23.4218839091821,41.7590665042782));
#3752=CARTESIAN_POINT('',(83.0462158726512,25.8426842527232,28.11707193891));
#3753=CARTESIAN_POINT('',(75.2683631233755,32.3661558191812,26.1011519826488));
#3754=CARTESIAN_POINT('',(77.0956030133601,32.1622206382981,26.1201116756262));
#3755=CARTESIAN_POINT('',(78.8067295445981,31.4048564716385,26.455327852678));
#3756=CARTESIAN_POINT('',(81.5377316329969,29.1029348340461,27.3279221397179));
#3757=CARTESIAN_POINT('',(82.5480556500299,27.5763234324883,27.8469679244262));
#3758=CARTESIAN_POINT('',(83.0462158726512,25.8426842527232,28.11707193891));
#3759=CARTESIAN_POINT('',(75.2683631233755,32.3661558191812,26.1011519826488));
#3760=CARTESIAN_POINT('',(75.2014646389351,32.3661558191812,24.7537405099687));
#3761=CARTESIAN_POINT('',(74.2026949078661,23.4218839091821,24.8033290600651));
#3762=CARTESIAN_POINT('',(90.3008283963908,32.3661558191813,35.9222487327638));
#3763=CARTESIAN_POINT('',(89.5494557164091,32.1622206382982,34.2565344171365));
#3764=CARTESIAN_POINT('',(88.5551082298858,31.4048564716386,32.8241947342022));
#3765=CARTESIAN_POINT('',(86.6589579631322,29.1029348340465,30.6737512072748));
#3766=CARTESIAN_POINT('',(85.7777802606564,27.5763234324888,29.9570301997158));
#3767=CARTESIAN_POINT('',(85.3303141877525,25.8426842527238,29.6093321990852));
#3768=CARTESIAN_POINT('',(90.3008283963908,32.3661558191812,35.9222487327638));
#3769=CARTESIAN_POINT('',(85.3303141877525,25.8426842527238,29.6093321990852));
#3770=CARTESIAN_POINT('',(76.0516985998745,23.4218839091821,42.4170684787915));
#3771=CARTESIAN_POINT('',(84.0383405825884,28.4546426045608,31.3927078609568));
#3772=CARTESIAN_POINT('',(88.4308702229824,32.3661558191812,36.6341624040408));
#3773=CARTESIAN_POINT('',(87.858032309477,32.2154795255981,35.4101943428661));
#3774=CARTESIAN_POINT('',(87.1152075650705,31.7579775868532,34.3196353882906));
#3775=CARTESIAN_POINT('',(85.5572043932634,30.3965553822394,32.5562456062303));
#3776=CARTESIAN_POINT('',(84.7427088636335,29.4968316590089,31.8767384036056));
#3777=CARTESIAN_POINT('',(84.0383405825884,28.4546426045608,31.3927078609568));
#3778=CARTESIAN_POINT('',(88.4308702229824,32.3661558191812,36.6341624040408));
#3779=CARTESIAN_POINT('',(91.5616200890242,32.3661558191812,35.4422514497325));
#3780=CARTESIAN_POINT('',(91.9174184230946,23.4218839091821,36.3768142060376));
#3781=CARTESIAN_POINT('',(73.2708236612377,32.3661558191812,26.2003290828416));
#3782=CARTESIAN_POINT('',(71.4544482798508,32.1622206382982,26.4001929350019));
#3783=CARTESIAN_POINT('',(69.7849420191983,31.4048564716386,26.9032562877773));
#3784=CARTESIAN_POINT('',(67.1538060336738,29.1029348340463,28.042078759584));
#3785=CARTESIAN_POINT('',(66.1998649639399,27.5763234324885,28.6586495839764));
#3786=CARTESIAN_POINT('',(65.7309098938038,25.8426842527234,28.9767705173275));
#3787=CARTESIAN_POINT('',(73.2708236612377,32.3661558191812,26.2003290828416));
#3788=CARTESIAN_POINT('',(65.7309098938038,25.8426842527234,28.9767705173275));
#3789=CARTESIAN_POINT('',(75.0445410406818,23.4218839091821,41.7590665042787));
#3790=CARTESIAN_POINT('',(67.0277591377494,28.4546426045606,30.7566038202732));
#3791=CARTESIAN_POINT('',(73.3700449429918,32.3661558191812,28.1987584118136));
#3792=CARTESIAN_POINT('',(72.028965492379,32.2154795255981,28.3653327107586));
#3793=CARTESIAN_POINT('',(70.7622368223622,31.7579775868531,28.7347997740601));
#3794=CARTESIAN_POINT('',(68.6037040219868,30.3965553822393,29.671631432652));
#3795=CARTESIAN_POINT('',(67.705761308563,29.4968316590088,30.2362834401887));
#3796=CARTESIAN_POINT('',(67.0277591377494,28.4546426045606,30.7566038202732));
#3797=CARTESIAN_POINT('',(73.3700449429918,32.3661558191812,28.1987584118136));
#3798=CARTESIAN_POINT('',(73.2039251767973,32.3661558191812,24.8529176101615));
#3799=CARTESIAN_POINT('',(74.2026949078661,23.4218839091821,24.8033290600651));
#3800=CARTESIAN_POINT('',(89.3477931218038,28.4546426045607,45.3388569133003));
#3801=CARTESIAN_POINT('',(89.5543360239777,29.5091136491204,44.4991680264601));
#3802=CARTESIAN_POINT('',(89.7090182124871,30.4038881173333,43.4495435315579));
#3803=CARTESIAN_POINT('',(89.6983691442812,31.7603458639273,41.1002580388761));
#3804=CARTESIAN_POINT('',(89.529183743652,32.2152675666039,39.8001428779819));
#3805=CARTESIAN_POINT('',(89.1424668911231,32.3661558191812,38.5032879166512));
#3806=CARTESIAN_POINT('',(89.3477931218038,28.4546426045607,45.3388569133003));
#3807=CARTESIAN_POINT('',(89.1424668911231,32.3661558191812,38.5032879166512));
#3808=CARTESIAN_POINT('',(76.0516985998749,23.4218839091821,42.4170684787913));
#3809=CARTESIAN_POINT('',(91.4986599330721,25.8426842527235,45.8115053111413));
#3810=CARTESIAN_POINT('',(91.0124250645316,32.3661558191812,37.7913742453742));
#3811=CARTESIAN_POINT('',(91.5590415037835,32.1622206382981,39.5350415169166));
#3812=CARTESIAN_POINT('',(91.7689991519093,31.4048564716386,41.2660070501543));
#3813=CARTESIAN_POINT('',(91.7830387261268,29.1029348340463,44.1329908462315));
#3814=CARTESIAN_POINT('',(91.6016041414128,27.5763234324886,45.2542600545337));
#3815=CARTESIAN_POINT('',(91.4986599330721,25.8426842527235,45.8115053111413));
#3816=CARTESIAN_POINT('',(91.0124250645316,32.3661558191812,37.7913742453742));
#3817=CARTESIAN_POINT('',(92.273216757165,32.3661558191812,37.3113769623429));
#3818=CARTESIAN_POINT('',(91.9174184230946,23.4218839091821,36.3768142060376));
#3819=CARTESIAN_POINT('',(86.3172942398827,32.3661558191812,55.1229840984421));
#3820=CARTESIAN_POINT('',(87.6579978629971,32.1639248080157,53.9039250076833));
#3821=CARTESIAN_POINT('',(88.7286701430891,31.3974698016161,52.497720363722));
#3822=CARTESIAN_POINT('',(90.1780233409005,29.1120250958906,50.0469450389585));
#3823=CARTESIAN_POINT('',(90.5923580670478,27.5808050738571,48.97933368131));
#3824=CARTESIAN_POINT('',(90.7852612848137,25.842684252724,48.4449456780017));
#3825=CARTESIAN_POINT('',(86.3172942398827,32.3661558191812,55.1229840984421));
#3826=CARTESIAN_POINT('',(90.7852612848137,25.842684252724,48.4449456780017));
#3827=CARTESIAN_POINT('',(75.7371303360827,23.4218839091821,43.5782660308543));
#3828=CARTESIAN_POINT('',(88.6899284403089,28.4546426045608,47.7672991488019));
#3829=CARTESIAN_POINT('',(85.0623752494216,32.3661558191812,53.564541615375));
#3830=CARTESIAN_POINT('',(86.0494213994434,32.2154795255981,52.6415134534797));
#3831=CARTESIAN_POINT('',(86.8570591297326,31.7579775868532,51.598043889515));
#3832=CARTESIAN_POINT('',(88.0526930153509,30.3965553822395,49.5713774101955));
#3833=CARTESIAN_POINT('',(88.4472498077785,29.4968316590089,48.5867668558365));
#3834=CARTESIAN_POINT('',(88.6899284403089,28.4546426045608,47.7672991488019));
#3835=CARTESIAN_POINT('',(85.0623752494216,32.3661558191812,53.564541615375));
#3836=CARTESIAN_POINT('',(87.1634048431041,32.3661558191812,56.1737409357014));
#3837=CARTESIAN_POINT('',(86.3845305756314,23.4218839091821,56.8009210338141));
#3838=CARTESIAN_POINT('',(58.7621677498332,32.3661558191812,39.3925876689728));
#3839=CARTESIAN_POINT('',(58.3909587077893,32.1622206382981,41.1818246383577));
#3840=CARTESIAN_POINT('',(58.3534945807986,31.4048564716385,42.9250745718018));
#3841=CARTESIAN_POINT('',(58.6235133794752,29.1029348340461,45.7793490934579));
#3842=CARTESIAN_POINT('',(58.9151230775911,27.5763234324882,46.8771318269629));
#3843=CARTESIAN_POINT('',(59.0727589779542,25.8426842527231,47.4214393769373));
#3844=CARTESIAN_POINT('',(58.7621677498332,32.3661558191812,39.3925876689728));
#3845=CARTESIAN_POINT('',(59.0727589779542,25.8426842527231,47.4214393769373));
#3846=CARTESIAN_POINT('',(74.1075151732826,23.4218839091821,42.513596471428));
#3847=CARTESIAN_POINT('',(61.1662294941614,28.4546426045605,46.7380611905951));
#3848=CARTESIAN_POINT('',(60.693448047773,32.3661558191812,39.915771247115));
#3849=CARTESIAN_POINT('',(60.4374532791856,32.2154795255981,41.24268788669));
#3850=CARTESIAN_POINT('',(60.3973966509977,31.7579775868531,42.5615900441094));
#3851=CARTESIAN_POINT('',(60.6213531863415,30.3965553822393,44.9039736329166));
#3852=CARTESIAN_POINT('',(60.8808895991253,29.4968316590087,45.9324549680148));
#3853=CARTESIAN_POINT('',(61.1662294941614,28.4546426045605,46.7380611905951));
#3854=CARTESIAN_POINT('',(60.693448047773,32.3661558191812,39.915771247115));
#3855=CARTESIAN_POINT('',(57.46003052002,32.3661558191812,39.0398388650562));
#3856=CARTESIAN_POINT('',(57.7215058266847,23.4218839091821,38.0746286993386));
#3857=CARTESIAN_POINT('',(77.0670635722991,28.4546426045606,57.126485647443));
#3858=CARTESIAN_POINT('',(77.9294804266283,29.5091136491204,57.0634414844285));
#3859=CARTESIAN_POINT('',(78.9755320671445,30.4038881173333,56.8862011811281));
#3860=CARTESIAN_POINT('',(81.2065446005474,31.7603458639273,56.1501041735412));
#3861=CARTESIAN_POINT('',(82.3907464322554,32.2152675666039,55.58744161645));
#3862=CARTESIAN_POINT('',(83.504626714476,32.3661558191812,54.8189018116006));
#3863=CARTESIAN_POINT('',(77.0670635722991,28.4546426045606,57.126485647443));
#3864=CARTESIAN_POINT('',(83.504626714476,32.3661558191812,54.8189018116006));
#3865=CARTESIAN_POINT('',(75.7371303360829,23.4218839091821,43.5782660308546));
#3866=CARTESIAN_POINT('',(77.282202630935,25.8426842527236,59.3181379312796));
#3867=CARTESIAN_POINT('',(84.7595457049372,32.3661558191812,56.3773442946677));
#3868=CARTESIAN_POINT('',(83.2701333532198,32.1622206382981,57.4360302405743));
#3869=CARTESIAN_POINT('',(81.6887677847216,31.4048564716385,58.170609596418));
#3870=CARTESIAN_POINT('',(78.9664426303768,29.1029348340463,59.0699087405491));
#3871=CARTESIAN_POINT('',(77.8439858732559,27.5763234324886,59.2438454371103));
#3872=CARTESIAN_POINT('',(77.282202630935,25.8426842527236,59.3181379312796));
#3873=CARTESIAN_POINT('',(84.7595457049372,32.3661558191812,56.3773442946676));
#3874=CARTESIAN_POINT('',(85.6056563081586,32.3661558191812,57.428101131927));
#3875=CARTESIAN_POINT('',(86.3845305756314,23.4218839091821,56.8009210338141));
#3876=CARTESIAN_POINT('',(62.061408318905,28.4546426045605,49.0893953867606));
#3877=CARTESIAN_POINT('',(62.3878683451774,29.5091136491203,49.8901208380656));
#3878=CARTESIAN_POINT('',(62.8796816244946,30.4038881173332,50.8302048013518));
#3879=CARTESIAN_POINT('',(64.2691722676706,31.7603458639273,52.7245573243278));
#3880=CARTESIAN_POINT('',(65.1702346498352,32.2152675666039,53.6769279007427));
#3881=CARTESIAN_POINT('',(66.2453673761748,32.3661558191812,54.4987991409693));
#3882=CARTESIAN_POINT('',(62.061408318905,28.4546426045605,49.0893953867606));
#3883=CARTESIAN_POINT('',(66.2453673761748,32.3661558191812,54.4987991409693));
#3884=CARTESIAN_POINT('',(74.5355588980844,23.4218839091821,43.6379236111698));
#3885=CARTESIAN_POINT('',(60.0435047581813,25.8426842527232,49.971262591852));
#3886=CARTESIAN_POINT('',(65.150991791999,32.3661558191812,56.1738832362935));
#3887=CARTESIAN_POINT('',(63.6838678961217,32.1622206382981,55.0845198627332));
#3888=CARTESIAN_POINT('',(62.4965725780252,31.4048564716385,53.8075493388409));
#3889=CARTESIAN_POINT('',(60.8000435299937,29.1029348340461,51.4963629798904));
#3890=CARTESIAN_POINT('',(60.2877616879051,27.5763234324882,50.4825925619539));
#3891=CARTESIAN_POINT('',(60.0435047581813,25.8426842527232,49.971262591852));
#3892=CARTESIAN_POINT('',(65.150991791999,32.3661558191812,56.1738832362935));
#3893=CARTESIAN_POINT('',(64.4131252103982,32.3661558191812,57.3032839586624));
#3894=CARTESIAN_POINT('',(65.2502943147294,23.4218839091821,57.8502280972664));
#3895=CARTESIAN_POINT('',(66.8253300006615,32.3661558191812,57.2677715135015));
#3896=CARTESIAN_POINT('',(68.412285577134,32.1622206382981,58.1737169223489));
#3897=CARTESIAN_POINT('',(70.0586377339474,31.4048564716386,58.7480412793279));
#3898=CARTESIAN_POINT('',(72.8566545146553,29.1029348340465,59.3732574751274));
#3899=CARTESIAN_POINT('',(73.9908202892739,27.5763234324888,59.4351536923039));
#3900=CARTESIAN_POINT('',(74.5571997036817,25.8426842527238,59.4534333251702));
#3901=CARTESIAN_POINT('',(66.8253300006615,32.3661558191812,57.2677715135015));
#3902=CARTESIAN_POINT('',(74.5571997036817,25.8426842527238,59.4534333251702));
#3903=CARTESIAN_POINT('',(74.5355588980847,23.4218839091821,43.6379236111694));
#3904=CARTESIAN_POINT('',(74.5541863931979,28.4546426045608,57.2512490758947));
#3905=CARTESIAN_POINT('',(67.9197055848372,32.3661558191812,55.5926874181773));
#3906=CARTESIAN_POINT('',(70.3066992473317,32.0620948662615,56.9114445685761));
#3907=CARTESIAN_POINT('',(72.8326137953096,30.5547187756811,57.2964436108526));
#3908=CARTESIAN_POINT('',(74.5541863931979,28.4546426045607,57.2512490758947));
#3909=CARTESIAN_POINT('',(67.9197055848372,32.3661558191812,55.5926874181773));
#3910=CARTESIAN_POINT('',(66.0874634190606,32.3661558191812,58.3971722358704));
#3911=CARTESIAN_POINT('',(65.2502943147294,23.4218839091821,57.8502280972664));
#3912=CARTESIAN_POINT('',(61.1662294941614,28.4546426045605,46.7380611905951));
#3913=CARTESIAN_POINT('',(61.4063374839415,27.5776607201915,47.4159632085854));
#3914=CARTESIAN_POINT('',(61.6040820090202,26.4788969742549,47.7501563326552));
#3915=CARTESIAN_POINT('',(61.6665102902829,25.3480290147245,47.7489796491559));
#3916=CARTESIAN_POINT('',(61.6665102902829,25.3480290147245,47.7489796491559));
#3917=CARTESIAN_POINT('',(61.6665102902829,25.3480290147245,47.7489796491559));
#3918=CARTESIAN_POINT('',(61.686141252301,24.9924205386944,47.748609633698));
#3919=CARTESIAN_POINT('',(61.7057766277872,24.6368123063631,47.7482395350525));
#3920=CARTESIAN_POINT('',(61.7254164748304,24.2812043211063,47.7478693521246));
#3921=CARTESIAN_POINT('',(61.7552667203453,23.7407222265355,47.7473067178403));
#3922=CARTESIAN_POINT('',(61.785127295074,23.2002407025357,47.7467438888652));
#3923=CARTESIAN_POINT('',(61.8149984076327,22.6597597612429,47.7461808612671));
#3924=CARTESIAN_POINT('',(61.8561445623415,21.9152708379081,47.7454053153074));
#3925=CARTESIAN_POINT('',(61.8973107105367,21.1707830196742,47.7446293924992));
#3926=CARTESIAN_POINT('',(61.9384974155719,20.426296339365,47.7438530822241));
#3927=CARTESIAN_POINT('',(61.938497415572,20.4262963393636,47.7438530822241));
#3928=CARTESIAN_POINT('',(66.2424826771987,20.4262963393627,31.8561182876456));
#3929=CARTESIAN_POINT('',(63.9768960519955,20.4262963393625,33.6919698325747));
#3930=CARTESIAN_POINT('',(62.2857234134686,20.4262963393625,36.2878025822316));
#3931=CARTESIAN_POINT('',(60.7596114746938,20.4262963393627,41.9225072882688));
#3932=CARTESIAN_POINT('',(60.9048270153249,20.426296339363,45.0034353348522));
#3933=CARTESIAN_POINT('',(61.938497415567,20.4262963393634,47.743853082211));
#3934=CARTESIAN_POINT('',(66.2424826771988,20.4262963393627,31.8561182876455));
#3935=CARTESIAN_POINT('',(66.2424826771987,20.4262963393651,31.8561182876454));
#3936=CARTESIAN_POINT('',(66.2181203375419,20.9421060255982,31.8412503381229));
#3937=CARTESIAN_POINT('',(66.1937664228977,21.4579162580519,31.8263875302521));
#3938=CARTESIAN_POINT('',(66.1694207723733,21.9737270257427,31.8115297658424));
#3939=CARTESIAN_POINT('',(66.1450751218491,22.48953779343,31.7966720014329));
#3940=CARTESIAN_POINT('',(66.1207377354455,23.0053490965369,31.7818192804851));
#3941=CARTESIAN_POINT('',(66.0964084564458,23.5211609243786,31.7669715073574));
#3942=CARTESIAN_POINT('',(66.0720791774462,24.0369727522169,31.7521237342297));
#3943=CARTESIAN_POINT('',(66.0477580058513,24.5527851049656,31.7372809089225));
#3944=CARTESIAN_POINT('',(66.0234447889826,25.068597972228,31.7224429382586));
#3945=CARTESIAN_POINT('',(66.0190543942325,25.1617416362988,31.7197635499712));
#3946=CARTESIAN_POINT('',(66.0146642588792,25.2548853171509,31.7170843199897));
#3947=CARTESIAN_POINT('',(66.0102743820374,25.3480290147239,31.7144052477736));
#3948=CARTESIAN_POINT('',(66.0102743820374,25.3480290147239,31.7144052477736));
#3949=CARTESIAN_POINT('',(66.0102743820372,25.3480290147244,31.7144052477734));
#3950=CARTESIAN_POINT('',(65.9569769283565,26.4788857758526,31.6818786570534));
#3951=CARTESIAN_POINT('',(65.6175986922103,27.5776385429462,31.8705496187749));
#3952=CARTESIAN_POINT('',(65.0681328983489,28.4546426045605,32.3345717008652));
#3953=CARTESIAN_POINT('',(61.2163986611025,32.3661558191812,37.9853509156798));
#3954=CARTESIAN_POINT('',(61.2160233228433,32.3735962534532,37.9852492365949));
#3955=CARTESIAN_POINT('',(61.2156479845765,32.3810366877248,37.9851475575079));
#3956=CARTESIAN_POINT('',(61.2152726463022,32.388477121996,37.9850458784188));
#3957=CARTESIAN_POINT('',(61.2152726463022,32.388477121996,37.9850458784188));
#3958=CARTESIAN_POINT('',(60.6923220329726,32.388477121996,39.915466209854));
#3959=CARTESIAN_POINT('',(60.8224167368989,32.388477121996,39.2616162175356));
#3960=CARTESIAN_POINT('',(60.9975428503525,32.388477121996,38.6151555358596));
#3961=CARTESIAN_POINT('',(61.2152726463022,32.388477121996,37.9850458784188));
#3962=CARTESIAN_POINT('',(60.6923220329726,32.388477121996,39.915466209854));
#3963=CARTESIAN_POINT('',(60.6923220329726,32.388477121996,39.915466209854));
#3964=CARTESIAN_POINT('',(60.692697371247,32.3810366877248,39.9155678889431));
#3965=CARTESIAN_POINT('',(60.6930727095138,32.3735962534532,39.9156695680301));
#3966=CARTESIAN_POINT('',(60.693448047773,32.3661558191812,39.915771247115));
#3967=CARTESIAN_POINT('',(61.3771260589529,32.388477121996,48.0223484435086));
#3968=CARTESIAN_POINT('',(60.2716833108865,32.388477121996,45.1289753529524));
#3969=CARTESIAN_POINT('',(60.1138564879623,32.388477121996,41.8822466347548));
#3970=CARTESIAN_POINT('',(60.9334506273168,32.388477121996,38.8952955208022));
#3971=CARTESIAN_POINT('',(61.7530447666713,32.388477121996,35.9083444068495));
#3972=CARTESIAN_POINT('',(63.5457634478038,32.388477121996,33.1968288885605));
#3973=CARTESIAN_POINT('',(65.9730580902105,32.388477121996,31.2728090785402));
#3974=CARTESIAN_POINT('',(61.5767753730159,28.4010833946764,47.9623526783279));
#3975=CARTESIAN_POINT('',(60.4839866614759,28.4010833946764,45.1110887217249));
#3976=CARTESIAN_POINT('',(60.3250316075473,28.4010833946764,41.9104904502974));
#3977=CARTESIAN_POINT('',(61.1299283108004,28.4010833946764,38.9649795242634));
#3978=CARTESIAN_POINT('',(61.9348250140534,28.4010833946764,36.0194685982295));
#3979=CARTESIAN_POINT('',(63.6993540998844,28.4010833946764,33.3444857740808));
#3980=CARTESIAN_POINT('',(66.0902904931311,28.4010833946764,31.4451920943825));
#3981=CARTESIAN_POINT('',(61.776433525267,24.4136897922533,47.9023778278094));
#3982=CARTESIAN_POINT('',(60.696294439027,24.4136897922533,45.0932248692703));
#3983=CARTESIAN_POINT('',(60.536206145777,24.4136897922533,41.9387574635233));
#3984=CARTESIAN_POINT('',(61.3264007533236,24.4136897922533,39.0346856200083));
#3985=CARTESIAN_POINT('',(62.1165953608703,24.4136897922533,36.1306137764934));
#3986=CARTESIAN_POINT('',(63.8529305649334,24.4136897922533,33.4921610225698));
#3987=CARTESIAN_POINT('',(66.2075056051759,24.4136897922534,31.61758982628));
#3988=CARTESIAN_POINT('',(61.9761019088526,20.4262963393631,47.8424268623932));
#3989=CARTESIAN_POINT('',(60.9086074101745,20.4262963393631,45.0753870598651));
#3990=CARTESIAN_POINT('',(60.7473801484753,20.4262963393631,41.967051027212));
#3991=CARTESIAN_POINT('',(61.5228673217239,20.4262963393631,39.1044170272724));
#3992=CARTESIAN_POINT('',(62.2983544949726,20.4262963393631,36.2417830273329));
#3993=CARTESIAN_POINT('',(64.0064908971978,20.4262963393631,33.6398573648287));
#3994=CARTESIAN_POINT('',(66.3247010120256,20.4262963393631,31.7900044958164));
#3995=CARTESIAN_POINT('',(67.0277591377494,28.4546426045606,30.7566038202732));
#3996=CARTESIAN_POINT('',(66.4572334554573,27.5776607201916,31.1944433326483));
#3997=CARTESIAN_POINT('',(66.2005033259037,26.478896974255,31.4857809065268));
#3998=CARTESIAN_POINT('',(66.2209138182531,25.3480290147246,31.5447901150245));
#3999=CARTESIAN_POINT('',(66.2209138182531,25.3480290147246,31.5447901150245));
#4000=CARTESIAN_POINT('',(66.2209138182531,25.3480290147246,31.5447901150245));
#4001=CARTESIAN_POINT('',(66.227332024745,24.9924205386945,31.5633459283083));
#4002=CARTESIAN_POINT('',(66.2337516741896,24.6368123063631,31.5819059133433));
#4003=CARTESIAN_POINT('',(66.2401727855787,24.2812043211063,31.600470125037));
#4004=CARTESIAN_POINT('',(66.2499321157314,23.7407222265355,31.6286855319915));
#4005=CARTESIAN_POINT('',(66.2596948229487,23.2002407025357,31.6569107024493));
#4006=CARTESIAN_POINT('',(66.2694609754363,22.6597597612429,31.6851458336011));
#4007=CARTESIAN_POINT('',(66.2829134245331,21.9152708379081,31.724038495276));
#4008=CARTESIAN_POINT('',(66.2963724103613,21.1707830196742,31.7629500554338));
#4009=CARTESIAN_POINT('',(66.3098381171053,20.4262963393651,31.8018810465743));
#4010=CARTESIAN_POINT('',(66.3098381171053,20.4262963393628,31.8018810465744));
#4011=CARTESIAN_POINT('',(82.7499764120399,20.4262963393651,30.9856342220356));
#4012=CARTESIAN_POINT('',(80.2812280458381,20.4262963393646,29.3835472047552));
#4013=CARTESIAN_POINT('',(77.3132081075007,20.4262963393641,28.5920620276529));
#4014=CARTESIAN_POINT('',(71.4822075861815,20.4262963393632,28.8816878739477));
#4015=CARTESIAN_POINT('',(68.586386489198,20.4262963393628,29.9802259599585));
#4016=CARTESIAN_POINT('',(66.3098381171054,20.4262963393626,31.8018810465744));
#4017=CARTESIAN_POINT('',(82.7499764120405,20.426296339365,30.985634222036));
#4018=CARTESIAN_POINT('',(82.7499764120405,20.4262963393651,30.985634222036));
#4019=CARTESIAN_POINT('',(82.7565882953411,20.9421060255982,30.9578698110792));
#4020=CARTESIAN_POINT('',(82.7631978921125,21.4579162580519,30.9301150016433));
#4021=CARTESIAN_POINT('',(82.7698052460208,21.9737270257427,30.9023696103677));
#4022=CARTESIAN_POINT('',(82.7764125999289,22.48953779343,30.8746242190922));
#4023=CARTESIAN_POINT('',(82.7830177109736,23.0053490965369,30.8468882459779));
#4024=CARTESIAN_POINT('',(82.7896206216875,23.5211609243786,30.8191615124233));
#4025=CARTESIAN_POINT('',(82.7962235324013,24.0369727522169,30.791434778869));
#4026=CARTESIAN_POINT('',(82.8028242427839,24.5527851049656,30.7637172848753));
#4027=CARTESIAN_POINT('',(82.8094227942721,25.068597972228,30.736008856443));
#4028=CARTESIAN_POINT('',(82.8106143373727,25.1617416362988,30.7310053663915));
#4029=CARTESIAN_POINT('',(82.8118058100735,25.2548853171509,30.7260021719601));
#4030=CARTESIAN_POINT('',(82.8129972126149,25.3480290147239,30.7209992721401));
#4031=CARTESIAN_POINT('',(82.8129972126149,25.3480290147239,30.7209992721401));
#4032=CARTESIAN_POINT('',(82.812997212615,25.3480290147244,30.7209992721398));
#4033=CARTESIAN_POINT('',(82.8274620197279,26.4788857758527,30.6602591122133));
#4034=CARTESIAN_POINT('',(82.5431516296568,27.5776385429463,30.3957937627547));
#4035=CARTESIAN_POINT('',(81.9320461366491,28.4546426045606,30.0166114481527));
#4036=CARTESIAN_POINT('',(75.3675844051295,32.3661558191812,28.0995813116208));
#4037=CARTESIAN_POINT('',(75.3675651217851,32.3735962534532,28.0991929231584));
#4038=CARTESIAN_POINT('',(75.3675458384403,32.3810366877248,28.0988045346881));
#4039=CARTESIAN_POINT('',(75.3675265550951,32.388477121996,28.0984161462099));
#4040=CARTESIAN_POINT('',(75.3675265550951,32.388477121996,28.0984161462099));
#4041=CARTESIAN_POINT('',(73.3699870929574,32.388477121996,28.1975932464027));
#4042=CARTESIAN_POINT('',(74.0320368632227,32.388477121996,28.119269902909));
#4043=CARTESIAN_POINT('',(74.7009744522753,32.388477121996,28.0860573974493));
#4044=CARTESIAN_POINT('',(75.3675265550951,32.388477121996,28.0984161462099));
#4045=CARTESIAN_POINT('',(73.3699870929574,32.388477121996,28.1975932464027));
#4046=CARTESIAN_POINT('',(73.3699870929574,32.388477121996,28.1975932464027));
#4047=CARTESIAN_POINT('',(73.3700063763026,32.3810366877248,28.1979816348808));
#4048=CARTESIAN_POINT('',(73.3700256596474,32.3735962534532,28.1983700233511));
#4049=CARTESIAN_POINT('',(73.3700449429918,32.3661558191812,28.1987584118136));
#4050=CARTESIAN_POINT('',(65.8714999996471,32.388477121996,31.3540449592918));
#4051=CARTESIAN_POINT('',(68.2816607360326,32.388477121996,29.4086049743031));
#4052=CARTESIAN_POINT('',(71.3207120696653,32.388477121996,28.2552083958667));
#4053=CARTESIAN_POINT('',(74.4147399079956,32.388477121996,28.1116700872386));
#4054=CARTESIAN_POINT('',(77.508767746326,32.388477121996,27.9681317786105));
#4055=CARTESIAN_POINT('',(80.6415527876336,32.388477121996,28.8352041865229));
#4056=CARTESIAN_POINT('',(83.2214796602932,32.388477121996,30.5491437543418));
#4057=CARTESIAN_POINT('',(65.9902543940331,28.4010833946767,31.5253830293739));
#4058=CARTESIAN_POINT('',(68.364277276511,28.4010833946767,29.604990186291));
#4059=CARTESIAN_POINT('',(71.3591073055894,28.4010833946767,28.464775688416));
#4060=CARTESIAN_POINT('',(74.4091814256341,28.4010833946767,28.3200650097278));
#4061=CARTESIAN_POINT('',(77.4592555456788,28.4010833946767,28.1753543310395));
#4062=CARTESIAN_POINT('',(80.5485848661537,28.4010833946767,29.0269060639885));
#4063=CARTESIAN_POINT('',(83.0937604745716,28.4010833946767,30.7139076764972));
#4064=CARTESIAN_POINT('',(66.1089916285437,24.4136897922539,31.6967359680585));
#4065=CARTESIAN_POINT('',(68.4468735210953,24.4136897922539,29.8013866475976));
#4066=CARTESIAN_POINT('',(71.3974802995569,24.4136897922539,28.674349596542));
#4067=CARTESIAN_POINT('',(74.4036003127164,24.4136897922539,28.5284617746587));
#4068=CARTESIAN_POINT('',(77.409720325876,24.4136897922539,28.3825739527753));
#4069=CARTESIAN_POINT('',(80.4555950964188,24.4136897922539,29.2186001232545));
#4070=CARTESIAN_POINT('',(82.9660219498754,24.4136897922539,30.8786597015637));
#4071=CARTESIAN_POINT('',(66.2277093086282,20.4262963393639,31.8681060182229));
#4072=CARTESIAN_POINT('',(68.5294466021773,20.4262963393639,29.9977960960528));
#4073=CARTESIAN_POINT('',(71.4358278770455,20.4262963393639,28.8839311998916));
#4074=CARTESIAN_POINT('',(74.3979933119097,20.4262963393639,28.7368607746562));
#4075=CARTESIAN_POINT('',(77.3601587467739,20.4262963393639,28.5897903494208));
#4076=CARTESIAN_POINT('',(80.3625802800121,20.4262963393639,29.410285357664));
#4077=CARTESIAN_POINT('',(82.8382612272872,20.4262963393639,31.0433982198943));
#4078=CARTESIAN_POINT('',(84.0383405825884,28.4546426045608,31.3927078609568));
#4079=CARTESIAN_POINT('',(83.445628329697,27.5776607201918,30.9854055432319));
#4080=CARTESIAN_POINT('',(83.089215858618,26.4788969742551,30.831268942019));
#4081=CARTESIAN_POINT('',(83.0394019553543,25.3480290147247,30.8689153220191));
#4082=CARTESIAN_POINT('',(83.0394019553543,25.3480290147247,30.8689153220191));
#4083=CARTESIAN_POINT('',(83.0394019553543,25.3480290147247,30.8689153220191));
#4084=CARTESIAN_POINT('',(83.0237376630951,24.9924205386945,30.8807534607753));
#4085=CARTESIAN_POINT('',(83.0080698491615,24.6368123063632,30.8925942610031));
#4086=CARTESIAN_POINT('',(82.9923984672023,24.2812043211063,30.9044377577321));
#4087=CARTESIAN_POINT('',(82.9685798194292,23.7407222265355,30.9224384725206));
#4088=CARTESIAN_POINT('',(82.944752929583,23.2002407025357,30.9404454161769));
#4089=CARTESIAN_POINT('',(82.920917631201,22.6597597612429,30.9584587145036));
#4090=CARTESIAN_POINT('',(82.8880855472659,21.9152708379081,30.9832712472913));
#4091=CARTESIAN_POINT('',(82.8552375097666,21.1707830196742,31.0080958368324));
#4092=CARTESIAN_POINT('',(82.8223730691818,20.4262963393651,31.032932822848));
#4093=CARTESIAN_POINT('',(82.8223730691818,20.4262963393651,31.032932822848));
#4094=CARTESIAN_POINT('',(88.6789520535764,20.4262963393676,46.4161993366422));
#4095=CARTESIAN_POINT('',(89.4339012503712,20.4262963393674,43.5950348230046));
#4096=CARTESIAN_POINT('',(89.2745085134499,20.4262963393671,40.5063803024661));
#4097=CARTESIAN_POINT('',(87.2020282391344,20.4262963393662,35.0577222587936));
#4098=CARTESIAN_POINT('',(85.2797282027825,20.4262963393657,32.649189534785));
#4099=CARTESIAN_POINT('',(82.8223730691818,20.4262963393652,31.032932822848));
#4100=CARTESIAN_POINT('',(88.6789520535736,20.4262963393674,46.4161993366526));
#4101=CARTESIAN_POINT('',(88.6789520535735,20.4262963393651,46.4161993366527));
#4102=CARTESIAN_POINT('',(88.7074007618397,20.9421060255982,46.4139079365262));
#4103=CARTESIAN_POINT('',(88.7358396319406,21.4579162580519,46.4116173288145));
#4104=CARTESIAN_POINT('',(88.7642688517559,21.9737270257427,46.4093274983846));
#4105=CARTESIAN_POINT('',(88.7926980715711,22.48953779343,46.4070376679547));
#4106=CARTESIAN_POINT('',(88.8211176410998,23.0053490965369,46.4047486148068));
#4107=CARTESIAN_POINT('',(88.8495277433453,23.5211609243786,46.4024603242008));
#4108=CARTESIAN_POINT('',(88.8779378455907,24.0369727522169,46.4001720335949));
#4109=CARTESIAN_POINT('',(88.906338480552,24.5527851049656,46.397884505531));
#4110=CARTESIAN_POINT('',(88.9347298265169,25.068597972228,46.3955977256489));
#4111=CARTESIAN_POINT('',(88.9398566354023,25.1617416362989,46.395184787022));
#4112=CARTESIAN_POINT('',(88.9449831413814,25.2548853171509,46.3947718727927));
#4113=CARTESIAN_POINT('',(88.950109345488,25.348029014724,46.3943589828777));
#4114=CARTESIAN_POINT('',(88.950109345488,25.348029014724,46.3943589828777));
#4115=CARTESIAN_POINT('',(88.9501093454883,25.3480290147245,46.3943589828777));
#4116=CARTESIAN_POINT('',(89.0123465416055,26.4788857758527,46.3893460902811));
#4117=CARTESIAN_POINT('',(89.176011293333,27.5776385429464,46.0372265537475));
#4118=CARTESIAN_POINT('',(89.3477931218038,28.4546426045607,45.3388569133003));
#4119=CARTESIAN_POINT('',(89.1424668911231,32.3661558191812,38.5032879166512));
#4120=CARTESIAN_POINT('',(89.1428303116201,32.3735962534532,38.5031495584655));
#4121=CARTESIAN_POINT('',(89.1431937321243,32.3810366877248,38.503011200277));
#4122=CARTESIAN_POINT('',(89.1435571526359,32.388477121996,38.5028728420858));
#4123=CARTESIAN_POINT('',(89.1435571526359,32.388477121996,38.5028728420858));
#4124=CARTESIAN_POINT('',(88.4319604844952,32.388477121996,36.6337473294754));
#4125=CARTESIAN_POINT('',(88.711035040837,32.388477121996,37.2391908334021));
#4126=CARTESIAN_POINT('',(88.9493350937703,32.388477121996,37.8651250578525));
#4127=CARTESIAN_POINT('',(89.1435571526359,32.388477121996,38.5028728420858));
#4128=CARTESIAN_POINT('',(88.4319604844952,32.388477121996,36.6337473294754));
#4129=CARTESIAN_POINT('',(88.4319604844952,32.388477121996,36.6337473294754));
#4130=CARTESIAN_POINT('',(88.4315970639836,32.3810366877248,36.6338856876666));
#4131=CARTESIAN_POINT('',(88.4312336434793,32.3735962534533,36.6340240458551));
#4132=CARTESIAN_POINT('',(88.4308702229824,32.3661558191812,36.6341624040408));
#4133=CARTESIAN_POINT('',(83.112836570647,32.388477121996,30.4776595382342));
#4134=CARTESIAN_POINT('',(85.7078405721499,32.388477121996,32.1686845949943));
#4135=CARTESIAN_POINT('',(87.7439044128148,32.388477121996,34.7025750252104));
#4136=CARTESIAN_POINT('',(88.8365246396867,32.388477121996,37.6008145857431));
#4137=CARTESIAN_POINT('',(89.9291448665587,32.388477121996,40.4990541462759));
#4138=CARTESIAN_POINT('',(90.0725938204016,32.388477121996,43.7464498833619));
#4139=CARTESIAN_POINT('',(89.2397816737878,32.388477121996,46.7297426009576));
#4140=CARTESIAN_POINT('',(82.9865815086279,28.4010833946771,30.6435480542924));
#4141=CARTESIAN_POINT('',(85.5465970516092,28.4010833946771,32.3079439621182));
#4142=CARTESIAN_POINT('',(87.556458854037,28.4010833946771,34.8038509193936));
#4143=CARTESIAN_POINT('',(88.6366116251779,28.4010833946771,37.6599257274631));
#4144=CARTESIAN_POINT('',(89.7167643963189,28.4010833946771,40.5160005355326));
#4145=CARTESIAN_POINT('',(89.861545832983,28.4010833946771,43.7172712738225));
#4146=CARTESIAN_POINT('',(89.0436144730758,28.4010833946771,46.659189289127));
#4147=CARTESIAN_POINT('',(82.8603070030345,24.4136897922547,30.8094248449902));
#4148=CARTESIAN_POINT('',(85.3853365605543,24.4136897922547,32.4471875029305));
#4149=CARTESIAN_POINT('',(87.3690001303294,24.4136897922547,34.9051077045446));
#4150=CARTESIAN_POINT('',(88.4366898651766,24.4136897922547,37.7190159155909));
#4151=CARTESIAN_POINT('',(89.5043796000238,24.4136897922547,40.5329241266373));
#4152=CARTESIAN_POINT('',(89.6504985296319,24.4136897922547,43.6880694694013));
#4153=CARTESIAN_POINT('',(88.8474526110961,24.4136897922547,46.588613908436));
#4154=CARTESIAN_POINT('',(82.7340101808067,20.4262963393651,30.9752883260617));
#4155=CARTESIAN_POINT('',(85.2240565600714,20.4262963393651,32.5864130271925));
#4156=CARTESIAN_POINT('',(87.1815262339053,20.4262963393651,35.0063426951426));
#4157=CARTESIAN_POINT('',(88.2367579797028,20.4262963393651,37.7780821735468));
#4158=CARTESIAN_POINT('',(89.2919897255003,20.4262963393651,40.549821651951));
#4159=CARTESIAN_POINT('',(89.4394518793708,20.4262963393651,43.658841117149));
#4160=CARTESIAN_POINT('',(88.6512967352596,20.4262963393651,46.5180132424843));
#4161=CARTESIAN_POINT('',(88.6899284403089,28.4546426045608,47.7672991488019));
#4162=CARTESIAN_POINT('',(88.8941378047656,27.5776607201918,47.0777329603763));
#4163=CARTESIAN_POINT('',(88.9305929131781,26.4788969742552,46.6911337280377));
#4164=CARTESIAN_POINT('',(88.8793957354996,25.3480290147248,46.6553912619335));
#4165=CARTESIAN_POINT('',(88.8793957354996,25.3480290147248,46.6553912619335));
#4166=CARTESIAN_POINT('',(88.8793957354996,25.3480290147248,46.6553912619335));
#4167=CARTESIAN_POINT('',(88.8632964639817,24.9924205386946,46.6441518207646));
#4168=CARTESIAN_POINT('',(88.8471935729967,24.6368123063632,46.6329098527244));
#4169=CARTESIAN_POINT('',(88.8310870149061,24.2812043211063,46.6216653245548));
#4170=CARTESIAN_POINT('',(88.8066069508636,23.7407222265355,46.6045749711614));
#4171=CARTESIAN_POINT('',(88.7821184158751,23.2002407025357,46.5874787039167));
#4172=CARTESIAN_POINT('',(88.7576212388555,22.6597597612429,46.5703764033803));
#4173=CARTESIAN_POINT('',(88.7238774459653,21.9152708379089,46.5468187303152));
#4174=CARTESIAN_POINT('',(88.6901172564989,21.1707830196758,46.5232496102506));
#4175=CARTESIAN_POINT('',(88.6563402084522,20.4262963393674,46.4996687206459));
#4176=CARTESIAN_POINT('',(88.6563402084522,20.4262963393674,46.4996687206459));
#4177=CARTESIAN_POINT('',(75.8357667836664,20.4262963393665,56.8232971087139));
#4178=CARTESIAN_POINT('',(78.7850070986796,20.426296339367,56.6677758199526));
#4179=CARTESIAN_POINT('',(81.6276025815387,20.4262963393674,55.5743897916387));
#4180=CARTESIAN_POINT('',(86.1984251316813,20.4262963393677,51.894778232884));
#4181=CARTESIAN_POINT('',(87.8836450990668,20.4262963393676,49.317633429178));
#4182=CARTESIAN_POINT('',(88.6563402084511,20.4262963393675,46.4996687206501));
#4183=CARTESIAN_POINT('',(75.8357667836696,20.4262963393664,56.8232971087137));
#4184=CARTESIAN_POINT('',(75.8357667836695,20.4262963393651,56.8232971087136));
#4185=CARTESIAN_POINT('',(75.8467371690135,20.9421060255982,56.8496453565104));
#4186=CARTESIAN_POINT('',(75.8577037605661,21.4579162580519,56.8759844925256));
#4187=CARTESIAN_POINT('',(75.8686666307774,21.9737270257427,56.9023146907671));
#4188=CARTESIAN_POINT('',(75.8796295009886,22.48953779343,56.9286448890084));
#4189=CARTESIAN_POINT('',(75.8905886498583,23.0053490965369,56.9549661494752));
#4190=CARTESIAN_POINT('',(75.9015441479561,23.5211609243786,56.9812786416592));
#4191=CARTESIAN_POINT('',(75.9124996460538,24.0369727522169,57.0075911338429));
#4192=CARTESIAN_POINT('',(75.9234514933792,24.5527851049656,57.0338948577429));
#4193=CARTESIAN_POINT('',(75.9343997586837,25.068597972228,57.0601899784833));
#4194=CARTESIAN_POINT('',(75.9363767577281,25.1617416362988,57.0649382584282));
#4195=CARTESIAN_POINT('',(75.9383536399659,25.2548853171509,57.0696862578313));
#4196=CARTESIAN_POINT('',(75.9403304057957,25.348029014724,57.0744339776503));
#4197=CARTESIAN_POINT('',(75.9403304057957,25.348029014724,57.0744339776503));
#4198=CARTESIAN_POINT('',(75.9403304057958,25.3480290147245,57.0744339776505));
#4199=CARTESIAN_POINT('',(75.9643303012478,26.4788857758527,57.1320759995704));
#4200=CARTESIAN_POINT('',(76.3497910706468,27.5776385429464,57.1789195073484));
#4201=CARTESIAN_POINT('',(77.0670635722991,28.4546426045606,57.126485647443));
#4202=CARTESIAN_POINT('',(83.504626714476,32.3661558191812,54.8189018116006));
#4203=CARTESIAN_POINT('',(83.5048706040397,32.3735962534532,54.8192046900017));
#4204=CARTESIAN_POINT('',(83.5051144936084,32.3810366877248,54.8195075684089));
#4205=CARTESIAN_POINT('',(83.505358383182,32.388477121996,54.8198104468222));
#4206=CARTESIAN_POINT('',(83.505358383182,32.388477121996,54.8198104468222));
#4207=CARTESIAN_POINT('',(85.0631069181275,32.388477121996,53.5654502505966));
#4208=CARTESIAN_POINT('',(84.5735347090767,32.388477121996,54.0179582577849));
#4209=CARTESIAN_POINT('',(84.0518746522579,32.388477121996,54.4380193886767));
#4210=CARTESIAN_POINT('',(83.505358383182,32.388477121996,54.8198104468222));
#4211=CARTESIAN_POINT('',(85.0631069181275,32.388477121996,53.5654502505966));
#4212=CARTESIAN_POINT('',(85.0631069181275,32.388477121996,53.5654502505966));
#4213=CARTESIAN_POINT('',(85.0628630285539,32.3810366877248,53.5651473721833));
#4214=CARTESIAN_POINT('',(85.0626191389853,32.3735962534532,53.5648444937761));
#4215=CARTESIAN_POINT('',(85.0623752494216,32.3661558191812,53.564541615375));
#4216=CARTESIAN_POINT('',(89.2741946423071,32.388477121996,46.6043270449922));
#4217=CARTESIAN_POINT('',(88.4678345797924,32.388477121996,49.5948779908868));
#4218=CARTESIAN_POINT('',(86.6871399029547,32.388477121996,52.3143049789653));
#4219=CARTESIAN_POINT('',(84.2683885016263,32.388477121996,54.2490538435423));
#4220=CARTESIAN_POINT('',(81.8496371002979,32.388477121996,56.1838027081193));
#4221=CARTESIAN_POINT('',(78.8055083881151,32.388477121996,57.3237312406474));
#4222=CARTESIAN_POINT('',(75.7108753026037,32.388477121996,57.453567970692));
#4223=CARTESIAN_POINT('',(89.0774103283417,28.4010833946771,46.5355137161773));
#4224=CARTESIAN_POINT('',(88.2855640631541,28.4010833946771,49.4845598010334));
#4225=CARTESIAN_POINT('',(86.5328969406658,28.401083394677,52.1673296312622));
#4226=CARTESIAN_POINT('',(84.150393946228,28.401083394677,54.0771916157498));
#4227=CARTESIAN_POINT('',(81.7678909517902,28.401083394677,55.9870536002375));
#4228=CARTESIAN_POINT('',(78.768041480113,28.401083394677,57.113995990742));
#4229=CARTESIAN_POINT('',(75.7173564908075,28.401083394677,57.2451997038064));
#4230=CARTESIAN_POINT('',(88.8806311574618,24.4136897922546,46.4666782720888));
#4231=CARTESIAN_POINT('',(88.1033033540554,24.4136897922546,49.3742205806626));
#4232=CARTESIAN_POINT('',(86.3786680839593,24.4136897922546,52.0203358579511));
#4233=CARTESIAN_POINT('',(84.0324166163741,24.4136897922546,53.9053145954836));
#4234=CARTESIAN_POINT('',(81.6861651487889,24.4136897922546,55.7902933330161));
#4235=CARTESIAN_POINT('',(78.7305968431429,24.4136897922546,56.9042542238108));
#4236=CARTESIAN_POINT('',(75.7238603175037,24.4136897922546,57.036829694704));
#4237=CARTESIAN_POINT('',(88.6838577485694,20.4262963393651,46.3978174907189));
#4238=CARTESIAN_POINT('',(87.9210537509693,20.4262963393651,49.2638572383029));
#4239=CARTESIAN_POINT('',(86.2244552664772,20.4262963393651,51.8733209196419));
#4240=CARTESIAN_POINT('',(83.9144589165232,20.4262963393651,53.7334205504911));
#4241=CARTESIAN_POINT('',(81.6044625665692,20.4262963393651,55.5935201813403));
#4242=CARTESIAN_POINT('',(78.6931776564765,20.4262963393651,56.6945048742742));
#4243=CARTESIAN_POINT('',(75.730390041732,20.426296339365,56.8284575651868));
#4244=CARTESIAN_POINT('',(61.9692661215237,20.426296339365,47.8246721414741));
#4245=CARTESIAN_POINT('',(61.9475974842698,20.9421060255982,47.843247654283));
#4246=CARTESIAN_POINT('',(61.9259363404891,21.4579162580519,47.8618167432864));
#4247=CARTESIAN_POINT('',(61.9042825470786,21.9737270257427,47.8803795311601));
#4248=CARTESIAN_POINT('',(61.8826287536682,22.48953779343,47.8989423190336));
#4249=CARTESIAN_POINT('',(61.8609823106287,23.0053490965369,47.9174988057768));
#4250=CARTESIAN_POINT('',(61.8393430785713,23.5211609243786,47.9360491108811));
#4251=CARTESIAN_POINT('',(61.817703846514,24.0369727522169,47.9545994159854));
#4252=CARTESIAN_POINT('',(61.7960718254395,24.5527851049656,47.9731435394502));
#4253=CARTESIAN_POINT('',(61.7744468795506,25.068597972228,47.991681597688));
#4254=CARTESIAN_POINT('',(61.7705419232704,25.1617416362988,47.995029134709));
#4255=CARTESIAN_POINT('',(61.766637197706,25.2548853171509,47.998376473948));
#4256=CARTESIAN_POINT('',(61.7627327020699,25.3480290147239,48.0017236160802));
#4257=CARTESIAN_POINT('',(61.9692661215238,20.4262963393637,47.8246721414741));
#4258=CARTESIAN_POINT('',(61.7627327020699,25.3480290147239,48.0017236160802));
#4259=CARTESIAN_POINT('',(61.7627327020697,25.3480290147244,48.0017236160803));
#4260=CARTESIAN_POINT('',(61.7153282570683,26.4788857758526,48.0423612374037));
#4261=CARTESIAN_POINT('',(61.7898913621591,27.5776385429463,48.4234316538963));
#4262=CARTESIAN_POINT('',(62.061408318905,28.4546426045605,49.0893953867606));
#4263=CARTESIAN_POINT('',(66.2453673761748,32.3661558191812,54.4987991409693));
#4264=CARTESIAN_POINT('',(66.2451546877177,32.3735962534532,54.4991246883013));
#4265=CARTESIAN_POINT('',(66.2449419992564,32.3810366877248,54.4994502356399));
#4266=CARTESIAN_POINT('',(66.2447293107908,32.388477121996,54.499775782985));
#4267=CARTESIAN_POINT('',(66.2447293107908,32.388477121996,54.499775782985));
#4268=CARTESIAN_POINT('',(67.9190675194532,32.388477121996,55.593664060193));
#4269=CARTESIAN_POINT('',(67.3374206979707,32.388477121996,55.2678858848901));
#4270=CARTESIAN_POINT('',(66.7767169993501,32.388477121996,54.9015637166836));
#4271=CARTESIAN_POINT('',(66.2447293107908,32.388477121996,54.499775782985));
#4272=CARTESIAN_POINT('',(67.9190675194532,32.388477121996,55.593664060193));
#4273=CARTESIAN_POINT('',(67.9190675194532,32.388477121996,55.593664060193));
#4274=CARTESIAN_POINT('',(67.9192802079189,32.3810366877248,55.5933385128479));
#4275=CARTESIAN_POINT('',(67.9194928963802,32.3735962534532,55.5930129655093));
#4276=CARTESIAN_POINT('',(67.9197055848372,32.3661558191812,55.5926874181773));
#4277=CARTESIAN_POINT('',(74.5541863931979,28.4546426045608,57.2512490758947));
#4278=CARTESIAN_POINT('',(75.2731069741446,27.5776607201918,57.2323760516799));
#4279=CARTESIAN_POINT('',(75.6520499412861,26.4788969742551,57.1475811872829));
#4280=CARTESIAN_POINT('',(75.6702222486163,25.3480290147247,57.0878447483887));
#4281=CARTESIAN_POINT('',(75.6702222486163,25.3480290147247,57.0878447483887));
#4282=CARTESIAN_POINT('',(75.6702222486163,25.3480290147247,57.0878447483887));
#4283=CARTESIAN_POINT('',(75.6759366438834,24.9924205386945,57.0690602529755));
#4284=CARTESIAN_POINT('',(75.6816523238711,24.6368123063632,57.0502715343984));
#4285=CARTESIAN_POINT('',(75.6873693054885,24.2812043211063,57.0314785370732));
#4286=CARTESIAN_POINT('',(75.6960584416365,23.7407222265355,57.0029154030078));
#4287=CARTESIAN_POINT('',(75.7047505845252,23.2002407025357,56.9743423851135));
#4288=CARTESIAN_POINT('',(75.7134457948807,22.6597597612429,56.9457592837695));
#4289=CARTESIAN_POINT('',(75.7254230679003,21.9152708379086,56.9063873083317));
#4290=CARTESIAN_POINT('',(75.7374061608427,21.1707830196752,56.8669962015058));
#4291=CARTESIAN_POINT('',(75.749395237695,20.4262963393665,56.8275854242295));
#4292=CARTESIAN_POINT('',(75.749395237695,20.4262963393665,56.8275854242295));
#4293=CARTESIAN_POINT('',(61.9692661215192,20.4262963393635,47.8246721414621));
#4294=CARTESIAN_POINT('',(63.0198388205624,20.4262963393639,50.558859532402));
#4295=CARTESIAN_POINT('',(64.9399739371031,20.4262963393645,52.9435873795831));
#4296=CARTESIAN_POINT('',(69.8720925982112,20.4262963393656,56.1648712856156));
#4297=CARTESIAN_POINT('',(72.8013396613229,20.426296339366,56.964869136604));
#4298=CARTESIAN_POINT('',(75.7493952377054,20.4262963393664,56.827585424229));
#4299=CARTESIAN_POINT('',(75.840786776463,32.388477121996,57.4475411104943));
#4300=CARTESIAN_POINT('',(72.7474248491515,32.388477121996,57.6047781833876));
#4301=CARTESIAN_POINT('',(69.6108311746104,32.388477121996,56.7515860617273));
#4302=CARTESIAN_POINT('',(67.0233403713781,32.388477121996,55.0490870591959));
#4303=CARTESIAN_POINT('',(64.4358495681458,32.388477121996,53.3465880566645));
#4304=CARTESIAN_POINT('',(62.4110256040432,32.388477121996,50.8037068974221));
#4305=CARTESIAN_POINT('',(61.3312493211026,32.388477121996,47.9006576919777));
#4306=CARTESIAN_POINT('',(75.8454224439984,28.4010833946771,57.2391236183495));
#4307=CARTESIAN_POINT('',(72.7960189952627,28.4010833946771,57.3973384253568));
#4308=CARTESIAN_POINT('',(69.7029493401681,28.4010833946771,56.5594744071553));
#4309=CARTESIAN_POINT('',(67.1503287401633,28.4010833946771,54.883759219318));
#4310=CARTESIAN_POINT('',(64.5977081401585,28.4010833946771,53.2080440314807));
#4311=CARTESIAN_POINT('',(62.5989177688633,28.4010833946771,50.7032619938811));
#4312=CARTESIAN_POINT('',(61.531422116412,28.4010833946771,47.8424323326962));
#4313=CARTESIAN_POINT('',(75.8500807337098,24.4136897922546,57.0307041835743));
#4314=CARTESIAN_POINT('',(72.8446361732808,24.4136897922546,57.1899014960632));
#4315=CARTESIAN_POINT('',(69.7950893883851,24.4136897922546,56.3673704739634));
#4316=CARTESIAN_POINT('',(67.277336500413,24.4136897922546,54.7184431907805));
#4317=CARTESIAN_POINT('',(64.759583612441,24.4136897922546,53.0695159075977));
#4318=CARTESIAN_POINT('',(62.7868230138705,24.4136897922546,50.6028362574785));
#4319=CARTESIAN_POINT('',(61.7316035643471,24.4136897922546,47.784227965526));
#4320=CARTESIAN_POINT('',(75.8547649011598,20.426296339365,56.8222823991244));
#4321=CARTESIAN_POINT('',(72.8932797246203,20.426296339365,56.9824676751108));
#4322=CARTESIAN_POINT('',(69.8872545221043,20.426296339365,56.1752752546363));
#4323=CARTESIAN_POINT('',(67.4043665181442,20.426296339365,54.5531405705556));
#4324=CARTESIAN_POINT('',(64.9214785141841,20.426296339365,52.931005886475));
#4325=CARTESIAN_POINT('',(62.9747433349404,20.426296339365,50.5024323825991));
#4326=CARTESIAN_POINT('',(61.9317950316938,20.426296339365,47.7260475731281));
#4327=CARTESIAN_POINT('',(75.0952888096013,13.4015039444437,42.7811842193044));
#4328=CARTESIAN_POINT('',(86.8672451608532,13.4015039444437,50.4721065107604));
#4329=CARTESIAN_POINT('',(75.0952888096013,15.4015039444437,42.7811842193044));
#4330=CARTESIAN_POINT('',(66.3098381171053,15.4015039444437,31.8018810465744));
#4331=CARTESIAN_POINT('',(66.2424826771988,15.4015039444437,31.8561182876455));
#4332=CARTESIAN_POINT('',(66.2424826771988,35.4015039444437,31.8561182876455));
#4333=CARTESIAN_POINT('',(61.938497415572,35.4015039444436,47.7438530822241));
#4334=CARTESIAN_POINT('',(61.938497415572,15.4015039444436,47.7438530822241));
#4335=CARTESIAN_POINT('',(75.0952888096013,15.4015039444437,42.7811842193044));
#4336=CARTESIAN_POINT('',(61.9692661215238,15.4015039444436,47.8246721414741));
#4337=CARTESIAN_POINT('',(61.9692661215238,35.4015039444436,47.8246721414741));
#4338=CARTESIAN_POINT('',(75.749395237695,35.4015039444436,56.8275854242295));
#4339=CARTESIAN_POINT('',(75.749395237695,15.4015039444436,56.8275854242295));
#4340=CARTESIAN_POINT('',(75.0952888096013,15.4015039444437,42.7811842193044));
#4341=CARTESIAN_POINT('',(75.8357667836696,15.4015039444436,56.8232971087137));
#4342=CARTESIAN_POINT('',(75.8357667836696,35.4015039444436,56.8232971087137));
#4343=CARTESIAN_POINT('',(88.6563402084522,35.4015039444437,46.4996687206459));
#4344=CARTESIAN_POINT('',(88.6563402084522,15.4015039444437,46.4996687206459));
#4345=CARTESIAN_POINT('',(75.0952888096013,15.4015039444437,42.7811842193044));
#4346=CARTESIAN_POINT('',(88.6789520535736,15.4015039444437,46.4161993366526));
#4347=CARTESIAN_POINT('',(88.6789520535736,35.4015039444437,46.4161993366527));
#4348=CARTESIAN_POINT('',(82.8223730691818,35.4015039444437,31.032932822848));
#4349=CARTESIAN_POINT('',(82.8223730691818,15.4015039444437,31.032932822848));
#4350=CARTESIAN_POINT('',(75.0952888096013,15.4015039444437,42.7811842193044));
#4351=CARTESIAN_POINT('',(82.7499764120405,15.4015039444437,30.985634222036));
#4352=CARTESIAN_POINT('',(82.7499764120405,35.4015039444437,30.985634222036));
#4353=CARTESIAN_POINT('',(66.3098381171053,35.4015039444437,31.8018810465744));
#4354=CARTESIAN_POINT('',(75.0952888096012,60.4015039444437,42.7811842193044));
#4355=CARTESIAN_POINT('',(75.0952888096013,13.4015039444437,42.7811842193044));
#4356=CARTESIAN_POINT('',(89.8972544520097,13.4015039444437,52.4516896238252));
#4357=CARTESIAN_POINT('',(75.0952888096013,13.4015039444437,42.7811842193044));
#4358=CARTESIAN_POINT('',(75.0952888096011,15.4015039444437,42.7811842193043));
#4359=CARTESIAN_POINT('',(59.1859296064846,15.4015039444436,47.7957350346978));
#4360=CARTESIAN_POINT('',(63.8924851264503,15.4015039444437,30.4219520517813));
#4361=CARTESIAN_POINT('',(59.1859296064846,20.4015039444436,47.7957350346978));
#4362=CARTESIAN_POINT('',(59.1859296064846,23.4218839091821,47.7957350346978));
#4363=CARTESIAN_POINT('',(59.0727589779542,25.8426842527231,47.4214393769373));
#4364=CARTESIAN_POINT('',(59.1083609249845,25.4511431754347,47.5443708190625));
#4365=CARTESIAN_POINT('',(59.1367988564791,25.0538007607778,47.6375566592215));
#4366=CARTESIAN_POINT('',(59.175585696004,24.2470906130009,47.7632327572063));
#4367=CARTESIAN_POINT('',(59.1859296064845,23.8377247971765,47.7957350346978));
#4368=CARTESIAN_POINT('',(59.1859296064845,23.4218839091821,47.7957350346978));
#4369=CARTESIAN_POINT('',(58.7621677498332,10.4015039444436,39.3925876689727));
#4370=CARTESIAN_POINT('',(58.7621677498331,112.366155819181,39.3925876689728));
#4371=CARTESIAN_POINT('',(75.0952888096011,112.366155819181,42.7811842193044));
#4372=CARTESIAN_POINT('',(59.2851183631626,112.366155819181,37.4621673375377));
#4373=CARTESIAN_POINT('',(59.2851183631628,10.4015039444436,37.4621673375375));
#4374=CARTESIAN_POINT('',(63.6058608531664,25.8426842527231,30.6879433233389));
#4375=CARTESIAN_POINT('',(63.7914294941898,25.0596020981462,30.5116400849966));
#4376=CARTESIAN_POINT('',(63.8924851264502,24.2535656851709,30.4219520517813));
#4377=CARTESIAN_POINT('',(63.8924851264502,23.4218839091821,30.4219520517813));
#4378=CARTESIAN_POINT('',(63.8924851264503,23.4218839091821,30.4219520517813));
#4379=CARTESIAN_POINT('',(63.8924851264503,10.4015039444437,30.4219520517813));
#4380=CARTESIAN_POINT('',(75.0952888096011,10.4015039444437,42.7811842193043));
#4381=CARTESIAN_POINT('',(75.0952888096011,15.4015039444437,42.7811842193043));
#4382=CARTESIAN_POINT('',(65.4099052169497,15.4015039444437,29.2000659002133));
#4383=CARTESIAN_POINT('',(83.3877603761889,15.4015039444437,28.3074719984782));
#4384=CARTESIAN_POINT('',(65.4099052169496,20.4015039444437,29.2000659002133));
#4385=CARTESIAN_POINT('',(65.4099052169497,23.4218839091821,29.2000659002133));
#4386=CARTESIAN_POINT('',(65.7309098938038,25.8426842527234,28.9767705173275));
#4387=CARTESIAN_POINT('',(65.6249967513783,25.451143175435,29.0486178858031));
#4388=CARTESIAN_POINT('',(65.5451595549853,25.0538007607781,29.1044599741052));
#4389=CARTESIAN_POINT('',(65.4376202756256,24.247090613001,29.180184500646));
#4390=CARTESIAN_POINT('',(65.4099052169496,23.8377247971766,29.2000659002133));
#4391=CARTESIAN_POINT('',(65.4099052169496,23.4218839091821,29.2000659002133));
#4392=CARTESIAN_POINT('',(73.2708236612378,10.4015039444437,26.2003290828416));
#4393=CARTESIAN_POINT('',(73.2708236612376,112.366155819181,26.2003290828417));
#4394=CARTESIAN_POINT('',(75.0952888096011,112.366155819181,42.7811842193044));
#4395=CARTESIAN_POINT('',(75.2683631233753,112.366155819181,26.1011519826489));
#4396=CARTESIAN_POINT('',(75.2683631233755,10.4015039444437,26.1011519826488));
#4397=CARTESIAN_POINT('',(83.0462158726512,25.8426842527232,28.11707193891));
#4398=CARTESIAN_POINT('',(83.1587249763356,25.4511431754348,28.1780747231371));
#4399=CARTESIAN_POINT('',(83.2437009723582,25.0538007607779,28.2257338970052));
#4400=CARTESIAN_POINT('',(83.3582122677807,24.247090613001,28.2904336941123));
#4401=CARTESIAN_POINT('',(83.3877603761888,23.8377247971765,28.3074719984783));
#4402=CARTESIAN_POINT('',(83.3877603761888,23.4218839091821,28.3074719984783));
#4403=CARTESIAN_POINT('',(83.3877603761889,23.4218839091821,28.3074719984782));
#4404=CARTESIAN_POINT('',(83.3877603761889,10.4015039444437,28.3074719984783));
#4405=CARTESIAN_POINT('',(75.0952888096011,10.4015039444437,42.7811842193043));
#4406=CARTESIAN_POINT('',(75.0952888096011,15.4015039444437,42.7811842193043));
#4407=CARTESIAN_POINT('',(85.0187517583787,15.4015039444437,29.3730406774788));
#4408=CARTESIAN_POINT('',(91.4231217716454,15.4015039444437,46.1951702909721));
#4409=CARTESIAN_POINT('',(85.0187517583785,20.4015039444437,29.3730406774788));
#4410=CARTESIAN_POINT('',(85.0187517583787,23.4218839091821,29.3730406774788));
#4411=CARTESIAN_POINT('',(85.3303141877525,25.8426842527238,29.6093321990852));
#4412=CARTESIAN_POINT('',(85.229254318848,25.4511431754353,29.5308048726801));
#4413=CARTESIAN_POINT('',(85.1514742864161,25.0538007607783,29.4721313410946));
#4414=CARTESIAN_POINT('',(85.046224517121,24.2470906130012,29.3932555742939));
#4415=CARTESIAN_POINT('',(85.0187517583786,23.8377247971767,29.3730406774788));
#4416=CARTESIAN_POINT('',(85.0187517583785,23.4218839091821,29.3730406774788));
#4417=CARTESIAN_POINT('',(90.3008283963909,10.4015039444437,35.9222487327638));
#4418=CARTESIAN_POINT('',(90.3008283963908,112.366155819181,35.9222487327638));
#4419=CARTESIAN_POINT('',(75.0952888096011,112.366155819181,42.7811842193044));
#4420=CARTESIAN_POINT('',(91.0124250645315,112.366155819181,37.7913742453742));
#4421=CARTESIAN_POINT('',(91.0124250645316,10.4015039444437,37.7913742453742));
#4422=CARTESIAN_POINT('',(91.4986599330721,25.8426842527235,45.8115053111413));
#4423=CARTESIAN_POINT('',(91.4754100626811,25.4511431754351,45.9373587243732));
#4424=CARTESIAN_POINT('',(91.4563425216976,25.0538007607782,46.0329031937823));
#4425=CARTESIAN_POINT('',(91.4301952943893,24.2470906130011,46.161803244322));
#4426=CARTESIAN_POINT('',(91.4231217716452,23.8377247971766,46.1951702909722));
#4427=CARTESIAN_POINT('',(91.4231217716452,23.4218839091821,46.1951702909722));
#4428=CARTESIAN_POINT('',(91.4231217716454,23.4218839091821,46.1951702909721));
#4429=CARTESIAN_POINT('',(91.4231217716452,10.4015039444437,46.1951702909722));
#4430=CARTESIAN_POINT('',(75.0952888096011,10.4015039444437,42.7811842193043));
#4431=CARTESIAN_POINT('',(75.0952888096011,15.4015039444437,42.7811842193043));
#4432=CARTESIAN_POINT('',(90.9137097906976,15.4015039444437,48.0756141035099));
#4433=CARTESIAN_POINT('',(76.8939729761878,15.4015039444436,59.36485586954));
#4434=CARTESIAN_POINT('',(90.9137097906975,20.4015039444437,48.0756141035096));
#4435=CARTESIAN_POINT('',(90.9137097906976,23.4218839091821,48.0756141035099));
#4436=CARTESIAN_POINT('',(90.7852612848137,25.842684252724,48.4449456780017));
#4437=CARTESIAN_POINT('',(90.8721707019016,25.0596020981469,48.2041858275225));
#4438=CARTESIAN_POINT('',(90.9137097906975,24.2535656851712,48.0756141035097));
#4439=CARTESIAN_POINT('',(90.9137097906975,23.4218839091821,48.0756141035096));
#4440=CARTESIAN_POINT('',(86.3172942398828,10.4015039444437,55.122984098442));
#4441=CARTESIAN_POINT('',(86.3172942398827,112.366155819181,55.1229840984421));
#4442=CARTESIAN_POINT('',(75.0952888096011,112.366155819181,42.7811842193044));
#4443=CARTESIAN_POINT('',(84.7595457049372,112.366155819181,56.3773442946676));
#4444=CARTESIAN_POINT('',(84.7595457049372,10.4015039444437,56.3773442946676));
#4445=CARTESIAN_POINT('',(77.282202630935,25.8426842527236,59.3181379312796));
#4446=CARTESIAN_POINT('',(77.1553243171149,25.4511431754351,59.33491683403));
#4447=CARTESIAN_POINT('',(77.0585639326825,25.0538007607782,59.3463073896938));
#4448=CARTESIAN_POINT('',(76.927892762072,24.2470906130011,59.3612722049717));
#4449=CARTESIAN_POINT('',(76.8939729761877,23.8377247971766,59.3648558695398));
#4450=CARTESIAN_POINT('',(76.8939729761877,23.4218839091821,59.3648558695398));
#4451=CARTESIAN_POINT('',(76.8939729761878,23.4218839091821,59.3648558695398));
#4452=CARTESIAN_POINT('',(76.8939729761877,10.4015039444437,59.3648558695398));
#4453=CARTESIAN_POINT('',(75.0952888096011,10.4015039444437,42.7811842193043));
#4454=CARTESIAN_POINT('',(75.0952888096011,15.4015039444437,42.7811842193043));
#4455=CARTESIAN_POINT('',(74.9481476754958,15.4015039444436,59.4614653806221));
#4456=CARTESIAN_POINT('',(59.8791037975339,15.4015039444436,49.6164708857503));
#4457=CARTESIAN_POINT('',(74.948147675496,20.4015039444436,59.461465380622));
#4458=CARTESIAN_POINT('',(74.9481476754958,23.4218839091821,59.4614653806221));
#4459=CARTESIAN_POINT('',(74.5571997036817,25.8426842527238,59.4534333251702));
#4460=CARTESIAN_POINT('',(74.6851160594376,25.4511431754353,59.457561766214));
#4461=CARTESIAN_POINT('',(74.782528864064,25.0538007607783,59.4593116944003));
#4462=CARTESIAN_POINT('',(74.9140397285664,24.2470906130012,59.4612592679877));
#4463=CARTESIAN_POINT('',(74.948147675496,23.8377247971766,59.461465380622));
#4464=CARTESIAN_POINT('',(74.948147675496,23.4218839091821,59.461465380622));
#4465=CARTESIAN_POINT('',(66.8253300006615,10.4015039444436,57.2677715135015));
#4466=CARTESIAN_POINT('',(66.8253300006615,112.366155819181,57.2677715135016));
#4467=CARTESIAN_POINT('',(75.0952888096011,112.366155819181,42.7811842193044));
#4468=CARTESIAN_POINT('',(65.150991791999,112.366155819181,56.1738832362936));
#4469=CARTESIAN_POINT('',(65.150991791999,10.4015039444436,56.1738832362935));
#4470=CARTESIAN_POINT('',(60.0435047581813,25.8426842527232,49.971262591852));
#4471=CARTESIAN_POINT('',(59.9883395181963,25.4511431754347,49.8557791108138));
#4472=CARTESIAN_POINT('',(59.9476058528361,25.0538007607779,49.7672743919557));
#4473=CARTESIAN_POINT('',(59.8929938553574,24.2470906130009,49.6476231058932));
#4474=CARTESIAN_POINT('',(59.8791037975339,23.8377247971765,49.6164708857503));
#4475=CARTESIAN_POINT('',(59.8791037975339,23.421883909182,49.6164708857503));
#4476=CARTESIAN_POINT('',(59.879103797534,23.4218839091821,49.6164708857502));
#4477=CARTESIAN_POINT('',(59.8791037975339,10.4015039444436,49.6164708857503));
#4478=CARTESIAN_POINT('',(75.0952888096011,10.4015039444437,42.7811842193043));
#4479=CARTESIAN_POINT('',(66.2447293107908,32.388477121996,54.499775782985));
#4480=CARTESIAN_POINT('',(66.2447293107907,112.366155819181,54.4997757829851));
#4481=CARTESIAN_POINT('',(64.4131252103981,112.366155819181,57.3032839586624));
#4482=CARTESIAN_POINT('',(64.4131252103982,74.6151983983394,57.3032839586624));
#4483=CARTESIAN_POINT('',(66.0874634190606,112.366155819181,58.3971722358704));
#4484=CARTESIAN_POINT('',(67.9190675194532,112.366155819181,55.5936640601931));
#4485=CARTESIAN_POINT('',(75.0952888096011,112.366155819181,42.7811842193044));
#4486=CARTESIAN_POINT('',(66.0874634190606,112.366155819181,58.3971722358704));
#4487=CARTESIAN_POINT('',(67.9190675194533,10.4015039444436,55.593664060193));
#4488=CARTESIAN_POINT('',(66.0874634190606,32.3661558191812,58.3971722358704));
#4489=CARTESIAN_POINT('',(61.2152726463022,32.388477121996,37.9850458784188));
#4490=CARTESIAN_POINT('',(61.2152726463021,112.366155819181,37.985045878419));
#4491=CARTESIAN_POINT('',(57.9829811333494,112.366155819181,37.1094185336211));
#4492=CARTESIAN_POINT('',(57.9829811333495,74.6151983983394,37.109418533621));
#4493=CARTESIAN_POINT('',(57.4600305200199,112.366155819181,39.0398388650562));
#4494=CARTESIAN_POINT('',(60.6923220329726,112.366155819181,39.9154662098541));
#4495=CARTESIAN_POINT('',(75.0952888096011,112.366155819181,42.7811842193044));
#4496=CARTESIAN_POINT('',(57.4600305200199,112.366155819181,39.0398388650562));
#4497=CARTESIAN_POINT('',(60.6923220329727,10.4015039444436,39.915466209854));
#4498=CARTESIAN_POINT('',(57.46003052002,32.3661558191812,39.0398388650561));
#4499=CARTESIAN_POINT('',(75.3675265550951,32.388477121996,28.0984161462099));
#4500=CARTESIAN_POINT('',(75.367526555095,112.366155819181,28.09841614621));
#4501=CARTESIAN_POINT('',(75.2014646389349,112.366155819181,24.7537405099688));
#4502=CARTESIAN_POINT('',(75.201464638935,74.6151983983394,24.7537405099688));
#4503=CARTESIAN_POINT('',(73.2039251767972,112.366155819181,24.8529176101616));
#4504=CARTESIAN_POINT('',(73.3699870929573,112.366155819181,28.1975932464027));
#4505=CARTESIAN_POINT('',(75.0952888096011,112.366155819181,42.7811842193044));
#4506=CARTESIAN_POINT('',(73.2039251767972,112.366155819181,24.8529176101616));
#4507=CARTESIAN_POINT('',(73.3699870929574,10.4015039444437,28.1975932464027));
#4508=CARTESIAN_POINT('',(73.2039251767973,32.3661558191812,24.8529176101615));
#4509=CARTESIAN_POINT('',(89.1435571526359,32.388477121996,38.5028728420858));
#4510=CARTESIAN_POINT('',(89.1435571526359,112.366155819181,38.5028728420857));
#4511=CARTESIAN_POINT('',(92.2732167571649,112.366155819181,37.3113769623429));
#4512=CARTESIAN_POINT('',(92.2732167571649,74.6151983983394,37.3113769623429));
#4513=CARTESIAN_POINT('',(91.5616200890241,112.366155819181,35.4422514497325));
#4514=CARTESIAN_POINT('',(88.4319604844951,112.366155819181,36.6337473294754));
#4515=CARTESIAN_POINT('',(75.0952888096011,112.366155819181,42.7811842193044));
#4516=CARTESIAN_POINT('',(91.5616200890241,112.366155819181,35.4422514497325));
#4517=CARTESIAN_POINT('',(88.4319604844952,10.4015039444437,36.6337473294753));
#4518=CARTESIAN_POINT('',(91.5616200890242,32.3661558191812,35.4422514497325));
#4519=CARTESIAN_POINT('',(83.505358383182,32.388477121996,54.8198104468222));
#4520=CARTESIAN_POINT('',(83.505358383182,112.366155819181,54.8198104468222));
#4521=CARTESIAN_POINT('',(85.6056563081586,112.366155819181,57.428101131927));
#4522=CARTESIAN_POINT('',(85.6056563081586,74.6151983983394,57.428101131927));
#4523=CARTESIAN_POINT('',(87.1634048431041,112.366155819181,56.1737409357014));
#4524=CARTESIAN_POINT('',(85.0631069181275,112.366155819181,53.5654502505966));
#4525=CARTESIAN_POINT('',(75.0952888096011,112.366155819181,42.7811842193044));
#4526=CARTESIAN_POINT('',(87.1634048431041,112.366155819181,56.1737409357014));
#4527=CARTESIAN_POINT('',(85.0631069181276,10.4015039444437,53.5654502505966));
#4528=CARTESIAN_POINT('',(87.1634048431041,32.3661558191812,56.1737409357014));
#4529=CARTESIAN_POINT('',(75.0952888096011,10.4015039444437,42.7811842193043));
#4530=CARTESIAN_POINT('',(75.0952888096011,10.4015039444437,42.7811842193043));
#4531=CARTESIAN_POINT('',(75.0952888096011,10.4015039444437,42.7811842193043));
#4532=CARTESIAN_POINT('',(75.0952888096011,10.4015039444437,42.7811842193043));
#4533=CARTESIAN_POINT('',(75.0952888096011,10.4015039444437,42.7811842193043));
#4534=CARTESIAN_POINT('',(83.3877603761889,15.4015039444437,28.3074719984782));
#4535=CARTESIAN_POINT('',(82.8223730691818,15.4015039444437,31.032932822848));
#4536=CARTESIAN_POINT('',(91.4231217716454,15.4015039444437,46.1951702909721));
#4537=CARTESIAN_POINT('',(88.6563402084522,15.4015039444437,46.4996687206459));
#4538=CARTESIAN_POINT('',(76.8939729761878,15.4015039444436,59.36485586954));
#4539=CARTESIAN_POINT('',(75.749395237695,15.4015039444436,56.8275854242295));
#4540=CARTESIAN_POINT('',(59.8791037975339,15.4015039444436,49.6164708857503));
#4541=CARTESIAN_POINT('',(61.938497415572,15.4015039444436,47.7438530822241));
#4542=CARTESIAN_POINT('',(63.8924851264503,15.4015039444437,30.4219520517813));
#4543=CARTESIAN_POINT('',(66.3098381171053,15.4015039444437,31.8018810465744));
#4544=CARTESIAN_POINT('',(75.0952888096013,15.4015039444437,42.7811842193044));
#4545=CARTESIAN_POINT('',(89.8972544520097,15.4015039444437,52.4516896238252));
#4546=CARTESIAN_POINT('',(75.0952888096013,15.4015039444437,42.7811842193044));
#4547=CARTESIAN_POINT('',(75.0952888096012,20.4015039444437,42.7811842193044));
#4548=CARTESIAN_POINT('',(59.879103797534,23.4218839091821,49.6164708857502));
#4549=CARTESIAN_POINT('',(59.8819501966578,23.4247415694457,49.6140308004433));
#4550=CARTESIAN_POINT('',(59.8847975464372,23.4275975876779,49.6115899001837));
#4551=CARTESIAN_POINT('',(59.8876429949053,23.4304568899729,49.6091506298296));
#4552=CARTESIAN_POINT('',(60.0519101670379,23.5955238407663,49.4683320391515));
#4553=CARTESIAN_POINT('',(60.2130019118929,23.7663491650985,49.3302355942813));
#4554=CARTESIAN_POINT('',(60.3692386315474,23.9444287145852,49.1963011362377));
#4555=CARTESIAN_POINT('',(60.5247190140391,24.1216461864406,49.0630150507932));
#4556=CARTESIAN_POINT('',(60.6755880841276,24.3061746580125,48.9336820285528));
#4557=CARTESIAN_POINT('',(60.8208879382047,24.4977951729781,48.8091232356348));
#4558=CARTESIAN_POINT('',(60.8208879382047,24.4977951729781,48.8091232356348));
#4559=CARTESIAN_POINT('',(71.2813601488021,23.4218839091821,39.841847940142));
#4560=CARTESIAN_POINT('',(59.8791037975339,35.4015039444436,49.6164708857503));
#4561=CARTESIAN_POINT('',(74.2017412605537,23.4218839091821,47.512708537033));
#4562=CARTESIAN_POINT('',(60.426180030562,24.4977951729781,47.7723580943205));
#4563=CARTESIAN_POINT('',(60.426180030562,24.4977951729781,47.7723580943205));
#4564=CARTESIAN_POINT('',(60.2348323555958,24.3061746580126,47.7759647233546));
#4565=CARTESIAN_POINT('',(60.0361504920172,24.1216461864409,47.7797095913174));
#4566=CARTESIAN_POINT('',(59.8313959182317,23.9444287145856,47.7835689211514));
#4567=CARTESIAN_POINT('',(59.625645312079,23.7663491650989,47.7874470247661));
#4568=CARTESIAN_POINT('',(59.413501046581,23.5955238406386,47.7914456396826));
#4569=CARTESIAN_POINT('',(59.1971750104989,23.4304568899799,47.7955230749726));
#4570=CARTESIAN_POINT('',(59.1934277944241,23.4275975876872,47.7955937046172));
#4571=CARTESIAN_POINT('',(59.1896780744894,23.424741569448,47.7956643814561));
#4572=CARTESIAN_POINT('',(59.1859296064846,23.4218839091821,47.7957350346978));
#4573=CARTESIAN_POINT('',(61.938497415572,35.4015039444436,47.7438530822241));
#4574=CARTESIAN_POINT('',(76.8939729761878,23.4218839091821,59.3648558695398));
#4575=CARTESIAN_POINT('',(76.8925319028593,23.424741569449,59.3613947552799));
#4576=CARTESIAN_POINT('',(76.8910903482354,23.4275975876912,59.3579324850631));
#4577=CARTESIAN_POINT('',(76.8896497562025,23.4304568899829,59.3544725267601));
#4578=CARTESIAN_POINT('',(76.8064846656731,23.5955238405846,59.1547298245114));
#4579=CARTESIAN_POINT('',(76.7249272287691,23.7663491650991,58.9588483226459));
#4580=CARTESIAN_POINT('',(76.6458277912088,23.944428714586,58.7688703486659));
#4581=CARTESIAN_POINT('',(76.5671112715973,24.1216461864412,58.5798120522251));
#4582=CARTESIAN_POINT('',(76.4907293646064,24.3061746580129,58.3963609382042));
#4583=CARTESIAN_POINT('',(76.4171670371299,24.4977951729783,58.219681781357));
#4584=CARTESIAN_POINT('',(76.4171670371299,24.4977951729783,58.219681781357));
#4585=CARTESIAN_POINT('',(71.1212451162005,23.4218839091821,45.5001410623983));
#4586=CARTESIAN_POINT('',(76.8939729761878,35.4015039444436,59.36485586954));
#4587=CARTESIAN_POINT('',(79.3191144660482,23.4218839091821,45.0931198619221));
#4588=CARTESIAN_POINT('',(75.3091733423396,24.4977951729784,58.2746932611122));
#4589=CARTESIAN_POINT('',(75.3091733423396,24.4977951729784,58.2746932611122));
#4590=CARTESIAN_POINT('',(75.2534737669858,24.3061746580135,58.4577902239303));
#4591=CARTESIAN_POINT('',(75.1956392757447,24.1216461864423,58.6479051327981));
#4592=CARTESIAN_POINT('',(75.1360370735564,23.9444287145876,58.8438309029432));
#4593=CARTESIAN_POINT('',(75.0761449353657,23.7663491651006,59.0407097575797));
#4594=CARTESIAN_POINT('',(75.0143916609466,23.5955238401587,59.2437065832894));
#4595=CARTESIAN_POINT('',(74.9514211107612,23.4304568900063,59.4507048667176));
#4596=CARTESIAN_POINT('',(74.9503303300943,23.4275975877224,59.4542905067505));
#4597=CARTESIAN_POINT('',(74.9492388205843,23.4247415694568,59.457878542654));
#4598=CARTESIAN_POINT('',(74.9481476754958,23.4218839091821,59.4614653806221));
#4599=CARTESIAN_POINT('',(75.749395237695,35.4015039444436,56.8275854242295));
#4600=CARTESIAN_POINT('',(91.4231217716454,23.4218839091821,46.1951702909721));
#4601=CARTESIAN_POINT('',(91.419384740227,23.4247415694501,46.1954712900258));
#4602=CARTESIAN_POINT('',(91.4156464607014,23.4275975876954,46.1957723896081));
#4603=CARTESIAN_POINT('',(91.4119106773902,23.4304568899861,46.196073288133));
#4604=CARTESIAN_POINT('',(91.1962446524752,23.5955238405266,46.2134440999158));
#4605=CARTESIAN_POINT('',(90.9847476397274,23.7663491650993,46.230479118772));
#4606=CARTESIAN_POINT('',(90.7796247791695,23.9444287145862,46.2470007317822));
#4607=CARTESIAN_POINT('',(90.5754949120819,24.1216461864413,46.2634423641711));
#4608=CARTESIAN_POINT('',(90.3774192273478,24.3061746580129,46.2793963626723));
#4609=CARTESIAN_POINT('',(90.1866553545988,24.4977951729783,46.294761431555));
#4610=CARTESIAN_POINT('',(90.1866553545988,24.4977951729783,46.294761431555));
#4611=CARTESIAN_POINT('',(76.4531233951016,23.4218839091821,47.4009282414429));
#4612=CARTESIAN_POINT('',(91.4231217716454,35.4015039444437,46.1951702909722));
#4613=CARTESIAN_POINT('',(78.5993041768869,23.4218839091821,39.4785147085159));
#4614=CARTESIAN_POINT('',(89.8965854995406,24.4977951729785,47.3655255371293));
#4615=CARTESIAN_POINT('',(89.8965854995406,24.4977951729785,47.3655255371293));
#4616=CARTESIAN_POINT('',(90.0535089437787,24.3061746580136,47.4750790543536));
#4617=CARTESIAN_POINT('',(90.2164471260472,24.121646186442,47.5888316618389));
#4618=CARTESIAN_POINT('',(90.3843655130753,23.9444287145872,47.7060611172264));
#4619=CARTESIAN_POINT('',(90.5531007421675,23.7663491650999,47.8238608374432));
#4620=CARTESIAN_POINT('',(90.7270793847436,23.5955238400797,47.9453211603966));
#4621=CARTESIAN_POINT('',(90.9044874809597,23.4304568900106,48.0691756999073));
#4622=CARTESIAN_POINT('',(90.9075605575158,23.4275975877281,48.0713211176748));
#4623=CARTESIAN_POINT('',(90.9106356874516,23.4247415694583,48.0734679689757));
#4624=CARTESIAN_POINT('',(90.9137097906976,23.4218839091821,48.0756141035099));
#4625=CARTESIAN_POINT('',(88.6563402084522,35.4015039444437,46.4996687206459));
#4626=CARTESIAN_POINT('',(83.3877603761889,23.4218839091821,28.3074719984782));
#4627=CARTESIAN_POINT('',(83.3868918370829,23.4247415694472,28.3111191403852));
#4628=CARTESIAN_POINT('',(83.3860230078981,23.427597587684,28.314767500382));
#4629=CARTESIAN_POINT('',(83.385154758871,23.4304568899775,28.3184134241992));
#4630=CARTESIAN_POINT('',(83.3350309158315,23.595523840683,28.5288918784624));
#4631=CARTESIAN_POINT('',(83.2858760102935,23.7663491650977,28.7353016010561));
#4632=CARTESIAN_POINT('',(83.2382025481595,23.9444287145848,28.9354904934251));
#4633=CARTESIAN_POINT('',(83.1907598717919,24.1216461864404,29.1347102775125));
#4634=CARTESIAN_POINT('',(83.1447242732723,24.3061746580126,29.3280215048634));
#4635=CARTESIAN_POINT('',(83.1003880435642,24.4977951729781,29.5141967965196));
#4636=CARTESIAN_POINT('',(83.1003880435642,24.4977951729781,29.5141967965196));
#4637=CARTESIAN_POINT('',(79.9085204279413,23.4218839091821,42.9173862012162));
#4638=CARTESIAN_POINT('',(83.3877603761889,35.4015039444437,28.3074719984782));
#4639=CARTESIAN_POINT('',(73.0370637472387,23.4218839091821,38.4280865654113));
#4640=CARTESIAN_POINT('',(84.0291087088168,24.4977951729784,30.1209539279428));
#4641=CARTESIAN_POINT('',(84.0291087088168,24.4977951729784,30.1209539279428));
#4642=CARTESIAN_POINT('',(84.1817923063416,24.3061746580135,30.0055647623564));
#4643=CARTESIAN_POINT('',(84.3403281322896,24.1216461864417,29.885752831224));
#4644=CARTESIAN_POINT('',(84.5037096049974,23.9444287145867,29.7622788489912));
#4645=CARTESIAN_POINT('',(84.6678858498665,23.7663491650995,29.6382042253141));
#4646=CARTESIAN_POINT('',(84.8371638387695,23.5955238401991,29.510274007476));
#4647=CARTESIAN_POINT('',(85.0097786222376,23.4304568900041,29.3798220391234));
#4648=CARTESIAN_POINT('',(85.0127686686651,23.4275975877194,29.3775623401909));
#4649=CARTESIAN_POINT('',(85.0157607129984,23.4247415694561,29.3753011313604));
#4650=CARTESIAN_POINT('',(85.0187517583787,23.4218839091821,29.3730406774788));
#4651=CARTESIAN_POINT('',(82.8223730691818,35.4015039444437,31.032932822848));
#4652=CARTESIAN_POINT('',(63.8924851264503,23.4218839091821,30.4219520517813));
#4653=CARTESIAN_POINT('',(63.8956853711847,23.4247415694443,30.423905110389));
#4654=CARTESIAN_POINT('',(63.8988866847558,23.4275975876723,30.4258588212908));
#4655=CARTESIAN_POINT('',(63.9020858606534,23.4304568899687,30.4278112276043));
#4656=CARTESIAN_POINT('',(64.0867736466876,23.5955238408429,30.5405232543987));
#4657=CARTESIAN_POINT('',(64.2678912573229,23.7663491650972,30.6510564597677));
#4658=CARTESIAN_POINT('',(64.4435502979201,23.9444287145842,30.7582583864117));
#4659=CARTESIAN_POINT('',(64.6183589784953,24.12164618644,30.8649413518204));
#4660=CARTESIAN_POINT('',(64.7879830986517,24.3061746580124,30.968460262229));
#4661=CARTESIAN_POINT('',(64.9513456745083,24.4977951729781,31.0681578514553));
#4662=CARTESIAN_POINT('',(64.9513456745083,24.4977951729781,31.0681578514553));
#4663=CARTESIAN_POINT('',(76.7121949599607,23.4218839091821,38.2456176513225));
#4664=CARTESIAN_POINT('',(63.8924851264503,35.4015039444436,30.4219520517813));
#4665=CARTESIAN_POINT('',(70.3192203972787,23.4218839091821,43.3934914236396));
#4666=CARTESIAN_POINT('',(65.8153964667472,24.4977951729782,30.3723902760168));
#4667=CARTESIAN_POINT('',(65.8153964667472,24.4977951729782,30.3723902760168));
#4668=CARTESIAN_POINT('',(65.7528366753038,24.306174658013,30.1915223325264));
#4669=CARTESIAN_POINT('',(65.6878790219054,24.1216461864416,30.0037218793427));
#4670=CARTESIAN_POINT('',(65.6209359381425,23.9444287145866,29.8101813062086));
#4671=CARTESIAN_POINT('',(65.5536672085248,23.7663491650997,29.6156992514181));
#4672=CARTESIAN_POINT('',(65.4843081165112,23.5955238404096,29.4151737054497));
#4673=CARTESIAN_POINT('',(65.4135818235735,23.4304568899925,29.2106954158132));
#4674=CARTESIAN_POINT('',(65.4123566973399,23.427597587704,29.2071534273048));
#4675=CARTESIAN_POINT('',(65.4111307524909,23.4247415694522,29.2036090720799));
#4676=CARTESIAN_POINT('',(65.4099052169497,23.4218839091821,29.2000659002133));
#4677=CARTESIAN_POINT('',(66.3098381171053,35.4015039444437,31.8018810465744));
#4678=CARTESIAN_POINT('',(60.331953943291,24.4977951729781,42.7732460287155));
#4679=CARTESIAN_POINT('',(59.1859296064846,23.4218839091821,47.7957350346978));
#4680=CARTESIAN_POINT('',(59.1859296064846,23.4218839091821,47.7957350346978));
#4681=CARTESIAN_POINT('',(59.1859296064845,23.4218839091821,47.7957350346978));
#4682=CARTESIAN_POINT('',(59.6222403576286,23.7545072368092,47.7875112032703));
#4683=CARTESIAN_POINT('',(59.4044551251176,24.0423390825337,47.7916161269592));
#4684=CARTESIAN_POINT('',(59.1859295974216,24.3325076693061,47.7957350348686));
#4685=CARTESIAN_POINT('',(60.0382768586148,24.1093388963388,47.779669512359));
#4686=CARTESIAN_POINT('',(59.5891626893056,24.6379364858311,47.7881346698218));
#4687=CARTESIAN_POINT('',(59.1360096630357,25.1470695636783,47.6398402624348));
#4688=CARTESIAN_POINT('',(60.426180030562,24.4977951729781,47.7723580943205));
#4689=CARTESIAN_POINT('',(59.726689661988,25.19653772105,47.785542483798));
#4690=CARTESIAN_POINT('',(59.0727589779542,25.8426842527231,47.4214393769373));
#4691=CARTESIAN_POINT('',(61.1830700444942,28.469007497655,46.7325638766113));
#4692=CARTESIAN_POINT('',(61.7149569800098,27.2272034804678,47.7480664985896));
#4693=CARTESIAN_POINT('',(62.3597477541599,25.6650499485034,47.7359131179573));
#4694=CARTESIAN_POINT('',(60.239990551229,27.6662338741588,47.0404162913897));
#4695=CARTESIAN_POINT('',(60.8388467610423,26.5819195383277,47.7645799187353));
#4696=CARTESIAN_POINT('',(61.495564089673,25.3082248321166,47.7522017396804));
#4697=CARTESIAN_POINT('',(59.5249707667871,26.7762741060323,47.2738224558007));
#4698=CARTESIAN_POINT('',(60.155019471489,25.8960349057405,47.7774690816551));
#4699=CARTESIAN_POINT('',(60.8403855172889,24.9125912695708,47.7645509153999));
#4700=CARTESIAN_POINT('',(59.0727589779542,25.8426842527231,47.4214393769373));
#4701=CARTESIAN_POINT('',(59.726689661988,25.19653772105,47.785542483798));
#4702=CARTESIAN_POINT('',(60.426180030562,24.4977951729781,47.7723580943205));
#4703=CARTESIAN_POINT('',(64.0750866874871,24.4977951729781,52.6051989066626));
#4704=CARTESIAN_POINT('',(60.0435047581813,25.8426842527231,49.971262591852));
#4705=CARTESIAN_POINT('',(60.2897299374606,25.19653772105,49.264460234021));
#4706=CARTESIAN_POINT('',(60.8208879382047,24.4977951729781,48.8091232356348));
#4707=CARTESIAN_POINT('',(60.4793932848289,26.7762741060303,49.7807699418479));
#4708=CARTESIAN_POINT('',(60.6149821718191,25.8960349057296,48.985636652523));
#4709=CARTESIAN_POINT('',(61.1354148682608,24.9125912695676,48.539493957637));
#4710=CARTESIAN_POINT('',(61.1686033586462,27.6662338741605,49.479570333834));
#4711=CARTESIAN_POINT('',(61.1342464137111,26.5819195383283,48.5404956192666));
#4712=CARTESIAN_POINT('',(61.6329247072322,25.3082248321142,48.1130019601005));
#4713=CARTESIAN_POINT('',(62.0776409843369,28.469007497655,49.0823013632532));
#4714=CARTESIAN_POINT('',(61.7995206951776,27.2272034804679,47.9701869841649));
#4715=CARTESIAN_POINT('',(62.2891425597274,25.6650499485034,47.5504569794657));
#4716=CARTESIAN_POINT('',(59.8791037975339,23.4218839091821,49.6164708857503));
#4717=CARTESIAN_POINT('',(59.8791037975339,23.4218839091821,49.6164708857503));
#4718=CARTESIAN_POINT('',(59.8791037975339,23.4218839091821,49.6164708857503));
#4719=CARTESIAN_POINT('',(59.8791037906492,24.3325076693019,49.6164708916523));
#4720=CARTESIAN_POINT('',(60.0450411571824,24.0423390824105,49.4742205413792));
#4721=CARTESIAN_POINT('',(60.2104163599041,23.7545072364992,49.3324520674967));
#4722=CARTESIAN_POINT('',(59.945497802641,25.1470695636814,49.7660938013003));
#4723=CARTESIAN_POINT('',(60.1852988328594,24.6379364858741,49.3539841527875));
#4724=CARTESIAN_POINT('',(60.5263336705355,24.1093388963822,49.061630881033));
#4725=CARTESIAN_POINT('',(60.0435047581813,25.8426842527231,49.971262591852));
#4726=CARTESIAN_POINT('',(60.2897299374606,25.19653772105,49.264460234021));
#4727=CARTESIAN_POINT('',(60.8208879382047,24.4977951729781,48.8091232356348));
#4728=CARTESIAN_POINT('',(70.5407171101503,24.4977951729782,28.7379653566559));
#4729=CARTESIAN_POINT('',(65.4099052169496,23.4218839091821,29.2000659002132));
#4730=CARTESIAN_POINT('',(65.4099052169496,23.4218839091821,29.2000659002133));
#4731=CARTESIAN_POINT('',(65.4099052169496,23.4218839091821,29.2000659002133));
#4732=CARTESIAN_POINT('',(65.5525539822559,23.7545072373379,29.6124807792773));
#4733=CARTESIAN_POINT('',(65.4813506298108,24.0423390827448,29.4066232058025));
#4734=CARTESIAN_POINT('',(65.409905213985,24.3325076693095,29.2000658916421));
#4735=CARTESIAN_POINT('',(65.6885742226518,24.1093388962277,30.0057317890055));
#4736=CARTESIAN_POINT('',(65.5417394687606,24.6379364857553,29.5812147093006));
#4737=CARTESIAN_POINT('',(65.5427438450834,25.1470695636792,29.1044150787487));
#4738=CARTESIAN_POINT('',(65.8153964667472,24.4977951729783,30.3723902760168));
#4739=CARTESIAN_POINT('',(65.5867029559303,25.1965377210502,29.7112096033078));
#4740=CARTESIAN_POINT('',(65.7309098938038,25.8426842527235,28.9767705173275));
#4741=CARTESIAN_POINT('',(67.0381914102833,28.4690074976551,30.7709213719608));
#4742=CARTESIAN_POINT('',(66.2367531264964,27.2272034804679,31.5905834759388));
#4743=CARTESIAN_POINT('',(66.4475629853703,25.6650499485034,32.2000603421868));
#4744=CARTESIAN_POINT('',(66.4539787746871,27.6662338741614,29.9691311024293));
#4745=CARTESIAN_POINT('',(65.9503149840309,26.581919538316,30.7624560706633));
#4746=CARTESIAN_POINT('',(66.1650241469512,25.3082248321154,31.3832062977274));
#4747=CARTESIAN_POINT('',(66.0110430563719,26.776274106031,29.3612333485553));
#4748=CARTESIAN_POINT('',(65.7267424079781,25.8960349057426,30.1160806413072));
#4749=CARTESIAN_POINT('',(65.950818069696,24.9125912695707,30.7639105522906));
#4750=CARTESIAN_POINT('',(65.7309098938038,25.8426842527234,28.9767705173275));
#4751=CARTESIAN_POINT('',(65.5867029559303,25.1965377210502,29.7112096033078));
#4752=CARTESIAN_POINT('',(65.8153964667472,24.4977951729782,30.3723902760168));
#4753=CARTESIAN_POINT('',(62.3466658878298,24.4977951729781,35.3361366715607));
#4754=CARTESIAN_POINT('',(63.6058608531665,25.842684252723,30.6879433233389));
#4755=CARTESIAN_POINT('',(64.3541576061547,25.1965377210499,30.7037034443344));
#4756=CARTESIAN_POINT('',(64.9513456745083,24.497795172978,31.0681578514553));
#4757=CARTESIAN_POINT('',(63.921727091638,26.7762741060376,31.0436324808304));
#4758=CARTESIAN_POINT('',(64.7198430580977,25.8960349057336,30.9268754761335));
#4759=CARTESIAN_POINT('',(65.3049725229057,24.9125912695681,31.2839707087517));
#4760=CARTESIAN_POINT('',(64.4211625670723,27.6662338741506,31.6060344150525));
#4761=CARTESIAN_POINT('',(65.3036588137817,26.5819195383319,31.2831689729091));
#4762=CARTESIAN_POINT('',(65.8643295114246,25.3082248321157,31.6253374078247));
#4763=CARTESIAN_POINT('',(65.0798958851149,28.469007497655,32.3478177092787));
#4764=CARTESIAN_POINT('',(66.0516356163816,27.2272034804678,31.7396473531329));
#4765=CARTESIAN_POINT('',(66.6021240493988,25.6650499485034,32.0756017134324));
#4766=CARTESIAN_POINT('',(63.8924851264503,23.4218839091821,30.4219520517813));
#4767=CARTESIAN_POINT('',(63.8924851264503,23.4218839091821,30.4219520517813));
#4768=CARTESIAN_POINT('',(63.8924851264503,23.4218839091821,30.4219520517813));
#4769=CARTESIAN_POINT('',(63.8924851187139,24.3325076692992,30.4219520470599));
#4770=CARTESIAN_POINT('',(64.0790507076676,24.042339082335,30.5358100851701));
#4771=CARTESIAN_POINT('',(64.2649842866044,23.7545072363253,30.6492823816409));
#4772=CARTESIAN_POINT('',(63.7707021535307,25.1470695636803,30.5313325266335));
#4773=CARTESIAN_POINT('',(64.2367443138104,24.6379364858955,30.6320479741132));
#4774=CARTESIAN_POINT('',(64.620174358481,24.1093388964195,30.8660492494349));
#4775=CARTESIAN_POINT('',(63.6058608531664,25.8426842527231,30.6879433233389));
#4776=CARTESIAN_POINT('',(64.3541576061547,25.19653772105,30.7037034443344));
#4777=CARTESIAN_POINT('',(64.9513456745083,24.4977951729781,31.0681578514553));
#4778=CARTESIAN_POINT('',(87.0437435614554,24.4977951729756,34.1099358413207));
#4779=CARTESIAN_POINT('',(85.0187517583786,23.4218839091821,29.3730406774789));
#4780=CARTESIAN_POINT('',(85.0187517583786,23.4218839091821,29.3730406774789));
#4781=CARTESIAN_POINT('',(85.0187517583786,23.4218839091821,29.3730406774789));
#4782=CARTESIAN_POINT('',(84.6706027931573,23.7545072378676,29.6361509214599));
#4783=CARTESIAN_POINT('',(84.84438193398,24.0423390829507,29.5048190204309));
#4784=CARTESIAN_POINT('',(85.0187517656087,24.3325076693109,29.3730406720147));
#4785=CARTESIAN_POINT('',(84.3386314235357,24.109338896138,29.8870351026043));
#4786=CARTESIAN_POINT('',(84.6969967240802,24.637936485682,29.6162039611013));
#4787=CARTESIAN_POINT('',(85.1507704890251,25.1470695636768,29.4698199910222));
#4788=CARTESIAN_POINT('',(84.0291087088194,24.4977951729752,30.1209539279408));
#4789=CARTESIAN_POINT('',(84.5872587147003,25.1965377210458,29.6991374100259));
#4790=CARTESIAN_POINT('',(85.330314187751,25.842684252718,29.609332199084));
#4791=CARTESIAN_POINT('',(84.0279475312614,28.4690074976553,31.4070539085192));
#4792=CARTESIAN_POINT('',(83.0007444964801,27.2272034804681,30.8981303260896));
#4793=CARTESIAN_POINT('',(82.4862413802776,25.6650499485035,31.2869611254198));
#4794=CARTESIAN_POINT('',(84.6099637590829,27.6662338741716,30.6036678553275));
#4795=CARTESIAN_POINT('',(83.6998262077463,26.581919538356,30.3698060224699));
#4796=CARTESIAN_POINT('',(83.1758064394773,25.3082248321296,30.7658289403752));
#4797=CARTESIAN_POINT('',(85.05123421477,26.776274106024,29.9945602173249));
#4798=CARTESIAN_POINT('',(84.2454780463599,25.8960349057323,29.957434874693));
#4799=CARTESIAN_POINT('',(83.698598375535,24.9125912695695,30.3707339448752));
#4800=CARTESIAN_POINT('',(85.3303141877539,25.8426842527193,29.6093321990833));
#4801=CARTESIAN_POINT('',(84.587258714701,25.1965377210471,29.6991374100254));
#4802=CARTESIAN_POINT('',(84.0291087088184,24.4977951729764,30.1209539279416));
#4803=CARTESIAN_POINT('',(78.2364086563047,24.4977951729781,28.3558770995816));
#4804=CARTESIAN_POINT('',(83.0462158726512,25.8426842527232,28.11707193891));
#4805=CARTESIAN_POINT('',(83.2624635203899,25.1965377210501,28.833614587183));
#4806=CARTESIAN_POINT('',(83.1003880435642,24.4977951729781,29.5141967965196));
#4807=CARTESIAN_POINT('',(82.8055434172809,26.7762741060362,28.5273925776667));
#4808=CARTESIAN_POINT('',(83.1632173245191,25.8960349057369,29.2503660696706));
#4809=CARTESIAN_POINT('',(83.0044145251551,24.9125912695694,29.9172057555304));
#4810=CARTESIAN_POINT('',(82.4250014424626,27.6662338741531,29.1761756963879));
#4811=CARTESIAN_POINT('',(83.0047710628047,26.5819195383187,29.9157085939096));
#4812=CARTESIAN_POINT('',(82.852606316929,25.3082248321173,30.5546739757292));
#4813=CARTESIAN_POINT('',(81.9230833968478,28.4690074976551,30.031891955075));
#4814=CARTESIAN_POINT('',(82.8017718681486,27.2272034804679,30.768136383115));
#4815=CARTESIAN_POINT('',(82.6523705656172,25.6650499485034,31.395497601148));
#4816=CARTESIAN_POINT('',(83.3877603761888,23.4218839091821,28.3074719984783));
#4817=CARTESIAN_POINT('',(83.3877603761888,23.4218839091821,28.3074719984783));
#4818=CARTESIAN_POINT('',(83.3877603761888,23.4218839091821,28.3074719984783));
#4819=CARTESIAN_POINT('',(83.3877603782891,24.3325076692984,28.3074719896588));
#4820=CARTESIAN_POINT('',(83.3371268868151,24.0423390824845,28.5200904771841));
#4821=CARTESIAN_POINT('',(83.2866649555479,23.7545072366985,28.7319886871296));
#4822=CARTESIAN_POINT('',(83.246100354564,25.1470695636915,28.2254499340931));
#4823=CARTESIAN_POINT('',(83.2943292195776,24.6379364858554,28.6998051523239));
#4824=CARTESIAN_POINT('',(83.1902671818307,24.1093388963688,29.1367791655938));
#4825=CARTESIAN_POINT('',(83.0462158726529,25.8426842527173,28.1170719389109));
#4826=CARTESIAN_POINT('',(83.2624635203901,25.1965377210454,28.8336145871818));
#4827=CARTESIAN_POINT('',(83.100388043565,24.497795172975,29.5141967965164));
#4828=CARTESIAN_POINT('',(87.0344116587363,24.4977951729785,51.4652768594678));
#4829=CARTESIAN_POINT('',(90.9137097906974,23.4218839091821,48.0756141035097));
#4830=CARTESIAN_POINT('',(90.9137097906974,23.4218839091821,48.0756141035097));
#4831=CARTESIAN_POINT('',(90.9137097906974,23.4218839091821,48.0756141035097));
#4832=CARTESIAN_POINT('',(90.5558931319474,23.7545072381614,47.8258102983623));
#4833=CARTESIAN_POINT('',(90.7344979000531,24.0423390830563,47.9505002933632));
#4834=CARTESIAN_POINT('',(90.913709798127,24.3325076693142,48.0756141086965));
#4835=CARTESIAN_POINT('',(90.2147033017165,24.1093388961066,47.5876142396125));
#4836=CARTESIAN_POINT('',(90.5830199916286,24.6379364856389,47.8447484685348));
#4837=CARTESIAN_POINT('',(90.8624632252477,25.1470695636792,48.231077830144));
#4838=CARTESIAN_POINT('',(89.8965854995405,24.4977951729785,47.3655255371293));
#4839=CARTESIAN_POINT('',(90.4702346848138,25.1965377210507,47.76600926475));
#4840=CARTESIAN_POINT('',(90.7852612848137,25.8426842527241,48.4449456780017));
#4841=CARTESIAN_POINT('',(88.6730729088082,28.4690074976553,47.7618479421122));
#4842=CARTESIAN_POINT('',(88.8396648037533,27.2272034804681,46.6276537665163));
#4843=CARTESIAN_POINT('',(88.3108745317485,25.6650499485035,46.2584875501272));
#4844=CARTESIAN_POINT('',(89.6169913551942,27.6662338741623,48.0671183246794));
#4845=CARTESIAN_POINT('',(89.5581592046802,26.581919538322,47.1292587950657));
#4846=CARTESIAN_POINT('',(89.0195880142074,25.3082248321132,46.7532641915948));
#4847=CARTESIAN_POINT('',(90.3326472133611,26.7762741060323,48.298566855473));
#4848=CARTESIAN_POINT('',(90.1189631630054,25.8960349057406,47.5207748391389));
#4849=CARTESIAN_POINT('',(89.5568972769846,24.912591269574,47.1283778010383));
#4850=CARTESIAN_POINT('',(90.7852612848137,25.842684252724,48.4449456780017));
#4851=CARTESIAN_POINT('',(90.4702346848138,25.1965377210506,47.76600926475));
#4852=CARTESIAN_POINT('',(89.8965854995405,24.4977951729785,47.3655255371293));
#4853=CARTESIAN_POINT('',(89.7852305593721,24.4977951729783,41.3109016689035));
#4854=CARTESIAN_POINT('',(91.4986599330721,25.8426842527235,45.8115053111413));
#4855=CARTESIAN_POINT('',(90.8840115763736,25.1965377210503,46.2385929011674));
#4856=CARTESIAN_POINT('',(90.1866553545989,24.4977951729783,46.294761431555));
#4857=CARTESIAN_POINT('',(91.0340499370187,26.776274106034,45.7094082546902));
#4858=CARTESIAN_POINT('',(90.4569886021103,25.8960349057319,46.272987450405));
#4859=CARTESIAN_POINT('',(89.7737136098093,24.9125912695667,46.3280218086999));
#4860=CARTESIAN_POINT('',(90.2994265870152,27.6662338741548,45.5479763391581));
#4861=CARTESIAN_POINT('',(89.7752476713251,26.5819195383166,46.3278982477733));
#4862=CARTESIAN_POINT('',(89.1205339888299,25.3082248321237,46.3806321364548));
#4863=CARTESIAN_POINT('',(89.3304908572084,28.4690074976552,45.3350547775301));
#4864=CARTESIAN_POINT('',(88.9018104667282,27.227203480468,46.3982492142324));
#4865=CARTESIAN_POINT('',(88.2589869507831,25.6650499485035,46.4500254099008));
#4866=CARTESIAN_POINT('',(91.4231217716452,23.4218839091821,46.1951702909722));
#4867=CARTESIAN_POINT('',(91.4231217716452,23.4218839091821,46.1951702909722));
#4868=CARTESIAN_POINT('',(91.4231217716452,23.4218839091821,46.1951702909722));
#4869=CARTESIAN_POINT('',(91.4231217806923,24.3325076693088,46.1951702902435));
#4870=CARTESIAN_POINT('',(91.2052629735608,24.042339082626,46.2127177041852));
#4871=CARTESIAN_POINT('',(90.9881422057782,23.7545072370401,46.2302057035784));
#4872=CARTESIAN_POINT('',(91.4573540363563,25.147069563678,46.035097392502));
#4873=CARTESIAN_POINT('',(91.0211189539251,24.6379364857964,46.2275495926491));
#4874=CARTESIAN_POINT('',(90.5733750330659,24.1093388962914,46.2636131097459));
#4875=CARTESIAN_POINT('',(91.4986599330721,25.8426842527235,45.8115053111413));
#4876=CARTESIAN_POINT('',(90.8840115763736,25.1965377210503,46.2385929011675));
#4877=CARTESIAN_POINT('',(90.1866553545988,24.4977951729783,46.294761431555));
#4878=CARTESIAN_POINT('',(70.5256177743761,24.4977951729784,56.8194970103596));
#4879=CARTESIAN_POINT('',(74.9481476754959,23.4218839091821,59.461465380622));
#4880=CARTESIAN_POINT('',(74.9481476754959,23.4218839091821,59.4614653806219));
#4881=CARTESIAN_POINT('',(74.9481476754959,23.4218839091821,59.4614653806219));
#4882=CARTESIAN_POINT('',(75.075153783781,23.7545072379645,59.043967894535));
#4883=CARTESIAN_POINT('',(75.0117584601538,24.0423390829915,59.2523624505306));
#4884=CARTESIAN_POINT('',(74.9481476728554,24.3325076693163,59.4614653893019));
#4885=CARTESIAN_POINT('',(75.1962582417488,24.1093388961266,58.6458704530953));
#4886=CARTESIAN_POINT('',(75.0655251742576,24.6379364856678,59.0756192877452));
#4887=CARTESIAN_POINT('',(74.7844568255991,25.1470695636762,59.4607679341634));
#4888=CARTESIAN_POINT('',(75.3091733423396,24.4977951729784,58.2746932611122));
#4889=CARTESIAN_POINT('',(75.1055580305746,25.1965377210505,58.9440223346392));
#4890=CARTESIAN_POINT('',(74.5571997036817,25.8426842527238,59.4534333251702));
#4891=CARTESIAN_POINT('',(74.5541621531589,28.4690074976553,57.2335339973183));
#4892=CARTESIAN_POINT('',(75.6843246412666,27.2272034804681,57.0414870293876));
#4893=CARTESIAN_POINT('',(75.8720173964498,25.6650499485035,56.4244989608307));
#4894=CARTESIAN_POINT('',(74.5555196078154,27.6662338741712,58.2255875226992));
#4895=CARTESIAN_POINT('',(75.4292968905059,26.5819195383132,57.8798202895935));
#4896=CARTESIAN_POINT('',(75.6204613576937,25.308224832117,57.2514199271429));
#4897=CARTESIAN_POINT('',(74.5565487967215,26.7762741060284,58.9777382193748));
#4898=CARTESIAN_POINT('',(75.230240959202,25.8960349057445,58.5341616597144));
#4899=CARTESIAN_POINT('',(75.4297448085146,24.9125912695721,57.8783478829129));
#4900=CARTESIAN_POINT('',(74.5571997036817,25.8426842527238,59.4534333251702));
#4901=CARTESIAN_POINT('',(75.1055580305746,25.1965377210505,58.9440223346392));
#4902=CARTESIAN_POINT('',(75.3091733423396,24.4977951729784,58.2746932611122));
#4903=CARTESIAN_POINT('',(81.0330522570123,24.4977951729783,56.2978067498134));
#4904=CARTESIAN_POINT('',(77.2822026309349,25.8426842527235,59.3181379312795));
#4905=CARTESIAN_POINT('',(76.6860814076273,25.1965377210503,58.865549929816));
#4906=CARTESIAN_POINT('',(76.4171670371299,24.4977951729783,58.2196817813571));
#4907=CARTESIAN_POINT('',(77.2357303172347,26.7762741060352,58.8447178414829));
#4908=CARTESIAN_POINT('',(76.5214128914172,25.8960349057239,58.4700554477937));
#4909=CARTESIAN_POINT('',(76.2579285218851,24.9125912695684,57.8372288659017));
#4910=CARTESIAN_POINT('',(77.1622500928178,27.6662338741554,58.0961643120982));
#4911=CARTESIAN_POINT('',(76.2585200863718,26.581919538349,57.8386496626816));
#4912=CARTESIAN_POINT('',(76.006049523587,25.3082248321206,57.2322756164134));
#4913=CARTESIAN_POINT('',(77.0653329244981,28.4690074976551,57.1088552913849));
#4914=CARTESIAN_POINT('',(75.9217054015699,27.227203480468,57.0297011618767));
#4915=CARTESIAN_POINT('',(75.6738199224796,25.6650499485034,56.4343393925749));
#4916=CARTESIAN_POINT('',(76.8939729761877,23.4218839091821,59.3648558695398));
#4917=CARTESIAN_POINT('',(76.8939729761877,23.4218839091821,59.3648558695398));
#4918=CARTESIAN_POINT('',(76.8939729761877,23.4218839091821,59.3648558695398));
#4919=CARTESIAN_POINT('',(76.8939729796738,24.3325076693057,59.3648558779124));
#4920=CARTESIAN_POINT('',(76.8099623234963,24.0423390825895,59.163082288817));
#4921=CARTESIAN_POINT('',(76.7262362406512,23.754507236958,58.9619922568249));
#4922=CARTESIAN_POINT('',(77.0567897009096,25.1470695636808,59.3479474419908));
#4923=CARTESIAN_POINT('',(76.7389527278764,24.6379364858081,58.9925342246498));
#4924=CARTESIAN_POINT('',(76.5662938042608,24.1093388963112,58.5778486907505));
#4925=CARTESIAN_POINT('',(77.2822026309349,25.8426842527235,59.3181379312796));
#4926=CARTESIAN_POINT('',(76.6860814076272,25.1965377210503,58.865549929816));
#4927=CARTESIAN_POINT('',(76.4171670371299,24.4977951729783,58.219681781357));
#4928=MECHANICAL_DESIGN_GEOMETRIC_PRESENTATION_REPRESENTATION('',(#473,
#474,#131,#132,#133,#134,#135,#136,#137,#138,#139,#140,#141,#142,#143,#144,
#475,#476,#145,#146,#147,#148,#149,#150,#151,#152,#153,#154,#155,#156,#157,
#158,#477,#478),#4929);
#4929=(
GEOMETRIC_REPRESENTATION_CONTEXT(3)
GLOBAL_UNCERTAINTY_ASSIGNED_CONTEXT((#4930))
GLOBAL_UNIT_ASSIGNED_CONTEXT((#4936,#4932,#4931))
REPRESENTATION_CONTEXT('flower_cup_withrim_part_m',
'TOP_LEVEL_ASSEMBLY_PART')
);
#4930=UNCERTAINTY_MEASURE_WITH_UNIT(LENGTH_MEASURE(0.0508),#4936,
'DISTANCE_ACCURACY_VALUE','Maximum Tolerance applied to model');
#4931=(
NAMED_UNIT(*)
SI_UNIT($,.STERADIAN.)
SOLID_ANGLE_UNIT()
);
#4932=(
CONVERSION_BASED_UNIT('DEGREE',#4934)
NAMED_UNIT(#4933)
PLANE_ANGLE_UNIT()
);
#4933=DIMENSIONAL_EXPONENTS(0.,0.,0.,0.,0.,0.,0.);
#4934=PLANE_ANGLE_MEASURE_WITH_UNIT(PLANE_ANGLE_MEASURE(0.0174532925),#4935);
#4935=(
NAMED_UNIT(*)
PLANE_ANGLE_UNIT()
SI_UNIT($,.RADIAN.)
);
#4936=(
LENGTH_UNIT()
NAMED_UNIT(*)
SI_UNIT(.MILLI.,.METRE.)
);
ENDSEC;
END-ISO-10303-21;
