ISO-10303-21;
HEADER;
/* Generated by software containing ST-Developer
 * from STEP Tools, Inc. (www.steptools.com) 
 */
/* OPTION: using custom schema-name function */

FILE_DESCRIPTION(
/* description */ (''),
/* implementation_level */ '2;1');

FILE_NAME(
/* name */ 'flower_cup_withrim_mold_m.stp',
/* time_stamp */ '2026-09-08T16:13:16+02:00',
/* author */ (''),
/* organization */ (''),
/* preprocessor_version */ 'ST-DEVELOPER v20',
/* originating_system */ 'SIEMENS PLM Software NX2406.3002',
/* authorisation */ '');

FILE_SCHEMA (('AUTOMOTIVE_DESIGN { 1 0 10303 214 3 1 1 1 }'));
ENDSEC;

DATA;
#10=SHAPE_REPRESENTATION_RELATIONSHIP('None',
'relationship between flower_cup_withrim_mold_m-None and flower_cup_wi
thrim_mold_m-None',#22,#11);
#11=ADVANCED_BREP_SHAPE_REPRESENTATION('flower_cup_withrim_mold_m-None',
(#292,#293,#294,#295,#296,#297),#9786);
#12=SHAPE_DEFINITION_REPRESENTATION(#13,#22);
#13=PRODUCT_DEFINITION_SHAPE('','',#14);
#14=PRODUCT_DEFINITION(' ','',#16,#15);
#15=PRODUCT_DEFINITION_CONTEXT('part definition',#21,'design');
#16=PRODUCT_DEFINITION_FORMATION_WITH_SPECIFIED_SOURCE(' ',' ',#18,
 .NOT_KNOWN.);
#17=PRODUCT_RELATED_PRODUCT_CATEGORY('part','',(#18));
#18=PRODUCT('flower_cup_withrim_mold_m','flower_cup_withrim_mold_m',' ',
(#19));
#19=PRODUCT_CONTEXT(' ',#21,'mechanical');
#20=APPLICATION_PROTOCOL_DEFINITION('international standard',
'automotive_design',2010,#21);
#21=APPLICATION_CONTEXT(
'core data for automotive mechanical design processes');
#22=SHAPE_REPRESENTATION('flower_cup_withrim_mold_m-None',(#4926),#9786);
#23=B_SPLINE_SURFACE_WITH_KNOTS('',3,3,((#8160,#8161,#8162,#8163,#8164,
#8165,#8166),(#8167,#8168,#8169,#8170,#8171,#8172,#8173),(#8174,#8175,#8176,
#8177,#8178,#8179,#8180),(#8181,#8182,#8183,#8184,#8185,#8186,#8187)),
 .UNSPECIFIED.,.F.,.F.,.F.,(4,4),(4,3,4),(0.,1.),(0.,0.5,1.),
 .UNSPECIFIED.);
#24=B_SPLINE_SURFACE_WITH_KNOTS('',3,3,((#8226,#8227,#8228,#8229,#8230,
#8231,#8232),(#8233,#8234,#8235,#8236,#8237,#8238,#8239),(#8240,#8241,#8242,
#8243,#8244,#8245,#8246),(#8247,#8248,#8249,#8250,#8251,#8252,#8253)),
 .UNSPECIFIED.,.F.,.F.,.F.,(4,4),(4,3,4),(0.,1.),(0.,0.5,1.),
 .UNSPECIFIED.);
#25=B_SPLINE_SURFACE_WITH_KNOTS('',3,3,((#8309,#8310,#8311,#8312,#8313,
#8314,#8315),(#8316,#8317,#8318,#8319,#8320,#8321,#8322),(#8323,#8324,#8325,
#8326,#8327,#8328,#8329),(#8330,#8331,#8332,#8333,#8334,#8335,#8336)),
 .UNSPECIFIED.,.F.,.F.,.F.,(4,4),(4,3,4),(0.,1.),(0.,0.5,1.),
 .UNSPECIFIED.);
#26=B_SPLINE_SURFACE_WITH_KNOTS('',3,3,((#9224,#9225,#9226,#9227),(#9228,
#9229,#9230,#9231),(#9232,#9233,#9234,#9235),(#9236,#9237,#9238,#9239)),
 .UNSPECIFIED.,.F.,.F.,.F.,(4,4),(4,4),(0.,1.),(0.,1.),.UNSPECIFIED.);
#27=B_SPLINE_SURFACE_WITH_KNOTS('',3,3,((#9240,#9241,#9242,#9243),(#9244,
#9245,#9246,#9247),(#9248,#9249,#9250,#9251),(#9252,#9253,#9254,#9255)),
 .UNSPECIFIED.,.F.,.F.,.F.,(4,4),(4,4),(0.,1.),(0.,1.),.UNSPECIFIED.);
#28=B_SPLINE_SURFACE_WITH_KNOTS('',3,3,((#9260,#9261,#9262,#9263,#9264,
#9265,#9266),(#9267,#9268,#9269,#9270,#9271,#9272,#9273),(#9274,#9275,#9276,
#9277,#9278,#9279,#9280),(#9281,#9282,#9283,#9284,#9285,#9286,#9287)),
 .UNSPECIFIED.,.F.,.F.,.F.,(4,4),(4,3,4),(0.,1.),(0.,0.5,1.),
 .UNSPECIFIED.);
#29=B_SPLINE_SURFACE_WITH_KNOTS('',3,3,((#9292,#9293,#9294,#9295,#9296,
#9297,#9298),(#9299,#9300,#9301,#9302,#9303,#9304,#9305),(#9306,#9307,#9308,
#9309,#9310,#9311,#9312),(#9313,#9314,#9315,#9316,#9317,#9318,#9319)),
 .UNSPECIFIED.,.F.,.F.,.F.,(4,4),(4,3,4),(0.,1.),(0.,0.5,1.),
 .UNSPECIFIED.);
#30=SURFACE_OF_REVOLUTION('',#600,#32);
#31=SURFACE_OF_REVOLUTION('',#688,#33);
#32=AXIS1_PLACEMENT('',#8035,#5971);
#33=AXIS1_PLACEMENT('',#9411,#6360);
#34=(
BOUNDED_CURVE()
B_SPLINE_CURVE(3,(#8025,#8026,#8027,#8028),.UNSPECIFIED.,.F.,.F.)
B_SPLINE_CURVE_WITH_KNOTS((4,4),(0.,1.),.UNSPECIFIED.)
CURVE()
GEOMETRIC_REPRESENTATION_ITEM()
RATIONAL_B_SPLINE_CURVE((1.,0.333333333333335,0.333333333333335,1.))
REPRESENTATION_ITEM('')
);
#35=(
BOUNDED_CURVE()
B_SPLINE_CURVE(3,(#9195,#9196,#9197,#9198),.UNSPECIFIED.,.F.,.F.)
B_SPLINE_CURVE_WITH_KNOTS((4,4),(0.,1.),.UNSPECIFIED.)
CURVE()
GEOMETRIC_REPRESENTATION_ITEM()
RATIONAL_B_SPLINE_CURVE((1.,0.333333333333332,0.333333333333332,1.))
REPRESENTATION_ITEM('')
);
#36=OVER_RIDING_STYLED_ITEM('',(#74),#714,#67);
#37=OVER_RIDING_STYLED_ITEM('',(#75),#738,#67);
#38=OVER_RIDING_STYLED_ITEM('',(#77),#784,#68);
#39=OVER_RIDING_STYLED_ITEM('',(#78),#785,#68);
#40=OVER_RIDING_STYLED_ITEM('',(#80),#804,#69);
#41=OVER_RIDING_STYLED_ITEM('',(#81),#805,#69);
#42=OVER_RIDING_STYLED_ITEM('',(#82),#806,#69);
#43=OVER_RIDING_STYLED_ITEM('',(#83),#807,#69);
#44=OVER_RIDING_STYLED_ITEM('',(#84),#808,#69);
#45=OVER_RIDING_STYLED_ITEM('',(#85),#809,#69);
#46=OVER_RIDING_STYLED_ITEM('',(#86),#810,#69);
#47=OVER_RIDING_STYLED_ITEM('',(#87),#811,#69);
#48=OVER_RIDING_STYLED_ITEM('',(#88),#812,#69);
#49=OVER_RIDING_STYLED_ITEM('',(#90),#903,#70);
#50=OVER_RIDING_STYLED_ITEM('',(#91),#904,#70);
#51=OVER_RIDING_STYLED_ITEM('',(#92),#905,#70);
#52=OVER_RIDING_STYLED_ITEM('',(#93),#906,#70);
#53=OVER_RIDING_STYLED_ITEM('',(#94),#907,#70);
#54=OVER_RIDING_STYLED_ITEM('',(#95),#908,#70);
#55=OVER_RIDING_STYLED_ITEM('',(#96),#909,#70);
#56=OVER_RIDING_STYLED_ITEM('',(#97),#910,#70);
#57=OVER_RIDING_STYLED_ITEM('',(#98),#911,#70);
#58=OVER_RIDING_STYLED_ITEM('',(#100),#920,#71);
#59=OVER_RIDING_STYLED_ITEM('',(#101),#921,#71);
#60=OVER_RIDING_STYLED_ITEM('',(#102),#923,#71);
#61=OVER_RIDING_STYLED_ITEM('',(#103),#924,#71);
#62=OVER_RIDING_STYLED_ITEM('',(#105),#938,#72);
#63=OVER_RIDING_STYLED_ITEM('',(#106),#939,#72);
#64=OVER_RIDING_STYLED_ITEM('',(#107),#940,#72);
#65=OVER_RIDING_STYLED_ITEM('',(#108),#945,#72);
#66=PRESENTATION_LAYER_ASSIGNMENT('1','Layer 1',(#292,#293,#294,#295,#296,
#297));
#67=STYLED_ITEM('',(#73),#292);
#68=STYLED_ITEM('',(#76),#293);
#69=STYLED_ITEM('',(#79),#294);
#70=STYLED_ITEM('',(#89),#295);
#71=STYLED_ITEM('',(#99),#296);
#72=STYLED_ITEM('',(#104),#297);
#73=PRESENTATION_STYLE_ASSIGNMENT((#109));
#74=PRESENTATION_STYLE_ASSIGNMENT((#110));
#75=PRESENTATION_STYLE_ASSIGNMENT((#111));
#76=PRESENTATION_STYLE_ASSIGNMENT((#112));
#77=PRESENTATION_STYLE_ASSIGNMENT((#113));
#78=PRESENTATION_STYLE_ASSIGNMENT((#114));
#79=PRESENTATION_STYLE_ASSIGNMENT((#115));
#80=PRESENTATION_STYLE_ASSIGNMENT((#116));
#81=PRESENTATION_STYLE_ASSIGNMENT((#117));
#82=PRESENTATION_STYLE_ASSIGNMENT((#118));
#83=PRESENTATION_STYLE_ASSIGNMENT((#119));
#84=PRESENTATION_STYLE_ASSIGNMENT((#120));
#85=PRESENTATION_STYLE_ASSIGNMENT((#121));
#86=PRESENTATION_STYLE_ASSIGNMENT((#122));
#87=PRESENTATION_STYLE_ASSIGNMENT((#123));
#88=PRESENTATION_STYLE_ASSIGNMENT((#124));
#89=PRESENTATION_STYLE_ASSIGNMENT((#125));
#90=PRESENTATION_STYLE_ASSIGNMENT((#126));
#91=PRESENTATION_STYLE_ASSIGNMENT((#127));
#92=PRESENTATION_STYLE_ASSIGNMENT((#128));
#93=PRESENTATION_STYLE_ASSIGNMENT((#129));
#94=PRESENTATION_STYLE_ASSIGNMENT((#130));
#95=PRESENTATION_STYLE_ASSIGNMENT((#131));
#96=PRESENTATION_STYLE_ASSIGNMENT((#132));
#97=PRESENTATION_STYLE_ASSIGNMENT((#133));
#98=PRESENTATION_STYLE_ASSIGNMENT((#134));
#99=PRESENTATION_STYLE_ASSIGNMENT((#135));
#100=PRESENTATION_STYLE_ASSIGNMENT((#136));
#101=PRESENTATION_STYLE_ASSIGNMENT((#137));
#102=PRESENTATION_STYLE_ASSIGNMENT((#138));
#103=PRESENTATION_STYLE_ASSIGNMENT((#139));
#104=PRESENTATION_STYLE_ASSIGNMENT((#140));
#105=PRESENTATION_STYLE_ASSIGNMENT((#141));
#106=PRESENTATION_STYLE_ASSIGNMENT((#142));
#107=PRESENTATION_STYLE_ASSIGNMENT((#143));
#108=PRESENTATION_STYLE_ASSIGNMENT((#144));
#109=SURFACE_STYLE_USAGE(.BOTH.,#145);
#110=SURFACE_STYLE_USAGE(.BOTH.,#146);
#111=SURFACE_STYLE_USAGE(.BOTH.,#147);
#112=SURFACE_STYLE_USAGE(.BOTH.,#148);
#113=SURFACE_STYLE_USAGE(.BOTH.,#149);
#114=SURFACE_STYLE_USAGE(.BOTH.,#150);
#115=SURFACE_STYLE_USAGE(.BOTH.,#151);
#116=SURFACE_STYLE_USAGE(.BOTH.,#152);
#117=SURFACE_STYLE_USAGE(.BOTH.,#153);
#118=SURFACE_STYLE_USAGE(.BOTH.,#154);
#119=SURFACE_STYLE_USAGE(.BOTH.,#155);
#120=SURFACE_STYLE_USAGE(.BOTH.,#156);
#121=SURFACE_STYLE_USAGE(.BOTH.,#157);
#122=SURFACE_STYLE_USAGE(.BOTH.,#158);
#123=SURFACE_STYLE_USAGE(.BOTH.,#159);
#124=SURFACE_STYLE_USAGE(.BOTH.,#160);
#125=SURFACE_STYLE_USAGE(.BOTH.,#161);
#126=SURFACE_STYLE_USAGE(.BOTH.,#162);
#127=SURFACE_STYLE_USAGE(.BOTH.,#163);
#128=SURFACE_STYLE_USAGE(.BOTH.,#164);
#129=SURFACE_STYLE_USAGE(.BOTH.,#165);
#130=SURFACE_STYLE_USAGE(.BOTH.,#166);
#131=SURFACE_STYLE_USAGE(.BOTH.,#167);
#132=SURFACE_STYLE_USAGE(.BOTH.,#168);
#133=SURFACE_STYLE_USAGE(.BOTH.,#169);
#134=SURFACE_STYLE_USAGE(.BOTH.,#170);
#135=SURFACE_STYLE_USAGE(.BOTH.,#171);
#136=SURFACE_STYLE_USAGE(.BOTH.,#172);
#137=SURFACE_STYLE_USAGE(.BOTH.,#173);
#138=SURFACE_STYLE_USAGE(.BOTH.,#174);
#139=SURFACE_STYLE_USAGE(.BOTH.,#175);
#140=SURFACE_STYLE_USAGE(.BOTH.,#176);
#141=SURFACE_STYLE_USAGE(.BOTH.,#177);
#142=SURFACE_STYLE_USAGE(.BOTH.,#178);
#143=SURFACE_STYLE_USAGE(.BOTH.,#179);
#144=SURFACE_STYLE_USAGE(.BOTH.,#180);
#145=SURFACE_SIDE_STYLE('',(#181));
#146=SURFACE_SIDE_STYLE('',(#182));
#147=SURFACE_SIDE_STYLE('',(#183));
#148=SURFACE_SIDE_STYLE('',(#184));
#149=SURFACE_SIDE_STYLE('',(#185));
#150=SURFACE_SIDE_STYLE('',(#186));
#151=SURFACE_SIDE_STYLE('',(#187));
#152=SURFACE_SIDE_STYLE('',(#188));
#153=SURFACE_SIDE_STYLE('',(#189));
#154=SURFACE_SIDE_STYLE('',(#190));
#155=SURFACE_SIDE_STYLE('',(#191));
#156=SURFACE_SIDE_STYLE('',(#192));
#157=SURFACE_SIDE_STYLE('',(#193));
#158=SURFACE_SIDE_STYLE('',(#194));
#159=SURFACE_SIDE_STYLE('',(#195));
#160=SURFACE_SIDE_STYLE('',(#196));
#161=SURFACE_SIDE_STYLE('',(#197));
#162=SURFACE_SIDE_STYLE('',(#198));
#163=SURFACE_SIDE_STYLE('',(#199));
#164=SURFACE_SIDE_STYLE('',(#200));
#165=SURFACE_SIDE_STYLE('',(#201));
#166=SURFACE_SIDE_STYLE('',(#202));
#167=SURFACE_SIDE_STYLE('',(#203));
#168=SURFACE_SIDE_STYLE('',(#204));
#169=SURFACE_SIDE_STYLE('',(#205));
#170=SURFACE_SIDE_STYLE('',(#206));
#171=SURFACE_SIDE_STYLE('',(#207));
#172=SURFACE_SIDE_STYLE('',(#208));
#173=SURFACE_SIDE_STYLE('',(#209));
#174=SURFACE_SIDE_STYLE('',(#210));
#175=SURFACE_SIDE_STYLE('',(#211));
#176=SURFACE_SIDE_STYLE('',(#212));
#177=SURFACE_SIDE_STYLE('',(#213));
#178=SURFACE_SIDE_STYLE('',(#214));
#179=SURFACE_SIDE_STYLE('',(#215));
#180=SURFACE_SIDE_STYLE('',(#216));
#181=SURFACE_STYLE_FILL_AREA(#217);
#182=SURFACE_STYLE_FILL_AREA(#218);
#183=SURFACE_STYLE_FILL_AREA(#219);
#184=SURFACE_STYLE_FILL_AREA(#220);
#185=SURFACE_STYLE_FILL_AREA(#221);
#186=SURFACE_STYLE_FILL_AREA(#222);
#187=SURFACE_STYLE_FILL_AREA(#223);
#188=SURFACE_STYLE_FILL_AREA(#224);
#189=SURFACE_STYLE_FILL_AREA(#225);
#190=SURFACE_STYLE_FILL_AREA(#226);
#191=SURFACE_STYLE_FILL_AREA(#227);
#192=SURFACE_STYLE_FILL_AREA(#228);
#193=SURFACE_STYLE_FILL_AREA(#229);
#194=SURFACE_STYLE_FILL_AREA(#230);
#195=SURFACE_STYLE_FILL_AREA(#231);
#196=SURFACE_STYLE_FILL_AREA(#232);
#197=SURFACE_STYLE_FILL_AREA(#233);
#198=SURFACE_STYLE_FILL_AREA(#234);
#199=SURFACE_STYLE_FILL_AREA(#235);
#200=SURFACE_STYLE_FILL_AREA(#236);
#201=SURFACE_STYLE_FILL_AREA(#237);
#202=SURFACE_STYLE_FILL_AREA(#238);
#203=SURFACE_STYLE_FILL_AREA(#239);
#204=SURFACE_STYLE_FILL_AREA(#240);
#205=SURFACE_STYLE_FILL_AREA(#241);
#206=SURFACE_STYLE_FILL_AREA(#242);
#207=SURFACE_STYLE_FILL_AREA(#243);
#208=SURFACE_STYLE_FILL_AREA(#244);
#209=SURFACE_STYLE_FILL_AREA(#245);
#210=SURFACE_STYLE_FILL_AREA(#246);
#211=SURFACE_STYLE_FILL_AREA(#247);
#212=SURFACE_STYLE_FILL_AREA(#248);
#213=SURFACE_STYLE_FILL_AREA(#249);
#214=SURFACE_STYLE_FILL_AREA(#250);
#215=SURFACE_STYLE_FILL_AREA(#251);
#216=SURFACE_STYLE_FILL_AREA(#252);
#217=FILL_AREA_STYLE('',(#253));
#218=FILL_AREA_STYLE('',(#254));
#219=FILL_AREA_STYLE('',(#255));
#220=FILL_AREA_STYLE('',(#256));
#221=FILL_AREA_STYLE('',(#257));
#222=FILL_AREA_STYLE('',(#258));
#223=FILL_AREA_STYLE('',(#259));
#224=FILL_AREA_STYLE('',(#260));
#225=FILL_AREA_STYLE('',(#261));
#226=FILL_AREA_STYLE('',(#262));
#227=FILL_AREA_STYLE('',(#263));
#228=FILL_AREA_STYLE('',(#264));
#229=FILL_AREA_STYLE('',(#265));
#230=FILL_AREA_STYLE('',(#266));
#231=FILL_AREA_STYLE('',(#267));
#232=FILL_AREA_STYLE('',(#268));
#233=FILL_AREA_STYLE('',(#269));
#234=FILL_AREA_STYLE('',(#270));
#235=FILL_AREA_STYLE('',(#271));
#236=FILL_AREA_STYLE('',(#272));
#237=FILL_AREA_STYLE('',(#273));
#238=FILL_AREA_STYLE('',(#274));
#239=FILL_AREA_STYLE('',(#275));
#240=FILL_AREA_STYLE('',(#276));
#241=FILL_AREA_STYLE('',(#277));
#242=FILL_AREA_STYLE('',(#278));
#243=FILL_AREA_STYLE('',(#279));
#244=FILL_AREA_STYLE('',(#280));
#245=FILL_AREA_STYLE('',(#281));
#246=FILL_AREA_STYLE('',(#282));
#247=FILL_AREA_STYLE('',(#283));
#248=FILL_AREA_STYLE('',(#284));
#249=FILL_AREA_STYLE('',(#285));
#250=FILL_AREA_STYLE('',(#286));
#251=FILL_AREA_STYLE('',(#287));
#252=FILL_AREA_STYLE('',(#288));
#253=FILL_AREA_STYLE_COLOUR('',#289);
#254=FILL_AREA_STYLE_COLOUR('',#290);
#255=FILL_AREA_STYLE_COLOUR('',#290);
#256=FILL_AREA_STYLE_COLOUR('',#289);
#257=FILL_AREA_STYLE_COLOUR('',#290);
#258=FILL_AREA_STYLE_COLOUR('',#290);
#259=FILL_AREA_STYLE_COLOUR('',#289);
#260=FILL_AREA_STYLE_COLOUR('',#290);
#261=FILL_AREA_STYLE_COLOUR('',#290);
#262=FILL_AREA_STYLE_COLOUR('',#291);
#263=FILL_AREA_STYLE_COLOUR('',#291);
#264=FILL_AREA_STYLE_COLOUR('',#290);
#265=FILL_AREA_STYLE_COLOUR('',#291);
#266=FILL_AREA_STYLE_COLOUR('',#291);
#267=FILL_AREA_STYLE_COLOUR('',#290);
#268=FILL_AREA_STYLE_COLOUR('',#291);
#269=FILL_AREA_STYLE_COLOUR('',#289);
#270=FILL_AREA_STYLE_COLOUR('',#290);
#271=FILL_AREA_STYLE_COLOUR('',#290);
#272=FILL_AREA_STYLE_COLOUR('',#291);
#273=FILL_AREA_STYLE_COLOUR('',#291);
#274=FILL_AREA_STYLE_COLOUR('',#290);
#275=FILL_AREA_STYLE_COLOUR('',#291);
#276=FILL_AREA_STYLE_COLOUR('',#291);
#277=FILL_AREA_STYLE_COLOUR('',#290);
#278=FILL_AREA_STYLE_COLOUR('',#291);
#279=FILL_AREA_STYLE_COLOUR('',#289);
#280=FILL_AREA_STYLE_COLOUR('',#290);
#281=FILL_AREA_STYLE_COLOUR('',#290);
#282=FILL_AREA_STYLE_COLOUR('',#290);
#283=FILL_AREA_STYLE_COLOUR('',#290);
#284=FILL_AREA_STYLE_COLOUR('',#289);
#285=FILL_AREA_STYLE_COLOUR('',#290);
#286=FILL_AREA_STYLE_COLOUR('',#290);
#287=FILL_AREA_STYLE_COLOUR('',#290);
#288=FILL_AREA_STYLE_COLOUR('',#290);
#289=COLOUR_RGB('medium steel',0.596078431372549,0.666666666666667,0.686274509803922);
#290=COLOUR_RGB('strong pink',0.933333333333333,0.584313725490196,0.741176470588235);
#291=COLOUR_RGB('medium royal',0.2,0.4,0.8);
#292=MANIFOLD_SOLID_BREP('',#298);
#293=MANIFOLD_SOLID_BREP('',#299);
#294=MANIFOLD_SOLID_BREP('',#300);
#295=MANIFOLD_SOLID_BREP('',#301);
#296=MANIFOLD_SOLID_BREP('',#302);
#297=MANIFOLD_SOLID_BREP('',#303);
#298=CLOSED_SHELL('',(#693,#694,#695,#696,#697,#698,#699,#700,#701,#702,
#703,#704,#705,#706,#707,#708,#709,#710,#711,#712,#713,#714,#715,#716,#717,
#718,#719,#720,#721,#722,#723,#724,#725,#726,#727,#728,#729,#730,#731,#732,
#733,#734,#735,#736,#737,#738,#739,#740,#741,#742,#743,#744));
#299=CLOSED_SHELL('',(#745,#746,#747,#748,#749,#750,#751,#752,#753,#754,
#755,#756,#757,#758,#759,#760,#761,#762,#763,#764,#765,#766,#767,#768,#769,
#770,#771,#772,#773,#774,#775,#776,#777,#778,#779,#780,#781,#782,#783,#784,
#785,#786,#787,#788,#789,#790,#791,#792,#793,#794,#795,#796,#797,#798));
#300=CLOSED_SHELL('',(#799,#800,#801,#802,#803,#804,#805,#806,#807,#808,
#809,#810,#811,#812,#813,#814,#815,#816,#817,#818,#819,#820,#821,#822,#823,
#824,#825,#826,#827,#828,#829,#830,#831,#832,#833,#834,#835,#836,#837,#838,
#839,#840,#841,#842,#843,#844,#845,#846,#847,#848,#849,#850,#851,#852,#853,
#854,#855,#856));
#301=CLOSED_SHELL('',(#857,#858,#859,#860,#861,#862,#863,#864,#865,#866,
#867,#868,#869,#870,#871,#872,#873,#874,#875,#876,#877,#878,#879,#880,#881,
#882,#883,#884,#885,#886,#887,#888,#889,#890,#891,#892,#893,#894,#895,#896,
#897,#898,#899,#900,#901,#902,#903,#904,#905,#906,#907,#908,#909,#910,#911,
#912,#913,#914,#915,#916));
#302=CLOSED_SHELL('',(#917,#918,#919,#920,#921,#922,#923,#924,#925,#926,
#927,#928,#929,#930,#931,#932,#933));
#303=CLOSED_SHELL('',(#934,#935,#936,#937,#938,#939,#940,#941,#942,#943,
#944,#945,#946,#947,#948,#949));
#304=SPHERICAL_SURFACE('',#5013,4.);
#305=SPHERICAL_SURFACE('',#5014,4.);
#306=SPHERICAL_SURFACE('',#5099,4.);
#307=SPHERICAL_SURFACE('',#5100,4.);
#308=SPHERICAL_SURFACE('',#5201,4.);
#309=SPHERICAL_SURFACE('',#5301,4.);
#310=SPHERICAL_SURFACE('',#5335,4.);
#311=SPHERICAL_SURFACE('',#5336,4.);
#312=SPHERICAL_SURFACE('',#5367,4.);
#313=SPHERICAL_SURFACE('',#5368,4.);
#314=CONICAL_SURFACE('',#5008,17.6376830081336,1.96910417977823);
#315=CONICAL_SURFACE('',#5086,17.6376830081336,1.96910417977823);
#316=CONICAL_SURFACE('',#5135,13.0982202000044,21.5087082515236);
#317=CONICAL_SURFACE('',#5137,13.0064280515746,31.2856074132056);
#318=CONICAL_SURFACE('',#5140,12.4076702234399,34.01741361466);
#319=CONICAL_SURFACE('',#5142,10.8390950420164,41.4822894569321);
#320=CONICAL_SURFACE('',#5144,6.50096024900565,56.1766370569855);
#321=CONICAL_SURFACE('',#5288,13.0982202000044,21.5087082515236);
#322=CONICAL_SURFACE('',#5290,13.0064280515746,31.2856074132056);
#323=CONICAL_SURFACE('',#5293,12.4076702234399,34.01741361466);
#324=CONICAL_SURFACE('',#5295,10.8390950420164,41.4822894569321);
#325=CONICAL_SURFACE('',#5297,6.50096024900565,56.1766370569855);
#326=CONICAL_SURFACE('',#5320,19.5,1.96910417977654);
#327=CONICAL_SURFACE('',#5353,19.5,1.96910417977654);
#328=FACE_BOUND('',#1326,.T.);
#329=FACE_BOUND('',#1327,.T.);
#330=FACE_BOUND('',#1328,.T.);
#331=FACE_BOUND('',#1329,.T.);
#332=FACE_BOUND('',#1364,.T.);
#333=FACE_BOUND('',#1365,.T.);
#334=FACE_BOUND('',#1366,.T.);
#335=FACE_BOUND('',#1367,.T.);
#336=FACE_BOUND('',#1406,.T.);
#337=FACE_BOUND('',#1407,.T.);
#338=FACE_BOUND('',#1463,.T.);
#339=FACE_BOUND('',#1464,.T.);
#340=FACE_BOUND('',#1527,.T.);
#341=FACE_BOUND('',#1528,.T.);
#342=FACE_BOUND('',#1531,.T.);
#343=FACE_BOUND('',#1532,.T.);
#344=FACE_BOUND('',#1533,.T.);
#345=FACE_BOUND('',#1539,.T.);
#346=FACE_BOUND('',#1540,.T.);
#347=FACE_BOUND('',#1550,.T.);
#348=FACE_BOUND('',#1551,.T.);
#349=FACE_BOUND('',#1552,.T.);
#350=(
BOUNDED_SURFACE()
B_SPLINE_SURFACE(3,2,((#6866,#6867,#6868),(#6869,#6870,#6871),(#6872,#6873,
#6874),(#6875,#6876,#6877)),.UNSPECIFIED.,.F.,.F.,.F.)
B_SPLINE_SURFACE_WITH_KNOTS((4,4),(3,3),(0.,1.),(0.,1.),.UNSPECIFIED.)
GEOMETRIC_REPRESENTATION_ITEM()
RATIONAL_B_SPLINE_SURFACE(((1.,0.981001431555174,1.),(1.,0.992195774676024,
1.),(1.,0.999979232995776,1.),(1.,1.,1.)))
REPRESENTATION_ITEM('')
SURFACE()
);
#351=(
BOUNDED_SURFACE()
B_SPLINE_SURFACE(3,2,((#6896,#6897,#6898),(#6899,#6900,#6901),(#6902,#6903,
#6904),(#6905,#6906,#6907)),.UNSPECIFIED.,.F.,.F.,.F.)
B_SPLINE_SURFACE_WITH_KNOTS((4,4),(3,3),(0.,1.),(0.,1.),.UNSPECIFIED.)
GEOMETRIC_REPRESENTATION_ITEM()
RATIONAL_B_SPLINE_SURFACE(((1.,0.981001431555271,1.),(1.,0.992195774675877,
1.),(1.,0.999979232995835,1.),(1.,1.,1.)))
REPRESENTATION_ITEM('')
SURFACE()
);
#352=(
BOUNDED_SURFACE()
B_SPLINE_SURFACE(3,2,((#6911,#6912,#6913),(#6914,#6915,#6916),(#6917,#6918,
#6919),(#6920,#6921,#6922)),.UNSPECIFIED.,.F.,.F.,.F.)
B_SPLINE_SURFACE_WITH_KNOTS((4,4),(3,3),(0.,1.),(0.,1.),.UNSPECIFIED.)
GEOMETRIC_REPRESENTATION_ITEM()
RATIONAL_B_SPLINE_SURFACE(((1.,0.9707999350183,0.991669645163517),(1.,0.976130765768193,
0.993190453824308),(1.,0.980440379759361,0.994419924162035),(1.,0.983711439506011,
0.995353110043574)))
REPRESENTATION_ITEM('')
SURFACE()
);
#353=(
BOUNDED_SURFACE()
B_SPLINE_SURFACE(3,2,((#6924,#6925,#6926),(#6927,#6928,#6929),(#6930,#6931,
#6932),(#6933,#6934,#6935)),.UNSPECIFIED.,.F.,.F.,.F.)
B_SPLINE_SURFACE_WITH_KNOTS((4,4),(3,3),(0.,1.),(0.,1.),.UNSPECIFIED.)
GEOMETRIC_REPRESENTATION_ITEM()
RATIONAL_B_SPLINE_SURFACE(((1.,0.983711439505861,0.995353110043935),(1.,
0.980440379759151,0.99441992416246),(1.,0.976130765767893,0.993190453824814),
(1.,0.970799935017875,0.991669645164119)))
REPRESENTATION_ITEM('')
SURFACE()
);
#354=(
BOUNDED_SURFACE()
B_SPLINE_SURFACE(3,2,((#6953,#6954,#6955),(#6956,#6957,#6958),(#6959,#6960,
#6961),(#6962,#6963,#6964)),.UNSPECIFIED.,.F.,.F.,.F.)
B_SPLINE_SURFACE_WITH_KNOTS((4,4),(3,3),(0.,1.),(0.,1.),.UNSPECIFIED.)
GEOMETRIC_REPRESENTATION_ITEM()
RATIONAL_B_SPLINE_SURFACE(((1.,0.981001431555268,1.),(1.,0.992195774676042,
1.),(1.,0.999979232995747,1.),(1.,1.,1.)))
REPRESENTATION_ITEM('')
SURFACE()
);
#355=(
BOUNDED_SURFACE()
B_SPLINE_SURFACE(3,2,((#6965,#6966,#6967),(#6968,#6969,#6970),(#6971,#6972,
#6973),(#6974,#6975,#6976)),.UNSPECIFIED.,.F.,.F.,.F.)
B_SPLINE_SURFACE_WITH_KNOTS((4,4),(3,3),(0.,1.),(0.,1.),.UNSPECIFIED.)
GEOMETRIC_REPRESENTATION_ITEM()
RATIONAL_B_SPLINE_SURFACE(((1.,0.970799935018032,0.9916696451639),(1.,0.976130765767974,
0.993190453824621),(1.,0.980440379759183,0.994419924162292),(1.,0.983711439505862,
0.995353110043788)))
REPRESENTATION_ITEM('')
SURFACE()
);
#356=(
BOUNDED_SURFACE()
B_SPLINE_SURFACE(3,2,((#6978,#6979,#6980),(#6981,#6982,#6983),(#6984,#6985,
#6986),(#6987,#6988,#6989)),.UNSPECIFIED.,.F.,.F.,.F.)
B_SPLINE_SURFACE_WITH_KNOTS((4,4),(3,3),(0.,1.),(0.,1.),.UNSPECIFIED.)
GEOMETRIC_REPRESENTATION_ITEM()
RATIONAL_B_SPLINE_SURFACE(((1.,0.983711439505834,0.995353110044154),(1.,
0.980440379759085,0.994419924162714),(1.,0.976130765767755,0.993190453825108),
(1.,0.970799935017636,0.991669645164458)))
REPRESENTATION_ITEM('')
SURFACE()
);
#357=(
BOUNDED_SURFACE()
B_SPLINE_SURFACE(3,2,((#7007,#7008,#7009),(#7010,#7011,#7012),(#7013,#7014,
#7015),(#7016,#7017,#7018)),.UNSPECIFIED.,.F.,.F.,.F.)
B_SPLINE_SURFACE_WITH_KNOTS((4,4),(3,3),(0.,1.),(0.,1.),.UNSPECIFIED.)
GEOMETRIC_REPRESENTATION_ITEM()
RATIONAL_B_SPLINE_SURFACE(((1.,0.981001431555175,1.),(1.,0.99219577467601,
1.),(1.,0.999979232995758,1.),(1.,1.,1.)))
REPRESENTATION_ITEM('')
SURFACE()
);
#358=(
BOUNDED_SURFACE()
B_SPLINE_SURFACE(3,2,((#7391,#7392,#7393),(#7394,#7395,#7396),(#7397,#7398,
#7399),(#7400,#7401,#7402)),.UNSPECIFIED.,.F.,.F.,.F.)
B_SPLINE_SURFACE_WITH_KNOTS((4,4),(3,3),(0.,1.),(0.,1.),.UNSPECIFIED.)
GEOMETRIC_REPRESENTATION_ITEM()
RATIONAL_B_SPLINE_SURFACE(((1.,0.981001431555177,1.),(1.,0.992195774676012,
1.),(1.,0.999979232995767,1.),(1.,1.,1.)))
REPRESENTATION_ITEM('')
SURFACE()
);
#359=(
BOUNDED_SURFACE()
B_SPLINE_SURFACE(3,2,((#7403,#7404,#7405),(#7406,#7407,#7408),(#7409,#7410,
#7411),(#7412,#7413,#7414)),.UNSPECIFIED.,.F.,.F.,.F.)
B_SPLINE_SURFACE_WITH_KNOTS((4,4),(3,3),(0.,1.),(0.,1.),.UNSPECIFIED.)
GEOMETRIC_REPRESENTATION_ITEM()
RATIONAL_B_SPLINE_SURFACE(((1.,0.983711439506075,0.995353110043483),(1.,
0.980440379759436,0.994419924161926),(1.,0.976130765768286,0.993190453824176),
(1.,0.970799935018413,0.991669645163354)))
REPRESENTATION_ITEM('')
SURFACE()
);
#360=(
BOUNDED_SURFACE()
B_SPLINE_SURFACE(3,2,((#7433,#7434,#7435),(#7436,#7437,#7438),(#7439,#7440,
#7441),(#7442,#7443,#7444)),.UNSPECIFIED.,.F.,.F.,.F.)
B_SPLINE_SURFACE_WITH_KNOTS((4,4),(3,3),(0.,1.),(0.,1.),.UNSPECIFIED.)
GEOMETRIC_REPRESENTATION_ITEM()
RATIONAL_B_SPLINE_SURFACE(((1.,0.981001431555172,1.),(1.,0.992195774676013,
1.),(1.,0.999979232995743,1.),(1.,1.,1.)))
REPRESENTATION_ITEM('')
SURFACE()
);
#361=(
BOUNDED_SURFACE()
B_SPLINE_SURFACE(3,2,((#7445,#7446,#7447),(#7448,#7449,#7450),(#7451,#7452,
#7453),(#7454,#7455,#7456)),.UNSPECIFIED.,.F.,.F.,.F.)
B_SPLINE_SURFACE_WITH_KNOTS((4,4),(3,3),(0.,1.),(0.,1.),.UNSPECIFIED.)
GEOMETRIC_REPRESENTATION_ITEM()
RATIONAL_B_SPLINE_SURFACE(((1.,0.983711439506023,0.995353110043637),(1.,
0.980440379759358,0.994419924162107),(1.,0.976130765768166,0.993190453824389),
(1.,0.970799935018234,0.991669645163606)))
REPRESENTATION_ITEM('')
SURFACE()
);
#362=(
BOUNDED_SURFACE()
B_SPLINE_SURFACE(3,2,((#7458,#7459,#7460),(#7461,#7462,#7463),(#7464,#7465,
#7466),(#7467,#7468,#7469)),.UNSPECIFIED.,.F.,.F.,.F.)
B_SPLINE_SURFACE_WITH_KNOTS((4,4),(3,3),(0.,1.),(0.,1.),.UNSPECIFIED.)
GEOMETRIC_REPRESENTATION_ITEM()
RATIONAL_B_SPLINE_SURFACE(((1.,0.970799935017881,0.991669645164113),(1.,
0.976130765767852,0.993190453824796),(1.,0.98044037975908,0.994419924162435),
(1.,0.983711439505778,0.995353110043907)))
REPRESENTATION_ITEM('')
SURFACE()
);
#363=(
BOUNDED_SURFACE()
B_SPLINE_SURFACE(3,2,((#7487,#7488,#7489),(#7490,#7491,#7492),(#7493,#7494,
#7495),(#7496,#7497,#7498)),.UNSPECIFIED.,.F.,.F.,.F.)
B_SPLINE_SURFACE_WITH_KNOTS((4,4),(3,3),(0.,1.),(0.,1.),.UNSPECIFIED.)
GEOMETRIC_REPRESENTATION_ITEM()
RATIONAL_B_SPLINE_SURFACE(((1.,0.981001431555175,1.),(1.,0.992195774676008,
1.),(1.,0.999979232995776,1.),(1.,1.,1.)))
REPRESENTATION_ITEM('')
SURFACE()
);
#364=(
BOUNDED_SURFACE()
B_SPLINE_SURFACE(3,2,((#7515,#7516,#7517),(#7518,#7519,#7520),(#7521,#7522,
#7523),(#7524,#7525,#7526)),.UNSPECIFIED.,.F.,.F.,.F.)
B_SPLINE_SURFACE_WITH_KNOTS((4,4),(3,3),(0.,1.),(0.,1.),.UNSPECIFIED.)
GEOMETRIC_REPRESENTATION_ITEM()
RATIONAL_B_SPLINE_SURFACE(((1.,0.981001431555169,1.),(1.,0.992195774676029,
1.),(1.,0.999979232995731,1.),(1.,1.,1.)))
REPRESENTATION_ITEM('')
SURFACE()
);
#365=(
BOUNDED_SURFACE()
B_SPLINE_SURFACE(3,2,((#7527,#7528,#7529),(#7530,#7531,#7532),(#7533,#7534,
#7535),(#7536,#7537,#7538)),.UNSPECIFIED.,.F.,.F.,.F.)
B_SPLINE_SURFACE_WITH_KNOTS((4,4),(3,3),(0.,1.),(0.,1.),.UNSPECIFIED.)
GEOMETRIC_REPRESENTATION_ITEM()
RATIONAL_B_SPLINE_SURFACE(((1.,0.983711439506017,0.995353110043566),(1.,
0.980440379759367,0.994419924162025),(1.,0.976130765768201,0.993190453824296),
(1.,0.970799935018308,0.991669645163501)))
REPRESENTATION_ITEM('')
SURFACE()
);
#366=(
BOUNDED_SURFACE()
B_SPLINE_SURFACE(3,2,((#7540,#7541,#7542),(#7543,#7544,#7545),(#7546,#7547,
#7548),(#7549,#7550,#7551)),.UNSPECIFIED.,.F.,.F.,.F.)
B_SPLINE_SURFACE_WITH_KNOTS((4,4),(3,3),(0.,1.),(0.,1.),.UNSPECIFIED.)
GEOMETRIC_REPRESENTATION_ITEM()
RATIONAL_B_SPLINE_SURFACE(((1.,0.970799935018106,0.991669645163793),(1.,
0.976130765768032,0.993190453824534),(1.,0.980440379759231,0.99441992416222),
(1.,0.983711439505901,0.995353110043728)))
REPRESENTATION_ITEM('')
SURFACE()
);
#367=(
BOUNDED_SURFACE()
B_SPLINE_SURFACE(3,2,((#7569,#7570,#7571),(#7572,#7573,#7574),(#7575,#7576,
#7577),(#7578,#7579,#7580)),.UNSPECIFIED.,.F.,.F.,.F.)
B_SPLINE_SURFACE_WITH_KNOTS((4,4),(3,3),(0.,1.),(0.,1.),.UNSPECIFIED.)
GEOMETRIC_REPRESENTATION_ITEM()
RATIONAL_B_SPLINE_SURFACE(((1.,0.981001431555172,1.),(1.,0.992195774676009,
1.),(1.,0.999979232995765,1.),(1.,1.,1.)))
REPRESENTATION_ITEM('')
SURFACE()
);
#368=(
BOUNDED_SURFACE()
B_SPLINE_SURFACE(3,2,((#7582,#7583,#7584),(#7585,#7586,#7587),(#7588,#7589,
#7590),(#7591,#7592,#7593)),.UNSPECIFIED.,.F.,.F.,.F.)
B_SPLINE_SURFACE_WITH_KNOTS((4,4),(3,3),(0.,1.),(0.,1.),.UNSPECIFIED.)
GEOMETRIC_REPRESENTATION_ITEM()
RATIONAL_B_SPLINE_SURFACE(((1.,0.970799935018054,0.991669645163869),(1.,
0.976130765767991,0.993190453824596),(1.,0.980440379759193,0.99441992416227),
(1.,0.983711439505871,0.99535311004377)))
REPRESENTATION_ITEM('')
SURFACE()
);
#369=(
BOUNDED_SURFACE()
B_SPLINE_SURFACE(3,2,((#7611,#7612,#7613),(#7614,#7615,#7616),(#7617,#7618,
#7619),(#7620,#7621,#7622)),.UNSPECIFIED.,.F.,.F.,.F.)
B_SPLINE_SURFACE_WITH_KNOTS((4,4),(3,3),(0.,1.),(0.,1.),.UNSPECIFIED.)
GEOMETRIC_REPRESENTATION_ITEM()
RATIONAL_B_SPLINE_SURFACE(((1.,0.981001431555173,1.),(1.,0.99219577467601,
1.),(1.,0.999979232995762,1.),(1.,1.,1.)))
REPRESENTATION_ITEM('')
SURFACE()
);
#370=(
BOUNDED_SURFACE()
B_SPLINE_SURFACE(3,3,((#7949,#7950,#7951,#7952),(#7953,#7954,#7955,#7956),
(#7957,#7958,#7959,#7960),(#7961,#7962,#7963,#7964)),.UNSPECIFIED.,.F.,
 .F.,.F.)
B_SPLINE_SURFACE_WITH_KNOTS((4,4),(4,4),(0.,1.),(0.,1.),.UNSPECIFIED.)
GEOMETRIC_REPRESENTATION_ITEM()
RATIONAL_B_SPLINE_SURFACE(((1.,0.333333333333333,0.333333333333333,1.),
(0.996902621013112,0.332300873671037,0.332300873671037,0.996902621013112),
(0.996902621013112,0.332300873671037,0.332300873671037,0.996902621013112),
(1.,0.333333333333333,0.333333333333333,1.)))
REPRESENTATION_ITEM('')
SURFACE()
);
#371=(
BOUNDED_SURFACE()
B_SPLINE_SURFACE(3,3,((#7966,#7967,#7968,#7969),(#7970,#7971,#7972,#7973),
(#7974,#7975,#7976,#7977),(#7978,#7979,#7980,#7981)),.UNSPECIFIED.,.F.,
 .F.,.F.)
B_SPLINE_SURFACE_WITH_KNOTS((4,4),(4,4),(0.,1.),(0.,1.),.UNSPECIFIED.)
GEOMETRIC_REPRESENTATION_ITEM()
RATIONAL_B_SPLINE_SURFACE(((1.,0.333333333333332,0.333333333333332,1.),
(0.995685871157919,0.331895290385972,0.331895290385972,0.995685871157919),
(0.995685871157919,0.331895290385972,0.331895290385972,0.995685871157919),
(1.,0.333333333333332,0.333333333333332,1.)))
REPRESENTATION_ITEM('')
SURFACE()
);
#372=(
BOUNDED_SURFACE()
B_SPLINE_SURFACE(3,3,((#7987,#7988,#7989,#7990),(#7991,#7992,#7993,#7994),
(#7995,#7996,#7997,#7998),(#7999,#8000,#8001,#8002)),.UNSPECIFIED.,.F.,
 .F.,.F.)
B_SPLINE_SURFACE_WITH_KNOTS((4,4),(4,4),(0.,1.),(0.,1.),.UNSPECIFIED.)
GEOMETRIC_REPRESENTATION_ITEM()
RATIONAL_B_SPLINE_SURFACE(((1.,0.333333333333332,0.333333333333332,1.),
(0.999242380788212,0.333080793596069,0.333080793596069,0.999242380788212),
(0.999242380788212,0.333080793596069,0.333080793596069,0.999242380788212),
(1.,0.333333333333332,0.333333333333332,1.)))
REPRESENTATION_ITEM('')
SURFACE()
);
#373=(
BOUNDED_SURFACE()
B_SPLINE_SURFACE(3,3,((#8008,#8009,#8010,#8011),(#8012,#8013,#8014,#8015),
(#8016,#8017,#8018,#8019),(#8020,#8021,#8022,#8023)),.UNSPECIFIED.,.F.,
 .F.,.F.)
B_SPLINE_SURFACE_WITH_KNOTS((4,4),(4,4),(0.,1.),(0.,1.),.UNSPECIFIED.)
GEOMETRIC_REPRESENTATION_ITEM()
RATIONAL_B_SPLINE_SURFACE(((1.,0.333333333333331,0.333333333333331,1.),
(0.996494513709844,0.332164837903279,0.332164837903279,0.996494513709844),
(0.996494513709844,0.332164837903279,0.332164837903279,0.996494513709844),
(1.,0.333333333333331,0.333333333333331,1.)))
REPRESENTATION_ITEM('')
SURFACE()
);
#374=(
BOUNDED_SURFACE()
B_SPLINE_SURFACE(3,2,((#8356,#8357,#8358),(#8359,#8360,#8361),(#8362,#8363,
#8364),(#8365,#8366,#8367)),.UNSPECIFIED.,.F.,.F.,.F.)
B_SPLINE_SURFACE_WITH_KNOTS((4,4),(3,3),(0.,1.),(0.,1.),.UNSPECIFIED.)
GEOMETRIC_REPRESENTATION_ITEM()
RATIONAL_B_SPLINE_SURFACE(((0.99519938410691,0.997181582931412,1.),(0.995686158003311,
0.997467365399477,1.),(0.99614512693704,0.997736823715988,1.),(0.996572761023159,
0.997987885503532,1.)))
REPRESENTATION_ITEM('')
SURFACE()
);
#375=(
BOUNDED_SURFACE()
B_SPLINE_SURFACE(3,2,((#8370,#8371,#8372),(#8373,#8374,#8375),(#8376,#8377,
#8378),(#8379,#8380,#8381)),.UNSPECIFIED.,.F.,.F.,.F.)
B_SPLINE_SURFACE_WITH_KNOTS((4,4),(3,3),(0.,1.),(0.,1.),.UNSPECIFIED.)
GEOMETRIC_REPRESENTATION_ITEM()
RATIONAL_B_SPLINE_SURFACE(((1.,0.947346514903715,1.),(1.,0.962647076594342,
1.),(1.,0.973917473120355,1.),(1.,0.981001431555224,1.)))
REPRESENTATION_ITEM('')
SURFACE()
);
#376=(
BOUNDED_SURFACE()
B_SPLINE_SURFACE(3,2,((#8388,#8389,#8390),(#8391,#8392,#8393),(#8394,#8395,
#8396),(#8397,#8398,#8399)),.UNSPECIFIED.,.F.,.F.,.F.)
B_SPLINE_SURFACE_WITH_KNOTS((4,4),(3,3),(0.,1.),(0.,1.),.UNSPECIFIED.)
GEOMETRIC_REPRESENTATION_ITEM()
RATIONAL_B_SPLINE_SURFACE(((1.,0.981001431555276,1.),(1.,0.973917473120408,
1.),(1.,0.962647076594378,1.),(1.,0.947346514903711,1.)))
REPRESENTATION_ITEM('')
SURFACE()
);
#377=(
BOUNDED_SURFACE()
B_SPLINE_SURFACE(3,2,((#8404,#8405,#8406),(#8407,#8408,#8409),(#8410,#8411,
#8412),(#8413,#8414,#8415)),.UNSPECIFIED.,.F.,.F.,.F.)
B_SPLINE_SURFACE_WITH_KNOTS((4,4),(3,3),(0.,1.),(0.,1.),.UNSPECIFIED.)
GEOMETRIC_REPRESENTATION_ITEM()
RATIONAL_B_SPLINE_SURFACE(((1.,0.997181582931216,0.995199384106635),(1.,
0.997467365399327,0.995686158003109),(1.,0.997736823715826,0.99614512693681),
(1.,0.997987885503392,0.996572761022962)))
REPRESENTATION_ITEM('')
SURFACE()
);
#378=(
BOUNDED_SURFACE()
B_SPLINE_SURFACE(3,2,((#8434,#8435,#8436),(#8437,#8438,#8439),(#8440,#8441,
#8442),(#8443,#8444,#8445)),.UNSPECIFIED.,.F.,.F.,.F.)
B_SPLINE_SURFACE_WITH_KNOTS((4,4),(3,3),(0.,1.),(0.,1.),.UNSPECIFIED.)
GEOMETRIC_REPRESENTATION_ITEM()
RATIONAL_B_SPLINE_SURFACE(((0.995199384106396,0.997181582931049,1.),(0.995686158002905,
0.997467365399184,1.),(0.996145126936629,0.997736823715699,1.),(0.996572761022812,
0.997987885503285,1.)))
REPRESENTATION_ITEM('')
SURFACE()
);
#379=(
BOUNDED_SURFACE()
B_SPLINE_SURFACE(3,2,((#8448,#8449,#8450),(#8451,#8452,#8453),(#8454,#8455,
#8456),(#8457,#8458,#8459)),.UNSPECIFIED.,.F.,.F.,.F.)
B_SPLINE_SURFACE_WITH_KNOTS((4,4),(3,3),(0.,1.),(0.,1.),.UNSPECIFIED.)
GEOMETRIC_REPRESENTATION_ITEM()
RATIONAL_B_SPLINE_SURFACE(((1.,0.947346514903717,1.),(1.,0.962647076594309,
1.),(1.,0.973917473120306,1.),(1.,0.981001431555177,1.)))
REPRESENTATION_ITEM('')
SURFACE()
);
#380=(
BOUNDED_SURFACE()
B_SPLINE_SURFACE(3,2,((#8466,#8467,#8468),(#8469,#8470,#8471),(#8472,#8473,
#8474),(#8475,#8476,#8477)),.UNSPECIFIED.,.F.,.F.,.F.)
B_SPLINE_SURFACE_WITH_KNOTS((4,4),(3,3),(0.,1.),(0.,1.),.UNSPECIFIED.)
GEOMETRIC_REPRESENTATION_ITEM()
RATIONAL_B_SPLINE_SURFACE(((1.,0.981001431555175,1.),(1.,0.973917473120304,
1.),(1.,0.962647076594306,1.),(1.,0.947346514903715,1.)))
REPRESENTATION_ITEM('')
SURFACE()
);
#381=(
BOUNDED_SURFACE()
B_SPLINE_SURFACE(3,2,((#8482,#8483,#8484),(#8485,#8486,#8487),(#8488,#8489,
#8490),(#8491,#8492,#8493)),.UNSPECIFIED.,.F.,.F.,.F.)
B_SPLINE_SURFACE_WITH_KNOTS((4,4),(3,3),(0.,1.),(0.,1.),.UNSPECIFIED.)
GEOMETRIC_REPRESENTATION_ITEM()
RATIONAL_B_SPLINE_SURFACE(((1.,0.997181582931318,0.995199384106774),(1.,
0.997467365399422,0.99568615800324),(1.,0.997736823715907,0.99614512693692),
(1.,0.997987885503473,0.996572761023076)))
REPRESENTATION_ITEM('')
SURFACE()
);
#382=(
BOUNDED_SURFACE()
B_SPLINE_SURFACE(3,2,((#9009,#9010,#9011),(#9012,#9013,#9014),(#9015,#9016,
#9017),(#9018,#9019,#9020)),.UNSPECIFIED.,.F.,.F.,.F.)
B_SPLINE_SURFACE_WITH_KNOTS((4,4),(3,3),(0.,1.),(0.,1.),.UNSPECIFIED.)
GEOMETRIC_REPRESENTATION_ITEM()
RATIONAL_B_SPLINE_SURFACE(((1.,0.997181582931024,0.995199384106362),(1.,
0.997467365399159,0.995686158002869),(1.,0.997736823715671,0.996145126936588),
(1.,0.997987885503263,0.996572761022781)))
REPRESENTATION_ITEM('')
SURFACE()
);
#383=(
BOUNDED_SURFACE()
B_SPLINE_SURFACE(3,2,((#9029,#9030,#9031),(#9032,#9033,#9034),(#9035,#9036,
#9037),(#9038,#9039,#9040)),.UNSPECIFIED.,.F.,.F.,.F.)
B_SPLINE_SURFACE_WITH_KNOTS((4,4),(3,3),(0.,1.),(0.,1.),.UNSPECIFIED.)
GEOMETRIC_REPRESENTATION_ITEM()
RATIONAL_B_SPLINE_SURFACE(((1.,0.981001431555177,1.),(1.,0.973917473120306,
1.),(1.,0.962647076594308,1.),(1.,0.947346514903717,1.)))
REPRESENTATION_ITEM('')
SURFACE()
);
#384=(
BOUNDED_SURFACE()
B_SPLINE_SURFACE(3,2,((#9051,#9052,#9053),(#9054,#9055,#9056),(#9057,#9058,
#9059),(#9060,#9061,#9062)),.UNSPECIFIED.,.F.,.F.,.F.)
B_SPLINE_SURFACE_WITH_KNOTS((4,4),(3,3),(0.,1.),(0.,1.),.UNSPECIFIED.)
GEOMETRIC_REPRESENTATION_ITEM()
RATIONAL_B_SPLINE_SURFACE(((1.,0.947346514903716,1.),(1.,0.962647076594307,
1.),(1.,0.973917473120305,1.),(1.,0.981001431555176,1.)))
REPRESENTATION_ITEM('')
SURFACE()
);
#385=(
BOUNDED_SURFACE()
B_SPLINE_SURFACE(3,2,((#9067,#9068,#9069),(#9070,#9071,#9072),(#9073,#9074,
#9075),(#9076,#9077,#9078)),.UNSPECIFIED.,.F.,.F.,.F.)
B_SPLINE_SURFACE_WITH_KNOTS((4,4),(3,3),(0.,1.),(0.,1.),.UNSPECIFIED.)
GEOMETRIC_REPRESENTATION_ITEM()
RATIONAL_B_SPLINE_SURFACE(((0.995199384106184,0.997181582930898,1.),(0.995686158002711,
0.997467365399046,1.),(0.99614512693645,0.997736823715572,1.),(0.99657276102266,
0.997987885503177,1.)))
REPRESENTATION_ITEM('')
SURFACE()
);
#386=(
BOUNDED_SURFACE()
B_SPLINE_SURFACE(3,2,((#9080,#9081,#9082),(#9083,#9084,#9085),(#9086,#9087,
#9088),(#9089,#9090,#9091)),.UNSPECIFIED.,.F.,.F.,.F.)
B_SPLINE_SURFACE_WITH_KNOTS((4,4),(3,3),(0.,1.),(0.,1.),.UNSPECIFIED.)
GEOMETRIC_REPRESENTATION_ITEM()
RATIONAL_B_SPLINE_SURFACE(((1.,0.997181582931112,0.995199384106484),(1.,
0.99746736539924,0.995686158002984),(1.,0.997736823715749,0.9961451269367),
(1.,0.99798788550333,0.996572761022875)))
REPRESENTATION_ITEM('')
SURFACE()
);
#387=(
BOUNDED_SURFACE()
B_SPLINE_SURFACE(3,2,((#9096,#9097,#9098),(#9099,#9100,#9101),(#9102,#9103,
#9104),(#9105,#9106,#9107)),.UNSPECIFIED.,.F.,.F.,.F.)
B_SPLINE_SURFACE_WITH_KNOTS((4,4),(3,3),(0.,1.),(0.,1.),.UNSPECIFIED.)
GEOMETRIC_REPRESENTATION_ITEM()
RATIONAL_B_SPLINE_SURFACE(((1.,0.981001431555177,1.),(1.,0.973917473120305,
1.),(1.,0.962647076594305,1.),(1.,0.947346514903712,1.)))
REPRESENTATION_ITEM('')
SURFACE()
);
#388=(
BOUNDED_SURFACE()
B_SPLINE_SURFACE(3,2,((#9113,#9114,#9115),(#9116,#9117,#9118),(#9119,#9120,
#9121),(#9122,#9123,#9124)),.UNSPECIFIED.,.F.,.F.,.F.)
B_SPLINE_SURFACE_WITH_KNOTS((4,4),(3,3),(0.,1.),(0.,1.),.UNSPECIFIED.)
GEOMETRIC_REPRESENTATION_ITEM()
RATIONAL_B_SPLINE_SURFACE(((1.,0.947346514903713,1.),(1.,0.962647076594304,
1.),(1.,0.973917473120302,1.),(1.,0.981001431555173,1.)))
REPRESENTATION_ITEM('')
SURFACE()
);
#389=(
BOUNDED_SURFACE()
B_SPLINE_SURFACE(3,2,((#9125,#9126,#9127),(#9128,#9129,#9130),(#9131,#9132,
#9133),(#9134,#9135,#9136)),.UNSPECIFIED.,.F.,.F.,.F.)
B_SPLINE_SURFACE_WITH_KNOTS((4,4),(3,3),(0.,1.),(0.,1.),.UNSPECIFIED.)
GEOMETRIC_REPRESENTATION_ITEM()
RATIONAL_B_SPLINE_SURFACE(((0.995199384106534,0.997181582931147,1.),(0.995686158003026,
0.99746736539927,1.),(0.996145126936729,0.997736823715771,1.),(0.996572761022907,
0.997987885503353,1.)))
REPRESENTATION_ITEM('')
SURFACE()
);
#390=(
BOUNDED_SURFACE()
B_SPLINE_SURFACE(3,2,((#9138,#9139,#9140),(#9141,#9142,#9143),(#9144,#9145,
#9146),(#9147,#9148,#9149)),.UNSPECIFIED.,.F.,.F.,.F.)
B_SPLINE_SURFACE_WITH_KNOTS((4,4),(3,3),(0.,1.),(0.,1.),.UNSPECIFIED.)
GEOMETRIC_REPRESENTATION_ITEM()
RATIONAL_B_SPLINE_SURFACE(((1.,0.997181582931127,0.995199384106506),(1.,
0.997467365399252,0.995686158003001),(1.,0.997736823715755,0.996145126936706),
(1.,0.997987885503339,0.996572761022887)))
REPRESENTATION_ITEM('')
SURFACE()
);
#391=(
BOUNDED_SURFACE()
B_SPLINE_SURFACE(3,2,((#9154,#9155,#9156),(#9157,#9158,#9159),(#9160,#9161,
#9162),(#9163,#9164,#9165)),.UNSPECIFIED.,.F.,.F.,.F.)
B_SPLINE_SURFACE_WITH_KNOTS((4,4),(3,3),(0.,1.),(0.,1.),.UNSPECIFIED.)
GEOMETRIC_REPRESENTATION_ITEM()
RATIONAL_B_SPLINE_SURFACE(((1.,0.981001431555231,1.),(1.,0.973917473120362,
1.),(1.,0.962647076594345,1.),(1.,0.947346514903712,1.)))
REPRESENTATION_ITEM('')
SURFACE()
);
#392=(
BOUNDED_SURFACE()
B_SPLINE_SURFACE(3,2,((#9171,#9172,#9173),(#9174,#9175,#9176),(#9177,#9178,
#9179),(#9180,#9181,#9182)),.UNSPECIFIED.,.F.,.F.,.F.)
B_SPLINE_SURFACE_WITH_KNOTS((4,4),(3,3),(0.,1.),(0.,1.),.UNSPECIFIED.)
GEOMETRIC_REPRESENTATION_ITEM()
RATIONAL_B_SPLINE_SURFACE(((1.,0.947346514903714,1.),(1.,0.962647076594306,
1.),(1.,0.973917473120301,1.),(1.,0.981001431555174,1.)))
REPRESENTATION_ITEM('')
SURFACE()
);
#393=(
BOUNDED_SURFACE()
B_SPLINE_SURFACE(3,2,((#9183,#9184,#9185),(#9186,#9187,#9188),(#9189,#9190,
#9191),(#9192,#9193,#9194)),.UNSPECIFIED.,.F.,.F.,.F.)
B_SPLINE_SURFACE_WITH_KNOTS((4,4),(3,3),(0.,1.),(0.,1.),.UNSPECIFIED.)
GEOMETRIC_REPRESENTATION_ITEM()
RATIONAL_B_SPLINE_SURFACE(((0.995199384106565,0.997181582931169,1.),(0.995686158003053,
0.99746736539929,1.),(0.996145126936753,0.997736823715789,1.),(0.996572761022929,
0.997987885503369,1.)))
REPRESENTATION_ITEM('')
SURFACE()
);
#394=(
BOUNDED_SURFACE()
B_SPLINE_SURFACE(3,3,((#9329,#9330,#9331,#9332),(#9333,#9334,#9335,#9336),
(#9337,#9338,#9339,#9340),(#9341,#9342,#9343,#9344)),.UNSPECIFIED.,.F.,
 .F.,.F.)
B_SPLINE_SURFACE_WITH_KNOTS((4,4),(4,4),(0.,1.),(0.,1.),.UNSPECIFIED.)
GEOMETRIC_REPRESENTATION_ITEM()
RATIONAL_B_SPLINE_SURFACE(((1.,0.333333333333333,0.333333333333333,1.),
(0.996902621013112,0.332300873671038,0.332300873671038,0.996902621013112),
(0.996902621013112,0.332300873671038,0.332300873671038,0.996902621013112),
(1.,0.333333333333333,0.333333333333333,1.)))
REPRESENTATION_ITEM('')
SURFACE()
);
#395=(
BOUNDED_SURFACE()
B_SPLINE_SURFACE(3,3,((#9346,#9347,#9348,#9349),(#9350,#9351,#9352,#9353),
(#9354,#9355,#9356,#9357),(#9358,#9359,#9360,#9361)),.UNSPECIFIED.,.F.,
 .F.,.F.)
B_SPLINE_SURFACE_WITH_KNOTS((4,4),(4,4),(0.,1.),(0.,1.),.UNSPECIFIED.)
GEOMETRIC_REPRESENTATION_ITEM()
RATIONAL_B_SPLINE_SURFACE(((1.,0.333333333333334,0.333333333333334,1.),
(0.995685871157919,0.331895290385973,0.331895290385973,0.995685871157919),
(0.995685871157919,0.331895290385973,0.331895290385973,0.995685871157919),
(1.,0.333333333333334,0.333333333333334,1.)))
REPRESENTATION_ITEM('')
SURFACE()
);
#396=(
BOUNDED_SURFACE()
B_SPLINE_SURFACE(3,3,((#9367,#9368,#9369,#9370),(#9371,#9372,#9373,#9374),
(#9375,#9376,#9377,#9378),(#9379,#9380,#9381,#9382)),.UNSPECIFIED.,.F.,
 .F.,.F.)
B_SPLINE_SURFACE_WITH_KNOTS((4,4),(4,4),(0.,1.),(0.,1.),.UNSPECIFIED.)
GEOMETRIC_REPRESENTATION_ITEM()
RATIONAL_B_SPLINE_SURFACE(((1.,0.333333333333334,0.333333333333334,1.),
(0.999242380788212,0.333080793596071,0.333080793596071,0.999242380788212),
(0.999242380788212,0.333080793596071,0.333080793596071,0.999242380788212),
(1.,0.333333333333334,0.333333333333334,1.)))
REPRESENTATION_ITEM('')
SURFACE()
);
#397=(
BOUNDED_SURFACE()
B_SPLINE_SURFACE(3,3,((#9388,#9389,#9390,#9391),(#9392,#9393,#9394,#9395),
(#9396,#9397,#9398,#9399),(#9400,#9401,#9402,#9403)),.UNSPECIFIED.,.F.,
 .F.,.F.)
B_SPLINE_SURFACE_WITH_KNOTS((4,4),(4,4),(0.,1.),(0.,1.),.UNSPECIFIED.)
GEOMETRIC_REPRESENTATION_ITEM()
RATIONAL_B_SPLINE_SURFACE(((1.,0.333333333333334,0.333333333333334,1.),
(0.996494513709844,0.332164837903282,0.332164837903282,0.996494513709844),
(0.996494513709844,0.332164837903282,0.332164837903282,0.996494513709844),
(1.,0.333333333333334,0.333333333333334,1.)))
REPRESENTATION_ITEM('')
SURFACE()
);
#398=(
BOUNDED_SURFACE()
B_SPLINE_SURFACE(3,3,((#9531,#9532,#9533,#9534),(#9535,#9536,#9537,#9538),
(#9539,#9540,#9541,#9542),(#9543,#9544,#9545,#9546)),.UNSPECIFIED.,.F.,
 .F.,.F.)
B_SPLINE_SURFACE_WITH_KNOTS((4,4),(4,4),(0.,1.),(0.,1.),.UNSPECIFIED.)
GEOMETRIC_REPRESENTATION_ITEM()
RATIONAL_B_SPLINE_SURFACE(((1.,0.333333333333332,0.333333333333332,1.),
(0.956136432554921,0.318712144184973,0.318712144184973,0.956136432554921),
(0.956136432554921,0.318712144184973,0.318712144184973,0.956136432554921),
(1.,0.333333333333332,0.333333333333332,1.)))
REPRESENTATION_ITEM('')
SURFACE()
);
#399=(
BOUNDED_SURFACE()
B_SPLINE_SURFACE(3,3,((#9552,#9553,#9554,#9555),(#9556,#9557,#9558,#9559),
(#9560,#9561,#9562,#9563),(#9564,#9565,#9566,#9567)),.UNSPECIFIED.,.F.,
 .F.,.F.)
B_SPLINE_SURFACE_WITH_KNOTS((4,4),(4,4),(0.,1.),(0.,1.),.UNSPECIFIED.)
GEOMETRIC_REPRESENTATION_ITEM()
RATIONAL_B_SPLINE_SURFACE(((1.,0.333333333333333,0.333333333333333,1.),
(0.995849452213467,0.331949817404489,0.331949817404489,0.995849452213467),
(0.995849452213467,0.331949817404489,0.331949817404489,0.995849452213467),
(1.,0.333333333333333,0.333333333333333,1.)))
REPRESENTATION_ITEM('')
SURFACE()
);
#400=(
BOUNDED_SURFACE()
B_SPLINE_SURFACE(3,3,((#9683,#9684,#9685,#9686),(#9687,#9688,#9689,#9690),
(#9691,#9692,#9693,#9694),(#9695,#9696,#9697,#9698)),.UNSPECIFIED.,.F.,
 .F.,.F.)
B_SPLINE_SURFACE_WITH_KNOTS((4,4),(4,4),(0.,1.),(0.,1.),.UNSPECIFIED.)
GEOMETRIC_REPRESENTATION_ITEM()
RATIONAL_B_SPLINE_SURFACE(((1.,0.333333333333334,0.333333333333334,1.),
(0.956136432554921,0.318712144184974,0.318712144184974,0.956136432554921),
(0.956136432554921,0.318712144184974,0.318712144184974,0.956136432554921),
(1.,0.333333333333334,0.333333333333334,1.)))
REPRESENTATION_ITEM('')
SURFACE()
);
#401=(
BOUNDED_SURFACE()
B_SPLINE_SURFACE(3,3,((#9704,#9705,#9706,#9707),(#9708,#9709,#9710,#9711),
(#9712,#9713,#9714,#9715),(#9716,#9717,#9718,#9719)),.UNSPECIFIED.,.F.,
 .F.,.F.)
B_SPLINE_SURFACE_WITH_KNOTS((4,4),(4,4),(0.,1.),(0.,1.),.UNSPECIFIED.)
GEOMETRIC_REPRESENTATION_ITEM()
RATIONAL_B_SPLINE_SURFACE(((1.,0.333333333333334,0.333333333333334,1.),
(0.995849452213467,0.33194981740449,0.33194981740449,0.995849452213467),
(0.995849452213467,0.33194981740449,0.33194981740449,0.995849452213467),
(1.,0.333333333333334,0.333333333333334,1.)))
REPRESENTATION_ITEM('')
SURFACE()
);
#402=TOROIDAL_SURFACE('',#4980,20.5,2.5);
#403=TOROIDAL_SURFACE('',#5084,20.5,2.5);
#404=TOROIDAL_SURFACE('',#5118,4.75000000000003,1.5);
#405=TOROIDAL_SURFACE('',#5283,4.75000000000003,1.5);
#406=TOROIDAL_SURFACE('',#5310,4.75000000000003,1.5);
#407=TOROIDAL_SURFACE('',#5324,20.5,2.5);
#408=TOROIDAL_SURFACE('',#5345,4.75000000000003,1.5);
#409=TOROIDAL_SURFACE('',#5364,20.5,2.5);
#410=ELLIPSE('',#4944,16.4206863819025,8.99999999999999);
#411=ELLIPSE('',#4951,16.4206863819031,8.99999999999999);
#412=ELLIPSE('',#4953,16.4206863819025,8.99999999999999);
#413=ELLIPSE('',#4960,34.4200762771792,8.99999999999999);
#414=ELLIPSE('',#4967,25.2952280496619,8.99999999999999);
#415=ELLIPSE('',#4975,16.4206863819031,8.99999999999999);
#416=ELLIPSE('',#5028,16.4206863819025,8.99999999999999);
#417=ELLIPSE('',#5036,16.4206863819031,8.99999999999999);
#418=ELLIPSE('',#5038,16.4206863819025,8.99999999999999);
#419=ELLIPSE('',#5045,16.4206863819031,8.99999999999999);
#420=ELLIPSE('',#5047,25.2952280496619,8.99999999999999);
#421=ELLIPSE('',#5048,16.4206863819025,8.99999999999999);
#422=ELLIPSE('',#5054,16.4206863819029,8.99999999999999);
#423=ELLIPSE('',#5055,34.4200762771792,8.99999999999999);
#424=ELLIPSE('',#5124,25.2952280496619,8.99999999999999);
#425=ELLIPSE('',#5125,34.4200762771792,8.99999999999999);
#426=ELLIPSE('',#5168,14.3052067881872,3.99999999999999);
#427=ELLIPSE('',#5169,16.4206863819025,8.99999999999999);
#428=ELLIPSE('',#5171,16.4206863819031,8.99999999999999);
#429=ELLIPSE('',#5172,14.305206788188,3.99999999999999);
#430=ELLIPSE('',#5182,14.3052067881872,3.99999999999999);
#431=ELLIPSE('',#5183,16.4206863819025,8.99999999999999);
#432=ELLIPSE('',#5185,16.4206863819031,8.99999999999999);
#433=ELLIPSE('',#5186,14.3052067881879,3.99999999999999);
#434=ELLIPSE('',#5212,25.2952280496619,8.99999999999999);
#435=ELLIPSE('',#5223,34.4200762771792,8.99999999999999);
#436=ELLIPSE('',#5229,16.4206863819025,8.99999999999999);
#437=ELLIPSE('',#5231,16.4206863819029,8.99999999999999);
#438=ELLIPSE('',#5240,16.4206863819031,8.99999999999999);
#439=ELLIPSE('',#5242,16.4206863819025,8.99999999999999);
#440=ELLIPSE('',#5244,16.4206863819025,8.99999999999999);
#441=ELLIPSE('',#5246,16.4206863819031,8.99999999999999);
#442=ELLIPSE('',#5259,14.3052067881872,3.99999999999999);
#443=ELLIPSE('',#5261,14.3052067881877,3.99999999999999);
#444=ELLIPSE('',#5263,14.3052067881872,3.99999999999999);
#445=ELLIPSE('',#5265,14.305206788188,3.99999999999999);
#446=ELLIPSE('',#5267,14.3052067881872,3.99999999999999);
#447=ELLIPSE('',#5269,14.305206788188,3.99999999999999);
#448=CYLINDRICAL_SURFACE('',#4933,15.6859482659595);
#449=CYLINDRICAL_SURFACE('',#4938,15.6859482659595);
#450=CYLINDRICAL_SURFACE('',#4941,15.6859482659595);
#451=CYLINDRICAL_SURFACE('',#4945,8.99999999999999);
#452=CYLINDRICAL_SURFACE('',#4952,8.99999999999999);
#453=CYLINDRICAL_SURFACE('',#4954,8.99999999999999);
#454=CYLINDRICAL_SURFACE('',#4961,8.99999999999999);
#455=CYLINDRICAL_SURFACE('',#4968,8.99999999999999);
#456=CYLINDRICAL_SURFACE('',#4976,8.99999999999999);
#457=CYLINDRICAL_SURFACE('',#4983,15.6859482659595);
#458=CYLINDRICAL_SURFACE('',#4987,16.680930133957);
#459=CYLINDRICAL_SURFACE('',#4989,16.680930133957);
#460=CYLINDRICAL_SURFACE('',#4991,16.680930133957);
#461=CYLINDRICAL_SURFACE('',#5003,17.6809745675374);
#462=CYLINDRICAL_SURFACE('',#5009,0.25);
#463=CYLINDRICAL_SURFACE('',#5010,0.25);
#464=CYLINDRICAL_SURFACE('',#5011,0.25);
#465=CYLINDRICAL_SURFACE('',#5012,0.25);
#466=CYLINDRICAL_SURFACE('',#5020,15.6859482659595);
#467=CYLINDRICAL_SURFACE('',#5025,15.6859482659595);
#468=CYLINDRICAL_SURFACE('',#5029,8.99999999999999);
#469=CYLINDRICAL_SURFACE('',#5037,8.99999999999999);
#470=CYLINDRICAL_SURFACE('',#5039,8.99999999999999);
#471=CYLINDRICAL_SURFACE('',#5046,8.99999999999999);
#472=CYLINDRICAL_SURFACE('',#5049,8.99999999999999);
#473=CYLINDRICAL_SURFACE('',#5056,8.99999999999999);
#474=CYLINDRICAL_SURFACE('',#5058,15.6859482659595);
#475=CYLINDRICAL_SURFACE('',#5072,16.680930133957);
#476=CYLINDRICAL_SURFACE('',#5074,16.680930133957);
#477=CYLINDRICAL_SURFACE('',#5076,16.680930133957);
#478=CYLINDRICAL_SURFACE('',#5078,16.680930133957);
#479=CYLINDRICAL_SURFACE('',#5088,17.6809745675374);
#480=CYLINDRICAL_SURFACE('',#5096,0.25);
#481=CYLINDRICAL_SURFACE('',#5097,0.25);
#482=CYLINDRICAL_SURFACE('',#5098,0.25);
#483=CYLINDRICAL_SURFACE('',#5105,15.6859482659595);
#484=CYLINDRICAL_SURFACE('',#5110,15.6859482659595);
#485=CYLINDRICAL_SURFACE('',#5113,15.6859482659595);
#486=CYLINDRICAL_SURFACE('',#5147,14.0616230225744);
#487=CYLINDRICAL_SURFACE('',#5151,15.6859482659595);
#488=CYLINDRICAL_SURFACE('',#5153,14.6852916783546);
#489=CYLINDRICAL_SURFACE('',#5155,14.6852916783546);
#490=CYLINDRICAL_SURFACE('',#5157,14.6852916783546);
#491=CYLINDRICAL_SURFACE('',#5166,8.99999999999999);
#492=CYLINDRICAL_SURFACE('',#5176,8.99999999999999);
#493=CYLINDRICAL_SURFACE('',#5190,8.99999999999999);
#494=CYLINDRICAL_SURFACE('',#5191,8.99999999999999);
#495=CYLINDRICAL_SURFACE('',#5196,8.99999999999999);
#496=CYLINDRICAL_SURFACE('',#5197,8.99999999999999);
#497=CYLINDRICAL_SURFACE('',#5198,0.25);
#498=CYLINDRICAL_SURFACE('',#5199,0.25);
#499=CYLINDRICAL_SURFACE('',#5200,0.25);
#500=CYLINDRICAL_SURFACE('',#5205,15.6859482659595);
#501=CYLINDRICAL_SURFACE('',#5210,15.6859482659595);
#502=CYLINDRICAL_SURFACE('',#5230,8.99999999999999);
#503=CYLINDRICAL_SURFACE('',#5232,8.99999999999999);
#504=CYLINDRICAL_SURFACE('',#5241,8.99999999999999);
#505=CYLINDRICAL_SURFACE('',#5243,8.99999999999999);
#506=CYLINDRICAL_SURFACE('',#5245,8.99999999999999);
#507=CYLINDRICAL_SURFACE('',#5247,8.99999999999999);
#508=CYLINDRICAL_SURFACE('',#5277,14.0616230225744);
#509=CYLINDRICAL_SURFACE('',#5278,14.6852916783546);
#510=CYLINDRICAL_SURFACE('',#5279,14.6852916783546);
#511=CYLINDRICAL_SURFACE('',#5280,15.6859482659595);
#512=CYLINDRICAL_SURFACE('',#5299,0.25);
#513=CYLINDRICAL_SURFACE('',#5300,0.25);
#514=CYLINDRICAL_SURFACE('',#5333,0.25);
#515=CYLINDRICAL_SURFACE('',#5334,1.75);
#516=CYLINDRICAL_SURFACE('',#5366,0.25);
#517=B_SPLINE_CURVE_WITH_KNOTS('',3,(#6568,#6569,#6570,#6571),
 .UNSPECIFIED.,.F.,.F.,(4,4),(0.,1.),.UNSPECIFIED.);
#518=B_SPLINE_CURVE_WITH_KNOTS('',3,(#6573,#6574,#6575,#6576),
 .UNSPECIFIED.,.F.,.F.,(4,4),(0.,1.),.UNSPECIFIED.);
#519=B_SPLINE_CURVE_WITH_KNOTS('',3,(#6578,#6579,#6580,#6581),
 .UNSPECIFIED.,.F.,.F.,(4,4),(0.,1.),.UNSPECIFIED.);
#520=B_SPLINE_CURVE_WITH_KNOTS('',3,(#6589,#6590,#6591,#6592),
 .UNSPECIFIED.,.F.,.F.,(4,4),(0.,1.),.UNSPECIFIED.);
#521=B_SPLINE_CURVE_WITH_KNOTS('',3,(#6594,#6595,#6596,#6597),
 .UNSPECIFIED.,.F.,.F.,(4,4),(0.,1.),.UNSPECIFIED.);
#522=B_SPLINE_CURVE_WITH_KNOTS('',3,(#6599,#6600,#6601,#6602),
 .UNSPECIFIED.,.F.,.F.,(4,4),(0.,1.),.UNSPECIFIED.);
#523=B_SPLINE_CURVE_WITH_KNOTS('',3,(#6619,#6620,#6621,#6622),
 .UNSPECIFIED.,.F.,.F.,(4,4),(0.,1.),.UNSPECIFIED.);
#524=B_SPLINE_CURVE_WITH_KNOTS('',3,(#6624,#6625,#6626,#6627),
 .UNSPECIFIED.,.F.,.F.,(4,4),(0.,1.),.UNSPECIFIED.);
#525=B_SPLINE_CURVE_WITH_KNOTS('',3,(#6629,#6630,#6631,#6632),
 .UNSPECIFIED.,.F.,.F.,(4,4),(0.,1.),.UNSPECIFIED.);
#526=B_SPLINE_CURVE_WITH_KNOTS('',3,(#6640,#6641,#6642,#6643),
 .UNSPECIFIED.,.F.,.F.,(4,4),(0.,1.),.UNSPECIFIED.);
#527=B_SPLINE_CURVE_WITH_KNOTS('',3,(#6645,#6646,#6647,#6648,#6649,#6650,
#6651),.UNSPECIFIED.,.F.,.F.,(4,3,4),(0.,0.600123183828201,1.),
 .UNSPECIFIED.);
#528=B_SPLINE_CURVE_WITH_KNOTS('',3,(#6653,#6654,#6655,#6656),
 .UNSPECIFIED.,.F.,.F.,(4,4),(0.,1.),.UNSPECIFIED.);
#529=B_SPLINE_CURVE_WITH_KNOTS('',3,(#6669,#6670,#6671,#6672),
 .UNSPECIFIED.,.F.,.F.,(4,4),(0.,1.),.UNSPECIFIED.);
#530=B_SPLINE_CURVE_WITH_KNOTS('',3,(#6687,#6688,#6689,#6690,#6691,#6692),
 .UNSPECIFIED.,.F.,.F.,(4,2,4),(0.,0.5,1.),.UNSPECIFIED.);
#531=B_SPLINE_CURVE_WITH_KNOTS('',3,(#6711,#6712,#6713,#6714,#6715,#6716),
 .UNSPECIFIED.,.F.,.F.,(4,2,4),(0.,0.5,1.),.UNSPECIFIED.);
#532=B_SPLINE_CURVE_WITH_KNOTS('',3,(#6720,#6721,#6722,#6723,#6724,#6725),
 .UNSPECIFIED.,.F.,.F.,(4,2,4),(0.,0.5,1.),.UNSPECIFIED.);
#533=B_SPLINE_CURVE_WITH_KNOTS('',3,(#6744,#6745,#6746,#6747,#6748,#6749),
 .UNSPECIFIED.,.F.,.F.,(4,2,4),(0.,0.5,1.),.UNSPECIFIED.);
#534=B_SPLINE_CURVE_WITH_KNOTS('',3,(#6767,#6768,#6769,#6770),
 .UNSPECIFIED.,.F.,.F.,(4,4),(0.,1.),.UNSPECIFIED.);
#535=B_SPLINE_CURVE_WITH_KNOTS('',3,(#6775,#6776,#6777,#6778,#6779,#6780),
 .UNSPECIFIED.,.F.,.F.,(4,2,4),(0.,0.5,1.),.UNSPECIFIED.);
#536=B_SPLINE_CURVE_WITH_KNOTS('',3,(#6803,#6804,#6805,#6806,#6807,#6808),
 .UNSPECIFIED.,.F.,.F.,(4,2,4),(0.,0.5,1.),.UNSPECIFIED.);
#537=B_SPLINE_CURVE_WITH_KNOTS('',3,(#6810,#6811,#6812,#6813,#6814,#6815,
#6816,#6817,#6818,#6819,#6820,#6821,#6822,#6823,#6824,#6825,#6826,#6827,
#6828,#6829,#6830,#6831,#6832,#6833,#6834,#6835,#6836,#6837,#6838,#6839,
#6840,#6841,#6842,#6843),.UNSPECIFIED.,.F.,.F.,(4,3,3,3,3,3,3,3,3,3,3,4),
(0.,0.0188589439521769,0.125494730105763,0.232798029022836,0.341138853291374,
0.449488212481674,0.556663742129474,0.662709004175241,0.768753872191369,
0.875662603963885,0.98325976642558,1.),.UNSPECIFIED.);
#538=B_SPLINE_CURVE_WITH_KNOTS('',3,(#6850,#6851,#6852,#6853),
 .UNSPECIFIED.,.F.,.F.,(4,4),(0.,1.),.UNSPECIFIED.);
#539=B_SPLINE_CURVE_WITH_KNOTS('',3,(#6855,#6856,#6857,#6858,#6859,#6860,
#6861,#6862,#6863,#6864),.UNSPECIFIED.,.F.,.F.,(4,3,3,4),(0.,0.390744125881511,
0.989624891251025,1.),.UNSPECIFIED.);
#540=B_SPLINE_CURVE_WITH_KNOTS('',3,(#6878,#6879,#6880,#6881,#6882,#6883),
 .UNSPECIFIED.,.F.,.F.,(4,2,4),(0.,0.5,1.),.UNSPECIFIED.);
#541=B_SPLINE_CURVE_WITH_KNOTS('',3,(#6885,#6886,#6887,#6888,#6889,#6890,
#6891,#6892,#6893,#6894),.UNSPECIFIED.,.F.,.F.,(4,3,3,4),(0.,0.390744125871798,
0.989624891250883,1.),.UNSPECIFIED.);
#542=B_SPLINE_CURVE_WITH_KNOTS('',3,(#6936,#6937,#6938,#6939,#6940,#6941,
#6942,#6943,#6944,#6945),.UNSPECIFIED.,.F.,.F.,(4,3,3,4),(0.,0.0103751087489719,
0.609255874120612,1.),.UNSPECIFIED.);
#543=B_SPLINE_CURVE_WITH_KNOTS('',3,(#6947,#6948,#6949,#6950,#6951,#6952),
 .UNSPECIFIED.,.F.,.F.,(4,2,4),(0.,0.5,1.),.UNSPECIFIED.);
#544=B_SPLINE_CURVE_WITH_KNOTS('',3,(#6990,#6991,#6992,#6993,#6994,#6995,
#6996,#6997,#6998,#6999),.UNSPECIFIED.,.F.,.F.,(4,3,3,4),(0.,0.0103751087491163,
0.609255874128677,1.),.UNSPECIFIED.);
#545=B_SPLINE_CURVE_WITH_KNOTS('',3,(#7001,#7002,#7003,#7004,#7005,#7006),
 .UNSPECIFIED.,.F.,.F.,(4,2,4),(0.,0.5,1.),.UNSPECIFIED.);
#546=B_SPLINE_CURVE_WITH_KNOTS('',3,(#7102,#7103,#7104,#7105),
 .UNSPECIFIED.,.F.,.F.,(4,4),(0.,1.),.UNSPECIFIED.);
#547=B_SPLINE_CURVE_WITH_KNOTS('',3,(#7107,#7108,#7109,#7110),
 .UNSPECIFIED.,.F.,.F.,(4,4),(0.,1.),.UNSPECIFIED.);
#548=B_SPLINE_CURVE_WITH_KNOTS('',3,(#7112,#7113,#7114,#7115),
 .UNSPECIFIED.,.F.,.F.,(4,4),(0.,1.),.UNSPECIFIED.);
#549=B_SPLINE_CURVE_WITH_KNOTS('',3,(#7123,#7124,#7125,#7126),
 .UNSPECIFIED.,.F.,.F.,(4,4),(0.,1.),.UNSPECIFIED.);
#550=B_SPLINE_CURVE_WITH_KNOTS('',3,(#7128,#7129,#7130,#7131),
 .UNSPECIFIED.,.F.,.F.,(4,4),(0.,1.),.UNSPECIFIED.);
#551=B_SPLINE_CURVE_WITH_KNOTS('',3,(#7133,#7134,#7135,#7136),
 .UNSPECIFIED.,.F.,.F.,(4,4),(0.,1.),.UNSPECIFIED.);
#552=B_SPLINE_CURVE_WITH_KNOTS('',3,(#7149,#7150,#7151,#7152),
 .UNSPECIFIED.,.F.,.F.,(4,4),(0.,1.),.UNSPECIFIED.);
#553=B_SPLINE_CURVE_WITH_KNOTS('',3,(#7154,#7155,#7156,#7157),
 .UNSPECIFIED.,.F.,.F.,(4,4),(0.,1.),.UNSPECIFIED.);
#554=B_SPLINE_CURVE_WITH_KNOTS('',3,(#7159,#7160,#7161,#7162),
 .UNSPECIFIED.,.F.,.F.,(4,4),(0.,1.),.UNSPECIFIED.);
#555=B_SPLINE_CURVE_WITH_KNOTS('',3,(#7170,#7171,#7172,#7173),
 .UNSPECIFIED.,.F.,.F.,(4,4),(0.,1.),.UNSPECIFIED.);
#556=B_SPLINE_CURVE_WITH_KNOTS('',3,(#7175,#7176,#7177,#7178),
 .UNSPECIFIED.,.F.,.F.,(4,4),(0.,1.),.UNSPECIFIED.);
#557=B_SPLINE_CURVE_WITH_KNOTS('',3,(#7180,#7181,#7182,#7183),
 .UNSPECIFIED.,.F.,.F.,(4,4),(0.,1.),.UNSPECIFIED.);
#558=B_SPLINE_CURVE_WITH_KNOTS('',3,(#7200,#7201,#7202,#7203),
 .UNSPECIFIED.,.F.,.F.,(4,4),(0.,1.),.UNSPECIFIED.);
#559=B_SPLINE_CURVE_WITH_KNOTS('',3,(#7208,#7209,#7210,#7211,#7212,#7213),
 .UNSPECIFIED.,.F.,.F.,(4,2,4),(0.,0.5,1.),.UNSPECIFIED.);
#560=B_SPLINE_CURVE_WITH_KNOTS('',3,(#7236,#7237,#7238,#7239,#7240,#7241),
 .UNSPECIFIED.,.F.,.F.,(4,2,4),(0.,0.5,1.),.UNSPECIFIED.);
#561=B_SPLINE_CURVE_WITH_KNOTS('',3,(#7245,#7246,#7247,#7248,#7249,#7250),
 .UNSPECIFIED.,.F.,.F.,(4,2,4),(0.,0.5,1.),.UNSPECIFIED.);
#562=B_SPLINE_CURVE_WITH_KNOTS('',3,(#7269,#7270,#7271,#7272,#7273,#7274),
 .UNSPECIFIED.,.F.,.F.,(4,2,4),(0.,0.5,1.),.UNSPECIFIED.);
#563=B_SPLINE_CURVE_WITH_KNOTS('',3,(#7278,#7279,#7280,#7281,#7282,#7283),
 .UNSPECIFIED.,.F.,.F.,(4,2,4),(0.,0.5,1.),.UNSPECIFIED.);
#564=B_SPLINE_CURVE_WITH_KNOTS('',3,(#7302,#7303,#7304,#7305),
 .UNSPECIFIED.,.F.,.F.,(4,4),(0.,1.),.UNSPECIFIED.);
#565=B_SPLINE_CURVE_WITH_KNOTS('',3,(#7310,#7311,#7312,#7313,#7314,#7315),
 .UNSPECIFIED.,.F.,.F.,(4,2,4),(0.,0.5,1.),.UNSPECIFIED.);
#566=B_SPLINE_CURVE_WITH_KNOTS('',3,(#7320,#7321,#7322,#7323),
 .UNSPECIFIED.,.F.,.F.,(4,4),(0.,1.),.UNSPECIFIED.);
#567=B_SPLINE_CURVE_WITH_KNOTS('',3,(#7325,#7326,#7327,#7328),
 .UNSPECIFIED.,.F.,.F.,(4,4),(0.,1.),.UNSPECIFIED.);
#568=B_SPLINE_CURVE_WITH_KNOTS('',3,(#7336,#7337,#7338,#7339),
 .UNSPECIFIED.,.F.,.F.,(4,4),(0.,1.),.UNSPECIFIED.);
#569=B_SPLINE_CURVE_WITH_KNOTS('',3,(#7341,#7342,#7343,#7344),
 .UNSPECIFIED.,.F.,.F.,(4,4),(0.,1.),.UNSPECIFIED.);
#570=B_SPLINE_CURVE_WITH_KNOTS('',3,(#7374,#7375,#7376,#7377,#7378,#7379,
#7380,#7381,#7382,#7383),.UNSPECIFIED.,.F.,.F.,(4,3,3,4),(0.,0.0103751087489611,
0.609255874118991,1.),.UNSPECIFIED.);
#571=B_SPLINE_CURVE_WITH_KNOTS('',3,(#7385,#7386,#7387,#7388,#7389,#7390),
 .UNSPECIFIED.,.F.,.F.,(4,2,4),(0.,0.5,1.),.UNSPECIFIED.);
#572=B_SPLINE_CURVE_WITH_KNOTS('',3,(#7416,#7417,#7418,#7419,#7420,#7421,
#7422,#7423,#7424,#7425),.UNSPECIFIED.,.F.,.F.,(4,3,3,4),(0.,0.0103751087489987,
0.609255874120673,1.),.UNSPECIFIED.);
#573=B_SPLINE_CURVE_WITH_KNOTS('',3,(#7427,#7428,#7429,#7430,#7431,#7432),
 .UNSPECIFIED.,.F.,.F.,(4,2,4),(0.,0.5,1.),.UNSPECIFIED.);
#574=B_SPLINE_CURVE_WITH_KNOTS('',3,(#7470,#7471,#7472,#7473,#7474,#7475),
 .UNSPECIFIED.,.F.,.F.,(4,2,4),(0.,0.5,1.),.UNSPECIFIED.);
#575=B_SPLINE_CURVE_WITH_KNOTS('',3,(#7477,#7478,#7479,#7480,#7481,#7482,
#7483,#7484,#7485,#7486),.UNSPECIFIED.,.F.,.F.,(4,3,3,4),(0.,0.390744125871972,
0.989624891250857,1.),.UNSPECIFIED.);
#576=B_SPLINE_CURVE_WITH_KNOTS('',3,(#7500,#7501,#7502,#7503,#7504,#7505,
#7506,#7507,#7508,#7509),.UNSPECIFIED.,.F.,.F.,(4,3,3,4),(0.,0.0103751087491301,
0.609255874130518,1.),.UNSPECIFIED.);
#577=B_SPLINE_CURVE_WITH_KNOTS('',3,(#7511,#7512,#7513,#7514),
 .UNSPECIFIED.,.F.,.F.,(4,4),(0.,1.),.UNSPECIFIED.);
#578=B_SPLINE_CURVE_WITH_KNOTS('',3,(#7552,#7553,#7554,#7555,#7556,#7557),
 .UNSPECIFIED.,.F.,.F.,(4,2,4),(0.,0.5,1.),.UNSPECIFIED.);
#579=B_SPLINE_CURVE_WITH_KNOTS('',3,(#7559,#7560,#7561,#7562,#7563,#7564,
#7565,#7566,#7567,#7568),.UNSPECIFIED.,.F.,.F.,(4,3,3,4),(0.,0.390744125871304,
0.989624891250863,1.),.UNSPECIFIED.);
#580=B_SPLINE_CURVE_WITH_KNOTS('',3,(#7594,#7595,#7596,#7597,#7598,#7599),
 .UNSPECIFIED.,.F.,.F.,(4,2,4),(0.,0.5,1.),.UNSPECIFIED.);
#581=B_SPLINE_CURVE_WITH_KNOTS('',3,(#7601,#7602,#7603,#7604,#7605,#7606,
#7607,#7608,#7609,#7610),.UNSPECIFIED.,.F.,.F.,(4,3,3,4),(0.,0.390744125880393,
0.989624891251017,1.),.UNSPECIFIED.);
#582=B_SPLINE_CURVE_WITH_KNOTS('',3,(#7649,#7650,#7651,#7652,#7653,#7654,
#7655,#7656,#7657,#7658,#7659,#7660,#7661,#7662,#7663,#7664,#7665,#7666,
#7667,#7668,#7669,#7670,#7671,#7672,#7673,#7674,#7675,#7676,#7677,#7678,
#7679,#7680,#7681,#7682),.UNSPECIFIED.,.F.,.F.,(4,3,3,3,3,3,3,3,3,3,3,4),
(0.,0.0178751773494184,0.12328185249502,0.229717074320305,0.338294833787474,
0.447936708697635,0.556625422780145,0.663426665585174,0.769150999093911,
0.875077468356186,0.981728462967002,1.),.UNSPECIFIED.);
#583=B_SPLINE_CURVE_WITH_KNOTS('',3,(#7714,#7715,#7716,#7717),
 .UNSPECIFIED.,.F.,.F.,(4,4),(0.,1.),.UNSPECIFIED.);
#584=B_SPLINE_CURVE_WITH_KNOTS('',3,(#7719,#7720,#7721,#7722),
 .UNSPECIFIED.,.F.,.F.,(4,4),(0.,1.),.UNSPECIFIED.);
#585=B_SPLINE_CURVE_WITH_KNOTS('',3,(#7724,#7725,#7726,#7727),
 .UNSPECIFIED.,.F.,.F.,(4,4),(0.,1.),.UNSPECIFIED.);
#586=B_SPLINE_CURVE_WITH_KNOTS('',3,(#7735,#7736,#7737,#7738),
 .UNSPECIFIED.,.F.,.F.,(4,4),(0.,1.),.UNSPECIFIED.);
#587=B_SPLINE_CURVE_WITH_KNOTS('',3,(#7740,#7741,#7742,#7743),
 .UNSPECIFIED.,.F.,.F.,(4,4),(0.,1.),.UNSPECIFIED.);
#588=B_SPLINE_CURVE_WITH_KNOTS('',3,(#7745,#7746,#7747,#7748),
 .UNSPECIFIED.,.F.,.F.,(4,4),(0.,1.),.UNSPECIFIED.);
#589=B_SPLINE_CURVE_WITH_KNOTS('',3,(#7765,#7766,#7767,#7768),
 .UNSPECIFIED.,.F.,.F.,(4,4),(0.,1.),.UNSPECIFIED.);
#590=B_SPLINE_CURVE_WITH_KNOTS('',3,(#7770,#7771,#7772,#7773,#7774,#7775,
#7776),.UNSPECIFIED.,.F.,.F.,(4,3,4),(0.,0.399876816168112,1.),
 .UNSPECIFIED.);
#591=B_SPLINE_CURVE_WITH_KNOTS('',3,(#7778,#7779,#7780,#7781),
 .UNSPECIFIED.,.F.,.F.,(4,4),(0.,1.),.UNSPECIFIED.);
#592=B_SPLINE_CURVE_WITH_KNOTS('',3,(#7789,#7790,#7791,#7792),
 .UNSPECIFIED.,.F.,.F.,(4,4),(0.,1.),.UNSPECIFIED.);
#593=B_SPLINE_CURVE_WITH_KNOTS('',3,(#7794,#7795,#7796,#7797),
 .UNSPECIFIED.,.F.,.F.,(4,4),(0.,1.),.UNSPECIFIED.);
#594=B_SPLINE_CURVE_WITH_KNOTS('',3,(#7799,#7800,#7801,#7802),
 .UNSPECIFIED.,.F.,.F.,(4,4),(0.,1.),.UNSPECIFIED.);
#595=B_SPLINE_CURVE_WITH_KNOTS('',3,(#7819,#7820,#7821,#7822),
 .UNSPECIFIED.,.F.,.F.,(4,4),(0.,1.),.UNSPECIFIED.);
#596=B_SPLINE_CURVE_WITH_KNOTS('',2,(#7858,#7859,#7860,#7861,#7862,#7863),
 .UNSPECIFIED.,.F.,.F.,(3,1,1,1,3),(0.,0.234944638196585,0.429866794361975,
0.607190782350474,1.),.UNSPECIFIED.);
#597=B_SPLINE_CURVE_WITH_KNOTS('',3,(#7867,#7868,#7869,#7870,#7871,#7872,
#7873,#7874,#7875,#7876,#7877,#7878,#7879,#7880,#7881,#7882,#7883,#7884,
#7885,#7886,#7887,#7888),.UNSPECIFIED.,.F.,.F.,(4,3,3,3,3,3,3,4),(0.,0.000426037159776865,
0.157191194381203,0.313956351602633,0.470721508824065,0.627486666045501,
0.78425182326694,1.),.UNSPECIFIED.);
#598=B_SPLINE_CURVE_WITH_KNOTS('',3,(#7897,#7898,#7899,#7900,#7901,#7902,
#7903,#7904,#7905,#7906,#7907,#7908,#7909,#7910,#7911,#7912,#7913,#7914,
#7915,#7916,#7917,#7918),.UNSPECIFIED.,.F.,.F.,(4,3,3,3,3,3,3,4),(0.,0.138923540058553,
0.27784708011712,0.416770620175685,0.555694160234246,0.694617700292806,
0.833541240351362,1.),.UNSPECIFIED.);
#599=B_SPLINE_CURVE_WITH_KNOTS('',2,(#7922,#7923,#7924,#7925,#7926,#7927),
 .UNSPECIFIED.,.F.,.F.,(3,1,1,1,3),(0.,0.392809217649526,0.570133205638025,
0.765055361803415,1.),.UNSPECIFIED.);
#600=B_SPLINE_CURVE_WITH_KNOTS('',2,(#8029,#8030,#8031,#8032,#8033,#8034),
 .UNSPECIFIED.,.F.,.F.,(3,1,1,1,3),(0.,0.234944638196585,0.429866794361975,
0.607190782350474,1.),.UNSPECIFIED.);
#601=B_SPLINE_CURVE_WITH_KNOTS('',3,(#8036,#8037,#8038,#8039,#8040,#8041),
 .UNSPECIFIED.,.F.,.F.,(4,2,4),(0.,0.5,1.),.UNSPECIFIED.);
#602=B_SPLINE_CURVE_WITH_KNOTS('',3,(#8049,#8050,#8051,#8052,#8053,#8054),
 .UNSPECIFIED.,.F.,.F.,(4,2,4),(0.,0.5,1.),.UNSPECIFIED.);
#603=B_SPLINE_CURVE_WITH_KNOTS('',3,(#8062,#8063,#8064,#8065,#8066,#8067),
 .UNSPECIFIED.,.F.,.F.,(4,2,4),(0.,0.5,1.),.UNSPECIFIED.);
#604=B_SPLINE_CURVE_WITH_KNOTS('',3,(#8074,#8075,#8076,#8077),
 .UNSPECIFIED.,.F.,.F.,(4,4),(0.,1.),.UNSPECIFIED.);
#605=B_SPLINE_CURVE_WITH_KNOTS('',3,(#8088,#8089,#8090,#8091),
 .UNSPECIFIED.,.F.,.F.,(4,4),(0.,1.),.UNSPECIFIED.);
#606=B_SPLINE_CURVE_WITH_KNOTS('',3,(#8100,#8101,#8102,#8103),
 .UNSPECIFIED.,.F.,.F.,(4,4),(0.,1.),.UNSPECIFIED.);
#607=B_SPLINE_CURVE_WITH_KNOTS('',3,(#8112,#8113,#8114,#8115),
 .UNSPECIFIED.,.F.,.F.,(4,4),(0.,1.),.UNSPECIFIED.);
#608=B_SPLINE_CURVE_WITH_KNOTS('',3,(#8119,#8120,#8121,#8122,#8123,#8124),
 .UNSPECIFIED.,.F.,.F.,(4,2,4),(0.,0.5,1.),.UNSPECIFIED.);
#609=B_SPLINE_CURVE_WITH_KNOTS('',3,(#8126,#8127,#8128,#8129),
 .UNSPECIFIED.,.F.,.F.,(4,4),(0.,1.),.UNSPECIFIED.);
#610=B_SPLINE_CURVE_WITH_KNOTS('',3,(#8130,#8131,#8132,#8133),
 .UNSPECIFIED.,.F.,.F.,(4,4),(0.,1.),.UNSPECIFIED.);
#611=B_SPLINE_CURVE_WITH_KNOTS('',3,(#8135,#8136,#8137,#8138,#8139,#8140),
 .UNSPECIFIED.,.F.,.F.,(4,2,4),(0.,0.5,1.),.UNSPECIFIED.);
#612=B_SPLINE_CURVE_WITH_KNOTS('',3,(#8142,#8143,#8144,#8145),
 .UNSPECIFIED.,.F.,.F.,(4,4),(0.,1.),.UNSPECIFIED.);
#613=B_SPLINE_CURVE_WITH_KNOTS('',3,(#8147,#8148,#8149,#8150,#8151,#8152,
#8153,#8154,#8155,#8156,#8157,#8158,#8159),.UNSPECIFIED.,.F.,.F.,(4,3,3,
3,4),(0.,0.0567747597901183,0.371183173189953,0.685591586593195,1.),
 .UNSPECIFIED.);
#614=B_SPLINE_CURVE_WITH_KNOTS('',3,(#8188,#8189,#8190,#8191,#8192,#8193,
#8194,#8195,#8196,#8197),.UNSPECIFIED.,.F.,.F.,(4,3,3,4),(0.,0.453796976353943,
0.783242598987028,1.),.UNSPECIFIED.);
#615=B_SPLINE_CURVE_WITH_KNOTS('',3,(#8199,#8200,#8201,#8202),
 .UNSPECIFIED.,.F.,.F.,(4,4),(0.,1.),.UNSPECIFIED.);
#616=B_SPLINE_CURVE_WITH_KNOTS('',3,(#8204,#8205,#8206,#8207,#8208,#8209),
 .UNSPECIFIED.,.F.,.F.,(4,2,4),(0.,0.5,1.),.UNSPECIFIED.);
#617=B_SPLINE_CURVE_WITH_KNOTS('',3,(#8211,#8212,#8213,#8214),
 .UNSPECIFIED.,.F.,.F.,(4,4),(0.,1.),.UNSPECIFIED.);
#618=B_SPLINE_CURVE_WITH_KNOTS('',3,(#8215,#8216,#8217,#8218),
 .UNSPECIFIED.,.F.,.F.,(4,4),(0.,1.),.UNSPECIFIED.);
#619=B_SPLINE_CURVE_WITH_KNOTS('',3,(#8220,#8221,#8222,#8223,#8224,#8225),
 .UNSPECIFIED.,.F.,.F.,(4,2,4),(0.,0.5,1.),.UNSPECIFIED.);
#620=B_SPLINE_CURVE_WITH_KNOTS('',3,(#8254,#8255,#8256,#8257,#8258,#8259),
 .UNSPECIFIED.,.F.,.F.,(4,2,4),(0.,0.5,1.),.UNSPECIFIED.);
#621=B_SPLINE_CURVE_WITH_KNOTS('',3,(#8262,#8263,#8264,#8265),
 .UNSPECIFIED.,.F.,.F.,(4,4),(0.,1.),.UNSPECIFIED.);
#622=B_SPLINE_CURVE_WITH_KNOTS('',3,(#8266,#8267,#8268,#8269),
 .UNSPECIFIED.,.F.,.F.,(4,4),(0.,1.),.UNSPECIFIED.);
#623=B_SPLINE_CURVE_WITH_KNOTS('',3,(#8271,#8272,#8273,#8274),
 .UNSPECIFIED.,.F.,.F.,(4,4),(0.,1.),.UNSPECIFIED.);
#624=B_SPLINE_CURVE_WITH_KNOTS('',3,(#8276,#8277,#8278,#8279),
 .UNSPECIFIED.,.F.,.F.,(4,4),(0.,1.),.UNSPECIFIED.);
#625=B_SPLINE_CURVE_WITH_KNOTS('',3,(#8281,#8282,#8283,#8284,#8285,#8286,
#8287,#8288,#8289,#8290,#8291,#8292,#8293),.UNSPECIFIED.,.F.,.F.,(4,3,3,
3,4),(0.,0.0567747597901318,0.371183173189962,0.685591586593199,1.),
 .UNSPECIFIED.);
#626=B_SPLINE_CURVE_WITH_KNOTS('',3,(#8294,#8295,#8296,#8297,#8298,#8299,
#8300,#8301,#8302,#8303),.UNSPECIFIED.,.F.,.F.,(4,3,3,4),(0.,0.453796976353952,
0.783242598987042,1.),.UNSPECIFIED.);
#627=B_SPLINE_CURVE_WITH_KNOTS('',3,(#8305,#8306,#8307,#8308),
 .UNSPECIFIED.,.F.,.F.,(4,4),(0.,1.),.UNSPECIFIED.);
#628=B_SPLINE_CURVE_WITH_KNOTS('',3,(#8350,#8351,#8352,#8353),
 .UNSPECIFIED.,.F.,.F.,(4,4),(0.,1.),.UNSPECIFIED.);
#629=B_SPLINE_CURVE_WITH_KNOTS('',3,(#8400,#8401,#8402,#8403),
 .UNSPECIFIED.,.F.,.F.,(4,4),(0.,1.),.UNSPECIFIED.);
#630=B_SPLINE_CURVE_WITH_KNOTS('',3,(#8428,#8429,#8430,#8431),
 .UNSPECIFIED.,.F.,.F.,(4,4),(0.,1.),.UNSPECIFIED.);
#631=B_SPLINE_CURVE_WITH_KNOTS('',3,(#8478,#8479,#8480,#8481),
 .UNSPECIFIED.,.F.,.F.,(4,4),(0.,1.),.UNSPECIFIED.);
#632=B_SPLINE_CURVE_WITH_KNOTS('',3,(#8520,#8521,#8522,#8523),
 .UNSPECIFIED.,.F.,.F.,(4,4),(0.,1.),.UNSPECIFIED.);
#633=B_SPLINE_CURVE_WITH_KNOTS('',3,(#8525,#8526,#8527,#8528),
 .UNSPECIFIED.,.F.,.F.,(4,4),(0.,1.),.UNSPECIFIED.);
#634=B_SPLINE_CURVE_WITH_KNOTS('',3,(#8530,#8531,#8532,#8533),
 .UNSPECIFIED.,.F.,.F.,(4,4),(0.,1.),.UNSPECIFIED.);
#635=B_SPLINE_CURVE_WITH_KNOTS('',3,(#8541,#8542,#8543,#8544),
 .UNSPECIFIED.,.F.,.F.,(4,4),(0.,1.),.UNSPECIFIED.);
#636=B_SPLINE_CURVE_WITH_KNOTS('',3,(#8546,#8547,#8548,#8549),
 .UNSPECIFIED.,.F.,.F.,(4,4),(0.,1.),.UNSPECIFIED.);
#637=B_SPLINE_CURVE_WITH_KNOTS('',3,(#8551,#8552,#8553,#8554),
 .UNSPECIFIED.,.F.,.F.,(4,4),(0.,1.),.UNSPECIFIED.);
#638=B_SPLINE_CURVE_WITH_KNOTS('',3,(#8571,#8572,#8573,#8574),
 .UNSPECIFIED.,.F.,.F.,(4,4),(0.,1.),.UNSPECIFIED.);
#639=B_SPLINE_CURVE_WITH_KNOTS('',3,(#8576,#8577,#8578,#8579),
 .UNSPECIFIED.,.F.,.F.,(4,4),(0.,1.),.UNSPECIFIED.);
#640=B_SPLINE_CURVE_WITH_KNOTS('',3,(#8581,#8582,#8583,#8584),
 .UNSPECIFIED.,.F.,.F.,(4,4),(0.,1.),.UNSPECIFIED.);
#641=B_SPLINE_CURVE_WITH_KNOTS('',3,(#8592,#8593,#8594,#8595),
 .UNSPECIFIED.,.F.,.F.,(4,4),(0.,1.),.UNSPECIFIED.);
#642=B_SPLINE_CURVE_WITH_KNOTS('',3,(#8597,#8598,#8599,#8600),
 .UNSPECIFIED.,.F.,.F.,(4,4),(0.,1.),.UNSPECIFIED.);
#643=B_SPLINE_CURVE_WITH_KNOTS('',3,(#8602,#8603,#8604,#8605),
 .UNSPECIFIED.,.F.,.F.,(4,4),(0.,1.),.UNSPECIFIED.);
#644=B_SPLINE_CURVE_WITH_KNOTS('',3,(#8615,#8616,#8617,#8618,#8619,#8620,
#8621,#8622,#8623,#8624,#8625,#8626,#8627,#8628,#8629,#8630,#8631,#8632,
#8633,#8634,#8635,#8636),.UNSPECIFIED.,.F.,.F.,(4,3,3,3,3,3,3,4),(0.,0.21574817673306,
0.372513333954499,0.529278491175935,0.686043648397367,0.842808805618797,
0.999573962840223,1.),.UNSPECIFIED.);
#645=B_SPLINE_CURVE_WITH_KNOTS('',2,(#8640,#8641,#8642,#8643,#8644,#8645),
 .UNSPECIFIED.,.F.,.F.,(3,1,1,1,3),(0.,0.392809217649526,0.570133205638025,
0.765055361803415,1.),.UNSPECIFIED.);
#646=B_SPLINE_CURVE_WITH_KNOTS('',2,(#8689,#8690,#8691,#8692,#8693,#8694),
 .UNSPECIFIED.,.F.,.F.,(3,1,1,1,3),(0.,0.234944638196585,0.429866794361975,
0.607190782350474,1.),.UNSPECIFIED.);
#647=B_SPLINE_CURVE_WITH_KNOTS('',3,(#8698,#8699,#8700,#8701,#8702,#8703,
#8704,#8705,#8706,#8707,#8708,#8709,#8710,#8711,#8712,#8713,#8714,#8715,
#8716,#8717,#8718,#8719),.UNSPECIFIED.,.F.,.F.,(4,3,3,3,3,3,3,4),(0.,0.166458759648638,
0.305382299707195,0.444305839765754,0.583229379824315,0.72215291988288,
0.861076459941447,1.),.UNSPECIFIED.);
#648=B_SPLINE_CURVE_WITH_KNOTS('',3,(#8734,#8735,#8736,#8737,#8738,#8739),
 .UNSPECIFIED.,.F.,.F.,(4,2,4),(0.,0.5,1.),.UNSPECIFIED.);
#649=B_SPLINE_CURVE_WITH_KNOTS('',3,(#8744,#8745,#8746,#8747),
 .UNSPECIFIED.,.F.,.F.,(4,4),(0.,1.),.UNSPECIFIED.);
#650=B_SPLINE_CURVE_WITH_KNOTS('',3,(#8748,#8749,#8750,#8751,#8752,#8753),
 .UNSPECIFIED.,.F.,.F.,(4,2,4),(0.,0.5,1.),.UNSPECIFIED.);
#651=B_SPLINE_CURVE_WITH_KNOTS('',3,(#8780,#8781,#8782,#8783,#8784,#8785),
 .UNSPECIFIED.,.F.,.F.,(4,2,4),(0.,0.5,1.),.UNSPECIFIED.);
#652=B_SPLINE_CURVE_WITH_KNOTS('',3,(#8791,#8792,#8793,#8794,#8795,#8796),
 .UNSPECIFIED.,.F.,.F.,(4,2,4),(0.,0.5,1.),.UNSPECIFIED.);
#653=B_SPLINE_CURVE_WITH_KNOTS('',3,(#8801,#8802,#8803,#8804),
 .UNSPECIFIED.,.F.,.F.,(4,4),(0.,1.),.UNSPECIFIED.);
#654=B_SPLINE_CURVE_WITH_KNOTS('',3,(#8808,#8809,#8810,#8811,#8812,#8813),
 .UNSPECIFIED.,.F.,.F.,(4,2,4),(0.,0.5,1.),.UNSPECIFIED.);
#655=B_SPLINE_CURVE_WITH_KNOTS('',3,(#8819,#8820,#8821,#8822),
 .UNSPECIFIED.,.F.,.F.,(4,4),(0.,1.),.UNSPECIFIED.);
#656=B_SPLINE_CURVE_WITH_KNOTS('',3,(#8828,#8829,#8830,#8831),
 .UNSPECIFIED.,.F.,.F.,(4,4),(0.,1.),.UNSPECIFIED.);
#657=B_SPLINE_CURVE_WITH_KNOTS('',3,(#8844,#8845,#8846,#8847),
 .UNSPECIFIED.,.F.,.F.,(4,4),(0.,1.),.UNSPECIFIED.);
#658=B_SPLINE_CURVE_WITH_KNOTS('',3,(#8851,#8852,#8853,#8854),
 .UNSPECIFIED.,.F.,.F.,(4,4),(0.,1.),.UNSPECIFIED.);
#659=B_SPLINE_CURVE_WITH_KNOTS('',3,(#8865,#8866,#8867,#8868),
 .UNSPECIFIED.,.F.,.F.,(4,4),(0.,1.),.UNSPECIFIED.);
#660=B_SPLINE_CURVE_WITH_KNOTS('',3,(#8874,#8875,#8876,#8877,#8878,#8879,
#8880,#8881,#8882,#8883,#8884,#8885,#8886),.UNSPECIFIED.,.F.,.F.,(4,3,3,
3,4),(0.,0.056774759790125,0.371183173189957,0.685591586593197,1.),
 .UNSPECIFIED.);
#661=B_SPLINE_CURVE_WITH_KNOTS('',3,(#8890,#8891,#8892,#8893),
 .UNSPECIFIED.,.F.,.F.,(4,4),(0.,1.),.UNSPECIFIED.);
#662=B_SPLINE_CURVE_WITH_KNOTS('',3,(#8897,#8898,#8899,#8900),
 .UNSPECIFIED.,.F.,.F.,(4,4),(0.,1.),.UNSPECIFIED.);
#663=B_SPLINE_CURVE_WITH_KNOTS('',3,(#8904,#8905,#8906,#8907,#8908,#8909,
#8910,#8911,#8912,#8913),.UNSPECIFIED.,.F.,.F.,(4,3,3,4),(0.,0.453796976353958,
0.783242598987054,1.),.UNSPECIFIED.);
#664=B_SPLINE_CURVE_WITH_KNOTS('',3,(#8919,#8920,#8921,#8922,#8923,#8924,
#8925,#8926,#8927,#8928,#8929,#8930,#8931),.UNSPECIFIED.,.F.,.F.,(4,3,3,
3,4),(0.,0.0567747597901403,0.371183173189968,0.685591586593202,1.),
 .UNSPECIFIED.);
#665=B_SPLINE_CURVE_WITH_KNOTS('',3,(#8935,#8936,#8937,#8938),
 .UNSPECIFIED.,.F.,.F.,(4,4),(0.,1.),.UNSPECIFIED.);
#666=B_SPLINE_CURVE_WITH_KNOTS('',3,(#8940,#8941,#8942,#8943),
 .UNSPECIFIED.,.F.,.F.,(4,4),(0.,1.),.UNSPECIFIED.);
#667=B_SPLINE_CURVE_WITH_KNOTS('',3,(#8947,#8948,#8949,#8950,#8951,#8952,
#8953,#8954,#8955,#8956),.UNSPECIFIED.,.F.,.F.,(4,3,3,4),(0.,0.453796976353786,
0.783242598986962,1.),.UNSPECIFIED.);
#668=B_SPLINE_CURVE_WITH_KNOTS('',3,(#8962,#8963,#8964,#8965,#8966,#8967,
#8968,#8969,#8970,#8971,#8972,#8973,#8974),.UNSPECIFIED.,.F.,.F.,(4,3,3,
3,4),(0.,0.0567747597901417,0.371183173189968,0.685591586593202,1.),
 .UNSPECIFIED.);
#669=B_SPLINE_CURVE_WITH_KNOTS('',3,(#8978,#8979,#8980,#8981),
 .UNSPECIFIED.,.F.,.F.,(4,4),(0.,1.),.UNSPECIFIED.);
#670=B_SPLINE_CURVE_WITH_KNOTS('',3,(#8983,#8984,#8985,#8986),
 .UNSPECIFIED.,.F.,.F.,(4,4),(0.,1.),.UNSPECIFIED.);
#671=B_SPLINE_CURVE_WITH_KNOTS('',3,(#8990,#8991,#8992,#8993,#8994,#8995,
#8996,#8997,#8998,#8999),.UNSPECIFIED.,.F.,.F.,(4,3,3,4),(0.,0.453796976353685,
0.78324259898692,1.),.UNSPECIFIED.);
#672=B_SPLINE_CURVE_WITH_KNOTS('',3,(#9003,#9004,#9005,#9006),
 .UNSPECIFIED.,.F.,.F.,(4,4),(0.,1.),.UNSPECIFIED.);
#673=B_SPLINE_CURVE_WITH_KNOTS('',3,(#9021,#9022,#9023,#9024),
 .UNSPECIFIED.,.F.,.F.,(4,4),(0.,1.),.UNSPECIFIED.);
#674=B_SPLINE_CURVE_WITH_KNOTS('',3,(#9025,#9026,#9027,#9028),
 .UNSPECIFIED.,.F.,.F.,(4,4),(0.,1.),.UNSPECIFIED.);
#675=B_SPLINE_CURVE_WITH_KNOTS('',3,(#9041,#9042,#9043,#9044),
 .UNSPECIFIED.,.F.,.F.,(4,4),(0.,1.),.UNSPECIFIED.);
#676=B_SPLINE_CURVE_WITH_KNOTS('',3,(#9047,#9048,#9049,#9050),
 .UNSPECIFIED.,.F.,.F.,(4,4),(0.,1.),.UNSPECIFIED.);
#677=B_SPLINE_CURVE_WITH_KNOTS('',3,(#9063,#9064,#9065,#9066),
 .UNSPECIFIED.,.F.,.F.,(4,4),(0.,1.),.UNSPECIFIED.);
#678=B_SPLINE_CURVE_WITH_KNOTS('',3,(#9092,#9093,#9094,#9095),
 .UNSPECIFIED.,.F.,.F.,(4,4),(0.,1.),.UNSPECIFIED.);
#679=B_SPLINE_CURVE_WITH_KNOTS('',3,(#9109,#9110,#9111,#9112),
 .UNSPECIFIED.,.F.,.F.,(4,4),(0.,1.),.UNSPECIFIED.);
#680=B_SPLINE_CURVE_WITH_KNOTS('',3,(#9150,#9151,#9152,#9153),
 .UNSPECIFIED.,.F.,.F.,(4,4),(0.,1.),.UNSPECIFIED.);
#681=B_SPLINE_CURVE_WITH_KNOTS('',3,(#9167,#9168,#9169,#9170),
 .UNSPECIFIED.,.F.,.F.,(4,4),(0.,1.),.UNSPECIFIED.);
#682=B_SPLINE_CURVE_WITH_KNOTS('',3,(#9199,#9200,#9201,#9202,#9203,#9204),
 .UNSPECIFIED.,.F.,.F.,(4,2,4),(0.,0.5,1.),.UNSPECIFIED.);
#683=B_SPLINE_CURVE_WITH_KNOTS('',3,(#9205,#9206,#9207,#9208,#9209,#9210),
 .UNSPECIFIED.,.F.,.F.,(4,2,4),(0.,0.5,1.),.UNSPECIFIED.);
#684=B_SPLINE_CURVE_WITH_KNOTS('',3,(#9211,#9212,#9213,#9214,#9215,#9216),
 .UNSPECIFIED.,.F.,.F.,(4,2,4),(0.,0.5,1.),.UNSPECIFIED.);
#685=B_SPLINE_CURVE_WITH_KNOTS('',3,(#9217,#9218,#9219,#9220,#9221,#9222),
 .UNSPECIFIED.,.F.,.F.,(4,2,4),(0.,0.5,1.),.UNSPECIFIED.);
#686=B_SPLINE_CURVE_WITH_KNOTS('',3,(#9256,#9257,#9258,#9259),
 .UNSPECIFIED.,.F.,.F.,(4,4),(0.,1.),.UNSPECIFIED.);
#687=B_SPLINE_CURVE_WITH_KNOTS('',3,(#9288,#9289,#9290,#9291),
 .UNSPECIFIED.,.F.,.F.,(4,4),(0.,1.),.UNSPECIFIED.);
#688=B_SPLINE_CURVE_WITH_KNOTS('',2,(#9405,#9406,#9407,#9408,#9409,#9410),
 .UNSPECIFIED.,.F.,.F.,(3,1,1,1,3),(0.,0.234944638196585,0.429866794361975,
0.607190782350474,1.),.UNSPECIFIED.);
#689=B_SPLINE_CURVE_WITH_KNOTS('',3,(#9437,#9438,#9439,#9440,#9441,#9442,
#9443,#9444,#9445,#9446,#9447,#9448,#9449,#9450,#9451,#9452,#9453,#9454,
#9455,#9456,#9457,#9458,#9459,#9460,#9461,#9462,#9463,#9464,#9465,#9466,
#9467,#9468,#9469,#9470,#9471,#9472,#9473,#9474,#9475,#9476,#9477,#9478,
#9479,#9480,#9481,#9482,#9483,#9484,#9485,#9486,#9487,#9488,#9489,#9490,
#9491,#9492,#9493,#9494,#9495,#9496,#9497),.UNSPECIFIED.,.F.,.F.,(4,3,3,
3,3,3,3,3,3,3,3,3,3,3,3,3,3,3,3,3,4),(0.,0.0534790494898918,0.106318358347334,
0.168193409887841,0.216549121313111,0.265234238243422,0.309224292713666,
0.367631479222227,0.452530234709351,0.485320150310672,0.512183027597798,
0.546049969148395,0.61605634614455,0.678822221718172,0.726302222361989,
0.774090879240109,0.817924123004133,0.864967573664984,0.920375735323794,
0.983984566254819,1.),.UNSPECIFIED.);
#690=B_SPLINE_CURVE_WITH_KNOTS('',3,(#9504,#9505,#9506,#9507,#9508,#9509,
#9510,#9511,#9512,#9513,#9514,#9515,#9516,#9517,#9518,#9519,#9520,#9521,
#9522,#9523,#9524,#9525),.UNSPECIFIED.,.F.,.F.,(4,3,3,3,3,3,3,4),(0.,0.163608091994712,
0.328463641834474,0.476996661891177,0.611622356195362,0.743644358741784,
0.882876254763766,1.),.UNSPECIFIED.);
#691=B_SPLINE_CURVE_WITH_KNOTS('',3,(#9585,#9586,#9587,#9588,#9589,#9590,
#9591,#9592,#9593,#9594,#9595,#9596,#9597,#9598,#9599,#9600,#9601,#9602,
#9603,#9604,#9605,#9606,#9607,#9608,#9609,#9610,#9611,#9612,#9613,#9614,
#9615),.UNSPECIFIED.,.F.,.F.,(4,3,3,3,3,3,3,3,3,3,4),(0.,0.107194336441697,
0.214647291919626,0.322028610450241,0.429442409154717,0.536851590205083,
0.644297171417542,0.751842397754179,0.859250688589235,0.966147166773203,
1.),.UNSPECIFIED.);
#692=B_SPLINE_CURVE_WITH_KNOTS('',3,(#9746,#9747,#9748,#9749,#9750,#9751,
#9752,#9753,#9754,#9755,#9756,#9757,#9758,#9759,#9760,#9761,#9762,#9763,
#9764,#9765,#9766,#9767,#9768,#9769,#9770,#9771,#9772,#9773,#9774,#9775,
#9776),.UNSPECIFIED.,.F.,.F.,(4,3,3,3,3,3,3,3,3,3,4),(0.,0.10729517362674,
0.214841058860427,0.322405056030449,0.430026565763726,0.537813704200161,
0.645921259125693,0.754177872415053,0.86180574945153,0.968049745834061,
1.),.UNSPECIFIED.);
#693=ADVANCED_FACE('',(#1045),#950,.T.);
#694=ADVANCED_FACE('',(#1046),#448,.F.);
#695=ADVANCED_FACE('',(#1047),#449,.F.);
#696=ADVANCED_FACE('',(#1048),#450,.F.);
#697=ADVANCED_FACE('',(#1049),#951,.T.);
#698=ADVANCED_FACE('',(#1050),#451,.F.);
#699=ADVANCED_FACE('',(#1051),#952,.T.);
#700=ADVANCED_FACE('',(#1052),#953,.T.);
#701=ADVANCED_FACE('',(#1053),#954,.T.);
#702=ADVANCED_FACE('',(#1054),#452,.F.);
#703=ADVANCED_FACE('',(#1055),#453,.F.);
#704=ADVANCED_FACE('',(#1056),#955,.T.);
#705=ADVANCED_FACE('',(#1057),#956,.T.);
#706=ADVANCED_FACE('',(#1058),#957,.T.);
#707=ADVANCED_FACE('',(#1059),#454,.F.);
#708=ADVANCED_FACE('',(#1060),#958,.F.);
#709=ADVANCED_FACE('',(#1061),#455,.F.);
#710=ADVANCED_FACE('',(#1062),#959,.T.);
#711=ADVANCED_FACE('',(#1063),#960,.T.);
#712=ADVANCED_FACE('',(#1064),#961,.T.);
#713=ADVANCED_FACE('',(#1065),#456,.F.);
#714=ADVANCED_FACE('',(#1066),#402,.F.);
#715=ADVANCED_FACE('',(#1067),#350,.T.);
#716=ADVANCED_FACE('',(#1068),#351,.T.);
#717=ADVANCED_FACE('',(#1069),#457,.F.);
#718=ADVANCED_FACE('',(#1070),#352,.T.);
#719=ADVANCED_FACE('',(#1071),#353,.T.);
#720=ADVANCED_FACE('',(#1072),#354,.T.);
#721=ADVANCED_FACE('',(#1073),#355,.T.);
#722=ADVANCED_FACE('',(#1074),#356,.T.);
#723=ADVANCED_FACE('',(#1075),#357,.T.);
#724=ADVANCED_FACE('',(#1076),#458,.F.);
#725=ADVANCED_FACE('',(#1077),#459,.F.);
#726=ADVANCED_FACE('',(#1078),#460,.F.);
#727=ADVANCED_FACE('',(#328,#329),#962,.T.);
#728=ADVANCED_FACE('',(#330,#331),#963,.T.);
#729=ADVANCED_FACE('',(#1079),#964,.T.);
#730=ADVANCED_FACE('',(#1080),#965,.F.);
#731=ADVANCED_FACE('',(#1081),#966,.F.);
#732=ADVANCED_FACE('',(#1082),#967,.F.);
#733=ADVANCED_FACE('',(#1083),#461,.F.);
#734=ADVANCED_FACE('',(#1084),#968,.F.);
#735=ADVANCED_FACE('',(#1085),#969,.F.);
#736=ADVANCED_FACE('',(#1086),#970,.F.);
#737=ADVANCED_FACE('',(#1087),#971,.F.);
#738=ADVANCED_FACE('',(#1088),#314,.T.);
#739=ADVANCED_FACE('',(#1089),#462,.F.);
#740=ADVANCED_FACE('',(#1090),#463,.F.);
#741=ADVANCED_FACE('',(#1091),#464,.F.);
#742=ADVANCED_FACE('',(#1092),#465,.F.);
#743=ADVANCED_FACE('',(#1093),#304,.T.);
#744=ADVANCED_FACE('',(#1094),#305,.T.);
#745=ADVANCED_FACE('',(#1095),#972,.T.);
#746=ADVANCED_FACE('',(#1096),#466,.F.);
#747=ADVANCED_FACE('',(#1097),#467,.F.);
#748=ADVANCED_FACE('',(#1098),#973,.T.);
#749=ADVANCED_FACE('',(#1099),#468,.F.);
#750=ADVANCED_FACE('',(#1100),#974,.T.);
#751=ADVANCED_FACE('',(#1101),#975,.T.);
#752=ADVANCED_FACE('',(#1102),#976,.T.);
#753=ADVANCED_FACE('',(#1103),#469,.F.);
#754=ADVANCED_FACE('',(#1104),#470,.F.);
#755=ADVANCED_FACE('',(#1105),#977,.T.);
#756=ADVANCED_FACE('',(#1106),#978,.T.);
#757=ADVANCED_FACE('',(#1107),#979,.T.);
#758=ADVANCED_FACE('',(#1108),#471,.F.);
#759=ADVANCED_FACE('',(#1109),#472,.F.);
#760=ADVANCED_FACE('',(#1110),#980,.F.);
#761=ADVANCED_FACE('',(#1111),#473,.F.);
#762=ADVANCED_FACE('',(#1112),#474,.F.);
#763=ADVANCED_FACE('',(#332,#333),#981,.F.);
#764=ADVANCED_FACE('',(#334,#335),#982,.F.);
#765=ADVANCED_FACE('',(#1113),#358,.T.);
#766=ADVANCED_FACE('',(#1114),#359,.T.);
#767=ADVANCED_FACE('',(#1115),#360,.T.);
#768=ADVANCED_FACE('',(#1116),#361,.T.);
#769=ADVANCED_FACE('',(#1117),#362,.T.);
#770=ADVANCED_FACE('',(#1118),#363,.T.);
#771=ADVANCED_FACE('',(#1119),#364,.T.);
#772=ADVANCED_FACE('',(#1120),#365,.T.);
#773=ADVANCED_FACE('',(#1121),#366,.T.);
#774=ADVANCED_FACE('',(#1122),#367,.T.);
#775=ADVANCED_FACE('',(#1123),#368,.T.);
#776=ADVANCED_FACE('',(#1124),#369,.T.);
#777=ADVANCED_FACE('',(#1125),#475,.F.);
#778=ADVANCED_FACE('',(#1126),#476,.F.);
#779=ADVANCED_FACE('',(#1127),#477,.F.);
#780=ADVANCED_FACE('',(#1128),#478,.F.);
#781=ADVANCED_FACE('',(#1129),#983,.F.);
#782=ADVANCED_FACE('',(#1130),#984,.F.);
#783=ADVANCED_FACE('',(#1131),#985,.F.);
#784=ADVANCED_FACE('',(#1132),#403,.F.);
#785=ADVANCED_FACE('',(#1133),#315,.T.);
#786=ADVANCED_FACE('',(#1134),#479,.F.);
#787=ADVANCED_FACE('',(#1135),#986,.F.);
#788=ADVANCED_FACE('',(#1136),#987,.F.);
#789=ADVANCED_FACE('',(#1137),#988,.F.);
#790=ADVANCED_FACE('',(#1138),#989,.F.);
#791=ADVANCED_FACE('',(#1139),#990,.F.);
#792=ADVANCED_FACE('',(#1140),#991,.F.);
#793=ADVANCED_FACE('',(#1141),#992,.F.);
#794=ADVANCED_FACE('',(#1142),#480,.F.);
#795=ADVANCED_FACE('',(#1143),#481,.F.);
#796=ADVANCED_FACE('',(#1144),#482,.F.);
#797=ADVANCED_FACE('',(#1145),#306,.F.);
#798=ADVANCED_FACE('',(#1146),#307,.F.);
#799=ADVANCED_FACE('',(#1147),#483,.T.);
#800=ADVANCED_FACE('',(#1148),#484,.T.);
#801=ADVANCED_FACE('',(#1149),#485,.T.);
#802=ADVANCED_FACE('',(#1150),#404,.F.);
#803=ADVANCED_FACE('',(#336,#337),#993,.T.);
#804=ADVANCED_FACE('',(#1151),#370,.T.);
#805=ADVANCED_FACE('',(#1152),#371,.T.);
#806=ADVANCED_FACE('',(#1153),#316,.T.);
#807=ADVANCED_FACE('',(#1154),#317,.T.);
#808=ADVANCED_FACE('',(#1155),#372,.T.);
#809=ADVANCED_FACE('',(#1156),#318,.T.);
#810=ADVANCED_FACE('',(#1157),#319,.T.);
#811=ADVANCED_FACE('',(#1158),#373,.T.);
#812=ADVANCED_FACE('',(#1159),#320,.T.);
#813=ADVANCED_FACE('',(#1160),#30,.T.);
#814=ADVANCED_FACE('',(#1161),#486,.T.);
#815=ADVANCED_FACE('',(#1162),#994,.T.);
#816=ADVANCED_FACE('',(#1163),#487,.T.);
#817=ADVANCED_FACE('',(#1164),#488,.T.);
#818=ADVANCED_FACE('',(#1165),#489,.T.);
#819=ADVANCED_FACE('',(#1166),#490,.T.);
#820=ADVANCED_FACE('',(#1167),#23,.T.);
#821=ADVANCED_FACE('',(#1168),#24,.T.);
#822=ADVANCED_FACE('',(#1169),#25,.T.);
#823=ADVANCED_FACE('',(#1170),#995,.F.);
#824=ADVANCED_FACE('',(#1171),#996,.T.);
#825=ADVANCED_FACE('',(#1172),#997,.T.);
#826=ADVANCED_FACE('',(#1173),#998,.T.);
#827=ADVANCED_FACE('',(#1174),#491,.F.);
#828=ADVANCED_FACE('',(#1175),#374,.T.);
#829=ADVANCED_FACE('',(#1176),#375,.T.);
#830=ADVANCED_FACE('',(#1177),#999,.F.);
#831=ADVANCED_FACE('',(#1178),#376,.T.);
#832=ADVANCED_FACE('',(#1179),#377,.T.);
#833=ADVANCED_FACE('',(#1180),#1000,.F.);
#834=ADVANCED_FACE('',(#1181),#1001,.F.);
#835=ADVANCED_FACE('',(#1182),#492,.F.);
#836=ADVANCED_FACE('',(#1183),#1002,.T.);
#837=ADVANCED_FACE('',(#1184),#1003,.T.);
#838=ADVANCED_FACE('',(#1185),#1004,.T.);
#839=ADVANCED_FACE('',(#1186),#378,.T.);
#840=ADVANCED_FACE('',(#1187),#379,.T.);
#841=ADVANCED_FACE('',(#1188),#1005,.F.);
#842=ADVANCED_FACE('',(#1189),#380,.T.);
#843=ADVANCED_FACE('',(#1190),#381,.T.);
#844=ADVANCED_FACE('',(#1191),#1006,.F.);
#845=ADVANCED_FACE('',(#1192),#1007,.F.);
#846=ADVANCED_FACE('',(#1193),#493,.F.);
#847=ADVANCED_FACE('',(#1194),#494,.F.);
#848=ADVANCED_FACE('',(#1195),#1008,.T.);
#849=ADVANCED_FACE('',(#1196),#1009,.T.);
#850=ADVANCED_FACE('',(#1197),#1010,.T.);
#851=ADVANCED_FACE('',(#1198),#495,.F.);
#852=ADVANCED_FACE('',(#1199),#496,.F.);
#853=ADVANCED_FACE('',(#1200),#497,.F.);
#854=ADVANCED_FACE('',(#1201),#498,.F.);
#855=ADVANCED_FACE('',(#1202),#499,.F.);
#856=ADVANCED_FACE('',(#1203),#308,.F.);
#857=ADVANCED_FACE('',(#1204),#500,.T.);
#858=ADVANCED_FACE('',(#1205),#501,.T.);
#859=ADVANCED_FACE('',(#338,#339),#1011,.F.);
#860=ADVANCED_FACE('',(#1206),#1012,.F.);
#861=ADVANCED_FACE('',(#1207),#502,.F.);
#862=ADVANCED_FACE('',(#1208),#503,.F.);
#863=ADVANCED_FACE('',(#1209),#1013,.F.);
#864=ADVANCED_FACE('',(#1210),#1014,.F.);
#865=ADVANCED_FACE('',(#1211),#1015,.F.);
#866=ADVANCED_FACE('',(#1212),#504,.F.);
#867=ADVANCED_FACE('',(#1213),#505,.F.);
#868=ADVANCED_FACE('',(#1214),#506,.F.);
#869=ADVANCED_FACE('',(#1215),#507,.F.);
#870=ADVANCED_FACE('',(#1216),#1016,.T.);
#871=ADVANCED_FACE('',(#1217),#1017,.T.);
#872=ADVANCED_FACE('',(#1218),#1018,.T.);
#873=ADVANCED_FACE('',(#1219),#1019,.T.);
#874=ADVANCED_FACE('',(#1220),#1020,.T.);
#875=ADVANCED_FACE('',(#1221),#1021,.T.);
#876=ADVANCED_FACE('',(#1222),#1022,.F.);
#877=ADVANCED_FACE('',(#1223),#1023,.F.);
#878=ADVANCED_FACE('',(#1224),#1024,.F.);
#879=ADVANCED_FACE('',(#1225),#1025,.F.);
#880=ADVANCED_FACE('',(#1226),#1026,.F.);
#881=ADVANCED_FACE('',(#1227),#1027,.F.);
#882=ADVANCED_FACE('',(#1228),#382,.T.);
#883=ADVANCED_FACE('',(#1229),#383,.T.);
#884=ADVANCED_FACE('',(#1230),#384,.T.);
#885=ADVANCED_FACE('',(#1231),#385,.T.);
#886=ADVANCED_FACE('',(#1232),#386,.T.);
#887=ADVANCED_FACE('',(#1233),#387,.T.);
#888=ADVANCED_FACE('',(#1234),#388,.T.);
#889=ADVANCED_FACE('',(#1235),#389,.T.);
#890=ADVANCED_FACE('',(#1236),#390,.T.);
#891=ADVANCED_FACE('',(#1237),#391,.T.);
#892=ADVANCED_FACE('',(#1238),#392,.T.);
#893=ADVANCED_FACE('',(#1239),#393,.T.);
#894=ADVANCED_FACE('',(#1240),#508,.T.);
#895=ADVANCED_FACE('',(#1241),#26,.T.);
#896=ADVANCED_FACE('',(#1242),#27,.T.);
#897=ADVANCED_FACE('',(#1243),#28,.T.);
#898=ADVANCED_FACE('',(#1244),#29,.T.);
#899=ADVANCED_FACE('',(#1245),#509,.T.);
#900=ADVANCED_FACE('',(#1246),#510,.T.);
#901=ADVANCED_FACE('',(#1247),#511,.T.);
#902=ADVANCED_FACE('',(#1248),#405,.F.);
#903=ADVANCED_FACE('',(#1249),#394,.T.);
#904=ADVANCED_FACE('',(#1250),#395,.T.);
#905=ADVANCED_FACE('',(#1251),#321,.T.);
#906=ADVANCED_FACE('',(#1252),#322,.T.);
#907=ADVANCED_FACE('',(#1253),#396,.T.);
#908=ADVANCED_FACE('',(#1254),#323,.T.);
#909=ADVANCED_FACE('',(#1255),#324,.T.);
#910=ADVANCED_FACE('',(#1256),#397,.T.);
#911=ADVANCED_FACE('',(#1257),#325,.T.);
#912=ADVANCED_FACE('',(#1258),#31,.T.);
#913=ADVANCED_FACE('',(#1259),#1028,.T.);
#914=ADVANCED_FACE('',(#1260),#512,.F.);
#915=ADVANCED_FACE('',(#1261),#513,.F.);
#916=ADVANCED_FACE('',(#1262),#309,.T.);
#917=ADVANCED_FACE('',(#1263),#1029,.F.);
#918=ADVANCED_FACE('',(#1264),#1030,.F.);
#919=ADVANCED_FACE('',(#1265),#406,.F.);
#920=ADVANCED_FACE('',(#1266),#398,.T.);
#921=ADVANCED_FACE('',(#1267),#399,.T.);
#922=ADVANCED_FACE('',(#340,#341),#1031,.F.);
#923=ADVANCED_FACE('',(#1268),#326,.F.);
#924=ADVANCED_FACE('',(#1269),#407,.F.);
#925=ADVANCED_FACE('',(#342,#343,#344),#1032,.T.);
#926=ADVANCED_FACE('',(#1270),#1033,.T.);
#927=ADVANCED_FACE('',(#1271),#1034,.F.);
#928=ADVANCED_FACE('',(#1272),#1035,.F.);
#929=ADVANCED_FACE('',(#1273),#1036,.F.);
#930=ADVANCED_FACE('',(#1274),#514,.F.);
#931=ADVANCED_FACE('',(#345,#346),#515,.F.);
#932=ADVANCED_FACE('',(#1275),#310,.F.);
#933=ADVANCED_FACE('',(#1276),#311,.F.);
#934=ADVANCED_FACE('',(#1277),#1037,.F.);
#935=ADVANCED_FACE('',(#1278),#1038,.F.);
#936=ADVANCED_FACE('',(#1279),#1039,.F.);
#937=ADVANCED_FACE('',(#1280),#408,.F.);
#938=ADVANCED_FACE('',(#1281),#400,.T.);
#939=ADVANCED_FACE('',(#1282),#401,.T.);
#940=ADVANCED_FACE('',(#1283),#327,.F.);
#941=ADVANCED_FACE('',(#347,#348,#349),#1040,.F.);
#942=ADVANCED_FACE('',(#1284),#1041,.F.);
#943=ADVANCED_FACE('',(#1285),#1042,.F.);
#944=ADVANCED_FACE('',(#1286),#1043,.F.);
#945=ADVANCED_FACE('',(#1287),#409,.F.);
#946=ADVANCED_FACE('',(#1288),#1044,.F.);
#947=ADVANCED_FACE('',(#1289),#516,.F.);
#948=ADVANCED_FACE('',(#1290),#312,.T.);
#949=ADVANCED_FACE('',(#1291),#313,.T.);
#950=PLANE('',#4928);
#951=PLANE('',#4943);
#952=PLANE('',#4946);
#953=PLANE('',#4949);
#954=PLANE('',#4950);
#955=PLANE('',#4955);
#956=PLANE('',#4958);
#957=PLANE('',#4959);
#958=PLANE('',#4966);
#959=PLANE('',#4969);
#960=PLANE('',#4973);
#961=PLANE('',#4974);
#962=PLANE('',#4993);
#963=PLANE('',#4995);
#964=PLANE('',#4996);
#965=PLANE('',#4997);
#966=PLANE('',#4999);
#967=PLANE('',#5001);
#968=PLANE('',#5004);
#969=PLANE('',#5005);
#970=PLANE('',#5006);
#971=PLANE('',#5007);
#972=PLANE('',#5016);
#973=PLANE('',#5027);
#974=PLANE('',#5030);
#975=PLANE('',#5034);
#976=PLANE('',#5035);
#977=PLANE('',#5040);
#978=PLANE('',#5043);
#979=PLANE('',#5044);
#980=PLANE('',#5053);
#981=PLANE('',#5061);
#982=PLANE('',#5064);
#983=PLANE('',#5079);
#984=PLANE('',#5080);
#985=PLANE('',#5082);
#986=PLANE('',#5089);
#987=PLANE('',#5090);
#988=PLANE('',#5091);
#989=PLANE('',#5092);
#990=PLANE('',#5093);
#991=PLANE('',#5094);
#992=PLANE('',#5095);
#993=PLANE('',#5130);
#994=PLANE('',#5148);
#995=PLANE('',#5161);
#996=PLANE('',#5162);
#997=PLANE('',#5164);
#998=PLANE('',#5165);
#999=PLANE('',#5170);
#1000=PLANE('',#5174);
#1001=PLANE('',#5175);
#1002=PLANE('',#5177);
#1003=PLANE('',#5179);
#1004=PLANE('',#5180);
#1005=PLANE('',#5184);
#1006=PLANE('',#5188);
#1007=PLANE('',#5189);
#1008=PLANE('',#5192);
#1009=PLANE('',#5194);
#1010=PLANE('',#5195);
#1011=PLANE('',#5224);
#1012=PLANE('',#5228);
#1013=PLANE('',#5235);
#1014=PLANE('',#5237);
#1015=PLANE('',#5239);
#1016=PLANE('',#5248);
#1017=PLANE('',#5252);
#1018=PLANE('',#5253);
#1019=PLANE('',#5254);
#1020=PLANE('',#5257);
#1021=PLANE('',#5258);
#1022=PLANE('',#5260);
#1023=PLANE('',#5262);
#1024=PLANE('',#5264);
#1025=PLANE('',#5266);
#1026=PLANE('',#5268);
#1027=PLANE('',#5270);
#1028=PLANE('',#5298);
#1029=PLANE('',#5303);
#1030=PLANE('',#5305);
#1031=PLANE('',#5318);
#1032=PLANE('',#5327);
#1033=PLANE('',#5328);
#1034=PLANE('',#5329);
#1035=PLANE('',#5331);
#1036=PLANE('',#5332);
#1037=PLANE('',#5338);
#1038=PLANE('',#5339);
#1039=PLANE('',#5341);
#1040=PLANE('',#5358);
#1041=PLANE('',#5359);
#1042=PLANE('',#5360);
#1043=PLANE('',#5362);
#1044=PLANE('',#5365);
#1045=FACE_OUTER_BOUND('',#1292,.T.);
#1046=FACE_OUTER_BOUND('',#1293,.T.);
#1047=FACE_OUTER_BOUND('',#1294,.T.);
#1048=FACE_OUTER_BOUND('',#1295,.T.);
#1049=FACE_OUTER_BOUND('',#1296,.T.);
#1050=FACE_OUTER_BOUND('',#1297,.T.);
#1051=FACE_OUTER_BOUND('',#1298,.T.);
#1052=FACE_OUTER_BOUND('',#1299,.T.);
#1053=FACE_OUTER_BOUND('',#1300,.T.);
#1054=FACE_OUTER_BOUND('',#1301,.T.);
#1055=FACE_OUTER_BOUND('',#1302,.T.);
#1056=FACE_OUTER_BOUND('',#1303,.T.);
#1057=FACE_OUTER_BOUND('',#1304,.T.);
#1058=FACE_OUTER_BOUND('',#1305,.T.);
#1059=FACE_OUTER_BOUND('',#1306,.T.);
#1060=FACE_OUTER_BOUND('',#1307,.T.);
#1061=FACE_OUTER_BOUND('',#1308,.T.);
#1062=FACE_OUTER_BOUND('',#1309,.T.);
#1063=FACE_OUTER_BOUND('',#1310,.T.);
#1064=FACE_OUTER_BOUND('',#1311,.T.);
#1065=FACE_OUTER_BOUND('',#1312,.T.);
#1066=FACE_OUTER_BOUND('',#1313,.T.);
#1067=FACE_OUTER_BOUND('',#1314,.T.);
#1068=FACE_OUTER_BOUND('',#1315,.T.);
#1069=FACE_OUTER_BOUND('',#1316,.T.);
#1070=FACE_OUTER_BOUND('',#1317,.T.);
#1071=FACE_OUTER_BOUND('',#1318,.T.);
#1072=FACE_OUTER_BOUND('',#1319,.T.);
#1073=FACE_OUTER_BOUND('',#1320,.T.);
#1074=FACE_OUTER_BOUND('',#1321,.T.);
#1075=FACE_OUTER_BOUND('',#1322,.T.);
#1076=FACE_OUTER_BOUND('',#1323,.T.);
#1077=FACE_OUTER_BOUND('',#1324,.T.);
#1078=FACE_OUTER_BOUND('',#1325,.T.);
#1079=FACE_OUTER_BOUND('',#1330,.T.);
#1080=FACE_OUTER_BOUND('',#1331,.T.);
#1081=FACE_OUTER_BOUND('',#1332,.T.);
#1082=FACE_OUTER_BOUND('',#1333,.T.);
#1083=FACE_OUTER_BOUND('',#1334,.T.);
#1084=FACE_OUTER_BOUND('',#1335,.T.);
#1085=FACE_OUTER_BOUND('',#1336,.T.);
#1086=FACE_OUTER_BOUND('',#1337,.T.);
#1087=FACE_OUTER_BOUND('',#1338,.T.);
#1088=FACE_OUTER_BOUND('',#1339,.T.);
#1089=FACE_OUTER_BOUND('',#1340,.T.);
#1090=FACE_OUTER_BOUND('',#1341,.T.);
#1091=FACE_OUTER_BOUND('',#1342,.T.);
#1092=FACE_OUTER_BOUND('',#1343,.T.);
#1093=FACE_OUTER_BOUND('',#1344,.T.);
#1094=FACE_OUTER_BOUND('',#1345,.T.);
#1095=FACE_OUTER_BOUND('',#1346,.T.);
#1096=FACE_OUTER_BOUND('',#1347,.T.);
#1097=FACE_OUTER_BOUND('',#1348,.T.);
#1098=FACE_OUTER_BOUND('',#1349,.T.);
#1099=FACE_OUTER_BOUND('',#1350,.T.);
#1100=FACE_OUTER_BOUND('',#1351,.T.);
#1101=FACE_OUTER_BOUND('',#1352,.T.);
#1102=FACE_OUTER_BOUND('',#1353,.T.);
#1103=FACE_OUTER_BOUND('',#1354,.T.);
#1104=FACE_OUTER_BOUND('',#1355,.T.);
#1105=FACE_OUTER_BOUND('',#1356,.T.);
#1106=FACE_OUTER_BOUND('',#1357,.T.);
#1107=FACE_OUTER_BOUND('',#1358,.T.);
#1108=FACE_OUTER_BOUND('',#1359,.T.);
#1109=FACE_OUTER_BOUND('',#1360,.T.);
#1110=FACE_OUTER_BOUND('',#1361,.T.);
#1111=FACE_OUTER_BOUND('',#1362,.T.);
#1112=FACE_OUTER_BOUND('',#1363,.T.);
#1113=FACE_OUTER_BOUND('',#1368,.T.);
#1114=FACE_OUTER_BOUND('',#1369,.T.);
#1115=FACE_OUTER_BOUND('',#1370,.T.);
#1116=FACE_OUTER_BOUND('',#1371,.T.);
#1117=FACE_OUTER_BOUND('',#1372,.T.);
#1118=FACE_OUTER_BOUND('',#1373,.T.);
#1119=FACE_OUTER_BOUND('',#1374,.T.);
#1120=FACE_OUTER_BOUND('',#1375,.T.);
#1121=FACE_OUTER_BOUND('',#1376,.T.);
#1122=FACE_OUTER_BOUND('',#1377,.T.);
#1123=FACE_OUTER_BOUND('',#1378,.T.);
#1124=FACE_OUTER_BOUND('',#1379,.T.);
#1125=FACE_OUTER_BOUND('',#1380,.T.);
#1126=FACE_OUTER_BOUND('',#1381,.T.);
#1127=FACE_OUTER_BOUND('',#1382,.T.);
#1128=FACE_OUTER_BOUND('',#1383,.T.);
#1129=FACE_OUTER_BOUND('',#1384,.T.);
#1130=FACE_OUTER_BOUND('',#1385,.T.);
#1131=FACE_OUTER_BOUND('',#1386,.T.);
#1132=FACE_OUTER_BOUND('',#1387,.T.);
#1133=FACE_OUTER_BOUND('',#1388,.T.);
#1134=FACE_OUTER_BOUND('',#1389,.T.);
#1135=FACE_OUTER_BOUND('',#1390,.T.);
#1136=FACE_OUTER_BOUND('',#1391,.T.);
#1137=FACE_OUTER_BOUND('',#1392,.T.);
#1138=FACE_OUTER_BOUND('',#1393,.T.);
#1139=FACE_OUTER_BOUND('',#1394,.T.);
#1140=FACE_OUTER_BOUND('',#1395,.T.);
#1141=FACE_OUTER_BOUND('',#1396,.T.);
#1142=FACE_OUTER_BOUND('',#1397,.T.);
#1143=FACE_OUTER_BOUND('',#1398,.T.);
#1144=FACE_OUTER_BOUND('',#1399,.T.);
#1145=FACE_OUTER_BOUND('',#1400,.T.);
#1146=FACE_OUTER_BOUND('',#1401,.T.);
#1147=FACE_OUTER_BOUND('',#1402,.T.);
#1148=FACE_OUTER_BOUND('',#1403,.T.);
#1149=FACE_OUTER_BOUND('',#1404,.T.);
#1150=FACE_OUTER_BOUND('',#1405,.T.);
#1151=FACE_OUTER_BOUND('',#1408,.T.);
#1152=FACE_OUTER_BOUND('',#1409,.T.);
#1153=FACE_OUTER_BOUND('',#1410,.T.);
#1154=FACE_OUTER_BOUND('',#1411,.T.);
#1155=FACE_OUTER_BOUND('',#1412,.T.);
#1156=FACE_OUTER_BOUND('',#1413,.T.);
#1157=FACE_OUTER_BOUND('',#1414,.T.);
#1158=FACE_OUTER_BOUND('',#1415,.T.);
#1159=FACE_OUTER_BOUND('',#1416,.T.);
#1160=FACE_OUTER_BOUND('',#1417,.T.);
#1161=FACE_OUTER_BOUND('',#1418,.T.);
#1162=FACE_OUTER_BOUND('',#1419,.T.);
#1163=FACE_OUTER_BOUND('',#1420,.T.);
#1164=FACE_OUTER_BOUND('',#1421,.T.);
#1165=FACE_OUTER_BOUND('',#1422,.T.);
#1166=FACE_OUTER_BOUND('',#1423,.T.);
#1167=FACE_OUTER_BOUND('',#1424,.T.);
#1168=FACE_OUTER_BOUND('',#1425,.T.);
#1169=FACE_OUTER_BOUND('',#1426,.T.);
#1170=FACE_OUTER_BOUND('',#1427,.T.);
#1171=FACE_OUTER_BOUND('',#1428,.T.);
#1172=FACE_OUTER_BOUND('',#1429,.T.);
#1173=FACE_OUTER_BOUND('',#1430,.T.);
#1174=FACE_OUTER_BOUND('',#1431,.T.);
#1175=FACE_OUTER_BOUND('',#1432,.T.);
#1176=FACE_OUTER_BOUND('',#1433,.T.);
#1177=FACE_OUTER_BOUND('',#1434,.T.);
#1178=FACE_OUTER_BOUND('',#1435,.T.);
#1179=FACE_OUTER_BOUND('',#1436,.T.);
#1180=FACE_OUTER_BOUND('',#1437,.T.);
#1181=FACE_OUTER_BOUND('',#1438,.T.);
#1182=FACE_OUTER_BOUND('',#1439,.T.);
#1183=FACE_OUTER_BOUND('',#1440,.T.);
#1184=FACE_OUTER_BOUND('',#1441,.T.);
#1185=FACE_OUTER_BOUND('',#1442,.T.);
#1186=FACE_OUTER_BOUND('',#1443,.T.);
#1187=FACE_OUTER_BOUND('',#1444,.T.);
#1188=FACE_OUTER_BOUND('',#1445,.T.);
#1189=FACE_OUTER_BOUND('',#1446,.T.);
#1190=FACE_OUTER_BOUND('',#1447,.T.);
#1191=FACE_OUTER_BOUND('',#1448,.T.);
#1192=FACE_OUTER_BOUND('',#1449,.T.);
#1193=FACE_OUTER_BOUND('',#1450,.T.);
#1194=FACE_OUTER_BOUND('',#1451,.T.);
#1195=FACE_OUTER_BOUND('',#1452,.T.);
#1196=FACE_OUTER_BOUND('',#1453,.T.);
#1197=FACE_OUTER_BOUND('',#1454,.T.);
#1198=FACE_OUTER_BOUND('',#1455,.T.);
#1199=FACE_OUTER_BOUND('',#1456,.T.);
#1200=FACE_OUTER_BOUND('',#1457,.T.);
#1201=FACE_OUTER_BOUND('',#1458,.T.);
#1202=FACE_OUTER_BOUND('',#1459,.T.);
#1203=FACE_OUTER_BOUND('',#1460,.T.);
#1204=FACE_OUTER_BOUND('',#1461,.T.);
#1205=FACE_OUTER_BOUND('',#1462,.T.);
#1206=FACE_OUTER_BOUND('',#1465,.T.);
#1207=FACE_OUTER_BOUND('',#1466,.T.);
#1208=FACE_OUTER_BOUND('',#1467,.T.);
#1209=FACE_OUTER_BOUND('',#1468,.T.);
#1210=FACE_OUTER_BOUND('',#1469,.T.);
#1211=FACE_OUTER_BOUND('',#1470,.T.);
#1212=FACE_OUTER_BOUND('',#1471,.T.);
#1213=FACE_OUTER_BOUND('',#1472,.T.);
#1214=FACE_OUTER_BOUND('',#1473,.T.);
#1215=FACE_OUTER_BOUND('',#1474,.T.);
#1216=FACE_OUTER_BOUND('',#1475,.T.);
#1217=FACE_OUTER_BOUND('',#1476,.T.);
#1218=FACE_OUTER_BOUND('',#1477,.T.);
#1219=FACE_OUTER_BOUND('',#1478,.T.);
#1220=FACE_OUTER_BOUND('',#1479,.T.);
#1221=FACE_OUTER_BOUND('',#1480,.T.);
#1222=FACE_OUTER_BOUND('',#1481,.T.);
#1223=FACE_OUTER_BOUND('',#1482,.T.);
#1224=FACE_OUTER_BOUND('',#1483,.T.);
#1225=FACE_OUTER_BOUND('',#1484,.T.);
#1226=FACE_OUTER_BOUND('',#1485,.T.);
#1227=FACE_OUTER_BOUND('',#1486,.T.);
#1228=FACE_OUTER_BOUND('',#1487,.T.);
#1229=FACE_OUTER_BOUND('',#1488,.T.);
#1230=FACE_OUTER_BOUND('',#1489,.T.);
#1231=FACE_OUTER_BOUND('',#1490,.T.);
#1232=FACE_OUTER_BOUND('',#1491,.T.);
#1233=FACE_OUTER_BOUND('',#1492,.T.);
#1234=FACE_OUTER_BOUND('',#1493,.T.);
#1235=FACE_OUTER_BOUND('',#1494,.T.);
#1236=FACE_OUTER_BOUND('',#1495,.T.);
#1237=FACE_OUTER_BOUND('',#1496,.T.);
#1238=FACE_OUTER_BOUND('',#1497,.T.);
#1239=FACE_OUTER_BOUND('',#1498,.T.);
#1240=FACE_OUTER_BOUND('',#1499,.T.);
#1241=FACE_OUTER_BOUND('',#1500,.T.);
#1242=FACE_OUTER_BOUND('',#1501,.T.);
#1243=FACE_OUTER_BOUND('',#1502,.T.);
#1244=FACE_OUTER_BOUND('',#1503,.T.);
#1245=FACE_OUTER_BOUND('',#1504,.T.);
#1246=FACE_OUTER_BOUND('',#1505,.T.);
#1247=FACE_OUTER_BOUND('',#1506,.T.);
#1248=FACE_OUTER_BOUND('',#1507,.T.);
#1249=FACE_OUTER_BOUND('',#1508,.T.);
#1250=FACE_OUTER_BOUND('',#1509,.T.);
#1251=FACE_OUTER_BOUND('',#1510,.T.);
#1252=FACE_OUTER_BOUND('',#1511,.T.);
#1253=FACE_OUTER_BOUND('',#1512,.T.);
#1254=FACE_OUTER_BOUND('',#1513,.T.);
#1255=FACE_OUTER_BOUND('',#1514,.T.);
#1256=FACE_OUTER_BOUND('',#1515,.T.);
#1257=FACE_OUTER_BOUND('',#1516,.T.);
#1258=FACE_OUTER_BOUND('',#1517,.T.);
#1259=FACE_OUTER_BOUND('',#1518,.T.);
#1260=FACE_OUTER_BOUND('',#1519,.T.);
#1261=FACE_OUTER_BOUND('',#1520,.T.);
#1262=FACE_OUTER_BOUND('',#1521,.T.);
#1263=FACE_OUTER_BOUND('',#1522,.T.);
#1264=FACE_OUTER_BOUND('',#1523,.T.);
#1265=FACE_OUTER_BOUND('',#1524,.T.);
#1266=FACE_OUTER_BOUND('',#1525,.T.);
#1267=FACE_OUTER_BOUND('',#1526,.T.);
#1268=FACE_OUTER_BOUND('',#1529,.T.);
#1269=FACE_OUTER_BOUND('',#1530,.T.);
#1270=FACE_OUTER_BOUND('',#1534,.T.);
#1271=FACE_OUTER_BOUND('',#1535,.T.);
#1272=FACE_OUTER_BOUND('',#1536,.T.);
#1273=FACE_OUTER_BOUND('',#1537,.T.);
#1274=FACE_OUTER_BOUND('',#1538,.T.);
#1275=FACE_OUTER_BOUND('',#1541,.T.);
#1276=FACE_OUTER_BOUND('',#1542,.T.);
#1277=FACE_OUTER_BOUND('',#1543,.T.);
#1278=FACE_OUTER_BOUND('',#1544,.T.);
#1279=FACE_OUTER_BOUND('',#1545,.T.);
#1280=FACE_OUTER_BOUND('',#1546,.T.);
#1281=FACE_OUTER_BOUND('',#1547,.T.);
#1282=FACE_OUTER_BOUND('',#1548,.T.);
#1283=FACE_OUTER_BOUND('',#1549,.T.);
#1284=FACE_OUTER_BOUND('',#1553,.T.);
#1285=FACE_OUTER_BOUND('',#1554,.T.);
#1286=FACE_OUTER_BOUND('',#1555,.T.);
#1287=FACE_OUTER_BOUND('',#1556,.T.);
#1288=FACE_OUTER_BOUND('',#1557,.T.);
#1289=FACE_OUTER_BOUND('',#1558,.T.);
#1290=FACE_OUTER_BOUND('',#1559,.T.);
#1291=FACE_OUTER_BOUND('',#1560,.T.);
#1292=EDGE_LOOP('',(#1769,#1770,#1771,#1772,#1773,#1774));
#1293=EDGE_LOOP('',(#1775,#1776,#1777,#1778,#1779,#1780,#1781,#1782,#1783,
#1784,#1785,#1786,#1787,#1788,#1789,#1790));
#1294=EDGE_LOOP('',(#1791,#1792,#1793,#1794,#1795,#1796,#1797,#1798,#1799,
#1800,#1801,#1802,#1803,#1804,#1805,#1806));
#1295=EDGE_LOOP('',(#1807,#1808,#1809,#1810,#1811,#1812));
#1296=EDGE_LOOP('',(#1813,#1814,#1815,#1816));
#1297=EDGE_LOOP('',(#1817,#1818,#1819,#1820));
#1298=EDGE_LOOP('',(#1821,#1822,#1823,#1824));
#1299=EDGE_LOOP('',(#1825,#1826,#1827,#1828,#1829,#1830));
#1300=EDGE_LOOP('',(#1831,#1832,#1833,#1834));
#1301=EDGE_LOOP('',(#1835,#1836,#1837,#1838));
#1302=EDGE_LOOP('',(#1839,#1840,#1841,#1842));
#1303=EDGE_LOOP('',(#1843,#1844,#1845,#1846));
#1304=EDGE_LOOP('',(#1847,#1848,#1849,#1850,#1851,#1852));
#1305=EDGE_LOOP('',(#1853,#1854,#1855,#1856));
#1306=EDGE_LOOP('',(#1857,#1858,#1859,#1860));
#1307=EDGE_LOOP('',(#1861,#1862,#1863,#1864,#1865,#1866,#1867,#1868,#1869,
#1870,#1871,#1872));
#1308=EDGE_LOOP('',(#1873,#1874,#1875,#1876));
#1309=EDGE_LOOP('',(#1877,#1878,#1879,#1880));
#1310=EDGE_LOOP('',(#1881,#1882,#1883,#1884,#1885,#1886));
#1311=EDGE_LOOP('',(#1887,#1888,#1889,#1890));
#1312=EDGE_LOOP('',(#1891,#1892,#1893,#1894));
#1313=EDGE_LOOP('',(#1895,#1896,#1897,#1898,#1899,#1900));
#1314=EDGE_LOOP('',(#1901,#1902,#1903,#1904));
#1315=EDGE_LOOP('',(#1905,#1906,#1907,#1908));
#1316=EDGE_LOOP('',(#1909,#1910,#1911,#1912,#1913,#1914));
#1317=EDGE_LOOP('',(#1915,#1916,#1917));
#1318=EDGE_LOOP('',(#1918,#1919,#1920));
#1319=EDGE_LOOP('',(#1921,#1922,#1923,#1924));
#1320=EDGE_LOOP('',(#1925,#1926,#1927));
#1321=EDGE_LOOP('',(#1928,#1929,#1930));
#1322=EDGE_LOOP('',(#1931,#1932,#1933,#1934));
#1323=EDGE_LOOP('',(#1935,#1936,#1937,#1938,#1939,#1940,#1941,#1942,#1943));
#1324=EDGE_LOOP('',(#1944,#1945,#1946,#1947,#1948,#1949,#1950,#1951,#1952,
#1953));
#1325=EDGE_LOOP('',(#1954,#1955,#1956,#1957,#1958,#1959,#1960,#1961,#1962));
#1326=EDGE_LOOP('',(#1963));
#1327=EDGE_LOOP('',(#1964,#1965,#1966,#1967,#1968,#1969,#1970,#1971,#1972,
#1973));
#1328=EDGE_LOOP('',(#1974));
#1329=EDGE_LOOP('',(#1975,#1976,#1977,#1978,#1979,#1980,#1981,#1982,#1983,
#1984));
#1330=EDGE_LOOP('',(#1985,#1986,#1987,#1988));
#1331=EDGE_LOOP('',(#1989,#1990,#1991,#1992));
#1332=EDGE_LOOP('',(#1993,#1994,#1995,#1996,#1997,#1998));
#1333=EDGE_LOOP('',(#1999,#2000,#2001,#2002,#2003,#2004,#2005,#2006,#2007,
#2008,#2009,#2010));
#1334=EDGE_LOOP('',(#2011,#2012,#2013,#2014));
#1335=EDGE_LOOP('',(#2015,#2016,#2017,#2018));
#1336=EDGE_LOOP('',(#2019,#2020,#2021,#2022));
#1337=EDGE_LOOP('',(#2023,#2024,#2025,#2026));
#1338=EDGE_LOOP('',(#2027,#2028,#2029,#2030));
#1339=EDGE_LOOP('',(#2031,#2032,#2033,#2034));
#1340=EDGE_LOOP('',(#2035,#2036,#2037,#2038));
#1341=EDGE_LOOP('',(#2039,#2040,#2041,#2042));
#1342=EDGE_LOOP('',(#2043,#2044,#2045,#2046));
#1343=EDGE_LOOP('',(#2047,#2048,#2049,#2050));
#1344=EDGE_LOOP('',(#2051));
#1345=EDGE_LOOP('',(#2052));
#1346=EDGE_LOOP('',(#2053,#2054,#2055,#2056,#2057,#2058));
#1347=EDGE_LOOP('',(#2059,#2060,#2061,#2062,#2063,#2064,#2065,#2066,#2067,
#2068,#2069,#2070,#2071,#2072));
#1348=EDGE_LOOP('',(#2073,#2074,#2075,#2076,#2077,#2078,#2079,#2080,#2081,
#2082,#2083,#2084,#2085,#2086,#2087,#2088));
#1349=EDGE_LOOP('',(#2089,#2090,#2091,#2092));
#1350=EDGE_LOOP('',(#2093,#2094,#2095,#2096));
#1351=EDGE_LOOP('',(#2097,#2098,#2099,#2100));
#1352=EDGE_LOOP('',(#2101,#2102,#2103,#2104,#2105,#2106));
#1353=EDGE_LOOP('',(#2107,#2108,#2109,#2110));
#1354=EDGE_LOOP('',(#2111,#2112,#2113,#2114));
#1355=EDGE_LOOP('',(#2115,#2116,#2117,#2118));
#1356=EDGE_LOOP('',(#2119,#2120,#2121,#2122));
#1357=EDGE_LOOP('',(#2123,#2124,#2125,#2126,#2127,#2128));
#1358=EDGE_LOOP('',(#2129,#2130,#2131,#2132));
#1359=EDGE_LOOP('',(#2133,#2134,#2135,#2136));
#1360=EDGE_LOOP('',(#2137,#2138,#2139,#2140));
#1361=EDGE_LOOP('',(#2141,#2142,#2143,#2144,#2145,#2146,#2147,#2148,#2149,
#2150));
#1362=EDGE_LOOP('',(#2151,#2152,#2153,#2154));
#1363=EDGE_LOOP('',(#2155,#2156,#2157,#2158,#2159,#2160,#2161,#2162,#2163,
#2164,#2165,#2166,#2167,#2168));
#1364=EDGE_LOOP('',(#2169));
#1365=EDGE_LOOP('',(#2170,#2171,#2172,#2173,#2174,#2175,#2176,#2177,#2178,
#2179));
#1366=EDGE_LOOP('',(#2180));
#1367=EDGE_LOOP('',(#2181,#2182,#2183,#2184,#2185,#2186,#2187,#2188,#2189,
#2190));
#1368=EDGE_LOOP('',(#2191,#2192,#2193,#2194));
#1369=EDGE_LOOP('',(#2195,#2196,#2197));
#1370=EDGE_LOOP('',(#2198,#2199,#2200,#2201));
#1371=EDGE_LOOP('',(#2202,#2203,#2204));
#1372=EDGE_LOOP('',(#2205,#2206,#2207));
#1373=EDGE_LOOP('',(#2208,#2209,#2210,#2211));
#1374=EDGE_LOOP('',(#2212,#2213,#2214,#2215));
#1375=EDGE_LOOP('',(#2216,#2217,#2218));
#1376=EDGE_LOOP('',(#2219,#2220,#2221));
#1377=EDGE_LOOP('',(#2222,#2223,#2224,#2225));
#1378=EDGE_LOOP('',(#2226,#2227,#2228));
#1379=EDGE_LOOP('',(#2229,#2230,#2231,#2232));
#1380=EDGE_LOOP('',(#2233,#2234,#2235,#2236,#2237,#2238,#2239,#2240,#2241,
#2242));
#1381=EDGE_LOOP('',(#2243,#2244,#2245,#2246,#2247,#2248,#2249,#2250,#2251,
#2252));
#1382=EDGE_LOOP('',(#2253,#2254,#2255,#2256,#2257));
#1383=EDGE_LOOP('',(#2258,#2259,#2260,#2261,#2262));
#1384=EDGE_LOOP('',(#2263,#2264,#2265,#2266));
#1385=EDGE_LOOP('',(#2267,#2268,#2269,#2270));
#1386=EDGE_LOOP('',(#2271,#2272,#2273,#2274,#2275,#2276));
#1387=EDGE_LOOP('',(#2277,#2278,#2279,#2280,#2281,#2282));
#1388=EDGE_LOOP('',(#2283,#2284,#2285,#2286));
#1389=EDGE_LOOP('',(#2287,#2288,#2289,#2290));
#1390=EDGE_LOOP('',(#2291,#2292,#2293,#2294));
#1391=EDGE_LOOP('',(#2295,#2296,#2297,#2298));
#1392=EDGE_LOOP('',(#2299,#2300,#2301,#2302));
#1393=EDGE_LOOP('',(#2303,#2304,#2305,#2306));
#1394=EDGE_LOOP('',(#2307,#2308,#2309,#2310));
#1395=EDGE_LOOP('',(#2311,#2312,#2313,#2314));
#1396=EDGE_LOOP('',(#2315,#2316,#2317,#2318,#2319,#2320,#2321,#2322,#2323,
#2324,#2325,#2326,#2327,#2328,#2329,#2330));
#1397=EDGE_LOOP('',(#2331,#2332,#2333,#2334));
#1398=EDGE_LOOP('',(#2335,#2336,#2337,#2338));
#1399=EDGE_LOOP('',(#2339,#2340,#2341,#2342));
#1400=EDGE_LOOP('',(#2343));
#1401=EDGE_LOOP('',(#2344));
#1402=EDGE_LOOP('',(#2345,#2346,#2347,#2348,#2349,#2350,#2351,#2352,#2353,
#2354,#2355,#2356,#2357,#2358,#2359,#2360));
#1403=EDGE_LOOP('',(#2361,#2362,#2363,#2364,#2365,#2366,#2367,#2368,#2369,
#2370,#2371,#2372,#2373,#2374,#2375,#2376));
#1404=EDGE_LOOP('',(#2377,#2378,#2379,#2380,#2381,#2382));
#1405=EDGE_LOOP('',(#2383,#2384,#2385,#2386));
#1406=EDGE_LOOP('',(#2387));
#1407=EDGE_LOOP('',(#2388,#2389,#2390,#2391,#2392,#2393,#2394,#2395,#2396,
#2397,#2398,#2399,#2400,#2401,#2402,#2403,#2404,#2405,#2406,#2407,#2408,
#2409,#2410,#2411,#2412,#2413,#2414,#2415,#2416,#2417,#2418,#2419));
#1408=EDGE_LOOP('',(#2420,#2421,#2422,#2423));
#1409=EDGE_LOOP('',(#2424,#2425,#2426,#2427));
#1410=EDGE_LOOP('',(#2428,#2429,#2430,#2431));
#1411=EDGE_LOOP('',(#2432,#2433,#2434,#2435));
#1412=EDGE_LOOP('',(#2436,#2437,#2438,#2439));
#1413=EDGE_LOOP('',(#2440,#2441,#2442,#2443));
#1414=EDGE_LOOP('',(#2444,#2445,#2446,#2447));
#1415=EDGE_LOOP('',(#2448,#2449,#2450,#2451));
#1416=EDGE_LOOP('',(#2452,#2453,#2454,#2455));
#1417=EDGE_LOOP('',(#2456,#2457,#2458,#2459));
#1418=EDGE_LOOP('',(#2460,#2461,#2462,#2463,#2464,#2465,#2466,#2467,#2468,
#2469,#2470,#2471));
#1419=EDGE_LOOP('',(#2472,#2473));
#1420=EDGE_LOOP('',(#2474,#2475,#2476,#2477,#2478,#2479));
#1421=EDGE_LOOP('',(#2480,#2481,#2482,#2483));
#1422=EDGE_LOOP('',(#2484,#2485,#2486,#2487));
#1423=EDGE_LOOP('',(#2488,#2489,#2490,#2491));
#1424=EDGE_LOOP('',(#2492,#2493,#2494,#2495,#2496,#2497,#2498,#2499,#2500));
#1425=EDGE_LOOP('',(#2501,#2502,#2503,#2504,#2505,#2506,#2507,#2508,#2509));
#1426=EDGE_LOOP('',(#2510,#2511,#2512,#2513,#2514,#2515,#2516,#2517,#2518,
#2519));
#1427=EDGE_LOOP('',(#2520,#2521,#2522,#2523,#2524,#2525,#2526,#2527));
#1428=EDGE_LOOP('',(#2528,#2529,#2530,#2531,#2532));
#1429=EDGE_LOOP('',(#2533,#2534,#2535,#2536,#2537,#2538));
#1430=EDGE_LOOP('',(#2539,#2540,#2541,#2542,#2543));
#1431=EDGE_LOOP('',(#2544,#2545,#2546,#2547));
#1432=EDGE_LOOP('',(#2548,#2549,#2550));
#1433=EDGE_LOOP('',(#2551,#2552,#2553,#2554,#2555));
#1434=EDGE_LOOP('',(#2556,#2557,#2558,#2559,#2560,#2561));
#1435=EDGE_LOOP('',(#2562,#2563,#2564,#2565,#2566));
#1436=EDGE_LOOP('',(#2567,#2568,#2569));
#1437=EDGE_LOOP('',(#2570,#2571,#2572,#2573,#2574,#2575));
#1438=EDGE_LOOP('',(#2576,#2577,#2578,#2579));
#1439=EDGE_LOOP('',(#2580,#2581,#2582,#2583));
#1440=EDGE_LOOP('',(#2584,#2585,#2586,#2587,#2588));
#1441=EDGE_LOOP('',(#2589,#2590,#2591,#2592,#2593,#2594));
#1442=EDGE_LOOP('',(#2595,#2596,#2597,#2598,#2599));
#1443=EDGE_LOOP('',(#2600,#2601,#2602));
#1444=EDGE_LOOP('',(#2603,#2604,#2605,#2606,#2607));
#1445=EDGE_LOOP('',(#2608,#2609,#2610,#2611,#2612,#2613));
#1446=EDGE_LOOP('',(#2614,#2615,#2616,#2617,#2618));
#1447=EDGE_LOOP('',(#2619,#2620,#2621));
#1448=EDGE_LOOP('',(#2622,#2623,#2624,#2625,#2626,#2627));
#1449=EDGE_LOOP('',(#2628,#2629,#2630,#2631));
#1450=EDGE_LOOP('',(#2632,#2633,#2634,#2635));
#1451=EDGE_LOOP('',(#2636,#2637,#2638,#2639));
#1452=EDGE_LOOP('',(#2640,#2641,#2642,#2643,#2644));
#1453=EDGE_LOOP('',(#2645,#2646,#2647,#2648,#2649,#2650));
#1454=EDGE_LOOP('',(#2651,#2652,#2653,#2654,#2655));
#1455=EDGE_LOOP('',(#2656,#2657,#2658,#2659));
#1456=EDGE_LOOP('',(#2660,#2661,#2662,#2663));
#1457=EDGE_LOOP('',(#2664,#2665,#2666,#2667));
#1458=EDGE_LOOP('',(#2668,#2669,#2670,#2671));
#1459=EDGE_LOOP('',(#2672,#2673,#2674,#2675));
#1460=EDGE_LOOP('',(#2676));
#1461=EDGE_LOOP('',(#2677,#2678,#2679,#2680,#2681,#2682,#2683,#2684,#2685,
#2686,#2687,#2688,#2689,#2690));
#1462=EDGE_LOOP('',(#2691,#2692,#2693,#2694,#2695,#2696,#2697,#2698,#2699,
#2700,#2701,#2702,#2703,#2704,#2705,#2706));
#1463=EDGE_LOOP('',(#2707));
#1464=EDGE_LOOP('',(#2708,#2709,#2710,#2711,#2712,#2713,#2714,#2715,#2716,
#2717,#2718,#2719,#2720,#2721,#2722,#2723,#2724,#2725,#2726,#2727,#2728,
#2729,#2730,#2731,#2732,#2733,#2734,#2735,#2736,#2737,#2738,#2739));
#1465=EDGE_LOOP('',(#2740,#2741,#2742,#2743,#2744,#2745));
#1466=EDGE_LOOP('',(#2746,#2747,#2748,#2749));
#1467=EDGE_LOOP('',(#2750,#2751,#2752,#2753));
#1468=EDGE_LOOP('',(#2754,#2755,#2756,#2757));
#1469=EDGE_LOOP('',(#2758,#2759,#2760,#2761));
#1470=EDGE_LOOP('',(#2762,#2763,#2764,#2765));
#1471=EDGE_LOOP('',(#2766,#2767,#2768,#2769));
#1472=EDGE_LOOP('',(#2770,#2771,#2772,#2773));
#1473=EDGE_LOOP('',(#2774,#2775,#2776,#2777));
#1474=EDGE_LOOP('',(#2778,#2779,#2780,#2781));
#1475=EDGE_LOOP('',(#2782,#2783,#2784,#2785,#2786));
#1476=EDGE_LOOP('',(#2787,#2788,#2789,#2790,#2791,#2792));
#1477=EDGE_LOOP('',(#2793,#2794,#2795,#2796,#2797));
#1478=EDGE_LOOP('',(#2798,#2799,#2800,#2801,#2802));
#1479=EDGE_LOOP('',(#2803,#2804,#2805,#2806,#2807,#2808));
#1480=EDGE_LOOP('',(#2809,#2810,#2811,#2812,#2813));
#1481=EDGE_LOOP('',(#2814,#2815,#2816,#2817,#2818,#2819));
#1482=EDGE_LOOP('',(#2820,#2821,#2822,#2823,#2824,#2825));
#1483=EDGE_LOOP('',(#2826,#2827,#2828,#2829,#2830,#2831));
#1484=EDGE_LOOP('',(#2832,#2833,#2834,#2835,#2836,#2837));
#1485=EDGE_LOOP('',(#2838,#2839,#2840,#2841,#2842,#2843));
#1486=EDGE_LOOP('',(#2844,#2845,#2846,#2847,#2848,#2849));
#1487=EDGE_LOOP('',(#2850,#2851,#2852));
#1488=EDGE_LOOP('',(#2853,#2854,#2855,#2856,#2857));
#1489=EDGE_LOOP('',(#2858,#2859,#2860,#2861,#2862));
#1490=EDGE_LOOP('',(#2863,#2864,#2865));
#1491=EDGE_LOOP('',(#2866,#2867,#2868));
#1492=EDGE_LOOP('',(#2869,#2870,#2871,#2872,#2873));
#1493=EDGE_LOOP('',(#2874,#2875,#2876,#2877,#2878));
#1494=EDGE_LOOP('',(#2879,#2880,#2881));
#1495=EDGE_LOOP('',(#2882,#2883,#2884));
#1496=EDGE_LOOP('',(#2885,#2886,#2887,#2888,#2889));
#1497=EDGE_LOOP('',(#2890,#2891,#2892,#2893,#2894));
#1498=EDGE_LOOP('',(#2895,#2896,#2897));
#1499=EDGE_LOOP('',(#2898,#2899,#2900,#2901,#2902,#2903,#2904,#2905,#2906,
#2907,#2908,#2909,#2910,#2911,#2912,#2913));
#1500=EDGE_LOOP('',(#2914,#2915,#2916,#2917,#2918));
#1501=EDGE_LOOP('',(#2919,#2920,#2921,#2922,#2923));
#1502=EDGE_LOOP('',(#2924,#2925,#2926,#2927,#2928,#2929,#2930,#2931,#2932,
#2933));
#1503=EDGE_LOOP('',(#2934,#2935,#2936,#2937,#2938,#2939,#2940,#2941,#2942,
#2943));
#1504=EDGE_LOOP('',(#2944,#2945,#2946,#2947));
#1505=EDGE_LOOP('',(#2948,#2949,#2950,#2951));
#1506=EDGE_LOOP('',(#2952,#2953,#2954,#2955,#2956,#2957,#2958,#2959,#2960,
#2961,#2962,#2963,#2964,#2965));
#1507=EDGE_LOOP('',(#2966,#2967,#2968,#2969));
#1508=EDGE_LOOP('',(#2970,#2971,#2972,#2973));
#1509=EDGE_LOOP('',(#2974,#2975,#2976,#2977));
#1510=EDGE_LOOP('',(#2978,#2979,#2980,#2981));
#1511=EDGE_LOOP('',(#2982,#2983,#2984,#2985));
#1512=EDGE_LOOP('',(#2986,#2987,#2988,#2989));
#1513=EDGE_LOOP('',(#2990,#2991,#2992,#2993));
#1514=EDGE_LOOP('',(#2994,#2995,#2996,#2997));
#1515=EDGE_LOOP('',(#2998,#2999,#3000,#3001));
#1516=EDGE_LOOP('',(#3002,#3003,#3004,#3005));
#1517=EDGE_LOOP('',(#3006,#3007,#3008,#3009));
#1518=EDGE_LOOP('',(#3010,#3011));
#1519=EDGE_LOOP('',(#3012,#3013,#3014,#3015));
#1520=EDGE_LOOP('',(#3016,#3017,#3018,#3019));
#1521=EDGE_LOOP('',(#3020));
#1522=EDGE_LOOP('',(#3021,#3022,#3023,#3024,#3025,#3026));
#1523=EDGE_LOOP('',(#3027,#3028));
#1524=EDGE_LOOP('',(#3029,#3030,#3031,#3032,#3033,#3034));
#1525=EDGE_LOOP('',(#3035,#3036,#3037,#3038,#3039,#3040));
#1526=EDGE_LOOP('',(#3041,#3042,#3043,#3044));
#1527=EDGE_LOOP('',(#3045));
#1528=EDGE_LOOP('',(#3046,#3047,#3048,#3049));
#1529=EDGE_LOOP('',(#3050,#3051,#3052,#3053));
#1530=EDGE_LOOP('',(#3054,#3055,#3056,#3057,#3058,#3059));
#1531=EDGE_LOOP('',(#3060));
#1532=EDGE_LOOP('',(#3061));
#1533=EDGE_LOOP('',(#3062,#3063,#3064,#3065,#3066,#3067,#3068,#3069,#3070,
#3071,#3072,#3073,#3074,#3075,#3076,#3077));
#1534=EDGE_LOOP('',(#3078,#3079,#3080,#3081));
#1535=EDGE_LOOP('',(#3082,#3083,#3084,#3085));
#1536=EDGE_LOOP('',(#3086,#3087,#3088,#3089,#3090,#3091));
#1537=EDGE_LOOP('',(#3092,#3093,#3094,#3095));
#1538=EDGE_LOOP('',(#3096,#3097,#3098,#3099));
#1539=EDGE_LOOP('',(#3100));
#1540=EDGE_LOOP('',(#3101,#3102));
#1541=EDGE_LOOP('',(#3103));
#1542=EDGE_LOOP('',(#3104));
#1543=EDGE_LOOP('',(#3105,#3106,#3107,#3108,#3109,#3110));
#1544=EDGE_LOOP('',(#3111,#3112,#3113,#3114));
#1545=EDGE_LOOP('',(#3115,#3116));
#1546=EDGE_LOOP('',(#3117,#3118,#3119,#3120));
#1547=EDGE_LOOP('',(#3121,#3122,#3123,#3124));
#1548=EDGE_LOOP('',(#3125,#3126,#3127,#3128));
#1549=EDGE_LOOP('',(#3129,#3130,#3131,#3132));
#1550=EDGE_LOOP('',(#3133));
#1551=EDGE_LOOP('',(#3134));
#1552=EDGE_LOOP('',(#3135,#3136,#3137,#3138,#3139,#3140,#3141,#3142,#3143,
#3144,#3145,#3146,#3147,#3148,#3149,#3150));
#1553=EDGE_LOOP('',(#3151,#3152,#3153,#3154));
#1554=EDGE_LOOP('',(#3155,#3156,#3157,#3158));
#1555=EDGE_LOOP('',(#3159,#3160,#3161,#3162,#3163,#3164));
#1556=EDGE_LOOP('',(#3165,#3166,#3167,#3168,#3169,#3170));
#1557=EDGE_LOOP('',(#3171,#3172,#3173,#3174));
#1558=EDGE_LOOP('',(#3175,#3176,#3177,#3178));
#1559=EDGE_LOOP('',(#3179));
#1560=EDGE_LOOP('',(#3180));
#1561=CIRCLE('',#4927,22.9952615297107);
#1562=CIRCLE('',#4929,15.6859482659595);
#1563=CIRCLE('',#4930,15.6859482659595);
#1564=CIRCLE('',#4931,15.6859482659595);
#1565=CIRCLE('',#4932,15.6859482659595);
#1566=CIRCLE('',#4934,15.6859482659595);
#1567=CIRCLE('',#4935,15.6859482659595);
#1568=CIRCLE('',#4936,15.6859482659595);
#1569=CIRCLE('',#4937,15.6859482659595);
#1570=CIRCLE('',#4939,15.6859482659595);
#1571=CIRCLE('',#4940,15.6859482659595);
#1572=CIRCLE('',#4942,22.9952615297107);
#1573=CIRCLE('',#4947,0.25);
#1574=CIRCLE('',#4948,16.680930133957);
#1575=CIRCLE('',#4956,0.25);
#1576=CIRCLE('',#4957,16.680930133957);
#1577=CIRCLE('',#4962,0.25);
#1578=CIRCLE('',#4963,15.6859482659595);
#1579=CIRCLE('',#4964,0.25);
#1580=CIRCLE('',#4965,0.25);
#1581=CIRCLE('',#4970,0.25);
#1582=CIRCLE('',#4971,16.680930133957);
#1583=CIRCLE('',#4972,15.6859482659595);
#1584=CIRCLE('',#4977,2.5);
#1585=CIRCLE('',#4978,18.0014762482299);
#1586=CIRCLE('',#4979,2.5);
#1587=CIRCLE('',#4981,5.);
#1588=CIRCLE('',#4982,5.);
#1589=CIRCLE('',#4984,5.);
#1590=CIRCLE('',#4985,5.);
#1591=CIRCLE('',#4986,16.680930133957);
#1592=CIRCLE('',#4988,16.680930133957);
#1593=CIRCLE('',#4990,16.680930133957);
#1594=CIRCLE('',#4992,4.);
#1595=CIRCLE('',#4994,4.);
#1596=CIRCLE('',#4998,0.25);
#1597=CIRCLE('',#5000,17.6809745675374);
#1598=CIRCLE('',#5002,17.6809745675374);
#1599=CIRCLE('',#5015,22.9952615297107);
#1600=CIRCLE('',#5017,15.6859482659595);
#1601=CIRCLE('',#5018,15.6859482659595);
#1602=CIRCLE('',#5019,15.6859482659595);
#1603=CIRCLE('',#5021,15.6859482659595);
#1604=CIRCLE('',#5022,15.6859482659595);
#1605=CIRCLE('',#5023,15.6859482659595);
#1606=CIRCLE('',#5024,15.6859482659595);
#1607=CIRCLE('',#5026,22.9952615297107);
#1608=CIRCLE('',#5031,0.25);
#1609=CIRCLE('',#5032,16.680930133957);
#1610=CIRCLE('',#5033,15.6859482659595);
#1611=CIRCLE('',#5041,0.25);
#1612=CIRCLE('',#5042,16.680930133957);
#1613=CIRCLE('',#5050,0.25);
#1614=CIRCLE('',#5051,0.25);
#1615=CIRCLE('',#5052,15.6859482659595);
#1616=CIRCLE('',#5057,15.6859482659595);
#1617=CIRCLE('',#5059,4.);
#1618=CIRCLE('',#5060,2.5);
#1619=CIRCLE('',#5062,4.);
#1620=CIRCLE('',#5063,2.5);
#1621=CIRCLE('',#5065,5.);
#1622=CIRCLE('',#5066,5.);
#1623=CIRCLE('',#5067,5.);
#1624=CIRCLE('',#5068,5.);
#1625=CIRCLE('',#5069,5.);
#1626=CIRCLE('',#5070,5.);
#1627=CIRCLE('',#5071,16.680930133957);
#1628=CIRCLE('',#5073,16.680930133957);
#1629=CIRCLE('',#5075,16.680930133957);
#1630=CIRCLE('',#5077,16.680930133957);
#1631=CIRCLE('',#5081,0.25);
#1632=CIRCLE('',#5083,18.0014762482299);
#1633=CIRCLE('',#5085,17.6809745675374);
#1634=CIRCLE('',#5087,17.6809745675374);
#1635=CIRCLE('',#5101,15.6859482659595);
#1636=CIRCLE('',#5102,15.6859482659595);
#1637=CIRCLE('',#5103,15.6859482659595);
#1638=CIRCLE('',#5104,15.6859482659595);
#1639=CIRCLE('',#5106,15.6859482659595);
#1640=CIRCLE('',#5107,15.6859482659595);
#1641=CIRCLE('',#5108,15.6859482659595);
#1642=CIRCLE('',#5109,15.6859482659595);
#1643=CIRCLE('',#5111,15.6859482659595);
#1644=CIRCLE('',#5112,15.6859482659595);
#1645=CIRCLE('',#5114,3.33578643762693);
#1646=CIRCLE('',#5115,1.5);
#1647=CIRCLE('',#5116,5.25608920768913);
#1648=CIRCLE('',#5117,1.5);
#1649=CIRCLE('',#5119,4.);
#1650=CIRCLE('',#5120,23.0633670147392);
#1651=CIRCLE('',#5121,23.0633670147392);
#1652=CIRCLE('',#5122,23.0633670147392);
#1653=CIRCLE('',#5123,77.11318394999);
#1654=CIRCLE('',#5126,77.11318394999);
#1655=CIRCLE('',#5127,23.0633670147392);
#1656=CIRCLE('',#5128,23.0633670147392);
#1657=CIRCLE('',#5129,23.0633670147392);
#1658=CIRCLE('',#5131,17.383736288364);
#1659=CIRCLE('',#5132,15.);
#1660=CIRCLE('',#5133,13.0982202000044);
#1661=CIRCLE('',#5134,13.0064280515746);
#1662=CIRCLE('',#5136,12.4076702234397);
#1663=CIRCLE('',#5138,11.1777620827283);
#1664=CIRCLE('',#5139,10.8390950420164);
#1665=CIRCLE('',#5141,9.97612712302337);
#1666=CIRCLE('',#5143,6.50096024900558);
#1667=CIRCLE('',#5145,14.0616230225744);
#1668=CIRCLE('',#5146,14.0616230225744);
#1669=CIRCLE('',#5149,15.6859482659595);
#1670=CIRCLE('',#5150,15.6859482659595);
#1671=CIRCLE('',#5152,14.6852916783546);
#1672=CIRCLE('',#5154,14.6852916783546);
#1673=CIRCLE('',#5156,14.6852916783546);
#1674=CIRCLE('',#5158,0.25);
#1675=CIRCLE('',#5159,0.25);
#1676=CIRCLE('',#5160,0.25);
#1677=CIRCLE('',#5163,0.25);
#1678=CIRCLE('',#5167,5.);
#1679=CIRCLE('',#5173,5.);
#1680=CIRCLE('',#5178,0.25);
#1681=CIRCLE('',#5181,5.);
#1682=CIRCLE('',#5187,5.);
#1683=CIRCLE('',#5193,0.25);
#1684=CIRCLE('',#5202,15.6859482659595);
#1685=CIRCLE('',#5203,15.6859482659595);
#1686=CIRCLE('',#5204,15.6859482659595);
#1687=CIRCLE('',#5206,15.6859482659595);
#1688=CIRCLE('',#5207,15.6859482659595);
#1689=CIRCLE('',#5208,15.6859482659595);
#1690=CIRCLE('',#5209,15.6859482659595);
#1691=CIRCLE('',#5211,4.);
#1692=CIRCLE('',#5213,77.11318394999);
#1693=CIRCLE('',#5214,23.0633670147392);
#1694=CIRCLE('',#5215,23.0633670147392);
#1695=CIRCLE('',#5216,23.0633670147392);
#1696=CIRCLE('',#5217,1.5);
#1697=CIRCLE('',#5218,1.5);
#1698=CIRCLE('',#5219,23.0633670147392);
#1699=CIRCLE('',#5220,23.0633670147392);
#1700=CIRCLE('',#5221,23.0633670147392);
#1701=CIRCLE('',#5222,77.11318394999);
#1702=CIRCLE('',#5225,0.25);
#1703=CIRCLE('',#5226,15.6859482659595);
#1704=CIRCLE('',#5227,0.25);
#1705=CIRCLE('',#5233,15.6859482659595);
#1706=CIRCLE('',#5234,14.0616230225744);
#1707=CIRCLE('',#5236,14.0616230225744);
#1708=CIRCLE('',#5238,14.0616230225744);
#1709=CIRCLE('',#5249,0.25);
#1710=CIRCLE('',#5250,15.6859482659595);
#1711=CIRCLE('',#5251,14.6852916783546);
#1712=CIRCLE('',#5255,0.25);
#1713=CIRCLE('',#5256,14.6852916783546);
#1714=CIRCLE('',#5271,5.);
#1715=CIRCLE('',#5272,5.);
#1716=CIRCLE('',#5273,5.);
#1717=CIRCLE('',#5274,5.);
#1718=CIRCLE('',#5275,5.);
#1719=CIRCLE('',#5276,5.);
#1720=CIRCLE('',#5281,3.33578643762693);
#1721=CIRCLE('',#5282,5.25608920768913);
#1722=CIRCLE('',#5284,15.);
#1723=CIRCLE('',#5285,17.383736288364);
#1724=CIRCLE('',#5286,13.0982202000044);
#1725=CIRCLE('',#5287,13.0064280515746);
#1726=CIRCLE('',#5289,12.4076702234397);
#1727=CIRCLE('',#5291,11.1777620827283);
#1728=CIRCLE('',#5292,10.8390950420164);
#1729=CIRCLE('',#5294,9.97612712302337);
#1730=CIRCLE('',#5296,6.50096024900558);
#1731=CIRCLE('',#5302,22.9952615297107);
#1732=CIRCLE('',#5304,3.33578643762693);
#1733=CIRCLE('',#5306,6.24303668393921);
#1734=CIRCLE('',#5307,6.24303668393921);
#1735=CIRCLE('',#5308,1.5);
#1736=CIRCLE('',#5309,1.5);
#1737=CIRCLE('',#5311,25.8603087862362);
#1738=CIRCLE('',#5312,17.);
#1739=CIRCLE('',#5313,25.8603087862362);
#1740=CIRCLE('',#5314,77.1131839499913);
#1741=CIRCLE('',#5315,77.1131839499913);
#1742=CIRCLE('',#5316,19.5);
#1743=CIRCLE('',#5317,1.75);
#1744=CIRCLE('',#5319,19.9149573381208);
#1745=CIRCLE('',#5321,22.9952615297107);
#1746=CIRCLE('',#5322,2.5);
#1747=CIRCLE('',#5323,2.5);
#1748=CIRCLE('',#5325,4.);
#1749=CIRCLE('',#5326,4.);
#1750=CIRCLE('',#5330,0.25);
#1751=CIRCLE('',#5337,22.9952615297107);
#1752=CIRCLE('',#5340,3.33578643762693);
#1753=CIRCLE('',#5342,1.5);
#1754=CIRCLE('',#5343,1.5);
#1755=CIRCLE('',#5344,6.24303668393921);
#1756=CIRCLE('',#5346,17.);
#1757=CIRCLE('',#5347,25.8603087862362);
#1758=CIRCLE('',#5348,25.8603087862362);
#1759=CIRCLE('',#5349,19.5);
#1760=CIRCLE('',#5350,77.1131839499913);
#1761=CIRCLE('',#5351,77.1131839499913);
#1762=CIRCLE('',#5352,19.9149573381208);
#1763=CIRCLE('',#5354,4.);
#1764=CIRCLE('',#5355,4.);
#1765=CIRCLE('',#5356,2.5);
#1766=CIRCLE('',#5357,2.5);
#1767=CIRCLE('',#5361,0.25);
#1768=CIRCLE('',#5363,22.9952615297107);
#1769=ORIENTED_EDGE('',*,*,#3652,.F.);
#1770=ORIENTED_EDGE('',*,*,#3653,.T.);
#1771=ORIENTED_EDGE('',*,*,#3654,.F.);
#1772=ORIENTED_EDGE('',*,*,#3655,.F.);
#1773=ORIENTED_EDGE('',*,*,#3656,.F.);
#1774=ORIENTED_EDGE('',*,*,#3657,.F.);
#1775=ORIENTED_EDGE('',*,*,#3658,.F.);
#1776=ORIENTED_EDGE('',*,*,#3659,.T.);
#1777=ORIENTED_EDGE('',*,*,#3660,.F.);
#1778=ORIENTED_EDGE('',*,*,#3661,.T.);
#1779=ORIENTED_EDGE('',*,*,#3662,.F.);
#1780=ORIENTED_EDGE('',*,*,#3663,.T.);
#1781=ORIENTED_EDGE('',*,*,#3664,.F.);
#1782=ORIENTED_EDGE('',*,*,#3665,.T.);
#1783=ORIENTED_EDGE('',*,*,#3666,.F.);
#1784=ORIENTED_EDGE('',*,*,#3667,.F.);
#1785=ORIENTED_EDGE('',*,*,#3668,.T.);
#1786=ORIENTED_EDGE('',*,*,#3669,.T.);
#1787=ORIENTED_EDGE('',*,*,#3670,.T.);
#1788=ORIENTED_EDGE('',*,*,#3671,.F.);
#1789=ORIENTED_EDGE('',*,*,#3672,.F.);
#1790=ORIENTED_EDGE('',*,*,#3673,.T.);
#1791=ORIENTED_EDGE('',*,*,#3674,.F.);
#1792=ORIENTED_EDGE('',*,*,#3675,.T.);
#1793=ORIENTED_EDGE('',*,*,#3676,.F.);
#1794=ORIENTED_EDGE('',*,*,#3677,.T.);
#1795=ORIENTED_EDGE('',*,*,#3678,.T.);
#1796=ORIENTED_EDGE('',*,*,#3679,.F.);
#1797=ORIENTED_EDGE('',*,*,#3680,.T.);
#1798=ORIENTED_EDGE('',*,*,#3681,.T.);
#1799=ORIENTED_EDGE('',*,*,#3682,.T.);
#1800=ORIENTED_EDGE('',*,*,#3683,.T.);
#1801=ORIENTED_EDGE('',*,*,#3684,.T.);
#1802=ORIENTED_EDGE('',*,*,#3685,.T.);
#1803=ORIENTED_EDGE('',*,*,#3686,.T.);
#1804=ORIENTED_EDGE('',*,*,#3687,.F.);
#1805=ORIENTED_EDGE('',*,*,#3688,.F.);
#1806=ORIENTED_EDGE('',*,*,#3689,.F.);
#1807=ORIENTED_EDGE('',*,*,#3690,.T.);
#1808=ORIENTED_EDGE('',*,*,#3691,.T.);
#1809=ORIENTED_EDGE('',*,*,#3692,.F.);
#1810=ORIENTED_EDGE('',*,*,#3693,.T.);
#1811=ORIENTED_EDGE('',*,*,#3694,.T.);
#1812=ORIENTED_EDGE('',*,*,#3695,.F.);
#1813=ORIENTED_EDGE('',*,*,#3696,.F.);
#1814=ORIENTED_EDGE('',*,*,#3697,.F.);
#1815=ORIENTED_EDGE('',*,*,#3698,.F.);
#1816=ORIENTED_EDGE('',*,*,#3699,.T.);
#1817=ORIENTED_EDGE('',*,*,#3664,.T.);
#1818=ORIENTED_EDGE('',*,*,#3700,.T.);
#1819=ORIENTED_EDGE('',*,*,#3701,.F.);
#1820=ORIENTED_EDGE('',*,*,#3702,.T.);
#1821=ORIENTED_EDGE('',*,*,#3663,.F.);
#1822=ORIENTED_EDGE('',*,*,#3703,.T.);
#1823=ORIENTED_EDGE('',*,*,#3704,.F.);
#1824=ORIENTED_EDGE('',*,*,#3700,.F.);
#1825=ORIENTED_EDGE('',*,*,#3705,.F.);
#1826=ORIENTED_EDGE('',*,*,#3674,.T.);
#1827=ORIENTED_EDGE('',*,*,#3706,.T.);
#1828=ORIENTED_EDGE('',*,*,#3707,.F.);
#1829=ORIENTED_EDGE('',*,*,#3703,.F.);
#1830=ORIENTED_EDGE('',*,*,#3662,.T.);
#1831=ORIENTED_EDGE('',*,*,#3689,.T.);
#1832=ORIENTED_EDGE('',*,*,#3708,.T.);
#1833=ORIENTED_EDGE('',*,*,#3709,.F.);
#1834=ORIENTED_EDGE('',*,*,#3706,.F.);
#1835=ORIENTED_EDGE('',*,*,#3688,.T.);
#1836=ORIENTED_EDGE('',*,*,#3710,.T.);
#1837=ORIENTED_EDGE('',*,*,#3711,.T.);
#1838=ORIENTED_EDGE('',*,*,#3708,.F.);
#1839=ORIENTED_EDGE('',*,*,#3680,.F.);
#1840=ORIENTED_EDGE('',*,*,#3712,.T.);
#1841=ORIENTED_EDGE('',*,*,#3713,.F.);
#1842=ORIENTED_EDGE('',*,*,#3714,.T.);
#1843=ORIENTED_EDGE('',*,*,#3679,.T.);
#1844=ORIENTED_EDGE('',*,*,#3715,.T.);
#1845=ORIENTED_EDGE('',*,*,#3716,.F.);
#1846=ORIENTED_EDGE('',*,*,#3712,.F.);
#1847=ORIENTED_EDGE('',*,*,#3717,.F.);
#1848=ORIENTED_EDGE('',*,*,#3690,.F.);
#1849=ORIENTED_EDGE('',*,*,#3718,.T.);
#1850=ORIENTED_EDGE('',*,*,#3719,.F.);
#1851=ORIENTED_EDGE('',*,*,#3715,.F.);
#1852=ORIENTED_EDGE('',*,*,#3678,.F.);
#1853=ORIENTED_EDGE('',*,*,#3695,.T.);
#1854=ORIENTED_EDGE('',*,*,#3720,.T.);
#1855=ORIENTED_EDGE('',*,*,#3721,.F.);
#1856=ORIENTED_EDGE('',*,*,#3718,.F.);
#1857=ORIENTED_EDGE('',*,*,#3694,.F.);
#1858=ORIENTED_EDGE('',*,*,#3722,.T.);
#1859=ORIENTED_EDGE('',*,*,#3723,.T.);
#1860=ORIENTED_EDGE('',*,*,#3720,.F.);
#1861=ORIENTED_EDGE('',*,*,#3660,.T.);
#1862=ORIENTED_EDGE('',*,*,#3724,.T.);
#1863=ORIENTED_EDGE('',*,*,#3725,.T.);
#1864=ORIENTED_EDGE('',*,*,#3726,.T.);
#1865=ORIENTED_EDGE('',*,*,#3727,.F.);
#1866=ORIENTED_EDGE('',*,*,#3728,.F.);
#1867=ORIENTED_EDGE('',*,*,#3729,.T.);
#1868=ORIENTED_EDGE('',*,*,#3730,.T.);
#1869=ORIENTED_EDGE('',*,*,#3692,.T.);
#1870=ORIENTED_EDGE('',*,*,#3731,.T.);
#1871=ORIENTED_EDGE('',*,*,#3676,.T.);
#1872=ORIENTED_EDGE('',*,*,#3732,.T.);
#1873=ORIENTED_EDGE('',*,*,#3733,.F.);
#1874=ORIENTED_EDGE('',*,*,#3734,.T.);
#1875=ORIENTED_EDGE('',*,*,#3735,.F.);
#1876=ORIENTED_EDGE('',*,*,#3736,.T.);
#1877=ORIENTED_EDGE('',*,*,#3737,.T.);
#1878=ORIENTED_EDGE('',*,*,#3738,.T.);
#1879=ORIENTED_EDGE('',*,*,#3739,.F.);
#1880=ORIENTED_EDGE('',*,*,#3734,.F.);
#1881=ORIENTED_EDGE('',*,*,#3740,.F.);
#1882=ORIENTED_EDGE('',*,*,#3658,.T.);
#1883=ORIENTED_EDGE('',*,*,#3741,.T.);
#1884=ORIENTED_EDGE('',*,*,#3742,.F.);
#1885=ORIENTED_EDGE('',*,*,#3738,.F.);
#1886=ORIENTED_EDGE('',*,*,#3743,.T.);
#1887=ORIENTED_EDGE('',*,*,#3673,.F.);
#1888=ORIENTED_EDGE('',*,*,#3744,.T.);
#1889=ORIENTED_EDGE('',*,*,#3745,.F.);
#1890=ORIENTED_EDGE('',*,*,#3741,.F.);
#1891=ORIENTED_EDGE('',*,*,#3672,.T.);
#1892=ORIENTED_EDGE('',*,*,#3746,.T.);
#1893=ORIENTED_EDGE('',*,*,#3747,.T.);
#1894=ORIENTED_EDGE('',*,*,#3744,.F.);
#1895=ORIENTED_EDGE('',*,*,#3697,.T.);
#1896=ORIENTED_EDGE('',*,*,#3748,.T.);
#1897=ORIENTED_EDGE('',*,*,#3657,.T.);
#1898=ORIENTED_EDGE('',*,*,#3749,.F.);
#1899=ORIENTED_EDGE('',*,*,#3750,.T.);
#1900=ORIENTED_EDGE('',*,*,#3751,.F.);
#1901=ORIENTED_EDGE('',*,*,#3752,.F.);
#1902=ORIENTED_EDGE('',*,*,#3753,.F.);
#1903=ORIENTED_EDGE('',*,*,#3682,.F.);
#1904=ORIENTED_EDGE('',*,*,#3754,.T.);
#1905=ORIENTED_EDGE('',*,*,#3755,.F.);
#1906=ORIENTED_EDGE('',*,*,#3756,.F.);
#1907=ORIENTED_EDGE('',*,*,#3666,.T.);
#1908=ORIENTED_EDGE('',*,*,#3757,.T.);
#1909=ORIENTED_EDGE('',*,*,#3725,.F.);
#1910=ORIENTED_EDGE('',*,*,#3758,.T.);
#1911=ORIENTED_EDGE('',*,*,#3743,.F.);
#1912=ORIENTED_EDGE('',*,*,#3737,.F.);
#1913=ORIENTED_EDGE('',*,*,#3733,.T.);
#1914=ORIENTED_EDGE('',*,*,#3759,.T.);
#1915=ORIENTED_EDGE('',*,*,#3757,.F.);
#1916=ORIENTED_EDGE('',*,*,#3665,.F.);
#1917=ORIENTED_EDGE('',*,*,#3702,.F.);
#1918=ORIENTED_EDGE('',*,*,#3671,.T.);
#1919=ORIENTED_EDGE('',*,*,#3760,.T.);
#1920=ORIENTED_EDGE('',*,*,#3746,.F.);
#1921=ORIENTED_EDGE('',*,*,#3760,.F.);
#1922=ORIENTED_EDGE('',*,*,#3670,.F.);
#1923=ORIENTED_EDGE('',*,*,#3761,.F.);
#1924=ORIENTED_EDGE('',*,*,#3762,.T.);
#1925=ORIENTED_EDGE('',*,*,#3754,.F.);
#1926=ORIENTED_EDGE('',*,*,#3681,.F.);
#1927=ORIENTED_EDGE('',*,*,#3714,.F.);
#1928=ORIENTED_EDGE('',*,*,#3687,.T.);
#1929=ORIENTED_EDGE('',*,*,#3763,.T.);
#1930=ORIENTED_EDGE('',*,*,#3710,.F.);
#1931=ORIENTED_EDGE('',*,*,#3763,.F.);
#1932=ORIENTED_EDGE('',*,*,#3686,.F.);
#1933=ORIENTED_EDGE('',*,*,#3764,.F.);
#1934=ORIENTED_EDGE('',*,*,#3765,.T.);
#1935=ORIENTED_EDGE('',*,*,#3762,.F.);
#1936=ORIENTED_EDGE('',*,*,#3766,.T.);
#1937=ORIENTED_EDGE('',*,*,#3767,.F.);
#1938=ORIENTED_EDGE('',*,*,#3768,.T.);
#1939=ORIENTED_EDGE('',*,*,#3735,.T.);
#1940=ORIENTED_EDGE('',*,*,#3739,.T.);
#1941=ORIENTED_EDGE('',*,*,#3742,.T.);
#1942=ORIENTED_EDGE('',*,*,#3745,.T.);
#1943=ORIENTED_EDGE('',*,*,#3747,.F.);
#1944=ORIENTED_EDGE('',*,*,#3765,.F.);
#1945=ORIENTED_EDGE('',*,*,#3769,.T.);
#1946=ORIENTED_EDGE('',*,*,#3770,.F.);
#1947=ORIENTED_EDGE('',*,*,#3771,.T.);
#1948=ORIENTED_EDGE('',*,*,#3755,.T.);
#1949=ORIENTED_EDGE('',*,*,#3701,.T.);
#1950=ORIENTED_EDGE('',*,*,#3704,.T.);
#1951=ORIENTED_EDGE('',*,*,#3707,.T.);
#1952=ORIENTED_EDGE('',*,*,#3709,.T.);
#1953=ORIENTED_EDGE('',*,*,#3711,.F.);
#1954=ORIENTED_EDGE('',*,*,#3772,.T.);
#1955=ORIENTED_EDGE('',*,*,#3773,.F.);
#1956=ORIENTED_EDGE('',*,*,#3774,.T.);
#1957=ORIENTED_EDGE('',*,*,#3752,.T.);
#1958=ORIENTED_EDGE('',*,*,#3713,.T.);
#1959=ORIENTED_EDGE('',*,*,#3716,.T.);
#1960=ORIENTED_EDGE('',*,*,#3719,.T.);
#1961=ORIENTED_EDGE('',*,*,#3721,.T.);
#1962=ORIENTED_EDGE('',*,*,#3723,.F.);
#1963=ORIENTED_EDGE('',*,*,#3775,.F.);
#1964=ORIENTED_EDGE('',*,*,#3768,.F.);
#1965=ORIENTED_EDGE('',*,*,#3776,.F.);
#1966=ORIENTED_EDGE('',*,*,#3777,.T.);
#1967=ORIENTED_EDGE('',*,*,#3778,.T.);
#1968=ORIENTED_EDGE('',*,*,#3749,.T.);
#1969=ORIENTED_EDGE('',*,*,#3656,.T.);
#1970=ORIENTED_EDGE('',*,*,#3779,.F.);
#1971=ORIENTED_EDGE('',*,*,#3726,.F.);
#1972=ORIENTED_EDGE('',*,*,#3759,.F.);
#1973=ORIENTED_EDGE('',*,*,#3736,.F.);
#1974=ORIENTED_EDGE('',*,*,#3780,.F.);
#1975=ORIENTED_EDGE('',*,*,#3781,.F.);
#1976=ORIENTED_EDGE('',*,*,#3698,.T.);
#1977=ORIENTED_EDGE('',*,*,#3751,.T.);
#1978=ORIENTED_EDGE('',*,*,#3782,.T.);
#1979=ORIENTED_EDGE('',*,*,#3783,.T.);
#1980=ORIENTED_EDGE('',*,*,#3784,.F.);
#1981=ORIENTED_EDGE('',*,*,#3772,.F.);
#1982=ORIENTED_EDGE('',*,*,#3722,.F.);
#1983=ORIENTED_EDGE('',*,*,#3693,.F.);
#1984=ORIENTED_EDGE('',*,*,#3730,.F.);
#1985=ORIENTED_EDGE('',*,*,#3785,.T.);
#1986=ORIENTED_EDGE('',*,*,#3654,.T.);
#1987=ORIENTED_EDGE('',*,*,#3786,.T.);
#1988=ORIENTED_EDGE('',*,*,#3728,.T.);
#1989=ORIENTED_EDGE('',*,*,#3655,.T.);
#1990=ORIENTED_EDGE('',*,*,#3785,.F.);
#1991=ORIENTED_EDGE('',*,*,#3727,.T.);
#1992=ORIENTED_EDGE('',*,*,#3779,.T.);
#1993=ORIENTED_EDGE('',*,*,#3653,.F.);
#1994=ORIENTED_EDGE('',*,*,#3787,.T.);
#1995=ORIENTED_EDGE('',*,*,#3699,.F.);
#1996=ORIENTED_EDGE('',*,*,#3781,.T.);
#1997=ORIENTED_EDGE('',*,*,#3729,.F.);
#1998=ORIENTED_EDGE('',*,*,#3786,.F.);
#1999=ORIENTED_EDGE('',*,*,#3788,.T.);
#2000=ORIENTED_EDGE('',*,*,#3668,.F.);
#2001=ORIENTED_EDGE('',*,*,#3789,.T.);
#2002=ORIENTED_EDGE('',*,*,#3770,.T.);
#2003=ORIENTED_EDGE('',*,*,#3790,.T.);
#2004=ORIENTED_EDGE('',*,*,#3684,.F.);
#2005=ORIENTED_EDGE('',*,*,#3791,.T.);
#2006=ORIENTED_EDGE('',*,*,#3773,.T.);
#2007=ORIENTED_EDGE('',*,*,#3784,.T.);
#2008=ORIENTED_EDGE('',*,*,#3792,.T.);
#2009=ORIENTED_EDGE('',*,*,#3776,.T.);
#2010=ORIENTED_EDGE('',*,*,#3767,.T.);
#2011=ORIENTED_EDGE('',*,*,#3793,.T.);
#2012=ORIENTED_EDGE('',*,*,#3777,.F.);
#2013=ORIENTED_EDGE('',*,*,#3792,.F.);
#2014=ORIENTED_EDGE('',*,*,#3783,.F.);
#2015=ORIENTED_EDGE('',*,*,#3789,.F.);
#2016=ORIENTED_EDGE('',*,*,#3667,.T.);
#2017=ORIENTED_EDGE('',*,*,#3756,.T.);
#2018=ORIENTED_EDGE('',*,*,#3771,.F.);
#2019=ORIENTED_EDGE('',*,*,#3761,.T.);
#2020=ORIENTED_EDGE('',*,*,#3669,.F.);
#2021=ORIENTED_EDGE('',*,*,#3788,.F.);
#2022=ORIENTED_EDGE('',*,*,#3766,.F.);
#2023=ORIENTED_EDGE('',*,*,#3791,.F.);
#2024=ORIENTED_EDGE('',*,*,#3683,.F.);
#2025=ORIENTED_EDGE('',*,*,#3753,.T.);
#2026=ORIENTED_EDGE('',*,*,#3774,.F.);
#2027=ORIENTED_EDGE('',*,*,#3764,.T.);
#2028=ORIENTED_EDGE('',*,*,#3685,.F.);
#2029=ORIENTED_EDGE('',*,*,#3790,.F.);
#2030=ORIENTED_EDGE('',*,*,#3769,.F.);
#2031=ORIENTED_EDGE('',*,*,#3778,.F.);
#2032=ORIENTED_EDGE('',*,*,#3793,.F.);
#2033=ORIENTED_EDGE('',*,*,#3782,.F.);
#2034=ORIENTED_EDGE('',*,*,#3750,.F.);
#2035=ORIENTED_EDGE('',*,*,#3717,.T.);
#2036=ORIENTED_EDGE('',*,*,#3677,.F.);
#2037=ORIENTED_EDGE('',*,*,#3731,.F.);
#2038=ORIENTED_EDGE('',*,*,#3691,.F.);
#2039=ORIENTED_EDGE('',*,*,#3705,.T.);
#2040=ORIENTED_EDGE('',*,*,#3661,.F.);
#2041=ORIENTED_EDGE('',*,*,#3732,.F.);
#2042=ORIENTED_EDGE('',*,*,#3675,.F.);
#2043=ORIENTED_EDGE('',*,*,#3740,.T.);
#2044=ORIENTED_EDGE('',*,*,#3758,.F.);
#2045=ORIENTED_EDGE('',*,*,#3724,.F.);
#2046=ORIENTED_EDGE('',*,*,#3659,.F.);
#2047=ORIENTED_EDGE('',*,*,#3652,.T.);
#2048=ORIENTED_EDGE('',*,*,#3748,.F.);
#2049=ORIENTED_EDGE('',*,*,#3696,.T.);
#2050=ORIENTED_EDGE('',*,*,#3787,.F.);
#2051=ORIENTED_EDGE('',*,*,#3780,.T.);
#2052=ORIENTED_EDGE('',*,*,#3775,.T.);
#2053=ORIENTED_EDGE('',*,*,#3794,.F.);
#2054=ORIENTED_EDGE('',*,*,#3795,.F.);
#2055=ORIENTED_EDGE('',*,*,#3796,.F.);
#2056=ORIENTED_EDGE('',*,*,#3797,.T.);
#2057=ORIENTED_EDGE('',*,*,#3798,.F.);
#2058=ORIENTED_EDGE('',*,*,#3799,.F.);
#2059=ORIENTED_EDGE('',*,*,#3800,.T.);
#2060=ORIENTED_EDGE('',*,*,#3801,.T.);
#2061=ORIENTED_EDGE('',*,*,#3802,.F.);
#2062=ORIENTED_EDGE('',*,*,#3803,.T.);
#2063=ORIENTED_EDGE('',*,*,#3804,.T.);
#2064=ORIENTED_EDGE('',*,*,#3805,.T.);
#2065=ORIENTED_EDGE('',*,*,#3806,.F.);
#2066=ORIENTED_EDGE('',*,*,#3807,.F.);
#2067=ORIENTED_EDGE('',*,*,#3808,.T.);
#2068=ORIENTED_EDGE('',*,*,#3809,.F.);
#2069=ORIENTED_EDGE('',*,*,#3810,.F.);
#2070=ORIENTED_EDGE('',*,*,#3811,.T.);
#2071=ORIENTED_EDGE('',*,*,#3812,.T.);
#2072=ORIENTED_EDGE('',*,*,#3813,.F.);
#2073=ORIENTED_EDGE('',*,*,#3814,.F.);
#2074=ORIENTED_EDGE('',*,*,#3815,.T.);
#2075=ORIENTED_EDGE('',*,*,#3816,.T.);
#2076=ORIENTED_EDGE('',*,*,#3817,.T.);
#2077=ORIENTED_EDGE('',*,*,#3818,.T.);
#2078=ORIENTED_EDGE('',*,*,#3819,.F.);
#2079=ORIENTED_EDGE('',*,*,#3820,.F.);
#2080=ORIENTED_EDGE('',*,*,#3821,.T.);
#2081=ORIENTED_EDGE('',*,*,#3822,.T.);
#2082=ORIENTED_EDGE('',*,*,#3823,.F.);
#2083=ORIENTED_EDGE('',*,*,#3824,.F.);
#2084=ORIENTED_EDGE('',*,*,#3825,.T.);
#2085=ORIENTED_EDGE('',*,*,#3826,.F.);
#2086=ORIENTED_EDGE('',*,*,#3827,.F.);
#2087=ORIENTED_EDGE('',*,*,#3828,.T.);
#2088=ORIENTED_EDGE('',*,*,#3829,.T.);
#2089=ORIENTED_EDGE('',*,*,#3830,.F.);
#2090=ORIENTED_EDGE('',*,*,#3831,.F.);
#2091=ORIENTED_EDGE('',*,*,#3832,.F.);
#2092=ORIENTED_EDGE('',*,*,#3833,.F.);
#2093=ORIENTED_EDGE('',*,*,#3834,.F.);
#2094=ORIENTED_EDGE('',*,*,#3835,.T.);
#2095=ORIENTED_EDGE('',*,*,#3836,.F.);
#2096=ORIENTED_EDGE('',*,*,#3837,.T.);
#2097=ORIENTED_EDGE('',*,*,#3838,.T.);
#2098=ORIENTED_EDGE('',*,*,#3839,.T.);
#2099=ORIENTED_EDGE('',*,*,#3840,.F.);
#2100=ORIENTED_EDGE('',*,*,#3835,.F.);
#2101=ORIENTED_EDGE('',*,*,#3841,.F.);
#2102=ORIENTED_EDGE('',*,*,#3828,.F.);
#2103=ORIENTED_EDGE('',*,*,#3842,.T.);
#2104=ORIENTED_EDGE('',*,*,#3843,.F.);
#2105=ORIENTED_EDGE('',*,*,#3839,.F.);
#2106=ORIENTED_EDGE('',*,*,#3844,.F.);
#2107=ORIENTED_EDGE('',*,*,#3827,.T.);
#2108=ORIENTED_EDGE('',*,*,#3845,.T.);
#2109=ORIENTED_EDGE('',*,*,#3846,.F.);
#2110=ORIENTED_EDGE('',*,*,#3842,.F.);
#2111=ORIENTED_EDGE('',*,*,#3826,.T.);
#2112=ORIENTED_EDGE('',*,*,#3847,.T.);
#2113=ORIENTED_EDGE('',*,*,#3848,.T.);
#2114=ORIENTED_EDGE('',*,*,#3845,.F.);
#2115=ORIENTED_EDGE('',*,*,#3818,.F.);
#2116=ORIENTED_EDGE('',*,*,#3849,.T.);
#2117=ORIENTED_EDGE('',*,*,#3850,.F.);
#2118=ORIENTED_EDGE('',*,*,#3851,.T.);
#2119=ORIENTED_EDGE('',*,*,#3817,.F.);
#2120=ORIENTED_EDGE('',*,*,#3852,.T.);
#2121=ORIENTED_EDGE('',*,*,#3853,.F.);
#2122=ORIENTED_EDGE('',*,*,#3849,.F.);
#2123=ORIENTED_EDGE('',*,*,#3854,.F.);
#2124=ORIENTED_EDGE('',*,*,#3800,.F.);
#2125=ORIENTED_EDGE('',*,*,#3855,.T.);
#2126=ORIENTED_EDGE('',*,*,#3856,.F.);
#2127=ORIENTED_EDGE('',*,*,#3852,.F.);
#2128=ORIENTED_EDGE('',*,*,#3816,.F.);
#2129=ORIENTED_EDGE('',*,*,#3813,.T.);
#2130=ORIENTED_EDGE('',*,*,#3857,.T.);
#2131=ORIENTED_EDGE('',*,*,#3858,.F.);
#2132=ORIENTED_EDGE('',*,*,#3855,.F.);
#2133=ORIENTED_EDGE('',*,*,#3812,.F.);
#2134=ORIENTED_EDGE('',*,*,#3859,.T.);
#2135=ORIENTED_EDGE('',*,*,#3860,.T.);
#2136=ORIENTED_EDGE('',*,*,#3857,.F.);
#2137=ORIENTED_EDGE('',*,*,#3804,.F.);
#2138=ORIENTED_EDGE('',*,*,#3861,.T.);
#2139=ORIENTED_EDGE('',*,*,#3862,.F.);
#2140=ORIENTED_EDGE('',*,*,#3863,.T.);
#2141=ORIENTED_EDGE('',*,*,#3802,.T.);
#2142=ORIENTED_EDGE('',*,*,#3864,.T.);
#2143=ORIENTED_EDGE('',*,*,#3814,.T.);
#2144=ORIENTED_EDGE('',*,*,#3865,.T.);
#2145=ORIENTED_EDGE('',*,*,#3866,.T.);
#2146=ORIENTED_EDGE('',*,*,#3867,.T.);
#2147=ORIENTED_EDGE('',*,*,#3868,.T.);
#2148=ORIENTED_EDGE('',*,*,#3869,.T.);
#2149=ORIENTED_EDGE('',*,*,#3870,.F.);
#2150=ORIENTED_EDGE('',*,*,#3871,.T.);
#2151=ORIENTED_EDGE('',*,*,#3872,.F.);
#2152=ORIENTED_EDGE('',*,*,#3873,.T.);
#2153=ORIENTED_EDGE('',*,*,#3874,.T.);
#2154=ORIENTED_EDGE('',*,*,#3875,.T.);
#2155=ORIENTED_EDGE('',*,*,#3866,.F.);
#2156=ORIENTED_EDGE('',*,*,#3876,.T.);
#2157=ORIENTED_EDGE('',*,*,#3844,.T.);
#2158=ORIENTED_EDGE('',*,*,#3838,.F.);
#2159=ORIENTED_EDGE('',*,*,#3834,.T.);
#2160=ORIENTED_EDGE('',*,*,#3877,.T.);
#2161=ORIENTED_EDGE('',*,*,#3878,.T.);
#2162=ORIENTED_EDGE('',*,*,#3879,.F.);
#2163=ORIENTED_EDGE('',*,*,#3880,.T.);
#2164=ORIENTED_EDGE('',*,*,#3881,.F.);
#2165=ORIENTED_EDGE('',*,*,#3882,.F.);
#2166=ORIENTED_EDGE('',*,*,#3883,.F.);
#2167=ORIENTED_EDGE('',*,*,#3872,.T.);
#2168=ORIENTED_EDGE('',*,*,#3884,.T.);
#2169=ORIENTED_EDGE('',*,*,#3885,.T.);
#2170=ORIENTED_EDGE('',*,*,#3886,.T.);
#2171=ORIENTED_EDGE('',*,*,#3887,.T.);
#2172=ORIENTED_EDGE('',*,*,#3888,.T.);
#2173=ORIENTED_EDGE('',*,*,#3889,.F.);
#2174=ORIENTED_EDGE('',*,*,#3890,.F.);
#2175=ORIENTED_EDGE('',*,*,#3861,.F.);
#2176=ORIENTED_EDGE('',*,*,#3803,.F.);
#2177=ORIENTED_EDGE('',*,*,#3871,.F.);
#2178=ORIENTED_EDGE('',*,*,#3891,.F.);
#2179=ORIENTED_EDGE('',*,*,#3832,.T.);
#2180=ORIENTED_EDGE('',*,*,#3892,.T.);
#2181=ORIENTED_EDGE('',*,*,#3798,.T.);
#2182=ORIENTED_EDGE('',*,*,#3893,.F.);
#2183=ORIENTED_EDGE('',*,*,#3867,.F.);
#2184=ORIENTED_EDGE('',*,*,#3884,.F.);
#2185=ORIENTED_EDGE('',*,*,#3875,.F.);
#2186=ORIENTED_EDGE('',*,*,#3894,.F.);
#2187=ORIENTED_EDGE('',*,*,#3895,.F.);
#2188=ORIENTED_EDGE('',*,*,#3896,.T.);
#2189=ORIENTED_EDGE('',*,*,#3897,.T.);
#2190=ORIENTED_EDGE('',*,*,#3898,.T.);
#2191=ORIENTED_EDGE('',*,*,#3899,.F.);
#2192=ORIENTED_EDGE('',*,*,#3882,.T.);
#2193=ORIENTED_EDGE('',*,*,#3900,.F.);
#2194=ORIENTED_EDGE('',*,*,#3901,.T.);
#2195=ORIENTED_EDGE('',*,*,#3883,.T.);
#2196=ORIENTED_EDGE('',*,*,#3899,.T.);
#2197=ORIENTED_EDGE('',*,*,#3873,.F.);
#2198=ORIENTED_EDGE('',*,*,#3902,.F.);
#2199=ORIENTED_EDGE('',*,*,#3824,.T.);
#2200=ORIENTED_EDGE('',*,*,#3903,.F.);
#2201=ORIENTED_EDGE('',*,*,#3904,.T.);
#2202=ORIENTED_EDGE('',*,*,#3825,.F.);
#2203=ORIENTED_EDGE('',*,*,#3902,.T.);
#2204=ORIENTED_EDGE('',*,*,#3847,.F.);
#2205=ORIENTED_EDGE('',*,*,#3905,.F.);
#2206=ORIENTED_EDGE('',*,*,#3877,.F.);
#2207=ORIENTED_EDGE('',*,*,#3837,.F.);
#2208=ORIENTED_EDGE('',*,*,#3906,.F.);
#2209=ORIENTED_EDGE('',*,*,#3907,.F.);
#2210=ORIENTED_EDGE('',*,*,#3878,.F.);
#2211=ORIENTED_EDGE('',*,*,#3905,.T.);
#2212=ORIENTED_EDGE('',*,*,#3908,.F.);
#2213=ORIENTED_EDGE('',*,*,#3810,.T.);
#2214=ORIENTED_EDGE('',*,*,#3909,.F.);
#2215=ORIENTED_EDGE('',*,*,#3910,.T.);
#2216=ORIENTED_EDGE('',*,*,#3811,.F.);
#2217=ORIENTED_EDGE('',*,*,#3908,.T.);
#2218=ORIENTED_EDGE('',*,*,#3859,.F.);
#2219=ORIENTED_EDGE('',*,*,#3911,.F.);
#2220=ORIENTED_EDGE('',*,*,#3819,.T.);
#2221=ORIENTED_EDGE('',*,*,#3851,.F.);
#2222=ORIENTED_EDGE('',*,*,#3912,.F.);
#2223=ORIENTED_EDGE('',*,*,#3913,.F.);
#2224=ORIENTED_EDGE('',*,*,#3820,.T.);
#2225=ORIENTED_EDGE('',*,*,#3911,.T.);
#2226=ORIENTED_EDGE('',*,*,#3914,.F.);
#2227=ORIENTED_EDGE('',*,*,#3805,.F.);
#2228=ORIENTED_EDGE('',*,*,#3863,.F.);
#2229=ORIENTED_EDGE('',*,*,#3915,.F.);
#2230=ORIENTED_EDGE('',*,*,#3916,.F.);
#2231=ORIENTED_EDGE('',*,*,#3806,.T.);
#2232=ORIENTED_EDGE('',*,*,#3914,.T.);
#2233=ORIENTED_EDGE('',*,*,#3910,.F.);
#2234=ORIENTED_EDGE('',*,*,#3917,.T.);
#2235=ORIENTED_EDGE('',*,*,#3918,.F.);
#2236=ORIENTED_EDGE('',*,*,#3919,.T.);
#2237=ORIENTED_EDGE('',*,*,#3912,.T.);
#2238=ORIENTED_EDGE('',*,*,#3850,.T.);
#2239=ORIENTED_EDGE('',*,*,#3853,.T.);
#2240=ORIENTED_EDGE('',*,*,#3856,.T.);
#2241=ORIENTED_EDGE('',*,*,#3858,.T.);
#2242=ORIENTED_EDGE('',*,*,#3860,.F.);
#2243=ORIENTED_EDGE('',*,*,#3904,.F.);
#2244=ORIENTED_EDGE('',*,*,#3920,.T.);
#2245=ORIENTED_EDGE('',*,*,#3921,.F.);
#2246=ORIENTED_EDGE('',*,*,#3922,.T.);
#2247=ORIENTED_EDGE('',*,*,#3906,.T.);
#2248=ORIENTED_EDGE('',*,*,#3836,.T.);
#2249=ORIENTED_EDGE('',*,*,#3840,.T.);
#2250=ORIENTED_EDGE('',*,*,#3843,.T.);
#2251=ORIENTED_EDGE('',*,*,#3846,.T.);
#2252=ORIENTED_EDGE('',*,*,#3848,.F.);
#2253=ORIENTED_EDGE('',*,*,#3890,.T.);
#2254=ORIENTED_EDGE('',*,*,#3923,.F.);
#2255=ORIENTED_EDGE('',*,*,#3924,.T.);
#2256=ORIENTED_EDGE('',*,*,#3915,.T.);
#2257=ORIENTED_EDGE('',*,*,#3862,.T.);
#2258=ORIENTED_EDGE('',*,*,#3901,.F.);
#2259=ORIENTED_EDGE('',*,*,#3925,.T.);
#2260=ORIENTED_EDGE('',*,*,#3926,.F.);
#2261=ORIENTED_EDGE('',*,*,#3894,.T.);
#2262=ORIENTED_EDGE('',*,*,#3874,.F.);
#2263=ORIENTED_EDGE('',*,*,#3797,.F.);
#2264=ORIENTED_EDGE('',*,*,#3927,.T.);
#2265=ORIENTED_EDGE('',*,*,#3868,.F.);
#2266=ORIENTED_EDGE('',*,*,#3893,.T.);
#2267=ORIENTED_EDGE('',*,*,#3796,.T.);
#2268=ORIENTED_EDGE('',*,*,#3928,.F.);
#2269=ORIENTED_EDGE('',*,*,#3869,.F.);
#2270=ORIENTED_EDGE('',*,*,#3927,.F.);
#2271=ORIENTED_EDGE('',*,*,#3795,.T.);
#2272=ORIENTED_EDGE('',*,*,#3929,.T.);
#2273=ORIENTED_EDGE('',*,*,#3833,.T.);
#2274=ORIENTED_EDGE('',*,*,#3891,.T.);
#2275=ORIENTED_EDGE('',*,*,#3870,.T.);
#2276=ORIENTED_EDGE('',*,*,#3928,.T.);
#2277=ORIENTED_EDGE('',*,*,#3831,.T.);
#2278=ORIENTED_EDGE('',*,*,#3930,.T.);
#2279=ORIENTED_EDGE('',*,*,#3799,.T.);
#2280=ORIENTED_EDGE('',*,*,#3898,.F.);
#2281=ORIENTED_EDGE('',*,*,#3931,.T.);
#2282=ORIENTED_EDGE('',*,*,#3886,.F.);
#2283=ORIENTED_EDGE('',*,*,#3931,.F.);
#2284=ORIENTED_EDGE('',*,*,#3897,.F.);
#2285=ORIENTED_EDGE('',*,*,#3932,.F.);
#2286=ORIENTED_EDGE('',*,*,#3887,.F.);
#2287=ORIENTED_EDGE('',*,*,#3896,.F.);
#2288=ORIENTED_EDGE('',*,*,#3933,.F.);
#2289=ORIENTED_EDGE('',*,*,#3888,.F.);
#2290=ORIENTED_EDGE('',*,*,#3932,.T.);
#2291=ORIENTED_EDGE('',*,*,#3934,.F.);
#2292=ORIENTED_EDGE('',*,*,#3807,.T.);
#2293=ORIENTED_EDGE('',*,*,#3916,.T.);
#2294=ORIENTED_EDGE('',*,*,#3924,.F.);
#2295=ORIENTED_EDGE('',*,*,#3935,.F.);
#2296=ORIENTED_EDGE('',*,*,#3821,.F.);
#2297=ORIENTED_EDGE('',*,*,#3913,.T.);
#2298=ORIENTED_EDGE('',*,*,#3919,.F.);
#2299=ORIENTED_EDGE('',*,*,#3909,.T.);
#2300=ORIENTED_EDGE('',*,*,#3809,.T.);
#2301=ORIENTED_EDGE('',*,*,#3936,.F.);
#2302=ORIENTED_EDGE('',*,*,#3917,.F.);
#2303=ORIENTED_EDGE('',*,*,#3937,.F.);
#2304=ORIENTED_EDGE('',*,*,#3879,.T.);
#2305=ORIENTED_EDGE('',*,*,#3907,.T.);
#2306=ORIENTED_EDGE('',*,*,#3922,.F.);
#2307=ORIENTED_EDGE('',*,*,#3903,.T.);
#2308=ORIENTED_EDGE('',*,*,#3823,.T.);
#2309=ORIENTED_EDGE('',*,*,#3938,.F.);
#2310=ORIENTED_EDGE('',*,*,#3920,.F.);
#2311=ORIENTED_EDGE('',*,*,#3900,.T.);
#2312=ORIENTED_EDGE('',*,*,#3881,.T.);
#2313=ORIENTED_EDGE('',*,*,#3939,.F.);
#2314=ORIENTED_EDGE('',*,*,#3925,.F.);
#2315=ORIENTED_EDGE('',*,*,#3939,.T.);
#2316=ORIENTED_EDGE('',*,*,#3880,.F.);
#2317=ORIENTED_EDGE('',*,*,#3937,.T.);
#2318=ORIENTED_EDGE('',*,*,#3921,.T.);
#2319=ORIENTED_EDGE('',*,*,#3938,.T.);
#2320=ORIENTED_EDGE('',*,*,#3822,.F.);
#2321=ORIENTED_EDGE('',*,*,#3935,.T.);
#2322=ORIENTED_EDGE('',*,*,#3918,.T.);
#2323=ORIENTED_EDGE('',*,*,#3936,.T.);
#2324=ORIENTED_EDGE('',*,*,#3808,.F.);
#2325=ORIENTED_EDGE('',*,*,#3934,.T.);
#2326=ORIENTED_EDGE('',*,*,#3923,.T.);
#2327=ORIENTED_EDGE('',*,*,#3889,.T.);
#2328=ORIENTED_EDGE('',*,*,#3933,.T.);
#2329=ORIENTED_EDGE('',*,*,#3895,.T.);
#2330=ORIENTED_EDGE('',*,*,#3926,.T.);
#2331=ORIENTED_EDGE('',*,*,#3841,.T.);
#2332=ORIENTED_EDGE('',*,*,#3876,.F.);
#2333=ORIENTED_EDGE('',*,*,#3865,.F.);
#2334=ORIENTED_EDGE('',*,*,#3829,.F.);
#2335=ORIENTED_EDGE('',*,*,#3854,.T.);
#2336=ORIENTED_EDGE('',*,*,#3815,.F.);
#2337=ORIENTED_EDGE('',*,*,#3864,.F.);
#2338=ORIENTED_EDGE('',*,*,#3801,.F.);
#2339=ORIENTED_EDGE('',*,*,#3794,.T.);
#2340=ORIENTED_EDGE('',*,*,#3930,.F.);
#2341=ORIENTED_EDGE('',*,*,#3830,.T.);
#2342=ORIENTED_EDGE('',*,*,#3929,.F.);
#2343=ORIENTED_EDGE('',*,*,#3892,.F.);
#2344=ORIENTED_EDGE('',*,*,#3885,.F.);
#2345=ORIENTED_EDGE('',*,*,#3940,.F.);
#2346=ORIENTED_EDGE('',*,*,#3941,.F.);
#2347=ORIENTED_EDGE('',*,*,#3942,.T.);
#2348=ORIENTED_EDGE('',*,*,#3943,.F.);
#2349=ORIENTED_EDGE('',*,*,#3944,.F.);
#2350=ORIENTED_EDGE('',*,*,#3945,.T.);
#2351=ORIENTED_EDGE('',*,*,#3946,.T.);
#2352=ORIENTED_EDGE('',*,*,#3947,.T.);
#2353=ORIENTED_EDGE('',*,*,#3948,.F.);
#2354=ORIENTED_EDGE('',*,*,#3949,.F.);
#2355=ORIENTED_EDGE('',*,*,#3950,.T.);
#2356=ORIENTED_EDGE('',*,*,#3951,.F.);
#2357=ORIENTED_EDGE('',*,*,#3952,.T.);
#2358=ORIENTED_EDGE('',*,*,#3953,.F.);
#2359=ORIENTED_EDGE('',*,*,#3954,.F.);
#2360=ORIENTED_EDGE('',*,*,#3955,.F.);
#2361=ORIENTED_EDGE('',*,*,#3956,.F.);
#2362=ORIENTED_EDGE('',*,*,#3957,.F.);
#2363=ORIENTED_EDGE('',*,*,#3958,.F.);
#2364=ORIENTED_EDGE('',*,*,#3959,.F.);
#2365=ORIENTED_EDGE('',*,*,#3960,.F.);
#2366=ORIENTED_EDGE('',*,*,#3961,.T.);
#2367=ORIENTED_EDGE('',*,*,#3962,.T.);
#2368=ORIENTED_EDGE('',*,*,#3963,.T.);
#2369=ORIENTED_EDGE('',*,*,#3964,.T.);
#2370=ORIENTED_EDGE('',*,*,#3965,.T.);
#2371=ORIENTED_EDGE('',*,*,#3966,.T.);
#2372=ORIENTED_EDGE('',*,*,#3967,.T.);
#2373=ORIENTED_EDGE('',*,*,#3968,.F.);
#2374=ORIENTED_EDGE('',*,*,#3969,.T.);
#2375=ORIENTED_EDGE('',*,*,#3970,.F.);
#2376=ORIENTED_EDGE('',*,*,#3971,.F.);
#2377=ORIENTED_EDGE('',*,*,#3972,.F.);
#2378=ORIENTED_EDGE('',*,*,#3973,.T.);
#2379=ORIENTED_EDGE('',*,*,#3974,.F.);
#2380=ORIENTED_EDGE('',*,*,#3975,.T.);
#2381=ORIENTED_EDGE('',*,*,#3976,.T.);
#2382=ORIENTED_EDGE('',*,*,#3977,.F.);
#2383=ORIENTED_EDGE('',*,*,#3978,.F.);
#2384=ORIENTED_EDGE('',*,*,#3979,.T.);
#2385=ORIENTED_EDGE('',*,*,#3980,.F.);
#2386=ORIENTED_EDGE('',*,*,#3981,.T.);
#2387=ORIENTED_EDGE('',*,*,#3982,.F.);
#2388=ORIENTED_EDGE('',*,*,#3979,.F.);
#2389=ORIENTED_EDGE('',*,*,#3983,.T.);
#2390=ORIENTED_EDGE('',*,*,#3981,.F.);
#2391=ORIENTED_EDGE('',*,*,#3984,.T.);
#2392=ORIENTED_EDGE('',*,*,#3985,.F.);
#2393=ORIENTED_EDGE('',*,*,#3986,.T.);
#2394=ORIENTED_EDGE('',*,*,#3987,.T.);
#2395=ORIENTED_EDGE('',*,*,#3988,.F.);
#2396=ORIENTED_EDGE('',*,*,#3989,.T.);
#2397=ORIENTED_EDGE('',*,*,#3990,.T.);
#2398=ORIENTED_EDGE('',*,*,#3991,.T.);
#2399=ORIENTED_EDGE('',*,*,#3992,.F.);
#2400=ORIENTED_EDGE('',*,*,#3993,.F.);
#2401=ORIENTED_EDGE('',*,*,#3994,.F.);
#2402=ORIENTED_EDGE('',*,*,#3995,.F.);
#2403=ORIENTED_EDGE('',*,*,#3996,.F.);
#2404=ORIENTED_EDGE('',*,*,#3997,.F.);
#2405=ORIENTED_EDGE('',*,*,#3998,.F.);
#2406=ORIENTED_EDGE('',*,*,#3976,.F.);
#2407=ORIENTED_EDGE('',*,*,#3999,.F.);
#2408=ORIENTED_EDGE('',*,*,#4000,.F.);
#2409=ORIENTED_EDGE('',*,*,#4001,.F.);
#2410=ORIENTED_EDGE('',*,*,#4002,.F.);
#2411=ORIENTED_EDGE('',*,*,#4003,.F.);
#2412=ORIENTED_EDGE('',*,*,#4004,.T.);
#2413=ORIENTED_EDGE('',*,*,#4005,.T.);
#2414=ORIENTED_EDGE('',*,*,#4006,.T.);
#2415=ORIENTED_EDGE('',*,*,#4007,.F.);
#2416=ORIENTED_EDGE('',*,*,#4008,.T.);
#2417=ORIENTED_EDGE('',*,*,#4009,.T.);
#2418=ORIENTED_EDGE('',*,*,#4010,.F.);
#2419=ORIENTED_EDGE('',*,*,#4011,.T.);
#2420=ORIENTED_EDGE('',*,*,#4003,.T.);
#2421=ORIENTED_EDGE('',*,*,#4012,.F.);
#2422=ORIENTED_EDGE('',*,*,#3992,.T.);
#2423=ORIENTED_EDGE('',*,*,#4013,.T.);
#2424=ORIENTED_EDGE('',*,*,#4004,.F.);
#2425=ORIENTED_EDGE('',*,*,#4013,.F.);
#2426=ORIENTED_EDGE('',*,*,#3991,.F.);
#2427=ORIENTED_EDGE('',*,*,#4014,.T.);
#2428=ORIENTED_EDGE('',*,*,#3990,.F.);
#2429=ORIENTED_EDGE('',*,*,#4015,.F.);
#2430=ORIENTED_EDGE('',*,*,#4005,.F.);
#2431=ORIENTED_EDGE('',*,*,#4014,.F.);
#2432=ORIENTED_EDGE('',*,*,#3989,.F.);
#2433=ORIENTED_EDGE('',*,*,#4016,.T.);
#2434=ORIENTED_EDGE('',*,*,#4006,.F.);
#2435=ORIENTED_EDGE('',*,*,#4015,.T.);
#2436=ORIENTED_EDGE('',*,*,#4007,.T.);
#2437=ORIENTED_EDGE('',*,*,#4016,.F.);
#2438=ORIENTED_EDGE('',*,*,#3988,.T.);
#2439=ORIENTED_EDGE('',*,*,#4017,.T.);
#2440=ORIENTED_EDGE('',*,*,#3987,.F.);
#2441=ORIENTED_EDGE('',*,*,#4018,.F.);
#2442=ORIENTED_EDGE('',*,*,#4008,.F.);
#2443=ORIENTED_EDGE('',*,*,#4017,.F.);
#2444=ORIENTED_EDGE('',*,*,#3986,.F.);
#2445=ORIENTED_EDGE('',*,*,#4019,.T.);
#2446=ORIENTED_EDGE('',*,*,#4009,.F.);
#2447=ORIENTED_EDGE('',*,*,#4018,.T.);
#2448=ORIENTED_EDGE('',*,*,#4010,.T.);
#2449=ORIENTED_EDGE('',*,*,#4019,.F.);
#2450=ORIENTED_EDGE('',*,*,#3985,.T.);
#2451=ORIENTED_EDGE('',*,*,#4020,.T.);
#2452=ORIENTED_EDGE('',*,*,#3984,.F.);
#2453=ORIENTED_EDGE('',*,*,#3980,.T.);
#2454=ORIENTED_EDGE('',*,*,#4011,.F.);
#2455=ORIENTED_EDGE('',*,*,#4020,.F.);
#2456=ORIENTED_EDGE('',*,*,#4002,.T.);
#2457=ORIENTED_EDGE('',*,*,#4021,.T.);
#2458=ORIENTED_EDGE('',*,*,#3993,.T.);
#2459=ORIENTED_EDGE('',*,*,#4012,.T.);
#2460=ORIENTED_EDGE('',*,*,#4001,.T.);
#2461=ORIENTED_EDGE('',*,*,#4022,.T.);
#2462=ORIENTED_EDGE('',*,*,#4023,.F.);
#2463=ORIENTED_EDGE('',*,*,#4024,.T.);
#2464=ORIENTED_EDGE('',*,*,#4025,.T.);
#2465=ORIENTED_EDGE('',*,*,#4026,.T.);
#2466=ORIENTED_EDGE('',*,*,#4027,.F.);
#2467=ORIENTED_EDGE('',*,*,#4028,.T.);
#2468=ORIENTED_EDGE('',*,*,#4029,.T.);
#2469=ORIENTED_EDGE('',*,*,#4030,.T.);
#2470=ORIENTED_EDGE('',*,*,#3994,.T.);
#2471=ORIENTED_EDGE('',*,*,#4021,.F.);
#2472=ORIENTED_EDGE('',*,*,#3983,.F.);
#2473=ORIENTED_EDGE('',*,*,#3978,.T.);
#2474=ORIENTED_EDGE('',*,*,#4031,.F.);
#2475=ORIENTED_EDGE('',*,*,#4032,.F.);
#2476=ORIENTED_EDGE('',*,*,#3997,.T.);
#2477=ORIENTED_EDGE('',*,*,#4033,.T.);
#2478=ORIENTED_EDGE('',*,*,#4034,.F.);
#2479=ORIENTED_EDGE('',*,*,#4035,.F.);
#2480=ORIENTED_EDGE('',*,*,#4036,.T.);
#2481=ORIENTED_EDGE('',*,*,#4037,.T.);
#2482=ORIENTED_EDGE('',*,*,#4038,.T.);
#2483=ORIENTED_EDGE('',*,*,#4039,.T.);
#2484=ORIENTED_EDGE('',*,*,#4040,.T.);
#2485=ORIENTED_EDGE('',*,*,#4041,.T.);
#2486=ORIENTED_EDGE('',*,*,#4042,.T.);
#2487=ORIENTED_EDGE('',*,*,#4043,.T.);
#2488=ORIENTED_EDGE('',*,*,#4044,.T.);
#2489=ORIENTED_EDGE('',*,*,#4045,.T.);
#2490=ORIENTED_EDGE('',*,*,#4046,.T.);
#2491=ORIENTED_EDGE('',*,*,#4047,.T.);
#2492=ORIENTED_EDGE('',*,*,#4000,.T.);
#2493=ORIENTED_EDGE('',*,*,#4048,.T.);
#2494=ORIENTED_EDGE('',*,*,#4049,.T.);
#2495=ORIENTED_EDGE('',*,*,#4038,.F.);
#2496=ORIENTED_EDGE('',*,*,#4050,.T.);
#2497=ORIENTED_EDGE('',*,*,#4051,.T.);
#2498=ORIENTED_EDGE('',*,*,#4052,.T.);
#2499=ORIENTED_EDGE('',*,*,#4053,.T.);
#2500=ORIENTED_EDGE('',*,*,#4022,.F.);
#2501=ORIENTED_EDGE('',*,*,#3995,.T.);
#2502=ORIENTED_EDGE('',*,*,#4030,.F.);
#2503=ORIENTED_EDGE('',*,*,#4054,.T.);
#2504=ORIENTED_EDGE('',*,*,#4055,.T.);
#2505=ORIENTED_EDGE('',*,*,#4056,.T.);
#2506=ORIENTED_EDGE('',*,*,#4057,.T.);
#2507=ORIENTED_EDGE('',*,*,#4046,.F.);
#2508=ORIENTED_EDGE('',*,*,#4058,.T.);
#2509=ORIENTED_EDGE('',*,*,#4059,.T.);
#2510=ORIENTED_EDGE('',*,*,#4060,.T.);
#2511=ORIENTED_EDGE('',*,*,#4061,.T.);
#2512=ORIENTED_EDGE('',*,*,#4042,.F.);
#2513=ORIENTED_EDGE('',*,*,#4062,.T.);
#2514=ORIENTED_EDGE('',*,*,#4063,.T.);
#2515=ORIENTED_EDGE('',*,*,#4064,.T.);
#2516=ORIENTED_EDGE('',*,*,#4065,.T.);
#2517=ORIENTED_EDGE('',*,*,#4026,.F.);
#2518=ORIENTED_EDGE('',*,*,#4066,.T.);
#2519=ORIENTED_EDGE('',*,*,#4067,.T.);
#2520=ORIENTED_EDGE('',*,*,#4032,.T.);
#2521=ORIENTED_EDGE('',*,*,#4068,.T.);
#2522=ORIENTED_EDGE('',*,*,#3955,.T.);
#2523=ORIENTED_EDGE('',*,*,#4069,.T.);
#2524=ORIENTED_EDGE('',*,*,#3971,.T.);
#2525=ORIENTED_EDGE('',*,*,#4070,.T.);
#2526=ORIENTED_EDGE('',*,*,#3977,.T.);
#2527=ORIENTED_EDGE('',*,*,#3998,.T.);
#2528=ORIENTED_EDGE('',*,*,#4071,.T.);
#2529=ORIENTED_EDGE('',*,*,#3942,.F.);
#2530=ORIENTED_EDGE('',*,*,#4072,.F.);
#2531=ORIENTED_EDGE('',*,*,#4047,.F.);
#2532=ORIENTED_EDGE('',*,*,#4057,.F.);
#2533=ORIENTED_EDGE('',*,*,#4073,.F.);
#2534=ORIENTED_EDGE('',*,*,#4035,.T.);
#2535=ORIENTED_EDGE('',*,*,#4074,.F.);
#2536=ORIENTED_EDGE('',*,*,#4044,.F.);
#2537=ORIENTED_EDGE('',*,*,#4072,.T.);
#2538=ORIENTED_EDGE('',*,*,#3941,.T.);
#2539=ORIENTED_EDGE('',*,*,#4074,.T.);
#2540=ORIENTED_EDGE('',*,*,#4034,.T.);
#2541=ORIENTED_EDGE('',*,*,#4075,.F.);
#2542=ORIENTED_EDGE('',*,*,#4058,.F.);
#2543=ORIENTED_EDGE('',*,*,#4045,.F.);
#2544=ORIENTED_EDGE('',*,*,#4075,.T.);
#2545=ORIENTED_EDGE('',*,*,#4033,.F.);
#2546=ORIENTED_EDGE('',*,*,#3996,.T.);
#2547=ORIENTED_EDGE('',*,*,#4059,.F.);
#2548=ORIENTED_EDGE('',*,*,#3949,.T.);
#2549=ORIENTED_EDGE('',*,*,#4076,.F.);
#2550=ORIENTED_EDGE('',*,*,#4077,.T.);
#2551=ORIENTED_EDGE('',*,*,#3950,.F.);
#2552=ORIENTED_EDGE('',*,*,#4077,.F.);
#2553=ORIENTED_EDGE('',*,*,#4078,.F.);
#2554=ORIENTED_EDGE('',*,*,#4064,.F.);
#2555=ORIENTED_EDGE('',*,*,#4079,.F.);
#2556=ORIENTED_EDGE('',*,*,#3948,.T.);
#2557=ORIENTED_EDGE('',*,*,#4080,.F.);
#2558=ORIENTED_EDGE('',*,*,#4027,.T.);
#2559=ORIENTED_EDGE('',*,*,#4065,.F.);
#2560=ORIENTED_EDGE('',*,*,#4078,.T.);
#2561=ORIENTED_EDGE('',*,*,#4076,.T.);
#2562=ORIENTED_EDGE('',*,*,#3944,.T.);
#2563=ORIENTED_EDGE('',*,*,#4081,.F.);
#2564=ORIENTED_EDGE('',*,*,#4055,.F.);
#2565=ORIENTED_EDGE('',*,*,#4082,.F.);
#2566=ORIENTED_EDGE('',*,*,#4083,.T.);
#2567=ORIENTED_EDGE('',*,*,#3945,.F.);
#2568=ORIENTED_EDGE('',*,*,#4083,.F.);
#2569=ORIENTED_EDGE('',*,*,#4084,.F.);
#2570=ORIENTED_EDGE('',*,*,#3946,.F.);
#2571=ORIENTED_EDGE('',*,*,#4084,.T.);
#2572=ORIENTED_EDGE('',*,*,#4082,.T.);
#2573=ORIENTED_EDGE('',*,*,#4054,.F.);
#2574=ORIENTED_EDGE('',*,*,#4029,.F.);
#2575=ORIENTED_EDGE('',*,*,#4085,.F.);
#2576=ORIENTED_EDGE('',*,*,#3947,.F.);
#2577=ORIENTED_EDGE('',*,*,#4085,.T.);
#2578=ORIENTED_EDGE('',*,*,#4028,.F.);
#2579=ORIENTED_EDGE('',*,*,#4080,.T.);
#2580=ORIENTED_EDGE('',*,*,#4081,.T.);
#2581=ORIENTED_EDGE('',*,*,#3943,.T.);
#2582=ORIENTED_EDGE('',*,*,#4071,.F.);
#2583=ORIENTED_EDGE('',*,*,#4056,.F.);
#2584=ORIENTED_EDGE('',*,*,#4086,.T.);
#2585=ORIENTED_EDGE('',*,*,#3958,.T.);
#2586=ORIENTED_EDGE('',*,*,#4087,.F.);
#2587=ORIENTED_EDGE('',*,*,#4043,.F.);
#2588=ORIENTED_EDGE('',*,*,#4061,.F.);
#2589=ORIENTED_EDGE('',*,*,#4088,.F.);
#2590=ORIENTED_EDGE('',*,*,#3953,.T.);
#2591=ORIENTED_EDGE('',*,*,#4089,.F.);
#2592=ORIENTED_EDGE('',*,*,#4040,.F.);
#2593=ORIENTED_EDGE('',*,*,#4087,.T.);
#2594=ORIENTED_EDGE('',*,*,#3957,.T.);
#2595=ORIENTED_EDGE('',*,*,#4089,.T.);
#2596=ORIENTED_EDGE('',*,*,#3952,.F.);
#2597=ORIENTED_EDGE('',*,*,#4090,.F.);
#2598=ORIENTED_EDGE('',*,*,#4062,.F.);
#2599=ORIENTED_EDGE('',*,*,#4041,.F.);
#2600=ORIENTED_EDGE('',*,*,#3965,.F.);
#2601=ORIENTED_EDGE('',*,*,#4091,.F.);
#2602=ORIENTED_EDGE('',*,*,#4092,.T.);
#2603=ORIENTED_EDGE('',*,*,#3966,.F.);
#2604=ORIENTED_EDGE('',*,*,#4092,.F.);
#2605=ORIENTED_EDGE('',*,*,#4093,.F.);
#2606=ORIENTED_EDGE('',*,*,#4052,.F.);
#2607=ORIENTED_EDGE('',*,*,#4094,.F.);
#2608=ORIENTED_EDGE('',*,*,#3964,.F.);
#2609=ORIENTED_EDGE('',*,*,#4095,.F.);
#2610=ORIENTED_EDGE('',*,*,#4023,.T.);
#2611=ORIENTED_EDGE('',*,*,#4053,.F.);
#2612=ORIENTED_EDGE('',*,*,#4093,.T.);
#2613=ORIENTED_EDGE('',*,*,#4091,.T.);
#2614=ORIENTED_EDGE('',*,*,#3960,.T.);
#2615=ORIENTED_EDGE('',*,*,#4096,.F.);
#2616=ORIENTED_EDGE('',*,*,#4067,.F.);
#2617=ORIENTED_EDGE('',*,*,#4097,.F.);
#2618=ORIENTED_EDGE('',*,*,#4098,.T.);
#2619=ORIENTED_EDGE('',*,*,#3961,.F.);
#2620=ORIENTED_EDGE('',*,*,#4098,.F.);
#2621=ORIENTED_EDGE('',*,*,#4099,.F.);
#2622=ORIENTED_EDGE('',*,*,#3962,.F.);
#2623=ORIENTED_EDGE('',*,*,#4099,.T.);
#2624=ORIENTED_EDGE('',*,*,#4097,.T.);
#2625=ORIENTED_EDGE('',*,*,#4066,.F.);
#2626=ORIENTED_EDGE('',*,*,#4025,.F.);
#2627=ORIENTED_EDGE('',*,*,#4100,.F.);
#2628=ORIENTED_EDGE('',*,*,#3963,.F.);
#2629=ORIENTED_EDGE('',*,*,#4100,.T.);
#2630=ORIENTED_EDGE('',*,*,#4024,.F.);
#2631=ORIENTED_EDGE('',*,*,#4095,.T.);
#2632=ORIENTED_EDGE('',*,*,#4096,.T.);
#2633=ORIENTED_EDGE('',*,*,#3959,.T.);
#2634=ORIENTED_EDGE('',*,*,#4086,.F.);
#2635=ORIENTED_EDGE('',*,*,#4060,.F.);
#2636=ORIENTED_EDGE('',*,*,#4090,.T.);
#2637=ORIENTED_EDGE('',*,*,#3951,.T.);
#2638=ORIENTED_EDGE('',*,*,#4079,.T.);
#2639=ORIENTED_EDGE('',*,*,#4063,.F.);
#2640=ORIENTED_EDGE('',*,*,#4101,.T.);
#2641=ORIENTED_EDGE('',*,*,#3974,.T.);
#2642=ORIENTED_EDGE('',*,*,#4102,.F.);
#2643=ORIENTED_EDGE('',*,*,#4039,.F.);
#2644=ORIENTED_EDGE('',*,*,#4049,.F.);
#2645=ORIENTED_EDGE('',*,*,#4103,.F.);
#2646=ORIENTED_EDGE('',*,*,#3969,.F.);
#2647=ORIENTED_EDGE('',*,*,#4104,.F.);
#2648=ORIENTED_EDGE('',*,*,#4036,.F.);
#2649=ORIENTED_EDGE('',*,*,#4102,.T.);
#2650=ORIENTED_EDGE('',*,*,#3973,.F.);
#2651=ORIENTED_EDGE('',*,*,#4104,.T.);
#2652=ORIENTED_EDGE('',*,*,#3968,.T.);
#2653=ORIENTED_EDGE('',*,*,#4105,.F.);
#2654=ORIENTED_EDGE('',*,*,#4050,.F.);
#2655=ORIENTED_EDGE('',*,*,#4037,.F.);
#2656=ORIENTED_EDGE('',*,*,#3999,.T.);
#2657=ORIENTED_EDGE('',*,*,#3975,.F.);
#2658=ORIENTED_EDGE('',*,*,#4101,.F.);
#2659=ORIENTED_EDGE('',*,*,#4048,.F.);
#2660=ORIENTED_EDGE('',*,*,#4105,.T.);
#2661=ORIENTED_EDGE('',*,*,#3967,.F.);
#2662=ORIENTED_EDGE('',*,*,#4094,.T.);
#2663=ORIENTED_EDGE('',*,*,#4051,.F.);
#2664=ORIENTED_EDGE('',*,*,#3972,.T.);
#2665=ORIENTED_EDGE('',*,*,#4070,.F.);
#2666=ORIENTED_EDGE('',*,*,#3970,.T.);
#2667=ORIENTED_EDGE('',*,*,#4103,.T.);
#2668=ORIENTED_EDGE('',*,*,#3956,.T.);
#2669=ORIENTED_EDGE('',*,*,#4069,.F.);
#2670=ORIENTED_EDGE('',*,*,#3954,.T.);
#2671=ORIENTED_EDGE('',*,*,#4088,.T.);
#2672=ORIENTED_EDGE('',*,*,#3940,.T.);
#2673=ORIENTED_EDGE('',*,*,#4068,.F.);
#2674=ORIENTED_EDGE('',*,*,#4031,.T.);
#2675=ORIENTED_EDGE('',*,*,#4073,.T.);
#2676=ORIENTED_EDGE('',*,*,#3982,.T.);
#2677=ORIENTED_EDGE('',*,*,#4106,.F.);
#2678=ORIENTED_EDGE('',*,*,#4107,.T.);
#2679=ORIENTED_EDGE('',*,*,#4108,.F.);
#2680=ORIENTED_EDGE('',*,*,#4109,.T.);
#2681=ORIENTED_EDGE('',*,*,#4110,.T.);
#2682=ORIENTED_EDGE('',*,*,#4111,.F.);
#2683=ORIENTED_EDGE('',*,*,#4112,.F.);
#2684=ORIENTED_EDGE('',*,*,#4113,.T.);
#2685=ORIENTED_EDGE('',*,*,#4114,.F.);
#2686=ORIENTED_EDGE('',*,*,#4115,.F.);
#2687=ORIENTED_EDGE('',*,*,#4116,.T.);
#2688=ORIENTED_EDGE('',*,*,#4117,.T.);
#2689=ORIENTED_EDGE('',*,*,#4118,.T.);
#2690=ORIENTED_EDGE('',*,*,#4119,.F.);
#2691=ORIENTED_EDGE('',*,*,#4120,.F.);
#2692=ORIENTED_EDGE('',*,*,#4121,.F.);
#2693=ORIENTED_EDGE('',*,*,#4122,.F.);
#2694=ORIENTED_EDGE('',*,*,#4123,.T.);
#2695=ORIENTED_EDGE('',*,*,#4124,.F.);
#2696=ORIENTED_EDGE('',*,*,#4125,.F.);
#2697=ORIENTED_EDGE('',*,*,#4126,.T.);
#2698=ORIENTED_EDGE('',*,*,#4127,.F.);
#2699=ORIENTED_EDGE('',*,*,#4128,.F.);
#2700=ORIENTED_EDGE('',*,*,#4129,.T.);
#2701=ORIENTED_EDGE('',*,*,#4130,.T.);
#2702=ORIENTED_EDGE('',*,*,#4131,.F.);
#2703=ORIENTED_EDGE('',*,*,#4132,.F.);
#2704=ORIENTED_EDGE('',*,*,#4133,.T.);
#2705=ORIENTED_EDGE('',*,*,#4134,.T.);
#2706=ORIENTED_EDGE('',*,*,#4135,.T.);
#2707=ORIENTED_EDGE('',*,*,#4136,.T.);
#2708=ORIENTED_EDGE('',*,*,#4118,.F.);
#2709=ORIENTED_EDGE('',*,*,#4137,.F.);
#2710=ORIENTED_EDGE('',*,*,#4138,.F.);
#2711=ORIENTED_EDGE('',*,*,#4139,.F.);
#2712=ORIENTED_EDGE('',*,*,#4140,.F.);
#2713=ORIENTED_EDGE('',*,*,#4141,.F.);
#2714=ORIENTED_EDGE('',*,*,#4142,.T.);
#2715=ORIENTED_EDGE('',*,*,#4143,.T.);
#2716=ORIENTED_EDGE('',*,*,#4144,.T.);
#2717=ORIENTED_EDGE('',*,*,#4145,.F.);
#2718=ORIENTED_EDGE('',*,*,#4146,.T.);
#2719=ORIENTED_EDGE('',*,*,#4147,.T.);
#2720=ORIENTED_EDGE('',*,*,#4148,.F.);
#2721=ORIENTED_EDGE('',*,*,#4149,.T.);
#2722=ORIENTED_EDGE('',*,*,#4150,.F.);
#2723=ORIENTED_EDGE('',*,*,#4151,.T.);
#2724=ORIENTED_EDGE('',*,*,#4152,.F.);
#2725=ORIENTED_EDGE('',*,*,#4153,.T.);
#2726=ORIENTED_EDGE('',*,*,#4154,.F.);
#2727=ORIENTED_EDGE('',*,*,#4155,.T.);
#2728=ORIENTED_EDGE('',*,*,#4156,.T.);
#2729=ORIENTED_EDGE('',*,*,#4157,.F.);
#2730=ORIENTED_EDGE('',*,*,#4158,.T.);
#2731=ORIENTED_EDGE('',*,*,#4159,.T.);
#2732=ORIENTED_EDGE('',*,*,#4160,.T.);
#2733=ORIENTED_EDGE('',*,*,#4161,.F.);
#2734=ORIENTED_EDGE('',*,*,#4162,.F.);
#2735=ORIENTED_EDGE('',*,*,#4163,.F.);
#2736=ORIENTED_EDGE('',*,*,#4164,.F.);
#2737=ORIENTED_EDGE('',*,*,#4165,.F.);
#2738=ORIENTED_EDGE('',*,*,#4166,.F.);
#2739=ORIENTED_EDGE('',*,*,#4167,.F.);
#2740=ORIENTED_EDGE('',*,*,#4121,.T.);
#2741=ORIENTED_EDGE('',*,*,#4168,.T.);
#2742=ORIENTED_EDGE('',*,*,#4119,.T.);
#2743=ORIENTED_EDGE('',*,*,#4167,.T.);
#2744=ORIENTED_EDGE('',*,*,#4169,.T.);
#2745=ORIENTED_EDGE('',*,*,#4170,.T.);
#2746=ORIENTED_EDGE('',*,*,#4137,.T.);
#2747=ORIENTED_EDGE('',*,*,#4117,.F.);
#2748=ORIENTED_EDGE('',*,*,#4171,.T.);
#2749=ORIENTED_EDGE('',*,*,#4172,.F.);
#2750=ORIENTED_EDGE('',*,*,#4173,.T.);
#2751=ORIENTED_EDGE('',*,*,#4174,.F.);
#2752=ORIENTED_EDGE('',*,*,#4165,.T.);
#2753=ORIENTED_EDGE('',*,*,#4175,.F.);
#2754=ORIENTED_EDGE('',*,*,#4176,.F.);
#2755=ORIENTED_EDGE('',*,*,#4177,.T.);
#2756=ORIENTED_EDGE('',*,*,#4178,.F.);
#2757=ORIENTED_EDGE('',*,*,#4179,.T.);
#2758=ORIENTED_EDGE('',*,*,#4129,.F.);
#2759=ORIENTED_EDGE('',*,*,#4180,.T.);
#2760=ORIENTED_EDGE('',*,*,#4181,.F.);
#2761=ORIENTED_EDGE('',*,*,#4182,.T.);
#2762=ORIENTED_EDGE('',*,*,#4113,.F.);
#2763=ORIENTED_EDGE('',*,*,#4183,.T.);
#2764=ORIENTED_EDGE('',*,*,#4184,.F.);
#2765=ORIENTED_EDGE('',*,*,#4185,.T.);
#2766=ORIENTED_EDGE('',*,*,#4186,.T.);
#2767=ORIENTED_EDGE('',*,*,#4109,.F.);
#2768=ORIENTED_EDGE('',*,*,#4187,.F.);
#2769=ORIENTED_EDGE('',*,*,#4188,.F.);
#2770=ORIENTED_EDGE('',*,*,#4189,.T.);
#2771=ORIENTED_EDGE('',*,*,#4133,.F.);
#2772=ORIENTED_EDGE('',*,*,#4190,.T.);
#2773=ORIENTED_EDGE('',*,*,#4191,.F.);
#2774=ORIENTED_EDGE('',*,*,#4192,.T.);
#2775=ORIENTED_EDGE('',*,*,#4193,.F.);
#2776=ORIENTED_EDGE('',*,*,#4194,.T.);
#2777=ORIENTED_EDGE('',*,*,#4195,.F.);
#2778=ORIENTED_EDGE('',*,*,#4196,.T.);
#2779=ORIENTED_EDGE('',*,*,#4125,.T.);
#2780=ORIENTED_EDGE('',*,*,#4197,.F.);
#2781=ORIENTED_EDGE('',*,*,#4198,.F.);
#2782=ORIENTED_EDGE('',*,*,#4199,.T.);
#2783=ORIENTED_EDGE('',*,*,#4200,.T.);
#2784=ORIENTED_EDGE('',*,*,#4192,.F.);
#2785=ORIENTED_EDGE('',*,*,#4201,.F.);
#2786=ORIENTED_EDGE('',*,*,#4202,.F.);
#2787=ORIENTED_EDGE('',*,*,#4203,.F.);
#2788=ORIENTED_EDGE('',*,*,#4204,.F.);
#2789=ORIENTED_EDGE('',*,*,#4199,.F.);
#2790=ORIENTED_EDGE('',*,*,#4205,.F.);
#2791=ORIENTED_EDGE('',*,*,#4206,.T.);
#2792=ORIENTED_EDGE('',*,*,#4123,.F.);
#2793=ORIENTED_EDGE('',*,*,#4197,.T.);
#2794=ORIENTED_EDGE('',*,*,#4124,.T.);
#2795=ORIENTED_EDGE('',*,*,#4206,.F.);
#2796=ORIENTED_EDGE('',*,*,#4207,.F.);
#2797=ORIENTED_EDGE('',*,*,#4208,.F.);
#2798=ORIENTED_EDGE('',*,*,#4209,.T.);
#2799=ORIENTED_EDGE('',*,*,#4134,.F.);
#2800=ORIENTED_EDGE('',*,*,#4189,.F.);
#2801=ORIENTED_EDGE('',*,*,#4210,.F.);
#2802=ORIENTED_EDGE('',*,*,#4211,.F.);
#2803=ORIENTED_EDGE('',*,*,#4212,.F.);
#2804=ORIENTED_EDGE('',*,*,#4135,.F.);
#2805=ORIENTED_EDGE('',*,*,#4209,.F.);
#2806=ORIENTED_EDGE('',*,*,#4213,.F.);
#2807=ORIENTED_EDGE('',*,*,#4214,.T.);
#2808=ORIENTED_EDGE('',*,*,#4107,.F.);
#2809=ORIENTED_EDGE('',*,*,#4187,.T.);
#2810=ORIENTED_EDGE('',*,*,#4108,.T.);
#2811=ORIENTED_EDGE('',*,*,#4214,.F.);
#2812=ORIENTED_EDGE('',*,*,#4215,.F.);
#2813=ORIENTED_EDGE('',*,*,#4216,.F.);
#2814=ORIENTED_EDGE('',*,*,#4217,.T.);
#2815=ORIENTED_EDGE('',*,*,#4179,.F.);
#2816=ORIENTED_EDGE('',*,*,#4218,.T.);
#2817=ORIENTED_EDGE('',*,*,#4219,.F.);
#2818=ORIENTED_EDGE('',*,*,#4220,.T.);
#2819=ORIENTED_EDGE('',*,*,#4221,.T.);
#2820=ORIENTED_EDGE('',*,*,#4222,.T.);
#2821=ORIENTED_EDGE('',*,*,#4223,.T.);
#2822=ORIENTED_EDGE('',*,*,#4224,.T.);
#2823=ORIENTED_EDGE('',*,*,#4225,.F.);
#2824=ORIENTED_EDGE('',*,*,#4226,.F.);
#2825=ORIENTED_EDGE('',*,*,#4177,.F.);
#2826=ORIENTED_EDGE('',*,*,#4130,.F.);
#2827=ORIENTED_EDGE('',*,*,#4182,.F.);
#2828=ORIENTED_EDGE('',*,*,#4227,.T.);
#2829=ORIENTED_EDGE('',*,*,#4228,.F.);
#2830=ORIENTED_EDGE('',*,*,#4229,.T.);
#2831=ORIENTED_EDGE('',*,*,#4230,.T.);
#2832=ORIENTED_EDGE('',*,*,#4128,.T.);
#2833=ORIENTED_EDGE('',*,*,#4231,.T.);
#2834=ORIENTED_EDGE('',*,*,#4232,.T.);
#2835=ORIENTED_EDGE('',*,*,#4233,.F.);
#2836=ORIENTED_EDGE('',*,*,#4234,.F.);
#2837=ORIENTED_EDGE('',*,*,#4180,.F.);
#2838=ORIENTED_EDGE('',*,*,#4114,.T.);
#2839=ORIENTED_EDGE('',*,*,#4185,.F.);
#2840=ORIENTED_EDGE('',*,*,#4235,.T.);
#2841=ORIENTED_EDGE('',*,*,#4236,.F.);
#2842=ORIENTED_EDGE('',*,*,#4237,.T.);
#2843=ORIENTED_EDGE('',*,*,#4238,.T.);
#2844=ORIENTED_EDGE('',*,*,#4112,.T.);
#2845=ORIENTED_EDGE('',*,*,#4239,.T.);
#2846=ORIENTED_EDGE('',*,*,#4240,.T.);
#2847=ORIENTED_EDGE('',*,*,#4241,.F.);
#2848=ORIENTED_EDGE('',*,*,#4242,.F.);
#2849=ORIENTED_EDGE('',*,*,#4183,.F.);
#2850=ORIENTED_EDGE('',*,*,#4243,.T.);
#2851=ORIENTED_EDGE('',*,*,#4244,.F.);
#2852=ORIENTED_EDGE('',*,*,#4223,.F.);
#2853=ORIENTED_EDGE('',*,*,#4245,.T.);
#2854=ORIENTED_EDGE('',*,*,#4173,.F.);
#2855=ORIENTED_EDGE('',*,*,#4246,.F.);
#2856=ORIENTED_EDGE('',*,*,#4224,.F.);
#2857=ORIENTED_EDGE('',*,*,#4244,.T.);
#2858=ORIENTED_EDGE('',*,*,#4247,.F.);
#2859=ORIENTED_EDGE('',*,*,#4248,.F.);
#2860=ORIENTED_EDGE('',*,*,#4220,.F.);
#2861=ORIENTED_EDGE('',*,*,#4249,.F.);
#2862=ORIENTED_EDGE('',*,*,#4194,.F.);
#2863=ORIENTED_EDGE('',*,*,#4250,.F.);
#2864=ORIENTED_EDGE('',*,*,#4221,.F.);
#2865=ORIENTED_EDGE('',*,*,#4248,.T.);
#2866=ORIENTED_EDGE('',*,*,#4111,.T.);
#2867=ORIENTED_EDGE('',*,*,#4251,.F.);
#2868=ORIENTED_EDGE('',*,*,#4239,.F.);
#2869=ORIENTED_EDGE('',*,*,#4110,.F.);
#2870=ORIENTED_EDGE('',*,*,#4186,.F.);
#2871=ORIENTED_EDGE('',*,*,#4252,.F.);
#2872=ORIENTED_EDGE('',*,*,#4240,.F.);
#2873=ORIENTED_EDGE('',*,*,#4251,.T.);
#2874=ORIENTED_EDGE('',*,*,#4116,.F.);
#2875=ORIENTED_EDGE('',*,*,#4253,.F.);
#2876=ORIENTED_EDGE('',*,*,#4237,.F.);
#2877=ORIENTED_EDGE('',*,*,#4254,.F.);
#2878=ORIENTED_EDGE('',*,*,#4171,.F.);
#2879=ORIENTED_EDGE('',*,*,#4115,.T.);
#2880=ORIENTED_EDGE('',*,*,#4238,.F.);
#2881=ORIENTED_EDGE('',*,*,#4253,.T.);
#2882=ORIENTED_EDGE('',*,*,#4127,.T.);
#2883=ORIENTED_EDGE('',*,*,#4255,.F.);
#2884=ORIENTED_EDGE('',*,*,#4231,.F.);
#2885=ORIENTED_EDGE('',*,*,#4126,.F.);
#2886=ORIENTED_EDGE('',*,*,#4196,.F.);
#2887=ORIENTED_EDGE('',*,*,#4256,.F.);
#2888=ORIENTED_EDGE('',*,*,#4232,.F.);
#2889=ORIENTED_EDGE('',*,*,#4255,.T.);
#2890=ORIENTED_EDGE('',*,*,#4132,.T.);
#2891=ORIENTED_EDGE('',*,*,#4257,.F.);
#2892=ORIENTED_EDGE('',*,*,#4229,.F.);
#2893=ORIENTED_EDGE('',*,*,#4258,.F.);
#2894=ORIENTED_EDGE('',*,*,#4190,.F.);
#2895=ORIENTED_EDGE('',*,*,#4131,.T.);
#2896=ORIENTED_EDGE('',*,*,#4230,.F.);
#2897=ORIENTED_EDGE('',*,*,#4257,.T.);
#2898=ORIENTED_EDGE('',*,*,#4163,.T.);
#2899=ORIENTED_EDGE('',*,*,#4259,.F.);
#2900=ORIENTED_EDGE('',*,*,#4139,.T.);
#2901=ORIENTED_EDGE('',*,*,#4260,.T.);
#2902=ORIENTED_EDGE('',*,*,#4235,.F.);
#2903=ORIENTED_EDGE('',*,*,#4184,.T.);
#2904=ORIENTED_EDGE('',*,*,#4242,.T.);
#2905=ORIENTED_EDGE('',*,*,#4261,.T.);
#2906=ORIENTED_EDGE('',*,*,#4227,.F.);
#2907=ORIENTED_EDGE('',*,*,#4181,.T.);
#2908=ORIENTED_EDGE('',*,*,#4234,.T.);
#2909=ORIENTED_EDGE('',*,*,#4262,.T.);
#2910=ORIENTED_EDGE('',*,*,#4218,.F.);
#2911=ORIENTED_EDGE('',*,*,#4178,.T.);
#2912=ORIENTED_EDGE('',*,*,#4226,.T.);
#2913=ORIENTED_EDGE('',*,*,#4263,.T.);
#2914=ORIENTED_EDGE('',*,*,#4263,.F.);
#2915=ORIENTED_EDGE('',*,*,#4225,.T.);
#2916=ORIENTED_EDGE('',*,*,#4246,.T.);
#2917=ORIENTED_EDGE('',*,*,#4175,.T.);
#2918=ORIENTED_EDGE('',*,*,#4164,.T.);
#2919=ORIENTED_EDGE('',*,*,#4172,.T.);
#2920=ORIENTED_EDGE('',*,*,#4254,.T.);
#2921=ORIENTED_EDGE('',*,*,#4236,.T.);
#2922=ORIENTED_EDGE('',*,*,#4260,.F.);
#2923=ORIENTED_EDGE('',*,*,#4138,.T.);
#2924=ORIENTED_EDGE('',*,*,#4188,.T.);
#2925=ORIENTED_EDGE('',*,*,#4216,.T.);
#2926=ORIENTED_EDGE('',*,*,#4264,.F.);
#2927=ORIENTED_EDGE('',*,*,#4210,.T.);
#2928=ORIENTED_EDGE('',*,*,#4191,.T.);
#2929=ORIENTED_EDGE('',*,*,#4258,.T.);
#2930=ORIENTED_EDGE('',*,*,#4228,.T.);
#2931=ORIENTED_EDGE('',*,*,#4261,.F.);
#2932=ORIENTED_EDGE('',*,*,#4241,.T.);
#2933=ORIENTED_EDGE('',*,*,#4252,.T.);
#2934=ORIENTED_EDGE('',*,*,#4219,.T.);
#2935=ORIENTED_EDGE('',*,*,#4262,.F.);
#2936=ORIENTED_EDGE('',*,*,#4233,.T.);
#2937=ORIENTED_EDGE('',*,*,#4256,.T.);
#2938=ORIENTED_EDGE('',*,*,#4198,.T.);
#2939=ORIENTED_EDGE('',*,*,#4208,.T.);
#2940=ORIENTED_EDGE('',*,*,#4265,.F.);
#2941=ORIENTED_EDGE('',*,*,#4201,.T.);
#2942=ORIENTED_EDGE('',*,*,#4195,.T.);
#2943=ORIENTED_EDGE('',*,*,#4249,.T.);
#2944=ORIENTED_EDGE('',*,*,#4205,.T.);
#2945=ORIENTED_EDGE('',*,*,#4202,.T.);
#2946=ORIENTED_EDGE('',*,*,#4265,.T.);
#2947=ORIENTED_EDGE('',*,*,#4207,.T.);
#2948=ORIENTED_EDGE('',*,*,#4213,.T.);
#2949=ORIENTED_EDGE('',*,*,#4211,.T.);
#2950=ORIENTED_EDGE('',*,*,#4264,.T.);
#2951=ORIENTED_EDGE('',*,*,#4215,.T.);
#2952=ORIENTED_EDGE('',*,*,#4266,.F.);
#2953=ORIENTED_EDGE('',*,*,#4169,.F.);
#2954=ORIENTED_EDGE('',*,*,#4166,.T.);
#2955=ORIENTED_EDGE('',*,*,#4174,.T.);
#2956=ORIENTED_EDGE('',*,*,#4245,.F.);
#2957=ORIENTED_EDGE('',*,*,#4243,.F.);
#2958=ORIENTED_EDGE('',*,*,#4222,.F.);
#2959=ORIENTED_EDGE('',*,*,#4176,.T.);
#2960=ORIENTED_EDGE('',*,*,#4217,.F.);
#2961=ORIENTED_EDGE('',*,*,#4250,.T.);
#2962=ORIENTED_EDGE('',*,*,#4247,.T.);
#2963=ORIENTED_EDGE('',*,*,#4193,.T.);
#2964=ORIENTED_EDGE('',*,*,#4200,.F.);
#2965=ORIENTED_EDGE('',*,*,#4204,.T.);
#2966=ORIENTED_EDGE('',*,*,#4267,.F.);
#2967=ORIENTED_EDGE('',*,*,#4150,.T.);
#2968=ORIENTED_EDGE('',*,*,#4268,.F.);
#2969=ORIENTED_EDGE('',*,*,#4152,.T.);
#2970=ORIENTED_EDGE('',*,*,#4269,.T.);
#2971=ORIENTED_EDGE('',*,*,#4141,.T.);
#2972=ORIENTED_EDGE('',*,*,#4270,.F.);
#2973=ORIENTED_EDGE('',*,*,#4161,.T.);
#2974=ORIENTED_EDGE('',*,*,#4271,.T.);
#2975=ORIENTED_EDGE('',*,*,#4142,.F.);
#2976=ORIENTED_EDGE('',*,*,#4269,.F.);
#2977=ORIENTED_EDGE('',*,*,#4160,.F.);
#2978=ORIENTED_EDGE('',*,*,#4271,.F.);
#2979=ORIENTED_EDGE('',*,*,#4159,.F.);
#2980=ORIENTED_EDGE('',*,*,#4272,.F.);
#2981=ORIENTED_EDGE('',*,*,#4143,.F.);
#2982=ORIENTED_EDGE('',*,*,#4272,.T.);
#2983=ORIENTED_EDGE('',*,*,#4158,.F.);
#2984=ORIENTED_EDGE('',*,*,#4273,.T.);
#2985=ORIENTED_EDGE('',*,*,#4144,.F.);
#2986=ORIENTED_EDGE('',*,*,#4274,.T.);
#2987=ORIENTED_EDGE('',*,*,#4145,.T.);
#2988=ORIENTED_EDGE('',*,*,#4273,.F.);
#2989=ORIENTED_EDGE('',*,*,#4157,.T.);
#2990=ORIENTED_EDGE('',*,*,#4274,.F.);
#2991=ORIENTED_EDGE('',*,*,#4156,.F.);
#2992=ORIENTED_EDGE('',*,*,#4275,.F.);
#2993=ORIENTED_EDGE('',*,*,#4146,.F.);
#2994=ORIENTED_EDGE('',*,*,#4275,.T.);
#2995=ORIENTED_EDGE('',*,*,#4155,.F.);
#2996=ORIENTED_EDGE('',*,*,#4276,.T.);
#2997=ORIENTED_EDGE('',*,*,#4147,.F.);
#2998=ORIENTED_EDGE('',*,*,#4277,.T.);
#2999=ORIENTED_EDGE('',*,*,#4148,.T.);
#3000=ORIENTED_EDGE('',*,*,#4276,.F.);
#3001=ORIENTED_EDGE('',*,*,#4154,.T.);
#3002=ORIENTED_EDGE('',*,*,#4277,.F.);
#3003=ORIENTED_EDGE('',*,*,#4153,.F.);
#3004=ORIENTED_EDGE('',*,*,#4268,.T.);
#3005=ORIENTED_EDGE('',*,*,#4149,.F.);
#3006=ORIENTED_EDGE('',*,*,#4270,.T.);
#3007=ORIENTED_EDGE('',*,*,#4140,.T.);
#3008=ORIENTED_EDGE('',*,*,#4259,.T.);
#3009=ORIENTED_EDGE('',*,*,#4162,.T.);
#3010=ORIENTED_EDGE('',*,*,#4151,.F.);
#3011=ORIENTED_EDGE('',*,*,#4267,.T.);
#3012=ORIENTED_EDGE('',*,*,#4122,.T.);
#3013=ORIENTED_EDGE('',*,*,#4170,.F.);
#3014=ORIENTED_EDGE('',*,*,#4266,.T.);
#3015=ORIENTED_EDGE('',*,*,#4203,.T.);
#3016=ORIENTED_EDGE('',*,*,#4106,.T.);
#3017=ORIENTED_EDGE('',*,*,#4168,.F.);
#3018=ORIENTED_EDGE('',*,*,#4120,.T.);
#3019=ORIENTED_EDGE('',*,*,#4212,.T.);
#3020=ORIENTED_EDGE('',*,*,#4136,.F.);
#3021=ORIENTED_EDGE('',*,*,#4278,.T.);
#3022=ORIENTED_EDGE('',*,*,#4279,.T.);
#3023=ORIENTED_EDGE('',*,*,#4280,.F.);
#3024=ORIENTED_EDGE('',*,*,#4281,.F.);
#3025=ORIENTED_EDGE('',*,*,#4282,.F.);
#3026=ORIENTED_EDGE('',*,*,#4283,.F.);
#3027=ORIENTED_EDGE('',*,*,#4284,.F.);
#3028=ORIENTED_EDGE('',*,*,#4285,.T.);
#3029=ORIENTED_EDGE('',*,*,#4286,.F.);
#3030=ORIENTED_EDGE('',*,*,#4287,.T.);
#3031=ORIENTED_EDGE('',*,*,#4288,.F.);
#3032=ORIENTED_EDGE('',*,*,#4289,.T.);
#3033=ORIENTED_EDGE('',*,*,#4285,.F.);
#3034=ORIENTED_EDGE('',*,*,#4290,.T.);
#3035=ORIENTED_EDGE('',*,*,#4288,.T.);
#3036=ORIENTED_EDGE('',*,*,#4291,.T.);
#3037=ORIENTED_EDGE('',*,*,#4286,.T.);
#3038=ORIENTED_EDGE('',*,*,#4292,.T.);
#3039=ORIENTED_EDGE('',*,*,#4293,.T.);
#3040=ORIENTED_EDGE('',*,*,#4294,.T.);
#3041=ORIENTED_EDGE('',*,*,#4295,.T.);
#3042=ORIENTED_EDGE('',*,*,#4293,.F.);
#3043=ORIENTED_EDGE('',*,*,#4296,.T.);
#3044=ORIENTED_EDGE('',*,*,#4297,.T.);
#3045=ORIENTED_EDGE('',*,*,#4298,.T.);
#3046=ORIENTED_EDGE('',*,*,#4299,.F.);
#3047=ORIENTED_EDGE('',*,*,#4300,.F.);
#3048=ORIENTED_EDGE('',*,*,#4301,.F.);
#3049=ORIENTED_EDGE('',*,*,#4302,.T.);
#3050=ORIENTED_EDGE('',*,*,#4303,.F.);
#3051=ORIENTED_EDGE('',*,*,#4297,.F.);
#3052=ORIENTED_EDGE('',*,*,#4304,.F.);
#3053=ORIENTED_EDGE('',*,*,#4305,.T.);
#3054=ORIENTED_EDGE('',*,*,#4280,.T.);
#3055=ORIENTED_EDGE('',*,*,#4306,.T.);
#3056=ORIENTED_EDGE('',*,*,#4307,.T.);
#3057=ORIENTED_EDGE('',*,*,#4308,.F.);
#3058=ORIENTED_EDGE('',*,*,#4305,.F.);
#3059=ORIENTED_EDGE('',*,*,#4309,.F.);
#3060=ORIENTED_EDGE('',*,*,#4310,.F.);
#3061=ORIENTED_EDGE('',*,*,#4311,.F.);
#3062=ORIENTED_EDGE('',*,*,#4312,.T.);
#3063=ORIENTED_EDGE('',*,*,#4313,.F.);
#3064=ORIENTED_EDGE('',*,*,#4299,.T.);
#3065=ORIENTED_EDGE('',*,*,#4314,.F.);
#3066=ORIENTED_EDGE('',*,*,#4281,.T.);
#3067=ORIENTED_EDGE('',*,*,#4309,.T.);
#3068=ORIENTED_EDGE('',*,*,#4304,.T.);
#3069=ORIENTED_EDGE('',*,*,#4296,.F.);
#3070=ORIENTED_EDGE('',*,*,#4292,.F.);
#3071=ORIENTED_EDGE('',*,*,#4290,.F.);
#3072=ORIENTED_EDGE('',*,*,#4284,.T.);
#3073=ORIENTED_EDGE('',*,*,#4289,.F.);
#3074=ORIENTED_EDGE('',*,*,#4294,.F.);
#3075=ORIENTED_EDGE('',*,*,#4295,.F.);
#3076=ORIENTED_EDGE('',*,*,#4303,.T.);
#3077=ORIENTED_EDGE('',*,*,#4308,.T.);
#3078=ORIENTED_EDGE('',*,*,#4283,.T.);
#3079=ORIENTED_EDGE('',*,*,#4315,.T.);
#3080=ORIENTED_EDGE('',*,*,#4301,.T.);
#3081=ORIENTED_EDGE('',*,*,#4316,.T.);
#3082=ORIENTED_EDGE('',*,*,#4315,.F.);
#3083=ORIENTED_EDGE('',*,*,#4282,.T.);
#3084=ORIENTED_EDGE('',*,*,#4314,.T.);
#3085=ORIENTED_EDGE('',*,*,#4302,.F.);
#3086=ORIENTED_EDGE('',*,*,#4317,.F.);
#3087=ORIENTED_EDGE('',*,*,#4318,.T.);
#3088=ORIENTED_EDGE('',*,*,#4278,.F.);
#3089=ORIENTED_EDGE('',*,*,#4316,.F.);
#3090=ORIENTED_EDGE('',*,*,#4300,.T.);
#3091=ORIENTED_EDGE('',*,*,#4313,.T.);
#3092=ORIENTED_EDGE('',*,*,#4307,.F.);
#3093=ORIENTED_EDGE('',*,*,#4319,.T.);
#3094=ORIENTED_EDGE('',*,*,#4317,.T.);
#3095=ORIENTED_EDGE('',*,*,#4312,.F.);
#3096=ORIENTED_EDGE('',*,*,#4318,.F.);
#3097=ORIENTED_EDGE('',*,*,#4319,.F.);
#3098=ORIENTED_EDGE('',*,*,#4306,.F.);
#3099=ORIENTED_EDGE('',*,*,#4279,.F.);
#3100=ORIENTED_EDGE('',*,*,#4298,.F.);
#3101=ORIENTED_EDGE('',*,*,#4291,.F.);
#3102=ORIENTED_EDGE('',*,*,#4287,.F.);
#3103=ORIENTED_EDGE('',*,*,#4311,.T.);
#3104=ORIENTED_EDGE('',*,*,#4310,.T.);
#3105=ORIENTED_EDGE('',*,*,#4320,.F.);
#3106=ORIENTED_EDGE('',*,*,#4321,.T.);
#3107=ORIENTED_EDGE('',*,*,#4322,.F.);
#3108=ORIENTED_EDGE('',*,*,#4323,.F.);
#3109=ORIENTED_EDGE('',*,*,#4324,.T.);
#3110=ORIENTED_EDGE('',*,*,#4325,.F.);
#3111=ORIENTED_EDGE('',*,*,#4326,.F.);
#3112=ORIENTED_EDGE('',*,*,#4327,.F.);
#3113=ORIENTED_EDGE('',*,*,#4328,.T.);
#3114=ORIENTED_EDGE('',*,*,#4329,.T.);
#3115=ORIENTED_EDGE('',*,*,#4330,.F.);
#3116=ORIENTED_EDGE('',*,*,#4331,.T.);
#3117=ORIENTED_EDGE('',*,*,#4332,.T.);
#3118=ORIENTED_EDGE('',*,*,#4331,.F.);
#3119=ORIENTED_EDGE('',*,*,#4333,.T.);
#3120=ORIENTED_EDGE('',*,*,#4334,.F.);
#3121=ORIENTED_EDGE('',*,*,#4335,.T.);
#3122=ORIENTED_EDGE('',*,*,#4336,.T.);
#3123=ORIENTED_EDGE('',*,*,#4334,.T.);
#3124=ORIENTED_EDGE('',*,*,#4337,.T.);
#3125=ORIENTED_EDGE('',*,*,#4338,.T.);
#3126=ORIENTED_EDGE('',*,*,#4339,.T.);
#3127=ORIENTED_EDGE('',*,*,#4335,.F.);
#3128=ORIENTED_EDGE('',*,*,#4340,.T.);
#3129=ORIENTED_EDGE('',*,*,#4341,.F.);
#3130=ORIENTED_EDGE('',*,*,#4338,.F.);
#3131=ORIENTED_EDGE('',*,*,#4342,.F.);
#3132=ORIENTED_EDGE('',*,*,#4343,.T.);
#3133=ORIENTED_EDGE('',*,*,#4344,.T.);
#3134=ORIENTED_EDGE('',*,*,#4345,.T.);
#3135=ORIENTED_EDGE('',*,*,#4346,.F.);
#3136=ORIENTED_EDGE('',*,*,#4323,.T.);
#3137=ORIENTED_EDGE('',*,*,#4347,.T.);
#3138=ORIENTED_EDGE('',*,*,#4342,.T.);
#3139=ORIENTED_EDGE('',*,*,#4340,.F.);
#3140=ORIENTED_EDGE('',*,*,#4337,.F.);
#3141=ORIENTED_EDGE('',*,*,#4333,.F.);
#3142=ORIENTED_EDGE('',*,*,#4330,.T.);
#3143=ORIENTED_EDGE('',*,*,#4332,.F.);
#3144=ORIENTED_EDGE('',*,*,#4336,.F.);
#3145=ORIENTED_EDGE('',*,*,#4339,.F.);
#3146=ORIENTED_EDGE('',*,*,#4341,.T.);
#3147=ORIENTED_EDGE('',*,*,#4348,.T.);
#3148=ORIENTED_EDGE('',*,*,#4349,.T.);
#3149=ORIENTED_EDGE('',*,*,#4350,.F.);
#3150=ORIENTED_EDGE('',*,*,#4327,.T.);
#3151=ORIENTED_EDGE('',*,*,#4351,.T.);
#3152=ORIENTED_EDGE('',*,*,#4324,.F.);
#3153=ORIENTED_EDGE('',*,*,#4346,.T.);
#3154=ORIENTED_EDGE('',*,*,#4326,.T.);
#3155=ORIENTED_EDGE('',*,*,#4352,.F.);
#3156=ORIENTED_EDGE('',*,*,#4325,.T.);
#3157=ORIENTED_EDGE('',*,*,#4351,.F.);
#3158=ORIENTED_EDGE('',*,*,#4329,.F.);
#3159=ORIENTED_EDGE('',*,*,#4353,.T.);
#3160=ORIENTED_EDGE('',*,*,#4354,.T.);
#3161=ORIENTED_EDGE('',*,*,#4320,.T.);
#3162=ORIENTED_EDGE('',*,*,#4352,.T.);
#3163=ORIENTED_EDGE('',*,*,#4328,.F.);
#3164=ORIENTED_EDGE('',*,*,#4350,.T.);
#3165=ORIENTED_EDGE('',*,*,#4322,.T.);
#3166=ORIENTED_EDGE('',*,*,#4355,.T.);
#3167=ORIENTED_EDGE('',*,*,#4356,.T.);
#3168=ORIENTED_EDGE('',*,*,#4348,.F.);
#3169=ORIENTED_EDGE('',*,*,#4343,.F.);
#3170=ORIENTED_EDGE('',*,*,#4347,.F.);
#3171=ORIENTED_EDGE('',*,*,#4356,.F.);
#3172=ORIENTED_EDGE('',*,*,#4357,.T.);
#3173=ORIENTED_EDGE('',*,*,#4353,.F.);
#3174=ORIENTED_EDGE('',*,*,#4349,.F.);
#3175=ORIENTED_EDGE('',*,*,#4354,.F.);
#3176=ORIENTED_EDGE('',*,*,#4357,.F.);
#3177=ORIENTED_EDGE('',*,*,#4355,.F.);
#3178=ORIENTED_EDGE('',*,*,#4321,.F.);
#3179=ORIENTED_EDGE('',*,*,#4345,.F.);
#3180=ORIENTED_EDGE('',*,*,#4344,.F.);
#3181=VERTEX_POINT('',#6543);
#3182=VERTEX_POINT('',#6544);
#3183=VERTEX_POINT('',#6546);
#3184=VERTEX_POINT('',#6548);
#3185=VERTEX_POINT('',#6550);
#3186=VERTEX_POINT('',#6552);
#3187=VERTEX_POINT('',#6556);
#3188=VERTEX_POINT('',#6557);
#3189=VERTEX_POINT('',#6559);
#3190=VERTEX_POINT('',#6561);
#3191=VERTEX_POINT('',#6563);
#3192=VERTEX_POINT('',#6565);
#3193=VERTEX_POINT('',#6567);
#3194=VERTEX_POINT('',#6572);
#3195=VERTEX_POINT('',#6577);
#3196=VERTEX_POINT('',#6582);
#3197=VERTEX_POINT('',#6584);
#3198=VERTEX_POINT('',#6586);
#3199=VERTEX_POINT('',#6588);
#3200=VERTEX_POINT('',#6593);
#3201=VERTEX_POINT('',#6598);
#3202=VERTEX_POINT('',#6603);
#3203=VERTEX_POINT('',#6607);
#3204=VERTEX_POINT('',#6608);
#3205=VERTEX_POINT('',#6610);
#3206=VERTEX_POINT('',#6612);
#3207=VERTEX_POINT('',#6614);
#3208=VERTEX_POINT('',#6616);
#3209=VERTEX_POINT('',#6618);
#3210=VERTEX_POINT('',#6623);
#3211=VERTEX_POINT('',#6628);
#3212=VERTEX_POINT('',#6633);
#3213=VERTEX_POINT('',#6635);
#3214=VERTEX_POINT('',#6637);
#3215=VERTEX_POINT('',#6639);
#3216=VERTEX_POINT('',#6644);
#3217=VERTEX_POINT('',#6652);
#3218=VERTEX_POINT('',#6657);
#3219=VERTEX_POINT('',#6661);
#3220=VERTEX_POINT('',#6662);
#3221=VERTEX_POINT('',#6664);
#3222=VERTEX_POINT('',#6666);
#3223=VERTEX_POINT('',#6668);
#3224=VERTEX_POINT('',#6673);
#3225=VERTEX_POINT('',#6677);
#3226=VERTEX_POINT('',#6678);
#3227=VERTEX_POINT('',#6680);
#3228=VERTEX_POINT('',#6682);
#3229=VERTEX_POINT('',#6686);
#3230=VERTEX_POINT('',#6693);
#3231=VERTEX_POINT('',#6697);
#3232=VERTEX_POINT('',#6702);
#3233=VERTEX_POINT('',#6706);
#3234=VERTEX_POINT('',#6710);
#3235=VERTEX_POINT('',#6719);
#3236=VERTEX_POINT('',#6726);
#3237=VERTEX_POINT('',#6730);
#3238=VERTEX_POINT('',#6735);
#3239=VERTEX_POINT('',#6739);
#3240=VERTEX_POINT('',#6743);
#3241=VERTEX_POINT('',#6752);
#3242=VERTEX_POINT('',#6754);
#3243=VERTEX_POINT('',#6756);
#3244=VERTEX_POINT('',#6758);
#3245=VERTEX_POINT('',#6760);
#3246=VERTEX_POINT('',#6762);
#3247=VERTEX_POINT('',#6771);
#3248=VERTEX_POINT('',#6772);
#3249=VERTEX_POINT('',#6774);
#3250=VERTEX_POINT('',#6781);
#3251=VERTEX_POINT('',#6785);
#3252=VERTEX_POINT('',#6787);
#3253=VERTEX_POINT('',#6791);
#3254=VERTEX_POINT('',#6793);
#3255=VERTEX_POINT('',#6798);
#3256=VERTEX_POINT('',#6802);
#3257=VERTEX_POINT('',#6845);
#3258=VERTEX_POINT('',#6847);
#3259=VERTEX_POINT('',#6854);
#3260=VERTEX_POINT('',#6884);
#3261=VERTEX_POINT('',#6946);
#3262=VERTEX_POINT('',#7000);
#3263=VERTEX_POINT('',#7020);
#3264=VERTEX_POINT('',#7022);
#3265=VERTEX_POINT('',#7026);
#3266=VERTEX_POINT('',#7028);
#3267=VERTEX_POINT('',#7032);
#3268=VERTEX_POINT('',#7034);
#3269=VERTEX_POINT('',#7038);
#3270=VERTEX_POINT('',#7040);
#3271=VERTEX_POINT('',#7042);
#3272=VERTEX_POINT('',#7047);
#3273=VERTEX_POINT('',#7050);
#3274=VERTEX_POINT('',#7052);
#3275=VERTEX_POINT('',#7081);
#3276=VERTEX_POINT('',#7082);
#3277=VERTEX_POINT('',#7084);
#3278=VERTEX_POINT('',#7086);
#3279=VERTEX_POINT('',#7088);
#3280=VERTEX_POINT('',#7090);
#3281=VERTEX_POINT('',#7094);
#3282=VERTEX_POINT('',#7095);
#3283=VERTEX_POINT('',#7097);
#3284=VERTEX_POINT('',#7099);
#3285=VERTEX_POINT('',#7101);
#3286=VERTEX_POINT('',#7106);
#3287=VERTEX_POINT('',#7111);
#3288=VERTEX_POINT('',#7116);
#3289=VERTEX_POINT('',#7118);
#3290=VERTEX_POINT('',#7120);
#3291=VERTEX_POINT('',#7122);
#3292=VERTEX_POINT('',#7127);
#3293=VERTEX_POINT('',#7132);
#3294=VERTEX_POINT('',#7137);
#3295=VERTEX_POINT('',#7141);
#3296=VERTEX_POINT('',#7142);
#3297=VERTEX_POINT('',#7144);
#3298=VERTEX_POINT('',#7146);
#3299=VERTEX_POINT('',#7148);
#3300=VERTEX_POINT('',#7153);
#3301=VERTEX_POINT('',#7158);
#3302=VERTEX_POINT('',#7163);
#3303=VERTEX_POINT('',#7165);
#3304=VERTEX_POINT('',#7167);
#3305=VERTEX_POINT('',#7169);
#3306=VERTEX_POINT('',#7174);
#3307=VERTEX_POINT('',#7179);
#3308=VERTEX_POINT('',#7184);
#3309=VERTEX_POINT('',#7186);
#3310=VERTEX_POINT('',#7188);
#3311=VERTEX_POINT('',#7192);
#3312=VERTEX_POINT('',#7193);
#3313=VERTEX_POINT('',#7195);
#3314=VERTEX_POINT('',#7197);
#3315=VERTEX_POINT('',#7204);
#3316=VERTEX_POINT('',#7205);
#3317=VERTEX_POINT('',#7207);
#3318=VERTEX_POINT('',#7214);
#3319=VERTEX_POINT('',#7218);
#3320=VERTEX_POINT('',#7220);
#3321=VERTEX_POINT('',#7224);
#3322=VERTEX_POINT('',#7226);
#3323=VERTEX_POINT('',#7231);
#3324=VERTEX_POINT('',#7235);
#3325=VERTEX_POINT('',#7244);
#3326=VERTEX_POINT('',#7251);
#3327=VERTEX_POINT('',#7255);
#3328=VERTEX_POINT('',#7260);
#3329=VERTEX_POINT('',#7264);
#3330=VERTEX_POINT('',#7268);
#3331=VERTEX_POINT('',#7277);
#3332=VERTEX_POINT('',#7284);
#3333=VERTEX_POINT('',#7289);
#3334=VERTEX_POINT('',#7291);
#3335=VERTEX_POINT('',#7293);
#3336=VERTEX_POINT('',#7295);
#3337=VERTEX_POINT('',#7297);
#3338=VERTEX_POINT('',#7299);
#3339=VERTEX_POINT('',#7306);
#3340=VERTEX_POINT('',#7307);
#3341=VERTEX_POINT('',#7309);
#3342=VERTEX_POINT('',#7316);
#3343=VERTEX_POINT('',#7324);
#3344=VERTEX_POINT('',#7329);
#3345=VERTEX_POINT('',#7331);
#3346=VERTEX_POINT('',#7333);
#3347=VERTEX_POINT('',#7335);
#3348=VERTEX_POINT('',#7340);
#3349=VERTEX_POINT('',#7348);
#3350=VERTEX_POINT('',#7350);
#3351=VERTEX_POINT('',#7352);
#3352=VERTEX_POINT('',#7354);
#3353=VERTEX_POINT('',#7356);
#3354=VERTEX_POINT('',#7361);
#3355=VERTEX_POINT('',#7364);
#3356=VERTEX_POINT('',#7366);
#3357=VERTEX_POINT('',#7368);
#3358=VERTEX_POINT('',#7370);
#3359=VERTEX_POINT('',#7384);
#3360=VERTEX_POINT('',#7426);
#3361=VERTEX_POINT('',#7476);
#3362=VERTEX_POINT('',#7510);
#3363=VERTEX_POINT('',#7558);
#3364=VERTEX_POINT('',#7600);
#3365=VERTEX_POINT('',#7624);
#3366=VERTEX_POINT('',#7626);
#3367=VERTEX_POINT('',#7630);
#3368=VERTEX_POINT('',#7632);
#3369=VERTEX_POINT('',#7636);
#3370=VERTEX_POINT('',#7640);
#3371=VERTEX_POINT('',#7708);
#3372=VERTEX_POINT('',#7709);
#3373=VERTEX_POINT('',#7711);
#3374=VERTEX_POINT('',#7713);
#3375=VERTEX_POINT('',#7718);
#3376=VERTEX_POINT('',#7723);
#3377=VERTEX_POINT('',#7728);
#3378=VERTEX_POINT('',#7730);
#3379=VERTEX_POINT('',#7732);
#3380=VERTEX_POINT('',#7734);
#3381=VERTEX_POINT('',#7739);
#3382=VERTEX_POINT('',#7744);
#3383=VERTEX_POINT('',#7749);
#3384=VERTEX_POINT('',#7751);
#3385=VERTEX_POINT('',#7753);
#3386=VERTEX_POINT('',#7755);
#3387=VERTEX_POINT('',#7759);
#3388=VERTEX_POINT('',#7760);
#3389=VERTEX_POINT('',#7762);
#3390=VERTEX_POINT('',#7764);
#3391=VERTEX_POINT('',#7769);
#3392=VERTEX_POINT('',#7777);
#3393=VERTEX_POINT('',#7782);
#3394=VERTEX_POINT('',#7784);
#3395=VERTEX_POINT('',#7786);
#3396=VERTEX_POINT('',#7788);
#3397=VERTEX_POINT('',#7793);
#3398=VERTEX_POINT('',#7798);
#3399=VERTEX_POINT('',#7803);
#3400=VERTEX_POINT('',#7805);
#3401=VERTEX_POINT('',#7807);
#3402=VERTEX_POINT('',#7809);
#3403=VERTEX_POINT('',#7813);
#3404=VERTEX_POINT('',#7814);
#3405=VERTEX_POINT('',#7816);
#3406=VERTEX_POINT('',#7818);
#3407=VERTEX_POINT('',#7823);
#3408=VERTEX_POINT('',#7825);
#3409=VERTEX_POINT('',#7829);
#3410=VERTEX_POINT('',#7830);
#3411=VERTEX_POINT('',#7832);
#3412=VERTEX_POINT('',#7834);
#3413=VERTEX_POINT('',#7838);
#3414=VERTEX_POINT('',#7841);
#3415=VERTEX_POINT('',#7843);
#3416=VERTEX_POINT('',#7845);
#3417=VERTEX_POINT('',#7847);
#3418=VERTEX_POINT('',#7849);
#3419=VERTEX_POINT('',#7851);
#3420=VERTEX_POINT('',#7853);
#3421=VERTEX_POINT('',#7855);
#3422=VERTEX_POINT('',#7857);
#3423=VERTEX_POINT('',#7864);
#3424=VERTEX_POINT('',#7866);
#3425=VERTEX_POINT('',#7889);
#3426=VERTEX_POINT('',#7891);
#3427=VERTEX_POINT('',#7893);
#3428=VERTEX_POINT('',#7896);
#3429=VERTEX_POINT('',#7919);
#3430=VERTEX_POINT('',#7921);
#3431=VERTEX_POINT('',#7928);
#3432=VERTEX_POINT('',#7930);
#3433=VERTEX_POINT('',#7932);
#3434=VERTEX_POINT('',#7934);
#3435=VERTEX_POINT('',#7936);
#3436=VERTEX_POINT('',#7938);
#3437=VERTEX_POINT('',#7940);
#3438=VERTEX_POINT('',#7942);
#3439=VERTEX_POINT('',#7944);
#3440=VERTEX_POINT('',#8042);
#3441=VERTEX_POINT('',#8044);
#3442=VERTEX_POINT('',#8046);
#3443=VERTEX_POINT('',#8048);
#3444=VERTEX_POINT('',#8055);
#3445=VERTEX_POINT('',#8057);
#3446=VERTEX_POINT('',#8059);
#3447=VERTEX_POINT('',#8061);
#3448=VERTEX_POINT('',#8071);
#3449=VERTEX_POINT('',#8072);
#3450=VERTEX_POINT('',#8078);
#3451=VERTEX_POINT('',#8080);
#3452=VERTEX_POINT('',#8084);
#3453=VERTEX_POINT('',#8085);
#3454=VERTEX_POINT('',#8087);
#3455=VERTEX_POINT('',#8092);
#3456=VERTEX_POINT('',#8096);
#3457=VERTEX_POINT('',#8097);
#3458=VERTEX_POINT('',#8099);
#3459=VERTEX_POINT('',#8104);
#3460=VERTEX_POINT('',#8108);
#3461=VERTEX_POINT('',#8109);
#3462=VERTEX_POINT('',#8111);
#3463=VERTEX_POINT('',#8116);
#3464=VERTEX_POINT('',#8125);
#3465=VERTEX_POINT('',#8134);
#3466=VERTEX_POINT('',#8141);
#3467=VERTEX_POINT('',#8146);
#3468=VERTEX_POINT('',#8198);
#3469=VERTEX_POINT('',#8203);
#3470=VERTEX_POINT('',#8210);
#3471=VERTEX_POINT('',#8219);
#3472=VERTEX_POINT('',#8260);
#3473=VERTEX_POINT('',#8261);
#3474=VERTEX_POINT('',#8270);
#3475=VERTEX_POINT('',#8275);
#3476=VERTEX_POINT('',#8280);
#3477=VERTEX_POINT('',#8304);
#3478=VERTEX_POINT('',#8354);
#3479=VERTEX_POINT('',#8386);
#3480=VERTEX_POINT('',#8432);
#3481=VERTEX_POINT('',#8464);
#3482=VERTEX_POINT('',#8514);
#3483=VERTEX_POINT('',#8515);
#3484=VERTEX_POINT('',#8517);
#3485=VERTEX_POINT('',#8519);
#3486=VERTEX_POINT('',#8524);
#3487=VERTEX_POINT('',#8529);
#3488=VERTEX_POINT('',#8534);
#3489=VERTEX_POINT('',#8536);
#3490=VERTEX_POINT('',#8538);
#3491=VERTEX_POINT('',#8540);
#3492=VERTEX_POINT('',#8545);
#3493=VERTEX_POINT('',#8550);
#3494=VERTEX_POINT('',#8555);
#3495=VERTEX_POINT('',#8557);
#3496=VERTEX_POINT('',#8561);
#3497=VERTEX_POINT('',#8562);
#3498=VERTEX_POINT('',#8564);
#3499=VERTEX_POINT('',#8566);
#3500=VERTEX_POINT('',#8568);
#3501=VERTEX_POINT('',#8570);
#3502=VERTEX_POINT('',#8575);
#3503=VERTEX_POINT('',#8580);
#3504=VERTEX_POINT('',#8585);
#3505=VERTEX_POINT('',#8587);
#3506=VERTEX_POINT('',#8589);
#3507=VERTEX_POINT('',#8591);
#3508=VERTEX_POINT('',#8596);
#3509=VERTEX_POINT('',#8601);
#3510=VERTEX_POINT('',#8606);
#3511=VERTEX_POINT('',#8608);
#3512=VERTEX_POINT('',#8612);
#3513=VERTEX_POINT('',#8614);
#3514=VERTEX_POINT('',#8637);
#3515=VERTEX_POINT('',#8639);
#3516=VERTEX_POINT('',#8646);
#3517=VERTEX_POINT('',#8648);
#3518=VERTEX_POINT('',#8650);
#3519=VERTEX_POINT('',#8652);
#3520=VERTEX_POINT('',#8654);
#3521=VERTEX_POINT('',#8656);
#3522=VERTEX_POINT('',#8658);
#3523=VERTEX_POINT('',#8660);
#3524=VERTEX_POINT('',#8662);
#3525=VERTEX_POINT('',#8664);
#3526=VERTEX_POINT('',#8666);
#3527=VERTEX_POINT('',#8668);
#3528=VERTEX_POINT('',#8670);
#3529=VERTEX_POINT('',#8672);
#3530=VERTEX_POINT('',#8674);
#3531=VERTEX_POINT('',#8676);
#3532=VERTEX_POINT('',#8678);
#3533=VERTEX_POINT('',#8680);
#3534=VERTEX_POINT('',#8682);
#3535=VERTEX_POINT('',#8684);
#3536=VERTEX_POINT('',#8686);
#3537=VERTEX_POINT('',#8688);
#3538=VERTEX_POINT('',#8695);
#3539=VERTEX_POINT('',#8697);
#3540=VERTEX_POINT('',#8720);
#3541=VERTEX_POINT('',#8722);
#3542=VERTEX_POINT('',#8724);
#3543=VERTEX_POINT('',#8729);
#3544=VERTEX_POINT('',#8733);
#3545=VERTEX_POINT('',#8742);
#3546=VERTEX_POINT('',#8743);
#3547=VERTEX_POINT('',#8756);
#3548=VERTEX_POINT('',#8757);
#3549=VERTEX_POINT('',#8759);
#3550=VERTEX_POINT('',#8761);
#3551=VERTEX_POINT('',#8765);
#3552=VERTEX_POINT('',#8767);
#3553=VERTEX_POINT('',#8771);
#3554=VERTEX_POINT('',#8773);
#3555=VERTEX_POINT('',#8777);
#3556=VERTEX_POINT('',#8779);
#3557=VERTEX_POINT('',#8788);
#3558=VERTEX_POINT('',#8790);
#3559=VERTEX_POINT('',#8799);
#3560=VERTEX_POINT('',#8800);
#3561=VERTEX_POINT('',#8805);
#3562=VERTEX_POINT('',#8807);
#3563=VERTEX_POINT('',#8816);
#3564=VERTEX_POINT('',#8818);
#3565=VERTEX_POINT('',#8825);
#3566=VERTEX_POINT('',#8826);
#3567=VERTEX_POINT('',#8832);
#3568=VERTEX_POINT('',#8836);
#3569=VERTEX_POINT('',#8839);
#3570=VERTEX_POINT('',#8843);
#3571=VERTEX_POINT('',#8850);
#3572=VERTEX_POINT('',#8855);
#3573=VERTEX_POINT('',#8860);
#3574=VERTEX_POINT('',#8864);
#3575=VERTEX_POINT('',#8871);
#3576=VERTEX_POINT('',#8873);
#3577=VERTEX_POINT('',#8887);
#3578=VERTEX_POINT('',#8889);
#3579=VERTEX_POINT('',#8896);
#3580=VERTEX_POINT('',#8901);
#3581=VERTEX_POINT('',#8903);
#3582=VERTEX_POINT('',#8914);
#3583=VERTEX_POINT('',#8918);
#3584=VERTEX_POINT('',#8932);
#3585=VERTEX_POINT('',#8934);
#3586=VERTEX_POINT('',#8944);
#3587=VERTEX_POINT('',#8946);
#3588=VERTEX_POINT('',#8957);
#3589=VERTEX_POINT('',#8961);
#3590=VERTEX_POINT('',#8975);
#3591=VERTEX_POINT('',#8977);
#3592=VERTEX_POINT('',#8987);
#3593=VERTEX_POINT('',#8989);
#3594=VERTEX_POINT('',#9000);
#3595=VERTEX_POINT('',#9007);
#3596=VERTEX_POINT('',#9045);
#3597=VERTEX_POINT('',#9417);
#3598=VERTEX_POINT('',#9418);
#3599=VERTEX_POINT('',#9420);
#3600=VERTEX_POINT('',#9422);
#3601=VERTEX_POINT('',#9424);
#3602=VERTEX_POINT('',#9426);
#3603=VERTEX_POINT('',#9430);
#3604=VERTEX_POINT('',#9431);
#3605=VERTEX_POINT('',#9435);
#3606=VERTEX_POINT('',#9436);
#3607=VERTEX_POINT('',#9498);
#3608=VERTEX_POINT('',#9500);
#3609=VERTEX_POINT('',#9527);
#3610=VERTEX_POINT('',#9529);
#3611=VERTEX_POINT('',#9548);
#3612=VERTEX_POINT('',#9550);
#3613=VERTEX_POINT('',#9569);
#3614=VERTEX_POINT('',#9571);
#3615=VERTEX_POINT('',#9572);
#3616=VERTEX_POINT('',#9574);
#3617=VERTEX_POINT('',#9576);
#3618=VERTEX_POINT('',#9580);
#3619=VERTEX_POINT('',#9582);
#3620=VERTEX_POINT('',#9616);
#3621=VERTEX_POINT('',#9618);
#3622=VERTEX_POINT('',#9623);
#3623=VERTEX_POINT('',#9625);
#3624=VERTEX_POINT('',#9627);
#3625=VERTEX_POINT('',#9636);
#3626=VERTEX_POINT('',#9646);
#3627=VERTEX_POINT('',#9647);
#3628=VERTEX_POINT('',#9649);
#3629=VERTEX_POINT('',#9651);
#3630=VERTEX_POINT('',#9653);
#3631=VERTEX_POINT('',#9655);
#3632=VERTEX_POINT('',#9659);
#3633=VERTEX_POINT('',#9660);
#3634=VERTEX_POINT('',#9662);
#3635=VERTEX_POINT('',#9664);
#3636=VERTEX_POINT('',#9668);
#3637=VERTEX_POINT('',#9669);
#3638=VERTEX_POINT('',#9673);
#3639=VERTEX_POINT('',#9675);
#3640=VERTEX_POINT('',#9679);
#3641=VERTEX_POINT('',#9680);
#3642=VERTEX_POINT('',#9700);
#3643=VERTEX_POINT('',#9701);
#3644=VERTEX_POINT('',#9721);
#3645=VERTEX_POINT('',#9723);
#3646=VERTEX_POINT('',#9727);
#3647=VERTEX_POINT('',#9729);
#3648=VERTEX_POINT('',#9733);
#3649=VERTEX_POINT('',#9735);
#3650=VERTEX_POINT('',#9743);
#3651=VERTEX_POINT('',#9777);
#3652=EDGE_CURVE('',#3181,#3182,#4358,.T.);
#3653=EDGE_CURVE('',#3181,#3183,#4359,.T.);
#3654=EDGE_CURVE('',#3184,#3183,#4360,.T.);
#3655=EDGE_CURVE('',#3185,#3184,#4361,.T.);
#3656=EDGE_CURVE('',#3186,#3185,#4362,.T.);
#3657=EDGE_CURVE('',#3182,#3186,#1561,.T.);
#3658=EDGE_CURVE('',#3187,#3188,#1562,.T.);
#3659=EDGE_CURVE('',#3187,#3189,#4363,.T.);
#3660=EDGE_CURVE('',#3190,#3189,#1563,.T.);
#3661=EDGE_CURVE('',#3190,#3191,#4364,.T.);
#3662=EDGE_CURVE('',#3192,#3191,#1564,.T.);
#3663=EDGE_CURVE('',#3192,#3193,#4365,.T.);
#3664=EDGE_CURVE('',#3194,#3193,#517,.T.);
#3665=EDGE_CURVE('',#3194,#3195,#518,.T.);
#3666=EDGE_CURVE('',#3196,#3195,#519,.T.);
#3667=EDGE_CURVE('',#3197,#3196,#4366,.T.);
#3668=EDGE_CURVE('',#3197,#3198,#1565,.T.);
#3669=EDGE_CURVE('',#3198,#3199,#4367,.T.);
#3670=EDGE_CURVE('',#3199,#3200,#520,.T.);
#3671=EDGE_CURVE('',#3201,#3200,#521,.T.);
#3672=EDGE_CURVE('',#3202,#3201,#522,.T.);
#3673=EDGE_CURVE('',#3202,#3188,#4368,.T.);
#3674=EDGE_CURVE('',#3203,#3204,#1566,.T.);
#3675=EDGE_CURVE('',#3203,#3205,#4369,.T.);
#3676=EDGE_CURVE('',#3206,#3205,#1567,.T.);
#3677=EDGE_CURVE('',#3206,#3207,#4370,.T.);
#3678=EDGE_CURVE('',#3207,#3208,#1568,.T.);
#3679=EDGE_CURVE('',#3209,#3208,#4371,.T.);
#3680=EDGE_CURVE('',#3209,#3210,#523,.T.);
#3681=EDGE_CURVE('',#3210,#3211,#524,.T.);
#3682=EDGE_CURVE('',#3211,#3212,#525,.T.);
#3683=EDGE_CURVE('',#3212,#3213,#4372,.T.);
#3684=EDGE_CURVE('',#3213,#3214,#1569,.T.);
#3685=EDGE_CURVE('',#3214,#3215,#4373,.T.);
#3686=EDGE_CURVE('',#3215,#3216,#526,.T.);
#3687=EDGE_CURVE('',#3217,#3216,#527,.T.);
#3688=EDGE_CURVE('',#3218,#3217,#528,.T.);
#3689=EDGE_CURVE('',#3204,#3218,#4374,.T.);
#3690=EDGE_CURVE('',#3219,#3220,#1570,.T.);
#3691=EDGE_CURVE('',#3220,#3221,#4375,.T.);
#3692=EDGE_CURVE('',#3222,#3221,#1571,.T.);
#3693=EDGE_CURVE('',#3222,#3223,#4376,.T.);
#3694=EDGE_CURVE('',#3223,#3224,#529,.T.);
#3695=EDGE_CURVE('',#3219,#3224,#4377,.T.);
#3696=EDGE_CURVE('',#3225,#3226,#4378,.T.);
#3697=EDGE_CURVE('',#3227,#3225,#1572,.T.);
#3698=EDGE_CURVE('',#3228,#3227,#4379,.T.);
#3699=EDGE_CURVE('',#3228,#3226,#4380,.T.);
#3700=EDGE_CURVE('',#3193,#3229,#4381,.T.);
#3701=EDGE_CURVE('',#3230,#3229,#530,.T.);
#3702=EDGE_CURVE('',#3230,#3194,#410,.T.);
#3703=EDGE_CURVE('',#3192,#3231,#4382,.T.);
#3704=EDGE_CURVE('',#3229,#3231,#4383,.T.);
#3705=EDGE_CURVE('',#3203,#3191,#1573,.T.);
#3706=EDGE_CURVE('',#3204,#3232,#4384,.T.);
#3707=EDGE_CURVE('',#3231,#3232,#1574,.T.);
#3708=EDGE_CURVE('',#3218,#3233,#4385,.T.);
#3709=EDGE_CURVE('',#3232,#3233,#4386,.T.);
#3710=EDGE_CURVE('',#3217,#3234,#411,.T.);
#3711=EDGE_CURVE('',#3234,#3233,#531,.T.);
#3712=EDGE_CURVE('',#3209,#3235,#4387,.T.);
#3713=EDGE_CURVE('',#3236,#3235,#532,.T.);
#3714=EDGE_CURVE('',#3236,#3210,#412,.T.);
#3715=EDGE_CURVE('',#3208,#3237,#4388,.T.);
#3716=EDGE_CURVE('',#3235,#3237,#4389,.T.);
#3717=EDGE_CURVE('',#3220,#3207,#1575,.T.);
#3718=EDGE_CURVE('',#3219,#3238,#4390,.T.);
#3719=EDGE_CURVE('',#3237,#3238,#1576,.T.);
#3720=EDGE_CURVE('',#3224,#3239,#4391,.T.);
#3721=EDGE_CURVE('',#3238,#3239,#4392,.T.);
#3722=EDGE_CURVE('',#3223,#3240,#413,.T.);
#3723=EDGE_CURVE('',#3240,#3239,#533,.T.);
#3724=EDGE_CURVE('',#3189,#3241,#1577,.T.);
#3725=EDGE_CURVE('',#3241,#3242,#1578,.T.);
#3726=EDGE_CURVE('',#3242,#3243,#4393,.T.);
#3727=EDGE_CURVE('',#3244,#3243,#4394,.T.);
#3728=EDGE_CURVE('',#3245,#3244,#4395,.T.);
#3729=EDGE_CURVE('',#3245,#3246,#4396,.T.);
#3730=EDGE_CURVE('',#3246,#3222,#4397,.T.);
#3731=EDGE_CURVE('',#3221,#3206,#1579,.T.);
#3732=EDGE_CURVE('',#3205,#3190,#1580,.T.);
#3733=EDGE_CURVE('',#3247,#3248,#534,.T.);
#3734=EDGE_CURVE('',#3247,#3249,#4398,.T.);
#3735=EDGE_CURVE('',#3250,#3249,#535,.T.);
#3736=EDGE_CURVE('',#3250,#3248,#414,.T.);
#3737=EDGE_CURVE('',#3247,#3251,#4399,.T.);
#3738=EDGE_CURVE('',#3251,#3252,#4400,.T.);
#3739=EDGE_CURVE('',#3249,#3252,#4401,.T.);
#3740=EDGE_CURVE('',#3187,#3253,#1581,.T.);
#3741=EDGE_CURVE('',#3188,#3254,#4402,.T.);
#3742=EDGE_CURVE('',#3252,#3254,#1582,.T.);
#3743=EDGE_CURVE('',#3251,#3253,#1583,.T.);
#3744=EDGE_CURVE('',#3202,#3255,#4403,.T.);
#3745=EDGE_CURVE('',#3254,#3255,#4404,.T.);
#3746=EDGE_CURVE('',#3201,#3256,#415,.T.);
#3747=EDGE_CURVE('',#3256,#3255,#536,.T.);
#3748=EDGE_CURVE('',#3225,#3182,#537,.T.);
#3749=EDGE_CURVE('',#3257,#3186,#1584,.T.);
#3750=EDGE_CURVE('',#3257,#3258,#1585,.T.);
#3751=EDGE_CURVE('',#3227,#3258,#1586,.T.);
#3752=EDGE_CURVE('',#3259,#3236,#538,.T.);
#3753=EDGE_CURVE('',#3212,#3259,#539,.T.);
#3754=EDGE_CURVE('',#3211,#3236,#1587,.T.);
#3755=EDGE_CURVE('',#3260,#3230,#540,.T.);
#3756=EDGE_CURVE('',#3196,#3260,#541,.T.);
#3757=EDGE_CURVE('',#3195,#3230,#1588,.T.);
#3758=EDGE_CURVE('',#3241,#3253,#4405,.T.);
#3759=EDGE_CURVE('',#3248,#3242,#4406,.T.);
#3760=EDGE_CURVE('',#3200,#3256,#1589,.T.);
#3761=EDGE_CURVE('',#3261,#3199,#542,.T.);
#3762=EDGE_CURVE('',#3261,#3256,#543,.T.);
#3763=EDGE_CURVE('',#3216,#3234,#1590,.T.);
#3764=EDGE_CURVE('',#3262,#3215,#544,.T.);
#3765=EDGE_CURVE('',#3262,#3234,#545,.T.);
#3766=EDGE_CURVE('',#3261,#3263,#4407,.T.);
#3767=EDGE_CURVE('',#3264,#3263,#1591,.T.);
#3768=EDGE_CURVE('',#3264,#3250,#4408,.T.);
#3769=EDGE_CURVE('',#3262,#3265,#4409,.T.);
#3770=EDGE_CURVE('',#3266,#3265,#1592,.T.);
#3771=EDGE_CURVE('',#3266,#3260,#4410,.T.);
#3772=EDGE_CURVE('',#3240,#3267,#4411,.T.);
#3773=EDGE_CURVE('',#3268,#3267,#1593,.T.);
#3774=EDGE_CURVE('',#3268,#3259,#4412,.T.);
#3775=EDGE_CURVE('',#3269,#3269,#1594,.T.);
#3776=EDGE_CURVE('',#3270,#3264,#4413,.T.);
#3777=EDGE_CURVE('',#3270,#3271,#4414,.T.);
#3778=EDGE_CURVE('',#3271,#3257,#4415,.T.);
#3779=EDGE_CURVE('',#3243,#3185,#4416,.T.);
#3780=EDGE_CURVE('',#3272,#3272,#1595,.T.);
#3781=EDGE_CURVE('',#3228,#3246,#4417,.T.);
#3782=EDGE_CURVE('',#3258,#3273,#4418,.T.);
#3783=EDGE_CURVE('',#3273,#3274,#4419,.T.);
#3784=EDGE_CURVE('',#3267,#3274,#4420,.T.);
#3785=EDGE_CURVE('',#3244,#3184,#4421,.T.);
#3786=EDGE_CURVE('',#3183,#3245,#4422,.T.);
#3787=EDGE_CURVE('',#3181,#3226,#1596,.T.);
#3788=EDGE_CURVE('',#3263,#3198,#4423,.T.);
#3789=EDGE_CURVE('',#3197,#3266,#4424,.T.);
#3790=EDGE_CURVE('',#3265,#3214,#4425,.T.);
#3791=EDGE_CURVE('',#3213,#3268,#4426,.T.);
#3792=EDGE_CURVE('',#3274,#3270,#1597,.T.);
#3793=EDGE_CURVE('',#3273,#3271,#1598,.T.);
#3794=EDGE_CURVE('',#3275,#3276,#4427,.T.);
#3795=EDGE_CURVE('',#3277,#3275,#4428,.T.);
#3796=EDGE_CURVE('',#3278,#3277,#4429,.T.);
#3797=EDGE_CURVE('',#3278,#3279,#4430,.T.);
#3798=EDGE_CURVE('',#3280,#3279,#4431,.T.);
#3799=EDGE_CURVE('',#3276,#3280,#1599,.T.);
#3800=EDGE_CURVE('',#3281,#3282,#1600,.T.);
#3801=EDGE_CURVE('',#3282,#3283,#4432,.T.);
#3802=EDGE_CURVE('',#3284,#3283,#1601,.T.);
#3803=EDGE_CURVE('',#3284,#3285,#4433,.T.);
#3804=EDGE_CURVE('',#3285,#3286,#546,.T.);
#3805=EDGE_CURVE('',#3286,#3287,#547,.T.);
#3806=EDGE_CURVE('',#3288,#3287,#548,.T.);
#3807=EDGE_CURVE('',#3289,#3288,#4434,.T.);
#3808=EDGE_CURVE('',#3289,#3290,#1602,.T.);
#3809=EDGE_CURVE('',#3291,#3290,#4435,.T.);
#3810=EDGE_CURVE('',#3292,#3291,#549,.T.);
#3811=EDGE_CURVE('',#3292,#3293,#550,.T.);
#3812=EDGE_CURVE('',#3293,#3294,#551,.T.);
#3813=EDGE_CURVE('',#3281,#3294,#4436,.T.);
#3814=EDGE_CURVE('',#3295,#3296,#1603,.T.);
#3815=EDGE_CURVE('',#3295,#3297,#4437,.T.);
#3816=EDGE_CURVE('',#3297,#3298,#1604,.T.);
#3817=EDGE_CURVE('',#3298,#3299,#4438,.T.);
#3818=EDGE_CURVE('',#3299,#3300,#552,.T.);
#3819=EDGE_CURVE('',#3301,#3300,#553,.T.);
#3820=EDGE_CURVE('',#3302,#3301,#554,.T.);
#3821=EDGE_CURVE('',#3302,#3303,#4439,.T.);
#3822=EDGE_CURVE('',#3303,#3304,#1605,.T.);
#3823=EDGE_CURVE('',#3305,#3304,#4440,.T.);
#3824=EDGE_CURVE('',#3306,#3305,#555,.T.);
#3825=EDGE_CURVE('',#3306,#3307,#556,.T.);
#3826=EDGE_CURVE('',#3308,#3307,#557,.T.);
#3827=EDGE_CURVE('',#3309,#3308,#4441,.T.);
#3828=EDGE_CURVE('',#3309,#3310,#1606,.T.);
#3829=EDGE_CURVE('',#3310,#3296,#4442,.T.);
#3830=EDGE_CURVE('',#3311,#3312,#4443,.T.);
#3831=EDGE_CURVE('',#3313,#3311,#1607,.T.);
#3832=EDGE_CURVE('',#3314,#3313,#4444,.T.);
#3833=EDGE_CURVE('',#3312,#3314,#4445,.T.);
#3834=EDGE_CURVE('',#3315,#3316,#558,.T.);
#3835=EDGE_CURVE('',#3315,#3317,#4446,.T.);
#3836=EDGE_CURVE('',#3318,#3317,#559,.T.);
#3837=EDGE_CURVE('',#3318,#3316,#416,.T.);
#3838=EDGE_CURVE('',#3315,#3319,#4447,.T.);
#3839=EDGE_CURVE('',#3319,#3320,#4448,.T.);
#3840=EDGE_CURVE('',#3317,#3320,#4449,.T.);
#3841=EDGE_CURVE('',#3310,#3321,#1608,.T.);
#3842=EDGE_CURVE('',#3309,#3322,#4450,.T.);
#3843=EDGE_CURVE('',#3320,#3322,#1609,.T.);
#3844=EDGE_CURVE('',#3321,#3319,#1610,.T.);
#3845=EDGE_CURVE('',#3308,#3323,#4451,.T.);
#3846=EDGE_CURVE('',#3322,#3323,#4452,.T.);
#3847=EDGE_CURVE('',#3307,#3324,#417,.T.);
#3848=EDGE_CURVE('',#3324,#3323,#560,.T.);
#3849=EDGE_CURVE('',#3299,#3325,#4453,.T.);
#3850=EDGE_CURVE('',#3326,#3325,#561,.T.);
#3851=EDGE_CURVE('',#3326,#3300,#418,.T.);
#3852=EDGE_CURVE('',#3298,#3327,#4454,.T.);
#3853=EDGE_CURVE('',#3325,#3327,#4455,.T.);
#3854=EDGE_CURVE('',#3282,#3297,#1611,.T.);
#3855=EDGE_CURVE('',#3281,#3328,#4456,.T.);
#3856=EDGE_CURVE('',#3327,#3328,#1612,.T.);
#3857=EDGE_CURVE('',#3294,#3329,#4457,.T.);
#3858=EDGE_CURVE('',#3328,#3329,#4458,.T.);
#3859=EDGE_CURVE('',#3293,#3330,#419,.T.);
#3860=EDGE_CURVE('',#3330,#3329,#562,.T.);
#3861=EDGE_CURVE('',#3285,#3331,#420,.T.);
#3862=EDGE_CURVE('',#3332,#3331,#563,.T.);
#3863=EDGE_CURVE('',#3332,#3286,#421,.T.);
#3864=EDGE_CURVE('',#3283,#3295,#1613,.T.);
#3865=EDGE_CURVE('',#3296,#3333,#1614,.T.);
#3866=EDGE_CURVE('',#3333,#3334,#1615,.T.);
#3867=EDGE_CURVE('',#3334,#3335,#4459,.T.);
#3868=EDGE_CURVE('',#3335,#3336,#4460,.T.);
#3869=EDGE_CURVE('',#3336,#3337,#4461,.T.);
#3870=EDGE_CURVE('',#3338,#3337,#4462,.T.);
#3871=EDGE_CURVE('',#3338,#3284,#4463,.T.);
#3872=EDGE_CURVE('',#3339,#3340,#564,.T.);
#3873=EDGE_CURVE('',#3339,#3341,#422,.T.);
#3874=EDGE_CURVE('',#3341,#3342,#565,.T.);
#3875=EDGE_CURVE('',#3342,#3340,#423,.T.);
#3876=EDGE_CURVE('',#3333,#3321,#4464,.T.);
#3877=EDGE_CURVE('',#3316,#3343,#566,.T.);
#3878=EDGE_CURVE('',#3343,#3344,#567,.T.);
#3879=EDGE_CURVE('',#3345,#3344,#4465,.T.);
#3880=EDGE_CURVE('',#3345,#3346,#1616,.T.);
#3881=EDGE_CURVE('',#3347,#3346,#4466,.T.);
#3882=EDGE_CURVE('',#3348,#3347,#568,.T.);
#3883=EDGE_CURVE('',#3339,#3348,#569,.T.);
#3884=EDGE_CURVE('',#3340,#3334,#4467,.T.);
#3885=EDGE_CURVE('',#3349,#3349,#1617,.T.);
#3886=EDGE_CURVE('',#3313,#3350,#1618,.T.);
#3887=EDGE_CURVE('',#3350,#3351,#4468,.T.);
#3888=EDGE_CURVE('',#3351,#3352,#4469,.T.);
#3889=EDGE_CURVE('',#3353,#3352,#4470,.T.);
#3890=EDGE_CURVE('',#3331,#3353,#4471,.T.);
#3891=EDGE_CURVE('',#3314,#3338,#4472,.T.);
#3892=EDGE_CURVE('',#3354,#3354,#1619,.T.);
#3893=EDGE_CURVE('',#3335,#3279,#4473,.T.);
#3894=EDGE_CURVE('',#3355,#3342,#4474,.T.);
#3895=EDGE_CURVE('',#3356,#3355,#4475,.T.);
#3896=EDGE_CURVE('',#3356,#3357,#4476,.T.);
#3897=EDGE_CURVE('',#3357,#3358,#4477,.T.);
#3898=EDGE_CURVE('',#3358,#3280,#1620,.T.);
#3899=EDGE_CURVE('',#3348,#3341,#1621,.T.);
#3900=EDGE_CURVE('',#3359,#3347,#570,.T.);
#3901=EDGE_CURVE('',#3359,#3341,#571,.T.);
#3902=EDGE_CURVE('',#3306,#3324,#1622,.T.);
#3903=EDGE_CURVE('',#3360,#3305,#572,.T.);
#3904=EDGE_CURVE('',#3360,#3324,#573,.T.);
#3905=EDGE_CURVE('',#3343,#3318,#1623,.T.);
#3906=EDGE_CURVE('',#3361,#3318,#574,.T.);
#3907=EDGE_CURVE('',#3344,#3361,#575,.T.);
#3908=EDGE_CURVE('',#3292,#3330,#1624,.T.);
#3909=EDGE_CURVE('',#3362,#3291,#576,.T.);
#3910=EDGE_CURVE('',#3362,#3330,#577,.T.);
#3911=EDGE_CURVE('',#3301,#3326,#1625,.T.);
#3912=EDGE_CURVE('',#3363,#3326,#578,.T.);
#3913=EDGE_CURVE('',#3302,#3363,#579,.T.);
#3914=EDGE_CURVE('',#3287,#3332,#1626,.T.);
#3915=EDGE_CURVE('',#3364,#3332,#580,.T.);
#3916=EDGE_CURVE('',#3288,#3364,#581,.T.);
#3917=EDGE_CURVE('',#3362,#3365,#4478,.T.);
#3918=EDGE_CURVE('',#3366,#3365,#1627,.T.);
#3919=EDGE_CURVE('',#3366,#3363,#4479,.T.);
#3920=EDGE_CURVE('',#3360,#3367,#4480,.T.);
#3921=EDGE_CURVE('',#3368,#3367,#1628,.T.);
#3922=EDGE_CURVE('',#3368,#3361,#4481,.T.);
#3923=EDGE_CURVE('',#3369,#3353,#1629,.T.);
#3924=EDGE_CURVE('',#3369,#3364,#4482,.T.);
#3925=EDGE_CURVE('',#3359,#3370,#4483,.T.);
#3926=EDGE_CURVE('',#3355,#3370,#1630,.T.);
#3927=EDGE_CURVE('',#3278,#3336,#4484,.T.);
#3928=EDGE_CURVE('',#3337,#3277,#4485,.T.);
#3929=EDGE_CURVE('',#3275,#3312,#1631,.T.);
#3930=EDGE_CURVE('',#3311,#3276,#582,.T.);
#3931=EDGE_CURVE('',#3358,#3350,#1632,.T.);
#3932=EDGE_CURVE('',#3351,#3357,#1633,.T.);
#3933=EDGE_CURVE('',#3352,#3356,#1634,.T.);
#3934=EDGE_CURVE('',#3289,#3369,#4486,.T.);
#3935=EDGE_CURVE('',#3303,#3366,#4487,.T.);
#3936=EDGE_CURVE('',#3365,#3290,#4488,.T.);
#3937=EDGE_CURVE('',#3345,#3368,#4489,.T.);
#3938=EDGE_CURVE('',#3367,#3304,#4490,.T.);
#3939=EDGE_CURVE('',#3370,#3346,#4491,.T.);
#3940=EDGE_CURVE('',#3371,#3372,#4492,.T.);
#3941=EDGE_CURVE('',#3373,#3371,#1635,.T.);
#3942=EDGE_CURVE('',#3373,#3374,#4493,.T.);
#3943=EDGE_CURVE('',#3375,#3374,#583,.T.);
#3944=EDGE_CURVE('',#3376,#3375,#584,.T.);
#3945=EDGE_CURVE('',#3376,#3377,#585,.T.);
#3946=EDGE_CURVE('',#3377,#3378,#4494,.T.);
#3947=EDGE_CURVE('',#3378,#3379,#1636,.T.);
#3948=EDGE_CURVE('',#3380,#3379,#4495,.T.);
#3949=EDGE_CURVE('',#3381,#3380,#586,.T.);
#3950=EDGE_CURVE('',#3381,#3382,#587,.T.);
#3951=EDGE_CURVE('',#3383,#3382,#588,.T.);
#3952=EDGE_CURVE('',#3383,#3384,#4496,.T.);
#3953=EDGE_CURVE('',#3385,#3384,#1637,.T.);
#3954=EDGE_CURVE('',#3386,#3385,#4497,.T.);
#3955=EDGE_CURVE('',#3372,#3386,#1638,.T.);
#3956=EDGE_CURVE('',#3387,#3388,#4498,.T.);
#3957=EDGE_CURVE('',#3389,#3387,#1639,.T.);
#3958=EDGE_CURVE('',#3390,#3389,#4499,.T.);
#3959=EDGE_CURVE('',#3391,#3390,#589,.T.);
#3960=EDGE_CURVE('',#3392,#3391,#590,.T.);
#3961=EDGE_CURVE('',#3392,#3393,#591,.T.);
#3962=EDGE_CURVE('',#3393,#3394,#4500,.T.);
#3963=EDGE_CURVE('',#3394,#3395,#1640,.T.);
#3964=EDGE_CURVE('',#3395,#3396,#4501,.T.);
#3965=EDGE_CURVE('',#3396,#3397,#592,.T.);
#3966=EDGE_CURVE('',#3397,#3398,#593,.T.);
#3967=EDGE_CURVE('',#3398,#3399,#594,.T.);
#3968=EDGE_CURVE('',#3400,#3399,#4502,.T.);
#3969=EDGE_CURVE('',#3400,#3401,#1641,.T.);
#3970=EDGE_CURVE('',#3402,#3401,#4503,.T.);
#3971=EDGE_CURVE('',#3388,#3402,#1642,.T.);
#3972=EDGE_CURVE('',#3403,#3404,#4504,.T.);
#3973=EDGE_CURVE('',#3403,#3405,#1643,.T.);
#3974=EDGE_CURVE('',#3406,#3405,#4505,.T.);
#3975=EDGE_CURVE('',#3406,#3407,#595,.T.);
#3976=EDGE_CURVE('',#3407,#3408,#4506,.T.);
#3977=EDGE_CURVE('',#3404,#3408,#1644,.T.);
#3978=EDGE_CURVE('',#3409,#3410,#1645,.T.);
#3979=EDGE_CURVE('',#3409,#3411,#1646,.T.);
#3980=EDGE_CURVE('',#3412,#3411,#1647,.T.);
#3981=EDGE_CURVE('',#3412,#3410,#1648,.T.);
#3982=EDGE_CURVE('',#3413,#3413,#1649,.T.);
#3983=EDGE_CURVE('',#3409,#3410,#4507,.T.);
#3984=EDGE_CURVE('',#3412,#3414,#4508,.T.);
#3985=EDGE_CURVE('',#3415,#3414,#1650,.T.);
#3986=EDGE_CURVE('',#3415,#3416,#4509,.T.);
#3987=EDGE_CURVE('',#3416,#3417,#4510,.T.);
#3988=EDGE_CURVE('',#3418,#3417,#1651,.T.);
#3989=EDGE_CURVE('',#3418,#3419,#4511,.T.);
#3990=EDGE_CURVE('',#3419,#3420,#4512,.T.);
#3991=EDGE_CURVE('',#3420,#3421,#1652,.T.);
#3992=EDGE_CURVE('',#3422,#3421,#1653,.T.);
#3993=EDGE_CURVE('',#3423,#3422,#596,.T.);
#3994=EDGE_CURVE('',#3424,#3423,#4513,.T.);
#3995=EDGE_CURVE('',#3425,#3424,#597,.T.);
#3996=EDGE_CURVE('',#3426,#3425,#424,.T.);
#3997=EDGE_CURVE('',#3427,#3426,#4514,.T.);
#3998=EDGE_CURVE('',#3408,#3427,#4515,.T.);
#3999=EDGE_CURVE('',#3428,#3407,#425,.T.);
#4000=EDGE_CURVE('',#3429,#3428,#598,.T.);
#4001=EDGE_CURVE('',#3430,#3429,#4516,.T.);
#4002=EDGE_CURVE('',#3431,#3430,#599,.T.);
#4003=EDGE_CURVE('',#3432,#3431,#1654,.T.);
#4004=EDGE_CURVE('',#3432,#3433,#1655,.T.);
#4005=EDGE_CURVE('',#3433,#3434,#4517,.T.);
#4006=EDGE_CURVE('',#3434,#3435,#4518,.T.);
#4007=EDGE_CURVE('',#3436,#3435,#1656,.T.);
#4008=EDGE_CURVE('',#3436,#3437,#4519,.T.);
#4009=EDGE_CURVE('',#3437,#3438,#4520,.T.);
#4010=EDGE_CURVE('',#3439,#3438,#1657,.T.);
#4011=EDGE_CURVE('',#3439,#3411,#4521,.T.);
#4012=EDGE_CURVE('',#3422,#3431,#1658,.T.);
#4013=EDGE_CURVE('',#3421,#3432,#1659,.T.);
#4014=EDGE_CURVE('',#3420,#3433,#1660,.T.);
#4015=EDGE_CURVE('',#3434,#3419,#1661,.T.);
#4016=EDGE_CURVE('',#3418,#3435,#1662,.T.);
#4017=EDGE_CURVE('',#3417,#3436,#1663,.T.);
#4018=EDGE_CURVE('',#3437,#3416,#1664,.T.);
#4019=EDGE_CURVE('',#3415,#3438,#1665,.T.);
#4020=EDGE_CURVE('',#3414,#3439,#1666,.T.);
#4021=EDGE_CURVE('',#3430,#3423,#34,.T.);
#4022=EDGE_CURVE('',#3429,#3440,#601,.T.);
#4023=EDGE_CURVE('',#3441,#3440,#4522,.T.);
#4024=EDGE_CURVE('',#3441,#3442,#1667,.T.);
#4025=EDGE_CURVE('',#3442,#3443,#4523,.T.);
#4026=EDGE_CURVE('',#3443,#3444,#602,.T.);
#4027=EDGE_CURVE('',#3445,#3444,#4524,.T.);
#4028=EDGE_CURVE('',#3445,#3446,#1668,.T.);
#4029=EDGE_CURVE('',#3446,#3447,#4525,.T.);
#4030=EDGE_CURVE('',#3447,#3424,#603,.T.);
#4031=EDGE_CURVE('',#3448,#3449,#4526,.T.);
#4032=EDGE_CURVE('',#3427,#3448,#1669,.T.);
#4033=EDGE_CURVE('',#3426,#3450,#604,.T.);
#4034=EDGE_CURVE('',#3451,#3450,#4527,.T.);
#4035=EDGE_CURVE('',#3449,#3451,#1670,.T.);
#4036=EDGE_CURVE('',#3452,#3453,#1671,.T.);
#4037=EDGE_CURVE('',#3453,#3454,#4528,.T.);
#4038=EDGE_CURVE('',#3454,#3455,#605,.T.);
#4039=EDGE_CURVE('',#3455,#3452,#4529,.T.);
#4040=EDGE_CURVE('',#3456,#3457,#1672,.T.);
#4041=EDGE_CURVE('',#3457,#3458,#4530,.T.);
#4042=EDGE_CURVE('',#3458,#3459,#606,.T.);
#4043=EDGE_CURVE('',#3459,#3456,#4531,.T.);
#4044=EDGE_CURVE('',#3460,#3461,#1673,.T.);
#4045=EDGE_CURVE('',#3461,#3462,#4532,.T.);
#4046=EDGE_CURVE('',#3462,#3463,#607,.T.);
#4047=EDGE_CURVE('',#3463,#3460,#4533,.T.);
#4048=EDGE_CURVE('',#3428,#3464,#608,.T.);
#4049=EDGE_CURVE('',#3464,#3455,#609,.T.);
#4050=EDGE_CURVE('',#3454,#3465,#610,.T.);
#4051=EDGE_CURVE('',#3465,#3466,#611,.T.);
#4052=EDGE_CURVE('',#3466,#3467,#612,.T.);
#4053=EDGE_CURVE('',#3467,#3440,#613,.T.);
#4054=EDGE_CURVE('',#3447,#3468,#614,.T.);
#4055=EDGE_CURVE('',#3468,#3469,#615,.T.);
#4056=EDGE_CURVE('',#3469,#3470,#616,.T.);
#4057=EDGE_CURVE('',#3470,#3463,#617,.T.);
#4058=EDGE_CURVE('',#3462,#3471,#618,.T.);
#4059=EDGE_CURVE('',#3471,#3425,#619,.T.);
#4060=EDGE_CURVE('',#3472,#3473,#620,.T.);
#4061=EDGE_CURVE('',#3473,#3459,#621,.T.);
#4062=EDGE_CURVE('',#3458,#3474,#622,.T.);
#4063=EDGE_CURVE('',#3474,#3475,#623,.T.);
#4064=EDGE_CURVE('',#3475,#3476,#624,.T.);
#4065=EDGE_CURVE('',#3476,#3444,#625,.T.);
#4066=EDGE_CURVE('',#3443,#3477,#626,.T.);
#4067=EDGE_CURVE('',#3477,#3472,#627,.T.);
#4068=EDGE_CURVE('',#3448,#3372,#1674,.T.);
#4069=EDGE_CURVE('',#3386,#3388,#1675,.T.);
#4070=EDGE_CURVE('',#3402,#3404,#1676,.T.);
#4071=EDGE_CURVE('',#3470,#3374,#4534,.T.);
#4072=EDGE_CURVE('',#3460,#3373,#4535,.T.);
#4073=EDGE_CURVE('',#3449,#3371,#1677,.T.);
#4074=EDGE_CURVE('',#3461,#3451,#4536,.T.);
#4075=EDGE_CURVE('',#3471,#3450,#4537,.T.);
#4076=EDGE_CURVE('',#3478,#3380,#628,.T.);
#4077=EDGE_CURVE('',#3478,#3381,#1678,.T.);
#4078=EDGE_CURVE('',#3476,#3478,#426,.T.);
#4079=EDGE_CURVE('',#3382,#3475,#427,.T.);
#4080=EDGE_CURVE('',#3445,#3379,#4538,.T.);
#4081=EDGE_CURVE('',#3469,#3375,#428,.T.);
#4082=EDGE_CURVE('',#3479,#3468,#429,.T.);
#4083=EDGE_CURVE('',#3479,#3376,#1679,.T.);
#4084=EDGE_CURVE('',#3377,#3479,#629,.T.);
#4085=EDGE_CURVE('',#3378,#3446,#4539,.T.);
#4086=EDGE_CURVE('',#3473,#3390,#4540,.T.);
#4087=EDGE_CURVE('',#3456,#3389,#4541,.T.);
#4088=EDGE_CURVE('',#3385,#3387,#1680,.T.);
#4089=EDGE_CURVE('',#3457,#3384,#4542,.T.);
#4090=EDGE_CURVE('',#3474,#3383,#4543,.T.);
#4091=EDGE_CURVE('',#3480,#3396,#630,.T.);
#4092=EDGE_CURVE('',#3480,#3397,#1681,.T.);
#4093=EDGE_CURVE('',#3467,#3480,#430,.T.);
#4094=EDGE_CURVE('',#3398,#3466,#431,.T.);
#4095=EDGE_CURVE('',#3441,#3395,#4544,.T.);
#4096=EDGE_CURVE('',#3472,#3391,#432,.T.);
#4097=EDGE_CURVE('',#3481,#3477,#433,.T.);
#4098=EDGE_CURVE('',#3481,#3392,#1682,.T.);
#4099=EDGE_CURVE('',#3393,#3481,#631,.T.);
#4100=EDGE_CURVE('',#3394,#3442,#4545,.T.);
#4101=EDGE_CURVE('',#3464,#3406,#4546,.T.);
#4102=EDGE_CURVE('',#3452,#3405,#4547,.T.);
#4103=EDGE_CURVE('',#3401,#3403,#1683,.T.);
#4104=EDGE_CURVE('',#3453,#3400,#4548,.T.);
#4105=EDGE_CURVE('',#3465,#3399,#4549,.T.);
#4106=EDGE_CURVE('',#3482,#3483,#4550,.T.);
#4107=EDGE_CURVE('',#3482,#3484,#1684,.T.);
#4108=EDGE_CURVE('',#3485,#3484,#4551,.T.);
#4109=EDGE_CURVE('',#3485,#3486,#632,.T.);
#4110=EDGE_CURVE('',#3486,#3487,#633,.T.);
#4111=EDGE_CURVE('',#3488,#3487,#634,.T.);
#4112=EDGE_CURVE('',#3489,#3488,#4552,.T.);
#4113=EDGE_CURVE('',#3489,#3490,#1685,.T.);
#4114=EDGE_CURVE('',#3491,#3490,#4553,.T.);
#4115=EDGE_CURVE('',#3492,#3491,#635,.T.);
#4116=EDGE_CURVE('',#3492,#3493,#636,.T.);
#4117=EDGE_CURVE('',#3493,#3494,#637,.T.);
#4118=EDGE_CURVE('',#3494,#3495,#4554,.T.);
#4119=EDGE_CURVE('',#3483,#3495,#1686,.T.);
#4120=EDGE_CURVE('',#3496,#3497,#4555,.T.);
#4121=EDGE_CURVE('',#3498,#3496,#1687,.T.);
#4122=EDGE_CURVE('',#3499,#3498,#4556,.T.);
#4123=EDGE_CURVE('',#3499,#3500,#1688,.T.);
#4124=EDGE_CURVE('',#3501,#3500,#4557,.T.);
#4125=EDGE_CURVE('',#3502,#3501,#638,.T.);
#4126=EDGE_CURVE('',#3502,#3503,#639,.T.);
#4127=EDGE_CURVE('',#3504,#3503,#640,.T.);
#4128=EDGE_CURVE('',#3505,#3504,#4558,.T.);
#4129=EDGE_CURVE('',#3505,#3506,#1689,.T.);
#4130=EDGE_CURVE('',#3506,#3507,#4559,.T.);
#4131=EDGE_CURVE('',#3508,#3507,#641,.T.);
#4132=EDGE_CURVE('',#3509,#3508,#642,.T.);
#4133=EDGE_CURVE('',#3509,#3510,#643,.T.);
#4134=EDGE_CURVE('',#3510,#3511,#4560,.T.);
#4135=EDGE_CURVE('',#3511,#3497,#1690,.T.);
#4136=EDGE_CURVE('',#3512,#3512,#1691,.T.);
#4137=EDGE_CURVE('',#3513,#3494,#434,.T.);
#4138=EDGE_CURVE('',#3514,#3513,#644,.T.);
#4139=EDGE_CURVE('',#3515,#3514,#4561,.T.);
#4140=EDGE_CURVE('',#3516,#3515,#645,.T.);
#4141=EDGE_CURVE('',#3517,#3516,#1692,.T.);
#4142=EDGE_CURVE('',#3517,#3518,#1693,.T.);
#4143=EDGE_CURVE('',#3518,#3519,#4562,.T.);
#4144=EDGE_CURVE('',#3519,#3520,#4563,.T.);
#4145=EDGE_CURVE('',#3521,#3520,#1694,.T.);
#4146=EDGE_CURVE('',#3521,#3522,#4564,.T.);
#4147=EDGE_CURVE('',#3522,#3523,#4565,.T.);
#4148=EDGE_CURVE('',#3524,#3523,#1695,.T.);
#4149=EDGE_CURVE('',#3524,#3525,#4566,.T.);
#4150=EDGE_CURVE('',#3526,#3525,#1696,.T.);
#4151=EDGE_CURVE('',#3526,#3527,#4567,.T.);
#4152=EDGE_CURVE('',#3528,#3527,#1697,.T.);
#4153=EDGE_CURVE('',#3528,#3529,#4568,.T.);
#4154=EDGE_CURVE('',#3530,#3529,#1698,.T.);
#4155=EDGE_CURVE('',#3530,#3531,#4569,.T.);
#4156=EDGE_CURVE('',#3531,#3532,#4570,.T.);
#4157=EDGE_CURVE('',#3533,#3532,#1699,.T.);
#4158=EDGE_CURVE('',#3533,#3534,#4571,.T.);
#4159=EDGE_CURVE('',#3534,#3535,#4572,.T.);
#4160=EDGE_CURVE('',#3535,#3536,#1700,.T.);
#4161=EDGE_CURVE('',#3537,#3536,#1701,.T.);
#4162=EDGE_CURVE('',#3538,#3537,#646,.T.);
#4163=EDGE_CURVE('',#3539,#3538,#4573,.T.);
#4164=EDGE_CURVE('',#3540,#3539,#647,.T.);
#4165=EDGE_CURVE('',#3541,#3540,#435,.T.);
#4166=EDGE_CURVE('',#3542,#3541,#4574,.T.);
#4167=EDGE_CURVE('',#3495,#3542,#4575,.T.);
#4168=EDGE_CURVE('',#3496,#3483,#1702,.T.);
#4169=EDGE_CURVE('',#3542,#3543,#1703,.T.);
#4170=EDGE_CURVE('',#3543,#3498,#1704,.T.);
#4171=EDGE_CURVE('',#3493,#3544,#436,.T.);
#4172=EDGE_CURVE('',#3513,#3544,#648,.T.);
#4173=EDGE_CURVE('',#3545,#3546,#437,.T.);
#4174=EDGE_CURVE('',#3541,#3546,#649,.T.);
#4175=EDGE_CURVE('',#3545,#3540,#650,.T.);
#4176=EDGE_CURVE('',#3547,#3548,#1705,.T.);
#4177=EDGE_CURVE('',#3547,#3549,#4576,.T.);
#4178=EDGE_CURVE('',#3550,#3549,#1706,.T.);
#4179=EDGE_CURVE('',#3550,#3548,#4577,.T.);
#4180=EDGE_CURVE('',#3505,#3551,#4578,.T.);
#4181=EDGE_CURVE('',#3552,#3551,#1707,.T.);
#4182=EDGE_CURVE('',#3552,#3506,#4579,.T.);
#4183=EDGE_CURVE('',#3489,#3553,#4580,.T.);
#4184=EDGE_CURVE('',#3554,#3553,#1708,.T.);
#4185=EDGE_CURVE('',#3554,#3490,#4581,.T.);
#4186=EDGE_CURVE('',#3555,#3486,#438,.T.);
#4187=EDGE_CURVE('',#3556,#3485,#4582,.T.);
#4188=EDGE_CURVE('',#3555,#3556,#651,.T.);
#4189=EDGE_CURVE('',#3557,#3510,#4583,.T.);
#4190=EDGE_CURVE('',#3509,#3558,#439,.T.);
#4191=EDGE_CURVE('',#3557,#3558,#652,.T.);
#4192=EDGE_CURVE('',#3559,#3560,#4584,.T.);
#4193=EDGE_CURVE('',#3561,#3560,#653,.T.);
#4194=EDGE_CURVE('',#3561,#3562,#440,.T.);
#4195=EDGE_CURVE('',#3559,#3562,#654,.T.);
#4196=EDGE_CURVE('',#3563,#3502,#441,.T.);
#4197=EDGE_CURVE('',#3564,#3501,#4585,.T.);
#4198=EDGE_CURVE('',#3563,#3564,#655,.T.);
#4199=EDGE_CURVE('',#3565,#3566,#4586,.T.);
#4200=EDGE_CURVE('',#3566,#3560,#4587,.T.);
#4201=EDGE_CURVE('',#3567,#3559,#656,.T.);
#4202=EDGE_CURVE('',#3565,#3567,#4588,.T.);
#4203=EDGE_CURVE('',#3568,#3499,#1709,.T.);
#4204=EDGE_CURVE('',#3566,#3568,#1710,.T.);
#4205=EDGE_CURVE('',#3569,#3565,#1711,.T.);
#4206=EDGE_CURVE('',#3569,#3500,#4589,.T.);
#4207=EDGE_CURVE('',#3570,#3569,#4590,.T.);
#4208=EDGE_CURVE('',#3564,#3570,#657,.T.);
#4209=EDGE_CURVE('',#3571,#3511,#4591,.T.);
#4210=EDGE_CURVE('',#3572,#3557,#658,.T.);
#4211=EDGE_CURVE('',#3571,#3572,#4592,.T.);
#4212=EDGE_CURVE('',#3497,#3482,#1712,.T.);
#4213=EDGE_CURVE('',#3573,#3571,#1713,.T.);
#4214=EDGE_CURVE('',#3573,#3484,#4593,.T.);
#4215=EDGE_CURVE('',#3574,#3573,#4594,.T.);
#4216=EDGE_CURVE('',#3556,#3574,#659,.T.);
#4217=EDGE_CURVE('',#3575,#3548,#4595,.T.);
#4218=EDGE_CURVE('',#3550,#3576,#4596,.T.);
#4219=EDGE_CURVE('',#3577,#3576,#660,.T.);
#4220=EDGE_CURVE('',#3577,#3578,#442,.T.);
#4221=EDGE_CURVE('',#3578,#3575,#661,.T.);
#4222=EDGE_CURVE('',#3547,#3579,#4597,.T.);
#4223=EDGE_CURVE('',#3579,#3580,#662,.T.);
#4224=EDGE_CURVE('',#3580,#3581,#443,.T.);
#4225=EDGE_CURVE('',#3582,#3581,#663,.T.);
#4226=EDGE_CURVE('',#3549,#3582,#4598,.T.);
#4227=EDGE_CURVE('',#3552,#3583,#4599,.T.);
#4228=EDGE_CURVE('',#3584,#3583,#664,.T.);
#4229=EDGE_CURVE('',#3584,#3585,#444,.T.);
#4230=EDGE_CURVE('',#3585,#3507,#665,.T.);
#4231=EDGE_CURVE('',#3504,#3586,#666,.T.);
#4232=EDGE_CURVE('',#3586,#3587,#445,.T.);
#4233=EDGE_CURVE('',#3588,#3587,#667,.T.);
#4234=EDGE_CURVE('',#3551,#3588,#4600,.T.);
#4235=EDGE_CURVE('',#3554,#3589,#4601,.T.);
#4236=EDGE_CURVE('',#3590,#3589,#668,.T.);
#4237=EDGE_CURVE('',#3590,#3591,#446,.T.);
#4238=EDGE_CURVE('',#3591,#3491,#669,.T.);
#4239=EDGE_CURVE('',#3488,#3592,#670,.T.);
#4240=EDGE_CURVE('',#3592,#3593,#447,.T.);
#4241=EDGE_CURVE('',#3594,#3593,#671,.T.);
#4242=EDGE_CURVE('',#3553,#3594,#4602,.T.);
#4243=EDGE_CURVE('',#3579,#3595,#672,.T.);
#4244=EDGE_CURVE('',#3580,#3595,#1714,.T.);
#4245=EDGE_CURVE('',#3595,#3546,#673,.T.);
#4246=EDGE_CURVE('',#3581,#3545,#674,.T.);
#4247=EDGE_CURVE('',#3596,#3561,#675,.T.);
#4248=EDGE_CURVE('',#3578,#3596,#1715,.T.);
#4249=EDGE_CURVE('',#3562,#3577,#676,.T.);
#4250=EDGE_CURVE('',#3575,#3596,#677,.T.);
#4251=EDGE_CURVE('',#3592,#3487,#1716,.T.);
#4252=EDGE_CURVE('',#3593,#3555,#678,.T.);
#4253=EDGE_CURVE('',#3591,#3492,#1717,.T.);
#4254=EDGE_CURVE('',#3544,#3590,#679,.T.);
#4255=EDGE_CURVE('',#3586,#3503,#1718,.T.);
#4256=EDGE_CURVE('',#3587,#3563,#680,.T.);
#4257=EDGE_CURVE('',#3585,#3508,#1719,.T.);
#4258=EDGE_CURVE('',#3558,#3584,#681,.T.);
#4259=EDGE_CURVE('',#3515,#3538,#35,.T.);
#4260=EDGE_CURVE('',#3514,#3589,#682,.T.);
#4261=EDGE_CURVE('',#3594,#3583,#683,.T.);
#4262=EDGE_CURVE('',#3588,#3576,#684,.T.);
#4263=EDGE_CURVE('',#3582,#3539,#685,.T.);
#4264=EDGE_CURVE('',#3572,#3574,#686,.T.);
#4265=EDGE_CURVE('',#3567,#3570,#687,.T.);
#4266=EDGE_CURVE('',#3543,#3568,#4603,.T.);
#4267=EDGE_CURVE('',#3526,#3527,#1720,.T.);
#4268=EDGE_CURVE('',#3528,#3525,#1721,.T.);
#4269=EDGE_CURVE('',#3536,#3517,#1722,.T.);
#4270=EDGE_CURVE('',#3537,#3516,#1723,.T.);
#4271=EDGE_CURVE('',#3535,#3518,#1724,.T.);
#4272=EDGE_CURVE('',#3519,#3534,#1725,.T.);
#4273=EDGE_CURVE('',#3533,#3520,#1726,.T.);
#4274=EDGE_CURVE('',#3532,#3521,#1727,.T.);
#4275=EDGE_CURVE('',#3522,#3531,#1728,.T.);
#4276=EDGE_CURVE('',#3530,#3523,#1729,.T.);
#4277=EDGE_CURVE('',#3529,#3524,#1730,.T.);
#4278=EDGE_CURVE('',#3597,#3598,#4604,.T.);
#4279=EDGE_CURVE('',#3598,#3599,#4605,.T.);
#4280=EDGE_CURVE('',#3600,#3599,#1731,.T.);
#4281=EDGE_CURVE('',#3601,#3600,#4606,.T.);
#4282=EDGE_CURVE('',#3602,#3601,#4607,.T.);
#4283=EDGE_CURVE('',#3597,#3602,#4608,.T.);
#4284=EDGE_CURVE('',#3603,#3604,#4609,.T.);
#4285=EDGE_CURVE('',#3603,#3604,#1732,.T.);
#4286=EDGE_CURVE('',#3605,#3606,#1733,.T.);
#4287=EDGE_CURVE('',#3605,#3607,#689,.T.);
#4288=EDGE_CURVE('',#3608,#3607,#1734,.T.);
#4289=EDGE_CURVE('',#3608,#3604,#1735,.T.);
#4290=EDGE_CURVE('',#3603,#3606,#1736,.T.);
#4291=EDGE_CURVE('',#3607,#3605,#690,.T.);
#4292=EDGE_CURVE('',#3606,#3609,#1737,.T.);
#4293=EDGE_CURVE('',#3609,#3610,#1738,.T.);
#4294=EDGE_CURVE('',#3610,#3608,#1739,.T.);
#4295=EDGE_CURVE('',#3611,#3610,#1740,.T.);
#4296=EDGE_CURVE('',#3609,#3612,#1741,.T.);
#4297=EDGE_CURVE('',#3612,#3611,#1742,.T.);
#4298=EDGE_CURVE('',#3613,#3613,#1743,.T.);
#4299=EDGE_CURVE('',#3614,#3615,#4610,.T.);
#4300=EDGE_CURVE('',#3616,#3614,#4611,.T.);
#4301=EDGE_CURVE('',#3617,#3616,#4612,.T.);
#4302=EDGE_CURVE('',#3617,#3615,#4613,.T.);
#4303=EDGE_CURVE('',#3611,#3618,#4614,.T.);
#4304=EDGE_CURVE('',#3619,#3612,#4615,.T.);
#4305=EDGE_CURVE('',#3619,#3618,#1744,.T.);
#4306=EDGE_CURVE('',#3599,#3620,#691,.T.);
#4307=EDGE_CURVE('',#3620,#3621,#1745,.T.);
#4308=EDGE_CURVE('',#3618,#3621,#1746,.T.);
#4309=EDGE_CURVE('',#3600,#3619,#1747,.T.);
#4310=EDGE_CURVE('',#3622,#3622,#1748,.T.);
#4311=EDGE_CURVE('',#3623,#3623,#1749,.T.);
#4312=EDGE_CURVE('',#3621,#3624,#4616,.T.);
#4313=EDGE_CURVE('',#3614,#3624,#4617,.T.);
#4314=EDGE_CURVE('',#3601,#3615,#4618,.T.);
#4315=EDGE_CURVE('',#3602,#3617,#4619,.T.);
#4316=EDGE_CURVE('',#3616,#3597,#4620,.T.);
#4317=EDGE_CURVE('',#3625,#3624,#4621,.T.);
#4318=EDGE_CURVE('',#3625,#3598,#1750,.T.);
#4319=EDGE_CURVE('',#3620,#3625,#4622,.T.);
#4320=EDGE_CURVE('',#3626,#3627,#4623,.T.);
#4321=EDGE_CURVE('',#3626,#3628,#4624,.T.);
#4322=EDGE_CURVE('',#3629,#3628,#1751,.T.);
#4323=EDGE_CURVE('',#3630,#3629,#4625,.T.);
#4324=EDGE_CURVE('',#3630,#3631,#4626,.T.);
#4325=EDGE_CURVE('',#3627,#3631,#4627,.T.);
#4326=EDGE_CURVE('',#3632,#3633,#4628,.T.);
#4327=EDGE_CURVE('',#3634,#3632,#4629,.T.);
#4328=EDGE_CURVE('',#3634,#3635,#4630,.T.);
#4329=EDGE_CURVE('',#3635,#3633,#4631,.T.);
#4330=EDGE_CURVE('',#3636,#3637,#4632,.T.);
#4331=EDGE_CURVE('',#3636,#3637,#1752,.T.);
#4332=EDGE_CURVE('',#3638,#3637,#1753,.T.);
#4333=EDGE_CURVE('',#3636,#3639,#1754,.T.);
#4334=EDGE_CURVE('',#3638,#3639,#1755,.T.);
#4335=EDGE_CURVE('',#3640,#3641,#1756,.T.);
#4336=EDGE_CURVE('',#3641,#3638,#1757,.T.);
#4337=EDGE_CURVE('',#3639,#3640,#1758,.T.);
#4338=EDGE_CURVE('',#3642,#3643,#1759,.T.);
#4339=EDGE_CURVE('',#3643,#3641,#1760,.T.);
#4340=EDGE_CURVE('',#3640,#3642,#1761,.T.);
#4341=EDGE_CURVE('',#3643,#3644,#4633,.T.);
#4342=EDGE_CURVE('',#3645,#3642,#4634,.T.);
#4343=EDGE_CURVE('',#3645,#3644,#1762,.T.);
#4344=EDGE_CURVE('',#3646,#3646,#1763,.T.);
#4345=EDGE_CURVE('',#3647,#3647,#1764,.T.);
#4346=EDGE_CURVE('',#3630,#3632,#4635,.T.);
#4347=EDGE_CURVE('',#3629,#3645,#1765,.T.);
#4348=EDGE_CURVE('',#3644,#3648,#1766,.T.);
#4349=EDGE_CURVE('',#3648,#3649,#4636,.T.);
#4350=EDGE_CURVE('',#3634,#3649,#4637,.T.);
#4351=EDGE_CURVE('',#3633,#3631,#4638,.T.);
#4352=EDGE_CURVE('',#3627,#3635,#4639,.T.);
#4353=EDGE_CURVE('',#3649,#3650,#4640,.T.);
#4354=EDGE_CURVE('',#3650,#3626,#1767,.T.);
#4355=EDGE_CURVE('',#3628,#3651,#692,.T.);
#4356=EDGE_CURVE('',#3651,#3648,#1768,.T.);
#4357=EDGE_CURVE('',#3651,#3650,#4641,.T.);
#4358=LINE('',#6542,#4642);
#4359=LINE('',#6545,#4643);
#4360=LINE('',#6547,#4644);
#4361=LINE('',#6549,#4645);
#4362=LINE('',#6551,#4646);
#4363=LINE('',#6558,#4647);
#4364=LINE('',#6562,#4648);
#4365=LINE('',#6566,#4649);
#4366=LINE('',#6583,#4650);
#4367=LINE('',#6587,#4651);
#4368=LINE('',#6604,#4652);
#4369=LINE('',#6609,#4653);
#4370=LINE('',#6613,#4654);
#4371=LINE('',#6617,#4655);
#4372=LINE('',#6634,#4656);
#4373=LINE('',#6638,#4657);
#4374=LINE('',#6658,#4658);
#4375=LINE('',#6663,#4659);
#4376=LINE('',#6667,#4660);
#4377=LINE('',#6674,#4661);
#4378=LINE('',#6676,#4662);
#4379=LINE('',#6681,#4663);
#4380=LINE('',#6683,#4664);
#4381=LINE('',#6685,#4665);
#4382=LINE('',#6696,#4666);
#4383=LINE('',#6698,#4667);
#4384=LINE('',#6701,#4668);
#4385=LINE('',#6705,#4669);
#4386=LINE('',#6707,#4670);
#4387=LINE('',#6718,#4671);
#4388=LINE('',#6729,#4672);
#4389=LINE('',#6731,#4673);
#4390=LINE('',#6734,#4674);
#4391=LINE('',#6738,#4675);
#4392=LINE('',#6740,#4676);
#4393=LINE('',#6755,#4677);
#4394=LINE('',#6757,#4678);
#4395=LINE('',#6759,#4679);
#4396=LINE('',#6761,#4680);
#4397=LINE('',#6763,#4681);
#4398=LINE('',#6773,#4682);
#4399=LINE('',#6784,#4683);
#4400=LINE('',#6786,#4684);
#4401=LINE('',#6788,#4685);
#4402=LINE('',#6792,#4686);
#4403=LINE('',#6797,#4687);
#4404=LINE('',#6799,#4688);
#4405=LINE('',#6908,#4689);
#4406=LINE('',#6909,#4690);
#4407=LINE('',#7019,#4691);
#4408=LINE('',#7023,#4692);
#4409=LINE('',#7025,#4693);
#4410=LINE('',#7029,#4694);
#4411=LINE('',#7031,#4695);
#4412=LINE('',#7035,#4696);
#4413=LINE('',#7039,#4697);
#4414=LINE('',#7041,#4698);
#4415=LINE('',#7043,#4699);
#4416=LINE('',#7044,#4700);
#4417=LINE('',#7048,#4701);
#4418=LINE('',#7049,#4702);
#4419=LINE('',#7051,#4703);
#4420=LINE('',#7053,#4704);
#4421=LINE('',#7055,#4705);
#4422=LINE('',#7056,#4706);
#4423=LINE('',#7061,#4707);
#4424=LINE('',#7062,#4708);
#4425=LINE('',#7063,#4709);
#4426=LINE('',#7064,#4710);
#4427=LINE('',#7080,#4711);
#4428=LINE('',#7083,#4712);
#4429=LINE('',#7085,#4713);
#4430=LINE('',#7087,#4714);
#4431=LINE('',#7089,#4715);
#4432=LINE('',#7096,#4716);
#4433=LINE('',#7100,#4717);
#4434=LINE('',#7117,#4718);
#4435=LINE('',#7121,#4719);
#4436=LINE('',#7138,#4720);
#4437=LINE('',#7143,#4721);
#4438=LINE('',#7147,#4722);
#4439=LINE('',#7164,#4723);
#4440=LINE('',#7168,#4724);
#4441=LINE('',#7185,#4725);
#4442=LINE('',#7189,#4726);
#4443=LINE('',#7191,#4727);
#4444=LINE('',#7196,#4728);
#4445=LINE('',#7198,#4729);
#4446=LINE('',#7206,#4730);
#4447=LINE('',#7217,#4731);
#4448=LINE('',#7219,#4732);
#4449=LINE('',#7221,#4733);
#4450=LINE('',#7225,#4734);
#4451=LINE('',#7230,#4735);
#4452=LINE('',#7232,#4736);
#4453=LINE('',#7243,#4737);
#4454=LINE('',#7254,#4738);
#4455=LINE('',#7256,#4739);
#4456=LINE('',#7259,#4740);
#4457=LINE('',#7263,#4741);
#4458=LINE('',#7265,#4742);
#4459=LINE('',#7292,#4743);
#4460=LINE('',#7294,#4744);
#4461=LINE('',#7296,#4745);
#4462=LINE('',#7298,#4746);
#4463=LINE('',#7300,#4747);
#4464=LINE('',#7319,#4748);
#4465=LINE('',#7330,#4749);
#4466=LINE('',#7334,#4750);
#4467=LINE('',#7345,#4751);
#4468=LINE('',#7351,#4752);
#4469=LINE('',#7353,#4753);
#4470=LINE('',#7355,#4754);
#4471=LINE('',#7357,#4755);
#4472=LINE('',#7358,#4756);
#4473=LINE('',#7362,#4757);
#4474=LINE('',#7363,#4758);
#4475=LINE('',#7365,#4759);
#4476=LINE('',#7367,#4760);
#4477=LINE('',#7369,#4761);
#4478=LINE('',#7623,#4762);
#4479=LINE('',#7627,#4763);
#4480=LINE('',#7629,#4764);
#4481=LINE('',#7633,#4765);
#4482=LINE('',#7637,#4766);
#4483=LINE('',#7639,#4767);
#4484=LINE('',#7643,#4768);
#4485=LINE('',#7645,#4769);
#4486=LINE('',#7689,#4770);
#4487=LINE('',#7691,#4771);
#4488=LINE('',#7693,#4772);
#4489=LINE('',#7695,#4773);
#4490=LINE('',#7697,#4774);
#4491=LINE('',#7699,#4775);
#4492=LINE('',#7707,#4776);
#4493=LINE('',#7712,#4777);
#4494=LINE('',#7729,#4778);
#4495=LINE('',#7733,#4779);
#4496=LINE('',#7750,#4780);
#4497=LINE('',#7754,#4781);
#4498=LINE('',#7758,#4782);
#4499=LINE('',#7763,#4783);
#4500=LINE('',#7783,#4784);
#4501=LINE('',#7787,#4785);
#4502=LINE('',#7804,#4786);
#4503=LINE('',#7808,#4787);
#4504=LINE('',#7812,#4788);
#4505=LINE('',#7817,#4789);
#4506=LINE('',#7824,#4790);
#4507=LINE('',#7839,#4791);
#4508=LINE('',#7840,#4792);
#4509=LINE('',#7844,#4793);
#4510=LINE('',#7846,#4794);
#4511=LINE('',#7850,#4795);
#4512=LINE('',#7852,#4796);
#4513=LINE('',#7865,#4797);
#4514=LINE('',#7892,#4798);
#4515=LINE('',#7894,#4799);
#4516=LINE('',#7920,#4800);
#4517=LINE('',#7933,#4801);
#4518=LINE('',#7935,#4802);
#4519=LINE('',#7939,#4803);
#4520=LINE('',#7941,#4804);
#4521=LINE('',#7945,#4805);
#4522=LINE('',#8043,#4806);
#4523=LINE('',#8047,#4807);
#4524=LINE('',#8056,#4808);
#4525=LINE('',#8060,#4809);
#4526=LINE('',#8070,#4810);
#4527=LINE('',#8079,#4811);
#4528=LINE('',#8086,#4812);
#4529=LINE('',#8093,#4813);
#4530=LINE('',#8098,#4814);
#4531=LINE('',#8105,#4815);
#4532=LINE('',#8110,#4816);
#4533=LINE('',#8117,#4817);
#4534=LINE('',#8341,#4818);
#4535=LINE('',#8342,#4819);
#4536=LINE('',#8345,#4820);
#4537=LINE('',#8347,#4821);
#4538=LINE('',#8382,#4822);
#4539=LINE('',#8416,#4823);
#4540=LINE('',#8420,#4824);
#4541=LINE('',#8421,#4825);
#4542=LINE('',#8424,#4826);
#4543=LINE('',#8426,#4827);
#4544=LINE('',#8460,#4828);
#4545=LINE('',#8494,#4829);
#4546=LINE('',#8499,#4830);
#4547=LINE('',#8500,#4831);
#4548=LINE('',#8503,#4832);
#4549=LINE('',#8505,#4833);
#4550=LINE('',#8513,#4834);
#4551=LINE('',#8518,#4835);
#4552=LINE('',#8535,#4836);
#4553=LINE('',#8539,#4837);
#4554=LINE('',#8556,#4838);
#4555=LINE('',#8560,#4839);
#4556=LINE('',#8565,#4840);
#4557=LINE('',#8569,#4841);
#4558=LINE('',#8586,#4842);
#4559=LINE('',#8590,#4843);
#4560=LINE('',#8607,#4844);
#4561=LINE('',#8638,#4845);
#4562=LINE('',#8651,#4846);
#4563=LINE('',#8653,#4847);
#4564=LINE('',#8657,#4848);
#4565=LINE('',#8659,#4849);
#4566=LINE('',#8663,#4850);
#4567=LINE('',#8667,#4851);
#4568=LINE('',#8671,#4852);
#4569=LINE('',#8675,#4853);
#4570=LINE('',#8677,#4854);
#4571=LINE('',#8681,#4855);
#4572=LINE('',#8683,#4856);
#4573=LINE('',#8696,#4857);
#4574=LINE('',#8723,#4858);
#4575=LINE('',#8725,#4859);
#4576=LINE('',#8758,#4860);
#4577=LINE('',#8762,#4861);
#4578=LINE('',#8764,#4862);
#4579=LINE('',#8768,#4863);
#4580=LINE('',#8770,#4864);
#4581=LINE('',#8774,#4865);
#4582=LINE('',#8778,#4866);
#4583=LINE('',#8787,#4867);
#4584=LINE('',#8798,#4868);
#4585=LINE('',#8817,#4869);
#4586=LINE('',#8824,#4870);
#4587=LINE('',#8827,#4871);
#4588=LINE('',#8833,#4872);
#4589=LINE('',#8840,#4873);
#4590=LINE('',#8842,#4874);
#4591=LINE('',#8849,#4875);
#4592=LINE('',#8856,#4876);
#4593=LINE('',#8861,#4877);
#4594=LINE('',#8863,#4878);
#4595=LINE('',#8870,#4879);
#4596=LINE('',#8872,#4880);
#4597=LINE('',#8895,#4881);
#4598=LINE('',#8915,#4882);
#4599=LINE('',#8917,#4883);
#4600=LINE('',#8958,#4884);
#4601=LINE('',#8960,#4885);
#4602=LINE('',#9001,#4886);
#4603=LINE('',#9322,#4887);
#4604=LINE('',#9416,#4888);
#4605=LINE('',#9419,#4889);
#4606=LINE('',#9423,#4890);
#4607=LINE('',#9425,#4891);
#4608=LINE('',#9427,#4892);
#4609=LINE('',#9429,#4893);
#4610=LINE('',#9570,#4894);
#4611=LINE('',#9573,#4895);
#4612=LINE('',#9575,#4896);
#4613=LINE('',#9577,#4897);
#4614=LINE('',#9579,#4898);
#4615=LINE('',#9581,#4899);
#4616=LINE('',#9626,#4900);
#4617=LINE('',#9628,#4901);
#4618=LINE('',#9629,#4902);
#4619=LINE('',#9631,#4903);
#4620=LINE('',#9632,#4904);
#4621=LINE('',#9635,#4905);
#4622=LINE('',#9639,#4906);
#4623=LINE('',#9645,#4907);
#4624=LINE('',#9648,#4908);
#4625=LINE('',#9652,#4909);
#4626=LINE('',#9654,#4910);
#4627=LINE('',#9656,#4911);
#4628=LINE('',#9658,#4912);
#4629=LINE('',#9661,#4913);
#4630=LINE('',#9663,#4914);
#4631=LINE('',#9665,#4915);
#4632=LINE('',#9667,#4916);
#4633=LINE('',#9720,#4917);
#4634=LINE('',#9722,#4918);
#4635=LINE('',#9730,#4919);
#4636=LINE('',#9734,#4920);
#4637=LINE('',#9736,#4921);
#4638=LINE('',#9738,#4922);
#4639=LINE('',#9740,#4923);
#4640=LINE('',#9742,#4924);
#4641=LINE('',#9780,#4925);
#4642=VECTOR('',#5371,1.);
#4643=VECTOR('',#5372,1.);
#4644=VECTOR('',#5373,1.);
#4645=VECTOR('',#5374,1.);
#4646=VECTOR('',#5375,1.);
#4647=VECTOR('',#5382,1.);
#4648=VECTOR('',#5385,1.);
#4649=VECTOR('',#5388,1.);
#4650=VECTOR('',#5389,1.);
#4651=VECTOR('',#5392,1.);
#4652=VECTOR('',#5393,1.);
#4653=VECTOR('',#5398,1.);
#4654=VECTOR('',#5401,1.);
#4655=VECTOR('',#5404,1.);
#4656=VECTOR('',#5405,1.);
#4657=VECTOR('',#5408,1.);
#4658=VECTOR('',#5409,1.);
#4659=VECTOR('',#5414,1.);
#4660=VECTOR('',#5417,1.);
#4661=VECTOR('',#5418,1.);
#4662=VECTOR('',#5421,1.);
#4663=VECTOR('',#5424,1.);
#4664=VECTOR('',#5425,1.);
#4665=VECTOR('',#5428,1.);
#4666=VECTOR('',#5433,1.);
#4667=VECTOR('',#5434,1.);
#4668=VECTOR('',#5439,1.);
#4669=VECTOR('',#5444,1.);
#4670=VECTOR('',#5445,1.);
#4671=VECTOR('',#5452,1.);
#4672=VECTOR('',#5457,1.);
#4673=VECTOR('',#5458,1.);
#4674=VECTOR('',#5463,1.);
#4675=VECTOR('',#5468,1.);
#4676=VECTOR('',#5469,1.);
#4677=VECTOR('',#5480,1.);
#4678=VECTOR('',#5481,1.);
#4679=VECTOR('',#5482,1.);
#4680=VECTOR('',#5483,1.);
#4681=VECTOR('',#5484,1.);
#4682=VECTOR('',#5491,1.);
#4683=VECTOR('',#5496,1.);
#4684=VECTOR('',#5497,1.);
#4685=VECTOR('',#5498,1.);
#4686=VECTOR('',#5503,1.);
#4687=VECTOR('',#5510,1.);
#4688=VECTOR('',#5511,1.);
#4689=VECTOR('',#5530,1.);
#4690=VECTOR('',#5531,1.);
#4691=VECTOR('',#5538,1.);
#4692=VECTOR('',#5541,1.);
#4693=VECTOR('',#5544,1.);
#4694=VECTOR('',#5547,1.);
#4695=VECTOR('',#5550,1.);
#4696=VECTOR('',#5553,1.);
#4697=VECTOR('',#5558,1.);
#4698=VECTOR('',#5559,1.);
#4699=VECTOR('',#5560,1.);
#4700=VECTOR('',#5561,1.);
#4701=VECTOR('',#5566,1.);
#4702=VECTOR('',#5567,1.);
#4703=VECTOR('',#5568,1.);
#4704=VECTOR('',#5569,1.);
#4705=VECTOR('',#5572,1.);
#4706=VECTOR('',#5573,1.);
#4707=VECTOR('',#5582,1.);
#4708=VECTOR('',#5583,1.);
#4709=VECTOR('',#5584,1.);
#4710=VECTOR('',#5585,1.);
#4711=VECTOR('',#5616,1.);
#4712=VECTOR('',#5617,1.);
#4713=VECTOR('',#5618,1.);
#4714=VECTOR('',#5619,1.);
#4715=VECTOR('',#5620,1.);
#4716=VECTOR('',#5627,1.);
#4717=VECTOR('',#5630,1.);
#4718=VECTOR('',#5631,1.);
#4719=VECTOR('',#5634,1.);
#4720=VECTOR('',#5635,1.);
#4721=VECTOR('',#5640,1.);
#4722=VECTOR('',#5643,1.);
#4723=VECTOR('',#5644,1.);
#4724=VECTOR('',#5647,1.);
#4725=VECTOR('',#5648,1.);
#4726=VECTOR('',#5651,1.);
#4727=VECTOR('',#5654,1.);
#4728=VECTOR('',#5657,1.);
#4729=VECTOR('',#5658,1.);
#4730=VECTOR('',#5661,1.);
#4731=VECTOR('',#5666,1.);
#4732=VECTOR('',#5667,1.);
#4733=VECTOR('',#5668,1.);
#4734=VECTOR('',#5673,1.);
#4735=VECTOR('',#5680,1.);
#4736=VECTOR('',#5681,1.);
#4737=VECTOR('',#5688,1.);
#4738=VECTOR('',#5693,1.);
#4739=VECTOR('',#5694,1.);
#4740=VECTOR('',#5699,1.);
#4741=VECTOR('',#5704,1.);
#4742=VECTOR('',#5705,1.);
#4743=VECTOR('',#5724,1.);
#4744=VECTOR('',#5725,1.);
#4745=VECTOR('',#5726,1.);
#4746=VECTOR('',#5727,1.);
#4747=VECTOR('',#5728,1.);
#4748=VECTOR('',#5737,1.);
#4749=VECTOR('',#5738,1.);
#4750=VECTOR('',#5741,1.);
#4751=VECTOR('',#5742,1.);
#4752=VECTOR('',#5749,1.);
#4753=VECTOR('',#5750,1.);
#4754=VECTOR('',#5751,1.);
#4755=VECTOR('',#5752,1.);
#4756=VECTOR('',#5753,1.);
#4757=VECTOR('',#5758,1.);
#4758=VECTOR('',#5759,1.);
#4759=VECTOR('',#5760,1.);
#4760=VECTOR('',#5761,1.);
#4761=VECTOR('',#5762,1.);
#4762=VECTOR('',#5779,1.);
#4763=VECTOR('',#5782,1.);
#4764=VECTOR('',#5785,1.);
#4765=VECTOR('',#5788,1.);
#4766=VECTOR('',#5793,1.);
#4767=VECTOR('',#5796,1.);
#4768=VECTOR('',#5801,1.);
#4769=VECTOR('',#5804,1.);
#4770=VECTOR('',#5823,1.);
#4771=VECTOR('',#5826,1.);
#4772=VECTOR('',#5829,1.);
#4773=VECTOR('',#5832,1.);
#4774=VECTOR('',#5835,1.);
#4775=VECTOR('',#5838,1.);
#4776=VECTOR('',#5853,1.);
#4777=VECTOR('',#5856,1.);
#4778=VECTOR('',#5857,1.);
#4779=VECTOR('',#5860,1.);
#4780=VECTOR('',#5861,1.);
#4781=VECTOR('',#5864,1.);
#4782=VECTOR('',#5869,1.);
#4783=VECTOR('',#5872,1.);
#4784=VECTOR('',#5873,1.);
#4785=VECTOR('',#5876,1.);
#4786=VECTOR('',#5877,1.);
#4787=VECTOR('',#5880,1.);
#4788=VECTOR('',#5885,1.);
#4789=VECTOR('',#5888,1.);
#4790=VECTOR('',#5889,1.);
#4791=VECTOR('',#5906,1.);
#4792=VECTOR('',#5907,1.);
#4793=VECTOR('',#5910,1.);
#4794=VECTOR('',#5911,1.);
#4795=VECTOR('',#5914,1.);
#4796=VECTOR('',#5915,1.);
#4797=VECTOR('',#5920,1.);
#4798=VECTOR('',#5923,1.);
#4799=VECTOR('',#5924,1.);
#4800=VECTOR('',#5927,1.);
#4801=VECTOR('',#5932,1.);
#4802=VECTOR('',#5933,1.);
#4803=VECTOR('',#5936,1.);
#4804=VECTOR('',#5937,1.);
#4805=VECTOR('',#5940,1.);
#4806=VECTOR('',#5972,1.);
#4807=VECTOR('',#5975,1.);
#4808=VECTOR('',#5976,1.);
#4809=VECTOR('',#5979,1.);
#4810=VECTOR('',#5984,1.);
#4811=VECTOR('',#5987,1.);
#4812=VECTOR('',#5994,1.);
#4813=VECTOR('',#5995,1.);
#4814=VECTOR('',#6000,1.);
#4815=VECTOR('',#6001,1.);
#4816=VECTOR('',#6006,1.);
#4817=VECTOR('',#6007,1.);
#4818=VECTOR('',#6018,1.);
#4819=VECTOR('',#6019,1.);
#4820=VECTOR('',#6024,1.);
#4821=VECTOR('',#6027,1.);
#4822=VECTOR('',#6038,1.);
#4823=VECTOR('',#6047,1.);
#4824=VECTOR('',#6054,1.);
#4825=VECTOR('',#6055,1.);
#4826=VECTOR('',#6060,1.);
#4827=VECTOR('',#6063,1.);
#4828=VECTOR('',#6072,1.);
#4829=VECTOR('',#6081,1.);
#4830=VECTOR('',#6090,1.);
#4831=VECTOR('',#6091,1.);
#4832=VECTOR('',#6096,1.);
#4833=VECTOR('',#6099,1.);
#4834=VECTOR('',#6114,1.);
#4835=VECTOR('',#6117,1.);
#4836=VECTOR('',#6118,1.);
#4837=VECTOR('',#6121,1.);
#4838=VECTOR('',#6122,1.);
#4839=VECTOR('',#6127,1.);
#4840=VECTOR('',#6130,1.);
#4841=VECTOR('',#6133,1.);
#4842=VECTOR('',#6134,1.);
#4843=VECTOR('',#6137,1.);
#4844=VECTOR('',#6138,1.);
#4845=VECTOR('',#6147,1.);
#4846=VECTOR('',#6152,1.);
#4847=VECTOR('',#6153,1.);
#4848=VECTOR('',#6156,1.);
#4849=VECTOR('',#6157,1.);
#4850=VECTOR('',#6160,1.);
#4851=VECTOR('',#6163,1.);
#4852=VECTOR('',#6166,1.);
#4853=VECTOR('',#6169,1.);
#4854=VECTOR('',#6170,1.);
#4855=VECTOR('',#6173,1.);
#4856=VECTOR('',#6174,1.);
#4857=VECTOR('',#6179,1.);
#4858=VECTOR('',#6182,1.);
#4859=VECTOR('',#6183,1.);
#4860=VECTOR('',#6204,1.);
#4861=VECTOR('',#6207,1.);
#4862=VECTOR('',#6210,1.);
#4863=VECTOR('',#6213,1.);
#4864=VECTOR('',#6216,1.);
#4865=VECTOR('',#6219,1.);
#4866=VECTOR('',#6224,1.);
#4867=VECTOR('',#6227,1.);
#4868=VECTOR('',#6232,1.);
#4869=VECTOR('',#6239,1.);
#4870=VECTOR('',#6242,1.);
#4871=VECTOR('',#6243,1.);
#4872=VECTOR('',#6244,1.);
#4873=VECTOR('',#6253,1.);
#4874=VECTOR('',#6256,1.);
#4875=VECTOR('',#6259,1.);
#4876=VECTOR('',#6260,1.);
#4877=VECTOR('',#6267,1.);
#4878=VECTOR('',#6270,1.);
#4879=VECTOR('',#6273,1.);
#4880=VECTOR('',#6274,1.);
#4881=VECTOR('',#6279,1.);
#4882=VECTOR('',#6282,1.);
#4883=VECTOR('',#6285,1.);
#4884=VECTOR('',#6292,1.);
#4885=VECTOR('',#6295,1.);
#4886=VECTOR('',#6302,1.);
#4887=VECTOR('',#6323,1.);
#4888=VECTOR('',#6369,1.);
#4889=VECTOR('',#6370,1.);
#4890=VECTOR('',#6373,1.);
#4891=VECTOR('',#6374,1.);
#4892=VECTOR('',#6375,1.);
#4893=VECTOR('',#6378,1.);
#4894=VECTOR('',#6407,1.);
#4895=VECTOR('',#6408,1.);
#4896=VECTOR('',#6409,1.);
#4897=VECTOR('',#6410,1.);
#4898=VECTOR('',#6413,1.);
#4899=VECTOR('',#6414,1.);
#4900=VECTOR('',#6431,1.);
#4901=VECTOR('',#6432,1.);
#4902=VECTOR('',#6433,1.);
#4903=VECTOR('',#6436,1.);
#4904=VECTOR('',#6437,1.);
#4905=VECTOR('',#6442,1.);
#4906=VECTOR('',#6447,1.);
#4907=VECTOR('',#6458,1.);
#4908=VECTOR('',#6459,1.);
#4909=VECTOR('',#6462,1.);
#4910=VECTOR('',#6463,1.);
#4911=VECTOR('',#6464,1.);
#4912=VECTOR('',#6467,1.);
#4913=VECTOR('',#6468,1.);
#4914=VECTOR('',#6469,1.);
#4915=VECTOR('',#6470,1.);
#4916=VECTOR('',#6473,1.);
#4917=VECTOR('',#6498,1.);
#4918=VECTOR('',#6499,1.);
#4919=VECTOR('',#6508,1.);
#4920=VECTOR('',#6513,1.);
#4921=VECTOR('',#6514,1.);
#4922=VECTOR('',#6517,1.);
#4923=VECTOR('',#6520,1.);
#4924=VECTOR('',#6523,1.);
#4925=VECTOR('',#6532,1.);
#4926=AXIS2_PLACEMENT_3D('',#6541,#5369,#5370);
#4927=AXIS2_PLACEMENT_3D('',#6553,#5376,#5377);
#4928=AXIS2_PLACEMENT_3D('',#6554,#5378,#5379);
#4929=AXIS2_PLACEMENT_3D('',#6555,#5380,#5381);
#4930=AXIS2_PLACEMENT_3D('',#6560,#5383,#5384);
#4931=AXIS2_PLACEMENT_3D('',#6564,#5386,#5387);
#4932=AXIS2_PLACEMENT_3D('',#6585,#5390,#5391);
#4933=AXIS2_PLACEMENT_3D('',#6605,#5394,#5395);
#4934=AXIS2_PLACEMENT_3D('',#6606,#5396,#5397);
#4935=AXIS2_PLACEMENT_3D('',#6611,#5399,#5400);
#4936=AXIS2_PLACEMENT_3D('',#6615,#5402,#5403);
#4937=AXIS2_PLACEMENT_3D('',#6636,#5406,#5407);
#4938=AXIS2_PLACEMENT_3D('',#6659,#5410,#5411);
#4939=AXIS2_PLACEMENT_3D('',#6660,#5412,#5413);
#4940=AXIS2_PLACEMENT_3D('',#6665,#5415,#5416);
#4941=AXIS2_PLACEMENT_3D('',#6675,#5419,#5420);
#4942=AXIS2_PLACEMENT_3D('',#6679,#5422,#5423);
#4943=AXIS2_PLACEMENT_3D('',#6684,#5426,#5427);
#4944=AXIS2_PLACEMENT_3D('',#6694,#5429,#5430);
#4945=AXIS2_PLACEMENT_3D('',#6695,#5431,#5432);
#4946=AXIS2_PLACEMENT_3D('',#6699,#5435,#5436);
#4947=AXIS2_PLACEMENT_3D('',#6700,#5437,#5438);
#4948=AXIS2_PLACEMENT_3D('',#6703,#5440,#5441);
#4949=AXIS2_PLACEMENT_3D('',#6704,#5442,#5443);
#4950=AXIS2_PLACEMENT_3D('',#6708,#5446,#5447);
#4951=AXIS2_PLACEMENT_3D('',#6709,#5448,#5449);
#4952=AXIS2_PLACEMENT_3D('',#6717,#5450,#5451);
#4953=AXIS2_PLACEMENT_3D('',#6727,#5453,#5454);
#4954=AXIS2_PLACEMENT_3D('',#6728,#5455,#5456);
#4955=AXIS2_PLACEMENT_3D('',#6732,#5459,#5460);
#4956=AXIS2_PLACEMENT_3D('',#6733,#5461,#5462);
#4957=AXIS2_PLACEMENT_3D('',#6736,#5464,#5465);
#4958=AXIS2_PLACEMENT_3D('',#6737,#5466,#5467);
#4959=AXIS2_PLACEMENT_3D('',#6741,#5470,#5471);
#4960=AXIS2_PLACEMENT_3D('',#6742,#5472,#5473);
#4961=AXIS2_PLACEMENT_3D('',#6750,#5474,#5475);
#4962=AXIS2_PLACEMENT_3D('',#6751,#5476,#5477);
#4963=AXIS2_PLACEMENT_3D('',#6753,#5478,#5479);
#4964=AXIS2_PLACEMENT_3D('',#6764,#5485,#5486);
#4965=AXIS2_PLACEMENT_3D('',#6765,#5487,#5488);
#4966=AXIS2_PLACEMENT_3D('',#6766,#5489,#5490);
#4967=AXIS2_PLACEMENT_3D('',#6782,#5492,#5493);
#4968=AXIS2_PLACEMENT_3D('',#6783,#5494,#5495);
#4969=AXIS2_PLACEMENT_3D('',#6789,#5499,#5500);
#4970=AXIS2_PLACEMENT_3D('',#6790,#5501,#5502);
#4971=AXIS2_PLACEMENT_3D('',#6794,#5504,#5505);
#4972=AXIS2_PLACEMENT_3D('',#6795,#5506,#5507);
#4973=AXIS2_PLACEMENT_3D('',#6796,#5508,#5509);
#4974=AXIS2_PLACEMENT_3D('',#6800,#5512,#5513);
#4975=AXIS2_PLACEMENT_3D('',#6801,#5514,#5515);
#4976=AXIS2_PLACEMENT_3D('',#6809,#5516,#5517);
#4977=AXIS2_PLACEMENT_3D('',#6844,#5518,#5519);
#4978=AXIS2_PLACEMENT_3D('',#6846,#5520,#5521);
#4979=AXIS2_PLACEMENT_3D('',#6848,#5522,#5523);
#4980=AXIS2_PLACEMENT_3D('',#6849,#5524,#5525);
#4981=AXIS2_PLACEMENT_3D('',#6865,#5526,#5527);
#4982=AXIS2_PLACEMENT_3D('',#6895,#5528,#5529);
#4983=AXIS2_PLACEMENT_3D('',#6910,#5532,#5533);
#4984=AXIS2_PLACEMENT_3D('',#6923,#5534,#5535);
#4985=AXIS2_PLACEMENT_3D('',#6977,#5536,#5537);
#4986=AXIS2_PLACEMENT_3D('',#7021,#5539,#5540);
#4987=AXIS2_PLACEMENT_3D('',#7024,#5542,#5543);
#4988=AXIS2_PLACEMENT_3D('',#7027,#5545,#5546);
#4989=AXIS2_PLACEMENT_3D('',#7030,#5548,#5549);
#4990=AXIS2_PLACEMENT_3D('',#7033,#5551,#5552);
#4991=AXIS2_PLACEMENT_3D('',#7036,#5554,#5555);
#4992=AXIS2_PLACEMENT_3D('',#7037,#5556,#5557);
#4993=AXIS2_PLACEMENT_3D('',#7045,#5562,#5563);
#4994=AXIS2_PLACEMENT_3D('',#7046,#5564,#5565);
#4995=AXIS2_PLACEMENT_3D('',#7054,#5570,#5571);
#4996=AXIS2_PLACEMENT_3D('',#7057,#5574,#5575);
#4997=AXIS2_PLACEMENT_3D('',#7058,#5576,#5577);
#4998=AXIS2_PLACEMENT_3D('',#7059,#5578,#5579);
#4999=AXIS2_PLACEMENT_3D('',#7060,#5580,#5581);
#5000=AXIS2_PLACEMENT_3D('',#7065,#5586,#5587);
#5001=AXIS2_PLACEMENT_3D('',#7066,#5588,#5589);
#5002=AXIS2_PLACEMENT_3D('',#7067,#5590,#5591);
#5003=AXIS2_PLACEMENT_3D('',#7068,#5592,#5593);
#5004=AXIS2_PLACEMENT_3D('',#7069,#5594,#5595);
#5005=AXIS2_PLACEMENT_3D('',#7070,#5596,#5597);
#5006=AXIS2_PLACEMENT_3D('',#7071,#5598,#5599);
#5007=AXIS2_PLACEMENT_3D('',#7072,#5600,#5601);
#5008=AXIS2_PLACEMENT_3D('',#7073,#5602,#5603);
#5009=AXIS2_PLACEMENT_3D('',#7074,#5604,#5605);
#5010=AXIS2_PLACEMENT_3D('',#7075,#5606,#5607);
#5011=AXIS2_PLACEMENT_3D('',#7076,#5608,#5609);
#5012=AXIS2_PLACEMENT_3D('',#7077,#5610,#5611);
#5013=AXIS2_PLACEMENT_3D('',#7078,#5612,#5613);
#5014=AXIS2_PLACEMENT_3D('',#7079,#5614,#5615);
#5015=AXIS2_PLACEMENT_3D('',#7091,#5621,#5622);
#5016=AXIS2_PLACEMENT_3D('',#7092,#5623,#5624);
#5017=AXIS2_PLACEMENT_3D('',#7093,#5625,#5626);
#5018=AXIS2_PLACEMENT_3D('',#7098,#5628,#5629);
#5019=AXIS2_PLACEMENT_3D('',#7119,#5632,#5633);
#5020=AXIS2_PLACEMENT_3D('',#7139,#5636,#5637);
#5021=AXIS2_PLACEMENT_3D('',#7140,#5638,#5639);
#5022=AXIS2_PLACEMENT_3D('',#7145,#5641,#5642);
#5023=AXIS2_PLACEMENT_3D('',#7166,#5645,#5646);
#5024=AXIS2_PLACEMENT_3D('',#7187,#5649,#5650);
#5025=AXIS2_PLACEMENT_3D('',#7190,#5652,#5653);
#5026=AXIS2_PLACEMENT_3D('',#7194,#5655,#5656);
#5027=AXIS2_PLACEMENT_3D('',#7199,#5659,#5660);
#5028=AXIS2_PLACEMENT_3D('',#7215,#5662,#5663);
#5029=AXIS2_PLACEMENT_3D('',#7216,#5664,#5665);
#5030=AXIS2_PLACEMENT_3D('',#7222,#5669,#5670);
#5031=AXIS2_PLACEMENT_3D('',#7223,#5671,#5672);
#5032=AXIS2_PLACEMENT_3D('',#7227,#5674,#5675);
#5033=AXIS2_PLACEMENT_3D('',#7228,#5676,#5677);
#5034=AXIS2_PLACEMENT_3D('',#7229,#5678,#5679);
#5035=AXIS2_PLACEMENT_3D('',#7233,#5682,#5683);
#5036=AXIS2_PLACEMENT_3D('',#7234,#5684,#5685);
#5037=AXIS2_PLACEMENT_3D('',#7242,#5686,#5687);
#5038=AXIS2_PLACEMENT_3D('',#7252,#5689,#5690);
#5039=AXIS2_PLACEMENT_3D('',#7253,#5691,#5692);
#5040=AXIS2_PLACEMENT_3D('',#7257,#5695,#5696);
#5041=AXIS2_PLACEMENT_3D('',#7258,#5697,#5698);
#5042=AXIS2_PLACEMENT_3D('',#7261,#5700,#5701);
#5043=AXIS2_PLACEMENT_3D('',#7262,#5702,#5703);
#5044=AXIS2_PLACEMENT_3D('',#7266,#5706,#5707);
#5045=AXIS2_PLACEMENT_3D('',#7267,#5708,#5709);
#5046=AXIS2_PLACEMENT_3D('',#7275,#5710,#5711);
#5047=AXIS2_PLACEMENT_3D('',#7276,#5712,#5713);
#5048=AXIS2_PLACEMENT_3D('',#7285,#5714,#5715);
#5049=AXIS2_PLACEMENT_3D('',#7286,#5716,#5717);
#5050=AXIS2_PLACEMENT_3D('',#7287,#5718,#5719);
#5051=AXIS2_PLACEMENT_3D('',#7288,#5720,#5721);
#5052=AXIS2_PLACEMENT_3D('',#7290,#5722,#5723);
#5053=AXIS2_PLACEMENT_3D('',#7301,#5729,#5730);
#5054=AXIS2_PLACEMENT_3D('',#7308,#5731,#5732);
#5055=AXIS2_PLACEMENT_3D('',#7317,#5733,#5734);
#5056=AXIS2_PLACEMENT_3D('',#7318,#5735,#5736);
#5057=AXIS2_PLACEMENT_3D('',#7332,#5739,#5740);
#5058=AXIS2_PLACEMENT_3D('',#7346,#5743,#5744);
#5059=AXIS2_PLACEMENT_3D('',#7347,#5745,#5746);
#5060=AXIS2_PLACEMENT_3D('',#7349,#5747,#5748);
#5061=AXIS2_PLACEMENT_3D('',#7359,#5754,#5755);
#5062=AXIS2_PLACEMENT_3D('',#7360,#5756,#5757);
#5063=AXIS2_PLACEMENT_3D('',#7371,#5763,#5764);
#5064=AXIS2_PLACEMENT_3D('',#7372,#5765,#5766);
#5065=AXIS2_PLACEMENT_3D('',#7373,#5767,#5768);
#5066=AXIS2_PLACEMENT_3D('',#7415,#5769,#5770);
#5067=AXIS2_PLACEMENT_3D('',#7457,#5771,#5772);
#5068=AXIS2_PLACEMENT_3D('',#7499,#5773,#5774);
#5069=AXIS2_PLACEMENT_3D('',#7539,#5775,#5776);
#5070=AXIS2_PLACEMENT_3D('',#7581,#5777,#5778);
#5071=AXIS2_PLACEMENT_3D('',#7625,#5780,#5781);
#5072=AXIS2_PLACEMENT_3D('',#7628,#5783,#5784);
#5073=AXIS2_PLACEMENT_3D('',#7631,#5786,#5787);
#5074=AXIS2_PLACEMENT_3D('',#7634,#5789,#5790);
#5075=AXIS2_PLACEMENT_3D('',#7635,#5791,#5792);
#5076=AXIS2_PLACEMENT_3D('',#7638,#5794,#5795);
#5077=AXIS2_PLACEMENT_3D('',#7641,#5797,#5798);
#5078=AXIS2_PLACEMENT_3D('',#7642,#5799,#5800);
#5079=AXIS2_PLACEMENT_3D('',#7644,#5802,#5803);
#5080=AXIS2_PLACEMENT_3D('',#7646,#5805,#5806);
#5081=AXIS2_PLACEMENT_3D('',#7647,#5807,#5808);
#5082=AXIS2_PLACEMENT_3D('',#7648,#5809,#5810);
#5083=AXIS2_PLACEMENT_3D('',#7683,#5811,#5812);
#5084=AXIS2_PLACEMENT_3D('',#7684,#5813,#5814);
#5085=AXIS2_PLACEMENT_3D('',#7685,#5815,#5816);
#5086=AXIS2_PLACEMENT_3D('',#7686,#5817,#5818);
#5087=AXIS2_PLACEMENT_3D('',#7687,#5819,#5820);
#5088=AXIS2_PLACEMENT_3D('',#7688,#5821,#5822);
#5089=AXIS2_PLACEMENT_3D('',#7690,#5824,#5825);
#5090=AXIS2_PLACEMENT_3D('',#7692,#5827,#5828);
#5091=AXIS2_PLACEMENT_3D('',#7694,#5830,#5831);
#5092=AXIS2_PLACEMENT_3D('',#7696,#5833,#5834);
#5093=AXIS2_PLACEMENT_3D('',#7698,#5836,#5837);
#5094=AXIS2_PLACEMENT_3D('',#7700,#5839,#5840);
#5095=AXIS2_PLACEMENT_3D('',#7701,#5841,#5842);
#5096=AXIS2_PLACEMENT_3D('',#7702,#5843,#5844);
#5097=AXIS2_PLACEMENT_3D('',#7703,#5845,#5846);
#5098=AXIS2_PLACEMENT_3D('',#7704,#5847,#5848);
#5099=AXIS2_PLACEMENT_3D('',#7705,#5849,#5850);
#5100=AXIS2_PLACEMENT_3D('',#7706,#5851,#5852);
#5101=AXIS2_PLACEMENT_3D('',#7710,#5854,#5855);
#5102=AXIS2_PLACEMENT_3D('',#7731,#5858,#5859);
#5103=AXIS2_PLACEMENT_3D('',#7752,#5862,#5863);
#5104=AXIS2_PLACEMENT_3D('',#7756,#5865,#5866);
#5105=AXIS2_PLACEMENT_3D('',#7757,#5867,#5868);
#5106=AXIS2_PLACEMENT_3D('',#7761,#5870,#5871);
#5107=AXIS2_PLACEMENT_3D('',#7785,#5874,#5875);
#5108=AXIS2_PLACEMENT_3D('',#7806,#5878,#5879);
#5109=AXIS2_PLACEMENT_3D('',#7810,#5881,#5882);
#5110=AXIS2_PLACEMENT_3D('',#7811,#5883,#5884);
#5111=AXIS2_PLACEMENT_3D('',#7815,#5886,#5887);
#5112=AXIS2_PLACEMENT_3D('',#7826,#5890,#5891);
#5113=AXIS2_PLACEMENT_3D('',#7827,#5892,#5893);
#5114=AXIS2_PLACEMENT_3D('',#7828,#5894,#5895);
#5115=AXIS2_PLACEMENT_3D('',#7831,#5896,#5897);
#5116=AXIS2_PLACEMENT_3D('',#7833,#5898,#5899);
#5117=AXIS2_PLACEMENT_3D('',#7835,#5900,#5901);
#5118=AXIS2_PLACEMENT_3D('',#7836,#5902,#5903);
#5119=AXIS2_PLACEMENT_3D('',#7837,#5904,#5905);
#5120=AXIS2_PLACEMENT_3D('',#7842,#5908,#5909);
#5121=AXIS2_PLACEMENT_3D('',#7848,#5912,#5913);
#5122=AXIS2_PLACEMENT_3D('',#7854,#5916,#5917);
#5123=AXIS2_PLACEMENT_3D('',#7856,#5918,#5919);
#5124=AXIS2_PLACEMENT_3D('',#7890,#5921,#5922);
#5125=AXIS2_PLACEMENT_3D('',#7895,#5925,#5926);
#5126=AXIS2_PLACEMENT_3D('',#7929,#5928,#5929);
#5127=AXIS2_PLACEMENT_3D('',#7931,#5930,#5931);
#5128=AXIS2_PLACEMENT_3D('',#7937,#5934,#5935);
#5129=AXIS2_PLACEMENT_3D('',#7943,#5938,#5939);
#5130=AXIS2_PLACEMENT_3D('',#7946,#5941,#5942);
#5131=AXIS2_PLACEMENT_3D('',#7947,#5943,#5944);
#5132=AXIS2_PLACEMENT_3D('',#7948,#5945,#5946);
#5133=AXIS2_PLACEMENT_3D('',#7965,#5947,#5948);
#5134=AXIS2_PLACEMENT_3D('',#7982,#5949,#5950);
#5135=AXIS2_PLACEMENT_3D('',#7983,#5951,#5952);
#5136=AXIS2_PLACEMENT_3D('',#7984,#5953,#5954);
#5137=AXIS2_PLACEMENT_3D('',#7985,#5955,#5956);
#5138=AXIS2_PLACEMENT_3D('',#7986,#5957,#5958);
#5139=AXIS2_PLACEMENT_3D('',#8003,#5959,#5960);
#5140=AXIS2_PLACEMENT_3D('',#8004,#5961,#5962);
#5141=AXIS2_PLACEMENT_3D('',#8005,#5963,#5964);
#5142=AXIS2_PLACEMENT_3D('',#8006,#5965,#5966);
#5143=AXIS2_PLACEMENT_3D('',#8007,#5967,#5968);
#5144=AXIS2_PLACEMENT_3D('',#8024,#5969,#5970);
#5145=AXIS2_PLACEMENT_3D('',#8045,#5973,#5974);
#5146=AXIS2_PLACEMENT_3D('',#8058,#5977,#5978);
#5147=AXIS2_PLACEMENT_3D('',#8068,#5980,#5981);
#5148=AXIS2_PLACEMENT_3D('',#8069,#5982,#5983);
#5149=AXIS2_PLACEMENT_3D('',#8073,#5985,#5986);
#5150=AXIS2_PLACEMENT_3D('',#8081,#5988,#5989);
#5151=AXIS2_PLACEMENT_3D('',#8082,#5990,#5991);
#5152=AXIS2_PLACEMENT_3D('',#8083,#5992,#5993);
#5153=AXIS2_PLACEMENT_3D('',#8094,#5996,#5997);
#5154=AXIS2_PLACEMENT_3D('',#8095,#5998,#5999);
#5155=AXIS2_PLACEMENT_3D('',#8106,#6002,#6003);
#5156=AXIS2_PLACEMENT_3D('',#8107,#6004,#6005);
#5157=AXIS2_PLACEMENT_3D('',#8118,#6008,#6009);
#5158=AXIS2_PLACEMENT_3D('',#8337,#6010,#6011);
#5159=AXIS2_PLACEMENT_3D('',#8338,#6012,#6013);
#5160=AXIS2_PLACEMENT_3D('',#8339,#6014,#6015);
#5161=AXIS2_PLACEMENT_3D('',#8340,#6016,#6017);
#5162=AXIS2_PLACEMENT_3D('',#8343,#6020,#6021);
#5163=AXIS2_PLACEMENT_3D('',#8344,#6022,#6023);
#5164=AXIS2_PLACEMENT_3D('',#8346,#6025,#6026);
#5165=AXIS2_PLACEMENT_3D('',#8348,#6028,#6029);
#5166=AXIS2_PLACEMENT_3D('',#8349,#6030,#6031);
#5167=AXIS2_PLACEMENT_3D('',#8355,#6032,#6033);
#5168=AXIS2_PLACEMENT_3D('',#8368,#6034,#6035);
#5169=AXIS2_PLACEMENT_3D('',#8369,#6036,#6037);
#5170=AXIS2_PLACEMENT_3D('',#8383,#6039,#6040);
#5171=AXIS2_PLACEMENT_3D('',#8384,#6041,#6042);
#5172=AXIS2_PLACEMENT_3D('',#8385,#6043,#6044);
#5173=AXIS2_PLACEMENT_3D('',#8387,#6045,#6046);
#5174=AXIS2_PLACEMENT_3D('',#8417,#6048,#6049);
#5175=AXIS2_PLACEMENT_3D('',#8418,#6050,#6051);
#5176=AXIS2_PLACEMENT_3D('',#8419,#6052,#6053);
#5177=AXIS2_PLACEMENT_3D('',#8422,#6056,#6057);
#5178=AXIS2_PLACEMENT_3D('',#8423,#6058,#6059);
#5179=AXIS2_PLACEMENT_3D('',#8425,#6061,#6062);
#5180=AXIS2_PLACEMENT_3D('',#8427,#6064,#6065);
#5181=AXIS2_PLACEMENT_3D('',#8433,#6066,#6067);
#5182=AXIS2_PLACEMENT_3D('',#8446,#6068,#6069);
#5183=AXIS2_PLACEMENT_3D('',#8447,#6070,#6071);
#5184=AXIS2_PLACEMENT_3D('',#8461,#6073,#6074);
#5185=AXIS2_PLACEMENT_3D('',#8462,#6075,#6076);
#5186=AXIS2_PLACEMENT_3D('',#8463,#6077,#6078);
#5187=AXIS2_PLACEMENT_3D('',#8465,#6079,#6080);
#5188=AXIS2_PLACEMENT_3D('',#8495,#6082,#6083);
#5189=AXIS2_PLACEMENT_3D('',#8496,#6084,#6085);
#5190=AXIS2_PLACEMENT_3D('',#8497,#6086,#6087);
#5191=AXIS2_PLACEMENT_3D('',#8498,#6088,#6089);
#5192=AXIS2_PLACEMENT_3D('',#8501,#6092,#6093);
#5193=AXIS2_PLACEMENT_3D('',#8502,#6094,#6095);
#5194=AXIS2_PLACEMENT_3D('',#8504,#6097,#6098);
#5195=AXIS2_PLACEMENT_3D('',#8506,#6100,#6101);
#5196=AXIS2_PLACEMENT_3D('',#8507,#6102,#6103);
#5197=AXIS2_PLACEMENT_3D('',#8508,#6104,#6105);
#5198=AXIS2_PLACEMENT_3D('',#8509,#6106,#6107);
#5199=AXIS2_PLACEMENT_3D('',#8510,#6108,#6109);
#5200=AXIS2_PLACEMENT_3D('',#8511,#6110,#6111);
#5201=AXIS2_PLACEMENT_3D('',#8512,#6112,#6113);
#5202=AXIS2_PLACEMENT_3D('',#8516,#6115,#6116);
#5203=AXIS2_PLACEMENT_3D('',#8537,#6119,#6120);
#5204=AXIS2_PLACEMENT_3D('',#8558,#6123,#6124);
#5205=AXIS2_PLACEMENT_3D('',#8559,#6125,#6126);
#5206=AXIS2_PLACEMENT_3D('',#8563,#6128,#6129);
#5207=AXIS2_PLACEMENT_3D('',#8567,#6131,#6132);
#5208=AXIS2_PLACEMENT_3D('',#8588,#6135,#6136);
#5209=AXIS2_PLACEMENT_3D('',#8609,#6139,#6140);
#5210=AXIS2_PLACEMENT_3D('',#8610,#6141,#6142);
#5211=AXIS2_PLACEMENT_3D('',#8611,#6143,#6144);
#5212=AXIS2_PLACEMENT_3D('',#8613,#6145,#6146);
#5213=AXIS2_PLACEMENT_3D('',#8647,#6148,#6149);
#5214=AXIS2_PLACEMENT_3D('',#8649,#6150,#6151);
#5215=AXIS2_PLACEMENT_3D('',#8655,#6154,#6155);
#5216=AXIS2_PLACEMENT_3D('',#8661,#6158,#6159);
#5217=AXIS2_PLACEMENT_3D('',#8665,#6161,#6162);
#5218=AXIS2_PLACEMENT_3D('',#8669,#6164,#6165);
#5219=AXIS2_PLACEMENT_3D('',#8673,#6167,#6168);
#5220=AXIS2_PLACEMENT_3D('',#8679,#6171,#6172);
#5221=AXIS2_PLACEMENT_3D('',#8685,#6175,#6176);
#5222=AXIS2_PLACEMENT_3D('',#8687,#6177,#6178);
#5223=AXIS2_PLACEMENT_3D('',#8721,#6180,#6181);
#5224=AXIS2_PLACEMENT_3D('',#8726,#6184,#6185);
#5225=AXIS2_PLACEMENT_3D('',#8727,#6186,#6187);
#5226=AXIS2_PLACEMENT_3D('',#8728,#6188,#6189);
#5227=AXIS2_PLACEMENT_3D('',#8730,#6190,#6191);
#5228=AXIS2_PLACEMENT_3D('',#8731,#6192,#6193);
#5229=AXIS2_PLACEMENT_3D('',#8732,#6194,#6195);
#5230=AXIS2_PLACEMENT_3D('',#8740,#6196,#6197);
#5231=AXIS2_PLACEMENT_3D('',#8741,#6198,#6199);
#5232=AXIS2_PLACEMENT_3D('',#8754,#6200,#6201);
#5233=AXIS2_PLACEMENT_3D('',#8755,#6202,#6203);
#5234=AXIS2_PLACEMENT_3D('',#8760,#6205,#6206);
#5235=AXIS2_PLACEMENT_3D('',#8763,#6208,#6209);
#5236=AXIS2_PLACEMENT_3D('',#8766,#6211,#6212);
#5237=AXIS2_PLACEMENT_3D('',#8769,#6214,#6215);
#5238=AXIS2_PLACEMENT_3D('',#8772,#6217,#6218);
#5239=AXIS2_PLACEMENT_3D('',#8775,#6220,#6221);
#5240=AXIS2_PLACEMENT_3D('',#8776,#6222,#6223);
#5241=AXIS2_PLACEMENT_3D('',#8786,#6225,#6226);
#5242=AXIS2_PLACEMENT_3D('',#8789,#6228,#6229);
#5243=AXIS2_PLACEMENT_3D('',#8797,#6230,#6231);
#5244=AXIS2_PLACEMENT_3D('',#8806,#6233,#6234);
#5245=AXIS2_PLACEMENT_3D('',#8814,#6235,#6236);
#5246=AXIS2_PLACEMENT_3D('',#8815,#6237,#6238);
#5247=AXIS2_PLACEMENT_3D('',#8823,#6240,#6241);
#5248=AXIS2_PLACEMENT_3D('',#8834,#6245,#6246);
#5249=AXIS2_PLACEMENT_3D('',#8835,#6247,#6248);
#5250=AXIS2_PLACEMENT_3D('',#8837,#6249,#6250);
#5251=AXIS2_PLACEMENT_3D('',#8838,#6251,#6252);
#5252=AXIS2_PLACEMENT_3D('',#8841,#6254,#6255);
#5253=AXIS2_PLACEMENT_3D('',#8848,#6257,#6258);
#5254=AXIS2_PLACEMENT_3D('',#8857,#6261,#6262);
#5255=AXIS2_PLACEMENT_3D('',#8858,#6263,#6264);
#5256=AXIS2_PLACEMENT_3D('',#8859,#6265,#6266);
#5257=AXIS2_PLACEMENT_3D('',#8862,#6268,#6269);
#5258=AXIS2_PLACEMENT_3D('',#8869,#6271,#6272);
#5259=AXIS2_PLACEMENT_3D('',#8888,#6275,#6276);
#5260=AXIS2_PLACEMENT_3D('',#8894,#6277,#6278);
#5261=AXIS2_PLACEMENT_3D('',#8902,#6280,#6281);
#5262=AXIS2_PLACEMENT_3D('',#8916,#6283,#6284);
#5263=AXIS2_PLACEMENT_3D('',#8933,#6286,#6287);
#5264=AXIS2_PLACEMENT_3D('',#8939,#6288,#6289);
#5265=AXIS2_PLACEMENT_3D('',#8945,#6290,#6291);
#5266=AXIS2_PLACEMENT_3D('',#8959,#6293,#6294);
#5267=AXIS2_PLACEMENT_3D('',#8976,#6296,#6297);
#5268=AXIS2_PLACEMENT_3D('',#8982,#6298,#6299);
#5269=AXIS2_PLACEMENT_3D('',#8988,#6300,#6301);
#5270=AXIS2_PLACEMENT_3D('',#9002,#6303,#6304);
#5271=AXIS2_PLACEMENT_3D('',#9008,#6305,#6306);
#5272=AXIS2_PLACEMENT_3D('',#9046,#6307,#6308);
#5273=AXIS2_PLACEMENT_3D('',#9079,#6309,#6310);
#5274=AXIS2_PLACEMENT_3D('',#9108,#6311,#6312);
#5275=AXIS2_PLACEMENT_3D('',#9137,#6313,#6314);
#5276=AXIS2_PLACEMENT_3D('',#9166,#6315,#6316);
#5277=AXIS2_PLACEMENT_3D('',#9223,#6317,#6318);
#5278=AXIS2_PLACEMENT_3D('',#9320,#6319,#6320);
#5279=AXIS2_PLACEMENT_3D('',#9321,#6321,#6322);
#5280=AXIS2_PLACEMENT_3D('',#9323,#6324,#6325);
#5281=AXIS2_PLACEMENT_3D('',#9324,#6326,#6327);
#5282=AXIS2_PLACEMENT_3D('',#9325,#6328,#6329);
#5283=AXIS2_PLACEMENT_3D('',#9326,#6330,#6331);
#5284=AXIS2_PLACEMENT_3D('',#9327,#6332,#6333);
#5285=AXIS2_PLACEMENT_3D('',#9328,#6334,#6335);
#5286=AXIS2_PLACEMENT_3D('',#9345,#6336,#6337);
#5287=AXIS2_PLACEMENT_3D('',#9362,#6338,#6339);
#5288=AXIS2_PLACEMENT_3D('',#9363,#6340,#6341);
#5289=AXIS2_PLACEMENT_3D('',#9364,#6342,#6343);
#5290=AXIS2_PLACEMENT_3D('',#9365,#6344,#6345);
#5291=AXIS2_PLACEMENT_3D('',#9366,#6346,#6347);
#5292=AXIS2_PLACEMENT_3D('',#9383,#6348,#6349);
#5293=AXIS2_PLACEMENT_3D('',#9384,#6350,#6351);
#5294=AXIS2_PLACEMENT_3D('',#9385,#6352,#6353);
#5295=AXIS2_PLACEMENT_3D('',#9386,#6354,#6355);
#5296=AXIS2_PLACEMENT_3D('',#9387,#6356,#6357);
#5297=AXIS2_PLACEMENT_3D('',#9404,#6358,#6359);
#5298=AXIS2_PLACEMENT_3D('',#9412,#6361,#6362);
#5299=AXIS2_PLACEMENT_3D('',#9413,#6363,#6364);
#5300=AXIS2_PLACEMENT_3D('',#9414,#6365,#6366);
#5301=AXIS2_PLACEMENT_3D('',#9415,#6367,#6368);
#5302=AXIS2_PLACEMENT_3D('',#9421,#6371,#6372);
#5303=AXIS2_PLACEMENT_3D('',#9428,#6376,#6377);
#5304=AXIS2_PLACEMENT_3D('',#9432,#6379,#6380);
#5305=AXIS2_PLACEMENT_3D('',#9433,#6381,#6382);
#5306=AXIS2_PLACEMENT_3D('',#9434,#6383,#6384);
#5307=AXIS2_PLACEMENT_3D('',#9499,#6385,#6386);
#5308=AXIS2_PLACEMENT_3D('',#9501,#6387,#6388);
#5309=AXIS2_PLACEMENT_3D('',#9502,#6389,#6390);
#5310=AXIS2_PLACEMENT_3D('',#9503,#6391,#6392);
#5311=AXIS2_PLACEMENT_3D('',#9526,#6393,#6394);
#5312=AXIS2_PLACEMENT_3D('',#9528,#6395,#6396);
#5313=AXIS2_PLACEMENT_3D('',#9530,#6397,#6398);
#5314=AXIS2_PLACEMENT_3D('',#9547,#6399,#6400);
#5315=AXIS2_PLACEMENT_3D('',#9549,#6401,#6402);
#5316=AXIS2_PLACEMENT_3D('',#9551,#6403,#6404);
#5317=AXIS2_PLACEMENT_3D('',#9568,#6405,#6406);
#5318=AXIS2_PLACEMENT_3D('',#9578,#6411,#6412);
#5319=AXIS2_PLACEMENT_3D('',#9583,#6415,#6416);
#5320=AXIS2_PLACEMENT_3D('',#9584,#6417,#6418);
#5321=AXIS2_PLACEMENT_3D('',#9617,#6419,#6420);
#5322=AXIS2_PLACEMENT_3D('',#9619,#6421,#6422);
#5323=AXIS2_PLACEMENT_3D('',#9620,#6423,#6424);
#5324=AXIS2_PLACEMENT_3D('',#9621,#6425,#6426);
#5325=AXIS2_PLACEMENT_3D('',#9622,#6427,#6428);
#5326=AXIS2_PLACEMENT_3D('',#9624,#6429,#6430);
#5327=AXIS2_PLACEMENT_3D('',#9630,#6434,#6435);
#5328=AXIS2_PLACEMENT_3D('',#9633,#6438,#6439);
#5329=AXIS2_PLACEMENT_3D('',#9634,#6440,#6441);
#5330=AXIS2_PLACEMENT_3D('',#9637,#6443,#6444);
#5331=AXIS2_PLACEMENT_3D('',#9638,#6445,#6446);
#5332=AXIS2_PLACEMENT_3D('',#9640,#6448,#6449);
#5333=AXIS2_PLACEMENT_3D('',#9641,#6450,#6451);
#5334=AXIS2_PLACEMENT_3D('',#9642,#6452,#6453);
#5335=AXIS2_PLACEMENT_3D('',#9643,#6454,#6455);
#5336=AXIS2_PLACEMENT_3D('',#9644,#6456,#6457);
#5337=AXIS2_PLACEMENT_3D('',#9650,#6460,#6461);
#5338=AXIS2_PLACEMENT_3D('',#9657,#6465,#6466);
#5339=AXIS2_PLACEMENT_3D('',#9666,#6471,#6472);
#5340=AXIS2_PLACEMENT_3D('',#9670,#6474,#6475);
#5341=AXIS2_PLACEMENT_3D('',#9671,#6476,#6477);
#5342=AXIS2_PLACEMENT_3D('',#9672,#6478,#6479);
#5343=AXIS2_PLACEMENT_3D('',#9674,#6480,#6481);
#5344=AXIS2_PLACEMENT_3D('',#9676,#6482,#6483);
#5345=AXIS2_PLACEMENT_3D('',#9677,#6484,#6485);
#5346=AXIS2_PLACEMENT_3D('',#9678,#6486,#6487);
#5347=AXIS2_PLACEMENT_3D('',#9681,#6488,#6489);
#5348=AXIS2_PLACEMENT_3D('',#9682,#6490,#6491);
#5349=AXIS2_PLACEMENT_3D('',#9699,#6492,#6493);
#5350=AXIS2_PLACEMENT_3D('',#9702,#6494,#6495);
#5351=AXIS2_PLACEMENT_3D('',#9703,#6496,#6497);
#5352=AXIS2_PLACEMENT_3D('',#9724,#6500,#6501);
#5353=AXIS2_PLACEMENT_3D('',#9725,#6502,#6503);
#5354=AXIS2_PLACEMENT_3D('',#9726,#6504,#6505);
#5355=AXIS2_PLACEMENT_3D('',#9728,#6506,#6507);
#5356=AXIS2_PLACEMENT_3D('',#9731,#6509,#6510);
#5357=AXIS2_PLACEMENT_3D('',#9732,#6511,#6512);
#5358=AXIS2_PLACEMENT_3D('',#9737,#6515,#6516);
#5359=AXIS2_PLACEMENT_3D('',#9739,#6518,#6519);
#5360=AXIS2_PLACEMENT_3D('',#9741,#6521,#6522);
#5361=AXIS2_PLACEMENT_3D('',#9744,#6524,#6525);
#5362=AXIS2_PLACEMENT_3D('',#9745,#6526,#6527);
#5363=AXIS2_PLACEMENT_3D('',#9778,#6528,#6529);
#5364=AXIS2_PLACEMENT_3D('',#9779,#6530,#6531);
#5365=AXIS2_PLACEMENT_3D('',#9781,#6533,#6534);
#5366=AXIS2_PLACEMENT_3D('',#9782,#6535,#6536);
#5367=AXIS2_PLACEMENT_3D('',#9783,#6537,#6538);
#5368=AXIS2_PLACEMENT_3D('',#9784,#6539,#6540);
#5369=DIRECTION('',(0.,0.,1.));
#5370=DIRECTION('',(1.,0.,0.));
#5371=DIRECTION('',(1.,0.,2.19731640290397E-15));
#5372=DIRECTION('',(2.34291072916505E-15,0.,-1.));
#5373=DIRECTION('',(-1.,4.62592926927151E-16,-2.19731640290397E-15));
#5374=DIRECTION('',(2.34291072916505E-15,0.,-1.));
#5375=DIRECTION('',(1.,-4.62592926927151E-16,2.19731640290397E-15));
#5376=DIRECTION('',(-4.62592926927151E-16,-1.,-1.08381393173349E-30));
#5377=DIRECTION('',(1.,-4.52629809946406E-16,0.));
#5378=DIRECTION('',(-4.62592926927151E-16,-1.,-1.08381393173349E-30));
#5379=DIRECTION('',(1.,-4.61436444609831E-16,0.));
#5380=DIRECTION('',(-8.72102126887436E-16,1.,5.55111512312578E-16));
#5381=DIRECTION('',(1.,8.8472737334797E-16,0.));
#5382=DIRECTION('',(0.,1.,0.));
#5383=DIRECTION('',(0.,-1.,0.));
#5384=DIRECTION('',(0.,0.,-1.));
#5385=DIRECTION('',(0.,-1.,0.));
#5386=DIRECTION('',(-8.72102126887436E-16,1.,5.55111512312578E-16));
#5387=DIRECTION('',(1.,8.8472737334797E-16,0.));
#5388=DIRECTION('',(0.,-1.,0.));
#5389=DIRECTION('',(0.,1.,0.));
#5390=DIRECTION('',(8.72102126887436E-16,-1.,-5.55111512312578E-16));
#5391=DIRECTION('',(-1.,-8.8472737334797E-16,0.));
#5392=DIRECTION('',(0.,1.,0.));
#5393=DIRECTION('',(0.,1.,0.));
#5394=DIRECTION('',(0.,1.,0.));
#5395=DIRECTION('',(0.,0.,1.));
#5396=DIRECTION('',(-8.72102126887436E-16,1.,5.55111512312578E-16));
#5397=DIRECTION('',(1.,8.8472737334797E-16,0.));
#5398=DIRECTION('',(0.,1.,0.));
#5399=DIRECTION('',(0.,-1.,0.));
#5400=DIRECTION('',(0.,0.,-1.));
#5401=DIRECTION('',(0.,-1.,0.));
#5402=DIRECTION('',(8.72102126887436E-16,-1.,-5.55111512312578E-16));
#5403=DIRECTION('',(1.,8.8472737334797E-16,0.));
#5404=DIRECTION('',(0.,1.,0.));
#5405=DIRECTION('',(0.,-1.,0.));
#5406=DIRECTION('',(8.72102126887436E-16,-1.,-5.55111512312578E-16));
#5407=DIRECTION('',(-1.,-8.8472737334797E-16,0.));
#5408=DIRECTION('',(0.,1.,0.));
#5409=DIRECTION('',(0.,-1.,0.));
#5410=DIRECTION('',(0.,1.,0.));
#5411=DIRECTION('',(0.,0.,1.));
#5412=DIRECTION('',(8.72102126887436E-16,-1.,-5.55111512312578E-16));
#5413=DIRECTION('',(1.,8.8472737334797E-16,0.));
#5414=DIRECTION('',(0.,1.,0.));
#5415=DIRECTION('',(0.,-1.,0.));
#5416=DIRECTION('',(0.,0.,-1.));
#5417=DIRECTION('',(0.,-1.,0.));
#5418=DIRECTION('',(0.,-1.,0.));
#5419=DIRECTION('',(0.,1.,0.));
#5420=DIRECTION('',(0.,0.,1.));
#5421=DIRECTION('',(-1.,0.,-2.19731640290397E-15));
#5422=DIRECTION('',(-4.62592926927151E-16,-1.,-1.08381393173349E-30));
#5423=DIRECTION('',(1.,-4.52629809946406E-16,0.));
#5424=DIRECTION('',(1.,-4.62592926927151E-16,2.19731640290397E-15));
#5425=DIRECTION('',(2.34291072916505E-15,0.,-1.));
#5426=DIRECTION('',(-4.62592926927151E-16,-1.,-1.08381393173349E-30));
#5427=DIRECTION('',(1.,-4.61436444609831E-16,0.));
#5428=DIRECTION('',(-0.0495885500963941,5.11182295857325E-16,-0.998769731068847));
#5429=DIRECTION('',(0.862569847003342,4.71396990284907E-16,0.505937999206062));
#5430=DIRECTION('',(-0.505937999206061,-9.20052057426034E-16,0.862569847003341));
#5431=DIRECTION('',(0.0495885500963941,-5.11182295857325E-16,0.998769731068847));
#5432=DIRECTION('',(-1.5419764230905E-15,1.,3.85494105772624E-16));
#5433=DIRECTION('',(-0.0495885500963941,5.11182295857325E-16,-0.998769731068847));
#5434=DIRECTION('',(-8.72102126887436E-16,1.,5.55111512312578E-16));
#5435=DIRECTION('',(-0.998769731068847,-2.06875139797301E-15,0.0495885500963942));
#5436=DIRECTION('',(2.04003480774873E-15,-1.,-6.1409211049579E-16));
#5437=DIRECTION('',(8.72102126887436E-16,-1.,-5.55111512312578E-16));
#5438=DIRECTION('',(1.,0.,0.));
#5439=DIRECTION('',(-0.0495885500963941,5.11182295857325E-16,-0.998769731068847));
#5440=DIRECTION('',(-8.72102126887436E-16,1.,5.55111512312578E-16));
#5441=DIRECTION('',(-0.837169104331222,-8.31955274458213E-16,-0.546944138603989));
#5442=DIRECTION('',(8.72102126887436E-16,-1.,-5.55111512312578E-16));
#5443=DIRECTION('',(0.998769731068847,9.0205620750794E-16,-0.0495885500963942));
#5444=DIRECTION('',(-0.0495885500963941,5.11182295857325E-16,-0.998769731068847));
#5445=DIRECTION('',(8.72102126887436E-16,-1.,-5.55111512312578E-16));
#5446=DIRECTION('',(0.998769731068847,1.4054208974103E-15,-0.0495885500963942));
#5447=DIRECTION('',(-1.37390099297363E-15,1.,5.79397640976254E-16));
#5448=DIRECTION('',(-0.808211954709717,-1.03174392776572E-15,0.588891701643264));
#5449=DIRECTION('',(0.588891701643264,6.49259450614366E-17,0.808211954709716));
#5450=DIRECTION('',(0.0495885500963941,-5.11182295857325E-16,0.998769731068847));
#5451=DIRECTION('',(-1.5419764230905E-15,1.,3.85494105772624E-16));
#5452=DIRECTION('',(-0.965210165717584,-6.96613885500606E-16,-0.261475306664766));
#5453=DIRECTION('',(0.747724372545689,1.02069118564103E-15,-0.66400923389751));
#5454=DIRECTION('',(0.664009233897509,1.64013457918104E-16,0.747724372545688));
#5455=DIRECTION('',(0.965210165717584,6.96613885500606E-16,0.261475306664766));
#5456=DIRECTION('',(-7.70988211545249E-16,1.,7.70988211545249E-16));
#5457=DIRECTION('',(-0.965210165717584,-6.96613885500606E-16,-0.261475306664766));
#5458=DIRECTION('',(-8.72102126887436E-16,1.,5.55111512312578E-16));
#5459=DIRECTION('',(-0.261475306664766,-1.93402746206153E-15,0.965210165717585));
#5460=DIRECTION('',(1.17961196366423E-15,-1.,-1.68615121864946E-15));
#5461=DIRECTION('',(8.72102126887436E-16,-1.,-5.55111512312578E-16));
#5462=DIRECTION('',(1.,0.,0.));
#5463=DIRECTION('',(-0.965210165717584,-6.96613885500606E-16,-0.261475306664766));
#5464=DIRECTION('',(-8.72102126887436E-16,1.,5.55111512312578E-16));
#5465=DIRECTION('',(-0.837169104331222,-8.31955274458213E-16,-0.546944138603989));
#5466=DIRECTION('',(8.72102126887436E-16,-1.,-5.55111512312578E-16));
#5467=DIRECTION('',(0.261475306664766,7.63278329429795E-16,-0.965210165717585));
#5468=DIRECTION('',(-0.965210165717584,-6.96613885500606E-16,-0.261475306664766));
#5469=DIRECTION('',(8.72102126887436E-16,-1.,-5.55111512312578E-16));
#5470=DIRECTION('',(0.261475306664766,1.27069696149882E-15,-0.965210165717585));
#5471=DIRECTION('',(-1.00613961606655E-15,1.,1.04777297948999E-15));
#5472=DIRECTION('',(-2.19731640290397E-15,1.22263289488705E-30,1.));
#5473=DIRECTION('',(1.,7.21722491373378E-16,2.19731640290397E-15));
#5474=DIRECTION('',(0.965210165717584,6.96613885500606E-16,0.261475306664766));
#5475=DIRECTION('',(-7.70988211545249E-16,1.,7.70988211545249E-16));
#5476=DIRECTION('',(0.,-1.,0.));
#5477=DIRECTION('',(0.,0.,-1.));
#5478=DIRECTION('',(0.,-1.,0.));
#5479=DIRECTION('',(0.,0.,-1.));
#5480=DIRECTION('',(1.,0.,2.19731640290397E-15));
#5481=DIRECTION('',(-2.34291072916505E-15,0.,1.));
#5482=DIRECTION('',(1.,0.,2.19731640290397E-15));
#5483=DIRECTION('',(-2.34291072916505E-15,0.,1.));
#5484=DIRECTION('',(1.,0.,2.19731640290397E-15));
#5485=DIRECTION('',(0.,-1.,0.));
#5486=DIRECTION('',(0.,0.,-1.));
#5487=DIRECTION('',(0.,-1.,0.));
#5488=DIRECTION('',(0.,0.,-1.));
#5489=DIRECTION('',(0.,-1.,0.));
#5490=DIRECTION('',(0.,0.,-1.));
#5491=DIRECTION('',(0.934562756305185,1.01254191878764E-15,-0.355798334070375));
#5492=DIRECTION('',(-2.19731640290397E-15,1.22263289488705E-30,1.));
#5493=DIRECTION('',(-1.,-1.08343919330869E-15,-2.19731640290397E-15));
#5494=DIRECTION('',(-0.934562756305185,-1.01254191878764E-15,0.355798334070375));
#5495=DIRECTION('',(-1.5419764230905E-15,1.,7.70988211545249E-16));
#5496=DIRECTION('',(0.,1.,0.));
#5497=DIRECTION('',(0.934562756305185,1.01254191878764E-15,-0.355798334070375));
#5498=DIRECTION('',(-8.72102126887436E-16,1.,5.55111512312578E-16));
#5499=DIRECTION('',(-0.355798334070375,-9.61700955081879E-16,-0.934562756305186));
#5500=DIRECTION('',(1.29063426612674E-15,-1.,5.41233724504764E-16));
#5501=DIRECTION('',(8.72102126887436E-16,-1.,-5.55111512312578E-16));
#5502=DIRECTION('',(1.,0.,0.));
#5503=DIRECTION('',(0.934562756305185,1.01254191878764E-15,-0.355798334070375));
#5504=DIRECTION('',(-8.72102126887436E-16,1.,5.55111512312578E-16));
#5505=DIRECTION('',(-0.837169104331222,-8.31955274458213E-16,-0.546944138603989));
#5506=DIRECTION('',(-8.72102126887436E-16,1.,5.55111512312578E-16));
#5507=DIRECTION('',(1.,8.8472737334797E-16,0.));
#5508=DIRECTION('',(8.72102126887436E-16,-1.,-5.55111512312578E-16));
#5509=DIRECTION('',(0.355798334070375,-2.08166817117217E-16,0.934562756305186));
#5510=DIRECTION('',(0.934562756305185,1.01254191878764E-15,-0.355798334070375));
#5511=DIRECTION('',(8.72102126887436E-16,-1.,-5.55111512312578E-16));
#5512=DIRECTION('',(0.355798334070375,2.98370454519171E-16,0.934562756305186));
#5513=DIRECTION('',(-1.0547118733939E-15,1.,8.32667268468867E-17));
#5514=DIRECTION('',(-0.809820519302266,-3.80574650650065E-16,-0.58667770242017));
#5515=DIRECTION('',(-0.586677702420169,-9.61183565249702E-16,0.809820519302266));
#5516=DIRECTION('',(-0.934562756305185,-1.01254191878764E-15,0.355798334070375));
#5517=DIRECTION('',(-1.5419764230905E-15,1.,7.70988211545249E-16));
#5518=DIRECTION('',(2.19731640290397E-15,-1.22263289488705E-30,-1.));
#5519=DIRECTION('',(1.,0.,2.77555756156289E-15));
#5520=DIRECTION('',(-8.72102126887435E-16,1.,5.55111512312578E-16));
#5521=DIRECTION('',(7.70924985064993E-16,-5.78193738798744E-16,1.));
#5522=DIRECTION('',(2.19731640290397E-15,-1.22263289488705E-30,-1.));
#5523=DIRECTION('',(1.,0.,2.77555756156289E-15));
#5524=DIRECTION('',(8.72102126887435E-16,-1.,-5.55111512312578E-16));
#5525=DIRECTION('',(6.0338207860063E-16,-6.0338207860063E-16,1.));
#5526=DIRECTION('',(0.603206820813707,0.707547619330884,0.368127556294037));
#5527=DIRECTION('',(-0.592476974758919,0.706498227714366,-0.387080467883588));
#5528=DIRECTION('',(-0.163708952486939,0.707547619330865,0.687441448601155));
#5529=DIRECTION('',(0.398532790560421,0.684882470139485,-0.610006243364574));
#5530=DIRECTION('',(0.,-1.,0.));
#5531=DIRECTION('',(0.,1.,0.));
#5532=DIRECTION('',(0.,1.,0.));
#5533=DIRECTION('',(0.,0.,1.));
#5534=DIRECTION('',(0.563775313720108,-0.707547619330219,-0.426067790404219));
#5535=DIRECTION('',(0.398532790560083,0.684882470140146,-0.610006243364054));
#5536=DIRECTION('',(-0.230998395498636,-0.707547619330806,-0.667844373829985));
#5537=DIRECTION('',(-0.657048862350668,0.619690795667599,-0.429266945208401));
#5538=DIRECTION('',(8.72102126887436E-16,-1.,-5.55111512312578E-16));
#5539=DIRECTION('',(-8.72102126887436E-16,1.,5.55111512312578E-16));
#5540=DIRECTION('',(0.837169104331222,4.15977637229106E-16,0.546944138603989));
#5541=DIRECTION('',(-8.72102126887436E-16,1.,5.55111512312578E-16));
#5542=DIRECTION('',(8.72102126887436E-16,-1.,-5.55111512312578E-16));
#5543=DIRECTION('',(-0.837169104331222,-4.15977637229106E-16,-0.546944138603989));
#5544=DIRECTION('',(8.72102126887436E-16,-1.,-5.55111512312578E-16));
#5545=DIRECTION('',(-8.72102126887436E-16,1.,5.55111512312578E-16));
#5546=DIRECTION('',(0.837169104331222,4.15977637229106E-16,0.546944138603989));
#5547=DIRECTION('',(-8.72102126887436E-16,1.,5.55111512312578E-16));
#5548=DIRECTION('',(8.72102126887436E-16,-1.,-5.55111512312578E-16));
#5549=DIRECTION('',(-0.837169104331222,-4.15977637229106E-16,-0.546944138603989));
#5550=DIRECTION('',(8.72102126887436E-16,-1.,-5.55111512312578E-16));
#5551=DIRECTION('',(-8.72102126887436E-16,1.,5.55111512312578E-16));
#5552=DIRECTION('',(0.837169104331222,4.15977637229106E-16,0.546944138603989));
#5553=DIRECTION('',(-8.72102126887436E-16,1.,5.55111512312578E-16));
#5554=DIRECTION('',(8.72102126887436E-16,-1.,-5.55111512312578E-16));
#5555=DIRECTION('',(-0.837169104331222,-4.15977637229106E-16,-0.546944138603989));
#5556=DIRECTION('',(-2.19731640290397E-15,1.22263289488705E-30,1.));
#5557=DIRECTION('',(1.,0.,1.73472347597681E-15));
#5558=DIRECTION('',(-1.,-8.72102126887434E-16,-2.19731640290397E-15));
#5559=DIRECTION('',(8.72102126887436E-16,-1.,-5.55111512312578E-16));
#5560=DIRECTION('',(0.0343605863533796,0.999409500708019,7.5501080007678E-17));
#5561=DIRECTION('',(-1.85473652204604E-16,-1.,8.15088596591367E-31));
#5562=DIRECTION('',(-2.19731640290397E-15,1.22263289488705E-30,1.));
#5563=DIRECTION('',(1.,0.,2.19962936753859E-15));
#5564=DIRECTION('',(-2.19731640290397E-15,1.22263289488705E-30,1.));
#5565=DIRECTION('',(0.999999999999999,0.,1.73472347597681E-15));
#5566=DIRECTION('',(5.56420956613813E-16,1.,1.75162308040602E-46));
#5567=DIRECTION('',(0.0343605863533813,-0.999409500708019,7.55010800076843E-17));
#5568=DIRECTION('',(-8.72102126887436E-16,1.,5.55111512312578E-16));
#5569=DIRECTION('',(-1.,-8.72102126887434E-16,-2.19731640290397E-15));
#5570=DIRECTION('',(-2.19731640290397E-15,1.22263289488705E-30,1.));
#5571=DIRECTION('',(1.,0.,2.19962936753859E-15));
#5572=DIRECTION('',(-1.85473652204604E-16,-1.,0.));
#5573=DIRECTION('',(5.56420956613813E-16,1.,0.));
#5574=DIRECTION('',(2.19731640290397E-15,-1.22263289488705E-30,-1.));
#5575=DIRECTION('',(-1.,0.,-2.19789464406261E-15));
#5576=DIRECTION('',(-1.,1.85473652204604E-16,-2.34291072916505E-15));
#5577=DIRECTION('',(-2.34534613952064E-15,0.,1.));
#5578=DIRECTION('',(1.,0.,2.19731640290397E-15));
#5579=DIRECTION('',(0.,0.,-1.));
#5580=DIRECTION('',(1.,-5.56420956613813E-16,2.34291072916505E-15));
#5581=DIRECTION('',(2.34534613952064E-15,0.,-1.));
#5582=DIRECTION('',(-0.797796382676031,-1.03045162457823E-15,0.602926970527144));
#5583=DIRECTION('',(0.231663939387602,7.42044804966817E-16,-0.972795877451903));
#5584=DIRECTION('',(0.326884983872184,-2.39538888021778E-16,0.945064128680632));
#5585=DIRECTION('',(-0.853595764021076,-4.55245134210259E-16,-0.520935957335712));
#5586=DIRECTION('',(8.72102126887436E-16,-1.,-5.55111512312578E-16));
#5587=DIRECTION('',(0.837169104331222,3.92449741805928E-16,0.546944138603989));
#5588=DIRECTION('',(-8.72102126887436E-16,1.,5.55111512312578E-16));
#5589=DIRECTION('',(0.837169104331222,4.26741975090295E-16,0.546944138603989));
#5590=DIRECTION('',(8.72102126887435E-16,-1.,-5.55111512312578E-16));
#5591=DIRECTION('',(-1.,-8.83011919063337E-16,0.));
#5592=DIRECTION('',(8.72102126887436E-16,-1.,-5.55111512312578E-16));
#5593=DIRECTION('',(-0.837169104331222,-3.92449741805928E-16,-0.546944138603989));
#5594=DIRECTION('',(0.972795877451903,7.19778034011392E-16,0.231663939387603));
#5595=DIRECTION('',(0.231663939387603,7.42461647718073E-16,-0.972795877451903));
#5596=DIRECTION('',(-0.602926970527144,-8.29479368497247E-17,-0.797796382676031));
#5597=DIRECTION('',(-0.797796382676031,-1.03389519168218E-15,0.602926970527144));
#5598=DIRECTION('',(0.520935957335712,9.28150191833968E-16,-0.853595764021077));
#5599=DIRECTION('',(-0.853595764021077,-4.57966997657877E-16,-0.520935957335712));
#5600=DIRECTION('',(-0.945064128680632,-1.00565005441696E-15,0.326884983872184));
#5601=DIRECTION('',(0.326884983872184,-2.42861286636753E-16,0.945064128680632));
#5602=DIRECTION('',(-8.72102126887435E-16,1.,5.55111512312578E-16));
#5603=DIRECTION('',(-8.00355765674728E-16,1.80080047276814E-15,-1.));
#5604=DIRECTION('',(0.,-1.,0.));
#5605=DIRECTION('',(0.,0.,-1.));
#5606=DIRECTION('',(0.,-1.,0.));
#5607=DIRECTION('',(0.,0.,-1.));
#5608=DIRECTION('',(0.,-1.,0.));
#5609=DIRECTION('',(0.,0.,-1.));
#5610=DIRECTION('',(1.,0.,2.19731640290397E-15));
#5611=DIRECTION('',(0.,0.,-1.));
#5612=DIRECTION('',(1.73472347597681E-15,0.,-1.));
#5613=DIRECTION('',(-0.999999999999999,0.,-1.73472347597681E-15));
#5614=DIRECTION('',(3.46944695195361E-15,0.,-1.));
#5615=DIRECTION('',(-1.,0.,-1.73472347597681E-15));
#5616=DIRECTION('',(-1.,0.,-2.19731640290397E-15));
#5617=DIRECTION('',(2.34291072916505E-15,0.,-1.));
#5618=DIRECTION('',(1.,-4.62592926927151E-16,2.19731640290397E-15));
#5619=DIRECTION('',(2.34291072916505E-15,0.,-1.));
#5620=DIRECTION('',(-1.,4.62592926927151E-16,-2.19731640290397E-15));
#5621=DIRECTION('',(-4.62592926927151E-16,-1.,-1.08381393173349E-30));
#5622=DIRECTION('',(1.,-4.52629809946406E-16,0.));
#5623=DIRECTION('',(-4.62592926927151E-16,-1.,-1.08381393173349E-30));
#5624=DIRECTION('',(1.,-4.61436444609831E-16,0.));
#5625=DIRECTION('',(8.72102126887436E-16,-1.,-5.55111512312578E-16));
#5626=DIRECTION('',(1.,8.8472737334797E-16,0.));
#5627=DIRECTION('',(0.,1.,0.));
#5628=DIRECTION('',(0.,-1.,0.));
#5629=DIRECTION('',(0.,0.,-1.));
#5630=DIRECTION('',(0.,-1.,0.));
#5631=DIRECTION('',(0.,1.,0.));
#5632=DIRECTION('',(8.72102126887436E-16,-1.,-5.55111512312578E-16));
#5633=DIRECTION('',(-1.,-8.8472737334797E-16,0.));
#5634=DIRECTION('',(0.,-1.,0.));
#5635=DIRECTION('',(0.,-1.,0.));
#5636=DIRECTION('',(0.,1.,0.));
#5637=DIRECTION('',(0.,0.,1.));
#5638=DIRECTION('',(0.,-1.,0.));
#5639=DIRECTION('',(0.,0.,-1.));
#5640=DIRECTION('',(0.,-1.,0.));
#5641=DIRECTION('',(8.72102126887436E-16,-1.,-5.55111512312578E-16));
#5642=DIRECTION('',(1.,8.8472737334797E-16,0.));
#5643=DIRECTION('',(0.,-1.,0.));
#5644=DIRECTION('',(0.,-1.,0.));
#5645=DIRECTION('',(8.72102126887436E-16,-1.,-5.55111512312578E-16));
#5646=DIRECTION('',(-1.,-8.8472737334797E-16,0.));
#5647=DIRECTION('',(0.,-1.,0.));
#5648=DIRECTION('',(0.,-1.,0.));
#5649=DIRECTION('',(8.72102126887436E-16,-1.,-5.55111512312578E-16));
#5650=DIRECTION('',(1.,8.8472737334797E-16,0.));
#5651=DIRECTION('',(0.,1.,0.));
#5652=DIRECTION('',(0.,1.,0.));
#5653=DIRECTION('',(0.,0.,1.));
#5654=DIRECTION('',(1.,0.,2.19731640290397E-15));
#5655=DIRECTION('',(-4.62592926927151E-16,-1.,-1.08381393173349E-30));
#5656=DIRECTION('',(1.,-4.52629809946406E-16,0.));
#5657=DIRECTION('',(-1.,4.62592926927151E-16,-2.19731640290397E-15));
#5658=DIRECTION('',(2.34291072916505E-15,0.,-1.));
#5659=DIRECTION('',(-4.62592926927151E-16,-1.,-1.08381393173349E-30));
#5660=DIRECTION('',(1.,-4.61436444609831E-16,0.));
#5661=DIRECTION('',(-0.546944138603989,-9.41713354131826E-16,0.837169104331222));
#5662=DIRECTION('',(-0.40045077055342,1.59424854458675E-16,-0.9163182745985));
#5663=DIRECTION('',(0.9163182745985,1.02141794903182E-15,-0.40045077055342));
#5664=DIRECTION('',(0.546944138603989,9.41713354131826E-16,-0.837169104331222));
#5665=DIRECTION('',(-1.5419764230905E-15,1.,7.70988211545249E-16));
#5666=DIRECTION('',(0.,1.,0.));
#5667=DIRECTION('',(-0.546944138603989,-9.41713354131826E-16,0.837169104331222));
#5668=DIRECTION('',(-8.72102126887436E-16,1.,5.55111512312578E-16));
#5669=DIRECTION('',(0.837169104331222,-7.43713047678933E-16,0.546944138603989));
#5670=DIRECTION('',(-1.11022302462516E-16,-1.,-1.19348975147204E-15));
#5671=DIRECTION('',(8.72102126887436E-16,-1.,-5.55111512312578E-16));
#5672=DIRECTION('',(1.,0.,0.));
#5673=DIRECTION('',(-0.546944138603989,-9.41713354131826E-16,0.837169104331222));
#5674=DIRECTION('',(-8.72102126887436E-16,1.,5.55111512312578E-16));
#5675=DIRECTION('',(-0.837169104331222,-8.31955274458213E-16,-0.546944138603989));
#5676=DIRECTION('',(8.72102126887436E-16,-1.,-5.55111512312578E-16));
#5677=DIRECTION('',(1.,8.8472737334797E-16,0.));
#5678=DIRECTION('',(8.72102126887436E-16,-1.,-5.55111512312578E-16));
#5679=DIRECTION('',(-0.837169104331222,-4.30211422042248E-16,-0.546944138603989));
#5680=DIRECTION('',(-0.546944138603989,-9.41713354131826E-16,0.837169104331222));
#5681=DIRECTION('',(8.72102126887436E-16,-1.,-5.55111512312578E-16));
#5682=DIRECTION('',(-0.837169104331222,8.03825471162254E-17,-0.546944138603989));
#5683=DIRECTION('',(-4.44089209850063E-16,1.,8.32667268468867E-16));
#5684=DIRECTION('',(0.999999063840487,8.72860884403888E-16,-0.00136832677094145));
#5685=DIRECTION('',(-0.00136832677094145,5.5391767195244E-16,-0.999999063840486));
#5686=DIRECTION('',(0.546944138603989,9.41713354131826E-16,-0.837169104331222));
#5687=DIRECTION('',(-1.5419764230905E-15,1.,7.70988211545249E-16));
#5688=DIRECTION('',(0.627180098112786,1.14603024987473E-16,0.778874267472765));
#5689=DIRECTION('',(-0.995216559568785,-9.22161206934063E-16,0.0976933956829785));
#5690=DIRECTION('',(-0.0976933956829785,4.67257551302768E-16,-0.995216559568785));
#5691=DIRECTION('',(-0.627180098112786,-1.14603024987473E-16,-0.778874267472765));
#5692=DIRECTION('',(-1.5419764230905E-15,1.,7.70988211545249E-16));
#5693=DIRECTION('',(0.627180098112786,1.14603024987473E-16,0.778874267472765));
#5694=DIRECTION('',(-8.72102126887436E-16,1.,5.55111512312578E-16));
#5695=DIRECTION('',(0.778874267472765,-1.4278221820305E-16,-0.627180098112786));
#5696=DIRECTION('',(-4.16333634234434E-17,-1.,1.80411241501588E-16));
#5697=DIRECTION('',(8.72102126887436E-16,-1.,-5.55111512312578E-16));
#5698=DIRECTION('',(1.,0.,0.));
#5699=DIRECTION('',(0.627180098112786,1.14603024987473E-16,0.778874267472765));
#5700=DIRECTION('',(-8.72102126887436E-16,1.,5.55111512312578E-16));
#5701=DIRECTION('',(-0.837169104331222,-8.31955274458213E-16,-0.546944138603989));
#5702=DIRECTION('',(8.72102126887436E-16,-1.,-5.55111512312578E-16));
#5703=DIRECTION('',(-0.778874267472765,-1.02695629777827E-15,0.627180098112786));
#5704=DIRECTION('',(0.627180098112786,1.14603024987473E-16,0.778874267472765));
#5705=DIRECTION('',(8.72102126887436E-16,-1.,-5.55111512312578E-16));
#5706=DIRECTION('',(-0.778874267472765,-5.20548282359658E-16,0.627180098112786));
#5707=DIRECTION('',(-4.71844785465692E-16,1.,2.35922392732846E-16));
#5708=DIRECTION('',(0.307715348993824,7.96535858407357E-16,-0.951478462180626));
#5709=DIRECTION('',(-0.951478462180626,-6.58970057813556E-16,-0.307715348993824));
#5710=DIRECTION('',(-0.627180098112786,-1.14603024987473E-16,-0.778874267472765));
#5711=DIRECTION('',(-1.5419764230905E-15,1.,7.70988211545249E-16));
#5712=DIRECTION('',(2.19731640290397E-15,-1.22263289488705E-30,-1.));
#5713=DIRECTION('',(-1.,-1.08343919330869E-15,-2.19731640290397E-15));
#5714=DIRECTION('',(-0.214626889426825,-7.29351823450554E-16,0.976696113606974));
#5715=DIRECTION('',(-0.976696113606973,-7.32636900826665E-16,-0.214626889426825));
#5716=DIRECTION('',(-0.934562756305185,-1.01254191878764E-15,0.355798334070375));
#5717=DIRECTION('',(-1.5419764230905E-15,1.,7.70988211545249E-16));
#5718=DIRECTION('',(0.,-1.,0.));
#5719=DIRECTION('',(0.,0.,-1.));
#5720=DIRECTION('',(0.,-1.,0.));
#5721=DIRECTION('',(0.,0.,-1.));
#5722=DIRECTION('',(0.,-1.,0.));
#5723=DIRECTION('',(0.,0.,-1.));
#5724=DIRECTION('',(-1.,0.,-2.19731640290397E-15));
#5725=DIRECTION('',(-2.34291072916505E-15,0.,1.));
#5726=DIRECTION('',(1.,0.,2.19731640290397E-15));
#5727=DIRECTION('',(-2.34291072916505E-15,0.,1.));
#5728=DIRECTION('',(-1.,0.,-2.19731640290397E-15));
#5729=DIRECTION('',(0.,-1.,0.));
#5730=DIRECTION('',(0.,0.,-1.));
#5731=DIRECTION('',(0.310318061177677,-2.57078164395457E-16,0.950632789728467));
#5732=DIRECTION('',(0.950632789728467,1.00131000604938E-15,-0.310318061177677));
#5733=DIRECTION('',(2.19731640290397E-15,-1.22263289488705E-30,-1.));
#5734=DIRECTION('',(1.,7.21722491373378E-16,2.19731640290397E-15));
#5735=DIRECTION('',(0.965210165717584,6.96613885500606E-16,0.261475306664766));
#5736=DIRECTION('',(-7.70988211545249E-16,1.,7.70988211545249E-16));
#5737=DIRECTION('',(0.,-1.,0.));
#5738=DIRECTION('',(0.,1.,0.));
#5739=DIRECTION('',(8.72102126887436E-16,-1.,-5.55111512312578E-16));
#5740=DIRECTION('',(-1.,-8.8472737334797E-16,0.));
#5741=DIRECTION('',(0.,-1.,0.));
#5742=DIRECTION('',(0.,1.,0.));
#5743=DIRECTION('',(0.,1.,0.));
#5744=DIRECTION('',(0.,0.,1.));
#5745=DIRECTION('',(-2.19731640290397E-15,1.22263289488705E-30,1.));
#5746=DIRECTION('',(1.,0.,1.73472347597681E-15));
#5747=DIRECTION('',(-2.19731640290397E-15,1.22263289488705E-30,1.));
#5748=DIRECTION('',(1.,0.,2.77555756156289E-15));
#5749=DIRECTION('',(-0.0343605863533796,-0.999409500708019,-7.5501080007678E-17));
#5750=DIRECTION('',(-8.72102126887436E-16,1.,5.55111512312578E-16));
#5751=DIRECTION('',(1.,8.72102126887434E-16,2.19731640290397E-15));
#5752=DIRECTION('',(8.72102126887436E-16,-1.,-5.55111512312578E-16));
#5753=DIRECTION('',(1.85473652204604E-16,1.,-8.15088596591367E-31));
#5754=DIRECTION('',(-2.19731640290397E-15,1.22263289488705E-30,1.));
#5755=DIRECTION('',(1.,0.,2.19962936753859E-15));
#5756=DIRECTION('',(-2.19731640290397E-15,1.22263289488705E-30,1.));
#5757=DIRECTION('',(0.999999999999999,0.,1.73472347597681E-15));
#5758=DIRECTION('',(-5.56420956613813E-16,-1.,-1.75162308040602E-46));
#5759=DIRECTION('',(-8.72102126887436E-16,1.,5.55111512312578E-16));
#5760=DIRECTION('',(1.,8.72102126887434E-16,2.19731640290397E-15));
#5761=DIRECTION('',(8.72102126887436E-16,-1.,-5.55111512312578E-16));
#5762=DIRECTION('',(-0.0343605863533813,0.999409500708019,-7.55010800076843E-17));
#5763=DIRECTION('',(-2.19731640290397E-15,1.22263289488705E-30,1.));
#5764=DIRECTION('',(1.,0.,2.77555756156289E-15));
#5765=DIRECTION('',(-2.19731640290397E-15,1.22263289488705E-30,1.));
#5766=DIRECTION('',(1.,0.,2.19962936753859E-15));
#5767=DIRECTION('',(-0.706540173484432,-0.707547619330862,0.013317268181544));
#5768=DIRECTION('',(-0.645553491023668,0.636696125950257,-0.421756723037216));
#5769=DIRECTION('',(-0.205667446132039,-0.707547619330746,0.676074898203534));
#5770=DIRECTION('',(0.394772602364082,-0.692123962458271,-0.604250786523072));
#5771=DIRECTION('',(0.536511269995584,0.707547619330867,-0.459926106615995));
#5772=DIRECTION('',(0.394772602364149,-0.692123962458145,-0.604250786523174));
#5773=DIRECTION('',(0.579430701395607,-0.707547619330688,0.404519997848897));
#5774=DIRECTION('',(-0.592476974758754,-0.706498227714563,-0.387080467883483));
#5775=DIRECTION('',(-0.271624620609105,0.707547619330804,-0.652377522496194));
#5776=DIRECTION('',(-0.645553491023626,-0.636696125950315,-0.421756723037191));
#5777=DIRECTION('',(-0.704384517713347,0.707547619330812,0.0567346242169379));
#5778=DIRECTION('',(-0.657048862350668,-0.619690795667599,-0.429266945208401));
#5779=DIRECTION('',(8.72102126887436E-16,-1.,-5.55111512312578E-16));
#5780=DIRECTION('',(-8.72102126887436E-16,1.,5.55111512312578E-16));
#5781=DIRECTION('',(0.837169104331222,4.15977637229106E-16,0.546944138603989));
#5782=DIRECTION('',(-8.72102126887436E-16,1.,5.55111512312578E-16));
#5783=DIRECTION('',(8.72102126887436E-16,-1.,-5.55111512312578E-16));
#5784=DIRECTION('',(-0.837169104331222,-4.15977637229106E-16,-0.546944138603989));
#5785=DIRECTION('',(8.72102126887436E-16,-1.,-5.55111512312578E-16));
#5786=DIRECTION('',(-8.72102126887436E-16,1.,5.55111512312578E-16));
#5787=DIRECTION('',(0.837169104331222,4.15977637229106E-16,0.546944138603989));
#5788=DIRECTION('',(-8.72102126887436E-16,1.,5.55111512312578E-16));
#5789=DIRECTION('',(8.72102126887436E-16,-1.,-5.55111512312578E-16));
#5790=DIRECTION('',(-0.837169104331222,-4.15977637229106E-16,-0.546944138603989));
#5791=DIRECTION('',(-8.72102126887436E-16,1.,5.55111512312578E-16));
#5792=DIRECTION('',(0.837169104331222,4.15977637229106E-16,0.546944138603989));
#5793=DIRECTION('',(-8.72102126887436E-16,1.,5.55111512312578E-16));
#5794=DIRECTION('',(8.72102126887436E-16,-1.,-5.55111512312578E-16));
#5795=DIRECTION('',(-0.837169104331222,-4.15977637229106E-16,-0.546944138603989));
#5796=DIRECTION('',(8.72102126887436E-16,-1.,-5.55111512312578E-16));
#5797=DIRECTION('',(-8.72102126887436E-16,1.,5.55111512312578E-16));
#5798=DIRECTION('',(0.837169104331222,4.15977637229106E-16,0.546944138603989));
#5799=DIRECTION('',(8.72102126887436E-16,-1.,-5.55111512312578E-16));
#5800=DIRECTION('',(-0.837169104331222,-4.15977637229106E-16,-0.546944138603989));
#5801=DIRECTION('',(5.56420956613813E-16,1.,0.));
#5802=DIRECTION('',(1.,-5.56420956613813E-16,2.34291072916505E-15));
#5803=DIRECTION('',(2.34534613952064E-15,0.,-1.));
#5804=DIRECTION('',(-1.85473652204604E-16,-1.,0.));
#5805=DIRECTION('',(2.19731640290397E-15,-1.22263289488705E-30,-1.));
#5806=DIRECTION('',(-1.,0.,-2.19269047363468E-15));
#5807=DIRECTION('',(-1.,0.,-2.19731640290397E-15));
#5808=DIRECTION('',(0.,0.,1.));
#5809=DIRECTION('',(-1.,1.85473652204604E-16,-2.34291072916505E-15));
#5810=DIRECTION('',(-2.34534613952064E-15,0.,1.));
#5811=DIRECTION('',(-8.72102126887435E-16,1.,5.55111512312578E-16));
#5812=DIRECTION('',(7.70924985064993E-16,-5.78193738798744E-16,1.));
#5813=DIRECTION('',(8.72102126887435E-16,-1.,-5.55111512312578E-16));
#5814=DIRECTION('',(6.0338207860063E-16,-6.0338207860063E-16,1.));
#5815=DIRECTION('',(8.72102126887435E-16,-1.,-5.55111512312578E-16));
#5816=DIRECTION('',(-1.,-8.83011919063337E-16,0.));
#5817=DIRECTION('',(-8.72102126887435E-16,1.,5.55111512312578E-16));
#5818=DIRECTION('',(-8.00355765674728E-16,1.80080047276814E-15,-1.));
#5819=DIRECTION('',(8.72102126887436E-16,-1.,-5.55111512312578E-16));
#5820=DIRECTION('',(0.837169104331222,3.92449741805928E-16,0.546944138603989));
#5821=DIRECTION('',(8.72102126887436E-16,-1.,-5.55111512312578E-16));
#5822=DIRECTION('',(-0.837169104331222,-3.92449741805928E-16,-0.546944138603989));
#5823=DIRECTION('',(0.99677195253031,9.1385404485504E-16,-0.0802849590453432));
#5824=DIRECTION('',(0.0802849590453431,-4.83302902459348E-16,0.996771952530311));
#5825=DIRECTION('',(0.99677195253031,9.15933995315754E-16,-0.0802849590453432));
#5826=DIRECTION('',(0.384375006308728,-1.7725194448983E-16,0.923177043976487));
#5827=DIRECTION('',(-0.923177043976487,-1.01847565459275E-15,0.384375006308728));
#5828=DIRECTION('',(0.384375006308728,-1.80411241501588E-16,0.923177043976487));
#5829=DIRECTION('',(-0.81995026446769,-3.97315239730119E-16,-0.57243476816085));
#5830=DIRECTION('',(0.572434768160849,9.54385410147151E-16,-0.81995026446769));
#5831=DIRECTION('',(-0.81995026446769,-3.95516952522712E-16,-0.57243476816085));
#5832=DIRECTION('',(-0.75921513420556,-1.02340177112176E-15,0.65083974985647));
#5833=DIRECTION('',(-0.65083974985647,-1.46149668793269E-16,-0.759215134205561));
#5834=DIRECTION('',(-0.75921513420556,-1.02001740387436E-15,0.650839749856471));
#5835=DIRECTION('',(0.291039250150532,7.84897302176707E-16,-0.956711113592717));
#5836=DIRECTION('',(0.956711113592717,6.72790558687675E-16,0.291039250150532));
#5837=DIRECTION('',(0.291039250150532,7.84095011141517E-16,-0.956711113592717));
#5838=DIRECTION('',(0.999822413121002,8.82408450153422E-16,-0.0188452174542127));
#5839=DIRECTION('',(0.0188452174542126,-5.38577977568136E-16,0.999822413121002));
#5840=DIRECTION('',(0.999822413121002,8.81239525796218E-16,-0.0188452174542127));
#5841=DIRECTION('',(-8.72102126887436E-16,1.,5.55111512312578E-16));
#5842=DIRECTION('',(0.837169104331222,4.26741975090295E-16,0.546944138603989));
#5843=DIRECTION('',(0.,-1.,0.));
#5844=DIRECTION('',(0.,0.,-1.));
#5845=DIRECTION('',(0.,-1.,0.));
#5846=DIRECTION('',(0.,0.,-1.));
#5847=DIRECTION('',(-1.,0.,-2.19731640290397E-15));
#5848=DIRECTION('',(0.,0.,1.));
#5849=DIRECTION('',(1.73472347597681E-15,0.,-1.));
#5850=DIRECTION('',(-0.999999999999999,0.,-1.73472347597681E-15));
#5851=DIRECTION('',(3.46944695195361E-15,0.,-1.));
#5852=DIRECTION('',(-1.,0.,-1.73472347597681E-15));
#5853=DIRECTION('',(0.,1.,0.));
#5854=DIRECTION('',(8.72102126887436E-16,-1.,-5.55111512312578E-16));
#5855=DIRECTION('',(1.,8.8472737334797E-16,0.));
#5856=DIRECTION('',(0.,-1.,0.));
#5857=DIRECTION('',(0.,-1.,0.));
#5858=DIRECTION('',(-8.72102126887436E-16,1.,5.55111512312578E-16));
#5859=DIRECTION('',(-1.,-8.8472737334797E-16,0.));
#5860=DIRECTION('',(0.,-1.,0.));
#5861=DIRECTION('',(0.,1.,0.));
#5862=DIRECTION('',(8.72102126887436E-16,-1.,-5.55111512312578E-16));
#5863=DIRECTION('',(1.,8.8472737334797E-16,0.));
#5864=DIRECTION('',(0.,-1.,0.));
#5865=DIRECTION('',(0.,1.,0.));
#5866=DIRECTION('',(0.,0.,-1.));
#5867=DIRECTION('',(0.,1.,0.));
#5868=DIRECTION('',(0.,0.,1.));
#5869=DIRECTION('',(0.,1.,0.));
#5870=DIRECTION('',(8.72102126887436E-16,-1.,-5.55111512312578E-16));
#5871=DIRECTION('',(1.,8.8472737334797E-16,0.));
#5872=DIRECTION('',(0.,1.,0.));
#5873=DIRECTION('',(0.,-1.,0.));
#5874=DIRECTION('',(-8.72102126887436E-16,1.,5.55111512312578E-16));
#5875=DIRECTION('',(-1.,-8.8472737334797E-16,0.));
#5876=DIRECTION('',(0.,1.,0.));
#5877=DIRECTION('',(0.,-1.,0.));
#5878=DIRECTION('',(-8.72102126887436E-16,1.,5.55111512312578E-16));
#5879=DIRECTION('',(1.,8.8472737334797E-16,0.));
#5880=DIRECTION('',(0.,-1.,0.));
#5881=DIRECTION('',(0.,1.,0.));
#5882=DIRECTION('',(0.,0.,-1.));
#5883=DIRECTION('',(0.,1.,0.));
#5884=DIRECTION('',(0.,0.,1.));
#5885=DIRECTION('',(0.,1.,0.));
#5886=DIRECTION('',(-8.72102126887436E-16,1.,5.55111512312578E-16));
#5887=DIRECTION('',(1.,8.8472737334797E-16,0.));
#5888=DIRECTION('',(0.,1.,0.));
#5889=DIRECTION('',(0.,1.,0.));
#5890=DIRECTION('',(0.,1.,0.));
#5891=DIRECTION('',(0.,0.,-1.));
#5892=DIRECTION('',(0.,1.,0.));
#5893=DIRECTION('',(0.,0.,1.));
#5894=DIRECTION('',(-4.62592926927151E-16,-1.,-1.08381393173349E-30));
#5895=DIRECTION('',(-1.,0.,0.));
#5896=DIRECTION('',(-2.19731640290397E-15,1.22263289488705E-30,1.));
#5897=DIRECTION('',(1.,0.,0.));
#5898=DIRECTION('',(3.88578058618805E-16,1.,-3.48939338860618E-30));
#5899=DIRECTION('',(0.999999999999999,-6.60081443609854E-16,0.));
#5900=DIRECTION('',(-2.19731640290397E-15,1.22263289488705E-30,1.));
#5901=DIRECTION('',(1.,0.,0.));
#5902=DIRECTION('',(-8.72102126887435E-16,1.,5.55111512312578E-16));
#5903=DIRECTION('',(0.,5.55111512312576E-16,-1.));
#5904=DIRECTION('',(-2.19731640290397E-15,1.22263289488705E-30,1.));
#5905=DIRECTION('',(1.,0.,1.73472347597681E-15));
#5906=DIRECTION('',(1.,-4.62592926927151E-16,2.19731640290397E-15));
#5907=DIRECTION('',(0.830757564942229,0.556634411702383,1.82543722428412E-15));
#5908=DIRECTION('',(2.19731640290397E-15,-1.22263289488705E-30,-1.));
#5909=DIRECTION('',(1.,0.,2.10603496429248E-15));
#5910=DIRECTION('',(0.662388508891318,0.749160505692029,1.45547713568199E-15));
#5911=DIRECTION('',(0.559444842810477,0.828867581615279,1.22927732962749E-15));
#5912=DIRECTION('',(2.19731640290397E-15,-1.22263289488705E-30,-1.));
#5913=DIRECTION('',(1.,0.,2.10603496429248E-15));
#5914=DIRECTION('',(0.519304457118161,0.85458930534919,1.14107620172688E-15));
#5915=DIRECTION('',(0.366642634480694,0.930361853571532,8.05629874748352E-16));
#5916=DIRECTION('',(-2.19731640290397E-15,1.22263289488705E-30,1.));
#5917=DIRECTION('',(1.,0.,2.10603496429248E-15));
#5918=DIRECTION('',(2.19731640290397E-15,-1.22263289488705E-30,-1.));
#5919=DIRECTION('',(1.,0.,2.15959768697626E-15));
#5920=DIRECTION('',(8.72102126887436E-16,-1.,-5.55111512312578E-16));
#5921=DIRECTION('',(-2.19731640290397E-15,1.22263289488705E-30,1.));
#5922=DIRECTION('',(-1.,-1.08343919330869E-15,-2.19731640290397E-15));
#5923=DIRECTION('',(0.,-1.,0.));
#5924=DIRECTION('',(1.,0.,2.19731640290397E-15));
#5925=DIRECTION('',(-2.19731640290397E-15,1.22263289488705E-30,1.));
#5926=DIRECTION('',(1.,7.21722491373378E-16,2.19731640290397E-15));
#5927=DIRECTION('',(-8.72102126887436E-16,1.,5.55111512312578E-16));
#5928=DIRECTION('',(2.19731640290397E-15,-1.22263289488705E-30,-1.));
#5929=DIRECTION('',(1.,0.,2.15959768697626E-15));
#5930=DIRECTION('',(-2.19731640290397E-15,1.22263289488705E-30,1.));
#5931=DIRECTION('',(1.,0.,2.10603496429248E-15));
#5932=DIRECTION('',(0.366642634480696,-0.930361853571531,8.0562987474836E-16));
#5933=DIRECTION('',(0.519304457118163,-0.854589305349189,1.14107620172688E-15));
#5934=DIRECTION('',(2.19731640290397E-15,-1.22263289488705E-30,-1.));
#5935=DIRECTION('',(1.,0.,2.10603496429248E-15));
#5936=DIRECTION('',(0.559444842810479,-0.828867581615277,1.2292773296275E-15));
#5937=DIRECTION('',(0.66238850889132,-0.749160505692027,1.455477135682E-15));
#5938=DIRECTION('',(2.19731640290397E-15,-1.22263289488705E-30,-1.));
#5939=DIRECTION('',(1.,0.,2.10603496429248E-15));
#5940=DIRECTION('',(0.83075756494223,-0.556634411702381,1.82543722428412E-15));
#5941=DIRECTION('',(-2.19731640290397E-15,1.22263289488705E-30,1.));
#5942=DIRECTION('',(1.,0.,2.19962936753859E-15));
#5943=DIRECTION('',(-8.72102126887436E-16,1.,5.55111512312578E-16));
#5944=DIRECTION('',(1.,8.48215211115039E-16,0.));
#5945=DIRECTION('',(-8.72102126887435E-16,1.,5.55111512312578E-16));
#5946=DIRECTION('',(9.25185853854297E-16,-5.78241158658936E-16,1.));
#5947=DIRECTION('',(-1.26068018550624E-15,1.,5.55111512312582E-16));
#5948=DIRECTION('',(-1.,-1.32439632979771E-15,5.29758531919084E-16));
#5949=DIRECTION('',(1.26068018550624E-15,-1.,-5.55111512312582E-16));
#5950=DIRECTION('',(-1.,-1.20036886544735E-15,5.33497273532157E-16));
#5951=DIRECTION('',(-1.26068018550624E-15,1.,5.55111512312582E-16));
#5952=DIRECTION('',(1.,1.39737541930099E-15,-7.15728873300508E-16));
#5953=DIRECTION('',(-8.72102126887435E-16,1.,5.55111512312578E-16));
#5954=DIRECTION('',(1.11848457912732E-15,-5.59242289563659E-16,1.));
#5955=DIRECTION('',(-1.26068018550624E-15,1.,5.55111512312582E-16));
#5956=DIRECTION('',(1.,1.19622233057902E-15,-7.2667711670688E-16));
#5957=DIRECTION('',(-1.26068018550624E-15,1.,5.55111512312582E-16));
#5958=DIRECTION('',(0.999999999999999,1.24155333644632E-15,-6.20776668223161E-16));
#5959=DIRECTION('',(1.26068018550624E-15,-1.,-5.55111512312582E-16));
#5960=DIRECTION('',(-1.,-1.2803456150185E-15,6.40172807509251E-16));
#5961=DIRECTION('',(-1.26068018550624E-15,1.,5.55111512312582E-16));
#5962=DIRECTION('',(1.,1.26187683309599E-15,-7.16746041198521E-16));
#5963=DIRECTION('',(-8.72102126887435E-16,1.,5.55111512312578E-16));
#5964=DIRECTION('',(1.39109973606758E-15,-6.95549868033791E-16,1.));
#5965=DIRECTION('',(-1.26068018550624E-15,1.,5.55111512312582E-16));
#5966=DIRECTION('',(1.,1.24626863619486E-15,-7.21013892168723E-16));
#5967=DIRECTION('',(-8.72102126887435E-16,1.,5.55111512312578E-16));
#5968=DIRECTION('',(0.,-5.33682228326856E-16,1.));
#5969=DIRECTION('',(-1.26068018550624E-15,1.,5.55111512312582E-16));
#5970=DIRECTION('',(1.,1.27763694272181E-15,-7.22142619799286E-16));
#5971=DIRECTION('',(8.72102126887436E-16,-1.,-5.55111512312578E-16));
#5972=DIRECTION('',(-8.72102126887436E-16,1.,5.55111512312578E-16));
#5973=DIRECTION('',(8.72102126887436E-16,-1.,-5.55111512312578E-16));
#5974=DIRECTION('',(-0.837169104331222,-3.70097421867709E-16,-0.546944138603989));
#5975=DIRECTION('',(-8.72102126887436E-16,1.,5.55111512312578E-16));
#5976=DIRECTION('',(-8.72102126887436E-16,1.,5.55111512312578E-16));
#5977=DIRECTION('',(8.72102126887436E-16,-1.,-5.55111512312578E-16));
#5978=DIRECTION('',(-0.837169104331222,-3.70097421867709E-16,-0.546944138603989));
#5979=DIRECTION('',(-8.72102126887436E-16,1.,5.55111512312578E-16));
#5980=DIRECTION('',(8.72102126887436E-16,-1.,-5.55111512312578E-16));
#5981=DIRECTION('',(-0.837169104331222,-4.93463229156945E-16,-0.546944138603989));
#5982=DIRECTION('',(-4.62592926927151E-16,-1.,-1.08381393173349E-30));
#5983=DIRECTION('',(1.,-4.61436444609831E-16,0.));
#5984=DIRECTION('',(0.,-1.,0.));
#5985=DIRECTION('',(0.,1.,0.));
#5986=DIRECTION('',(0.,0.,-1.));
#5987=DIRECTION('',(0.,-1.,0.));
#5988=DIRECTION('',(8.72102126887436E-16,-1.,-5.55111512312578E-16));
#5989=DIRECTION('',(1.,8.8472737334797E-16,0.));
#5990=DIRECTION('',(0.,1.,0.));
#5991=DIRECTION('',(0.,0.,1.));
#5992=DIRECTION('',(8.72102126887436E-16,-1.,-5.55111512312578E-16));
#5993=DIRECTION('',(-0.837169104331222,0.,-0.546944138603989));
#5994=DIRECTION('',(8.72102126887436E-16,-1.,-5.55111512312578E-16));
#5995=DIRECTION('',(-8.72102126887436E-16,1.,5.55111512312578E-16));
#5996=DIRECTION('',(8.72102126887436E-16,-1.,-5.55111512312578E-16));
#5997=DIRECTION('',(-0.837169104331222,-4.72506372763083E-16,-0.546944138603989));
#5998=DIRECTION('',(8.72102126887436E-16,-1.,-5.55111512312578E-16));
#5999=DIRECTION('',(-0.837169104331222,0.,-0.546944138603989));
#6000=DIRECTION('',(8.72102126887436E-16,-1.,-5.55111512312578E-16));
#6001=DIRECTION('',(-8.72102126887436E-16,1.,5.55111512312578E-16));
#6002=DIRECTION('',(8.72102126887436E-16,-1.,-5.55111512312578E-16));
#6003=DIRECTION('',(-0.837169104331222,-4.72506372763083E-16,-0.546944138603989));
#6004=DIRECTION('',(8.72102126887436E-16,-1.,-5.55111512312578E-16));
#6005=DIRECTION('',(-0.837169104331222,0.,-0.546944138603989));
#6006=DIRECTION('',(8.72102126887436E-16,-1.,-5.55111512312578E-16));
#6007=DIRECTION('',(-8.72102126887436E-16,1.,5.55111512312578E-16));
#6008=DIRECTION('',(8.72102126887436E-16,-1.,-5.55111512312578E-16));
#6009=DIRECTION('',(-0.837169104331222,-4.72506372763083E-16,-0.546944138603989));
#6010=DIRECTION('',(0.,-1.,0.));
#6011=DIRECTION('',(0.,0.,-1.));
#6012=DIRECTION('',(0.,-1.,0.));
#6013=DIRECTION('',(0.,0.,-1.));
#6014=DIRECTION('',(0.,-1.,0.));
#6015=DIRECTION('',(0.,0.,-1.));
#6016=DIRECTION('',(0.,-1.,0.));
#6017=DIRECTION('',(0.,0.,-1.));
#6018=DIRECTION('',(0.934562756305185,1.01254191878764E-15,-0.355798334070375));
#6019=DIRECTION('',(0.934562756305185,1.01254191878764E-15,-0.355798334070375));
#6020=DIRECTION('',(0.355798334070375,2.98370454519171E-16,0.934562756305186));
#6021=DIRECTION('',(-1.0547118733939E-15,1.,8.32667268468867E-17));
#6022=DIRECTION('',(8.72102126887436E-16,-1.,-5.55111512312578E-16));
#6023=DIRECTION('',(1.,0.,0.));
#6024=DIRECTION('',(0.934562756305185,1.01254191878764E-15,-0.355798334070375));
#6025=DIRECTION('',(8.72102126887436E-16,-1.,-5.55111512312578E-16));
#6026=DIRECTION('',(0.355798334070375,-2.08166817117217E-16,0.934562756305186));
#6027=DIRECTION('',(0.934562756305185,1.01254191878764E-15,-0.355798334070375));
#6028=DIRECTION('',(-0.355798334070375,-9.61700955081879E-16,-0.934562756305186));
#6029=DIRECTION('',(1.29063426612674E-15,-1.,5.41233724504764E-16));
#6030=DIRECTION('',(-0.934562756305185,-1.01254191878764E-15,0.355798334070375));
#6031=DIRECTION('',(-1.5419764230905E-15,1.,7.70988211545249E-16));
#6032=DIRECTION('',(-0.163708952486939,0.707547619330865,0.687441448601155));
#6033=DIRECTION('',(0.398532790560421,0.684882470139485,-0.610006243364574));
#6034=DIRECTION('',(-0.972795877451903,-7.19778034011393E-16,-0.231663939387603));
#6035=DIRECTION('',(-0.231663939387603,-7.42044804966818E-16,0.972795877451903));
#6036=DIRECTION('',(0.862569847003342,4.71396990284907E-16,0.505937999206062));
#6037=DIRECTION('',(-0.505937999206061,-9.20052057426034E-16,0.862569847003341));
#6038=DIRECTION('',(0.231663939387602,7.42044804966817E-16,-0.972795877451903));
#6039=DIRECTION('',(0.972795877451903,7.19778034011392E-16,0.231663939387603));
#6040=DIRECTION('',(0.231663939387603,7.42461647718073E-16,-0.972795877451903));
#6041=DIRECTION('',(-0.809820519302266,-3.80574650650065E-16,-0.58667770242017));
#6042=DIRECTION('',(-0.586677702420169,-9.61183565249702E-16,0.809820519302266));
#6043=DIRECTION('',(0.602926970527145,8.29479368497251E-17,0.797796382676031));
#6044=DIRECTION('',(-0.797796382676031,-1.03045162457823E-15,0.602926970527144));
#6045=DIRECTION('',(0.563775313720108,-0.707547619330219,-0.426067790404219));
#6046=DIRECTION('',(0.398532790560083,0.684882470140146,-0.610006243364054));
#6047=DIRECTION('',(-0.797796382676031,-1.03045162457823E-15,0.602926970527144));
#6048=DIRECTION('',(-0.602926970527144,-8.29479368497247E-17,-0.797796382676031));
#6049=DIRECTION('',(-0.797796382676031,-1.03389519168218E-15,0.602926970527144));
#6050=DIRECTION('',(-8.72102126887436E-16,1.,5.55111512312578E-16));
#6051=DIRECTION('',(0.837169104331222,4.26741975090295E-16,0.546944138603989));
#6052=DIRECTION('',(-0.934562756305185,-1.01254191878764E-15,0.355798334070375));
#6053=DIRECTION('',(-1.5419764230905E-15,1.,7.70988211545249E-16));
#6054=DIRECTION('',(-0.0495885500963941,5.11182295857325E-16,-0.998769731068847));
#6055=DIRECTION('',(-0.0495885500963941,5.11182295857325E-16,-0.998769731068847));
#6056=DIRECTION('',(0.998769731068847,1.4054208974103E-15,-0.0495885500963942));
#6057=DIRECTION('',(-1.37390099297363E-15,1.,5.79397640976254E-16));
#6058=DIRECTION('',(8.72102126887436E-16,-1.,-5.55111512312578E-16));
#6059=DIRECTION('',(1.,0.,0.));
#6060=DIRECTION('',(-0.0495885500963941,5.11182295857325E-16,-0.998769731068847));
#6061=DIRECTION('',(8.72102126887436E-16,-1.,-5.55111512312578E-16));
#6062=DIRECTION('',(0.998769731068847,9.0205620750794E-16,-0.0495885500963942));
#6063=DIRECTION('',(-0.0495885500963941,5.11182295857325E-16,-0.998769731068847));
#6064=DIRECTION('',(-0.998769731068847,-2.06875139797301E-15,0.0495885500963942));
#6065=DIRECTION('',(2.04003480774873E-15,-1.,-6.1409211049579E-16));
#6066=DIRECTION('',(0.603206820813707,0.707547619330884,0.368127556294037));
#6067=DIRECTION('',(-0.592476974758919,0.706498227714366,-0.387080467883588));
#6068=DIRECTION('',(-0.520935957335712,-9.28150191833968E-16,0.853595764021077));
#6069=DIRECTION('',(0.853595764021077,4.55245134210259E-16,0.520935957335712));
#6070=DIRECTION('',(0.747724372545689,1.02069118564103E-15,-0.66400923389751));
#6071=DIRECTION('',(0.664009233897509,1.64013457918104E-16,0.747724372545688));
#6072=DIRECTION('',(-0.853595764021076,-4.55245134210259E-16,-0.520935957335712));
#6073=DIRECTION('',(0.520935957335712,9.28150191833968E-16,-0.853595764021077));
#6074=DIRECTION('',(-0.853595764021077,-4.57966997657877E-16,-0.520935957335712));
#6075=DIRECTION('',(-0.808211954709717,-1.03174392776572E-15,0.588891701643264));
#6076=DIRECTION('',(0.588891701643264,6.49259450614366E-17,0.808211954709716));
#6077=DIRECTION('',(0.945064128680632,1.00565005441696E-15,-0.326884983872184));
#6078=DIRECTION('',(0.326884983872184,-2.39538888021778E-16,0.945064128680632));
#6079=DIRECTION('',(-0.230998395498636,-0.707547619330806,-0.667844373829985));
#6080=DIRECTION('',(-0.657048862350668,0.619690795667599,-0.429266945208401));
#6081=DIRECTION('',(0.326884983872184,-2.39538888021778E-16,0.945064128680632));
#6082=DIRECTION('',(-0.945064128680632,-1.00565005441696E-15,0.326884983872184));
#6083=DIRECTION('',(0.326884983872184,-2.42861286636753E-16,0.945064128680632));
#6084=DIRECTION('',(-8.72102126887436E-16,1.,5.55111512312578E-16));
#6085=DIRECTION('',(0.837169104331222,4.26741975090295E-16,0.546944138603989));
#6086=DIRECTION('',(0.0495885500963941,-5.11182295857325E-16,0.998769731068847));
#6087=DIRECTION('',(-1.5419764230905E-15,1.,3.85494105772624E-16));
#6088=DIRECTION('',(0.0495885500963941,-5.11182295857325E-16,0.998769731068847));
#6089=DIRECTION('',(-1.5419764230905E-15,1.,3.85494105772624E-16));
#6090=DIRECTION('',(-0.965210165717584,-6.96613885500606E-16,-0.261475306664766));
#6091=DIRECTION('',(-0.965210165717584,-6.96613885500606E-16,-0.261475306664766));
#6092=DIRECTION('',(0.261475306664766,1.27069696149882E-15,-0.965210165717585));
#6093=DIRECTION('',(-1.00613961606655E-15,1.,1.04777297948999E-15));
#6094=DIRECTION('',(8.72102126887436E-16,-1.,-5.55111512312578E-16));
#6095=DIRECTION('',(1.,0.,0.));
#6096=DIRECTION('',(-0.965210165717584,-6.96613885500606E-16,-0.261475306664766));
#6097=DIRECTION('',(8.72102126887436E-16,-1.,-5.55111512312578E-16));
#6098=DIRECTION('',(0.261475306664766,7.63278329429795E-16,-0.965210165717585));
#6099=DIRECTION('',(-0.965210165717584,-6.96613885500606E-16,-0.261475306664766));
#6100=DIRECTION('',(-0.261475306664766,-1.93402746206153E-15,0.965210165717585));
#6101=DIRECTION('',(1.17961196366423E-15,-1.,-1.68615121864946E-15));
#6102=DIRECTION('',(0.965210165717584,6.96613885500606E-16,0.261475306664766));
#6103=DIRECTION('',(-7.70988211545249E-16,1.,7.70988211545249E-16));
#6104=DIRECTION('',(0.965210165717584,6.96613885500606E-16,0.261475306664766));
#6105=DIRECTION('',(-7.70988211545249E-16,1.,7.70988211545249E-16));
#6106=DIRECTION('',(0.,-1.,0.));
#6107=DIRECTION('',(0.,0.,-1.));
#6108=DIRECTION('',(0.,-1.,0.));
#6109=DIRECTION('',(0.,0.,-1.));
#6110=DIRECTION('',(0.,-1.,0.));
#6111=DIRECTION('',(0.,0.,-1.));
#6112=DIRECTION('',(0.,0.,1.));
#6113=DIRECTION('',(1.,0.,0.));
#6114=DIRECTION('',(0.,1.,0.));
#6115=DIRECTION('',(-8.72102126887436E-16,1.,5.55111512312578E-16));
#6116=DIRECTION('',(1.,8.8472737334797E-16,0.));
#6117=DIRECTION('',(0.,1.,0.));
#6118=DIRECTION('',(0.,1.,0.));
#6119=DIRECTION('',(-8.72102126887436E-16,1.,5.55111512312578E-16));
#6120=DIRECTION('',(-1.,-8.8472737334797E-16,0.));
#6121=DIRECTION('',(0.,-1.,0.));
#6122=DIRECTION('',(0.,1.,0.));
#6123=DIRECTION('',(0.,1.,0.));
#6124=DIRECTION('',(0.,0.,-1.));
#6125=DIRECTION('',(0.,1.,0.));
#6126=DIRECTION('',(0.,0.,1.));
#6127=DIRECTION('',(0.,-1.,0.));
#6128=DIRECTION('',(0.,1.,0.));
#6129=DIRECTION('',(0.,0.,-1.));
#6130=DIRECTION('',(0.,1.,0.));
#6131=DIRECTION('',(-8.72102126887436E-16,1.,5.55111512312578E-16));
#6132=DIRECTION('',(1.,8.8472737334797E-16,0.));
#6133=DIRECTION('',(0.,1.,0.));
#6134=DIRECTION('',(0.,1.,0.));
#6135=DIRECTION('',(-8.72102126887436E-16,1.,5.55111512312578E-16));
#6136=DIRECTION('',(-1.,-8.8472737334797E-16,0.));
#6137=DIRECTION('',(0.,1.,0.));
#6138=DIRECTION('',(0.,1.,0.));
#6139=DIRECTION('',(-8.72102126887436E-16,1.,5.55111512312578E-16));
#6140=DIRECTION('',(1.,8.8472737334797E-16,0.));
#6141=DIRECTION('',(0.,1.,0.));
#6142=DIRECTION('',(0.,0.,1.));
#6143=DIRECTION('',(-2.19731640290397E-15,1.22263289488705E-30,1.));
#6144=DIRECTION('',(1.,0.,1.73472347597681E-15));
#6145=DIRECTION('',(2.19731640290397E-15,-1.22263289488705E-30,-1.));
#6146=DIRECTION('',(-1.,-1.08343919330869E-15,-2.19731640290397E-15));
#6147=DIRECTION('',(-8.72102126887436E-16,1.,5.55111512312578E-16));
#6148=DIRECTION('',(-2.19731640290397E-15,1.22263289488705E-30,1.));
#6149=DIRECTION('',(1.,0.,2.15959768697626E-15));
#6150=DIRECTION('',(2.19731640290397E-15,-1.22263289488705E-30,-1.));
#6151=DIRECTION('',(1.,0.,2.10603496429248E-15));
#6152=DIRECTION('',(-0.366642634480694,-0.930361853571532,-8.05629874748352E-16));
#6153=DIRECTION('',(-0.519304457118161,-0.85458930534919,-1.14107620172688E-15));
#6154=DIRECTION('',(-2.19731640290397E-15,1.22263289488705E-30,1.));
#6155=DIRECTION('',(1.,0.,2.10603496429248E-15));
#6156=DIRECTION('',(-0.559444842810477,-0.828867581615279,-1.22927732962749E-15));
#6157=DIRECTION('',(-0.662388508891318,-0.749160505692029,-1.45547713568199E-15));
#6158=DIRECTION('',(-2.19731640290397E-15,1.22263289488705E-30,1.));
#6159=DIRECTION('',(1.,0.,2.10603496429248E-15));
#6160=DIRECTION('',(-0.830757564942229,-0.556634411702383,-1.82543722428412E-15));
#6161=DIRECTION('',(2.19731640290397E-15,-1.22263289488705E-30,-1.));
#6162=DIRECTION('',(1.,0.,0.));
#6163=DIRECTION('',(-1.,4.62592926927151E-16,-2.19731640290397E-15));
#6164=DIRECTION('',(2.19731640290397E-15,-1.22263289488705E-30,-1.));
#6165=DIRECTION('',(1.,0.,0.));
#6166=DIRECTION('',(-0.83075756494223,0.556634411702381,-1.82543722428412E-15));
#6167=DIRECTION('',(-2.19731640290397E-15,1.22263289488705E-30,1.));
#6168=DIRECTION('',(1.,0.,2.10603496429248E-15));
#6169=DIRECTION('',(-0.66238850889132,0.749160505692027,-1.455477135682E-15));
#6170=DIRECTION('',(-0.559444842810479,0.828867581615277,-1.2292773296275E-15));
#6171=DIRECTION('',(-2.19731640290397E-15,1.22263289488705E-30,1.));
#6172=DIRECTION('',(1.,0.,2.10603496429248E-15));
#6173=DIRECTION('',(-0.519304457118163,0.854589305349189,-1.14107620172688E-15));
#6174=DIRECTION('',(-0.366642634480696,0.930361853571531,-8.0562987474836E-16));
#6175=DIRECTION('',(2.19731640290397E-15,-1.22263289488705E-30,-1.));
#6176=DIRECTION('',(1.,0.,2.10603496429248E-15));
#6177=DIRECTION('',(-2.19731640290397E-15,1.22263289488705E-30,1.));
#6178=DIRECTION('',(1.,0.,2.15959768697626E-15));
#6179=DIRECTION('',(8.72102126887436E-16,-1.,-5.55111512312578E-16));
#6180=DIRECTION('',(2.19731640290397E-15,-1.22263289488705E-30,-1.));
#6181=DIRECTION('',(1.,7.21722491373378E-16,2.19731640290397E-15));
#6182=DIRECTION('',(0.,-1.,0.));
#6183=DIRECTION('',(-1.,0.,-2.19731640290397E-15));
#6184=DIRECTION('',(-2.19731640290397E-15,1.22263289488705E-30,1.));
#6185=DIRECTION('',(1.,0.,2.19962936753859E-15));
#6186=DIRECTION('',(0.,-1.,0.));
#6187=DIRECTION('',(0.,0.,-1.));
#6188=DIRECTION('',(0.,1.,0.));
#6189=DIRECTION('',(0.,0.,-1.));
#6190=DIRECTION('',(0.,-1.,0.));
#6191=DIRECTION('',(0.,0.,-1.));
#6192=DIRECTION('',(0.,-1.,0.));
#6193=DIRECTION('',(0.,0.,-1.));
#6194=DIRECTION('',(-0.214626889426825,-7.29351823450554E-16,0.976696113606974));
#6195=DIRECTION('',(-0.976696113606973,-7.32636900826665E-16,-0.214626889426825));
#6196=DIRECTION('',(-0.934562756305185,-1.01254191878764E-15,0.355798334070375));
#6197=DIRECTION('',(-1.5419764230905E-15,1.,7.70988211545249E-16));
#6198=DIRECTION('',(0.310318061177677,-2.57078164395457E-16,0.950632789728467));
#6199=DIRECTION('',(0.950632789728467,1.00131000604938E-15,-0.310318061177677));
#6200=DIRECTION('',(0.965210165717584,6.96613885500606E-16,0.261475306664766));
#6201=DIRECTION('',(-7.70988211545249E-16,1.,7.70988211545249E-16));
#6202=DIRECTION('',(-8.72102126887436E-16,1.,5.55111512312578E-16));
#6203=DIRECTION('',(-1.,-8.8472737334797E-16,0.));
#6204=DIRECTION('',(0.999822413121002,8.82408450153422E-16,-0.0188452174542127));
#6205=DIRECTION('',(8.72102126887436E-16,-1.,-5.55111512312578E-16));
#6206=DIRECTION('',(-0.837169104331222,-3.70097421867709E-16,-0.546944138603989));
#6207=DIRECTION('',(-0.75921513420556,-1.02340177112176E-15,0.65083974985647));
#6208=DIRECTION('',(-8.72102126887436E-16,1.,5.55111512312578E-16));
#6209=DIRECTION('',(0.837169104331222,4.26741975090295E-16,0.546944138603989));
#6210=DIRECTION('',(0.291039250150532,7.84897302176707E-16,-0.956711113592717));
#6211=DIRECTION('',(8.72102126887436E-16,-1.,-5.55111512312578E-16));
#6212=DIRECTION('',(-0.837169104331222,-3.70097421867709E-16,-0.546944138603989));
#6213=DIRECTION('',(0.384375006308728,-1.7725194448983E-16,0.923177043976487));
#6214=DIRECTION('',(-8.72102126887436E-16,1.,5.55111512312578E-16));
#6215=DIRECTION('',(0.837169104331222,4.26741975090295E-16,0.546944138603989));
#6216=DIRECTION('',(-0.81995026446769,-3.97315239730119E-16,-0.57243476816085));
#6217=DIRECTION('',(8.72102126887436E-16,-1.,-5.55111512312578E-16));
#6218=DIRECTION('',(-0.837169104331222,-3.70097421867709E-16,-0.546944138603989));
#6219=DIRECTION('',(0.99677195253031,9.1385404485504E-16,-0.0802849590453432));
#6220=DIRECTION('',(-8.72102126887436E-16,1.,5.55111512312578E-16));
#6221=DIRECTION('',(0.837169104331222,4.26741975090295E-16,0.546944138603989));
#6222=DIRECTION('',(0.307715348993824,7.96535858407357E-16,-0.951478462180626));
#6223=DIRECTION('',(-0.951478462180626,-6.58970057813556E-16,-0.307715348993824));
#6224=DIRECTION('',(0.627180098112786,1.14603024987473E-16,0.778874267472765));
#6225=DIRECTION('',(-0.627180098112786,-1.14603024987473E-16,-0.778874267472765));
#6226=DIRECTION('',(-1.5419764230905E-15,1.,7.70988211545249E-16));
#6227=DIRECTION('',(0.627180098112786,1.14603024987473E-16,0.778874267472765));
#6228=DIRECTION('',(-0.995216559568785,-9.22161206934063E-16,0.0976933956829785));
#6229=DIRECTION('',(-0.0976933956829785,4.67257551302768E-16,-0.995216559568785));
#6230=DIRECTION('',(-0.627180098112786,-1.14603024987473E-16,-0.778874267472765));
#6231=DIRECTION('',(-1.5419764230905E-15,1.,7.70988211545249E-16));
#6232=DIRECTION('',(-0.546944138603989,-9.41713354131826E-16,0.837169104331222));
#6233=DIRECTION('',(-0.40045077055342,1.59424854458675E-16,-0.9163182745985));
#6234=DIRECTION('',(0.9163182745985,1.02141794903182E-15,-0.40045077055342));
#6235=DIRECTION('',(0.546944138603989,9.41713354131826E-16,-0.837169104331222));
#6236=DIRECTION('',(-1.5419764230905E-15,1.,7.70988211545249E-16));
#6237=DIRECTION('',(0.999999063840487,8.72860884403888E-16,-0.00136832677094145));
#6238=DIRECTION('',(-0.00136832677094145,5.5391767195244E-16,-0.999999063840486));
#6239=DIRECTION('',(-0.546944138603989,-9.41713354131826E-16,0.837169104331222));
#6240=DIRECTION('',(0.546944138603989,9.41713354131826E-16,-0.837169104331222));
#6241=DIRECTION('',(-1.5419764230905E-15,1.,7.70988211545249E-16));
#6242=DIRECTION('',(-0.546944138603989,-9.41713354131826E-16,0.837169104331222));
#6243=DIRECTION('',(0.,-1.,0.));
#6244=DIRECTION('',(8.72102126887436E-16,-1.,-5.55111512312578E-16));
#6245=DIRECTION('',(0.837169104331222,-7.43713047678933E-16,0.546944138603989));
#6246=DIRECTION('',(-1.11022302462516E-16,-1.,-1.19348975147204E-15));
#6247=DIRECTION('',(8.72102126887436E-16,-1.,-5.55111512312578E-16));
#6248=DIRECTION('',(1.,0.,0.));
#6249=DIRECTION('',(-8.72102126887436E-16,1.,5.55111512312578E-16));
#6250=DIRECTION('',(1.,8.8472737334797E-16,0.));
#6251=DIRECTION('',(8.72102126887436E-16,-1.,-5.55111512312578E-16));
#6252=DIRECTION('',(-0.837169104331222,0.,-0.546944138603989));
#6253=DIRECTION('',(-0.546944138603989,-9.41713354131826E-16,0.837169104331222));
#6254=DIRECTION('',(8.72102126887436E-16,-1.,-5.55111512312578E-16));
#6255=DIRECTION('',(-0.837169104331222,-4.30211422042248E-16,-0.546944138603989));
#6256=DIRECTION('',(-8.72102126887436E-16,1.,5.55111512312578E-16));
#6257=DIRECTION('',(-0.837169104331222,8.03825471162254E-17,-0.546944138603989));
#6258=DIRECTION('',(-4.44089209850063E-16,1.,8.32667268468867E-16));
#6259=DIRECTION('',(0.627180098112786,1.14603024987473E-16,0.778874267472765));
#6260=DIRECTION('',(8.72102126887436E-16,-1.,-5.55111512312578E-16));
#6261=DIRECTION('',(0.778874267472765,-1.4278221820305E-16,-0.627180098112786));
#6262=DIRECTION('',(-4.16333634234434E-17,-1.,1.80411241501588E-16));
#6263=DIRECTION('',(8.72102126887436E-16,-1.,-5.55111512312578E-16));
#6264=DIRECTION('',(1.,0.,0.));
#6265=DIRECTION('',(8.72102126887436E-16,-1.,-5.55111512312578E-16));
#6266=DIRECTION('',(-0.837169104331222,0.,-0.546944138603989));
#6267=DIRECTION('',(0.627180098112786,1.14603024987473E-16,0.778874267472765));
#6268=DIRECTION('',(8.72102126887436E-16,-1.,-5.55111512312578E-16));
#6269=DIRECTION('',(-0.778874267472765,-1.02695629777827E-15,0.627180098112786));
#6270=DIRECTION('',(-8.72102126887436E-16,1.,5.55111512312578E-16));
#6271=DIRECTION('',(-0.778874267472765,-5.20548282359658E-16,0.627180098112786));
#6272=DIRECTION('',(-4.71844785465692E-16,1.,2.35922392732846E-16));
#6273=DIRECTION('',(0.,-1.,0.));
#6274=DIRECTION('',(-8.72102126887436E-16,1.,5.55111512312578E-16));
#6275=DIRECTION('',(0.650839749856471,1.46149668793269E-16,0.759215134205561));
#6276=DIRECTION('',(0.75921513420556,1.02340177112176E-15,-0.650839749856471));
#6277=DIRECTION('',(-0.65083974985647,-1.46149668793269E-16,-0.759215134205561));
#6278=DIRECTION('',(-0.75921513420556,-1.02001740387436E-15,0.650839749856471));
#6279=DIRECTION('',(0.,1.,0.));
#6280=DIRECTION('',(-0.0188452174542126,5.38577977568136E-16,-0.999822413121003));
#6281=DIRECTION('',(0.999822413121002,8.82408450153422E-16,-0.0188452174542126));
#6282=DIRECTION('',(-8.72102126887436E-16,1.,5.55111512312578E-16));
#6283=DIRECTION('',(0.0188452174542126,-5.38577977568136E-16,0.999822413121002));
#6284=DIRECTION('',(0.999822413121002,8.81239525796218E-16,-0.0188452174542127));
#6285=DIRECTION('',(-8.72102126887436E-16,1.,5.55111512312578E-16));
#6286=DIRECTION('',(0.923177043976488,1.01847565459275E-15,-0.384375006308728));
#6287=DIRECTION('',(-0.384375006308728,1.7725194448983E-16,-0.923177043976487));
#6288=DIRECTION('',(-0.923177043976487,-1.01847565459275E-15,0.384375006308728));
#6289=DIRECTION('',(0.384375006308728,-1.80411241501588E-16,0.923177043976487));
#6290=DIRECTION('',(-0.956711113592717,-6.72790558687675E-16,-0.291039250150532));
#6291=DIRECTION('',(0.291039250150532,7.84897302176707E-16,-0.956711113592717));
#6292=DIRECTION('',(-8.72102126887436E-16,1.,5.55111512312578E-16));
#6293=DIRECTION('',(0.956711113592717,6.72790558687675E-16,0.291039250150532));
#6294=DIRECTION('',(0.291039250150532,7.84095011141517E-16,-0.956711113592717));
#6295=DIRECTION('',(-8.72102126887436E-16,1.,5.55111512312578E-16));
#6296=DIRECTION('',(-0.0802849590453432,4.83302902459347E-16,-0.99677195253031));
#6297=DIRECTION('',(-0.99677195253031,-9.1385404485504E-16,0.0802849590453432));
#6298=DIRECTION('',(0.0802849590453431,-4.83302902459348E-16,0.996771952530311));
#6299=DIRECTION('',(0.99677195253031,9.15933995315754E-16,-0.0802849590453432));
#6300=DIRECTION('',(-0.57243476816085,-9.54385410147151E-16,0.81995026446769));
#6301=DIRECTION('',(-0.81995026446769,-3.97315239730119E-16,-0.57243476816085));
#6302=DIRECTION('',(-8.72102126887436E-16,1.,5.55111512312578E-16));
#6303=DIRECTION('',(0.572434768160849,9.54385410147151E-16,-0.81995026446769));
#6304=DIRECTION('',(-0.81995026446769,-3.95516952522712E-16,-0.57243476816085));
#6305=DIRECTION('',(-0.706540173484432,-0.707547619330862,0.013317268181544));
#6306=DIRECTION('',(-0.645553491023668,0.636696125950257,-0.421756723037216));
#6307=DIRECTION('',(0.536511269995584,0.707547619330867,-0.459926106615995));
#6308=DIRECTION('',(0.394772602364149,-0.692123962458145,-0.604250786523174));
#6309=DIRECTION('',(0.579430701395607,-0.707547619330688,0.404519997848897));
#6310=DIRECTION('',(-0.592476974758754,-0.706498227714563,-0.387080467883483));
#6311=DIRECTION('',(-0.704384517713347,0.707547619330812,0.0567346242169379));
#6312=DIRECTION('',(-0.657048862350668,-0.619690795667599,-0.429266945208401));
#6313=DIRECTION('',(-0.205667446132039,-0.707547619330746,0.676074898203534));
#6314=DIRECTION('',(0.394772602364082,-0.692123962458271,-0.604250786523072));
#6315=DIRECTION('',(-0.271624620609105,0.707547619330804,-0.652377522496194));
#6316=DIRECTION('',(-0.645553491023626,-0.636696125950315,-0.421756723037191));
#6317=DIRECTION('',(8.72102126887436E-16,-1.,-5.55111512312578E-16));
#6318=DIRECTION('',(-0.837169104331222,-4.93463229156945E-16,-0.546944138603989));
#6319=DIRECTION('',(8.72102126887436E-16,-1.,-5.55111512312578E-16));
#6320=DIRECTION('',(-0.837169104331222,-4.72506372763083E-16,-0.546944138603989));
#6321=DIRECTION('',(8.72102126887436E-16,-1.,-5.55111512312578E-16));
#6322=DIRECTION('',(-0.837169104331222,-4.72506372763083E-16,-0.546944138603989));
#6323=DIRECTION('',(0.,-1.,0.));
#6324=DIRECTION('',(0.,1.,0.));
#6325=DIRECTION('',(0.,0.,1.));
#6326=DIRECTION('',(-4.62592926927151E-16,-1.,-1.08381393173349E-30));
#6327=DIRECTION('',(-1.,0.,0.));
#6328=DIRECTION('',(3.88578058618805E-16,1.,-3.48939338860618E-30));
#6329=DIRECTION('',(0.999999999999999,-6.60081443609854E-16,0.));
#6330=DIRECTION('',(-8.72102126887435E-16,1.,5.55111512312578E-16));
#6331=DIRECTION('',(0.,5.55111512312576E-16,-1.));
#6332=DIRECTION('',(-8.72102126887435E-16,1.,5.55111512312578E-16));
#6333=DIRECTION('',(9.25185853854297E-16,-5.78241158658936E-16,1.));
#6334=DIRECTION('',(-8.72102126887436E-16,1.,5.55111512312578E-16));
#6335=DIRECTION('',(1.,8.48215211115039E-16,0.));
#6336=DIRECTION('',(-1.26068018550624E-15,1.,5.55111512312582E-16));
#6337=DIRECTION('',(-1.,-1.32439632979771E-15,5.29758531919084E-16));
#6338=DIRECTION('',(1.26068018550624E-15,-1.,-5.55111512312582E-16));
#6339=DIRECTION('',(-1.,-1.20036886544735E-15,5.33497273532157E-16));
#6340=DIRECTION('',(-1.26068018550624E-15,1.,5.55111512312582E-16));
#6341=DIRECTION('',(1.,1.39737541930099E-15,-7.15728873300508E-16));
#6342=DIRECTION('',(-8.72102126887435E-16,1.,5.55111512312578E-16));
#6343=DIRECTION('',(1.11848457912732E-15,-5.59242289563659E-16,1.));
#6344=DIRECTION('',(-1.26068018550624E-15,1.,5.55111512312582E-16));
#6345=DIRECTION('',(1.,1.19622233057902E-15,-7.2667711670688E-16));
#6346=DIRECTION('',(-1.26068018550624E-15,1.,5.55111512312582E-16));
#6347=DIRECTION('',(0.999999999999999,1.24155333644632E-15,-6.20776668223161E-16));
#6348=DIRECTION('',(1.26068018550624E-15,-1.,-5.55111512312582E-16));
#6349=DIRECTION('',(-1.,-1.2803456150185E-15,6.40172807509251E-16));
#6350=DIRECTION('',(-1.26068018550624E-15,1.,5.55111512312582E-16));
#6351=DIRECTION('',(1.,1.26187683309599E-15,-7.16746041198521E-16));
#6352=DIRECTION('',(-8.72102126887435E-16,1.,5.55111512312578E-16));
#6353=DIRECTION('',(1.39109973606758E-15,-6.95549868033791E-16,1.));
#6354=DIRECTION('',(-1.26068018550624E-15,1.,5.55111512312582E-16));
#6355=DIRECTION('',(1.,1.24626863619486E-15,-7.21013892168723E-16));
#6356=DIRECTION('',(-8.72102126887435E-16,1.,5.55111512312578E-16));
#6357=DIRECTION('',(0.,-5.33682228326856E-16,1.));
#6358=DIRECTION('',(-1.26068018550624E-15,1.,5.55111512312582E-16));
#6359=DIRECTION('',(1.,1.27763694272181E-15,-7.22142619799286E-16));
#6360=DIRECTION('',(8.72102126887436E-16,-1.,-5.55111512312578E-16));
#6361=DIRECTION('',(-4.62592926927151E-16,-1.,-1.08381393173349E-30));
#6362=DIRECTION('',(1.,-4.61436444609831E-16,0.));
#6363=DIRECTION('',(0.,-1.,0.));
#6364=DIRECTION('',(0.,0.,-1.));
#6365=DIRECTION('',(0.,-1.,0.));
#6366=DIRECTION('',(0.,0.,-1.));
#6367=DIRECTION('',(0.,0.,1.));
#6368=DIRECTION('',(1.,0.,0.));
#6369=DIRECTION('',(-2.34291072916505E-15,0.,1.));
#6370=DIRECTION('',(1.,0.,2.19731640290397E-15));
#6371=DIRECTION('',(4.62592926927151E-16,1.,1.08381393173349E-30));
#6372=DIRECTION('',(1.,-4.52629809946406E-16,0.));
#6373=DIRECTION('',(-1.,4.62592926927151E-16,-2.19731640290397E-15));
#6374=DIRECTION('',(-2.34291072916505E-15,0.,1.));
#6375=DIRECTION('',(1.,-4.62592926927151E-16,2.19731640290397E-15));
#6376=DIRECTION('',(-4.62592926927151E-16,-1.,-1.08381393173349E-30));
#6377=DIRECTION('',(1.,-4.61436444609831E-16,0.));
#6378=DIRECTION('',(-1.,4.62592926927151E-16,-2.19731640290397E-15));
#6379=DIRECTION('',(4.62592926927151E-16,1.,1.08381393173349E-30));
#6380=DIRECTION('',(-1.,0.,0.));
#6381=DIRECTION('',(-4.62592926927151E-16,-1.,-1.08381393173349E-30));
#6382=DIRECTION('',(1.,-4.61436444609831E-16,0.));
#6383=DIRECTION('',(0.,-1.,0.));
#6384=DIRECTION('',(0.,0.,1.));
#6385=DIRECTION('',(0.,-1.,0.));
#6386=DIRECTION('',(0.,0.,1.));
#6387=DIRECTION('',(-2.19731640290397E-15,1.22263289488705E-30,1.));
#6388=DIRECTION('',(1.,0.,0.));
#6389=DIRECTION('',(-2.19731640290397E-15,1.22263289488705E-30,1.));
#6390=DIRECTION('',(1.,0.,0.));
#6391=DIRECTION('',(-8.72102126887435E-16,1.,5.55111512312578E-16));
#6392=DIRECTION('',(0.,5.55111512312576E-16,-1.));
#6393=DIRECTION('',(-2.19731640290397E-15,1.22263289488705E-30,1.));
#6394=DIRECTION('',(1.,0.,2.14657727756147E-15));
#6395=DIRECTION('',(-8.72102126887435E-16,1.,5.55111512312578E-16));
#6396=DIRECTION('',(8.16340459283204E-16,-5.61234065757202E-16,1.));
#6397=DIRECTION('',(-2.19731640290397E-15,1.22263289488705E-30,1.));
#6398=DIRECTION('',(1.,0.,2.14657727756147E-15));
#6399=DIRECTION('',(-2.19731640290397E-15,1.22263289488705E-30,1.));
#6400=DIRECTION('',(1.,0.,2.15959768697623E-15));
#6401=DIRECTION('',(-2.19731640290397E-15,1.22263289488705E-30,1.));
#6402=DIRECTION('',(1.,0.,2.15959768697623E-15));
#6403=DIRECTION('',(-8.72102126887435E-16,1.,5.55111512312578E-16));
#6404=DIRECTION('',(7.11681426041768E-16,-5.33761069531326E-16,1.));
#6405=DIRECTION('',(4.62592926927151E-16,1.,1.08381393173349E-30));
#6406=DIRECTION('',(-1.,0.,0.));
#6407=DIRECTION('',(1.,-4.62592926927151E-16,2.19731640290397E-15));
#6408=DIRECTION('',(-2.34291072916505E-15,0.,1.));
#6409=DIRECTION('',(-1.,4.62592926927151E-16,-2.19731640290397E-15));
#6410=DIRECTION('',(-2.34291072916505E-15,0.,1.));
#6411=DIRECTION('',(4.62592926927151E-16,1.,1.08381393173349E-30));
#6412=DIRECTION('',(-1.,4.61436444609831E-16,0.));
#6413=DIRECTION('',(-0.0343605863533519,0.99940950070802,-7.55010800076196E-17));
#6414=DIRECTION('',(-0.0343605863533501,-0.99940950070802,-7.55010800076133E-17));
#6415=DIRECTION('',(-8.72102126887435E-16,1.,5.55111512312578E-16));
#6416=DIRECTION('',(6.96852499967444E-16,-5.22639374975583E-16,1.));
#6417=DIRECTION('',(-8.72102126887435E-16,1.,5.55111512312578E-16));
#6418=DIRECTION('',(-7.72692596218533E-16,-1.09464784464292E-15,-1.));
#6419=DIRECTION('',(4.62592926927151E-16,1.,1.08381393173349E-30));
#6420=DIRECTION('',(1.,-4.52629809946406E-16,0.));
#6421=DIRECTION('',(2.19731640290397E-15,-1.22263289488705E-30,-1.));
#6422=DIRECTION('',(1.,0.,2.77555756156289E-15));
#6423=DIRECTION('',(2.19731640290397E-15,-1.22263289488705E-30,-1.));
#6424=DIRECTION('',(1.,0.,2.77555756156289E-15));
#6425=DIRECTION('',(8.72102126887435E-16,-1.,-5.55111512312578E-16));
#6426=DIRECTION('',(6.0338207860063E-16,-6.0338207860063E-16,1.));
#6427=DIRECTION('',(-2.19731640290397E-15,1.22263289488705E-30,1.));
#6428=DIRECTION('',(0.999999999999999,0.,1.73472347597681E-15));
#6429=DIRECTION('',(-2.19731640290397E-15,1.22263289488705E-30,1.));
#6430=DIRECTION('',(1.,0.,1.73472347597681E-15));
#6431=DIRECTION('',(-1.,4.62592926927151E-16,-2.19731640290397E-15));
#6432=DIRECTION('',(5.56420956613813E-16,1.,1.75162308040602E-46));
#6433=DIRECTION('',(-1.85473652204604E-16,-1.,8.15088596591367E-31));
#6434=DIRECTION('',(-2.19731640290397E-15,1.22263289488705E-30,1.));
#6435=DIRECTION('',(1.,0.,2.19962936753859E-15));
#6436=DIRECTION('',(-1.85473652204604E-16,-1.,0.));
#6437=DIRECTION('',(5.56420956613813E-16,1.,0.));
#6438=DIRECTION('',(2.19731640290397E-15,-1.22263289488705E-30,-1.));
#6439=DIRECTION('',(-1.,0.,-2.19789464406261E-15));
#6440=DIRECTION('',(-1.,1.85473652204604E-16,-2.34291072916505E-15));
#6441=DIRECTION('',(-2.34534613952064E-15,0.,1.));
#6442=DIRECTION('',(-2.34291072916505E-15,0.,1.));
#6443=DIRECTION('',(1.,0.,2.19731640290397E-15));
#6444=DIRECTION('',(0.,0.,-1.));
#6445=DIRECTION('',(1.,-5.56420956613813E-16,2.34291072916505E-15));
#6446=DIRECTION('',(2.34534613952064E-15,0.,-1.));
#6447=DIRECTION('',(-1.,0.,-2.19731640290397E-15));
#6448=DIRECTION('',(-4.62592926927151E-16,-1.,-1.08381393173349E-30));
#6449=DIRECTION('',(1.,-4.61436444609831E-16,0.));
#6450=DIRECTION('',(1.,0.,2.19731640290397E-15));
#6451=DIRECTION('',(0.,0.,-1.));
#6452=DIRECTION('',(4.62592926927151E-16,1.,1.08381393173349E-30));
#6453=DIRECTION('',(-1.,0.,0.));
#6454=DIRECTION('',(0.,0.,1.));
#6455=DIRECTION('',(1.,0.,0.));
#6456=DIRECTION('',(0.,0.,1.));
#6457=DIRECTION('',(0.999999999999999,0.,0.));
#6458=DIRECTION('',(-2.34291072916505E-15,0.,1.));
#6459=DIRECTION('',(-1.,0.,-2.19731640290397E-15));
#6460=DIRECTION('',(4.62592926927151E-16,1.,1.08381393173349E-30));
#6461=DIRECTION('',(1.,-4.52629809946406E-16,0.));
#6462=DIRECTION('',(1.,-4.62592926927151E-16,2.19731640290397E-15));
#6463=DIRECTION('',(-2.34291072916505E-15,0.,1.));
#6464=DIRECTION('',(-1.,4.62592926927151E-16,-2.19731640290397E-15));
#6465=DIRECTION('',(-4.62592926927151E-16,-1.,-1.08381393173349E-30));
#6466=DIRECTION('',(1.,-4.61436444609831E-16,0.));
#6467=DIRECTION('',(-2.34291072916505E-15,0.,1.));
#6468=DIRECTION('',(-1.,4.62592926927151E-16,-2.19731640290397E-15));
#6469=DIRECTION('',(-2.34291072916505E-15,0.,1.));
#6470=DIRECTION('',(-1.,4.62592926927151E-16,-2.19731640290397E-15));
#6471=DIRECTION('',(4.62592926927151E-16,1.,1.08381393173349E-30));
#6472=DIRECTION('',(-1.,4.61436444609831E-16,0.));
#6473=DIRECTION('',(1.,-4.62592926927151E-16,2.19731640290397E-15));
#6474=DIRECTION('',(4.62592926927151E-16,1.,1.08381393173349E-30));
#6475=DIRECTION('',(-1.,0.,0.));
#6476=DIRECTION('',(-4.62592926927151E-16,-1.,-1.08381393173349E-30));
#6477=DIRECTION('',(1.,-4.61436444609831E-16,0.));
#6478=DIRECTION('',(2.19731640290397E-15,-1.22263289488705E-30,-1.));
#6479=DIRECTION('',(1.,0.,0.));
#6480=DIRECTION('',(2.19731640290397E-15,-1.22263289488705E-30,-1.));
#6481=DIRECTION('',(1.,0.,0.));
#6482=DIRECTION('',(0.,-1.,0.));
#6483=DIRECTION('',(0.,0.,1.));
#6484=DIRECTION('',(-8.72102126887435E-16,1.,5.55111512312578E-16));
#6485=DIRECTION('',(0.,5.55111512312576E-16,-1.));
#6486=DIRECTION('',(-8.72102126887435E-16,1.,5.55111512312578E-16));
#6487=DIRECTION('',(8.16340459283204E-16,-5.61234065757202E-16,1.));
#6488=DIRECTION('',(2.19731640290397E-15,-1.22263289488705E-30,-1.));
#6489=DIRECTION('',(1.,0.,2.14657727756147E-15));
#6490=DIRECTION('',(2.19731640290397E-15,-1.22263289488705E-30,-1.));
#6491=DIRECTION('',(1.,0.,2.14657727756147E-15));
#6492=DIRECTION('',(-8.72102126887435E-16,1.,5.55111512312578E-16));
#6493=DIRECTION('',(7.11681426041768E-16,-5.33761069531326E-16,1.));
#6494=DIRECTION('',(2.19731640290397E-15,-1.22263289488705E-30,-1.));
#6495=DIRECTION('',(1.,0.,2.15959768697623E-15));
#6496=DIRECTION('',(2.19731640290397E-15,-1.22263289488705E-30,-1.));
#6497=DIRECTION('',(1.,0.,2.15959768697623E-15));
#6498=DIRECTION('',(0.0343605863533501,0.99940950070802,7.55010800076133E-17));
#6499=DIRECTION('',(0.0343605863533519,-0.99940950070802,7.55010800076196E-17));
#6500=DIRECTION('',(-8.72102126887435E-16,1.,5.55111512312578E-16));
#6501=DIRECTION('',(6.96852499967444E-16,-5.22639374975583E-16,1.));
#6502=DIRECTION('',(-8.72102126887435E-16,1.,5.55111512312578E-16));
#6503=DIRECTION('',(-7.72692596218533E-16,-1.09464784464292E-15,-1.));
#6504=DIRECTION('',(-2.19731640290397E-15,1.22263289488705E-30,1.));
#6505=DIRECTION('',(0.999999999999999,0.,1.73472347597681E-15));
#6506=DIRECTION('',(-2.19731640290397E-15,1.22263289488705E-30,1.));
#6507=DIRECTION('',(1.,0.,1.73472347597681E-15));
#6508=DIRECTION('',(-5.56420956613813E-16,-1.,-1.75162308040602E-46));
#6509=DIRECTION('',(-2.19731640290397E-15,1.22263289488705E-30,1.));
#6510=DIRECTION('',(1.,0.,2.77555756156289E-15));
#6511=DIRECTION('',(-2.19731640290397E-15,1.22263289488705E-30,1.));
#6512=DIRECTION('',(1.,0.,2.77555756156289E-15));
#6513=DIRECTION('',(1.,-4.62592926927151E-16,2.19731640290397E-15));
#6514=DIRECTION('',(1.85473652204604E-16,1.,-8.15088596591367E-31));
#6515=DIRECTION('',(-2.19731640290397E-15,1.22263289488705E-30,1.));
#6516=DIRECTION('',(1.,0.,2.19962936753859E-15));
#6517=DIRECTION('',(5.56420956613813E-16,1.,0.));
#6518=DIRECTION('',(1.,-5.56420956613813E-16,2.34291072916505E-15));
#6519=DIRECTION('',(2.34534613952064E-15,0.,-1.));
#6520=DIRECTION('',(-1.85473652204604E-16,-1.,0.));
#6521=DIRECTION('',(2.19731640290397E-15,-1.22263289488705E-30,-1.));
#6522=DIRECTION('',(-1.,0.,-2.19269047363468E-15));
#6523=DIRECTION('',(-2.34291072916505E-15,0.,1.));
#6524=DIRECTION('',(-1.,0.,-2.19731640290397E-15));
#6525=DIRECTION('',(0.,0.,1.));
#6526=DIRECTION('',(-1.,1.85473652204604E-16,-2.34291072916505E-15));
#6527=DIRECTION('',(-2.34534613952064E-15,0.,1.));
#6528=DIRECTION('',(4.62592926927151E-16,1.,1.08381393173349E-30));
#6529=DIRECTION('',(1.,-4.52629809946406E-16,0.));
#6530=DIRECTION('',(8.72102126887435E-16,-1.,-5.55111512312578E-16));
#6531=DIRECTION('',(6.0338207860063E-16,-6.0338207860063E-16,1.));
#6532=DIRECTION('',(1.,0.,2.19731640290397E-15));
#6533=DIRECTION('',(-4.62592926927151E-16,-1.,-1.08381393173349E-30));
#6534=DIRECTION('',(1.,-4.61436444609831E-16,0.));
#6535=DIRECTION('',(-1.,0.,-2.19731640290397E-15));
#6536=DIRECTION('',(0.,0.,1.));
#6537=DIRECTION('',(0.,0.,1.));
#6538=DIRECTION('',(1.,0.,0.));
#6539=DIRECTION('',(0.,0.,1.));
#6540=DIRECTION('',(0.999999999999999,0.,0.));
#6541=CARTESIAN_POINT('',(0.,0.,0.));
#6542=CARTESIAN_POINT('',(45.0952888096014,24.7191559045493,41.6603456834183));
#6543=CARTESIAN_POINT('',(45.0952888096014,24.7191559045493,41.6603456834183));
#6544=CARTESIAN_POINT('',(52.127359564755,24.7191559045493,41.6603456834183));
#6545=CARTESIAN_POINT('',(45.0952888096015,24.7191559045493,12.7811842193043));
#6546=CARTESIAN_POINT('',(45.0952888096015,24.7191559045493,12.7811842193043));
#6547=CARTESIAN_POINT('',(-1.22815692647281E-14,24.7191559045493,12.7811842193042));
#6548=CARTESIAN_POINT('',(105.095288809601,24.7191559045493,12.7811842193044));
#6549=CARTESIAN_POINT('',(105.095288809601,24.7191559045493,12.7811842193044));
#6550=CARTESIAN_POINT('',(105.095288809601,24.7191559045493,42.7811842193044));
#6551=CARTESIAN_POINT('',(75.0952888096013,24.7191559045493,42.7811842193044));
#6552=CARTESIAN_POINT('',(98.0905503393119,24.7191559045493,42.7811842193044));
#6553=CARTESIAN_POINT('',(75.0952888096012,24.7191559045493,42.7811842193044));
#6554=CARTESIAN_POINT('',(75.0952888096013,24.7191559045493,27.7811842193043));
#6555=CARTESIAN_POINT('',(75.0952888096013,112.366155819181,42.7811842193044));
#6556=CARTESIAN_POINT('',(89.6651206774223,112.366155819181,36.970076549868));
#6557=CARTESIAN_POINT('',(89.3691733849656,112.366155819181,36.2769400563341));
#6558=CARTESIAN_POINT('',(89.6651206774223,114.366155819181,36.970076549868));
#6559=CARTESIAN_POINT('',(89.6651206774223,119.366155819181,36.970076549868));
#6560=CARTESIAN_POINT('',(75.0952888096013,119.366155819181,42.7811842193044));
#6561=CARTESIAN_POINT('',(74.547368043378,119.366155819181,27.104808495423));
#6562=CARTESIAN_POINT('',(74.547368043378,114.366155819181,27.104808495423));
#6563=CARTESIAN_POINT('',(74.547368043378,112.366155819181,27.104808495423));
#6564=CARTESIAN_POINT('',(75.0952888096013,112.366155819181,42.7811842193044));
#6565=CARTESIAN_POINT('',(75.3177973865057,112.366155819181,27.0968141989446));
#6566=CARTESIAN_POINT('',(75.3177973865057,-119.366155819181,27.0968141989446));
#6567=CARTESIAN_POINT('',(75.3177973865054,32.3661558191812,27.0968141989446));
#6568=CARTESIAN_POINT('',(82.5425138245566,27.297777336578,28.9758297298687));
#6569=CARTESIAN_POINT('',(81.1919466132252,30.0489452281617,28.2472734346789));
#6570=CARTESIAN_POINT('',(78.4697876413334,32.0144340601548,27.1415303631965));
#6571=CARTESIAN_POINT('',(75.3177973865054,32.3661558191812,27.0968141989446));
#6572=CARTESIAN_POINT('',(82.5425138245566,27.297777336578,28.9758297298687));
#6573=CARTESIAN_POINT('',(82.5425138245566,27.297777336578,28.9758297298688));
#6574=CARTESIAN_POINT('',(82.9342757145919,26.4997402422606,29.1871635967108));
#6575=CARTESIAN_POINT('',(83.1057636514299,25.6090008980778,29.2947910719067));
#6576=CARTESIAN_POINT('',(83.1393911851521,24.7004738681821,29.314878490784));
#6577=CARTESIAN_POINT('',(83.1393911851539,24.700473868194,29.3148784907722));
#6578=CARTESIAN_POINT('',(83.1467996380928,24.302278186796,29.3193066986358));
#6579=CARTESIAN_POINT('',(83.1467996380932,24.4350412568192,29.319306698636));
#6580=CARTESIAN_POINT('',(83.144300616443,24.5678340181632,29.3178111412592));
#6581=CARTESIAN_POINT('',(83.1393911851531,24.7004738681615,29.3148784907833));
#6582=CARTESIAN_POINT('',(83.1467996380928,24.302278186796,29.3193066986358));
#6583=CARTESIAN_POINT('',(83.1467996380895,-119.366155819181,29.3193066986502));
#6584=CARTESIAN_POINT('',(83.1467996380895,15.4015039444437,29.3193066986502));
#6585=CARTESIAN_POINT('',(75.0952888096013,15.4015039444436,42.7811842193044));
#6586=CARTESIAN_POINT('',(84.1889393770005,15.4015039444437,30.0001634321999));
#6587=CARTESIAN_POINT('',(84.1889393770005,-119.366155819181,30.0001634321999));
#6588=CARTESIAN_POINT('',(84.1889393770005,24.3022781868105,30.0001634321999));
#6589=CARTESIAN_POINT('',(84.1889393770005,24.3022781868105,30.0001634321999));
#6590=CARTESIAN_POINT('',(84.188939377,24.4350412568291,30.0001634321996));
#6591=CARTESIAN_POINT('',(84.1913128303241,24.5678340181685,30.0018511882223));
#6592=CARTESIAN_POINT('',(84.1959706013533,24.7004738681622,30.0051690374415));
#6593=CARTESIAN_POINT('',(84.1959706013533,24.7004738681622,30.0051690374415));
#6594=CARTESIAN_POINT('',(84.7462292588794,27.2977773365783,30.4155737836306));
#6595=CARTESIAN_POINT('',(84.3964003649093,26.5021886993983,30.1425441713276));
#6596=CARTESIAN_POINT('',(84.2278591854429,25.6085685301336,30.027884090002));
#6597=CARTESIAN_POINT('',(84.1959706013659,24.70047386817,30.0051690374333));
#6598=CARTESIAN_POINT('',(84.7462292588794,27.2977773365783,30.4155737836306));
#6599=CARTESIAN_POINT('',(89.3691733849656,32.3661558191812,36.2769400563341));
#6600=CARTESIAN_POINT('',(88.0617879692356,32.0143619634835,33.4078182872149));
#6601=CARTESIAN_POINT('',(85.9447219239306,30.0234159630429,31.3509567474944));
#6602=CARTESIAN_POINT('',(84.7462292588794,27.2977773365783,30.4155737836306));
#6603=CARTESIAN_POINT('',(89.3691733849656,32.3661558191812,36.2769400563341));
#6604=CARTESIAN_POINT('',(89.3691733849656,-119.366155819181,36.2769400563341));
#6605=CARTESIAN_POINT('',(75.0952888096013,-119.366155819181,42.7811842193044));
#6606=CARTESIAN_POINT('',(75.0952888096013,112.366155819181,42.7811842193044));
#6607=CARTESIAN_POINT('',(74.0480308457514,112.366155819181,27.1302346072358));
#6608=CARTESIAN_POINT('',(73.3202579243676,112.366155819181,27.1959912991374));
#6609=CARTESIAN_POINT('',(74.0480308457514,114.366155819181,27.1302346072358));
#6610=CARTESIAN_POINT('',(74.0480308457514,119.366155819181,27.1302346072358));
#6611=CARTESIAN_POINT('',(75.0952888096013,119.366155819181,42.7811842193044));
#6612=CARTESIAN_POINT('',(60.0154919341856,119.366155819181,38.4627702513573));
#6613=CARTESIAN_POINT('',(60.0154919341856,114.366155819181,38.4627702513573));
#6614=CARTESIAN_POINT('',(60.0154919341856,112.366155819181,38.4627702513573));
#6615=CARTESIAN_POINT('',(75.0952888096013,112.366155819181,42.7811842193044));
#6616=CARTESIAN_POINT('',(60.2473254294113,112.366155819181,37.7228291049521));
#6617=CARTESIAN_POINT('',(60.2473254294114,-119.366155819181,37.7228291049517));
#6618=CARTESIAN_POINT('',(60.2473254294113,32.3661558191812,37.722829104952));
#6619=CARTESIAN_POINT('',(60.2473254294113,32.3661558191812,37.722829104952));
#6620=CARTESIAN_POINT('',(61.2638715836529,32.0144340601548,34.7389262884761));
#6621=CARTESIAN_POINT('',(63.1566891208392,30.0489452281617,32.4916926603676));
#6622=CARTESIAN_POINT('',(64.2669355532144,27.2977773365781,31.4323631899088));
#6623=CARTESIAN_POINT('',(64.2669355532144,27.2977773365781,31.4323631899088));
#6624=CARTESIAN_POINT('',(64.2669355532144,27.2977773365781,31.4323631899088));
#6625=CARTESIAN_POINT('',(64.5878412701332,26.5025795508721,31.1261745157028));
#6626=CARTESIAN_POINT('',(64.7444030019043,25.6070475205314,30.9951898309281));
#6627=CARTESIAN_POINT('',(64.7738353346158,24.7004738681713,30.9694709157348));
#6628=CARTESIAN_POINT('',(64.7738353346038,24.7004738681847,30.9694709157287));
#6629=CARTESIAN_POINT('',(64.7738353346038,24.7004738681847,30.9694709157287));
#6630=CARTESIAN_POINT('',(64.7781415486507,24.5678340181833,30.9657080079442));
#6631=CARTESIAN_POINT('',(64.7803361484128,24.4350412568364,30.9637934497733));
#6632=CARTESIAN_POINT('',(64.7803361484127,24.3022781868101,30.9637934497734));
#6633=CARTESIAN_POINT('',(64.7803361484127,24.3022781868101,30.9637934497734));
#6634=CARTESIAN_POINT('',(64.7803361484127,-119.366155819181,30.9637934497734));
#6635=CARTESIAN_POINT('',(64.7803361484126,15.4015039444436,30.9637934497735));
#6636=CARTESIAN_POINT('',(75.0952888096013,15.4015039444436,42.7811842193044));
#6637=CARTESIAN_POINT('',(65.7499082713556,15.4015039444436,30.1830559615934));
#6638=CARTESIAN_POINT('',(65.7499082713556,-119.366155819181,30.1830559615934));
#6639=CARTESIAN_POINT('',(65.7499082713507,24.3022781867968,30.1830559615798));
#6640=CARTESIAN_POINT('',(65.7499082713507,24.3022781867968,30.1830559615798));
#6641=CARTESIAN_POINT('',(65.7499082713506,24.4350412568178,30.1830559615799));
#6642=CARTESIAN_POINT('',(65.7522468601335,24.5678340181597,30.1813202186495));
#6643=CARTESIAN_POINT('',(65.7568416526581,24.7004738681558,30.1779156869538));
#6644=CARTESIAN_POINT('',(65.7568416526581,24.7004738681558,30.1779156869538));
#6645=CARTESIAN_POINT('',(66.3171990373139,27.2977773365783,29.7814106461986));
#6646=CARTESIAN_POINT('',(66.099471924178,26.8267727008809,29.9284307565274));
#6647=CARTESIAN_POINT('',(65.948602682283,26.3072186074852,30.0375984155202));
#6648=CARTESIAN_POINT('',(65.8605233731834,25.7790215535801,30.1017488873703));
#6649=CARTESIAN_POINT('',(65.8013925610065,25.4244238494639,30.1448154093584));
#6650=CARTESIAN_POINT('',(65.7693723308617,25.0622023398062,30.1686310259196));
#6651=CARTESIAN_POINT('',(65.7568416526581,24.7004738681558,30.1779156869538));
#6652=CARTESIAN_POINT('',(66.3171990373139,27.2977773365783,29.7814106461986));
#6653=CARTESIAN_POINT('',(73.3202579243677,32.3661558191812,27.1959912991374));
#6654=CARTESIAN_POINT('',(70.187556658144,32.0143619634835,27.5527813324877));
#6655=CARTESIAN_POINT('',(67.5771557014626,30.0234159630429,28.9306256194524));
#6656=CARTESIAN_POINT('',(66.3171990373139,27.2977773365783,29.7814106461986));
#6657=CARTESIAN_POINT('',(73.3202579243679,32.3661558191812,27.1959912991374));
#6658=CARTESIAN_POINT('',(73.3202579243679,-119.366155819181,27.1959912991374));
#6659=CARTESIAN_POINT('',(75.0952888096013,-119.366155819181,42.7811842193044));
#6660=CARTESIAN_POINT('',(75.0952888096013,112.366155819181,42.7811842193044));
#6661=CARTESIAN_POINT('',(59.7243748160818,112.366155819181,39.653249436387));
#6662=CARTESIAN_POINT('',(59.885521965909,112.366155819181,38.9455662035375));
#6663=CARTESIAN_POINT('',(59.885521965909,114.366155819181,38.9455662035375));
#6664=CARTESIAN_POINT('',(59.885521965909,119.366155819181,38.9455662035375));
#6665=CARTESIAN_POINT('',(75.0952888096013,119.366155819181,42.7811842193044));
#6666=CARTESIAN_POINT('',(59.4093405436418,119.366155819181,42.7811842193043));
#6667=CARTESIAN_POINT('',(59.4093405436418,-119.366155819181,42.7811842193043));
#6668=CARTESIAN_POINT('',(59.4093405436418,31.4329883956728,42.7811842193043));
#6669=CARTESIAN_POINT('',(59.4093405436418,31.4329883956727,42.7811842193043));
#6670=CARTESIAN_POINT('',(59.4093405436418,31.9213591955812,41.7929071043847));
#6671=CARTESIAN_POINT('',(59.5044985063371,32.2431283189319,40.7337386667751));
#6672=CARTESIAN_POINT('',(59.7243748160818,32.3661558191812,39.6532494363872));
#6673=CARTESIAN_POINT('',(59.7243748160818,32.3661558191812,39.6532494363872));
#6674=CARTESIAN_POINT('',(59.7243748160818,-119.366155819181,39.653249436387));
#6675=CARTESIAN_POINT('',(75.0952888096013,-119.366155819181,42.7811842193044));
#6676=CARTESIAN_POINT('',(45.0952888096014,24.7191559045493,42.1603456834183));
#6677=CARTESIAN_POINT('',(52.1084096753614,24.7191559045493,42.1603456834183));
#6678=CARTESIAN_POINT('',(45.0952888096014,24.7191559045493,42.1603456834183));
#6679=CARTESIAN_POINT('',(75.0952888096012,24.7191559045493,42.7811842193044));
#6680=CARTESIAN_POINT('',(52.1000272798906,24.7191559045493,42.7811842193043));
#6681=CARTESIAN_POINT('',(75.0952888096013,24.7191559045493,42.7811842193044));
#6682=CARTESIAN_POINT('',(45.0952888096014,24.7191559045493,42.7811842193043));
#6683=CARTESIAN_POINT('',(45.0952888096015,24.7191559045493,12.7811842193043));
#6684=CARTESIAN_POINT('',(75.0952888096013,24.7191559045493,27.7811842193043));
#6685=CARTESIAN_POINT('',(75.2014646389351,32.3661558191812,24.7537405099687));
#6686=CARTESIAN_POINT('',(75.2683631233755,32.3661558191812,26.1011519826488));
#6687=CARTESIAN_POINT('',(83.0462158726512,25.8426842527232,28.11707193891));
#6688=CARTESIAN_POINT('',(82.5480556500299,27.5763234324883,27.8469679244262));
#6689=CARTESIAN_POINT('',(81.5377316329969,29.1029348340461,27.3279221397179));
#6690=CARTESIAN_POINT('',(78.8067295445981,31.4048564716385,26.455327852678));
#6691=CARTESIAN_POINT('',(77.0956030133601,32.1622206382981,26.1201116756262));
#6692=CARTESIAN_POINT('',(75.2683631233755,32.3661558191812,26.1011519826488));
#6693=CARTESIAN_POINT('',(83.0462158726512,25.8426842527232,28.11707193891));
#6694=CARTESIAN_POINT('',(75.0445410406818,23.4218839091821,41.7590665042782));
#6695=CARTESIAN_POINT('',(74.2026949078661,23.4218839091821,24.8033290600651));
#6696=CARTESIAN_POINT('',(75.2014646389349,112.366155819181,24.7537405099688));
#6697=CARTESIAN_POINT('',(75.2683631233753,112.366155819181,26.1011519826489));
#6698=CARTESIAN_POINT('',(75.2683631233755,10.4015039444437,26.1011519826488));
#6699=CARTESIAN_POINT('',(75.201464638935,74.6151983983394,24.7537405099688));
#6700=CARTESIAN_POINT('',(74.2975981320765,112.366155819181,27.115531900127));
#6701=CARTESIAN_POINT('',(73.2039251767972,112.366155819181,24.8529176101616));
#6702=CARTESIAN_POINT('',(73.2708236612376,112.366155819181,26.2003290828417));
#6703=CARTESIAN_POINT('',(75.0952888096011,112.366155819181,42.7811842193044));
#6704=CARTESIAN_POINT('',(73.2039251767972,112.366155819181,24.8529176101616));
#6705=CARTESIAN_POINT('',(73.2039251767973,32.3661558191812,24.8529176101615));
#6706=CARTESIAN_POINT('',(73.2708236612377,32.3661558191812,26.2003290828416));
#6707=CARTESIAN_POINT('',(73.2708236612378,10.4015039444437,26.2003290828416));
#6708=CARTESIAN_POINT('',(73.2039251767973,32.3661558191812,24.8529176101615));
#6709=CARTESIAN_POINT('',(75.0445410406818,23.4218839091821,41.7590665042787));
#6710=CARTESIAN_POINT('',(65.7309098938038,25.8426842527234,28.9767705173275));
#6711=CARTESIAN_POINT('',(65.7309098938038,25.8426842527234,28.9767705173275));
#6712=CARTESIAN_POINT('',(66.1998649639399,27.5763234324885,28.6586495839764));
#6713=CARTESIAN_POINT('',(67.1538060336738,29.1029348340463,28.042078759584));
#6714=CARTESIAN_POINT('',(69.7849420191983,31.4048564716386,26.9032562877773));
#6715=CARTESIAN_POINT('',(71.4544482798508,32.1622206382982,26.4001929350019));
#6716=CARTESIAN_POINT('',(73.2708236612377,32.3661558191812,26.2003290828416));
#6717=CARTESIAN_POINT('',(74.2026949078661,23.4218839091821,24.8033290600651));
#6718=CARTESIAN_POINT('',(57.9829811333495,32.3661558191812,37.1094185336209));
#6719=CARTESIAN_POINT('',(59.2851183631627,32.3661558191812,37.4621673375375));
#6720=CARTESIAN_POINT('',(63.6058608531664,25.8426842527231,30.6879433233389));
#6721=CARTESIAN_POINT('',(63.1939746713309,27.5808050738564,31.0792641159338));
#6722=CARTESIAN_POINT('',(62.3827287923136,29.1120250958901,31.8875631942761));
#6723=CARTESIAN_POINT('',(60.7205948675061,31.3974698016159,34.1993233895559));
#6724=CARTESIAN_POINT('',(59.8629291585594,32.1639248080156,35.7446907128008));
#6725=CARTESIAN_POINT('',(59.2851183631627,32.3661558191812,37.4621673375376));
#6726=CARTESIAN_POINT('',(63.6058608531664,25.8426842527231,30.6879433233389));
#6727=CARTESIAN_POINT('',(74.1075151732822,23.4218839091821,42.5135964714279));
#6728=CARTESIAN_POINT('',(57.7215058266847,23.4218839091821,38.0746286993386));
#6729=CARTESIAN_POINT('',(57.9829811333494,112.366155819181,37.1094185336211));
#6730=CARTESIAN_POINT('',(59.2851183631626,112.366155819181,37.4621673375377));
#6731=CARTESIAN_POINT('',(59.2851183631628,10.4015039444436,37.4621673375375));
#6732=CARTESIAN_POINT('',(57.9829811333495,74.6151983983394,37.109418533621));
#6733=CARTESIAN_POINT('',(59.9485832088333,112.366155819181,38.7036503511408));
#6734=CARTESIAN_POINT('',(57.4600305200199,112.366155819181,39.0398388650562));
#6735=CARTESIAN_POINT('',(58.7621677498331,112.366155819181,39.3925876689728));
#6736=CARTESIAN_POINT('',(75.0952888096011,112.366155819181,42.7811842193044));
#6737=CARTESIAN_POINT('',(57.4600305200199,112.366155819181,39.0398388650562));
#6738=CARTESIAN_POINT('',(57.46003052002,32.3661558191812,39.0398388650562));
#6739=CARTESIAN_POINT('',(58.7621677498332,32.3661558191812,39.3925876689728));
#6740=CARTESIAN_POINT('',(58.7621677498332,10.4015039444436,39.3925876689727));
#6741=CARTESIAN_POINT('',(57.46003052002,32.3661558191812,39.0398388650561));
#6742=CARTESIAN_POINT('',(75.0952888096012,23.4218839091821,42.7811842193044));
#6743=CARTESIAN_POINT('',(58.4143586756441,31.2943674908283,42.7811842193044));
#6744=CARTESIAN_POINT('',(58.4143586756441,31.2943674908283,42.7811842193044));
#6745=CARTESIAN_POINT('',(58.4143586756441,31.5763476804047,42.2538845122594));
#6746=CARTESIAN_POINT('',(58.4400627747158,31.813923049493,41.6934904936195));
#6747=CARTESIAN_POINT('',(58.5534637126043,32.1742968705971,40.5568518757954));
#6748=CARTESIAN_POINT('',(58.6404335123061,32.2992773465743,39.9793497721374));
#6749=CARTESIAN_POINT('',(58.7621677498332,32.3661558191812,39.3925876689728));
#6750=CARTESIAN_POINT('',(57.7215058266847,23.4218839091821,38.0746286993386));
#6751=CARTESIAN_POINT('',(89.7558837172829,119.366155819181,37.2030187542777));
#6752=CARTESIAN_POINT('',(89.8429227538666,119.366155819181,37.4373778934436));
#6753=CARTESIAN_POINT('',(75.0952888096013,119.366155819181,42.7811842193044));
#6754=CARTESIAN_POINT('',(90.7812370755607,119.366155819181,42.7811842193044));
#6755=CARTESIAN_POINT('',(45.0952888096015,119.366155819181,42.7811842193043));
#6756=CARTESIAN_POINT('',(105.095288809601,119.366155819181,42.7811842193044));
#6757=CARTESIAN_POINT('',(105.095288809601,119.366155819181,12.7811842193044));
#6758=CARTESIAN_POINT('',(105.095288809601,119.366155819181,12.7811842193044));
#6759=CARTESIAN_POINT('',(45.0952888096016,119.366155819181,12.7811842193043));
#6760=CARTESIAN_POINT('',(45.0952888096016,119.366155819181,12.7811842193043));
#6761=CARTESIAN_POINT('',(45.0952888096016,119.366155819181,12.7811842193043));
#6762=CARTESIAN_POINT('',(45.0952888096015,119.366155819181,42.7811842193044));
#6763=CARTESIAN_POINT('',(45.0952888096015,119.366155819181,42.7811842193043));
#6764=CARTESIAN_POINT('',(59.9485832088333,119.366155819181,38.7036503511408));
#6765=CARTESIAN_POINT('',(74.2975981320765,119.366155819181,27.115531900127));
#6766=CARTESIAN_POINT('',(45.0952888096016,119.366155819181,12.7811842193043));
#6767=CARTESIAN_POINT('',(90.0807700531064,32.3661558191812,38.1460655689445));
#6768=CARTESIAN_POINT('',(90.58788909614,32.1746726911832,39.7855970417829));
#6769=CARTESIAN_POINT('',(90.7812370755607,31.5000725194648,41.403685842779));
#6770=CARTESIAN_POINT('',(90.7812370755607,30.4824827912686,42.7811842193044));
#6771=CARTESIAN_POINT('',(90.0807700531064,32.3661558191812,38.1460655689446));
#6772=CARTESIAN_POINT('',(90.7812370755607,30.4824827912686,42.7811842193044));
#6773=CARTESIAN_POINT('',(92.273216757165,32.3661558191812,37.3113769623429));
#6774=CARTESIAN_POINT('',(91.0124250645316,32.3661558191812,37.7913742453742));
#6775=CARTESIAN_POINT('',(91.7762189435581,30.18762225017,42.7811842193044));
#6776=CARTESIAN_POINT('',(91.7762189435581,30.7809256378241,42.0574828697758));
#6777=CARTESIAN_POINT('',(91.7289533084303,31.2711530041841,41.2610891103696));
#6778=CARTESIAN_POINT('',(91.4852337107474,32.0164748446546,39.5626146710096));
#6779=CARTESIAN_POINT('',(91.2909486360703,32.2622424516658,38.6798444800232));
#6780=CARTESIAN_POINT('',(91.0124250645316,32.3661558191812,37.7913742453742));
#6781=CARTESIAN_POINT('',(91.7762189435581,30.18762225017,42.7811842193044));
#6782=CARTESIAN_POINT('',(75.0952888096012,23.4218839091821,42.7811842193044));
#6783=CARTESIAN_POINT('',(91.9174184230946,23.4218839091821,36.3768142060376));
#6784=CARTESIAN_POINT('',(90.0807700531064,-119.366155819181,38.1460655689446));
#6785=CARTESIAN_POINT('',(90.0807700531063,112.366155819181,38.1460655689444));
#6786=CARTESIAN_POINT('',(92.2732167571649,112.366155819181,37.3113769623429));
#6787=CARTESIAN_POINT('',(91.0124250645315,112.366155819181,37.7913742453742));
#6788=CARTESIAN_POINT('',(91.0124250645316,10.4015039444437,37.7913742453742));
#6789=CARTESIAN_POINT('',(92.2732167571649,74.6151983983394,37.3113769623429));
#6790=CARTESIAN_POINT('',(89.7558837172829,112.366155819181,37.2030187542777));
#6791=CARTESIAN_POINT('',(89.8429227538666,112.366155819181,37.4373778934436));
#6792=CARTESIAN_POINT('',(91.5616200890241,112.366155819181,35.4422514497325));
#6793=CARTESIAN_POINT('',(90.3008283963908,112.366155819181,35.9222487327638));
#6794=CARTESIAN_POINT('',(75.0952888096011,112.366155819181,42.7811842193044));
#6795=CARTESIAN_POINT('',(75.0952888096013,112.366155819181,42.7811842193044));
#6796=CARTESIAN_POINT('',(91.5616200890241,112.366155819181,35.4422514497325));
#6797=CARTESIAN_POINT('',(91.5616200890242,32.3661558191812,35.4422514497325));
#6798=CARTESIAN_POINT('',(90.3008283963908,32.3661558191812,35.9222487327638));
#6799=CARTESIAN_POINT('',(90.3008283963909,10.4015039444437,35.9222487327638));
#6800=CARTESIAN_POINT('',(91.5616200890242,32.3661558191812,35.4422514497325));
#6801=CARTESIAN_POINT('',(76.0516985998745,23.4218839091821,42.4170684787915));
#6802=CARTESIAN_POINT('',(85.3303141877525,25.8426842527238,29.6093321990852));
#6803=CARTESIAN_POINT('',(85.3303141877525,25.8426842527238,29.6093321990852));
#6804=CARTESIAN_POINT('',(85.7777802606564,27.5763234324888,29.9570301997158));
#6805=CARTESIAN_POINT('',(86.6589579631322,29.1029348340465,30.6737512072748));
#6806=CARTESIAN_POINT('',(88.5551082298858,31.4048564716386,32.8241947342022));
#6807=CARTESIAN_POINT('',(89.5494557164091,32.1622206382982,34.2565344171365));
#6808=CARTESIAN_POINT('',(90.3008283963908,32.3661558191813,35.9222487327638));
#6809=CARTESIAN_POINT('',(91.9174184230946,23.4218839091821,36.3768142060376));
#6810=CARTESIAN_POINT('',(52.1084096753614,24.7191559045493,42.1603456834183));
#6811=CARTESIAN_POINT('',(52.1087159834524,24.7241220336142,42.1603456834183));
#6812=CARTESIAN_POINT('',(52.1090412696794,24.7290892243038,42.1601975746656));
#6813=CARTESIAN_POINT('',(52.1093845790859,24.7340441228896,42.1599019715672));
#6814=CARTESIAN_POINT('',(52.1113074101402,24.7617958613832,42.158246337301));
#6815=CARTESIAN_POINT('',(52.1138514245238,24.7895962871053,42.1518131168834));
#6816=CARTESIAN_POINT('',(52.1167199563215,24.8151890602331,42.1411651648522));
#6817=CARTESIAN_POINT('',(52.1196064540288,24.8409421235316,42.1304505236022));
#6818=CARTESIAN_POINT('',(52.1228935806713,24.8651656326359,42.1151798294457));
#6819=CARTESIAN_POINT('',(52.1261320372016,24.8859176072755,42.0965996350646));
#6820=CARTESIAN_POINT('',(52.1294009030252,24.9068644441512,42.077844971589));
#6821=CARTESIAN_POINT('',(52.1327010112881,24.9248524103588,42.0551973682704));
#6822=CARTESIAN_POINT('',(52.1355522836736,24.9383874700293,42.0305019179515));
#6823=CARTESIAN_POINT('',(52.1384031621609,24.9519206598551,42.0058098792655));
#6824=CARTESIAN_POINT('',(52.1408755149068,24.9613746340646,41.9783751635831));
#6825=CARTESIAN_POINT('',(52.1426214845476,24.9659110280987,41.95049426997));
#6826=CARTESIAN_POINT('',(52.1443487356977,24.9703987875821,41.9229122866207));
#6827=CARTESIAN_POINT('',(52.1454092138228,24.9701949895186,41.8941230103195));
#6828=CARTESIAN_POINT('',(52.1457123350897,24.9652915576387,41.8665593810139));
#6829=CARTESIAN_POINT('',(52.1460123535096,24.9604383188695,41.8392779019109));
#6830=CARTESIAN_POINT('',(52.1455830013031,24.9508505694992,41.8124451073734));
#6831=CARTESIAN_POINT('',(52.1445917982665,24.9373284500705,41.7882770945807));
#6832=CARTESIAN_POINT('',(52.143600443643,24.9238042626723,41.7641053857172));
#6833=CARTESIAN_POINT('',(52.1420292418107,24.9059796077603,41.7419362447921));
#6834=CARTESIAN_POINT('',(52.1402063764082,24.885316350833,41.7235551427295));
#6835=CARTESIAN_POINT('',(52.1383688638507,24.8644870597443,41.7050263441603));
#6836=CARTESIAN_POINT('',(52.136234955284,24.8402036078613,41.6898378422996));
#6837=CARTESIAN_POINT('',(52.1341618599824,24.8144455249708,41.6792182548428));
#6838=CARTESIAN_POINT('',(52.1320758061803,24.7885264335009,41.6685322864873));
#6839=CARTESIAN_POINT('',(52.130000508637,24.7603979186063,41.6621800646525));
#6840=CARTESIAN_POINT('',(52.128194191422,24.7323822974315,41.6606958035238));
#6841=CARTESIAN_POINT('',(52.1279102547799,24.7279784965177,41.6604624911702));
#6842=CARTESIAN_POINT('',(52.1276318395093,24.7235666169201,41.6603456834183));
#6843=CARTESIAN_POINT('',(52.127359564755,24.7191559045493,41.6603456834183));
#6844=CARTESIAN_POINT('',(95.5952888096012,24.5653056580569,42.7811842193044));
#6845=CARTESIAN_POINT('',(93.0967650578311,24.6512071239404,42.7811842193044));
#6846=CARTESIAN_POINT('',(75.0952888096012,24.6512071239404,42.7811842193044));
#6847=CARTESIAN_POINT('',(57.0938125613713,24.6512071239404,42.7811842193043));
#6848=CARTESIAN_POINT('',(54.5952888096013,24.5653056580569,42.7811842193043));
#6849=CARTESIAN_POINT('',(75.0952888096012,24.5653056580569,42.7811842193044));
#6850=CARTESIAN_POINT('',(63.8924851264502,23.4218839091821,30.4219520517813));
#6851=CARTESIAN_POINT('',(63.8924851264502,24.2535656851709,30.4219520517813));
#6852=CARTESIAN_POINT('',(63.7914294941898,25.0596020981462,30.5116400849966));
#6853=CARTESIAN_POINT('',(63.6058608531664,25.8426842527231,30.6879433233389));
#6854=CARTESIAN_POINT('',(63.8924851264503,23.4218839091821,30.4219520517813));
#6855=CARTESIAN_POINT('',(64.7803361484127,24.3022781868101,30.9637934497734));
#6856=CARTESIAN_POINT('',(64.6705287928286,24.1798993537237,30.8967797621302));
#6857=CARTESIAN_POINT('',(64.558155593371,24.0606132235815,30.8282001806636));
#6858=CARTESIAN_POINT('',(64.4435502979201,23.9444287145842,30.7582583864117));
#6859=CARTESIAN_POINT('',(64.2678912573229,23.7663491650972,30.6510564597677));
#6860=CARTESIAN_POINT('',(64.0867736466876,23.5955238408429,30.5405232543987));
#6861=CARTESIAN_POINT('',(63.9020858606534,23.4304568899687,30.4278112276043));
#6862=CARTESIAN_POINT('',(63.8988866847558,23.4275975876723,30.4258588212908));
#6863=CARTESIAN_POINT('',(63.8956853711847,23.4247415694443,30.423905110389));
#6864=CARTESIAN_POINT('',(63.8924851264503,23.4218839091821,30.4219520517813));
#6865=CARTESIAN_POINT('',(62.3466658878298,24.4977951729781,35.3361366715607));
#6866=CARTESIAN_POINT('',(63.6058608531664,25.8426842527231,30.6879433233389));
#6867=CARTESIAN_POINT('',(64.3541576061547,25.19653772105,30.7037034443344));
#6868=CARTESIAN_POINT('',(64.9513456745083,24.4977951729781,31.0681578514553));
#6869=CARTESIAN_POINT('',(63.7707021535307,25.1470695636803,30.5313325266335));
#6870=CARTESIAN_POINT('',(64.2367443138104,24.6379364858955,30.6320479741132));
#6871=CARTESIAN_POINT('',(64.620174358481,24.1093388964195,30.8660492494349));
#6872=CARTESIAN_POINT('',(63.8924851187139,24.3325076692992,30.4219520470599));
#6873=CARTESIAN_POINT('',(64.0790507076676,24.042339082335,30.5358100851701));
#6874=CARTESIAN_POINT('',(64.2649842866044,23.7545072363253,30.6492823816409));
#6875=CARTESIAN_POINT('',(63.8924851264503,23.4218839091821,30.4219520517813));
#6876=CARTESIAN_POINT('',(63.8924851264503,23.4218839091821,30.4219520517813));
#6877=CARTESIAN_POINT('',(63.8924851264503,23.4218839091821,30.4219520517813));
#6878=CARTESIAN_POINT('',(83.3877603761888,23.4218839091821,28.3074719984783));
#6879=CARTESIAN_POINT('',(83.3877603761888,23.8377247971765,28.3074719984783));
#6880=CARTESIAN_POINT('',(83.3582122677807,24.247090613001,28.2904336941123));
#6881=CARTESIAN_POINT('',(83.2437009723582,25.0538007607779,28.2257338970052));
#6882=CARTESIAN_POINT('',(83.1587249763356,25.4511431754348,28.1780747231371));
#6883=CARTESIAN_POINT('',(83.0462158726512,25.8426842527232,28.11707193891));
#6884=CARTESIAN_POINT('',(83.3877603761889,23.4218839091821,28.3074719984782));
#6885=CARTESIAN_POINT('',(83.1467996380928,24.302278186796,29.3193066986358));
#6886=CARTESIAN_POINT('',(83.1766011034229,24.1798993537147,29.1941653292377));
#6887=CARTESIAN_POINT('',(83.2070989329157,24.0606132235774,29.0660998095013));
#6888=CARTESIAN_POINT('',(83.2382025481595,23.9444287145848,28.9354904934251));
#6889=CARTESIAN_POINT('',(83.2858760102935,23.7663491650977,28.7353016010561));
#6890=CARTESIAN_POINT('',(83.3350309158315,23.595523840683,28.5288918784624));
#6891=CARTESIAN_POINT('',(83.385154758871,23.4304568899775,28.3184134241992));
#6892=CARTESIAN_POINT('',(83.3860230078981,23.427597587684,28.314767500382));
#6893=CARTESIAN_POINT('',(83.3868918370829,23.4247415694472,28.3111191403852));
#6894=CARTESIAN_POINT('',(83.3877603761889,23.4218839091821,28.3074719984782));
#6895=CARTESIAN_POINT('',(78.2364086563047,24.4977951729781,28.3558770995816));
#6896=CARTESIAN_POINT('',(83.0462158726529,25.8426842527173,28.1170719389109));
#6897=CARTESIAN_POINT('',(83.2624635203901,25.1965377210454,28.8336145871818));
#6898=CARTESIAN_POINT('',(83.100388043565,24.497795172975,29.5141967965164));
#6899=CARTESIAN_POINT('',(83.246100354564,25.1470695636915,28.2254499340931));
#6900=CARTESIAN_POINT('',(83.2943292195776,24.6379364858554,28.6998051523239));
#6901=CARTESIAN_POINT('',(83.1902671818307,24.1093388963688,29.1367791655938));
#6902=CARTESIAN_POINT('',(83.3877603782891,24.3325076692984,28.3074719896588));
#6903=CARTESIAN_POINT('',(83.3371268868151,24.0423390824845,28.5200904771841));
#6904=CARTESIAN_POINT('',(83.2866649555479,23.7545072366985,28.7319886871296));
#6905=CARTESIAN_POINT('',(83.3877603761888,23.4218839091821,28.3074719984783));
#6906=CARTESIAN_POINT('',(83.3877603761888,23.4218839091821,28.3074719984783));
#6907=CARTESIAN_POINT('',(83.3877603761888,23.4218839091821,28.3074719984783));
#6908=CARTESIAN_POINT('',(89.8429227538666,114.366155819181,37.4373778934436));
#6909=CARTESIAN_POINT('',(90.7812370755607,-119.366155819181,42.7811842193044));
#6910=CARTESIAN_POINT('',(75.0952888096013,-119.366155819181,42.7811842193044));
#6911=CARTESIAN_POINT('',(82.5387984525822,27.3062010356861,28.9821640392911));
#6912=CARTESIAN_POINT('',(82.9787664532327,26.4518135988766,29.6002338122988));
#6913=CARTESIAN_POINT('',(82.9279112706825,25.4680326588096,30.17915417854));
#6914=CARTESIAN_POINT('',(82.746687605111,26.8354908858507,28.627735404212));
#6915=CARTESIAN_POINT('',(83.0818898889854,26.0732099249636,29.2452939777712));
#6916=CARTESIAN_POINT('',(83.0140212145399,25.2181889350328,29.8282777358682));
#6917=CARTESIAN_POINT('',(82.9166608023906,26.3452398894058,28.3379493928828));
#6918=CARTESIAN_POINT('',(83.1666509268299,25.6843653652749,28.9525728229069));
#6919=CARTESIAN_POINT('',(83.0845863472078,24.9588425676954,29.5406976388596));
#6920=CARTESIAN_POINT('',(83.0462158726512,25.8426842527232,28.11707193891));
#6921=CARTESIAN_POINT('',(83.2311066033124,25.2902319805042,28.7297125626323));
#6922=CARTESIAN_POINT('',(83.1383513671112,24.6937296203845,29.3215723684378));
#6923=CARTESIAN_POINT('',(87.0437435614554,24.4977951729756,34.1099358413207));
#6924=CARTESIAN_POINT('',(85.3303141877566,25.8426842527102,29.6093321990796));
#6925=CARTESIAN_POINT('',(84.6950052224425,25.2902319804859,29.6861152357617));
#6926=CARTESIAN_POINT('',(84.190258251863,24.6937296203607,30.0088102299468));
#6927=CARTESIAN_POINT('',(85.1800841772067,26.3452398893985,29.8167021820461));
#6928=CARTESIAN_POINT('',(84.5168087173142,25.6843653652552,29.8346656830935));
#6929=CARTESIAN_POINT('',(84.0111876545665,24.9588425676682,30.1460701391964));
#6930=CARTESIAN_POINT('',(84.9829859457857,26.8354908858432,30.0887667099203));
#6931=CARTESIAN_POINT('',(84.2827924871509,26.0732099249537,30.0298745764822));
#6932=CARTESIAN_POINT('',(83.7761768932289,25.2181889350102,30.3262136714107));
#6933=CARTESIAN_POINT('',(84.7419209722969,27.3062010356865,30.4215207266679));
#6934=CARTESIAN_POINT('',(83.999174542424,26.4518135988642,30.2668926993552));
#6935=CARTESIAN_POINT('',(83.4894456872419,25.4680326587819,30.5460190761897));
#6936=CARTESIAN_POINT('',(85.0187517583787,23.4218839091821,29.3730406774788));
#6937=CARTESIAN_POINT('',(85.0157607129984,23.4247415694561,29.3753011313604));
#6938=CARTESIAN_POINT('',(85.0127686686651,23.4275975877194,29.3775623401909));
#6939=CARTESIAN_POINT('',(85.0097786222376,23.4304568900041,29.3798220391234));
#6940=CARTESIAN_POINT('',(84.8371638387695,23.5955238401991,29.510274007476));
#6941=CARTESIAN_POINT('',(84.6678858498665,23.7663491650995,29.6382042253141));
#6942=CARTESIAN_POINT('',(84.5037096049974,23.9444287145867,29.7622788489912));
#6943=CARTESIAN_POINT('',(84.3965960343828,24.0606132235833,29.8432289034605));
#6944=CARTESIAN_POINT('',(84.2915686481008,24.1798993537248,29.9226023441133));
#6945=CARTESIAN_POINT('',(84.1889393770005,24.3022781868105,30.0001634321999));
#6946=CARTESIAN_POINT('',(85.0187517583787,23.4218839091821,29.3730406774788));
#6947=CARTESIAN_POINT('',(85.0187517583785,23.4218839091821,29.3730406774788));
#6948=CARTESIAN_POINT('',(85.0187517583786,23.8377247971767,29.3730406774788));
#6949=CARTESIAN_POINT('',(85.046224517121,24.2470906130012,29.3932555742939));
#6950=CARTESIAN_POINT('',(85.1514742864161,25.0538007607783,29.4721313410946));
#6951=CARTESIAN_POINT('',(85.229254318848,25.4511431754353,29.5308048726801));
#6952=CARTESIAN_POINT('',(85.3303141877525,25.8426842527238,29.6093321990852));
#6953=CARTESIAN_POINT('',(84.0291087088194,24.4977951729752,30.1209539279408));
#6954=CARTESIAN_POINT('',(84.5872587147003,25.1965377210458,29.6991374100259));
#6955=CARTESIAN_POINT('',(85.330314187751,25.842684252718,29.609332199084));
#6956=CARTESIAN_POINT('',(84.3386314235357,24.109338896138,29.8870351026043));
#6957=CARTESIAN_POINT('',(84.6969967240802,24.637936485682,29.6162039611013));
#6958=CARTESIAN_POINT('',(85.1507704890251,25.1470695636768,29.4698199910222));
#6959=CARTESIAN_POINT('',(84.6706027931573,23.7545072378676,29.6361509214599));
#6960=CARTESIAN_POINT('',(84.84438193398,24.0423390829507,29.5048190204309));
#6961=CARTESIAN_POINT('',(85.0187517656087,24.3325076693109,29.3730406720147));
#6962=CARTESIAN_POINT('',(85.0187517583786,23.4218839091821,29.3730406774789));
#6963=CARTESIAN_POINT('',(85.0187517583786,23.4218839091821,29.3730406774789));
#6964=CARTESIAN_POINT('',(85.0187517583786,23.4218839091821,29.3730406774789));
#6965=CARTESIAN_POINT('',(64.2718117263862,27.3062010356861,31.4378541278946));
#6966=CARTESIAN_POINT('',(64.9955886007193,26.4518135988686,31.2104137574813));
#6967=CARTESIAN_POINT('',(65.5304594717917,25.4680326587919,31.4376761417975));
#6968=CARTESIAN_POINT('',(63.9989713445156,26.8354908858463,31.1306153231818));
#6969=CARTESIAN_POINT('',(64.6898876523717,26.0732099249476,31.0026551010726));
#6970=CARTESIAN_POINT('',(65.2233655806123,25.2181889350151,31.2473539348615));
#6971=CARTESIAN_POINT('',(63.7758930766516,26.3452398894077,30.8794124040817));
#6972=CARTESIAN_POINT('',(64.4376858917308,25.6843653652704,30.8315867522473));
#6973=CARTESIAN_POINT('',(64.9716664806001,24.9588425676821,31.0913753683986));
#6974=CARTESIAN_POINT('',(63.6058608531665,25.842684252723,30.6879433233389));
#6975=CARTESIAN_POINT('',(64.2456510883874,25.2902319804989,30.7014181533158));
#6976=CARTESIAN_POINT('',(64.7798802691321,24.6937296203736,30.9725283634117));
#6977=CARTESIAN_POINT('',(70.5407171101503,24.4977951729782,28.7379653566559));
#6978=CARTESIAN_POINT('',(65.730909893795,25.842684252694,28.9767705173154));
#6979=CARTESIAN_POINT('',(65.6076136342127,25.2902319804687,29.6047125118575));
#6980=CARTESIAN_POINT('',(65.7585394194437,24.6937296203425,30.1844736445145));
#6981=CARTESIAN_POINT('',(65.8817068410554,26.3452398893896,29.1837285966533));
#6982=CARTESIAN_POINT('',(65.6938277567169,25.684365365247,29.8200920719941));
#6983=CARTESIAN_POINT('',(65.833745492802,24.9588425676538,30.3971955475554));
#6984=CARTESIAN_POINT('',(66.0795488800721,26.8354908858343,29.4552527166823));
#6985=CARTESIAN_POINT('',(65.807167454729,26.0732099249288,30.1029775981304));
#6986=CARTESIAN_POINT('',(65.9324498538688,25.2181889349894,30.6763714764128));
#6987=CARTESIAN_POINT('',(66.321523582471,27.3062010356866,29.7873457766901));
#6988=CARTESIAN_POINT('',(65.9449423201482,26.4518135988571,30.4459569205348));
#6989=CARTESIAN_POINT('',(66.0528924009368,25.4680326587663,31.0169926638232));
#6990=CARTESIAN_POINT('',(65.4099052169497,23.4218839091821,29.2000659002133));
#6991=CARTESIAN_POINT('',(65.4111307524909,23.4247415694522,29.2036090720799));
#6992=CARTESIAN_POINT('',(65.4123566973399,23.427597587704,29.2071534273048));
#6993=CARTESIAN_POINT('',(65.4135818235735,23.4304568899925,29.2106954158132));
#6994=CARTESIAN_POINT('',(65.4843081165112,23.5955238404096,29.4151737054497));
#6995=CARTESIAN_POINT('',(65.5536672085248,23.7663491650997,29.6156992514181));
#6996=CARTESIAN_POINT('',(65.6209359381425,23.9444287145866,29.8101813062086));
#6997=CARTESIAN_POINT('',(65.6648241012903,24.0606132235789,29.9370673080475));
#6998=CARTESIAN_POINT('',(65.7078574820067,24.1798993537157,30.0614820302203));
#6999=CARTESIAN_POINT('',(65.7499082713507,24.3022781867968,30.1830559615798));
#7000=CARTESIAN_POINT('',(65.4099052169497,23.4218839091821,29.2000659002133));
#7001=CARTESIAN_POINT('',(65.4099052169496,23.4218839091821,29.2000659002133));
#7002=CARTESIAN_POINT('',(65.4099052169496,23.8377247971766,29.2000659002133));
#7003=CARTESIAN_POINT('',(65.4376202756256,24.247090613001,29.180184500646));
#7004=CARTESIAN_POINT('',(65.5451595549853,25.0538007607781,29.1044599741052));
#7005=CARTESIAN_POINT('',(65.6249967513783,25.451143175435,29.0486178858031));
#7006=CARTESIAN_POINT('',(65.7309098938038,25.8426842527234,28.9767705173275));
#7007=CARTESIAN_POINT('',(65.8153964667472,24.4977951729783,30.3723902760168));
#7008=CARTESIAN_POINT('',(65.5867029559303,25.1965377210502,29.7112096033078));
#7009=CARTESIAN_POINT('',(65.7309098938038,25.8426842527235,28.9767705173275));
#7010=CARTESIAN_POINT('',(65.6885742226518,24.1093388962277,30.0057317890055));
#7011=CARTESIAN_POINT('',(65.5417394687606,24.6379364857553,29.5812147093006));
#7012=CARTESIAN_POINT('',(65.5427438450834,25.1470695636792,29.1044150787487));
#7013=CARTESIAN_POINT('',(65.5525539822559,23.7545072373379,29.6124807792773));
#7014=CARTESIAN_POINT('',(65.4813506298108,24.0423390827448,29.4066232058025));
#7015=CARTESIAN_POINT('',(65.409905213985,24.3325076693095,29.2000658916421));
#7016=CARTESIAN_POINT('',(65.4099052169496,23.4218839091821,29.2000659002132));
#7017=CARTESIAN_POINT('',(65.4099052169496,23.4218839091821,29.2000659002133));
#7018=CARTESIAN_POINT('',(65.4099052169496,23.4218839091821,29.2000659002133));
#7019=CARTESIAN_POINT('',(85.0187517583785,20.4015039444437,29.3730406774788));
#7020=CARTESIAN_POINT('',(85.0187517583787,15.4015039444437,29.3730406774788));
#7021=CARTESIAN_POINT('',(75.0952888096011,15.4015039444437,42.7811842193043));
#7022=CARTESIAN_POINT('',(91.7762189435581,15.4015039444437,42.7811842193044));
#7023=CARTESIAN_POINT('',(91.7762189435581,10.4015039444437,42.7811842193044));
#7024=CARTESIAN_POINT('',(75.0952888096011,10.4015039444437,42.7811842193043));
#7025=CARTESIAN_POINT('',(65.4099052169496,20.4015039444437,29.2000659002133));
#7026=CARTESIAN_POINT('',(65.4099052169497,15.4015039444437,29.2000659002133));
#7027=CARTESIAN_POINT('',(75.0952888096011,15.4015039444437,42.7811842193043));
#7028=CARTESIAN_POINT('',(83.3877603761889,15.4015039444437,28.3074719984782));
#7029=CARTESIAN_POINT('',(83.3877603761889,10.4015039444437,28.3074719984783));
#7030=CARTESIAN_POINT('',(75.0952888096011,10.4015039444437,42.7811842193043));
#7031=CARTESIAN_POINT('',(58.4143586756442,10.4015039444436,42.7811842193043));
#7032=CARTESIAN_POINT('',(58.4143586756442,15.4015039444436,42.7811842193043));
#7033=CARTESIAN_POINT('',(75.0952888096011,15.4015039444437,42.7811842193043));
#7034=CARTESIAN_POINT('',(63.8924851264503,15.4015039444437,30.4219520517813));
#7035=CARTESIAN_POINT('',(63.8924851264503,10.4015039444437,30.4219520517813));
#7036=CARTESIAN_POINT('',(75.0952888096011,10.4015039444437,42.7811842193043));
#7037=CARTESIAN_POINT('',(98.0952888096011,79.3661558191812,42.7811842193044));
#7038=CARTESIAN_POINT('',(102.095288809601,79.3661558191812,42.7811842193044));
#7039=CARTESIAN_POINT('',(75.0952888096013,15.4015039444437,42.7811842193044));
#7040=CARTESIAN_POINT('',(92.7762633771387,15.4015039444437,42.7811842193044));
#7041=CARTESIAN_POINT('',(92.7762633771386,20.4015039444437,42.7811842193044));
#7042=CARTESIAN_POINT('',(92.7762633771387,15.3291186885825,42.7811842193044));
#7043=CARTESIAN_POINT('',(75.0952888096017,-498.938413967632,42.7811842193044));
#7044=CARTESIAN_POINT('',(105.095288809601,119.366155819181,42.7811842193044));
#7045=CARTESIAN_POINT('',(75.0952888096013,44.5426558618653,42.7811842193044));
#7046=CARTESIAN_POINT('',(51.8915204604048,79.6118096454032,42.7811842193043));
#7047=CARTESIAN_POINT('',(55.8915204604048,79.6118096454032,42.7811842193043));
#7048=CARTESIAN_POINT('',(45.0952888096014,-30.2808440954507,42.7811842193043));
#7049=CARTESIAN_POINT('',(75.0952888096017,-498.938413967632,42.7811842193044));
#7050=CARTESIAN_POINT('',(57.4143142420639,15.3291186885825,42.7811842193044));
#7051=CARTESIAN_POINT('',(57.4143142420638,20.4015039444436,42.7811842193043));
#7052=CARTESIAN_POINT('',(57.4143142420639,15.4015039444436,42.7811842193043));
#7053=CARTESIAN_POINT('',(75.0952888096013,15.4015039444437,42.7811842193044));
#7054=CARTESIAN_POINT('',(75.0952888096013,44.5426558618653,42.7811842193044));
#7055=CARTESIAN_POINT('',(105.095288809601,119.366155819181,12.7811842193044));
#7056=CARTESIAN_POINT('',(45.0952888096015,-30.2808440954507,12.7811842193043));
#7057=CARTESIAN_POINT('',(-2.37164759457822E-14,5.23056831087441E-29,12.7811842193042));
#7058=CARTESIAN_POINT('',(105.095288809601,119.366155819181,12.7811842193044));
#7059=CARTESIAN_POINT('',(45.0952888096014,24.7191559045493,41.9103456834183));
#7060=CARTESIAN_POINT('',(45.0952888096015,-30.2808440954507,12.7811842193043));
#7061=CARTESIAN_POINT('',(82.8223730691818,15.4015039444437,31.032932822848));
#7062=CARTESIAN_POINT('',(83.3877603761889,15.4015039444437,28.3074719984782));
#7063=CARTESIAN_POINT('',(66.3098381171053,15.4015039444437,31.8018810465744));
#7064=CARTESIAN_POINT('',(63.8924851264503,15.4015039444437,30.4219520517813));
#7065=CARTESIAN_POINT('',(75.0952888096013,15.4015039444437,42.7811842193044));
#7066=CARTESIAN_POINT('',(75.0952888096013,15.4015039444437,42.7811842193044));
#7067=CARTESIAN_POINT('',(75.0952888096013,15.3291186885825,42.7811842193044));
#7068=CARTESIAN_POINT('',(75.0952888096012,20.4015039444437,42.7811842193044));
#7069=CARTESIAN_POINT('',(83.3877603761889,35.4015039444437,28.3074719984782));
#7070=CARTESIAN_POINT('',(82.8223730691818,35.4015039444437,31.032932822848));
#7071=CARTESIAN_POINT('',(63.8924851264503,35.4015039444436,30.4219520517813));
#7072=CARTESIAN_POINT('',(66.3098381171053,35.4015039444437,31.8018810465744));
#7073=CARTESIAN_POINT('',(75.0952888096013,14.0699435591579,42.7811842193044));
#7074=CARTESIAN_POINT('',(59.9485832088333,119.366155819181,38.7036503511408));
#7075=CARTESIAN_POINT('',(74.2975981320765,119.366155819181,27.115531900127));
#7076=CARTESIAN_POINT('',(89.7558837172829,119.366155819181,37.2030187542777));
#7077=CARTESIAN_POINT('',(45.0952888096014,24.7191559045493,41.9103456834183));
#7078=CARTESIAN_POINT('',(51.8915204604048,79.6118096454032,42.7811842193043));
#7079=CARTESIAN_POINT('',(98.0952888096011,79.3661558191812,42.7811842193044));
#7080=CARTESIAN_POINT('',(105.095288809601,24.7191559045493,45.3444068820481));
#7081=CARTESIAN_POINT('',(105.095288809601,24.7191559045493,45.3444068820481));
#7082=CARTESIAN_POINT('',(97.9472458899257,24.7191559045493,45.3444068820481));
#7083=CARTESIAN_POINT('',(105.095288809601,24.7191559045493,12.7811842193044));
#7084=CARTESIAN_POINT('',(105.095288809601,24.7191559045493,72.7811842193044));
#7085=CARTESIAN_POINT('',(-1.52856213014631E-13,24.7191559045493,72.7811842193042));
#7086=CARTESIAN_POINT('',(45.0952888096014,24.7191559045493,72.7811842193043));
#7087=CARTESIAN_POINT('',(45.0952888096015,24.7191559045493,12.7811842193043));
#7088=CARTESIAN_POINT('',(45.0952888096014,24.7191559045493,42.7811842193043));
#7089=CARTESIAN_POINT('',(75.0952888096013,24.7191559045493,42.7811842193044));
#7090=CARTESIAN_POINT('',(52.1000272798906,24.7191559045493,42.7811842193043));
#7091=CARTESIAN_POINT('',(75.0952888096012,24.7191559045493,42.7811842193044));
#7092=CARTESIAN_POINT('',(75.0952888096013,24.7191559045493,27.7811842193043));
#7093=CARTESIAN_POINT('',(75.0952888096013,112.366155819181,42.7811842193044));
#7094=CARTESIAN_POINT('',(85.6920655139028,112.366155819181,54.3465331756277));
#7095=CARTESIAN_POINT('',(85.093129641458,112.366155819181,54.8680428559897));
#7096=CARTESIAN_POINT('',(85.093129641458,114.366155819181,54.8680428559897));
#7097=CARTESIAN_POINT('',(85.093129641458,119.366155819181,54.8680428559897));
#7098=CARTESIAN_POINT('',(75.0952888096013,119.366155819181,42.7811842193044));
#7099=CARTESIAN_POINT('',(90.7812370755607,119.366155819181,42.7811842193044));
#7100=CARTESIAN_POINT('',(90.7812370755607,-119.366155819181,42.7811842193044));
#7101=CARTESIAN_POINT('',(90.7812370755607,30.4824827912686,42.7811842193044));
#7102=CARTESIAN_POINT('',(90.7812370755607,30.4824827912686,42.7811842193044));
#7103=CARTESIAN_POINT('',(90.7812370755607,29.6300260145954,43.9351442027712));
#7104=CARTESIAN_POINT('',(90.6508798793602,28.5418147814301,44.9152072317181));
#7105=CARTESIAN_POINT('',(90.526280247099,27.297777336578,45.5978269474878));
#7106=CARTESIAN_POINT('',(90.526280247099,27.297777336578,45.5978269474878));
#7107=CARTESIAN_POINT('',(90.526280247099,27.297777336578,45.5978269474878));
#7108=CARTESIAN_POINT('',(90.4465746147921,26.5019740957827,46.0344946573612));
#7109=CARTESIAN_POINT('',(90.3969687414231,25.6074355771689,46.232139637602));
#7110=CARTESIAN_POINT('',(90.3882709616605,24.7004738681724,46.2702628797574));
#7111=CARTESIAN_POINT('',(90.3882709616728,24.7004738681849,46.2702628797554));
#7112=CARTESIAN_POINT('',(90.3863488235835,24.3022781868102,46.2786771286827));
#7113=CARTESIAN_POINT('',(90.3863488235835,24.4350412568365,46.2786771286827));
#7114=CARTESIAN_POINT('',(90.3869989430277,24.5678340181835,46.2758382652114));
#7115=CARTESIAN_POINT('',(90.3882709616716,24.7004738681849,46.2702628797555));
#7116=CARTESIAN_POINT('',(90.3863488235835,24.3022781868102,46.2786771286827));
#7117=CARTESIAN_POINT('',(90.3863488235835,-119.366155819181,46.2786771286827));
#7118=CARTESIAN_POINT('',(90.3863488235834,15.4015039444437,46.2786771286828));
#7119=CARTESIAN_POINT('',(75.0952888096013,15.4015039444436,42.7811842193044));
#7120=CARTESIAN_POINT('',(90.0608544803146,15.4015039444437,47.4802072196656));
#7121=CARTESIAN_POINT('',(90.0608544803146,-119.366155819181,47.4802072196656));
#7122=CARTESIAN_POINT('',(90.0608544803271,24.3022781867959,47.4802072196745));
#7123=CARTESIAN_POINT('',(90.0582666346588,24.700473868183,47.4884411285003));
#7124=CARTESIAN_POINT('',(90.0599827663752,24.5678340181775,47.482986053217));
#7125=CARTESIAN_POINT('',(90.0608544803146,24.4350412568265,47.4802072196655));
#7126=CARTESIAN_POINT('',(90.0608544803145,24.3022781867961,47.4802072196658));
#7127=CARTESIAN_POINT('',(90.0582666346588,24.700473868183,47.4884411285003));
#7128=CARTESIAN_POINT('',(90.0582666346593,24.7004738681829,47.4884411285008));
#7129=CARTESIAN_POINT('',(90.0465002786764,25.609895725373,47.5258428949756));
#7130=CARTESIAN_POINT('',(89.9898540479092,26.5005996251344,47.720679358955));
#7131=CARTESIAN_POINT('',(89.8379878029437,27.2977773365783,48.1385902515234));
#7132=CARTESIAN_POINT('',(89.8379878029437,27.2977773365783,48.1385902515234));
#7133=CARTESIAN_POINT('',(89.8379878029437,27.2977773365783,48.1385902515234));
#7134=CARTESIAN_POINT('',(89.3187403410641,30.0234159630428,49.567473742435));
#7135=CARTESIAN_POINT('',(88.0167581568094,32.0143619634835,52.2165283710995));
#7136=CARTESIAN_POINT('',(85.6920655139029,32.3661558191812,54.3465331756276));
#7137=CARTESIAN_POINT('',(85.6920655139029,32.3661558191812,54.3465331756276));
#7138=CARTESIAN_POINT('',(85.6920655139029,-119.366155819181,54.3465331756276));
#7139=CARTESIAN_POINT('',(75.0952888096013,-119.366155819181,42.7811842193044));
#7140=CARTESIAN_POINT('',(75.0952888096013,119.366155819181,42.7811842193044));
#7141=CARTESIAN_POINT('',(84.7028353042276,119.366155819181,55.1805399830507));
#7142=CARTESIAN_POINT('',(66.7573950511631,119.366155819181,56.0675870686596));
#7143=CARTESIAN_POINT('',(84.7028353042276,114.366155819181,55.1805399830507));
#7144=CARTESIAN_POINT('',(84.7028353042276,112.366155819181,55.1805399830507));
#7145=CARTESIAN_POINT('',(75.0952888096013,112.366155819181,42.7811842193044));
#7146=CARTESIAN_POINT('',(84.1343169789573,112.366155819181,55.6008933718532));
#7147=CARTESIAN_POINT('',(84.1343169789573,-119.366155819181,55.6008933718532));
#7148=CARTESIAN_POINT('',(84.1343169789573,32.3661558191812,55.6008933718532));
#7149=CARTESIAN_POINT('',(84.1343169789573,32.3661558191812,55.6008933718532));
#7150=CARTESIAN_POINT('',(81.5580197948109,32.0144340601548,57.4174106222077));
#7151=CARTESIAN_POINT('',(78.7058074549183,30.0489452281617,58.1228905840397));
#7152=CARTESIAN_POINT('',(77.1849409831281,27.297777336578,58.3273196489226));
#7153=CARTESIAN_POINT('',(77.1849409831281,27.297777336578,58.3273196489226));
#7154=CARTESIAN_POINT('',(76.5027691933711,24.7004738681745,58.4038591493987));
#7155=CARTESIAN_POINT('',(76.5417143130059,25.6074355771746,58.4003504998125));
#7156=CARTESIAN_POINT('',(76.7450149172654,26.5019740957795,58.3864528311776));
#7157=CARTESIAN_POINT('',(77.1849409831281,27.297777336578,58.3273196489226));
#7158=CARTESIAN_POINT('',(76.5027691933711,24.7004738681746,58.4038591493986));
#7159=CARTESIAN_POINT('',(76.4941727937743,24.3022781867959,58.4046312333801));
#7160=CARTESIAN_POINT('',(76.4941727937743,24.4350412568235,58.4046312333801));
#7161=CARTESIAN_POINT('',(76.4970736113243,24.5678340181719,58.4043722766346));
#7162=CARTESIAN_POINT('',(76.5027691933711,24.7004738681746,58.4038591493986));
#7163=CARTESIAN_POINT('',(76.4941727937743,24.3022781867959,58.4046312333801));
#7164=CARTESIAN_POINT('',(76.4941727937687,-119.366155819181,58.4046312333662));
#7165=CARTESIAN_POINT('',(76.4941727937687,15.4015039444436,58.4046312333662));
#7166=CARTESIAN_POINT('',(75.0952888096013,15.4015039444436,42.7811842193044));
#7167=CARTESIAN_POINT('',(75.2508664875715,15.4015039444436,58.4663609345497));
#7168=CARTESIAN_POINT('',(75.2508664875716,-119.366155819181,58.4663609345497));
#7169=CARTESIAN_POINT('',(75.2508664875716,24.3022781868107,58.4663609345497));
#7170=CARTESIAN_POINT('',(75.2422358866323,24.7004738681857,58.4664441648384));
#7171=CARTESIAN_POINT('',(75.2479542853921,24.5678340181842,58.466390592122));
#7172=CARTESIAN_POINT('',(75.2508664875718,24.4350412568371,58.4663609345497));
#7173=CARTESIAN_POINT('',(75.2508664875716,24.3022781868107,58.4663609345497));
#7174=CARTESIAN_POINT('',(75.2422358866323,24.7004738681857,58.4664441648384));
#7175=CARTESIAN_POINT('',(75.2422358866334,24.7004738681758,58.4664441648363));
#7176=CARTESIAN_POINT('',(75.2030286889468,25.609895725365,58.466811476766));
#7177=CARTESIAN_POINT('',(75.0002235522914,26.5005996251352,58.4731454883649));
#7178=CARTESIAN_POINT('',(74.5558374241176,27.2977773365783,58.4578536744232));
#7179=CARTESIAN_POINT('',(74.5558374241176,27.2977773365783,58.4578536744232));
#7180=CARTESIAN_POINT('',(67.3705724086884,32.3661558191812,56.4332071290355));
#7181=CARTESIAN_POINT('',(70.1146968911314,32.0143619634835,57.9859135327557));
#7182=CARTESIAN_POINT('',(73.0364321790527,30.0234159630428,58.4055692739064));
#7183=CARTESIAN_POINT('',(74.5558374241176,27.2977773365783,58.4578536744232));
#7184=CARTESIAN_POINT('',(67.3705724086884,32.3661558191812,56.4332071290355));
#7185=CARTESIAN_POINT('',(67.3705724086884,-119.366155819181,56.4332071290355));
#7186=CARTESIAN_POINT('',(67.3705724086884,112.366155819181,56.4332071290355));
#7187=CARTESIAN_POINT('',(75.0952888096013,112.366155819181,42.7811842193044));
#7188=CARTESIAN_POINT('',(66.7573950511631,112.366155819181,56.0675870686596));
#7189=CARTESIAN_POINT('',(66.7573950511631,114.366155819181,56.0675870686596));
#7190=CARTESIAN_POINT('',(75.0952888096013,-119.366155819181,42.7811842193044));
#7191=CARTESIAN_POINT('',(105.095288809601,24.7191559045493,44.8444068820481));
#7192=CARTESIAN_POINT('',(97.9978031926058,24.7191559045493,44.8444068820481));
#7193=CARTESIAN_POINT('',(105.095288809601,24.7191559045493,44.8444068820481));
#7194=CARTESIAN_POINT('',(75.0952888096012,24.7191559045493,42.7811842193044));
#7195=CARTESIAN_POINT('',(98.0905503393119,24.7191559045493,42.7811842193044));
#7196=CARTESIAN_POINT('',(75.0952888096013,24.7191559045493,42.7811842193044));
#7197=CARTESIAN_POINT('',(105.095288809601,24.7191559045493,42.7811842193044));
#7198=CARTESIAN_POINT('',(105.095288809601,24.7191559045493,12.7811842193044));
#7199=CARTESIAN_POINT('',(75.0952888096013,24.7191559045493,27.7811842193043));
#7200=CARTESIAN_POINT('',(65.696234200026,32.3661558191812,55.3393188518275));
#7201=CARTESIAN_POINT('',(63.1725040196523,32.0144340601548,53.450449327867));
#7202=CARTESIAN_POINT('',(61.6201706202436,30.0489452281617,50.9558394935518));
#7203=CARTESIAN_POINT('',(60.9557734400083,27.2977773365781,49.572581580334));
#7204=CARTESIAN_POINT('',(65.6962342000259,32.3661558191812,55.3393188518275));
#7205=CARTESIAN_POINT('',(60.9557734400083,27.2977773365781,49.572581580334));
#7206=CARTESIAN_POINT('',(64.4131252103982,32.3661558191812,57.3032839586624));
#7207=CARTESIAN_POINT('',(65.150991791999,32.3661558191812,56.1738832362935));
#7208=CARTESIAN_POINT('',(60.0435047581813,25.8426842527232,49.971262591852));
#7209=CARTESIAN_POINT('',(60.2877616879051,27.5763234324882,50.4825925619539));
#7210=CARTESIAN_POINT('',(60.8000435299937,29.1029348340461,51.4963629798904));
#7211=CARTESIAN_POINT('',(62.4965725780252,31.4048564716385,53.8075493388409));
#7212=CARTESIAN_POINT('',(63.6838678961217,32.1622206382981,55.0845198627332));
#7213=CARTESIAN_POINT('',(65.150991791999,32.3661558191812,56.1738832362935));
#7214=CARTESIAN_POINT('',(60.0435047581813,25.8426842527232,49.971262591852));
#7215=CARTESIAN_POINT('',(74.5355588980844,23.4218839091821,43.6379236111698));
#7216=CARTESIAN_POINT('',(65.2502943147294,23.4218839091821,57.8502280972664));
#7217=CARTESIAN_POINT('',(65.6962342000259,-119.366155819181,55.3393188518275));
#7218=CARTESIAN_POINT('',(65.696234200026,112.366155819181,55.3393188518276));
#7219=CARTESIAN_POINT('',(64.4131252103981,112.366155819181,57.3032839586624));
#7220=CARTESIAN_POINT('',(65.150991791999,112.366155819181,56.1738832362936));
#7221=CARTESIAN_POINT('',(65.150991791999,10.4015039444436,56.1738832362935));
#7222=CARTESIAN_POINT('',(64.4131252103982,74.6151983983394,57.3032839586624));
#7223=CARTESIAN_POINT('',(66.5467042982294,112.366155819181,55.9330158732714));
#7224=CARTESIAN_POINT('',(66.3381850094779,112.366155819181,55.7951039223078));
#7225=CARTESIAN_POINT('',(66.0874634190606,112.366155819181,58.3971722358704));
#7226=CARTESIAN_POINT('',(66.8253300006615,112.366155819181,57.2677715135016));
#7227=CARTESIAN_POINT('',(75.0952888096011,112.366155819181,42.7811842193044));
#7228=CARTESIAN_POINT('',(75.0952888096013,112.366155819181,42.7811842193044));
#7229=CARTESIAN_POINT('',(66.0874634190606,112.366155819181,58.3971722358704));
#7230=CARTESIAN_POINT('',(66.0874634190606,32.3661558191812,58.3971722358704));
#7231=CARTESIAN_POINT('',(66.8253300006615,32.3661558191812,57.2677715135015));
#7232=CARTESIAN_POINT('',(66.8253300006615,10.4015039444436,57.2677715135015));
#7233=CARTESIAN_POINT('',(66.0874634190606,32.3661558191812,58.3971722358704));
#7234=CARTESIAN_POINT('',(74.5355588980847,23.4218839091821,43.6379236111694));
#7235=CARTESIAN_POINT('',(74.5571997036817,25.8426842527238,59.4534333251702));
#7236=CARTESIAN_POINT('',(74.5571997036817,25.8426842527238,59.4534333251702));
#7237=CARTESIAN_POINT('',(73.9908202892739,27.5763234324888,59.4351536923039));
#7238=CARTESIAN_POINT('',(72.8566545146553,29.1029348340465,59.3732574751274));
#7239=CARTESIAN_POINT('',(70.0586377339474,31.4048564716386,58.7480412793279));
#7240=CARTESIAN_POINT('',(68.412285577134,32.1622206382981,58.1737169223489));
#7241=CARTESIAN_POINT('',(66.8253300006615,32.3661558191812,57.2677715135015));
#7242=CARTESIAN_POINT('',(65.2502943147294,23.4218839091821,57.8502280972664));
#7243=CARTESIAN_POINT('',(85.6056563081586,32.3661558191812,57.428101131927));
#7244=CARTESIAN_POINT('',(84.7595457049372,32.3661558191812,56.3773442946676));
#7245=CARTESIAN_POINT('',(77.282202630935,25.8426842527236,59.3181379312796));
#7246=CARTESIAN_POINT('',(77.8439858732559,27.5763234324886,59.2438454371103));
#7247=CARTESIAN_POINT('',(78.9664426303768,29.1029348340463,59.0699087405491));
#7248=CARTESIAN_POINT('',(81.6887677847216,31.4048564716385,58.170609596418));
#7249=CARTESIAN_POINT('',(83.2701333532198,32.1622206382981,57.4360302405743));
#7250=CARTESIAN_POINT('',(84.7595457049372,32.3661558191812,56.3773442946677));
#7251=CARTESIAN_POINT('',(77.282202630935,25.8426842527236,59.3181379312796));
#7252=CARTESIAN_POINT('',(75.7371303360829,23.4218839091821,43.5782660308546));
#7253=CARTESIAN_POINT('',(86.3845305756314,23.4218839091821,56.8009210338141));
#7254=CARTESIAN_POINT('',(85.6056563081586,112.366155819181,57.428101131927));
#7255=CARTESIAN_POINT('',(84.7595457049372,112.366155819181,56.3773442946676));
#7256=CARTESIAN_POINT('',(84.7595457049372,10.4015039444437,56.3773442946676));
#7257=CARTESIAN_POINT('',(85.6056563081586,74.6151983983394,57.428101131927));
#7258=CARTESIAN_POINT('',(84.8992276440168,112.366155819181,55.0258465802434));
#7259=CARTESIAN_POINT('',(87.1634048431041,112.366155819181,56.1737409357014));
#7260=CARTESIAN_POINT('',(86.3172942398827,112.366155819181,55.1229840984421));
#7261=CARTESIAN_POINT('',(75.0952888096011,112.366155819181,42.7811842193044));
#7262=CARTESIAN_POINT('',(87.1634048431041,112.366155819181,56.1737409357014));
#7263=CARTESIAN_POINT('',(87.1634048431041,32.3661558191812,56.1737409357014));
#7264=CARTESIAN_POINT('',(86.3172942398827,32.3661558191812,55.1229840984421));
#7265=CARTESIAN_POINT('',(86.3172942398828,10.4015039444437,55.122984098442));
#7266=CARTESIAN_POINT('',(87.1634048431041,32.3661558191812,56.1737409357014));
#7267=CARTESIAN_POINT('',(75.7371303360827,23.4218839091821,43.5782660308543));
#7268=CARTESIAN_POINT('',(90.7852612848137,25.842684252724,48.4449456780017));
#7269=CARTESIAN_POINT('',(90.7852612848137,25.842684252724,48.4449456780017));
#7270=CARTESIAN_POINT('',(90.5923580670478,27.5808050738571,48.97933368131));
#7271=CARTESIAN_POINT('',(90.1780233409005,29.1120250958906,50.0469450389585));
#7272=CARTESIAN_POINT('',(88.7286701430891,31.3974698016161,52.497720363722));
#7273=CARTESIAN_POINT('',(87.6579978629971,32.1639248080157,53.9039250076833));
#7274=CARTESIAN_POINT('',(86.3172942398827,32.3661558191812,55.1229840984421));
#7275=CARTESIAN_POINT('',(86.3845305756314,23.4218839091821,56.8009210338141));
#7276=CARTESIAN_POINT('',(75.0952888096012,23.4218839091821,42.7811842193044));
#7277=CARTESIAN_POINT('',(91.7762189435581,30.18762225017,42.7811842193044));
#7278=CARTESIAN_POINT('',(91.4986599330721,25.8426842527235,45.8115053111413));
#7279=CARTESIAN_POINT('',(91.5491498306432,26.6929629233015,45.538199445939));
#7280=CARTESIAN_POINT('',(91.6185353549782,27.4958953923378,45.1269723618914));
#7281=CARTESIAN_POINT('',(91.7320412194121,28.9532038052016,44.0998455343771));
#7282=CARTESIAN_POINT('',(91.7762189435581,29.6165380660151,43.4777829635011));
#7283=CARTESIAN_POINT('',(91.7762189435581,30.18762225017,42.7811842193044));
#7284=CARTESIAN_POINT('',(91.4986599330721,25.8426842527235,45.8115053111413));
#7285=CARTESIAN_POINT('',(76.0516985998749,23.4218839091821,42.4170684787913));
#7286=CARTESIAN_POINT('',(91.9174184230946,23.4218839091821,36.3768142060376));
#7287=CARTESIAN_POINT('',(84.8992276440168,119.366155819181,55.0258465802434));
#7288=CARTESIAN_POINT('',(66.5467042982294,119.366155819181,55.9330158732714));
#7289=CARTESIAN_POINT('',(66.3381850094779,119.366155819181,55.7951039223078));
#7290=CARTESIAN_POINT('',(75.0952888096013,119.366155819181,42.7811842193044));
#7291=CARTESIAN_POINT('',(59.4093405436418,119.366155819181,42.7811842193043));
#7292=CARTESIAN_POINT('',(45.0952888096015,119.366155819181,42.7811842193043));
#7293=CARTESIAN_POINT('',(45.0952888096014,119.366155819181,42.7811842193043));
#7294=CARTESIAN_POINT('',(45.0952888096016,119.366155819181,12.7811842193043));
#7295=CARTESIAN_POINT('',(45.0952888096014,119.366155819181,72.7811842193043));
#7296=CARTESIAN_POINT('',(45.0952888096014,119.366155819181,72.7811842193043));
#7297=CARTESIAN_POINT('',(105.095288809601,119.366155819181,72.7811842193044));
#7298=CARTESIAN_POINT('',(105.095288809601,119.366155819181,12.7811842193044));
#7299=CARTESIAN_POINT('',(105.095288809601,119.366155819181,42.7811842193044));
#7300=CARTESIAN_POINT('',(45.0952888096015,119.366155819181,42.7811842193043));
#7301=CARTESIAN_POINT('',(45.0952888096016,119.366155819181,12.7811842193043));
#7302=CARTESIAN_POINT('',(60.0191905247518,27.2977773365781,47.1124927407462));
#7303=CARTESIAN_POINT('',(59.7466985638017,29.0670021821151,46.1640228811695));
#7304=CARTESIAN_POINT('',(59.4093405436418,30.5252466926992,44.6181088500872));
#7305=CARTESIAN_POINT('',(59.4093405436418,31.4329883956727,42.7811842193043));
#7306=CARTESIAN_POINT('',(60.0191905247518,27.2977773365781,47.1124927407462));
#7307=CARTESIAN_POINT('',(59.4093405436418,31.4329883956728,42.7811842193043));
#7308=CARTESIAN_POINT('',(74.1075151732826,23.4218839091821,42.513596471428));
#7309=CARTESIAN_POINT('',(59.0727589779542,25.8426842527231,47.4214393769373));
#7310=CARTESIAN_POINT('',(59.0727589779542,25.8426842527231,47.4214393769373));
#7311=CARTESIAN_POINT('',(58.966818171094,27.007794060106,47.0556319631976));
#7312=CARTESIAN_POINT('',(58.8004562237991,28.0778302259162,46.4406800160842));
#7313=CARTESIAN_POINT('',(58.5219565843486,29.937802374691,44.8398579276343));
#7314=CARTESIAN_POINT('',(58.4143586756441,30.7164942967197,43.8618004371329));
#7315=CARTESIAN_POINT('',(58.4143586756441,31.2943674908283,42.7811842193044));
#7316=CARTESIAN_POINT('',(58.4143586756441,31.2943674908283,42.7811842193044));
#7317=CARTESIAN_POINT('',(75.0952888096012,23.4218839091821,42.7811842193044));
#7318=CARTESIAN_POINT('',(57.7215058266847,23.4218839091821,38.0746286993386));
#7319=CARTESIAN_POINT('',(66.3381850094779,114.366155819181,55.7951039223078));
#7320=CARTESIAN_POINT('',(60.9557734400083,27.2977773365781,49.572581580334));
#7321=CARTESIAN_POINT('',(60.7635898110746,26.5019740957768,49.172460186954));
#7322=CARTESIAN_POINT('',(60.6875490010815,25.6074355771691,48.9834044382902));
#7323=CARTESIAN_POINT('',(60.6721773732146,24.7004738681653,48.9474496608346));
#7324=CARTESIAN_POINT('',(60.6721773732146,24.7004738681653,48.9474496608346));
#7325=CARTESIAN_POINT('',(60.6721773732146,24.7004738681653,48.9474496608346));
#7326=CARTESIAN_POINT('',(60.669929328568,24.5678340181657,48.9421914054513));
#7327=CARTESIAN_POINT('',(60.6687866441408,24.4350412568203,48.9395125860591));
#7328=CARTESIAN_POINT('',(60.6687866441408,24.3022781867958,48.9395125860591));
#7329=CARTESIAN_POINT('',(60.6687866441408,24.3022781867958,48.9395125860591));
#7330=CARTESIAN_POINT('',(60.6687866441524,-119.366155819181,48.9395125860492));
#7331=CARTESIAN_POINT('',(60.6687866441524,15.4015039444436,48.9395125860492));
#7332=CARTESIAN_POINT('',(75.0952888096013,15.4015039444436,42.7811842193044));
#7333=CARTESIAN_POINT('',(60.2258754317644,15.4015039444436,47.7761335485131));
#7334=CARTESIAN_POINT('',(60.2258754317644,-119.366155819181,47.776133548513));
#7335=CARTESIAN_POINT('',(60.2258754317644,24.3022781868104,47.776133548513));
#7336=CARTESIAN_POINT('',(60.2231292726892,24.7004738681901,47.7679510788236));
#7337=CARTESIAN_POINT('',(60.2249473057677,24.567834018187,47.7733730443473));
#7338=CARTESIAN_POINT('',(60.2258754317645,24.4350412568384,47.7761335485132));
#7339=CARTESIAN_POINT('',(60.2258754317644,24.3022781868104,47.776133548513));
#7340=CARTESIAN_POINT('',(60.2231292726892,24.7004738681901,47.7679510788236));
#7341=CARTESIAN_POINT('',(60.0191905247518,27.2977773365781,47.1124927407462));
#7342=CARTESIAN_POINT('',(60.1419700111265,26.5005996251364,47.539854494079));
#7343=CARTESIAN_POINT('',(60.2106642479045,25.6098957253784,47.7307763236052));
#7344=CARTESIAN_POINT('',(60.2231292726962,24.7004738681908,47.7679510788238));
#7345=CARTESIAN_POINT('',(59.4093405436418,-119.366155819181,42.7811842193043));
#7346=CARTESIAN_POINT('',(75.0952888096013,-119.366155819181,42.7811842193044));
#7347=CARTESIAN_POINT('',(98.0952888096011,79.3661558191812,42.7811842193044));
#7348=CARTESIAN_POINT('',(102.095288809601,79.3661558191812,42.7811842193044));
#7349=CARTESIAN_POINT('',(95.5952888096012,24.5653056580569,42.7811842193044));
#7350=CARTESIAN_POINT('',(93.0967650578311,24.6512071239404,42.7811842193044));
#7351=CARTESIAN_POINT('',(75.0952888096017,-498.938413967632,42.7811842193044));
#7352=CARTESIAN_POINT('',(92.7762633771387,15.3291186885825,42.7811842193044));
#7353=CARTESIAN_POINT('',(92.7762633771386,20.4015039444437,42.7811842193044));
#7354=CARTESIAN_POINT('',(92.7762633771387,15.4015039444437,42.7811842193044));
#7355=CARTESIAN_POINT('',(75.0952888096013,15.4015039444437,42.7811842193044));
#7356=CARTESIAN_POINT('',(91.7762189435581,15.4015039444437,42.7811842193044));
#7357=CARTESIAN_POINT('',(91.7762189435581,10.4015039444437,42.7811842193044));
#7358=CARTESIAN_POINT('',(105.095288809601,119.366155819181,42.7811842193044));
#7359=CARTESIAN_POINT('',(75.0952888096013,44.5426558618653,42.7811842193044));
#7360=CARTESIAN_POINT('',(51.8915204604048,79.6118096454032,42.7811842193043));
#7361=CARTESIAN_POINT('',(55.8915204604048,79.6118096454032,42.7811842193043));
#7362=CARTESIAN_POINT('',(45.0952888096014,-30.2808440954507,42.7811842193043));
#7363=CARTESIAN_POINT('',(58.4143586756442,10.4015039444436,42.7811842193043));
#7364=CARTESIAN_POINT('',(58.4143586756442,15.4015039444436,42.7811842193043));
#7365=CARTESIAN_POINT('',(75.0952888096013,15.4015039444437,42.7811842193044));
#7366=CARTESIAN_POINT('',(57.4143142420639,15.4015039444436,42.7811842193043));
#7367=CARTESIAN_POINT('',(57.4143142420638,20.4015039444436,42.7811842193043));
#7368=CARTESIAN_POINT('',(57.4143142420639,15.3291186885825,42.7811842193044));
#7369=CARTESIAN_POINT('',(75.0952888096017,-498.938413967632,42.7811842193044));
#7370=CARTESIAN_POINT('',(57.0938125613713,24.6512071239404,42.7811842193043));
#7371=CARTESIAN_POINT('',(54.5952888096013,24.5653056580569,42.7811842193043));
#7372=CARTESIAN_POINT('',(75.0952888096013,44.5426558618653,42.7811842193044));
#7373=CARTESIAN_POINT('',(60.331953943291,24.4977951729781,42.7732460287155));
#7374=CARTESIAN_POINT('',(59.1859296064846,23.4218839091821,47.7957350346978));
#7375=CARTESIAN_POINT('',(59.1896780744894,23.424741569448,47.7956643814561));
#7376=CARTESIAN_POINT('',(59.1934277944241,23.4275975876872,47.7955937046172));
#7377=CARTESIAN_POINT('',(59.1971750104989,23.4304568899799,47.7955230749726));
#7378=CARTESIAN_POINT('',(59.413501046581,23.5955238406386,47.7914456396826));
#7379=CARTESIAN_POINT('',(59.625645312079,23.7663491650989,47.7874470247661));
#7380=CARTESIAN_POINT('',(59.8313959182317,23.9444287145856,47.7835689211514));
#7381=CARTESIAN_POINT('',(59.9656338653771,24.0606132235826,47.7810387285179));
#7382=CARTESIAN_POINT('',(60.0972573435944,24.1798993537242,47.778557814871));
#7383=CARTESIAN_POINT('',(60.2258754317644,24.3022781868104,47.776133548513));
#7384=CARTESIAN_POINT('',(59.1859296064846,23.4218839091821,47.7957350346978));
#7385=CARTESIAN_POINT('',(59.1859296064845,23.4218839091821,47.7957350346978));
#7386=CARTESIAN_POINT('',(59.1859296064845,23.8377247971765,47.7957350346978));
#7387=CARTESIAN_POINT('',(59.175585696004,24.2470906130009,47.7632327572063));
#7388=CARTESIAN_POINT('',(59.1367988564791,25.0538007607778,47.6375566592215));
#7389=CARTESIAN_POINT('',(59.1083609249845,25.4511431754347,47.5443708190625));
#7390=CARTESIAN_POINT('',(59.0727589779542,25.8426842527231,47.4214393769373));
#7391=CARTESIAN_POINT('',(60.426180030562,24.4977951729781,47.7723580943205));
#7392=CARTESIAN_POINT('',(59.726689661988,25.19653772105,47.785542483798));
#7393=CARTESIAN_POINT('',(59.0727589779542,25.8426842527231,47.4214393769373));
#7394=CARTESIAN_POINT('',(60.0382768586148,24.1093388963388,47.779669512359));
#7395=CARTESIAN_POINT('',(59.5891626893056,24.6379364858311,47.7881346698218));
#7396=CARTESIAN_POINT('',(59.1360096630357,25.1470695636783,47.6398402624348));
#7397=CARTESIAN_POINT('',(59.6222403576286,23.7545072368092,47.7875112032703));
#7398=CARTESIAN_POINT('',(59.4044551251176,24.0423390825337,47.7916161269592));
#7399=CARTESIAN_POINT('',(59.1859295974216,24.3325076693061,47.7957350348686));
#7400=CARTESIAN_POINT('',(59.1859296064846,23.4218839091821,47.7957350346978));
#7401=CARTESIAN_POINT('',(59.1859296064846,23.4218839091821,47.7957350346978));
#7402=CARTESIAN_POINT('',(59.1859296064845,23.4218839091821,47.7957350346978));
#7403=CARTESIAN_POINT('',(59.0727589779542,25.8426842527231,47.4214393769373));
#7404=CARTESIAN_POINT('',(59.6318666641493,25.2902319805063,47.7327458358384));
#7405=CARTESIAN_POINT('',(60.2298908997667,24.693729620389,47.7683629269937));
#7406=CARTESIAN_POINT('',(59.3161866273094,26.3452398894071,47.3419765212473));
#7407=CARTESIAN_POINT('',(59.8633464272918,25.6843653652806,47.7173072771438));
#7408=CARTESIAN_POINT('',(60.4554414065567,24.9588425677023,47.7625723839729));
#7409=CARTESIAN_POINT('',(59.635557963245,26.8354908858463,47.2377231283141));
#7410=CARTESIAN_POINT('',(60.1674104431176,26.0732099249628,47.6969312538391));
#7411=CARTESIAN_POINT('',(60.7514548178764,25.2181889350389,47.7549690646326));
#7412=CARTESIAN_POINT('',(60.0261715272272,27.3062010356862,47.1102139100803));
#7413=CARTESIAN_POINT('',(60.5361779374505,26.4518135988801,47.6718860096444));
#7414=CARTESIAN_POINT('',(61.1126236116343,25.4680326588171,47.7456791309589));
#7415=CARTESIAN_POINT('',(70.5256177743761,24.4977951729784,56.8194970103596));
#7416=CARTESIAN_POINT('',(74.9481476754958,23.4218839091821,59.4614653806221));
#7417=CARTESIAN_POINT('',(74.9492388205843,23.4247415694568,59.457878542654));
#7418=CARTESIAN_POINT('',(74.9503303300943,23.4275975877224,59.4542905067505));
#7419=CARTESIAN_POINT('',(74.9514211107612,23.4304568900063,59.4507048667176));
#7420=CARTESIAN_POINT('',(75.0143916609466,23.5955238401587,59.2437065832894));
#7421=CARTESIAN_POINT('',(75.0761449353657,23.7663491651006,59.0407097575797));
#7422=CARTESIAN_POINT('',(75.1360370735564,23.9444287145876,58.8438309029432));
#7423=CARTESIAN_POINT('',(75.1751125243225,24.060613223584,58.7153811560542));
#7424=CARTESIAN_POINT('',(75.2134269268602,24.179899353725,58.5894331449202));
#7425=CARTESIAN_POINT('',(75.2508664875716,24.3022781868107,58.4663609345497));
#7426=CARTESIAN_POINT('',(74.9481476754958,23.4218839091821,59.4614653806221));
#7427=CARTESIAN_POINT('',(74.948147675496,23.4218839091821,59.461465380622));
#7428=CARTESIAN_POINT('',(74.948147675496,23.8377247971766,59.461465380622));
#7429=CARTESIAN_POINT('',(74.9140397285664,24.2470906130012,59.4612592679877));
#7430=CARTESIAN_POINT('',(74.782528864064,25.0538007607783,59.4593116944003));
#7431=CARTESIAN_POINT('',(74.6851160594376,25.4511431754353,59.457561766214));
#7432=CARTESIAN_POINT('',(74.5571997036817,25.8426842527238,59.4534333251702));
#7433=CARTESIAN_POINT('',(75.3091733423396,24.4977951729784,58.2746932611122));
#7434=CARTESIAN_POINT('',(75.1055580305746,25.1965377210505,58.9440223346392));
#7435=CARTESIAN_POINT('',(74.5571997036817,25.8426842527238,59.4534333251702));
#7436=CARTESIAN_POINT('',(75.1962582417488,24.1093388961266,58.6458704530953));
#7437=CARTESIAN_POINT('',(75.0655251742576,24.6379364856678,59.0756192877452));
#7438=CARTESIAN_POINT('',(74.7844568255991,25.1470695636762,59.4607679341634));
#7439=CARTESIAN_POINT('',(75.075153783781,23.7545072379645,59.043967894535));
#7440=CARTESIAN_POINT('',(75.0117584601538,24.0423390829915,59.2523624505306));
#7441=CARTESIAN_POINT('',(74.9481476728554,24.3325076693163,59.4614653893019));
#7442=CARTESIAN_POINT('',(74.9481476754959,23.4218839091821,59.461465380622));
#7443=CARTESIAN_POINT('',(74.9481476754959,23.4218839091821,59.4614653806219));
#7444=CARTESIAN_POINT('',(74.9481476754959,23.4218839091821,59.4614653806219));
#7445=CARTESIAN_POINT('',(74.5571997036817,25.8426842527161,59.4534333251741));
#7446=CARTESIAN_POINT('',(75.0260435167064,25.2902319804974,59.0178893031636));
#7447=CARTESIAN_POINT('',(75.2447170351946,24.6937296203782,58.4601407434304));
#7448=CARTESIAN_POINT('',(74.5568493175281,26.3452398894014,59.1973645001752));
#7449=CARTESIAN_POINT('',(75.0828917555273,25.684365365274,58.792968189023));
#7450=CARTESIAN_POINT('',(75.3089088412116,24.9588425676905,58.2438400879896));
#7451=CARTESIAN_POINT('',(74.5563896191497,26.8354908858447,58.8614082398816));
#7452=CARTESIAN_POINT('',(75.1574739540463,26.0732099249463,58.4974895879246));
#7453=CARTESIAN_POINT('',(75.3931508294652,25.2181889350244,57.959965049356));
#7454=CARTESIAN_POINT('',(74.555827375766,27.3062010356864,58.4505101491256));
#7455=CARTESIAN_POINT('',(75.2476099340812,26.451813598875,58.1390314533601));
#7456=CARTESIAN_POINT('',(75.4959228726204,25.4680326588056,57.6136023671874));
#7457=CARTESIAN_POINT('',(64.0750866874871,24.4977951729781,52.6051989066626));
#7458=CARTESIAN_POINT('',(60.9625024527379,27.3062010356862,49.569640857217));
#7459=CARTESIAN_POINT('',(60.9698531606923,26.4518135988641,48.8110052048701));
#7460=CARTESIAN_POINT('',(61.3512767211663,25.468032658782,48.3725407164957));
#7461=CARTESIAN_POINT('',(60.5859886707056,26.8354908858482,49.7341854683198));
#7462=CARTESIAN_POINT('',(60.677796148454,26.0732099249545,49.0375431282789));
#7463=CARTESIAN_POINT('',(61.0753723148181,25.2181889350112,48.6057915664677));
#7464=CARTESIAN_POINT('',(60.2781455217414,26.3452398894056,49.8687195375686));
#7465=CARTESIAN_POINT('',(60.4371658505325,25.6843653652607,49.2245382291631));
#7466=CARTESIAN_POINT('',(60.8492485834124,24.958842567672,48.7969716078817));
#7467=CARTESIAN_POINT('',(60.0435047581813,25.8426842527231,49.971262591852));
#7468=CARTESIAN_POINT('',(60.2540261385564,25.2902319804961,49.3669498710392));
#7469=CARTESIAN_POINT('',(60.6769531662465,24.6937296203676,48.9426453897638));
#7470=CARTESIAN_POINT('',(59.8791037975339,23.421883909182,49.6164708857503));
#7471=CARTESIAN_POINT('',(59.8791037975339,23.8377247971765,49.6164708857503));
#7472=CARTESIAN_POINT('',(59.8929938553574,24.2470906130009,49.6476231058932));
#7473=CARTESIAN_POINT('',(59.9476058528361,25.0538007607779,49.7672743919557));
#7474=CARTESIAN_POINT('',(59.9883395181963,25.4511431754347,49.8557791108138));
#7475=CARTESIAN_POINT('',(60.0435047581813,25.8426842527232,49.971262591852));
#7476=CARTESIAN_POINT('',(59.879103797534,23.4218839091821,49.6164708857502));
#7477=CARTESIAN_POINT('',(60.6687866441408,24.3022781867958,48.9395125860591));
#7478=CARTESIAN_POINT('',(60.5711205008476,24.1798993537146,49.0232372187838));
#7479=CARTESIAN_POINT('',(60.4711722146678,24.0606132235777,49.1089182262415));
#7480=CARTESIAN_POINT('',(60.3692386315474,23.9444287145852,49.1963011362377));
#7481=CARTESIAN_POINT('',(60.2130019118929,23.7663491650985,49.3302355942813));
#7482=CARTESIAN_POINT('',(60.0519101670379,23.5955238407663,49.4683320391515));
#7483=CARTESIAN_POINT('',(59.8876429949053,23.4304568899729,49.6091506298296));
#7484=CARTESIAN_POINT('',(59.8847975464372,23.4275975876779,49.6115899001837));
#7485=CARTESIAN_POINT('',(59.8819501966578,23.4247415694457,49.6140308004433));
#7486=CARTESIAN_POINT('',(59.879103797534,23.4218839091821,49.6164708857502));
#7487=CARTESIAN_POINT('',(60.0435047581813,25.8426842527231,49.971262591852));
#7488=CARTESIAN_POINT('',(60.2897299374606,25.19653772105,49.264460234021));
#7489=CARTESIAN_POINT('',(60.8208879382047,24.4977951729781,48.8091232356348));
#7490=CARTESIAN_POINT('',(59.945497802641,25.1470695636814,49.7660938013003));
#7491=CARTESIAN_POINT('',(60.1852988328594,24.6379364858741,49.3539841527875));
#7492=CARTESIAN_POINT('',(60.5263336705355,24.1093388963822,49.061630881033));
#7493=CARTESIAN_POINT('',(59.8791037906492,24.3325076693019,49.6164708916523));
#7494=CARTESIAN_POINT('',(60.0450411571824,24.0423390824105,49.4742205413792));
#7495=CARTESIAN_POINT('',(60.2104163599041,23.7545072364992,49.3324520674967));
#7496=CARTESIAN_POINT('',(59.8791037975339,23.4218839091821,49.6164708857503));
#7497=CARTESIAN_POINT('',(59.8791037975339,23.4218839091821,49.6164708857503));
#7498=CARTESIAN_POINT('',(59.8791037975339,23.4218839091821,49.6164708857503));
#7499=CARTESIAN_POINT('',(87.0344116587363,24.4977951729785,51.4652768594678));
#7500=CARTESIAN_POINT('',(90.9137097906976,23.4218839091821,48.0756141035099));
#7501=CARTESIAN_POINT('',(90.9106356874516,23.4247415694583,48.0734679689757));
#7502=CARTESIAN_POINT('',(90.9075605575158,23.4275975877281,48.0713211176748));
#7503=CARTESIAN_POINT('',(90.9044874809597,23.4304568900106,48.0691756999073));
#7504=CARTESIAN_POINT('',(90.7270793847436,23.5955238400797,47.9453211603966));
#7505=CARTESIAN_POINT('',(90.5531007421675,23.7663491650999,47.8238608374432));
#7506=CARTESIAN_POINT('',(90.3843655130753,23.9444287145872,47.7060611172264));
#7507=CARTESIAN_POINT('',(90.2742775226342,24.060613223579,47.6292050004394));
#7508=CARTESIAN_POINT('',(90.166333647449,24.1798993537155,47.5538457623932));
#7509=CARTESIAN_POINT('',(90.0608544803271,24.3022781867959,47.4802072196745));
#7510=CARTESIAN_POINT('',(90.9137097906976,23.4218839091821,48.0756141035099));
#7511=CARTESIAN_POINT('',(90.9137097906975,23.4218839091821,48.0756141035096));
#7512=CARTESIAN_POINT('',(90.9137097906975,24.2535656851712,48.0756141035097));
#7513=CARTESIAN_POINT('',(90.8721707019016,25.0596020981469,48.2041858275225));
#7514=CARTESIAN_POINT('',(90.7852612848137,25.842684252724,48.4449456780017));
#7515=CARTESIAN_POINT('',(89.8965854995405,24.4977951729785,47.3655255371293));
#7516=CARTESIAN_POINT('',(90.4702346848138,25.1965377210507,47.76600926475));
#7517=CARTESIAN_POINT('',(90.7852612848137,25.8426842527241,48.4449456780017));
#7518=CARTESIAN_POINT('',(90.2147033017165,24.1093388961066,47.5876142396125));
#7519=CARTESIAN_POINT('',(90.5830199916286,24.6379364856389,47.8447484685348));
#7520=CARTESIAN_POINT('',(90.8624632252477,25.1470695636792,48.231077830144));
#7521=CARTESIAN_POINT('',(90.5558931319474,23.7545072381614,47.8258102983623));
#7522=CARTESIAN_POINT('',(90.7344979000531,24.0423390830563,47.9505002933632));
#7523=CARTESIAN_POINT('',(90.913709798127,24.3325076693142,48.0756141086965));
#7524=CARTESIAN_POINT('',(90.9137097906974,23.4218839091821,48.0756141035097));
#7525=CARTESIAN_POINT('',(90.9137097906974,23.4218839091821,48.0756141035097));
#7526=CARTESIAN_POINT('',(90.9137097906974,23.4218839091821,48.0756141035097));
#7527=CARTESIAN_POINT('',(90.7852612848141,25.8426842527232,48.4449456780018));
#7528=CARTESIAN_POINT('',(90.5159150104811,25.2902319805044,47.8644582099012));
#7529=CARTESIAN_POINT('',(90.053038441727,24.6937296203849,47.4841335516564));
#7530=CARTESIAN_POINT('',(90.5416170849057,26.3452398894071,48.3661492963857));
#7531=CARTESIAN_POINT('',(90.3195693911257,25.6843653652804,47.7408878752805));
#7532=CARTESIAN_POINT('',(89.8671606528515,24.9588425676974,47.3562429378293));
#7533=CARTESIAN_POINT('',(90.2219616397497,26.835490885847,48.2627703017222));
#7534=CARTESIAN_POINT('',(90.0615997089447,26.0732099249574,47.5786480801504));
#7535=CARTESIAN_POINT('',(89.6232116535558,25.2181889350308,47.1884018347343));
#7536=CARTESIAN_POINT('',(89.8310005902454,27.3062010356864,48.1363305339582));
#7537=CARTESIAN_POINT('',(89.7485393138823,26.4518135988771,47.3821540136379));
#7538=CARTESIAN_POINT('',(89.3255594755604,25.4680326588104,46.9836278583935));
#7539=CARTESIAN_POINT('',(81.0330522570123,24.4977951729783,56.2978067498134));
#7540=CARTESIAN_POINT('',(77.1842235685339,27.3062010356861,58.320011244099));
#7541=CARTESIAN_POINT('',(76.4649896815599,26.4518135988708,58.0785889962876));
#7542=CARTESIAN_POINT('',(76.1658515349677,25.4680326587968,57.5803406552983));
#7543=CARTESIAN_POINT('',(77.2243656358789,26.8354908858477,58.728944211138));
#7544=CARTESIAN_POINT('',(76.590189469694,26.0732099249451,58.4263557891001));
#7545=CARTESIAN_POINT('',(76.3024271253788,25.2181889350175,57.9148198154198));
#7546=CARTESIAN_POINT('',(77.2571863744729,26.3452398894067,59.0632937576805));
#7547=CARTESIAN_POINT('',(76.6936735274809,25.6843653652736,58.7129934660099));
#7548=CARTESIAN_POINT('',(76.4143740737148,24.9588425676869,58.1889541454511));
#7549=CARTESIAN_POINT('',(77.2822026309349,25.8426842527235,59.3181379312795));
#7550=CARTESIAN_POINT('',(76.7725217641449,25.2902319805007,58.9311773000094));
#7551=CARTESIAN_POINT('',(76.4996758612717,24.6937296203768,58.3978324989089));
#7552=CARTESIAN_POINT('',(76.8939729761877,23.4218839091821,59.3648558695398));
#7553=CARTESIAN_POINT('',(76.8939729761877,23.8377247971766,59.3648558695398));
#7554=CARTESIAN_POINT('',(76.927892762072,24.2470906130011,59.3612722049717));
#7555=CARTESIAN_POINT('',(77.0585639326825,25.0538007607782,59.3463073896938));
#7556=CARTESIAN_POINT('',(77.1553243171149,25.4511431754351,59.33491683403));
#7557=CARTESIAN_POINT('',(77.282202630935,25.8426842527236,59.3181379312796));
#7558=CARTESIAN_POINT('',(76.8939729761878,23.4218839091821,59.3648558695398));
#7559=CARTESIAN_POINT('',(76.4941727937743,24.3022781867959,58.4046312333801));
#7560=CARTESIAN_POINT('',(76.5436191532488,24.1798993537149,58.5233895897401));
#7561=CARTESIAN_POINT('',(76.5942209147259,24.0606132235782,58.6449229460033));
#7562=CARTESIAN_POINT('',(76.6458277912088,23.944428714586,58.7688703486659));
#7563=CARTESIAN_POINT('',(76.7249272287691,23.7663491650991,58.9588483226459));
#7564=CARTESIAN_POINT('',(76.8064846656731,23.5955238405846,59.1547298245114));
#7565=CARTESIAN_POINT('',(76.8896497562025,23.4304568899829,59.3544725267601));
#7566=CARTESIAN_POINT('',(76.8910903482354,23.4275975876912,59.3579324850631));
#7567=CARTESIAN_POINT('',(76.8925319028593,23.424741569449,59.3613947552799));
#7568=CARTESIAN_POINT('',(76.8939729761878,23.4218839091821,59.3648558695398));
#7569=CARTESIAN_POINT('',(77.2822026309349,25.8426842527235,59.3181379312796));
#7570=CARTESIAN_POINT('',(76.6860814076272,25.1965377210503,58.865549929816));
#7571=CARTESIAN_POINT('',(76.4171670371299,24.4977951729783,58.219681781357));
#7572=CARTESIAN_POINT('',(77.0567897009096,25.1470695636808,59.3479474419908));
#7573=CARTESIAN_POINT('',(76.7389527278764,24.6379364858081,58.9925342246498));
#7574=CARTESIAN_POINT('',(76.5662938042608,24.1093388963112,58.5778486907505));
#7575=CARTESIAN_POINT('',(76.8939729796738,24.3325076693057,59.3648558779124));
#7576=CARTESIAN_POINT('',(76.8099623234963,24.0423390825895,59.163082288817));
#7577=CARTESIAN_POINT('',(76.7262362406512,23.754507236958,58.9619922568249));
#7578=CARTESIAN_POINT('',(76.8939729761877,23.4218839091821,59.3648558695398));
#7579=CARTESIAN_POINT('',(76.8939729761877,23.4218839091821,59.3648558695398));
#7580=CARTESIAN_POINT('',(76.8939729761877,23.4218839091821,59.3648558695398));
#7581=CARTESIAN_POINT('',(89.7852305593721,24.4977951729783,41.3109016689035));
#7582=CARTESIAN_POINT('',(90.5191078477662,27.3062010356861,45.5962508280203));
#7583=CARTESIAN_POINT('',(90.0672461518003,26.4518135988692,46.2056793255744));
#7584=CARTESIAN_POINT('',(89.5009450494052,25.4680326587933,46.3362094043779));
#7585=CARTESIAN_POINT('',(90.9204307917952,26.8354908858466,45.6844406896702));
#7586=CARTESIAN_POINT('',(90.4366808884899,26.0732099249525,46.1940731002843));
#7587=CARTESIAN_POINT('',(89.8612578126609,25.2181889350208,46.3096780438909));
#7588=CARTESIAN_POINT('',(91.2485582727466,26.3452398894067,45.756546004304));
#7589=CARTESIAN_POINT('',(90.7412678514173,25.6843653652655,46.1842298261844));
#7590=CARTESIAN_POINT('',(90.1565685630771,24.9588425676813,46.2879223359172));
#7591=CARTESIAN_POINT('',(91.4986599330721,25.8426842527235,45.8115053111413));
#7592=CARTESIAN_POINT('',(90.9731384536061,25.2902319804997,46.176663209517));
#7593=CARTESIAN_POINT('',(90.3815833842527,24.6937296203747,46.2713424759871));
#7594=CARTESIAN_POINT('',(91.4231217716452,23.4218839091821,46.1951702909722));
#7595=CARTESIAN_POINT('',(91.4231217716452,23.8377247971766,46.1951702909722));
#7596=CARTESIAN_POINT('',(91.4301952943893,24.2470906130011,46.161803244322));
#7597=CARTESIAN_POINT('',(91.4563425216976,25.0538007607782,46.0329031937823));
#7598=CARTESIAN_POINT('',(91.4754100626811,25.4511431754351,45.9373587243732));
#7599=CARTESIAN_POINT('',(91.4986599330721,25.8426842527235,45.8115053111413));
#7600=CARTESIAN_POINT('',(91.4231217716454,23.4218839091821,46.1951702909721));
#7601=CARTESIAN_POINT('',(90.3863488235835,24.3022781868102,46.2786771286827));
#7602=CARTESIAN_POINT('',(90.5145744976564,24.1798993537243,46.2683491966363));
#7603=CARTESIAN_POINT('',(90.6457963923245,24.0606132235829,46.257779934116));
#7604=CARTESIAN_POINT('',(90.7796247791695,23.9444287145862,46.2470007317822));
#7605=CARTESIAN_POINT('',(90.9847476397274,23.7663491650993,46.230479118772));
#7606=CARTESIAN_POINT('',(91.1962446524752,23.5955238405266,46.2134440999158));
#7607=CARTESIAN_POINT('',(91.4119106773902,23.4304568899861,46.196073288133));
#7608=CARTESIAN_POINT('',(91.4156464607014,23.4275975876954,46.1957723896081));
#7609=CARTESIAN_POINT('',(91.419384740227,23.4247415694501,46.1954712900258));
#7610=CARTESIAN_POINT('',(91.4231217716454,23.4218839091821,46.1951702909721));
#7611=CARTESIAN_POINT('',(91.4986599330721,25.8426842527235,45.8115053111413));
#7612=CARTESIAN_POINT('',(90.8840115763736,25.1965377210503,46.2385929011675));
#7613=CARTESIAN_POINT('',(90.1866553545988,24.4977951729783,46.294761431555));
#7614=CARTESIAN_POINT('',(91.4573540363563,25.147069563678,46.035097392502));
#7615=CARTESIAN_POINT('',(91.0211189539251,24.6379364857964,46.2275495926491));
#7616=CARTESIAN_POINT('',(90.5733750330659,24.1093388962914,46.2636131097459));
#7617=CARTESIAN_POINT('',(91.4231217806923,24.3325076693088,46.1951702902435));
#7618=CARTESIAN_POINT('',(91.2052629735608,24.042339082626,46.2127177041852));
#7619=CARTESIAN_POINT('',(90.9881422057782,23.7545072370401,46.2302057035784));
#7620=CARTESIAN_POINT('',(91.4231217716452,23.4218839091821,46.1951702909722));
#7621=CARTESIAN_POINT('',(91.4231217716452,23.4218839091821,46.1951702909722));
#7622=CARTESIAN_POINT('',(91.4231217716452,23.4218839091821,46.1951702909722));
#7623=CARTESIAN_POINT('',(90.9137097906975,20.4015039444437,48.0756141035096));
#7624=CARTESIAN_POINT('',(90.9137097906976,15.4015039444437,48.0756141035099));
#7625=CARTESIAN_POINT('',(75.0952888096011,15.4015039444437,42.7811842193043));
#7626=CARTESIAN_POINT('',(76.8939729761878,15.4015039444436,59.36485586954));
#7627=CARTESIAN_POINT('',(76.8939729761877,10.4015039444437,59.3648558695398));
#7628=CARTESIAN_POINT('',(75.0952888096011,10.4015039444437,42.7811842193043));
#7629=CARTESIAN_POINT('',(74.948147675496,20.4015039444436,59.461465380622));
#7630=CARTESIAN_POINT('',(74.9481476754958,15.4015039444436,59.4614653806221));
#7631=CARTESIAN_POINT('',(75.0952888096011,15.4015039444437,42.7811842193043));
#7632=CARTESIAN_POINT('',(59.8791037975339,15.4015039444436,49.6164708857503));
#7633=CARTESIAN_POINT('',(59.8791037975339,10.4015039444436,49.6164708857503));
#7634=CARTESIAN_POINT('',(75.0952888096011,10.4015039444437,42.7811842193043));
#7635=CARTESIAN_POINT('',(75.0952888096011,15.4015039444437,42.7811842193043));
#7636=CARTESIAN_POINT('',(91.4231217716454,15.4015039444437,46.1951702909721));
#7637=CARTESIAN_POINT('',(91.4231217716452,10.4015039444437,46.1951702909722));
#7638=CARTESIAN_POINT('',(75.0952888096011,10.4015039444437,42.7811842193043));
#7639=CARTESIAN_POINT('',(59.1859296064846,20.4015039444436,47.7957350346978));
#7640=CARTESIAN_POINT('',(59.1859296064846,15.4015039444436,47.7957350346978));
#7641=CARTESIAN_POINT('',(75.0952888096011,15.4015039444437,42.7811842193043));
#7642=CARTESIAN_POINT('',(75.0952888096011,10.4015039444437,42.7811842193043));
#7643=CARTESIAN_POINT('',(45.0952888096013,-30.2808440954507,72.7811842193043));
#7644=CARTESIAN_POINT('',(45.0952888096015,-30.2808440954507,12.7811842193043));
#7645=CARTESIAN_POINT('',(105.095288809601,119.366155819181,72.7811842193044));
#7646=CARTESIAN_POINT('',(-1.64291119695685E-13,5.23056831087441E-29,72.7811842193042));
#7647=CARTESIAN_POINT('',(105.095288809601,24.7191559045493,45.0944068820481));
#7648=CARTESIAN_POINT('',(105.095288809601,119.366155819181,12.7811842193044));
#7649=CARTESIAN_POINT('',(97.9978031926058,24.7191559045493,44.8444068820481));
#7650=CARTESIAN_POINT('',(97.9975110831078,24.7238744524074,44.8444068820481));
#7651=CARTESIAN_POINT('',(97.9971933956663,24.7285933669128,44.8445405836015));
#7652=CARTESIAN_POINT('',(97.9968510120101,24.733300979976,44.8448073691456));
#7653=CARTESIAN_POINT('',(97.994851341205,24.7607955061725,44.8463655138004));
#7654=CARTESIAN_POINT('',(97.9919457663713,24.7883258227459,44.8526099429952));
#7655=CARTESIAN_POINT('',(97.9884617815556,24.8136828582691,44.86296649011));
#7656=CARTESIAN_POINT('',(97.9849434508151,24.8392898692892,44.8734251344518));
#7657=CARTESIAN_POINT('',(97.9807479217807,24.863375219373,44.8883504288378));
#7658=CARTESIAN_POINT('',(97.9763880790971,24.8840733476731,44.9065179868108));
#7659=CARTESIAN_POINT('',(97.9719421576804,24.9051801303201,44.9250442367113));
#7660=CARTESIAN_POINT('',(97.967212970328,24.9233424270004,44.9474484832237));
#7661=CARTESIAN_POINT('',(97.9627883245099,24.9371021664859,44.9719347345702));
#7662=CARTESIAN_POINT('',(97.9583223414971,24.9509904561547,44.9966497483944));
#7663=CARTESIAN_POINT('',(97.9540511925506,24.960774216983,45.0241822792994));
#7664=CARTESIAN_POINT('',(97.950479390764,24.965576016665,45.0522508819425));
#7665=CARTESIAN_POINT('',(97.9469389537893,24.9703356506409,45.0800730077384));
#7666=CARTESIAN_POINT('',(97.9439911179126,24.9703247744523,45.1092083545716));
#7667=CARTESIAN_POINT('',(97.9418995404846,24.965472964531,45.1371608989586));
#7668=CARTESIAN_POINT('',(97.9398436213311,24.9607038707298,45.1646368941696));
#7669=CARTESIAN_POINT('',(97.9385542147636,24.9511227328991,45.1917362134787));
#7670=CARTESIAN_POINT('',(97.938012771611,24.937507837798,45.2161542978176));
#7671=CARTESIAN_POINT('',(97.9374766083613,24.9240257088479,45.2403342683077));
#7672=CARTESIAN_POINT('',(97.9376495349224,24.9062210269032,45.2625524145777));
#7673=CARTESIAN_POINT('',(97.9383174675678,24.8855625409326,45.280978132158));
#7674=CARTESIAN_POINT('',(97.9389867279362,24.8648629898216,45.2994404765599));
#7675=CARTESIAN_POINT('',(97.9401611520846,24.8407342724488,45.3146034202281));
#7676=CARTESIAN_POINT('',(97.9415620513881,24.8151488737441,45.3252430790909));
#7677=CARTESIAN_POINT('',(97.9429723782984,24.7893912934422,45.3359543394743));
#7678=CARTESIAN_POINT('',(97.9446442104231,24.7614509296262,45.3423753947472));
#7679=CARTESIAN_POINT('',(97.9463531947853,24.7336183717531,45.3439882055528));
#7680=CARTESIAN_POINT('',(97.9466488399038,24.7288034886842,45.3442672131624));
#7681=CARTESIAN_POINT('',(97.9469466697354,24.7239786441781,45.3444068820481));
#7682=CARTESIAN_POINT('',(97.9472458899257,24.7191559045493,45.3444068820481));
#7683=CARTESIAN_POINT('',(75.0952888096012,24.6512071239404,42.7811842193044));
#7684=CARTESIAN_POINT('',(75.0952888096012,24.5653056580569,42.7811842193044));
#7685=CARTESIAN_POINT('',(75.0952888096013,15.3291186885825,42.7811842193044));
#7686=CARTESIAN_POINT('',(75.0952888096013,14.0699435591579,42.7811842193044));
#7687=CARTESIAN_POINT('',(75.0952888096013,15.4015039444437,42.7811842193044));
#7688=CARTESIAN_POINT('',(75.0952888096012,20.4015039444437,42.7811842193044));
#7689=CARTESIAN_POINT('',(91.4231217716454,15.4015039444437,46.1951702909721));
#7690=CARTESIAN_POINT('',(91.4231217716454,35.4015039444437,46.1951702909722));
#7691=CARTESIAN_POINT('',(76.8939729761878,15.4015039444436,59.36485586954));
#7692=CARTESIAN_POINT('',(76.8939729761878,35.4015039444436,59.36485586954));
#7693=CARTESIAN_POINT('',(88.6563402084522,15.4015039444437,46.4996687206459));
#7694=CARTESIAN_POINT('',(88.6563402084522,35.4015039444437,46.4996687206459));
#7695=CARTESIAN_POINT('',(59.8791037975339,15.4015039444436,49.6164708857503));
#7696=CARTESIAN_POINT('',(59.8791037975339,35.4015039444436,49.6164708857503));
#7697=CARTESIAN_POINT('',(75.749395237695,15.4015039444436,56.8275854242295));
#7698=CARTESIAN_POINT('',(75.749395237695,35.4015039444436,56.8275854242295));
#7699=CARTESIAN_POINT('',(61.938497415572,15.4015039444436,47.7438530822241));
#7700=CARTESIAN_POINT('',(61.938497415572,35.4015039444436,47.7438530822241));
#7701=CARTESIAN_POINT('',(75.0952888096013,15.4015039444437,42.7811842193044));
#7702=CARTESIAN_POINT('',(66.5467042982294,119.366155819181,55.9330158732714));
#7703=CARTESIAN_POINT('',(84.8992276440168,119.366155819181,55.0258465802434));
#7704=CARTESIAN_POINT('',(105.095288809601,24.7191559045493,45.0944068820481));
#7705=CARTESIAN_POINT('',(51.8915204604048,79.6118096454032,42.7811842193043));
#7706=CARTESIAN_POINT('',(98.0952888096011,79.3661558191812,42.7811842193044));
#7707=CARTESIAN_POINT('',(89.6651206774223,114.366155819181,36.970076549868));
#7708=CARTESIAN_POINT('',(89.6651206774223,112.366155819181,36.970076549868));
#7709=CARTESIAN_POINT('',(89.6651206774223,119.366155819181,36.970076549868));
#7710=CARTESIAN_POINT('',(75.0952888096013,112.366155819181,42.7811842193044));
#7711=CARTESIAN_POINT('',(89.3691733849656,112.366155819181,36.2769400563341));
#7712=CARTESIAN_POINT('',(89.3691733849656,-119.366155819181,36.2769400563341));
#7713=CARTESIAN_POINT('',(89.3691733849656,32.3661558191812,36.2769400563341));
#7714=CARTESIAN_POINT('',(84.7462292588794,27.2977773365783,30.4155737836306));
#7715=CARTESIAN_POINT('',(85.9447219239306,30.0234159630429,31.3509567474944));
#7716=CARTESIAN_POINT('',(88.0617879692356,32.0143619634835,33.4078182872149));
#7717=CARTESIAN_POINT('',(89.3691733849656,32.3661558191812,36.2769400563341));
#7718=CARTESIAN_POINT('',(84.7462292588794,27.2977773365783,30.4155737836306));
#7719=CARTESIAN_POINT('',(84.1959706013659,24.70047386817,30.0051690374333));
#7720=CARTESIAN_POINT('',(84.2278591854427,25.6085685301286,30.0278840900019));
#7721=CARTESIAN_POINT('',(84.3964003649112,26.5021886994027,30.1425441713291));
#7722=CARTESIAN_POINT('',(84.7462292588794,27.2977773365783,30.4155737836306));
#7723=CARTESIAN_POINT('',(84.1959706013656,24.7004738681767,30.0051690374337));
#7724=CARTESIAN_POINT('',(84.1959706013656,24.7004738681767,30.0051690374337));
#7725=CARTESIAN_POINT('',(84.1913128303362,24.5678340181781,30.0018511882144));
#7726=CARTESIAN_POINT('',(84.188939377,24.435041256834,30.0001634321995));
#7727=CARTESIAN_POINT('',(84.1889393770005,24.3022781868105,30.0001634321999));
#7728=CARTESIAN_POINT('',(84.1889393770005,24.3022781868105,30.0001634321999));
#7729=CARTESIAN_POINT('',(84.1889393770005,-119.366155819181,30.0001634321999));
#7730=CARTESIAN_POINT('',(84.1889393770005,15.4015039444437,30.0001634321999));
#7731=CARTESIAN_POINT('',(75.0952888096013,15.4015039444436,42.7811842193044));
#7732=CARTESIAN_POINT('',(83.1467996380894,15.4015039444437,29.3193066986502));
#7733=CARTESIAN_POINT('',(83.1467996380895,-119.366155819181,29.3193066986502));
#7734=CARTESIAN_POINT('',(83.1467996380894,24.3022781868101,29.3193066986502));
#7735=CARTESIAN_POINT('',(83.1393911851501,24.7004738681615,29.3148784907984));
#7736=CARTESIAN_POINT('',(83.1443006164399,24.5678340181679,29.3178111412741));
#7737=CARTESIAN_POINT('',(83.1467996380897,24.4350412568286,29.3193066986504));
#7738=CARTESIAN_POINT('',(83.1467996380894,24.3022781868101,29.3193066986502));
#7739=CARTESIAN_POINT('',(83.1393911851501,24.7004738681615,29.3148784907984));
#7740=CARTESIAN_POINT('',(83.1393911851521,24.7004738681821,29.314878490784));
#7741=CARTESIAN_POINT('',(83.10576365143,25.6090008980749,29.2947910719068));
#7742=CARTESIAN_POINT('',(82.9342757145906,26.4997402422632,29.1871635967101));
#7743=CARTESIAN_POINT('',(82.5425138245566,27.297777336578,28.9758297298688));
#7744=CARTESIAN_POINT('',(82.5425138245566,27.297777336578,28.9758297298687));
#7745=CARTESIAN_POINT('',(75.3177973865054,32.3661558191812,27.0968141989446));
#7746=CARTESIAN_POINT('',(78.4697876413334,32.0144340601548,27.1415303631965));
#7747=CARTESIAN_POINT('',(81.1919466132252,30.0489452281617,28.2472734346789));
#7748=CARTESIAN_POINT('',(82.5425138245566,27.297777336578,28.9758297298687));
#7749=CARTESIAN_POINT('',(75.3177973865054,32.3661558191812,27.0968141989446));
#7750=CARTESIAN_POINT('',(75.3177973865057,-119.366155819181,27.0968141989446));
#7751=CARTESIAN_POINT('',(75.3177973865052,112.366155819181,27.0968141989446));
#7752=CARTESIAN_POINT('',(75.0952888096013,112.366155819181,42.7811842193044));
#7753=CARTESIAN_POINT('',(74.547368043378,112.366155819181,27.104808495423));
#7754=CARTESIAN_POINT('',(74.547368043378,114.366155819181,27.104808495423));
#7755=CARTESIAN_POINT('',(74.547368043378,119.366155819181,27.104808495423));
#7756=CARTESIAN_POINT('',(75.0952888096013,119.366155819181,42.7811842193044));
#7757=CARTESIAN_POINT('',(75.0952888096013,-119.366155819181,42.7811842193044));
#7758=CARTESIAN_POINT('',(74.0480308457514,114.366155819181,27.1302346072358));
#7759=CARTESIAN_POINT('',(74.0480308457514,112.366155819181,27.1302346072358));
#7760=CARTESIAN_POINT('',(74.0480308457514,119.366155819181,27.1302346072358));
#7761=CARTESIAN_POINT('',(75.0952888096013,112.366155819181,42.7811842193044));
#7762=CARTESIAN_POINT('',(73.3202579243676,112.366155819181,27.1959912991374));
#7763=CARTESIAN_POINT('',(73.3202579243679,-119.366155819181,27.1959912991374));
#7764=CARTESIAN_POINT('',(73.3202579243677,32.3661558191812,27.1959912991374));
#7765=CARTESIAN_POINT('',(66.3171990373139,27.2977773365783,29.7814106461986));
#7766=CARTESIAN_POINT('',(67.5771557014626,30.0234159630429,28.9306256194524));
#7767=CARTESIAN_POINT('',(70.1875566581441,32.0143619634835,27.5527813324877));
#7768=CARTESIAN_POINT('',(73.3202579243677,32.3661558191812,27.1959912991374));
#7769=CARTESIAN_POINT('',(66.3171990373139,27.2977773365783,29.7814106461986));
#7770=CARTESIAN_POINT('',(65.7568416526541,24.7004738681719,30.1779156869381));
#7771=CARTESIAN_POINT('',(65.7693723308575,25.0622023398168,30.1686310259041));
#7772=CARTESIAN_POINT('',(65.8013925610073,25.4244238494694,30.1448154093577));
#7773=CARTESIAN_POINT('',(65.8605233731834,25.7790215535801,30.1017488873703));
#7774=CARTESIAN_POINT('',(65.948602682283,26.3072186074852,30.0375984155202));
#7775=CARTESIAN_POINT('',(66.099471924178,26.8267727008809,29.9284307565274));
#7776=CARTESIAN_POINT('',(66.3171990373139,27.2977773365783,29.7814106461986));
#7777=CARTESIAN_POINT('',(65.7568416526541,24.7004738681719,30.1779156869381));
#7778=CARTESIAN_POINT('',(65.7568416526541,24.7004738681719,30.1779156869381));
#7779=CARTESIAN_POINT('',(65.7522468601294,24.567834018175,30.1813202186339));
#7780=CARTESIAN_POINT('',(65.7499082713553,24.4350412568324,30.1830559615936));
#7781=CARTESIAN_POINT('',(65.7499082713555,24.3022781868106,30.1830559615935));
#7782=CARTESIAN_POINT('',(65.7499082713555,24.3022781868106,30.1830559615935));
#7783=CARTESIAN_POINT('',(65.7499082713556,-119.366155819181,30.1830559615934));
#7784=CARTESIAN_POINT('',(65.7499082713555,15.4015039444437,30.1830559615935));
#7785=CARTESIAN_POINT('',(75.0952888096013,15.4015039444436,42.7811842193044));
#7786=CARTESIAN_POINT('',(64.7803361484126,15.4015039444437,30.9637934497735));
#7787=CARTESIAN_POINT('',(64.7803361484127,-119.366155819181,30.9637934497734));
#7788=CARTESIAN_POINT('',(64.7803361484127,24.3022781868101,30.9637934497735));
#7789=CARTESIAN_POINT('',(64.7803361484127,24.3022781868101,30.9637934497735));
#7790=CARTESIAN_POINT('',(64.7803361484127,24.4350412568364,30.9637934497735));
#7791=CARTESIAN_POINT('',(64.7781415486521,24.5678340181833,30.965708007945));
#7792=CARTESIAN_POINT('',(64.7738353346052,24.7004738681847,30.9694709157295));
#7793=CARTESIAN_POINT('',(64.7738353345982,24.700473868191,30.9694709157259));
#7794=CARTESIAN_POINT('',(64.7738353346158,24.7004738681713,30.9694709157348));
#7795=CARTESIAN_POINT('',(64.7444030019043,25.6070475205292,30.995189830928));
#7796=CARTESIAN_POINT('',(64.5878412701324,26.502579550874,31.1261745157036));
#7797=CARTESIAN_POINT('',(64.2669355532144,27.2977773365781,31.4323631899088));
#7798=CARTESIAN_POINT('',(64.2669355532144,27.2977773365781,31.4323631899088));
#7799=CARTESIAN_POINT('',(64.2669355532144,27.2977773365781,31.4323631899088));
#7800=CARTESIAN_POINT('',(63.1566891208392,30.0489452281617,32.4916926603676));
#7801=CARTESIAN_POINT('',(61.2638715836529,32.0144340601548,34.7389262884761));
#7802=CARTESIAN_POINT('',(60.2473254294113,32.3661558191812,37.722829104952));
#7803=CARTESIAN_POINT('',(60.2473254294114,32.3661558191812,37.722829104952));
#7804=CARTESIAN_POINT('',(60.2473254294114,-119.366155819181,37.7228291049517));
#7805=CARTESIAN_POINT('',(60.2473254294113,112.366155819181,37.7228291049521));
#7806=CARTESIAN_POINT('',(75.0952888096013,112.366155819181,42.7811842193044));
#7807=CARTESIAN_POINT('',(60.0154919341856,112.366155819181,38.4627702513573));
#7808=CARTESIAN_POINT('',(60.0154919341856,114.366155819181,38.4627702513573));
#7809=CARTESIAN_POINT('',(60.0154919341856,119.366155819181,38.4627702513573));
#7810=CARTESIAN_POINT('',(75.0952888096013,119.366155819181,42.7811842193044));
#7811=CARTESIAN_POINT('',(75.0952888096013,-119.366155819181,42.7811842193044));
#7812=CARTESIAN_POINT('',(59.885521965909,114.366155819181,38.9455662035375));
#7813=CARTESIAN_POINT('',(59.885521965909,112.366155819181,38.9455662035375));
#7814=CARTESIAN_POINT('',(59.885521965909,119.366155819181,38.9455662035375));
#7815=CARTESIAN_POINT('',(75.0952888096013,112.366155819181,42.7811842193044));
#7816=CARTESIAN_POINT('',(59.7243748160818,112.366155819181,39.6532494363873));
#7817=CARTESIAN_POINT('',(59.7243748160818,-119.366155819181,39.653249436387));
#7818=CARTESIAN_POINT('',(59.7243748160818,32.3661558191812,39.6532494363872));
#7819=CARTESIAN_POINT('',(59.7243748160818,32.3661558191812,39.6532494363872));
#7820=CARTESIAN_POINT('',(59.5044985063371,32.2431283189319,40.7337386667751));
#7821=CARTESIAN_POINT('',(59.4093405436418,31.9213591955812,41.7929071043847));
#7822=CARTESIAN_POINT('',(59.4093405436418,31.4329883956727,42.7811842193043));
#7823=CARTESIAN_POINT('',(59.4093405436418,31.4329883956727,42.7811842193043));
#7824=CARTESIAN_POINT('',(59.4093405436418,-119.366155819181,42.7811842193043));
#7825=CARTESIAN_POINT('',(59.4093405436418,119.366155819181,42.7811842193043));
#7826=CARTESIAN_POINT('',(75.0952888096013,119.366155819181,42.7811842193044));
#7827=CARTESIAN_POINT('',(75.0952888096013,-119.366155819181,42.7811842193044));
#7828=CARTESIAN_POINT('',(75.0952888096013,-22.2808440954507,42.7811842193044));
#7829=CARTESIAN_POINT('',(71.7595023719744,-22.2808440954507,42.7811842193043));
#7830=CARTESIAN_POINT('',(78.4310752472282,-22.2808440954507,42.7811842193044));
#7831=CARTESIAN_POINT('',(70.3452888096013,-21.7808440954508,42.7811842193043));
#7832=CARTESIAN_POINT('',(69.8391996019122,-20.3687981635277,42.7811842193043));
#7833=CARTESIAN_POINT('',(75.0952888096013,-20.3687981635277,42.7811842193044));
#7834=CARTESIAN_POINT('',(80.3513780172904,-20.3687981635277,42.7811842193044));
#7835=CARTESIAN_POINT('',(79.8452888096013,-21.7808440954508,42.7811842193044));
#7836=CARTESIAN_POINT('',(75.0952888096013,-21.7808440954508,42.7811842193044));
#7837=CARTESIAN_POINT('',(69.3699870929573,102.366155819181,42.7811842193044));
#7838=CARTESIAN_POINT('',(73.3699870929573,102.366155819181,42.7811842193044));
#7839=CARTESIAN_POINT('',(75.0952888096012,-22.2808440954507,42.7811842193044));
#7840=CARTESIAN_POINT('',(75.0952888096013,-23.8905477658689,42.7811842193044));
#7841=CARTESIAN_POINT('',(81.596249058607,-19.5346943419431,42.7811842193044));
#7842=CARTESIAN_POINT('',(67.7932522369015,-1.05778505503716,42.7811842193044));
#7843=CARTESIAN_POINT('',(85.0714159326247,-16.3346943419431,42.7811842193044));
#7844=CARTESIAN_POINT('',(75.0952888096013,-27.6176805954964,42.7811842193044));
#7845=CARTESIAN_POINT('',(85.9343838516177,-15.3586787953107,42.7811842193044));
#7846=CARTESIAN_POINT('',(75.0952888096013,-31.4177677472091,42.7811842193044));
#7847=CARTESIAN_POINT('',(86.2730508923295,-14.8569132779141,42.7811842193044));
#7848=CARTESIAN_POINT('',(67.7932522369015,-1.05778505503716,42.7811842193044));
#7849=CARTESIAN_POINT('',(87.5029590330409,-13.0346943419431,42.7811842193044));
#7850=CARTESIAN_POINT('',(75.0952888096013,-33.4532794935021,42.7811842193044));
#7851=CARTESIAN_POINT('',(88.1017168611759,-12.0493532199784,42.7811842193044));
#7852=CARTESIAN_POINT('',(75.0952888096013,-45.0533832274185,42.7811842193044));
#7853=CARTESIAN_POINT('',(88.1935090096057,-11.8164290989814,42.7811842193044));
#7854=CARTESIAN_POINT('',(67.7932522369015,-1.05778505503716,42.7811842193044));
#7855=CARTESIAN_POINT('',(90.0952888096013,-6.93469434194303,42.7811842193044));
#7856=CARTESIAN_POINT('',(15.5276401401361,12.7149598741546,42.7811842193042));
#7857=CARTESIAN_POINT('',(92.4790250979653,7.72221594150858,42.7811842193044));
#7858=CARTESIAN_POINT('',(89.1568453529073,13.4015039444437,42.7811842193044));
#7859=CARTESIAN_POINT('',(89.1175815690549,12.2674870180207,42.7811842193044));
#7860=CARTESIAN_POINT('',(90.6877977764009,11.129660042417,42.7811842193044));
#7861=CARTESIAN_POINT('',(91.7855378531202,9.94141713866655,42.7811842193044));
#7862=CARTESIAN_POINT('',(92.6147017245933,7.59505673658776,42.7811842193044));
#7863=CARTESIAN_POINT('',(92.7762633771145,5.90150394444367,42.7811842193044));
#7864=CARTESIAN_POINT('',(89.1568785925415,13.4015039444437,42.7811842193044));
#7865=CARTESIAN_POINT('',(89.1569118321757,60.4015039444437,42.7811842193044));
#7866=CARTESIAN_POINT('',(89.1569118321757,20.4262963393672,42.7811842193044));
#7867=CARTESIAN_POINT('',(89.6962509663854,30.7711692937307,42.7811842193044));
#7868=CARTESIAN_POINT('',(89.6961743658698,30.7697001940338,42.7811842193044));
#7869=CARTESIAN_POINT('',(89.6960977653573,30.7682310943367,42.7811842193044));
#7870=CARTESIAN_POINT('',(89.696021164848,30.7667619946394,42.7811842193044));
#7871=CARTESIAN_POINT('',(89.6678351472456,30.2261902634421,42.7811842193044));
#7872=CARTESIAN_POINT('',(89.6396495556002,29.6856185100347,42.7811842193044));
#7873=CARTESIAN_POINT('',(89.6114643976676,29.1450467340139,42.7811842193044));
#7874=CARTESIAN_POINT('',(89.5832792397351,28.6044749579931,42.7811842193044));
#7875=CARTESIAN_POINT('',(89.555094515515,28.0639031593585,42.7811842193044));
#7876=CARTESIAN_POINT('',(89.5269102329522,27.5233313376971,42.7811842193044));
#7877=CARTESIAN_POINT('',(89.4987259503894,26.9827595160356,42.7811842193044));
#7878=CARTESIAN_POINT('',(89.4705421094835,26.4421876713468,42.7811842193044));
#7879=CARTESIAN_POINT('',(89.4423587183745,25.9016158032076,42.7811842193044));
#7880=CARTESIAN_POINT('',(89.4141753272654,25.3610439350683,42.7811842193044));
#7881=CARTESIAN_POINT('',(89.3859923859527,24.8204720434781,42.7811842193044));
#7882=CARTESIAN_POINT('',(89.3578099027772,24.2799001280034,42.7811842193044));
#7883=CARTESIAN_POINT('',(89.3296274196018,23.7393282125286,42.7811842193044));
#7884=CARTESIAN_POINT('',(89.3014453945632,23.1987562731689,42.7811842193044));
#7885=CARTESIAN_POINT('',(89.2732638362094,22.6581843094797,42.7811842193044));
#7886=CARTESIAN_POINT('',(89.2344789433155,21.914221699254,42.7811842193044));
#7887=CARTESIAN_POINT('',(89.1956949343221,21.1702590429475,42.7811842193044));
#7888=CARTESIAN_POINT('',(89.1569118321757,20.4262963393672,42.7811842193044));
#7889=CARTESIAN_POINT('',(89.6962509663854,30.7711692937307,42.7811842193044));
#7890=CARTESIAN_POINT('',(75.0952888096012,23.4218839091821,42.7811842193044));
#7891=CARTESIAN_POINT('',(90.7812370755607,30.4824827912686,42.7811842193044));
#7892=CARTESIAN_POINT('',(90.7812370755607,-119.366155819181,42.7811842193044));
#7893=CARTESIAN_POINT('',(90.7812370755607,119.366155819181,42.7811842193044));
#7894=CARTESIAN_POINT('',(45.0952888096015,119.366155819181,42.7811842193043));
#7895=CARTESIAN_POINT('',(75.0952888096012,23.4218839091821,42.7811842193044));
#7896=CARTESIAN_POINT('',(60.4528353170939,31.5669140268732,42.7811842193047));
#7897=CARTESIAN_POINT('',(61.0336657870268,20.4262963393629,42.7811842192929));
#7898=CARTESIAN_POINT('',(61.0067717889318,20.9421945121633,42.7811842192929));
#7899=CARTESIAN_POINT('',(60.979877354747,21.4580926622303,42.7811842193044));
#7900=CARTESIAN_POINT('',(60.9529824921641,21.9739907899638,42.7811842193044));
#7901=CARTESIAN_POINT('',(60.9260876295813,22.4898889176972,42.7811842193044));
#7902=CARTESIAN_POINT('',(60.8991923386,23.0057870230975,42.7811842193044));
#7903=CARTESIAN_POINT('',(60.8722966267323,23.5216851065552,42.7811842193044));
#7904=CARTESIAN_POINT('',(60.8454009148647,24.0375831900129,42.7811842193044));
#7905=CARTESIAN_POINT('',(60.8185047821103,24.5534812515283,42.7811842193043));
#7906=CARTESIAN_POINT('',(60.7916082358069,25.0693792914831,42.7811842193043));
#7907=CARTESIAN_POINT('',(60.7647116895035,25.5852773314378,42.7811842193043));
#7908=CARTESIAN_POINT('',(60.7378147296508,26.1011753498322,42.7811842193044));
#7909=CARTESIAN_POINT('',(60.710917363417,26.6170733470389,42.7811842193044));
#7910=CARTESIAN_POINT('',(60.6840199971832,27.1329713442456,42.7811842193044));
#7911=CARTESIAN_POINT('',(60.6571222245681,27.6488693202649,42.7811842193043));
#7912=CARTESIAN_POINT('',(60.6302240525755,28.1647672754611,42.7811842193043));
#7913=CARTESIAN_POINT('',(60.6033258805828,28.6806652306573,42.7811842193043));
#7914=CARTESIAN_POINT('',(60.5764273092123,29.1965631650307,42.7811842193044));
#7915=CARTESIAN_POINT('',(60.549528345308,29.7124610789372,42.7811842193044));
#7916=CARTESIAN_POINT('',(60.5172978956272,30.3306120907668,42.7811842193044));
#7917=CARTESIAN_POINT('',(60.4850668823957,30.9487630732131,42.7811842193047));
#7918=CARTESIAN_POINT('',(60.4528353170939,31.5669140268732,42.7811842193047));
#7919=CARTESIAN_POINT('',(61.0336657870268,20.4262963393629,42.7811842192929));
#7920=CARTESIAN_POINT('',(61.0336657870268,60.4015039444436,42.7811842193044));
#7921=CARTESIAN_POINT('',(61.033699026661,13.4015039444436,42.7811842193043));
#7922=CARTESIAN_POINT('',(57.414314242088,5.90150394444364,42.7811842193043));
#7923=CARTESIAN_POINT('',(57.5758758946092,7.59505673658773,42.7811842193043));
#7924=CARTESIAN_POINT('',(58.4050397660823,9.94141713866652,42.7811842193043));
#7925=CARTESIAN_POINT('',(59.5027798428016,11.129660042417,42.7811842193043));
#7926=CARTESIAN_POINT('',(61.0729960501477,12.2674870180206,42.7811842193043));
#7927=CARTESIAN_POINT('',(61.0337322662952,13.4015039444436,42.7811842193043));
#7928=CARTESIAN_POINT('',(57.7115525212372,7.72221594150855,42.7811842193043));
#7929=CARTESIAN_POINT('',(134.662937479066,12.7149598741548,42.7811842193045));
#7930=CARTESIAN_POINT('',(60.0952888096013,-6.93469434194305,42.7811842193043));
#7931=CARTESIAN_POINT('',(82.397325382301,-1.05778505503715,42.7811842193044));
#7932=CARTESIAN_POINT('',(61.9970686095969,-11.8164290989814,42.7811842193044));
#7933=CARTESIAN_POINT('',(75.0952888096013,-45.0533832274185,42.7811842193044));
#7934=CARTESIAN_POINT('',(62.0888607580266,-12.0493532199784,42.7811842193044));
#7935=CARTESIAN_POINT('',(75.0952888096013,-33.4532794935021,42.7811842193044));
#7936=CARTESIAN_POINT('',(62.6876185861616,-13.0346943419431,42.7811842193044));
#7937=CARTESIAN_POINT('',(82.397325382301,-1.05778505503715,42.7811842193044));
#7938=CARTESIAN_POINT('',(63.917526726873,-14.8569132779141,42.7811842193044));
#7939=CARTESIAN_POINT('',(75.0952888096013,-31.4177677472091,42.7811842193044));
#7940=CARTESIAN_POINT('',(64.2561937675849,-15.3586787953107,42.7811842193044));
#7941=CARTESIAN_POINT('',(75.0952888096013,-27.6176805954964,42.7811842193044));
#7942=CARTESIAN_POINT('',(65.1191616865779,-16.3346943419431,42.7811842193044));
#7943=CARTESIAN_POINT('',(82.397325382301,-1.05778505503715,42.7811842193044));
#7944=CARTESIAN_POINT('',(68.5943285605956,-19.5346943419431,42.7811842193044));
#7945=CARTESIAN_POINT('',(75.0952888096013,-23.8905477658689,42.7811842193044));
#7946=CARTESIAN_POINT('',(75.0952888096013,44.5426558618653,42.7811842193044));
#7947=CARTESIAN_POINT('',(75.0952888096013,7.72221594150856,42.7811842193044));
#7948=CARTESIAN_POINT('',(75.0952888096013,-6.93469434194304,42.7811842193044));
#7949=CARTESIAN_POINT('',(60.0952888096012,-6.93469434194302,42.7811842193043));
#7950=CARTESIAN_POINT('',(60.0952888096013,-6.93469434194301,12.7811842193043));
#7951=CARTESIAN_POINT('',(90.0952888096014,-6.93469434194298,12.7811842193043));
#7952=CARTESIAN_POINT('',(90.0952888096013,-6.934694341943,42.7811842193044));
#7953=CARTESIAN_POINT('',(58.8300756822723,-2.13339010864166,42.7811842193043));
#7954=CARTESIAN_POINT('',(58.8300756822724,-2.13339010864165,10.2507579646464));
#7955=CARTESIAN_POINT('',(91.3605019369303,-2.13339010864162,10.2507579646464));
#7956=CARTESIAN_POINT('',(91.3605019369302,-2.13339010864164,42.7811842193044));
#7957=CARTESIAN_POINT('',(58.0330281612411,2.7674263383905,42.7811842193043));
#7958=CARTESIAN_POINT('',(58.0330281612412,2.76742633839052,8.65666292258403));
#7959=CARTESIAN_POINT('',(92.1575494579615,2.76742633839055,8.65666292258408));
#7960=CARTESIAN_POINT('',(92.1575494579614,2.76742633839053,42.7811842193044));
#7961=CARTESIAN_POINT('',(57.7115525212372,7.72221594150858,42.7811842193043));
#7962=CARTESIAN_POINT('',(57.7115525212373,7.7222159415086,8.01371164257621));
#7963=CARTESIAN_POINT('',(92.4790250979654,7.72221594150863,8.01371164257626));
#7964=CARTESIAN_POINT('',(92.4790250979653,7.72221594150861,42.7811842193044));
#7965=CARTESIAN_POINT('',(75.0952888096013,-11.8164290989814,42.7811842193044));
#7966=CARTESIAN_POINT('',(61.9970686095969,-11.8164290989814,42.7811842193044));
#7967=CARTESIAN_POINT('',(61.9970686095969,-11.8164290989814,16.5847438192955));
#7968=CARTESIAN_POINT('',(88.1935090096057,-11.8164290989814,16.5847438192956));
#7969=CARTESIAN_POINT('',(88.1935090096057,-11.8164290989814,42.7811842193044));
#7970=CARTESIAN_POINT('',(61.1788913995263,-10.2650230758023,42.7811842193044));
#7971=CARTESIAN_POINT('',(61.1788913995263,-10.2650230758023,14.9483893991543));
#7972=CARTESIAN_POINT('',(89.0116862196763,-10.2650230758023,14.9483893991543));
#7973=CARTESIAN_POINT('',(89.0116862196763,-10.2650230758023,42.7811842193044));
#7974=CARTESIAN_POINT('',(60.5422181089218,-8.63072759552157,42.7811842193044));
#7975=CARTESIAN_POINT('',(60.5422181089218,-8.63072759552155,13.6750428179452));
#7976=CARTESIAN_POINT('',(89.6483595102809,-8.63072759552153,13.6750428179453));
#7977=CARTESIAN_POINT('',(89.6483595102808,-8.63072759552154,42.7811842193044));
#7978=CARTESIAN_POINT('',(60.0952888096013,-6.93469434194304,42.7811842193044));
#7979=CARTESIAN_POINT('',(60.0952888096013,-6.93469434194302,12.7811842193042));
#7980=CARTESIAN_POINT('',(90.0952888096014,-6.934694341943,12.7811842193043));
#7981=CARTESIAN_POINT('',(90.0952888096013,-6.93469434194301,42.7811842193044));
#7982=CARTESIAN_POINT('',(75.0952888096013,-12.0493532199784,42.7811842193044));
#7983=CARTESIAN_POINT('',(75.0952888096013,-11.8164290989814,42.7811842193044));
#7984=CARTESIAN_POINT('',(75.0952888096013,-13.0346943419431,42.7811842193044));
#7985=CARTESIAN_POINT('',(75.0952888096013,-12.0493532199784,42.7811842193044));
#7986=CARTESIAN_POINT('',(75.0952888096013,-14.8569132779141,42.7811842193044));
#7987=CARTESIAN_POINT('',(63.917526726873,-14.8569132779141,42.7811842193044));
#7988=CARTESIAN_POINT('',(63.917526726873,-14.8569132779141,20.4256600538477));
#7989=CARTESIAN_POINT('',(86.2730508923296,-14.8569132779141,20.4256600538478));
#7990=CARTESIAN_POINT('',(86.2730508923296,-14.8569132779141,42.7811842193044));
#7991=CARTESIAN_POINT('',(63.4787412534202,-14.2692915766467,42.7811842193044));
#7992=CARTESIAN_POINT('',(63.4787412534202,-14.2692915766467,19.5480891069421));
#7993=CARTESIAN_POINT('',(86.7118363657825,-14.2692915766467,19.5480891069422));
#7994=CARTESIAN_POINT('',(86.7118363657824,-14.2692915766467,42.7811842193044));
#7995=CARTESIAN_POINT('',(63.0684610370089,-13.6614247330574,42.7811842193044));
#7996=CARTESIAN_POINT('',(63.0684610370089,-13.6614247330574,18.7275286741195));
#7997=CARTESIAN_POINT('',(87.1221165821938,-13.6614247330574,18.7275286741196));
#7998=CARTESIAN_POINT('',(87.1221165821937,-13.6614247330574,42.7811842193044));
#7999=CARTESIAN_POINT('',(62.6876185861616,-13.0346943419431,42.7811842193044));
#8000=CARTESIAN_POINT('',(62.6876185861616,-13.0346943419431,17.9658437724249));
#8001=CARTESIAN_POINT('',(87.5029590330411,-13.0346943419431,17.965843772425));
#8002=CARTESIAN_POINT('',(87.502959033041,-13.0346943419431,42.7811842193044));
#8003=CARTESIAN_POINT('',(75.0952888096013,-15.3586787953107,42.7811842193044));
#8004=CARTESIAN_POINT('',(75.0952888096013,-13.0346943419431,42.7811842193044));
#8005=CARTESIAN_POINT('',(75.0952888096013,-16.3346943419431,42.7811842193044));
#8006=CARTESIAN_POINT('',(75.0952888096013,-15.3586787953107,42.7811842193044));
#8007=CARTESIAN_POINT('',(75.0952888096013,-19.5346943419431,42.7811842193044));
#8008=CARTESIAN_POINT('',(68.5943285605957,-19.5346943419431,42.7811842193044));
#8009=CARTESIAN_POINT('',(68.5943285605957,-19.5346943419431,29.7792637212931));
#8010=CARTESIAN_POINT('',(81.5962490586069,-19.5346943419431,29.7792637212931));
#8011=CARTESIAN_POINT('',(81.5962490586069,-19.5346943419431,42.7811842193044));
#8012=CARTESIAN_POINT('',(67.3283502575466,-18.5889574645251,42.7811842193044));
#8013=CARTESIAN_POINT('',(67.3283502575466,-18.5889574645251,27.2473071151949));
#8014=CARTESIAN_POINT('',(82.8622273616561,-18.588957464525,27.2473071151949));
#8015=CARTESIAN_POINT('',(82.862227361656,-18.5889574645251,42.7811842193044));
#8016=CARTESIAN_POINT('',(66.1658862980679,-17.5185384587088,42.7811842193044));
#8017=CARTESIAN_POINT('',(66.1658862980679,-17.5185384587088,24.9223791962375));
#8018=CARTESIAN_POINT('',(84.0246913211348,-17.5185384587088,24.9223791962375));
#8019=CARTESIAN_POINT('',(84.0246913211347,-17.5185384587088,42.7811842193044));
#8020=CARTESIAN_POINT('',(65.1191616865779,-16.3346943419431,42.7811842193044));
#8021=CARTESIAN_POINT('',(65.1191616865779,-16.3346943419431,22.8289299732575));
#8022=CARTESIAN_POINT('',(85.0714159326248,-16.3346943419431,22.8289299732575));
#8023=CARTESIAN_POINT('',(85.0714159326247,-16.3346943419431,42.7811842193044));
#8024=CARTESIAN_POINT('',(75.0952888096013,-19.5346943419431,42.7811842193044));
#8025=CARTESIAN_POINT('',(61.0337322662952,13.4015039444436,42.7811842193043));
#8026=CARTESIAN_POINT('',(61.0337322662954,13.4015039444437,14.6580711326924));
#8027=CARTESIAN_POINT('',(89.1568453529073,13.4015039444437,14.6580711326924));
#8028=CARTESIAN_POINT('',(89.1568453529073,13.4015039444437,42.7811842193044));
#8029=CARTESIAN_POINT('',(67.4044028785915,13.4015039444436,54.5530849161667));
#8030=CARTESIAN_POINT('',(67.425877975029,12.2674870180206,54.5202144894063));
#8031=CARTESIAN_POINT('',(66.56705742408,11.129660042417,55.8347509853166));
#8032=CARTESIAN_POINT('',(65.9666549234077,9.94141713866652,56.7537450621322));
#8033=CARTESIAN_POINT('',(65.5131486039633,7.59505673658773,57.4478954377571));
#8034=CARTESIAN_POINT('',(65.4247834050937,5.90150394444364,57.5831498616925));
#8035=CARTESIAN_POINT('',(75.0952888096013,13.4015039444437,42.7811842193044));
#8036=CARTESIAN_POINT('',(61.0336657870268,20.426296339363,42.7811842192929));
#8037=CARTESIAN_POINT('',(61.0336657870285,20.4262963393628,40.6921369173473));
#8038=CARTESIAN_POINT('',(61.5057459280023,20.4262963393625,38.6083314689337));
#8039=CARTESIAN_POINT('',(63.3044422457524,20.4262963393624,34.8398799741022));
#8040=CARTESIAN_POINT('',(64.6305244992425,20.4262963393626,33.1623212279532));
#8041=CARTESIAN_POINT('',(66.2424826771987,20.4262963393627,31.8561182876456));
#8042=CARTESIAN_POINT('',(66.2424826771988,20.4262963393627,31.8561182876455));
#8043=CARTESIAN_POINT('',(66.2424826771988,35.4015039444437,31.8561182876455));
#8044=CARTESIAN_POINT('',(66.2424826771988,15.4015039444437,31.8561182876455));
#8045=CARTESIAN_POINT('',(75.0952888096013,15.4015039444437,42.7811842193044));
#8046=CARTESIAN_POINT('',(66.3098381171053,15.4015039444437,31.8018810465744));
#8047=CARTESIAN_POINT('',(66.3098381171053,35.4015039444437,31.8018810465744));
#8048=CARTESIAN_POINT('',(66.3098381171053,20.4262963393628,31.8018810465744));
#8049=CARTESIAN_POINT('',(66.3098381171054,20.4262963393626,31.8018810465744));
#8050=CARTESIAN_POINT('',(68.586386489198,20.4262963393628,29.9802259599585));
#8051=CARTESIAN_POINT('',(71.4822075861815,20.4262963393632,28.8816878739477));
#8052=CARTESIAN_POINT('',(77.3132081075007,20.4262963393641,28.5920620276529));
#8053=CARTESIAN_POINT('',(80.2812280458381,20.4262963393646,29.3835472047552));
#8054=CARTESIAN_POINT('',(82.7499764120399,20.4262963393651,30.9856342220356));
#8055=CARTESIAN_POINT('',(82.7499764120405,20.426296339365,30.985634222036));
#8056=CARTESIAN_POINT('',(82.7499764120405,35.4015039444437,30.985634222036));
#8057=CARTESIAN_POINT('',(82.7499764120405,15.4015039444437,30.985634222036));
#8058=CARTESIAN_POINT('',(75.0952888096013,15.4015039444437,42.7811842193044));
#8059=CARTESIAN_POINT('',(82.8223730691818,15.4015039444437,31.032932822848));
#8060=CARTESIAN_POINT('',(82.8223730691818,35.4015039444437,31.032932822848));
#8061=CARTESIAN_POINT('',(82.8223730691818,20.4262963393651,31.032932822848));
#8062=CARTESIAN_POINT('',(82.8223730691818,20.4262963393652,31.032932822848));
#8063=CARTESIAN_POINT('',(84.7661139193532,20.4262963393656,32.3113740836977));
#8064=CARTESIAN_POINT('',(86.3717596178133,20.426296339366,34.063522285927));
#8065=CARTESIAN_POINT('',(88.5806699752956,20.4262963393668,38.1658924312316));
#8066=CARTESIAN_POINT('',(89.1569118321757,20.426296339367,40.4757180232684));
#8067=CARTESIAN_POINT('',(89.1569118321757,20.4262963393673,42.7811842193044));
#8068=CARTESIAN_POINT('',(75.0952888096012,60.4015039444437,42.7811842193044));
#8069=CARTESIAN_POINT('',(75.0952888096013,-22.2808440954507,27.7811842193043));
#8070=CARTESIAN_POINT('',(89.8429227538666,114.366155819181,37.4373778934436));
#8071=CARTESIAN_POINT('',(89.8429227538666,119.366155819181,37.4373778934436));
#8072=CARTESIAN_POINT('',(89.8429227538666,112.366155819181,37.4373778934436));
#8073=CARTESIAN_POINT('',(75.0952888096013,119.366155819181,42.7811842193044));
#8074=CARTESIAN_POINT('',(90.7812370755607,30.4824827912686,42.7811842193044));
#8075=CARTESIAN_POINT('',(90.7812370755607,31.5000725194648,41.403685842779));
#8076=CARTESIAN_POINT('',(90.58788909614,32.1746726911832,39.7855970417829));
#8077=CARTESIAN_POINT('',(90.0807700531064,32.3661558191812,38.1460655689445));
#8078=CARTESIAN_POINT('',(90.0807700531063,32.3661558191812,38.1460655689445));
#8079=CARTESIAN_POINT('',(90.0807700531064,-119.366155819181,38.1460655689446));
#8080=CARTESIAN_POINT('',(90.0807700531063,112.366155819181,38.1460655689444));
#8081=CARTESIAN_POINT('',(75.0952888096013,112.366155819181,42.7811842193044));
#8082=CARTESIAN_POINT('',(75.0952888096013,-119.366155819181,42.7811842193044));
#8083=CARTESIAN_POINT('',(75.0952888096011,112.366155819181,42.7811842193044));
#8084=CARTESIAN_POINT('',(60.6923220329726,112.366155819181,39.9154662098541));
#8085=CARTESIAN_POINT('',(61.2152726463021,112.366155819181,37.985045878419));
#8086=CARTESIAN_POINT('',(61.2152726463022,32.388477121996,37.9850458784188));
#8087=CARTESIAN_POINT('',(61.2152726463022,32.388477121996,37.9850458784188));
#8088=CARTESIAN_POINT('',(61.2152726463022,32.388477121996,37.9850458784188));
#8089=CARTESIAN_POINT('',(60.9975428503525,32.388477121996,38.6151555358596));
#8090=CARTESIAN_POINT('',(60.8224167368989,32.388477121996,39.2616162175356));
#8091=CARTESIAN_POINT('',(60.6923220329726,32.388477121996,39.915466209854));
#8092=CARTESIAN_POINT('',(60.6923220329726,32.388477121996,39.915466209854));
#8093=CARTESIAN_POINT('',(60.6923220329727,10.4015039444436,39.915466209854));
#8094=CARTESIAN_POINT('',(75.0952888096011,10.4015039444437,42.7811842193043));
#8095=CARTESIAN_POINT('',(75.0952888096011,112.366155819181,42.7811842193044));
#8096=CARTESIAN_POINT('',(73.3699870929573,112.366155819181,28.1975932464027));
#8097=CARTESIAN_POINT('',(75.367526555095,112.366155819181,28.09841614621));
#8098=CARTESIAN_POINT('',(75.3675265550951,32.388477121996,28.0984161462099));
#8099=CARTESIAN_POINT('',(75.3675265550951,32.388477121996,28.0984161462099));
#8100=CARTESIAN_POINT('',(75.3675265550951,32.388477121996,28.0984161462099));
#8101=CARTESIAN_POINT('',(74.7009744522753,32.388477121996,28.0860573974493));
#8102=CARTESIAN_POINT('',(74.0320368632227,32.388477121996,28.119269902909));
#8103=CARTESIAN_POINT('',(73.3699870929574,32.388477121996,28.1975932464027));
#8104=CARTESIAN_POINT('',(73.3699870929574,32.388477121996,28.1975932464027));
#8105=CARTESIAN_POINT('',(73.3699870929574,10.4015039444437,28.1975932464027));
#8106=CARTESIAN_POINT('',(75.0952888096011,10.4015039444437,42.7811842193043));
#8107=CARTESIAN_POINT('',(75.0952888096011,112.366155819181,42.7811842193044));
#8108=CARTESIAN_POINT('',(88.4319604844951,112.366155819181,36.6337473294754));
#8109=CARTESIAN_POINT('',(89.1435571526359,112.366155819181,38.5028728420857));
#8110=CARTESIAN_POINT('',(89.1435571526359,32.388477121996,38.5028728420858));
#8111=CARTESIAN_POINT('',(89.1435571526359,32.388477121996,38.5028728420858));
#8112=CARTESIAN_POINT('',(89.1435571526359,32.388477121996,38.5028728420858));
#8113=CARTESIAN_POINT('',(88.9493350937703,32.388477121996,37.8651250578525));
#8114=CARTESIAN_POINT('',(88.711035040837,32.388477121996,37.2391908334021));
#8115=CARTESIAN_POINT('',(88.4319604844952,32.388477121996,36.6337473294754));
#8116=CARTESIAN_POINT('',(88.4319604844952,32.388477121996,36.6337473294754));
#8117=CARTESIAN_POINT('',(88.4319604844952,10.4015039444437,36.6337473294753));
#8118=CARTESIAN_POINT('',(75.0952888096011,10.4015039444437,42.7811842193043));
#8119=CARTESIAN_POINT('',(60.4528353170939,31.5669140268732,42.7811842193047));
#8120=CARTESIAN_POINT('',(60.4421357173641,31.7721155960425,42.3260061501853));
#8121=CARTESIAN_POINT('',(60.454777875047,31.9463426877577,41.8491258780046));
#8122=CARTESIAN_POINT('',(60.5335935239811,32.2149719069971,40.888760680066));
#8123=CARTESIAN_POINT('',(60.5991861718044,32.310674099084,40.4043658085992));
#8124=CARTESIAN_POINT('',(60.693448047773,32.3661558191812,39.915771247115));
#8125=CARTESIAN_POINT('',(60.693448047773,32.3661558191812,39.915771247115));
#8126=CARTESIAN_POINT('',(60.693448047773,32.3661558191812,39.915771247115));
#8127=CARTESIAN_POINT('',(60.6930727095138,32.3735962534532,39.9156695680301));
#8128=CARTESIAN_POINT('',(60.692697371247,32.3810366877248,39.9155678889431));
#8129=CARTESIAN_POINT('',(60.6923220329726,32.388477121996,39.915466209854));
#8130=CARTESIAN_POINT('',(61.2152726463022,32.388477121996,37.9850458784188));
#8131=CARTESIAN_POINT('',(61.2156479845765,32.3810366877248,37.9851475575079));
#8132=CARTESIAN_POINT('',(61.2160233228433,32.3735962534532,37.9852492365949));
#8133=CARTESIAN_POINT('',(61.2163986611025,32.3661558191812,37.9853509156798));
#8134=CARTESIAN_POINT('',(61.2163986611025,32.3661558191812,37.9853509156798));
#8135=CARTESIAN_POINT('',(61.2163986611025,32.3661558191812,37.9853509156798));
#8136=CARTESIAN_POINT('',(61.665810376028,32.2152675666039,36.7088667499944));
#8137=CARTESIAN_POINT('',(62.2931250295743,31.7603458639273,35.5576068067934));
#8138=CARTESIAN_POINT('',(63.6653851184446,30.4038881173332,33.6507355533332));
#8139=CARTESIAN_POINT('',(64.4074794362242,29.5091136491202,32.8924914084432));
#8140=CARTESIAN_POINT('',(65.0681328983489,28.4546426045605,32.3345717008652));
#8141=CARTESIAN_POINT('',(65.0681328983489,28.4546426045605,32.3345717008652));
#8142=CARTESIAN_POINT('',(65.0681328983489,28.4546426045605,32.3345717008652));
#8143=CARTESIAN_POINT('',(65.6175986922103,27.5776385429462,31.8705496187749));
#8144=CARTESIAN_POINT('',(65.9569769283565,26.4788857758526,31.6818786570534));
#8145=CARTESIAN_POINT('',(66.0102743820372,25.3480290147244,31.7144052477734));
#8146=CARTESIAN_POINT('',(66.0102743820374,25.3480290147239,31.7144052477736));
#8147=CARTESIAN_POINT('',(66.0102743820374,25.3480290147239,31.7144052477736));
#8148=CARTESIAN_POINT('',(66.0146642588792,25.2548853171509,31.7170843199897));
#8149=CARTESIAN_POINT('',(66.0190543942325,25.1617416362988,31.7197635499712));
#8150=CARTESIAN_POINT('',(66.0234447889826,25.068597972228,31.7224429382586));
#8151=CARTESIAN_POINT('',(66.0477580058513,24.5527851049656,31.7372809089225));
#8152=CARTESIAN_POINT('',(66.0720791774462,24.0369727522169,31.7521237342297));
#8153=CARTESIAN_POINT('',(66.0964084564458,23.5211609243786,31.7669715073574));
#8154=CARTESIAN_POINT('',(66.1207377354455,23.0053490965369,31.7818192804851));
#8155=CARTESIAN_POINT('',(66.1450751218491,22.48953779343,31.7966720014329));
#8156=CARTESIAN_POINT('',(66.1694207723733,21.9737270257427,31.8115297658424));
#8157=CARTESIAN_POINT('',(66.1937664228977,21.4579162580519,31.8263875302521));
#8158=CARTESIAN_POINT('',(66.2181203375419,20.9421060255982,31.8412503381229));
#8159=CARTESIAN_POINT('',(66.2424826771987,20.4262963393651,31.8561182876454));
#8160=CARTESIAN_POINT('',(61.0341610530973,20.4262963393628,42.8992022021324));
#8161=CARTESIAN_POINT('',(61.0163886478769,20.4262963393628,40.7817277769944));
#8162=CARTESIAN_POINT('',(61.4849063536384,20.4262963393628,38.6616277831192));
#8163=CARTESIAN_POINT('',(62.3933224659899,20.4262963393628,36.7488303640701));
#8164=CARTESIAN_POINT('',(63.3017385783414,20.4262963393628,34.8360329450209));
#8165=CARTESIAN_POINT('',(64.6488039397297,20.4262963393628,33.1331683770681));
#8166=CARTESIAN_POINT('',(66.3011347798651,20.4262963393628,31.8088509701604));
#8167=CARTESIAN_POINT('',(60.826170068921,24.4136897922531,42.8850130457317));
#8168=CARTESIAN_POINT('',(60.8105344180429,24.4136897922531,40.7362171222559));
#8169=CARTESIAN_POINT('',(61.2883803894922,24.4136897922531,38.5853078705689));
#8170=CARTESIAN_POINT('',(62.2123926123027,24.4136897922531,36.6452641065209));
#8171=CARTESIAN_POINT('',(63.1364048351131,24.4136897922531,34.7052203424729));
#8172=CARTESIAN_POINT('',(64.5053127056134,24.4136897922531,32.97870980862));
#8173=CARTESIAN_POINT('',(66.183569651098,24.4136897922531,31.6366881920811));
#8174=CARTESIAN_POINT('',(60.6181802512229,28.4010833946763,42.8708498473289));
#8175=CARTESIAN_POINT('',(60.6046774456554,28.4010833946763,40.690732601176));
#8176=CARTESIAN_POINT('',(61.0918477361078,28.4010833946763,38.5090133695082));
#8177=CARTESIAN_POINT('',(62.0314524758326,28.4010833946763,36.5417217119704));
#8178=CARTESIAN_POINT('',(62.9710572155574,28.4010833946763,34.5744300544325));
#8179=CARTESIAN_POINT('',(64.3618043597068,28.4010833946763,32.8242711819958));
#8180=CARTESIAN_POINT('',(66.0659848535283,28.4010833946763,31.4645423938879));
#8181=CARTESIAN_POINT('',(60.4101913419276,32.388477121996,42.8567093361794));
#8182=CARTESIAN_POINT('',(60.3988179651822,32.388477121996,40.6452709041465));
#8183=CARTESIAN_POINT('',(60.895309129083,32.388477121996,38.4327410446043));
#8184=CARTESIAN_POINT('',(61.8505032522731,32.388477121996,36.4382001251459));
#8185=CARTESIAN_POINT('',(62.8056973754632,32.388477121996,34.4436592056875));
#8186=CARTESIAN_POINT('',(64.218280976227,32.388477121996,32.6698499075807));
#8187=CARTESIAN_POINT('',(65.9483827967026,32.388477121996,31.292411348821));
#8188=CARTESIAN_POINT('',(82.8223730691818,20.4262963393651,31.032932822848));
#8189=CARTESIAN_POINT('',(82.8552375097666,21.1707830196742,31.0080958368324));
#8190=CARTESIAN_POINT('',(82.8880855472659,21.9152708379081,30.9832712472913));
#8191=CARTESIAN_POINT('',(82.920917631201,22.6597597612429,30.9584587145036));
#8192=CARTESIAN_POINT('',(82.944752929583,23.2002407025357,30.9404454161769));
#8193=CARTESIAN_POINT('',(82.9685798194292,23.7407222265355,30.9224384725206));
#8194=CARTESIAN_POINT('',(82.9923984672023,24.2812043211063,30.9044377577321));
#8195=CARTESIAN_POINT('',(83.0080698491615,24.6368123063632,30.8925942610031));
#8196=CARTESIAN_POINT('',(83.0237376630951,24.9924205386945,30.8807534607753));
#8197=CARTESIAN_POINT('',(83.0394019553543,25.3480290147247,30.8689153220191));
#8198=CARTESIAN_POINT('',(83.0394019553543,25.3480290147247,30.8689153220191));
#8199=CARTESIAN_POINT('',(83.0394019553543,25.3480290147247,30.8689153220191));
#8200=CARTESIAN_POINT('',(83.089215858618,26.4788969742551,30.831268942019));
#8201=CARTESIAN_POINT('',(83.445628329697,27.5776607201918,30.9854055432319));
#8202=CARTESIAN_POINT('',(84.0383405825884,28.4546426045608,31.3927078609568));
#8203=CARTESIAN_POINT('',(84.0383405825884,28.4546426045608,31.3927078609568));
#8204=CARTESIAN_POINT('',(84.0383405825884,28.4546426045608,31.3927078609568));
#8205=CARTESIAN_POINT('',(84.7427088636335,29.4968316590089,31.8767384036056));
#8206=CARTESIAN_POINT('',(85.5572043932634,30.3965553822394,32.5562456062303));
#8207=CARTESIAN_POINT('',(87.1152075650705,31.7579775868532,34.3196353882906));
#8208=CARTESIAN_POINT('',(87.858032309477,32.2154795255981,35.4101943428661));
#8209=CARTESIAN_POINT('',(88.4308702229824,32.3661558191812,36.6341624040408));
#8210=CARTESIAN_POINT('',(88.4308702229824,32.3661558191812,36.6341624040408));
#8211=CARTESIAN_POINT('',(88.4308702229824,32.3661558191812,36.6341624040408));
#8212=CARTESIAN_POINT('',(88.4312336434793,32.3735962534533,36.6340240458551));
#8213=CARTESIAN_POINT('',(88.4315970639836,32.3810366877248,36.6338856876666));
#8214=CARTESIAN_POINT('',(88.4319604844952,32.388477121996,36.6337473294754));
#8215=CARTESIAN_POINT('',(89.1435571526359,32.388477121996,38.5028728420858));
#8216=CARTESIAN_POINT('',(89.1431937321243,32.3810366877248,38.503011200277));
#8217=CARTESIAN_POINT('',(89.1428303116201,32.3735962534532,38.5031495584655));
#8218=CARTESIAN_POINT('',(89.1424668911231,32.3661558191812,38.5032879166512));
#8219=CARTESIAN_POINT('',(89.1424668911231,32.3661558191812,38.5032879166512));
#8220=CARTESIAN_POINT('',(89.1424668911231,32.3661558191812,38.5032879166512));
#8221=CARTESIAN_POINT('',(89.3641366837362,32.2796652319781,39.2466575641014));
#8222=CARTESIAN_POINT('',(89.5157039790338,32.0933924860416,39.9918727698928));
#8223=CARTESIAN_POINT('',(89.6922390924327,31.5542930944244,41.4270319332353));
#8224=CARTESIAN_POINT('',(89.7182878288905,31.1938080680837,42.1330293696589));
#8225=CARTESIAN_POINT('',(89.6962509663854,30.7711692937307,42.7811842193044));
#8226=CARTESIAN_POINT('',(82.7525224808596,20.4262963393651,30.9872868764943));
#8227=CARTESIAN_POINT('',(84.7199015440882,20.4262963393651,32.2646153769214));
#8228=CARTESIAN_POINT('',(86.3591308191752,20.4262963393651,34.0429204507525));
#8229=CARTESIAN_POINT('',(87.4723762689126,20.4262963393651,36.1075833881524));
#8230=CARTESIAN_POINT('',(88.58562171865,20.4262963393651,38.1722463255523));
#8231=CARTESIAN_POINT('',(89.1705835203131,20.4262963393651,40.5190017969447));
#8232=CARTESIAN_POINT('',(89.1566642555944,20.4262963393651,42.8646263897778));
#8233=CARTESIAN_POINT('',(82.8790793628758,24.4136897922547,30.8216217405352));
#8234=CARTESIAN_POINT('',(84.8740935759212,24.4136897922547,32.1200616134586));
#8235=CARTESIAN_POINT('',(86.5355394635038,24.4136897922547,33.9265118453224));
#8236=CARTESIAN_POINT('',(87.6629017270388,24.4136897922547,36.0229569651878));
#8237=CARTESIAN_POINT('',(88.7902639905738,24.4136897922547,38.1194020850533));
#8238=CARTESIAN_POINT('',(89.3812136438047,24.4136897922547,40.5015111054199));
#8239=CARTESIAN_POINT('',(89.3644306112165,24.4136897922547,42.8817938919114));
#8240=CARTESIAN_POINT('',(83.0056139491659,28.4010833946771,30.6559432599548));
#8241=CARTESIAN_POINT('',(85.0282655380886,28.4010833946771,31.9754907861504));
#8242=CARTESIAN_POINT('',(86.7119312114913,28.4010833946771,33.8100830290053));
#8243=CARTESIAN_POINT('',(87.8534140264327,28.4010833946771,35.9383081362846));
#8244=CARTESIAN_POINT('',(88.9948968413742,28.4010833946771,38.0665332435639));
#8245=CARTESIAN_POINT('',(89.5918386403443,28.4010833946771,40.4839945743777));
#8246=CARTESIAN_POINT('',(89.5721961723697,28.4010833946771,42.8989354219996));
#8247=CARTESIAN_POINT('',(83.1321291103009,32.388477121996,30.4902530235242));
#8248=CARTESIAN_POINT('',(85.1824200361332,32.388477121996,31.8309049626178));
#8249=CARTESIAN_POINT('',(86.88830828167,32.388477121996,33.6936364801118));
#8250=CARTESIAN_POINT('',(88.0439149233409,32.388477121996,35.8536396727187));
#8251=CARTESIAN_POINT('',(89.1995215650118,32.388477121996,38.0136428653255));
#8252=CARTESIAN_POINT('',(89.8024592672872,32.388477121996,40.4664554426948));
#8253=CARTESIAN_POINT('',(89.7799611502444,32.388477121996,42.9160542541485));
#8254=CARTESIAN_POINT('',(67.0277591377494,28.4546426045606,30.7566038202732));
#8255=CARTESIAN_POINT('',(67.705761308563,29.4968316590088,30.2362834401887));
#8256=CARTESIAN_POINT('',(68.6037040219868,30.3965553822393,29.671631432652));
#8257=CARTESIAN_POINT('',(70.7622368223622,31.7579775868531,28.7347997740601));
#8258=CARTESIAN_POINT('',(72.028965492379,32.2154795255981,28.3653327107586));
#8259=CARTESIAN_POINT('',(73.3700449429918,32.3661558191812,28.1987584118136));
#8260=CARTESIAN_POINT('',(67.0277591377494,28.4546426045606,30.7566038202732));
#8261=CARTESIAN_POINT('',(73.3700449429918,32.3661558191812,28.1987584118136));
#8262=CARTESIAN_POINT('',(73.3700449429918,32.3661558191812,28.1987584118136));
#8263=CARTESIAN_POINT('',(73.3700256596474,32.3735962534532,28.1983700233511));
#8264=CARTESIAN_POINT('',(73.3700063763026,32.3810366877248,28.1979816348808));
#8265=CARTESIAN_POINT('',(73.3699870929574,32.388477121996,28.1975932464027));
#8266=CARTESIAN_POINT('',(75.3675265550951,32.388477121996,28.0984161462099));
#8267=CARTESIAN_POINT('',(75.3675458384403,32.3810366877248,28.0988045346881));
#8268=CARTESIAN_POINT('',(75.3675651217851,32.3735962534532,28.0991929231584));
#8269=CARTESIAN_POINT('',(75.3675844051295,32.3661558191812,28.0995813116208));
#8270=CARTESIAN_POINT('',(75.3675844051295,32.3661558191812,28.0995813116208));
#8271=CARTESIAN_POINT('',(75.3675844051295,32.3661558191812,28.0995813116208));
#8272=CARTESIAN_POINT('',(78.0757097954702,32.0641164908445,28.1655600032428));
#8273=CARTESIAN_POINT('',(80.4791179153564,30.5397555120493,29.1150900378494));
#8274=CARTESIAN_POINT('',(81.9320461366491,28.4546426045606,30.0166114481527));
#8275=CARTESIAN_POINT('',(81.9320461366491,28.4546426045606,30.0166114481527));
#8276=CARTESIAN_POINT('',(81.9320461366491,28.4546426045606,30.0166114481527));
#8277=CARTESIAN_POINT('',(82.5431516296568,27.5776385429463,30.3957937627547));
#8278=CARTESIAN_POINT('',(82.8274620197279,26.4788857758527,30.6602591122133));
#8279=CARTESIAN_POINT('',(82.812997212615,25.3480290147244,30.7209992721398));
#8280=CARTESIAN_POINT('',(82.8129972126149,25.3480290147239,30.7209992721401));
#8281=CARTESIAN_POINT('',(82.8129972126149,25.3480290147239,30.7209992721401));
#8282=CARTESIAN_POINT('',(82.8118058100735,25.2548853171509,30.7260021719601));
#8283=CARTESIAN_POINT('',(82.8106143373727,25.1617416362988,30.7310053663915));
#8284=CARTESIAN_POINT('',(82.8094227942721,25.068597972228,30.736008856443));
#8285=CARTESIAN_POINT('',(82.8028242427839,24.5527851049656,30.7637172848753));
#8286=CARTESIAN_POINT('',(82.7962235324013,24.0369727522169,30.791434778869));
#8287=CARTESIAN_POINT('',(82.7896206216875,23.5211609243786,30.8191615124233));
#8288=CARTESIAN_POINT('',(82.7830177109736,23.0053490965369,30.8468882459779));
#8289=CARTESIAN_POINT('',(82.7764125999289,22.48953779343,30.8746242190922));
#8290=CARTESIAN_POINT('',(82.7698052460208,21.9737270257427,30.9023696103677));
#8291=CARTESIAN_POINT('',(82.7631978921125,21.4579162580519,30.9301150016433));
#8292=CARTESIAN_POINT('',(82.7565882953411,20.9421060255982,30.9578698110792));
#8293=CARTESIAN_POINT('',(82.7499764120405,20.4262963393651,30.985634222036));
#8294=CARTESIAN_POINT('',(66.3098381171053,20.4262963393651,31.8018810465743));
#8295=CARTESIAN_POINT('',(66.2963724103613,21.1707830196742,31.7629500554338));
#8296=CARTESIAN_POINT('',(66.2829134245331,21.9152708379081,31.724038495276));
#8297=CARTESIAN_POINT('',(66.2694609754363,22.6597597612429,31.6851458336011));
#8298=CARTESIAN_POINT('',(66.2596948229487,23.2002407025357,31.6569107024493));
#8299=CARTESIAN_POINT('',(66.2499321157314,23.7407222265355,31.6286855319915));
#8300=CARTESIAN_POINT('',(66.2401727855787,24.2812043211063,31.600470125037));
#8301=CARTESIAN_POINT('',(66.2337516741896,24.6368123063631,31.5819059133433));
#8302=CARTESIAN_POINT('',(66.227332024745,24.9924205386945,31.5633459283083));
#8303=CARTESIAN_POINT('',(66.2209138182531,25.3480290147246,31.5447901150245));
#8304=CARTESIAN_POINT('',(66.2209138182531,25.3480290147246,31.5447901150245));
#8305=CARTESIAN_POINT('',(66.2209138182531,25.3480290147246,31.5447901150245));
#8306=CARTESIAN_POINT('',(66.2005033259037,26.478896974255,31.4857809065268));
#8307=CARTESIAN_POINT('',(66.4572334554573,27.5776607201916,31.1944433326483));
#8308=CARTESIAN_POINT('',(67.0277591377494,28.4546426045606,30.7566038202732));
#8309=CARTESIAN_POINT('',(66.2277093086282,20.4262963393639,31.8681060182229));
#8310=CARTESIAN_POINT('',(68.5294466021773,20.4262963393639,29.9977960960528));
#8311=CARTESIAN_POINT('',(71.4358278770455,20.4262963393639,28.8839311998916));
#8312=CARTESIAN_POINT('',(74.3979933119097,20.4262963393639,28.7368607746562));
#8313=CARTESIAN_POINT('',(77.3601587467739,20.4262963393639,28.5897903494208));
#8314=CARTESIAN_POINT('',(80.3625802800121,20.4262963393639,29.410285357664));
#8315=CARTESIAN_POINT('',(82.8382612272872,20.4262963393639,31.0433982198943));
#8316=CARTESIAN_POINT('',(66.1089916285437,24.4136897922539,31.6967359680585));
#8317=CARTESIAN_POINT('',(68.4468735210953,24.4136897922539,29.8013866475976));
#8318=CARTESIAN_POINT('',(71.3974802995569,24.4136897922539,28.674349596542));
#8319=CARTESIAN_POINT('',(74.4036003127164,24.4136897922539,28.5284617746587));
#8320=CARTESIAN_POINT('',(77.409720325876,24.4136897922539,28.3825739527753));
#8321=CARTESIAN_POINT('',(80.4555950964188,24.4136897922539,29.2186001232545));
#8322=CARTESIAN_POINT('',(82.9660219498754,24.4136897922539,30.8786597015637));
#8323=CARTESIAN_POINT('',(65.9902543940331,28.4010833946767,31.5253830293739));
#8324=CARTESIAN_POINT('',(68.364277276511,28.4010833946767,29.604990186291));
#8325=CARTESIAN_POINT('',(71.3591073055894,28.4010833946767,28.464775688416));
#8326=CARTESIAN_POINT('',(74.4091814256341,28.4010833946767,28.3200650097278));
#8327=CARTESIAN_POINT('',(77.4592555456788,28.4010833946767,28.1753543310395));
#8328=CARTESIAN_POINT('',(80.5485848661537,28.4010833946767,29.0269060639885));
#8329=CARTESIAN_POINT('',(83.0937604745716,28.4010833946767,30.7139076764972));
#8330=CARTESIAN_POINT('',(65.8714999996471,32.388477121996,31.3540449592918));
#8331=CARTESIAN_POINT('',(68.2816607360326,32.388477121996,29.4086049743031));
#8332=CARTESIAN_POINT('',(71.3207120696653,32.388477121996,28.2552083958667));
#8333=CARTESIAN_POINT('',(74.4147399079956,32.388477121996,28.1116700872386));
#8334=CARTESIAN_POINT('',(77.508767746326,32.388477121996,27.9681317786105));
#8335=CARTESIAN_POINT('',(80.6415527876336,32.388477121996,28.8352041865229));
#8336=CARTESIAN_POINT('',(83.2214796602932,32.388477121996,30.5491437543418));
#8337=CARTESIAN_POINT('',(89.7558837172829,119.366155819181,37.2030187542777));
#8338=CARTESIAN_POINT('',(74.2975981320765,119.366155819181,27.115531900127));
#8339=CARTESIAN_POINT('',(59.9485832088333,119.366155819181,38.7036503511408));
#8340=CARTESIAN_POINT('',(45.0952888096016,119.366155819181,12.7811842193043));
#8341=CARTESIAN_POINT('',(91.5616200890242,32.3661558191812,35.4422514497325));
#8342=CARTESIAN_POINT('',(91.5616200890241,112.366155819181,35.4422514497325));
#8343=CARTESIAN_POINT('',(91.5616200890242,32.3661558191812,35.4422514497325));
#8344=CARTESIAN_POINT('',(89.7558837172829,112.366155819181,37.2030187542777));
#8345=CARTESIAN_POINT('',(92.2732167571649,112.366155819181,37.3113769623429));
#8346=CARTESIAN_POINT('',(91.5616200890241,112.366155819181,35.4422514497325));
#8347=CARTESIAN_POINT('',(92.273216757165,32.3661558191812,37.3113769623429));
#8348=CARTESIAN_POINT('',(92.2732167571649,74.6151983983394,37.3113769623429));
#8349=CARTESIAN_POINT('',(91.9174184230946,23.4218839091821,36.3768142060376));
#8350=CARTESIAN_POINT('',(83.1003880435642,24.4977951729781,29.5141967965196));
#8351=CARTESIAN_POINT('',(83.1156639475015,24.4317729469501,29.4500507044961));
#8352=CARTESIAN_POINT('',(83.1311377510035,24.3665932613944,29.3850735988874));
#8353=CARTESIAN_POINT('',(83.1467996380894,24.3022781868101,29.3193066986502));
#8354=CARTESIAN_POINT('',(83.1003880435642,24.4977951729781,29.5141967965196));
#8355=CARTESIAN_POINT('',(78.2364086563047,24.4977951729781,28.3558770995816));
#8356=CARTESIAN_POINT('',(83.1395595631874,24.7015769564753,29.3137832374938));
#8357=CARTESIAN_POINT('',(83.1240416345487,24.5997709361117,29.4148713863695));
#8358=CARTESIAN_POINT('',(83.100388043565,24.497795172975,29.5141967965164));
#8359=CARTESIAN_POINT('',(83.1529602026483,24.6266254035433,29.2611354549254));
#8360=CARTESIAN_POINT('',(83.1380196964753,24.5290482538227,29.3561751514142));
#8361=CARTESIAN_POINT('',(83.1157683433153,24.4313217500054,29.4496123289008));
#8362=CARTESIAN_POINT('',(83.1665179908364,24.5520501300854,29.2076281018393));
#8363=CARTESIAN_POINT('',(83.1521928968011,24.4589729629998,29.2966594974738));
#8364=CARTESIAN_POINT('',(83.1313337747842,24.3657687580903,29.3842504620355));
#8365=CARTESIAN_POINT('',(83.1802238826784,24.4778212379935,29.1532697532211));
#8366=CARTESIAN_POINT('',(83.1665581953204,24.3895239056338,29.2363371908817));
#8367=CARTESIAN_POINT('',(83.1470813850353,24.3011213777044,29.318123595798));
#8368=CARTESIAN_POINT('',(79.9085204279413,23.4218839091821,42.9173862012162));
#8369=CARTESIAN_POINT('',(75.0445410406818,23.4218839091821,41.7590665042782));
#8370=CARTESIAN_POINT('',(81.9230833968478,28.4690074976551,30.031891955075));
#8371=CARTESIAN_POINT('',(82.8017718681486,27.227203480468,30.768136383115));
#8372=CARTESIAN_POINT('',(82.6523705656172,25.6650499485034,31.395497601148));
#8373=CARTESIAN_POINT('',(82.425001442455,27.6662338741633,29.1761756963726));
#8374=CARTESIAN_POINT('',(83.0047710628162,26.5819195383021,29.9157085939183));
#8375=CARTESIAN_POINT('',(82.8526063169298,25.3082248321196,30.5546739757261));
#8376=CARTESIAN_POINT('',(82.8055434172849,26.7762741060245,28.5273925776684));
#8377=CARTESIAN_POINT('',(83.1632173245472,25.8960349057432,29.2503660696721));
#8378=CARTESIAN_POINT('',(83.0044145251556,24.9125912695653,29.9172057555285));
#8379=CARTESIAN_POINT('',(83.0462158726529,25.8426842527169,28.1170719389072));
#8380=CARTESIAN_POINT('',(83.2624635203905,25.1965377210454,28.8336145871802));
#8381=CARTESIAN_POINT('',(83.1003880435649,24.4977951729753,29.5141967965169));
#8382=CARTESIAN_POINT('',(83.3877603761889,15.4015039444437,28.3074719984782));
#8383=CARTESIAN_POINT('',(83.3877603761889,35.4015039444437,28.3074719984782));
#8384=CARTESIAN_POINT('',(76.0516985998745,23.4218839091821,42.4170684787915));
#8385=CARTESIAN_POINT('',(73.0370637472387,23.4218839091821,38.4280865654113));
#8386=CARTESIAN_POINT('',(84.0291087088168,24.4977951729784,30.1209539279428));
#8387=CARTESIAN_POINT('',(87.0437435614554,24.4977951729756,34.1099358413207));
#8388=CARTESIAN_POINT('',(85.3303141877566,25.8426842527102,29.6093321990796));
#8389=CARTESIAN_POINT('',(84.5872587147043,25.1965377210404,29.6991374100229));
#8390=CARTESIAN_POINT('',(84.0291087088216,24.4977951729724,30.1209539279392));
#8391=CARTESIAN_POINT('',(85.0512342147652,26.7762741060308,29.9945602173276));
#8392=CARTESIAN_POINT('',(84.2454780463147,25.8960349057269,29.9574348747044));
#8393=CARTESIAN_POINT('',(83.6985983755225,24.9125912695671,30.3707339448847));
#8394=CARTESIAN_POINT('',(84.6099637590598,27.6662338741423,30.6036678553151));
#8395=CARTESIAN_POINT('',(83.6998262077361,26.5819195383259,30.3698060224296));
#8396=CARTESIAN_POINT('',(83.175806439485,25.3082248321086,30.7658289403695));
#8397=CARTESIAN_POINT('',(84.0279475312614,28.4690074976553,31.4070539085193));
#8398=CARTESIAN_POINT('',(83.0007444964801,27.2272034804681,30.8981303260896));
#8399=CARTESIAN_POINT('',(82.4862413802776,25.6650499485035,31.2869611254199));
#8400=CARTESIAN_POINT('',(84.1889393770005,24.3022781868105,30.0001634321999));
#8401=CARTESIAN_POINT('',(84.1350035037868,24.3665932613948,30.0409249514868));
#8402=CARTESIAN_POINT('',(84.0817153464119,24.4317729469504,30.0811969657359));
#8403=CARTESIAN_POINT('',(84.0291087088168,24.4977951729784,30.1209539279428));
#8404=CARTESIAN_POINT('',(84.0291087088194,24.4977951729752,30.1209539279408));
#8405=CARTESIAN_POINT('',(84.1105661396795,24.5997709361191,30.0593932552155));
#8406=CARTESIAN_POINT('',(84.1969059627346,24.7015769564897,30.0045748740955));
#8407=CARTESIAN_POINT('',(84.082074861161,24.4313217499959,30.0809252659096));
#8408=CARTESIAN_POINT('',(84.1587033131717,24.5290482538202,30.023014047671));
#8409=CARTESIAN_POINT('',(84.2397361012344,24.6266254035476,29.9711541412552));
#8410=CARTESIAN_POINT('',(84.1356785638032,24.3657687580893,30.0404147813488));
#8411=CARTESIAN_POINT('',(84.2075124976303,24.4589729630058,29.9861269742799));
#8412=CARTESIAN_POINT('',(84.2832902808608,24.5520501300983,29.9372442033102));
#8413=CARTESIAN_POINT('',(84.1899096475349,24.3011213777048,29.9994301595421));
#8414=CARTESIAN_POINT('',(84.2569832233087,24.3895239056404,29.9487399474505));
#8415=CARTESIAN_POINT('',(84.3275642823535,24.4778212380062,29.9028567880609));
#8416=CARTESIAN_POINT('',(82.8223730691818,15.4015039444437,31.032932822848));
#8417=CARTESIAN_POINT('',(82.8223730691818,35.4015039444437,31.032932822848));
#8418=CARTESIAN_POINT('',(75.0952888096013,15.4015039444437,42.7811842193044));
#8419=CARTESIAN_POINT('',(91.9174184230946,23.4218839091821,36.3768142060376));
#8420=CARTESIAN_POINT('',(73.2039251767973,32.3661558191812,24.8529176101615));
#8421=CARTESIAN_POINT('',(73.2039251767972,112.366155819181,24.8529176101616));
#8422=CARTESIAN_POINT('',(73.2039251767973,32.3661558191812,24.8529176101615));
#8423=CARTESIAN_POINT('',(74.2975981320765,112.366155819181,27.115531900127));
#8424=CARTESIAN_POINT('',(75.2014646389349,112.366155819181,24.7537405099688));
#8425=CARTESIAN_POINT('',(73.2039251767972,112.366155819181,24.8529176101616));
#8426=CARTESIAN_POINT('',(75.2014646389351,32.3661558191812,24.7537405099687));
#8427=CARTESIAN_POINT('',(75.201464638935,74.6151983983394,24.7537405099688));
#8428=CARTESIAN_POINT('',(64.9513456745083,24.4977951729781,31.0681578514553));
#8429=CARTESIAN_POINT('',(64.8950596296156,24.4317729469501,31.0338073709155));
#8430=CARTESIAN_POINT('',(64.8380443981662,24.3665932613944,30.9990118793846));
#8431=CARTESIAN_POINT('',(64.7803361484127,24.3022781868101,30.9637934497735));
#8432=CARTESIAN_POINT('',(64.9513456745083,24.4977951729781,31.0681578514553));
#8433=CARTESIAN_POINT('',(62.3466658878298,24.4977951729781,35.3361366715607));
#8434=CARTESIAN_POINT('',(64.7728457184817,24.701576956504,30.9689723268124));
#8435=CARTESIAN_POINT('',(64.8641909575353,24.5997709361277,31.014968709901));
#8436=CARTESIAN_POINT('',(64.9513456745083,24.4977951729781,31.0681578514553));
#8437=CARTESIAN_POINT('',(64.7269157271288,24.6266254035611,30.9399585017992));
#8438=CARTESIAN_POINT('',(64.8126869794799,24.5290482538285,30.9835366489115));
#8439=CARTESIAN_POINT('',(64.8946749697283,24.431321749999,31.0335726190868));
#8440=CARTESIAN_POINT('',(64.6802167972668,24.5520501301091,30.9105295975713));
#8441=CARTESIAN_POINT('',(64.7604639887476,24.4589729630117,30.9516657858886));
#8442=CARTESIAN_POINT('',(64.8373221231815,24.3657687580903,30.9985710864163));
#8443=CARTESIAN_POINT('',(64.6327542890999,24.4778212380149,30.8806968663134));
#8444=CARTESIAN_POINT('',(64.7075331873552,24.3895239056443,30.9193629572454));
#8445=CARTESIAN_POINT('',(64.7792980153296,24.301121377704,30.963159893617));
#8446=CARTESIAN_POINT('',(76.7121949599607,23.4218839091821,38.2456176513225));
#8447=CARTESIAN_POINT('',(74.1075151732822,23.4218839091821,42.5135964714279));
#8448=CARTESIAN_POINT('',(65.0798958851149,28.469007497655,32.3478177092787));
#8449=CARTESIAN_POINT('',(66.0516356163816,27.2272034804678,31.7396473531329));
#8450=CARTESIAN_POINT('',(66.6021240493988,25.6650499485034,32.0756017134324));
#8451=CARTESIAN_POINT('',(64.4211625670692,27.6662338741467,31.6060344150489));
#8452=CARTESIAN_POINT('',(65.3036588137745,26.5819195383257,31.2831689729047));
#8453=CARTESIAN_POINT('',(65.8643295114246,25.3082248321157,31.6253374078247));
#8454=CARTESIAN_POINT('',(63.9217270916515,26.7762741060365,31.0436324808338));
#8455=CARTESIAN_POINT('',(64.7198430581178,25.8960349057297,30.9268754761404));
#8456=CARTESIAN_POINT('',(65.3049725229058,24.9125912695681,31.2839707087518));
#8457=CARTESIAN_POINT('',(63.6058608531665,25.8426842527231,30.6879433233389));
#8458=CARTESIAN_POINT('',(64.3541576061548,25.1965377210499,30.7037034443344));
#8459=CARTESIAN_POINT('',(64.9513456745083,24.4977951729781,31.0681578514553));
#8460=CARTESIAN_POINT('',(63.8924851264503,15.4015039444437,30.4219520517813));
#8461=CARTESIAN_POINT('',(63.8924851264503,35.4015039444436,30.4219520517813));
#8462=CARTESIAN_POINT('',(75.0445410406818,23.4218839091821,41.7590665042787));
#8463=CARTESIAN_POINT('',(70.3192203972787,23.4218839091821,43.3934914236396));
#8464=CARTESIAN_POINT('',(65.8153964667472,24.4977951729782,30.3723902760168));
#8465=CARTESIAN_POINT('',(70.5407171101503,24.4977951729782,28.7379653566559));
#8466=CARTESIAN_POINT('',(65.7309098938038,25.8426842527234,28.9767705173275));
#8467=CARTESIAN_POINT('',(65.5867029559303,25.1965377210502,29.7112096033078));
#8468=CARTESIAN_POINT('',(65.8153964667472,24.4977951729782,30.3723902760168));
#8469=CARTESIAN_POINT('',(66.0110430563719,26.776274106031,29.3612333485553));
#8470=CARTESIAN_POINT('',(65.7267424079781,25.8960349057426,30.1160806413072));
#8471=CARTESIAN_POINT('',(65.950818069696,24.9125912695707,30.7639105522906));
#8472=CARTESIAN_POINT('',(66.4539787746871,27.6662338741614,29.9691311024293));
#8473=CARTESIAN_POINT('',(65.9503149840309,26.581919538316,30.7624560706633));
#8474=CARTESIAN_POINT('',(66.1650241469512,25.3082248321154,31.3832062977274));
#8475=CARTESIAN_POINT('',(67.0381914102833,28.4690074976551,30.7709213719608));
#8476=CARTESIAN_POINT('',(66.2367531264964,27.2272034804679,31.5905834759388));
#8477=CARTESIAN_POINT('',(66.4475629853703,25.6650499485034,32.2000603421868));
#8478=CARTESIAN_POINT('',(65.7499082713555,24.3022781868106,30.1830559615935));
#8479=CARTESIAN_POINT('',(65.7720076784578,24.3665932613948,30.2469480274515));
#8480=CARTESIAN_POINT('',(65.793841693806,24.4317729469503,30.3100728135651));
#8481=CARTESIAN_POINT('',(65.8153964667472,24.4977951729782,30.3723902760168));
#8482=CARTESIAN_POINT('',(65.8153964667472,24.4977951729783,30.3723902760168));
#8483=CARTESIAN_POINT('',(65.7820205182593,24.5997709361181,30.275896361543));
#8484=CARTESIAN_POINT('',(65.7565656122984,24.7015769564848,30.1768424988444));
#8485=CARTESIAN_POINT('',(65.793694388084,24.4313217499977,30.3096469348594));
#8486=CARTESIAN_POINT('',(65.7622970405369,24.5290482538182,30.2188733956439));
#8487=CARTESIAN_POINT('',(65.7380158472194,24.6266254035419,30.1257810421177));
#8488=CARTESIAN_POINT('',(65.7717310828421,24.3657687580883,30.2461483559846));
#8489=CARTESIAN_POINT('',(65.7422982165001,24.4589729630018,30.1610543701592));
#8490=CARTESIAN_POINT('',(65.7192245614496,24.5520501300913,30.0738798086694));
#8491=CARTESIAN_POINT('',(65.7495107177004,24.3011213777052,30.1819065857667));
#8492=CARTESIAN_POINT('',(65.7220283359671,24.3895239056372,30.1024516874742));
#8493=CARTESIAN_POINT('',(65.7002016049679,24.4778212379995,30.021146435339));
#8494=CARTESIAN_POINT('',(66.3098381171053,15.4015039444437,31.8018810465744));
#8495=CARTESIAN_POINT('',(66.3098381171053,35.4015039444437,31.8018810465744));
#8496=CARTESIAN_POINT('',(75.0952888096013,15.4015039444437,42.7811842193044));
#8497=CARTESIAN_POINT('',(74.2026949078661,23.4218839091821,24.8033290600651));
#8498=CARTESIAN_POINT('',(74.2026949078661,23.4218839091821,24.8033290600651));
#8499=CARTESIAN_POINT('',(57.46003052002,32.3661558191812,39.0398388650562));
#8500=CARTESIAN_POINT('',(57.4600305200199,112.366155819181,39.0398388650562));
#8501=CARTESIAN_POINT('',(57.46003052002,32.3661558191812,39.0398388650561));
#8502=CARTESIAN_POINT('',(59.9485832088333,112.366155819181,38.7036503511408));
#8503=CARTESIAN_POINT('',(57.9829811333494,112.366155819181,37.1094185336211));
#8504=CARTESIAN_POINT('',(57.4600305200199,112.366155819181,39.0398388650562));
#8505=CARTESIAN_POINT('',(57.9829811333495,32.3661558191812,37.1094185336209));
#8506=CARTESIAN_POINT('',(57.9829811333495,74.6151983983394,37.109418533621));
#8507=CARTESIAN_POINT('',(57.7215058266847,23.4218839091821,38.0746286993386));
#8508=CARTESIAN_POINT('',(57.7215058266847,23.4218839091821,38.0746286993386));
#8509=CARTESIAN_POINT('',(59.9485832088333,119.366155819181,38.7036503511408));
#8510=CARTESIAN_POINT('',(74.2975981320765,119.366155819181,27.115531900127));
#8511=CARTESIAN_POINT('',(89.7558837172829,119.366155819181,37.2030187542777));
#8512=CARTESIAN_POINT('',(69.3699870929573,102.366155819181,42.7811842193044));
#8513=CARTESIAN_POINT('',(85.093129641458,114.366155819181,54.8680428559897));
#8514=CARTESIAN_POINT('',(85.093129641458,112.366155819181,54.8680428559897));
#8515=CARTESIAN_POINT('',(85.093129641458,119.366155819181,54.8680428559897));
#8516=CARTESIAN_POINT('',(75.0952888096013,112.366155819181,42.7811842193044));
#8517=CARTESIAN_POINT('',(85.6920655139028,112.366155819181,54.3465331756277));
#8518=CARTESIAN_POINT('',(85.6920655139029,-119.366155819181,54.3465331756276));
#8519=CARTESIAN_POINT('',(85.6920655139029,32.3661558191812,54.3465331756276));
#8520=CARTESIAN_POINT('',(85.6920655139029,32.3661558191812,54.3465331756276));
#8521=CARTESIAN_POINT('',(88.0167581568094,32.0143619634835,52.2165283710995));
#8522=CARTESIAN_POINT('',(89.3187403410641,30.0234159630428,49.567473742435));
#8523=CARTESIAN_POINT('',(89.8379878029437,27.2977773365783,48.1385902515234));
#8524=CARTESIAN_POINT('',(89.8379878029437,27.2977773365783,48.1385902515234));
#8525=CARTESIAN_POINT('',(89.8379878029437,27.2977773365783,48.1385902515234));
#8526=CARTESIAN_POINT('',(89.9898540479095,26.500599625133,47.7206793589542));
#8527=CARTESIAN_POINT('',(90.0465002786764,25.6098957253747,47.5258428949757));
#8528=CARTESIAN_POINT('',(90.0582666346593,24.7004738681829,47.4884411285008));
#8529=CARTESIAN_POINT('',(90.0582666346551,24.7004738681782,47.4884411284973));
#8530=CARTESIAN_POINT('',(90.0608544803145,24.3022781868105,47.4802072196657));
#8531=CARTESIAN_POINT('',(90.0608544803146,24.4350412568345,47.4802072196654));
#8532=CARTESIAN_POINT('',(90.0599827663714,24.5678340181792,47.4829860532143));
#8533=CARTESIAN_POINT('',(90.0582666346551,24.7004738681782,47.4884411284973));
#8534=CARTESIAN_POINT('',(90.0608544803145,24.3022781868105,47.4802072196657));
#8535=CARTESIAN_POINT('',(90.0608544803146,-119.366155819181,47.4802072196656));
#8536=CARTESIAN_POINT('',(90.0608544803145,15.4015039444437,47.4802072196657));
#8537=CARTESIAN_POINT('',(75.0952888096013,15.4015039444436,42.7811842193044));
#8538=CARTESIAN_POINT('',(90.3863488235835,15.4015039444437,46.2786771286828));
#8539=CARTESIAN_POINT('',(90.3863488235835,-119.366155819181,46.2786771286827));
#8540=CARTESIAN_POINT('',(90.3863488235835,24.3022781868102,46.2786771286828));
#8541=CARTESIAN_POINT('',(90.3882709616687,24.7004738681807,46.270262879756));
#8542=CARTESIAN_POINT('',(90.3869989430248,24.5678340181807,46.2758382652118));
#8543=CARTESIAN_POINT('',(90.3863488235835,24.4350412568351,46.2786771286828));
#8544=CARTESIAN_POINT('',(90.3863488235835,24.3022781868102,46.2786771286828));
#8545=CARTESIAN_POINT('',(90.3882709616687,24.7004738681807,46.270262879756));
#8546=CARTESIAN_POINT('',(90.3882709616605,24.7004738681724,46.2702628797574));
#8547=CARTESIAN_POINT('',(90.3969687414231,25.6074355771704,46.2321396376019));
#8548=CARTESIAN_POINT('',(90.446574614792,26.5019740957814,46.0344946573619));
#8549=CARTESIAN_POINT('',(90.526280247099,27.297777336578,45.5978269474878));
#8550=CARTESIAN_POINT('',(90.526280247099,27.297777336578,45.5978269474878));
#8551=CARTESIAN_POINT('',(90.526280247099,27.297777336578,45.5978269474878));
#8552=CARTESIAN_POINT('',(90.6508798793602,28.5418147814301,44.9152072317181));
#8553=CARTESIAN_POINT('',(90.7812370755607,29.6300260145954,43.9351442027712));
#8554=CARTESIAN_POINT('',(90.7812370755607,30.4824827912686,42.7811842193044));
#8555=CARTESIAN_POINT('',(90.7812370755607,30.4824827912686,42.7811842193044));
#8556=CARTESIAN_POINT('',(90.7812370755607,-119.366155819181,42.7811842193044));
#8557=CARTESIAN_POINT('',(90.7812370755607,119.366155819181,42.7811842193044));
#8558=CARTESIAN_POINT('',(75.0952888096013,119.366155819181,42.7811842193044));
#8559=CARTESIAN_POINT('',(75.0952888096013,-119.366155819181,42.7811842193044));
#8560=CARTESIAN_POINT('',(84.7028353042276,114.366155819181,55.1805399830507));
#8561=CARTESIAN_POINT('',(84.7028353042276,119.366155819181,55.1805399830507));
#8562=CARTESIAN_POINT('',(84.7028353042276,112.366155819181,55.1805399830507));
#8563=CARTESIAN_POINT('',(75.0952888096013,119.366155819181,42.7811842193044));
#8564=CARTESIAN_POINT('',(66.7573950511631,119.366155819181,56.0675870686596));
#8565=CARTESIAN_POINT('',(66.7573950511631,114.366155819181,56.0675870686596));
#8566=CARTESIAN_POINT('',(66.7573950511631,112.366155819181,56.0675870686596));
#8567=CARTESIAN_POINT('',(75.0952888096013,112.366155819181,42.7811842193044));
#8568=CARTESIAN_POINT('',(67.3705724086884,112.366155819181,56.4332071290356));
#8569=CARTESIAN_POINT('',(67.3705724086884,-119.366155819181,56.4332071290355));
#8570=CARTESIAN_POINT('',(67.3705724086884,32.3661558191812,56.4332071290356));
#8571=CARTESIAN_POINT('',(74.5558374241176,27.2977773365783,58.4578536744232));
#8572=CARTESIAN_POINT('',(73.0364321790527,30.0234159630428,58.4055692739064));
#8573=CARTESIAN_POINT('',(70.1146968911314,32.0143619634835,57.9859135327557));
#8574=CARTESIAN_POINT('',(67.3705724086884,32.3661558191812,56.4332071290355));
#8575=CARTESIAN_POINT('',(74.5558374241176,27.2977773365783,58.4578536744232));
#8576=CARTESIAN_POINT('',(74.5558374241176,27.2977773365783,58.4578536744232));
#8577=CARTESIAN_POINT('',(75.0002235522915,26.5005996251349,58.4731454883649));
#8578=CARTESIAN_POINT('',(75.2030286889468,25.6098957253654,58.466811476766));
#8579=CARTESIAN_POINT('',(75.2422358866334,24.7004738681758,58.4664441648363));
#8580=CARTESIAN_POINT('',(75.2422358866326,24.7004738681848,58.4664441648375));
#8581=CARTESIAN_POINT('',(75.2508664875715,24.3022781868106,58.4663609345497));
#8582=CARTESIAN_POINT('',(75.2508664875717,24.4350412568368,58.4663609345497));
#8583=CARTESIAN_POINT('',(75.2479542853924,24.5678340181836,58.4663905921211));
#8584=CARTESIAN_POINT('',(75.2422358866326,24.7004738681848,58.4664441648375));
#8585=CARTESIAN_POINT('',(75.2508664875715,24.3022781868106,58.4663609345497));
#8586=CARTESIAN_POINT('',(75.2508664875716,-119.366155819181,58.4663609345497));
#8587=CARTESIAN_POINT('',(75.2508664875715,15.4015039444436,58.4663609345497));
#8588=CARTESIAN_POINT('',(75.0952888096013,15.4015039444436,42.7811842193044));
#8589=CARTESIAN_POINT('',(76.4941727937686,15.4015039444436,58.4046312333662));
#8590=CARTESIAN_POINT('',(76.4941727937687,-119.366155819181,58.4046312333662));
#8591=CARTESIAN_POINT('',(76.4941727937686,24.3022781868102,58.4046312333662));
#8592=CARTESIAN_POINT('',(76.5027691933741,24.7004738681812,58.4038591494046));
#8593=CARTESIAN_POINT('',(76.4970736113275,24.567834018181,58.4043722766405));
#8594=CARTESIAN_POINT('',(76.4941727937686,24.4350412568353,58.4046312333662));
#8595=CARTESIAN_POINT('',(76.4941727937686,24.3022781868102,58.4046312333662));
#8596=CARTESIAN_POINT('',(76.5027691933741,24.7004738681812,58.4038591494046));
#8597=CARTESIAN_POINT('',(77.1849409831281,27.297777336578,58.3273196489226));
#8598=CARTESIAN_POINT('',(76.7450149172665,26.5019740957815,58.3864528311775));
#8599=CARTESIAN_POINT('',(76.5417143130058,25.6074355771723,58.4003504998125));
#8600=CARTESIAN_POINT('',(76.5027691933711,24.7004738681745,58.4038591493987));
#8601=CARTESIAN_POINT('',(77.1849409831281,27.297777336578,58.3273196489226));
#8602=CARTESIAN_POINT('',(77.1849409831281,27.297777336578,58.3273196489226));
#8603=CARTESIAN_POINT('',(78.7058074549183,30.0489452281617,58.1228905840397));
#8604=CARTESIAN_POINT('',(81.5580197948109,32.0144340601548,57.4174106222077));
#8605=CARTESIAN_POINT('',(84.1343169789573,32.3661558191812,55.6008933718532));
#8606=CARTESIAN_POINT('',(84.1343169789573,32.3661558191812,55.6008933718532));
#8607=CARTESIAN_POINT('',(84.1343169789573,-119.366155819181,55.6008933718532));
#8608=CARTESIAN_POINT('',(84.1343169789573,112.366155819181,55.6008933718532));
#8609=CARTESIAN_POINT('',(75.0952888096013,112.366155819181,42.7811842193044));
#8610=CARTESIAN_POINT('',(75.0952888096013,-119.366155819181,42.7811842193044));
#8611=CARTESIAN_POINT('',(69.3699870929573,102.366155819181,42.7811842193044));
#8612=CARTESIAN_POINT('',(73.3699870929573,102.366155819181,42.7811842193044));
#8613=CARTESIAN_POINT('',(75.0952888096012,23.4218839091821,42.7811842193044));
#8614=CARTESIAN_POINT('',(89.6962509663854,30.7711692937307,42.7811842193044));
#8615=CARTESIAN_POINT('',(89.1569118321757,20.4262963393672,42.7811842193044));
#8616=CARTESIAN_POINT('',(89.1956949343221,21.1702590429475,42.7811842193044));
#8617=CARTESIAN_POINT('',(89.2344789433155,21.914221699254,42.7811842193044));
#8618=CARTESIAN_POINT('',(89.2732638362094,22.6581843094797,42.7811842193044));
#8619=CARTESIAN_POINT('',(89.3014453945632,23.1987562731689,42.7811842193044));
#8620=CARTESIAN_POINT('',(89.3296274196018,23.7393282125286,42.7811842193044));
#8621=CARTESIAN_POINT('',(89.3578099027772,24.2799001280034,42.7811842193044));
#8622=CARTESIAN_POINT('',(89.3859923859527,24.8204720434781,42.7811842193044));
#8623=CARTESIAN_POINT('',(89.4141753272654,25.3610439350683,42.7811842193044));
#8624=CARTESIAN_POINT('',(89.4423587183745,25.9016158032076,42.7811842193044));
#8625=CARTESIAN_POINT('',(89.4705421094835,26.4421876713468,42.7811842193044));
#8626=CARTESIAN_POINT('',(89.4987259503894,26.9827595160356,42.7811842193044));
#8627=CARTESIAN_POINT('',(89.5269102329522,27.5233313376971,42.7811842193044));
#8628=CARTESIAN_POINT('',(89.555094515515,28.0639031593585,42.7811842193044));
#8629=CARTESIAN_POINT('',(89.5832792397351,28.6044749579931,42.7811842193044));
#8630=CARTESIAN_POINT('',(89.6114643976676,29.1450467340139,42.7811842193044));
#8631=CARTESIAN_POINT('',(89.6396495556002,29.6856185100347,42.7811842193044));
#8632=CARTESIAN_POINT('',(89.6678351472456,30.2261902634421,42.7811842193044));
#8633=CARTESIAN_POINT('',(89.696021164848,30.7667619946394,42.7811842193044));
#8634=CARTESIAN_POINT('',(89.6960977653573,30.7682310943367,42.7811842193044));
#8635=CARTESIAN_POINT('',(89.6961743658698,30.7697001940338,42.7811842193044));
#8636=CARTESIAN_POINT('',(89.6962509663854,30.7711692937307,42.7811842193044));
#8637=CARTESIAN_POINT('',(89.1569118321757,20.4262963393672,42.7811842193044));
#8638=CARTESIAN_POINT('',(89.1569118321757,60.4015039444437,42.7811842193044));
#8639=CARTESIAN_POINT('',(89.1568785925415,13.4015039444437,42.7811842193044));
#8640=CARTESIAN_POINT('',(92.7762633771145,5.90150394444367,42.7811842193044));
#8641=CARTESIAN_POINT('',(92.6147017245933,7.59505673658776,42.7811842193044));
#8642=CARTESIAN_POINT('',(91.7855378531202,9.94141713866655,42.7811842193044));
#8643=CARTESIAN_POINT('',(90.6877977764009,11.129660042417,42.7811842193044));
#8644=CARTESIAN_POINT('',(89.1175815690549,12.2674870180207,42.7811842193044));
#8645=CARTESIAN_POINT('',(89.1568453529073,13.4015039444437,42.7811842193044));
#8646=CARTESIAN_POINT('',(92.4790250979653,7.72221594150858,42.7811842193044));
#8647=CARTESIAN_POINT('',(15.5276401401361,12.7149598741546,42.7811842193042));
#8648=CARTESIAN_POINT('',(90.0952888096013,-6.93469434194303,42.7811842193044));
#8649=CARTESIAN_POINT('',(67.7932522369015,-1.05778505503716,42.7811842193044));
#8650=CARTESIAN_POINT('',(88.1935090096057,-11.8164290989814,42.7811842193044));
#8651=CARTESIAN_POINT('',(75.0952888096013,-45.0533832274185,42.7811842193044));
#8652=CARTESIAN_POINT('',(88.1017168611759,-12.0493532199784,42.7811842193044));
#8653=CARTESIAN_POINT('',(75.0952888096013,-33.4532794935021,42.7811842193044));
#8654=CARTESIAN_POINT('',(87.5029590330409,-13.0346943419431,42.7811842193044));
#8655=CARTESIAN_POINT('',(67.7932522369015,-1.05778505503716,42.7811842193044));
#8656=CARTESIAN_POINT('',(86.2730508923295,-14.8569132779141,42.7811842193044));
#8657=CARTESIAN_POINT('',(75.0952888096013,-31.4177677472091,42.7811842193044));
#8658=CARTESIAN_POINT('',(85.9343838516177,-15.3586787953107,42.7811842193044));
#8659=CARTESIAN_POINT('',(75.0952888096013,-27.6176805954964,42.7811842193044));
#8660=CARTESIAN_POINT('',(85.0714159326247,-16.3346943419431,42.7811842193044));
#8661=CARTESIAN_POINT('',(67.7932522369015,-1.05778505503716,42.7811842193044));
#8662=CARTESIAN_POINT('',(81.596249058607,-19.5346943419431,42.7811842193044));
#8663=CARTESIAN_POINT('',(75.0952888096013,-23.8905477658689,42.7811842193044));
#8664=CARTESIAN_POINT('',(80.3513780172904,-20.3687981635277,42.7811842193044));
#8665=CARTESIAN_POINT('',(79.8452888096013,-21.7808440954508,42.7811842193044));
#8666=CARTESIAN_POINT('',(78.4310752472282,-22.2808440954507,42.7811842193044));
#8667=CARTESIAN_POINT('',(75.0952888096012,-22.2808440954507,42.7811842193044));
#8668=CARTESIAN_POINT('',(71.7595023719744,-22.2808440954507,42.7811842193043));
#8669=CARTESIAN_POINT('',(70.3452888096013,-21.7808440954508,42.7811842193043));
#8670=CARTESIAN_POINT('',(69.8391996019122,-20.3687981635277,42.7811842193043));
#8671=CARTESIAN_POINT('',(75.0952888096013,-23.8905477658689,42.7811842193044));
#8672=CARTESIAN_POINT('',(68.5943285605956,-19.5346943419431,42.7811842193044));
#8673=CARTESIAN_POINT('',(82.397325382301,-1.05778505503715,42.7811842193044));
#8674=CARTESIAN_POINT('',(65.1191616865779,-16.3346943419431,42.7811842193044));
#8675=CARTESIAN_POINT('',(75.0952888096013,-27.6176805954964,42.7811842193044));
#8676=CARTESIAN_POINT('',(64.2561937675849,-15.3586787953107,42.7811842193044));
#8677=CARTESIAN_POINT('',(75.0952888096013,-31.4177677472091,42.7811842193044));
#8678=CARTESIAN_POINT('',(63.917526726873,-14.8569132779141,42.7811842193044));
#8679=CARTESIAN_POINT('',(82.397325382301,-1.05778505503715,42.7811842193044));
#8680=CARTESIAN_POINT('',(62.6876185861616,-13.0346943419431,42.7811842193044));
#8681=CARTESIAN_POINT('',(75.0952888096013,-33.4532794935021,42.7811842193044));
#8682=CARTESIAN_POINT('',(62.0888607580266,-12.0493532199784,42.7811842193044));
#8683=CARTESIAN_POINT('',(75.0952888096013,-45.0533832274185,42.7811842193044));
#8684=CARTESIAN_POINT('',(61.9970686095969,-11.8164290989814,42.7811842193044));
#8685=CARTESIAN_POINT('',(82.397325382301,-1.05778505503715,42.7811842193044));
#8686=CARTESIAN_POINT('',(60.0952888096013,-6.93469434194305,42.7811842193043));
#8687=CARTESIAN_POINT('',(134.662937479066,12.7149598741548,42.7811842193045));
#8688=CARTESIAN_POINT('',(57.7115525212372,7.72221594150855,42.7811842193043));
#8689=CARTESIAN_POINT('',(61.0337322662952,13.4015039444436,42.7811842193043));
#8690=CARTESIAN_POINT('',(61.0729960501477,12.2674870180206,42.7811842193043));
#8691=CARTESIAN_POINT('',(59.5027798428016,11.129660042417,42.7811842193043));
#8692=CARTESIAN_POINT('',(58.4050397660823,9.94141713866652,42.7811842193043));
#8693=CARTESIAN_POINT('',(57.5758758946092,7.59505673658773,42.7811842193043));
#8694=CARTESIAN_POINT('',(57.414314242088,5.90150394444364,42.7811842193043));
#8695=CARTESIAN_POINT('',(61.033699026661,13.4015039444436,42.7811842193043));
#8696=CARTESIAN_POINT('',(61.0336657870268,60.4015039444436,42.7811842193044));
#8697=CARTESIAN_POINT('',(61.0336657870268,20.4262963393629,42.7811842192929));
#8698=CARTESIAN_POINT('',(60.4528353170939,31.5669140268732,42.7811842193047));
#8699=CARTESIAN_POINT('',(60.4850668823957,30.9487630732131,42.7811842193047));
#8700=CARTESIAN_POINT('',(60.5172978956272,30.3306120907668,42.7811842193044));
#8701=CARTESIAN_POINT('',(60.549528345308,29.7124610789372,42.7811842193044));
#8702=CARTESIAN_POINT('',(60.5764273092123,29.1965631650307,42.7811842193044));
#8703=CARTESIAN_POINT('',(60.6033258805828,28.6806652306573,42.7811842193043));
#8704=CARTESIAN_POINT('',(60.6302240525755,28.1647672754611,42.7811842193043));
#8705=CARTESIAN_POINT('',(60.6571222245681,27.6488693202649,42.7811842193043));
#8706=CARTESIAN_POINT('',(60.6840199971832,27.1329713442456,42.7811842193044));
#8707=CARTESIAN_POINT('',(60.710917363417,26.6170733470389,42.7811842193044));
#8708=CARTESIAN_POINT('',(60.7378147296508,26.1011753498322,42.7811842193044));
#8709=CARTESIAN_POINT('',(60.7647116895035,25.5852773314378,42.7811842193043));
#8710=CARTESIAN_POINT('',(60.7916082358069,25.0693792914831,42.7811842193043));
#8711=CARTESIAN_POINT('',(60.8185047821103,24.5534812515283,42.7811842193043));
#8712=CARTESIAN_POINT('',(60.8454009148647,24.0375831900129,42.7811842193044));
#8713=CARTESIAN_POINT('',(60.8722966267323,23.5216851065552,42.7811842193044));
#8714=CARTESIAN_POINT('',(60.8991923386,23.0057870230975,42.7811842193044));
#8715=CARTESIAN_POINT('',(60.9260876295813,22.4898889176972,42.7811842193044));
#8716=CARTESIAN_POINT('',(60.9529824921641,21.9739907899638,42.7811842193044));
#8717=CARTESIAN_POINT('',(60.979877354747,21.4580926622303,42.7811842193044));
#8718=CARTESIAN_POINT('',(61.0067717889318,20.9421945121633,42.7811842192929));
#8719=CARTESIAN_POINT('',(61.0336657870268,20.4262963393629,42.7811842192929));
#8720=CARTESIAN_POINT('',(60.4528353170939,31.5669140268732,42.7811842193047));
#8721=CARTESIAN_POINT('',(75.0952888096012,23.4218839091821,42.7811842193044));
#8722=CARTESIAN_POINT('',(59.4093405436418,31.4329883956727,42.7811842193043));
#8723=CARTESIAN_POINT('',(59.4093405436418,-119.366155819181,42.7811842193043));
#8724=CARTESIAN_POINT('',(59.4093405436418,119.366155819181,42.7811842193043));
#8725=CARTESIAN_POINT('',(45.0952888096015,119.366155819181,42.7811842193043));
#8726=CARTESIAN_POINT('',(75.0952888096013,44.5426558618653,42.7811842193044));
#8727=CARTESIAN_POINT('',(84.8992276440168,119.366155819181,55.0258465802434));
#8728=CARTESIAN_POINT('',(75.0952888096013,119.366155819181,42.7811842193044));
#8729=CARTESIAN_POINT('',(66.3381850094779,119.366155819181,55.7951039223078));
#8730=CARTESIAN_POINT('',(66.5467042982294,119.366155819181,55.9330158732714));
#8731=CARTESIAN_POINT('',(45.0952888096016,119.366155819181,12.7811842193043));
#8732=CARTESIAN_POINT('',(76.0516985998749,23.4218839091821,42.4170684787913));
#8733=CARTESIAN_POINT('',(89.3477931218038,28.4546426045607,45.3388569133003));
#8734=CARTESIAN_POINT('',(89.6962509663854,30.7711692937307,42.7811842193044));
#8735=CARTESIAN_POINT('',(89.6798431404774,30.4564882255929,43.2637761459855));
#8736=CARTESIAN_POINT('',(89.6377383397181,30.1058740395789,43.7197249203754));
#8737=CARTESIAN_POINT('',(89.5161179124923,29.331012701711,44.5778542492232));
#8738=CARTESIAN_POINT('',(89.4359436601819,28.9046807772776,44.980485714552));
#8739=CARTESIAN_POINT('',(89.3477931218038,28.4546426045607,45.3388569133003));
#8740=CARTESIAN_POINT('',(91.9174184230946,23.4218839091821,36.3768142060376));
#8741=CARTESIAN_POINT('',(74.1075151732826,23.4218839091821,42.513596471428));
#8742=CARTESIAN_POINT('',(61.1662294941614,28.4546426045605,46.7380611905951));
#8743=CARTESIAN_POINT('',(60.0191905247518,27.2977773365781,47.1124927407462));
#8744=CARTESIAN_POINT('',(59.4093405436418,31.4329883956727,42.7811842193043));
#8745=CARTESIAN_POINT('',(59.4093405436418,30.5252466926992,44.6181088500872));
#8746=CARTESIAN_POINT('',(59.7466985638017,29.0670021821151,46.1640228811695));
#8747=CARTESIAN_POINT('',(60.0191905247518,27.2977773365781,47.1124927407462));
#8748=CARTESIAN_POINT('',(61.1662294941614,28.4546426045605,46.7380611905951));
#8749=CARTESIAN_POINT('',(60.9859568782075,29.1130789130903,46.2290936620451));
#8750=CARTESIAN_POINT('',(60.8174636279861,29.7058998411032,45.641038435286));
#8751=CARTESIAN_POINT('',(60.557818849402,30.7646448816578,44.2997334386869));
#8752=CARTESIAN_POINT('',(60.4711935048169,31.2148327319627,43.5621708591201));
#8753=CARTESIAN_POINT('',(60.4528353170939,31.5669140268732,42.7811842193047));
#8754=CARTESIAN_POINT('',(57.7215058266847,23.4218839091821,38.0746286993386));
#8755=CARTESIAN_POINT('',(75.0952888096013,15.4015039444436,42.7811842193044));
#8756=CARTESIAN_POINT('',(60.2258754317644,15.4015039444436,47.7761335485131));
#8757=CARTESIAN_POINT('',(60.6687866441524,15.4015039444436,48.9395125860492));
#8758=CARTESIAN_POINT('',(61.938497415572,15.4015039444436,47.7438530822241));
#8759=CARTESIAN_POINT('',(61.938497415572,15.4015039444436,47.7438530822241));
#8760=CARTESIAN_POINT('',(75.0952888096013,15.4015039444437,42.7811842193044));
#8761=CARTESIAN_POINT('',(61.9692661215238,15.4015039444436,47.8246721414741));
#8762=CARTESIAN_POINT('',(59.8791037975339,15.4015039444436,49.6164708857503));
#8763=CARTESIAN_POINT('',(75.0952888096013,15.4015039444437,42.7811842193044));
#8764=CARTESIAN_POINT('',(75.749395237695,15.4015039444436,56.8275854242295));
#8765=CARTESIAN_POINT('',(75.749395237695,15.4015039444436,56.8275854242295));
#8766=CARTESIAN_POINT('',(75.0952888096013,15.4015039444437,42.7811842193044));
#8767=CARTESIAN_POINT('',(75.8357667836696,15.4015039444436,56.8232971087137));
#8768=CARTESIAN_POINT('',(76.8939729761878,15.4015039444436,59.36485586954));
#8769=CARTESIAN_POINT('',(75.0952888096013,15.4015039444437,42.7811842193044));
#8770=CARTESIAN_POINT('',(88.6563402084522,15.4015039444437,46.4996687206459));
#8771=CARTESIAN_POINT('',(88.6563402084522,15.4015039444437,46.4996687206459));
#8772=CARTESIAN_POINT('',(75.0952888096013,15.4015039444437,42.7811842193044));
#8773=CARTESIAN_POINT('',(88.6789520535736,15.4015039444437,46.4161993366526));
#8774=CARTESIAN_POINT('',(91.4231217716454,15.4015039444437,46.1951702909721));
#8775=CARTESIAN_POINT('',(75.0952888096013,15.4015039444437,42.7811842193044));
#8776=CARTESIAN_POINT('',(75.7371303360827,23.4218839091821,43.5782660308543));
#8777=CARTESIAN_POINT('',(88.6899284403089,28.4546426045608,47.7672991488019));
#8778=CARTESIAN_POINT('',(87.1634048431041,32.3661558191812,56.1737409357014));
#8779=CARTESIAN_POINT('',(85.0623752494216,32.3661558191812,53.564541615375));
#8780=CARTESIAN_POINT('',(88.6899284403089,28.4546426045608,47.7672991488019));
#8781=CARTESIAN_POINT('',(88.4472498077785,29.4968316590089,48.5867668558365));
#8782=CARTESIAN_POINT('',(88.0526930153509,30.3965553822395,49.5713774101955));
#8783=CARTESIAN_POINT('',(86.8570591297326,31.7579775868532,51.598043889515));
#8784=CARTESIAN_POINT('',(86.0494213994434,32.2154795255981,52.6415134534797));
#8785=CARTESIAN_POINT('',(85.0623752494216,32.3661558191812,53.564541615375));
#8786=CARTESIAN_POINT('',(86.3845305756314,23.4218839091821,56.8009210338141));
#8787=CARTESIAN_POINT('',(85.6056563081586,32.3661558191812,57.428101131927));
#8788=CARTESIAN_POINT('',(83.504626714476,32.3661558191812,54.8189018116006));
#8789=CARTESIAN_POINT('',(75.7371303360829,23.4218839091821,43.5782660308546));
#8790=CARTESIAN_POINT('',(77.0670635722991,28.4546426045606,57.126485647443));
#8791=CARTESIAN_POINT('',(83.504626714476,32.3661558191812,54.8189018116006));
#8792=CARTESIAN_POINT('',(82.3907464322554,32.2152675666039,55.58744161645));
#8793=CARTESIAN_POINT('',(81.2065446005474,31.7603458639273,56.1501041735412));
#8794=CARTESIAN_POINT('',(78.9755320671445,30.4038881173333,56.8862011811281));
#8795=CARTESIAN_POINT('',(77.9294804266283,29.5091136491204,57.0634414844285));
#8796=CARTESIAN_POINT('',(77.0670635722991,28.4546426045606,57.126485647443));
#8797=CARTESIAN_POINT('',(86.3845305756314,23.4218839091821,56.8009210338141));
#8798=CARTESIAN_POINT('',(64.4131252103982,32.3661558191812,57.3032839586624));
#8799=CARTESIAN_POINT('',(66.2453673761748,32.3661558191812,54.4987991409693));
#8800=CARTESIAN_POINT('',(65.696234200026,32.3661558191812,55.3393188518275));
#8801=CARTESIAN_POINT('',(60.9557734400083,27.2977773365781,49.572581580334));
#8802=CARTESIAN_POINT('',(61.6201706202435,30.0489452281617,50.9558394935518));
#8803=CARTESIAN_POINT('',(63.1725040196522,32.0144340601548,53.450449327867));
#8804=CARTESIAN_POINT('',(65.696234200026,32.3661558191812,55.3393188518275));
#8805=CARTESIAN_POINT('',(60.9557734400083,27.2977773365781,49.572581580334));
#8806=CARTESIAN_POINT('',(74.5355588980844,23.4218839091821,43.6379236111698));
#8807=CARTESIAN_POINT('',(62.061408318905,28.4546426045605,49.0893953867606));
#8808=CARTESIAN_POINT('',(66.2453673761748,32.3661558191812,54.4987991409693));
#8809=CARTESIAN_POINT('',(65.1702346498352,32.2152675666039,53.6769279007427));
#8810=CARTESIAN_POINT('',(64.2691722676706,31.7603458639273,52.7245573243278));
#8811=CARTESIAN_POINT('',(62.8796816244946,30.4038881173332,50.8302048013518));
#8812=CARTESIAN_POINT('',(62.3878683451774,29.5091136491203,49.8901208380656));
#8813=CARTESIAN_POINT('',(62.061408318905,28.4546426045605,49.0893953867606));
#8814=CARTESIAN_POINT('',(65.2502943147294,23.4218839091821,57.8502280972664));
#8815=CARTESIAN_POINT('',(74.5355588980847,23.4218839091821,43.6379236111694));
#8816=CARTESIAN_POINT('',(74.5541863931979,28.4546426045608,57.2512490758947));
#8817=CARTESIAN_POINT('',(66.0874634190606,32.3661558191812,58.3971722358704));
#8818=CARTESIAN_POINT('',(67.9197055848372,32.3661558191812,55.5926874181773));
#8819=CARTESIAN_POINT('',(74.5541863931979,28.4546426045607,57.2512490758947));
#8820=CARTESIAN_POINT('',(72.8326137953096,30.5547187756811,57.2964436108526));
#8821=CARTESIAN_POINT('',(70.3066992473317,32.0620948662615,56.9114445685761));
#8822=CARTESIAN_POINT('',(67.9197055848372,32.3661558191812,55.5926874181773));
#8823=CARTESIAN_POINT('',(65.2502943147294,23.4218839091821,57.8502280972664));
#8824=CARTESIAN_POINT('',(64.4131252103981,112.366155819181,57.3032839586624));
#8825=CARTESIAN_POINT('',(66.2447293107907,112.366155819181,54.4997757829851));
#8826=CARTESIAN_POINT('',(65.696234200026,112.366155819181,55.3393188518276));
#8827=CARTESIAN_POINT('',(65.6962342000259,-119.366155819181,55.3393188518275));
#8828=CARTESIAN_POINT('',(66.2447293107908,32.388477121996,54.499775782985));
#8829=CARTESIAN_POINT('',(66.2449419992564,32.3810366877248,54.4994502356399));
#8830=CARTESIAN_POINT('',(66.2451546877177,32.3735962534532,54.4991246883013));
#8831=CARTESIAN_POINT('',(66.2453673761748,32.3661558191812,54.4987991409693));
#8832=CARTESIAN_POINT('',(66.2447293107908,32.388477121996,54.499775782985));
#8833=CARTESIAN_POINT('',(66.2447293107908,32.388477121996,54.499775782985));
#8834=CARTESIAN_POINT('',(64.4131252103982,74.6151983983394,57.3032839586624));
#8835=CARTESIAN_POINT('',(66.5467042982294,112.366155819181,55.9330158732714));
#8836=CARTESIAN_POINT('',(66.3381850094779,112.366155819181,55.7951039223078));
#8837=CARTESIAN_POINT('',(75.0952888096013,112.366155819181,42.7811842193044));
#8838=CARTESIAN_POINT('',(75.0952888096011,112.366155819181,42.7811842193044));
#8839=CARTESIAN_POINT('',(67.9190675194532,112.366155819181,55.5936640601931));
#8840=CARTESIAN_POINT('',(66.0874634190606,112.366155819181,58.3971722358704));
#8841=CARTESIAN_POINT('',(66.0874634190606,112.366155819181,58.3971722358704));
#8842=CARTESIAN_POINT('',(67.9190675194533,10.4015039444436,55.593664060193));
#8843=CARTESIAN_POINT('',(67.9190675194532,32.388477121996,55.593664060193));
#8844=CARTESIAN_POINT('',(67.9197055848372,32.3661558191812,55.5926874181773));
#8845=CARTESIAN_POINT('',(67.9194928963802,32.3735962534532,55.5930129655093));
#8846=CARTESIAN_POINT('',(67.9192802079189,32.3810366877248,55.5933385128479));
#8847=CARTESIAN_POINT('',(67.9190675194532,32.388477121996,55.593664060193));
#8848=CARTESIAN_POINT('',(66.0874634190606,32.3661558191812,58.3971722358704));
#8849=CARTESIAN_POINT('',(85.6056563081586,112.366155819181,57.428101131927));
#8850=CARTESIAN_POINT('',(83.505358383182,112.366155819181,54.8198104468222));
#8851=CARTESIAN_POINT('',(83.505358383182,32.388477121996,54.8198104468222));
#8852=CARTESIAN_POINT('',(83.5051144936084,32.3810366877248,54.8195075684089));
#8853=CARTESIAN_POINT('',(83.5048706040397,32.3735962534532,54.8192046900017));
#8854=CARTESIAN_POINT('',(83.504626714476,32.3661558191812,54.8189018116006));
#8855=CARTESIAN_POINT('',(83.505358383182,32.388477121996,54.8198104468222));
#8856=CARTESIAN_POINT('',(83.505358383182,32.388477121996,54.8198104468222));
#8857=CARTESIAN_POINT('',(85.6056563081586,74.6151983983394,57.428101131927));
#8858=CARTESIAN_POINT('',(84.8992276440168,112.366155819181,55.0258465802434));
#8859=CARTESIAN_POINT('',(75.0952888096011,112.366155819181,42.7811842193044));
#8860=CARTESIAN_POINT('',(85.0631069181275,112.366155819181,53.5654502505966));
#8861=CARTESIAN_POINT('',(87.1634048431041,112.366155819181,56.1737409357014));
#8862=CARTESIAN_POINT('',(87.1634048431041,112.366155819181,56.1737409357014));
#8863=CARTESIAN_POINT('',(85.0631069181276,10.4015039444437,53.5654502505966));
#8864=CARTESIAN_POINT('',(85.0631069181275,32.388477121996,53.5654502505966));
#8865=CARTESIAN_POINT('',(85.0623752494216,32.3661558191812,53.564541615375));
#8866=CARTESIAN_POINT('',(85.0626191389853,32.3735962534532,53.5648444937761));
#8867=CARTESIAN_POINT('',(85.0628630285539,32.3810366877248,53.5651473721833));
#8868=CARTESIAN_POINT('',(85.0631069181275,32.388477121996,53.5654502505966));
#8869=CARTESIAN_POINT('',(87.1634048431041,32.3661558191812,56.1737409357014));
#8870=CARTESIAN_POINT('',(60.6687866441524,-119.366155819181,48.9395125860492));
#8871=CARTESIAN_POINT('',(60.6687866441524,24.3022781868103,48.9395125860492));
#8872=CARTESIAN_POINT('',(61.9692661215238,35.4015039444436,47.8246721414741));
#8873=CARTESIAN_POINT('',(61.9692661215238,20.4262963393637,47.8246721414741));
#8874=CARTESIAN_POINT('',(61.7627327020699,25.3480290147239,48.0017236160802));
#8875=CARTESIAN_POINT('',(61.766637197706,25.2548853171509,47.998376473948));
#8876=CARTESIAN_POINT('',(61.7705419232704,25.1617416362988,47.995029134709));
#8877=CARTESIAN_POINT('',(61.7744468795506,25.068597972228,47.991681597688));
#8878=CARTESIAN_POINT('',(61.7960718254395,24.5527851049656,47.9731435394502));
#8879=CARTESIAN_POINT('',(61.817703846514,24.0369727522169,47.9545994159854));
#8880=CARTESIAN_POINT('',(61.8393430785713,23.5211609243786,47.9360491108811));
#8881=CARTESIAN_POINT('',(61.8609823106287,23.0053490965369,47.9174988057768));
#8882=CARTESIAN_POINT('',(61.8826287536682,22.48953779343,47.8989423190336));
#8883=CARTESIAN_POINT('',(61.9042825470786,21.9737270257427,47.8803795311601));
#8884=CARTESIAN_POINT('',(61.9259363404891,21.4579162580519,47.8618167432864));
#8885=CARTESIAN_POINT('',(61.9475974842698,20.9421060255982,47.843247654283));
#8886=CARTESIAN_POINT('',(61.9692661215237,20.426296339365,47.8246721414741));
#8887=CARTESIAN_POINT('',(61.7627327020699,25.3480290147239,48.0017236160802));
#8888=CARTESIAN_POINT('',(71.2813601488021,23.4218839091821,39.841847940142));
#8889=CARTESIAN_POINT('',(60.8208879382047,24.4977951729781,48.8091232356348));
#8890=CARTESIAN_POINT('',(60.8208879382047,24.4977951729781,48.8091232356348));
#8891=CARTESIAN_POINT('',(60.7708253454315,24.4317729469501,48.8520395631548));
#8892=CARTESIAN_POINT('',(60.7201141910172,24.3665932613945,48.8955118723422));
#8893=CARTESIAN_POINT('',(60.6687866441524,24.3022781868103,48.9395125860492));
#8894=CARTESIAN_POINT('',(59.8791037975339,35.4015039444436,49.6164708857503));
#8895=CARTESIAN_POINT('',(60.2258754317644,-119.366155819181,47.776133548513));
#8896=CARTESIAN_POINT('',(60.2258754317644,24.3022781868104,47.7761335485131));
#8897=CARTESIAN_POINT('',(60.2258754317644,24.3022781868104,47.7761335485131));
#8898=CARTESIAN_POINT('',(60.2934694896985,24.3665932613946,47.774859497538));
#8899=CARTESIAN_POINT('',(60.3602518106696,24.4317729469501,47.7736007466395));
#8900=CARTESIAN_POINT('',(60.426180030562,24.4977951729781,47.7723580943205));
#8901=CARTESIAN_POINT('',(60.426180030562,24.4977951729781,47.7723580943205));
#8902=CARTESIAN_POINT('',(74.2017412605537,23.4218839091821,47.512708537033));
#8903=CARTESIAN_POINT('',(61.6665102902829,25.3480290147245,47.7489796491559));
#8904=CARTESIAN_POINT('',(61.9384974155719,20.426296339365,47.7438530822241));
#8905=CARTESIAN_POINT('',(61.8973107105367,21.1707830196742,47.7446293924992));
#8906=CARTESIAN_POINT('',(61.8561445623415,21.9152708379081,47.7454053153074));
#8907=CARTESIAN_POINT('',(61.8149984076327,22.6597597612429,47.7461808612671));
#8908=CARTESIAN_POINT('',(61.785127295074,23.2002407025357,47.7467438888652));
#8909=CARTESIAN_POINT('',(61.7552667203453,23.7407222265355,47.7473067178403));
#8910=CARTESIAN_POINT('',(61.7254164748304,24.2812043211063,47.7478693521246));
#8911=CARTESIAN_POINT('',(61.7057766277872,24.6368123063631,47.7482395350525));
#8912=CARTESIAN_POINT('',(61.686141252301,24.9924205386944,47.748609633698));
#8913=CARTESIAN_POINT('',(61.6665102902829,25.3480290147245,47.7489796491559));
#8914=CARTESIAN_POINT('',(61.938497415572,20.4262963393636,47.7438530822241));
#8915=CARTESIAN_POINT('',(61.938497415572,35.4015039444436,47.7438530822241));
#8916=CARTESIAN_POINT('',(61.938497415572,35.4015039444436,47.7438530822241));
#8917=CARTESIAN_POINT('',(75.8357667836696,35.4015039444436,56.8232971087137));
#8918=CARTESIAN_POINT('',(75.8357667836696,20.4262963393664,56.8232971087137));
#8919=CARTESIAN_POINT('',(75.9403304057957,25.348029014724,57.0744339776503));
#8920=CARTESIAN_POINT('',(75.9383536399659,25.2548853171509,57.0696862578313));
#8921=CARTESIAN_POINT('',(75.9363767577281,25.1617416362988,57.0649382584282));
#8922=CARTESIAN_POINT('',(75.9343997586837,25.068597972228,57.0601899784833));
#8923=CARTESIAN_POINT('',(75.9234514933792,24.5527851049656,57.0338948577429));
#8924=CARTESIAN_POINT('',(75.9124996460538,24.0369727522169,57.0075911338429));
#8925=CARTESIAN_POINT('',(75.9015441479561,23.5211609243786,56.9812786416592));
#8926=CARTESIAN_POINT('',(75.8905886498583,23.0053490965369,56.9549661494752));
#8927=CARTESIAN_POINT('',(75.8796295009886,22.48953779343,56.9286448890084));
#8928=CARTESIAN_POINT('',(75.8686666307774,21.9737270257427,56.9023146907671));
#8929=CARTESIAN_POINT('',(75.8577037605661,21.4579162580519,56.8759844925256));
#8930=CARTESIAN_POINT('',(75.8467371690135,20.9421060255982,56.8496453565104));
#8931=CARTESIAN_POINT('',(75.8357667836695,20.4262963393651,56.8232971087136));
#8932=CARTESIAN_POINT('',(75.9403304057957,25.348029014724,57.0744339776503));
#8933=CARTESIAN_POINT('',(71.1212451162005,23.4218839091821,45.5001410623983));
#8934=CARTESIAN_POINT('',(76.4171670371299,24.4977951729783,58.219681781357));
#8935=CARTESIAN_POINT('',(76.4171670371299,24.4977951729783,58.219681781357));
#8936=CARTESIAN_POINT('',(76.4425126981239,24.4317729469502,58.2805560109765));
#8937=CARTESIAN_POINT('',(76.4681867125366,24.3665932613945,58.3422188671548));
#8938=CARTESIAN_POINT('',(76.4941727937686,24.3022781868102,58.4046312333662));
#8939=CARTESIAN_POINT('',(76.8939729761878,35.4015039444436,59.36485586954));
#8940=CARTESIAN_POINT('',(75.2508664875715,24.3022781868106,58.4663609345497));
#8941=CARTESIAN_POINT('',(75.2705425057099,24.3665932613949,58.4016814618856));
#8942=CARTESIAN_POINT('',(75.2899822345694,24.4317729469504,58.3377787249334));
#8943=CARTESIAN_POINT('',(75.3091733423396,24.4977951729784,58.2746932611122));
#8944=CARTESIAN_POINT('',(75.3091733423396,24.4977951729784,58.2746932611122));
#8945=CARTESIAN_POINT('',(79.3191144660482,23.4218839091821,45.0931198619221));
#8946=CARTESIAN_POINT('',(75.6702222486163,25.3480290147247,57.0878447483887));
#8947=CARTESIAN_POINT('',(75.749395237695,20.4262963393665,56.8275854242295));
#8948=CARTESIAN_POINT('',(75.7374061608427,21.1707830196752,56.8669962015058));
#8949=CARTESIAN_POINT('',(75.7254230679003,21.9152708379086,56.9063873083317));
#8950=CARTESIAN_POINT('',(75.7134457948807,22.6597597612429,56.9457592837695));
#8951=CARTESIAN_POINT('',(75.7047505845252,23.2002407025357,56.9743423851135));
#8952=CARTESIAN_POINT('',(75.6960584416365,23.7407222265355,57.0029154030078));
#8953=CARTESIAN_POINT('',(75.6873693054885,24.2812043211063,57.0314785370732));
#8954=CARTESIAN_POINT('',(75.6816523238711,24.6368123063632,57.0502715343984));
#8955=CARTESIAN_POINT('',(75.6759366438834,24.9924205386945,57.0690602529755));
#8956=CARTESIAN_POINT('',(75.6702222486163,25.3480290147247,57.0878447483887));
#8957=CARTESIAN_POINT('',(75.749395237695,20.4262963393665,56.8275854242295));
#8958=CARTESIAN_POINT('',(75.749395237695,35.4015039444436,56.8275854242295));
#8959=CARTESIAN_POINT('',(75.749395237695,35.4015039444436,56.8275854242295));
#8960=CARTESIAN_POINT('',(88.6789520535736,35.4015039444437,46.4161993366527));
#8961=CARTESIAN_POINT('',(88.6789520535736,20.4262963393674,46.4161993366526));
#8962=CARTESIAN_POINT('',(88.950109345488,25.348029014724,46.3943589828777));
#8963=CARTESIAN_POINT('',(88.9449831413814,25.2548853171509,46.3947718727927));
#8964=CARTESIAN_POINT('',(88.9398566354023,25.1617416362989,46.395184787022));
#8965=CARTESIAN_POINT('',(88.9347298265169,25.068597972228,46.3955977256489));
#8966=CARTESIAN_POINT('',(88.906338480552,24.5527851049656,46.397884505531));
#8967=CARTESIAN_POINT('',(88.8779378455907,24.0369727522169,46.4001720335949));
#8968=CARTESIAN_POINT('',(88.8495277433453,23.5211609243786,46.4024603242008));
#8969=CARTESIAN_POINT('',(88.8211176410998,23.0053490965369,46.4047486148068));
#8970=CARTESIAN_POINT('',(88.7926980715711,22.48953779343,46.4070376679547));
#8971=CARTESIAN_POINT('',(88.7642688517559,21.9737270257427,46.4093274983846));
#8972=CARTESIAN_POINT('',(88.7358396319406,21.4579162580519,46.4116173288145));
#8973=CARTESIAN_POINT('',(88.7074007618397,20.9421060255982,46.4139079365262));
#8974=CARTESIAN_POINT('',(88.6789520535735,20.4262963393651,46.4161993366527));
#8975=CARTESIAN_POINT('',(88.950109345488,25.348029014724,46.3943589828777));
#8976=CARTESIAN_POINT('',(76.4531233951016,23.4218839091821,47.4009282414429));
#8977=CARTESIAN_POINT('',(90.1866553545988,24.4977951729783,46.294761431555));
#8978=CARTESIAN_POINT('',(90.1866553545988,24.4977951729783,46.294761431555));
#8979=CARTESIAN_POINT('',(90.2523824273337,24.4317729469502,46.2894674469788));
#8980=CARTESIAN_POINT('',(90.3189609952828,24.3665932613946,46.2841048787529));
#8981=CARTESIAN_POINT('',(90.3863488235835,24.3022781868102,46.2786771286828));
#8982=CARTESIAN_POINT('',(91.4231217716454,35.4015039444437,46.1951702909722));
#8983=CARTESIAN_POINT('',(90.0608544803145,24.3022781868105,47.4802072196657));
#8984=CARTESIAN_POINT('',(90.0054208703531,24.3665932613948,47.44150715816));
#8985=CARTESIAN_POINT('',(89.9506529625493,24.4317729469505,47.4032718456479));
#8986=CARTESIAN_POINT('',(89.8965854995406,24.4977951729785,47.3655255371293));
#8987=CARTESIAN_POINT('',(89.8965854995406,24.4977951729785,47.3655255371293));
#8988=CARTESIAN_POINT('',(78.5993041768869,23.4218839091821,39.4785147085159));
#8989=CARTESIAN_POINT('',(88.8793957354996,25.3480290147248,46.6553912619335));
#8990=CARTESIAN_POINT('',(88.6563402084522,20.4262963393674,46.4996687206459));
#8991=CARTESIAN_POINT('',(88.6901172564989,21.1707830196758,46.5232496102506));
#8992=CARTESIAN_POINT('',(88.7238774459653,21.9152708379089,46.5468187303152));
#8993=CARTESIAN_POINT('',(88.7576212388555,22.6597597612429,46.5703764033803));
#8994=CARTESIAN_POINT('',(88.7821184158751,23.2002407025357,46.5874787039167));
#8995=CARTESIAN_POINT('',(88.8066069508636,23.7407222265355,46.6045749711614));
#8996=CARTESIAN_POINT('',(88.8310870149061,24.2812043211063,46.6216653245548));
#8997=CARTESIAN_POINT('',(88.8471935729967,24.6368123063632,46.6329098527244));
#8998=CARTESIAN_POINT('',(88.8632964639817,24.9924205386946,46.6441518207646));
#8999=CARTESIAN_POINT('',(88.8793957354996,25.3480290147248,46.6553912619335));
#9000=CARTESIAN_POINT('',(88.6563402084522,20.4262963393674,46.4996687206459));
#9001=CARTESIAN_POINT('',(88.6563402084522,35.4015039444437,46.4996687206459));
#9002=CARTESIAN_POINT('',(88.6563402084522,35.4015039444437,46.4996687206459));
#9003=CARTESIAN_POINT('',(60.2258754317644,24.3022781868104,47.7761335485131));
#9004=CARTESIAN_POINT('',(60.2258754317645,24.4350412568393,47.7761335485133));
#9005=CARTESIAN_POINT('',(60.224947305765,24.5678340181888,47.7733730443472));
#9006=CARTESIAN_POINT('',(60.2231292726865,24.7004738681928,47.7679510788235));
#9007=CARTESIAN_POINT('',(60.2231292726865,24.7004738681928,47.7679510788235));
#9008=CARTESIAN_POINT('',(60.331953943291,24.4977951729781,42.7732460287155));
#9009=CARTESIAN_POINT('',(60.426180030562,24.4977951729781,47.7723580943205));
#9010=CARTESIAN_POINT('',(60.3240951291221,24.5997709361286,47.7742822481914));
#9011=CARTESIAN_POINT('',(60.2220233089956,24.7015769565058,47.7678819754433));
#9012=CARTESIAN_POINT('',(60.3598012559767,24.4313217500003,47.7736092389488));
#9013=CARTESIAN_POINT('',(60.2637681760186,24.5290482538306,47.7754193246705));
#9014=CARTESIAN_POINT('',(60.1677287851917,24.6266254035641,47.7697449925109));
#9015=CARTESIAN_POINT('',(60.2926234841893,24.3657687580929,47.7748754435275));
#9016=CARTESIAN_POINT('',(60.2025990385709,24.4589729630154,47.7765722751164));
#9017=CARTESIAN_POINT('',(60.112560952269,24.552050130114,47.7715782041281));
#9018=CARTESIAN_POINT('',(60.2246594595593,24.3011213777051,47.7761564678439));
#9019=CARTESIAN_POINT('',(60.1406008377763,24.3895239056463,47.7777408522161));
#9020=CARTESIAN_POINT('',(60.0565301171049,24.4778212380178,47.7733746023196));
#9021=CARTESIAN_POINT('',(60.2231292726962,24.7004738681908,47.7679510788238));
#9022=CARTESIAN_POINT('',(60.2106642479045,25.6098957253775,47.7307763236053));
#9023=CARTESIAN_POINT('',(60.1419700111264,26.5005996251373,47.5398544940786));
#9024=CARTESIAN_POINT('',(60.0191905247518,27.2977773365781,47.1124927407462));
#9025=CARTESIAN_POINT('',(61.6665102902829,25.3480290147245,47.7489796491559));
#9026=CARTESIAN_POINT('',(61.6040820090202,26.4788969742549,47.7501563326552));
#9027=CARTESIAN_POINT('',(61.4063374839415,27.5776607201915,47.4159632085854));
#9028=CARTESIAN_POINT('',(61.1662294941614,28.4546426045605,46.7380611905951));
#9029=CARTESIAN_POINT('',(59.0727589779542,25.8426842527231,47.4214393769373));
#9030=CARTESIAN_POINT('',(59.726689661988,25.19653772105,47.785542483798));
#9031=CARTESIAN_POINT('',(60.426180030562,24.4977951729781,47.7723580943205));
#9032=CARTESIAN_POINT('',(59.5249707667871,26.7762741060323,47.2738224558007));
#9033=CARTESIAN_POINT('',(60.155019471489,25.8960349057405,47.7774690816551));
#9034=CARTESIAN_POINT('',(60.8403855172889,24.9125912695708,47.7645509153999));
#9035=CARTESIAN_POINT('',(60.239990551229,27.6662338741588,47.0404162913897));
#9036=CARTESIAN_POINT('',(60.8388467610423,26.5819195383277,47.7645799187353));
#9037=CARTESIAN_POINT('',(61.495564089673,25.3082248321166,47.7522017396804));
#9038=CARTESIAN_POINT('',(61.1830700444942,28.469007497655,46.7325638766113));
#9039=CARTESIAN_POINT('',(61.7149569800098,27.2272034804678,47.7480664985896));
#9040=CARTESIAN_POINT('',(62.3597477541599,25.6650499485034,47.7359131179573));
#9041=CARTESIAN_POINT('',(60.6721773732146,24.7004738681653,48.9474496608346));
#9042=CARTESIAN_POINT('',(60.6875490010813,25.6074355771561,48.9834044382897));
#9043=CARTESIAN_POINT('',(60.7635898110773,26.5019740957882,49.1724601869597));
#9044=CARTESIAN_POINT('',(60.9557734400083,27.2977773365781,49.572581580334));
#9045=CARTESIAN_POINT('',(60.6721773731888,24.7004738682019,48.9474496608607));
#9046=CARTESIAN_POINT('',(64.0750866874871,24.4977951729781,52.6051989066626));
#9047=CARTESIAN_POINT('',(62.061408318905,28.4546426045605,49.0893953867606));
#9048=CARTESIAN_POINT('',(61.7898913621591,27.5776385429463,48.4234316538963));
#9049=CARTESIAN_POINT('',(61.7153282570683,26.4788857758526,48.0423612374037));
#9050=CARTESIAN_POINT('',(61.7627327020697,25.3480290147244,48.0017236160803));
#9051=CARTESIAN_POINT('',(62.0776409843369,28.469007497655,49.0823013632532));
#9052=CARTESIAN_POINT('',(61.7995206951777,27.2272034804679,47.9701869841649));
#9053=CARTESIAN_POINT('',(62.2891425597274,25.6650499485034,47.5504569794657));
#9054=CARTESIAN_POINT('',(61.1686033586467,27.666233874163,49.4795703338363));
#9055=CARTESIAN_POINT('',(61.1342464137249,26.5819195383247,48.5404956192712));
#9056=CARTESIAN_POINT('',(61.6329247072331,25.3082248321135,48.1130019600997));
#9057=CARTESIAN_POINT('',(60.4793932848279,26.7762741060294,49.7807699418488));
#9058=CARTESIAN_POINT('',(60.6149821718103,25.8960349057356,48.9856366525296));
#9059=CARTESIAN_POINT('',(61.1354148682595,24.9125912695689,48.5394939576382));
#9060=CARTESIAN_POINT('',(60.0435047581814,25.8426842527232,49.971262591852));
#9061=CARTESIAN_POINT('',(60.2897299374607,25.19653772105,49.264460234021));
#9062=CARTESIAN_POINT('',(60.8208879382047,24.4977951729781,48.8091232356348));
#9063=CARTESIAN_POINT('',(60.6687866441524,24.3022781868103,48.9395125860492));
#9064=CARTESIAN_POINT('',(60.6687866441524,24.4350412568334,48.9395125860492));
#9065=CARTESIAN_POINT('',(60.6699293285553,24.5678340181772,48.9421914054637));
#9066=CARTESIAN_POINT('',(60.6721773732019,24.7004738681754,48.947449660847));
#9067=CARTESIAN_POINT('',(60.6713973787557,24.701576956515,48.9482367692695));
#9068=CARTESIAN_POINT('',(60.7433697698446,24.5997709361332,48.8755759484849));
#9069=CARTESIAN_POINT('',(60.8208879382047,24.4977951729781,48.8091232356348));
#9070=CARTESIAN_POINT('',(60.6296104435359,24.626625403571,48.9829530218377));
#9071=CARTESIAN_POINT('',(60.6975604989241,24.5290482538329,48.914846101415));
#9072=CARTESIAN_POINT('',(60.7704832167339,24.4313217499979,48.8523328541416));
#9073=CARTESIAN_POINT('',(60.5871911294564,24.5520501301203,49.0182723118543));
#9074=CARTESIAN_POINT('',(60.6511117153324,24.4589729630174,48.9546644787522));
#9075=CARTESIAN_POINT('',(60.7194717767473,24.3657687580906,48.8960625841548));
#9076=CARTESIAN_POINT('',(60.5441517943753,24.4778212380246,49.0541930185782));
#9077=CARTESIAN_POINT('',(60.6040333825003,24.3895239056493,48.9950225393118));
#9078=CARTESIAN_POINT('',(60.6678632956763,24.3011213777042,48.9403041296633));
#9079=CARTESIAN_POINT('',(87.0344116587363,24.4977951729785,51.4652768594678));
#9080=CARTESIAN_POINT('',(89.8965854995405,24.4977951729785,47.3655255371293));
#9081=CARTESIAN_POINT('',(89.9803049089404,24.5997709361258,47.4239728634942));
#9082=CARTESIAN_POINT('',(90.0591207601352,24.7015769564999,47.4891471034588));
#9083=CARTESIAN_POINT('',(89.9510224606082,24.4313217500014,47.4035298046301));
#9084=CARTESIAN_POINT('',(90.0297787960058,24.5290482538283,47.458512242649));
#9085=CARTESIAN_POINT('',(90.1041410065512,24.6266254035584,47.5195534113623));
#9086=CARTESIAN_POINT('',(90.0061146760033,24.3657687580897,47.441991527144));
#9087=CARTESIAN_POINT('',(90.0799433549997,24.4589729630092,47.4935338030311));
#9088=CARTESIAN_POINT('',(90.1498502556816,24.5520501301048,47.550497150603));
#9089=CARTESIAN_POINT('',(90.0618516941386,24.3011213777043,47.4809034080676));
#9090=CARTESIAN_POINT('',(90.1307878254505,24.3895239056427,47.5290300323952));
#9091=CARTESIAN_POINT('',(90.1962360499039,24.4778212380114,47.5819779325216));
#9092=CARTESIAN_POINT('',(88.8793957354996,25.3480290147248,46.6553912619335));
#9093=CARTESIAN_POINT('',(88.9305929131781,26.4788969742552,46.6911337280377));
#9094=CARTESIAN_POINT('',(88.8941378047656,27.5776607201918,47.0777329603763));
#9095=CARTESIAN_POINT('',(88.6899284403089,28.4546426045608,47.7672991488019));
#9096=CARTESIAN_POINT('',(90.7852612848141,25.8426842527232,48.4449456780018));
#9097=CARTESIAN_POINT('',(90.4702346848142,25.1965377210501,47.7660092647502));
#9098=CARTESIAN_POINT('',(89.8965854995408,24.4977951729781,47.3655255371295));
#9099=CARTESIAN_POINT('',(90.3326472133605,26.7762741060279,48.2985668554701));
#9100=CARTESIAN_POINT('',(90.1189631630247,25.8960349057442,47.5207748391704));
#9101=CARTESIAN_POINT('',(89.5568972769858,24.9125912695737,47.1283778010391));
#9102=CARTESIAN_POINT('',(89.6169913551959,27.666233874168,48.0671183246876));
#9103=CARTESIAN_POINT('',(89.5581592046661,26.5819195383362,47.1292587950655));
#9104=CARTESIAN_POINT('',(89.0195880142071,25.308224832114,46.7532641915947));
#9105=CARTESIAN_POINT('',(88.6730729088082,28.4690074976553,47.7618479421121));
#9106=CARTESIAN_POINT('',(88.8396648037533,27.2272034804681,46.6276537665163));
#9107=CARTESIAN_POINT('',(88.3108745317485,25.6650499485035,46.2584875501272));
#9108=CARTESIAN_POINT('',(89.7852305593721,24.4977951729783,41.3109016689035));
#9109=CARTESIAN_POINT('',(89.3477931218038,28.4546426045607,45.3388569133003));
#9110=CARTESIAN_POINT('',(89.176011293333,27.5776385429464,46.0372265537475));
#9111=CARTESIAN_POINT('',(89.0123465416055,26.4788857758527,46.3893460902811));
#9112=CARTESIAN_POINT('',(88.9501093454883,25.3480290147245,46.3943589828777));
#9113=CARTESIAN_POINT('',(89.3304908572083,28.4690074976552,45.3350547775301));
#9114=CARTESIAN_POINT('',(88.9018104667282,27.227203480468,46.3982492142324));
#9115=CARTESIAN_POINT('',(88.2589869507831,25.6650499485035,46.4500254099008));
#9116=CARTESIAN_POINT('',(90.2994265870205,27.6662338741644,45.5479763391492));
#9117=CARTESIAN_POINT('',(89.7752476713143,26.5819195383262,46.3278982477869));
#9118=CARTESIAN_POINT('',(89.1205339888284,25.308224832123,46.380632136455));
#9119=CARTESIAN_POINT('',(91.0340499370206,26.7762741060292,45.7094082546909));
#9120=CARTESIAN_POINT('',(90.4569886021405,25.8960349057371,46.2729874504107));
#9121=CARTESIAN_POINT('',(89.7737136098116,24.9125912695684,46.3280218086997));
#9122=CARTESIAN_POINT('',(91.4986599330721,25.8426842527235,45.8115053111413));
#9123=CARTESIAN_POINT('',(90.8840115763735,25.1965377210503,46.2385929011674));
#9124=CARTESIAN_POINT('',(90.1866553545989,24.4977951729783,46.294761431555));
#9125=CARTESIAN_POINT('',(90.3893646411385,24.7015769564971,46.270084564901));
#9126=CARTESIAN_POINT('',(90.2884287947541,24.5997709361244,46.2865640936845));
#9127=CARTESIAN_POINT('',(90.1866553545988,24.4977951729783,46.294761431555));
#9128=CARTESIAN_POINT('',(90.4435766831499,24.6266254035545,46.2665602708528));
#9129=CARTESIAN_POINT('',(90.3485716901773,24.5290482538252,46.2817198864576));
#9130=CARTESIAN_POINT('',(90.2528316073818,24.431321749999,46.2894312677889));
#9131=CARTESIAN_POINT('',(90.4986547869263,24.5520501301065,46.2629198122277));
#9132=CARTESIAN_POINT('',(90.4095542004422,24.458972963012,46.2768080524851));
#9133=CARTESIAN_POINT('',(90.3198044196282,24.3657687580937,46.2840369451711));
#9134=CARTESIAN_POINT('',(90.5545880020961,24.4778212380097,46.2591572364675));
#9135=CARTESIAN_POINT('',(90.4713632445763,24.3895239056422,46.2718296453739));
#9136=CARTESIAN_POINT('',(90.3875610858546,24.3011213777049,46.2785794870642));
#9137=CARTESIAN_POINT('',(70.5256177743761,24.4977951729784,56.8194970103596));
#9138=CARTESIAN_POINT('',(75.3091733423396,24.4977951729784,58.2746932611122));
#9139=CARTESIAN_POINT('',(75.279457352004,24.5997709361252,58.3723763680843));
#9140=CARTESIAN_POINT('',(75.2418284038366,24.7015769564987,58.4674746446946));
#9141=CARTESIAN_POINT('',(75.2898510821789,24.4313217499992,58.3382098521765));
#9142=CARTESIAN_POINT('',(75.2618967222716,24.5290482538261,58.4301020858964));
#9143=CARTESIAN_POINT('',(75.2268223078023,24.6266254035561,58.519687509291));
#9144=CARTESIAN_POINT('',(75.2702962411682,24.3657687580897,58.4024909885176));
#9145=CARTESIAN_POINT('',(75.2440909403034,24.4589729630092,58.4886336739431));
#9146=CARTESIAN_POINT('',(75.2115179977402,24.5520501301047,58.5727217298259));
#9147=CARTESIAN_POINT('',(75.2505125290742,24.3011213777049,58.4675244753022));
#9148=CARTESIAN_POINT('',(75.226043825502,24.3895239056429,58.5479585769933));
#9149=CARTESIAN_POINT('',(75.1959119936706,24.4778212380111,58.6265653382949));
#9150=CARTESIAN_POINT('',(75.6702222486163,25.3480290147247,57.0878447483887));
#9151=CARTESIAN_POINT('',(75.6520499412861,26.4788969742551,57.1475811872829));
#9152=CARTESIAN_POINT('',(75.2731069741446,27.5776607201918,57.2323760516799));
#9153=CARTESIAN_POINT('',(74.5541863931979,28.4546426045608,57.2512490758947));
#9154=CARTESIAN_POINT('',(74.5571997036817,25.8426842527161,59.4534333251741));
#9155=CARTESIAN_POINT('',(75.1055580305736,25.1965377210447,58.9440223346426));
#9156=CARTESIAN_POINT('',(75.3091733423386,24.497795172975,58.2746932611156));
#9157=CARTESIAN_POINT('',(74.5565487967277,26.7762741060348,58.9777382193636));
#9158=CARTESIAN_POINT('',(75.2302409591971,25.8960349057376,58.5341616597213));
#9159=CARTESIAN_POINT('',(75.4297448085147,24.9125912695668,57.8783478829128));
#9160=CARTESIAN_POINT('',(74.5555196078402,27.6662338741415,58.225587522698));
#9161=CARTESIAN_POINT('',(75.4292968905066,26.5819195383198,57.8798202895976));
#9162=CARTESIAN_POINT('',(75.6204613576923,25.3082248321178,57.2514199271477));
#9163=CARTESIAN_POINT('',(74.5541621531589,28.4690074976553,57.2335339973183));
#9164=CARTESIAN_POINT('',(75.6843246412666,27.2272034804681,57.0414870293875));
#9165=CARTESIAN_POINT('',(75.8720173964498,25.6650499485035,56.4244989608306));
#9166=CARTESIAN_POINT('',(81.0330522570123,24.4977951729783,56.2978067498134));
#9167=CARTESIAN_POINT('',(77.0670635722991,28.4546426045606,57.126485647443));
#9168=CARTESIAN_POINT('',(76.3497910706468,27.5776385429464,57.1789195073484));
#9169=CARTESIAN_POINT('',(75.9643303012478,26.4788857758527,57.1320759995704));
#9170=CARTESIAN_POINT('',(75.9403304057958,25.3480290147245,57.0744339776505));
#9171=CARTESIAN_POINT('',(77.065332924498,28.4690074976551,57.1088552913849));
#9172=CARTESIAN_POINT('',(75.9217054015699,27.227203480468,57.0297011618767));
#9173=CARTESIAN_POINT('',(75.6738199224796,25.6650499485034,56.4343393925749));
#9174=CARTESIAN_POINT('',(77.1622500928265,27.6662338741628,58.096164312101));
#9175=CARTESIAN_POINT('',(76.2585200863861,26.5819195383284,57.8386496626694));
#9176=CARTESIAN_POINT('',(76.0060495235873,25.3082248321258,57.232275616414));
#9177=CARTESIAN_POINT('',(77.2357303172328,26.7762741060308,58.8447178414826));
#9178=CARTESIAN_POINT('',(76.521412891408,25.8960349057334,58.4700554477912));
#9179=CARTESIAN_POINT('',(76.2579285218854,24.9125912695659,57.8372288659026));
#9180=CARTESIAN_POINT('',(77.2822026309349,25.8426842527235,59.3181379312795));
#9181=CARTESIAN_POINT('',(76.6860814076273,25.1965377210502,58.865549929816));
#9182=CARTESIAN_POINT('',(76.4171670371299,24.4977951729782,58.2196817813571));
#9183=CARTESIAN_POINT('',(76.5032767464206,24.7015769564955,58.4048441980687));
#9184=CARTESIAN_POINT('',(76.4564128913116,24.5997709361235,58.3139409580911));
#9185=CARTESIAN_POINT('',(76.4171670371299,24.4977951729783,58.219681781357));
#9186=CARTESIAN_POINT('',(76.5233809915223,24.6266254035537,58.4553138471316));
#9187=CARTESIAN_POINT('',(76.4796051829382,24.5290482538253,58.3696433083354));
#9188=CARTESIAN_POINT('',(76.4426859108469,24.4313217500001,58.2809720266046));
#9189=CARTESIAN_POINT('',(76.5438633435032,24.5520501301033,58.5065712730496));
#9190=CARTESIAN_POINT('',(76.5031212466747,24.4589729630093,58.4261232819298));
#9191=CARTESIAN_POINT('',(76.4685119536676,24.3657687580913,58.343000018741));
#9192=CARTESIAN_POINT('',(76.5647260797368,24.4778212380083,58.5586042219628));
#9193=CARTESIAN_POINT('',(76.5269560382431,24.3895239056415,58.4833687637188));
#9194=CARTESIAN_POINT('',(76.4946402661096,24.3011213777049,58.4057539903791));
#9195=CARTESIAN_POINT('',(89.1568453529073,13.4015039444437,42.7811842193044));
#9196=CARTESIAN_POINT('',(89.1568453529073,13.4015039444437,70.9042973059165));
#9197=CARTESIAN_POINT('',(61.0337322662951,13.4015039444436,70.9042973059165));
#9198=CARTESIAN_POINT('',(61.0337322662952,13.4015039444436,42.7811842193043));
#9199=CARTESIAN_POINT('',(89.1569118321757,20.4262963393673,42.7811842193044));
#9200=CARTESIAN_POINT('',(89.1569118321757,20.4262963393673,43.3903808455639));
#9201=CARTESIAN_POINT('',(89.1174963966087,20.4262963393674,44.0000471104963));
#9202=CARTESIAN_POINT('',(88.9574103416606,20.4262963393675,45.2203478036239));
#9203=CARTESIAN_POINT('',(88.8367447492414,20.4262963393676,45.8265448864999));
#9204=CARTESIAN_POINT('',(88.6789520535764,20.4262963393676,46.4161993366422));
#9205=CARTESIAN_POINT('',(88.6563402084511,20.4262963393675,46.4996687206501));
#9206=CARTESIAN_POINT('',(87.8836450990668,20.4262963393676,49.317633429178));
#9207=CARTESIAN_POINT('',(86.1984251316813,20.4262963393677,51.894778232884));
#9208=CARTESIAN_POINT('',(81.6276025815387,20.4262963393674,55.5743897916387));
#9209=CARTESIAN_POINT('',(78.7850070986796,20.426296339367,56.6677758199526));
#9210=CARTESIAN_POINT('',(75.8357667836664,20.4262963393665,56.8232971087139));
#9211=CARTESIAN_POINT('',(75.7493952377054,20.4262963393664,56.827585424229));
#9212=CARTESIAN_POINT('',(72.8013396613229,20.426296339366,56.964869136604));
#9213=CARTESIAN_POINT('',(69.8720925982112,20.4262963393656,56.1648712856156));
#9214=CARTESIAN_POINT('',(64.9399739371031,20.4262963393645,52.9435873795831));
#9215=CARTESIAN_POINT('',(63.0198388205624,20.4262963393639,50.558859532402));
#9216=CARTESIAN_POINT('',(61.9692661215192,20.4262963393635,47.8246721414621));
#9217=CARTESIAN_POINT('',(61.938497415567,20.4262963393634,47.743853082211));
#9218=CARTESIAN_POINT('',(61.6402804455517,20.4262963393633,46.9532344507766));
#9219=CARTESIAN_POINT('',(61.4110606119822,20.4262963393633,46.125083302779));
#9220=CARTESIAN_POINT('',(61.1095898135678,20.4262963393631,44.4664100312721));
#9221=CARTESIAN_POINT('',(61.0336657870261,20.4262963393631,43.628266211164));
#9222=CARTESIAN_POINT('',(61.0336657870268,20.426296339363,42.7811842192929));
#9223=CARTESIAN_POINT('',(75.0952888096012,60.4015039444437,42.7811842193044));
#9224=CARTESIAN_POINT('',(61.949268222934,20.4262963393631,47.7723148290878));
#9225=CARTESIAN_POINT('',(61.3419782092828,20.4262963393631,46.172788059364));
#9226=CARTESIAN_POINT('',(61.029995990941,20.4262963393631,44.4616802776408));
#9227=CARTESIAN_POINT('',(61.0336987164164,20.4262963393631,42.7507526527637));
#9228=CARTESIAN_POINT('',(61.7619001381524,24.1621166801032,47.8274838379752));
#9229=CARTESIAN_POINT('',(61.147897499491,24.1621166801032,46.2051592743924));
#9230=CARTESIAN_POINT('',(60.8334110586634,24.1621166801032,44.4700218528585));
#9231=CARTESIAN_POINT('',(60.8389815277092,24.1621166801032,42.7354022404472));
#9232=CARTESIAN_POINT('',(61.5745409246734,27.897937152151,47.8826738653788));
#9233=CARTESIAN_POINT('',(60.9538231035982,27.897937152151,46.2375525873426));
#9234=CARTESIAN_POINT('',(60.6368296844717,27.897937152151,44.4783861332185));
#9235=CARTESIAN_POINT('',(60.6442651228614,27.897937152151,42.7200746286483));
#9236=CARTESIAN_POINT('',(61.387189443033,31.633757735105,47.9378824488998));
#9237=CARTESIAN_POINT('',(60.7597541817501,31.633757735105,46.2699653971725));
#9238=CARTESIAN_POINT('',(60.4402513536141,31.633757735105,44.4867704343578));
#9239=CARTESIAN_POINT('',(60.4495493164826,31.633757735105,42.7047671104467));
#9240=CARTESIAN_POINT('',(89.1567748925088,20.4262963393651,42.719126430195));
#9241=CARTESIAN_POINT('',(89.1623078513562,20.4262963393651,43.9728227823681));
#9242=CARTESIAN_POINT('',(88.9991819644889,20.4262963393651,45.2271568936298));
#9243=CARTESIAN_POINT('',(88.6731705061629,20.4262963393651,46.4377359642096));
#9244=CARTESIAN_POINT('',(89.3376737929187,23.8952769628963,42.732190841602));
#9245=CARTESIAN_POINT('',(89.3420419527664,23.8952769628963,44.0020158085046));
#9246=CARTESIAN_POINT('',(89.1755816013313,23.8952769628963,45.2723204641991));
#9247=CARTESIAN_POINT('',(88.844184024663,23.8952769628963,46.4981467869577));
#9248=CARTESIAN_POINT('',(89.5185718876617,27.3642576996888,42.7452355937768));
#9249=CARTESIAN_POINT('',(89.5217770012908,27.3642576996888,44.0311891035772));
#9250=CARTESIAN_POINT('',(89.3519839475837,27.3642576996888,45.3174644676785));
#9251=CARTESIAN_POINT('',(89.0152019620128,27.3642576996888,46.5585384365926));
#9252=CARTESIAN_POINT('',(89.699469340844,30.8332385332877,42.7582628657892));
#9253=CARTESIAN_POINT('',(89.7015129667537,30.8332385332877,44.0603448612869));
#9254=CARTESIAN_POINT('',(89.5283887768364,30.8332385332877,45.3625910862627));
#9255=CARTESIAN_POINT('',(89.186223900562,30.8332385332877,46.6189130580718));
#9256=CARTESIAN_POINT('',(83.505358383182,32.388477121996,54.8198104468222));
#9257=CARTESIAN_POINT('',(84.0518746522579,32.388477121996,54.4380193886767));
#9258=CARTESIAN_POINT('',(84.5735347090767,32.388477121996,54.0179582577849));
#9259=CARTESIAN_POINT('',(85.0631069181275,32.388477121996,53.5654502505966));
#9260=CARTESIAN_POINT('',(88.6838577485694,20.4262963393651,46.3978174907189));
#9261=CARTESIAN_POINT('',(87.9210537509693,20.4262963393651,49.2638572383029));
#9262=CARTESIAN_POINT('',(86.2244552664772,20.4262963393651,51.8733209196419));
#9263=CARTESIAN_POINT('',(83.9144589165232,20.4262963393651,53.7334205504911));
#9264=CARTESIAN_POINT('',(81.6044625665692,20.4262963393651,55.5935201813403));
#9265=CARTESIAN_POINT('',(78.6931776564765,20.4262963393651,56.6945048742742));
#9266=CARTESIAN_POINT('',(75.730390041732,20.426296339365,56.8284575651868));
#9267=CARTESIAN_POINT('',(88.8806311574618,24.4136897922546,46.4666782720888));
#9268=CARTESIAN_POINT('',(88.1033033540554,24.4136897922546,49.3742205806626));
#9269=CARTESIAN_POINT('',(86.3786680839593,24.4136897922546,52.0203358579511));
#9270=CARTESIAN_POINT('',(84.0324166163741,24.4136897922546,53.9053145954836));
#9271=CARTESIAN_POINT('',(81.6861651487889,24.4136897922546,55.7902933330161));
#9272=CARTESIAN_POINT('',(78.7305968431429,24.4136897922546,56.9042542238108));
#9273=CARTESIAN_POINT('',(75.7238603175037,24.4136897922546,57.036829694704));
#9274=CARTESIAN_POINT('',(89.0774103283417,28.4010833946771,46.5355137161773));
#9275=CARTESIAN_POINT('',(88.2855640631541,28.4010833946771,49.4845598010334));
#9276=CARTESIAN_POINT('',(86.5328969406658,28.401083394677,52.1673296312622));
#9277=CARTESIAN_POINT('',(84.150393946228,28.401083394677,54.0771916157498));
#9278=CARTESIAN_POINT('',(81.7678909517902,28.401083394677,55.9870536002375));
#9279=CARTESIAN_POINT('',(78.768041480113,28.401083394677,57.113995990742));
#9280=CARTESIAN_POINT('',(75.7173564908075,28.401083394677,57.2451997038064));
#9281=CARTESIAN_POINT('',(89.2741946423071,32.388477121996,46.6043270449922));
#9282=CARTESIAN_POINT('',(88.4678345797924,32.388477121996,49.5948779908868));
#9283=CARTESIAN_POINT('',(86.6871399029547,32.388477121996,52.3143049789653));
#9284=CARTESIAN_POINT('',(84.2683885016263,32.388477121996,54.2490538435423));
#9285=CARTESIAN_POINT('',(81.8496371002979,32.388477121996,56.1838027081193));
#9286=CARTESIAN_POINT('',(78.8055083881151,32.388477121996,57.3237312406474));
#9287=CARTESIAN_POINT('',(75.7108753026037,32.388477121996,57.453567970692));
#9288=CARTESIAN_POINT('',(66.2447293107908,32.388477121996,54.499775782985));
#9289=CARTESIAN_POINT('',(66.7767169993501,32.388477121996,54.9015637166836));
#9290=CARTESIAN_POINT('',(67.3374206979707,32.388477121996,55.2678858848901));
#9291=CARTESIAN_POINT('',(67.9190675194532,32.388477121996,55.593664060193));
#9292=CARTESIAN_POINT('',(75.8547649011598,20.426296339365,56.8222823991244));
#9293=CARTESIAN_POINT('',(72.8932797246203,20.426296339365,56.9824676751108));
#9294=CARTESIAN_POINT('',(69.8872545221043,20.426296339365,56.1752752546363));
#9295=CARTESIAN_POINT('',(67.4043665181442,20.426296339365,54.5531405705556));
#9296=CARTESIAN_POINT('',(64.9214785141841,20.426296339365,52.931005886475));
#9297=CARTESIAN_POINT('',(62.9747433349404,20.426296339365,50.5024323825991));
#9298=CARTESIAN_POINT('',(61.9317950316938,20.426296339365,47.7260475731281));
#9299=CARTESIAN_POINT('',(75.8500807337098,24.4136897922546,57.0307041835743));
#9300=CARTESIAN_POINT('',(72.8446361732808,24.4136897922546,57.1899014960632));
#9301=CARTESIAN_POINT('',(69.7950893883851,24.4136897922546,56.3673704739634));
#9302=CARTESIAN_POINT('',(67.277336500413,24.4136897922546,54.7184431907805));
#9303=CARTESIAN_POINT('',(64.759583612441,24.4136897922546,53.0695159075977));
#9304=CARTESIAN_POINT('',(62.7868230138705,24.4136897922546,50.6028362574785));
#9305=CARTESIAN_POINT('',(61.7316035643471,24.4136897922546,47.784227965526));
#9306=CARTESIAN_POINT('',(75.8454224439984,28.4010833946771,57.2391236183495));
#9307=CARTESIAN_POINT('',(72.7960189952627,28.4010833946771,57.3973384253568));
#9308=CARTESIAN_POINT('',(69.7029493401681,28.4010833946771,56.5594744071553));
#9309=CARTESIAN_POINT('',(67.1503287401633,28.4010833946771,54.883759219318));
#9310=CARTESIAN_POINT('',(64.5977081401585,28.4010833946771,53.2080440314807));
#9311=CARTESIAN_POINT('',(62.5989177688633,28.4010833946771,50.7032619938811));
#9312=CARTESIAN_POINT('',(61.531422116412,28.4010833946771,47.8424323326962));
#9313=CARTESIAN_POINT('',(75.840786776463,32.388477121996,57.4475411104943));
#9314=CARTESIAN_POINT('',(72.7474248491515,32.388477121996,57.6047781833876));
#9315=CARTESIAN_POINT('',(69.6108311746104,32.388477121996,56.7515860617273));
#9316=CARTESIAN_POINT('',(67.0233403713781,32.388477121996,55.0490870591959));
#9317=CARTESIAN_POINT('',(64.4358495681458,32.388477121996,53.3465880566645));
#9318=CARTESIAN_POINT('',(62.4110256040432,32.388477121996,50.8037068974221));
#9319=CARTESIAN_POINT('',(61.3312493211026,32.388477121996,47.9006576919777));
#9320=CARTESIAN_POINT('',(75.0952888096011,10.4015039444437,42.7811842193043));
#9321=CARTESIAN_POINT('',(75.0952888096011,10.4015039444437,42.7811842193043));
#9322=CARTESIAN_POINT('',(66.3381850094779,114.366155819181,55.7951039223078));
#9323=CARTESIAN_POINT('',(75.0952888096013,-119.366155819181,42.7811842193044));
#9324=CARTESIAN_POINT('',(75.0952888096013,-22.2808440954507,42.7811842193044));
#9325=CARTESIAN_POINT('',(75.0952888096013,-20.3687981635277,42.7811842193044));
#9326=CARTESIAN_POINT('',(75.0952888096013,-21.7808440954508,42.7811842193044));
#9327=CARTESIAN_POINT('',(75.0952888096013,-6.93469434194304,42.7811842193044));
#9328=CARTESIAN_POINT('',(75.0952888096013,7.72221594150856,42.7811842193044));
#9329=CARTESIAN_POINT('',(90.0952888096013,-6.934694341943,42.7811842193044));
#9330=CARTESIAN_POINT('',(90.0952888096012,-6.93469434194301,72.7811842193044));
#9331=CARTESIAN_POINT('',(60.0952888096012,-6.93469434194304,72.7811842193043));
#9332=CARTESIAN_POINT('',(60.0952888096013,-6.93469434194302,42.7811842193043));
#9333=CARTESIAN_POINT('',(91.3605019369302,-2.13339010864165,42.7811842193044));
#9334=CARTESIAN_POINT('',(91.3605019369301,-2.13339010864166,75.3116104739622));
#9335=CARTESIAN_POINT('',(58.8300756822723,-2.13339010864169,75.3116104739622));
#9336=CARTESIAN_POINT('',(58.8300756822724,-2.13339010864167,42.7811842193043));
#9337=CARTESIAN_POINT('',(92.1575494579614,2.76742633839051,42.7811842193044));
#9338=CARTESIAN_POINT('',(92.1575494579613,2.76742633839049,76.9057055160246));
#9339=CARTESIAN_POINT('',(58.0330281612411,2.76742633839046,76.9057055160246));
#9340=CARTESIAN_POINT('',(58.0330281612411,2.76742633839048,42.7811842193043));
#9341=CARTESIAN_POINT('',(92.4790250979653,7.72221594150858,42.7811842193044));
#9342=CARTESIAN_POINT('',(92.4790250979652,7.72221594150856,77.5486567960325));
#9343=CARTESIAN_POINT('',(57.7115525212372,7.72221594150853,77.5486567960324));
#9344=CARTESIAN_POINT('',(57.7115525212372,7.72221594150855,42.7811842193043));
#9345=CARTESIAN_POINT('',(75.0952888096013,-11.8164290989814,42.7811842193044));
#9346=CARTESIAN_POINT('',(88.1935090096057,-11.8164290989814,42.7811842193044));
#9347=CARTESIAN_POINT('',(88.1935090096056,-11.8164290989814,68.9776246193132));
#9348=CARTESIAN_POINT('',(61.9970686095969,-11.8164290989814,68.9776246193131));
#9349=CARTESIAN_POINT('',(61.9970686095969,-11.8164290989814,42.7811842193043));
#9350=CARTESIAN_POINT('',(89.0116862196763,-10.2650230758023,42.7811842193044));
#9351=CARTESIAN_POINT('',(89.0116862196762,-10.2650230758023,70.6139790394544));
#9352=CARTESIAN_POINT('',(61.1788913995263,-10.2650230758023,70.6139790394543));
#9353=CARTESIAN_POINT('',(61.1788913995263,-10.2650230758023,42.7811842193043));
#9354=CARTESIAN_POINT('',(89.6483595102808,-8.63072759552155,42.7811842193044));
#9355=CARTESIAN_POINT('',(89.6483595102807,-8.63072759552156,71.8873256206634));
#9356=CARTESIAN_POINT('',(60.5422181089218,-8.63072759552159,71.8873256206633));
#9357=CARTESIAN_POINT('',(60.5422181089218,-8.63072759552157,42.7811842193043));
#9358=CARTESIAN_POINT('',(90.0952888096013,-6.93469434194302,42.7811842193044));
#9359=CARTESIAN_POINT('',(90.0952888096012,-6.93469434194303,72.7811842193044));
#9360=CARTESIAN_POINT('',(60.0952888096012,-6.93469434194306,72.7811842193043));
#9361=CARTESIAN_POINT('',(60.0952888096013,-6.93469434194304,42.7811842193043));
#9362=CARTESIAN_POINT('',(75.0952888096013,-12.0493532199784,42.7811842193044));
#9363=CARTESIAN_POINT('',(75.0952888096013,-11.8164290989814,42.7811842193044));
#9364=CARTESIAN_POINT('',(75.0952888096013,-13.0346943419431,42.7811842193044));
#9365=CARTESIAN_POINT('',(75.0952888096013,-12.0493532199784,42.7811842193044));
#9366=CARTESIAN_POINT('',(75.0952888096013,-14.8569132779141,42.7811842193044));
#9367=CARTESIAN_POINT('',(86.2730508923295,-14.8569132779141,42.7811842193044));
#9368=CARTESIAN_POINT('',(86.2730508923295,-14.8569132779141,65.1367083847609));
#9369=CARTESIAN_POINT('',(63.917526726873,-14.8569132779142,65.1367083847608));
#9370=CARTESIAN_POINT('',(63.917526726873,-14.8569132779141,42.7811842193043));
#9371=CARTESIAN_POINT('',(86.7118363657823,-14.2692915766467,42.7811842193044));
#9372=CARTESIAN_POINT('',(86.7118363657823,-14.2692915766467,66.0142793316665));
#9373=CARTESIAN_POINT('',(63.4787412534202,-14.2692915766467,66.0142793316664));
#9374=CARTESIAN_POINT('',(63.4787412534202,-14.2692915766467,42.7811842193043));
#9375=CARTESIAN_POINT('',(87.1221165821936,-13.6614247330574,42.7811842193044));
#9376=CARTESIAN_POINT('',(87.1221165821936,-13.6614247330574,66.8348397644891));
#9377=CARTESIAN_POINT('',(63.0684610370089,-13.6614247330575,66.834839764489));
#9378=CARTESIAN_POINT('',(63.0684610370089,-13.6614247330574,42.7811842193043));
#9379=CARTESIAN_POINT('',(87.5029590330409,-13.0346943419431,42.7811842193044));
#9380=CARTESIAN_POINT('',(87.5029590330409,-13.0346943419431,67.5965246661837));
#9381=CARTESIAN_POINT('',(62.6876185861616,-13.0346943419432,67.5965246661836));
#9382=CARTESIAN_POINT('',(62.6876185861616,-13.0346943419431,42.7811842193043));
#9383=CARTESIAN_POINT('',(75.0952888096013,-15.3586787953107,42.7811842193044));
#9384=CARTESIAN_POINT('',(75.0952888096013,-13.0346943419431,42.7811842193044));
#9385=CARTESIAN_POINT('',(75.0952888096013,-16.3346943419431,42.7811842193044));
#9386=CARTESIAN_POINT('',(75.0952888096013,-15.3586787953107,42.7811842193044));
#9387=CARTESIAN_POINT('',(75.0952888096013,-19.5346943419431,42.7811842193044));
#9388=CARTESIAN_POINT('',(81.5962490586069,-19.5346943419431,42.7811842193044));
#9389=CARTESIAN_POINT('',(81.5962490586068,-19.5346943419431,55.7831047173155));
#9390=CARTESIAN_POINT('',(68.5943285605957,-19.5346943419431,55.7831047173155));
#9391=CARTESIAN_POINT('',(68.5943285605957,-19.5346943419431,42.7811842193044));
#9392=CARTESIAN_POINT('',(82.862227361656,-18.5889574645251,42.7811842193044));
#9393=CARTESIAN_POINT('',(82.8622273616559,-18.5889574645251,58.3150613234138));
#9394=CARTESIAN_POINT('',(67.3283502575465,-18.5889574645251,58.3150613234138));
#9395=CARTESIAN_POINT('',(67.3283502575466,-18.5889574645251,42.7811842193043));
#9396=CARTESIAN_POINT('',(84.0246913211347,-17.5185384587088,42.7811842193044));
#9397=CARTESIAN_POINT('',(84.0246913211346,-17.5185384587088,60.6399892423711));
#9398=CARTESIAN_POINT('',(66.1658862980679,-17.5185384587088,60.6399892423711));
#9399=CARTESIAN_POINT('',(66.1658862980679,-17.5185384587088,42.7811842193044));
#9400=CARTESIAN_POINT('',(85.0714159326247,-16.3346943419431,42.7811842193044));
#9401=CARTESIAN_POINT('',(85.0714159326246,-16.3346943419431,62.7334384653511));
#9402=CARTESIAN_POINT('',(65.1191616865779,-16.3346943419431,62.7334384653511));
#9403=CARTESIAN_POINT('',(65.1191616865779,-16.3346943419431,42.7811842193044));
#9404=CARTESIAN_POINT('',(75.0952888096013,-19.5346943419431,42.7811842193044));
#9405=CARTESIAN_POINT('',(67.4044028785915,13.4015039444436,54.5530849161667));
#9406=CARTESIAN_POINT('',(67.425877975029,12.2674870180206,54.5202144894063));
#9407=CARTESIAN_POINT('',(66.56705742408,11.129660042417,55.8347509853166));
#9408=CARTESIAN_POINT('',(65.9666549234077,9.94141713866652,56.7537450621322));
#9409=CARTESIAN_POINT('',(65.5131486039633,7.59505673658773,57.4478954377571));
#9410=CARTESIAN_POINT('',(65.4247834050937,5.90150394444364,57.5831498616925));
#9411=CARTESIAN_POINT('',(75.0952888096013,13.4015039444437,42.7811842193044));
#9412=CARTESIAN_POINT('',(75.0952888096013,-22.2808440954507,27.7811842193043));
#9413=CARTESIAN_POINT('',(66.5467042982294,119.366155819181,55.9330158732714));
#9414=CARTESIAN_POINT('',(84.8992276440168,119.366155819181,55.0258465802434));
#9415=CARTESIAN_POINT('',(69.3699870929573,102.366155819181,42.7811842193044));
#9416=CARTESIAN_POINT('',(45.0952888096015,24.7191559045493,12.7811842193043));
#9417=CARTESIAN_POINT('',(45.0952888096015,24.7191559045493,12.7811842193043));
#9418=CARTESIAN_POINT('',(45.0952888096014,24.7191559045493,41.6603456834183));
#9419=CARTESIAN_POINT('',(45.0952888096014,24.7191559045493,41.6603456834183));
#9420=CARTESIAN_POINT('',(52.127359564755,24.7191559045493,41.6603456834183));
#9421=CARTESIAN_POINT('',(75.0952888096012,24.7191559045493,42.7811842193044));
#9422=CARTESIAN_POINT('',(98.0905503393119,24.7191559045493,42.7811842193044));
#9423=CARTESIAN_POINT('',(75.0952888096013,24.7191559045493,42.7811842193044));
#9424=CARTESIAN_POINT('',(105.095288809601,24.7191559045493,42.7811842193044));
#9425=CARTESIAN_POINT('',(105.095288809601,24.7191559045493,12.7811842193044));
#9426=CARTESIAN_POINT('',(105.095288809601,24.7191559045493,12.7811842193044));
#9427=CARTESIAN_POINT('',(-1.22815692647281E-14,24.7191559045493,12.7811842193042));
#9428=CARTESIAN_POINT('',(75.0952888096013,24.7191559045493,27.7811842193043));
#9429=CARTESIAN_POINT('',(75.0952888096012,-22.2808440954507,42.7811842193044));
#9430=CARTESIAN_POINT('',(78.4310752472282,-22.2808440954507,42.7811842193044));
#9431=CARTESIAN_POINT('',(71.7595023719744,-22.2808440954507,42.7811842193043));
#9432=CARTESIAN_POINT('',(75.0952888096013,-22.2808440954507,42.7811842193044));
#9433=CARTESIAN_POINT('',(75.0952888096013,-22.2808440954507,27.7811842193043));
#9434=CARTESIAN_POINT('',(75.0952888096013,-21.9252098130292,42.7811842193044));
#9435=CARTESIAN_POINT('',(76.5587491313862,-21.9252098130292,36.7120993687217));
#9436=CARTESIAN_POINT('',(81.3383254935405,-21.9252098130292,42.7811842193044));
#9437=CARTESIAN_POINT('',(76.5587491313862,-21.9252098130292,36.7120993687217));
#9438=CARTESIAN_POINT('',(76.5684475707598,-22.0799581453606,36.7298298890038));
#9439=CARTESIAN_POINT('',(76.5942987663601,-22.2321172445584,36.777051555973));
#9440=CARTESIAN_POINT('',(76.6243789162669,-22.3692570779475,36.8451935262609));
#9441=CARTESIAN_POINT('',(76.6542374179392,-22.5053863843926,36.9128333864376));
#9442=CARTESIAN_POINT('',(76.6884086743732,-22.6312117576433,37.002386058762));
#9443=CARTESIAN_POINT('',(76.7158600372822,-22.7423501391851,37.106753446881));
#9444=CARTESIAN_POINT('',(76.7478649073823,-22.8719236498397,37.2284328225281));
#9445=CARTESIAN_POINT('',(76.7714970947283,-22.9853362692561,37.3741387890645));
#9446=CARTESIAN_POINT('',(76.7733091907822,-23.0734307070879,37.5317952610608));
#9447=CARTESIAN_POINT('',(76.7747299545086,-23.1425006559464,37.6554049318415));
#9448=CARTESIAN_POINT('',(76.7626284101934,-23.1975099740737,37.7895519301022));
#9449=CARTESIAN_POINT('',(76.7335071913979,-23.2328409264003,37.9235508313625));
#9450=CARTESIAN_POINT('',(76.7042641239955,-23.2683197100161,38.0581104089995));
#9451=CARTESIAN_POINT('',(76.6566450563686,-23.2845557373345,38.1963397037506));
#9452=CARTESIAN_POINT('',(76.5939478977596,-23.2800916083912,38.3238909439129));
#9453=CARTESIAN_POINT('',(76.5370530979969,-23.2760406158426,38.4396378522184));
#9454=CARTESIAN_POINT('',(76.4665568132813,-23.2550840202128,38.5495993815036));
#9455=CARTESIAN_POINT('',(76.3886214517488,-23.2214194190628,38.6467773091166));
#9456=CARTESIAN_POINT('',(76.2854459214501,-23.1768521904306,38.7754273085216));
#9457=CARTESIAN_POINT('',(76.1668639135613,-23.1090708230973,38.885449166594));
#9458=CARTESIAN_POINT('',(76.0428350510283,-23.0322718623966,38.974336798812));
#9459=CARTESIAN_POINT('',(75.8630293508019,-22.9209357538214,39.1031979576264));
#9460=CARTESIAN_POINT('',(75.6680522401727,-22.7822702795467,39.1944292191246));
#9461=CARTESIAN_POINT('',(75.4491789886714,-22.6802328129331,39.2493279653934));
#9462=CARTESIAN_POINT('',(75.3639582535708,-22.6405033902971,39.2707034029173));
#9463=CARTESIAN_POINT('',(75.2727050262998,-22.6068281548197,39.2866653046531));
#9464=CARTESIAN_POINT('',(75.1780907559485,-22.590227693381,39.2950602179541));
#9465=CARTESIAN_POINT('',(75.1006810146624,-22.5766458370667,39.3019286117422));
#9466=CARTESIAN_POINT('',(75.0195141637569,-22.5751384101578,39.3036458703133));
#9467=CARTESIAN_POINT('',(74.9414996450637,-22.5862863567347,39.2999896618477));
#9468=CARTESIAN_POINT('',(74.8431902621729,-22.6003343540414,39.2953823194709));
#9469=CARTESIAN_POINT('',(74.747645303054,-22.633547035635,39.2824328104596));
#9470=CARTESIAN_POINT('',(74.6587068203415,-22.6737226799926,39.2634809638547));
#9471=CARTESIAN_POINT('',(74.4753740520367,-22.7565384856356,39.2244146969634));
#9472=CARTESIAN_POINT('',(74.3092495189356,-22.8672147470061,39.1596817526887));
#9473=CARTESIAN_POINT('',(74.1529033536812,-22.9647540826684,39.0700297063304));
#9474=CARTESIAN_POINT('',(74.0129603614964,-23.0520600070964,38.9897835704404));
#9475=CARTESIAN_POINT('',(73.8781826695696,-23.1331772626013,38.8865551006552));
#9476=CARTESIAN_POINT('',(73.7578404765835,-23.1904867338026,38.7605424468261));
#9477=CARTESIAN_POINT('',(73.6666357569159,-23.2339203303285,38.6650402087342));
#9478=CARTESIAN_POINT('',(73.5821209359019,-23.264408900845,38.5540764475268));
#9479=CARTESIAN_POINT('',(73.5122476436537,-23.2757137357945,38.4344295528135));
#9480=CARTESIAN_POINT('',(73.4420843320851,-23.2870654931151,38.3142860461619));
#9481=CARTESIAN_POINT('',(73.3850682343328,-23.2791116363355,38.1820124973213));
#9482=CARTESIAN_POINT('',(73.3460398254929,-23.2518569226185,38.0507868185892));
#9483=CARTESIAN_POINT('',(73.3100968199043,-23.2267568389469,37.9299352275497));
#9484=CARTESIAN_POINT('',(73.2882022417957,-23.1849887455536,37.8069708615085));
#9485=CARTESIAN_POINT('',(73.2789544482779,-23.1304645171294,37.6909165305353));
#9486=CARTESIAN_POINT('',(73.2690204471407,-23.0718944651351,37.5662507003952));
#9487=CARTESIAN_POINT('',(73.273224780905,-22.9974998593408,37.446646153771));
#9488=CARTESIAN_POINT('',(73.2864347006364,-22.9121151397157,37.3389166209169));
#9489=CARTESIAN_POINT('',(73.3019698679694,-22.8117007591573,37.2122242296215));
#9490=CARTESIAN_POINT('',(73.3303078532837,-22.6938326063926,37.0988289690212));
#9491=CARTESIAN_POINT('',(73.3605618630194,-22.5636423209979,37.0065764040547));
#9492=CARTESIAN_POINT('',(73.395067936203,-22.415154383205,36.9013581607238));
#9493=CARTESIAN_POINT('',(73.4329630911223,-22.2446600276217,36.820422326278));
#9494=CARTESIAN_POINT('',(73.4533974360141,-22.0652999422662,36.7789179552272));
#9495=CARTESIAN_POINT('',(73.4586451740272,-22.019238532275,36.7682592300843));
#9496=CARTESIAN_POINT('',(73.4627956934027,-21.9723781758828,36.7600909395538));
#9497=CARTESIAN_POINT('',(73.4656022155201,-21.9252098130292,36.7546073599187));
#9498=CARTESIAN_POINT('',(73.4656022155201,-21.9252098130292,36.7546073599187));
#9499=CARTESIAN_POINT('',(75.0952888096013,-21.9252098130292,42.7811842193044));
#9500=CARTESIAN_POINT('',(68.8522521256621,-21.9252098130292,42.7811842193043));
#9501=CARTESIAN_POINT('',(70.3452888096013,-21.7808440954508,42.7811842193043));
#9502=CARTESIAN_POINT('',(79.8452888096013,-21.7808440954508,42.7811842193044));
#9503=CARTESIAN_POINT('',(75.0952888096013,-21.7808440954508,42.7811842193044));
#9504=CARTESIAN_POINT('',(73.4656022155201,-21.9252098130292,36.7546073599187));
#9505=CARTESIAN_POINT('',(73.5535189689183,-21.8308691670825,36.5828294446408));
#9506=CARTESIAN_POINT('',(73.6736103999471,-21.7429596307449,36.4200250968281));
#9507=CARTESIAN_POINT('',(73.8200059012045,-21.6689419607366,36.2813639742268));
#9508=CARTESIAN_POINT('',(73.9670934993101,-21.5945743660674,36.1420473196923));
#9509=CARTESIAN_POINT('',(74.1456985358715,-21.5321535807646,36.0232342519374));
#9510=CARTESIAN_POINT('',(74.340461088537,-21.489415079603,35.940678819156));
#9511=CARTESIAN_POINT('',(74.5161913412205,-21.4508530074508,35.8661907470675));
#9512=CARTESIAN_POINT('',(74.7106220157593,-21.4272206021826,35.8191245711657));
#9513=CARTESIAN_POINT('',(74.9048156278589,-21.4216137529012,35.8059324424051));
#9514=CARTESIAN_POINT('',(75.0813230787455,-21.4165175467827,35.7939417852763));
#9515=CARTESIAN_POINT('',(75.2625903881085,-21.4261030163605,35.8094711932128));
#9516=CARTESIAN_POINT('',(75.4331763385598,-21.4492804244412,35.8505548719304));
#9517=CARTESIAN_POINT('',(75.6007238703701,-21.4720450044515,35.8909067822055));
#9518=CARTESIAN_POINT('',(75.7623289973467,-21.5084009536775,35.9567355014365));
#9519=CARTESIAN_POINT('',(75.9069150367696,-21.5549070145042,36.0412975596659));
#9520=CARTESIAN_POINT('',(76.0594485375439,-21.6039693741444,36.1305077408557));
#9521=CARTESIAN_POINT('',(76.1968515273913,-21.6654255309844,36.2425398594367));
#9522=CARTESIAN_POINT('',(76.3118464291198,-21.7343882487682,36.3676492377908));
#9523=CARTESIAN_POINT('',(76.4089929852548,-21.7926472709831,36.473340403787));
#9524=CARTESIAN_POINT('',(76.4919563034663,-21.85716440489,36.5899898679545));
#9525=CARTESIAN_POINT('',(76.5587491313862,-21.9252098130292,36.7120993687217));
#9526=CARTESIAN_POINT('',(67.0886385679704,-0.345080224847347,42.7811842193043));
#9527=CARTESIAN_POINT('',(92.0952888096013,-6.93469434194304,42.7811842193044));
#9528=CARTESIAN_POINT('',(75.0952888096013,-6.93469434194305,42.7811842193044));
#9529=CARTESIAN_POINT('',(58.0952888096013,-6.93469434194307,42.7811842193043));
#9530=CARTESIAN_POINT('',(83.1019390512321,-0.345080224847333,42.7811842193044));
#9531=CARTESIAN_POINT('',(58.0952888096013,-6.93469434194306,42.7811842193043));
#9532=CARTESIAN_POINT('',(58.0952888096013,-6.93469434194304,8.78118421930427));
#9533=CARTESIAN_POINT('',(92.0952888096014,-6.93469434194301,8.78118421930436));
#9534=CARTESIAN_POINT('',(92.0952888096012,-6.93469434194303,42.7811842193044));
#9535=CARTESIAN_POINT('',(59.7343594588832,-13.1547348055538,42.7811842193043));
#9536=CARTESIAN_POINT('',(59.7343594588832,-13.1547348055538,12.0593255178681));
#9537=CARTESIAN_POINT('',(90.4562181603194,-13.1547348055537,12.0593255178682));
#9538=CARTESIAN_POINT('',(90.4562181603193,-13.1547348055538,42.7811842193044));
#9539=CARTESIAN_POINT('',(63.4845088273218,-18.380807487472,42.7811842193043));
#9540=CARTESIAN_POINT('',(63.4845088273218,-18.380807487472,19.5596242547452));
#9541=CARTESIAN_POINT('',(86.7060687918809,-18.380807487472,19.5596242547453));
#9542=CARTESIAN_POINT('',(86.7060687918808,-18.380807487472,42.7811842193044));
#9543=CARTESIAN_POINT('',(68.8522521256621,-21.9252098130292,42.7811842193043));
#9544=CARTESIAN_POINT('',(68.8522521256621,-21.9252098130292,30.2951108514259));
#9545=CARTESIAN_POINT('',(81.3383254935405,-21.9252098130292,30.2951108514259));
#9546=CARTESIAN_POINT('',(81.3383254935405,-21.9252098130292,42.7811842193044));
#9547=CARTESIAN_POINT('',(132.662937479068,12.7149598741549,42.7811842193045));
#9548=CARTESIAN_POINT('',(55.5952888096013,10.0653056580569,42.7811842193043));
#9549=CARTESIAN_POINT('',(17.5276401401348,12.7149598741548,42.7811842193043));
#9550=CARTESIAN_POINT('',(94.5952888096012,10.0653056580569,42.7811842193044));
#9551=CARTESIAN_POINT('',(75.0952888096013,10.0653056580569,42.7811842193044));
#9552=CARTESIAN_POINT('',(55.5952888096013,10.0653056580569,42.7811842193043));
#9553=CARTESIAN_POINT('',(55.5952888096013,10.0653056580569,3.78118421930437));
#9554=CARTESIAN_POINT('',(94.5952888096013,10.065305658057,3.78118421930446));
#9555=CARTESIAN_POINT('',(94.5952888096012,10.065305658057,42.7811842193044));
#9556=CARTESIAN_POINT('',(55.7929132148555,4.31721666587312,42.7811842193043));
#9557=CARTESIAN_POINT('',(55.7929132148556,4.31721666587314,4.17643302981283));
#9558=CARTESIAN_POINT('',(94.3976644043471,4.31721666587317,4.17643302981293));
#9559=CARTESIAN_POINT('',(94.397664404347,4.31721666587315,42.7811842193044));
#9560=CARTESIAN_POINT('',(56.6297197537165,-1.3730677983814,42.7811842193043));
#9561=CARTESIAN_POINT('',(56.6297197537165,-1.37306779838138,5.85004610753472));
#9562=CARTESIAN_POINT('',(93.5608578654862,-1.37306779838135,5.85004610753483));
#9563=CARTESIAN_POINT('',(93.560857865486,-1.37306779838137,42.7811842193044));
#9564=CARTESIAN_POINT('',(58.0952888096013,-6.93469434194307,42.7811842193043));
#9565=CARTESIAN_POINT('',(58.0952888096013,-6.93469434194305,8.78118421930431));
#9566=CARTESIAN_POINT('',(92.0952888096014,-6.93469434194302,8.78118421930436));
#9567=CARTESIAN_POINT('',(92.0952888096013,-6.93469434194304,42.7811842193044));
#9568=CARTESIAN_POINT('',(75.0234247764126,-30.2808440954507,37.5519083499936));
#9569=CARTESIAN_POINT('',(73.2734247764126,-30.2808440954507,37.5519083499936));
#9570=CARTESIAN_POINT('',(105.095288809601,-30.2808440954507,42.7811842193044));
#9571=CARTESIAN_POINT('',(45.0952888096014,-30.2808440954507,42.7811842193044));
#9572=CARTESIAN_POINT('',(105.095288809601,-30.2808440954507,42.7811842193044));
#9573=CARTESIAN_POINT('',(45.0952888096015,-30.2808440954507,12.7811842193043));
#9574=CARTESIAN_POINT('',(45.0952888096015,-30.2808440954507,12.7811842193043));
#9575=CARTESIAN_POINT('',(105.095288809601,-30.2808440954507,12.7811842193044));
#9576=CARTESIAN_POINT('',(105.095288809601,-30.2808440954507,12.7811842193044));
#9577=CARTESIAN_POINT('',(105.095288809601,-30.2808440954507,12.7811842193044));
#9578=CARTESIAN_POINT('',(105.095288809601,-30.2808440954507,12.7811842193044));
#9579=CARTESIAN_POINT('',(75.0952888096018,-557.110267639625,42.7811842193044));
#9580=CARTESIAN_POINT('',(55.1803314714805,22.1347244346082,42.7811842193043));
#9581=CARTESIAN_POINT('',(75.0952888096018,-557.110267639625,42.7811842193044));
#9582=CARTESIAN_POINT('',(95.010246147722,22.1347244346082,42.7811842193044));
#9583=CARTESIAN_POINT('',(75.0952888096012,22.1347244346082,42.7811842193044));
#9584=CARTESIAN_POINT('',(75.0952888096013,10.0653056580569,42.7811842193044));
#9585=CARTESIAN_POINT('',(52.127359564755,24.7191559045493,41.6603456834183));
#9586=CARTESIAN_POINT('',(52.1256380694253,24.6912685568327,41.6603456834183));
#9587=CARTESIAN_POINT('',(52.1241518277709,24.6629818166946,41.6651443234363));
#9588=CARTESIAN_POINT('',(52.1229549044146,24.6366317377572,41.674358900112));
#9589=CARTESIAN_POINT('',(52.1217551146205,24.6102185546428,41.6835955442083));
#9590=CARTESIAN_POINT('',(52.1208070158678,24.5850250202219,41.6975248897973));
#9591=CARTESIAN_POINT('',(52.1200151800172,24.5631487850623,41.7149952837019));
#9592=CARTESIAN_POINT('',(52.1192238519154,24.5412865775985,41.7324544750678));
#9593=CARTESIAN_POINT('',(52.1185571665626,24.5221345393038,41.7539311366381));
#9594=CARTESIAN_POINT('',(52.1178666082252,24.5072821945154,41.7776447753714));
#9595=CARTESIAN_POINT('',(52.1171758478718,24.4924255048203,41.8013653512954));
#9596=CARTESIAN_POINT('',(52.1164332402138,24.4814613893201,41.8279781449555));
#9597=CARTESIAN_POINT('',(52.1155556649929,24.4752969882513,41.8552745572092));
#9598=CARTESIAN_POINT('',(52.1146781206771,24.46913280427,41.8825700081835));
#9599=CARTESIAN_POINT('',(52.1136371992611,24.4675975672443,41.9113009261337));
#9600=CARTESIAN_POINT('',(52.1124973151628,24.4708137346239,41.9390887980152));
#9601=CARTESIAN_POINT('',(52.111357035487,24.47403101812,41.9668863132077));
#9602=CARTESIAN_POINT('',(52.110088602189,24.4820906764158,41.9945064517002));
#9603=CARTESIAN_POINT('',(52.1089072072798,24.4943269162412,42.0196705480026));
#9604=CARTESIAN_POINT('',(52.1077247782778,24.5065738666321,42.0448566708183));
#9605=CARTESIAN_POINT('',(52.1066045612594,24.5233442819533,42.0682790301727));
#9606=CARTESIAN_POINT('',(52.1058343963644,24.5432552874619,42.0879941365731));
#9607=CARTESIAN_POINT('',(52.1050652554528,24.5631398200136,42.1076830304769));
#9608=CARTESIAN_POINT('',(52.1046339167907,24.5867105990368,42.1242191536878));
#9609=CARTESIAN_POINT('',(52.104769998716,24.6120021115849,42.1362174715047));
#9610=CARTESIAN_POINT('',(52.104905442511,24.6371750243945,42.1481595254919));
#9611=CARTESIAN_POINT('',(52.1056143922541,24.6647487903523,42.1559355996724));
#9612=CARTESIAN_POINT('',(52.1069431122535,24.6924197589612,42.1589119291539));
#9613=CARTESIAN_POINT('',(52.1073693662643,24.7012966189149,42.159866737074));
#9614=CARTESIAN_POINT('',(52.1078594158513,24.7102346261793,42.1603456834183));
#9615=CARTESIAN_POINT('',(52.1084096753614,24.7191559045493,42.1603456834183));
#9616=CARTESIAN_POINT('',(52.1084096753614,24.7191559045493,42.1603456834183));
#9617=CARTESIAN_POINT('',(75.0952888096012,24.7191559045493,42.7811842193044));
#9618=CARTESIAN_POINT('',(52.1000272798906,24.7191559045493,42.7811842193043));
#9619=CARTESIAN_POINT('',(54.5952888096013,24.5653056580569,42.7811842193043));
#9620=CARTESIAN_POINT('',(95.5952888096012,24.5653056580569,42.7811842193044));
#9621=CARTESIAN_POINT('',(75.0952888096012,24.5653056580569,42.7811842193044));
#9622=CARTESIAN_POINT('',(53.8278205442556,-20.1903397387651,42.7811842193043));
#9623=CARTESIAN_POINT('',(57.8278205442556,-20.1903397387651,42.7811842193043));
#9624=CARTESIAN_POINT('',(96.0952888096013,-19.9346943419431,42.7811842193044));
#9625=CARTESIAN_POINT('',(100.095288809601,-19.9346943419431,42.7811842193044));
#9626=CARTESIAN_POINT('',(75.0952888096013,24.7191559045493,42.7811842193044));
#9627=CARTESIAN_POINT('',(45.0952888096013,24.7191559045493,42.7811842193043));
#9628=CARTESIAN_POINT('',(45.0952888096014,-30.2808440954507,42.7811842193043));
#9629=CARTESIAN_POINT('',(105.095288809601,119.366155819181,42.7811842193044));
#9630=CARTESIAN_POINT('',(75.0952888096013,44.5426558618653,42.7811842193044));
#9631=CARTESIAN_POINT('',(105.095288809601,119.366155819181,12.7811842193044));
#9632=CARTESIAN_POINT('',(45.0952888096015,-30.2808440954507,12.7811842193043));
#9633=CARTESIAN_POINT('',(-2.37164759457822E-14,5.23056831087441E-29,12.7811842193042));
#9634=CARTESIAN_POINT('',(105.095288809601,119.366155819181,12.7811842193044));
#9635=CARTESIAN_POINT('',(45.0952888096015,24.7191559045493,12.7811842193043));
#9636=CARTESIAN_POINT('',(45.0952888096014,24.7191559045493,42.1603456834183));
#9637=CARTESIAN_POINT('',(45.0952888096014,24.7191559045493,41.9103456834183));
#9638=CARTESIAN_POINT('',(45.0952888096015,-30.2808440954507,12.7811842193043));
#9639=CARTESIAN_POINT('',(45.0952888096014,24.7191559045493,42.1603456834183));
#9640=CARTESIAN_POINT('',(75.0952888096013,24.7191559045493,27.7811842193043));
#9641=CARTESIAN_POINT('',(45.0952888096014,24.7191559045493,41.9103456834183));
#9642=CARTESIAN_POINT('',(75.0234247764126,-30.2808440954507,37.5519083499936));
#9643=CARTESIAN_POINT('',(96.0952888096013,-19.9346943419431,42.7811842193044));
#9644=CARTESIAN_POINT('',(53.8278205442556,-20.1903397387651,42.7811842193044));
#9645=CARTESIAN_POINT('',(105.095288809601,24.7191559045493,12.7811842193044));
#9646=CARTESIAN_POINT('',(105.095288809601,24.7191559045493,45.3444068820481));
#9647=CARTESIAN_POINT('',(105.095288809601,24.7191559045493,72.7811842193044));
#9648=CARTESIAN_POINT('',(105.095288809601,24.7191559045493,45.3444068820481));
#9649=CARTESIAN_POINT('',(97.9472458899256,24.7191559045493,45.3444068820481));
#9650=CARTESIAN_POINT('',(75.0952888096012,24.7191559045493,42.7811842193044));
#9651=CARTESIAN_POINT('',(52.1000272798906,24.7191559045493,42.7811842193043));
#9652=CARTESIAN_POINT('',(75.0952888096013,24.7191559045493,42.7811842193044));
#9653=CARTESIAN_POINT('',(45.0952888096013,24.7191559045493,42.7811842193043));
#9654=CARTESIAN_POINT('',(45.0952888096015,24.7191559045493,12.7811842193043));
#9655=CARTESIAN_POINT('',(45.0952888096014,24.7191559045493,72.7811842193043));
#9656=CARTESIAN_POINT('',(-1.52856213014631E-13,24.7191559045493,72.7811842193042));
#9657=CARTESIAN_POINT('',(75.0952888096013,24.7191559045493,27.7811842193043));
#9658=CARTESIAN_POINT('',(45.0952888096015,-30.2808440954507,12.7811842193043));
#9659=CARTESIAN_POINT('',(45.0952888096013,-30.2808440954507,42.7811842193043));
#9660=CARTESIAN_POINT('',(45.0952888096013,-30.2808440954507,72.7811842193043));
#9661=CARTESIAN_POINT('',(105.095288809601,-30.2808440954507,42.7811842193044));
#9662=CARTESIAN_POINT('',(105.095288809601,-30.2808440954507,42.7811842193044));
#9663=CARTESIAN_POINT('',(105.095288809601,-30.2808440954507,12.7811842193044));
#9664=CARTESIAN_POINT('',(105.095288809601,-30.2808440954507,72.7811842193044));
#9665=CARTESIAN_POINT('',(105.095288809601,-30.2808440954507,72.7811842193044));
#9666=CARTESIAN_POINT('',(105.095288809601,-30.2808440954507,12.7811842193044));
#9667=CARTESIAN_POINT('',(75.0952888096012,-22.2808440954507,42.7811842193044));
#9668=CARTESIAN_POINT('',(71.7595023719744,-22.2808440954507,42.7811842193043));
#9669=CARTESIAN_POINT('',(78.4310752472282,-22.2808440954507,42.7811842193044));
#9670=CARTESIAN_POINT('',(75.0952888096013,-22.2808440954507,42.7811842193044));
#9671=CARTESIAN_POINT('',(75.0952888096013,-22.2808440954507,27.7811842193043));
#9672=CARTESIAN_POINT('',(79.8452888096013,-21.7808440954508,42.7811842193044));
#9673=CARTESIAN_POINT('',(81.3383254935405,-21.9252098130292,42.7811842193044));
#9674=CARTESIAN_POINT('',(70.3452888096013,-21.7808440954508,42.7811842193043));
#9675=CARTESIAN_POINT('',(68.8522521256621,-21.9252098130292,42.7811842193043));
#9676=CARTESIAN_POINT('',(75.0952888096013,-21.9252098130292,42.7811842193044));
#9677=CARTESIAN_POINT('',(75.0952888096013,-21.7808440954508,42.7811842193044));
#9678=CARTESIAN_POINT('',(75.0952888096013,-6.93469434194305,42.7811842193044));
#9679=CARTESIAN_POINT('',(58.0952888096013,-6.93469434194307,42.7811842193043));
#9680=CARTESIAN_POINT('',(92.0952888096013,-6.93469434194304,42.7811842193044));
#9681=CARTESIAN_POINT('',(67.0886385679704,-0.345080224847347,42.7811842193043));
#9682=CARTESIAN_POINT('',(83.1019390512321,-0.345080224847333,42.7811842193044));
#9683=CARTESIAN_POINT('',(92.0952888096012,-6.93469434194303,42.7811842193044));
#9684=CARTESIAN_POINT('',(92.0952888096011,-6.93469434194305,76.7811842193043));
#9685=CARTESIAN_POINT('',(58.0952888096013,-6.93469434194308,76.7811842193042));
#9686=CARTESIAN_POINT('',(58.0952888096013,-6.93469434194306,42.7811842193044));
#9687=CARTESIAN_POINT('',(90.4562181603193,-13.1547348055538,42.7811842193044));
#9688=CARTESIAN_POINT('',(90.4562181603193,-13.1547348055538,73.5030429207405));
#9689=CARTESIAN_POINT('',(59.7343594588832,-13.1547348055538,73.5030429207404));
#9690=CARTESIAN_POINT('',(59.7343594588832,-13.1547348055538,42.7811842193044));
#9691=CARTESIAN_POINT('',(86.7060687918808,-18.380807487472,42.7811842193044));
#9692=CARTESIAN_POINT('',(86.7060687918807,-18.380807487472,66.0027441838634));
#9693=CARTESIAN_POINT('',(63.4845088273217,-18.380807487472,66.0027441838634));
#9694=CARTESIAN_POINT('',(63.4845088273217,-18.380807487472,42.7811842193044));
#9695=CARTESIAN_POINT('',(81.3383254935405,-21.9252098130292,42.7811842193044));
#9696=CARTESIAN_POINT('',(81.3383254935405,-21.9252098130292,55.2672575871828));
#9697=CARTESIAN_POINT('',(68.8522521256621,-21.9252098130292,55.2672575871827));
#9698=CARTESIAN_POINT('',(68.8522521256621,-21.9252098130292,42.7811842193044));
#9699=CARTESIAN_POINT('',(75.0952888096013,10.0653056580569,42.7811842193044));
#9700=CARTESIAN_POINT('',(55.5952888096013,10.0653056580569,42.7811842193043));
#9701=CARTESIAN_POINT('',(94.5952888096012,10.0653056580569,42.7811842193044));
#9702=CARTESIAN_POINT('',(17.5276401401348,12.7149598741548,42.7811842193043));
#9703=CARTESIAN_POINT('',(132.662937479068,12.7149598741549,42.7811842193045));
#9704=CARTESIAN_POINT('',(94.5952888096012,10.065305658057,42.7811842193044));
#9705=CARTESIAN_POINT('',(94.5952888096011,10.0653056580569,81.7811842193044));
#9706=CARTESIAN_POINT('',(55.5952888096013,10.0653056580569,81.7811842193042));
#9707=CARTESIAN_POINT('',(55.5952888096013,10.0653056580569,42.7811842193043));
#9708=CARTESIAN_POINT('',(94.397664404347,4.31721666587315,42.7811842193044));
#9709=CARTESIAN_POINT('',(94.3976644043469,4.31721666587313,81.3859354087959));
#9710=CARTESIAN_POINT('',(55.7929132148555,4.31721666587309,81.3859354087958));
#9711=CARTESIAN_POINT('',(55.7929132148555,4.31721666587312,42.7811842193043));
#9712=CARTESIAN_POINT('',(93.560857865486,-1.37306779838137,42.7811842193044));
#9713=CARTESIAN_POINT('',(93.560857865486,-1.37306779838139,79.7123223310739));
#9714=CARTESIAN_POINT('',(56.6297197537164,-1.37306779838142,79.7123223310738));
#9715=CARTESIAN_POINT('',(56.6297197537165,-1.3730677983814,42.7811842193043));
#9716=CARTESIAN_POINT('',(92.0952888096013,-6.93469434194304,42.7811842193044));
#9717=CARTESIAN_POINT('',(92.0952888096012,-6.93469434194306,76.7811842193044));
#9718=CARTESIAN_POINT('',(58.0952888096013,-6.93469434194308,76.7811842193043));
#9719=CARTESIAN_POINT('',(58.0952888096013,-6.93469434194307,42.7811842193043));
#9720=CARTESIAN_POINT('',(75.0952888096018,-557.110267639625,42.7811842193044));
#9721=CARTESIAN_POINT('',(95.010246147722,22.1347244346082,42.7811842193044));
#9722=CARTESIAN_POINT('',(75.0952888096018,-557.110267639625,42.7811842193044));
#9723=CARTESIAN_POINT('',(55.1803314714805,22.1347244346082,42.7811842193043));
#9724=CARTESIAN_POINT('',(75.0952888096012,22.1347244346082,42.7811842193044));
#9725=CARTESIAN_POINT('',(75.0952888096013,10.0653056580569,42.7811842193044));
#9726=CARTESIAN_POINT('',(53.8278205442556,-20.1903397387651,42.7811842193043));
#9727=CARTESIAN_POINT('',(57.8278205442556,-20.1903397387651,42.7811842193043));
#9728=CARTESIAN_POINT('',(96.0952888096013,-19.9346943419431,42.7811842193044));
#9729=CARTESIAN_POINT('',(100.095288809601,-19.9346943419431,42.7811842193044));
#9730=CARTESIAN_POINT('',(45.0952888096014,-30.2808440954507,42.7811842193043));
#9731=CARTESIAN_POINT('',(54.5952888096013,24.5653056580569,42.7811842193043));
#9732=CARTESIAN_POINT('',(95.5952888096012,24.5653056580569,42.7811842193044));
#9733=CARTESIAN_POINT('',(98.0905503393119,24.7191559045493,42.7811842193044));
#9734=CARTESIAN_POINT('',(75.0952888096013,24.7191559045493,42.7811842193044));
#9735=CARTESIAN_POINT('',(105.095288809601,24.7191559045493,42.7811842193044));
#9736=CARTESIAN_POINT('',(105.095288809601,119.366155819181,42.7811842193044));
#9737=CARTESIAN_POINT('',(75.0952888096013,44.5426558618653,42.7811842193044));
#9738=CARTESIAN_POINT('',(45.0952888096013,-30.2808440954507,72.7811842193043));
#9739=CARTESIAN_POINT('',(45.0952888096015,-30.2808440954507,12.7811842193043));
#9740=CARTESIAN_POINT('',(105.095288809601,119.366155819181,72.7811842193044));
#9741=CARTESIAN_POINT('',(-1.64291119695685E-13,5.23056831087441E-29,72.7811842193042));
#9742=CARTESIAN_POINT('',(105.095288809601,24.7191559045493,12.7811842193044));
#9743=CARTESIAN_POINT('',(105.095288809601,24.7191559045493,44.8444068820481));
#9744=CARTESIAN_POINT('',(105.095288809601,24.7191559045493,45.0944068820481));
#9745=CARTESIAN_POINT('',(105.095288809601,119.366155819181,12.7811842193044));
#9746=CARTESIAN_POINT('',(97.9472458899256,24.7191559045493,45.3444068820481));
#9747=CARTESIAN_POINT('',(97.9489815596045,24.6911809108284,45.3444068820481));
#9748=CARTESIAN_POINT('',(97.9507827799901,24.66282453389,45.3395786420873));
#9749=CARTESIAN_POINT('',(97.95257095835,24.6364286959897,45.330322563943));
#9750=CARTESIAN_POINT('',(97.9543633239816,24.6099710485136,45.3210448113868));
#9751=CARTESIAN_POINT('',(97.9561981611975,24.5847551828126,45.3070618338054));
#9752=CARTESIAN_POINT('',(97.9580991784982,24.5628768566236,45.2895398089964));
#9753=CARTESIAN_POINT('',(97.9600005268159,24.5409947208442,45.2720147331435));
#9754=CARTESIAN_POINT('',(97.9620301667701,24.5218490042386,45.2504669463315));
#9755=CARTESIAN_POINT('',(97.9642244094636,24.5070253786242,45.2266968664413));
#9756=CARTESIAN_POINT('',(97.9664198569361,24.4921936138953,45.2029137352634));
#9757=CARTESIAN_POINT('',(97.9688493428506,24.4812801677152,45.1762529567806));
#9758=CARTESIAN_POINT('',(97.9714555737929,24.4751745964934,45.1489332180641));
#9759=CARTESIAN_POINT('',(97.9740658491273,24.4690595505454,45.121571084126));
#9760=CARTESIAN_POINT('',(97.9769291655875,24.4675969903925,45.0927972157286));
#9761=CARTESIAN_POINT('',(97.9798300931124,24.4708934324295,45.0649833381257));
#9762=CARTESIAN_POINT('',(97.9827394700024,24.474199475824,45.0370884486373));
#9763=CARTESIAN_POINT('',(97.9857646080093,24.4823820941976,45.0093894637816));
#9764=CARTESIAN_POINT('',(97.9885432010398,24.4947746499289,44.9841659977311));
#9765=CARTESIAN_POINT('',(97.9913251941014,24.5071823698367,44.9589116669342));
#9766=CARTESIAN_POINT('',(97.993929709535,24.5241592491834,44.93543599522));
#9767=CARTESIAN_POINT('',(97.9959381317772,24.5443185602275,44.9157118820327));
#9768=CARTESIAN_POINT('',(97.9979347213275,24.564359101966,44.8961039741672));
#9769=CARTESIAN_POINT('',(97.9993875180041,24.588112224224,44.8796575188053));
#9770=CARTESIAN_POINT('',(97.9999745167314,24.613585922933,44.8677905124242));
#9771=CARTESIAN_POINT('',(98.0005540835661,24.6387371034072,44.8560737522241));
#9772=CARTESIAN_POINT('',(98.0002978073011,24.6662669420605,44.8484971794986));
#9773=CARTESIAN_POINT('',(97.9991247406287,24.6938522281036,44.845690730666));
#9774=CARTESIAN_POINT('',(97.998767277281,24.7022581686429,44.8448355340957));
#9775=CARTESIAN_POINT('',(97.9983257299709,24.7107151739961,44.8444068820481));
#9776=CARTESIAN_POINT('',(97.9978031926058,24.7191559045493,44.8444068820481));
#9777=CARTESIAN_POINT('',(97.9978031926058,24.7191559045493,44.8444068820481));
#9778=CARTESIAN_POINT('',(75.0952888096012,24.7191559045493,42.7811842193044));
#9779=CARTESIAN_POINT('',(75.0952888096012,24.5653056580569,42.7811842193044));
#9780=CARTESIAN_POINT('',(105.095288809601,24.7191559045493,44.8444068820481));
#9781=CARTESIAN_POINT('',(75.0952888096013,24.7191559045493,27.7811842193043));
#9782=CARTESIAN_POINT('',(105.095288809601,24.7191559045493,45.0944068820481));
#9783=CARTESIAN_POINT('',(96.0952888096013,-19.9346943419431,42.7811842193044));
#9784=CARTESIAN_POINT('',(53.8278205442556,-20.1903397387651,42.7811842193044));
#9785=MECHANICAL_DESIGN_GEOMETRIC_PRESENTATION_REPRESENTATION('',(#67,#36,
#37,#68,#38,#39,#69,#40,#41,#42,#43,#44,#45,#46,#47,#48,#70,#49,#50,#51,
#52,#53,#54,#55,#56,#57,#71,#58,#59,#60,#61,#72,#62,#63,#64,#65),#9786);
#9786=(
GEOMETRIC_REPRESENTATION_CONTEXT(3)
GLOBAL_UNCERTAINTY_ASSIGNED_CONTEXT((#9787))
GLOBAL_UNIT_ASSIGNED_CONTEXT((#9793,#9789,#9788))
REPRESENTATION_CONTEXT('flower_cup_withrim_mold_m',
'TOP_LEVEL_ASSEMBLY_PART')
);
#9787=UNCERTAINTY_MEASURE_WITH_UNIT(LENGTH_MEASURE(0.0508),#9793,
'DISTANCE_ACCURACY_VALUE','Maximum Tolerance applied to model');
#9788=(
NAMED_UNIT(*)
SI_UNIT($,.STERADIAN.)
SOLID_ANGLE_UNIT()
);
#9789=(
CONVERSION_BASED_UNIT('DEGREE',#9791)
NAMED_UNIT(#9790)
PLANE_ANGLE_UNIT()
);
#9790=DIMENSIONAL_EXPONENTS(0.,0.,0.,0.,0.,0.,0.);
#9791=PLANE_ANGLE_MEASURE_WITH_UNIT(PLANE_ANGLE_MEASURE(0.0174532925),#9792);
#9792=(
NAMED_UNIT(*)
PLANE_ANGLE_UNIT()
SI_UNIT($,.RADIAN.)
);
#9793=(
LENGTH_UNIT()
NAMED_UNIT(*)
SI_UNIT(.MILLI.,.METRE.)
);
ENDSEC;
END-ISO-10303-21;
