ISO-10303-21;
HEADER;
/* Generated by software containing ST-Developer
 * from STEP Tools, Inc. (www.steptools.com) 
 */
/* OPTION: using custom schema-name function */

FILE_DESCRIPTION(
/* description */ (''),
/* implementation_level */ '2;1');

FILE_NAME(
/* name */ 'duckbill_half_withrim_mold.stp',
/* time_stamp */ '2026-09-08T16:09:24+02:00',
/* author */ (''),
/* organization */ (''),
/* preprocessor_version */ 'ST-DEVELOPER v20',
/* originating_system */ 'SIEMENS PLM Software NX2406.3002',
/* authorisation */ '');

FILE_SCHEMA (('AUTOMOTIVE_DESIGN { 1 0 10303 214 3 1 1 1 }'));
ENDSEC;

DATA;
#10=SHAPE_REPRESENTATION_RELATIONSHIP('None',
'relationship between duckbill_half_withrim_mold-None and duckbill_hal
f_withrim_mold-None',#22,#11);
#11=ADVANCED_BREP_SHAPE_REPRESENTATION(
'duckbill_half_withrim_mold-None',(#391,#392,#393,#394),#7517);
#12=SHAPE_DEFINITION_REPRESENTATION(#13,#22);
#13=PRODUCT_DEFINITION_SHAPE('','',#14);
#14=PRODUCT_DEFINITION(' ','',#16,#15);
#15=PRODUCT_DEFINITION_CONTEXT('part definition',#21,'design');
#16=PRODUCT_DEFINITION_FORMATION_WITH_SPECIFIED_SOURCE(' ',' ',#18,
 .NOT_KNOWN.);
#17=PRODUCT_RELATED_PRODUCT_CATEGORY('part','',(#18));
#18=PRODUCT('duckbill_half_withrim_mold','duckbill_half_withrim_mold',
' ',(#19));
#19=PRODUCT_CONTEXT(' ',#21,'mechanical');
#20=APPLICATION_PROTOCOL_DEFINITION('international standard',
'automotive_design',2010,#21);
#21=APPLICATION_CONTEXT(
'core data for automotive mechanical design processes');
#22=SHAPE_REPRESENTATION('duckbill_half_withrim_mold-None',(#3701),#7517);
#23=OVER_RIDING_STYLED_ITEM('',(#77),#885,#72);
#24=OVER_RIDING_STYLED_ITEM('',(#78),#887,#72);
#25=OVER_RIDING_STYLED_ITEM('',(#79),#888,#72);
#26=OVER_RIDING_STYLED_ITEM('',(#80),#889,#72);
#27=OVER_RIDING_STYLED_ITEM('',(#81),#890,#72);
#28=OVER_RIDING_STYLED_ITEM('',(#82),#891,#72);
#29=OVER_RIDING_STYLED_ITEM('',(#83),#892,#72);
#30=OVER_RIDING_STYLED_ITEM('',(#84),#893,#72);
#31=OVER_RIDING_STYLED_ITEM('',(#85),#894,#72);
#32=OVER_RIDING_STYLED_ITEM('',(#86),#895,#72);
#33=OVER_RIDING_STYLED_ITEM('',(#87),#896,#72);
#34=OVER_RIDING_STYLED_ITEM('',(#88),#897,#72);
#35=OVER_RIDING_STYLED_ITEM('',(#89),#898,#72);
#36=OVER_RIDING_STYLED_ITEM('',(#90),#899,#72);
#37=OVER_RIDING_STYLED_ITEM('',(#91),#900,#72);
#38=OVER_RIDING_STYLED_ITEM('',(#92),#902,#72);
#39=OVER_RIDING_STYLED_ITEM('',(#93),#903,#72);
#40=OVER_RIDING_STYLED_ITEM('',(#94),#904,#72);
#41=OVER_RIDING_STYLED_ITEM('',(#95),#905,#72);
#42=OVER_RIDING_STYLED_ITEM('',(#96),#906,#72);
#43=OVER_RIDING_STYLED_ITEM('',(#97),#907,#72);
#44=OVER_RIDING_STYLED_ITEM('',(#98),#908,#72);
#45=OVER_RIDING_STYLED_ITEM('',(#99),#909,#72);
#46=OVER_RIDING_STYLED_ITEM('',(#100),#910,#72);
#47=OVER_RIDING_STYLED_ITEM('',(#101),#911,#72);
#48=OVER_RIDING_STYLED_ITEM('',(#102),#912,#72);
#49=OVER_RIDING_STYLED_ITEM('',(#103),#913,#72);
#50=OVER_RIDING_STYLED_ITEM('',(#104),#914,#72);
#51=OVER_RIDING_STYLED_ITEM('',(#105),#915,#72);
#52=OVER_RIDING_STYLED_ITEM('',(#106),#916,#72);
#53=OVER_RIDING_STYLED_ITEM('',(#107),#917,#72);
#54=OVER_RIDING_STYLED_ITEM('',(#109),#1012,#73);
#55=OVER_RIDING_STYLED_ITEM('',(#110),#1021,#73);
#56=OVER_RIDING_STYLED_ITEM('',(#112),#1037,#74);
#57=OVER_RIDING_STYLED_ITEM('',(#113),#1038,#74);
#58=OVER_RIDING_STYLED_ITEM('',(#114),#1039,#74);
#59=OVER_RIDING_STYLED_ITEM('',(#115),#1040,#74);
#60=OVER_RIDING_STYLED_ITEM('',(#116),#1041,#74);
#61=OVER_RIDING_STYLED_ITEM('',(#117),#1042,#74);
#62=OVER_RIDING_STYLED_ITEM('',(#118),#1043,#74);
#63=OVER_RIDING_STYLED_ITEM('',(#119),#1049,#74);
#64=OVER_RIDING_STYLED_ITEM('',(#120),#1050,#74);
#65=OVER_RIDING_STYLED_ITEM('',(#121),#1051,#74);
#66=OVER_RIDING_STYLED_ITEM('',(#122),#1052,#74);
#67=OVER_RIDING_STYLED_ITEM('',(#124),#1065,#75);
#68=OVER_RIDING_STYLED_ITEM('',(#125),#1069,#75);
#69=OVER_RIDING_STYLED_ITEM('',(#126),#1070,#75);
#70=OVER_RIDING_STYLED_ITEM('',(#127),#1073,#75);
#71=PRESENTATION_LAYER_ASSIGNMENT('1','Layer 1',(#391,#392,#393,#394));
#72=STYLED_ITEM('',(#76),#391);
#73=STYLED_ITEM('',(#108),#392);
#74=STYLED_ITEM('',(#111),#393);
#75=STYLED_ITEM('',(#123),#394);
#76=PRESENTATION_STYLE_ASSIGNMENT((#128));
#77=PRESENTATION_STYLE_ASSIGNMENT((#129));
#78=PRESENTATION_STYLE_ASSIGNMENT((#130));
#79=PRESENTATION_STYLE_ASSIGNMENT((#131));
#80=PRESENTATION_STYLE_ASSIGNMENT((#132));
#81=PRESENTATION_STYLE_ASSIGNMENT((#133));
#82=PRESENTATION_STYLE_ASSIGNMENT((#134));
#83=PRESENTATION_STYLE_ASSIGNMENT((#135));
#84=PRESENTATION_STYLE_ASSIGNMENT((#136));
#85=PRESENTATION_STYLE_ASSIGNMENT((#137));
#86=PRESENTATION_STYLE_ASSIGNMENT((#138));
#87=PRESENTATION_STYLE_ASSIGNMENT((#139));
#88=PRESENTATION_STYLE_ASSIGNMENT((#140));
#89=PRESENTATION_STYLE_ASSIGNMENT((#141));
#90=PRESENTATION_STYLE_ASSIGNMENT((#142));
#91=PRESENTATION_STYLE_ASSIGNMENT((#143));
#92=PRESENTATION_STYLE_ASSIGNMENT((#144));
#93=PRESENTATION_STYLE_ASSIGNMENT((#145));
#94=PRESENTATION_STYLE_ASSIGNMENT((#146));
#95=PRESENTATION_STYLE_ASSIGNMENT((#147));
#96=PRESENTATION_STYLE_ASSIGNMENT((#148));
#97=PRESENTATION_STYLE_ASSIGNMENT((#149));
#98=PRESENTATION_STYLE_ASSIGNMENT((#150));
#99=PRESENTATION_STYLE_ASSIGNMENT((#151));
#100=PRESENTATION_STYLE_ASSIGNMENT((#152));
#101=PRESENTATION_STYLE_ASSIGNMENT((#153));
#102=PRESENTATION_STYLE_ASSIGNMENT((#154));
#103=PRESENTATION_STYLE_ASSIGNMENT((#155));
#104=PRESENTATION_STYLE_ASSIGNMENT((#156));
#105=PRESENTATION_STYLE_ASSIGNMENT((#157));
#106=PRESENTATION_STYLE_ASSIGNMENT((#158));
#107=PRESENTATION_STYLE_ASSIGNMENT((#159));
#108=PRESENTATION_STYLE_ASSIGNMENT((#160));
#109=PRESENTATION_STYLE_ASSIGNMENT((#161));
#110=PRESENTATION_STYLE_ASSIGNMENT((#162));
#111=PRESENTATION_STYLE_ASSIGNMENT((#163));
#112=PRESENTATION_STYLE_ASSIGNMENT((#164));
#113=PRESENTATION_STYLE_ASSIGNMENT((#165));
#114=PRESENTATION_STYLE_ASSIGNMENT((#166));
#115=PRESENTATION_STYLE_ASSIGNMENT((#167));
#116=PRESENTATION_STYLE_ASSIGNMENT((#168));
#117=PRESENTATION_STYLE_ASSIGNMENT((#169));
#118=PRESENTATION_STYLE_ASSIGNMENT((#170));
#119=PRESENTATION_STYLE_ASSIGNMENT((#171));
#120=PRESENTATION_STYLE_ASSIGNMENT((#172));
#121=PRESENTATION_STYLE_ASSIGNMENT((#173));
#122=PRESENTATION_STYLE_ASSIGNMENT((#174));
#123=PRESENTATION_STYLE_ASSIGNMENT((#175));
#124=PRESENTATION_STYLE_ASSIGNMENT((#176));
#125=PRESENTATION_STYLE_ASSIGNMENT((#177));
#126=PRESENTATION_STYLE_ASSIGNMENT((#178));
#127=PRESENTATION_STYLE_ASSIGNMENT((#179));
#128=SURFACE_STYLE_USAGE(.BOTH.,#180);
#129=SURFACE_STYLE_USAGE(.BOTH.,#181);
#130=SURFACE_STYLE_USAGE(.BOTH.,#182);
#131=SURFACE_STYLE_USAGE(.BOTH.,#183);
#132=SURFACE_STYLE_USAGE(.BOTH.,#184);
#133=SURFACE_STYLE_USAGE(.BOTH.,#185);
#134=SURFACE_STYLE_USAGE(.BOTH.,#186);
#135=SURFACE_STYLE_USAGE(.BOTH.,#187);
#136=SURFACE_STYLE_USAGE(.BOTH.,#188);
#137=SURFACE_STYLE_USAGE(.BOTH.,#189);
#138=SURFACE_STYLE_USAGE(.BOTH.,#190);
#139=SURFACE_STYLE_USAGE(.BOTH.,#191);
#140=SURFACE_STYLE_USAGE(.BOTH.,#192);
#141=SURFACE_STYLE_USAGE(.BOTH.,#193);
#142=SURFACE_STYLE_USAGE(.BOTH.,#194);
#143=SURFACE_STYLE_USAGE(.BOTH.,#195);
#144=SURFACE_STYLE_USAGE(.BOTH.,#196);
#145=SURFACE_STYLE_USAGE(.BOTH.,#197);
#146=SURFACE_STYLE_USAGE(.BOTH.,#198);
#147=SURFACE_STYLE_USAGE(.BOTH.,#199);
#148=SURFACE_STYLE_USAGE(.BOTH.,#200);
#149=SURFACE_STYLE_USAGE(.BOTH.,#201);
#150=SURFACE_STYLE_USAGE(.BOTH.,#202);
#151=SURFACE_STYLE_USAGE(.BOTH.,#203);
#152=SURFACE_STYLE_USAGE(.BOTH.,#204);
#153=SURFACE_STYLE_USAGE(.BOTH.,#205);
#154=SURFACE_STYLE_USAGE(.BOTH.,#206);
#155=SURFACE_STYLE_USAGE(.BOTH.,#207);
#156=SURFACE_STYLE_USAGE(.BOTH.,#208);
#157=SURFACE_STYLE_USAGE(.BOTH.,#209);
#158=SURFACE_STYLE_USAGE(.BOTH.,#210);
#159=SURFACE_STYLE_USAGE(.BOTH.,#211);
#160=SURFACE_STYLE_USAGE(.BOTH.,#212);
#161=SURFACE_STYLE_USAGE(.BOTH.,#213);
#162=SURFACE_STYLE_USAGE(.BOTH.,#214);
#163=SURFACE_STYLE_USAGE(.BOTH.,#215);
#164=SURFACE_STYLE_USAGE(.BOTH.,#216);
#165=SURFACE_STYLE_USAGE(.BOTH.,#217);
#166=SURFACE_STYLE_USAGE(.BOTH.,#218);
#167=SURFACE_STYLE_USAGE(.BOTH.,#219);
#168=SURFACE_STYLE_USAGE(.BOTH.,#220);
#169=SURFACE_STYLE_USAGE(.BOTH.,#221);
#170=SURFACE_STYLE_USAGE(.BOTH.,#222);
#171=SURFACE_STYLE_USAGE(.BOTH.,#223);
#172=SURFACE_STYLE_USAGE(.BOTH.,#224);
#173=SURFACE_STYLE_USAGE(.BOTH.,#225);
#174=SURFACE_STYLE_USAGE(.BOTH.,#226);
#175=SURFACE_STYLE_USAGE(.BOTH.,#227);
#176=SURFACE_STYLE_USAGE(.BOTH.,#228);
#177=SURFACE_STYLE_USAGE(.BOTH.,#229);
#178=SURFACE_STYLE_USAGE(.BOTH.,#230);
#179=SURFACE_STYLE_USAGE(.BOTH.,#231);
#180=SURFACE_SIDE_STYLE('',(#232));
#181=SURFACE_SIDE_STYLE('',(#233));
#182=SURFACE_SIDE_STYLE('',(#234));
#183=SURFACE_SIDE_STYLE('',(#235));
#184=SURFACE_SIDE_STYLE('',(#236));
#185=SURFACE_SIDE_STYLE('',(#237));
#186=SURFACE_SIDE_STYLE('',(#238));
#187=SURFACE_SIDE_STYLE('',(#239));
#188=SURFACE_SIDE_STYLE('',(#240));
#189=SURFACE_SIDE_STYLE('',(#241));
#190=SURFACE_SIDE_STYLE('',(#242));
#191=SURFACE_SIDE_STYLE('',(#243));
#192=SURFACE_SIDE_STYLE('',(#244));
#193=SURFACE_SIDE_STYLE('',(#245));
#194=SURFACE_SIDE_STYLE('',(#246));
#195=SURFACE_SIDE_STYLE('',(#247));
#196=SURFACE_SIDE_STYLE('',(#248));
#197=SURFACE_SIDE_STYLE('',(#249));
#198=SURFACE_SIDE_STYLE('',(#250));
#199=SURFACE_SIDE_STYLE('',(#251));
#200=SURFACE_SIDE_STYLE('',(#252));
#201=SURFACE_SIDE_STYLE('',(#253));
#202=SURFACE_SIDE_STYLE('',(#254));
#203=SURFACE_SIDE_STYLE('',(#255));
#204=SURFACE_SIDE_STYLE('',(#256));
#205=SURFACE_SIDE_STYLE('',(#257));
#206=SURFACE_SIDE_STYLE('',(#258));
#207=SURFACE_SIDE_STYLE('',(#259));
#208=SURFACE_SIDE_STYLE('',(#260));
#209=SURFACE_SIDE_STYLE('',(#261));
#210=SURFACE_SIDE_STYLE('',(#262));
#211=SURFACE_SIDE_STYLE('',(#263));
#212=SURFACE_SIDE_STYLE('',(#264));
#213=SURFACE_SIDE_STYLE('',(#265));
#214=SURFACE_SIDE_STYLE('',(#266));
#215=SURFACE_SIDE_STYLE('',(#267));
#216=SURFACE_SIDE_STYLE('',(#268));
#217=SURFACE_SIDE_STYLE('',(#269));
#218=SURFACE_SIDE_STYLE('',(#270));
#219=SURFACE_SIDE_STYLE('',(#271));
#220=SURFACE_SIDE_STYLE('',(#272));
#221=SURFACE_SIDE_STYLE('',(#273));
#222=SURFACE_SIDE_STYLE('',(#274));
#223=SURFACE_SIDE_STYLE('',(#275));
#224=SURFACE_SIDE_STYLE('',(#276));
#225=SURFACE_SIDE_STYLE('',(#277));
#226=SURFACE_SIDE_STYLE('',(#278));
#227=SURFACE_SIDE_STYLE('',(#279));
#228=SURFACE_SIDE_STYLE('',(#280));
#229=SURFACE_SIDE_STYLE('',(#281));
#230=SURFACE_SIDE_STYLE('',(#282));
#231=SURFACE_SIDE_STYLE('',(#283));
#232=SURFACE_STYLE_FILL_AREA(#284);
#233=SURFACE_STYLE_FILL_AREA(#285);
#234=SURFACE_STYLE_FILL_AREA(#286);
#235=SURFACE_STYLE_FILL_AREA(#287);
#236=SURFACE_STYLE_FILL_AREA(#288);
#237=SURFACE_STYLE_FILL_AREA(#289);
#238=SURFACE_STYLE_FILL_AREA(#290);
#239=SURFACE_STYLE_FILL_AREA(#291);
#240=SURFACE_STYLE_FILL_AREA(#292);
#241=SURFACE_STYLE_FILL_AREA(#293);
#242=SURFACE_STYLE_FILL_AREA(#294);
#243=SURFACE_STYLE_FILL_AREA(#295);
#244=SURFACE_STYLE_FILL_AREA(#296);
#245=SURFACE_STYLE_FILL_AREA(#297);
#246=SURFACE_STYLE_FILL_AREA(#298);
#247=SURFACE_STYLE_FILL_AREA(#299);
#248=SURFACE_STYLE_FILL_AREA(#300);
#249=SURFACE_STYLE_FILL_AREA(#301);
#250=SURFACE_STYLE_FILL_AREA(#302);
#251=SURFACE_STYLE_FILL_AREA(#303);
#252=SURFACE_STYLE_FILL_AREA(#304);
#253=SURFACE_STYLE_FILL_AREA(#305);
#254=SURFACE_STYLE_FILL_AREA(#306);
#255=SURFACE_STYLE_FILL_AREA(#307);
#256=SURFACE_STYLE_FILL_AREA(#308);
#257=SURFACE_STYLE_FILL_AREA(#309);
#258=SURFACE_STYLE_FILL_AREA(#310);
#259=SURFACE_STYLE_FILL_AREA(#311);
#260=SURFACE_STYLE_FILL_AREA(#312);
#261=SURFACE_STYLE_FILL_AREA(#313);
#262=SURFACE_STYLE_FILL_AREA(#314);
#263=SURFACE_STYLE_FILL_AREA(#315);
#264=SURFACE_STYLE_FILL_AREA(#316);
#265=SURFACE_STYLE_FILL_AREA(#317);
#266=SURFACE_STYLE_FILL_AREA(#318);
#267=SURFACE_STYLE_FILL_AREA(#319);
#268=SURFACE_STYLE_FILL_AREA(#320);
#269=SURFACE_STYLE_FILL_AREA(#321);
#270=SURFACE_STYLE_FILL_AREA(#322);
#271=SURFACE_STYLE_FILL_AREA(#323);
#272=SURFACE_STYLE_FILL_AREA(#324);
#273=SURFACE_STYLE_FILL_AREA(#325);
#274=SURFACE_STYLE_FILL_AREA(#326);
#275=SURFACE_STYLE_FILL_AREA(#327);
#276=SURFACE_STYLE_FILL_AREA(#328);
#277=SURFACE_STYLE_FILL_AREA(#329);
#278=SURFACE_STYLE_FILL_AREA(#330);
#279=SURFACE_STYLE_FILL_AREA(#331);
#280=SURFACE_STYLE_FILL_AREA(#332);
#281=SURFACE_STYLE_FILL_AREA(#333);
#282=SURFACE_STYLE_FILL_AREA(#334);
#283=SURFACE_STYLE_FILL_AREA(#335);
#284=FILL_AREA_STYLE('',(#336));
#285=FILL_AREA_STYLE('',(#337));
#286=FILL_AREA_STYLE('',(#338));
#287=FILL_AREA_STYLE('',(#339));
#288=FILL_AREA_STYLE('',(#340));
#289=FILL_AREA_STYLE('',(#341));
#290=FILL_AREA_STYLE('',(#342));
#291=FILL_AREA_STYLE('',(#343));
#292=FILL_AREA_STYLE('',(#344));
#293=FILL_AREA_STYLE('',(#345));
#294=FILL_AREA_STYLE('',(#346));
#295=FILL_AREA_STYLE('',(#347));
#296=FILL_AREA_STYLE('',(#348));
#297=FILL_AREA_STYLE('',(#349));
#298=FILL_AREA_STYLE('',(#350));
#299=FILL_AREA_STYLE('',(#351));
#300=FILL_AREA_STYLE('',(#352));
#301=FILL_AREA_STYLE('',(#353));
#302=FILL_AREA_STYLE('',(#354));
#303=FILL_AREA_STYLE('',(#355));
#304=FILL_AREA_STYLE('',(#356));
#305=FILL_AREA_STYLE('',(#357));
#306=FILL_AREA_STYLE('',(#358));
#307=FILL_AREA_STYLE('',(#359));
#308=FILL_AREA_STYLE('',(#360));
#309=FILL_AREA_STYLE('',(#361));
#310=FILL_AREA_STYLE('',(#362));
#311=FILL_AREA_STYLE('',(#363));
#312=FILL_AREA_STYLE('',(#364));
#313=FILL_AREA_STYLE('',(#365));
#314=FILL_AREA_STYLE('',(#366));
#315=FILL_AREA_STYLE('',(#367));
#316=FILL_AREA_STYLE('',(#368));
#317=FILL_AREA_STYLE('',(#369));
#318=FILL_AREA_STYLE('',(#370));
#319=FILL_AREA_STYLE('',(#371));
#320=FILL_AREA_STYLE('',(#372));
#321=FILL_AREA_STYLE('',(#373));
#322=FILL_AREA_STYLE('',(#374));
#323=FILL_AREA_STYLE('',(#375));
#324=FILL_AREA_STYLE('',(#376));
#325=FILL_AREA_STYLE('',(#377));
#326=FILL_AREA_STYLE('',(#378));
#327=FILL_AREA_STYLE('',(#379));
#328=FILL_AREA_STYLE('',(#380));
#329=FILL_AREA_STYLE('',(#381));
#330=FILL_AREA_STYLE('',(#382));
#331=FILL_AREA_STYLE('',(#383));
#332=FILL_AREA_STYLE('',(#384));
#333=FILL_AREA_STYLE('',(#385));
#334=FILL_AREA_STYLE('',(#386));
#335=FILL_AREA_STYLE('',(#387));
#336=FILL_AREA_STYLE_COLOUR('',#388);
#337=FILL_AREA_STYLE_COLOUR('',#389);
#338=FILL_AREA_STYLE_COLOUR('',#389);
#339=FILL_AREA_STYLE_COLOUR('',#389);
#340=FILL_AREA_STYLE_COLOUR('',#389);
#341=FILL_AREA_STYLE_COLOUR('',#389);
#342=FILL_AREA_STYLE_COLOUR('',#389);
#343=FILL_AREA_STYLE_COLOUR('',#389);
#344=FILL_AREA_STYLE_COLOUR('',#389);
#345=FILL_AREA_STYLE_COLOUR('',#389);
#346=FILL_AREA_STYLE_COLOUR('',#389);
#347=FILL_AREA_STYLE_COLOUR('',#390);
#348=FILL_AREA_STYLE_COLOUR('',#390);
#349=FILL_AREA_STYLE_COLOUR('',#390);
#350=FILL_AREA_STYLE_COLOUR('',#390);
#351=FILL_AREA_STYLE_COLOUR('',#390);
#352=FILL_AREA_STYLE_COLOUR('',#389);
#353=FILL_AREA_STYLE_COLOUR('',#389);
#354=FILL_AREA_STYLE_COLOUR('',#389);
#355=FILL_AREA_STYLE_COLOUR('',#389);
#356=FILL_AREA_STYLE_COLOUR('',#389);
#357=FILL_AREA_STYLE_COLOUR('',#389);
#358=FILL_AREA_STYLE_COLOUR('',#389);
#359=FILL_AREA_STYLE_COLOUR('',#389);
#360=FILL_AREA_STYLE_COLOUR('',#389);
#361=FILL_AREA_STYLE_COLOUR('',#389);
#362=FILL_AREA_STYLE_COLOUR('',#389);
#363=FILL_AREA_STYLE_COLOUR('',#390);
#364=FILL_AREA_STYLE_COLOUR('',#390);
#365=FILL_AREA_STYLE_COLOUR('',#390);
#366=FILL_AREA_STYLE_COLOUR('',#390);
#367=FILL_AREA_STYLE_COLOUR('',#390);
#368=FILL_AREA_STYLE_COLOUR('',#388);
#369=FILL_AREA_STYLE_COLOUR('',#389);
#370=FILL_AREA_STYLE_COLOUR('',#389);
#371=FILL_AREA_STYLE_COLOUR('',#388);
#372=FILL_AREA_STYLE_COLOUR('',#390);
#373=FILL_AREA_STYLE_COLOUR('',#389);
#374=FILL_AREA_STYLE_COLOUR('',#390);
#375=FILL_AREA_STYLE_COLOUR('',#390);
#376=FILL_AREA_STYLE_COLOUR('',#389);
#377=FILL_AREA_STYLE_COLOUR('',#389);
#378=FILL_AREA_STYLE_COLOUR('',#389);
#379=FILL_AREA_STYLE_COLOUR('',#390);
#380=FILL_AREA_STYLE_COLOUR('',#390);
#381=FILL_AREA_STYLE_COLOUR('',#389);
#382=FILL_AREA_STYLE_COLOUR('',#389);
#383=FILL_AREA_STYLE_COLOUR('',#388);
#384=FILL_AREA_STYLE_COLOUR('',#389);
#385=FILL_AREA_STYLE_COLOUR('',#389);
#386=FILL_AREA_STYLE_COLOUR('',#389);
#387=FILL_AREA_STYLE_COLOUR('',#389);
#388=COLOUR_RGB('medium steel',0.611764705882353,0.658823529411765,0.670588235294118);
#389=COLOUR_RGB('strong pink',0.933333333333333,0.584313725490196,0.741176470588235);
#390=COLOUR_RGB('medium royal',0.301960784313725,0.427450980392157,0.701960784313725);
#391=MANIFOLD_SOLID_BREP('',#395);
#392=MANIFOLD_SOLID_BREP('',#396);
#393=MANIFOLD_SOLID_BREP('',#397);
#394=MANIFOLD_SOLID_BREP('',#398);
#395=CLOSED_SHELL('',(#884,#885,#886,#887,#888,#889,#890,#891,#892,#893,
#894,#895,#896,#897,#898,#899,#900,#901,#902,#903,#904,#905,#906,#907,#908,
#909,#910,#911,#912,#913,#914,#915,#916,#917,#918,#919,#920,#921,#922,#923,
#924,#925,#926,#927,#928,#929,#930,#931,#932,#933,#934,#935,#936,#937,#938,
#939,#940,#941,#942,#943,#944,#945,#946,#947,#948,#949,#950,#951,#952,#953,
#954,#955,#956,#957,#958,#959,#960,#961,#962,#963,#964,#965,#966,#967,#968,
#969,#970,#971,#972,#973,#974,#975,#976,#977,#978,#979,#980,#981,#982,#983,
#984,#985,#986,#987,#988,#989,#990,#991,#992,#993,#994,#995,#996,#997,#998,
#999,#1000,#1001,#1002,#1003,#1004,#1005));
#396=CLOSED_SHELL('',(#1006,#1007,#1008,#1009,#1010,#1011,#1012,#1013,#1014,
#1015,#1016,#1017,#1018,#1019,#1020,#1021,#1022,#1023,#1024,#1025,#1026,
#1027,#1028,#1029));
#397=CLOSED_SHELL('',(#1030,#1031,#1032,#1033,#1034,#1035,#1036,#1037,#1038,
#1039,#1040,#1041,#1042,#1043,#1044,#1045,#1046,#1047,#1048,#1049,#1050,
#1051,#1052,#1053,#1054,#1055,#1056,#1057));
#398=CLOSED_SHELL('',(#1058,#1059,#1060,#1061,#1062,#1063,#1064,#1065,#1066,
#1067,#1068,#1069,#1070,#1071,#1072,#1073,#1074,#1075,#1076,#1077,#1078,
#1079));
#399=SURFACE_OF_REVOLUTION('',#3583,#408);
#400=SURFACE_OF_REVOLUTION('',#3585,#409);
#401=SURFACE_OF_REVOLUTION('',#3587,#410);
#402=SURFACE_OF_REVOLUTION('',#3602,#411);
#403=SURFACE_OF_REVOLUTION('',#3603,#412);
#404=SURFACE_OF_REVOLUTION('',#3604,#413);
#405=SURFACE_OF_REVOLUTION('',#3678,#414);
#406=SURFACE_OF_REVOLUTION('',#3679,#415);
#407=SURFACE_OF_REVOLUTION('',#3680,#416);
#408=AXIS1_PLACEMENT('',#5324,#4140);
#409=AXIS1_PLACEMENT('',#5337,#4141);
#410=AXIS1_PLACEMENT('',#5352,#4144);
#411=AXIS1_PLACEMENT('',#5738,#4270);
#412=AXIS1_PLACEMENT('',#5747,#4271);
#413=AXIS1_PLACEMENT('',#5756,#4272);
#414=AXIS1_PLACEMENT('',#6928,#4748);
#415=AXIS1_PLACEMENT('',#6955,#4753);
#416=AXIS1_PLACEMENT('',#6966,#4758);
#417=CYLINDRICAL_SURFACE('',#3733,17.6147014604425);
#418=CYLINDRICAL_SURFACE('',#3784,17.6147014604425);
#419=CYLINDRICAL_SURFACE('',#3799,7.80000000000001);
#420=CYLINDRICAL_SURFACE('',#3800,6.60000000000002);
#421=CYLINDRICAL_SURFACE('',#3804,7.80000000000001);
#422=CYLINDRICAL_SURFACE('',#3805,6.60000000000002);
#423=CYLINDRICAL_SURFACE('',#3809,1.);
#424=CYLINDRICAL_SURFACE('',#3811,1.);
#425=CYLINDRICAL_SURFACE('',#3812,1.);
#426=CYLINDRICAL_SURFACE('',#3813,1.);
#427=CYLINDRICAL_SURFACE('',#3815,1.);
#428=CYLINDRICAL_SURFACE('',#3820,1.);
#429=CYLINDRICAL_SURFACE('',#3821,1.);
#430=CYLINDRICAL_SURFACE('',#3831,1.);
#431=CYLINDRICAL_SURFACE('',#3832,1.);
#432=CYLINDRICAL_SURFACE('',#3834,1.);
#433=CYLINDRICAL_SURFACE('',#3836,1.);
#434=CYLINDRICAL_SURFACE('',#3837,1.);
#435=CYLINDRICAL_SURFACE('',#3838,1.);
#436=CYLINDRICAL_SURFACE('',#3839,1.);
#437=CYLINDRICAL_SURFACE('',#3840,1.);
#438=CYLINDRICAL_SURFACE('',#3841,1.);
#439=CYLINDRICAL_SURFACE('',#3843,0.25);
#440=CYLINDRICAL_SURFACE('',#3846,0.25);
#441=CYLINDRICAL_SURFACE('',#3849,0.25);
#442=CYLINDRICAL_SURFACE('',#3852,0.25);
#443=CYLINDRICAL_SURFACE('',#3855,0.25);
#444=CYLINDRICAL_SURFACE('',#3858,0.25);
#445=CYLINDRICAL_SURFACE('',#3861,0.25);
#446=CYLINDRICAL_SURFACE('',#3864,0.25);
#447=CYLINDRICAL_SURFACE('',#3867,0.25);
#448=CYLINDRICAL_SURFACE('',#3870,0.25);
#449=CYLINDRICAL_SURFACE('',#3873,0.25);
#450=CYLINDRICAL_SURFACE('',#3876,0.25);
#451=CYLINDRICAL_SURFACE('',#3879,0.25);
#452=CYLINDRICAL_SURFACE('',#3882,0.25);
#453=CYLINDRICAL_SURFACE('',#3885,0.25);
#454=CYLINDRICAL_SURFACE('',#3888,0.25);
#455=CYLINDRICAL_SURFACE('',#3891,0.25);
#456=CYLINDRICAL_SURFACE('',#3894,0.25);
#457=CYLINDRICAL_SURFACE('',#3897,0.25);
#458=CYLINDRICAL_SURFACE('',#3900,0.25);
#459=CYLINDRICAL_SURFACE('',#3903,0.25);
#460=CYLINDRICAL_SURFACE('',#3915,2.);
#461=CYLINDRICAL_SURFACE('',#3921,0.3);
#462=CYLINDRICAL_SURFACE('',#3922,0.3);
#463=CYLINDRICAL_SURFACE('',#3923,0.3);
#464=CYLINDRICAL_SURFACE('',#3934,18.3882881060607);
#465=CYLINDRICAL_SURFACE('',#3935,18.3882881060607);
#466=CYLINDRICAL_SURFACE('',#3936,18.3882881060607);
#467=CYLINDRICAL_SURFACE('',#3937,18.3882881060607);
#468=CYLINDRICAL_SURFACE('',#3945,6.60000000000002);
#469=CYLINDRICAL_SURFACE('',#3951,1.);
#470=CYLINDRICAL_SURFACE('',#3953,1.);
#471=CYLINDRICAL_SURFACE('',#3955,1.);
#472=CYLINDRICAL_SURFACE('',#3956,1.);
#473=CYLINDRICAL_SURFACE('',#3957,1.);
#474=CYLINDRICAL_SURFACE('',#3959,18.3882881060607);
#475=CYLINDRICAL_SURFACE('',#3960,0.25);
#476=CYLINDRICAL_SURFACE('',#3963,0.25);
#477=CYLINDRICAL_SURFACE('',#3966,0.25);
#478=CYLINDRICAL_SURFACE('',#3969,0.25);
#479=CYLINDRICAL_SURFACE('',#3971,1.);
#480=CYLINDRICAL_SURFACE('',#3974,1.);
#481=CYLINDRICAL_SURFACE('',#3975,1.);
#482=CYLINDRICAL_SURFACE('',#3980,7.80000000000001);
#483=CYLINDRICAL_SURFACE('',#3993,1.);
#484=CYLINDRICAL_SURFACE('',#3995,1.);
#485=CYLINDRICAL_SURFACE('',#4004,17.6147014604425);
#486=CYLINDRICAL_SURFACE('',#4021,18.3882881060607);
#487=CYLINDRICAL_SURFACE('',#4022,18.3882881060607);
#488=CYLINDRICAL_SURFACE('',#4023,18.3882881060607);
#489=CYLINDRICAL_SURFACE('',#4024,18.3882881060607);
#490=CYLINDRICAL_SURFACE('',#4037,18.3882881060607);
#491=CYLINDRICAL_SURFACE('',#4040,2.);
#492=CYLINDRICAL_SURFACE('',#4041,0.25);
#493=CYLINDRICAL_SURFACE('',#4042,0.25);
#494=CYLINDRICAL_SURFACE('',#4043,0.25);
#495=CYLINDRICAL_SURFACE('',#4044,0.25);
#496=ELLIPSE('',#3731,18.0563746921583,17.6147014604425);
#497=ELLIPSE('',#3781,18.0563746921583,17.6147014604425);
#498=ELLIPSE('',#3794,1.02507412530991,1.);
#499=ELLIPSE('',#3796,1.02507412530991,1.);
#500=ELLIPSE('',#3808,1.28046037189981,1.);
#501=ELLIPSE('',#3810,1.28046037189982,1.);
#502=ELLIPSE('',#3814,1.41421356237309,1.);
#503=ELLIPSE('',#3816,1.4142135623731,1.);
#504=ELLIPSE('',#3817,1.41421356237309,1.);
#505=ELLIPSE('',#3818,1.41421356237309,1.);
#506=ELLIPSE('',#3819,1.41421356237309,1.);
#507=ELLIPSE('',#3822,1.0315204884315,1.);
#508=ELLIPSE('',#3823,1.0315204884315,1.);
#509=ELLIPSE('',#3825,1.03152082861236,1.);
#510=ELLIPSE('',#3826,1.03152082861236,1.);
#511=ELLIPSE('',#3830,1.28046037189981,1.);
#512=ELLIPSE('',#3833,1.41421356237309,1.);
#513=ELLIPSE('',#3835,1.28046037189982,1.);
#514=ELLIPSE('',#3944,7.01118281811021,6.60000000000002);
#515=ELLIPSE('',#3946,1.06230042698639,1.);
#516=ELLIPSE('',#3947,1.06230042698639,1.);
#517=ELLIPSE('',#3949,1.41421356237309,1.);
#518=ELLIPSE('',#3950,1.28046037189982,1.);
#519=ELLIPSE('',#3952,1.41421356237309,1.);
#520=ELLIPSE('',#3954,1.28046037189981,1.);
#521=ELLIPSE('',#3972,1.02507412530991,1.);
#522=ELLIPSE('',#3973,1.06230042698639,1.);
#523=ELLIPSE('',#3979,8.28594333049386,7.8);
#524=ELLIPSE('',#3981,1.06230042698639,1.);
#525=ELLIPSE('',#3991,1.41421356237309,1.);
#526=ELLIPSE('',#3992,1.02507412530991,1.);
#527=ELLIPSE('',#3997,18.0563746921583,17.6147014604425);
#528=ELLIPSE('',#3999,18.0563746921583,17.6147014604425);
#529=TOROIDAL_SURFACE('',#3716,20.5,2.5);
#530=TOROIDAL_SURFACE('',#3774,20.5,2.5);
#531=TOROIDAL_SURFACE('',#3940,20.5,2.5);
#532=TOROIDAL_SURFACE('',#4034,20.5,2.5);
#533=CONICAL_SURFACE('',#3713,19.5,1.96910417977657);
#534=CONICAL_SURFACE('',#3719,17.6376830081336,1.96910417977704);
#535=CONICAL_SURFACE('',#3722,17.5174738306614,1.96910417977811);
#536=CONICAL_SURFACE('',#3773,19.5,1.96910417977657);
#537=CONICAL_SURFACE('',#3776,17.6376830081336,1.96910417977704);
#538=CONICAL_SURFACE('',#3778,17.5174738306614,1.96910417977811);
#539=CONICAL_SURFACE('',#3787,17.8681046947277,77.3012155035838);
#540=CONICAL_SURFACE('',#3789,17.8681046947277,77.3012155035838);
#541=CONICAL_SURFACE('',#3791,8.17509103877921,77.3012155035839);
#542=CONICAL_SURFACE('',#3793,8.17509103877921,77.3012155035839);
#543=CONICAL_SURFACE('',#3914,2.,59.);
#544=CONICAL_SURFACE('',#3943,17.8681046947277,77.3012155035838);
#545=CONICAL_SURFACE('',#3958,17.6376830081336,1.96910417977704);
#546=CONICAL_SURFACE('',#3962,0.25,59.);
#547=CONICAL_SURFACE('',#3965,0.25,59.);
#548=CONICAL_SURFACE('',#3968,0.25,59.);
#549=CONICAL_SURFACE('',#3978,8.17509103877921,77.3012155035839);
#550=CONICAL_SURFACE('',#4005,17.5174738306614,1.96910417977811);
#551=CONICAL_SURFACE('',#4030,19.5,1.96910417977657);
#552=CONICAL_SURFACE('',#4039,2.,59.);
#553=(
BOUNDED_SURFACE()
B_SPLINE_SURFACE(3,3,((#5054,#5055,#5056,#5057),(#5058,#5059,#5060,#5061),
(#5062,#5063,#5064,#5065),(#5066,#5067,#5068,#5069)),.UNSPECIFIED.,.F.,
 .F.,.F.)
B_SPLINE_SURFACE_WITH_KNOTS((4,4),(4,4),(0.,1.),(0.,1.),.UNSPECIFIED.)
GEOMETRIC_REPRESENTATION_ITEM()
RATIONAL_B_SPLINE_SURFACE(((1.,0.98389574363924,0.98389574363924,1.),(0.921733204549938,
0.906889376727641,0.906889376727641,0.921733204549938),(0.921733204549938,
0.906889376727641,0.906889376727641,0.921733204549938),(1.,0.98389574363924,
0.98389574363924,1.)))
REPRESENTATION_ITEM('')
SURFACE()
);
#554=(
BOUNDED_SURFACE()
B_SPLINE_SURFACE(3,3,((#5088,#5089,#5090,#5091),(#5092,#5093,#5094,#5095),
(#5096,#5097,#5098,#5099),(#5100,#5101,#5102,#5103)),.UNSPECIFIED.,.F.,
 .F.,.F.)
B_SPLINE_SURFACE_WITH_KNOTS((4,4),(4,4),(0.,1.),(0.,1.),.UNSPECIFIED.)
GEOMETRIC_REPRESENTATION_ITEM()
RATIONAL_B_SPLINE_SURFACE(((1.,0.998716769099497,0.998716769099497,1.),
(0.996494513709844,0.99521578115767,0.99521578115767,0.996494513709844),
(0.996494513709844,0.99521578115767,0.99521578115767,0.996494513709844),
(1.,0.998716769099497,0.998716769099497,1.)))
REPRESENTATION_ITEM('')
SURFACE()
);
#555=(
BOUNDED_SURFACE()
B_SPLINE_SURFACE(3,3,((#5112,#5113,#5114,#5115),(#5116,#5117,#5118,#5119),
(#5120,#5121,#5122,#5123),(#5124,#5125,#5126,#5127)),.UNSPECIFIED.,.F.,
 .F.,.F.)
B_SPLINE_SURFACE_WITH_KNOTS((4,4),(4,4),(0.,1.),(0.,1.),.UNSPECIFIED.)
GEOMETRIC_REPRESENTATION_ITEM()
RATIONAL_B_SPLINE_SURFACE(((1.,0.999813105121371,0.999813105121371,1.),
(0.995849452213467,0.995663333050963,0.995663333050963,0.995849452213467),
(0.995849452213467,0.995663333050963,0.995663333050963,0.995849452213467),
(1.,0.999813105121371,0.999813105121371,1.)))
REPRESENTATION_ITEM('')
SURFACE()
);
#556=(
BOUNDED_SURFACE()
B_SPLINE_SURFACE(3,3,((#5226,#5227,#5228,#5229),(#5230,#5231,#5232,#5233),
(#5234,#5235,#5236,#5237),(#5238,#5239,#5240,#5241)),.UNSPECIFIED.,.F.,
 .F.,.F.)
B_SPLINE_SURFACE_WITH_KNOTS((4,4),(4,4),(0.,1.),(0.,1.),.UNSPECIFIED.)
GEOMETRIC_REPRESENTATION_ITEM()
RATIONAL_B_SPLINE_SURFACE(((1.,0.999759896602022,0.999759896602022,1.),
(0.995849452213467,0.995610345376117,0.995610345376117,0.995849452213467),
(0.995849452213467,0.995610345376117,0.995610345376117,0.995849452213467),
(1.,0.999759896602022,0.999759896602022,1.)))
REPRESENTATION_ITEM('')
SURFACE()
);
#557=(
BOUNDED_SURFACE()
B_SPLINE_SURFACE(3,3,((#5247,#5248,#5249,#5250),(#5251,#5252,#5253,#5254),
(#5255,#5256,#5257,#5258),(#5259,#5260,#5261,#5262)),.UNSPECIFIED.,.F.,
 .F.,.F.)
B_SPLINE_SURFACE_WITH_KNOTS((4,4),(4,4),(0.,1.),(0.,1.),.UNSPECIFIED.)
GEOMETRIC_REPRESENTATION_ITEM()
RATIONAL_B_SPLINE_SURFACE(((1.,0.999679333768067,0.999679333768067,1.),
(0.995270113219182,0.99495096370222,0.99495096370222,0.995270113219182),
(0.995270113219182,0.99495096370222,0.99495096370222,0.995270113219182),
(1.,0.999679333768067,0.999679333768067,1.)))
REPRESENTATION_ITEM('')
SURFACE()
);
#558=(
BOUNDED_SURFACE()
B_SPLINE_SURFACE(3,3,((#5271,#5272,#5273,#5274),(#5275,#5276,#5277,#5278),
(#5279,#5280,#5281,#5282),(#5283,#5284,#5285,#5286)),.UNSPECIFIED.,.F.,
 .F.,.F.)
B_SPLINE_SURFACE_WITH_KNOTS((4,4),(4,4),(0.,1.),(0.,1.),.UNSPECIFIED.)
GEOMETRIC_REPRESENTATION_ITEM()
RATIONAL_B_SPLINE_SURFACE(((1.,0.999537414287448,0.999537414287448,1.),
(0.998770802352443,0.998308785249161,0.998308785249161,0.998770802352443),
(0.998770802352443,0.998308785249161,0.998308785249161,0.998770802352443),
(1.,0.999537414287448,0.999537414287448,1.)))
REPRESENTATION_ITEM('')
SURFACE()
);
#559=(
BOUNDED_SURFACE()
B_SPLINE_SURFACE(3,3,((#5494,#5495,#5496,#5497),(#5498,#5499,#5500,#5501),
(#5502,#5503,#5504,#5505),(#5506,#5507,#5508,#5509)),.UNSPECIFIED.,.F.,
 .F.,.F.)
B_SPLINE_SURFACE_WITH_KNOTS((4,4),(4,4),(0.,1.),(0.,1.),.UNSPECIFIED.)
GEOMETRIC_REPRESENTATION_ITEM()
RATIONAL_B_SPLINE_SURFACE(((1.,0.998716769099497,0.998716769099497,1.),
(0.996494513709844,0.99521578115767,0.99521578115767,0.996494513709844),
(0.996494513709844,0.99521578115767,0.99521578115767,0.996494513709844),
(1.,0.998716769099497,0.998716769099497,1.)))
REPRESENTATION_ITEM('')
SURFACE()
);
#560=(
BOUNDED_SURFACE()
B_SPLINE_SURFACE(3,3,((#5511,#5512,#5513,#5514),(#5515,#5516,#5517,#5518),
(#5519,#5520,#5521,#5522),(#5523,#5524,#5525,#5526)),.UNSPECIFIED.,.F.,
 .F.,.F.)
B_SPLINE_SURFACE_WITH_KNOTS((4,4),(4,4),(0.,1.),(0.,1.),.UNSPECIFIED.)
GEOMETRIC_REPRESENTATION_ITEM()
RATIONAL_B_SPLINE_SURFACE(((1.,0.333333333333334,0.333333333333334,1.),
(0.995084372766623,0.331694790922209,0.331694790922209,0.995084372766623),
(0.995084372766623,0.331694790922209,0.331694790922209,0.995084372766623),
(1.,0.333333333333334,0.333333333333334,1.)))
REPRESENTATION_ITEM('')
SURFACE()
);
#561=(
BOUNDED_SURFACE()
B_SPLINE_SURFACE(3,3,((#5548,#5549,#5550,#5551),(#5552,#5553,#5554,#5555),
(#5556,#5557,#5558,#5559),(#5560,#5561,#5562,#5563)),.UNSPECIFIED.,.F.,
 .F.,.F.)
B_SPLINE_SURFACE_WITH_KNOTS((4,4),(4,4),(0.,1.),(0.,1.),.UNSPECIFIED.)
GEOMETRIC_REPRESENTATION_ITEM()
RATIONAL_B_SPLINE_SURFACE(((1.,0.982132678891663,0.982132678891663,1.),
(0.921089763614133,0.904632357038038,0.904632357038038,0.921089763614133),
(0.921089763614133,0.904632357038038,0.904632357038038,0.921089763614133),
(1.,0.982132678891663,0.982132678891663,1.)))
REPRESENTATION_ITEM('')
SURFACE()
);
#562=(
BOUNDED_SURFACE()
B_SPLINE_SURFACE(3,3,((#5570,#5571,#5572,#5573),(#5574,#5575,#5576,#5577),
(#5578,#5579,#5580,#5581),(#5582,#5583,#5584,#5585)),.UNSPECIFIED.,.F.,
 .F.,.F.)
B_SPLINE_SURFACE_WITH_KNOTS((4,4),(4,4),(0.,1.),(0.,1.),.UNSPECIFIED.)
GEOMETRIC_REPRESENTATION_ITEM()
RATIONAL_B_SPLINE_SURFACE(((1.,0.999813105121371,0.999813105121371,1.),
(0.995849452213467,0.995663333050963,0.995663333050963,0.995849452213467),
(0.995849452213467,0.995663333050963,0.995663333050963,0.995849452213467),
(1.,0.999813105121371,0.999813105121371,1.)))
REPRESENTATION_ITEM('')
SURFACE()
);
#563=(
BOUNDED_SURFACE()
B_SPLINE_SURFACE(3,3,((#5663,#5664,#5665,#5666),(#5667,#5668,#5669,#5670),
(#5671,#5672,#5673,#5674),(#5675,#5676,#5677,#5678)),.UNSPECIFIED.,.F.,
 .F.,.F.)
B_SPLINE_SURFACE_WITH_KNOTS((4,4),(4,4),(0.,1.),(0.,1.),.UNSPECIFIED.)
GEOMETRIC_REPRESENTATION_ITEM()
RATIONAL_B_SPLINE_SURFACE(((1.,0.999759896602022,0.999759896602022,1.),
(0.995849452213467,0.995610345376117,0.995610345376117,0.995849452213467),
(0.995849452213467,0.995610345376117,0.995610345376117,0.995849452213467),
(1.,0.999759896602022,0.999759896602022,1.)))
REPRESENTATION_ITEM('')
SURFACE()
);
#564=(
BOUNDED_SURFACE()
B_SPLINE_SURFACE(3,3,((#5679,#5680,#5681,#5682),(#5683,#5684,#5685,#5686),
(#5687,#5688,#5689,#5690),(#5691,#5692,#5693,#5694)),.UNSPECIFIED.,.F.,
 .F.,.F.)
B_SPLINE_SURFACE_WITH_KNOTS((4,4),(4,4),(0.,1.),(0.,1.),.UNSPECIFIED.)
GEOMETRIC_REPRESENTATION_ITEM()
RATIONAL_B_SPLINE_SURFACE(((1.,0.999679333768067,0.999679333768067,1.),
(0.995270113219182,0.994950963702221,0.994950963702221,0.995270113219182),
(0.995270113219182,0.994950963702221,0.994950963702221,0.995270113219182),
(1.,0.999679333768067,0.999679333768067,1.)))
REPRESENTATION_ITEM('')
SURFACE()
);
#565=(
BOUNDED_SURFACE()
B_SPLINE_SURFACE(3,3,((#5697,#5698,#5699,#5700),(#5701,#5702,#5703,#5704),
(#5705,#5706,#5707,#5708),(#5709,#5710,#5711,#5712)),.UNSPECIFIED.,.F.,
 .F.,.F.)
B_SPLINE_SURFACE_WITH_KNOTS((4,4),(4,4),(0.,1.),(0.,1.),.UNSPECIFIED.)
GEOMETRIC_REPRESENTATION_ITEM()
RATIONAL_B_SPLINE_SURFACE(((1.,0.999537414287448,0.999537414287448,1.),
(0.998770802352443,0.998308785249161,0.998308785249161,0.998770802352443),
(0.998770802352443,0.998308785249161,0.998308785249161,0.998770802352443),
(1.,0.999537414287448,0.999537414287448,1.)))
REPRESENTATION_ITEM('')
SURFACE()
);
#566=(
BOUNDED_SURFACE()
B_SPLINE_SURFACE(3,3,((#6929,#6930,#6931,#6932),(#6933,#6934,#6935,#6936),
(#6937,#6938,#6939,#6940),(#6941,#6942,#6943,#6944)),.UNSPECIFIED.,.F.,
 .F.,.F.)
B_SPLINE_SURFACE_WITH_KNOTS((4,4),(4,4),(0.,1.),(0.,1.),.UNSPECIFIED.)
GEOMETRIC_REPRESENTATION_ITEM()
RATIONAL_B_SPLINE_SURFACE(((1.,0.423163995792343,0.423163995792343,1.),
(0.996369141039184,0.421627547006326,0.421627547006326,0.996369141039184),
(0.996369141039184,0.421627547006326,0.421627547006326,0.996369141039184),
(1.,0.423163995792343,0.423163995792343,1.)))
REPRESENTATION_ITEM('')
SURFACE()
);
#567=(
BOUNDED_SURFACE()
B_SPLINE_SURFACE(3,3,((#6967,#6968,#6969,#6970),(#6971,#6972,#6973,#6974),
(#6975,#6976,#6977,#6978),(#6979,#6980,#6981,#6982)),.UNSPECIFIED.,.F.,
 .F.,.F.)
B_SPLINE_SURFACE_WITH_KNOTS((4,4),(4,4),(0.,1.),(0.,1.),.UNSPECIFIED.)
GEOMETRIC_REPRESENTATION_ITEM()
RATIONAL_B_SPLINE_SURFACE(((1.,0.364286001589877,0.364286001589877,1.),
(0.998770802352443,0.363838222093684,0.363838222093684,0.998770802352443),
(0.998770802352443,0.363838222093684,0.363838222093684,0.998770802352443),
(1.,0.364286001589877,0.364286001589877,1.)))
REPRESENTATION_ITEM('')
SURFACE()
);
#568=(
BOUNDED_SURFACE()
B_SPLINE_SURFACE(3,3,((#6984,#6985,#6986,#6987),(#6988,#6989,#6990,#6991),
(#6992,#6993,#6994,#6995),(#6996,#6997,#6998,#6999)),.UNSPECIFIED.,.F.,
 .F.,.F.)
B_SPLINE_SURFACE_WITH_KNOTS((4,4),(4,4),(0.,1.),(0.,1.),.UNSPECIFIED.)
GEOMETRIC_REPRESENTATION_ITEM()
RATIONAL_B_SPLINE_SURFACE(((1.,0.35676144019586,0.35676144019586,1.),(0.995270113219182,
0.355073998975972,0.355073998975972,0.995270113219182),(0.995270113219182,
0.355073998975972,0.355073998975972,0.995270113219182),(1.,0.35676144019586,
0.35676144019586,1.)))
REPRESENTATION_ITEM('')
SURFACE()
);
#569=(
BOUNDED_SURFACE()
B_SPLINE_SURFACE(3,3,((#7001,#7002,#7003,#7004),(#7005,#7006,#7007,#7008),
(#7009,#7010,#7011,#7012),(#7013,#7014,#7015,#7016)),.UNSPECIFIED.,.F.,
 .F.,.F.)
B_SPLINE_SURFACE_WITH_KNOTS((4,4),(4,4),(0.,1.),(0.,1.),.UNSPECIFIED.)
GEOMETRIC_REPRESENTATION_ITEM()
RATIONAL_B_SPLINE_SURFACE(((1.,0.351617326876327,0.351617326876327,1.),
(0.995849452213467,0.350157922358554,0.350157922358554,0.995849452213467),
(0.995849452213467,0.350157922358554,0.350157922358554,0.995849452213467),
(1.,0.351617326876327,0.351617326876327,1.)))
REPRESENTATION_ITEM('')
SURFACE()
);
#570=(
BOUNDED_SURFACE()
B_SPLINE_SURFACE(3,3,((#7033,#7034,#7035,#7036),(#7037,#7038,#7039,#7040),
(#7041,#7042,#7043,#7044),(#7045,#7046,#7047,#7048)),.UNSPECIFIED.,.F.,
 .F.,.F.)
B_SPLINE_SURFACE_WITH_KNOTS((4,4),(4,4),(0.,1.),(0.,1.),.UNSPECIFIED.)
GEOMETRIC_REPRESENTATION_ITEM()
RATIONAL_B_SPLINE_SURFACE(((1.,0.374900628220795,0.374900628220795,1.),
(0.996494513709844,0.373586419208396,0.373586419208396,0.996494513709844),
(0.996494513709844,0.373586419208396,0.373586419208396,0.996494513709844),
(1.,0.374900628220795,0.374900628220795,1.)))
REPRESENTATION_ITEM('')
SURFACE()
);
#571=(
BOUNDED_SURFACE()
B_SPLINE_SURFACE(3,3,((#7423,#7424,#7425,#7426),(#7427,#7428,#7429,#7430),
(#7431,#7432,#7433,#7434),(#7435,#7436,#7437,#7438)),.UNSPECIFIED.,.F.,
 .F.,.F.)
B_SPLINE_SURFACE_WITH_KNOTS((4,4),(4,4),(0.,1.),(0.,1.),.UNSPECIFIED.)
GEOMETRIC_REPRESENTATION_ITEM()
RATIONAL_B_SPLINE_SURFACE(((1.,0.348452069198204,0.348452069198204,1.),
(0.995849452213467,0.34700580223368,0.34700580223368,0.995849452213467),
(0.995849452213467,0.34700580223368,0.34700580223368,0.995849452213467),
(1.,0.348452069198204,0.348452069198204,1.)))
REPRESENTATION_ITEM('')
SURFACE()
);
#572=(
BOUNDED_SURFACE()
B_SPLINE_SURFACE(3,3,((#7493,#7494,#7495,#7496),(#7497,#7498,#7499,#7500),
(#7501,#7502,#7503,#7504),(#7505,#7506,#7507,#7508)),.UNSPECIFIED.,.F.,
 .F.,.F.)
B_SPLINE_SURFACE_WITH_KNOTS((4,4),(4,4),(0.,1.),(0.,1.),.UNSPECIFIED.)
GEOMETRIC_REPRESENTATION_ITEM()
RATIONAL_B_SPLINE_SURFACE(((1.,0.352525060460238,0.352525060460238,1.),
(0.929236657665791,0.327579208925502,0.327579208925502,0.929236657665791),
(0.929236657665791,0.327579208925502,0.327579208925502,0.929236657665791),
(1.,0.352525060460238,0.352525060460238,1.)))
REPRESENTATION_ITEM('')
SURFACE()
);
#573=FACE_OUTER_BOUND('',#1224,.T.);
#574=FACE_OUTER_BOUND('',#1225,.T.);
#575=FACE_OUTER_BOUND('',#1226,.T.);
#576=FACE_OUTER_BOUND('',#1227,.T.);
#577=FACE_OUTER_BOUND('',#1228,.T.);
#578=FACE_OUTER_BOUND('',#1229,.T.);
#579=FACE_OUTER_BOUND('',#1230,.T.);
#580=FACE_OUTER_BOUND('',#1231,.T.);
#581=FACE_OUTER_BOUND('',#1232,.T.);
#582=FACE_OUTER_BOUND('',#1233,.T.);
#583=FACE_OUTER_BOUND('',#1234,.T.);
#584=FACE_OUTER_BOUND('',#1235,.T.);
#585=FACE_OUTER_BOUND('',#1236,.T.);
#586=FACE_OUTER_BOUND('',#1237,.T.);
#587=FACE_OUTER_BOUND('',#1238,.T.);
#588=FACE_OUTER_BOUND('',#1239,.T.);
#589=FACE_OUTER_BOUND('',#1262,.T.);
#590=FACE_OUTER_BOUND('',#1263,.T.);
#591=FACE_OUTER_BOUND('',#1264,.T.);
#592=FACE_OUTER_BOUND('',#1265,.T.);
#593=FACE_OUTER_BOUND('',#1266,.T.);
#594=FACE_OUTER_BOUND('',#1267,.T.);
#595=FACE_OUTER_BOUND('',#1268,.T.);
#596=FACE_OUTER_BOUND('',#1269,.T.);
#597=FACE_OUTER_BOUND('',#1270,.T.);
#598=FACE_OUTER_BOUND('',#1271,.T.);
#599=FACE_OUTER_BOUND('',#1272,.T.);
#600=FACE_OUTER_BOUND('',#1273,.T.);
#601=FACE_OUTER_BOUND('',#1274,.T.);
#602=FACE_OUTER_BOUND('',#1275,.T.);
#603=FACE_OUTER_BOUND('',#1276,.T.);
#604=FACE_OUTER_BOUND('',#1277,.T.);
#605=FACE_OUTER_BOUND('',#1278,.T.);
#606=FACE_OUTER_BOUND('',#1279,.T.);
#607=FACE_OUTER_BOUND('',#1280,.T.);
#608=FACE_OUTER_BOUND('',#1281,.T.);
#609=FACE_OUTER_BOUND('',#1282,.T.);
#610=FACE_OUTER_BOUND('',#1283,.T.);
#611=FACE_OUTER_BOUND('',#1284,.T.);
#612=FACE_OUTER_BOUND('',#1285,.T.);
#613=FACE_OUTER_BOUND('',#1286,.T.);
#614=FACE_OUTER_BOUND('',#1287,.T.);
#615=FACE_OUTER_BOUND('',#1288,.T.);
#616=FACE_OUTER_BOUND('',#1289,.T.);
#617=FACE_OUTER_BOUND('',#1290,.T.);
#618=FACE_OUTER_BOUND('',#1291,.T.);
#619=FACE_OUTER_BOUND('',#1292,.T.);
#620=FACE_OUTER_BOUND('',#1293,.T.);
#621=FACE_OUTER_BOUND('',#1294,.T.);
#622=FACE_OUTER_BOUND('',#1295,.T.);
#623=FACE_OUTER_BOUND('',#1296,.T.);
#624=FACE_OUTER_BOUND('',#1297,.T.);
#625=FACE_OUTER_BOUND('',#1298,.T.);
#626=FACE_OUTER_BOUND('',#1299,.T.);
#627=FACE_OUTER_BOUND('',#1300,.T.);
#628=FACE_OUTER_BOUND('',#1301,.T.);
#629=FACE_OUTER_BOUND('',#1302,.T.);
#630=FACE_OUTER_BOUND('',#1303,.T.);
#631=FACE_OUTER_BOUND('',#1304,.T.);
#632=FACE_OUTER_BOUND('',#1305,.T.);
#633=FACE_OUTER_BOUND('',#1306,.T.);
#634=FACE_OUTER_BOUND('',#1307,.T.);
#635=FACE_OUTER_BOUND('',#1308,.T.);
#636=FACE_OUTER_BOUND('',#1311,.T.);
#637=FACE_OUTER_BOUND('',#1314,.T.);
#638=FACE_OUTER_BOUND('',#1317,.T.);
#639=FACE_OUTER_BOUND('',#1320,.T.);
#640=FACE_OUTER_BOUND('',#1323,.T.);
#641=FACE_OUTER_BOUND('',#1326,.T.);
#642=FACE_OUTER_BOUND('',#1329,.T.);
#643=FACE_OUTER_BOUND('',#1332,.T.);
#644=FACE_OUTER_BOUND('',#1335,.T.);
#645=FACE_OUTER_BOUND('',#1338,.T.);
#646=FACE_OUTER_BOUND('',#1341,.T.);
#647=FACE_OUTER_BOUND('',#1344,.T.);
#648=FACE_OUTER_BOUND('',#1347,.T.);
#649=FACE_OUTER_BOUND('',#1350,.T.);
#650=FACE_OUTER_BOUND('',#1353,.T.);
#651=FACE_OUTER_BOUND('',#1356,.T.);
#652=FACE_OUTER_BOUND('',#1359,.T.);
#653=FACE_OUTER_BOUND('',#1362,.T.);
#654=FACE_OUTER_BOUND('',#1365,.T.);
#655=FACE_OUTER_BOUND('',#1368,.T.);
#656=FACE_OUTER_BOUND('',#1371,.T.);
#657=FACE_OUTER_BOUND('',#1372,.T.);
#658=FACE_OUTER_BOUND('',#1373,.T.);
#659=FACE_OUTER_BOUND('',#1374,.T.);
#660=FACE_OUTER_BOUND('',#1375,.T.);
#661=FACE_OUTER_BOUND('',#1380,.T.);
#662=FACE_OUTER_BOUND('',#1381,.T.);
#663=FACE_OUTER_BOUND('',#1382,.T.);
#664=FACE_OUTER_BOUND('',#1383,.T.);
#665=FACE_OUTER_BOUND('',#1384,.T.);
#666=FACE_OUTER_BOUND('',#1385,.T.);
#667=FACE_OUTER_BOUND('',#1386,.T.);
#668=FACE_OUTER_BOUND('',#1393,.T.);
#669=FACE_OUTER_BOUND('',#1394,.T.);
#670=FACE_OUTER_BOUND('',#1395,.T.);
#671=FACE_OUTER_BOUND('',#1396,.T.);
#672=FACE_OUTER_BOUND('',#1397,.T.);
#673=FACE_OUTER_BOUND('',#1398,.T.);
#674=FACE_OUTER_BOUND('',#1399,.T.);
#675=FACE_OUTER_BOUND('',#1400,.T.);
#676=FACE_OUTER_BOUND('',#1401,.T.);
#677=FACE_OUTER_BOUND('',#1402,.T.);
#678=FACE_OUTER_BOUND('',#1403,.T.);
#679=FACE_OUTER_BOUND('',#1404,.T.);
#680=FACE_OUTER_BOUND('',#1405,.T.);
#681=FACE_OUTER_BOUND('',#1406,.T.);
#682=FACE_OUTER_BOUND('',#1407,.T.);
#683=FACE_OUTER_BOUND('',#1408,.T.);
#684=FACE_OUTER_BOUND('',#1409,.T.);
#685=FACE_OUTER_BOUND('',#1410,.T.);
#686=FACE_OUTER_BOUND('',#1411,.T.);
#687=FACE_OUTER_BOUND('',#1412,.T.);
#688=FACE_OUTER_BOUND('',#1413,.T.);
#689=FACE_OUTER_BOUND('',#1414,.T.);
#690=FACE_OUTER_BOUND('',#1415,.T.);
#691=FACE_OUTER_BOUND('',#1416,.T.);
#692=FACE_OUTER_BOUND('',#1419,.T.);
#693=FACE_OUTER_BOUND('',#1420,.T.);
#694=FACE_OUTER_BOUND('',#1421,.T.);
#695=FACE_OUTER_BOUND('',#1422,.T.);
#696=FACE_OUTER_BOUND('',#1423,.T.);
#697=FACE_OUTER_BOUND('',#1424,.T.);
#698=FACE_OUTER_BOUND('',#1425,.T.);
#699=FACE_OUTER_BOUND('',#1426,.T.);
#700=FACE_OUTER_BOUND('',#1427,.T.);
#701=FACE_OUTER_BOUND('',#1428,.T.);
#702=FACE_OUTER_BOUND('',#1429,.T.);
#703=FACE_OUTER_BOUND('',#1430,.T.);
#704=FACE_OUTER_BOUND('',#1431,.T.);
#705=FACE_OUTER_BOUND('',#1432,.T.);
#706=FACE_OUTER_BOUND('',#1433,.T.);
#707=FACE_OUTER_BOUND('',#1434,.T.);
#708=FACE_OUTER_BOUND('',#1435,.T.);
#709=FACE_OUTER_BOUND('',#1436,.T.);
#710=FACE_OUTER_BOUND('',#1437,.T.);
#711=FACE_OUTER_BOUND('',#1438,.T.);
#712=FACE_OUTER_BOUND('',#1439,.T.);
#713=FACE_OUTER_BOUND('',#1440,.T.);
#714=FACE_OUTER_BOUND('',#1441,.T.);
#715=FACE_OUTER_BOUND('',#1442,.T.);
#716=FACE_OUTER_BOUND('',#1443,.T.);
#717=FACE_OUTER_BOUND('',#1444,.T.);
#718=FACE_OUTER_BOUND('',#1445,.T.);
#719=FACE_OUTER_BOUND('',#1446,.T.);
#720=FACE_OUTER_BOUND('',#1447,.T.);
#721=FACE_OUTER_BOUND('',#1448,.T.);
#722=FACE_OUTER_BOUND('',#1449,.T.);
#723=FACE_OUTER_BOUND('',#1450,.T.);
#724=FACE_OUTER_BOUND('',#1451,.T.);
#725=FACE_OUTER_BOUND('',#1452,.T.);
#726=FACE_OUTER_BOUND('',#1453,.T.);
#727=FACE_OUTER_BOUND('',#1454,.T.);
#728=FACE_OUTER_BOUND('',#1455,.T.);
#729=FACE_OUTER_BOUND('',#1456,.T.);
#730=FACE_OUTER_BOUND('',#1457,.T.);
#731=FACE_OUTER_BOUND('',#1458,.T.);
#732=FACE_OUTER_BOUND('',#1459,.T.);
#733=FACE_OUTER_BOUND('',#1460,.T.);
#734=FACE_OUTER_BOUND('',#1461,.T.);
#735=FACE_OUTER_BOUND('',#1462,.T.);
#736=FACE_OUTER_BOUND('',#1463,.T.);
#737=FACE_OUTER_BOUND('',#1464,.T.);
#738=FACE_OUTER_BOUND('',#1465,.T.);
#739=FACE_OUTER_BOUND('',#1466,.T.);
#740=FACE_OUTER_BOUND('',#1467,.T.);
#741=CIRCLE('',#3703,25.8603087862362);
#742=CIRCLE('',#3704,17.);
#743=CIRCLE('',#3705,2.);
#744=CIRCLE('',#3707,9.97612712302339);
#745=CIRCLE('',#3708,6.50096024900561);
#746=CIRCLE('',#3709,23.0633670147392);
#747=CIRCLE('',#3710,19.5);
#748=CIRCLE('',#3711,77.1131839499913);
#749=CIRCLE('',#3712,19.9149573381208);
#750=CIRCLE('',#3714,18.0014762482299);
#751=CIRCLE('',#3715,2.5);
#752=CIRCLE('',#3717,18.0014762482299);
#753=CIRCLE('',#3718,17.6537936034609);
#754=CIRCLE('',#3720,17.5149968845363);
#755=CIRCLE('',#3721,17.5);
#756=CIRCLE('',#3723,15.);
#757=CIRCLE('',#3724,77.11318394999);
#758=CIRCLE('',#3725,12.9816110421549);
#759=CIRCLE('',#3726,15.);
#760=CIRCLE('',#3727,23.0633670147392);
#761=CIRCLE('',#3728,12.4076702234397);
#762=CIRCLE('',#3729,10.8111839932299);
#763=CIRCLE('',#3730,17.6147014604425);
#764=CIRCLE('',#3732,17.6147014604425);
#765=CIRCLE('',#3734,17.5149968845363);
#766=CIRCLE('',#3736,5.04984193569705);
#767=CIRCLE('',#3737,12.9816110421549);
#768=CIRCLE('',#3738,25.8603087862362);
#769=CIRCLE('',#3739,77.1131839499913);
#770=CIRCLE('',#3740,2.5);
#771=CIRCLE('',#3741,23.0633670147392);
#772=CIRCLE('',#3742,23.0633670147392);
#773=CIRCLE('',#3743,23.0633670147392);
#774=CIRCLE('',#3744,77.11318394999);
#775=CIRCLE('',#3745,0.25);
#776=CIRCLE('',#3746,0.25);
#777=CIRCLE('',#3747,0.25);
#778=CIRCLE('',#3748,0.25);
#779=CIRCLE('',#3749,0.25);
#780=CIRCLE('',#3750,0.25);
#781=CIRCLE('',#3751,0.25);
#782=CIRCLE('',#3752,0.25);
#783=CIRCLE('',#3753,0.25);
#784=CIRCLE('',#3754,0.25);
#785=CIRCLE('',#3755,0.25);
#786=CIRCLE('',#3756,0.25);
#787=CIRCLE('',#3757,0.25);
#788=CIRCLE('',#3758,0.25);
#789=CIRCLE('',#3759,0.25);
#790=CIRCLE('',#3760,0.25);
#791=CIRCLE('',#3761,0.25);
#792=CIRCLE('',#3762,0.25);
#793=CIRCLE('',#3763,0.25);
#794=CIRCLE('',#3764,0.25);
#795=CIRCLE('',#3765,0.25);
#796=CIRCLE('',#3767,6.50096024900561);
#797=CIRCLE('',#3768,9.97612712302339);
#798=CIRCLE('',#3769,5.04984193569705);
#799=CIRCLE('',#3770,17.);
#800=CIRCLE('',#3771,19.5);
#801=CIRCLE('',#3772,19.9149573381208);
#802=CIRCLE('',#3775,17.6537936034609);
#803=CIRCLE('',#3777,17.5);
#804=CIRCLE('',#3779,10.8111839932299);
#805=CIRCLE('',#3780,12.4076702234397);
#806=CIRCLE('',#3782,17.6147014604425);
#807=CIRCLE('',#3783,17.6147014604425);
#808=CIRCLE('',#3786,6.60000000000002);
#809=CIRCLE('',#3788,6.60000000000002);
#810=CIRCLE('',#3790,7.80000000000001);
#811=CIRCLE('',#3792,7.80000000000001);
#812=CIRCLE('',#3798,7.8);
#813=CIRCLE('',#3801,1.);
#814=CIRCLE('',#3803,7.8);
#815=CIRCLE('',#3806,1.);
#816=CIRCLE('',#3828,1.);
#817=CIRCLE('',#3842,0.25);
#818=CIRCLE('',#3845,0.25);
#819=CIRCLE('',#3848,0.25);
#820=CIRCLE('',#3851,0.25);
#821=CIRCLE('',#3854,0.25);
#822=CIRCLE('',#3857,0.25);
#823=CIRCLE('',#3860,0.25);
#824=CIRCLE('',#3863,0.25);
#825=CIRCLE('',#3866,0.25);
#826=CIRCLE('',#3869,0.25);
#827=CIRCLE('',#3872,0.25);
#828=CIRCLE('',#3875,0.25);
#829=CIRCLE('',#3878,0.25);
#830=CIRCLE('',#3881,0.25);
#831=CIRCLE('',#3884,0.25);
#832=CIRCLE('',#3887,0.25);
#833=CIRCLE('',#3890,0.25);
#834=CIRCLE('',#3893,0.25);
#835=CIRCLE('',#3896,0.25);
#836=CIRCLE('',#3899,0.25);
#837=CIRCLE('',#3902,0.25);
#838=CIRCLE('',#3909,0.3);
#839=CIRCLE('',#3910,0.3);
#840=CIRCLE('',#3911,0.3);
#841=CIRCLE('',#3913,2.);
#842=CIRCLE('',#3924,18.3882881060607);
#843=CIRCLE('',#3925,0.25);
#844=CIRCLE('',#3926,18.3882881060607);
#845=CIRCLE('',#3927,18.3882881060607);
#846=CIRCLE('',#3928,0.25);
#847=CIRCLE('',#3929,18.3882881060607);
#848=CIRCLE('',#3930,0.25);
#849=CIRCLE('',#3931,18.3882881060607);
#850=CIRCLE('',#3932,0.25);
#851=CIRCLE('',#3939,18.0014762482299);
#852=CIRCLE('',#3941,6.60000000000002);
#853=CIRCLE('',#3942,17.6537936034609);
#854=CIRCLE('',#3961,0.25);
#855=CIRCLE('',#3964,0.25);
#856=CIRCLE('',#3967,0.25);
#857=CIRCLE('',#3976,7.80000000000001);
#858=CIRCLE('',#3977,17.6147014604425);
#859=CIRCLE('',#3983,5.04984193569705);
#860=CIRCLE('',#3984,6.50096024900561);
#861=CIRCLE('',#3985,9.97612712302339);
#862=CIRCLE('',#3986,10.8111839932299);
#863=CIRCLE('',#3987,12.4076702234397);
#864=CIRCLE('',#3988,12.9816110421549);
#865=CIRCLE('',#3989,15.);
#866=CIRCLE('',#3990,17.5);
#867=CIRCLE('',#3994,1.);
#868=CIRCLE('',#4001,17.6147014604425);
#869=CIRCLE('',#4002,17.5149968845363);
#870=CIRCLE('',#4011,18.3882881060607);
#871=CIRCLE('',#4012,0.25);
#872=CIRCLE('',#4013,18.3882881060607);
#873=CIRCLE('',#4014,0.25);
#874=CIRCLE('',#4015,18.3882881060607);
#875=CIRCLE('',#4016,0.25);
#876=CIRCLE('',#4017,18.3882881060607);
#877=CIRCLE('',#4018,0.25);
#878=CIRCLE('',#4019,18.3882881060607);
#879=CIRCLE('',#4025,2.);
#880=CIRCLE('',#4028,19.9149573381208);
#881=CIRCLE('',#4029,19.5);
#882=CIRCLE('',#4035,17.);
#883=CIRCLE('',#4038,2.);
#884=ADVANCED_FACE('',(#1144,#1145),#1080,.F.);
#885=ADVANCED_FACE('',(#573),#553,.T.);
#886=ADVANCED_FACE('',(#574),#1081,.T.);
#887=ADVANCED_FACE('',(#575),#554,.T.);
#888=ADVANCED_FACE('',(#576),#555,.T.);
#889=ADVANCED_FACE('',(#577),#533,.F.);
#890=ADVANCED_FACE('',(#578),#529,.F.);
#891=ADVANCED_FACE('',(#579),#534,.T.);
#892=ADVANCED_FACE('',(#580),#535,.T.);
#893=ADVANCED_FACE('',(#581),#556,.T.);
#894=ADVANCED_FACE('',(#582),#557,.T.);
#895=ADVANCED_FACE('',(#583),#558,.T.);
#896=ADVANCED_FACE('',(#584),#417,.T.);
#897=ADVANCED_FACE('',(#585),#1082,.T.);
#898=ADVANCED_FACE('',(#586),#399,.F.);
#899=ADVANCED_FACE('',(#587),#400,.F.);
#900=ADVANCED_FACE('',(#588),#401,.F.);
#901=ADVANCED_FACE('',(#1146,#1147,#1148,#1149,#1150,#1151,#1152,#1153,
#1154,#1155,#1156,#1157,#1158,#1159,#1160,#1161,#1162,#1163,#1164,#1165,
#1166,#1167),#1083,.F.);
#902=ADVANCED_FACE('',(#589),#559,.T.);
#903=ADVANCED_FACE('',(#590),#560,.T.);
#904=ADVANCED_FACE('',(#591),#561,.T.);
#905=ADVANCED_FACE('',(#592),#562,.T.);
#906=ADVANCED_FACE('',(#593),#536,.F.);
#907=ADVANCED_FACE('',(#594),#530,.F.);
#908=ADVANCED_FACE('',(#595),#537,.T.);
#909=ADVANCED_FACE('',(#596),#538,.T.);
#910=ADVANCED_FACE('',(#597),#563,.T.);
#911=ADVANCED_FACE('',(#598),#564,.T.);
#912=ADVANCED_FACE('',(#599),#565,.T.);
#913=ADVANCED_FACE('',(#600),#418,.T.);
#914=ADVANCED_FACE('',(#601),#1084,.T.);
#915=ADVANCED_FACE('',(#602),#402,.F.);
#916=ADVANCED_FACE('',(#603),#403,.F.);
#917=ADVANCED_FACE('',(#604),#404,.F.);
#918=ADVANCED_FACE('',(#605),#539,.T.);
#919=ADVANCED_FACE('',(#606),#540,.T.);
#920=ADVANCED_FACE('',(#607),#541,.F.);
#921=ADVANCED_FACE('',(#608),#542,.F.);
#922=ADVANCED_FACE('',(#609),#1085,.T.);
#923=ADVANCED_FACE('',(#610),#1086,.T.);
#924=ADVANCED_FACE('',(#611),#419,.F.);
#925=ADVANCED_FACE('',(#612),#420,.T.);
#926=ADVANCED_FACE('',(#613),#1087,.F.);
#927=ADVANCED_FACE('',(#614),#421,.F.);
#928=ADVANCED_FACE('',(#615),#422,.T.);
#929=ADVANCED_FACE('',(#616),#1088,.F.);
#930=ADVANCED_FACE('',(#617),#423,.F.);
#931=ADVANCED_FACE('',(#618),#424,.F.);
#932=ADVANCED_FACE('',(#619),#425,.F.);
#933=ADVANCED_FACE('',(#620),#426,.F.);
#934=ADVANCED_FACE('',(#621),#427,.F.);
#935=ADVANCED_FACE('',(#622),#428,.F.);
#936=ADVANCED_FACE('',(#623),#429,.F.);
#937=ADVANCED_FACE('',(#624),#1089,.T.);
#938=ADVANCED_FACE('',(#625),#1090,.T.);
#939=ADVANCED_FACE('',(#626),#1091,.T.);
#940=ADVANCED_FACE('',(#627),#430,.F.);
#941=ADVANCED_FACE('',(#628),#431,.F.);
#942=ADVANCED_FACE('',(#629),#432,.F.);
#943=ADVANCED_FACE('',(#630),#433,.F.);
#944=ADVANCED_FACE('',(#631),#434,.F.);
#945=ADVANCED_FACE('',(#632),#435,.F.);
#946=ADVANCED_FACE('',(#633),#436,.F.);
#947=ADVANCED_FACE('',(#634),#437,.F.);
#948=ADVANCED_FACE('',(#635),#438,.F.);
#949=ADVANCED_FACE('',(#1168,#1169),#439,.F.);
#950=ADVANCED_FACE('',(#636),#1092,.F.);
#951=ADVANCED_FACE('',(#1170,#1171),#440,.F.);
#952=ADVANCED_FACE('',(#637),#1093,.F.);
#953=ADVANCED_FACE('',(#1172,#1173),#441,.F.);
#954=ADVANCED_FACE('',(#638),#1094,.F.);
#955=ADVANCED_FACE('',(#1174,#1175),#442,.F.);
#956=ADVANCED_FACE('',(#639),#1095,.F.);
#957=ADVANCED_FACE('',(#1176,#1177),#443,.F.);
#958=ADVANCED_FACE('',(#640),#1096,.F.);
#959=ADVANCED_FACE('',(#1178,#1179),#444,.F.);
#960=ADVANCED_FACE('',(#641),#1097,.F.);
#961=ADVANCED_FACE('',(#1180,#1181),#445,.F.);
#962=ADVANCED_FACE('',(#642),#1098,.F.);
#963=ADVANCED_FACE('',(#1182,#1183),#446,.F.);
#964=ADVANCED_FACE('',(#643),#1099,.F.);
#965=ADVANCED_FACE('',(#1184,#1185),#447,.F.);
#966=ADVANCED_FACE('',(#644),#1100,.F.);
#967=ADVANCED_FACE('',(#1186,#1187),#448,.F.);
#968=ADVANCED_FACE('',(#645),#1101,.F.);
#969=ADVANCED_FACE('',(#1188,#1189),#449,.F.);
#970=ADVANCED_FACE('',(#646),#1102,.F.);
#971=ADVANCED_FACE('',(#1190,#1191),#450,.F.);
#972=ADVANCED_FACE('',(#647),#1103,.F.);
#973=ADVANCED_FACE('',(#1192,#1193),#451,.F.);
#974=ADVANCED_FACE('',(#648),#1104,.F.);
#975=ADVANCED_FACE('',(#1194,#1195),#452,.F.);
#976=ADVANCED_FACE('',(#649),#1105,.F.);
#977=ADVANCED_FACE('',(#1196,#1197),#453,.F.);
#978=ADVANCED_FACE('',(#650),#1106,.F.);
#979=ADVANCED_FACE('',(#1198,#1199),#454,.F.);
#980=ADVANCED_FACE('',(#651),#1107,.F.);
#981=ADVANCED_FACE('',(#1200,#1201),#455,.F.);
#982=ADVANCED_FACE('',(#652),#1108,.F.);
#983=ADVANCED_FACE('',(#1202,#1203),#456,.F.);
#984=ADVANCED_FACE('',(#653),#1109,.F.);
#985=ADVANCED_FACE('',(#1204,#1205),#457,.F.);
#986=ADVANCED_FACE('',(#654),#1110,.F.);
#987=ADVANCED_FACE('',(#1206,#1207),#458,.F.);
#988=ADVANCED_FACE('',(#655),#1111,.F.);
#989=ADVANCED_FACE('',(#1208,#1209),#459,.F.);
#990=ADVANCED_FACE('',(#656),#1112,.F.);
#991=ADVANCED_FACE('',(#657),#1113,.F.);
#992=ADVANCED_FACE('',(#658),#1114,.T.);
#993=ADVANCED_FACE('',(#659),#1115,.T.);
#994=ADVANCED_FACE('',(#660),#1116,.T.);
#995=ADVANCED_FACE('',(#1210,#1211,#1212,#1213),#1117,.F.);
#996=ADVANCED_FACE('',(#661),#543,.F.);
#997=ADVANCED_FACE('',(#662),#460,.F.);
#998=ADVANCED_FACE('',(#663),#1118,.T.);
#999=ADVANCED_FACE('',(#664),#1119,.T.);
#1000=ADVANCED_FACE('',(#665),#1120,.T.);
#1001=ADVANCED_FACE('',(#666),#1121,.T.);
#1002=ADVANCED_FACE('',(#667),#1122,.F.);
#1003=ADVANCED_FACE('',(#1214,#1215),#461,.F.);
#1004=ADVANCED_FACE('',(#1216,#1217),#462,.F.);
#1005=ADVANCED_FACE('',(#1218,#1219),#463,.F.);
#1006=ADVANCED_FACE('',(#668),#1123,.T.);
#1007=ADVANCED_FACE('',(#669),#464,.T.);
#1008=ADVANCED_FACE('',(#670),#465,.T.);
#1009=ADVANCED_FACE('',(#671),#466,.T.);
#1010=ADVANCED_FACE('',(#672),#467,.T.);
#1011=ADVANCED_FACE('',(#673),#1124,.T.);
#1012=ADVANCED_FACE('',(#674),#531,.F.);
#1013=ADVANCED_FACE('',(#675),#544,.T.);
#1014=ADVANCED_FACE('',(#676),#468,.T.);
#1015=ADVANCED_FACE('',(#677),#1125,.T.);
#1016=ADVANCED_FACE('',(#678),#469,.F.);
#1017=ADVANCED_FACE('',(#679),#470,.F.);
#1018=ADVANCED_FACE('',(#680),#471,.F.);
#1019=ADVANCED_FACE('',(#681),#472,.F.);
#1020=ADVANCED_FACE('',(#682),#473,.F.);
#1021=ADVANCED_FACE('',(#683),#545,.T.);
#1022=ADVANCED_FACE('',(#684),#474,.T.);
#1023=ADVANCED_FACE('',(#685),#475,.F.);
#1024=ADVANCED_FACE('',(#686),#546,.F.);
#1025=ADVANCED_FACE('',(#687),#476,.F.);
#1026=ADVANCED_FACE('',(#688),#547,.F.);
#1027=ADVANCED_FACE('',(#689),#477,.F.);
#1028=ADVANCED_FACE('',(#690),#548,.F.);
#1029=ADVANCED_FACE('',(#691),#478,.F.);
#1030=ADVANCED_FACE('',(#1220,#1221),#1126,.T.);
#1031=ADVANCED_FACE('',(#692),#479,.F.);
#1032=ADVANCED_FACE('',(#693),#480,.F.);
#1033=ADVANCED_FACE('',(#694),#481,.F.);
#1034=ADVANCED_FACE('',(#695),#549,.F.);
#1035=ADVANCED_FACE('',(#696),#482,.F.);
#1036=ADVANCED_FACE('',(#697),#1127,.F.);
#1037=ADVANCED_FACE('',(#698),#405,.F.);
#1038=ADVANCED_FACE('',(#699),#566,.T.);
#1039=ADVANCED_FACE('',(#700),#406,.F.);
#1040=ADVANCED_FACE('',(#701),#407,.F.);
#1041=ADVANCED_FACE('',(#702),#567,.T.);
#1042=ADVANCED_FACE('',(#703),#568,.T.);
#1043=ADVANCED_FACE('',(#704),#569,.T.);
#1044=ADVANCED_FACE('',(#705),#483,.F.);
#1045=ADVANCED_FACE('',(#706),#484,.F.);
#1046=ADVANCED_FACE('',(#707),#1128,.T.);
#1047=ADVANCED_FACE('',(#708),#1129,.T.);
#1048=ADVANCED_FACE('',(#709),#1130,.T.);
#1049=ADVANCED_FACE('',(#710),#1131,.T.);
#1050=ADVANCED_FACE('',(#711),#485,.T.);
#1051=ADVANCED_FACE('',(#712),#550,.T.);
#1052=ADVANCED_FACE('',(#713),#570,.T.);
#1053=ADVANCED_FACE('',(#714),#1132,.F.);
#1054=ADVANCED_FACE('',(#715),#1133,.F.);
#1055=ADVANCED_FACE('',(#716),#1134,.F.);
#1056=ADVANCED_FACE('',(#717),#1135,.F.);
#1057=ADVANCED_FACE('',(#718),#1136,.T.);
#1058=ADVANCED_FACE('',(#719),#1137,.T.);
#1059=ADVANCED_FACE('',(#720),#486,.F.);
#1060=ADVANCED_FACE('',(#721),#487,.F.);
#1061=ADVANCED_FACE('',(#722),#488,.F.);
#1062=ADVANCED_FACE('',(#723),#489,.F.);
#1063=ADVANCED_FACE('',(#724),#1138,.T.);
#1064=ADVANCED_FACE('',(#725),#1139,.T.);
#1065=ADVANCED_FACE('',(#726),#551,.F.);
#1066=ADVANCED_FACE('',(#727),#1140,.T.);
#1067=ADVANCED_FACE('',(#728),#1141,.T.);
#1068=ADVANCED_FACE('',(#729),#1142,.T.);
#1069=ADVANCED_FACE('',(#730),#532,.F.);
#1070=ADVANCED_FACE('',(#731),#571,.T.);
#1071=ADVANCED_FACE('',(#732),#1143,.T.);
#1072=ADVANCED_FACE('',(#733),#490,.F.);
#1073=ADVANCED_FACE('',(#734),#572,.T.);
#1074=ADVANCED_FACE('',(#735),#552,.F.);
#1075=ADVANCED_FACE('',(#736),#491,.F.);
#1076=ADVANCED_FACE('',(#737),#492,.F.);
#1077=ADVANCED_FACE('',(#738),#493,.F.);
#1078=ADVANCED_FACE('',(#739),#494,.F.);
#1079=ADVANCED_FACE('',(#740),#495,.F.);
#1080=PLANE('',#3702);
#1081=PLANE('',#3706);
#1082=PLANE('',#3735);
#1083=PLANE('',#3766);
#1084=PLANE('',#3785);
#1085=PLANE('',#3795);
#1086=PLANE('',#3797);
#1087=PLANE('',#3802);
#1088=PLANE('',#3807);
#1089=PLANE('',#3824);
#1090=PLANE('',#3827);
#1091=PLANE('',#3829);
#1092=PLANE('',#3844);
#1093=PLANE('',#3847);
#1094=PLANE('',#3850);
#1095=PLANE('',#3853);
#1096=PLANE('',#3856);
#1097=PLANE('',#3859);
#1098=PLANE('',#3862);
#1099=PLANE('',#3865);
#1100=PLANE('',#3868);
#1101=PLANE('',#3871);
#1102=PLANE('',#3874);
#1103=PLANE('',#3877);
#1104=PLANE('',#3880);
#1105=PLANE('',#3883);
#1106=PLANE('',#3886);
#1107=PLANE('',#3889);
#1108=PLANE('',#3892);
#1109=PLANE('',#3895);
#1110=PLANE('',#3898);
#1111=PLANE('',#3901);
#1112=PLANE('',#3904);
#1113=PLANE('',#3905);
#1114=PLANE('',#3906);
#1115=PLANE('',#3907);
#1116=PLANE('',#3908);
#1117=PLANE('',#3912);
#1118=PLANE('',#3916);
#1119=PLANE('',#3917);
#1120=PLANE('',#3918);
#1121=PLANE('',#3919);
#1122=PLANE('',#3920);
#1123=PLANE('',#3933);
#1124=PLANE('',#3938);
#1125=PLANE('',#3948);
#1126=PLANE('',#3970);
#1127=PLANE('',#3982);
#1128=PLANE('',#3996);
#1129=PLANE('',#3998);
#1130=PLANE('',#4000);
#1131=PLANE('',#4003);
#1132=PLANE('',#4006);
#1133=PLANE('',#4007);
#1134=PLANE('',#4008);
#1135=PLANE('',#4009);
#1136=PLANE('',#4010);
#1137=PLANE('',#4020);
#1138=PLANE('',#4026);
#1139=PLANE('',#4027);
#1140=PLANE('',#4031);
#1141=PLANE('',#4032);
#1142=PLANE('',#4033);
#1143=PLANE('',#4036);
#1144=FACE_BOUND('',#1222,.T.);
#1145=FACE_BOUND('',#1223,.T.);
#1146=FACE_BOUND('',#1240,.T.);
#1147=FACE_BOUND('',#1241,.T.);
#1148=FACE_BOUND('',#1242,.T.);
#1149=FACE_BOUND('',#1243,.T.);
#1150=FACE_BOUND('',#1244,.T.);
#1151=FACE_BOUND('',#1245,.T.);
#1152=FACE_BOUND('',#1246,.T.);
#1153=FACE_BOUND('',#1247,.T.);
#1154=FACE_BOUND('',#1248,.T.);
#1155=FACE_BOUND('',#1249,.T.);
#1156=FACE_BOUND('',#1250,.T.);
#1157=FACE_BOUND('',#1251,.T.);
#1158=FACE_BOUND('',#1252,.T.);
#1159=FACE_BOUND('',#1253,.T.);
#1160=FACE_BOUND('',#1254,.T.);
#1161=FACE_BOUND('',#1255,.T.);
#1162=FACE_BOUND('',#1256,.T.);
#1163=FACE_BOUND('',#1257,.T.);
#1164=FACE_BOUND('',#1258,.T.);
#1165=FACE_BOUND('',#1259,.T.);
#1166=FACE_BOUND('',#1260,.T.);
#1167=FACE_BOUND('',#1261,.T.);
#1168=FACE_BOUND('',#1309,.T.);
#1169=FACE_BOUND('',#1310,.T.);
#1170=FACE_BOUND('',#1312,.T.);
#1171=FACE_BOUND('',#1313,.T.);
#1172=FACE_BOUND('',#1315,.T.);
#1173=FACE_BOUND('',#1316,.T.);
#1174=FACE_BOUND('',#1318,.T.);
#1175=FACE_BOUND('',#1319,.T.);
#1176=FACE_BOUND('',#1321,.T.);
#1177=FACE_BOUND('',#1322,.T.);
#1178=FACE_BOUND('',#1324,.T.);
#1179=FACE_BOUND('',#1325,.T.);
#1180=FACE_BOUND('',#1327,.T.);
#1181=FACE_BOUND('',#1328,.T.);
#1182=FACE_BOUND('',#1330,.T.);
#1183=FACE_BOUND('',#1331,.T.);
#1184=FACE_BOUND('',#1333,.T.);
#1185=FACE_BOUND('',#1334,.T.);
#1186=FACE_BOUND('',#1336,.T.);
#1187=FACE_BOUND('',#1337,.T.);
#1188=FACE_BOUND('',#1339,.T.);
#1189=FACE_BOUND('',#1340,.T.);
#1190=FACE_BOUND('',#1342,.T.);
#1191=FACE_BOUND('',#1343,.T.);
#1192=FACE_BOUND('',#1345,.T.);
#1193=FACE_BOUND('',#1346,.T.);
#1194=FACE_BOUND('',#1348,.T.);
#1195=FACE_BOUND('',#1349,.T.);
#1196=FACE_BOUND('',#1351,.T.);
#1197=FACE_BOUND('',#1352,.T.);
#1198=FACE_BOUND('',#1354,.T.);
#1199=FACE_BOUND('',#1355,.T.);
#1200=FACE_BOUND('',#1357,.T.);
#1201=FACE_BOUND('',#1358,.T.);
#1202=FACE_BOUND('',#1360,.T.);
#1203=FACE_BOUND('',#1361,.T.);
#1204=FACE_BOUND('',#1363,.T.);
#1205=FACE_BOUND('',#1364,.T.);
#1206=FACE_BOUND('',#1366,.T.);
#1207=FACE_BOUND('',#1367,.T.);
#1208=FACE_BOUND('',#1369,.T.);
#1209=FACE_BOUND('',#1370,.T.);
#1210=FACE_BOUND('',#1376,.T.);
#1211=FACE_BOUND('',#1377,.T.);
#1212=FACE_BOUND('',#1378,.T.);
#1213=FACE_BOUND('',#1379,.T.);
#1214=FACE_BOUND('',#1387,.T.);
#1215=FACE_BOUND('',#1388,.T.);
#1216=FACE_BOUND('',#1389,.T.);
#1217=FACE_BOUND('',#1390,.T.);
#1218=FACE_BOUND('',#1391,.T.);
#1219=FACE_BOUND('',#1392,.T.);
#1220=FACE_BOUND('',#1417,.T.);
#1221=FACE_BOUND('',#1418,.T.);
#1222=EDGE_LOOP('',(#1796,#1797,#1798,#1799,#1800,#1801,#1802,#1803,#1804,
#1805,#1806,#1807,#1808,#1809,#1810,#1811,#1812,#1813,#1814,#1815,#1816,
#1817,#1818,#1819,#1820,#1821));
#1223=EDGE_LOOP('',(#1822,#1823,#1824,#1825));
#1224=EDGE_LOOP('',(#1826,#1827,#1828,#1829));
#1225=EDGE_LOOP('',(#1830,#1831,#1832,#1833,#1834,#1835));
#1226=EDGE_LOOP('',(#1836,#1837,#1838,#1839));
#1227=EDGE_LOOP('',(#1840,#1841,#1842,#1843));
#1228=EDGE_LOOP('',(#1844,#1845,#1846,#1847));
#1229=EDGE_LOOP('',(#1848,#1849,#1850,#1851));
#1230=EDGE_LOOP('',(#1852,#1853,#1854,#1855,#1856));
#1231=EDGE_LOOP('',(#1857,#1858,#1859,#1860));
#1232=EDGE_LOOP('',(#1861,#1862,#1863,#1864));
#1233=EDGE_LOOP('',(#1865,#1866,#1867,#1868));
#1234=EDGE_LOOP('',(#1869,#1870,#1871,#1872));
#1235=EDGE_LOOP('',(#1873,#1874,#1875,#1876,#1877,#1878));
#1236=EDGE_LOOP('',(#1879,#1880,#1881,#1882));
#1237=EDGE_LOOP('',(#1883,#1884,#1885,#1886));
#1238=EDGE_LOOP('',(#1887,#1888,#1889,#1890));
#1239=EDGE_LOOP('',(#1891,#1892,#1893,#1894));
#1240=EDGE_LOOP('',(#1895,#1896,#1897,#1898,#1899,#1900,#1901,#1902,#1903,
#1904,#1905,#1906,#1907,#1908,#1909,#1910,#1911,#1912,#1913,#1914,#1915,
#1916,#1917,#1918,#1919,#1920,#1921,#1922,#1923,#1924,#1925,#1926,#1927,
#1928,#1929,#1930,#1931,#1932,#1933,#1934,#1935,#1936,#1937,#1938,#1939,
#1940,#1941,#1942,#1943,#1944,#1945,#1946,#1947,#1948,#1949,#1950,#1951));
#1241=EDGE_LOOP('',(#1952));
#1242=EDGE_LOOP('',(#1953));
#1243=EDGE_LOOP('',(#1954));
#1244=EDGE_LOOP('',(#1955));
#1245=EDGE_LOOP('',(#1956));
#1246=EDGE_LOOP('',(#1957));
#1247=EDGE_LOOP('',(#1958));
#1248=EDGE_LOOP('',(#1959));
#1249=EDGE_LOOP('',(#1960));
#1250=EDGE_LOOP('',(#1961));
#1251=EDGE_LOOP('',(#1962));
#1252=EDGE_LOOP('',(#1963));
#1253=EDGE_LOOP('',(#1964));
#1254=EDGE_LOOP('',(#1965));
#1255=EDGE_LOOP('',(#1966));
#1256=EDGE_LOOP('',(#1967));
#1257=EDGE_LOOP('',(#1968));
#1258=EDGE_LOOP('',(#1969));
#1259=EDGE_LOOP('',(#1970));
#1260=EDGE_LOOP('',(#1971));
#1261=EDGE_LOOP('',(#1972));
#1262=EDGE_LOOP('',(#1973,#1974,#1975,#1976));
#1263=EDGE_LOOP('',(#1977,#1978,#1979,#1980,#1981));
#1264=EDGE_LOOP('',(#1982,#1983,#1984,#1985));
#1265=EDGE_LOOP('',(#1986,#1987,#1988,#1989));
#1266=EDGE_LOOP('',(#1990,#1991,#1992,#1993));
#1267=EDGE_LOOP('',(#1994,#1995,#1996,#1997));
#1268=EDGE_LOOP('',(#1998,#1999,#2000,#2001,#2002));
#1269=EDGE_LOOP('',(#2003,#2004,#2005,#2006));
#1270=EDGE_LOOP('',(#2007,#2008,#2009,#2010));
#1271=EDGE_LOOP('',(#2011,#2012,#2013,#2014));
#1272=EDGE_LOOP('',(#2015,#2016,#2017,#2018));
#1273=EDGE_LOOP('',(#2019,#2020,#2021,#2022,#2023,#2024));
#1274=EDGE_LOOP('',(#2025,#2026,#2027,#2028));
#1275=EDGE_LOOP('',(#2029,#2030,#2031,#2032));
#1276=EDGE_LOOP('',(#2033,#2034,#2035,#2036));
#1277=EDGE_LOOP('',(#2037,#2038,#2039,#2040));
#1278=EDGE_LOOP('',(#2041,#2042,#2043,#2044));
#1279=EDGE_LOOP('',(#2045,#2046,#2047,#2048));
#1280=EDGE_LOOP('',(#2049,#2050,#2051,#2052,#2053));
#1281=EDGE_LOOP('',(#2054,#2055,#2056,#2057,#2058));
#1282=EDGE_LOOP('',(#2059,#2060,#2061,#2062));
#1283=EDGE_LOOP('',(#2063,#2064,#2065,#2066,#2067));
#1284=EDGE_LOOP('',(#2068,#2069,#2070,#2071));
#1285=EDGE_LOOP('',(#2072,#2073,#2074,#2075,#2076));
#1286=EDGE_LOOP('',(#2077,#2078,#2079));
#1287=EDGE_LOOP('',(#2080,#2081,#2082,#2083));
#1288=EDGE_LOOP('',(#2084,#2085,#2086,#2087,#2088));
#1289=EDGE_LOOP('',(#2089,#2090,#2091));
#1290=EDGE_LOOP('',(#2092,#2093,#2094,#2095,#2096));
#1291=EDGE_LOOP('',(#2097,#2098,#2099,#2100,#2101));
#1292=EDGE_LOOP('',(#2102,#2103,#2104,#2105));
#1293=EDGE_LOOP('',(#2106,#2107,#2108,#2109));
#1294=EDGE_LOOP('',(#2110,#2111,#2112,#2113));
#1295=EDGE_LOOP('',(#2114,#2115,#2116,#2117,#2118,#2119,#2120,#2121,#2122,
#2123,#2124,#2125,#2126));
#1296=EDGE_LOOP('',(#2127,#2128,#2129,#2130));
#1297=EDGE_LOOP('',(#2131,#2132,#2133));
#1298=EDGE_LOOP('',(#2134,#2135,#2136));
#1299=EDGE_LOOP('',(#2137,#2138,#2139,#2140));
#1300=EDGE_LOOP('',(#2141,#2142,#2143,#2144,#2145,#2146));
#1301=EDGE_LOOP('',(#2147,#2148,#2149,#2150,#2151));
#1302=EDGE_LOOP('',(#2152,#2153,#2154,#2155,#2156,#2157,#2158));
#1303=EDGE_LOOP('',(#2159,#2160,#2161,#2162));
#1304=EDGE_LOOP('',(#2163,#2164,#2165,#2166,#2167,#2168));
#1305=EDGE_LOOP('',(#2169,#2170,#2171,#2172,#2173,#2174,#2175));
#1306=EDGE_LOOP('',(#2176,#2177,#2178,#2179,#2180,#2181,#2182,#2183,#2184,
#2185,#2186));
#1307=EDGE_LOOP('',(#2187,#2188,#2189,#2190,#2191,#2192,#2193,#2194,#2195,
#2196));
#1308=EDGE_LOOP('',(#2197,#2198,#2199,#2200,#2201,#2202));
#1309=EDGE_LOOP('',(#2203));
#1310=EDGE_LOOP('',(#2204));
#1311=EDGE_LOOP('',(#2205));
#1312=EDGE_LOOP('',(#2206));
#1313=EDGE_LOOP('',(#2207));
#1314=EDGE_LOOP('',(#2208));
#1315=EDGE_LOOP('',(#2209));
#1316=EDGE_LOOP('',(#2210));
#1317=EDGE_LOOP('',(#2211));
#1318=EDGE_LOOP('',(#2212));
#1319=EDGE_LOOP('',(#2213));
#1320=EDGE_LOOP('',(#2214));
#1321=EDGE_LOOP('',(#2215));
#1322=EDGE_LOOP('',(#2216));
#1323=EDGE_LOOP('',(#2217));
#1324=EDGE_LOOP('',(#2218));
#1325=EDGE_LOOP('',(#2219));
#1326=EDGE_LOOP('',(#2220));
#1327=EDGE_LOOP('',(#2221));
#1328=EDGE_LOOP('',(#2222));
#1329=EDGE_LOOP('',(#2223));
#1330=EDGE_LOOP('',(#2224));
#1331=EDGE_LOOP('',(#2225));
#1332=EDGE_LOOP('',(#2226));
#1333=EDGE_LOOP('',(#2227));
#1334=EDGE_LOOP('',(#2228));
#1335=EDGE_LOOP('',(#2229));
#1336=EDGE_LOOP('',(#2230));
#1337=EDGE_LOOP('',(#2231));
#1338=EDGE_LOOP('',(#2232));
#1339=EDGE_LOOP('',(#2233));
#1340=EDGE_LOOP('',(#2234));
#1341=EDGE_LOOP('',(#2235));
#1342=EDGE_LOOP('',(#2236));
#1343=EDGE_LOOP('',(#2237));
#1344=EDGE_LOOP('',(#2238));
#1345=EDGE_LOOP('',(#2239));
#1346=EDGE_LOOP('',(#2240));
#1347=EDGE_LOOP('',(#2241));
#1348=EDGE_LOOP('',(#2242));
#1349=EDGE_LOOP('',(#2243));
#1350=EDGE_LOOP('',(#2244));
#1351=EDGE_LOOP('',(#2245));
#1352=EDGE_LOOP('',(#2246));
#1353=EDGE_LOOP('',(#2247));
#1354=EDGE_LOOP('',(#2248));
#1355=EDGE_LOOP('',(#2249));
#1356=EDGE_LOOP('',(#2250));
#1357=EDGE_LOOP('',(#2251));
#1358=EDGE_LOOP('',(#2252));
#1359=EDGE_LOOP('',(#2253));
#1360=EDGE_LOOP('',(#2254));
#1361=EDGE_LOOP('',(#2255));
#1362=EDGE_LOOP('',(#2256));
#1363=EDGE_LOOP('',(#2257));
#1364=EDGE_LOOP('',(#2258));
#1365=EDGE_LOOP('',(#2259));
#1366=EDGE_LOOP('',(#2260));
#1367=EDGE_LOOP('',(#2261));
#1368=EDGE_LOOP('',(#2262));
#1369=EDGE_LOOP('',(#2263));
#1370=EDGE_LOOP('',(#2264));
#1371=EDGE_LOOP('',(#2265));
#1372=EDGE_LOOP('',(#2266,#2267,#2268,#2269,#2270,#2271,#2272,#2273,#2274,
#2275,#2276,#2277,#2278,#2279,#2280,#2281,#2282,#2283,#2284,#2285,#2286,
#2287));
#1373=EDGE_LOOP('',(#2288,#2289,#2290,#2291));
#1374=EDGE_LOOP('',(#2292,#2293,#2294,#2295));
#1375=EDGE_LOOP('',(#2296,#2297,#2298,#2299));
#1376=EDGE_LOOP('',(#2300));
#1377=EDGE_LOOP('',(#2301));
#1378=EDGE_LOOP('',(#2302));
#1379=EDGE_LOOP('',(#2303,#2304,#2305,#2306));
#1380=EDGE_LOOP('',(#2307,#2308));
#1381=EDGE_LOOP('',(#2309,#2310,#2311,#2312,#2313,#2314,#2315,#2316));
#1382=EDGE_LOOP('',(#2317,#2318,#2319,#2320));
#1383=EDGE_LOOP('',(#2321,#2322,#2323,#2324));
#1384=EDGE_LOOP('',(#2325,#2326,#2327,#2328));
#1385=EDGE_LOOP('',(#2329,#2330,#2331,#2332));
#1386=EDGE_LOOP('',(#2333,#2334,#2335,#2336));
#1387=EDGE_LOOP('',(#2337));
#1388=EDGE_LOOP('',(#2338,#2339));
#1389=EDGE_LOOP('',(#2340));
#1390=EDGE_LOOP('',(#2341,#2342));
#1391=EDGE_LOOP('',(#2343));
#1392=EDGE_LOOP('',(#2344,#2345));
#1393=EDGE_LOOP('',(#2346,#2347,#2348,#2349,#2350,#2351,#2352,#2353,#2354,
#2355));
#1394=EDGE_LOOP('',(#2356,#2357,#2358,#2359));
#1395=EDGE_LOOP('',(#2360,#2361,#2362,#2363));
#1396=EDGE_LOOP('',(#2364,#2365,#2366,#2367));
#1397=EDGE_LOOP('',(#2368,#2369,#2370,#2371));
#1398=EDGE_LOOP('',(#2372,#2373,#2374,#2375,#2376,#2377,#2378,#2379,#2380,
#2381,#2382,#2383));
#1399=EDGE_LOOP('',(#2384,#2385,#2386,#2387,#2388,#2389,#2390,#2391,#2392,
#2393,#2394,#2395,#2396,#2397,#2398,#2399,#2400,#2401));
#1400=EDGE_LOOP('',(#2402,#2403,#2404,#2405,#2406,#2407));
#1401=EDGE_LOOP('',(#2408,#2409,#2410,#2411));
#1402=EDGE_LOOP('',(#2412,#2413,#2414,#2415));
#1403=EDGE_LOOP('',(#2416,#2417,#2418,#2419,#2420,#2421));
#1404=EDGE_LOOP('',(#2422,#2423,#2424,#2425));
#1405=EDGE_LOOP('',(#2426,#2427,#2428,#2429,#2430,#2431));
#1406=EDGE_LOOP('',(#2432,#2433,#2434,#2435));
#1407=EDGE_LOOP('',(#2436,#2437,#2438,#2439));
#1408=EDGE_LOOP('',(#2440,#2441,#2442,#2443,#2444,#2445));
#1409=EDGE_LOOP('',(#2446,#2447,#2448,#2449));
#1410=EDGE_LOOP('',(#2450,#2451,#2452,#2453));
#1411=EDGE_LOOP('',(#2454,#2455));
#1412=EDGE_LOOP('',(#2456,#2457,#2458,#2459,#2460,#2461));
#1413=EDGE_LOOP('',(#2462,#2463));
#1414=EDGE_LOOP('',(#2464,#2465,#2466,#2467,#2468,#2469));
#1415=EDGE_LOOP('',(#2470,#2471));
#1416=EDGE_LOOP('',(#2472,#2473,#2474,#2475,#2476,#2477));
#1417=EDGE_LOOP('',(#2478,#2479,#2480,#2481,#2482,#2483,#2484,#2485,#2486,
#2487,#2488,#2489,#2490,#2491,#2492,#2493,#2494,#2495,#2496,#2497,#2498,
#2499,#2500,#2501,#2502,#2503));
#1418=EDGE_LOOP('',(#2504,#2505,#2506,#2507));
#1419=EDGE_LOOP('',(#2508,#2509,#2510,#2511));
#1420=EDGE_LOOP('',(#2512,#2513,#2514,#2515,#2516,#2517,#2518));
#1421=EDGE_LOOP('',(#2519,#2520,#2521,#2522));
#1422=EDGE_LOOP('',(#2523,#2524,#2525,#2526,#2527,#2528));
#1423=EDGE_LOOP('',(#2529,#2530,#2531,#2532));
#1424=EDGE_LOOP('',(#2533,#2534,#2535,#2536));
#1425=EDGE_LOOP('',(#2537,#2538,#2539,#2540));
#1426=EDGE_LOOP('',(#2541,#2542));
#1427=EDGE_LOOP('',(#2543,#2544,#2545,#2546));
#1428=EDGE_LOOP('',(#2547,#2548,#2549,#2550));
#1429=EDGE_LOOP('',(#2551,#2552,#2553,#2554));
#1430=EDGE_LOOP('',(#2555,#2556,#2557,#2558));
#1431=EDGE_LOOP('',(#2559,#2560,#2561,#2562));
#1432=EDGE_LOOP('',(#2563,#2564,#2565,#2566,#2567,#2568,#2569));
#1433=EDGE_LOOP('',(#2570,#2571,#2572,#2573,#2574));
#1434=EDGE_LOOP('',(#2575,#2576,#2577,#2578));
#1435=EDGE_LOOP('',(#2579,#2580,#2581,#2582,#2583));
#1436=EDGE_LOOP('',(#2584,#2585,#2586,#2587));
#1437=EDGE_LOOP('',(#2588,#2589,#2590,#2591));
#1438=EDGE_LOOP('',(#2592,#2593,#2594,#2595,#2596,#2597,#2598,#2599));
#1439=EDGE_LOOP('',(#2600,#2601,#2602,#2603));
#1440=EDGE_LOOP('',(#2604,#2605,#2606,#2607));
#1441=EDGE_LOOP('',(#2608,#2609,#2610,#2611));
#1442=EDGE_LOOP('',(#2612,#2613,#2614,#2615));
#1443=EDGE_LOOP('',(#2616,#2617,#2618,#2619));
#1444=EDGE_LOOP('',(#2620,#2621,#2622,#2623));
#1445=EDGE_LOOP('',(#2624,#2625,#2626,#2627));
#1446=EDGE_LOOP('',(#2628,#2629,#2630,#2631,#2632,#2633,#2634,#2635,#2636,
#2637,#2638,#2639,#2640,#2641));
#1447=EDGE_LOOP('',(#2642,#2643,#2644,#2645));
#1448=EDGE_LOOP('',(#2646,#2647,#2648,#2649));
#1449=EDGE_LOOP('',(#2650,#2651,#2652,#2653));
#1450=EDGE_LOOP('',(#2654,#2655,#2656,#2657));
#1451=EDGE_LOOP('',(#2658,#2659,#2660,#2661,#2662,#2663));
#1452=EDGE_LOOP('',(#2664,#2665,#2666,#2667,#2668,#2669,#2670,#2671,#2672));
#1453=EDGE_LOOP('',(#2673,#2674,#2675,#2676));
#1454=EDGE_LOOP('',(#2677,#2678,#2679,#2680));
#1455=EDGE_LOOP('',(#2681,#2682,#2683,#2684));
#1456=EDGE_LOOP('',(#2685,#2686,#2687,#2688));
#1457=EDGE_LOOP('',(#2689,#2690,#2691,#2692,#2693,#2694,#2695,#2696,#2697,
#2698,#2699,#2700));
#1458=EDGE_LOOP('',(#2701,#2702,#2703,#2704));
#1459=EDGE_LOOP('',(#2705,#2706,#2707,#2708,#2709,#2710,#2711,#2712,#2713));
#1460=EDGE_LOOP('',(#2714,#2715,#2716,#2717));
#1461=EDGE_LOOP('',(#2718,#2719,#2720,#2721,#2722,#2723));
#1462=EDGE_LOOP('',(#2724,#2725));
#1463=EDGE_LOOP('',(#2726,#2727,#2728,#2729,#2730,#2731));
#1464=EDGE_LOOP('',(#2732,#2733,#2734,#2735));
#1465=EDGE_LOOP('',(#2736,#2737,#2738,#2739));
#1466=EDGE_LOOP('',(#2740,#2741,#2742,#2743));
#1467=EDGE_LOOP('',(#2744,#2745,#2746,#2747));
#1468=LINE('',#4950,#1632);
#1469=LINE('',#4952,#1633);
#1470=LINE('',#4954,#1634);
#1471=LINE('',#4956,#1635);
#1472=LINE('',#4958,#1636);
#1473=LINE('',#4960,#1637);
#1474=LINE('',#4962,#1638);
#1475=LINE('',#4964,#1639);
#1476=LINE('',#4966,#1640);
#1477=LINE('',#5024,#1641);
#1478=LINE('',#5027,#1642);
#1479=LINE('',#5029,#1643);
#1480=LINE('',#5031,#1644);
#1481=LINE('',#5070,#1645);
#1482=LINE('',#5075,#1646);
#1483=LINE('',#5077,#1647);
#1484=LINE('',#5079,#1648);
#1485=LINE('',#5081,#1649);
#1486=LINE('',#5135,#1650);
#1487=LINE('',#5215,#1651);
#1488=LINE('',#5221,#1652);
#1489=LINE('',#5304,#1653);
#1490=LINE('',#5306,#1654);
#1491=LINE('',#5353,#1655);
#1492=LINE('',#5360,#1656);
#1493=LINE('',#5366,#1657);
#1494=LINE('',#5369,#1658);
#1495=LINE('',#5371,#1659);
#1496=LINE('',#5373,#1660);
#1497=LINE('',#5375,#1661);
#1498=LINE('',#5377,#1662);
#1499=LINE('',#5379,#1663);
#1500=LINE('',#5381,#1664);
#1501=LINE('',#5383,#1665);
#1502=LINE('',#5385,#1666);
#1503=LINE('',#5387,#1667);
#1504=LINE('',#5389,#1668);
#1505=LINE('',#5391,#1669);
#1506=LINE('',#5393,#1670);
#1507=LINE('',#5425,#1671);
#1508=LINE('',#5426,#1672);
#1509=LINE('',#5428,#1673);
#1510=LINE('',#5430,#1674);
#1511=LINE('',#5432,#1675);
#1512=LINE('',#5434,#1676);
#1513=LINE('',#5436,#1677);
#1514=LINE('',#5438,#1678);
#1515=LINE('',#5440,#1679);
#1516=LINE('',#5442,#1680);
#1517=LINE('',#5444,#1681);
#1518=LINE('',#5446,#1682);
#1519=LINE('',#5448,#1683);
#1520=LINE('',#5813,#1684);
#1521=LINE('',#5817,#1685);
#1522=LINE('',#5821,#1686);
#1523=LINE('',#5823,#1687);
#1524=LINE('',#5832,#1688);
#1525=LINE('',#5841,#1689);
#1526=LINE('',#5850,#1690);
#1527=LINE('',#5859,#1691);
#1528=LINE('',#5865,#1692);
#1529=LINE('',#5895,#1693);
#1530=LINE('',#5899,#1694);
#1531=LINE('',#5931,#1695);
#1532=LINE('',#5936,#1696);
#1533=LINE('',#5941,#1697);
#1534=LINE('',#5953,#1698);
#1535=LINE('',#5955,#1699);
#1536=LINE('',#5987,#1700);
#1537=LINE('',#5990,#1701);
#1538=LINE('',#6072,#1702);
#1539=LINE('',#6074,#1703);
#1540=LINE('',#6114,#1704);
#1541=LINE('',#6292,#1705);
#1542=LINE('',#6293,#1706);
#1543=LINE('',#6294,#1707);
#1544=LINE('',#6296,#1708);
#1545=LINE('',#6298,#1709);
#1546=LINE('',#6300,#1710);
#1547=LINE('',#6302,#1711);
#1548=LINE('',#6304,#1712);
#1549=LINE('',#6306,#1713);
#1550=LINE('',#6308,#1714);
#1551=LINE('',#6320,#1715);
#1552=LINE('',#6322,#1716);
#1553=LINE('',#6324,#1717);
#1554=LINE('',#6326,#1718);
#1555=LINE('',#6328,#1719);
#1556=LINE('',#6330,#1720);
#1557=LINE('',#6332,#1721);
#1558=LINE('',#6334,#1722);
#1559=LINE('',#6347,#1723);
#1560=LINE('',#6361,#1724);
#1561=LINE('',#6368,#1725);
#1562=LINE('',#6370,#1726);
#1563=LINE('',#6372,#1727);
#1564=LINE('',#6379,#1728);
#1565=LINE('',#6381,#1729);
#1566=LINE('',#6390,#1730);
#1567=LINE('',#6392,#1731);
#1568=LINE('',#6399,#1732);
#1569=LINE('',#6414,#1733);
#1570=LINE('',#6416,#1734);
#1571=LINE('',#6418,#1735);
#1572=LINE('',#6420,#1736);
#1573=LINE('',#6422,#1737);
#1574=LINE('',#6614,#1738);
#1575=LINE('',#6616,#1739);
#1576=LINE('',#6622,#1740);
#1577=LINE('',#6659,#1741);
#1578=LINE('',#6734,#1742);
#1579=LINE('',#6736,#1743);
#1580=LINE('',#6738,#1744);
#1581=LINE('',#6740,#1745);
#1582=LINE('',#6742,#1746);
#1583=LINE('',#6744,#1747);
#1584=LINE('',#6746,#1748);
#1585=LINE('',#6748,#1749);
#1586=LINE('',#6750,#1750);
#1587=LINE('',#6788,#1751);
#1588=LINE('',#6791,#1752);
#1589=LINE('',#6793,#1753);
#1590=LINE('',#6795,#1754);
#1591=LINE('',#6820,#1755);
#1592=LINE('',#6854,#1756);
#1593=LINE('',#6862,#1757);
#1594=LINE('',#6866,#1758);
#1595=LINE('',#6910,#1759);
#1596=LINE('',#6916,#1760);
#1597=LINE('',#7022,#1761);
#1598=LINE('',#7049,#1762);
#1599=LINE('',#7051,#1763);
#1600=LINE('',#7053,#1764);
#1601=LINE('',#7055,#1765);
#1602=LINE('',#7057,#1766);
#1603=LINE('',#7059,#1767);
#1604=LINE('',#7061,#1768);
#1605=LINE('',#7063,#1769);
#1606=LINE('',#7085,#1770);
#1607=LINE('',#7087,#1771);
#1608=LINE('',#7089,#1772);
#1609=LINE('',#7091,#1773);
#1610=LINE('',#7093,#1774);
#1611=LINE('',#7101,#1775);
#1612=LINE('',#7102,#1776);
#1613=LINE('',#7104,#1777);
#1614=LINE('',#7111,#1778);
#1615=LINE('',#7113,#1779);
#1616=LINE('',#7122,#1780);
#1617=LINE('',#7124,#1781);
#1618=LINE('',#7131,#1782);
#1619=LINE('',#7133,#1783);
#1620=LINE('',#7138,#1784);
#1621=LINE('',#7140,#1785);
#1622=LINE('',#7142,#1786);
#1623=LINE('',#7144,#1787);
#1624=LINE('',#7146,#1788);
#1625=LINE('',#7148,#1789);
#1626=LINE('',#7149,#1790);
#1627=LINE('',#7223,#1791);
#1628=LINE('',#7225,#1792);
#1629=LINE('',#7227,#1793);
#1630=LINE('',#7439,#1794);
#1631=LINE('',#7450,#1795);
#1632=VECTOR('',#4047,1.);
#1633=VECTOR('',#4048,1.);
#1634=VECTOR('',#4049,1.);
#1635=VECTOR('',#4050,1.);
#1636=VECTOR('',#4051,1.);
#1637=VECTOR('',#4052,1.);
#1638=VECTOR('',#4053,1.);
#1639=VECTOR('',#4054,1.);
#1640=VECTOR('',#4055,1.);
#1641=VECTOR('',#4056,1.);
#1642=VECTOR('',#4057,1.);
#1643=VECTOR('',#4058,1.);
#1644=VECTOR('',#4059,1.);
#1645=VECTOR('',#4066,1.);
#1646=VECTOR('',#4069,1.);
#1647=VECTOR('',#4070,1.);
#1648=VECTOR('',#4071,1.);
#1649=VECTOR('',#4072,1.);
#1650=VECTOR('',#4087,1.);
#1651=VECTOR('',#4100,1.);
#1652=VECTOR('',#4107,1.);
#1653=VECTOR('',#4130,1.);
#1654=VECTOR('',#4133,1.);
#1655=VECTOR('',#4145,1.);
#1656=VECTOR('',#4146,1.);
#1657=VECTOR('',#4151,1.);
#1658=VECTOR('',#4154,1.);
#1659=VECTOR('',#4155,1.);
#1660=VECTOR('',#4156,1.);
#1661=VECTOR('',#4157,1.);
#1662=VECTOR('',#4158,1.);
#1663=VECTOR('',#4159,1.);
#1664=VECTOR('',#4160,1.);
#1665=VECTOR('',#4161,1.);
#1666=VECTOR('',#4162,1.);
#1667=VECTOR('',#4163,1.);
#1668=VECTOR('',#4164,1.);
#1669=VECTOR('',#4165,1.);
#1670=VECTOR('',#4166,1.);
#1671=VECTOR('',#4175,1.);
#1672=VECTOR('',#4176,1.);
#1673=VECTOR('',#4177,1.);
#1674=VECTOR('',#4178,1.);
#1675=VECTOR('',#4179,1.);
#1676=VECTOR('',#4180,1.);
#1677=VECTOR('',#4181,1.);
#1678=VECTOR('',#4182,1.);
#1679=VECTOR('',#4183,1.);
#1680=VECTOR('',#4184,1.);
#1681=VECTOR('',#4185,1.);
#1682=VECTOR('',#4186,1.);
#1683=VECTOR('',#4187,1.);
#1684=VECTOR('',#4289,1.);
#1685=VECTOR('',#4294,1.);
#1686=VECTOR('',#4297,1.);
#1687=VECTOR('',#4300,1.);
#1688=VECTOR('',#4305,1.);
#1689=VECTOR('',#4312,1.);
#1690=VECTOR('',#4317,1.);
#1691=VECTOR('',#4324,1.);
#1692=VECTOR('',#4331,1.);
#1693=VECTOR('',#4338,1.);
#1694=VECTOR('',#4343,1.);
#1695=VECTOR('',#4344,1.);
#1696=VECTOR('',#4349,1.);
#1697=VECTOR('',#4356,1.);
#1698=VECTOR('',#4373,1.);
#1699=VECTOR('',#4376,1.);
#1700=VECTOR('',#4377,1.);
#1701=VECTOR('',#4382,1.);
#1702=VECTOR('',#4391,1.);
#1703=VECTOR('',#4394,1.);
#1704=VECTOR('',#4395,1.);
#1705=VECTOR('',#4532,1.);
#1706=VECTOR('',#4533,1.);
#1707=VECTOR('',#4534,1.);
#1708=VECTOR('',#4535,1.);
#1709=VECTOR('',#4536,1.);
#1710=VECTOR('',#4539,1.);
#1711=VECTOR('',#4540,1.);
#1712=VECTOR('',#4543,1.);
#1713=VECTOR('',#4544,1.);
#1714=VECTOR('',#4547,1.);
#1715=VECTOR('',#4564,1.);
#1716=VECTOR('',#4565,1.);
#1717=VECTOR('',#4566,1.);
#1718=VECTOR('',#4569,1.);
#1719=VECTOR('',#4570,1.);
#1720=VECTOR('',#4573,1.);
#1721=VECTOR('',#4574,1.);
#1722=VECTOR('',#4577,1.);
#1723=VECTOR('',#4594,1.);
#1724=VECTOR('',#4609,1.);
#1725=VECTOR('',#4610,1.);
#1726=VECTOR('',#4613,1.);
#1727=VECTOR('',#4614,1.);
#1728=VECTOR('',#4617,1.);
#1729=VECTOR('',#4618,1.);
#1730=VECTOR('',#4621,1.);
#1731=VECTOR('',#4622,1.);
#1732=VECTOR('',#4625,1.);
#1733=VECTOR('',#4626,1.);
#1734=VECTOR('',#4627,1.);
#1735=VECTOR('',#4628,1.);
#1736=VECTOR('',#4629,1.);
#1737=VECTOR('',#4630,1.);
#1738=VECTOR('',#4643,1.);
#1739=VECTOR('',#4644,1.);
#1740=VECTOR('',#4651,1.);
#1741=VECTOR('',#4676,1.);
#1742=VECTOR('',#4699,1.);
#1743=VECTOR('',#4700,1.);
#1744=VECTOR('',#4701,1.);
#1745=VECTOR('',#4702,1.);
#1746=VECTOR('',#4703,1.);
#1747=VECTOR('',#4704,1.);
#1748=VECTOR('',#4705,1.);
#1749=VECTOR('',#4706,1.);
#1750=VECTOR('',#4707,1.);
#1751=VECTOR('',#4708,1.);
#1752=VECTOR('',#4709,1.);
#1753=VECTOR('',#4710,1.);
#1754=VECTOR('',#4711,1.);
#1755=VECTOR('',#4714,1.);
#1756=VECTOR('',#4717,1.);
#1757=VECTOR('',#4720,1.);
#1758=VECTOR('',#4725,1.);
#1759=VECTOR('',#4734,1.);
#1760=VECTOR('',#4741,1.);
#1761=VECTOR('',#4773,1.);
#1762=VECTOR('',#4794,1.);
#1763=VECTOR('',#4795,1.);
#1764=VECTOR('',#4796,1.);
#1765=VECTOR('',#4799,1.);
#1766=VECTOR('',#4800,1.);
#1767=VECTOR('',#4803,1.);
#1768=VECTOR('',#4804,1.);
#1769=VECTOR('',#4807,1.);
#1770=VECTOR('',#4830,1.);
#1771=VECTOR('',#4831,1.);
#1772=VECTOR('',#4832,1.);
#1773=VECTOR('',#4833,1.);
#1774=VECTOR('',#4834,1.);
#1775=VECTOR('',#4837,1.);
#1776=VECTOR('',#4838,1.);
#1777=VECTOR('',#4841,1.);
#1778=VECTOR('',#4842,1.);
#1779=VECTOR('',#4845,1.);
#1780=VECTOR('',#4846,1.);
#1781=VECTOR('',#4849,1.);
#1782=VECTOR('',#4850,1.);
#1783=VECTOR('',#4853,1.);
#1784=VECTOR('',#4856,1.);
#1785=VECTOR('',#4857,1.);
#1786=VECTOR('',#4858,1.);
#1787=VECTOR('',#4859,1.);
#1788=VECTOR('',#4862,1.);
#1789=VECTOR('',#4863,1.);
#1790=VECTOR('',#4864,1.);
#1791=VECTOR('',#4873,1.);
#1792=VECTOR('',#4876,1.);
#1793=VECTOR('',#4879,1.);
#1794=VECTOR('',#4886,1.);
#1795=VECTOR('',#4889,1.);
#1796=ORIENTED_EDGE('',*,*,#3080,.F.);
#1797=ORIENTED_EDGE('',*,*,#3081,.F.);
#1798=ORIENTED_EDGE('',*,*,#3082,.F.);
#1799=ORIENTED_EDGE('',*,*,#3083,.F.);
#1800=ORIENTED_EDGE('',*,*,#3084,.F.);
#1801=ORIENTED_EDGE('',*,*,#3085,.F.);
#1802=ORIENTED_EDGE('',*,*,#3086,.T.);
#1803=ORIENTED_EDGE('',*,*,#3087,.F.);
#1804=ORIENTED_EDGE('',*,*,#3088,.F.);
#1805=ORIENTED_EDGE('',*,*,#3089,.F.);
#1806=ORIENTED_EDGE('',*,*,#3090,.T.);
#1807=ORIENTED_EDGE('',*,*,#3091,.F.);
#1808=ORIENTED_EDGE('',*,*,#3092,.F.);
#1809=ORIENTED_EDGE('',*,*,#3093,.T.);
#1810=ORIENTED_EDGE('',*,*,#3094,.F.);
#1811=ORIENTED_EDGE('',*,*,#3095,.F.);
#1812=ORIENTED_EDGE('',*,*,#3096,.F.);
#1813=ORIENTED_EDGE('',*,*,#3097,.F.);
#1814=ORIENTED_EDGE('',*,*,#3098,.T.);
#1815=ORIENTED_EDGE('',*,*,#3099,.F.);
#1816=ORIENTED_EDGE('',*,*,#3100,.F.);
#1817=ORIENTED_EDGE('',*,*,#3101,.F.);
#1818=ORIENTED_EDGE('',*,*,#3102,.F.);
#1819=ORIENTED_EDGE('',*,*,#3103,.F.);
#1820=ORIENTED_EDGE('',*,*,#3104,.F.);
#1821=ORIENTED_EDGE('',*,*,#3105,.T.);
#1822=ORIENTED_EDGE('',*,*,#3106,.T.);
#1823=ORIENTED_EDGE('',*,*,#3107,.T.);
#1824=ORIENTED_EDGE('',*,*,#3108,.T.);
#1825=ORIENTED_EDGE('',*,*,#3109,.T.);
#1826=ORIENTED_EDGE('',*,*,#3110,.F.);
#1827=ORIENTED_EDGE('',*,*,#3111,.T.);
#1828=ORIENTED_EDGE('',*,*,#3112,.T.);
#1829=ORIENTED_EDGE('',*,*,#3113,.T.);
#1830=ORIENTED_EDGE('',*,*,#3114,.F.);
#1831=ORIENTED_EDGE('',*,*,#3115,.T.);
#1832=ORIENTED_EDGE('',*,*,#3116,.F.);
#1833=ORIENTED_EDGE('',*,*,#3117,.F.);
#1834=ORIENTED_EDGE('',*,*,#3118,.T.);
#1835=ORIENTED_EDGE('',*,*,#3119,.T.);
#1836=ORIENTED_EDGE('',*,*,#3120,.F.);
#1837=ORIENTED_EDGE('',*,*,#3081,.T.);
#1838=ORIENTED_EDGE('',*,*,#3121,.F.);
#1839=ORIENTED_EDGE('',*,*,#3122,.T.);
#1840=ORIENTED_EDGE('',*,*,#3123,.T.);
#1841=ORIENTED_EDGE('',*,*,#3124,.F.);
#1842=ORIENTED_EDGE('',*,*,#3113,.F.);
#1843=ORIENTED_EDGE('',*,*,#3125,.T.);
#1844=ORIENTED_EDGE('',*,*,#3126,.T.);
#1845=ORIENTED_EDGE('',*,*,#3127,.T.);
#1846=ORIENTED_EDGE('',*,*,#3123,.F.);
#1847=ORIENTED_EDGE('',*,*,#3128,.T.);
#1848=ORIENTED_EDGE('',*,*,#3129,.T.);
#1849=ORIENTED_EDGE('',*,*,#3130,.F.);
#1850=ORIENTED_EDGE('',*,*,#3126,.F.);
#1851=ORIENTED_EDGE('',*,*,#3131,.T.);
#1852=ORIENTED_EDGE('',*,*,#3132,.F.);
#1853=ORIENTED_EDGE('',*,*,#3133,.T.);
#1854=ORIENTED_EDGE('',*,*,#3134,.F.);
#1855=ORIENTED_EDGE('',*,*,#3135,.F.);
#1856=ORIENTED_EDGE('',*,*,#3136,.T.);
#1857=ORIENTED_EDGE('',*,*,#3137,.F.);
#1858=ORIENTED_EDGE('',*,*,#3087,.T.);
#1859=ORIENTED_EDGE('',*,*,#3138,.T.);
#1860=ORIENTED_EDGE('',*,*,#3139,.T.);
#1861=ORIENTED_EDGE('',*,*,#3138,.F.);
#1862=ORIENTED_EDGE('',*,*,#3086,.F.);
#1863=ORIENTED_EDGE('',*,*,#3140,.T.);
#1864=ORIENTED_EDGE('',*,*,#3141,.T.);
#1865=ORIENTED_EDGE('',*,*,#3142,.T.);
#1866=ORIENTED_EDGE('',*,*,#3099,.T.);
#1867=ORIENTED_EDGE('',*,*,#3143,.F.);
#1868=ORIENTED_EDGE('',*,*,#3144,.T.);
#1869=ORIENTED_EDGE('',*,*,#3145,.F.);
#1870=ORIENTED_EDGE('',*,*,#3083,.T.);
#1871=ORIENTED_EDGE('',*,*,#3146,.F.);
#1872=ORIENTED_EDGE('',*,*,#3147,.T.);
#1873=ORIENTED_EDGE('',*,*,#3148,.F.);
#1874=ORIENTED_EDGE('',*,*,#3095,.T.);
#1875=ORIENTED_EDGE('',*,*,#3149,.T.);
#1876=ORIENTED_EDGE('',*,*,#3150,.F.);
#1877=ORIENTED_EDGE('',*,*,#3151,.F.);
#1878=ORIENTED_EDGE('',*,*,#3152,.F.);
#1879=ORIENTED_EDGE('',*,*,#3096,.T.);
#1880=ORIENTED_EDGE('',*,*,#3148,.T.);
#1881=ORIENTED_EDGE('',*,*,#3153,.T.);
#1882=ORIENTED_EDGE('',*,*,#3154,.T.);
#1883=ORIENTED_EDGE('',*,*,#3080,.T.);
#1884=ORIENTED_EDGE('',*,*,#3155,.T.);
#1885=ORIENTED_EDGE('',*,*,#3156,.F.);
#1886=ORIENTED_EDGE('',*,*,#3121,.T.);
#1887=ORIENTED_EDGE('',*,*,#3082,.T.);
#1888=ORIENTED_EDGE('',*,*,#3120,.T.);
#1889=ORIENTED_EDGE('',*,*,#3157,.F.);
#1890=ORIENTED_EDGE('',*,*,#3146,.T.);
#1891=ORIENTED_EDGE('',*,*,#3084,.T.);
#1892=ORIENTED_EDGE('',*,*,#3145,.T.);
#1893=ORIENTED_EDGE('',*,*,#3158,.F.);
#1894=ORIENTED_EDGE('',*,*,#3159,.F.);
#1895=ORIENTED_EDGE('',*,*,#3112,.F.);
#1896=ORIENTED_EDGE('',*,*,#3160,.T.);
#1897=ORIENTED_EDGE('',*,*,#3161,.T.);
#1898=ORIENTED_EDGE('',*,*,#3162,.T.);
#1899=ORIENTED_EDGE('',*,*,#3163,.F.);
#1900=ORIENTED_EDGE('',*,*,#3164,.F.);
#1901=ORIENTED_EDGE('',*,*,#3165,.F.);
#1902=ORIENTED_EDGE('',*,*,#3166,.F.);
#1903=ORIENTED_EDGE('',*,*,#3136,.F.);
#1904=ORIENTED_EDGE('',*,*,#3167,.F.);
#1905=ORIENTED_EDGE('',*,*,#3168,.F.);
#1906=ORIENTED_EDGE('',*,*,#3169,.F.);
#1907=ORIENTED_EDGE('',*,*,#3170,.F.);
#1908=ORIENTED_EDGE('',*,*,#3171,.F.);
#1909=ORIENTED_EDGE('',*,*,#3172,.T.);
#1910=ORIENTED_EDGE('',*,*,#3173,.F.);
#1911=ORIENTED_EDGE('',*,*,#3174,.F.);
#1912=ORIENTED_EDGE('',*,*,#3175,.F.);
#1913=ORIENTED_EDGE('',*,*,#3176,.F.);
#1914=ORIENTED_EDGE('',*,*,#3177,.F.);
#1915=ORIENTED_EDGE('',*,*,#3178,.T.);
#1916=ORIENTED_EDGE('',*,*,#3179,.F.);
#1917=ORIENTED_EDGE('',*,*,#3139,.F.);
#1918=ORIENTED_EDGE('',*,*,#3141,.F.);
#1919=ORIENTED_EDGE('',*,*,#3180,.F.);
#1920=ORIENTED_EDGE('',*,*,#3158,.T.);
#1921=ORIENTED_EDGE('',*,*,#3147,.F.);
#1922=ORIENTED_EDGE('',*,*,#3157,.T.);
#1923=ORIENTED_EDGE('',*,*,#3122,.F.);
#1924=ORIENTED_EDGE('',*,*,#3156,.T.);
#1925=ORIENTED_EDGE('',*,*,#3181,.F.);
#1926=ORIENTED_EDGE('',*,*,#3182,.F.);
#1927=ORIENTED_EDGE('',*,*,#3183,.T.);
#1928=ORIENTED_EDGE('',*,*,#3184,.F.);
#1929=ORIENTED_EDGE('',*,*,#3185,.T.);
#1930=ORIENTED_EDGE('',*,*,#3186,.F.);
#1931=ORIENTED_EDGE('',*,*,#3187,.T.);
#1932=ORIENTED_EDGE('',*,*,#3144,.F.);
#1933=ORIENTED_EDGE('',*,*,#3188,.F.);
#1934=ORIENTED_EDGE('',*,*,#3189,.F.);
#1935=ORIENTED_EDGE('',*,*,#3153,.F.);
#1936=ORIENTED_EDGE('',*,*,#3152,.T.);
#1937=ORIENTED_EDGE('',*,*,#3190,.F.);
#1938=ORIENTED_EDGE('',*,*,#3191,.F.);
#1939=ORIENTED_EDGE('',*,*,#3192,.F.);
#1940=ORIENTED_EDGE('',*,*,#3193,.F.);
#1941=ORIENTED_EDGE('',*,*,#3194,.F.);
#1942=ORIENTED_EDGE('',*,*,#3195,.T.);
#1943=ORIENTED_EDGE('',*,*,#3196,.F.);
#1944=ORIENTED_EDGE('',*,*,#3197,.F.);
#1945=ORIENTED_EDGE('',*,*,#3198,.F.);
#1946=ORIENTED_EDGE('',*,*,#3199,.F.);
#1947=ORIENTED_EDGE('',*,*,#3200,.F.);
#1948=ORIENTED_EDGE('',*,*,#3201,.F.);
#1949=ORIENTED_EDGE('',*,*,#3131,.F.);
#1950=ORIENTED_EDGE('',*,*,#3128,.F.);
#1951=ORIENTED_EDGE('',*,*,#3125,.F.);
#1952=ORIENTED_EDGE('',*,*,#3202,.F.);
#1953=ORIENTED_EDGE('',*,*,#3203,.F.);
#1954=ORIENTED_EDGE('',*,*,#3204,.F.);
#1955=ORIENTED_EDGE('',*,*,#3205,.F.);
#1956=ORIENTED_EDGE('',*,*,#3206,.F.);
#1957=ORIENTED_EDGE('',*,*,#3207,.F.);
#1958=ORIENTED_EDGE('',*,*,#3208,.F.);
#1959=ORIENTED_EDGE('',*,*,#3209,.F.);
#1960=ORIENTED_EDGE('',*,*,#3210,.F.);
#1961=ORIENTED_EDGE('',*,*,#3211,.F.);
#1962=ORIENTED_EDGE('',*,*,#3212,.F.);
#1963=ORIENTED_EDGE('',*,*,#3213,.F.);
#1964=ORIENTED_EDGE('',*,*,#3214,.F.);
#1965=ORIENTED_EDGE('',*,*,#3215,.F.);
#1966=ORIENTED_EDGE('',*,*,#3216,.F.);
#1967=ORIENTED_EDGE('',*,*,#3217,.F.);
#1968=ORIENTED_EDGE('',*,*,#3218,.F.);
#1969=ORIENTED_EDGE('',*,*,#3219,.F.);
#1970=ORIENTED_EDGE('',*,*,#3220,.F.);
#1971=ORIENTED_EDGE('',*,*,#3221,.F.);
#1972=ORIENTED_EDGE('',*,*,#3222,.F.);
#1973=ORIENTED_EDGE('',*,*,#3223,.F.);
#1974=ORIENTED_EDGE('',*,*,#3103,.T.);
#1975=ORIENTED_EDGE('',*,*,#3224,.F.);
#1976=ORIENTED_EDGE('',*,*,#3184,.T.);
#1977=ORIENTED_EDGE('',*,*,#3155,.F.);
#1978=ORIENTED_EDGE('',*,*,#3105,.F.);
#1979=ORIENTED_EDGE('',*,*,#3225,.F.);
#1980=ORIENTED_EDGE('',*,*,#3182,.T.);
#1981=ORIENTED_EDGE('',*,*,#3181,.T.);
#1982=ORIENTED_EDGE('',*,*,#3163,.T.);
#1983=ORIENTED_EDGE('',*,*,#3226,.T.);
#1984=ORIENTED_EDGE('',*,*,#3227,.F.);
#1985=ORIENTED_EDGE('',*,*,#3228,.T.);
#1986=ORIENTED_EDGE('',*,*,#3228,.F.);
#1987=ORIENTED_EDGE('',*,*,#3229,.F.);
#1988=ORIENTED_EDGE('',*,*,#3230,.T.);
#1989=ORIENTED_EDGE('',*,*,#3164,.T.);
#1990=ORIENTED_EDGE('',*,*,#3230,.F.);
#1991=ORIENTED_EDGE('',*,*,#3231,.T.);
#1992=ORIENTED_EDGE('',*,*,#3232,.T.);
#1993=ORIENTED_EDGE('',*,*,#3165,.T.);
#1994=ORIENTED_EDGE('',*,*,#3232,.F.);
#1995=ORIENTED_EDGE('',*,*,#3233,.F.);
#1996=ORIENTED_EDGE('',*,*,#3132,.T.);
#1997=ORIENTED_EDGE('',*,*,#3166,.T.);
#1998=ORIENTED_EDGE('',*,*,#3234,.F.);
#1999=ORIENTED_EDGE('',*,*,#3235,.T.);
#2000=ORIENTED_EDGE('',*,*,#3129,.F.);
#2001=ORIENTED_EDGE('',*,*,#3201,.T.);
#2002=ORIENTED_EDGE('',*,*,#3236,.F.);
#2003=ORIENTED_EDGE('',*,*,#3237,.T.);
#2004=ORIENTED_EDGE('',*,*,#3097,.T.);
#2005=ORIENTED_EDGE('',*,*,#3154,.F.);
#2006=ORIENTED_EDGE('',*,*,#3189,.T.);
#2007=ORIENTED_EDGE('',*,*,#3143,.T.);
#2008=ORIENTED_EDGE('',*,*,#3098,.F.);
#2009=ORIENTED_EDGE('',*,*,#3237,.F.);
#2010=ORIENTED_EDGE('',*,*,#3188,.T.);
#2011=ORIENTED_EDGE('',*,*,#3140,.F.);
#2012=ORIENTED_EDGE('',*,*,#3085,.T.);
#2013=ORIENTED_EDGE('',*,*,#3159,.T.);
#2014=ORIENTED_EDGE('',*,*,#3180,.T.);
#2015=ORIENTED_EDGE('',*,*,#3238,.F.);
#2016=ORIENTED_EDGE('',*,*,#3101,.T.);
#2017=ORIENTED_EDGE('',*,*,#3239,.F.);
#2018=ORIENTED_EDGE('',*,*,#3186,.T.);
#2019=ORIENTED_EDGE('',*,*,#3240,.T.);
#2020=ORIENTED_EDGE('',*,*,#3089,.T.);
#2021=ORIENTED_EDGE('',*,*,#3241,.F.);
#2022=ORIENTED_EDGE('',*,*,#3178,.F.);
#2023=ORIENTED_EDGE('',*,*,#3242,.F.);
#2024=ORIENTED_EDGE('',*,*,#3243,.F.);
#2025=ORIENTED_EDGE('',*,*,#3088,.T.);
#2026=ORIENTED_EDGE('',*,*,#3137,.T.);
#2027=ORIENTED_EDGE('',*,*,#3179,.T.);
#2028=ORIENTED_EDGE('',*,*,#3241,.T.);
#2029=ORIENTED_EDGE('',*,*,#3104,.T.);
#2030=ORIENTED_EDGE('',*,*,#3223,.T.);
#2031=ORIENTED_EDGE('',*,*,#3183,.F.);
#2032=ORIENTED_EDGE('',*,*,#3225,.T.);
#2033=ORIENTED_EDGE('',*,*,#3102,.T.);
#2034=ORIENTED_EDGE('',*,*,#3238,.T.);
#2035=ORIENTED_EDGE('',*,*,#3185,.F.);
#2036=ORIENTED_EDGE('',*,*,#3224,.T.);
#2037=ORIENTED_EDGE('',*,*,#3100,.T.);
#2038=ORIENTED_EDGE('',*,*,#3142,.F.);
#2039=ORIENTED_EDGE('',*,*,#3187,.F.);
#2040=ORIENTED_EDGE('',*,*,#3239,.T.);
#2041=ORIENTED_EDGE('',*,*,#3244,.F.);
#2042=ORIENTED_EDGE('',*,*,#3245,.T.);
#2043=ORIENTED_EDGE('',*,*,#3167,.T.);
#2044=ORIENTED_EDGE('',*,*,#3135,.T.);
#2045=ORIENTED_EDGE('',*,*,#3200,.T.);
#2046=ORIENTED_EDGE('',*,*,#3246,.T.);
#2047=ORIENTED_EDGE('',*,*,#3247,.F.);
#2048=ORIENTED_EDGE('',*,*,#3236,.T.);
#2049=ORIENTED_EDGE('',*,*,#3248,.F.);
#2050=ORIENTED_EDGE('',*,*,#3249,.F.);
#2051=ORIENTED_EDGE('',*,*,#3250,.F.);
#2052=ORIENTED_EDGE('',*,*,#3190,.T.);
#2053=ORIENTED_EDGE('',*,*,#3151,.T.);
#2054=ORIENTED_EDGE('',*,*,#3177,.T.);
#2055=ORIENTED_EDGE('',*,*,#3251,.F.);
#2056=ORIENTED_EDGE('',*,*,#3252,.F.);
#2057=ORIENTED_EDGE('',*,*,#3253,.F.);
#2058=ORIENTED_EDGE('',*,*,#3242,.T.);
#2059=ORIENTED_EDGE('',*,*,#3090,.F.);
#2060=ORIENTED_EDGE('',*,*,#3240,.F.);
#2061=ORIENTED_EDGE('',*,*,#3254,.T.);
#2062=ORIENTED_EDGE('',*,*,#3255,.T.);
#2063=ORIENTED_EDGE('',*,*,#3094,.T.);
#2064=ORIENTED_EDGE('',*,*,#3256,.T.);
#2065=ORIENTED_EDGE('',*,*,#3257,.T.);
#2066=ORIENTED_EDGE('',*,*,#3258,.T.);
#2067=ORIENTED_EDGE('',*,*,#3149,.F.);
#2068=ORIENTED_EDGE('',*,*,#3259,.F.);
#2069=ORIENTED_EDGE('',*,*,#3251,.T.);
#2070=ORIENTED_EDGE('',*,*,#3176,.T.);
#2071=ORIENTED_EDGE('',*,*,#3260,.F.);
#2072=ORIENTED_EDGE('',*,*,#3261,.F.);
#2073=ORIENTED_EDGE('',*,*,#3262,.F.);
#2074=ORIENTED_EDGE('',*,*,#3263,.F.);
#2075=ORIENTED_EDGE('',*,*,#3168,.T.);
#2076=ORIENTED_EDGE('',*,*,#3245,.F.);
#2077=ORIENTED_EDGE('',*,*,#3264,.F.);
#2078=ORIENTED_EDGE('',*,*,#3260,.T.);
#2079=ORIENTED_EDGE('',*,*,#3175,.T.);
#2080=ORIENTED_EDGE('',*,*,#3265,.F.);
#2081=ORIENTED_EDGE('',*,*,#3266,.F.);
#2082=ORIENTED_EDGE('',*,*,#3191,.T.);
#2083=ORIENTED_EDGE('',*,*,#3250,.T.);
#2084=ORIENTED_EDGE('',*,*,#3267,.F.);
#2085=ORIENTED_EDGE('',*,*,#3268,.F.);
#2086=ORIENTED_EDGE('',*,*,#3269,.F.);
#2087=ORIENTED_EDGE('',*,*,#3246,.F.);
#2088=ORIENTED_EDGE('',*,*,#3199,.T.);
#2089=ORIENTED_EDGE('',*,*,#3270,.F.);
#2090=ORIENTED_EDGE('',*,*,#3192,.T.);
#2091=ORIENTED_EDGE('',*,*,#3266,.T.);
#2092=ORIENTED_EDGE('',*,*,#3134,.T.);
#2093=ORIENTED_EDGE('',*,*,#3271,.T.);
#2094=ORIENTED_EDGE('',*,*,#3272,.F.);
#2095=ORIENTED_EDGE('',*,*,#3261,.T.);
#2096=ORIENTED_EDGE('',*,*,#3244,.T.);
#2097=ORIENTED_EDGE('',*,*,#3273,.T.);
#2098=ORIENTED_EDGE('',*,*,#3274,.T.);
#2099=ORIENTED_EDGE('',*,*,#3234,.T.);
#2100=ORIENTED_EDGE('',*,*,#3247,.T.);
#2101=ORIENTED_EDGE('',*,*,#3269,.T.);
#2102=ORIENTED_EDGE('',*,*,#3253,.T.);
#2103=ORIENTED_EDGE('',*,*,#3275,.T.);
#2104=ORIENTED_EDGE('',*,*,#3254,.F.);
#2105=ORIENTED_EDGE('',*,*,#3243,.T.);
#2106=ORIENTED_EDGE('',*,*,#3258,.F.);
#2107=ORIENTED_EDGE('',*,*,#3276,.F.);
#2108=ORIENTED_EDGE('',*,*,#3248,.T.);
#2109=ORIENTED_EDGE('',*,*,#3150,.T.);
#2110=ORIENTED_EDGE('',*,*,#3272,.T.);
#2111=ORIENTED_EDGE('',*,*,#3277,.F.);
#2112=ORIENTED_EDGE('',*,*,#3278,.F.);
#2113=ORIENTED_EDGE('',*,*,#3262,.T.);
#2114=ORIENTED_EDGE('',*,*,#3279,.T.);
#2115=ORIENTED_EDGE('',*,*,#3280,.T.);
#2116=ORIENTED_EDGE('',*,*,#3281,.T.);
#2117=ORIENTED_EDGE('',*,*,#3282,.T.);
#2118=ORIENTED_EDGE('',*,*,#3283,.T.);
#2119=ORIENTED_EDGE('',*,*,#3169,.T.);
#2120=ORIENTED_EDGE('',*,*,#3263,.T.);
#2121=ORIENTED_EDGE('',*,*,#3278,.T.);
#2122=ORIENTED_EDGE('',*,*,#3284,.T.);
#2123=ORIENTED_EDGE('',*,*,#3285,.F.);
#2124=ORIENTED_EDGE('',*,*,#3267,.T.);
#2125=ORIENTED_EDGE('',*,*,#3198,.T.);
#2126=ORIENTED_EDGE('',*,*,#3286,.F.);
#2127=ORIENTED_EDGE('',*,*,#3285,.T.);
#2128=ORIENTED_EDGE('',*,*,#3287,.T.);
#2129=ORIENTED_EDGE('',*,*,#3273,.F.);
#2130=ORIENTED_EDGE('',*,*,#3268,.T.);
#2131=ORIENTED_EDGE('',*,*,#3195,.F.);
#2132=ORIENTED_EDGE('',*,*,#3288,.T.);
#2133=ORIENTED_EDGE('',*,*,#3289,.T.);
#2134=ORIENTED_EDGE('',*,*,#3172,.F.);
#2135=ORIENTED_EDGE('',*,*,#3290,.T.);
#2136=ORIENTED_EDGE('',*,*,#3291,.T.);
#2137=ORIENTED_EDGE('',*,*,#3093,.F.);
#2138=ORIENTED_EDGE('',*,*,#3292,.T.);
#2139=ORIENTED_EDGE('',*,*,#3293,.T.);
#2140=ORIENTED_EDGE('',*,*,#3256,.F.);
#2141=ORIENTED_EDGE('',*,*,#3294,.F.);
#2142=ORIENTED_EDGE('',*,*,#3295,.T.);
#2143=ORIENTED_EDGE('',*,*,#3296,.F.);
#2144=ORIENTED_EDGE('',*,*,#3290,.F.);
#2145=ORIENTED_EDGE('',*,*,#3171,.T.);
#2146=ORIENTED_EDGE('',*,*,#3297,.F.);
#2147=ORIENTED_EDGE('',*,*,#3283,.F.);
#2148=ORIENTED_EDGE('',*,*,#3298,.T.);
#2149=ORIENTED_EDGE('',*,*,#3299,.F.);
#2150=ORIENTED_EDGE('',*,*,#3297,.T.);
#2151=ORIENTED_EDGE('',*,*,#3170,.T.);
#2152=ORIENTED_EDGE('',*,*,#3281,.F.);
#2153=ORIENTED_EDGE('',*,*,#3300,.T.);
#2154=ORIENTED_EDGE('',*,*,#3279,.F.);
#2155=ORIENTED_EDGE('',*,*,#3301,.T.);
#2156=ORIENTED_EDGE('',*,*,#3292,.F.);
#2157=ORIENTED_EDGE('',*,*,#3092,.T.);
#2158=ORIENTED_EDGE('',*,*,#3302,.T.);
#2159=ORIENTED_EDGE('',*,*,#3303,.F.);
#2160=ORIENTED_EDGE('',*,*,#3304,.F.);
#2161=ORIENTED_EDGE('',*,*,#3286,.T.);
#2162=ORIENTED_EDGE('',*,*,#3197,.T.);
#2163=ORIENTED_EDGE('',*,*,#3305,.F.);
#2164=ORIENTED_EDGE('',*,*,#3306,.T.);
#2165=ORIENTED_EDGE('',*,*,#3307,.F.);
#2166=ORIENTED_EDGE('',*,*,#3303,.T.);
#2167=ORIENTED_EDGE('',*,*,#3196,.T.);
#2168=ORIENTED_EDGE('',*,*,#3289,.F.);
#2169=ORIENTED_EDGE('',*,*,#3296,.T.);
#2170=ORIENTED_EDGE('',*,*,#3308,.T.);
#2171=ORIENTED_EDGE('',*,*,#3294,.T.);
#2172=ORIENTED_EDGE('',*,*,#3299,.T.);
#2173=ORIENTED_EDGE('',*,*,#3309,.T.);
#2174=ORIENTED_EDGE('',*,*,#3173,.T.);
#2175=ORIENTED_EDGE('',*,*,#3291,.F.);
#2176=ORIENTED_EDGE('',*,*,#3302,.F.);
#2177=ORIENTED_EDGE('',*,*,#3091,.T.);
#2178=ORIENTED_EDGE('',*,*,#3255,.F.);
#2179=ORIENTED_EDGE('',*,*,#3275,.F.);
#2180=ORIENTED_EDGE('',*,*,#3252,.T.);
#2181=ORIENTED_EDGE('',*,*,#3259,.T.);
#2182=ORIENTED_EDGE('',*,*,#3264,.T.);
#2183=ORIENTED_EDGE('',*,*,#3174,.T.);
#2184=ORIENTED_EDGE('',*,*,#3309,.F.);
#2185=ORIENTED_EDGE('',*,*,#3298,.F.);
#2186=ORIENTED_EDGE('',*,*,#3282,.F.);
#2187=ORIENTED_EDGE('',*,*,#3276,.T.);
#2188=ORIENTED_EDGE('',*,*,#3257,.F.);
#2189=ORIENTED_EDGE('',*,*,#3293,.F.);
#2190=ORIENTED_EDGE('',*,*,#3301,.F.);
#2191=ORIENTED_EDGE('',*,*,#3304,.T.);
#2192=ORIENTED_EDGE('',*,*,#3310,.T.);
#2193=ORIENTED_EDGE('',*,*,#3193,.T.);
#2194=ORIENTED_EDGE('',*,*,#3270,.T.);
#2195=ORIENTED_EDGE('',*,*,#3265,.T.);
#2196=ORIENTED_EDGE('',*,*,#3249,.T.);
#2197=ORIENTED_EDGE('',*,*,#3307,.T.);
#2198=ORIENTED_EDGE('',*,*,#3311,.T.);
#2199=ORIENTED_EDGE('',*,*,#3305,.T.);
#2200=ORIENTED_EDGE('',*,*,#3288,.F.);
#2201=ORIENTED_EDGE('',*,*,#3194,.T.);
#2202=ORIENTED_EDGE('',*,*,#3310,.F.);
#2203=ORIENTED_EDGE('',*,*,#3312,.F.);
#2204=ORIENTED_EDGE('',*,*,#3212,.T.);
#2205=ORIENTED_EDGE('',*,*,#3312,.T.);
#2206=ORIENTED_EDGE('',*,*,#3313,.F.);
#2207=ORIENTED_EDGE('',*,*,#3211,.T.);
#2208=ORIENTED_EDGE('',*,*,#3313,.T.);
#2209=ORIENTED_EDGE('',*,*,#3314,.F.);
#2210=ORIENTED_EDGE('',*,*,#3213,.T.);
#2211=ORIENTED_EDGE('',*,*,#3314,.T.);
#2212=ORIENTED_EDGE('',*,*,#3315,.F.);
#2213=ORIENTED_EDGE('',*,*,#3210,.T.);
#2214=ORIENTED_EDGE('',*,*,#3315,.T.);
#2215=ORIENTED_EDGE('',*,*,#3316,.F.);
#2216=ORIENTED_EDGE('',*,*,#3214,.T.);
#2217=ORIENTED_EDGE('',*,*,#3316,.T.);
#2218=ORIENTED_EDGE('',*,*,#3317,.F.);
#2219=ORIENTED_EDGE('',*,*,#3209,.T.);
#2220=ORIENTED_EDGE('',*,*,#3317,.T.);
#2221=ORIENTED_EDGE('',*,*,#3318,.F.);
#2222=ORIENTED_EDGE('',*,*,#3215,.T.);
#2223=ORIENTED_EDGE('',*,*,#3318,.T.);
#2224=ORIENTED_EDGE('',*,*,#3319,.F.);
#2225=ORIENTED_EDGE('',*,*,#3208,.T.);
#2226=ORIENTED_EDGE('',*,*,#3319,.T.);
#2227=ORIENTED_EDGE('',*,*,#3320,.F.);
#2228=ORIENTED_EDGE('',*,*,#3216,.T.);
#2229=ORIENTED_EDGE('',*,*,#3320,.T.);
#2230=ORIENTED_EDGE('',*,*,#3321,.F.);
#2231=ORIENTED_EDGE('',*,*,#3207,.T.);
#2232=ORIENTED_EDGE('',*,*,#3321,.T.);
#2233=ORIENTED_EDGE('',*,*,#3322,.F.);
#2234=ORIENTED_EDGE('',*,*,#3217,.T.);
#2235=ORIENTED_EDGE('',*,*,#3322,.T.);
#2236=ORIENTED_EDGE('',*,*,#3323,.F.);
#2237=ORIENTED_EDGE('',*,*,#3206,.T.);
#2238=ORIENTED_EDGE('',*,*,#3323,.T.);
#2239=ORIENTED_EDGE('',*,*,#3324,.F.);
#2240=ORIENTED_EDGE('',*,*,#3218,.T.);
#2241=ORIENTED_EDGE('',*,*,#3324,.T.);
#2242=ORIENTED_EDGE('',*,*,#3325,.F.);
#2243=ORIENTED_EDGE('',*,*,#3205,.T.);
#2244=ORIENTED_EDGE('',*,*,#3325,.T.);
#2245=ORIENTED_EDGE('',*,*,#3326,.F.);
#2246=ORIENTED_EDGE('',*,*,#3219,.T.);
#2247=ORIENTED_EDGE('',*,*,#3326,.T.);
#2248=ORIENTED_EDGE('',*,*,#3327,.F.);
#2249=ORIENTED_EDGE('',*,*,#3204,.T.);
#2250=ORIENTED_EDGE('',*,*,#3327,.T.);
#2251=ORIENTED_EDGE('',*,*,#3328,.F.);
#2252=ORIENTED_EDGE('',*,*,#3220,.T.);
#2253=ORIENTED_EDGE('',*,*,#3328,.T.);
#2254=ORIENTED_EDGE('',*,*,#3329,.F.);
#2255=ORIENTED_EDGE('',*,*,#3203,.T.);
#2256=ORIENTED_EDGE('',*,*,#3329,.T.);
#2257=ORIENTED_EDGE('',*,*,#3330,.F.);
#2258=ORIENTED_EDGE('',*,*,#3221,.T.);
#2259=ORIENTED_EDGE('',*,*,#3330,.T.);
#2260=ORIENTED_EDGE('',*,*,#3331,.F.);
#2261=ORIENTED_EDGE('',*,*,#3202,.T.);
#2262=ORIENTED_EDGE('',*,*,#3331,.T.);
#2263=ORIENTED_EDGE('',*,*,#3332,.F.);
#2264=ORIENTED_EDGE('',*,*,#3222,.T.);
#2265=ORIENTED_EDGE('',*,*,#3332,.T.);
#2266=ORIENTED_EDGE('',*,*,#3116,.T.);
#2267=ORIENTED_EDGE('',*,*,#3333,.T.);
#2268=ORIENTED_EDGE('',*,*,#3110,.T.);
#2269=ORIENTED_EDGE('',*,*,#3124,.T.);
#2270=ORIENTED_EDGE('',*,*,#3127,.F.);
#2271=ORIENTED_EDGE('',*,*,#3130,.T.);
#2272=ORIENTED_EDGE('',*,*,#3235,.F.);
#2273=ORIENTED_EDGE('',*,*,#3274,.F.);
#2274=ORIENTED_EDGE('',*,*,#3287,.F.);
#2275=ORIENTED_EDGE('',*,*,#3284,.F.);
#2276=ORIENTED_EDGE('',*,*,#3277,.T.);
#2277=ORIENTED_EDGE('',*,*,#3271,.F.);
#2278=ORIENTED_EDGE('',*,*,#3133,.F.);
#2279=ORIENTED_EDGE('',*,*,#3233,.T.);
#2280=ORIENTED_EDGE('',*,*,#3231,.F.);
#2281=ORIENTED_EDGE('',*,*,#3229,.T.);
#2282=ORIENTED_EDGE('',*,*,#3227,.T.);
#2283=ORIENTED_EDGE('',*,*,#3334,.T.);
#2284=ORIENTED_EDGE('',*,*,#3114,.T.);
#2285=ORIENTED_EDGE('',*,*,#3335,.T.);
#2286=ORIENTED_EDGE('',*,*,#3336,.T.);
#2287=ORIENTED_EDGE('',*,*,#3337,.F.);
#2288=ORIENTED_EDGE('',*,*,#3337,.T.);
#2289=ORIENTED_EDGE('',*,*,#3338,.F.);
#2290=ORIENTED_EDGE('',*,*,#3339,.T.);
#2291=ORIENTED_EDGE('',*,*,#3117,.T.);
#2292=ORIENTED_EDGE('',*,*,#3335,.F.);
#2293=ORIENTED_EDGE('',*,*,#3119,.F.);
#2294=ORIENTED_EDGE('',*,*,#3340,.T.);
#2295=ORIENTED_EDGE('',*,*,#3341,.T.);
#2296=ORIENTED_EDGE('',*,*,#3336,.F.);
#2297=ORIENTED_EDGE('',*,*,#3341,.F.);
#2298=ORIENTED_EDGE('',*,*,#3342,.T.);
#2299=ORIENTED_EDGE('',*,*,#3338,.T.);
#2300=ORIENTED_EDGE('',*,*,#3343,.T.);
#2301=ORIENTED_EDGE('',*,*,#3344,.T.);
#2302=ORIENTED_EDGE('',*,*,#3345,.T.);
#2303=ORIENTED_EDGE('',*,*,#3339,.F.);
#2304=ORIENTED_EDGE('',*,*,#3342,.F.);
#2305=ORIENTED_EDGE('',*,*,#3340,.F.);
#2306=ORIENTED_EDGE('',*,*,#3118,.F.);
#2307=ORIENTED_EDGE('',*,*,#3346,.T.);
#2308=ORIENTED_EDGE('',*,*,#3161,.F.);
#2309=ORIENTED_EDGE('',*,*,#3111,.F.);
#2310=ORIENTED_EDGE('',*,*,#3333,.F.);
#2311=ORIENTED_EDGE('',*,*,#3115,.F.);
#2312=ORIENTED_EDGE('',*,*,#3334,.F.);
#2313=ORIENTED_EDGE('',*,*,#3226,.F.);
#2314=ORIENTED_EDGE('',*,*,#3162,.F.);
#2315=ORIENTED_EDGE('',*,*,#3346,.F.);
#2316=ORIENTED_EDGE('',*,*,#3160,.F.);
#2317=ORIENTED_EDGE('',*,*,#3106,.F.);
#2318=ORIENTED_EDGE('',*,*,#3347,.T.);
#2319=ORIENTED_EDGE('',*,*,#3348,.F.);
#2320=ORIENTED_EDGE('',*,*,#3349,.F.);
#2321=ORIENTED_EDGE('',*,*,#3107,.F.);
#2322=ORIENTED_EDGE('',*,*,#3349,.T.);
#2323=ORIENTED_EDGE('',*,*,#3350,.F.);
#2324=ORIENTED_EDGE('',*,*,#3351,.F.);
#2325=ORIENTED_EDGE('',*,*,#3108,.F.);
#2326=ORIENTED_EDGE('',*,*,#3351,.T.);
#2327=ORIENTED_EDGE('',*,*,#3352,.F.);
#2328=ORIENTED_EDGE('',*,*,#3353,.F.);
#2329=ORIENTED_EDGE('',*,*,#3109,.F.);
#2330=ORIENTED_EDGE('',*,*,#3353,.T.);
#2331=ORIENTED_EDGE('',*,*,#3354,.F.);
#2332=ORIENTED_EDGE('',*,*,#3347,.F.);
#2333=ORIENTED_EDGE('',*,*,#3348,.T.);
#2334=ORIENTED_EDGE('',*,*,#3354,.T.);
#2335=ORIENTED_EDGE('',*,*,#3352,.T.);
#2336=ORIENTED_EDGE('',*,*,#3350,.T.);
#2337=ORIENTED_EDGE('',*,*,#3345,.F.);
#2338=ORIENTED_EDGE('',*,*,#3311,.F.);
#2339=ORIENTED_EDGE('',*,*,#3306,.F.);
#2340=ORIENTED_EDGE('',*,*,#3344,.F.);
#2341=ORIENTED_EDGE('',*,*,#3308,.F.);
#2342=ORIENTED_EDGE('',*,*,#3295,.F.);
#2343=ORIENTED_EDGE('',*,*,#3343,.F.);
#2344=ORIENTED_EDGE('',*,*,#3300,.F.);
#2345=ORIENTED_EDGE('',*,*,#3280,.F.);
#2346=ORIENTED_EDGE('',*,*,#3355,.T.);
#2347=ORIENTED_EDGE('',*,*,#3356,.T.);
#2348=ORIENTED_EDGE('',*,*,#3357,.T.);
#2349=ORIENTED_EDGE('',*,*,#3358,.F.);
#2350=ORIENTED_EDGE('',*,*,#3359,.T.);
#2351=ORIENTED_EDGE('',*,*,#3360,.T.);
#2352=ORIENTED_EDGE('',*,*,#3361,.T.);
#2353=ORIENTED_EDGE('',*,*,#3362,.T.);
#2354=ORIENTED_EDGE('',*,*,#3363,.T.);
#2355=ORIENTED_EDGE('',*,*,#3364,.T.);
#2356=ORIENTED_EDGE('',*,*,#3365,.F.);
#2357=ORIENTED_EDGE('',*,*,#3366,.F.);
#2358=ORIENTED_EDGE('',*,*,#3367,.F.);
#2359=ORIENTED_EDGE('',*,*,#3357,.F.);
#2360=ORIENTED_EDGE('',*,*,#3368,.F.);
#2361=ORIENTED_EDGE('',*,*,#3355,.F.);
#2362=ORIENTED_EDGE('',*,*,#3369,.F.);
#2363=ORIENTED_EDGE('',*,*,#3370,.F.);
#2364=ORIENTED_EDGE('',*,*,#3371,.F.);
#2365=ORIENTED_EDGE('',*,*,#3363,.F.);
#2366=ORIENTED_EDGE('',*,*,#3372,.F.);
#2367=ORIENTED_EDGE('',*,*,#3373,.F.);
#2368=ORIENTED_EDGE('',*,*,#3374,.F.);
#2369=ORIENTED_EDGE('',*,*,#3361,.F.);
#2370=ORIENTED_EDGE('',*,*,#3375,.F.);
#2371=ORIENTED_EDGE('',*,*,#3376,.F.);
#2372=ORIENTED_EDGE('',*,*,#3377,.T.);
#2373=ORIENTED_EDGE('',*,*,#3358,.T.);
#2374=ORIENTED_EDGE('',*,*,#3367,.T.);
#2375=ORIENTED_EDGE('',*,*,#3378,.T.);
#2376=ORIENTED_EDGE('',*,*,#3379,.F.);
#2377=ORIENTED_EDGE('',*,*,#3380,.F.);
#2378=ORIENTED_EDGE('',*,*,#3381,.T.);
#2379=ORIENTED_EDGE('',*,*,#3382,.F.);
#2380=ORIENTED_EDGE('',*,*,#3383,.F.);
#2381=ORIENTED_EDGE('',*,*,#3384,.F.);
#2382=ORIENTED_EDGE('',*,*,#3385,.F.);
#2383=ORIENTED_EDGE('',*,*,#3386,.T.);
#2384=ORIENTED_EDGE('',*,*,#3387,.T.);
#2385=ORIENTED_EDGE('',*,*,#3388,.T.);
#2386=ORIENTED_EDGE('',*,*,#3370,.T.);
#2387=ORIENTED_EDGE('',*,*,#3389,.T.);
#2388=ORIENTED_EDGE('',*,*,#3390,.T.);
#2389=ORIENTED_EDGE('',*,*,#3391,.T.);
#2390=ORIENTED_EDGE('',*,*,#3373,.T.);
#2391=ORIENTED_EDGE('',*,*,#3392,.T.);
#2392=ORIENTED_EDGE('',*,*,#3393,.T.);
#2393=ORIENTED_EDGE('',*,*,#3394,.T.);
#2394=ORIENTED_EDGE('',*,*,#3376,.T.);
#2395=ORIENTED_EDGE('',*,*,#3395,.T.);
#2396=ORIENTED_EDGE('',*,*,#3396,.T.);
#2397=ORIENTED_EDGE('',*,*,#3386,.F.);
#2398=ORIENTED_EDGE('',*,*,#3397,.T.);
#2399=ORIENTED_EDGE('',*,*,#3378,.F.);
#2400=ORIENTED_EDGE('',*,*,#3366,.T.);
#2401=ORIENTED_EDGE('',*,*,#3398,.T.);
#2402=ORIENTED_EDGE('',*,*,#3399,.F.);
#2403=ORIENTED_EDGE('',*,*,#3400,.F.);
#2404=ORIENTED_EDGE('',*,*,#3401,.T.);
#2405=ORIENTED_EDGE('',*,*,#3402,.F.);
#2406=ORIENTED_EDGE('',*,*,#3403,.F.);
#2407=ORIENTED_EDGE('',*,*,#3404,.T.);
#2408=ORIENTED_EDGE('',*,*,#3405,.F.);
#2409=ORIENTED_EDGE('',*,*,#3401,.F.);
#2410=ORIENTED_EDGE('',*,*,#3406,.F.);
#2411=ORIENTED_EDGE('',*,*,#3407,.T.);
#2412=ORIENTED_EDGE('',*,*,#3407,.F.);
#2413=ORIENTED_EDGE('',*,*,#3408,.T.);
#2414=ORIENTED_EDGE('',*,*,#3409,.T.);
#2415=ORIENTED_EDGE('',*,*,#3410,.T.);
#2416=ORIENTED_EDGE('',*,*,#3383,.T.);
#2417=ORIENTED_EDGE('',*,*,#3411,.T.);
#2418=ORIENTED_EDGE('',*,*,#3408,.F.);
#2419=ORIENTED_EDGE('',*,*,#3406,.T.);
#2420=ORIENTED_EDGE('',*,*,#3400,.T.);
#2421=ORIENTED_EDGE('',*,*,#3412,.F.);
#2422=ORIENTED_EDGE('',*,*,#3382,.T.);
#2423=ORIENTED_EDGE('',*,*,#3413,.T.);
#2424=ORIENTED_EDGE('',*,*,#3409,.F.);
#2425=ORIENTED_EDGE('',*,*,#3411,.F.);
#2426=ORIENTED_EDGE('',*,*,#3381,.F.);
#2427=ORIENTED_EDGE('',*,*,#3414,.T.);
#2428=ORIENTED_EDGE('',*,*,#3402,.T.);
#2429=ORIENTED_EDGE('',*,*,#3405,.T.);
#2430=ORIENTED_EDGE('',*,*,#3410,.F.);
#2431=ORIENTED_EDGE('',*,*,#3413,.F.);
#2432=ORIENTED_EDGE('',*,*,#3384,.T.);
#2433=ORIENTED_EDGE('',*,*,#3412,.T.);
#2434=ORIENTED_EDGE('',*,*,#3399,.T.);
#2435=ORIENTED_EDGE('',*,*,#3415,.T.);
#2436=ORIENTED_EDGE('',*,*,#3380,.T.);
#2437=ORIENTED_EDGE('',*,*,#3416,.T.);
#2438=ORIENTED_EDGE('',*,*,#3403,.T.);
#2439=ORIENTED_EDGE('',*,*,#3414,.F.);
#2440=ORIENTED_EDGE('',*,*,#3379,.T.);
#2441=ORIENTED_EDGE('',*,*,#3397,.F.);
#2442=ORIENTED_EDGE('',*,*,#3385,.T.);
#2443=ORIENTED_EDGE('',*,*,#3415,.F.);
#2444=ORIENTED_EDGE('',*,*,#3404,.F.);
#2445=ORIENTED_EDGE('',*,*,#3416,.F.);
#2446=ORIENTED_EDGE('',*,*,#3417,.F.);
#2447=ORIENTED_EDGE('',*,*,#3359,.F.);
#2448=ORIENTED_EDGE('',*,*,#3377,.F.);
#2449=ORIENTED_EDGE('',*,*,#3396,.F.);
#2450=ORIENTED_EDGE('',*,*,#3375,.T.);
#2451=ORIENTED_EDGE('',*,*,#3360,.F.);
#2452=ORIENTED_EDGE('',*,*,#3417,.T.);
#2453=ORIENTED_EDGE('',*,*,#3395,.F.);
#2454=ORIENTED_EDGE('',*,*,#3418,.T.);
#2455=ORIENTED_EDGE('',*,*,#3393,.F.);
#2456=ORIENTED_EDGE('',*,*,#3374,.T.);
#2457=ORIENTED_EDGE('',*,*,#3394,.F.);
#2458=ORIENTED_EDGE('',*,*,#3418,.F.);
#2459=ORIENTED_EDGE('',*,*,#3392,.F.);
#2460=ORIENTED_EDGE('',*,*,#3372,.T.);
#2461=ORIENTED_EDGE('',*,*,#3362,.F.);
#2462=ORIENTED_EDGE('',*,*,#3419,.T.);
#2463=ORIENTED_EDGE('',*,*,#3390,.F.);
#2464=ORIENTED_EDGE('',*,*,#3371,.T.);
#2465=ORIENTED_EDGE('',*,*,#3391,.F.);
#2466=ORIENTED_EDGE('',*,*,#3419,.F.);
#2467=ORIENTED_EDGE('',*,*,#3389,.F.);
#2468=ORIENTED_EDGE('',*,*,#3369,.T.);
#2469=ORIENTED_EDGE('',*,*,#3364,.F.);
#2470=ORIENTED_EDGE('',*,*,#3420,.T.);
#2471=ORIENTED_EDGE('',*,*,#3387,.F.);
#2472=ORIENTED_EDGE('',*,*,#3368,.T.);
#2473=ORIENTED_EDGE('',*,*,#3388,.F.);
#2474=ORIENTED_EDGE('',*,*,#3420,.F.);
#2475=ORIENTED_EDGE('',*,*,#3398,.F.);
#2476=ORIENTED_EDGE('',*,*,#3365,.T.);
#2477=ORIENTED_EDGE('',*,*,#3356,.F.);
#2478=ORIENTED_EDGE('',*,*,#3421,.F.);
#2479=ORIENTED_EDGE('',*,*,#3422,.T.);
#2480=ORIENTED_EDGE('',*,*,#3423,.F.);
#2481=ORIENTED_EDGE('',*,*,#3424,.F.);
#2482=ORIENTED_EDGE('',*,*,#3425,.F.);
#2483=ORIENTED_EDGE('',*,*,#3426,.F.);
#2484=ORIENTED_EDGE('',*,*,#3427,.F.);
#2485=ORIENTED_EDGE('',*,*,#3428,.F.);
#2486=ORIENTED_EDGE('',*,*,#3429,.T.);
#2487=ORIENTED_EDGE('',*,*,#3430,.F.);
#2488=ORIENTED_EDGE('',*,*,#3431,.F.);
#2489=ORIENTED_EDGE('',*,*,#3432,.F.);
#2490=ORIENTED_EDGE('',*,*,#3433,.F.);
#2491=ORIENTED_EDGE('',*,*,#3434,.T.);
#2492=ORIENTED_EDGE('',*,*,#3435,.F.);
#2493=ORIENTED_EDGE('',*,*,#3436,.F.);
#2494=ORIENTED_EDGE('',*,*,#3437,.T.);
#2495=ORIENTED_EDGE('',*,*,#3438,.F.);
#2496=ORIENTED_EDGE('',*,*,#3439,.F.);
#2497=ORIENTED_EDGE('',*,*,#3440,.F.);
#2498=ORIENTED_EDGE('',*,*,#3441,.T.);
#2499=ORIENTED_EDGE('',*,*,#3442,.F.);
#2500=ORIENTED_EDGE('',*,*,#3443,.F.);
#2501=ORIENTED_EDGE('',*,*,#3444,.F.);
#2502=ORIENTED_EDGE('',*,*,#3445,.F.);
#2503=ORIENTED_EDGE('',*,*,#3446,.F.);
#2504=ORIENTED_EDGE('',*,*,#3447,.F.);
#2505=ORIENTED_EDGE('',*,*,#3448,.F.);
#2506=ORIENTED_EDGE('',*,*,#3449,.F.);
#2507=ORIENTED_EDGE('',*,*,#3450,.F.);
#2508=ORIENTED_EDGE('',*,*,#3451,.T.);
#2509=ORIENTED_EDGE('',*,*,#3452,.F.);
#2510=ORIENTED_EDGE('',*,*,#3453,.F.);
#2511=ORIENTED_EDGE('',*,*,#3454,.T.);
#2512=ORIENTED_EDGE('',*,*,#3455,.F.);
#2513=ORIENTED_EDGE('',*,*,#3456,.F.);
#2514=ORIENTED_EDGE('',*,*,#3457,.F.);
#2515=ORIENTED_EDGE('',*,*,#3452,.T.);
#2516=ORIENTED_EDGE('',*,*,#3458,.T.);
#2517=ORIENTED_EDGE('',*,*,#3459,.T.);
#2518=ORIENTED_EDGE('',*,*,#3460,.T.);
#2519=ORIENTED_EDGE('',*,*,#3461,.F.);
#2520=ORIENTED_EDGE('',*,*,#3462,.T.);
#2521=ORIENTED_EDGE('',*,*,#3463,.T.);
#2522=ORIENTED_EDGE('',*,*,#3464,.T.);
#2523=ORIENTED_EDGE('',*,*,#3463,.F.);
#2524=ORIENTED_EDGE('',*,*,#3465,.F.);
#2525=ORIENTED_EDGE('',*,*,#3466,.F.);
#2526=ORIENTED_EDGE('',*,*,#3458,.F.);
#2527=ORIENTED_EDGE('',*,*,#3451,.F.);
#2528=ORIENTED_EDGE('',*,*,#3467,.T.);
#2529=ORIENTED_EDGE('',*,*,#3468,.F.);
#2530=ORIENTED_EDGE('',*,*,#3469,.T.);
#2531=ORIENTED_EDGE('',*,*,#3459,.F.);
#2532=ORIENTED_EDGE('',*,*,#3466,.T.);
#2533=ORIENTED_EDGE('',*,*,#3470,.F.);
#2534=ORIENTED_EDGE('',*,*,#3471,.F.);
#2535=ORIENTED_EDGE('',*,*,#3460,.F.);
#2536=ORIENTED_EDGE('',*,*,#3469,.F.);
#2537=ORIENTED_EDGE('',*,*,#3472,.T.);
#2538=ORIENTED_EDGE('',*,*,#3421,.T.);
#2539=ORIENTED_EDGE('',*,*,#3473,.T.);
#2540=ORIENTED_EDGE('',*,*,#3423,.T.);
#2541=ORIENTED_EDGE('',*,*,#3422,.F.);
#2542=ORIENTED_EDGE('',*,*,#3472,.F.);
#2543=ORIENTED_EDGE('',*,*,#3474,.T.);
#2544=ORIENTED_EDGE('',*,*,#3445,.T.);
#2545=ORIENTED_EDGE('',*,*,#3475,.T.);
#2546=ORIENTED_EDGE('',*,*,#3425,.T.);
#2547=ORIENTED_EDGE('',*,*,#3476,.T.);
#2548=ORIENTED_EDGE('',*,*,#3443,.T.);
#2549=ORIENTED_EDGE('',*,*,#3477,.F.);
#2550=ORIENTED_EDGE('',*,*,#3427,.T.);
#2551=ORIENTED_EDGE('',*,*,#3444,.T.);
#2552=ORIENTED_EDGE('',*,*,#3476,.F.);
#2553=ORIENTED_EDGE('',*,*,#3426,.T.);
#2554=ORIENTED_EDGE('',*,*,#3475,.F.);
#2555=ORIENTED_EDGE('',*,*,#3428,.T.);
#2556=ORIENTED_EDGE('',*,*,#3477,.T.);
#2557=ORIENTED_EDGE('',*,*,#3442,.T.);
#2558=ORIENTED_EDGE('',*,*,#3478,.F.);
#2559=ORIENTED_EDGE('',*,*,#3441,.F.);
#2560=ORIENTED_EDGE('',*,*,#3479,.F.);
#2561=ORIENTED_EDGE('',*,*,#3429,.F.);
#2562=ORIENTED_EDGE('',*,*,#3478,.T.);
#2563=ORIENTED_EDGE('',*,*,#3436,.T.);
#2564=ORIENTED_EDGE('',*,*,#3480,.F.);
#2565=ORIENTED_EDGE('',*,*,#3470,.T.);
#2566=ORIENTED_EDGE('',*,*,#3468,.T.);
#2567=ORIENTED_EDGE('',*,*,#3465,.T.);
#2568=ORIENTED_EDGE('',*,*,#3462,.F.);
#2569=ORIENTED_EDGE('',*,*,#3481,.F.);
#2570=ORIENTED_EDGE('',*,*,#3435,.T.);
#2571=ORIENTED_EDGE('',*,*,#3482,.F.);
#2572=ORIENTED_EDGE('',*,*,#3455,.T.);
#2573=ORIENTED_EDGE('',*,*,#3471,.T.);
#2574=ORIENTED_EDGE('',*,*,#3480,.T.);
#2575=ORIENTED_EDGE('',*,*,#3482,.T.);
#2576=ORIENTED_EDGE('',*,*,#3434,.F.);
#2577=ORIENTED_EDGE('',*,*,#3483,.F.);
#2578=ORIENTED_EDGE('',*,*,#3456,.T.);
#2579=ORIENTED_EDGE('',*,*,#3483,.T.);
#2580=ORIENTED_EDGE('',*,*,#3433,.T.);
#2581=ORIENTED_EDGE('',*,*,#3484,.F.);
#2582=ORIENTED_EDGE('',*,*,#3453,.T.);
#2583=ORIENTED_EDGE('',*,*,#3457,.T.);
#2584=ORIENTED_EDGE('',*,*,#3485,.F.);
#2585=ORIENTED_EDGE('',*,*,#3437,.F.);
#2586=ORIENTED_EDGE('',*,*,#3481,.T.);
#2587=ORIENTED_EDGE('',*,*,#3461,.T.);
#2588=ORIENTED_EDGE('',*,*,#3486,.T.);
#2589=ORIENTED_EDGE('',*,*,#3431,.T.);
#2590=ORIENTED_EDGE('',*,*,#3487,.T.);
#2591=ORIENTED_EDGE('',*,*,#3439,.T.);
#2592=ORIENTED_EDGE('',*,*,#3432,.T.);
#2593=ORIENTED_EDGE('',*,*,#3486,.F.);
#2594=ORIENTED_EDGE('',*,*,#3438,.T.);
#2595=ORIENTED_EDGE('',*,*,#3485,.T.);
#2596=ORIENTED_EDGE('',*,*,#3464,.F.);
#2597=ORIENTED_EDGE('',*,*,#3467,.F.);
#2598=ORIENTED_EDGE('',*,*,#3454,.F.);
#2599=ORIENTED_EDGE('',*,*,#3484,.T.);
#2600=ORIENTED_EDGE('',*,*,#3440,.T.);
#2601=ORIENTED_EDGE('',*,*,#3487,.F.);
#2602=ORIENTED_EDGE('',*,*,#3430,.T.);
#2603=ORIENTED_EDGE('',*,*,#3479,.T.);
#2604=ORIENTED_EDGE('',*,*,#3446,.T.);
#2605=ORIENTED_EDGE('',*,*,#3474,.F.);
#2606=ORIENTED_EDGE('',*,*,#3424,.T.);
#2607=ORIENTED_EDGE('',*,*,#3473,.F.);
#2608=ORIENTED_EDGE('',*,*,#3448,.T.);
#2609=ORIENTED_EDGE('',*,*,#3488,.F.);
#2610=ORIENTED_EDGE('',*,*,#3489,.F.);
#2611=ORIENTED_EDGE('',*,*,#3490,.T.);
#2612=ORIENTED_EDGE('',*,*,#3447,.T.);
#2613=ORIENTED_EDGE('',*,*,#3491,.F.);
#2614=ORIENTED_EDGE('',*,*,#3492,.F.);
#2615=ORIENTED_EDGE('',*,*,#3488,.T.);
#2616=ORIENTED_EDGE('',*,*,#3450,.T.);
#2617=ORIENTED_EDGE('',*,*,#3493,.F.);
#2618=ORIENTED_EDGE('',*,*,#3494,.F.);
#2619=ORIENTED_EDGE('',*,*,#3491,.T.);
#2620=ORIENTED_EDGE('',*,*,#3449,.T.);
#2621=ORIENTED_EDGE('',*,*,#3490,.F.);
#2622=ORIENTED_EDGE('',*,*,#3495,.F.);
#2623=ORIENTED_EDGE('',*,*,#3493,.T.);
#2624=ORIENTED_EDGE('',*,*,#3489,.T.);
#2625=ORIENTED_EDGE('',*,*,#3492,.T.);
#2626=ORIENTED_EDGE('',*,*,#3494,.T.);
#2627=ORIENTED_EDGE('',*,*,#3495,.T.);
#2628=ORIENTED_EDGE('',*,*,#3496,.T.);
#2629=ORIENTED_EDGE('',*,*,#3497,.T.);
#2630=ORIENTED_EDGE('',*,*,#3498,.T.);
#2631=ORIENTED_EDGE('',*,*,#3499,.T.);
#2632=ORIENTED_EDGE('',*,*,#3500,.T.);
#2633=ORIENTED_EDGE('',*,*,#3501,.T.);
#2634=ORIENTED_EDGE('',*,*,#3502,.T.);
#2635=ORIENTED_EDGE('',*,*,#3503,.T.);
#2636=ORIENTED_EDGE('',*,*,#3504,.T.);
#2637=ORIENTED_EDGE('',*,*,#3505,.F.);
#2638=ORIENTED_EDGE('',*,*,#3506,.T.);
#2639=ORIENTED_EDGE('',*,*,#3507,.F.);
#2640=ORIENTED_EDGE('',*,*,#3508,.F.);
#2641=ORIENTED_EDGE('',*,*,#3509,.F.);
#2642=ORIENTED_EDGE('',*,*,#3510,.F.);
#2643=ORIENTED_EDGE('',*,*,#3511,.T.);
#2644=ORIENTED_EDGE('',*,*,#3496,.F.);
#2645=ORIENTED_EDGE('',*,*,#3512,.F.);
#2646=ORIENTED_EDGE('',*,*,#3498,.F.);
#2647=ORIENTED_EDGE('',*,*,#3513,.T.);
#2648=ORIENTED_EDGE('',*,*,#3514,.F.);
#2649=ORIENTED_EDGE('',*,*,#3515,.T.);
#2650=ORIENTED_EDGE('',*,*,#3500,.F.);
#2651=ORIENTED_EDGE('',*,*,#3516,.T.);
#2652=ORIENTED_EDGE('',*,*,#3517,.F.);
#2653=ORIENTED_EDGE('',*,*,#3518,.T.);
#2654=ORIENTED_EDGE('',*,*,#3502,.F.);
#2655=ORIENTED_EDGE('',*,*,#3519,.T.);
#2656=ORIENTED_EDGE('',*,*,#3520,.F.);
#2657=ORIENTED_EDGE('',*,*,#3521,.T.);
#2658=ORIENTED_EDGE('',*,*,#3522,.F.);
#2659=ORIENTED_EDGE('',*,*,#3523,.T.);
#2660=ORIENTED_EDGE('',*,*,#3524,.F.);
#2661=ORIENTED_EDGE('',*,*,#3525,.T.);
#2662=ORIENTED_EDGE('',*,*,#3526,.F.);
#2663=ORIENTED_EDGE('',*,*,#3527,.F.);
#2664=ORIENTED_EDGE('',*,*,#3528,.F.);
#2665=ORIENTED_EDGE('',*,*,#3522,.T.);
#2666=ORIENTED_EDGE('',*,*,#3529,.F.);
#2667=ORIENTED_EDGE('',*,*,#3505,.T.);
#2668=ORIENTED_EDGE('',*,*,#3530,.T.);
#2669=ORIENTED_EDGE('',*,*,#3531,.T.);
#2670=ORIENTED_EDGE('',*,*,#3532,.F.);
#2671=ORIENTED_EDGE('',*,*,#3533,.T.);
#2672=ORIENTED_EDGE('',*,*,#3534,.T.);
#2673=ORIENTED_EDGE('',*,*,#3532,.T.);
#2674=ORIENTED_EDGE('',*,*,#3535,.T.);
#2675=ORIENTED_EDGE('',*,*,#3536,.T.);
#2676=ORIENTED_EDGE('',*,*,#3537,.F.);
#2677=ORIENTED_EDGE('',*,*,#3506,.F.);
#2678=ORIENTED_EDGE('',*,*,#3529,.T.);
#2679=ORIENTED_EDGE('',*,*,#3527,.T.);
#2680=ORIENTED_EDGE('',*,*,#3538,.F.);
#2681=ORIENTED_EDGE('',*,*,#3538,.T.);
#2682=ORIENTED_EDGE('',*,*,#3526,.T.);
#2683=ORIENTED_EDGE('',*,*,#3539,.T.);
#2684=ORIENTED_EDGE('',*,*,#3507,.T.);
#2685=ORIENTED_EDGE('',*,*,#3525,.F.);
#2686=ORIENTED_EDGE('',*,*,#3540,.F.);
#2687=ORIENTED_EDGE('',*,*,#3508,.T.);
#2688=ORIENTED_EDGE('',*,*,#3539,.F.);
#2689=ORIENTED_EDGE('',*,*,#3514,.T.);
#2690=ORIENTED_EDGE('',*,*,#3541,.T.);
#2691=ORIENTED_EDGE('',*,*,#3510,.T.);
#2692=ORIENTED_EDGE('',*,*,#3542,.F.);
#2693=ORIENTED_EDGE('',*,*,#3535,.F.);
#2694=ORIENTED_EDGE('',*,*,#3531,.F.);
#2695=ORIENTED_EDGE('',*,*,#3543,.T.);
#2696=ORIENTED_EDGE('',*,*,#3544,.T.);
#2697=ORIENTED_EDGE('',*,*,#3520,.T.);
#2698=ORIENTED_EDGE('',*,*,#3545,.T.);
#2699=ORIENTED_EDGE('',*,*,#3517,.T.);
#2700=ORIENTED_EDGE('',*,*,#3546,.T.);
#2701=ORIENTED_EDGE('',*,*,#3547,.F.);
#2702=ORIENTED_EDGE('',*,*,#3548,.F.);
#2703=ORIENTED_EDGE('',*,*,#3533,.F.);
#2704=ORIENTED_EDGE('',*,*,#3537,.T.);
#2705=ORIENTED_EDGE('',*,*,#3549,.F.);
#2706=ORIENTED_EDGE('',*,*,#3550,.T.);
#2707=ORIENTED_EDGE('',*,*,#3547,.T.);
#2708=ORIENTED_EDGE('',*,*,#3536,.F.);
#2709=ORIENTED_EDGE('',*,*,#3542,.T.);
#2710=ORIENTED_EDGE('',*,*,#3512,.T.);
#2711=ORIENTED_EDGE('',*,*,#3509,.T.);
#2712=ORIENTED_EDGE('',*,*,#3540,.T.);
#2713=ORIENTED_EDGE('',*,*,#3524,.T.);
#2714=ORIENTED_EDGE('',*,*,#3504,.F.);
#2715=ORIENTED_EDGE('',*,*,#3551,.T.);
#2716=ORIENTED_EDGE('',*,*,#3543,.F.);
#2717=ORIENTED_EDGE('',*,*,#3530,.F.);
#2718=ORIENTED_EDGE('',*,*,#3550,.F.);
#2719=ORIENTED_EDGE('',*,*,#3552,.T.);
#2720=ORIENTED_EDGE('',*,*,#3553,.T.);
#2721=ORIENTED_EDGE('',*,*,#3554,.T.);
#2722=ORIENTED_EDGE('',*,*,#3534,.F.);
#2723=ORIENTED_EDGE('',*,*,#3548,.T.);
#2724=ORIENTED_EDGE('',*,*,#3555,.T.);
#2725=ORIENTED_EDGE('',*,*,#3553,.F.);
#2726=ORIENTED_EDGE('',*,*,#3549,.T.);
#2727=ORIENTED_EDGE('',*,*,#3523,.F.);
#2728=ORIENTED_EDGE('',*,*,#3528,.T.);
#2729=ORIENTED_EDGE('',*,*,#3554,.F.);
#2730=ORIENTED_EDGE('',*,*,#3555,.F.);
#2731=ORIENTED_EDGE('',*,*,#3552,.F.);
#2732=ORIENTED_EDGE('',*,*,#3544,.F.);
#2733=ORIENTED_EDGE('',*,*,#3551,.F.);
#2734=ORIENTED_EDGE('',*,*,#3503,.F.);
#2735=ORIENTED_EDGE('',*,*,#3521,.F.);
#2736=ORIENTED_EDGE('',*,*,#3545,.F.);
#2737=ORIENTED_EDGE('',*,*,#3519,.F.);
#2738=ORIENTED_EDGE('',*,*,#3501,.F.);
#2739=ORIENTED_EDGE('',*,*,#3518,.F.);
#2740=ORIENTED_EDGE('',*,*,#3546,.F.);
#2741=ORIENTED_EDGE('',*,*,#3516,.F.);
#2742=ORIENTED_EDGE('',*,*,#3499,.F.);
#2743=ORIENTED_EDGE('',*,*,#3515,.F.);
#2744=ORIENTED_EDGE('',*,*,#3541,.F.);
#2745=ORIENTED_EDGE('',*,*,#3513,.F.);
#2746=ORIENTED_EDGE('',*,*,#3497,.F.);
#2747=ORIENTED_EDGE('',*,*,#3511,.F.);
#2748=VERTEX_POINT('',#4911);
#2749=VERTEX_POINT('',#4912);
#2750=VERTEX_POINT('',#4917);
#2751=VERTEX_POINT('',#4922);
#2752=VERTEX_POINT('',#4927);
#2753=VERTEX_POINT('',#4932);
#2754=VERTEX_POINT('',#4939);
#2755=VERTEX_POINT('',#4944);
#2756=VERTEX_POINT('',#4949);
#2757=VERTEX_POINT('',#4951);
#2758=VERTEX_POINT('',#4953);
#2759=VERTEX_POINT('',#4955);
#2760=VERTEX_POINT('',#4957);
#2761=VERTEX_POINT('',#4959);
#2762=VERTEX_POINT('',#4961);
#2763=VERTEX_POINT('',#4963);
#2764=VERTEX_POINT('',#4965);
#2765=VERTEX_POINT('',#4967);
#2766=VERTEX_POINT('',#4972);
#2767=VERTEX_POINT('',#4977);
#2768=VERTEX_POINT('',#4984);
#2769=VERTEX_POINT('',#4989);
#2770=VERTEX_POINT('',#4994);
#2771=VERTEX_POINT('',#4999);
#2772=VERTEX_POINT('',#5004);
#2773=VERTEX_POINT('',#5009);
#2774=VERTEX_POINT('',#5025);
#2775=VERTEX_POINT('',#5026);
#2776=VERTEX_POINT('',#5028);
#2777=VERTEX_POINT('',#5030);
#2778=VERTEX_POINT('',#5041);
#2779=VERTEX_POINT('',#5042);
#2780=VERTEX_POINT('',#5050);
#2781=VERTEX_POINT('',#5052);
#2782=VERTEX_POINT('',#5071);
#2783=VERTEX_POINT('',#5072);
#2784=VERTEX_POINT('',#5074);
#2785=VERTEX_POINT('',#5076);
#2786=VERTEX_POINT('',#5078);
#2787=VERTEX_POINT('',#5080);
#2788=VERTEX_POINT('',#5084);
#2789=VERTEX_POINT('',#5086);
#2790=VERTEX_POINT('',#5105);
#2791=VERTEX_POINT('',#5106);
#2792=VERTEX_POINT('',#5129);
#2793=VERTEX_POINT('',#5130);
#2794=VERTEX_POINT('',#5138);
#2795=VERTEX_POINT('',#5139);
#2796=VERTEX_POINT('',#5192);
#2797=VERTEX_POINT('',#5193);
#2798=VERTEX_POINT('',#5198);
#2799=VERTEX_POINT('',#5212);
#2800=VERTEX_POINT('',#5214);
#2801=VERTEX_POINT('',#5218);
#2802=VERTEX_POINT('',#5220);
#2803=VERTEX_POINT('',#5224);
#2804=VERTEX_POINT('',#5243);
#2805=VERTEX_POINT('',#5245);
#2806=VERTEX_POINT('',#5264);
#2807=VERTEX_POINT('',#5266);
#2808=VERTEX_POINT('',#5288);
#2809=VERTEX_POINT('',#5290);
#2810=VERTEX_POINT('',#5301);
#2811=VERTEX_POINT('',#5303);
#2812=VERTEX_POINT('',#5307);
#2813=VERTEX_POINT('',#5311);
#2814=VERTEX_POINT('',#5342);
#2815=VERTEX_POINT('',#5354);
#2816=VERTEX_POINT('',#5359);
#2817=VERTEX_POINT('',#5361);
#2818=VERTEX_POINT('',#5363);
#2819=VERTEX_POINT('',#5365);
#2820=VERTEX_POINT('',#5367);
#2821=VERTEX_POINT('',#5370);
#2822=VERTEX_POINT('',#5372);
#2823=VERTEX_POINT('',#5374);
#2824=VERTEX_POINT('',#5376);
#2825=VERTEX_POINT('',#5378);
#2826=VERTEX_POINT('',#5380);
#2827=VERTEX_POINT('',#5382);
#2828=VERTEX_POINT('',#5384);
#2829=VERTEX_POINT('',#5386);
#2830=VERTEX_POINT('',#5388);
#2831=VERTEX_POINT('',#5390);
#2832=VERTEX_POINT('',#5392);
#2833=VERTEX_POINT('',#5399);
#2834=VERTEX_POINT('',#5401);
#2835=VERTEX_POINT('',#5406);
#2836=VERTEX_POINT('',#5408);
#2837=VERTEX_POINT('',#5413);
#2838=VERTEX_POINT('',#5418);
#2839=VERTEX_POINT('',#5424);
#2840=VERTEX_POINT('',#5427);
#2841=VERTEX_POINT('',#5429);
#2842=VERTEX_POINT('',#5431);
#2843=VERTEX_POINT('',#5433);
#2844=VERTEX_POINT('',#5435);
#2845=VERTEX_POINT('',#5437);
#2846=VERTEX_POINT('',#5439);
#2847=VERTEX_POINT('',#5441);
#2848=VERTEX_POINT('',#5443);
#2849=VERTEX_POINT('',#5445);
#2850=VERTEX_POINT('',#5447);
#2851=VERTEX_POINT('',#5450);
#2852=VERTEX_POINT('',#5452);
#2853=VERTEX_POINT('',#5454);
#2854=VERTEX_POINT('',#5456);
#2855=VERTEX_POINT('',#5458);
#2856=VERTEX_POINT('',#5460);
#2857=VERTEX_POINT('',#5462);
#2858=VERTEX_POINT('',#5464);
#2859=VERTEX_POINT('',#5466);
#2860=VERTEX_POINT('',#5468);
#2861=VERTEX_POINT('',#5470);
#2862=VERTEX_POINT('',#5472);
#2863=VERTEX_POINT('',#5474);
#2864=VERTEX_POINT('',#5476);
#2865=VERTEX_POINT('',#5478);
#2866=VERTEX_POINT('',#5480);
#2867=VERTEX_POINT('',#5482);
#2868=VERTEX_POINT('',#5484);
#2869=VERTEX_POINT('',#5486);
#2870=VERTEX_POINT('',#5488);
#2871=VERTEX_POINT('',#5490);
#2872=VERTEX_POINT('',#5537);
#2873=VERTEX_POINT('',#5546);
#2874=VERTEX_POINT('',#5568);
#2875=VERTEX_POINT('',#5590);
#2876=VERTEX_POINT('',#5653);
#2877=VERTEX_POINT('',#5654);
#2878=VERTEX_POINT('',#5714);
#2879=VERTEX_POINT('',#5717);
#2880=VERTEX_POINT('',#5767);
#2881=VERTEX_POINT('',#5771);
#2882=VERTEX_POINT('',#5790);
#2883=VERTEX_POINT('',#5795);
#2884=VERTEX_POINT('',#5799);
#2885=VERTEX_POINT('',#5804);
#2886=VERTEX_POINT('',#5814);
#2887=VERTEX_POINT('',#5818);
#2888=VERTEX_POINT('',#5820);
#2889=VERTEX_POINT('',#5824);
#2890=VERTEX_POINT('',#5831);
#2891=VERTEX_POINT('',#5833);
#2892=VERTEX_POINT('',#5842);
#2893=VERTEX_POINT('',#5849);
#2894=VERTEX_POINT('',#5851);
#2895=VERTEX_POINT('',#5860);
#2896=VERTEX_POINT('',#5864);
#2897=VERTEX_POINT('',#5896);
#2898=VERTEX_POINT('',#5900);
#2899=VERTEX_POINT('',#5901);
#2900=VERTEX_POINT('',#5930);
#2901=VERTEX_POINT('',#5932);
#2902=VERTEX_POINT('',#5934);
#2903=VERTEX_POINT('',#5937);
#2904=VERTEX_POINT('',#5944);
#2905=VERTEX_POINT('',#5948);
#2906=VERTEX_POINT('',#5952);
#2907=VERTEX_POINT('',#5956);
#2908=VERTEX_POINT('',#5957);
#2909=VERTEX_POINT('',#5986);
#2910=VERTEX_POINT('',#5991);
#2911=VERTEX_POINT('',#6071);
#2912=VERTEX_POINT('',#6075);
#2913=VERTEX_POINT('',#6113);
#2914=VERTEX_POINT('',#6209);
#2915=VERTEX_POINT('',#6213);
#2916=VERTEX_POINT('',#6217);
#2917=VERTEX_POINT('',#6221);
#2918=VERTEX_POINT('',#6225);
#2919=VERTEX_POINT('',#6229);
#2920=VERTEX_POINT('',#6233);
#2921=VERTEX_POINT('',#6237);
#2922=VERTEX_POINT('',#6241);
#2923=VERTEX_POINT('',#6245);
#2924=VERTEX_POINT('',#6249);
#2925=VERTEX_POINT('',#6253);
#2926=VERTEX_POINT('',#6257);
#2927=VERTEX_POINT('',#6261);
#2928=VERTEX_POINT('',#6265);
#2929=VERTEX_POINT('',#6269);
#2930=VERTEX_POINT('',#6273);
#2931=VERTEX_POINT('',#6277);
#2932=VERTEX_POINT('',#6281);
#2933=VERTEX_POINT('',#6285);
#2934=VERTEX_POINT('',#6289);
#2935=VERTEX_POINT('',#6295);
#2936=VERTEX_POINT('',#6297);
#2937=VERTEX_POINT('',#6301);
#2938=VERTEX_POINT('',#6305);
#2939=VERTEX_POINT('',#6311);
#2940=VERTEX_POINT('',#6313);
#2941=VERTEX_POINT('',#6315);
#2942=VERTEX_POINT('',#6321);
#2943=VERTEX_POINT('',#6323);
#2944=VERTEX_POINT('',#6327);
#2945=VERTEX_POINT('',#6331);
#2946=VERTEX_POINT('',#6341);
#2947=VERTEX_POINT('',#6342);
#2948=VERTEX_POINT('',#6344);
#2949=VERTEX_POINT('',#6346);
#2950=VERTEX_POINT('',#6348);
#2951=VERTEX_POINT('',#6350);
#2952=VERTEX_POINT('',#6352);
#2953=VERTEX_POINT('',#6354);
#2954=VERTEX_POINT('',#6356);
#2955=VERTEX_POINT('',#6358);
#2956=VERTEX_POINT('',#6362);
#2957=VERTEX_POINT('',#6367);
#2958=VERTEX_POINT('',#6371);
#2959=VERTEX_POINT('',#6373);
#2960=VERTEX_POINT('',#6380);
#2961=VERTEX_POINT('',#6382);
#2962=VERTEX_POINT('',#6391);
#2963=VERTEX_POINT('',#6393);
#2964=VERTEX_POINT('',#6400);
#2965=VERTEX_POINT('',#6408);
#2966=VERTEX_POINT('',#6413);
#2967=VERTEX_POINT('',#6415);
#2968=VERTEX_POINT('',#6417);
#2969=VERTEX_POINT('',#6419);
#2970=VERTEX_POINT('',#6421);
#2971=VERTEX_POINT('',#6423);
#2972=VERTEX_POINT('',#6428);
#2973=VERTEX_POINT('',#6459);
#2974=VERTEX_POINT('',#6460);
#2975=VERTEX_POINT('',#6469);
#2976=VERTEX_POINT('',#6489);
#2977=VERTEX_POINT('',#6501);
#2978=VERTEX_POINT('',#6515);
#2979=VERTEX_POINT('',#6557);
#2980=VERTEX_POINT('',#6581);
#2981=VERTEX_POINT('',#6582);
#2982=VERTEX_POINT('',#6590);
#2983=VERTEX_POINT('',#6592);
#2984=VERTEX_POINT('',#6600);
#2985=VERTEX_POINT('',#6611);
#2986=VERTEX_POINT('',#6615);
#2987=VERTEX_POINT('',#6617);
#2988=VERTEX_POINT('',#6621);
#2989=VERTEX_POINT('',#6623);
#2990=VERTEX_POINT('',#6675);
#2991=VERTEX_POINT('',#6676);
#2992=VERTEX_POINT('',#6691);
#2993=VERTEX_POINT('',#6696);
#2994=VERTEX_POINT('',#6701);
#2995=VERTEX_POINT('',#6706);
#2996=VERTEX_POINT('',#6711);
#2997=VERTEX_POINT('',#6716);
#2998=VERTEX_POINT('',#6723);
#2999=VERTEX_POINT('',#6728);
#3000=VERTEX_POINT('',#6733);
#3001=VERTEX_POINT('',#6735);
#3002=VERTEX_POINT('',#6737);
#3003=VERTEX_POINT('',#6739);
#3004=VERTEX_POINT('',#6741);
#3005=VERTEX_POINT('',#6743);
#3006=VERTEX_POINT('',#6745);
#3007=VERTEX_POINT('',#6747);
#3008=VERTEX_POINT('',#6749);
#3009=VERTEX_POINT('',#6751);
#3010=VERTEX_POINT('',#6756);
#3011=VERTEX_POINT('',#6761);
#3012=VERTEX_POINT('',#6768);
#3013=VERTEX_POINT('',#6773);
#3014=VERTEX_POINT('',#6778);
#3015=VERTEX_POINT('',#6783);
#3016=VERTEX_POINT('',#6789);
#3017=VERTEX_POINT('',#6790);
#3018=VERTEX_POINT('',#6792);
#3019=VERTEX_POINT('',#6794);
#3020=VERTEX_POINT('',#6804);
#3021=VERTEX_POINT('',#6805);
#3022=VERTEX_POINT('',#6819);
#3023=VERTEX_POINT('',#6821);
#3024=VERTEX_POINT('',#6852);
#3025=VERTEX_POINT('',#6853);
#3026=VERTEX_POINT('',#6855);
#3027=VERTEX_POINT('',#6861);
#3028=VERTEX_POINT('',#6863);
#3029=VERTEX_POINT('',#6867);
#3030=VERTEX_POINT('',#6868);
#3031=VERTEX_POINT('',#6882);
#3032=VERTEX_POINT('',#6890);
#3033=VERTEX_POINT('',#6906);
#3034=VERTEX_POINT('',#6911);
#3035=VERTEX_POINT('',#6915);
#3036=VERTEX_POINT('',#7050);
#3037=VERTEX_POINT('',#7052);
#3038=VERTEX_POINT('',#7056);
#3039=VERTEX_POINT('',#7060);
#3040=VERTEX_POINT('',#7067);
#3041=VERTEX_POINT('',#7068);
#3042=VERTEX_POINT('',#7070);
#3043=VERTEX_POINT('',#7072);
#3044=VERTEX_POINT('',#7074);
#3045=VERTEX_POINT('',#7076);
#3046=VERTEX_POINT('',#7078);
#3047=VERTEX_POINT('',#7080);
#3048=VERTEX_POINT('',#7082);
#3049=VERTEX_POINT('',#7084);
#3050=VERTEX_POINT('',#7086);
#3051=VERTEX_POINT('',#7088);
#3052=VERTEX_POINT('',#7090);
#3053=VERTEX_POINT('',#7092);
#3054=VERTEX_POINT('',#7099);
#3055=VERTEX_POINT('',#7100);
#3056=VERTEX_POINT('',#7105);
#3057=VERTEX_POINT('',#7110);
#3058=VERTEX_POINT('',#7114);
#3059=VERTEX_POINT('',#7121);
#3060=VERTEX_POINT('',#7125);
#3061=VERTEX_POINT('',#7130);
#3062=VERTEX_POINT('',#7134);
#3063=VERTEX_POINT('',#7135);
#3064=VERTEX_POINT('',#7137);
#3065=VERTEX_POINT('',#7139);
#3066=VERTEX_POINT('',#7141);
#3067=VERTEX_POINT('',#7143);
#3068=VERTEX_POINT('',#7147);
#3069=VERTEX_POINT('',#7150);
#3070=VERTEX_POINT('',#7194);
#3071=VERTEX_POINT('',#7199);
#3072=VERTEX_POINT('',#7204);
#3073=VERTEX_POINT('',#7215);
#3074=VERTEX_POINT('',#7220);
#3075=VERTEX_POINT('',#7313);
#3076=VERTEX_POINT('',#7421);
#3077=VERTEX_POINT('',#7440);
#3078=VERTEX_POINT('',#7462);
#3079=VERTEX_POINT('',#7485);
#3080=EDGE_CURVE('',#2748,#2749,#3556,.T.);
#3081=EDGE_CURVE('',#2750,#2748,#3557,.T.);
#3082=EDGE_CURVE('',#2751,#2750,#3558,.T.);
#3083=EDGE_CURVE('',#2752,#2751,#3559,.T.);
#3084=EDGE_CURVE('',#2753,#2752,#3560,.T.);
#3085=EDGE_CURVE('',#2754,#2753,#3561,.T.);
#3086=EDGE_CURVE('',#2754,#2755,#3562,.T.);
#3087=EDGE_CURVE('',#2756,#2755,#3563,.T.);
#3088=EDGE_CURVE('',#2757,#2756,#1468,.T.);
#3089=EDGE_CURVE('',#2758,#2757,#1469,.T.);
#3090=EDGE_CURVE('',#2758,#2759,#1470,.T.);
#3091=EDGE_CURVE('',#2760,#2759,#1471,.T.);
#3092=EDGE_CURVE('',#2761,#2760,#1472,.T.);
#3093=EDGE_CURVE('',#2761,#2762,#1473,.T.);
#3094=EDGE_CURVE('',#2763,#2762,#1474,.T.);
#3095=EDGE_CURVE('',#2764,#2763,#1475,.T.);
#3096=EDGE_CURVE('',#2765,#2764,#1476,.T.);
#3097=EDGE_CURVE('',#2766,#2765,#3564,.T.);
#3098=EDGE_CURVE('',#2766,#2767,#3565,.T.);
#3099=EDGE_CURVE('',#2768,#2767,#3566,.T.);
#3100=EDGE_CURVE('',#2769,#2768,#3567,.T.);
#3101=EDGE_CURVE('',#2770,#2769,#3568,.T.);
#3102=EDGE_CURVE('',#2771,#2770,#3569,.T.);
#3103=EDGE_CURVE('',#2772,#2771,#3570,.T.);
#3104=EDGE_CURVE('',#2773,#2772,#3571,.T.);
#3105=EDGE_CURVE('',#2773,#2749,#3572,.T.);
#3106=EDGE_CURVE('',#2774,#2775,#1477,.T.);
#3107=EDGE_CURVE('',#2775,#2776,#1478,.T.);
#3108=EDGE_CURVE('',#2776,#2777,#1479,.T.);
#3109=EDGE_CURVE('',#2777,#2774,#1480,.T.);
#3110=EDGE_CURVE('',#2778,#2779,#3573,.T.);
#3111=EDGE_CURVE('',#2778,#2780,#3574,.T.);
#3112=EDGE_CURVE('',#2780,#2781,#741,.T.);
#3113=EDGE_CURVE('',#2781,#2779,#742,.T.);
#3114=EDGE_CURVE('',#2782,#2783,#1481,.T.);
#3115=EDGE_CURVE('',#2782,#2784,#743,.T.);
#3116=EDGE_CURVE('',#2785,#2784,#1482,.T.);
#3117=EDGE_CURVE('',#2786,#2785,#1483,.T.);
#3118=EDGE_CURVE('',#2786,#2787,#1484,.T.);
#3119=EDGE_CURVE('',#2787,#2783,#1485,.T.);
#3120=EDGE_CURVE('',#2750,#2788,#744,.T.);
#3121=EDGE_CURVE('',#2789,#2748,#745,.T.);
#3122=EDGE_CURVE('',#2789,#2788,#746,.T.);
#3123=EDGE_CURVE('',#2790,#2791,#747,.T.);
#3124=EDGE_CURVE('',#2779,#2791,#3575,.T.);
#3125=EDGE_CURVE('',#2781,#2790,#748,.T.);
#3126=EDGE_CURVE('',#2792,#2793,#749,.T.);
#3127=EDGE_CURVE('',#2793,#2791,#3576,.T.);
#3128=EDGE_CURVE('',#2790,#2792,#1486,.T.);
#3129=EDGE_CURVE('',#2794,#2795,#750,.T.);
#3130=EDGE_CURVE('',#2793,#2795,#3577,.T.);
#3131=EDGE_CURVE('',#2792,#2794,#751,.T.);
#3132=EDGE_CURVE('',#2796,#2797,#752,.T.);
#3133=EDGE_CURVE('',#2796,#2798,#3578,.T.);
#3134=EDGE_CURVE('',#2799,#2798,#3579,.T.);
#3135=EDGE_CURVE('',#2800,#2799,#753,.T.);
#3136=EDGE_CURVE('',#2800,#2797,#1487,.T.);
#3137=EDGE_CURVE('',#2756,#2801,#754,.T.);
#3138=EDGE_CURVE('',#2755,#2802,#755,.T.);
#3139=EDGE_CURVE('',#2802,#2801,#1488,.T.);
#3140=EDGE_CURVE('',#2754,#2803,#756,.T.);
#3141=EDGE_CURVE('',#2803,#2802,#757,.T.);
#3142=EDGE_CURVE('',#2804,#2768,#758,.T.);
#3143=EDGE_CURVE('',#2805,#2767,#759,.T.);
#3144=EDGE_CURVE('',#2805,#2804,#760,.T.);
#3145=EDGE_CURVE('',#2752,#2806,#761,.T.);
#3146=EDGE_CURVE('',#2807,#2751,#762,.T.);
#3147=EDGE_CURVE('',#2807,#2806,#3580,.T.);
#3148=EDGE_CURVE('',#2764,#2808,#763,.T.);
#3149=EDGE_CURVE('',#2763,#2809,#496,.T.);
#3150=EDGE_CURVE('',#2810,#2809,#3581,.T.);
#3151=EDGE_CURVE('',#2811,#2810,#764,.T.);
#3152=EDGE_CURVE('',#2808,#2811,#1489,.T.);
#3153=EDGE_CURVE('',#2808,#2812,#1490,.T.);
#3154=EDGE_CURVE('',#2812,#2765,#765,.T.);
#3155=EDGE_CURVE('',#2749,#2813,#766,.T.);
#3156=EDGE_CURVE('',#2789,#2813,#3582,.T.);
#3157=EDGE_CURVE('',#2807,#2788,#3584,.T.);
#3158=EDGE_CURVE('',#2814,#2806,#3586,.T.);
#3159=EDGE_CURVE('',#2753,#2814,#767,.T.);
#3160=EDGE_CURVE('',#2780,#2815,#1491,.T.);
#3161=EDGE_CURVE('',#2815,#2816,#3588,.T.);
#3162=EDGE_CURVE('',#2816,#2817,#1492,.T.);
#3163=EDGE_CURVE('',#2818,#2817,#768,.T.);
#3164=EDGE_CURVE('',#2819,#2818,#769,.T.);
#3165=EDGE_CURVE('',#2820,#2819,#1493,.T.);
#3166=EDGE_CURVE('',#2797,#2820,#770,.T.);
#3167=EDGE_CURVE('',#2821,#2800,#1494,.T.);
#3168=EDGE_CURVE('',#2822,#2821,#1495,.T.);
#3169=EDGE_CURVE('',#2823,#2822,#1496,.T.);
#3170=EDGE_CURVE('',#2824,#2823,#1497,.T.);
#3171=EDGE_CURVE('',#2825,#2824,#1498,.T.);
#3172=EDGE_CURVE('',#2825,#2826,#1499,.T.);
#3173=EDGE_CURVE('',#2827,#2826,#1500,.T.);
#3174=EDGE_CURVE('',#2828,#2827,#1501,.T.);
#3175=EDGE_CURVE('',#2829,#2828,#1502,.T.);
#3176=EDGE_CURVE('',#2830,#2829,#1503,.T.);
#3177=EDGE_CURVE('',#2831,#2830,#1504,.T.);
#3178=EDGE_CURVE('',#2831,#2832,#1505,.T.);
#3179=EDGE_CURVE('',#2801,#2832,#1506,.T.);
#3180=EDGE_CURVE('',#2814,#2803,#771,.T.);
#3181=EDGE_CURVE('',#2833,#2813,#3589,.T.);
#3182=EDGE_CURVE('',#2834,#2833,#772,.T.);
#3183=EDGE_CURVE('',#2834,#2835,#3590,.T.);
#3184=EDGE_CURVE('',#2836,#2835,#773,.T.);
#3185=EDGE_CURVE('',#2836,#2837,#3591,.T.);
#3186=EDGE_CURVE('',#2838,#2837,#3592,.T.);
#3187=EDGE_CURVE('',#2838,#2804,#3593,.T.);
#3188=EDGE_CURVE('',#2839,#2805,#774,.T.);
#3189=EDGE_CURVE('',#2812,#2839,#1507,.T.);
#3190=EDGE_CURVE('',#2840,#2811,#1508,.T.);
#3191=EDGE_CURVE('',#2841,#2840,#1509,.T.);
#3192=EDGE_CURVE('',#2842,#2841,#1510,.T.);
#3193=EDGE_CURVE('',#2843,#2842,#1511,.T.);
#3194=EDGE_CURVE('',#2844,#2843,#1512,.T.);
#3195=EDGE_CURVE('',#2844,#2845,#1513,.T.);
#3196=EDGE_CURVE('',#2846,#2845,#1514,.T.);
#3197=EDGE_CURVE('',#2847,#2846,#1515,.T.);
#3198=EDGE_CURVE('',#2848,#2847,#1516,.T.);
#3199=EDGE_CURVE('',#2849,#2848,#1517,.T.);
#3200=EDGE_CURVE('',#2850,#2849,#1518,.T.);
#3201=EDGE_CURVE('',#2794,#2850,#1519,.T.);
#3202=EDGE_CURVE('',#2851,#2851,#775,.T.);
#3203=EDGE_CURVE('',#2852,#2852,#776,.T.);
#3204=EDGE_CURVE('',#2853,#2853,#777,.T.);
#3205=EDGE_CURVE('',#2854,#2854,#778,.T.);
#3206=EDGE_CURVE('',#2855,#2855,#779,.T.);
#3207=EDGE_CURVE('',#2856,#2856,#780,.T.);
#3208=EDGE_CURVE('',#2857,#2857,#781,.T.);
#3209=EDGE_CURVE('',#2858,#2858,#782,.T.);
#3210=EDGE_CURVE('',#2859,#2859,#783,.T.);
#3211=EDGE_CURVE('',#2860,#2860,#784,.T.);
#3212=EDGE_CURVE('',#2861,#2861,#785,.T.);
#3213=EDGE_CURVE('',#2862,#2862,#786,.T.);
#3214=EDGE_CURVE('',#2863,#2863,#787,.T.);
#3215=EDGE_CURVE('',#2864,#2864,#788,.T.);
#3216=EDGE_CURVE('',#2865,#2865,#789,.T.);
#3217=EDGE_CURVE('',#2866,#2866,#790,.T.);
#3218=EDGE_CURVE('',#2867,#2867,#791,.T.);
#3219=EDGE_CURVE('',#2868,#2868,#792,.T.);
#3220=EDGE_CURVE('',#2869,#2869,#793,.T.);
#3221=EDGE_CURVE('',#2870,#2870,#794,.T.);
#3222=EDGE_CURVE('',#2871,#2871,#795,.T.);
#3223=EDGE_CURVE('',#2772,#2835,#796,.T.);
#3224=EDGE_CURVE('',#2836,#2771,#797,.T.);
#3225=EDGE_CURVE('',#2834,#2773,#798,.T.);
#3226=EDGE_CURVE('',#2817,#2872,#3594,.T.);
#3227=EDGE_CURVE('',#2873,#2872,#3595,.T.);
#3228=EDGE_CURVE('',#2873,#2818,#799,.T.);
#3229=EDGE_CURVE('',#2874,#2873,#3596,.T.);
#3230=EDGE_CURVE('',#2874,#2819,#800,.T.);
#3231=EDGE_CURVE('',#2874,#2875,#3597,.T.);
#3232=EDGE_CURVE('',#2875,#2820,#801,.T.);
#3233=EDGE_CURVE('',#2796,#2875,#3598,.T.);
#3234=EDGE_CURVE('',#2876,#2877,#3599,.T.);
#3235=EDGE_CURVE('',#2876,#2795,#3600,.T.);
#3236=EDGE_CURVE('',#2877,#2850,#802,.T.);
#3237=EDGE_CURVE('',#2839,#2766,#803,.T.);
#3238=EDGE_CURVE('',#2770,#2837,#804,.T.);
#3239=EDGE_CURVE('',#2838,#2769,#805,.T.);
#3240=EDGE_CURVE('',#2878,#2758,#497,.T.);
#3241=EDGE_CURVE('',#2832,#2757,#806,.T.);
#3242=EDGE_CURVE('',#2879,#2831,#807,.T.);
#3243=EDGE_CURVE('',#2878,#2879,#3601,.T.);
#3244=EDGE_CURVE('',#2880,#2799,#3605,.T.);
#3245=EDGE_CURVE('',#2880,#2821,#808,.T.);
#3246=EDGE_CURVE('',#2849,#2881,#809,.T.);
#3247=EDGE_CURVE('',#2877,#2881,#3606,.T.);
#3248=EDGE_CURVE('',#2882,#2810,#3607,.T.);
#3249=EDGE_CURVE('',#2883,#2882,#3608,.T.);
#3250=EDGE_CURVE('',#2840,#2883,#810,.T.);
#3251=EDGE_CURVE('',#2884,#2830,#811,.T.);
#3252=EDGE_CURVE('',#2885,#2884,#3609,.T.);
#3253=EDGE_CURVE('',#2879,#2885,#3610,.T.);
#3254=EDGE_CURVE('',#2878,#2886,#1520,.T.);
#3255=EDGE_CURVE('',#2886,#2759,#498,.T.);
#3256=EDGE_CURVE('',#2762,#2887,#1521,.T.);
#3257=EDGE_CURVE('',#2887,#2888,#499,.T.);
#3258=EDGE_CURVE('',#2888,#2809,#1522,.T.);
#3259=EDGE_CURVE('',#2884,#2889,#1523,.T.);
#3260=EDGE_CURVE('',#2889,#2829,#812,.T.);
#3261=EDGE_CURVE('',#2890,#2880,#3611,.T.);
#3262=EDGE_CURVE('',#2891,#2890,#1524,.T.);
#3263=EDGE_CURVE('',#2822,#2891,#3612,.T.);
#3264=EDGE_CURVE('',#2889,#2828,#813,.T.);
#3265=EDGE_CURVE('',#2892,#2883,#1525,.T.);
#3266=EDGE_CURVE('',#2841,#2892,#814,.T.);
#3267=EDGE_CURVE('',#2893,#2848,#3613,.T.);
#3268=EDGE_CURVE('',#2894,#2893,#1526,.T.);
#3269=EDGE_CURVE('',#2881,#2894,#3614,.T.);
#3270=EDGE_CURVE('',#2842,#2892,#815,.T.);
#3271=EDGE_CURVE('',#2798,#2895,#1527,.T.);
#3272=EDGE_CURVE('',#2890,#2895,#500,.T.);
#3273=EDGE_CURVE('',#2894,#2896,#501,.T.);
#3274=EDGE_CURVE('',#2896,#2876,#1528,.T.);
#3275=EDGE_CURVE('',#2885,#2886,#3615,.T.);
#3276=EDGE_CURVE('',#2882,#2888,#3616,.T.);
#3277=EDGE_CURVE('',#2897,#2895,#1529,.T.);
#3278=EDGE_CURVE('',#2891,#2897,#502,.T.);
#3279=EDGE_CURVE('',#2898,#2899,#1530,.T.);
#3280=EDGE_CURVE('',#2899,#2900,#3617,.T.);
#3281=EDGE_CURVE('',#2900,#2901,#1531,.T.);
#3282=EDGE_CURVE('',#2901,#2902,#503,.T.);
#3283=EDGE_CURVE('',#2902,#2823,#504,.T.);
#3284=EDGE_CURVE('',#2897,#2903,#1532,.T.);
#3285=EDGE_CURVE('',#2893,#2903,#505,.T.);
#3286=EDGE_CURVE('',#2898,#2847,#506,.T.);
#3287=EDGE_CURVE('',#2903,#2896,#1533,.T.);
#3288=EDGE_CURVE('',#2844,#2904,#507,.T.);
#3289=EDGE_CURVE('',#2904,#2845,#508,.T.);
#3290=EDGE_CURVE('',#2825,#2905,#509,.T.);
#3291=EDGE_CURVE('',#2905,#2826,#510,.T.);
#3292=EDGE_CURVE('',#2761,#2906,#816,.T.);
#3293=EDGE_CURVE('',#2906,#2887,#1534,.T.);
#3294=EDGE_CURVE('',#2907,#2908,#1535,.T.);
#3295=EDGE_CURVE('',#2907,#2909,#3618,.T.);
#3296=EDGE_CURVE('',#2905,#2909,#1536,.T.);
#3297=EDGE_CURVE('',#2908,#2824,#511,.T.);
#3298=EDGE_CURVE('',#2902,#2910,#1537,.T.);
#3299=EDGE_CURVE('',#2908,#2910,#3619,.T.);
#3300=EDGE_CURVE('',#2900,#2899,#3620,.T.);
#3301=EDGE_CURVE('',#2898,#2906,#3621,.T.);
#3302=EDGE_CURVE('',#2760,#2901,#512,.T.);
#3303=EDGE_CURVE('',#2911,#2846,#513,.T.);
#3304=EDGE_CURVE('',#2898,#2911,#1538,.T.);
#3305=EDGE_CURVE('',#2912,#2904,#1539,.T.);
#3306=EDGE_CURVE('',#2912,#2913,#3622,.T.);
#3307=EDGE_CURVE('',#2911,#2913,#1540,.T.);
#3308=EDGE_CURVE('',#2909,#2907,#3623,.T.);
#3309=EDGE_CURVE('',#2910,#2827,#3624,.T.);
#3310=EDGE_CURVE('',#2911,#2843,#3625,.T.);
#3311=EDGE_CURVE('',#2913,#2912,#3626,.T.);
#3312=EDGE_CURVE('',#2914,#2914,#817,.T.);
#3313=EDGE_CURVE('',#2915,#2915,#818,.T.);
#3314=EDGE_CURVE('',#2916,#2916,#819,.T.);
#3315=EDGE_CURVE('',#2917,#2917,#820,.T.);
#3316=EDGE_CURVE('',#2918,#2918,#821,.T.);
#3317=EDGE_CURVE('',#2919,#2919,#822,.T.);
#3318=EDGE_CURVE('',#2920,#2920,#823,.T.);
#3319=EDGE_CURVE('',#2921,#2921,#824,.T.);
#3320=EDGE_CURVE('',#2922,#2922,#825,.T.);
#3321=EDGE_CURVE('',#2923,#2923,#826,.T.);
#3322=EDGE_CURVE('',#2924,#2924,#827,.T.);
#3323=EDGE_CURVE('',#2925,#2925,#828,.T.);
#3324=EDGE_CURVE('',#2926,#2926,#829,.T.);
#3325=EDGE_CURVE('',#2927,#2927,#830,.T.);
#3326=EDGE_CURVE('',#2928,#2928,#831,.T.);
#3327=EDGE_CURVE('',#2929,#2929,#832,.T.);
#3328=EDGE_CURVE('',#2930,#2930,#833,.T.);
#3329=EDGE_CURVE('',#2931,#2931,#834,.T.);
#3330=EDGE_CURVE('',#2932,#2932,#835,.T.);
#3331=EDGE_CURVE('',#2933,#2933,#836,.T.);
#3332=EDGE_CURVE('',#2934,#2934,#837,.T.);
#3333=EDGE_CURVE('',#2784,#2778,#1541,.T.);
#3334=EDGE_CURVE('',#2872,#2782,#1542,.T.);
#3335=EDGE_CURVE('',#2783,#2935,#1543,.T.);
#3336=EDGE_CURVE('',#2935,#2936,#1544,.T.);
#3337=EDGE_CURVE('',#2785,#2936,#1545,.T.);
#3338=EDGE_CURVE('',#2937,#2936,#1546,.T.);
#3339=EDGE_CURVE('',#2937,#2786,#1547,.T.);
#3340=EDGE_CURVE('',#2787,#2938,#1548,.T.);
#3341=EDGE_CURVE('',#2938,#2935,#1549,.T.);
#3342=EDGE_CURVE('',#2938,#2937,#1550,.T.);
#3343=EDGE_CURVE('',#2939,#2939,#838,.T.);
#3344=EDGE_CURVE('',#2940,#2940,#839,.T.);
#3345=EDGE_CURVE('',#2941,#2941,#840,.T.);
#3346=EDGE_CURVE('',#2815,#2816,#841,.T.);
#3347=EDGE_CURVE('',#2774,#2942,#1551,.T.);
#3348=EDGE_CURVE('',#2943,#2942,#1552,.T.);
#3349=EDGE_CURVE('',#2775,#2943,#1553,.T.);
#3350=EDGE_CURVE('',#2944,#2943,#1554,.T.);
#3351=EDGE_CURVE('',#2776,#2944,#1555,.T.);
#3352=EDGE_CURVE('',#2945,#2944,#1556,.T.);
#3353=EDGE_CURVE('',#2777,#2945,#1557,.T.);
#3354=EDGE_CURVE('',#2942,#2945,#1558,.T.);
#3355=EDGE_CURVE('',#2946,#2947,#842,.T.);
#3356=EDGE_CURVE('',#2947,#2948,#843,.T.);
#3357=EDGE_CURVE('',#2948,#2949,#844,.T.);
#3358=EDGE_CURVE('',#2950,#2949,#1559,.T.);
#3359=EDGE_CURVE('',#2950,#2951,#845,.T.);
#3360=EDGE_CURVE('',#2951,#2952,#846,.T.);
#3361=EDGE_CURVE('',#2952,#2953,#847,.T.);
#3362=EDGE_CURVE('',#2953,#2954,#848,.T.);
#3363=EDGE_CURVE('',#2954,#2955,#849,.T.);
#3364=EDGE_CURVE('',#2955,#2946,#850,.T.);
#3365=EDGE_CURVE('',#2956,#2948,#1560,.T.);
#3366=EDGE_CURVE('',#2957,#2956,#3627,.T.);
#3367=EDGE_CURVE('',#2949,#2957,#1561,.T.);
#3368=EDGE_CURVE('',#2947,#2958,#1562,.T.);
#3369=EDGE_CURVE('',#2959,#2946,#1563,.T.);
#3370=EDGE_CURVE('',#2958,#2959,#3628,.T.);
#3371=EDGE_CURVE('',#2955,#2960,#1564,.T.);
#3372=EDGE_CURVE('',#2961,#2954,#1565,.T.);
#3373=EDGE_CURVE('',#2960,#2961,#3629,.T.);
#3374=EDGE_CURVE('',#2953,#2962,#1566,.T.);
#3375=EDGE_CURVE('',#2963,#2952,#1567,.T.);
#3376=EDGE_CURVE('',#2962,#2963,#3630,.T.);
#3377=EDGE_CURVE('',#2964,#2950,#1568,.T.);
#3378=EDGE_CURVE('',#2957,#2965,#3631,.T.);
#3379=EDGE_CURVE('',#2966,#2965,#3632,.T.);
#3380=EDGE_CURVE('',#2967,#2966,#1569,.T.);
#3381=EDGE_CURVE('',#2967,#2968,#1570,.T.);
#3382=EDGE_CURVE('',#2969,#2968,#1571,.T.);
#3383=EDGE_CURVE('',#2970,#2969,#1572,.T.);
#3384=EDGE_CURVE('',#2971,#2970,#1573,.T.);
#3385=EDGE_CURVE('',#2972,#2971,#3633,.T.);
#3386=EDGE_CURVE('',#2972,#2964,#3634,.T.);
#3387=EDGE_CURVE('',#2973,#2974,#3635,.T.);
#3388=EDGE_CURVE('',#2974,#2958,#3636,.T.);
#3389=EDGE_CURVE('',#2959,#2975,#3637,.T.);
#3390=EDGE_CURVE('',#2975,#2976,#3638,.T.);
#3391=EDGE_CURVE('',#2976,#2960,#3639,.T.);
#3392=EDGE_CURVE('',#2961,#2977,#3640,.T.);
#3393=EDGE_CURVE('',#2977,#2978,#3641,.T.);
#3394=EDGE_CURVE('',#2978,#2962,#3642,.T.);
#3395=EDGE_CURVE('',#2963,#2979,#3643,.T.);
#3396=EDGE_CURVE('',#2979,#2964,#3644,.T.);
#3397=EDGE_CURVE('',#2972,#2965,#851,.T.);
#3398=EDGE_CURVE('',#2956,#2973,#3645,.T.);
#3399=EDGE_CURVE('',#2980,#2981,#3646,.T.);
#3400=EDGE_CURVE('',#2982,#2980,#3647,.T.);
#3401=EDGE_CURVE('',#2982,#2983,#852,.T.);
#3402=EDGE_CURVE('',#2984,#2983,#3648,.T.);
#3403=EDGE_CURVE('',#2985,#2984,#3649,.T.);
#3404=EDGE_CURVE('',#2985,#2981,#853,.T.);
#3405=EDGE_CURVE('',#2983,#2986,#1574,.T.);
#3406=EDGE_CURVE('',#2987,#2982,#1575,.T.);
#3407=EDGE_CURVE('',#2987,#2986,#514,.T.);
#3408=EDGE_CURVE('',#2987,#2988,#515,.T.);
#3409=EDGE_CURVE('',#2988,#2989,#1576,.T.);
#3410=EDGE_CURVE('',#2989,#2986,#516,.T.);
#3411=EDGE_CURVE('',#2969,#2988,#517,.T.);
#3412=EDGE_CURVE('',#2970,#2980,#518,.T.);
#3413=EDGE_CURVE('',#2968,#2989,#519,.T.);
#3414=EDGE_CURVE('',#2967,#2984,#520,.T.);
#3415=EDGE_CURVE('',#2981,#2971,#3650,.T.);
#3416=EDGE_CURVE('',#2966,#2985,#3651,.T.);
#3417=EDGE_CURVE('',#2951,#2979,#1577,.T.);
#3418=EDGE_CURVE('',#2977,#2978,#854,.T.);
#3419=EDGE_CURVE('',#2975,#2976,#855,.T.);
#3420=EDGE_CURVE('',#2973,#2974,#856,.T.);
#3421=EDGE_CURVE('',#2990,#2991,#3652,.T.);
#3422=EDGE_CURVE('',#2990,#2992,#3653,.T.);
#3423=EDGE_CURVE('',#2993,#2992,#3654,.T.);
#3424=EDGE_CURVE('',#2994,#2993,#3655,.T.);
#3425=EDGE_CURVE('',#2995,#2994,#3656,.T.);
#3426=EDGE_CURVE('',#2996,#2995,#3657,.T.);
#3427=EDGE_CURVE('',#2997,#2996,#3658,.T.);
#3428=EDGE_CURVE('',#2998,#2997,#3659,.T.);
#3429=EDGE_CURVE('',#2998,#2999,#3660,.T.);
#3430=EDGE_CURVE('',#3000,#2999,#3661,.T.);
#3431=EDGE_CURVE('',#3001,#3000,#1578,.T.);
#3432=EDGE_CURVE('',#3002,#3001,#1579,.T.);
#3433=EDGE_CURVE('',#3003,#3002,#1580,.T.);
#3434=EDGE_CURVE('',#3003,#3004,#1581,.T.);
#3435=EDGE_CURVE('',#3005,#3004,#1582,.T.);
#3436=EDGE_CURVE('',#3006,#3005,#1583,.T.);
#3437=EDGE_CURVE('',#3006,#3007,#1584,.T.);
#3438=EDGE_CURVE('',#3008,#3007,#1585,.T.);
#3439=EDGE_CURVE('',#3009,#3008,#1586,.T.);
#3440=EDGE_CURVE('',#3010,#3009,#3662,.T.);
#3441=EDGE_CURVE('',#3010,#3011,#3663,.T.);
#3442=EDGE_CURVE('',#3012,#3011,#3664,.T.);
#3443=EDGE_CURVE('',#3013,#3012,#3665,.T.);
#3444=EDGE_CURVE('',#3014,#3013,#3666,.T.);
#3445=EDGE_CURVE('',#3015,#3014,#3667,.T.);
#3446=EDGE_CURVE('',#2991,#3015,#3668,.T.);
#3447=EDGE_CURVE('',#3016,#3017,#1587,.T.);
#3448=EDGE_CURVE('',#3018,#3016,#1588,.T.);
#3449=EDGE_CURVE('',#3019,#3018,#1589,.T.);
#3450=EDGE_CURVE('',#3017,#3019,#1590,.T.);
#3451=EDGE_CURVE('',#3020,#3021,#3669,.T.);
#3452=EDGE_CURVE('',#3022,#3021,#3670,.T.);
#3453=EDGE_CURVE('',#3023,#3022,#1591,.T.);
#3454=EDGE_CURVE('',#3023,#3020,#3671,.T.);
#3455=EDGE_CURVE('',#3024,#3025,#3672,.T.);
#3456=EDGE_CURVE('',#3026,#3024,#1592,.T.);
#3457=EDGE_CURVE('',#3022,#3026,#521,.T.);
#3458=EDGE_CURVE('',#3021,#3027,#3673,.T.);
#3459=EDGE_CURVE('',#3027,#3028,#1593,.T.);
#3460=EDGE_CURVE('',#3028,#3025,#522,.T.);
#3461=EDGE_CURVE('',#3029,#3030,#1594,.T.);
#3462=EDGE_CURVE('',#3029,#3031,#3674,.T.);
#3463=EDGE_CURVE('',#3031,#3032,#3675,.T.);
#3464=EDGE_CURVE('',#3032,#3030,#3676,.T.);
#3465=EDGE_CURVE('',#3033,#3031,#3677,.T.);
#3466=EDGE_CURVE('',#3027,#3033,#857,.T.);
#3467=EDGE_CURVE('',#3020,#3032,#858,.T.);
#3468=EDGE_CURVE('',#3034,#3033,#1595,.T.);
#3469=EDGE_CURVE('',#3034,#3028,#523,.T.);
#3470=EDGE_CURVE('',#3035,#3034,#524,.T.);
#3471=EDGE_CURVE('',#3025,#3035,#1596,.T.);
#3472=EDGE_CURVE('',#2992,#2990,#859,.T.);
#3473=EDGE_CURVE('',#2991,#2993,#860,.T.);
#3474=EDGE_CURVE('',#2994,#3015,#861,.T.);
#3475=EDGE_CURVE('',#3014,#2995,#862,.T.);
#3476=EDGE_CURVE('',#2996,#3013,#863,.T.);
#3477=EDGE_CURVE('',#2997,#3012,#864,.T.);
#3478=EDGE_CURVE('',#2998,#3011,#865,.T.);
#3479=EDGE_CURVE('',#2999,#3010,#866,.T.);
#3480=EDGE_CURVE('',#3035,#3005,#525,.T.);
#3481=EDGE_CURVE('',#3006,#3029,#526,.T.);
#3482=EDGE_CURVE('',#3024,#3004,#867,.T.);
#3483=EDGE_CURVE('',#3026,#3003,#1597,.T.);
#3484=EDGE_CURVE('',#3023,#3002,#527,.T.);
#3485=EDGE_CURVE('',#3007,#3030,#528,.T.);
#3486=EDGE_CURVE('',#3008,#3001,#868,.T.);
#3487=EDGE_CURVE('',#3000,#3009,#869,.T.);
#3488=EDGE_CURVE('',#3036,#3016,#1598,.T.);
#3489=EDGE_CURVE('',#3037,#3036,#1599,.T.);
#3490=EDGE_CURVE('',#3037,#3018,#1600,.T.);
#3491=EDGE_CURVE('',#3038,#3017,#1601,.T.);
#3492=EDGE_CURVE('',#3036,#3038,#1602,.T.);
#3493=EDGE_CURVE('',#3039,#3019,#1603,.T.);
#3494=EDGE_CURVE('',#3038,#3039,#1604,.T.);
#3495=EDGE_CURVE('',#3039,#3037,#1605,.T.);
#3496=EDGE_CURVE('',#3040,#3041,#870,.T.);
#3497=EDGE_CURVE('',#3041,#3042,#871,.T.);
#3498=EDGE_CURVE('',#3042,#3043,#872,.T.);
#3499=EDGE_CURVE('',#3043,#3044,#873,.T.);
#3500=EDGE_CURVE('',#3044,#3045,#874,.T.);
#3501=EDGE_CURVE('',#3045,#3046,#875,.T.);
#3502=EDGE_CURVE('',#3046,#3047,#876,.T.);
#3503=EDGE_CURVE('',#3047,#3048,#877,.T.);
#3504=EDGE_CURVE('',#3048,#3049,#878,.T.);
#3505=EDGE_CURVE('',#3050,#3049,#1606,.T.);
#3506=EDGE_CURVE('',#3050,#3051,#1607,.T.);
#3507=EDGE_CURVE('',#3052,#3051,#1608,.T.);
#3508=EDGE_CURVE('',#3053,#3052,#1609,.T.);
#3509=EDGE_CURVE('',#3040,#3053,#1610,.T.);
#3510=EDGE_CURVE('',#3054,#3055,#3681,.T.);
#3511=EDGE_CURVE('',#3054,#3041,#1611,.T.);
#3512=EDGE_CURVE('',#3055,#3040,#1612,.T.);
#3513=EDGE_CURVE('',#3042,#3056,#1613,.T.);
#3514=EDGE_CURVE('',#3057,#3056,#3682,.T.);
#3515=EDGE_CURVE('',#3057,#3043,#1614,.T.);
#3516=EDGE_CURVE('',#3044,#3058,#1615,.T.);
#3517=EDGE_CURVE('',#3059,#3058,#3683,.T.);
#3518=EDGE_CURVE('',#3059,#3045,#1616,.T.);
#3519=EDGE_CURVE('',#3046,#3060,#1617,.T.);
#3520=EDGE_CURVE('',#3061,#3060,#3684,.T.);
#3521=EDGE_CURVE('',#3061,#3047,#1618,.T.);
#3522=EDGE_CURVE('',#3062,#3063,#1619,.T.);
#3523=EDGE_CURVE('',#3062,#3064,#879,.T.);
#3524=EDGE_CURVE('',#3065,#3064,#1620,.T.);
#3525=EDGE_CURVE('',#3065,#3066,#1621,.T.);
#3526=EDGE_CURVE('',#3067,#3066,#1622,.T.);
#3527=EDGE_CURVE('',#3063,#3067,#1623,.T.);
#3528=EDGE_CURVE('',#3062,#3068,#1624,.T.);
#3529=EDGE_CURVE('',#3050,#3063,#1625,.T.);
#3530=EDGE_CURVE('',#3049,#3069,#1626,.T.);
#3531=EDGE_CURVE('',#3069,#3070,#3685,.T.);
#3532=EDGE_CURVE('',#3071,#3070,#3686,.T.);
#3533=EDGE_CURVE('',#3071,#3072,#3687,.T.);
#3534=EDGE_CURVE('',#3072,#3068,#3688,.T.);
#3535=EDGE_CURVE('',#3070,#3073,#880,.T.);
#3536=EDGE_CURVE('',#3073,#3074,#3689,.T.);
#3537=EDGE_CURVE('',#3071,#3074,#881,.T.);
#3538=EDGE_CURVE('',#3051,#3067,#1627,.T.);
#3539=EDGE_CURVE('',#3066,#3052,#1628,.T.);
#3540=EDGE_CURVE('',#3053,#3065,#1629,.T.);
#3541=EDGE_CURVE('',#3056,#3054,#3690,.T.);
#3542=EDGE_CURVE('',#3073,#3055,#3691,.T.);
#3543=EDGE_CURVE('',#3069,#3075,#3692,.T.);
#3544=EDGE_CURVE('',#3075,#3061,#3693,.T.);
#3545=EDGE_CURVE('',#3060,#3059,#3694,.T.);
#3546=EDGE_CURVE('',#3058,#3057,#3695,.T.);
#3547=EDGE_CURVE('',#3076,#3074,#3696,.T.);
#3548=EDGE_CURVE('',#3072,#3076,#882,.T.);
#3549=EDGE_CURVE('',#3077,#3064,#1630,.T.);
#3550=EDGE_CURVE('',#3077,#3076,#3697,.T.);
#3551=EDGE_CURVE('',#3048,#3075,#1631,.T.);
#3552=EDGE_CURVE('',#3077,#3078,#3698,.T.);
#3553=EDGE_CURVE('',#3078,#3079,#3699,.T.);
#3554=EDGE_CURVE('',#3079,#3068,#3700,.T.);
#3555=EDGE_CURVE('',#3078,#3079,#883,.T.);
#3556=B_SPLINE_CURVE_WITH_KNOTS('',3,(#4907,#4908,#4909,#4910),
 .UNSPECIFIED.,.F.,.F.,(4,4),(0.,1.),.UNSPECIFIED.);
#3557=B_SPLINE_CURVE_WITH_KNOTS('',3,(#4913,#4914,#4915,#4916),
 .UNSPECIFIED.,.F.,.F.,(4,4),(0.,1.),.UNSPECIFIED.);
#3558=B_SPLINE_CURVE_WITH_KNOTS('',3,(#4918,#4919,#4920,#4921),
 .UNSPECIFIED.,.F.,.F.,(4,4),(0.,1.),.UNSPECIFIED.);
#3559=B_SPLINE_CURVE_WITH_KNOTS('',3,(#4923,#4924,#4925,#4926),
 .UNSPECIFIED.,.F.,.F.,(4,4),(0.,1.),.UNSPECIFIED.);
#3560=B_SPLINE_CURVE_WITH_KNOTS('',3,(#4928,#4929,#4930,#4931),
 .UNSPECIFIED.,.F.,.F.,(4,4),(0.,1.),.UNSPECIFIED.);
#3561=B_SPLINE_CURVE_WITH_KNOTS('',3,(#4933,#4934,#4935,#4936,#4937,#4938),
 .UNSPECIFIED.,.F.,.F.,(4,2,4),(0.,0.5,1.),.UNSPECIFIED.);
#3562=B_SPLINE_CURVE_WITH_KNOTS('',3,(#4940,#4941,#4942,#4943),
 .UNSPECIFIED.,.F.,.F.,(4,4),(0.,1.),.UNSPECIFIED.);
#3563=B_SPLINE_CURVE_WITH_KNOTS('',3,(#4945,#4946,#4947,#4948),
 .UNSPECIFIED.,.F.,.F.,(4,4),(0.,1.),.UNSPECIFIED.);
#3564=B_SPLINE_CURVE_WITH_KNOTS('',3,(#4968,#4969,#4970,#4971),
 .UNSPECIFIED.,.F.,.F.,(4,4),(0.,1.),.UNSPECIFIED.);
#3565=B_SPLINE_CURVE_WITH_KNOTS('',3,(#4973,#4974,#4975,#4976),
 .UNSPECIFIED.,.F.,.F.,(4,4),(0.,1.),.UNSPECIFIED.);
#3566=B_SPLINE_CURVE_WITH_KNOTS('',3,(#4978,#4979,#4980,#4981,#4982,#4983),
 .UNSPECIFIED.,.F.,.F.,(4,2,4),(0.,0.5,1.),.UNSPECIFIED.);
#3567=B_SPLINE_CURVE_WITH_KNOTS('',3,(#4985,#4986,#4987,#4988),
 .UNSPECIFIED.,.F.,.F.,(4,4),(0.,1.),.UNSPECIFIED.);
#3568=B_SPLINE_CURVE_WITH_KNOTS('',3,(#4990,#4991,#4992,#4993),
 .UNSPECIFIED.,.F.,.F.,(4,4),(0.,1.),.UNSPECIFIED.);
#3569=B_SPLINE_CURVE_WITH_KNOTS('',3,(#4995,#4996,#4997,#4998),
 .UNSPECIFIED.,.F.,.F.,(4,4),(0.,1.),.UNSPECIFIED.);
#3570=B_SPLINE_CURVE_WITH_KNOTS('',3,(#5000,#5001,#5002,#5003),
 .UNSPECIFIED.,.F.,.F.,(4,4),(0.,1.),.UNSPECIFIED.);
#3571=B_SPLINE_CURVE_WITH_KNOTS('',3,(#5005,#5006,#5007,#5008),
 .UNSPECIFIED.,.F.,.F.,(4,4),(0.,1.),.UNSPECIFIED.);
#3572=B_SPLINE_CURVE_WITH_KNOTS('',3,(#5010,#5011,#5012,#5013,#5014,#5015,
#5016,#5017,#5018,#5019,#5020,#5021,#5022,#5023),.UNSPECIFIED.,.F.,.F.,
(4,2,2,2,2,2,4),(0.,0.249999999999997,0.374999999999997,0.499999999999997,
0.624999999999998,0.749999999999998,1.),.UNSPECIFIED.);
#3573=B_SPLINE_CURVE_WITH_KNOTS('',3,(#5033,#5034,#5035,#5036,#5037,#5038,
#5039,#5040),.UNSPECIFIED.,.F.,.F.,(4,2,2,4),(0.,0.25,0.499999999999999,
1.),.UNSPECIFIED.);
#3574=B_SPLINE_CURVE_WITH_KNOTS('',3,(#5043,#5044,#5045,#5046,#5047,#5048,
#5049),.UNSPECIFIED.,.F.,.F.,(4,3,4),(0.,0.520667968080141,1.),
 .UNSPECIFIED.);
#3575=B_SPLINE_CURVE_WITH_KNOTS('',3,(#5107,#5108,#5109,#5110),
 .UNSPECIFIED.,.F.,.F.,(4,4),(0.,1.),.UNSPECIFIED.);
#3576=B_SPLINE_CURVE_WITH_KNOTS('',3,(#5131,#5132,#5133,#5134),
 .UNSPECIFIED.,.F.,.F.,(4,4),(0.,1.),.UNSPECIFIED.);
#3577=B_SPLINE_CURVE_WITH_KNOTS('',3,(#5140,#5141,#5142,#5143,#5144,#5145,
#5146,#5147,#5148,#5149,#5150,#5151,#5152,#5153,#5154,#5155,#5156,#5157,
#5158,#5159,#5160,#5161,#5162,#5163,#5164,#5165,#5166,#5167,#5168,#5169,
#5170,#5171,#5172,#5173,#5174,#5175,#5176,#5177,#5178,#5179,#5180,#5181,
#5182,#5183,#5184,#5185,#5186,#5187,#5188),.UNSPECIFIED.,.F.,.F.,(4,3,3,
3,3,3,3,3,3,3,3,3,3,3,3,3,4),(0.,0.0380212339193344,0.106725039769873,0.175395911308108,
0.244069037809071,0.286568655800882,0.355171524218769,0.423795404871471,
0.492458706890915,0.561167335476772,0.62990979432863,0.698657197540496,
0.767372225429702,0.836027543669841,0.904625118630087,0.973200443123346,
1.),.UNSPECIFIED.);
#3578=B_SPLINE_CURVE_WITH_KNOTS('',3,(#5194,#5195,#5196,#5197),
 .UNSPECIFIED.,.F.,.F.,(4,4),(0.,1.),.UNSPECIFIED.);
#3579=B_SPLINE_CURVE_WITH_KNOTS('',3,(#5199,#5200,#5201,#5202,#5203,#5204,
#5205,#5206,#5207,#5208,#5209,#5210,#5211),.UNSPECIFIED.,.F.,.F.,(4,3,3,
3,4),(0.,0.159379249272833,0.517078614951102,0.876109254401025,1.),
 .UNSPECIFIED.);
#3580=B_SPLINE_CURVE_WITH_KNOTS('',3,(#5267,#5268,#5269,#5270),
 .UNSPECIFIED.,.F.,.F.,(4,4),(0.,1.),.UNSPECIFIED.);
#3581=B_SPLINE_CURVE_WITH_KNOTS('',3,(#5291,#5292,#5293,#5294,#5295,#5296,
#5297,#5298,#5299,#5300),.UNSPECIFIED.,.F.,.F.,(4,3,3,4),(0.,0.257874831236793,
0.628826931536631,1.),.UNSPECIFIED.);
#3582=B_SPLINE_CURVE_WITH_KNOTS('',3,(#5312,#5313,#5314,#5315),
 .UNSPECIFIED.,.F.,.F.,(4,4),(0.,1.),.UNSPECIFIED.);
#3583=B_SPLINE_CURVE_WITH_KNOTS('',3,(#5316,#5317,#5318,#5319,#5320,#5321,
#5322,#5323),.UNSPECIFIED.,.F.,.F.,(4,1,1,1,1,4),(0.,0.192605891687634,
0.305516940532442,0.495148685971468,0.662491490288189,1.),.UNSPECIFIED.);
#3584=B_SPLINE_CURVE_WITH_KNOTS('',3,(#5325,#5326,#5327,#5328),
 .UNSPECIFIED.,.F.,.F.,(4,4),(0.,1.),.UNSPECIFIED.);
#3585=B_SPLINE_CURVE_WITH_KNOTS('',3,(#5329,#5330,#5331,#5332,#5333,#5334,
#5335,#5336),.UNSPECIFIED.,.F.,.F.,(4,1,1,1,1,4),(0.,0.192605891687634,
0.305516940532442,0.495148685971468,0.662491490288189,1.),.UNSPECIFIED.);
#3586=B_SPLINE_CURVE_WITH_KNOTS('',3,(#5338,#5339,#5340,#5341),
 .UNSPECIFIED.,.F.,.F.,(4,4),(0.,1.),.UNSPECIFIED.);
#3587=B_SPLINE_CURVE_WITH_KNOTS('',3,(#5344,#5345,#5346,#5347,#5348,#5349,
#5350,#5351),.UNSPECIFIED.,.F.,.F.,(4,1,1,1,1,4),(0.,0.192605891687634,
0.305516940532442,0.495148685971468,0.662491490288189,1.),.UNSPECIFIED.);
#3588=B_SPLINE_CURVE_WITH_KNOTS('',3,(#5355,#5356,#5357,#5358),
 .UNSPECIFIED.,.F.,.F.,(4,4),(0.,1.),.UNSPECIFIED.);
#3589=B_SPLINE_CURVE_WITH_KNOTS('',3,(#5395,#5396,#5397,#5398),
 .UNSPECIFIED.,.F.,.F.,(4,4),(0.,1.),.UNSPECIFIED.);
#3590=B_SPLINE_CURVE_WITH_KNOTS('',3,(#5402,#5403,#5404,#5405),
 .UNSPECIFIED.,.F.,.F.,(4,4),(0.,1.),.UNSPECIFIED.);
#3591=B_SPLINE_CURVE_WITH_KNOTS('',3,(#5409,#5410,#5411,#5412),
 .UNSPECIFIED.,.F.,.F.,(4,4),(0.,1.),.UNSPECIFIED.);
#3592=B_SPLINE_CURVE_WITH_KNOTS('',3,(#5414,#5415,#5416,#5417),
 .UNSPECIFIED.,.F.,.F.,(4,4),(0.,1.),.UNSPECIFIED.);
#3593=B_SPLINE_CURVE_WITH_KNOTS('',3,(#5419,#5420,#5421,#5422),
 .UNSPECIFIED.,.F.,.F.,(4,4),(0.,1.),.UNSPECIFIED.);
#3594=B_SPLINE_CURVE_WITH_KNOTS('',3,(#5527,#5528,#5529,#5530,#5531,#5532,
#5533,#5534,#5535,#5536),.UNSPECIFIED.,.F.,.F.,(4,3,3,4),(0.,0.368726883319411,
0.890083290156039,1.),.UNSPECIFIED.);
#3595=B_SPLINE_CURVE_WITH_KNOTS('',3,(#5538,#5539,#5540,#5541,#5542,#5543,
#5544,#5545),.UNSPECIFIED.,.F.,.F.,(4,2,2,4),(0.,0.5,0.75,1.),
 .UNSPECIFIED.);
#3596=B_SPLINE_CURVE_WITH_KNOTS('',3,(#5564,#5565,#5566,#5567),
 .UNSPECIFIED.,.F.,.F.,(4,4),(0.,1.),.UNSPECIFIED.);
#3597=B_SPLINE_CURVE_WITH_KNOTS('',3,(#5586,#5587,#5588,#5589),
 .UNSPECIFIED.,.F.,.F.,(4,4),(0.,1.),.UNSPECIFIED.);
#3598=B_SPLINE_CURVE_WITH_KNOTS('',3,(#5593,#5594,#5595,#5596,#5597,#5598,
#5599,#5600,#5601,#5602,#5603,#5604,#5605,#5606,#5607,#5608,#5609,#5610,
#5611,#5612,#5613,#5614,#5615,#5616,#5617,#5618,#5619,#5620,#5621,#5622,
#5623,#5624,#5625,#5626,#5627,#5628,#5629,#5630,#5631,#5632,#5633,#5634,
#5635,#5636,#5637,#5638,#5639,#5640,#5641),.UNSPECIFIED.,.F.,.F.,(4,3,3,
3,3,3,3,3,3,3,3,3,3,3,3,3,4),(0.,0.0103568120383422,0.0789901070288072,
0.147685143883325,0.216417642434863,0.285150275253655,0.353852162443067,
0.422509229066079,0.49112515864225,0.559716947049822,0.628308488125972,
0.696923755855398,0.765579960444625,0.834281071617256,0.903013313793267,
0.971746074825764,1.),.UNSPECIFIED.);
#3599=B_SPLINE_CURVE_WITH_KNOTS('',3,(#5643,#5644,#5645,#5646,#5647,#5648,
#5649,#5650,#5651,#5652),.UNSPECIFIED.,.F.,.F.,(4,3,3,4),(0.,0.265071998822132,
0.636464761574996,1.),.UNSPECIFIED.);
#3600=B_SPLINE_CURVE_WITH_KNOTS('',3,(#5655,#5656,#5657,#5658),
 .UNSPECIFIED.,.F.,.F.,(4,4),(0.,1.),.UNSPECIFIED.);
#3601=B_SPLINE_CURVE_WITH_KNOTS('',3,(#5718,#5719,#5720,#5721,#5722,#5723,
#5724,#5725,#5726,#5727),.UNSPECIFIED.,.F.,.F.,(4,3,3,4),(0.,0.251524717550674,
0.628910685593265,1.),.UNSPECIFIED.);
#3602=B_SPLINE_CURVE_WITH_KNOTS('',3,(#5730,#5731,#5732,#5733,#5734,#5735,
#5736,#5737),.UNSPECIFIED.,.F.,.F.,(4,1,1,1,1,4),(0.,0.192605891687634,
0.305516940532442,0.495148685971468,0.662491490288189,1.),.UNSPECIFIED.);
#3603=B_SPLINE_CURVE_WITH_KNOTS('',3,(#5739,#5740,#5741,#5742,#5743,#5744,
#5745,#5746),.UNSPECIFIED.,.F.,.F.,(4,1,1,1,1,4),(0.,0.192605891687634,
0.305516940532442,0.495148685971468,0.662491490288189,1.),.UNSPECIFIED.);
#3604=B_SPLINE_CURVE_WITH_KNOTS('',3,(#5748,#5749,#5750,#5751,#5752,#5753,
#5754,#5755),.UNSPECIFIED.,.F.,.F.,(4,1,1,1,1,4),(0.,0.192605891687634,
0.305516940532442,0.495148685971468,0.662491490288189,1.),.UNSPECIFIED.);
#3605=B_SPLINE_CURVE_WITH_KNOTS('',3,(#5757,#5758,#5759,#5760,#5761,#5762,
#5763,#5764,#5765,#5766),.UNSPECIFIED.,.F.,.F.,(4,3,3,4),(0.,0.118689746610882,
0.824719071184605,1.),.UNSPECIFIED.);
#3606=B_SPLINE_CURVE_WITH_KNOTS('',3,(#5772,#5773,#5774,#5775,#5776,#5777,
#5778,#5779,#5780,#5781),.UNSPECIFIED.,.F.,.F.,(4,3,3,4),(0.,0.117543646841197,
0.823572965048417,1.),.UNSPECIFIED.);
#3607=B_SPLINE_CURVE_WITH_KNOTS('',3,(#5783,#5784,#5785,#5786,#5787,#5788,
#5789),.UNSPECIFIED.,.F.,.F.,(4,3,4),(0.,0.803754759352683,1.),
 .UNSPECIFIED.);
#3608=B_SPLINE_CURVE_WITH_KNOTS('',3,(#5791,#5792,#5793,#5794),
 .UNSPECIFIED.,.F.,.F.,(4,4),(0.,1.),.UNSPECIFIED.);
#3609=B_SPLINE_CURVE_WITH_KNOTS('',3,(#5800,#5801,#5802,#5803),
 .UNSPECIFIED.,.F.,.F.,(4,4),(0.,1.),.UNSPECIFIED.);
#3610=B_SPLINE_CURVE_WITH_KNOTS('',3,(#5805,#5806,#5807,#5808,#5809,#5810,
#5811),.UNSPECIFIED.,.F.,.F.,(4,3,4),(0.,0.801493936722846,1.),
 .UNSPECIFIED.);
#3611=B_SPLINE_CURVE_WITH_KNOTS('',3,(#5827,#5828,#5829,#5830),
 .UNSPECIFIED.,.F.,.F.,(4,4),(0.,1.),.UNSPECIFIED.);
#3612=B_SPLINE_CURVE_WITH_KNOTS('',3,(#5834,#5835,#5836,#5837),
 .UNSPECIFIED.,.F.,.F.,(4,4),(0.,1.),.UNSPECIFIED.);
#3613=B_SPLINE_CURVE_WITH_KNOTS('',3,(#5845,#5846,#5847,#5848),
 .UNSPECIFIED.,.F.,.F.,(4,4),(0.,1.),.UNSPECIFIED.);
#3614=B_SPLINE_CURVE_WITH_KNOTS('',3,(#5852,#5853,#5854,#5855),
 .UNSPECIFIED.,.F.,.F.,(4,4),(0.,1.),.UNSPECIFIED.);
#3615=B_SPLINE_CURVE_WITH_KNOTS('',3,(#5867,#5868,#5869,#5870,#5871,#5872,
#5873,#5874,#5875,#5876,#5877,#5878,#5879),.UNSPECIFIED.,.F.,.F.,(4,3,3,
3,4),(0.,0.0939866152432118,0.41031426727166,0.704273761214542,1.),
 .UNSPECIFIED.);
#3616=B_SPLINE_CURVE_WITH_KNOTS('',3,(#5881,#5882,#5883,#5884,#5885,#5886,
#5887,#5888,#5889,#5890,#5891,#5892,#5893),.UNSPECIFIED.,.F.,.F.,(4,3,3,
3,4),(0.,0.0939569020589098,0.410273938294411,0.704254617393468,1.),
 .UNSPECIFIED.);
#3617=B_SPLINE_CURVE_WITH_KNOTS('',3,(#5902,#5903,#5904,#5905,#5906,#5907,
#5908,#5909,#5910,#5911,#5912,#5913,#5914,#5915,#5916,#5917,#5918,#5919,
#5920,#5921,#5922,#5923,#5924,#5925,#5926,#5927,#5928,#5929),
 .UNSPECIFIED.,.F.,.F.,(4,3,3,3,3,3,3,3,3,4),(0.,0.11505559706076,0.229913556720546,
0.347595401079864,0.466265445198968,0.581402183074515,0.694812448472286,
0.81116551986196,0.930136233708745,1.),.UNSPECIFIED.);
#3618=B_SPLINE_CURVE_WITH_KNOTS('',3,(#5958,#5959,#5960,#5961,#5962,#5963,
#5964,#5965,#5966,#5967,#5968,#5969,#5970,#5971,#5972,#5973,#5974,#5975,
#5976,#5977,#5978,#5979,#5980,#5981,#5982,#5983,#5984,#5985),
 .UNSPECIFIED.,.F.,.F.,(4,3,3,3,3,3,3,3,3,4),(0.,0.113413819006487,0.226631005823561,
0.342680966305907,0.459931241063269,0.573642671492255,0.685308029925536,
0.799785772791095,0.917226228036055,1.),.UNSPECIFIED.);
#3619=B_SPLINE_CURVE_WITH_KNOTS('',3,(#5992,#5993,#5994,#5995,#5996,#5997,
#5998),.UNSPECIFIED.,.F.,.F.,(4,3,4),(0.,0.498072573534459,1.),
 .UNSPECIFIED.);
#3620=B_SPLINE_CURVE_WITH_KNOTS('',3,(#6000,#6001,#6002,#6003,#6004,#6005,
#6006,#6007,#6008,#6009,#6010,#6011,#6012,#6013,#6014,#6015,#6016,#6017,
#6018,#6019,#6020,#6021,#6022,#6023,#6024,#6025,#6026,#6027,#6028,#6029,
#6030,#6031,#6032,#6033),.UNSPECIFIED.,.F.,.F.,(4,3,3,3,3,3,3,3,3,3,3,4),
(0.,0.0951532945051606,0.190159740265289,0.287501686729345,0.388563196491738,
0.487980283828989,0.581838779643846,0.674457349692886,0.771540937666137,
0.872668484356773,0.972002701134591,1.),.UNSPECIFIED.);
#3621=B_SPLINE_CURVE_WITH_KNOTS('',3,(#6034,#6035,#6036,#6037,#6038,#6039,
#6040,#6041,#6042,#6043,#6044,#6045,#6046,#6047,#6048,#6049,#6050,#6051,
#6052,#6053,#6054,#6055,#6056,#6057,#6058,#6059,#6060,#6061,#6062,#6063,
#6064,#6065,#6066,#6067),.UNSPECIFIED.,.F.,.F.,(4,3,3,3,3,3,3,3,3,3,3,4),
(0.,0.00145113149933919,0.00926286556043078,0.0208511680010264,0.0405139131264554,
0.0757641603856016,0.138326572683817,0.241245282769789,0.518465706129906,
0.717606778754203,0.85821876819585,1.),.UNSPECIFIED.);
#3622=B_SPLINE_CURVE_WITH_KNOTS('',3,(#6076,#6077,#6078,#6079,#6080,#6081,
#6082,#6083,#6084,#6085,#6086,#6087,#6088,#6089,#6090,#6091,#6092,#6093,
#6094,#6095,#6096,#6097,#6098,#6099,#6100,#6101,#6102,#6103,#6104,#6105,
#6106,#6107,#6108,#6109,#6110,#6111,#6112),.UNSPECIFIED.,.F.,.F.,(4,3,3,
3,3,3,3,3,3,3,3,3,4),(0.,0.0835596360791214,0.167046266081155,0.25185450550396,
0.341168651063487,0.432267894430734,0.517964667900924,0.59763111075322,
0.678470108928709,0.765584953524955,0.856785247952137,0.945362992673791,
1.),.UNSPECIFIED.);
#3623=B_SPLINE_CURVE_WITH_KNOTS('',3,(#6116,#6117,#6118,#6119,#6120,#6121,
#6122,#6123,#6124,#6125,#6126,#6127,#6128,#6129,#6130,#6131,#6132,#6133,
#6134,#6135,#6136,#6137,#6138,#6139,#6140,#6141,#6142,#6143,#6144,#6145,
#6146,#6147,#6148,#6149),.UNSPECIFIED.,.F.,.F.,(4,3,3,3,3,3,3,3,3,3,3,4),
(0.,0.0970069192461071,0.193796211816873,0.293960062048399,0.39766496309805,
0.497376901786897,0.589577144409348,0.680971397862999,0.77853242078581,
0.881787630507661,0.983603556053232,1.),.UNSPECIFIED.);
#3624=B_SPLINE_CURVE_WITH_KNOTS('',3,(#6150,#6151,#6152,#6153,#6154,#6155,
#6156,#6157,#6158,#6159,#6160,#6161,#6162,#6163,#6164,#6165,#6166,#6167,
#6168),.UNSPECIFIED.,.F.,.F.,(4,3,3,3,3,3,4),(0.,0.00783221371177841,0.0975870373737638,
0.185785018868819,0.330317901522235,0.556195009154264,1.),.UNSPECIFIED.);
#3625=B_SPLINE_CURVE_WITH_KNOTS('',3,(#6171,#6172,#6173,#6174,#6175,#6176,
#6177,#6178,#6179,#6180),.UNSPECIFIED.,.F.,.F.,(4,3,3,4),(0.,0.110037819973702,
0.549358090532797,1.),.UNSPECIFIED.);
#3626=B_SPLINE_CURVE_WITH_KNOTS('',3,(#6182,#6183,#6184,#6185,#6186,#6187,
#6188,#6189,#6190,#6191,#6192,#6193,#6194,#6195,#6196,#6197,#6198,#6199,
#6200,#6201,#6202,#6203,#6204,#6205,#6206),.UNSPECIFIED.,.F.,.F.,(4,3,3,
3,3,3,3,3,4),(0.,0.138455860416895,0.276744156857106,0.417005368104758,
0.55433157322348,0.688195385217864,0.824082894166558,0.963950139274587,
1.),.UNSPECIFIED.);
#3627=B_SPLINE_CURVE_WITH_KNOTS('',3,(#6363,#6364,#6365,#6366),
 .UNSPECIFIED.,.F.,.F.,(4,4),(0.,1.),.UNSPECIFIED.);
#3628=B_SPLINE_CURVE_WITH_KNOTS('',3,(#6374,#6375,#6376,#6377),
 .UNSPECIFIED.,.F.,.F.,(4,4),(0.,1.),.UNSPECIFIED.);
#3629=B_SPLINE_CURVE_WITH_KNOTS('',3,(#6383,#6384,#6385,#6386,#6387,#6388),
 .UNSPECIFIED.,.F.,.F.,(4,2,4),(0.,0.500000000000001,1.),.UNSPECIFIED.);
#3630=B_SPLINE_CURVE_WITH_KNOTS('',3,(#6394,#6395,#6396,#6397),
 .UNSPECIFIED.,.F.,.F.,(4,4),(0.,1.),.UNSPECIFIED.);
#3631=B_SPLINE_CURVE_WITH_KNOTS('',3,(#6401,#6402,#6403,#6404,#6405,#6406,
#6407),.UNSPECIFIED.,.F.,.F.,(4,3,4),(0.,0.867509286873448,1.),
 .UNSPECIFIED.);
#3632=B_SPLINE_CURVE_WITH_KNOTS('',3,(#6409,#6410,#6411,#6412),
 .UNSPECIFIED.,.F.,.F.,(4,4),(0.,1.),.UNSPECIFIED.);
#3633=B_SPLINE_CURVE_WITH_KNOTS('',3,(#6424,#6425,#6426,#6427),
 .UNSPECIFIED.,.F.,.F.,(4,4),(0.,1.),.UNSPECIFIED.);
#3634=B_SPLINE_CURVE_WITH_KNOTS('',3,(#6429,#6430,#6431,#6432,#6433,#6434,
#6435,#6436,#6437,#6438),.UNSPECIFIED.,.F.,.F.,(4,3,3,4),(0.,0.206964156132662,
0.736548814214587,1.),.UNSPECIFIED.);
#3635=B_SPLINE_CURVE_WITH_KNOTS('',3,(#6440,#6441,#6442,#6443,#6444,#6445,
#6446,#6447,#6448,#6449,#6450,#6451,#6452,#6453,#6454,#6455,#6456,#6457,
#6458),.UNSPECIFIED.,.F.,.F.,(4,3,3,3,3,3,4),(0.,0.282821328817934,0.414302599387909,
0.504017117969725,0.593922713307942,0.958927610001382,1.),.UNSPECIFIED.);
#3636=B_SPLINE_CURVE_WITH_KNOTS('',3,(#6461,#6462,#6463,#6464),
 .UNSPECIFIED.,.F.,.F.,(4,4),(0.,1.),.UNSPECIFIED.);
#3637=B_SPLINE_CURVE_WITH_KNOTS('',3,(#6465,#6466,#6467,#6468),
 .UNSPECIFIED.,.F.,.F.,(4,4),(0.,1.),.UNSPECIFIED.);
#3638=B_SPLINE_CURVE_WITH_KNOTS('',3,(#6470,#6471,#6472,#6473,#6474,#6475,
#6476,#6477,#6478,#6479,#6480,#6481,#6482,#6483,#6484,#6485,#6486,#6487,
#6488),.UNSPECIFIED.,.F.,.F.,(4,3,3,3,3,3,4),(0.,0.276237521543971,0.39610506916182,
0.474341479141452,0.538086355834327,0.686649948131621,1.),.UNSPECIFIED.);
#3639=B_SPLINE_CURVE_WITH_KNOTS('',3,(#6490,#6491,#6492,#6493),
 .UNSPECIFIED.,.F.,.F.,(4,4),(0.,1.),.UNSPECIFIED.);
#3640=B_SPLINE_CURVE_WITH_KNOTS('',3,(#6494,#6495,#6496,#6497,#6498,#6499,
#6500),.UNSPECIFIED.,.F.,.F.,(4,3,4),(0.,0.615954211967165,1.),
 .UNSPECIFIED.);
#3641=B_SPLINE_CURVE_WITH_KNOTS('',3,(#6502,#6503,#6504,#6505,#6506,#6507,
#6508,#6509,#6510,#6511,#6512,#6513,#6514),.UNSPECIFIED.,.F.,.F.,(4,3,3,
3,4),(0.,0.335535003067365,0.569814500782902,0.878526827041723,1.),
 .UNSPECIFIED.);
#3642=B_SPLINE_CURVE_WITH_KNOTS('',3,(#6516,#6517,#6518,#6519),
 .UNSPECIFIED.,.F.,.F.,(4,4),(0.,1.),.UNSPECIFIED.);
#3643=B_SPLINE_CURVE_WITH_KNOTS('',3,(#6520,#6521,#6522,#6523,#6524,#6525,
#6526,#6527,#6528,#6529,#6530,#6531,#6532,#6533,#6534,#6535,#6536,#6537,
#6538,#6539,#6540,#6541,#6542,#6543,#6544,#6545,#6546,#6547,#6548,#6549,
#6550,#6551,#6552,#6553,#6554,#6555,#6556),.UNSPECIFIED.,.F.,.F.,(4,3,3,
3,3,3,3,3,3,3,3,3,4),(0.,0.00358697476411511,0.229275904201772,0.324467339404959,
0.420962013986492,0.454140152399158,0.487865559282844,0.518335925549432,
0.543954414834556,0.617609256735022,0.749032076338779,0.978119499926378,
1.),.UNSPECIFIED.);
#3644=B_SPLINE_CURVE_WITH_KNOTS('',3,(#6558,#6559,#6560,#6561),
 .UNSPECIFIED.,.F.,.F.,(4,4),(0.,1.),.UNSPECIFIED.);
#3645=B_SPLINE_CURVE_WITH_KNOTS('',3,(#6563,#6564,#6565,#6566,#6567,#6568,
#6569),.UNSPECIFIED.,.F.,.F.,(4,3,4),(0.,0.333424867731924,1.),
 .UNSPECIFIED.);
#3646=B_SPLINE_CURVE_WITH_KNOTS('',3,(#6571,#6572,#6573,#6574,#6575,#6576,
#6577,#6578,#6579,#6580),.UNSPECIFIED.,.F.,.F.,(4,3,3,4),(0.,0.122560403196782,
0.830562139676287,1.),.UNSPECIFIED.);
#3647=B_SPLINE_CURVE_WITH_KNOTS('',3,(#6583,#6584,#6585,#6586,#6587,#6588,
#6589),.UNSPECIFIED.,.F.,.F.,(4,3,4),(0.,0.750441763496653,1.),
 .UNSPECIFIED.);
#3648=B_SPLINE_CURVE_WITH_KNOTS('',3,(#6593,#6594,#6595,#6596,#6597,#6598,
#6599),.UNSPECIFIED.,.F.,.F.,(4,3,4),(0.,0.182837505793795,1.),
 .UNSPECIFIED.);
#3649=B_SPLINE_CURVE_WITH_KNOTS('',3,(#6601,#6602,#6603,#6604,#6605,#6606,
#6607,#6608,#6609,#6610),.UNSPECIFIED.,.F.,.F.,(4,3,3,4),(0.,0.127724415935489,
0.835732043932377,1.),.UNSPECIFIED.);
#3650=B_SPLINE_CURVE_WITH_KNOTS('',3,(#6633,#6634,#6635,#6636,#6637,#6638,
#6639,#6640,#6641,#6642,#6643,#6644,#6645),.UNSPECIFIED.,.F.,.F.,(4,3,3,
3,4),(0.,0.171852332369168,0.541098452328715,0.902499021526628,1.),
 .UNSPECIFIED.);
#3651=B_SPLINE_CURVE_WITH_KNOTS('',3,(#6647,#6648,#6649,#6650,#6651,#6652,
#6653,#6654,#6655,#6656),.UNSPECIFIED.,.F.,.F.,(4,3,3,4),(0.,0.251730947469502,
0.642601100532728,1.),.UNSPECIFIED.);
#3652=B_SPLINE_CURVE_WITH_KNOTS('',3,(#6671,#6672,#6673,#6674),
 .UNSPECIFIED.,.F.,.F.,(4,4),(0.,1.),.UNSPECIFIED.);
#3653=B_SPLINE_CURVE_WITH_KNOTS('',3,(#6677,#6678,#6679,#6680,#6681,#6682,
#6683,#6684,#6685,#6686,#6687,#6688,#6689,#6690),.UNSPECIFIED.,.F.,.F.,
(4,2,2,2,2,2,4),(0.,0.249999999999999,0.374999999999999,0.499999999999999,
0.624999999999999,0.75,1.),.UNSPECIFIED.);
#3654=B_SPLINE_CURVE_WITH_KNOTS('',3,(#6692,#6693,#6694,#6695),
 .UNSPECIFIED.,.F.,.F.,(4,4),(0.,1.),.UNSPECIFIED.);
#3655=B_SPLINE_CURVE_WITH_KNOTS('',3,(#6697,#6698,#6699,#6700),
 .UNSPECIFIED.,.F.,.F.,(4,4),(0.,1.),.UNSPECIFIED.);
#3656=B_SPLINE_CURVE_WITH_KNOTS('',3,(#6702,#6703,#6704,#6705),
 .UNSPECIFIED.,.F.,.F.,(4,4),(0.,1.),.UNSPECIFIED.);
#3657=B_SPLINE_CURVE_WITH_KNOTS('',3,(#6707,#6708,#6709,#6710),
 .UNSPECIFIED.,.F.,.F.,(4,4),(0.,1.),.UNSPECIFIED.);
#3658=B_SPLINE_CURVE_WITH_KNOTS('',3,(#6712,#6713,#6714,#6715),
 .UNSPECIFIED.,.F.,.F.,(4,4),(0.,1.),.UNSPECIFIED.);
#3659=B_SPLINE_CURVE_WITH_KNOTS('',3,(#6717,#6718,#6719,#6720,#6721,#6722),
 .UNSPECIFIED.,.F.,.F.,(4,2,4),(0.,0.5,1.),.UNSPECIFIED.);
#3660=B_SPLINE_CURVE_WITH_KNOTS('',3,(#6724,#6725,#6726,#6727),
 .UNSPECIFIED.,.F.,.F.,(4,4),(0.,1.),.UNSPECIFIED.);
#3661=B_SPLINE_CURVE_WITH_KNOTS('',3,(#6729,#6730,#6731,#6732),
 .UNSPECIFIED.,.F.,.F.,(4,4),(0.,1.),.UNSPECIFIED.);
#3662=B_SPLINE_CURVE_WITH_KNOTS('',3,(#6752,#6753,#6754,#6755),
 .UNSPECIFIED.,.F.,.F.,(4,4),(0.,1.),.UNSPECIFIED.);
#3663=B_SPLINE_CURVE_WITH_KNOTS('',3,(#6757,#6758,#6759,#6760),
 .UNSPECIFIED.,.F.,.F.,(4,4),(0.,1.),.UNSPECIFIED.);
#3664=B_SPLINE_CURVE_WITH_KNOTS('',3,(#6762,#6763,#6764,#6765,#6766,#6767),
 .UNSPECIFIED.,.F.,.F.,(4,2,4),(0.,0.5,1.),.UNSPECIFIED.);
#3665=B_SPLINE_CURVE_WITH_KNOTS('',3,(#6769,#6770,#6771,#6772),
 .UNSPECIFIED.,.F.,.F.,(4,4),(0.,1.),.UNSPECIFIED.);
#3666=B_SPLINE_CURVE_WITH_KNOTS('',3,(#6774,#6775,#6776,#6777),
 .UNSPECIFIED.,.F.,.F.,(4,4),(0.,1.),.UNSPECIFIED.);
#3667=B_SPLINE_CURVE_WITH_KNOTS('',3,(#6779,#6780,#6781,#6782),
 .UNSPECIFIED.,.F.,.F.,(4,4),(0.,1.),.UNSPECIFIED.);
#3668=B_SPLINE_CURVE_WITH_KNOTS('',3,(#6784,#6785,#6786,#6787),
 .UNSPECIFIED.,.F.,.F.,(4,4),(0.,1.),.UNSPECIFIED.);
#3669=B_SPLINE_CURVE_WITH_KNOTS('',3,(#6797,#6798,#6799,#6800,#6801,#6802,
#6803),.UNSPECIFIED.,.F.,.F.,(4,3,4),(0.,0.814239673016609,1.),
 .UNSPECIFIED.);
#3670=B_SPLINE_CURVE_WITH_KNOTS('',3,(#6806,#6807,#6808,#6809,#6810,#6811,
#6812,#6813,#6814,#6815,#6816,#6817,#6818),.UNSPECIFIED.,.F.,.F.,(4,3,3,
3,4),(0.,0.260081088041973,0.554190810983299,0.909726755039542,1.),
 .UNSPECIFIED.);
#3671=B_SPLINE_CURVE_WITH_KNOTS('',3,(#6822,#6823,#6824,#6825,#6826,#6827,
#6828,#6829,#6830,#6831),.UNSPECIFIED.,.F.,.F.,(4,3,3,4),(0.,0.309294345195052,
0.671636897761777,1.),.UNSPECIFIED.);
#3672=B_SPLINE_CURVE_WITH_KNOTS('',3,(#6833,#6834,#6835,#6836,#6837,#6838,
#6839,#6840,#6841,#6842,#6843,#6844,#6845,#6846,#6847,#6848,#6849,#6850,
#6851),.UNSPECIFIED.,.F.,.F.,(4,3,3,3,3,3,4),(0.,0.0496096118615189,0.191868871582211,
0.3653217793046,0.580787942446585,0.936672161683356,1.),.UNSPECIFIED.);
#3673=B_SPLINE_CURVE_WITH_KNOTS('',3,(#6857,#6858,#6859,#6860),
 .UNSPECIFIED.,.F.,.F.,(4,4),(0.,1.),.UNSPECIFIED.);
#3674=B_SPLINE_CURVE_WITH_KNOTS('',3,(#6869,#6870,#6871,#6872,#6873,#6874,
#6875,#6876,#6877,#6878,#6879,#6880,#6881),.UNSPECIFIED.,.F.,.F.,(4,3,3,
3,4),(0.,0.0806334603593933,0.349290972709395,0.660419979171742,1.),
 .UNSPECIFIED.);
#3675=B_SPLINE_CURVE_WITH_KNOTS('',3,(#6883,#6884,#6885,#6886,#6887,#6888,
#6889),.UNSPECIFIED.,.F.,.F.,(4,3,4),(0.,0.810385792231136,1.),
 .UNSPECIFIED.);
#3676=B_SPLINE_CURVE_WITH_KNOTS('',3,(#6891,#6892,#6893,#6894,#6895,#6896,
#6897,#6898,#6899,#6900),.UNSPECIFIED.,.F.,.F.,(4,3,3,4),(0.,0.278691261438208,
0.639360703150736,1.),.UNSPECIFIED.);
#3677=B_SPLINE_CURVE_WITH_KNOTS('',3,(#6902,#6903,#6904,#6905),
 .UNSPECIFIED.,.F.,.F.,(4,4),(0.,1.),.UNSPECIFIED.);
#3678=B_SPLINE_CURVE_WITH_KNOTS('',3,(#6920,#6921,#6922,#6923,#6924,#6925,
#6926,#6927),.UNSPECIFIED.,.F.,.F.,(4,1,1,1,1,4),(0.,0.192605891687634,
0.305516940532442,0.495148685971468,0.662491490288189,1.),.UNSPECIFIED.);
#3679=B_SPLINE_CURVE_WITH_KNOTS('',3,(#6947,#6948,#6949,#6950,#6951,#6952,
#6953,#6954),.UNSPECIFIED.,.F.,.F.,(4,1,1,1,1,4),(0.,0.192605891687634,
0.305516940532442,0.495148685971468,0.662491490288189,1.),.UNSPECIFIED.);
#3680=B_SPLINE_CURVE_WITH_KNOTS('',3,(#6958,#6959,#6960,#6961,#6962,#6963,
#6964,#6965),.UNSPECIFIED.,.F.,.F.,(4,1,1,1,1,4),(0.,0.192605891687634,
0.305516940532442,0.495148685971468,0.662491490288189,1.),.UNSPECIFIED.);
#3681=B_SPLINE_CURVE_WITH_KNOTS('',3,(#7095,#7096,#7097,#7098),
 .UNSPECIFIED.,.F.,.F.,(4,4),(0.,1.),.UNSPECIFIED.);
#3682=B_SPLINE_CURVE_WITH_KNOTS('',3,(#7106,#7107,#7108,#7109),
 .UNSPECIFIED.,.F.,.F.,(4,4),(0.,1.),.UNSPECIFIED.);
#3683=B_SPLINE_CURVE_WITH_KNOTS('',3,(#7115,#7116,#7117,#7118,#7119,#7120),
 .UNSPECIFIED.,.F.,.F.,(4,2,4),(0.,0.5,1.),.UNSPECIFIED.);
#3684=B_SPLINE_CURVE_WITH_KNOTS('',3,(#7126,#7127,#7128,#7129),
 .UNSPECIFIED.,.F.,.F.,(4,4),(0.,1.),.UNSPECIFIED.);
#3685=B_SPLINE_CURVE_WITH_KNOTS('',3,(#7151,#7152,#7153,#7154,#7155,#7156,
#7157,#7158,#7159,#7160,#7161,#7162,#7163,#7164,#7165,#7166,#7167,#7168,
#7169,#7170,#7171,#7172,#7173,#7174,#7175,#7176,#7177,#7178,#7179,#7180,
#7181,#7182,#7183,#7184,#7185,#7186,#7187,#7188,#7189,#7190,#7191,#7192,
#7193),.UNSPECIFIED.,.F.,.F.,(4,3,3,3,3,3,3,3,3,3,3,3,3,3,4),(0.,0.0396130216823271,
0.118480846228697,0.197417262258538,0.276390869453356,0.355358796812619,
0.434287861640155,0.513164857556225,0.591996568161333,0.670804140953215,
0.719625594279554,0.798513876072735,0.877399567476571,0.956323092184963,
1.),.UNSPECIFIED.);
#3686=B_SPLINE_CURVE_WITH_KNOTS('',3,(#7195,#7196,#7197,#7198),
 .UNSPECIFIED.,.F.,.F.,(4,4),(0.,1.),.UNSPECIFIED.);
#3687=B_SPLINE_CURVE_WITH_KNOTS('',3,(#7200,#7201,#7202,#7203),
 .UNSPECIFIED.,.F.,.F.,(4,4),(0.,1.),.UNSPECIFIED.);
#3688=B_SPLINE_CURVE_WITH_KNOTS('',3,(#7205,#7206,#7207,#7208,#7209,#7210,
#7211,#7212),.UNSPECIFIED.,.F.,.F.,(4,2,2,4),(0.,0.500000000000001,0.75,
1.),.UNSPECIFIED.);
#3689=B_SPLINE_CURVE_WITH_KNOTS('',3,(#7216,#7217,#7218,#7219),
 .UNSPECIFIED.,.F.,.F.,(4,4),(0.,1.),.UNSPECIFIED.);
#3690=B_SPLINE_CURVE_WITH_KNOTS('',3,(#7229,#7230,#7231,#7232,#7233,#7234,
#7235,#7236,#7237,#7238,#7239,#7240,#7241,#7242,#7243,#7244,#7245,#7246,
#7247,#7248,#7249,#7250,#7251,#7252,#7253,#7254,#7255,#7256,#7257,#7258,
#7259,#7260,#7261,#7262),.UNSPECIFIED.,.F.,.F.,(4,3,3,3,3,3,3,3,3,3,3,4),
(0.,0.18579373655082,0.279243301343949,0.373686461044632,0.424025156580429,
0.475217706579591,0.51120238691172,0.547142749049356,0.5936457490899,0.662563244533568,
0.782910001931426,1.),.UNSPECIFIED.);
#3691=B_SPLINE_CURVE_WITH_KNOTS('',3,(#7263,#7264,#7265,#7266,#7267,#7268,
#7269,#7270,#7271,#7272,#7273,#7274,#7275,#7276,#7277,#7278,#7279,#7280,
#7281,#7282,#7283,#7284,#7285,#7286,#7287,#7288,#7289,#7290,#7291,#7292,
#7293,#7294,#7295,#7296,#7297,#7298,#7299,#7300,#7301,#7302,#7303,#7304,
#7305,#7306,#7307,#7308),.UNSPECIFIED.,.F.,.F.,(4,3,3,3,3,3,3,3,3,3,3,3,
3,3,3,4),(0.,0.0306498250003103,0.1052110438201,0.179771699784981,0.254298584873786,
0.32877675535341,0.403210517575378,0.477618541151608,0.552026833032675,
0.626461313225218,0.700940418838084,0.775468145748987,0.850029225482699,
0.924590159563451,0.999110455239069,1.),.UNSPECIFIED.);
#3692=B_SPLINE_CURVE_WITH_KNOTS('',3,(#7309,#7310,#7311,#7312),
 .UNSPECIFIED.,.F.,.F.,(4,4),(0.,1.),.UNSPECIFIED.);
#3693=B_SPLINE_CURVE_WITH_KNOTS('',3,(#7314,#7315,#7316,#7317,#7318,#7319,
#7320,#7321,#7322,#7323,#7324,#7325,#7326,#7327,#7328,#7329,#7330,#7331,
#7332,#7333,#7334,#7335,#7336,#7337,#7338,#7339,#7340,#7341,#7342,#7343,
#7344),.UNSPECIFIED.,.F.,.F.,(4,3,3,3,3,3,3,3,3,3,4),(0.,0.153766063862261,
0.273904087377325,0.360358172263407,0.427706296737282,0.495752911955306,
0.554382375425995,0.612330871411566,0.696514756086658,0.817481317756102,
1.),.UNSPECIFIED.);
#3694=B_SPLINE_CURVE_WITH_KNOTS('',3,(#7345,#7346,#7347,#7348,#7349,#7350,
#7351,#7352,#7353,#7354,#7355,#7356,#7357,#7358,#7359,#7360,#7361,#7362,
#7363,#7364,#7365,#7366,#7367,#7368,#7369,#7370,#7371,#7372,#7373,#7374,
#7375,#7376,#7377,#7378,#7379,#7380,#7381),.UNSPECIFIED.,.F.,.F.,(4,3,3,
3,3,3,3,3,3,3,3,3,4),(0.,0.060039725794661,0.178124211933537,0.297188960924797,
0.367314622393151,0.427221885508481,0.47377311998939,0.520573982720238,
0.564137292463894,0.625602230937212,0.717733334630341,0.875647643666039,
1.),.UNSPECIFIED.);
#3695=B_SPLINE_CURVE_WITH_KNOTS('',3,(#7382,#7383,#7384,#7385,#7386,#7387,
#7388,#7389,#7390,#7391,#7392,#7393,#7394,#7395,#7396,#7397,#7398,#7399,
#7400,#7401,#7402,#7403,#7404,#7405,#7406,#7407,#7408,#7409,#7410,#7411,
#7412,#7413,#7414,#7415),.UNSPECIFIED.,.F.,.F.,(4,3,3,3,3,3,3,3,3,3,3,4),
(0.,0.208716425731747,0.292568677741952,0.377236937568394,0.424776686562743,
0.473135309990434,0.507223341554934,0.541251368059816,0.58622966694955,
0.653979044469471,0.774752723945128,1.),.UNSPECIFIED.);
#3696=B_SPLINE_CURVE_WITH_KNOTS('',3,(#7417,#7418,#7419,#7420),
 .UNSPECIFIED.,.F.,.F.,(4,4),(0.,1.),.UNSPECIFIED.);
#3697=B_SPLINE_CURVE_WITH_KNOTS('',3,(#7441,#7442,#7443,#7444,#7445,#7446,
#7447,#7448),.UNSPECIFIED.,.F.,.F.,(4,2,2,4),(0.,0.25,0.5,1.),
 .UNSPECIFIED.);
#3698=B_SPLINE_CURVE_WITH_KNOTS('',3,(#7452,#7453,#7454,#7455,#7456,#7457,
#7458,#7459,#7460,#7461),.UNSPECIFIED.,.F.,.F.,(4,3,3,4),(0.,0.443808261040917,
0.887116979872083,1.),.UNSPECIFIED.);
#3699=B_SPLINE_CURVE_WITH_KNOTS('',3,(#7463,#7464,#7465,#7466,#7467,#7468,
#7469,#7470,#7471,#7472,#7473,#7474,#7475,#7476,#7477,#7478,#7479,#7480,
#7481,#7482,#7483,#7484),.UNSPECIFIED.,.F.,.F.,(4,3,3,3,3,3,3,4),(0.,0.168003494961897,
0.334606040676314,0.488517586847268,0.634173008029273,0.77879832157117,
0.929038362164984,1.),.UNSPECIFIED.);
#3700=B_SPLINE_CURVE_WITH_KNOTS('',3,(#7486,#7487,#7488,#7489,#7490,#7491,
#7492),.UNSPECIFIED.,.F.,.F.,(4,3,4),(0.,0.507738194613265,1.),
 .UNSPECIFIED.);
#3701=AXIS2_PLACEMENT_3D('',#4906,#4045,#4046);
#3702=AXIS2_PLACEMENT_3D('',#5032,#4060,#4061);
#3703=AXIS2_PLACEMENT_3D('',#5051,#4062,#4063);
#3704=AXIS2_PLACEMENT_3D('',#5053,#4064,#4065);
#3705=AXIS2_PLACEMENT_3D('',#5073,#4067,#4068);
#3706=AXIS2_PLACEMENT_3D('',#5082,#4073,#4074);
#3707=AXIS2_PLACEMENT_3D('',#5083,#4075,#4076);
#3708=AXIS2_PLACEMENT_3D('',#5085,#4077,#4078);
#3709=AXIS2_PLACEMENT_3D('',#5087,#4079,#4080);
#3710=AXIS2_PLACEMENT_3D('',#5104,#4081,#4082);
#3711=AXIS2_PLACEMENT_3D('',#5111,#4083,#4084);
#3712=AXIS2_PLACEMENT_3D('',#5128,#4085,#4086);
#3713=AXIS2_PLACEMENT_3D('',#5136,#4088,#4089);
#3714=AXIS2_PLACEMENT_3D('',#5137,#4090,#4091);
#3715=AXIS2_PLACEMENT_3D('',#5189,#4092,#4093);
#3716=AXIS2_PLACEMENT_3D('',#5190,#4094,#4095);
#3717=AXIS2_PLACEMENT_3D('',#5191,#4096,#4097);
#3718=AXIS2_PLACEMENT_3D('',#5213,#4098,#4099);
#3719=AXIS2_PLACEMENT_3D('',#5216,#4101,#4102);
#3720=AXIS2_PLACEMENT_3D('',#5217,#4103,#4104);
#3721=AXIS2_PLACEMENT_3D('',#5219,#4105,#4106);
#3722=AXIS2_PLACEMENT_3D('',#5222,#4108,#4109);
#3723=AXIS2_PLACEMENT_3D('',#5223,#4110,#4111);
#3724=AXIS2_PLACEMENT_3D('',#5225,#4112,#4113);
#3725=AXIS2_PLACEMENT_3D('',#5242,#4114,#4115);
#3726=AXIS2_PLACEMENT_3D('',#5244,#4116,#4117);
#3727=AXIS2_PLACEMENT_3D('',#5246,#4118,#4119);
#3728=AXIS2_PLACEMENT_3D('',#5263,#4120,#4121);
#3729=AXIS2_PLACEMENT_3D('',#5265,#4122,#4123);
#3730=AXIS2_PLACEMENT_3D('',#5287,#4124,#4125);
#3731=AXIS2_PLACEMENT_3D('',#5289,#4126,#4127);
#3732=AXIS2_PLACEMENT_3D('',#5302,#4128,#4129);
#3733=AXIS2_PLACEMENT_3D('',#5305,#4131,#4132);
#3734=AXIS2_PLACEMENT_3D('',#5308,#4134,#4135);
#3735=AXIS2_PLACEMENT_3D('',#5309,#4136,#4137);
#3736=AXIS2_PLACEMENT_3D('',#5310,#4138,#4139);
#3737=AXIS2_PLACEMENT_3D('',#5343,#4142,#4143);
#3738=AXIS2_PLACEMENT_3D('',#5362,#4147,#4148);
#3739=AXIS2_PLACEMENT_3D('',#5364,#4149,#4150);
#3740=AXIS2_PLACEMENT_3D('',#5368,#4152,#4153);
#3741=AXIS2_PLACEMENT_3D('',#5394,#4167,#4168);
#3742=AXIS2_PLACEMENT_3D('',#5400,#4169,#4170);
#3743=AXIS2_PLACEMENT_3D('',#5407,#4171,#4172);
#3744=AXIS2_PLACEMENT_3D('',#5423,#4173,#4174);
#3745=AXIS2_PLACEMENT_3D('',#5449,#4188,#4189);
#3746=AXIS2_PLACEMENT_3D('',#5451,#4190,#4191);
#3747=AXIS2_PLACEMENT_3D('',#5453,#4192,#4193);
#3748=AXIS2_PLACEMENT_3D('',#5455,#4194,#4195);
#3749=AXIS2_PLACEMENT_3D('',#5457,#4196,#4197);
#3750=AXIS2_PLACEMENT_3D('',#5459,#4198,#4199);
#3751=AXIS2_PLACEMENT_3D('',#5461,#4200,#4201);
#3752=AXIS2_PLACEMENT_3D('',#5463,#4202,#4203);
#3753=AXIS2_PLACEMENT_3D('',#5465,#4204,#4205);
#3754=AXIS2_PLACEMENT_3D('',#5467,#4206,#4207);
#3755=AXIS2_PLACEMENT_3D('',#5469,#4208,#4209);
#3756=AXIS2_PLACEMENT_3D('',#5471,#4210,#4211);
#3757=AXIS2_PLACEMENT_3D('',#5473,#4212,#4213);
#3758=AXIS2_PLACEMENT_3D('',#5475,#4214,#4215);
#3759=AXIS2_PLACEMENT_3D('',#5477,#4216,#4217);
#3760=AXIS2_PLACEMENT_3D('',#5479,#4218,#4219);
#3761=AXIS2_PLACEMENT_3D('',#5481,#4220,#4221);
#3762=AXIS2_PLACEMENT_3D('',#5483,#4222,#4223);
#3763=AXIS2_PLACEMENT_3D('',#5485,#4224,#4225);
#3764=AXIS2_PLACEMENT_3D('',#5487,#4226,#4227);
#3765=AXIS2_PLACEMENT_3D('',#5489,#4228,#4229);
#3766=AXIS2_PLACEMENT_3D('',#5491,#4230,#4231);
#3767=AXIS2_PLACEMENT_3D('',#5492,#4232,#4233);
#3768=AXIS2_PLACEMENT_3D('',#5493,#4234,#4235);
#3769=AXIS2_PLACEMENT_3D('',#5510,#4236,#4237);
#3770=AXIS2_PLACEMENT_3D('',#5547,#4238,#4239);
#3771=AXIS2_PLACEMENT_3D('',#5569,#4240,#4241);
#3772=AXIS2_PLACEMENT_3D('',#5591,#4242,#4243);
#3773=AXIS2_PLACEMENT_3D('',#5592,#4244,#4245);
#3774=AXIS2_PLACEMENT_3D('',#5642,#4246,#4247);
#3775=AXIS2_PLACEMENT_3D('',#5659,#4248,#4249);
#3776=AXIS2_PLACEMENT_3D('',#5660,#4250,#4251);
#3777=AXIS2_PLACEMENT_3D('',#5661,#4252,#4253);
#3778=AXIS2_PLACEMENT_3D('',#5662,#4254,#4255);
#3779=AXIS2_PLACEMENT_3D('',#5695,#4256,#4257);
#3780=AXIS2_PLACEMENT_3D('',#5696,#4258,#4259);
#3781=AXIS2_PLACEMENT_3D('',#5713,#4260,#4261);
#3782=AXIS2_PLACEMENT_3D('',#5715,#4262,#4263);
#3783=AXIS2_PLACEMENT_3D('',#5716,#4264,#4265);
#3784=AXIS2_PLACEMENT_3D('',#5728,#4266,#4267);
#3785=AXIS2_PLACEMENT_3D('',#5729,#4268,#4269);
#3786=AXIS2_PLACEMENT_3D('',#5768,#4273,#4274);
#3787=AXIS2_PLACEMENT_3D('',#5769,#4275,#4276);
#3788=AXIS2_PLACEMENT_3D('',#5770,#4277,#4278);
#3789=AXIS2_PLACEMENT_3D('',#5782,#4279,#4280);
#3790=AXIS2_PLACEMENT_3D('',#5796,#4281,#4282);
#3791=AXIS2_PLACEMENT_3D('',#5797,#4283,#4284);
#3792=AXIS2_PLACEMENT_3D('',#5798,#4285,#4286);
#3793=AXIS2_PLACEMENT_3D('',#5812,#4287,#4288);
#3794=AXIS2_PLACEMENT_3D('',#5815,#4290,#4291);
#3795=AXIS2_PLACEMENT_3D('',#5816,#4292,#4293);
#3796=AXIS2_PLACEMENT_3D('',#5819,#4295,#4296);
#3797=AXIS2_PLACEMENT_3D('',#5822,#4298,#4299);
#3798=AXIS2_PLACEMENT_3D('',#5825,#4301,#4302);
#3799=AXIS2_PLACEMENT_3D('',#5826,#4303,#4304);
#3800=AXIS2_PLACEMENT_3D('',#5838,#4306,#4307);
#3801=AXIS2_PLACEMENT_3D('',#5839,#4308,#4309);
#3802=AXIS2_PLACEMENT_3D('',#5840,#4310,#4311);
#3803=AXIS2_PLACEMENT_3D('',#5843,#4313,#4314);
#3804=AXIS2_PLACEMENT_3D('',#5844,#4315,#4316);
#3805=AXIS2_PLACEMENT_3D('',#5856,#4318,#4319);
#3806=AXIS2_PLACEMENT_3D('',#5857,#4320,#4321);
#3807=AXIS2_PLACEMENT_3D('',#5858,#4322,#4323);
#3808=AXIS2_PLACEMENT_3D('',#5861,#4325,#4326);
#3809=AXIS2_PLACEMENT_3D('',#5862,#4327,#4328);
#3810=AXIS2_PLACEMENT_3D('',#5863,#4329,#4330);
#3811=AXIS2_PLACEMENT_3D('',#5866,#4332,#4333);
#3812=AXIS2_PLACEMENT_3D('',#5880,#4334,#4335);
#3813=AXIS2_PLACEMENT_3D('',#5894,#4336,#4337);
#3814=AXIS2_PLACEMENT_3D('',#5897,#4339,#4340);
#3815=AXIS2_PLACEMENT_3D('',#5898,#4341,#4342);
#3816=AXIS2_PLACEMENT_3D('',#5933,#4345,#4346);
#3817=AXIS2_PLACEMENT_3D('',#5935,#4347,#4348);
#3818=AXIS2_PLACEMENT_3D('',#5938,#4350,#4351);
#3819=AXIS2_PLACEMENT_3D('',#5939,#4352,#4353);
#3820=AXIS2_PLACEMENT_3D('',#5940,#4354,#4355);
#3821=AXIS2_PLACEMENT_3D('',#5942,#4357,#4358);
#3822=AXIS2_PLACEMENT_3D('',#5943,#4359,#4360);
#3823=AXIS2_PLACEMENT_3D('',#5945,#4361,#4362);
#3824=AXIS2_PLACEMENT_3D('',#5946,#4363,#4364);
#3825=AXIS2_PLACEMENT_3D('',#5947,#4365,#4366);
#3826=AXIS2_PLACEMENT_3D('',#5949,#4367,#4368);
#3827=AXIS2_PLACEMENT_3D('',#5950,#4369,#4370);
#3828=AXIS2_PLACEMENT_3D('',#5951,#4371,#4372);
#3829=AXIS2_PLACEMENT_3D('',#5954,#4374,#4375);
#3830=AXIS2_PLACEMENT_3D('',#5988,#4378,#4379);
#3831=AXIS2_PLACEMENT_3D('',#5989,#4380,#4381);
#3832=AXIS2_PLACEMENT_3D('',#5999,#4383,#4384);
#3833=AXIS2_PLACEMENT_3D('',#6068,#4385,#4386);
#3834=AXIS2_PLACEMENT_3D('',#6069,#4387,#4388);
#3835=AXIS2_PLACEMENT_3D('',#6070,#4389,#4390);
#3836=AXIS2_PLACEMENT_3D('',#6073,#4392,#4393);
#3837=AXIS2_PLACEMENT_3D('',#6115,#4396,#4397);
#3838=AXIS2_PLACEMENT_3D('',#6169,#4398,#4399);
#3839=AXIS2_PLACEMENT_3D('',#6170,#4400,#4401);
#3840=AXIS2_PLACEMENT_3D('',#6181,#4402,#4403);
#3841=AXIS2_PLACEMENT_3D('',#6207,#4404,#4405);
#3842=AXIS2_PLACEMENT_3D('',#6208,#4406,#4407);
#3843=AXIS2_PLACEMENT_3D('',#6210,#4408,#4409);
#3844=AXIS2_PLACEMENT_3D('',#6211,#4410,#4411);
#3845=AXIS2_PLACEMENT_3D('',#6212,#4412,#4413);
#3846=AXIS2_PLACEMENT_3D('',#6214,#4414,#4415);
#3847=AXIS2_PLACEMENT_3D('',#6215,#4416,#4417);
#3848=AXIS2_PLACEMENT_3D('',#6216,#4418,#4419);
#3849=AXIS2_PLACEMENT_3D('',#6218,#4420,#4421);
#3850=AXIS2_PLACEMENT_3D('',#6219,#4422,#4423);
#3851=AXIS2_PLACEMENT_3D('',#6220,#4424,#4425);
#3852=AXIS2_PLACEMENT_3D('',#6222,#4426,#4427);
#3853=AXIS2_PLACEMENT_3D('',#6223,#4428,#4429);
#3854=AXIS2_PLACEMENT_3D('',#6224,#4430,#4431);
#3855=AXIS2_PLACEMENT_3D('',#6226,#4432,#4433);
#3856=AXIS2_PLACEMENT_3D('',#6227,#4434,#4435);
#3857=AXIS2_PLACEMENT_3D('',#6228,#4436,#4437);
#3858=AXIS2_PLACEMENT_3D('',#6230,#4438,#4439);
#3859=AXIS2_PLACEMENT_3D('',#6231,#4440,#4441);
#3860=AXIS2_PLACEMENT_3D('',#6232,#4442,#4443);
#3861=AXIS2_PLACEMENT_3D('',#6234,#4444,#4445);
#3862=AXIS2_PLACEMENT_3D('',#6235,#4446,#4447);
#3863=AXIS2_PLACEMENT_3D('',#6236,#4448,#4449);
#3864=AXIS2_PLACEMENT_3D('',#6238,#4450,#4451);
#3865=AXIS2_PLACEMENT_3D('',#6239,#4452,#4453);
#3866=AXIS2_PLACEMENT_3D('',#6240,#4454,#4455);
#3867=AXIS2_PLACEMENT_3D('',#6242,#4456,#4457);
#3868=AXIS2_PLACEMENT_3D('',#6243,#4458,#4459);
#3869=AXIS2_PLACEMENT_3D('',#6244,#4460,#4461);
#3870=AXIS2_PLACEMENT_3D('',#6246,#4462,#4463);
#3871=AXIS2_PLACEMENT_3D('',#6247,#4464,#4465);
#3872=AXIS2_PLACEMENT_3D('',#6248,#4466,#4467);
#3873=AXIS2_PLACEMENT_3D('',#6250,#4468,#4469);
#3874=AXIS2_PLACEMENT_3D('',#6251,#4470,#4471);
#3875=AXIS2_PLACEMENT_3D('',#6252,#4472,#4473);
#3876=AXIS2_PLACEMENT_3D('',#6254,#4474,#4475);
#3877=AXIS2_PLACEMENT_3D('',#6255,#4476,#4477);
#3878=AXIS2_PLACEMENT_3D('',#6256,#4478,#4479);
#3879=AXIS2_PLACEMENT_3D('',#6258,#4480,#4481);
#3880=AXIS2_PLACEMENT_3D('',#6259,#4482,#4483);
#3881=AXIS2_PLACEMENT_3D('',#6260,#4484,#4485);
#3882=AXIS2_PLACEMENT_3D('',#6262,#4486,#4487);
#3883=AXIS2_PLACEMENT_3D('',#6263,#4488,#4489);
#3884=AXIS2_PLACEMENT_3D('',#6264,#4490,#4491);
#3885=AXIS2_PLACEMENT_3D('',#6266,#4492,#4493);
#3886=AXIS2_PLACEMENT_3D('',#6267,#4494,#4495);
#3887=AXIS2_PLACEMENT_3D('',#6268,#4496,#4497);
#3888=AXIS2_PLACEMENT_3D('',#6270,#4498,#4499);
#3889=AXIS2_PLACEMENT_3D('',#6271,#4500,#4501);
#3890=AXIS2_PLACEMENT_3D('',#6272,#4502,#4503);
#3891=AXIS2_PLACEMENT_3D('',#6274,#4504,#4505);
#3892=AXIS2_PLACEMENT_3D('',#6275,#4506,#4507);
#3893=AXIS2_PLACEMENT_3D('',#6276,#4508,#4509);
#3894=AXIS2_PLACEMENT_3D('',#6278,#4510,#4511);
#3895=AXIS2_PLACEMENT_3D('',#6279,#4512,#4513);
#3896=AXIS2_PLACEMENT_3D('',#6280,#4514,#4515);
#3897=AXIS2_PLACEMENT_3D('',#6282,#4516,#4517);
#3898=AXIS2_PLACEMENT_3D('',#6283,#4518,#4519);
#3899=AXIS2_PLACEMENT_3D('',#6284,#4520,#4521);
#3900=AXIS2_PLACEMENT_3D('',#6286,#4522,#4523);
#3901=AXIS2_PLACEMENT_3D('',#6287,#4524,#4525);
#3902=AXIS2_PLACEMENT_3D('',#6288,#4526,#4527);
#3903=AXIS2_PLACEMENT_3D('',#6290,#4528,#4529);
#3904=AXIS2_PLACEMENT_3D('',#6291,#4530,#4531);
#3905=AXIS2_PLACEMENT_3D('',#6299,#4537,#4538);
#3906=AXIS2_PLACEMENT_3D('',#6303,#4541,#4542);
#3907=AXIS2_PLACEMENT_3D('',#6307,#4545,#4546);
#3908=AXIS2_PLACEMENT_3D('',#6309,#4548,#4549);
#3909=AXIS2_PLACEMENT_3D('',#6310,#4550,#4551);
#3910=AXIS2_PLACEMENT_3D('',#6312,#4552,#4553);
#3911=AXIS2_PLACEMENT_3D('',#6314,#4554,#4555);
#3912=AXIS2_PLACEMENT_3D('',#6316,#4556,#4557);
#3913=AXIS2_PLACEMENT_3D('',#6317,#4558,#4559);
#3914=AXIS2_PLACEMENT_3D('',#6318,#4560,#4561);
#3915=AXIS2_PLACEMENT_3D('',#6319,#4562,#4563);
#3916=AXIS2_PLACEMENT_3D('',#6325,#4567,#4568);
#3917=AXIS2_PLACEMENT_3D('',#6329,#4571,#4572);
#3918=AXIS2_PLACEMENT_3D('',#6333,#4575,#4576);
#3919=AXIS2_PLACEMENT_3D('',#6335,#4578,#4579);
#3920=AXIS2_PLACEMENT_3D('',#6336,#4580,#4581);
#3921=AXIS2_PLACEMENT_3D('',#6337,#4582,#4583);
#3922=AXIS2_PLACEMENT_3D('',#6338,#4584,#4585);
#3923=AXIS2_PLACEMENT_3D('',#6339,#4586,#4587);
#3924=AXIS2_PLACEMENT_3D('',#6340,#4588,#4589);
#3925=AXIS2_PLACEMENT_3D('',#6343,#4590,#4591);
#3926=AXIS2_PLACEMENT_3D('',#6345,#4592,#4593);
#3927=AXIS2_PLACEMENT_3D('',#6349,#4595,#4596);
#3928=AXIS2_PLACEMENT_3D('',#6351,#4597,#4598);
#3929=AXIS2_PLACEMENT_3D('',#6353,#4599,#4600);
#3930=AXIS2_PLACEMENT_3D('',#6355,#4601,#4602);
#3931=AXIS2_PLACEMENT_3D('',#6357,#4603,#4604);
#3932=AXIS2_PLACEMENT_3D('',#6359,#4605,#4606);
#3933=AXIS2_PLACEMENT_3D('',#6360,#4607,#4608);
#3934=AXIS2_PLACEMENT_3D('',#6369,#4611,#4612);
#3935=AXIS2_PLACEMENT_3D('',#6378,#4615,#4616);
#3936=AXIS2_PLACEMENT_3D('',#6389,#4619,#4620);
#3937=AXIS2_PLACEMENT_3D('',#6398,#4623,#4624);
#3938=AXIS2_PLACEMENT_3D('',#6439,#4631,#4632);
#3939=AXIS2_PLACEMENT_3D('',#6562,#4633,#4634);
#3940=AXIS2_PLACEMENT_3D('',#6570,#4635,#4636);
#3941=AXIS2_PLACEMENT_3D('',#6591,#4637,#4638);
#3942=AXIS2_PLACEMENT_3D('',#6612,#4639,#4640);
#3943=AXIS2_PLACEMENT_3D('',#6613,#4641,#4642);
#3944=AXIS2_PLACEMENT_3D('',#6618,#4645,#4646);
#3945=AXIS2_PLACEMENT_3D('',#6619,#4647,#4648);
#3946=AXIS2_PLACEMENT_3D('',#6620,#4649,#4650);
#3947=AXIS2_PLACEMENT_3D('',#6624,#4652,#4653);
#3948=AXIS2_PLACEMENT_3D('',#6625,#4654,#4655);
#3949=AXIS2_PLACEMENT_3D('',#6626,#4656,#4657);
#3950=AXIS2_PLACEMENT_3D('',#6627,#4658,#4659);
#3951=AXIS2_PLACEMENT_3D('',#6628,#4660,#4661);
#3952=AXIS2_PLACEMENT_3D('',#6629,#4662,#4663);
#3953=AXIS2_PLACEMENT_3D('',#6630,#4664,#4665);
#3954=AXIS2_PLACEMENT_3D('',#6631,#4666,#4667);
#3955=AXIS2_PLACEMENT_3D('',#6632,#4668,#4669);
#3956=AXIS2_PLACEMENT_3D('',#6646,#4670,#4671);
#3957=AXIS2_PLACEMENT_3D('',#6657,#4672,#4673);
#3958=AXIS2_PLACEMENT_3D('',#6658,#4674,#4675);
#3959=AXIS2_PLACEMENT_3D('',#6660,#4677,#4678);
#3960=AXIS2_PLACEMENT_3D('',#6661,#4679,#4680);
#3961=AXIS2_PLACEMENT_3D('',#6662,#4681,#4682);
#3962=AXIS2_PLACEMENT_3D('',#6663,#4683,#4684);
#3963=AXIS2_PLACEMENT_3D('',#6664,#4685,#4686);
#3964=AXIS2_PLACEMENT_3D('',#6665,#4687,#4688);
#3965=AXIS2_PLACEMENT_3D('',#6666,#4689,#4690);
#3966=AXIS2_PLACEMENT_3D('',#6667,#4691,#4692);
#3967=AXIS2_PLACEMENT_3D('',#6668,#4693,#4694);
#3968=AXIS2_PLACEMENT_3D('',#6669,#4695,#4696);
#3969=AXIS2_PLACEMENT_3D('',#6670,#4697,#4698);
#3970=AXIS2_PLACEMENT_3D('',#6796,#4712,#4713);
#3971=AXIS2_PLACEMENT_3D('',#6832,#4715,#4716);
#3972=AXIS2_PLACEMENT_3D('',#6856,#4718,#4719);
#3973=AXIS2_PLACEMENT_3D('',#6864,#4721,#4722);
#3974=AXIS2_PLACEMENT_3D('',#6865,#4723,#4724);
#3975=AXIS2_PLACEMENT_3D('',#6901,#4726,#4727);
#3976=AXIS2_PLACEMENT_3D('',#6907,#4728,#4729);
#3977=AXIS2_PLACEMENT_3D('',#6908,#4730,#4731);
#3978=AXIS2_PLACEMENT_3D('',#6909,#4732,#4733);
#3979=AXIS2_PLACEMENT_3D('',#6912,#4735,#4736);
#3980=AXIS2_PLACEMENT_3D('',#6913,#4737,#4738);
#3981=AXIS2_PLACEMENT_3D('',#6914,#4739,#4740);
#3982=AXIS2_PLACEMENT_3D('',#6917,#4742,#4743);
#3983=AXIS2_PLACEMENT_3D('',#6918,#4744,#4745);
#3984=AXIS2_PLACEMENT_3D('',#6919,#4746,#4747);
#3985=AXIS2_PLACEMENT_3D('',#6945,#4749,#4750);
#3986=AXIS2_PLACEMENT_3D('',#6946,#4751,#4752);
#3987=AXIS2_PLACEMENT_3D('',#6956,#4754,#4755);
#3988=AXIS2_PLACEMENT_3D('',#6957,#4756,#4757);
#3989=AXIS2_PLACEMENT_3D('',#6983,#4759,#4760);
#3990=AXIS2_PLACEMENT_3D('',#7000,#4761,#4762);
#3991=AXIS2_PLACEMENT_3D('',#7017,#4763,#4764);
#3992=AXIS2_PLACEMENT_3D('',#7018,#4765,#4766);
#3993=AXIS2_PLACEMENT_3D('',#7019,#4767,#4768);
#3994=AXIS2_PLACEMENT_3D('',#7020,#4769,#4770);
#3995=AXIS2_PLACEMENT_3D('',#7021,#4771,#4772);
#3996=AXIS2_PLACEMENT_3D('',#7023,#4774,#4775);
#3997=AXIS2_PLACEMENT_3D('',#7024,#4776,#4777);
#3998=AXIS2_PLACEMENT_3D('',#7025,#4778,#4779);
#3999=AXIS2_PLACEMENT_3D('',#7026,#4780,#4781);
#4000=AXIS2_PLACEMENT_3D('',#7027,#4782,#4783);
#4001=AXIS2_PLACEMENT_3D('',#7028,#4784,#4785);
#4002=AXIS2_PLACEMENT_3D('',#7029,#4786,#4787);
#4003=AXIS2_PLACEMENT_3D('',#7030,#4788,#4789);
#4004=AXIS2_PLACEMENT_3D('',#7031,#4790,#4791);
#4005=AXIS2_PLACEMENT_3D('',#7032,#4792,#4793);
#4006=AXIS2_PLACEMENT_3D('',#7054,#4797,#4798);
#4007=AXIS2_PLACEMENT_3D('',#7058,#4801,#4802);
#4008=AXIS2_PLACEMENT_3D('',#7062,#4805,#4806);
#4009=AXIS2_PLACEMENT_3D('',#7064,#4808,#4809);
#4010=AXIS2_PLACEMENT_3D('',#7065,#4810,#4811);
#4011=AXIS2_PLACEMENT_3D('',#7066,#4812,#4813);
#4012=AXIS2_PLACEMENT_3D('',#7069,#4814,#4815);
#4013=AXIS2_PLACEMENT_3D('',#7071,#4816,#4817);
#4014=AXIS2_PLACEMENT_3D('',#7073,#4818,#4819);
#4015=AXIS2_PLACEMENT_3D('',#7075,#4820,#4821);
#4016=AXIS2_PLACEMENT_3D('',#7077,#4822,#4823);
#4017=AXIS2_PLACEMENT_3D('',#7079,#4824,#4825);
#4018=AXIS2_PLACEMENT_3D('',#7081,#4826,#4827);
#4019=AXIS2_PLACEMENT_3D('',#7083,#4828,#4829);
#4020=AXIS2_PLACEMENT_3D('',#7094,#4835,#4836);
#4021=AXIS2_PLACEMENT_3D('',#7103,#4839,#4840);
#4022=AXIS2_PLACEMENT_3D('',#7112,#4843,#4844);
#4023=AXIS2_PLACEMENT_3D('',#7123,#4847,#4848);
#4024=AXIS2_PLACEMENT_3D('',#7132,#4851,#4852);
#4025=AXIS2_PLACEMENT_3D('',#7136,#4854,#4855);
#4026=AXIS2_PLACEMENT_3D('',#7145,#4860,#4861);
#4027=AXIS2_PLACEMENT_3D('',#7213,#4865,#4866);
#4028=AXIS2_PLACEMENT_3D('',#7214,#4867,#4868);
#4029=AXIS2_PLACEMENT_3D('',#7221,#4869,#4870);
#4030=AXIS2_PLACEMENT_3D('',#7222,#4871,#4872);
#4031=AXIS2_PLACEMENT_3D('',#7224,#4874,#4875);
#4032=AXIS2_PLACEMENT_3D('',#7226,#4877,#4878);
#4033=AXIS2_PLACEMENT_3D('',#7228,#4880,#4881);
#4034=AXIS2_PLACEMENT_3D('',#7416,#4882,#4883);
#4035=AXIS2_PLACEMENT_3D('',#7422,#4884,#4885);
#4036=AXIS2_PLACEMENT_3D('',#7449,#4887,#4888);
#4037=AXIS2_PLACEMENT_3D('',#7451,#4890,#4891);
#4038=AXIS2_PLACEMENT_3D('',#7509,#4892,#4893);
#4039=AXIS2_PLACEMENT_3D('',#7510,#4894,#4895);
#4040=AXIS2_PLACEMENT_3D('',#7511,#4896,#4897);
#4041=AXIS2_PLACEMENT_3D('',#7512,#4898,#4899);
#4042=AXIS2_PLACEMENT_3D('',#7513,#4900,#4901);
#4043=AXIS2_PLACEMENT_3D('',#7514,#4902,#4903);
#4044=AXIS2_PLACEMENT_3D('',#7515,#4904,#4905);
#4045=DIRECTION('',(0.,0.,1.));
#4046=DIRECTION('',(1.,0.,0.));
#4047=DIRECTION('',(-1.,0.,0.));
#4048=DIRECTION('',(0.,-1.,0.));
#4049=DIRECTION('',(-0.975539207662343,-0.219825508787148,0.));
#4050=DIRECTION('',(6.604736302971E-15,1.,0.));
#4051=DIRECTION('',(1.,0.,0.));
#4052=DIRECTION('',(-2.20160526415688E-15,1.,0.));
#4053=DIRECTION('',(0.975539207662343,-0.219825508787148,0.));
#4054=DIRECTION('',(0.,1.,0.));
#4055=DIRECTION('',(-1.,0.,0.));
#4056=DIRECTION('',(0.,1.,0.));
#4057=DIRECTION('',(1.,0.,0.));
#4058=DIRECTION('',(0.,-1.,0.));
#4059=DIRECTION('',(-1.,1.99797797096369E-16,0.));
#4060=DIRECTION('',(0.,0.,-1.));
#4061=DIRECTION('',(-1.,0.,0.));
#4062=DIRECTION('',(0.,0.,-1.));
#4063=DIRECTION('',(1.,1.34161079847592E-16,0.));
#4064=DIRECTION('',(0.,1.,0.));
#4065=DIRECTION('',(0.,0.,-1.));
#4066=DIRECTION('',(1.,1.73472347597681E-16,0.));
#4067=DIRECTION('',(-1.73472347597681E-16,1.,0.));
#4068=DIRECTION('',(-1.,0.,0.));
#4069=DIRECTION('',(1.,1.73472347597681E-16,0.));
#4070=DIRECTION('',(0.,0.,1.));
#4071=DIRECTION('',(1.,1.73472347597681E-16,0.));
#4072=DIRECTION('',(0.,0.,1.));
#4073=DIRECTION('',(1.73472347597681E-16,-1.,0.));
#4074=DIRECTION('',(1.,1.73472347597681E-16,0.));
#4075=DIRECTION('',(0.,1.,0.));
#4076=DIRECTION('',(0.,0.,-1.));
#4077=DIRECTION('',(0.,-1.,0.));
#4078=DIRECTION('',(0.,0.,-1.));
#4079=DIRECTION('',(-2.34291072916505E-15,0.,1.));
#4080=DIRECTION('',(-1.,0.,-2.34291072916505E-15));
#4081=DIRECTION('',(0.,1.,0.));
#4082=DIRECTION('',(0.,0.,-1.));
#4083=DIRECTION('',(0.,0.,-1.));
#4084=DIRECTION('',(1.,1.34974855436014E-16,0.));
#4085=DIRECTION('',(0.,1.,0.));
#4086=DIRECTION('',(0.,0.,-1.));
#4087=DIRECTION('',(-0.0343605863533494,0.99940950070802,0.));
#4088=DIRECTION('',(0.,1.,0.));
#4089=DIRECTION('',(0.,6.43910496848771E-16,1.));
#4090=DIRECTION('',(0.,1.,0.));
#4091=DIRECTION('',(0.,0.,-1.));
#4092=DIRECTION('',(0.,0.,-1.));
#4093=DIRECTION('',(1.,0.,0.));
#4094=DIRECTION('',(0.,-1.,0.));
#4095=DIRECTION('',(0.,0.,-1.));
#4096=DIRECTION('',(0.,1.,0.));
#4097=DIRECTION('',(0.,0.,-1.));
#4098=DIRECTION('',(0.,-1.,0.));
#4099=DIRECTION('',(0.,0.,1.));
#4100=DIRECTION('',(0.034360586353382,0.999409500708019,8.05037864277407E-17));
#4101=DIRECTION('',(0.,1.,0.));
#4102=DIRECTION('',(0.,-6.66963138062539E-16,1.));
#4103=DIRECTION('',(0.,1.,0.));
#4104=DIRECTION('',(0.,0.,-1.));
#4105=DIRECTION('',(0.,1.,0.));
#4106=DIRECTION('',(0.,0.,-1.));
#4107=DIRECTION('',(0.0343605863533784,0.999409500708019,8.05037864277323E-17));
#4108=DIRECTION('',(0.,1.,0.));
#4109=DIRECTION('',(0.,1.47071756973456E-15,1.));
#4110=DIRECTION('',(0.,1.,0.));
#4111=DIRECTION('',(0.,0.,-1.));
#4112=DIRECTION('',(-2.34291072916505E-15,0.,1.));
#4113=DIRECTION('',(-1.,0.,-2.34291072916505E-15));
#4114=DIRECTION('',(0.,1.,0.));
#4115=DIRECTION('',(0.,0.,-1.));
#4116=DIRECTION('',(0.,1.,0.));
#4117=DIRECTION('',(0.,0.,-1.));
#4118=DIRECTION('',(0.,0.,1.));
#4119=DIRECTION('',(1.,0.,0.));
#4120=DIRECTION('',(0.,1.,0.));
#4121=DIRECTION('',(0.,0.,-1.));
#4122=DIRECTION('',(0.,-1.,0.));
#4123=DIRECTION('',(0.,0.,-1.));
#4124=DIRECTION('',(0.,-1.,0.));
#4125=DIRECTION('',(1.,0.,-6.12323399573676E-17));
#4126=DIRECTION('',(-0.219825508787148,-0.975539207662343,0.));
#4127=DIRECTION('',(-0.975539207662343,0.219825508787148,0.));
#4128=DIRECTION('',(0.,1.,0.));
#4129=DIRECTION('',(0.,0.,1.));
#4130=DIRECTION('',(0.,1.,0.));
#4131=DIRECTION('',(0.,1.,0.));
#4132=DIRECTION('',(0.,0.,1.));
#4133=DIRECTION('',(1.,0.,2.34291072916505E-15));
#4134=DIRECTION('',(0.,1.,0.));
#4135=DIRECTION('',(0.,0.,-1.));
#4136=DIRECTION('',(0.,-1.,0.));
#4137=DIRECTION('',(0.,0.,-1.));
#4138=DIRECTION('',(0.,1.,0.));
#4139=DIRECTION('',(0.,0.,-1.));
#4140=DIRECTION('',(0.,1.,0.));
#4141=DIRECTION('',(0.,1.,0.));
#4142=DIRECTION('',(0.,1.,0.));
#4143=DIRECTION('',(0.,0.,-1.));
#4144=DIRECTION('',(0.,1.,0.));
#4145=DIRECTION('',(-1.73472347597681E-16,1.,0.));
#4146=DIRECTION('',(1.73472347597681E-16,-1.,0.));
#4147=DIRECTION('',(2.34291072916505E-15,0.,-1.));
#4148=DIRECTION('',(-1.,1.34161079847592E-16,-2.34291072916505E-15));
#4149=DIRECTION('',(2.34291072916505E-15,0.,-1.));
#4150=DIRECTION('',(-1.,1.34974855436014E-16,-2.34291072916505E-15));
#4151=DIRECTION('',(-0.0343605863533494,-0.99940950070802,-8.05037864276644E-17));
#4152=DIRECTION('',(2.34291072916505E-15,0.,-1.));
#4153=DIRECTION('',(-1.,0.,-2.34291072916505E-15));
#4154=DIRECTION('',(0.975539207662343,0.219825508787146,2.28560127635327E-15));
#4155=DIRECTION('',(0.,1.,0.));
#4156=DIRECTION('',(-1.,0.,0.));
#4157=DIRECTION('',(-7.11768977407155E-15,-1.,0.));
#4158=DIRECTION('',(-0.975539207662343,-0.219825508787147,0.));
#4159=DIRECTION('',(-0.0262102860418556,-0.999656451439995,-6.14083603819484E-17));
#4160=DIRECTION('',(0.975539207662343,0.219825508787147,0.));
#4161=DIRECTION('',(6.604736302971E-15,1.,0.));
#4162=DIRECTION('',(-1.,2.60208521396521E-15,-2.34291072916505E-15));
#4163=DIRECTION('',(-4.79703460574361E-15,-1.,-1.12390238459727E-29));
#4164=DIRECTION('',(-0.975539207662343,-0.219825508787147,-2.28560127635327E-15));
#4165=DIRECTION('',(0.,-1.,0.));
#4166=DIRECTION('',(1.,0.,2.34291072916505E-15));
#4167=DIRECTION('',(-2.38125831421798E-15,0.,1.));
#4168=DIRECTION('',(-1.,0.,-2.38125831421798E-15));
#4169=DIRECTION('',(1.83697019872103E-16,0.,1.));
#4170=DIRECTION('',(1.,0.,-1.83697019872103E-16));
#4171=DIRECTION('',(0.,0.,1.));
#4172=DIRECTION('',(1.,0.,0.));
#4173=DIRECTION('',(0.,0.,1.));
#4174=DIRECTION('',(1.,0.,0.));
#4175=DIRECTION('',(0.0343605863533784,-0.999409500708019,0.));
#4176=DIRECTION('',(-0.975539207662343,0.219825508787147,0.));
#4177=DIRECTION('',(-4.79703460574361E-15,1.,0.));
#4178=DIRECTION('',(-1.,2.60208521396521E-15,-2.34291072916505E-15));
#4179=DIRECTION('',(2.37259379164442E-15,-1.,0.));
#4180=DIRECTION('',(0.975539207662343,-0.219825508787146,0.));
#4181=DIRECTION('',(-0.0262089832517161,0.999656485597383,-6.14053080609527E-17));
#4182=DIRECTION('',(-0.975539207662343,0.219825508787146,0.));
#4183=DIRECTION('',(-2.37259379164442E-15,1.,0.));
#4184=DIRECTION('',(-1.,0.,0.));
#4185=DIRECTION('',(0.,-1.,0.));
#4186=DIRECTION('',(0.975539207662343,-0.219825508787146,2.28560127635327E-15));
#4187=DIRECTION('',(0.034360586353382,-0.999409500708019,0.));
#4188=DIRECTION('',(0.,0.,1.));
#4189=DIRECTION('',(-1.,0.,0.));
#4190=DIRECTION('',(0.,0.,1.));
#4191=DIRECTION('',(-1.,0.,0.));
#4192=DIRECTION('',(0.,0.,1.));
#4193=DIRECTION('',(-1.,0.,0.));
#4194=DIRECTION('',(0.,0.,1.));
#4195=DIRECTION('',(-1.,0.,0.));
#4196=DIRECTION('',(0.,0.,1.));
#4197=DIRECTION('',(-1.,0.,0.));
#4198=DIRECTION('',(0.,0.,1.));
#4199=DIRECTION('',(-1.,0.,0.));
#4200=DIRECTION('',(0.,0.,1.));
#4201=DIRECTION('',(-1.,0.,0.));
#4202=DIRECTION('',(0.,0.,1.));
#4203=DIRECTION('',(-1.,0.,0.));
#4204=DIRECTION('',(0.,0.,1.));
#4205=DIRECTION('',(-1.,0.,0.));
#4206=DIRECTION('',(0.,0.,1.));
#4207=DIRECTION('',(-1.,0.,0.));
#4208=DIRECTION('',(0.,0.,1.));
#4209=DIRECTION('',(-1.,0.,0.));
#4210=DIRECTION('',(0.,0.,1.));
#4211=DIRECTION('',(-1.,0.,0.));
#4212=DIRECTION('',(0.,0.,1.));
#4213=DIRECTION('',(-1.,0.,0.));
#4214=DIRECTION('',(0.,0.,1.));
#4215=DIRECTION('',(-1.,0.,0.));
#4216=DIRECTION('',(0.,0.,1.));
#4217=DIRECTION('',(-1.,0.,0.));
#4218=DIRECTION('',(0.,0.,1.));
#4219=DIRECTION('',(-1.,0.,0.));
#4220=DIRECTION('',(0.,0.,1.));
#4221=DIRECTION('',(-1.,0.,0.));
#4222=DIRECTION('',(0.,0.,1.));
#4223=DIRECTION('',(-1.,0.,0.));
#4224=DIRECTION('',(0.,0.,1.));
#4225=DIRECTION('',(-1.,0.,0.));
#4226=DIRECTION('',(0.,0.,1.));
#4227=DIRECTION('',(-1.,0.,0.));
#4228=DIRECTION('',(0.,0.,1.));
#4229=DIRECTION('',(-1.,0.,0.));
#4230=DIRECTION('',(2.34291072916505E-15,0.,-1.));
#4231=DIRECTION('',(-1.,0.,-2.34291072916505E-15));
#4232=DIRECTION('',(0.,-1.,0.));
#4233=DIRECTION('',(0.,0.,-1.));
#4234=DIRECTION('',(0.,1.,0.));
#4235=DIRECTION('',(0.,0.,-1.));
#4236=DIRECTION('',(0.,1.,0.));
#4237=DIRECTION('',(0.,0.,-1.));
#4238=DIRECTION('',(0.,1.,0.));
#4239=DIRECTION('',(0.,0.,-1.));
#4240=DIRECTION('',(0.,1.,0.));
#4241=DIRECTION('',(0.,0.,-1.));
#4242=DIRECTION('',(0.,1.,0.));
#4243=DIRECTION('',(0.,0.,-1.));
#4244=DIRECTION('',(0.,1.,0.));
#4245=DIRECTION('',(0.,6.43910496848771E-16,1.));
#4246=DIRECTION('',(0.,-1.,0.));
#4247=DIRECTION('',(0.,0.,-1.));
#4248=DIRECTION('',(0.,-1.,0.));
#4249=DIRECTION('',(0.,0.,1.));
#4250=DIRECTION('',(0.,1.,0.));
#4251=DIRECTION('',(0.,-6.66963138062539E-16,1.));
#4252=DIRECTION('',(0.,1.,0.));
#4253=DIRECTION('',(0.,0.,-1.));
#4254=DIRECTION('',(0.,1.,0.));
#4255=DIRECTION('',(0.,1.47071756973456E-15,1.));
#4256=DIRECTION('',(0.,-1.,0.));
#4257=DIRECTION('',(0.,0.,-1.));
#4258=DIRECTION('',(0.,1.,0.));
#4259=DIRECTION('',(0.,0.,-1.));
#4260=DIRECTION('',(0.219825508787148,-0.975539207662343,0.));
#4261=DIRECTION('',(0.975539207662343,0.219825508787148,0.));
#4262=DIRECTION('',(0.,-1.,0.));
#4263=DIRECTION('',(1.,0.,-6.12323399573676E-17));
#4264=DIRECTION('',(0.,1.,0.));
#4265=DIRECTION('',(0.,0.,1.));
#4266=DIRECTION('',(0.,1.,0.));
#4267=DIRECTION('',(0.,0.,1.));
#4268=DIRECTION('',(0.,-1.,0.));
#4269=DIRECTION('',(0.,0.,-1.));
#4270=DIRECTION('',(0.,1.,0.));
#4271=DIRECTION('',(0.,1.,0.));
#4272=DIRECTION('',(0.,1.,0.));
#4273=DIRECTION('',(0.,1.,0.));
#4274=DIRECTION('',(0.,0.,1.));
#4275=DIRECTION('',(0.,1.,0.));
#4276=DIRECTION('',(0.,2.18025117448023E-17,1.));
#4277=DIRECTION('',(0.,1.,0.));
#4278=DIRECTION('',(0.,0.,1.));
#4279=DIRECTION('',(0.,1.,0.));
#4280=DIRECTION('',(0.,2.18025117448023E-17,1.));
#4281=DIRECTION('',(0.,1.,0.));
#4282=DIRECTION('',(0.,0.,-1.));
#4283=DIRECTION('',(0.,1.,0.));
#4284=DIRECTION('',(0.,1.24857401159377E-17,1.));
#4285=DIRECTION('',(0.,1.,0.));
#4286=DIRECTION('',(0.,0.,-1.));
#4287=DIRECTION('',(0.,1.,0.));
#4288=DIRECTION('',(0.,1.24857401159377E-17,1.));
#4289=DIRECTION('',(-0.975539207662343,-0.219825508787148,0.));
#4290=DIRECTION('',(0.219825508787148,-0.975539207662343,0.));
#4291=DIRECTION('',(0.975539207662343,0.219825508787148,0.));
#4292=DIRECTION('',(-0.219825508787148,0.975539207662343,0.));
#4293=DIRECTION('',(-0.975539207662343,-0.219825508787148,0.));
#4294=DIRECTION('',(0.,0.,-1.));
#4295=DIRECTION('',(-0.219825508787148,-0.975539207662343,0.));
#4296=DIRECTION('',(0.975539207662343,-0.219825508787148,0.));
#4297=DIRECTION('',(-0.975539207662343,0.219825508787148,0.));
#4298=DIRECTION('',(0.219825508787148,0.975539207662343,0.));
#4299=DIRECTION('',(-0.975539207662343,0.219825508787148,0.));
#4300=DIRECTION('',(-6.604736302971E-15,-1.,0.));
#4301=DIRECTION('',(0.,1.,0.));
#4302=DIRECTION('',(0.,0.,-1.));
#4303=DIRECTION('',(0.,-1.,0.));
#4304=DIRECTION('',(0.,0.,-1.));
#4305=DIRECTION('',(7.11768977407155E-15,1.,0.));
#4306=DIRECTION('',(0.,-1.,0.));
#4307=DIRECTION('',(0.,0.,-1.));
#4308=DIRECTION('',(0.,1.,0.));
#4309=DIRECTION('',(0.,0.,-1.));
#4310=DIRECTION('',(0.,-1.,0.));
#4311=DIRECTION('',(0.,0.,-1.));
#4312=DIRECTION('',(-2.37259379164442E-15,1.,0.));
#4313=DIRECTION('',(0.,1.,0.));
#4314=DIRECTION('',(0.,0.,-1.));
#4315=DIRECTION('',(0.,-1.,0.));
#4316=DIRECTION('',(0.,0.,-1.));
#4317=DIRECTION('',(2.37259379164442E-15,-1.,0.));
#4318=DIRECTION('',(0.,-1.,0.));
#4319=DIRECTION('',(0.,0.,-1.));
#4320=DIRECTION('',(0.,1.,0.));
#4321=DIRECTION('',(0.,0.,-1.));
#4322=DIRECTION('',(0.,-1.,0.));
#4323=DIRECTION('',(0.,0.,-1.));
#4324=DIRECTION('',(-0.975539207662343,-0.219825508787147,0.));
#4325=DIRECTION('',(0.624569648323091,0.780969112317235,0.));
#4326=DIRECTION('',(-0.780969112317235,0.624569648323091,0.));
#4327=DIRECTION('',(0.975539207662343,0.219825508787147,0.));
#4328=DIRECTION('',(-0.219825508787144,0.975539207662343,0.));
#4329=DIRECTION('',(0.62456964832309,-0.780969112317236,0.));
#4330=DIRECTION('',(-0.780969112317236,-0.62456964832309,0.));
#4331=DIRECTION('',(-0.975539207662343,0.219825508787146,0.));
#4332=DIRECTION('',(0.975539207662343,-0.219825508787146,0.));
#4333=DIRECTION('',(0.219825508787144,0.975539207662343,0.));
#4334=DIRECTION('',(0.975539207662343,0.219825508787147,0.));
#4335=DIRECTION('',(-0.219825508787147,0.975539207662343,0.));
#4336=DIRECTION('',(0.975539207662343,-0.219825508787146,0.));
#4337=DIRECTION('',(0.219825508787146,0.975539207662344,0.));
#4338=DIRECTION('',(7.11768977407155E-15,1.,0.));
#4339=DIRECTION('',(0.70710678118655,0.707106781186545,0.));
#4340=DIRECTION('',(0.707106781186545,-0.70710678118655,0.));
#4341=DIRECTION('',(7.11768977407155E-15,1.,0.));
#4342=DIRECTION('',(-1.,6.93889390390723E-15,0.));
#4343=DIRECTION('',(1.,0.,0.));
#4344=DIRECTION('',(1.,0.,0.));
#4345=DIRECTION('',(0.707106781186545,-0.70710678118655,0.));
#4346=DIRECTION('',(0.70710678118655,0.707106781186545,0.));
#4347=DIRECTION('',(0.70710678118655,0.707106781186545,0.));
#4348=DIRECTION('',(0.707106781186545,-0.70710678118655,0.));
#4349=DIRECTION('',(-1.,0.,0.));
#4350=DIRECTION('',(0.707106781186548,-0.707106781186547,0.));
#4351=DIRECTION('',(-0.707106781186547,-0.707106781186548,0.));
#4352=DIRECTION('',(0.707106781186548,-0.707106781186547,0.));
#4353=DIRECTION('',(-0.707106781186547,-0.707106781186548,0.));
#4354=DIRECTION('',(1.,0.,0.));
#4355=DIRECTION('',(0.,0.,-1.));
#4356=DIRECTION('',(-2.37259379164442E-15,1.,0.));
#4357=DIRECTION('',(2.37259379164442E-15,-1.,0.));
#4358=DIRECTION('',(1.,3.46944695195361E-15,0.));
#4359=DIRECTION('',(0.999656485597384,0.0262089832517161,0.));
#4360=DIRECTION('',(0.0262089832517161,-0.999656485597383,0.));
#4361=DIRECTION('',(0.999656485597384,0.0262089832517161,0.));
#4362=DIRECTION('',(0.0262089832517161,-0.999656485597383,0.));
#4363=DIRECTION('',(0.999656485597383,0.0262089832517161,0.));
#4364=DIRECTION('',(-0.0262089832517161,0.999656485597383,0.));
#4365=DIRECTION('',(-0.999656451439996,0.0262102860418556,0.));
#4366=DIRECTION('',(-0.0262102860418556,-0.999656451439995,0.));
#4367=DIRECTION('',(-0.999656451439996,0.0262102860418556,0.));
#4368=DIRECTION('',(0.0262102860418556,0.999656451439995,0.));
#4369=DIRECTION('',(-0.999656451439996,0.0262102860418556,0.));
#4370=DIRECTION('',(-0.0262102860418556,-0.999656451439995,0.));
#4371=DIRECTION('',(1.,2.20160526415688E-15,0.));
#4372=DIRECTION('',(0.,1.,0.));
#4373=DIRECTION('',(-2.20160526415688E-15,1.,0.));
#4374=DIRECTION('',(1.,2.20160526415688E-15,0.));
#4375=DIRECTION('',(-2.2065682614425E-15,1.,0.));
#4376=DIRECTION('',(-0.975539207662343,-0.219825508787147,0.));
#4377=DIRECTION('',(-0.975539207662343,-0.219825508787147,0.));
#4378=DIRECTION('',(0.624569648323091,0.780969112317235,0.));
#4379=DIRECTION('',(-0.780969112317235,0.624569648323091,0.));
#4380=DIRECTION('',(0.975539207662343,0.219825508787147,0.));
#4381=DIRECTION('',(-0.219825508787144,0.975539207662343,0.));
#4382=DIRECTION('',(6.604736302971E-15,1.,0.));
#4383=DIRECTION('',(7.11768977407155E-15,1.,0.));
#4384=DIRECTION('',(-1.,6.93889390390723E-15,0.));
#4385=DIRECTION('',(0.70710678118655,0.707106781186545,0.));
#4386=DIRECTION('',(0.707106781186545,-0.70710678118655,0.));
#4387=DIRECTION('',(1.,0.,0.));
#4388=DIRECTION('',(0.,0.,-1.));
#4389=DIRECTION('',(0.62456964832309,-0.780969112317236,0.));
#4390=DIRECTION('',(-0.780969112317236,-0.62456964832309,0.));
#4391=DIRECTION('',(-2.37259379164442E-15,1.,0.));
#4392=DIRECTION('',(2.37259379164442E-15,-1.,0.));
#4393=DIRECTION('',(1.,3.46944695195361E-15,0.));
#4394=DIRECTION('',(-0.975539207662343,0.219825508787146,0.));
#4395=DIRECTION('',(-0.975539207662343,0.219825508787146,0.));
#4396=DIRECTION('',(0.975539207662343,-0.219825508787146,0.));
#4397=DIRECTION('',(0.219825508787144,0.975539207662343,0.));
#4398=DIRECTION('',(0.975539207662343,0.219825508787147,0.));
#4399=DIRECTION('',(-0.219825508787147,0.975539207662343,0.));
#4400=DIRECTION('',(-6.604736302971E-15,-1.,0.));
#4401=DIRECTION('',(1.,-6.93889390390723E-15,0.));
#4402=DIRECTION('',(2.37259379164442E-15,-1.,0.));
#4403=DIRECTION('',(1.,2.37259379164441E-15,0.));
#4404=DIRECTION('',(0.975539207662343,-0.219825508787146,0.));
#4405=DIRECTION('',(0.219825508787146,0.975539207662344,0.));
#4406=DIRECTION('',(0.,0.,1.));
#4407=DIRECTION('',(-1.,0.,0.));
#4408=DIRECTION('',(0.,0.,1.));
#4409=DIRECTION('',(1.,0.,0.));
#4410=DIRECTION('',(0.,0.,-1.));
#4411=DIRECTION('',(-1.,0.,0.));
#4412=DIRECTION('',(0.,0.,1.));
#4413=DIRECTION('',(-1.,0.,0.));
#4414=DIRECTION('',(0.,0.,1.));
#4415=DIRECTION('',(1.,0.,0.));
#4416=DIRECTION('',(0.,0.,-1.));
#4417=DIRECTION('',(-1.,0.,0.));
#4418=DIRECTION('',(0.,0.,1.));
#4419=DIRECTION('',(-1.,0.,0.));
#4420=DIRECTION('',(0.,0.,1.));
#4421=DIRECTION('',(1.,0.,0.));
#4422=DIRECTION('',(0.,0.,-1.));
#4423=DIRECTION('',(-1.,0.,0.));
#4424=DIRECTION('',(0.,0.,1.));
#4425=DIRECTION('',(-1.,0.,0.));
#4426=DIRECTION('',(0.,0.,1.));
#4427=DIRECTION('',(1.,0.,0.));
#4428=DIRECTION('',(0.,0.,-1.));
#4429=DIRECTION('',(-1.,0.,0.));
#4430=DIRECTION('',(0.,0.,1.));
#4431=DIRECTION('',(-1.,0.,0.));
#4432=DIRECTION('',(0.,0.,1.));
#4433=DIRECTION('',(1.,0.,0.));
#4434=DIRECTION('',(0.,0.,-1.));
#4435=DIRECTION('',(-1.,0.,0.));
#4436=DIRECTION('',(0.,0.,1.));
#4437=DIRECTION('',(-1.,0.,0.));
#4438=DIRECTION('',(0.,0.,1.));
#4439=DIRECTION('',(1.,0.,0.));
#4440=DIRECTION('',(0.,0.,-1.));
#4441=DIRECTION('',(-1.,0.,0.));
#4442=DIRECTION('',(0.,0.,1.));
#4443=DIRECTION('',(-1.,0.,0.));
#4444=DIRECTION('',(0.,0.,1.));
#4445=DIRECTION('',(1.,0.,0.));
#4446=DIRECTION('',(0.,0.,-1.));
#4447=DIRECTION('',(-1.,0.,0.));
#4448=DIRECTION('',(0.,0.,1.));
#4449=DIRECTION('',(-1.,0.,0.));
#4450=DIRECTION('',(0.,0.,1.));
#4451=DIRECTION('',(1.,0.,0.));
#4452=DIRECTION('',(0.,0.,-1.));
#4453=DIRECTION('',(-1.,0.,0.));
#4454=DIRECTION('',(0.,0.,1.));
#4455=DIRECTION('',(-1.,0.,0.));
#4456=DIRECTION('',(0.,0.,1.));
#4457=DIRECTION('',(1.,0.,0.));
#4458=DIRECTION('',(0.,0.,-1.));
#4459=DIRECTION('',(-1.,0.,0.));
#4460=DIRECTION('',(0.,0.,1.));
#4461=DIRECTION('',(-1.,0.,0.));
#4462=DIRECTION('',(0.,0.,1.));
#4463=DIRECTION('',(1.,0.,0.));
#4464=DIRECTION('',(0.,0.,-1.));
#4465=DIRECTION('',(-1.,0.,0.));
#4466=DIRECTION('',(0.,0.,1.));
#4467=DIRECTION('',(-1.,0.,0.));
#4468=DIRECTION('',(0.,0.,1.));
#4469=DIRECTION('',(1.,0.,0.));
#4470=DIRECTION('',(0.,0.,-1.));
#4471=DIRECTION('',(-1.,0.,0.));
#4472=DIRECTION('',(0.,0.,1.));
#4473=DIRECTION('',(-1.,0.,0.));
#4474=DIRECTION('',(0.,0.,1.));
#4475=DIRECTION('',(1.,0.,0.));
#4476=DIRECTION('',(0.,0.,-1.));
#4477=DIRECTION('',(-1.,0.,0.));
#4478=DIRECTION('',(0.,0.,1.));
#4479=DIRECTION('',(-1.,0.,0.));
#4480=DIRECTION('',(0.,0.,1.));
#4481=DIRECTION('',(1.,0.,0.));
#4482=DIRECTION('',(0.,0.,-1.));
#4483=DIRECTION('',(-1.,0.,0.));
#4484=DIRECTION('',(0.,0.,1.));
#4485=DIRECTION('',(-1.,0.,0.));
#4486=DIRECTION('',(0.,0.,1.));
#4487=DIRECTION('',(1.,0.,0.));
#4488=DIRECTION('',(0.,0.,-1.));
#4489=DIRECTION('',(-1.,0.,0.));
#4490=DIRECTION('',(0.,0.,1.));
#4491=DIRECTION('',(-1.,0.,0.));
#4492=DIRECTION('',(0.,0.,1.));
#4493=DIRECTION('',(1.,0.,0.));
#4494=DIRECTION('',(0.,0.,-1.));
#4495=DIRECTION('',(-1.,0.,0.));
#4496=DIRECTION('',(0.,0.,1.));
#4497=DIRECTION('',(-1.,0.,0.));
#4498=DIRECTION('',(0.,0.,1.));
#4499=DIRECTION('',(1.,0.,0.));
#4500=DIRECTION('',(0.,0.,-1.));
#4501=DIRECTION('',(-1.,0.,0.));
#4502=DIRECTION('',(0.,0.,1.));
#4503=DIRECTION('',(-1.,0.,0.));
#4504=DIRECTION('',(0.,0.,1.));
#4505=DIRECTION('',(1.,0.,0.));
#4506=DIRECTION('',(0.,0.,-1.));
#4507=DIRECTION('',(-1.,0.,0.));
#4508=DIRECTION('',(0.,0.,1.));
#4509=DIRECTION('',(-1.,0.,0.));
#4510=DIRECTION('',(0.,0.,1.));
#4511=DIRECTION('',(1.,0.,0.));
#4512=DIRECTION('',(0.,0.,-1.));
#4513=DIRECTION('',(-1.,0.,0.));
#4514=DIRECTION('',(0.,0.,1.));
#4515=DIRECTION('',(-1.,0.,0.));
#4516=DIRECTION('',(0.,0.,1.));
#4517=DIRECTION('',(1.,0.,0.));
#4518=DIRECTION('',(0.,0.,-1.));
#4519=DIRECTION('',(-1.,0.,0.));
#4520=DIRECTION('',(0.,0.,1.));
#4521=DIRECTION('',(-1.,0.,0.));
#4522=DIRECTION('',(0.,0.,1.));
#4523=DIRECTION('',(1.,0.,0.));
#4524=DIRECTION('',(0.,0.,-1.));
#4525=DIRECTION('',(-1.,0.,0.));
#4526=DIRECTION('',(0.,0.,1.));
#4527=DIRECTION('',(-1.,0.,0.));
#4528=DIRECTION('',(0.,0.,1.));
#4529=DIRECTION('',(1.,0.,0.));
#4530=DIRECTION('',(0.,0.,-1.));
#4531=DIRECTION('',(-1.,0.,0.));
#4532=DIRECTION('',(-1.73472347597681E-16,1.,0.));
#4533=DIRECTION('',(1.73472347597681E-16,-1.,0.));
#4534=DIRECTION('',(-2.10269512239613E-16,1.,0.));
#4535=DIRECTION('',(-1.,0.,0.));
#4536=DIRECTION('',(0.,1.,0.));
#4537=DIRECTION('',(0.,0.,-1.));
#4538=DIRECTION('',(-1.,0.,0.));
#4539=DIRECTION('',(0.,0.,1.));
#4540=DIRECTION('',(0.,-1.,0.));
#4541=DIRECTION('',(-1.,0.,0.));
#4542=DIRECTION('',(0.,0.,1.));
#4543=DIRECTION('',(-2.10269512239613E-16,1.,0.));
#4544=DIRECTION('',(0.,0.,1.));
#4545=DIRECTION('',(1.,2.10269512239613E-16,0.));
#4546=DIRECTION('',(-2.08166817117217E-16,1.,0.));
#4547=DIRECTION('',(-1.,0.,0.));
#4548=DIRECTION('',(0.,1.,0.));
#4549=DIRECTION('',(0.,0.,1.));
#4550=DIRECTION('',(0.,0.,1.));
#4551=DIRECTION('',(0.999999999999982,0.,0.));
#4552=DIRECTION('',(0.,0.,1.));
#4553=DIRECTION('',(1.00000000000001,0.,0.));
#4554=DIRECTION('',(0.,0.,1.));
#4555=DIRECTION('',(0.999999999999982,0.,0.));
#4556=DIRECTION('',(0.,0.,1.));
#4557=DIRECTION('',(1.,0.,0.));
#4558=DIRECTION('',(1.73472347597681E-16,-1.,0.));
#4559=DIRECTION('',(-1.,0.,0.));
#4560=DIRECTION('',(1.73472347597681E-16,-1.,0.));
#4561=DIRECTION('',(1.,1.29093416380359E-16,0.));
#4562=DIRECTION('',(-1.73472347597681E-16,1.,0.));
#4563=DIRECTION('',(-1.,0.,0.));
#4564=DIRECTION('',(0.,0.,-1.));
#4565=DIRECTION('',(0.,-1.,0.));
#4566=DIRECTION('',(0.,0.,-1.));
#4567=DIRECTION('',(1.,0.,0.));
#4568=DIRECTION('',(0.,0.,-1.));
#4569=DIRECTION('',(-1.,0.,0.));
#4570=DIRECTION('',(0.,0.,-1.));
#4571=DIRECTION('',(0.,-1.,0.));
#4572=DIRECTION('',(0.,0.,-1.));
#4573=DIRECTION('',(0.,1.,0.));
#4574=DIRECTION('',(0.,0.,-1.));
#4575=DIRECTION('',(-1.,0.,0.));
#4576=DIRECTION('',(0.,0.,1.));
#4577=DIRECTION('',(1.,-1.99797797096369E-16,0.));
#4578=DIRECTION('',(1.99797797096369E-16,1.,0.));
#4579=DIRECTION('',(-1.,1.99818460389078E-16,0.));
#4580=DIRECTION('',(0.,0.,-1.));
#4581=DIRECTION('',(-1.,0.,0.));
#4582=DIRECTION('',(0.,0.,1.));
#4583=DIRECTION('',(0.999999999999982,0.,0.));
#4584=DIRECTION('',(0.,0.,1.));
#4585=DIRECTION('',(1.00000000000001,0.,0.));
#4586=DIRECTION('',(0.,0.,1.));
#4587=DIRECTION('',(0.999999999999982,0.,0.));
#4588=DIRECTION('',(0.,1.,0.));
#4589=DIRECTION('',(0.,0.,1.));
#4590=DIRECTION('',(0.,-1.,0.));
#4591=DIRECTION('',(0.,0.,-1.));
#4592=DIRECTION('',(0.,1.,0.));
#4593=DIRECTION('',(0.,0.,1.));
#4594=DIRECTION('',(1.,0.,0.));
#4595=DIRECTION('',(0.,1.,0.));
#4596=DIRECTION('',(0.,0.,1.));
#4597=DIRECTION('',(0.,-1.,0.));
#4598=DIRECTION('',(0.,0.,-1.));
#4599=DIRECTION('',(0.,1.,0.));
#4600=DIRECTION('',(0.,0.,1.));
#4601=DIRECTION('',(0.,-1.,0.));
#4602=DIRECTION('',(0.,0.,-1.));
#4603=DIRECTION('',(0.,1.,0.));
#4604=DIRECTION('',(0.,0.,1.));
#4605=DIRECTION('',(0.,-1.,0.));
#4606=DIRECTION('',(0.,0.,-1.));
#4607=DIRECTION('',(0.,1.,0.));
#4608=DIRECTION('',(0.,0.,1.));
#4609=DIRECTION('',(0.,1.,0.));
#4610=DIRECTION('',(0.,-1.,0.));
#4611=DIRECTION('',(0.,1.,0.));
#4612=DIRECTION('',(0.,0.,1.));
#4613=DIRECTION('',(0.,-1.,0.));
#4614=DIRECTION('',(0.,1.,0.));
#4615=DIRECTION('',(0.,1.,0.));
#4616=DIRECTION('',(0.,0.,1.));
#4617=DIRECTION('',(0.,-1.,0.));
#4618=DIRECTION('',(0.,1.,0.));
#4619=DIRECTION('',(0.,1.,0.));
#4620=DIRECTION('',(0.,0.,1.));
#4621=DIRECTION('',(0.,-1.,0.));
#4622=DIRECTION('',(0.,1.,0.));
#4623=DIRECTION('',(0.,1.,0.));
#4624=DIRECTION('',(0.,0.,1.));
#4625=DIRECTION('',(0.,1.,0.));
#4626=DIRECTION('',(0.975539207662343,0.219825508787147,0.));
#4627=DIRECTION('',(-7.11768977407155E-15,-1.,0.));
#4628=DIRECTION('',(1.,0.,0.));
#4629=DIRECTION('',(2.37259379164442E-15,-1.,0.));
#4630=DIRECTION('',(0.975539207662343,-0.219825508787146,0.));
#4631=DIRECTION('',(0.,0.,-1.));
#4632=DIRECTION('',(-1.,0.,0.));
#4633=DIRECTION('',(0.,1.,0.));
#4634=DIRECTION('',(0.,0.,-1.));
#4635=DIRECTION('',(0.,-1.,0.));
#4636=DIRECTION('',(0.,0.,-1.));
#4637=DIRECTION('',(0.,1.,0.));
#4638=DIRECTION('',(0.,0.,1.));
#4639=DIRECTION('',(0.,-1.,0.));
#4640=DIRECTION('',(0.,0.,1.));
#4641=DIRECTION('',(0.,1.,0.));
#4642=DIRECTION('',(0.,2.18025117448023E-17,1.));
#4643=DIRECTION('',(-7.11768977407155E-15,-1.,0.));
#4644=DIRECTION('',(-2.37259379164442E-15,1.,0.));
#4645=DIRECTION('',(0.,0.94135328820009,-0.337422564146025));
#4646=DIRECTION('',(0.,-0.337422564146025,-0.94135328820009));
#4647=DIRECTION('',(0.,-1.,0.));
#4648=DIRECTION('',(0.,0.,-1.));
#4649=DIRECTION('',(0.,0.94135328820009,-0.337422564146025));
#4650=DIRECTION('',(7.03152083989749E-15,-0.337422564146025,-0.94135328820009));
#4651=DIRECTION('',(1.,0.,0.));
#4652=DIRECTION('',(0.,0.94135328820009,-0.337422564146025));
#4653=DIRECTION('',(2.10942910474453E-14,0.337422564146025,0.94135328820009));
#4654=DIRECTION('',(0.,-0.94135328820009,0.337422564146025));
#4655=DIRECTION('',(0.,-0.337422564146025,-0.94135328820009));
#4656=DIRECTION('',(0.707106781186548,-0.707106781186547,0.));
#4657=DIRECTION('',(-0.707106781186547,-0.707106781186548,0.));
#4658=DIRECTION('',(0.62456964832309,-0.780969112317236,0.));
#4659=DIRECTION('',(-0.780969112317236,-0.62456964832309,0.));
#4660=DIRECTION('',(2.37259379164442E-15,-1.,0.));
#4661=DIRECTION('',(1.,3.46944695195361E-15,0.));
#4662=DIRECTION('',(0.70710678118655,0.707106781186545,0.));
#4663=DIRECTION('',(0.707106781186545,-0.70710678118655,0.));
#4664=DIRECTION('',(1.,0.,0.));
#4665=DIRECTION('',(0.,0.,-1.));
#4666=DIRECTION('',(0.624569648323091,0.780969112317235,0.));
#4667=DIRECTION('',(-0.780969112317235,0.624569648323091,0.));
#4668=DIRECTION('',(7.11768977407155E-15,1.,0.));
#4669=DIRECTION('',(-1.,6.93889390390723E-15,0.));
#4670=DIRECTION('',(0.975539207662343,-0.219825508787146,0.));
#4671=DIRECTION('',(0.219825508787144,0.975539207662343,0.));
#4672=DIRECTION('',(0.975539207662343,0.219825508787147,0.));
#4673=DIRECTION('',(-0.219825508787144,0.975539207662343,0.));
#4674=DIRECTION('',(0.,1.,0.));
#4675=DIRECTION('',(0.,-6.66963138062539E-16,1.));
#4676=DIRECTION('',(0.,-1.,0.));
#4677=DIRECTION('',(0.,1.,0.));
#4678=DIRECTION('',(0.,0.,1.));
#4679=DIRECTION('',(0.,-1.,0.));
#4680=DIRECTION('',(0.,0.,-1.));
#4681=DIRECTION('',(0.,1.,0.));
#4682=DIRECTION('',(0.,0.,-1.));
#4683=DIRECTION('',(0.,1.,0.));
#4684=DIRECTION('',(0.,-5.00241826472812E-17,1.));
#4685=DIRECTION('',(0.,-1.,0.));
#4686=DIRECTION('',(0.,0.,-1.));
#4687=DIRECTION('',(0.,1.,0.));
#4688=DIRECTION('',(0.,0.,-1.));
#4689=DIRECTION('',(0.,1.,0.));
#4690=DIRECTION('',(0.,-5.00241826472812E-17,1.));
#4691=DIRECTION('',(0.,-1.,0.));
#4692=DIRECTION('',(0.,0.,-1.));
#4693=DIRECTION('',(0.,1.,0.));
#4694=DIRECTION('',(0.,0.,-1.));
#4695=DIRECTION('',(0.,1.,0.));
#4696=DIRECTION('',(0.,-5.00241826472812E-17,1.));
#4697=DIRECTION('',(0.,-1.,0.));
#4698=DIRECTION('',(0.,0.,-1.));
#4699=DIRECTION('',(1.,0.,0.));
#4700=DIRECTION('',(0.,-1.,0.));
#4701=DIRECTION('',(-0.975539207662343,0.219825508787148,0.));
#4702=DIRECTION('',(2.20160526415688E-15,-1.,0.));
#4703=DIRECTION('',(-1.,0.,0.));
#4704=DIRECTION('',(-6.604736302971E-15,-1.,0.));
#4705=DIRECTION('',(0.975539207662343,0.219825508787148,0.));
#4706=DIRECTION('',(0.,1.,0.));
#4707=DIRECTION('',(1.,0.,0.));
#4708=DIRECTION('',(1.,0.,0.));
#4709=DIRECTION('',(0.,1.,0.));
#4710=DIRECTION('',(-1.,1.99797797096369E-16,0.));
#4711=DIRECTION('',(0.,-1.,0.));
#4712=DIRECTION('',(0.,0.,-1.));
#4713=DIRECTION('',(-1.,0.,0.));
#4714=DIRECTION('',(0.975539207662343,-0.219825508787148,0.));
#4715=DIRECTION('',(0.975539207662343,-0.219825508787146,0.));
#4716=DIRECTION('',(0.219825508787146,0.975539207662344,0.));
#4717=DIRECTION('',(2.20160526415688E-15,-1.,0.));
#4718=DIRECTION('',(-0.219825508787148,-0.975539207662343,0.));
#4719=DIRECTION('',(0.975539207662343,-0.219825508787148,0.));
#4720=DIRECTION('',(2.37259379164442E-15,-1.,0.));
#4721=DIRECTION('',(0.,0.94135328820009,-0.337422564146025));
#4722=DIRECTION('',(7.03152083989749E-15,-0.337422564146025,-0.94135328820009));
#4723=DIRECTION('',(2.37259379164442E-15,-1.,0.));
#4724=DIRECTION('',(1.,2.37259379164441E-15,0.));
#4725=DIRECTION('',(0.975539207662343,0.219825508787148,0.));
#4726=DIRECTION('',(0.975539207662343,0.219825508787147,0.));
#4727=DIRECTION('',(-0.219825508787147,0.975539207662343,0.));
#4728=DIRECTION('',(0.,1.,0.));
#4729=DIRECTION('',(0.,0.,-1.));
#4730=DIRECTION('',(0.,1.,0.));
#4731=DIRECTION('',(0.,0.,1.));
#4732=DIRECTION('',(0.,1.,0.));
#4733=DIRECTION('',(0.,1.24857401159377E-17,1.));
#4734=DIRECTION('',(6.604736302971E-15,1.,0.));
#4735=DIRECTION('',(0.,-0.94135328820009,0.337422564146025));
#4736=DIRECTION('',(0.,-0.337422564146025,-0.94135328820009));
#4737=DIRECTION('',(0.,-1.,0.));
#4738=DIRECTION('',(0.,0.,-1.));
#4739=DIRECTION('',(0.,0.94135328820009,-0.337422564146025));
#4740=DIRECTION('',(-1.95740801143124E-14,-0.337422564146025,-0.94135328820009));
#4741=DIRECTION('',(1.,0.,0.));
#4742=DIRECTION('',(0.,-0.94135328820009,0.337422564146025));
#4743=DIRECTION('',(0.,-0.337422564146025,-0.94135328820009));
#4744=DIRECTION('',(0.,1.,0.));
#4745=DIRECTION('',(0.,0.,-1.));
#4746=DIRECTION('',(0.,-1.,0.));
#4747=DIRECTION('',(0.,0.,-1.));
#4748=DIRECTION('',(0.,1.,0.));
#4749=DIRECTION('',(0.,1.,0.));
#4750=DIRECTION('',(0.,0.,-1.));
#4751=DIRECTION('',(0.,-1.,0.));
#4752=DIRECTION('',(0.,0.,-1.));
#4753=DIRECTION('',(0.,1.,0.));
#4754=DIRECTION('',(0.,1.,0.));
#4755=DIRECTION('',(0.,0.,-1.));
#4756=DIRECTION('',(0.,1.,0.));
#4757=DIRECTION('',(0.,0.,-1.));
#4758=DIRECTION('',(0.,1.,0.));
#4759=DIRECTION('',(0.,1.,0.));
#4760=DIRECTION('',(0.,0.,-1.));
#4761=DIRECTION('',(0.,1.,0.));
#4762=DIRECTION('',(0.,0.,-1.));
#4763=DIRECTION('',(0.70710678118655,0.707106781186545,0.));
#4764=DIRECTION('',(0.707106781186545,-0.70710678118655,0.));
#4765=DIRECTION('',(0.219825508787148,-0.975539207662343,0.));
#4766=DIRECTION('',(0.975539207662343,0.219825508787148,0.));
#4767=DIRECTION('',(-6.604736302971E-15,-1.,0.));
#4768=DIRECTION('',(1.,-6.93889390390723E-15,0.));
#4769=DIRECTION('',(1.,2.20160526415688E-15,0.));
#4770=DIRECTION('',(0.,1.,0.));
#4771=DIRECTION('',(1.,0.,0.));
#4772=DIRECTION('',(0.,0.,-1.));
#4773=DIRECTION('',(0.,0.,-1.));
#4774=DIRECTION('',(1.,2.20160526415688E-15,0.));
#4775=DIRECTION('',(-2.2065682614425E-15,1.,0.));
#4776=DIRECTION('',(-0.219825508787148,-0.975539207662343,0.));
#4777=DIRECTION('',(-0.975539207662343,0.219825508787148,0.));
#4778=DIRECTION('',(0.219825508787148,0.975539207662343,0.));
#4779=DIRECTION('',(-0.975539207662343,0.219825508787148,0.));
#4780=DIRECTION('',(0.219825508787148,-0.975539207662343,0.));
#4781=DIRECTION('',(0.975539207662343,0.219825508787148,0.));
#4782=DIRECTION('',(-0.219825508787148,0.975539207662343,0.));
#4783=DIRECTION('',(-0.975539207662343,-0.219825508787148,0.));
#4784=DIRECTION('',(0.,-1.,0.));
#4785=DIRECTION('',(1.,0.,-6.12323399573676E-17));
#4786=DIRECTION('',(0.,1.,0.));
#4787=DIRECTION('',(0.,0.,-1.));
#4788=DIRECTION('',(0.,-1.,0.));
#4789=DIRECTION('',(0.,0.,-1.));
#4790=DIRECTION('',(0.,1.,0.));
#4791=DIRECTION('',(0.,0.,1.));
#4792=DIRECTION('',(0.,1.,0.));
#4793=DIRECTION('',(0.,1.47071756973456E-15,1.));
#4794=DIRECTION('',(0.,0.,1.));
#4795=DIRECTION('',(0.,1.,0.));
#4796=DIRECTION('',(0.,0.,1.));
#4797=DIRECTION('',(1.,0.,0.));
#4798=DIRECTION('',(0.,0.,-1.));
#4799=DIRECTION('',(0.,0.,1.));
#4800=DIRECTION('',(1.,0.,0.));
#4801=DIRECTION('',(0.,-1.,0.));
#4802=DIRECTION('',(0.,0.,-1.));
#4803=DIRECTION('',(0.,0.,1.));
#4804=DIRECTION('',(0.,-1.,0.));
#4805=DIRECTION('',(-1.,0.,0.));
#4806=DIRECTION('',(0.,0.,1.));
#4807=DIRECTION('',(-1.,1.99797797096369E-16,0.));
#4808=DIRECTION('',(1.99797797096369E-16,1.,0.));
#4809=DIRECTION('',(-1.,1.99818460389078E-16,0.));
#4810=DIRECTION('',(0.,0.,-1.));
#4811=DIRECTION('',(-1.,0.,0.));
#4812=DIRECTION('',(0.,-1.,0.));
#4813=DIRECTION('',(0.,0.,1.));
#4814=DIRECTION('',(0.,-1.,0.));
#4815=DIRECTION('',(0.,0.,-1.));
#4816=DIRECTION('',(0.,-1.,0.));
#4817=DIRECTION('',(0.,0.,1.));
#4818=DIRECTION('',(0.,-1.,0.));
#4819=DIRECTION('',(0.,0.,-1.));
#4820=DIRECTION('',(0.,-1.,0.));
#4821=DIRECTION('',(0.,0.,1.));
#4822=DIRECTION('',(0.,-1.,0.));
#4823=DIRECTION('',(0.,0.,-1.));
#4824=DIRECTION('',(0.,-1.,0.));
#4825=DIRECTION('',(0.,0.,1.));
#4826=DIRECTION('',(0.,-1.,0.));
#4827=DIRECTION('',(0.,0.,-1.));
#4828=DIRECTION('',(0.,-1.,0.));
#4829=DIRECTION('',(0.,0.,1.));
#4830=DIRECTION('',(1.,0.,0.));
#4831=DIRECTION('',(0.,0.,1.));
#4832=DIRECTION('',(-1.,0.,0.));
#4833=DIRECTION('',(0.,0.,1.));
#4834=DIRECTION('',(1.,0.,0.));
#4835=DIRECTION('',(0.,1.,0.));
#4836=DIRECTION('',(0.,0.,1.));
#4837=DIRECTION('',(0.,1.,0.));
#4838=DIRECTION('',(0.,1.,0.));
#4839=DIRECTION('',(0.,1.,0.));
#4840=DIRECTION('',(0.,0.,1.));
#4841=DIRECTION('',(0.,-1.,0.));
#4842=DIRECTION('',(0.,1.,0.));
#4843=DIRECTION('',(0.,1.,0.));
#4844=DIRECTION('',(0.,0.,1.));
#4845=DIRECTION('',(0.,-1.,0.));
#4846=DIRECTION('',(0.,1.,0.));
#4847=DIRECTION('',(0.,1.,0.));
#4848=DIRECTION('',(0.,0.,1.));
#4849=DIRECTION('',(0.,-1.,0.));
#4850=DIRECTION('',(0.,1.,0.));
#4851=DIRECTION('',(0.,1.,0.));
#4852=DIRECTION('',(0.,0.,1.));
#4853=DIRECTION('',(-1.,-1.73472347597681E-16,0.));
#4854=DIRECTION('',(-1.73472347597681E-16,1.,0.));
#4855=DIRECTION('',(-1.,0.,0.));
#4856=DIRECTION('',(-1.,-1.73472347597681E-16,0.));
#4857=DIRECTION('',(0.,0.,1.));
#4858=DIRECTION('',(1.,1.73472347597681E-16,0.));
#4859=DIRECTION('',(0.,0.,1.));
#4860=DIRECTION('',(1.73472347597681E-16,-1.,0.));
#4861=DIRECTION('',(1.,1.73472347597681E-16,0.));
#4862=DIRECTION('',(-1.73472347597681E-16,1.,0.));
#4863=DIRECTION('',(0.,-1.,0.));
#4864=DIRECTION('',(0.,-1.,0.));
#4865=DIRECTION('',(0.,0.,-1.));
#4866=DIRECTION('',(-1.,0.,0.));
#4867=DIRECTION('',(0.,1.,0.));
#4868=DIRECTION('',(0.,0.,-1.));
#4869=DIRECTION('',(0.,1.,0.));
#4870=DIRECTION('',(0.,0.,-1.));
#4871=DIRECTION('',(0.,1.,0.));
#4872=DIRECTION('',(0.,6.43910496848771E-16,1.));
#4873=DIRECTION('',(0.,-1.,0.));
#4874=DIRECTION('',(-1.,0.,0.));
#4875=DIRECTION('',(0.,0.,1.));
#4876=DIRECTION('',(-2.10269512239613E-16,1.,0.));
#4877=DIRECTION('',(0.,0.,1.));
#4878=DIRECTION('',(1.,0.,0.));
#4879=DIRECTION('',(2.10269512239613E-16,-1.,0.));
#4880=DIRECTION('',(1.,2.10269512239613E-16,0.));
#4881=DIRECTION('',(-2.08166817117217E-16,1.,0.));
#4882=DIRECTION('',(0.,-1.,0.));
#4883=DIRECTION('',(0.,0.,-1.));
#4884=DIRECTION('',(0.,1.,0.));
#4885=DIRECTION('',(0.,0.,-1.));
#4886=DIRECTION('',(1.73472347597681E-16,-1.,0.));
#4887=DIRECTION('',(0.,0.,-1.));
#4888=DIRECTION('',(-1.,0.,0.));
#4889=DIRECTION('',(0.,-1.,0.));
#4890=DIRECTION('',(0.,1.,0.));
#4891=DIRECTION('',(0.,0.,1.));
#4892=DIRECTION('',(1.73472347597681E-16,-1.,0.));
#4893=DIRECTION('',(-1.,0.,0.));
#4894=DIRECTION('',(1.73472347597681E-16,-1.,0.));
#4895=DIRECTION('',(1.,1.29093416380359E-16,0.));
#4896=DIRECTION('',(-1.73472347597681E-16,1.,0.));
#4897=DIRECTION('',(-1.,0.,0.));
#4898=DIRECTION('',(0.,-1.,0.));
#4899=DIRECTION('',(0.,0.,-1.));
#4900=DIRECTION('',(0.,-1.,0.));
#4901=DIRECTION('',(0.,0.,-1.));
#4902=DIRECTION('',(0.,-1.,0.));
#4903=DIRECTION('',(0.,0.,-1.));
#4904=DIRECTION('',(0.,-1.,0.));
#4905=DIRECTION('',(0.,0.,-1.));
#4906=CARTESIAN_POINT('',(0.,0.,0.));
#4907=CARTESIAN_POINT('',(-58.2186622352236,-11.30548600709,0.800000000000001));
#4908=CARTESIAN_POINT('',(-58.693718325561,-11.6577045661732,0.800000000000001));
#4909=CARTESIAN_POINT('',(-59.1829033617726,-11.9916424456255,0.8));
#4910=CARTESIAN_POINT('',(-59.6841402531289,-12.30548600709,0.8));
#4911=CARTESIAN_POINT('',(-58.2186622352236,-11.30548600709,0.800000000000001));
#4912=CARTESIAN_POINT('',(-59.6841402531289,-12.30548600709,0.8));
#4913=CARTESIAN_POINT('',(-54.7262123967702,-8.10548600709003,0.800000000000001));
#4914=CARTESIAN_POINT('',(-55.7736217400822,-9.28628946760402,0.800000000000001));
#4915=CARTESIAN_POINT('',(-56.9564563490316,-10.3697340365422,0.800000000000001));
#4916=CARTESIAN_POINT('',(-58.2186622352236,-11.30548600709,0.800000000000001));
#4917=CARTESIAN_POINT('',(-54.7262123967702,-8.10548600709003,0.800000000000001));
#4918=CARTESIAN_POINT('',(-53.8886668234019,-7.10548600708999,0.800000000000001));
#4919=CARTESIAN_POINT('',(-54.1582662826373,-7.44661611776607,0.800000000000001));
#4920=CARTESIAN_POINT('',(-54.437667757706,-7.78022363284854,0.800000000000001));
#4921=CARTESIAN_POINT('',(-54.7262123967702,-8.10548600709003,0.800000000000001));
#4922=CARTESIAN_POINT('',(-53.8886668234019,-7.10548600708999,0.800000000000001));
#4923=CARTESIAN_POINT('',(-52.2883583437278,-4.80548600709004,0.800000000000001));
#4924=CARTESIAN_POINT('',(-52.7742069907357,-5.60335538636266,0.800000000000001));
#4925=CARTESIAN_POINT('',(-53.3074683065245,-6.37013669676573,0.800000000000001));
#4926=CARTESIAN_POINT('',(-53.8886668234019,-7.10548600708999,0.800000000000001));
#4927=CARTESIAN_POINT('',(-52.2883583437278,-4.80548600709004,0.8));
#4928=CARTESIAN_POINT('',(-51.7132738681936,-3.80548600709001,0.800000000000001));
#4929=CARTESIAN_POINT('',(-51.8965537783705,-4.14351927710455,0.800000000000001));
#4930=CARTESIAN_POINT('',(-52.088366520622,-4.47706358428373,0.8));
#4931=CARTESIAN_POINT('',(-52.2883583437278,-4.80548600709004,0.8));
#4932=CARTESIAN_POINT('',(-51.7132738681936,-3.80548600709001,0.800000000000001));
#4933=CARTESIAN_POINT('',(-49.6915597341717,1.29451399291,0.800000000000001));
#4934=CARTESIAN_POINT('',(-49.9261027597569,0.40572326294714,0.800000000000001));
#4935=CARTESIAN_POINT('',(-50.2122042575252,-0.46353808653749,0.800000000000001));
#4936=CARTESIAN_POINT('',(-50.8859135282243,-2.16361211578021,0.800000000000001));
#4937=CARTESIAN_POINT('',(-51.2735166800575,-2.99442654592316,0.800000000000001));
#4938=CARTESIAN_POINT('',(-51.7132738681936,-3.80548600709001,0.800000000000001));
#4939=CARTESIAN_POINT('',(-49.6915597341716,1.29451399290999,0.800000000000001));
#4940=CARTESIAN_POINT('',(-49.6915597341717,1.29451399290999,0.800000000000001));
#4941=CARTESIAN_POINT('',(-48.2187903164425,6.87551049700344,0.800000000000001));
#4942=CARTESIAN_POINT('',(-47.3864745107391,12.5424502800418,0.800000000000001));
#4943=CARTESIAN_POINT('',(-47.1885064864877,18.29451399291,0.800000000000001));
#4944=CARTESIAN_POINT('',(-47.1885064864878,18.29451399291,0.800000000000001));
#4945=CARTESIAN_POINT('',(-47.1734939205934,18.7307122792968,0.800000000000001));
#4946=CARTESIAN_POINT('',(-47.1784981047475,18.5853128503471,0.800000000000001));
#4947=CARTESIAN_POINT('',(-47.1835022933751,18.4399134215514,0.800000000000001));
#4948=CARTESIAN_POINT('',(-47.1885064864878,18.29451399291,0.800000000000001));
#4949=CARTESIAN_POINT('',(-47.1734939205934,18.7307122792968,0.800000000000001));
#4950=CARTESIAN_POINT('',(-64.6702112088538,18.7307122792968,0.800000000000001));
#4951=CARTESIAN_POINT('',(-47.0736857694236,18.7307122792968,0.800000000000001));
#4952=CARTESIAN_POINT('',(-47.0736857694236,18.7307122792968,0.800000000000001));
#4953=CARTESIAN_POINT('',(-47.0736857694236,21.1518414543711,0.800000000000001));
#4954=CARTESIAN_POINT('',(-47.0555097484113,21.1559371924362,0.800000000000001));
#4955=CARTESIAN_POINT('',(-56.4870618761626,19.0306553699827,0.800000000000001));
#4956=CARTESIAN_POINT('',(-56.4870618761626,19.0306553699827,0.800000000000001));
#4957=CARTESIAN_POINT('',(-56.4870618761627,12.7270935752877,0.800000000000001));
#4958=CARTESIAN_POINT('',(-70.8897942719698,12.7270935752877,0.800000000000001));
#4959=CARTESIAN_POINT('',(-72.8533605415452,12.7270935752877,0.800000000000001));
#4960=CARTESIAN_POINT('',(-72.8533605415452,12.7270935752877,0.800000000000001));
#4961=CARTESIAN_POINT('',(-72.8533605415452,19.0305795060996,0.800000000000001));
#4962=CARTESIAN_POINT('',(-72.8533605415452,19.0305795060996,0.800000000000001));
#4963=CARTESIAN_POINT('',(-82.266736648284,21.151765590488,0.800000000000001));
#4964=CARTESIAN_POINT('',(-82.266736648284,18.7307122792968,0.800000000000001));
#4965=CARTESIAN_POINT('',(-82.266736648284,18.7307122792968,0.800000000000001));
#4966=CARTESIAN_POINT('',(-64.6702112088538,18.7307122792968,0.800000000000001));
#4967=CARTESIAN_POINT('',(-82.1669284971145,18.7307122792968,0.800000000000001));
#4968=CARTESIAN_POINT('',(-82.1519159312201,18.29451399291,0.800000000000001));
#4969=CARTESIAN_POINT('',(-82.1569201243327,18.4399134215514,0.800000000000001));
#4970=CARTESIAN_POINT('',(-82.1619243129604,18.5853128503471,0.800000000000001));
#4971=CARTESIAN_POINT('',(-82.1669284971145,18.7307122792968,0.800000000000001));
#4972=CARTESIAN_POINT('',(-82.1519159312201,18.29451399291,0.800000000000001));
#4973=CARTESIAN_POINT('',(-82.1519159312201,18.29451399291,0.800000000000001));
#4974=CARTESIAN_POINT('',(-81.9554172230143,12.5851420204887,0.800000000000001));
#4975=CARTESIAN_POINT('',(-81.1190861776586,6.86586282875496,0.800000000000001));
#4976=CARTESIAN_POINT('',(-79.6488626835362,1.29451399291002,0.800000000000001));
#4977=CARTESIAN_POINT('',(-79.6488626835362,1.29451399291002,0.800000000000001));
#4978=CARTESIAN_POINT('',(-77.6271485495142,-3.80548600709001,0.800000000000001));
#4979=CARTESIAN_POINT('',(-78.065607053464,-2.9968217542899,0.800000000000001));
#4980=CARTESIAN_POINT('',(-78.4578456884959,-2.15615751199172,0.800000000000001));
#4981=CARTESIAN_POINT('',(-79.131505862629,-0.454266530778518,0.800000000000001));
#4982=CARTESIAN_POINT('',(-79.4160705248477,0.412358097913207,0.800000000000001));
#4983=CARTESIAN_POINT('',(-79.6488626835362,1.29451399291002,0.800000000000001));
#4984=CARTESIAN_POINT('',(-77.6271485495142,-3.80548600709001,0.800000000000001));
#4985=CARTESIAN_POINT('',(-77.05206407398,-4.80548600709004,0.800000000000001));
#4986=CARTESIAN_POINT('',(-77.2520558970859,-4.47706358428372,0.800000000000001));
#4987=CARTESIAN_POINT('',(-77.4438686393373,-4.14351927710455,0.800000000000001));
#4988=CARTESIAN_POINT('',(-77.6271485495142,-3.80548600709001,0.800000000000001));
#4989=CARTESIAN_POINT('',(-77.05206407398,-4.80548600709004,0.800000000000001));
#4990=CARTESIAN_POINT('',(-75.4517555943059,-7.10548600708998,0.800000000000001));
#4991=CARTESIAN_POINT('',(-76.030630427731,-6.37307668882433,0.800000000000001));
#4992=CARTESIAN_POINT('',(-76.5686768828776,-5.59931313924011,0.800000000000001));
#4993=CARTESIAN_POINT('',(-77.05206407398,-4.80548600709004,0.800000000000001));
#4994=CARTESIAN_POINT('',(-75.4517555943059,-7.10548600708999,0.800000000000001));
#4995=CARTESIAN_POINT('',(-74.6142100209376,-8.10548600709003,0.8));
#4996=CARTESIAN_POINT('',(-74.9027546600018,-7.78022363284854,0.8));
#4997=CARTESIAN_POINT('',(-75.1821561350706,-7.44661611776608,0.800000000000001));
#4998=CARTESIAN_POINT('',(-75.4517555943059,-7.10548600708999,0.800000000000001));
#4999=CARTESIAN_POINT('',(-74.6142100209376,-8.10548600709003,0.8));
#5000=CARTESIAN_POINT('',(-71.1217601824843,-11.30548600709,0.800000000000001));
#5001=CARTESIAN_POINT('',(-72.3893384612111,-10.3657511467807,0.800000000000001));
#5002=CARTESIAN_POINT('',(-73.5697496248435,-9.28296495355228,0.800000000000001));
#5003=CARTESIAN_POINT('',(-74.6142100209376,-8.10548600709004,0.800000000000001));
#5004=CARTESIAN_POINT('',(-71.1217601824843,-11.30548600709,0.800000000000001));
#5005=CARTESIAN_POINT('',(-69.656282164579,-12.30548600709,0.800000000000003));
#5006=CARTESIAN_POINT('',(-70.1575190559353,-11.9916424456255,0.800000000000003));
#5007=CARTESIAN_POINT('',(-70.6467040921469,-11.6577045661732,0.800000000000001));
#5008=CARTESIAN_POINT('',(-71.1217601824843,-11.30548600709,0.800000000000001));
#5009=CARTESIAN_POINT('',(-69.656282164579,-12.30548600709,0.800000000000003));
#5010=CARTESIAN_POINT('',(-69.656282164579,-12.30548600709,0.800000000000001));
#5011=CARTESIAN_POINT('',(-68.8874397687951,-12.7869135833882,0.800000000000001));
#5012=CARTESIAN_POINT('',(-68.0939222565999,-13.2204967261632,0.800000000000001));
#5013=CARTESIAN_POINT('',(-66.8614431149017,-13.7890411244126,0.800000000000001));
#5014=CARTESIAN_POINT('',(-66.4440584766377,-13.9658396261945,0.800000000000001));
#5015=CARTESIAN_POINT('',(-65.5854116222426,-14.2731386035235,0.800000000000001));
#5016=CARTESIAN_POINT('',(-65.1516307936516,-14.4175265574695,0.800000000000001));
#5017=CARTESIAN_POINT('',(-64.2292727387499,-14.4262800514348,0.800000000000001));
#5018=CARTESIAN_POINT('',(-63.7881949776729,-14.2834888202178,0.800000000000001));
#5019=CARTESIAN_POINT('',(-62.9242886957984,-13.9772557012477,0.800000000000001));
#5020=CARTESIAN_POINT('',(-62.5031562505791,-13.7996057646453,0.800000000000001));
#5021=CARTESIAN_POINT('',(-61.2577833618631,-13.2268368737206,0.800000000000001));
#5022=CARTESIAN_POINT('',(-60.4522766796855,-12.7864715252293,0.800000000000001));
#5023=CARTESIAN_POINT('',(-59.6841402531289,-12.30548600709,0.800000000000001));
#5024=CARTESIAN_POINT('',(-69.2827337691911,-0.955486007089965,0.800000000000001));
#5025=CARTESIAN_POINT('',(-69.2827337691911,-0.955486007089963,0.800000000000001));
#5026=CARTESIAN_POINT('',(-69.2827337691911,3.54451399291003,0.800000000000001));
#5027=CARTESIAN_POINT('',(-69.2827337691911,3.54451399291003,0.800000000000001));
#5028=CARTESIAN_POINT('',(-60.0576886485167,3.54451399291003,0.800000000000001));
#5029=CARTESIAN_POINT('',(-60.0576886485167,3.54451399291003,0.800000000000001));
#5030=CARTESIAN_POINT('',(-60.0576886485167,-0.955486007089967,0.800000000000001));
#5031=CARTESIAN_POINT('',(-60.0576886485167,-0.955486007089966,0.800000000000001));
#5032=CARTESIAN_POINT('',(-64.6702112088539,9.29451399290999,0.800000000000001));
#5033=CARTESIAN_POINT('',(-66.3789701164712,-16.008884201327,0.800000000000001));
#5034=CARTESIAN_POINT('',(-68.2607966663804,-15.3031857825401,0.800000000000001));
#5035=CARTESIAN_POINT('',(-70.0334644636769,-14.3064242772392,0.800000000000001));
#5036=CARTESIAN_POINT('',(-73.2781170977897,-12.0022707946366,0.800000000000001));
#5037=CARTESIAN_POINT('',(-74.7519788300641,-10.6749685686706,0.800000000000001));
#5038=CARTESIAN_POINT('',(-78.7222553226197,-6.16040431082029,0.800000000000001));
#5039=CARTESIAN_POINT('',(-80.6376883431523,-2.54802971265159,0.800000000000001));
#5040=CARTESIAN_POINT('',(-81.6513772465558,1.29451399291004,0.800000000000001));
#5041=CARTESIAN_POINT('',(-66.3789701164712,-16.008884201327,0.800000000000001));
#5042=CARTESIAN_POINT('',(-81.6513772465558,1.29451399291004,0.800000000000001));
#5043=CARTESIAN_POINT('',(-66.3789701164712,-16.008884201327,0.800000000000001));
#5044=CARTESIAN_POINT('',(-66.2462258006773,-16.0932828563994,0.602821031971395));
#5045=CARTESIAN_POINT('',(-66.0757201254011,-16.1798100042393,0.427530087221746));
#5046=CARTESIAN_POINT('',(-65.8822846379213,-16.2641940692574,0.289378816721235));
#5047=CARTESIAN_POINT('',(-65.703842848097,-16.3420373015964,0.161936017595872));
#5048=CARTESIAN_POINT('',(-65.5015820037454,-16.4200926495674,0.0628542411761801));
#5049=CARTESIAN_POINT('',(-65.2903795774608,-16.494829439191,-4.13943822590804E-16));
#5050=CARTESIAN_POINT('',(-65.2903795774608,-16.494829439191,-4.13943822590804E-16));
#5051=CARTESIAN_POINT('',(-56.663560967223,7.88412811000575,0.));
#5052=CARTESIAN_POINT('',(-81.6702112088539,1.29451399291004,0.));
#5053=CARTESIAN_POINT('',(-64.6702112088539,1.29451399291004,0.));
#5054=CARTESIAN_POINT('',(-80.0474171111358,1.29451399291005,7.24855424473236));
#5055=CARTESIAN_POINT('',(-81.1204259603628,1.29451399291005,4.97225507493237));
#5056=CARTESIAN_POINT('',(-81.6702112088539,1.29451399291005,2.51652258105337));
#5057=CARTESIAN_POINT('',(-81.6702112088539,1.29451399291005,-1.38777878078145E-14));
#5058=CARTESIAN_POINT('',(-78.0206427096735,-7.20849108875961,6.29316714227737));
#5059=CARTESIAN_POINT('',(-78.9522248990784,-7.20849108875961,4.3168928870645));
#5060=CARTESIAN_POINT('',(-79.4295463544055,-7.20849108875961,2.18483530441854));
#5061=CARTESIAN_POINT('',(-79.4295463544055,-7.20849108875961,-1.38777878078145E-14));
#5062=CARTESIAN_POINT('',(-72.6159291136283,-13.6598490108004,3.74547675384585));
#5063=CARTESIAN_POINT('',(-73.1703748093849,-13.6598490108004,2.5692662520785));
#5064=CARTESIAN_POINT('',(-73.4544601315479,-13.6598490108004,1.3003388689149));
#5065=CARTESIAN_POINT('',(-73.4544601315479,-13.6598490108004,-3.46944695195361E-15));
#5066=CARTESIAN_POINT('',(-65.1023051634638,-16.5447784406338,0.203681766942169));
#5067=CARTESIAN_POINT('',(-65.1324563261613,-16.5447784406338,0.139718579064976));
#5068=CARTESIAN_POINT('',(-65.1479050938839,-16.5447784406338,0.0707133793240683));
#5069=CARTESIAN_POINT('',(-65.1479050938839,-16.5447784406338,3.46944695195361E-15));
#5070=CARTESIAN_POINT('',(-94.6702112088539,-23.70548600709,0.8));
#5071=CARTESIAN_POINT('',(-63.0608350873664,-23.70548600709,0.8));
#5072=CARTESIAN_POINT('',(-34.670211208854,-23.70548600709,0.8));
#5073=CARTESIAN_POINT('',(-64.7199026019188,-23.70548600709,1.91691314888714));
#5074=CARTESIAN_POINT('',(-66.3789701164712,-23.70548600709,0.800000000000008));
#5075=CARTESIAN_POINT('',(-94.6702112088539,-23.70548600709,0.8));
#5076=CARTESIAN_POINT('',(-94.6702112088539,-23.70548600709,0.8));
#5077=CARTESIAN_POINT('',(-94.6702112088539,-23.70548600709,-7.));
#5078=CARTESIAN_POINT('',(-94.6702112088539,-23.70548600709,-7.));
#5079=CARTESIAN_POINT('',(-94.6702112088539,-23.70548600709,-7.));
#5080=CARTESIAN_POINT('',(-34.670211208854,-23.70548600709,-7.));
#5081=CARTESIAN_POINT('',(-34.670211208854,-23.70548600709,-7.));
#5082=CARTESIAN_POINT('',(-94.6702112088539,-23.70548600709,-7.));
#5083=CARTESIAN_POINT('',(-64.6702112088539,-8.10548600709004,0.));
#5084=CARTESIAN_POINT('',(-54.6940725319653,-8.10548600709004,2.33732023417207E-14));
#5085=CARTESIAN_POINT('',(-64.6702112088539,-11.30548600709,0.));
#5086=CARTESIAN_POINT('',(-58.1692519309029,-11.3054847073209,-7.61558248353835E-15));
#5087=CARTESIAN_POINT('',(-71.9722477815537,7.17142327981594,-1.71080198309339E-14));
#5088=CARTESIAN_POINT('',(-58.1692509598483,-11.30548600709,1.54804656433452E-14));
#5089=CARTESIAN_POINT('',(-58.1692509598483,-11.30548600709,0.269121164353569));
#5090=CARTESIAN_POINT('',(-58.1859407853802,-11.30548600709,0.537724311816006));
#5091=CARTESIAN_POINT('',(-58.2192561857444,-11.30548600709,0.804775402810938));
#5092=CARTESIAN_POINT('',(-56.9032726567992,-10.359749129672,1.84950870031004E-14));
#5093=CARTESIAN_POINT('',(-56.9032726567992,-10.359749129672,0.321529045945377));
#5094=CARTESIAN_POINT('',(-56.9232126109576,-10.359749129672,0.642439197879986));
#5095=CARTESIAN_POINT('',(-56.9630157565784,-10.359749129672,0.961495050334102));
#5096=CARTESIAN_POINT('',(-55.7408086973205,-9.28933012385569,2.12632139715878E-14));
#5097=CARTESIAN_POINT('',(-55.7408086973205,-9.28933012385569,0.369651729719949));
#5098=CARTESIAN_POINT('',(-55.7637330291597,-9.28933012385569,0.738591936656876));
#5099=CARTESIAN_POINT('',(-55.8094934412051,-9.28933012385569,1.10540031438886));
#5100=CARTESIAN_POINT('',(-54.6940840858305,-8.10548600709003,2.37557356553949E-14));
#5101=CARTESIAN_POINT('',(-54.6940840858305,-8.10548600709002,0.412983135452635));
#5102=CARTESIAN_POINT('',(-54.7196956593196,-8.10548600709002,0.825171341824047));
#5103=CARTESIAN_POINT('',(-54.7708202096103,-8.10548600709003,1.23497782118454));
#5104=CARTESIAN_POINT('',(-64.6702112088539,18.29451399291,0.));
#5105=CARTESIAN_POINT('',(-84.1702112088539,18.29451399291,0.));
#5106=CARTESIAN_POINT('',(-84.1537940415877,18.29451399291,0.800000000000001));
#5107=CARTESIAN_POINT('',(-81.6513772465558,1.29451399291003,0.800000000000001));
#5108=CARTESIAN_POINT('',(-83.1224566352145,6.87086668483788,0.800000000000001));
#5109=CARTESIAN_POINT('',(-83.9573422849298,12.5853432073224,0.800000000000001));
#5110=CARTESIAN_POINT('',(-84.1537940415877,18.29451399291,0.800000000000001));
#5111=CARTESIAN_POINT('',(-7.10256253938749,20.944168209008,0.));
#5112=CARTESIAN_POINT('',(-84.1483475731351,18.29451399291,0.923148836573458));
#5113=CARTESIAN_POINT('',(-84.1629219679592,18.29451399291,0.615633906625546));
#5114=CARTESIAN_POINT('',(-84.1702112088539,18.29451399291,0.307860106420693));
#5115=CARTESIAN_POINT('',(-84.1702112088539,18.29451399291,4.33680868994202E-15));
#5116=CARTESIAN_POINT('',(-83.9509447467529,12.5464250007262,0.91379310632787));
#5117=CARTESIAN_POINT('',(-83.9653714361355,12.5464250007262,0.609394712540868));
#5118=CARTESIAN_POINT('',(-83.9725868035997,12.5464250007262,0.304740072039519));
#5119=CARTESIAN_POINT('',(-83.9725868035997,12.5464250007262,4.33680868994202E-15));
#5120=CARTESIAN_POINT('',(-83.1150764454988,6.8561405364717,0.87417787644138));
#5121=CARTESIAN_POINT('',(-83.128877701605,6.8561405364717,0.582975918766059));
#5122=CARTESIAN_POINT('',(-83.1357802647387,6.8561405364717,0.291528823316069));
#5123=CARTESIAN_POINT('',(-83.1357802647387,6.8561405364717,3.46944695195361E-15));
#5124=CARTESIAN_POINT('',(-81.6511506033555,1.29451399291004,0.804796421628144));
#5125=CARTESIAN_POINT('',(-81.6638564860226,1.29451399291004,0.536706482699194));
#5126=CARTESIAN_POINT('',(-81.6702112088539,1.29451399291004,0.268390862007783));
#5127=CARTESIAN_POINT('',(-81.6702112088539,1.29451399291004,2.60208521396521E-15));
#5128=CARTESIAN_POINT('',(-64.6702112088539,30.3639327694613,0.));
#5129=CARTESIAN_POINT('',(-84.5851685469747,30.3639327694613,0.));
#5130=CARTESIAN_POINT('',(-84.5690937347439,30.3639327694613,0.800000000000001));
#5131=CARTESIAN_POINT('',(-84.5690937347439,30.3639327694613,0.800000000000001));
#5132=CARTESIAN_POINT('',(-84.4306628816021,26.3407930954561,0.800000000000001));
#5133=CARTESIAN_POINT('',(-84.2922297012359,22.3176535015269,0.800000000000001));
#5134=CARTESIAN_POINT('',(-84.1537940415877,18.29451399291,0.800000000000001));
#5135=CARTESIAN_POINT('',(-84.1702112088539,18.29451399291,0.));
#5136=CARTESIAN_POINT('',(-64.6702112088539,18.29451399291,0.));
#5137=CARTESIAN_POINT('',(-64.6702112088539,32.8804154587935,0.));
#5138=CARTESIAN_POINT('',(-82.6716874570838,32.8804154587935,0.));
#5139=CARTESIAN_POINT('',(-82.6539023515414,32.8804154587935,0.800000000000001));
#5140=CARTESIAN_POINT('',(-84.5690937347439,30.3639327694613,0.800000000000001));
#5141=CARTESIAN_POINT('',(-84.7202116359772,30.3275879413784,0.800000000000001));
#5142=CARTESIAN_POINT('',(-84.8753938916264,30.3052798296274,0.800000000000001));
#5143=CARTESIAN_POINT('',(-85.0306303264613,30.2975846427397,0.800000000000001));
#5144=CARTESIAN_POINT('',(-85.3103465186137,30.2837189006129,0.800000000000001));
#5145=CARTESIAN_POINT('',(-85.5963098607202,30.3179211182867,0.800000000000001));
#5146=CARTESIAN_POINT('',(-85.8648617640709,30.3973772833319,0.800000000000001));
#5147=CARTESIAN_POINT('',(-86.1332859760451,30.4767956684658,0.800000000000001));
#5148=CARTESIAN_POINT('',(-86.3917102901447,30.6036147424176,0.800000000000001));
#5149=CARTESIAN_POINT('',(-86.6187426110262,30.7673681019142,0.800000000000001));
#5150=CARTESIAN_POINT('',(-86.8457793582606,30.9311246540404,0.800000000000001));
#5151=CARTESIAN_POINT('',(-87.0476808785008,31.1363352280346,0.800000000000001));
#5152=CARTESIAN_POINT('',(-87.2077010622016,31.3660207386082,0.800000000000001));
#5153=CARTESIAN_POINT('',(-87.3076053229379,31.5094186563273,0.800000000000001));
#5154=CARTESIAN_POINT('',(-87.3928510920782,31.6641912261676,0.800000000000001));
#5155=CARTESIAN_POINT('',(-87.4606432840747,31.8252751881991,0.800000000000001));
#5156=CARTESIAN_POINT('',(-87.5691188970313,32.0830287879016,0.800000000000001));
#5157=CARTESIAN_POINT('',(-87.6345973953489,32.3630623913804,0.800000000000001));
#5158=CARTESIAN_POINT('',(-87.6516464150703,32.6421917658511,0.800000000000001));
#5159=CARTESIAN_POINT('',(-87.6687004883595,32.9214038781706,0.800000000000001));
#5160=CARTESIAN_POINT('',(-87.6377656939901,33.2074137648668,0.800000000000001));
#5161=CARTESIAN_POINT('',(-87.5614104831925,33.476523643663,0.800000000000001));
#5162=CARTESIAN_POINT('',(-87.4850122310673,33.745785219329,0.800000000000001));
#5163=CARTESIAN_POINT('',(-87.3610331448105,34.0055614504888,0.800000000000001));
#5164=CARTESIAN_POINT('',(-87.1997697485879,34.2343246601549,0.800000000000001));
#5165=CARTESIAN_POINT('',(-87.0384011904049,34.4632370492885,0.800000000000001));
#5166=CARTESIAN_POINT('',(-86.8352435394932,34.6674194534646,0.800000000000001));
#5167=CARTESIAN_POINT('',(-86.6071631567271,34.8299618555207,0.800000000000001));
#5168=CARTESIAN_POINT('',(-86.3789708050698,34.9925840526574,0.800000000000001));
#5169=CARTESIAN_POINT('',(-86.1195298916323,35.1180188993606,0.800000000000001));
#5170=CARTESIAN_POINT('',(-85.8503586231599,35.1958941623487,0.800000000000001));
#5171=CARTESIAN_POINT('',(-85.5811659722586,35.2737756115924,0.800000000000001));
#5172=CARTESIAN_POINT('',(-85.2948117557246,35.3062423428064,0.800000000000001));
#5173=CARTESIAN_POINT('',(-85.0150151183282,35.2906203987128,0.800000000000001));
#5174=CARTESIAN_POINT('',(-84.7353460208406,35.2750055755815,0.800000000000001));
#5175=CARTESIAN_POINT('',(-84.4545172821526,35.2109174563465,0.800000000000001));
#5176=CARTESIAN_POINT('',(-84.195765415971,35.1036509725849,0.800000000000001));
#5177=CARTESIAN_POINT('',(-83.9372342277992,34.9964759716578,0.800000000000001));
#5178=CARTESIAN_POINT('',(-83.6936220175193,34.8432444775732,0.800000000000001));
#5179=CARTESIAN_POINT('',(-83.4850848435343,34.6565974761304,0.800000000000001));
#5180=CARTESIAN_POINT('',(-83.2767214911993,34.4701060502579,0.800000000000001));
#5181=CARTESIAN_POINT('',(-83.0976410620273,34.245119249393,0.800000000000001));
#5182=CARTESIAN_POINT('',(-82.9626813781305,34.0002106496202,0.800000000000001));
#5183=CARTESIAN_POINT('',(-82.8277664086879,33.75538319226,0.800000000000001));
#5184=CARTESIAN_POINT('',(-82.7332312360059,33.4839024099962,0.800000000000001));
#5185=CARTESIAN_POINT('',(-82.6869275123143,33.2082241590777,0.800000000000001));
#5186=CARTESIAN_POINT('',(-82.6687361909897,33.0999185792059,0.800000000000001));
#5187=CARTESIAN_POINT('',(-82.6576796509861,32.9901731683715,0.800000000000001));
#5188=CARTESIAN_POINT('',(-82.6539023515414,32.8804154587935,0.800000000000001));
#5189=CARTESIAN_POINT('',(-85.1702112088539,32.79451399291,0.));
#5190=CARTESIAN_POINT('',(-64.6702112088539,32.79451399291,0.));
#5191=CARTESIAN_POINT('',(-64.6702112088539,32.8804154587935,0.));
#5192=CARTESIAN_POINT('',(-46.6865200661664,32.8804154587935,0.800000000000001));
#5193=CARTESIAN_POINT('',(-46.668734960624,32.8804154587935,4.21758518427876E-14));
#5194=CARTESIAN_POINT('',(-46.6865200661664,32.8804154587935,0.800000000000001));
#5195=CARTESIAN_POINT('',(-46.7981228948931,29.6375508029832,0.800000000000001));
#5196=CARTESIAN_POINT('',(-46.9097277722146,26.3946862176743,0.800000000000001));
#5197=CARTESIAN_POINT('',(-47.0213348169763,23.1518217069611,0.800000000000001));
#5198=CARTESIAN_POINT('',(-47.0213348169763,23.1518217069611,0.800000000000001));
#5199=CARTESIAN_POINT('',(-47.0164275792112,22.76774349098,0.0187656962324595));
#5200=CARTESIAN_POINT('',(-47.0151490053816,22.8058432482378,0.0482397011737388));
#5201=CARTESIAN_POINT('',(-47.0140157403812,22.8419554918731,0.080491807613387));
#5202=CARTESIAN_POINT('',(-47.0130880854045,22.8754931427961,0.115079502654105));
#5203=CARTESIAN_POINT('',(-47.011027851849,22.9499770786776,0.191895486743444));
#5204=CARTESIAN_POINT('',(-47.0099754238615,23.0128969508301,0.28196806133652));
#5205=CARTESIAN_POINT('',(-47.0104684795059,23.0588238095856,0.378628690443203));
#5206=CARTESIAN_POINT('',(-47.0109630455744,23.1048913604477,0.475585429231623));
#5207=CARTESIAN_POINT('',(-47.0130498924339,23.1350174170042,0.581782412247151));
#5208=CARTESIAN_POINT('',(-47.0168167154997,23.1464423403797,0.6884517855666));
#5209=CARTESIAN_POINT('',(-47.0181240657887,23.1504075855256,0.725473496860928));
#5210=CARTESIAN_POINT('',(-47.0196346978185,23.1522048074617,0.762784381372048));
#5211=CARTESIAN_POINT('',(-47.0213348169763,23.1518217069611,0.800000000000001));
#5212=CARTESIAN_POINT('',(-47.0164275792112,22.76774349098,0.0187656962324595));
#5213=CARTESIAN_POINT('',(-64.6702112088539,22.76774349098,7.105427357601E-15));
#5214=CARTESIAN_POINT('',(-47.0164176053931,22.76774349098,4.13612624440137E-14));
#5215=CARTESIAN_POINT('',(-46.668734960624,32.8804154587935,4.21758518427876E-14));
#5216=CARTESIAN_POINT('',(-64.6702112088539,22.299151894011,0.));
#5217=CARTESIAN_POINT('',(-64.6702112088539,18.7307122792968,0.));
#5218=CARTESIAN_POINT('',(-47.1552143243176,18.7307122792968,4.10360741220724E-14));
#5219=CARTESIAN_POINT('',(-64.6702112088539,18.29451399291,0.));
#5220=CARTESIAN_POINT('',(-47.1702112088539,18.29451399291,4.10009377603883E-14));
#5221=CARTESIAN_POINT('',(-47.1527373781926,18.8027565530672,4.10418773857245E-14));
#5222=CARTESIAN_POINT('',(-64.6702112088539,18.8027565530672,0.));
#5223=CARTESIAN_POINT('',(-64.6702112088539,1.29451399291002,0.));
#5224=CARTESIAN_POINT('',(-49.6702112088539,1.29451399291002,3.52315179875559E-14));
#5225=CARTESIAN_POINT('',(-124.237859878319,20.9441682090078,-1.39561683178824E-13));
#5226=CARTESIAN_POINT('',(-49.6702112088539,1.29451399291002,3.57188747132697E-14));
#5227=CARTESIAN_POINT('',(-49.6702112088539,1.29451399291002,0.268426236123671));
#5228=CARTESIAN_POINT('',(-49.6774147432694,1.29451399291002,0.536755797170206));
#5229=CARTESIAN_POINT('',(-49.6918166233211,1.29451399291002,0.804795402621487));
#5230=CARTESIAN_POINT('',(-48.2046421529691,6.85614053647169,3.9208773212656E-14));
#5231=CARTESIAN_POINT('',(-48.2046421529691,6.85614053647169,0.294652715153703));
#5232=CARTESIAN_POINT('',(-48.2125495058601,6.85614053647169,0.589199309630168));
#5233=CARTESIAN_POINT('',(-48.2283585158951,6.85614053647169,0.883427618514847));
#5234=CARTESIAN_POINT('',(-47.3678356141082,12.5464250007262,4.12014257407106E-14));
#5235=CARTESIAN_POINT('',(-47.3678356141082,12.5464250007262,0.309627437126377));
#5236=CARTESIAN_POINT('',(-47.3761448313126,12.5464250007262,0.619143360353072));
#5237=CARTESIAN_POINT('',(-47.3927572805076,12.5464250007262,0.92832482220544));
#5238=CARTESIAN_POINT('',(-47.1702112088539,18.29451399291,4.16720204988146E-14));
#5239=CARTESIAN_POINT('',(-47.1702112088539,18.29451399291,0.313163942144282));
#5240=CARTESIAN_POINT('',(-47.1786153323387,18.29451399291,0.626215096698573));
#5241=CARTESIAN_POINT('',(-47.1954175257323,18.29451399291,0.938927969725068));
#5242=CARTESIAN_POINT('',(-64.6702112088539,-3.80548600709001,0.));
#5243=CARTESIAN_POINT('',(-77.6518285742706,-3.80548942928961,1.48148380062877E-20));
#5244=CARTESIAN_POINT('',(-64.6702112088539,1.29451399291002,0.));
#5245=CARTESIAN_POINT('',(-79.6702112088539,1.29451399291002,0.));
#5246=CARTESIAN_POINT('',(-57.3681746361542,7.17142327981594,0.));
#5247=CARTESIAN_POINT('',(-77.6268516720856,-3.80548600709,0.804793859533663));
#5248=CARTESIAN_POINT('',(-77.6434960547711,-3.80548600709,0.536830480299294));
#5249=CARTESIAN_POINT('',(-77.6518222510088,-3.80548600709,0.268479809456285));
#5250=CARTESIAN_POINT('',(-77.6518222510088,-3.80548600709,2.60208521396521E-15));
#5251=CARTESIAN_POINT('',(-78.499473329147,-2.18990717583172,0.858996224204661));
#5252=CARTESIAN_POINT('',(-78.517238700629,-2.18990717583172,0.57298567844724));
#5253=CARTESIAN_POINT('',(-78.5261256609921,-2.18990717583172,0.286561757232802));
#5254=CARTESIAN_POINT('',(-78.5261256609921,-2.18990717583172,2.60208521396521E-15));
#5255=CARTESIAN_POINT('',(-79.1741667247552,-0.481828155452627,0.900904395029826));
#5256=CARTESIAN_POINT('',(-79.1927988220758,-0.481828155452627,0.600940145552113));
#5257=CARTESIAN_POINT('',(-79.2021193539059,-0.481828155452627,0.300542353113991));
#5258=CARTESIAN_POINT('',(-79.2021193539059,-0.481828155452627,3.46944695195361E-15));
#5259=CARTESIAN_POINT('',(-79.6413581887911,1.29451399291002,0.929923709299575));
#5260=CARTESIAN_POINT('',(-79.6605904504473,1.29451399291002,0.620297217220643));
#5261=CARTESIAN_POINT('',(-79.6702112088539,1.29451399291002,0.310223217192909));
#5262=CARTESIAN_POINT('',(-79.6702112088539,1.29451399291002,2.60208521396521E-15));
#5263=CARTESIAN_POINT('',(-64.6702112088539,-4.80548600709004,0.));
#5264=CARTESIAN_POINT('',(-52.2625409854143,-4.80548600709004,2.90700636904385E-14));
#5265=CARTESIAN_POINT('',(-64.6702112088539,-7.10548600708998,0.));
#5266=CARTESIAN_POINT('',(-53.8590255676268,-7.10548542785764,-1.50653875591474E-14));
#5267=CARTESIAN_POINT('',(-53.859027215624,-7.10548600708999,2.57442217704191E-14));
#5268=CARTESIAN_POINT('',(-53.2809562187344,-6.37208305137941,2.71207581379708E-14));
#5269=CARTESIAN_POINT('',(-52.7474851530913,-5.60353057171413,2.83910905484282E-14));
#5270=CARTESIAN_POINT('',(-52.2625409854143,-4.80548600709004,2.95458678796405E-14));
#5271=CARTESIAN_POINT('',(-53.859027215624,-7.10548600708998,2.57442217704191E-14));
#5272=CARTESIAN_POINT('',(-53.859027215624,-7.10548600708998,0.268574223825219));
#5273=CARTESIAN_POINT('',(-53.8690305713799,-7.10548600708998,0.536962089752362));
#5274=CARTESIAN_POINT('',(-53.8890234006634,-7.10548600708998,0.804791140604852));
#5275=CARTESIAN_POINT('',(-53.2806005434748,-6.37163180354294,2.71216050926399E-14));
#5276=CARTESIAN_POINT('',(-53.2806005434748,-6.37163180354294,0.282943648544063));
#5277=CARTESIAN_POINT('',(-53.2911391049754,-6.37163180354294,0.565690968554189));
#5278=CARTESIAN_POINT('',(-53.3122016030127,-6.37163180354294,0.847849575418906));
#5279=CARTESIAN_POINT('',(-52.7477835293178,-5.60402159221028,2.83903800375579E-14));
#5280=CARTESIAN_POINT('',(-52.7477835293178,-5.60402159221028,0.296180026364262));
#5281=CARTESIAN_POINT('',(-52.7588150949287,-5.60402159221028,0.592154539755686));
#5282=CARTESIAN_POINT('',(-52.7808629170166,-5.60402159221028,0.887512799430779));
#5283=CARTESIAN_POINT('',(-52.2625409854143,-4.80548600709004,2.95458678796405E-14));
#5284=CARTESIAN_POINT('',(-52.2625409854143,-4.80548600709004,0.308234546912379));
#5285=CARTESIAN_POINT('',(-52.2740215355025,-4.80548600709004,0.616255216478454));
#5286=CARTESIAN_POINT('',(-52.2969667034636,-4.80548600709004,0.923634550815518));
#5287=CARTESIAN_POINT('',(-64.6702112088538,18.7307122792968,5.55111512312578E-14));
#5288=CARTESIAN_POINT('',(-82.2849126692963,18.7307122792968,-4.12696730427096E-14));
#5289=CARTESIAN_POINT('',(-64.6702112088538,17.186609574998,5.55111512312578E-14));
#5290=CARTESIAN_POINT('',(-82.2668196910063,21.1517843031226,0.798171326440987));
#5291=CARTESIAN_POINT('',(-82.2849065133445,21.5438900923175,0.0147265226343683));
#5292=CARTESIAN_POINT('',(-82.2848665879669,21.4821685455741,0.0624820843446711));
#5293=CARTESIAN_POINT('',(-82.2846236266321,21.425566838333,0.117697841184453));
#5294=CARTESIAN_POINT('',(-82.2840104946425,21.3763725326466,0.178275798874509));
#5295=CARTESIAN_POINT('',(-82.283134635477,21.3060984574888,0.264811423114457));
#5296=CARTESIAN_POINT('',(-82.2814537423974,21.2495423264342,0.364451522634627));
#5297=CARTESIAN_POINT('',(-82.2786624415514,21.2115070809433,0.469204354439811));
#5298=CARTESIAN_POINT('',(-82.2758701715016,21.1734586287421,0.573993558833015));
#5299=CARTESIAN_POINT('',(-82.2718726185804,21.1529229168924,0.686773703818615));
#5300=CARTESIAN_POINT('',(-82.2668196910063,21.1517843031226,0.798171326440987));
#5301=CARTESIAN_POINT('',(-82.2849065133445,21.5438900923175,0.0147265226343683));
#5302=CARTESIAN_POINT('',(-64.6702112088539,21.5438900923176,7.105427357601E-15));
#5303=CARTESIAN_POINT('',(-82.2849126692963,21.5438900923176,-4.12696730427096E-14));
#5304=CARTESIAN_POINT('',(-82.2849126692963,18.7307122792968,-4.12696730427096E-14));
#5305=CARTESIAN_POINT('',(-64.6702112088538,18.7307122792968,5.55111512312578E-14));
#5306=CARTESIAN_POINT('',(-71.9722477815537,18.7307122792968,-1.71080198309339E-14));
#5307=CARTESIAN_POINT('',(-82.1852080933902,18.7307122792968,-2.05180370610362E-14));
#5308=CARTESIAN_POINT('',(-64.6702112088539,18.7307122792968,0.));
#5309=CARTESIAN_POINT('',(-64.6702112088538,18.7307122792968,5.55111512312578E-14));
#5310=CARTESIAN_POINT('',(-64.6702112088539,-12.30548600709,0.));
#5311=CARTESIAN_POINT('',(-59.6203687880266,-12.3054867723392,-5.9156655625919E-15));
#5312=CARTESIAN_POINT('',(-58.1692529019623,-11.3054834075555,1.5231164967071E-14));
#5313=CARTESIAN_POINT('',(-58.640595561017,-11.6576238299806,1.41268511940585E-14));
#5314=CARTESIAN_POINT('',(-59.1240973797022,-11.9907916637293,1.29940495954903E-14));
#5315=CARTESIAN_POINT('',(-59.6203658893217,-12.30548600709,1.18313367797559E-14));
#5316=CARTESIAN_POINT('',(-78.2323049753328,-2.65746085045663,1.36001920291372E-15));
#5317=CARTESIAN_POINT('',(-77.8076327617312,-3.55890977539191,3.6505011728833E-16));
#5318=CARTESIAN_POINT('',(-77.0418888316068,-4.94406686957064,-1.42901955239331E-15));
#5319=CARTESIAN_POINT('',(-75.5765204409262,-7.05016707086413,-4.86224687709811E-15));
#5320=CARTESIAN_POINT('',(-73.9910881188826,-8.89616082717793,-8.57677327477907E-15));
#5321=CARTESIAN_POINT('',(-71.3272039469111,-11.3330717942155,-1.48180160825442E-14));
#5322=CARTESIAN_POINT('',(-69.119446607801,-12.7503603739428,-1.9990594439738E-14));
#5323=CARTESIAN_POINT('',(-67.5510084523871,-13.5222664232685,-2.36653050220891E-14));
#5324=CARTESIAN_POINT('',(-64.6702112088539,-7.10548600709004,0.));
#5325=CARTESIAN_POINT('',(-53.8590248326689,-7.10548600709002,2.53296445557669E-14));
#5326=CARTESIAN_POINT('',(-54.1278395846966,-7.44654555706193,2.46998355890833E-14));
#5327=CARTESIAN_POINT('',(-54.4064193631079,-7.78018269332366,2.40471480373152E-14));
#5328=CARTESIAN_POINT('',(-54.6940725319653,-8.10548600709004,2.33732023417207E-14));
#5329=CARTESIAN_POINT('',(-78.2323049753328,-2.65746085045663,1.36001920291372E-15));
#5330=CARTESIAN_POINT('',(-77.8076327617312,-3.55890977539191,3.6505011728833E-16));
#5331=CARTESIAN_POINT('',(-77.0418888316068,-4.94406686957064,-1.42901955239331E-15));
#5332=CARTESIAN_POINT('',(-75.5765204409262,-7.05016707086413,-4.86224687709811E-15));
#5333=CARTESIAN_POINT('',(-73.9910881188826,-8.89616082717793,-8.57677327477907E-15));
#5334=CARTESIAN_POINT('',(-71.3272039469111,-11.3330717942155,-1.48180160825442E-14));
#5335=CARTESIAN_POINT('',(-69.119446607801,-12.7503603739428,-1.9990594439738E-14));
#5336=CARTESIAN_POINT('',(-67.5510084523871,-13.5222664232685,-2.36653050220891E-14));
#5337=CARTESIAN_POINT('',(-64.6702112088539,-7.10548600709004,0.));
#5338=CARTESIAN_POINT('',(-51.6885993430946,-3.80548600709004,3.04147577221438E-14));
#5339=CARTESIAN_POINT('',(-51.8714956358095,-4.14344480476132,2.99862480356177E-14));
#5340=CARTESIAN_POINT('',(-52.0629695022139,-4.47708212966234,2.95376418596639E-14));
#5341=CARTESIAN_POINT('',(-52.2625337287013,-4.80548600709004,2.90700806922691E-14));
#5342=CARTESIAN_POINT('',(-51.6885996616172,-3.80548583472169,-1.52073788610672E-14));
#5343=CARTESIAN_POINT('',(-64.6702112088539,-3.80548600709001,0.));
#5344=CARTESIAN_POINT('',(-78.2323049753328,-2.65746085045663,1.36001920291372E-15));
#5345=CARTESIAN_POINT('',(-77.8076327617312,-3.55890977539191,3.6505011728833E-16));
#5346=CARTESIAN_POINT('',(-77.0418888316068,-4.94406686957064,-1.42901955239331E-15));
#5347=CARTESIAN_POINT('',(-75.5765204409262,-7.05016707086413,-4.86224687709811E-15));
#5348=CARTESIAN_POINT('',(-73.9910881188826,-8.89616082717793,-8.57677327477907E-15));
#5349=CARTESIAN_POINT('',(-71.3272039469111,-11.3330717942155,-1.48180160825442E-14));
#5350=CARTESIAN_POINT('',(-69.119446607801,-12.7503603739428,-1.9990594439738E-14));
#5351=CARTESIAN_POINT('',(-67.5510084523871,-13.5222664232685,-2.36653050220891E-14));
#5352=CARTESIAN_POINT('',(-64.6702112088539,-7.10548600709004,0.));
#5353=CARTESIAN_POINT('',(-65.2903795774608,-23.70548600709,-1.55341706123616E-15));
#5354=CARTESIAN_POINT('',(-65.2903795774608,-15.50548600709,0.));
#5355=CARTESIAN_POINT('',(-65.2903795774608,-15.50548600709,0.));
#5356=CARTESIAN_POINT('',(-64.9155272122559,-15.4412405946323,8.78245628291553E-16));
#5357=CARTESIAN_POINT('',(-64.5242779915817,-15.4412405946323,-6.61405193794452E-16));
#5358=CARTESIAN_POINT('',(-64.1494256263768,-15.50548600709,2.16840434497101E-16));
#5359=CARTESIAN_POINT('',(-64.1494256263768,-15.50548600709,2.16840434497101E-16));
#5360=CARTESIAN_POINT('',(-64.1494256263768,-23.70548600709,1.11973619224196E-15));
#5361=CARTESIAN_POINT('',(-64.1494256263768,-16.5297697513601,9.48914508555772E-16));
#5362=CARTESIAN_POINT('',(-72.6768614504848,7.88412811000575,-1.87588667557889E-14));
#5363=CARTESIAN_POINT('',(-47.6702112088539,1.29451399291004,3.98294823958058E-14));
#5364=CARTESIAN_POINT('',(-122.23785987832,20.944168209008,-1.34875861720497E-13));
#5365=CARTESIAN_POINT('',(-45.1702112088539,18.29451399291,4.56867592187184E-14));
#5366=CARTESIAN_POINT('',(-45.1702112088539,18.29451399291,4.56867592187184E-14));
#5367=CARTESIAN_POINT('',(-44.7552538707331,30.3639327694613,4.66589672183474E-14));
#5368=CARTESIAN_POINT('',(-44.170211208854,32.79451399291,4.80296699478834E-14));
#5369=CARTESIAN_POINT('',(-64.6702112088539,18.7896828139485,7.10542735760098E-15));
#5370=CARTESIAN_POINT('',(-58.0702112088539,20.2769099254777,2.25686381700904E-14));
#5371=CARTESIAN_POINT('',(-58.0702112088539,20.2769099254777,2.25686381700904E-14));
#5372=CARTESIAN_POINT('',(-58.0702112088539,14.3270935752876,-7.48099499014998E-15));
#5373=CARTESIAN_POINT('',(-70.8897942719698,14.3270935752876,-7.48099499014998E-15));
#5374=CARTESIAN_POINT('',(-58.050628145738,14.3270935752876,-7.48099499014998E-15));
#5375=CARTESIAN_POINT('',(-58.0506281457381,14.7270935752877,2.26635417916792E-14));
#5376=CARTESIAN_POINT('',(-58.050628145738,20.2564793205428,2.2659825404947E-14));
#5377=CARTESIAN_POINT('',(-58.3626979422232,20.1861583111455,2.19171256101039E-14));
#5378=CARTESIAN_POINT('',(-47.0138857435169,22.7434706119893,4.13671943703682E-14));
#5379=CARTESIAN_POINT('',(-47.6248431125555,-0.558353509232392,4.70412031529863E-14));
#5380=CARTESIAN_POINT('',(-47.0447608799615,21.5658974528618,1.35293441219403E-13));
#5381=CARTESIAN_POINT('',(-6.89812820495044,30.612436930268,1.42449175557808E-13));
#5382=CARTESIAN_POINT('',(-56.8870618761626,19.3480585314405,2.21873777116807E-14));
#5383=CARTESIAN_POINT('',(-56.8870618761626,19.0306553699827,2.53666144494287E-14));
#5384=CARTESIAN_POINT('',(-56.8870618761627,13.1970679149762,2.53666144494287E-14));
#5385=CARTESIAN_POINT('',(-64.6702112088539,13.1970679149762,7.10542735760101E-15));
#5386=CARTESIAN_POINT('',(-56.8702112088539,13.1970679149762,2.53801310450884E-14));
#5387=CARTESIAN_POINT('',(-56.8702112088539,13.1970679149762,2.53801310450884E-14));
#5388=CARTESIAN_POINT('',(-56.8702112088539,19.3322703796607,2.53801310450884E-14));
#5389=CARTESIAN_POINT('',(-56.8702112088539,19.3322703796607,2.53801310450884E-14));
#5390=CARTESIAN_POINT('',(-47.0555097484113,21.5438900923176,4.12696730427103E-14));
#5391=CARTESIAN_POINT('',(-47.0555097484113,18.7307122792968,4.12696730427103E-14));
#5392=CARTESIAN_POINT('',(-47.0555097484113,18.7307122792968,4.12696730427103E-14));
#5393=CARTESIAN_POINT('',(-71.9722477815537,18.7307122792968,-1.71080198309339E-14));
#5394=CARTESIAN_POINT('',(-71.9722477815537,7.17142327981594,-1.73880352994651E-14));
#5395=CARTESIAN_POINT('',(-64.6702112088539,-14.7054860070901,6.60931952006221E-29));
#5396=CARTESIAN_POINT('',(-62.8980141139446,-14.1139651559795,4.22005906668585E-15));
#5397=CARTESIAN_POINT('',(-61.1981479988166,-13.3060827057451,8.2678793863918E-15));
#5398=CARTESIAN_POINT('',(-59.6203692731569,-12.30548600709,1.20249780948652E-14));
#5399=CARTESIAN_POINT('',(-64.6702112088539,-14.7054860070901,7.39557098644699E-29));
#5400=CARTESIAN_POINT('',(-57.3681746361542,7.17142327981594,-1.34136235740205E-15));
#5401=CARTESIAN_POINT('',(-69.720062424921,-12.3054860071669,-1.85834051977014E-14));
#5402=CARTESIAN_POINT('',(-69.7200584678409,-12.3054944016548,-1.18313413237252E-14));
#5403=CARTESIAN_POINT('',(-70.2160504634434,-11.9909683643654,-1.29934062918024E-14));
#5404=CARTESIAN_POINT('',(-70.7001870955175,-11.6573631401827,-1.41276952014706E-14));
#5405=CARTESIAN_POINT('',(-71.1711747938184,-11.305490472329,-1.52311773331245E-14));
#5406=CARTESIAN_POINT('',(-71.1711714578595,-11.30548600709,0.));
#5407=CARTESIAN_POINT('',(-57.3681746361542,7.17142327981594,0.));
#5408=CARTESIAN_POINT('',(-74.6463395222486,-8.10548705958106,-7.04157773153234E-15));
#5409=CARTESIAN_POINT('',(-74.6463407125521,-8.10548811214887,-2.33731808497545E-14));
#5410=CARTESIAN_POINT('',(-74.9340599137163,-7.78009775007795,-2.40472812531487E-14));
#5411=CARTESIAN_POINT('',(-75.2127242407897,-7.44638722651934,-2.47001668948847E-14));
#5412=CARTESIAN_POINT('',(-75.4814027828542,-7.10549198191763,-2.53296567337841E-14));
#5413=CARTESIAN_POINT('',(-75.4814037015073,-7.10548301970884,-5.08509690640586E-15));
#5414=CARTESIAN_POINT('',(-77.0778814322936,-4.80548600709004,2.27925204360169E-15));
#5415=CARTESIAN_POINT('',(-76.5929372646166,-5.60353057171413,2.19016924519508E-15));
#5416=CARTESIAN_POINT('',(-76.0594661989735,-6.37208305137941,2.09217220024844E-15));
#5417=CARTESIAN_POINT('',(-75.4813952020839,-7.10548600708999,1.98598228084532E-15));
#5418=CARTESIAN_POINT('',(-77.0778796932299,-4.80548661495035,-1.34469617654444E-15));
#5419=CARTESIAN_POINT('',(-77.0778786929353,-4.80548600709005,-2.90700572723665E-14));
#5420=CARTESIAN_POINT('',(-77.2775205484012,-4.476949348279,-2.9537800317528E-14));
#5421=CARTESIAN_POINT('',(-77.4689993308365,-4.14333967334785,-2.99864180113031E-14));
#5422=CARTESIAN_POINT('',(-77.6518348976863,-3.80549285120487,-3.04147854225485E-14));
#5423=CARTESIAN_POINT('',(-5.1025625393888,20.9441682090078,0.));
#5424=CARTESIAN_POINT('',(-82.1702112088539,18.29451399291,0.));
#5425=CARTESIAN_POINT('',(-82.1876850395153,18.8027565530672,0.));
#5426=CARTESIAN_POINT('',(-72.470211208854,19.3322703796607,7.105427357601E-15));
#5427=CARTESIAN_POINT('',(-72.470211208854,19.3322703796607,7.105427357601E-15));
#5428=CARTESIAN_POINT('',(-72.4702112088539,13.1970679149762,7.105427357601E-15));
#5429=CARTESIAN_POINT('',(-72.4702112088539,13.1970679149762,7.105427357601E-15));
#5430=CARTESIAN_POINT('',(-64.6702112088539,13.1970679149762,7.10542735760101E-15));
#5431=CARTESIAN_POINT('',(-72.4542447610166,13.1970679149762,-1.10572174199066E-14));
#5432=CARTESIAN_POINT('',(-72.4542447610166,-1.7191072104819E-13,-1.10572174199066E-14));
#5433=CARTESIAN_POINT('',(-72.4542447610239,19.3481819624626,1.28986456960368E-12));
#5434=CARTESIAN_POINT('',(0.647961820664808,2.87551778960675,1.60151650806591E-13));
#5435=CARTESIAN_POINT('',(-82.2956610011694,21.5658215152257,1.52995916468186E-13));
#5436=CARTESIAN_POINT('',(-81.8157975807825,3.26299092528439,-3.30651509110165E-14));
#5437=CARTESIAN_POINT('',(-82.3265346070317,22.7433948700381,-4.13671895271985E-14));
#5438=CARTESIAN_POINT('',(-82.4252788518286,22.765645645488,-3.44938708109358E-14));
#5439=CARTESIAN_POINT('',(-71.2897942719699,20.2564040444,-3.4477629085039E-14));
#5440=CARTESIAN_POINT('',(-71.2897942719699,20.5762987180677,-8.35207311487062E-15));
#5441=CARTESIAN_POINT('',(-71.2897942719699,14.3270935752876,-8.34835672813838E-15));
#5442=CARTESIAN_POINT('',(-70.8897942719698,14.3270935752876,-7.48099499014998E-15));
#5443=CARTESIAN_POINT('',(-71.270211208854,14.3270935752876,-7.48099499014998E-15));
#5444=CARTESIAN_POINT('',(-71.270211208854,13.7970679149762,-8.35778345488839E-15));
#5445=CARTESIAN_POINT('',(-71.270211208854,20.2769099254777,-8.35778345488838E-15));
#5446=CARTESIAN_POINT('',(-64.6702112088539,18.7896828139485,7.10542735760098E-15));
#5447=CARTESIAN_POINT('',(-82.3240048123148,22.7677434909799,0.));
#5448=CARTESIAN_POINT('',(-82.6716874570838,32.8804154587935,0.));
#5449=CARTESIAN_POINT('',(-85.2716289752091,34.2096242785833,4.80296699478834E-14));
#5450=CARTESIAN_POINT('',(-85.5216289752091,34.2096242785833,4.80296699478834E-14));
#5451=CARTESIAN_POINT('',(-83.6834424378585,24.5578042407396,4.80296699478834E-14));
#5452=CARTESIAN_POINT('',(-83.9334424378585,24.5578042407396,4.80296699478834E-14));
#5453=CARTESIAN_POINT('',(-82.6035515894319,10.5835883013266,4.80296699478834E-14));
#5454=CARTESIAN_POINT('',(-82.8535515894319,10.5835883013266,4.80296699478834E-14));
#5455=CARTESIAN_POINT('',(-77.4633610400987,-5.35370740000641,4.80296699478834E-14));
#5456=CARTESIAN_POINT('',(-77.7133610400987,-5.35370740000641,4.80296699478834E-14));
#5457=CARTESIAN_POINT('',(-65.9479581283548,-15.5839392155156,4.80296699478834E-14));
#5458=CARTESIAN_POINT('',(-66.1979581283548,-15.5839392155156,4.80296699478834E-14));
#5459=CARTESIAN_POINT('',(-54.3870632138167,-9.52375557220216,4.80296699478834E-14));
#5460=CARTESIAN_POINT('',(-54.6370632138167,-9.52375557220216,4.80296699478834E-14));
#5461=CARTESIAN_POINT('',(-47.4066558719416,5.18088872695924,4.80296699478834E-14));
#5462=CARTESIAN_POINT('',(-47.6566558719416,5.18088872695924,4.80296699478834E-14));
#5463=CARTESIAN_POINT('',(-45.6162996074458,33.739356949771,4.80296699478834E-14));
#5464=CARTESIAN_POINT('',(-45.8662996074459,33.739356949771,4.80296699478834E-14));
#5465=CARTESIAN_POINT('',(-45.470211208854,20.59451399291,4.80296699478834E-14));
#5466=CARTESIAN_POINT('',(-45.720211208854,20.59451399291,4.80296699478834E-14));
#5467=CARTESIAN_POINT('',(-44.1181004821398,31.150236131281,4.80296699478834E-14));
#5468=CARTESIAN_POINT('',(-44.3681004821398,31.150236131281,4.80296699478834E-14));
#5469=CARTESIAN_POINT('',(-42.670211208854,33.54451399291,4.80296699478834E-14));
#5470=CARTESIAN_POINT('',(-42.920211208854,33.54451399291,4.80296699478834E-14));
#5471=CARTESIAN_POINT('',(-45.3395048616308,29.3330365169192,4.80296699478834E-14));
#5472=CARTESIAN_POINT('',(-45.5895048616308,29.3330365169192,4.80296699478834E-14));
#5473=CARTESIAN_POINT('',(-45.4985976085535,26.1739091137405,4.80296699478834E-14));
#5474=CARTESIAN_POINT('',(-45.7485976085535,26.1739091137405,4.80296699478834E-14));
#5475=CARTESIAN_POINT('',(-46.0641439144445,13.7806267425937,4.80296699478834E-14));
#5476=CARTESIAN_POINT('',(-46.3141439144445,13.7806267425937,4.80296699478834E-14));
#5477=CARTESIAN_POINT('',(-49.8292690851256,-2.73788172756862,4.80296699478834E-14));
#5478=CARTESIAN_POINT('',(-50.0792690851256,-2.73788172756862,4.80296699478834E-14));
#5479=CARTESIAN_POINT('',(-61.1751757206748,-14.5157450576063,4.80296699478834E-14));
#5480=CARTESIAN_POINT('',(-61.4251757206748,-14.5157450576063,4.80296699478834E-14));
#5481=CARTESIAN_POINT('',(-72.6525810343814,-10.9020669489344,4.80296699478834E-14));
#5482=CARTESIAN_POINT('',(-72.9025810343814,-10.9020669489344,4.80296699478834E-14));
#5483=CARTESIAN_POINT('',(-80.5262515360986,1.97059595999345,4.80296699478834E-14));
#5484=CARTESIAN_POINT('',(-80.7762515360986,1.97059595999345,4.80296699478834E-14));
#5485=CARTESIAN_POINT('',(-83.2508646424452,18.3533424747664,4.80296699478834E-14));
#5486=CARTESIAN_POINT('',(-83.5008646424452,18.3533424747664,4.80296699478834E-14));
#5487=CARTESIAN_POINT('',(-83.8014415371292,31.9404219285032,4.80296699478834E-14));
#5488=CARTESIAN_POINT('',(-84.0514415371292,31.9404219285032,4.80296699478834E-14));
#5489=CARTESIAN_POINT('',(-86.5092142944625,32.0735910805032,4.80296699478834E-14));
#5490=CARTESIAN_POINT('',(-86.7592142944625,32.0735910805032,4.80296699478834E-14));
#5491=CARTESIAN_POINT('',(-71.9722477815537,7.17142327981594,-1.71080198309339E-14));
#5492=CARTESIAN_POINT('',(-64.6702112088539,-11.30548600709,0.));
#5493=CARTESIAN_POINT('',(-64.6702112088539,-8.10548600709004,0.));
#5494=CARTESIAN_POINT('',(-71.1211662319634,-11.30548600709,0.804775402810941));
#5495=CARTESIAN_POINT('',(-71.1544816323277,-11.30548600709,0.537724311816004));
#5496=CARTESIAN_POINT('',(-71.1711714578595,-11.30548600709,0.26912116435356));
#5497=CARTESIAN_POINT('',(-71.1711714578595,-11.30548600709,0.));
#5498=CARTESIAN_POINT('',(-72.3774066611295,-10.3597491296719,0.961495050334105));
#5499=CARTESIAN_POINT('',(-72.4172098067503,-10.3597491296719,0.642439197879981));
#5500=CARTESIAN_POINT('',(-72.4371497609087,-10.3597491296719,0.321529045945366));
#5501=CARTESIAN_POINT('',(-72.4371497609087,-10.3597491296719,1.73472347597681E-15));
#5502=CARTESIAN_POINT('',(-73.5309289765028,-9.28933012385568,1.10540031438887));
#5503=CARTESIAN_POINT('',(-73.5766893885481,-9.28933012385568,0.738591936656871));
#5504=CARTESIAN_POINT('',(-73.5996137203873,-9.28933012385568,0.369651729719935));
#5505=CARTESIAN_POINT('',(-73.5996137203873,-9.28933012385568,0.));
#5506=CARTESIAN_POINT('',(-74.5696022080975,-8.10548600709003,1.23497782118455));
#5507=CARTESIAN_POINT('',(-74.6207267583882,-8.10548600709003,0.825171341824042));
#5508=CARTESIAN_POINT('',(-74.6463383318773,-8.10548600709003,0.412983135452621));
#5509=CARTESIAN_POINT('',(-74.6463383318773,-8.10548600709003,1.73472347597681E-15));
#5510=CARTESIAN_POINT('',(-64.6702112088539,-12.30548600709,0.));
#5511=CARTESIAN_POINT('',(-64.6702112088539,-14.7054860070901,6.16297582203915E-30));
#5512=CARTESIAN_POINT('',(-64.6702112088539,-14.7054860070901,6.16297582203915E-30));
#5513=CARTESIAN_POINT('',(-64.6702112088539,-14.7054860070901,0.));
#5514=CARTESIAN_POINT('',(-64.6702112088539,-14.7054860070901,0.));
#5515=CARTESIAN_POINT('',(-62.8936390223559,-14.1125048455503,4.23047728990687E-15));
#5516=CARTESIAN_POINT('',(-62.8936390223559,-14.1125048455503,3.55314437299608));
#5517=CARTESIAN_POINT('',(-66.446783395352,-14.1125048455503,3.55314437299608));
#5518=CARTESIAN_POINT('',(-66.446783395352,-14.1125048455503,7.20829285519102E-16));
#5519=CARTESIAN_POINT('',(-61.2020431222491,-13.3085529175587,8.2586040913332E-15));
#5520=CARTESIAN_POINT('',(-61.2020431222491,-13.3085529175587,6.93633617320966));
#5521=CARTESIAN_POINT('',(-68.1383792954588,-13.3085529175587,6.93633617320967));
#5522=CARTESIAN_POINT('',(-68.1383792954588,-13.3085529175587,1.40718015452863E-15));
#5523=CARTESIAN_POINT('',(-59.6203692731569,-12.30548600709,1.20249780948653E-14));
#5524=CARTESIAN_POINT('',(-59.6203692731569,-12.30548600709,10.0996838713941));
#5525=CARTESIAN_POINT('',(-69.720053144551,-12.30548600709,10.0996838713941));
#5526=CARTESIAN_POINT('',(-69.720053144551,-12.30548600709,2.04893107195843E-15));
#5527=CARTESIAN_POINT('',(-64.1494256263768,-16.5297697513601,9.48914508555772E-16));
#5528=CARTESIAN_POINT('',(-63.986342795337,-16.4728071809585,0.0485337586986719));
#5529=CARTESIAN_POINT('',(-63.8289356846673,-16.4137142330424,0.118345291851652));
#5530=CARTESIAN_POINT('',(-63.6840949951263,-16.3543182235612,0.206035420435818));
#5531=CARTESIAN_POINT('',(-63.4807257617232,-16.2709209340725,0.329160174147585));
#5532=CARTESIAN_POINT('',(-63.2976190656469,-16.1847523945465,0.490937795874394));
#5533=CARTESIAN_POINT('',(-63.1505371281705,-16.1000311279383,0.677118000563557));
#5534=CARTESIAN_POINT('',(-63.1191031619284,-16.081924720855,0.716907946015488));
#5535=CARTESIAN_POINT('',(-63.089161664206,-16.0638180844284,0.75792358297522));
#5536=CARTESIAN_POINT('',(-63.0608350873664,-16.0457527545074,0.800000000000001));
#5537=CARTESIAN_POINT('',(-63.0608350873664,-16.0457527545074,0.800000000000001));
#5538=CARTESIAN_POINT('',(-47.689045171152,1.29451399291004,0.800000000000001));
#5539=CARTESIAN_POINT('',(-48.7056525055064,-2.55909247405954,0.800000000000001));
#5540=CARTESIAN_POINT('',(-50.634471808996,-6.18936811239826,0.800000000000001));
#5541=CARTESIAN_POINT('',(-54.6243176984588,-10.7104619213563,0.800000000000001));
#5542=CARTESIAN_POINT('',(-56.1292833914212,-12.0583891157928,0.800000000000001));
#5543=CARTESIAN_POINT('',(-59.3893028790754,-14.3559444833985,0.800000000000001));
#5544=CARTESIAN_POINT('',(-61.1670724897567,-15.3509943249742,0.800000000000001));
#5545=CARTESIAN_POINT('',(-63.0608350873684,-16.0457527545025,0.800000000000001));
#5546=CARTESIAN_POINT('',(-47.689045171152,1.29451399291004,0.800000000000001));
#5547=CARTESIAN_POINT('',(-64.6702112088539,1.29451399291004,0.));
#5548=CARTESIAN_POINT('',(-47.6702112088539,1.29451399291005,2.9157116490529E-14));
#5549=CARTESIAN_POINT('',(-47.6702112088539,1.29451399291005,2.65367844458657));
#5550=CARTESIAN_POINT('',(-48.2804630423316,1.29451399291005,5.23623570184156));
#5551=CARTESIAN_POINT('',(-49.4682560128897,1.29451399291005,7.60924163237689));
#5552=CARTESIAN_POINT('',(-49.9210620726722,-7.2471455485116,2.5296627029402E-14));
#5553=CARTESIAN_POINT('',(-49.9210620726723,-7.2471455485116,2.30232347874576));
#5554=CARTESIAN_POINT('',(-50.4505147375305,-7.2471455485116,4.54294242815648));
#5555=CARTESIAN_POINT('',(-51.4810403649229,-7.2471455485116,6.60175527348055));
#5556=CARTESIAN_POINT('',(-55.9365775277028,-13.7155186935149,1.49792690957019E-14));
#5557=CARTESIAN_POINT('',(-55.9365775277028,-13.7155186935149,1.36330914368154));
#5558=CARTESIAN_POINT('',(-56.2500902316348,-13.7155186935149,2.69008026400292));
#5559=CARTESIAN_POINT('',(-56.8603107430408,-13.7155186935149,3.90919582403203));
#5560=CARTESIAN_POINT('',(-64.2927003343276,-16.5793428803873,6.47478149706202E-16));
#5561=CARTESIAN_POINT('',(-64.2927003343276,-16.5793428803873,0.058928968842796));
#5562=CARTESIAN_POINT('',(-64.3062519051122,-16.5793428803873,0.116278583472244));
#5563=CARTESIAN_POINT('',(-64.3326286558811,-16.5793428803873,0.168974791948277));
#5564=CARTESIAN_POINT('',(-45.1866283761201,18.29451399291,0.800000000000001));
#5565=CARTESIAN_POINT('',(-45.3842256677241,12.5520523131155,0.800000000000001));
#5566=CARTESIAN_POINT('',(-46.2279587684743,6.83298673443908,0.800000000000001));
#5567=CARTESIAN_POINT('',(-47.689045171152,1.29451399291004,0.800000000000001));
#5568=CARTESIAN_POINT('',(-45.1866283761201,18.29451399291,0.800000000000001));
#5569=CARTESIAN_POINT('',(-64.6702112088539,18.29451399291,0.));
#5570=CARTESIAN_POINT('',(-45.1702112088539,18.29451399291,4.64345371272505E-14));
#5571=CARTESIAN_POINT('',(-45.1702112088539,18.29451399291,0.307860106420723));
#5572=CARTESIAN_POINT('',(-45.1775004497487,18.29451399291,0.615633906625563));
#5573=CARTESIAN_POINT('',(-45.1920748445728,18.29451399291,0.923148836573463));
#5574=CARTESIAN_POINT('',(-45.3678356141082,12.5464250007262,4.59639423691465E-14));
#5575=CARTESIAN_POINT('',(-45.3678356141082,12.5464250007262,0.304740072039548));
#5576=CARTESIAN_POINT('',(-45.3750509815723,12.5464250007262,0.609394712540884));
#5577=CARTESIAN_POINT('',(-45.3894776709549,12.5464250007262,0.913793106327874));
#5578=CARTESIAN_POINT('',(-46.2046421529691,6.85614053647171,4.39712898410918E-14));
#5579=CARTESIAN_POINT('',(-46.2046421529691,6.85614053647171,0.291528823316098));
#5580=CARTESIAN_POINT('',(-46.2115447161028,6.85614053647171,0.582975918766075));
#5581=CARTESIAN_POINT('',(-46.225345972209,6.85614053647171,0.874177876441385));
#5582=CARTESIAN_POINT('',(-47.6702112088539,1.29451399291004,4.04813913417056E-14));
#5583=CARTESIAN_POINT('',(-47.6702112088539,1.29451399291004,0.26839086200781));
#5584=CARTESIAN_POINT('',(-47.6765659316852,1.29451399291004,0.536706482699209));
#5585=CARTESIAN_POINT('',(-47.6892718143524,1.29451399291004,0.804796421628148));
#5586=CARTESIAN_POINT('',(-45.1866283761201,18.29451399291,0.800000000000001));
#5587=CARTESIAN_POINT('',(-45.0481927164719,22.3176535015269,0.800000000000001));
#5588=CARTESIAN_POINT('',(-44.9097595361057,26.3407930954561,0.800000000000001));
#5589=CARTESIAN_POINT('',(-44.7713286829639,30.3639327694613,0.800000000000001));
#5590=CARTESIAN_POINT('',(-44.7713286829639,30.3639327694613,0.800000000000001));
#5591=CARTESIAN_POINT('',(-64.6702112088539,30.3639327694613,0.));
#5592=CARTESIAN_POINT('',(-64.6702112088539,18.29451399291,0.));
#5593=CARTESIAN_POINT('',(-46.6865200661664,32.8804154587935,0.800000000000001));
#5594=CARTESIAN_POINT('',(-46.6850527367167,32.923051930156,0.800000000000001));
#5595=CARTESIAN_POINT('',(-46.6824917649168,32.9656647684829,0.800000000000001));
#5596=CARTESIAN_POINT('',(-46.6788422145686,33.008170092011,0.800000000000001));
#5597=CARTESIAN_POINT('',(-46.6549047507263,33.2869632440363,0.800000000000001));
#5598=CARTESIAN_POINT('',(-46.5824504840306,33.5654675879102,0.800000000000001));
#5599=CARTESIAN_POINT('',(-46.4675120561766,33.8205906593756,0.800000000000001));
#5600=CARTESIAN_POINT('',(-46.3524714627566,34.0759405026308,0.800000000000001));
#5601=CARTESIAN_POINT('',(-46.1916944150357,34.3149248169726,0.800000000000001));
#5602=CARTESIAN_POINT('',(-45.9985534548615,34.5177411133787,0.800000000000001));
#5603=CARTESIAN_POINT('',(-45.8053068445448,34.7206683524381,0.800000000000001));
#5604=CARTESIAN_POINT('',(-45.5743242111049,34.8929977574884,0.800000000000001));
#5605=CARTESIAN_POINT('',(-45.3247762157144,35.0204713419981,0.800000000000001));
#5606=CARTESIAN_POINT('',(-45.0752250852765,35.1479465279461,0.800000000000001));
#5607=CARTESIAN_POINT('',(-44.8002207744987,35.2340863655805,0.800000000000001));
#5608=CARTESIAN_POINT('',(-44.5225417987058,35.2717702631752,0.800000000000001));
#5609=CARTESIAN_POINT('',(-44.2449834034194,35.309437796753,0.800000000000001));
#5610=CARTESIAN_POINT('',(-43.9571000233495,35.2997310053847,0.800000000000001));
#5611=CARTESIAN_POINT('',(-43.6827114032249,35.2434425427485,0.800000000000001));
#5612=CARTESIAN_POINT('',(-43.4084989761257,35.1871902245942,0.800000000000001));
#5613=CARTESIAN_POINT('',(-43.1402102010274,35.0828655225946,0.800000000000001));
#5614=CARTESIAN_POINT('',(-42.9000431358101,34.9390720621791,0.800000000000001));
#5615=CARTESIAN_POINT('',(-42.6600188420129,34.7953640822459,0.800000000000001));
#5616=CARTESIAN_POINT('',(-42.4414736076889,34.6082748161963,0.800000000000001));
#5617=CARTESIAN_POINT('',(-42.2625029559356,34.3932558614033,0.800000000000001));
#5618=CARTESIAN_POINT('',(-42.0835955335726,34.1783128716764,0.800000000000001));
#5619=CARTESIAN_POINT('',(-41.9393080065708,33.9295372879149,0.800000000000001));
#5620=CARTESIAN_POINT('',(-41.8416000881761,33.6675038601003,0.800000000000001));
#5621=CARTESIAN_POINT('',(-41.7438931839279,33.4054731520273,0.800000000000001));
#5622=CARTESIAN_POINT('',(-41.6900732704281,33.1229610168251,0.800000000000001));
#5623=CARTESIAN_POINT('',(-41.6846059800787,32.843359801078,0.800000000000001));
#5624=CARTESIAN_POINT('',(-41.6791368540295,32.5636647063028,0.800000000000001));
#5625=CARTESIAN_POINT('',(-41.7219029491798,32.279165876897,0.800000000000001));
#5626=CARTESIAN_POINT('',(-41.80935325993,32.0134372549331,0.800000000000001));
#5627=CARTESIAN_POINT('',(-41.8968548153297,31.7475529197422,0.800000000000001));
#5628=CARTESIAN_POINT('',(-42.0315087521488,31.4931196838775,0.800000000000001));
#5629=CARTESIAN_POINT('',(-42.2021320879388,31.271221781271,0.800000000000001));
#5630=CARTESIAN_POINT('',(-42.3728657612614,31.0491803832455,0.800000000000001));
#5631=CARTESIAN_POINT('',(-42.5843302220859,30.8535823986763,0.800000000000001));
#5632=CARTESIAN_POINT('',(-42.8189710207042,30.7006246748859,0.800000000000001));
#5633=CARTESIAN_POINT('',(-43.0537180428953,30.5475977060366,0.800000000000001));
#5634=CARTESIAN_POINT('',(-43.3181445176895,30.4330211414717,0.800000000000001));
#5635=CARTESIAN_POINT('',(-43.5903220628693,30.3663667978571,0.800000000000001));
#5636=CARTESIAN_POINT('',(-43.8625040088349,30.2997113765214,0.800000000000001));
#5637=CARTESIAN_POINT('',(-44.1499486973357,30.2791373687662,0.800000000000001));
#5638=CARTESIAN_POINT('',(-44.4288504732546,30.3063358299798,0.800000000000001));
#5639=CARTESIAN_POINT('',(-44.5440664699951,30.3175716774684,0.800000000000001));
#5640=CARTESIAN_POINT('',(-44.6587755882,30.336863025599,0.800000000000001));
#5641=CARTESIAN_POINT('',(-44.7713286829639,30.3639327694613,0.800000000000001));
#5642=CARTESIAN_POINT('',(-64.6702112088539,32.79451399291,0.));
#5643=CARTESIAN_POINT('',(-82.3190849897647,23.1517458424697,0.800000000000001));
#5644=CARTESIAN_POINT('',(-82.3227118533478,23.1525631106289,0.720607946016064));
#5645=CARTESIAN_POINT('',(-82.3254736960337,23.143326686481,0.640456914823941));
#5646=CARTESIAN_POINT('',(-82.3272868753537,23.1244571877041,0.563271587856022));
#5647=CARTESIAN_POINT('',(-82.3298232194405,23.0980618162622,0.455301821448033));
#5648=CARTESIAN_POINT('',(-82.3305387587153,23.0518847511492,0.350508276268286));
#5649=CARTESIAN_POINT('',(-82.3297787624347,22.9904371835168,0.257857113454265));
#5650=CARTESIAN_POINT('',(-82.3290342368509,22.9302404597629,0.16709198363231));
#5651=CARTESIAN_POINT('',(-82.3268842682288,22.8538534291865,0.0854519974453121));
#5652=CARTESIAN_POINT('',(-82.3239947760082,22.76774349098,0.0188243902735681));
#5653=CARTESIAN_POINT('',(-82.3190849897647,23.1517458424697,0.800000000000001));
#5654=CARTESIAN_POINT('',(-82.3239947760082,22.76774349098,0.0188243902735681));
#5655=CARTESIAN_POINT('',(-82.3190849897647,23.1517458424697,0.800000000000001));
#5656=CARTESIAN_POINT('',(-82.4306929048825,26.3946356413456,0.800000000000001));
#5657=CARTESIAN_POINT('',(-82.5422986525254,29.6375255148182,0.800000000000001));
#5658=CARTESIAN_POINT('',(-82.6539023515414,32.8804154587935,0.800000000000001));
#5659=CARTESIAN_POINT('',(-64.6702112088539,22.76774349098,7.105427357601E-15));
#5660=CARTESIAN_POINT('',(-64.6702112088539,22.299151894011,0.));
#5661=CARTESIAN_POINT('',(-64.6702112088539,18.29451399291,0.));
#5662=CARTESIAN_POINT('',(-64.6702112088539,18.8027565530672,0.));
#5663=CARTESIAN_POINT('',(-79.6486057943868,1.29451399291005,0.804795402621487));
#5664=CARTESIAN_POINT('',(-79.6630076744385,1.29451399291005,0.536755797170195));
#5665=CARTESIAN_POINT('',(-79.670211208854,1.29451399291005,0.268426236123649));
#5666=CARTESIAN_POINT('',(-79.670211208854,1.29451399291005,3.03576608295941E-15));
#5667=CARTESIAN_POINT('',(-81.1120639018127,6.85614053647171,0.883427618514847));
#5668=CARTESIAN_POINT('',(-81.1278729118478,6.85614053647171,0.589199309630156));
#5669=CARTESIAN_POINT('',(-81.1357802647387,6.85614053647171,0.294652715153679));
#5670=CARTESIAN_POINT('',(-81.1357802647387,6.85614053647171,3.03576608295941E-15));
#5671=CARTESIAN_POINT('',(-81.9476651372003,12.5464250007262,0.928324822205441));
#5672=CARTESIAN_POINT('',(-81.9642775863953,12.5464250007262,0.61914336035306));
#5673=CARTESIAN_POINT('',(-81.9725868035997,12.5464250007262,0.309627437126352));
#5674=CARTESIAN_POINT('',(-81.9725868035997,12.5464250007262,3.03576608295941E-15));
#5675=CARTESIAN_POINT('',(-82.1450048919756,18.29451399291,0.938927969725068));
#5676=CARTESIAN_POINT('',(-82.1618070853692,18.29451399291,0.626215096698561));
#5677=CARTESIAN_POINT('',(-82.1702112088539,18.29451399291,0.313163942144257));
#5678=CARTESIAN_POINT('',(-82.1702112088539,18.29451399291,3.46944695195361E-15));
#5679=CARTESIAN_POINT('',(-51.6886001666991,-3.80548600709,3.09125692260751E-14));
#5680=CARTESIAN_POINT('',(-51.6886001666991,-3.80548600709,0.268479809456302));
#5681=CARTESIAN_POINT('',(-51.6969263629368,-3.80548600709,0.536830480299299));
#5682=CARTESIAN_POINT('',(-51.7135707456222,-3.80548600709,0.804793859533657));
#5683=CARTESIAN_POINT('',(-50.8142967567157,-2.18990717583172,3.29945114902471E-14));
#5684=CARTESIAN_POINT('',(-50.8142967567157,-2.18990717583172,0.28656175723282));
#5685=CARTESIAN_POINT('',(-50.8231837170789,-2.18990717583172,0.572985678447245));
#5686=CARTESIAN_POINT('',(-50.8409490885608,-2.18990717583172,0.858996224204654));
#5687=CARTESIAN_POINT('',(-50.138303063802,-0.48182815545262,3.46042270918569E-14));
#5688=CARTESIAN_POINT('',(-50.138303063802,-0.48182815545262,0.300542353114009));
#5689=CARTESIAN_POINT('',(-50.147623595632,-0.48182815545262,0.600940145552119));
#5690=CARTESIAN_POINT('',(-50.1662556929527,-0.48182815545262,0.900904395029819));
#5691=CARTESIAN_POINT('',(-49.6702112088539,1.29451399291004,3.57188747132697E-14));
#5692=CARTESIAN_POINT('',(-49.6702112088539,1.29451399291004,0.310223217192929));
#5693=CARTESIAN_POINT('',(-49.6798319672605,1.29451399291004,0.620297217220648));
#5694=CARTESIAN_POINT('',(-49.6990642289167,1.29451399291004,0.929923709299567));
#5695=CARTESIAN_POINT('',(-64.6702112088539,-7.10548600708998,0.));
#5696=CARTESIAN_POINT('',(-64.6702112088539,-4.80548600709004,0.));
#5697=CARTESIAN_POINT('',(-75.4513990170444,-7.10548600708998,0.804791140604851));
#5698=CARTESIAN_POINT('',(-75.4713918463279,-7.10548600708998,0.536962089752354));
#5699=CARTESIAN_POINT('',(-75.4813952020839,-7.10548600708998,0.268574223825204));
#5700=CARTESIAN_POINT('',(-75.4813952020839,-7.10548600708998,1.73472347597681E-15));
#5701=CARTESIAN_POINT('',(-76.0282208146951,-6.37163180354294,0.847849575418906));
#5702=CARTESIAN_POINT('',(-76.0492833127325,-6.37163180354294,0.56569096855418));
#5703=CARTESIAN_POINT('',(-76.0598218742331,-6.37163180354294,0.282943648544046));
#5704=CARTESIAN_POINT('',(-76.0598218742331,-6.37163180354294,1.73472347597681E-15));
#5705=CARTESIAN_POINT('',(-76.5595595006913,-5.60402159221028,0.887512799430779));
#5706=CARTESIAN_POINT('',(-76.5816073227792,-5.60402159221028,0.592154539755677));
#5707=CARTESIAN_POINT('',(-76.5926388883901,-5.60402159221028,0.296180026364243));
#5708=CARTESIAN_POINT('',(-76.5926388883901,-5.60402159221028,8.67361737988404E-16));
#5709=CARTESIAN_POINT('',(-77.0434557142442,-4.80548600709003,0.923634550815518));
#5710=CARTESIAN_POINT('',(-77.0664008822054,-4.80548600709003,0.616255216478445));
#5711=CARTESIAN_POINT('',(-77.0778814322936,-4.80548600709003,0.30823454691236));
#5712=CARTESIAN_POINT('',(-77.0778814322936,-4.80548600709003,1.73472347597681E-15));
#5713=CARTESIAN_POINT('',(-64.6702112088538,17.1866854388811,5.55111512312578E-14));
#5714=CARTESIAN_POINT('',(-47.0736027251263,21.1518601673606,0.798171291718424));
#5715=CARTESIAN_POINT('',(-64.6702112088538,18.7307122792968,5.55111512312578E-14));
#5716=CARTESIAN_POINT('',(-64.6702112088539,21.5438900923176,7.105427357601E-15));
#5717=CARTESIAN_POINT('',(-47.0555159535101,21.5438900923176,0.0147851914472153));
#5718=CARTESIAN_POINT('',(-47.0736027251263,21.1518601673606,0.798171291718424));
#5719=CARTESIAN_POINT('',(-47.0701520511499,21.1526377334047,0.722097196349058));
#5720=CARTESIAN_POINT('',(-47.0671891576,21.1623247342069,0.645594416562062));
#5721=CARTESIAN_POINT('',(-47.064788860864,21.1804860292608,0.57167428612621));
#5722=CARTESIAN_POINT('',(-47.0612162736338,21.2075171916257,0.461652008424773));
#5723=CARTESIAN_POINT('',(-47.0588288794986,21.2542567163352,0.354809184823631));
#5724=CARTESIAN_POINT('',(-47.0574303540461,21.3165365755435,0.260111708761806));
#5725=CARTESIAN_POINT('',(-47.0560547337973,21.3777964083701,0.166965198374761));
#5726=CARTESIAN_POINT('',(-47.055573228675,21.4557155150065,0.0830213437556759));
#5727=CARTESIAN_POINT('',(-47.0555159535101,21.5438900923176,0.0147851914472153));
#5728=CARTESIAN_POINT('',(-64.6702112088538,18.7307122792968,5.55111512312578E-14));
#5729=CARTESIAN_POINT('',(-64.6702112088538,18.7307122792968,5.55111512312578E-14));
#5730=CARTESIAN_POINT('',(-78.2323049753328,-2.65746085045663,1.36001920291372E-15));
#5731=CARTESIAN_POINT('',(-77.8076327617312,-3.55890977539191,3.6505011728833E-16));
#5732=CARTESIAN_POINT('',(-77.0418888316068,-4.94406686957064,-1.42901955239331E-15));
#5733=CARTESIAN_POINT('',(-75.5765204409262,-7.05016707086413,-4.86224687709811E-15));
#5734=CARTESIAN_POINT('',(-73.9910881188826,-8.89616082717793,-8.57677327477907E-15));
#5735=CARTESIAN_POINT('',(-71.3272039469111,-11.3330717942155,-1.48180160825442E-14));
#5736=CARTESIAN_POINT('',(-69.119446607801,-12.7503603739428,-1.9990594439738E-14));
#5737=CARTESIAN_POINT('',(-67.5510084523871,-13.5222664232685,-2.36653050220891E-14));
#5738=CARTESIAN_POINT('',(-64.6702112088539,-7.10548600709004,0.));
#5739=CARTESIAN_POINT('',(-78.2323049753328,-2.65746085045663,1.36001920291372E-15));
#5740=CARTESIAN_POINT('',(-77.8076327617312,-3.55890977539191,3.6505011728833E-16));
#5741=CARTESIAN_POINT('',(-77.0418888316068,-4.94406686957064,-1.42901955239331E-15));
#5742=CARTESIAN_POINT('',(-75.5765204409262,-7.05016707086413,-4.86224687709811E-15));
#5743=CARTESIAN_POINT('',(-73.9910881188826,-8.89616082717793,-8.57677327477907E-15));
#5744=CARTESIAN_POINT('',(-71.3272039469111,-11.3330717942155,-1.48180160825442E-14));
#5745=CARTESIAN_POINT('',(-69.119446607801,-12.7503603739428,-1.9990594439738E-14));
#5746=CARTESIAN_POINT('',(-67.5510084523871,-13.5222664232685,-2.36653050220891E-14));
#5747=CARTESIAN_POINT('',(-64.6702112088539,-7.10548600709004,0.));
#5748=CARTESIAN_POINT('',(-78.2323049753328,-2.65746085045663,1.36001920291372E-15));
#5749=CARTESIAN_POINT('',(-77.8076327617312,-3.55890977539191,3.6505011728833E-16));
#5750=CARTESIAN_POINT('',(-77.0418888316068,-4.94406686957064,-1.42901955239331E-15));
#5751=CARTESIAN_POINT('',(-75.5765204409262,-7.05016707086413,-4.86224687709811E-15));
#5752=CARTESIAN_POINT('',(-73.9910881188826,-8.89616082717793,-8.57677327477907E-15));
#5753=CARTESIAN_POINT('',(-71.3272039469111,-11.3330717942155,-1.48180160825442E-14));
#5754=CARTESIAN_POINT('',(-69.119446607801,-12.7503603739428,-1.9990594439738E-14));
#5755=CARTESIAN_POINT('',(-67.5510084523871,-13.5222664232685,-2.36653050220891E-14));
#5756=CARTESIAN_POINT('',(-64.6702112088539,-7.10548600709004,0.));
#5757=CARTESIAN_POINT('',(-58.0702378953882,20.2769099254777,0.0187686318268586));
#5758=CARTESIAN_POINT('',(-57.6329131933443,20.375455156124,0.0187683210702708));
#5759=CARTESIAN_POINT('',(-57.1955885078352,20.4740004601491,0.0187680704159538));
#5760=CARTESIAN_POINT('',(-56.758263831803,20.5725458062306,0.0187678542110173));
#5761=CARTESIAN_POINT('',(-54.156825590885,21.1587455928215,0.0187665681098198));
#5762=CARTESIAN_POINT('',(-51.5553876129843,21.744946546632,0.0187662380621928));
#5763=CARTESIAN_POINT('',(-48.953949636251,22.3311475056225,0.018765912253833));
#5764=CARTESIAN_POINT('',(-48.3081089481284,22.4766794899014,0.0187658313676858));
#5765=CARTESIAN_POINT('',(-47.6622682627166,22.6222114862105,0.0187657603352332));
#5766=CARTESIAN_POINT('',(-47.0164275792112,22.76774349098,0.0187656962324595));
#5767=CARTESIAN_POINT('',(-58.0702378953882,20.2769099254777,0.0187686318268586));
#5768=CARTESIAN_POINT('',(-64.6702112088539,20.2769099254777,7.105427357601E-15));
#5769=CARTESIAN_POINT('',(-64.6702112088539,22.8160358038941,7.105427357601E-15));
#5770=CARTESIAN_POINT('',(-64.6702112088539,20.2769099254777,7.105427357601E-15));
#5771=CARTESIAN_POINT('',(-71.2701843550938,20.2769099254777,0.0188273448347757));
#5772=CARTESIAN_POINT('',(-82.3239947760082,22.76774349098,0.0188243902735681));
#5773=CARTESIAN_POINT('',(-81.8908930664941,22.6701495154977,0.0188244335386753));
#5774=CARTESIAN_POINT('',(-81.4577913561095,22.5725555438784,0.0188244799644049));
#5775=CARTESIAN_POINT('',(-81.024689644629,22.4749615771226,0.0188245303786251));
#5776=CARTESIAN_POINT('',(-78.4232516742375,21.8887605899881,0.0188248331930981));
#5777=CARTESIAN_POINT('',(-75.8218136972381,21.3025596321777,0.0188251600335984));
#5778=CARTESIAN_POINT('',(-73.2203755052893,20.7163596282705,0.0188262683477117));
#5779=CARTESIAN_POINT('',(-72.5703118110779,20.5698762940649,0.0188265453001948));
#5780=CARTESIAN_POINT('',(-71.9202481010037,20.4233930302548,0.0188268799239247));
#5781=CARTESIAN_POINT('',(-71.2701843550938,20.2769099254777,0.0188273448347757));
#5782=CARTESIAN_POINT('',(-64.6702112088539,22.8160358038941,7.105427357601E-15));
#5783=CARTESIAN_POINT('',(-72.4733490405583,19.332980581422,0.0147251733506026));
#5784=CARTESIAN_POINT('',(-75.1020445049521,19.925323036564,0.01472598923834));
#5785=CARTESIAN_POINT('',(-77.7307397986103,20.5176662493966,0.0147261890280787));
#5786=CARTESIAN_POINT('',(-80.3594350928502,21.1100094596467,0.0147263909169205));
#5787=CARTESIAN_POINT('',(-81.0012589011746,21.2546363305781,0.0147264402102203));
#5788=CARTESIAN_POINT('',(-81.6430827078429,21.3992632088591,0.0147264835272123));
#5789=CARTESIAN_POINT('',(-82.2849065133445,21.5438900923175,0.0147265226343683));
#5790=CARTESIAN_POINT('',(-72.4733490405583,19.332980581422,0.0147251733506026));
#5791=CARTESIAN_POINT('',(-72.4702015920855,19.3322703796607,0.0122483262181227));
#5792=CARTESIAN_POINT('',(-72.47125234653,19.3325074450713,0.0130718029899545));
#5793=CARTESIAN_POINT('',(-72.4723015003254,19.332744179822,0.0138974217880963));
#5794=CARTESIAN_POINT('',(-72.4733490405583,19.332980581422,0.0147251733506026));
#5795=CARTESIAN_POINT('',(-72.4702015920855,19.3322703796607,0.0122483262181227));
#5796=CARTESIAN_POINT('',(-64.6702112088539,19.3322703796607,7.105427357601E-15));
#5797=CARTESIAN_POINT('',(-64.6702112088539,19.416792434534,7.105427357601E-15));
#5798=CARTESIAN_POINT('',(-64.6702112088539,19.3322703796607,7.105427357601E-15));
#5799=CARTESIAN_POINT('',(-56.870221895059,19.3322703796607,0.012911416858276));
#5800=CARTESIAN_POINT('',(-56.8678401325464,19.3328078280256,0.0147838308893331));
#5801=CARTESIAN_POINT('',(-56.8686331334633,19.3326288685413,0.0141584700908915));
#5802=CARTESIAN_POINT('',(-56.8694270561645,19.3324497187269,0.0135343307452151));
#5803=CARTESIAN_POINT('',(-56.870221895059,19.3322703796607,0.012911416858276));
#5804=CARTESIAN_POINT('',(-56.8678401325464,19.3328078280256,0.0147838308893331));
#5805=CARTESIAN_POINT('',(-47.0555159535101,21.5438900923176,0.0147851914472153));
#5806=CARTESIAN_POINT('',(-49.6770220089681,20.9531668339082,0.0147850304090278));
#5807=CARTESIAN_POINT('',(-52.2985280713924,20.3624436064132,0.0147848442283163));
#5808=CARTESIAN_POINT('',(-54.9200342278241,19.7717207961044,0.0147843187560811));
#5809=CARTESIAN_POINT('',(-55.5693028537327,19.6254164334764,0.0147841886123333));
#5810=CARTESIAN_POINT('',(-56.2185714863944,19.4791121008173,0.0147840340954107));
#5811=CARTESIAN_POINT('',(-56.8678401325464,19.3328078280256,0.0147838308893331));
#5812=CARTESIAN_POINT('',(-64.6702112088539,19.416792434534,7.105427357601E-15));
#5813=CARTESIAN_POINT('',(-47.0555097484113,21.1559371924362,0.798171291718424));
#5814=CARTESIAN_POINT('',(-56.487063548251,19.0306549931986,0.798171291718424));
#5815=CARTESIAN_POINT('',(-57.4870618761626,18.8053179288419,0.800000000000025));
#5816=CARTESIAN_POINT('',(-47.0555097484113,21.1559371924362,-0.199999999999975));
#5817=CARTESIAN_POINT('',(-72.8533605415452,19.0305795060996,-0.199999999999975));
#5818=CARTESIAN_POINT('',(-72.8533605415452,19.0305795060996,0.799336071243002));
#5819=CARTESIAN_POINT('',(-71.8533605415452,18.8052420649588,0.799336071243002));
#5820=CARTESIAN_POINT('',(-72.8533598632298,19.0305793532498,0.798171326440987));
#5821=CARTESIAN_POINT('',(-72.8533605415452,19.0305795060996,0.798171326440987));
#5822=CARTESIAN_POINT('',(-72.8533605415452,19.0305795060996,-0.199999999999975));
#5823=CARTESIAN_POINT('',(-56.870221895059,16.2484391344293,0.0129114168582752));
#5824=CARTESIAN_POINT('',(-56.870221895059,13.1970679149762,0.0129114168582789));
#5825=CARTESIAN_POINT('',(-64.6702112088539,13.1970679149762,7.105427357601E-15));
#5826=CARTESIAN_POINT('',(-64.6702112088539,13.7970679149762,7.105427357601E-15));
#5827=CARTESIAN_POINT('',(-58.0702284423602,20.2721543967721,0.0150825059755361));
#5828=CARTESIAN_POINT('',(-58.0702312394732,20.2737432168448,0.0163065000294267));
#5829=CARTESIAN_POINT('',(-58.0702343878764,20.2753284080873,0.0175352182982787));
#5830=CARTESIAN_POINT('',(-58.0702378953882,20.2769099254777,0.0187686318268586));
#5831=CARTESIAN_POINT('',(-58.0702284423602,20.2721543967721,0.0150825059755361));
#5832=CARTESIAN_POINT('',(-58.0702284423602,17.1608422173552,0.0150825059755361));
#5833=CARTESIAN_POINT('',(-58.0702284423602,14.3466938719098,0.0150825059755208));
#5834=CARTESIAN_POINT('',(-58.0702112088539,14.3270935752876,-7.48099499014998E-15));
#5835=CARTESIAN_POINT('',(-58.0702112088539,14.3336886787166,0.00494632757173587));
#5836=CARTESIAN_POINT('',(-58.0702167696015,14.3402231133259,0.00997460104477126));
#5837=CARTESIAN_POINT('',(-58.0702284423602,14.3466938719098,0.0150825059755208));
#5838=CARTESIAN_POINT('',(-64.6702112088539,13.7970679149762,7.105427357601E-15));
#5839=CARTESIAN_POINT('',(-57.4870618761627,13.1970679149762,0.800000000000025));
#5840=CARTESIAN_POINT('',(-59.8702112088539,13.1970679149762,1.83513988575933E-14));
#5841=CARTESIAN_POINT('',(-72.4702015920855,16.2518279147935,0.012248326218121));
#5842=CARTESIAN_POINT('',(-72.4702015920855,13.1970679149762,0.0122483262181194));
#5843=CARTESIAN_POINT('',(-64.6702112088539,13.1970679149762,7.105427357601E-15));
#5844=CARTESIAN_POINT('',(-64.6702112088539,13.7970679149762,7.105427357601E-15));
#5845=CARTESIAN_POINT('',(-71.2701939753476,14.3466938719099,0.015082505975533));
#5846=CARTESIAN_POINT('',(-71.2702056481064,14.340223113326,0.00997460104477746));
#5847=CARTESIAN_POINT('',(-71.270211208854,14.3336886787166,0.00494632757174119));
#5848=CARTESIAN_POINT('',(-71.270211208854,14.3270935752876,-7.48099499014998E-15));
#5849=CARTESIAN_POINT('',(-71.2701939753476,14.3466938719099,0.015082505975533));
#5850=CARTESIAN_POINT('',(-71.2701939753476,17.1516961466777,0.015082505975533));
#5851=CARTESIAN_POINT('',(-71.2701939753476,20.2720791206294,0.0150825059755532));
#5852=CARTESIAN_POINT('',(-71.2701843550938,20.2769099254777,0.0188273448347757));
#5853=CARTESIAN_POINT('',(-71.2701879298357,20.2753034334421,0.0175742100473096));
#5854=CARTESIAN_POINT('',(-71.2701911338547,20.2736931494265,0.0163259203082571));
#5855=CARTESIAN_POINT('',(-71.2701939753476,20.2720791206294,0.0150825059755532));
#5856=CARTESIAN_POINT('',(-64.6702112088539,13.7970679149762,7.105427357601E-15));
#5857=CARTESIAN_POINT('',(-71.8533605415452,13.1970679149762,0.799336071243002));
#5858=CARTESIAN_POINT('',(-59.8702112088539,13.1970679149762,1.83513988575933E-14));
#5859=CARTESIAN_POINT('',(-58.450628145738,20.5763739942104,0.800000000000001));
#5860=CARTESIAN_POINT('',(-58.450628145738,20.5763739942104,0.800000000000001));
#5861=CARTESIAN_POINT('',(-57.450628145738,19.7766373100413,0.800000000000025));
#5862=CARTESIAN_POINT('',(-58.2308026369509,19.6008347865481,0.800000000000025));
#5863=CARTESIAN_POINT('',(-71.8897942719698,19.7765620338985,0.800000000000025));
#5864=CARTESIAN_POINT('',(-70.8897942719698,20.5762987180677,0.800000000000001));
#5865=CARTESIAN_POINT('',(-82.3373486483137,23.155861328553,0.800000000000001));
#5866=CARTESIAN_POINT('',(-82.5571741571009,22.1803221208907,0.800000000000025));
#5867=CARTESIAN_POINT('',(-56.8678401325464,19.3328078280256,0.0147838308893331));
#5868=CARTESIAN_POINT('',(-56.8477117592849,19.3168350522981,0.0306570730326238));
#5869=CARTESIAN_POINT('',(-56.8280123447496,19.3011944869013,0.0474482271339511));
#5870=CARTESIAN_POINT('',(-56.8088431188315,19.2859699970541,0.0651399335899591));
#5871=CARTESIAN_POINT('',(-56.7445403350798,19.2348997513094,0.124486407949362));
#5872=CARTESIAN_POINT('',(-56.6854305191708,19.1879012014505,0.194915560951413));
#5873=CARTESIAN_POINT('',(-56.6362980548343,19.1488498106146,0.274451790680576));
#5874=CARTESIAN_POINT('',(-56.5906949196241,19.1126035958056,0.348274699574511));
#5875=CARTESIAN_POINT('',(-56.5528712157051,19.0825535204093,0.431604418406801));
#5876=CARTESIAN_POINT('',(-56.5271417124325,19.0621632952239,0.519726420680778));
#5877=CARTESIAN_POINT('',(-56.501324866087,19.041703852032,0.608147567729877));
#5878=CARTESIAN_POINT('',(-56.4872361011576,19.0306161105681,0.703813640570976));
#5879=CARTESIAN_POINT('',(-56.487063548251,19.0306549931986,0.798171291718424));
#5880=CARTESIAN_POINT('',(-7.0305578110364,31.2001315690973,0.798171291718424));
#5881=CARTESIAN_POINT('',(-72.4733490405583,19.332980581422,0.0147251733506026));
#5882=CARTESIAN_POINT('',(-72.4934400442119,19.3169923228197,0.0306008019357839));
#5883=CARTESIAN_POINT('',(-72.5131040220108,19.301338686218,0.0473934428851737));
#5884=CARTESIAN_POINT('',(-72.5322393296219,19.2861028053627,0.0650857112842307));
#5885=CARTESIAN_POINT('',(-72.5964463515985,19.2349800036396,0.124450728507996));
#5886=CARTESIAN_POINT('',(-72.6554722522975,19.1879490531708,0.194894032965685));
#5887=CARTESIAN_POINT('',(-72.7045253454238,19.1488733108965,0.274437531867634));
#5888=CARTESIAN_POINT('',(-72.7500595425426,19.1126007246459,0.348274860518884));
#5889=CARTESIAN_POINT('',(-72.787815485575,19.0825325692633,0.431615229502146));
#5890=CARTESIAN_POINT('',(-72.8134784242771,19.0621277940718,0.519740557583669));
#5891=CARTESIAN_POINT('',(-72.8392283604534,19.0416538466035,0.608164630911863));
#5892=CARTESIAN_POINT('',(-72.8532499748947,19.0305545912935,0.703825972589472));
#5893=CARTESIAN_POINT('',(-72.8533598632298,19.0305793532498,0.798171326440987));
#5894=CARTESIAN_POINT('',(0.780391416637788,3.46321238355681,0.798171326440987));
#5895=CARTESIAN_POINT('',(-58.4506281457381,14.7270935752877,0.800000000000001));
#5896=CARTESIAN_POINT('',(-58.4506281457381,14.7270935752877,0.800000000000001));
#5897=CARTESIAN_POINT('',(-57.4506281457381,13.7270935752877,0.800000000000025));
#5898=CARTESIAN_POINT('',(-57.4506281457381,14.7270935752877,0.800000000000025));
#5899=CARTESIAN_POINT('',(-58.4506281457381,13.7270935752877,-0.199999999999975));
#5900=CARTESIAN_POINT('',(-71.8897942719698,13.7270935752877,-0.199999999999975));
#5901=CARTESIAN_POINT('',(-64.7120904087333,13.7270935752877,-0.199999999999975));
#5902=CARTESIAN_POINT('',(-64.7120904087333,13.7270935752877,-0.199999999999975));
#5903=CARTESIAN_POINT('',(-64.7075997880832,13.7597379731398,-0.199999999999975));
#5904=CARTESIAN_POINT('',(-64.6975071296931,13.7920648692882,-0.198321437089685));
#5905=CARTESIAN_POINT('',(-64.6827131583542,13.8213779025529,-0.195545310687613));
#5906=CARTESIAN_POINT('',(-64.6679340980994,13.8506613907348,-0.192771982388468));
#5907=CARTESIAN_POINT('',(-64.6480845098279,13.877749577394,-0.188858561812766));
#5908=CARTESIAN_POINT('',(-64.6247360963733,13.9006029108321,-0.18483222453313));
#5909=CARTESIAN_POINT('',(-64.6008264734036,13.9240055538926,-0.18070910899501));
#5910=CARTESIAN_POINT('',(-64.572582441815,13.9436159832913,-0.176387257499609));
#5911=CARTESIAN_POINT('',(-64.5422126528929,13.9578509021825,-0.173011333995801));
#5912=CARTESIAN_POINT('',(-64.5116139006808,13.9721931406825,-0.169609958798721));
#5913=CARTESIAN_POINT('',(-64.4779674214866,13.9814623483321,-0.167113383046647));
#5914=CARTESIAN_POINT('',(-64.4441771207002,13.9847770036178,-0.166229398623326));
#5915=CARTESIAN_POINT('',(-64.4113725149302,13.9879949672753,-0.165371200861276));
#5916=CARTESIAN_POINT('',(-64.3775220384321,13.9856879900291,-0.166018002441695));
#5917=CARTESIAN_POINT('',(-64.345500458579,13.9780750937891,-0.16799187877309));
#5918=CARTESIAN_POINT('',(-64.3139295851637,13.970569349706,-0.169937972628595));
#5919=CARTESIAN_POINT('',(-64.2832846593013,13.9577300184303,-0.173197678993312));
#5920=CARTESIAN_POINT('',(-64.255899403775,13.9406157084283,-0.176938226634113));
#5921=CARTESIAN_POINT('',(-64.2278119553677,13.9230625656891,-0.180774686687404));
#5922=CARTESIAN_POINT('',(-64.202384277853,13.9005429408321,-0.185187108615788));
#5923=CARTESIAN_POINT('',(-64.1815656656697,13.8747839513127,-0.189033645954238));
#5924=CARTESIAN_POINT('',(-64.1603009936013,13.8484730493122,-0.192962599257203));
#5925=CARTESIAN_POINT('',(-64.143257880793,13.8180156737251,-0.196376063038767));
#5926=CARTESIAN_POINT('',(-64.1319530351341,13.7859452461022,-0.198266738323122));
#5927=CARTESIAN_POINT('',(-64.1252500319258,13.7669296676739,-0.199387779943616));
#5928=CARTESIAN_POINT('',(-64.1204400029983,13.7470987250313,-0.200000000000535));
#5929=CARTESIAN_POINT('',(-64.1176880594963,13.727093575288,-0.200000000000541));
#5930=CARTESIAN_POINT('',(-64.117688059497,13.7270935752877,-0.199999999999975));
#5931=CARTESIAN_POINT('',(-58.4506281457381,13.7270935752877,-0.199999999999975));
#5932=CARTESIAN_POINT('',(-57.4870618761626,13.7270935752877,-0.199999999999975));
#5933=CARTESIAN_POINT('',(-57.4870618761626,13.7270935752877,0.800000000000025));
#5934=CARTESIAN_POINT('',(-57.4688450109504,13.7453104405,-0.199834059142709));
#5935=CARTESIAN_POINT('',(-57.4506281457381,13.7270935752877,0.800000000000025));
#5936=CARTESIAN_POINT('',(-70.8897942719698,14.7270935752877,0.800000000000001));
#5937=CARTESIAN_POINT('',(-70.8897942719698,14.7270935752877,0.800000000000001));
#5938=CARTESIAN_POINT('',(-71.8897942719698,13.7270935752877,0.800000000000025));
#5939=CARTESIAN_POINT('',(-71.8897942719698,13.7270935752877,0.800000000000025));
#5940=CARTESIAN_POINT('',(-70.8897942719698,13.7270935752877,0.800000000000025));
#5941=CARTESIAN_POINT('',(-70.8897942719698,20.5762987180677,0.800000000000001));
#5942=CARTESIAN_POINT('',(-71.8897942719698,20.5762987180677,0.800000000000025));
#5943=CARTESIAN_POINT('',(-82.3119477725014,22.18702747484,0.798171326440987));
#5944=CARTESIAN_POINT('',(-82.3103135451086,22.1246951822659,-0.199999999999975));
#5945=CARTESIAN_POINT('',(-82.3103135451086,22.1246951822659,0.800000000000025));
#5946=CARTESIAN_POINT('',(-82.2849126692963,21.155861328553,-0.199999999999975));
#5947=CARTESIAN_POINT('',(-47.0301076171025,22.1247707413191,0.800000000000025));
#5948=CARTESIAN_POINT('',(-47.0301076171025,22.1247707413191,-0.199999999999975));
#5949=CARTESIAN_POINT('',(-47.0284732924352,22.1871036435533,0.798171291718424));
#5950=CARTESIAN_POINT('',(-47.0030711611265,23.1559371924362,-0.199999999999975));
#5951=CARTESIAN_POINT('',(-72.8533605415452,13.7270935752877,0.800000000000025));
#5952=CARTESIAN_POINT('',(-72.8533605415452,12.7270937956884,0.799336071243002));
#5953=CARTESIAN_POINT('',(-72.8533605415452,12.7270935752877,0.799336071243002));
#5954=CARTESIAN_POINT('',(-72.8533605415452,12.7270935752877,-0.199999999999975));
#5955=CARTESIAN_POINT('',(-46.7832456523393,22.1803979847738,-0.199999999999975));
#5956=CARTESIAN_POINT('',(-52.7669285316648,20.8320501961487,-0.199999999999975));
#5957=CARTESIAN_POINT('',(-57.450628145738,19.7766373100413,-0.199999999999975));
#5958=CARTESIAN_POINT('',(-52.7669285316648,20.8320501961487,-0.199999999999975));
#5959=CARTESIAN_POINT('',(-52.7703486425084,20.8647968094797,-0.199999999999975));
#5960=CARTESIAN_POINT('',(-52.7682613608219,20.8985699816074,-0.198315067965883));
#5961=CARTESIAN_POINT('',(-52.7608996188074,20.930537505883,-0.195500820457905));
#5962=CARTESIAN_POINT('',(-52.753545333293,20.9624726511582,-0.19268942342156));
#5963=CARTESIAN_POINT('',(-52.7407544289412,20.9934831800501,-0.188704705056336));
#5964=CARTESIAN_POINT('',(-52.7235684927312,21.0212205374657,-0.184566399526872));
#5965=CARTESIAN_POINT('',(-52.7059615527051,21.049637376824,-0.180326717942074));
#5966=CARTESIAN_POINT('',(-52.6832532212188,21.0754063565049,-0.175841903171567));
#5967=CARTESIAN_POINT('',(-52.6571993007032,21.0964769879026,-0.172275712711173));
#5968=CARTESIAN_POINT('',(-52.6308999892379,21.11774607474,-0.168675933798579));
#5969=CARTESIAN_POINT('',(-52.6004169983417,21.1348145406209,-0.165951816604353));
#5970=CARTESIAN_POINT('',(-52.5683563407965,21.1461248202208,-0.16486643196858));
#5971=CARTESIAN_POINT('',(-52.5372454851068,21.1571000310675,-0.163813202017705));
#5972=CARTESIAN_POINT('',(-52.5037814474486,21.1629544244936,-0.164285631094902));
#5973=CARTESIAN_POINT('',(-52.4708285375665,21.1632045511,-0.166154602787127));
#5974=CARTESIAN_POINT('',(-52.4384358079726,21.1634504256997,-0.167991803048393));
#5975=CARTESIAN_POINT('',(-52.4056694936513,21.1583138056432,-0.171199795310983));
#5976=CARTESIAN_POINT('',(-52.375048716551,21.148269738292,-0.174969332481239));
#5977=CARTESIAN_POINT('',(-52.3436635386993,21.1379749361994,-0.178832970367345));
#5978=CARTESIAN_POINT('',(-52.3136781600156,21.1222572929332,-0.183356924383921));
#5979=CARTESIAN_POINT('',(-52.2873690899734,21.1023218359309,-0.187400490167324));
#5980=CARTESIAN_POINT('',(-52.2604082028207,21.0818924704797,-0.191544236814611));
#5981=CARTESIAN_POINT('',(-52.2365550099642,21.0564332813294,-0.195264622023948));
#5982=CARTESIAN_POINT('',(-52.2178741204673,21.028018725776,-0.197513276150665));
#5983=CARTESIAN_POINT('',(-52.2046125820919,21.007847270934,-0.199109592696492));
#5984=CARTESIAN_POINT('',(-52.1936957905708,20.9858494708521,-0.199999999999975));
#5985=CARTESIAN_POINT('',(-52.185645810353,20.9630349571484,-0.199999999999975));
#5986=CARTESIAN_POINT('',(-52.185645810353,20.9630349571484,-0.199999999999975));
#5987=CARTESIAN_POINT('',(-46.7832456523393,22.1803979847738,-0.199999999999975));
#5988=CARTESIAN_POINT('',(-57.450628145738,19.7766373100413,0.800000000000025));
#5989=CARTESIAN_POINT('',(-58.2308026369509,19.6008347865481,0.800000000000025));
#5990=CARTESIAN_POINT('',(-57.4688450109503,19.7912060054221,-0.199834059142709));
#5991=CARTESIAN_POINT('',(-57.4688450109533,19.769784693571,-0.199834059142836));
#5992=CARTESIAN_POINT('',(-57.450628145738,19.7766373100413,-0.199999999999975));
#5993=CARTESIAN_POINT('',(-57.453772738017,19.7759287156637,-0.199999999999975));
#5994=CARTESIAN_POINT('',(-57.4568694096613,19.7749768365276,-0.199985062453031));
#5995=CARTESIAN_POINT('',(-57.4598823363312,19.7738313837826,-0.199957179061391));
#5996=CARTESIAN_POINT('',(-57.4629464630809,19.7726664658205,-0.199928821834164));
#5997=CARTESIAN_POINT('',(-57.4659376103702,19.7712982742565,-0.199887031657689));
#5998=CARTESIAN_POINT('',(-57.4688450109533,19.769784693571,-0.199834059142836));
#5999=CARTESIAN_POINT('',(-57.4506281457381,14.7270935752877,0.800000000000025));
#6000=CARTESIAN_POINT('',(-64.117688059497,13.7270935752877,-0.199999999999975));
#6001=CARTESIAN_POINT('',(-64.1132449356668,13.6947944537805,-0.199999999999975));
#6002=CARTESIAN_POINT('',(-64.1141687641309,13.6613023178371,-0.198347016400027));
#6003=CARTESIAN_POINT('',(-64.1203104160017,13.6294357709628,-0.195220052679001));
#6004=CARTESIAN_POINT('',(-64.1264468782831,13.5975961507684,-0.192095731188142));
#6005=CARTESIAN_POINT('',(-64.1379291003589,13.5665211683836,-0.187434854356651));
#6006=CARTESIAN_POINT('',(-64.1537433189885,13.5385523106187,-0.182065268460793));
#6007=CARTESIAN_POINT('',(-64.1699464870048,13.5098955611324,-0.176563618048183));
#6008=CARTESIAN_POINT('',(-64.1911127501955,13.4837202002769,-0.170196273483405));
#6009=CARTESIAN_POINT('',(-64.2156608938501,13.4619154583181,-0.164199443206852));
#6010=CARTESIAN_POINT('',(-64.2411119848976,13.4393086787314,-0.157982033226186));
#6011=CARTESIAN_POINT('',(-64.2709451160117,13.4207690954982,-0.152023405527996));
#6012=CARTESIAN_POINT('',(-64.3027920799829,13.4079399970722,-0.14770300912902));
#6013=CARTESIAN_POINT('',(-64.3340991801327,13.3953283751412,-0.143455851287799));
#6014=CARTESIAN_POINT('',(-64.3682968533377,13.3879046668337,-0.140719509832279));
#6015=CARTESIAN_POINT('',(-64.4022808801728,13.3864751282878,-0.140201613252901));
#6016=CARTESIAN_POINT('',(-64.4344143151642,13.3851234349127,-0.139711918604693));
#6017=CARTESIAN_POINT('',(-64.4672422591606,13.3890834446213,-0.141189350935793));
#6018=CARTESIAN_POINT('',(-64.4980055777737,13.3979537967564,-0.144281211392206));
#6019=CARTESIAN_POINT('',(-64.5284009275307,13.4067180480715,-0.147336089221034));
#6020=CARTESIAN_POINT('',(-64.557588645849,13.4204683944008,-0.152008089108022));
#6021=CARTESIAN_POINT('',(-64.583504247047,13.4380790919353,-0.157324724642854));
#6022=CARTESIAN_POINT('',(-64.6106549047927,13.4565290602679,-0.162894734408888));
#6023=CARTESIAN_POINT('',(-64.6349462837808,13.4796956350327,-0.169285830951301));
#6024=CARTESIAN_POINT('',(-64.6546394712037,13.5058775234394,-0.175224824542837));
#6025=CARTESIAN_POINT('',(-64.6751222402689,13.5331091524494,-0.181401937043861));
#6026=CARTESIAN_POINT('',(-64.6911910754223,13.5643984122742,-0.187231296826513));
#6027=CARTESIAN_POINT('',(-64.7013848315597,13.5972141465624,-0.191529794808987));
#6028=CARTESIAN_POINT('',(-64.7113941528702,13.6294361483548,-0.195750520406024));
#6029=CARTESIAN_POINT('',(-64.715996054739,13.6640748760534,-0.198590559830838));
#6030=CARTESIAN_POINT('',(-64.7146559798609,13.6980379148291,-0.199577795169174));
#6031=CARTESIAN_POINT('',(-64.7142727643796,13.707750179765,-0.199860110636387));
#6032=CARTESIAN_POINT('',(-64.7134155690165,13.7174603724695,-0.199999999999975));
#6033=CARTESIAN_POINT('',(-64.7120904087333,13.7270935752877,-0.199999999999975));
#6034=CARTESIAN_POINT('',(-71.8897942719698,13.7270935752877,-0.199999999999975));
#6035=CARTESIAN_POINT('',(-71.8897942719698,13.72616812347,-0.199999999999975));
#6036=CARTESIAN_POINT('',(-71.889829660133,13.7252420198164,-0.199998711649467));
#6037=CARTESIAN_POINT('',(-71.8898996798265,13.7243192241972,-0.199996151480582));
#6038=CARTESIAN_POINT('',(-71.8902710020448,13.719425536446,-0.199982574620382));
#6039=CARTESIAN_POINT('',(-71.891663280945,13.7145820480051,-0.199931942771921));
#6040=CARTESIAN_POINT('',(-71.8935758064236,13.7100629147396,-0.19985496778345));
#6041=CARTESIAN_POINT('',(-71.8964219319404,13.7033377648555,-0.199740417425147));
#6042=CARTESIAN_POINT('',(-71.900363470686,13.697084947346,-0.199567515680114));
#6043=CARTESIAN_POINT('',(-71.9045593069837,13.6911108464643,-0.199352411929501));
#6044=CARTESIAN_POINT('',(-71.9116908385955,13.6809568542046,-0.198986806818037));
#6045=CARTESIAN_POINT('',(-71.9197075094241,13.6714389620814,-0.198493997812269));
#6046=CARTESIAN_POINT('',(-71.9278559037956,13.6620939574484,-0.197885288838757));
#6047=CARTESIAN_POINT('',(-71.9424690180097,13.6453348741482,-0.196793646320288));
#6048=CARTESIAN_POINT('',(-71.9577139692496,13.6291521501329,-0.195323577455523));
#6049=CARTESIAN_POINT('',(-71.9730128274847,13.6130851951996,-0.193479788052936));
#6050=CARTESIAN_POINT('',(-72.00015915457,13.5845759556744,-0.190208164155907));
#6051=CARTESIAN_POINT('',(-72.0276586336475,13.5565145747504,-0.185754469726738));
#6052=CARTESIAN_POINT('',(-72.0550690937855,13.5286361867585,-0.180109516808338));
#6053=CARTESIAN_POINT('',(-72.1001233407719,13.48281281233,-0.170830974903859));
#6054=CARTESIAN_POINT('',(-72.1451295787257,13.4374697292814,-0.158313007353438));
#6055=CARTESIAN_POINT('',(-72.1895138768177,13.3928062166391,-0.142471199479175));
#6056=CARTESIAN_POINT('',(-72.3078017714244,13.2737741917269,-0.100251446531325));
#6057=CARTESIAN_POINT('',(-72.4241111276263,13.1572761687682,-0.0334786712656135));
#6058=CARTESIAN_POINT('',(-72.5268952911773,13.0542881614444,0.0601805118117634));
#6059=CARTESIAN_POINT('',(-72.6009380328942,12.980098576563,0.12764988124026));
#6060=CARTESIAN_POINT('',(-72.6696092375561,12.9113173152137,0.210906206602359));
#6061=CARTESIAN_POINT('',(-72.7245285783849,12.856300058136,0.308351090221232));
#6062=CARTESIAN_POINT('',(-72.7634580839878,12.8173011447233,0.377424773291279));
#6063=CARTESIAN_POINT('',(-72.7961401465628,12.784555178956,0.455139640658921));
#6064=CARTESIAN_POINT('',(-72.8185075188351,12.7621268735616,0.537627622338049));
#6065=CARTESIAN_POINT('',(-72.8409804817498,12.7395926898752,0.620505008676295));
#6066=CARTESIAN_POINT('',(-72.8533605415452,12.7271527377738,0.710558364645745));
#6067=CARTESIAN_POINT('',(-72.8533605415452,12.7270937956884,0.799336071243002));
#6068=CARTESIAN_POINT('',(-57.4870618761626,13.7270935752877,0.800000000000025));
#6069=CARTESIAN_POINT('',(-70.8897942719698,13.7270935752877,0.800000000000025));
#6070=CARTESIAN_POINT('',(-71.8897942719698,19.7765620338985,0.800000000000025));
#6071=CARTESIAN_POINT('',(-71.8897942719698,19.7765620338985,-0.199999999999975));
#6072=CARTESIAN_POINT('',(-71.8897942719698,14.7270935752877,-0.199999999999975));
#6073=CARTESIAN_POINT('',(-71.8897942719698,20.5762987180677,0.800000000000025));
#6074=CARTESIAN_POINT('',(-71.109619780757,19.6007595104053,-0.199999999999975));
#6075=CARTESIAN_POINT('',(-77.4576418815359,21.0312065669,-0.199999999999975));
#6076=CARTESIAN_POINT('',(-77.4576418815359,21.0312065669,-0.199999999999975));
#6077=CARTESIAN_POINT('',(-77.461979865214,21.0633826221975,-0.199999999999975));
#6078=CARTESIAN_POINT('',(-77.4609929052877,21.0967336157591,-0.198529175865449));
#6079=CARTESIAN_POINT('',(-77.4548339658616,21.1284602671019,-0.195430192707213));
#6080=CARTESIAN_POINT('',(-77.4486776484631,21.1601734115487,-0.192332528870155));
#6081=CARTESIAN_POINT('',(-77.4372087332643,21.1911107308816,-0.187528824009365));
#6082=CARTESIAN_POINT('',(-77.4215122348061,21.2188865723951,-0.181583921971919));
#6083=CARTESIAN_POINT('',(-77.4055591177303,21.2471165150619,-0.175541828032303));
#6084=CARTESIAN_POINT('',(-77.3848528582499,21.2728359840808,-0.168184158379347));
#6085=CARTESIAN_POINT('',(-77.3609887428156,21.2943074094926,-0.160606533955774));
#6086=CARTESIAN_POINT('',(-77.3358828545114,21.3168961037858,-0.152634606694766));
#6087=CARTESIAN_POINT('',(-77.30659391981,21.3354077694361,-0.144224348771868));
#6088=CARTESIAN_POINT('',(-77.2752580979118,21.3484035666667,-0.136924904822022));
#6089=CARTESIAN_POINT('',(-77.243354591156,21.3616347978784,-0.129493222955699));
#6090=CARTESIAN_POINT('',(-77.208331477034,21.3694990591558,-0.123044760501418));
#6091=CARTESIAN_POINT('',(-77.1732553559965,21.3710114973209,-0.119106819183959));
#6092=CARTESIAN_POINT('',(-77.1402453454256,21.3724348474048,-0.115400836861165));
#6093=CARTESIAN_POINT('',(-77.1062028467445,21.3682318413472,-0.11386023203552));
#6094=CARTESIAN_POINT('',(-77.0743640371569,21.3587087704663,-0.11487134694826));
#6095=CARTESIAN_POINT('',(-77.0446889415795,21.3498328720819,-0.115813748126689));
#6096=CARTESIAN_POINT('',(-77.0161226527801,21.3361332370845,-0.118966958950746));
#6097=CARTESIAN_POINT('',(-76.9908488099809,21.3188289508354,-0.123665420104085));
#6098=CARTESIAN_POINT('',(-76.9651787822859,21.3012534079792,-0.128437532872558));
#6099=CARTESIAN_POINT('',(-76.9422234094017,21.2795468434578,-0.134880022389764));
#6100=CARTESIAN_POINT('',(-76.923395867578,21.2553046426612,-0.141841520665105));
#6101=CARTESIAN_POINT('',(-76.9031296026987,21.2292099529138,-0.14933498791243));
#6102=CARTESIAN_POINT('',(-76.8871020913614,21.1994902364578,-0.157595430887879));
#6103=CARTESIAN_POINT('',(-76.8764327708444,21.1682506760259,-0.165215262925353));
#6104=CARTESIAN_POINT('',(-76.8652839152959,21.1356070464622,-0.173177570042664));
#6105=CARTESIAN_POINT('',(-76.8597048578863,21.1003439088288,-0.18063638079964));
#6106=CARTESIAN_POINT('',(-76.8603893174768,21.0654127606936,-0.18635024733532));
#6107=CARTESIAN_POINT('',(-76.8610539750271,21.0314922025287,-0.191898806501463));
#6108=CARTESIAN_POINT('',(-76.8676845919786,20.9968924804661,-0.195942563722766));
#6109=CARTESIAN_POINT('',(-76.8798627796128,20.9648138874586,-0.198061091818807));
#6110=CARTESIAN_POINT('',(-76.8874486466532,20.9448319370482,-0.19938073583649));
#6111=CARTESIAN_POINT('',(-76.8972604880791,20.9255090598506,-0.200000000000132));
#6112=CARTESIAN_POINT('',(-76.9089472431482,20.9075651211179,-0.200000000000128));
#6113=CARTESIAN_POINT('',(-76.9089472431495,20.9075651211184,-0.199999999999975));
#6114=CARTESIAN_POINT('',(-71.109619780757,19.6007595104053,-0.199999999999975));
#6115=CARTESIAN_POINT('',(-82.5571741571009,22.1803221208907,0.800000000000025));
#6116=CARTESIAN_POINT('',(-52.185645810353,20.9630349571484,-0.199999999999975));
#6117=CARTESIAN_POINT('',(-52.1746673908627,20.9319209301415,-0.19801568430366));
#6118=CARTESIAN_POINT('',(-52.1688634530619,20.8986144068908,-0.194260309730387));
#6119=CARTESIAN_POINT('',(-52.1685640848159,20.8659637233507,-0.189123275285624));
#6120=CARTESIAN_POINT('',(-52.1682651006905,20.83335493403,-0.18399283218981));
#6121=CARTESIAN_POINT('',(-52.1734090385882,20.8005243745137,-0.177368290235608));
#6122=CARTESIAN_POINT('',(-52.1834357996423,20.7698908945675,-0.170241022317673));
#6123=CARTESIAN_POINT('',(-52.1938089041691,20.73819927573,-0.162867564956489));
#6124=CARTESIAN_POINT('',(-52.2096708296418,20.7079949548624,-0.154780363978148));
#6125=CARTESIAN_POINT('',(-52.2298720717133,20.6814657247085,-0.147402177091505));
#6126=CARTESIAN_POINT('',(-52.2507503522958,20.6540473754392,-0.139776712505507));
#6127=CARTESIAN_POINT('',(-52.2769183418226,20.629763580377,-0.13272825859966));
#6128=CARTESIAN_POINT('',(-52.3063231942918,20.6108602956231,-0.127845978019057));
#6129=CARTESIAN_POINT('',(-52.3345838388889,20.5926925795053,-0.123153677778593));
#6130=CARTESIAN_POINT('',(-52.3667228284659,20.5789920575561,-0.120384087345871));
#6131=CARTESIAN_POINT('',(-52.3997408128831,20.5712113218423,-0.120240977911525));
#6132=CARTESIAN_POINT('',(-52.4303429017895,20.5639998953947,-0.120108339662688));
#6133=CARTESIAN_POINT('',(-52.4625325075232,20.5616551133096,-0.122214162652969));
#6134=CARTESIAN_POINT('',(-52.4936243622634,20.5642627783758,-0.126088018801823));
#6135=CARTESIAN_POINT('',(-52.5244890666271,20.5668513924041,-0.129933573394198));
#6136=CARTESIAN_POINT('',(-52.555071346699,20.5743400427056,-0.135574302443672));
#6137=CARTESIAN_POINT('',(-52.5832995173233,20.5860257348561,-0.141956635115635));
#6138=CARTESIAN_POINT('',(-52.6134112682115,20.5984911778234,-0.148764841501413));
#6139=CARTESIAN_POINT('',(-52.6416395770462,20.6160415114744,-0.156559755854367));
#6140=CARTESIAN_POINT('',(-52.6660678162271,20.6374095278511,-0.16398441010608));
#6141=CARTESIAN_POINT('',(-52.6918743361257,20.6599831622311,-0.17182797534499));
#6142=CARTESIAN_POINT('',(-52.714152662321,20.6874856313059,-0.179448253668611));
#6143=CARTESIAN_POINT('',(-52.7309459980777,20.71778584152,-0.185526747660451));
#6144=CARTESIAN_POINT('',(-52.7474941629145,20.7476436899233,-0.191516499904647));
#6145=CARTESIAN_POINT('',(-52.7591622579593,20.7811192058559,-0.196156767898642));
#6146=CARTESIAN_POINT('',(-52.7646891995803,20.815229358245,-0.198832664570833));
#6147=CARTESIAN_POINT('',(-52.7655933522743,20.8208094400132,-0.199270414659542));
#6148=CARTESIAN_POINT('',(-52.7663406359074,20.8264212572254,-0.199659625278273));
#6149=CARTESIAN_POINT('',(-52.7669285316648,20.8320501961487,-0.199999999999975));
#6150=CARTESIAN_POINT('',(-57.4688450109533,19.769784693571,-0.199834059142836));
#6151=CARTESIAN_POINT('',(-57.466828774929,19.7696437163919,-0.199797323547015));
#6152=CARTESIAN_POINT('',(-57.4648173943057,19.7694121258103,-0.199754556363752));
#6153=CARTESIAN_POINT('',(-57.4628204970755,19.7691014997346,-0.199706134591515));
#6154=CARTESIAN_POINT('',(-57.440552877035,19.7656376742947,-0.19916617809821));
#6155=CARTESIAN_POINT('',(-57.4201208215962,19.7537580664755,-0.197942440777093));
#6156=CARTESIAN_POINT('',(-57.4009511922114,19.7420142744023,-0.196285576584518));
#6157=CARTESIAN_POINT('',(-57.3819537371276,19.7303759605913,-0.194643593714297));
#6158=CARTESIAN_POINT('',(-57.3636705880653,19.7176408400518,-0.192525406766282));
#6159=CARTESIAN_POINT('',(-57.3456303486443,19.7047196674703,-0.189948040567694));
#6160=CARTESIAN_POINT('',(-57.3160716489895,19.6835484928196,-0.185725059287557));
#6161=CARTESIAN_POINT('',(-57.2871677409058,19.6616775395123,-0.180257310651307));
#6162=CARTESIAN_POINT('',(-57.2585835004695,19.6398209950278,-0.173548987899726));
#6163=CARTESIAN_POINT('',(-57.2139505144879,19.6056929990169,-0.163074248296322));
#6164=CARTESIAN_POINT('',(-57.1700515152215,19.5713920060279,-0.149542778253133));
#6165=CARTESIAN_POINT('',(-57.1270243989711,19.5376357170969,-0.132937840918436));
#6166=CARTESIAN_POINT('',(-57.0433452206146,19.4719864529055,-0.100644542321717));
#6167=CARTESIAN_POINT('',(-56.962141422218,19.4076166704309,-0.0563096595415241));
#6168=CARTESIAN_POINT('',(-56.8870618761626,19.3480585314405,2.21873777116807E-14));
#6169=CARTESIAN_POINT('',(-7.0305578110364,31.2001315690973,0.798171291718424));
#6170=CARTESIAN_POINT('',(-57.4870618761626,19.0306553699827,0.800000000000025));
#6171=CARTESIAN_POINT('',(-71.8897942719698,19.7765620338985,-0.199999999999975));
#6172=CARTESIAN_POINT('',(-71.9152885777803,19.7665738688393,-0.199070530233005));
#6173=CARTESIAN_POINT('',(-71.9378522005461,19.7501054672868,-0.1973398932621));
#6174=CARTESIAN_POINT('',(-71.9601254705659,19.734333076182,-0.194948219053899));
#6175=CARTESIAN_POINT('',(-72.0487918776199,19.6715456521229,-0.185427337804925));
#6176=CARTESIAN_POINT('',(-72.132799099447,19.6029791397918,-0.164834248510263));
#6177=CARTESIAN_POINT('',(-72.2146754903123,19.5382927702519,-0.13310776502677));
#6178=CARTESIAN_POINT('',(-72.2981431258409,19.4723492392857,-0.100764686246393));
#6179=CARTESIAN_POINT('',(-72.379253400067,19.4078462672596,-0.0563731914727554));
#6180=CARTESIAN_POINT('',(-72.4542447610239,19.3481819624626,1.28986456960368E-12));
#6181=CARTESIAN_POINT('',(-71.8533605415452,-1.70485066879575E-13,0.799336071243002));
#6182=CARTESIAN_POINT('',(-76.9089472431495,20.9075651211184,-0.199999999999975));
#6183=CARTESIAN_POINT('',(-76.9272630995501,20.8794428063148,-0.198094767738291));
#6184=CARTESIAN_POINT('',(-76.9506321518549,20.8541693827595,-0.194735842462935));
#6185=CARTESIAN_POINT('',(-76.9770727925209,20.8337691362114,-0.190903407530134));
#6186=CARTESIAN_POINT('',(-77.0034927676602,20.8133848341272,-0.187073967959189));
#6187=CARTESIAN_POINT('',(-77.0337100115483,20.7972808588379,-0.182699340011041));
#6188=CARTESIAN_POINT('',(-77.0653714274434,20.78671568166,-0.178940185855272));
#6189=CARTESIAN_POINT('',(-77.0974576637561,20.7760087450928,-0.175130592848515));
#6190=CARTESIAN_POINT('',(-77.131951976484,20.7707069894982,-0.171885539869552));
#6191=CARTESIAN_POINT('',(-77.1659394636599,20.7713424083896,-0.170117770498932));
#6192=CARTESIAN_POINT('',(-77.1992200174584,20.7719646106868,-0.168386770400638));
#6193=CARTESIAN_POINT('',(-77.2329511208172,20.7783120289207,-0.168047164140402));
#6194=CARTESIAN_POINT('',(-77.2642023066521,20.7898456718843,-0.169194867096137));
#6195=CARTESIAN_POINT('',(-77.2946977170434,20.8011003864203,-0.17031481412238));
#6196=CARTESIAN_POINT('',(-77.3236617797223,20.8175770123025,-0.172860601431564));
#6197=CARTESIAN_POINT('',(-77.3488335873164,20.8379082147376,-0.176164424299668));
#6198=CARTESIAN_POINT('',(-77.3743889569678,20.8585492192323,-0.179518590040121));
#6199=CARTESIAN_POINT('',(-77.3967354371258,20.8837051902905,-0.183710519049341));
#6200=CARTESIAN_POINT('',(-77.4142027751612,20.911447887641,-0.187661880594469));
#6201=CARTESIAN_POINT('',(-77.4321642888943,20.939975465137,-0.191725031746247));
#6202=CARTESIAN_POINT('',(-77.4454591757783,20.9720503430787,-0.195612235595213));
#6203=CARTESIAN_POINT('',(-77.4529320699948,21.0050702966928,-0.198217301046156));
#6204=CARTESIAN_POINT('',(-77.4548847088892,21.0136982852404,-0.198897994760602));
#6205=CARTESIAN_POINT('',(-77.4564583418521,21.0224279173846,-0.199497132757627));
#6206=CARTESIAN_POINT('',(-77.4576418815359,21.0312065669,-0.199999999999975));
#6207=CARTESIAN_POINT('',(0.780391416637788,3.46321238355681,0.798171326440987));
#6208=CARTESIAN_POINT('',(-42.670211208854,33.54451399291,-0.199999999999952));
#6209=CARTESIAN_POINT('',(-42.920211208854,33.54451399291,-0.199999999999952));
#6210=CARTESIAN_POINT('',(-42.670211208854,33.54451399291,-0.199999999999952));
#6211=CARTESIAN_POINT('',(-42.670211208854,33.54451399291,-0.199999999999952));
#6212=CARTESIAN_POINT('',(-44.1181004821398,31.150236131281,-0.199999999999952));
#6213=CARTESIAN_POINT('',(-44.3681004821398,31.150236131281,-0.199999999999952));
#6214=CARTESIAN_POINT('',(-44.1181004821398,31.150236131281,-0.199999999999952));
#6215=CARTESIAN_POINT('',(-44.1181004821398,31.150236131281,-0.199999999999952));
#6216=CARTESIAN_POINT('',(-45.3395048616308,29.3330365169192,-0.199999999999952));
#6217=CARTESIAN_POINT('',(-45.5895048616308,29.3330365169192,-0.199999999999952));
#6218=CARTESIAN_POINT('',(-45.3395048616308,29.3330365169192,-0.199999999999952));
#6219=CARTESIAN_POINT('',(-45.3395048616308,29.3330365169192,-0.199999999999952));
#6220=CARTESIAN_POINT('',(-45.470211208854,20.59451399291,-0.199999999999952));
#6221=CARTESIAN_POINT('',(-45.720211208854,20.59451399291,-0.199999999999952));
#6222=CARTESIAN_POINT('',(-45.470211208854,20.59451399291,-0.199999999999952));
#6223=CARTESIAN_POINT('',(-45.470211208854,20.59451399291,-0.199999999999952));
#6224=CARTESIAN_POINT('',(-45.4985976085535,26.1739091137405,-0.199999999999952));
#6225=CARTESIAN_POINT('',(-45.7485976085535,26.1739091137405,-0.199999999999952));
#6226=CARTESIAN_POINT('',(-45.4985976085535,26.1739091137405,-0.199999999999952));
#6227=CARTESIAN_POINT('',(-45.4985976085535,26.1739091137405,-0.199999999999952));
#6228=CARTESIAN_POINT('',(-45.6162996074458,33.739356949771,-0.199999999999952));
#6229=CARTESIAN_POINT('',(-45.8662996074459,33.739356949771,-0.199999999999952));
#6230=CARTESIAN_POINT('',(-45.6162996074458,33.739356949771,-0.199999999999952));
#6231=CARTESIAN_POINT('',(-45.6162996074458,33.739356949771,-0.199999999999952));
#6232=CARTESIAN_POINT('',(-46.0641439144445,13.7806267425937,-0.199999999999952));
#6233=CARTESIAN_POINT('',(-46.3141439144445,13.7806267425937,-0.199999999999952));
#6234=CARTESIAN_POINT('',(-46.0641439144445,13.7806267425937,-0.199999999999952));
#6235=CARTESIAN_POINT('',(-46.0641439144445,13.7806267425937,-0.199999999999952));
#6236=CARTESIAN_POINT('',(-47.4066558719416,5.18088872695924,-0.199999999999952));
#6237=CARTESIAN_POINT('',(-47.6566558719416,5.18088872695924,-0.199999999999952));
#6238=CARTESIAN_POINT('',(-47.4066558719416,5.18088872695924,-0.199999999999952));
#6239=CARTESIAN_POINT('',(-47.4066558719416,5.18088872695924,-0.199999999999952));
#6240=CARTESIAN_POINT('',(-49.8292690851256,-2.73788172756862,-0.199999999999952));
#6241=CARTESIAN_POINT('',(-50.0792690851256,-2.73788172756862,-0.199999999999952));
#6242=CARTESIAN_POINT('',(-49.8292690851256,-2.73788172756862,-0.199999999999952));
#6243=CARTESIAN_POINT('',(-49.8292690851256,-2.73788172756862,-0.199999999999952));
#6244=CARTESIAN_POINT('',(-54.3870632138167,-9.52375557220216,-0.199999999999952));
#6245=CARTESIAN_POINT('',(-54.6370632138167,-9.52375557220216,-0.199999999999952));
#6246=CARTESIAN_POINT('',(-54.3870632138167,-9.52375557220216,-0.199999999999952));
#6247=CARTESIAN_POINT('',(-54.3870632138167,-9.52375557220216,-0.199999999999952));
#6248=CARTESIAN_POINT('',(-61.1751757206748,-14.5157450576063,-0.199999999999952));
#6249=CARTESIAN_POINT('',(-61.4251757206748,-14.5157450576063,-0.199999999999952));
#6250=CARTESIAN_POINT('',(-61.1751757206748,-14.5157450576063,-0.199999999999952));
#6251=CARTESIAN_POINT('',(-61.1751757206748,-14.5157450576063,-0.199999999999952));
#6252=CARTESIAN_POINT('',(-65.9479581283548,-15.5839392155156,-0.199999999999952));
#6253=CARTESIAN_POINT('',(-66.1979581283548,-15.5839392155156,-0.199999999999952));
#6254=CARTESIAN_POINT('',(-65.9479581283548,-15.5839392155156,-0.199999999999952));
#6255=CARTESIAN_POINT('',(-65.9479581283548,-15.5839392155156,-0.199999999999952));
#6256=CARTESIAN_POINT('',(-72.6525810343814,-10.9020669489344,-0.199999999999952));
#6257=CARTESIAN_POINT('',(-72.9025810343814,-10.9020669489344,-0.199999999999952));
#6258=CARTESIAN_POINT('',(-72.6525810343814,-10.9020669489344,-0.199999999999952));
#6259=CARTESIAN_POINT('',(-72.6525810343814,-10.9020669489344,-0.199999999999952));
#6260=CARTESIAN_POINT('',(-77.4633610400987,-5.35370740000641,-0.199999999999952));
#6261=CARTESIAN_POINT('',(-77.7133610400987,-5.35370740000641,-0.199999999999952));
#6262=CARTESIAN_POINT('',(-77.4633610400987,-5.35370740000641,-0.199999999999952));
#6263=CARTESIAN_POINT('',(-77.4633610400987,-5.35370740000641,-0.199999999999952));
#6264=CARTESIAN_POINT('',(-80.5262515360986,1.97059595999345,-0.199999999999952));
#6265=CARTESIAN_POINT('',(-80.7762515360986,1.97059595999345,-0.199999999999952));
#6266=CARTESIAN_POINT('',(-80.5262515360986,1.97059595999345,-0.199999999999952));
#6267=CARTESIAN_POINT('',(-80.5262515360986,1.97059595999345,-0.199999999999952));
#6268=CARTESIAN_POINT('',(-82.6035515894319,10.5835883013266,-0.199999999999952));
#6269=CARTESIAN_POINT('',(-82.8535515894319,10.5835883013266,-0.199999999999952));
#6270=CARTESIAN_POINT('',(-82.6035515894319,10.5835883013266,-0.199999999999952));
#6271=CARTESIAN_POINT('',(-82.6035515894319,10.5835883013266,-0.199999999999952));
#6272=CARTESIAN_POINT('',(-83.2508646424452,18.3533424747664,-0.199999999999952));
#6273=CARTESIAN_POINT('',(-83.5008646424452,18.3533424747664,-0.199999999999952));
#6274=CARTESIAN_POINT('',(-83.2508646424452,18.3533424747664,-0.199999999999952));
#6275=CARTESIAN_POINT('',(-83.2508646424452,18.3533424747664,-0.199999999999952));
#6276=CARTESIAN_POINT('',(-83.6834424378585,24.5578042407396,-0.199999999999952));
#6277=CARTESIAN_POINT('',(-83.9334424378585,24.5578042407396,-0.199999999999952));
#6278=CARTESIAN_POINT('',(-83.6834424378585,24.5578042407396,-0.199999999999952));
#6279=CARTESIAN_POINT('',(-83.6834424378585,24.5578042407396,-0.199999999999952));
#6280=CARTESIAN_POINT('',(-83.8014415371292,31.9404219285032,-0.199999999999952));
#6281=CARTESIAN_POINT('',(-84.0514415371292,31.9404219285032,-0.199999999999952));
#6282=CARTESIAN_POINT('',(-83.8014415371292,31.9404219285032,-0.199999999999952));
#6283=CARTESIAN_POINT('',(-83.8014415371292,31.9404219285032,-0.199999999999952));
#6284=CARTESIAN_POINT('',(-85.2716289752091,34.2096242785833,-0.199999999999952));
#6285=CARTESIAN_POINT('',(-85.5216289752091,34.2096242785833,-0.199999999999952));
#6286=CARTESIAN_POINT('',(-85.2716289752091,34.2096242785833,-0.199999999999952));
#6287=CARTESIAN_POINT('',(-85.2716289752091,34.2096242785833,-0.199999999999952));
#6288=CARTESIAN_POINT('',(-86.5092142944625,32.0735910805032,-0.199999999999952));
#6289=CARTESIAN_POINT('',(-86.7592142944625,32.0735910805032,-0.199999999999952));
#6290=CARTESIAN_POINT('',(-86.5092142944625,32.0735910805032,-0.199999999999952));
#6291=CARTESIAN_POINT('',(-86.5092142944625,32.0735910805032,-0.199999999999952));
#6292=CARTESIAN_POINT('',(-66.3789701164712,-23.70548600709,0.800000000000001));
#6293=CARTESIAN_POINT('',(-63.0608350873664,-23.70548600709,0.800000000000001));
#6294=CARTESIAN_POINT('',(-34.670211208854,-23.70548600709,0.8));
#6295=CARTESIAN_POINT('',(-34.670211208854,42.29451399291,0.8));
#6296=CARTESIAN_POINT('',(-34.670211208854,42.29451399291,0.8));
#6297=CARTESIAN_POINT('',(-94.6702112088539,42.29451399291,0.8));
#6298=CARTESIAN_POINT('',(-94.6702112088539,42.29451399291,0.8));
#6299=CARTESIAN_POINT('',(-64.6702112088539,9.29451399290999,0.800000000000001));
#6300=CARTESIAN_POINT('',(-94.6702112088539,42.29451399291,-7.));
#6301=CARTESIAN_POINT('',(-94.6702112088539,42.29451399291,-7.));
#6302=CARTESIAN_POINT('',(-94.6702112088539,42.29451399291,-7.));
#6303=CARTESIAN_POINT('',(-94.6702112088539,42.29451399291,-7.));
#6304=CARTESIAN_POINT('',(-34.670211208854,-23.70548600709,-7.));
#6305=CARTESIAN_POINT('',(-34.670211208854,42.29451399291,-7.));
#6306=CARTESIAN_POINT('',(-34.670211208854,42.29451399291,-7.));
#6307=CARTESIAN_POINT('',(-34.670211208854,-23.70548600709,-7.));
#6308=CARTESIAN_POINT('',(-34.670211208854,42.29451399291,-7.));
#6309=CARTESIAN_POINT('',(-34.670211208854,42.29451399291,-7.));
#6310=CARTESIAN_POINT('',(-64.4148892341152,13.6862100602041,-7.));
#6311=CARTESIAN_POINT('',(-64.1148892341152,13.6862100602041,-7.));
#6312=CARTESIAN_POINT('',(-52.4685514755214,20.8632131929104,-7.));
#6313=CARTESIAN_POINT('',(-52.1685514755214,20.8632131929104,-7.));
#6314=CARTESIAN_POINT('',(-77.1603317421877,21.0712899929104,-7.));
#6315=CARTESIAN_POINT('',(-76.8603317421877,21.0712899929104,-7.));
#6316=CARTESIAN_POINT('',(0.,0.,-7.));
#6317=CARTESIAN_POINT('',(-64.7199026019188,-15.50548600709,1.91691314888714));
#6318=CARTESIAN_POINT('',(-64.7199026019188,-15.50548600709,1.91691314888714));
#6319=CARTESIAN_POINT('',(-64.7199026019188,-23.70548600709,1.91691314888714));
#6320=CARTESIAN_POINT('',(-69.2827337691911,-0.955486007089965,-3.2));
#6321=CARTESIAN_POINT('',(-69.2827337691911,-0.955486007089965,-3.2));
#6322=CARTESIAN_POINT('',(-69.2827337691911,-0.955486007089965,-3.2));
#6323=CARTESIAN_POINT('',(-69.2827337691911,3.54451399291003,-3.2));
#6324=CARTESIAN_POINT('',(-69.2827337691911,3.54451399291003,-3.2));
#6325=CARTESIAN_POINT('',(-69.2827337691911,-0.955486007089965,-3.2));
#6326=CARTESIAN_POINT('',(-69.2827337691911,3.54451399291003,-3.2));
#6327=CARTESIAN_POINT('',(-60.0576886485167,3.54451399291003,-3.2));
#6328=CARTESIAN_POINT('',(-60.0576886485167,3.54451399291003,-3.2));
#6329=CARTESIAN_POINT('',(-69.2827337691911,3.54451399291003,-3.2));
#6330=CARTESIAN_POINT('',(-60.0576886485167,3.54451399291003,-3.2));
#6331=CARTESIAN_POINT('',(-60.0576886485167,-0.955486007089967,-3.2));
#6332=CARTESIAN_POINT('',(-60.0576886485167,-0.955486007089967,-3.2));
#6333=CARTESIAN_POINT('',(-60.0576886485167,3.54451399291003,-3.2));
#6334=CARTESIAN_POINT('',(-60.0576886485167,-0.955486007089966,-3.2));
#6335=CARTESIAN_POINT('',(-60.0576886485167,-0.955486007089966,-3.2));
#6336=CARTESIAN_POINT('',(0.,0.,-3.2));
#6337=CARTESIAN_POINT('',(-77.1603317421877,21.0712899929104,-7.));
#6338=CARTESIAN_POINT('',(-52.4685514755214,20.8632131929104,-7.));
#6339=CARTESIAN_POINT('',(-64.4148892341152,13.6862100602041,-7.));
#6340=CARTESIAN_POINT('',(-64.8332126605697,42.29451399291,-0.191424701812506));
#6341=CARTESIAN_POINT('',(-56.4382336706229,42.29451399291,16.1686934893817));
#6342=CARTESIAN_POINT('',(-47.9438983301502,42.29451399291,7.08045269812893));
#6343=CARTESIAN_POINT('',(-47.8465959185403,42.29451399291,6.85016539779543));
#6344=CARTESIAN_POINT('',(-47.7524333237117,42.29451399291,6.61857652557758));
#6345=CARTESIAN_POINT('',(-64.8332126605697,42.29451399291,-0.191424701812506));
#6346=CARTESIAN_POINT('',(-46.4716708807483,42.29451399291,0.8));
#6347=CARTESIAN_POINT('',(-34.670211208854,42.29451399291,0.8));
#6348=CARTESIAN_POINT('',(-83.1947544403912,42.29451399291,0.8));
#6349=CARTESIAN_POINT('',(-64.8332126605697,42.29451399291,-0.191424701812506));
#6350=CARTESIAN_POINT('',(-81.3797293069213,42.29451399291,7.82991722728531));
#6351=CARTESIAN_POINT('',(-81.2691475531609,42.29451399291,8.05413068748626));
#6352=CARTESIAN_POINT('',(-81.1555277709941,42.29451399291,8.27682003411147));
#6353=CARTESIAN_POINT('',(-64.8332126605697,42.29451399291,-0.191424701812506));
#6354=CARTESIAN_POINT('',(-70.8418032740712,42.29451399291,17.1874699210004));
#6355=CARTESIAN_POINT('',(-70.6049767379991,42.29451399291,17.2675523273833));
#6356=CARTESIAN_POINT('',(-70.3670833454727,42.29451399291,17.3444076056163));
#6357=CARTESIAN_POINT('',(-64.8332126605697,42.29451399291,-0.191424701812506));
#6358=CARTESIAN_POINT('',(-56.8861371868927,42.29451399291,16.3908890959412));
#6359=CARTESIAN_POINT('',(-56.661430190086,42.29451399291,16.2813137082572));
#6360=CARTESIAN_POINT('',(-34.670211208854,42.29451399291,-7.));
#6361=CARTESIAN_POINT('',(-47.7524333237117,37.94451399291,6.61857652557758));
#6362=CARTESIAN_POINT('',(-47.7524333237116,33.6912529805701,6.61857652557759));
#6363=CARTESIAN_POINT('',(-46.4716708807483,33.8113091362541,0.800000000000007));
#6364=CARTESIAN_POINT('',(-46.5801643273907,33.766061651718,2.80933762263556));
#6365=CARTESIAN_POINT('',(-47.0141941780313,33.7247905047095,4.76693222711847));
#6366=CARTESIAN_POINT('',(-47.7524333237117,33.69125298057,6.61857652557758));
#6367=CARTESIAN_POINT('',(-46.4716708807483,33.811309136254,0.800000000000005));
#6368=CARTESIAN_POINT('',(-46.4716708807483,-89.7054860070901,0.800000000000005));
#6369=CARTESIAN_POINT('',(-64.8332126605697,-89.7054860070901,-0.191424701812506));
#6370=CARTESIAN_POINT('',(-47.9438983301502,37.94451399291,7.08045269812892));
#6371=CARTESIAN_POINT('',(-47.9438983301503,33.6830141289801,7.0804526981289));
#6372=CARTESIAN_POINT('',(-56.4382336706229,37.94451399291,16.1686934893817));
#6373=CARTESIAN_POINT('',(-56.4382336706229,33.6297525884702,16.1686934893817));
#6374=CARTESIAN_POINT('',(-47.9438983301502,33.6830141289803,7.08045269812892));
#6375=CARTESIAN_POINT('',(-49.6214964038154,33.6146107542733,10.976761674194));
#6376=CARTESIAN_POINT('',(-52.6557898737994,33.5916565334376,14.2277823153977));
#6377=CARTESIAN_POINT('',(-56.4382336706229,33.6297525884702,16.1686934893817));
#6378=CARTESIAN_POINT('',(-64.8332126605697,-89.7054860070901,-0.191424701812506));
#6379=CARTESIAN_POINT('',(-56.8861371868927,37.94451399291,16.3908890959412));
#6380=CARTESIAN_POINT('',(-56.8861371868927,33.6344759320177,16.3908890959412));
#6381=CARTESIAN_POINT('',(-70.3670833454727,37.94451399291,17.3444076056163));
#6382=CARTESIAN_POINT('',(-70.3670833454726,33.8966132293779,17.3444076056161));
#6383=CARTESIAN_POINT('',(-56.8861371868927,33.6344759320177,16.3908890959412));
#6384=CARTESIAN_POINT('',(-58.9850288690003,33.6575831728831,17.3967831353509));
#6385=CARTESIAN_POINT('',(-61.2294342025879,33.6955801973441,17.9881890847565));
#6386=CARTESIAN_POINT('',(-65.8467344750483,33.7882584699256,18.3142055261641));
#6387=CARTESIAN_POINT('',(-68.1697104197592,33.8418617559409,18.0378436173335));
#6388=CARTESIAN_POINT('',(-70.3670833454727,33.8966132293783,17.3444076056163));
#6389=CARTESIAN_POINT('',(-64.8332126605697,-89.7054860070901,-0.191424701812506));
#6390=CARTESIAN_POINT('',(-70.8418032740712,37.94451399291,17.1874699210003));
#6391=CARTESIAN_POINT('',(-70.8418032740745,33.9085120364675,17.1874699209949));
#6392=CARTESIAN_POINT('',(-81.1555277709941,37.94451399291,8.27682003411148));
#6393=CARTESIAN_POINT('',(-81.1555277709941,34.2203192547724,8.27682003411148));
#6394=CARTESIAN_POINT('',(-70.841803274076,33.9085120364709,17.1874699209987));
#6395=CARTESIAN_POINT('',(-75.230976669209,34.0191778580769,15.6699541850766));
#6396=CARTESIAN_POINT('',(-79.020722942335,34.131649364465,12.3915992119983));
#6397=CARTESIAN_POINT('',(-81.1555277709941,34.2203192547724,8.27682003411147));
#6398=CARTESIAN_POINT('',(-64.8332126605697,-89.7054860070901,-0.191424701812506));
#6399=CARTESIAN_POINT('',(-83.1947544403912,-89.7054860070901,0.8));
#6400=CARTESIAN_POINT('',(-83.1947544403912,34.3486987372274,0.8));
#6401=CARTESIAN_POINT('',(-46.4716708807483,33.811309136254,0.800000000000005));
#6402=CARTESIAN_POINT('',(-46.584209394587,33.5587735431474,0.800000000000005));
#6403=CARTESIAN_POINT('',(-46.655190698997,33.283632882046,0.800000000000001));
#6404=CARTESIAN_POINT('',(-46.6788422145686,33.008170092011,0.800000000000001));
#6405=CARTESIAN_POINT('',(-46.6824917649168,32.9656647684829,0.800000000000001));
#6406=CARTESIAN_POINT('',(-46.6850527367164,32.923051930156,0.800000000000001));
#6407=CARTESIAN_POINT('',(-46.6865200661662,32.8804154587935,0.800000000000001));
#6408=CARTESIAN_POINT('',(-46.6865200661662,32.8804154587935,0.800000000000001));
#6409=CARTESIAN_POINT('',(-47.0213348169753,23.1518217069721,0.799999999999267));
#6410=CARTESIAN_POINT('',(-46.9097277722138,26.3946862176816,0.799999999999267));
#6411=CARTESIAN_POINT('',(-46.7981228948927,29.6375508029868,0.800000000000001));
#6412=CARTESIAN_POINT('',(-46.6865200661662,32.8804154587935,0.800000000000001));
#6413=CARTESIAN_POINT('',(-47.0213348169753,23.1518217069721,0.799999999999267));
#6414=CARTESIAN_POINT('',(-58.450628145738,20.5763739942104,0.800000000000001));
#6415=CARTESIAN_POINT('',(-58.450628145738,20.5763739942104,0.800000000000001));
#6416=CARTESIAN_POINT('',(-58.4506281457381,14.7270935752877,0.800000000000001));
#6417=CARTESIAN_POINT('',(-58.4506281457381,14.7270935752877,0.800000000000001));
#6418=CARTESIAN_POINT('',(-70.8897942719698,14.7270935752877,0.800000000000001));
#6419=CARTESIAN_POINT('',(-70.8897942719698,14.7270935752877,0.800000000000001));
#6420=CARTESIAN_POINT('',(-70.8897942719698,20.5762987180677,0.800000000000001));
#6421=CARTESIAN_POINT('',(-70.8897942719698,20.5762987180677,0.800000000000001));
#6422=CARTESIAN_POINT('',(-82.3373486483137,23.155861328553,0.800000000000001));
#6423=CARTESIAN_POINT('',(-82.3190849897649,23.1517458424713,0.800000000000218));
#6424=CARTESIAN_POINT('',(-82.6539023515417,32.8804154587935,0.800000000000001));
#6425=CARTESIAN_POINT('',(-82.5422986525256,29.6375255148187,0.800000000000001));
#6426=CARTESIAN_POINT('',(-82.4306929048826,26.3946356413466,0.800000000000218));
#6427=CARTESIAN_POINT('',(-82.3190849897649,23.1517458424713,0.800000000000218));
#6428=CARTESIAN_POINT('',(-82.6539023515417,32.8804154587935,0.800000000000001));
#6429=CARTESIAN_POINT('',(-82.6539023515417,32.8804154587935,0.800000000000001));
#6430=CARTESIAN_POINT('',(-82.6576796509863,32.9901731683715,0.800000000000001));
#6431=CARTESIAN_POINT('',(-82.6687361909897,33.0999185792059,0.800000000000001));
#6432=CARTESIAN_POINT('',(-82.6869275123143,33.2082241590777,0.800000000000001));
#6433=CARTESIAN_POINT('',(-82.7332312360059,33.4839024099962,0.800000000000001));
#6434=CARTESIAN_POINT('',(-82.8277664086879,33.75538319226,0.800000000000001));
#6435=CARTESIAN_POINT('',(-82.9626813781305,34.0002106496202,0.800000000000001));
#6436=CARTESIAN_POINT('',(-83.0300392560598,34.122443623876,0.800000000000001));
#6437=CARTESIAN_POINT('',(-83.1079418373415,34.2394213119909,0.8));
#6438=CARTESIAN_POINT('',(-83.1947544403912,34.3486987372274,0.8));
#6439=CARTESIAN_POINT('',(-64.6702112088539,9.29451399290999,0.800000000000001));
#6440=CARTESIAN_POINT('',(-47.7856637555023,33.5945139929101,6.60770453186546));
#6441=CARTESIAN_POINT('',(-47.8099398054502,33.5687337991331,6.64584334498769));
#6442=CARTESIAN_POINT('',(-47.8339572286221,33.5429488538613,6.68425437835236));
#6443=CARTESIAN_POINT('',(-47.8575686846691,33.5200439769637,6.72458277797683));
#6444=CARTESIAN_POINT('',(-47.8685328983233,33.5094078703411,6.74330967008107));
#6445=CARTESIAN_POINT('',(-47.8794994299804,33.4992288929973,6.76255118509082));
#6446=CARTESIAN_POINT('',(-47.8900149859872,33.4922697252492,6.78316744806811));
#6447=CARTESIAN_POINT('',(-47.8971516375482,33.4875467077177,6.79715920326071));
#6448=CARTESIAN_POINT('',(-47.9041707565689,33.4845565283695,6.81218318897115));
#6449=CARTESIAN_POINT('',(-47.9102594378337,33.4849222242741,6.82740823841074));
#6450=CARTESIAN_POINT('',(-47.916370095177,33.485289240097,6.84268824012465));
#6451=CARTESIAN_POINT('',(-47.9216167110738,33.4889492298935,6.85828779324096));
#6452=CARTESIAN_POINT('',(-47.9261485336594,33.4940723803365,6.87326007428795));
#6453=CARTESIAN_POINT('',(-47.9444937145012,33.514811303713,6.93386906730028));
#6454=CARTESIAN_POINT('',(-47.9562218700738,33.5505750787637,6.99033745837369));
#6455=CARTESIAN_POINT('',(-47.9683127171321,33.5833851898279,7.04705964685643));
#6456=CARTESIAN_POINT('',(-47.9696754772856,33.5870832195669,7.053452808387));
#6457=CARTESIAN_POINT('',(-47.9710251745181,33.5907936785527,7.05984158419968));
#6458=CARTESIAN_POINT('',(-47.9723629462572,33.59451399291,7.06622708977082));
#6459=CARTESIAN_POINT('',(-47.7856637555023,33.5945139929101,6.60770453186546));
#6460=CARTESIAN_POINT('',(-47.9723629462572,33.59451399291,7.06622708977082));
#6461=CARTESIAN_POINT('',(-47.9723629462572,33.59451399291,7.06622708977082));
#6462=CARTESIAN_POINT('',(-47.9636301606127,33.6241899600404,7.07131034392916));
#6463=CARTESIAN_POINT('',(-47.9541612794488,33.6537117083279,7.07611633344216));
#6464=CARTESIAN_POINT('',(-47.9438983301503,33.6830141289801,7.0804526981289));
#6465=CARTESIAN_POINT('',(-56.4382336706229,33.6297525884702,16.1686934893817));
#6466=CARTESIAN_POINT('',(-56.4401044511891,33.618036772474,16.1649858806128));
#6467=CARTESIAN_POINT('',(-56.4420281273095,33.6062892221219,16.1614029691497));
#6468=CARTESIAN_POINT('',(-56.4439928588653,33.5945139928975,16.1579402630123));
#6469=CARTESIAN_POINT('',(-56.4439928588653,33.5945139928975,16.1579402630123));
#6470=CARTESIAN_POINT('',(-56.4439928588653,33.5945139928975,16.1579402630123));
#6471=CARTESIAN_POINT('',(-56.4872797819942,33.5683033197049,16.170043988886));
#6472=CARTESIAN_POINT('',(-56.530492073776,33.5420645745004,16.1824876514999));
#6473=CARTESIAN_POINT('',(-56.5743067493483,33.5175244190217,16.1961005959568));
#6474=CARTESIAN_POINT('',(-56.5933120363245,33.5068797505123,16.2020054192293));
#6475=CARTESIAN_POINT('',(-56.6124545366408,33.4964330889874,16.2081051710264));
#6476=CARTESIAN_POINT('',(-56.6321165544583,33.4878209378701,16.2150774552348));
#6477=CARTESIAN_POINT('',(-56.644900139399,33.4822216058813,16.2196106007256));
#6478=CARTESIAN_POINT('',(-56.6581350040453,33.4773471396455,16.2246107097351));
#6479=CARTESIAN_POINT('',(-56.6714150928989,33.4753919753428,16.2305384869988));
#6480=CARTESIAN_POINT('',(-56.6821896188392,33.4738056931477,16.23534786671));
#6481=CARTESIAN_POINT('',(-56.6931181186744,33.4744450702269,16.2409204685143));
#6482=CARTESIAN_POINT('',(-56.7032436747151,33.4769259958306,16.2466698125344));
#6483=CARTESIAN_POINT('',(-56.7267867178378,33.4826944235827,16.2600376763485));
#6484=CARTESIAN_POINT('',(-56.7476003613003,33.4956858180696,16.2743322948096));
#6485=CARTESIAN_POINT('',(-56.7678261476687,33.5083674115156,16.2883445813684));
#6486=CARTESIAN_POINT('',(-56.8106336443456,33.5352077656756,16.3180013224896));
#6487=CARTESIAN_POINT('',(-56.8513265523169,33.5650010236354,16.3479609161485));
#6488=CARTESIAN_POINT('',(-56.8918711414707,33.59451399291,16.3782516674112));
#6489=CARTESIAN_POINT('',(-56.8918711414707,33.59451399291,16.3782516674112));
#6490=CARTESIAN_POINT('',(-56.8918711414707,33.59451399291,16.3782516674112));
#6491=CARTESIAN_POINT('',(-56.8901198785055,33.6078721126996,16.3824147703621));
#6492=CARTESIAN_POINT('',(-56.8882138334125,33.6211947560343,16.386630502723));
#6493=CARTESIAN_POINT('',(-56.8861371868927,33.6344759320177,16.3908890959412));
#6494=CARTESIAN_POINT('',(-70.3670833454726,33.8966132293779,17.3444076056161));
#6495=CARTESIAN_POINT('',(-70.3579500416301,33.8361231205693,17.3161369040323));
#6496=CARTESIAN_POINT('',(-70.3545056763771,33.7743191934077,17.2885416910138));
#6497=CARTESIAN_POINT('',(-70.3550269692392,33.7121468766168,17.2625410304567));
#6498=CARTESIAN_POINT('',(-70.3553540074143,33.6731424656597,17.246229261781));
#6499=CARTESIAN_POINT('',(-70.3572602626838,33.6338860804282,17.2304860164364));
#6500=CARTESIAN_POINT('',(-70.3604731070743,33.59451399291,17.2154181306926));
#6501=CARTESIAN_POINT('',(-70.3604731070743,33.59451399291,17.2154181306926));
#6502=CARTESIAN_POINT('',(-70.3604731070743,33.59451399291,17.2154181306926));
#6503=CARTESIAN_POINT('',(-70.4011192392593,33.5732591004599,17.194422189052));
#6504=CARTESIAN_POINT('',(-70.4433290328688,33.5533054225841,17.1735833188705));
#6505=CARTESIAN_POINT('',(-70.4885676564245,33.5418253415331,17.1544421914769));
#6506=CARTESIAN_POINT('',(-70.5199885942808,33.5338517365703,17.1411475302546));
#6507=CARTESIAN_POINT('',(-70.5537369925675,33.5308536436202,17.1286275090813));
#6508=CARTESIAN_POINT('',(-70.587023057859,33.534595639866,17.1183495204457));
#6509=CARTESIAN_POINT('',(-70.6309358007655,33.5395322797979,17.1047902526681));
#6510=CARTESIAN_POINT('',(-70.6745780120616,33.5547792962387,17.094541491173));
#6511=CARTESIAN_POINT('',(-70.7164249117667,33.5723795533864,17.0858454530251));
#6512=CARTESIAN_POINT('',(-70.7330068288516,33.5793536902222,17.0823996306451));
#6513=CARTESIAN_POINT('',(-70.7494416508178,33.5867966423485,17.0791806479394));
#6514=CARTESIAN_POINT('',(-70.765768005811,33.59451399291,17.0761204382022));
#6515=CARTESIAN_POINT('',(-70.765768005811,33.59451399291,17.0761204382022));
#6516=CARTESIAN_POINT('',(-70.765768005811,33.59451399291,17.0761204382022));
#6517=CARTESIAN_POINT('',(-70.7975520120142,33.7005896639471,17.1028170908624));
#6518=CARTESIAN_POINT('',(-70.8255419649823,33.8065416084873,17.1393805880436));
#6519=CARTESIAN_POINT('',(-70.8418032740745,33.9085120364675,17.1874699209949));
#6520=CARTESIAN_POINT('',(-81.1555277709941,34.2203192547724,8.27682003411148));
#6521=CARTESIAN_POINT('',(-81.1547795949459,34.2191095457649,8.27643830233624));
#6522=CARTESIAN_POINT('',(-81.1540342750078,34.2178991020352,8.27605327579515));
#6523=CARTESIAN_POINT('',(-81.1532918169305,34.2166879560215,8.27566499269342));
#6524=CARTESIAN_POINT('',(-81.107234799832,34.1415567474518,8.25157856680316));
#6525=CARTESIAN_POINT('',(-81.0714679906804,34.0625864046782,8.21537874767063));
#6526=CARTESIAN_POINT('',(-81.0478469449618,33.986639338233,8.17043219569116));
#6527=CARTESIAN_POINT('',(-81.0377786106255,33.9542673397219,8.15127398745662));
#6528=CARTESIAN_POINT('',(-81.0298092496051,33.9220991895734,8.13025188525081));
#6529=CARTESIAN_POINT('',(-81.024750912018,33.8914545442242,8.10676415400775));
#6530=CARTESIAN_POINT('',(-81.0196555497662,33.8605855944075,8.08310450356019));
#6531=CARTESIAN_POINT('',(-81.0172080562876,33.8301612158179,8.05650870478566));
#6532=CARTESIAN_POINT('',(-81.0208011620057,33.806508123255,8.02542406803249));
#6533=CARTESIAN_POINT('',(-81.0220535520279,33.7982637521054,8.01458940521788));
#6534=CARTESIAN_POINT('',(-81.0241079443087,33.790830195138,8.00304213212109));
#6535=CARTESIAN_POINT('',(-81.0272454093156,33.7851312777871,7.99101687914732));
#6536=CARTESIAN_POINT('',(-81.0304123446108,33.7793788303611,7.97887867266773));
#6537=CARTESIAN_POINT('',(-81.0348309121074,33.7753513118497,7.96589958664579));
#6538=CARTESIAN_POINT('',(-81.0403748835724,33.7741509964966,7.95331865621351));
#6539=CARTESIAN_POINT('',(-81.045389259881,33.7730653428443,7.94193953568623));
#6540=CARTESIAN_POINT('',(-81.051466336894,33.7743004975282,7.93059781715677));
#6541=CARTESIAN_POINT('',(-81.0579180298989,33.7775137560484,7.92040676104636));
#6542=CARTESIAN_POINT('',(-81.063387758564,33.780237948322,7.91176680999904));
#6543=CARTESIAN_POINT('',(-81.0692276134923,33.7843661388276,7.90373397879868));
#6544=CARTESIAN_POINT('',(-81.0751143169352,33.7893496765448,7.89648836055661));
#6545=CARTESIAN_POINT('',(-81.0917968370838,33.8034726859993,7.87595476760686));
#6546=CARTESIAN_POINT('',(-81.1093230639907,33.8244002687317,7.86079855768762));
#6547=CARTESIAN_POINT('',(-81.126157418393,33.8462683862312,7.84906040353691));
#6548=CARTESIAN_POINT('',(-81.1562153943987,33.8853142168807,7.82810176459065));
#6549=CARTESIAN_POINT('',(-81.1859804271811,33.9297355744334,7.81646831007236));
#6550=CARTESIAN_POINT('',(-81.2152785739497,33.9740881039823,7.81000339880525));
#6551=CARTESIAN_POINT('',(-81.2660200760109,34.0509023129936,7.79880680978626));
#6552=CARTESIAN_POINT('',(-81.3174032603415,34.1312105452925,7.80328669926912));
#6553=CARTESIAN_POINT('',(-81.3657795162451,34.2076903899768,7.82356125388656));
#6554=CARTESIAN_POINT('',(-81.3704581042624,34.215086945957,7.82552205648521));
#6555=CARTESIAN_POINT('',(-81.3751105682272,34.2224604447598,7.82763927205243));
#6556=CARTESIAN_POINT('',(-81.3797293069213,34.2298035466839,7.82991722728531));
#6557=CARTESIAN_POINT('',(-81.3797293069213,34.2298035466839,7.82991722728531));
#6558=CARTESIAN_POINT('',(-81.3797293069213,34.2298035466839,7.82991722728531));
#6559=CARTESIAN_POINT('',(-82.4356064296343,34.2753281313024,5.65184172048076));
#6560=CARTESIAN_POINT('',(-83.0625032174297,34.3153737846926,3.2493401782382));
#6561=CARTESIAN_POINT('',(-83.1947544403915,34.3486987372273,0.800000000000072));
#6562=CARTESIAN_POINT('',(-64.6702112088539,32.8804154587935,0.));
#6563=CARTESIAN_POINT('',(-47.7524333237116,33.6912529805701,6.61857652557759));
#6564=CARTESIAN_POINT('',(-47.7562300991443,33.6805878498044,6.61703278030478));
#6565=CARTESIAN_POINT('',(-47.7599961988914,33.6698935785655,6.61561024151025));
#6566=CARTESIAN_POINT('',(-47.7637264927944,33.6591739291231,6.61429963453899));
#6567=CARTESIAN_POINT('',(-47.7711919004501,33.6377207795607,6.61167672718338));
#6568=CARTESIAN_POINT('',(-47.7785158231772,33.616159543347,6.60950085877432));
#6569=CARTESIAN_POINT('',(-47.7856637555023,33.5945139929101,6.60770453186546));
#6570=CARTESIAN_POINT('',(-64.6702112088539,32.79451399291,0.));
#6571=CARTESIAN_POINT('',(-71.2258637892689,20.3075315966526,1.54779429935013));
#6572=CARTESIAN_POINT('',(-71.6767394788492,20.4065288552047,1.55004790744525));
#6573=CARTESIAN_POINT('',(-72.1275167100416,20.5059850983643,1.55186327586387));
#6574=CARTESIAN_POINT('',(-72.5782344933171,20.6057120159874,1.55342697194844));
#6575=CARTESIAN_POINT('',(-75.1819153200251,21.1818087952959,1.56246004245342));
#6576=CARTESIAN_POINT('',(-77.7840168371648,21.7651200187494,1.56485230826091));
#6577=CARTESIAN_POINT('',(-80.3860639304568,22.3486168002666,1.56717030500162));
#6578=CARTESIAN_POINT('',(-81.0087822533352,22.488258445542,1.56772504478575));
#6579=CARTESIAN_POINT('',(-81.6314839934287,22.6279743157985,1.56821477633557));
#6580=CARTESIAN_POINT('',(-82.2541737938637,22.76774349098,1.56865815350936));
#6581=CARTESIAN_POINT('',(-71.2258637892689,20.3075315966526,1.54779429935013));
#6582=CARTESIAN_POINT('',(-82.2541737938637,22.76774349098,1.56865815350936));
#6583=CARTESIAN_POINT('',(-71.1133823425988,20.2769099254777,1.43022576584146));
#6584=CARTESIAN_POINT('',(-71.1390672462972,20.2841053078541,1.46186849883816));
#6585=CARTESIAN_POINT('',(-71.1666986155257,20.2916850047757,1.49194190485618));
#6586=CARTESIAN_POINT('',(-71.1959588044289,20.2995477201244,1.52013355982229));
#6587=CARTESIAN_POINT('',(-71.2057418147373,20.3021765830331,1.52955931069684));
#6588=CARTESIAN_POINT('',(-71.2157143245564,20.3048391499654,1.53878307927054));
#6589=CARTESIAN_POINT('',(-71.2258637892689,20.3075315966526,1.54779429935013));
#6590=CARTESIAN_POINT('',(-71.1133823425988,20.2769099254777,1.43022576584146));
#6591=CARTESIAN_POINT('',(-64.6702112088539,20.2769099254777,7.105427357601E-15));
#6592=CARTESIAN_POINT('',(-58.227040075109,20.2769099254777,1.43022576584145));
#6593=CARTESIAN_POINT('',(-58.1144879474416,20.3075503466089,1.54785704762487));
#6594=CARTESIAN_POINT('',(-58.1219359395195,20.3055746037945,1.54124559352453));
#6595=CARTESIAN_POINT('',(-58.1292883872781,20.303615021816,1.53451997454823));
#6596=CARTESIAN_POINT('',(-58.1365403178286,20.3016731120584,1.52768433553156));
#6597=CARTESIAN_POINT('',(-58.1687490700721,20.2930483065908,1.497324502108));
#6598=CARTESIAN_POINT('',(-58.1990532189683,20.2847501780171,1.46470440849774));
#6599=CARTESIAN_POINT('',(-58.227040075109,20.2769099254777,1.43022576584145));
#6600=CARTESIAN_POINT('',(-58.1144879474416,20.3075503466089,1.54785704762487));
#6601=CARTESIAN_POINT('',(-47.0862539875716,22.76774349098,1.56871827735523));
#6602=CARTESIAN_POINT('',(-47.5556422447917,22.6623844676137,1.56838409371265));
#6603=CARTESIAN_POINT('',(-48.0250373279349,22.5570559258591,1.56802340039715));
#6604=CARTESIAN_POINT('',(-48.4944411184522,22.4517663389009,1.56762865290586));
#6605=CARTESIAN_POINT('',(-51.0964592381731,21.8681208323718,1.56544047261037));
#6606=CARTESIAN_POINT('',(-53.6985482177282,21.2847481616404,1.56308272495188));
#6607=CARTESIAN_POINT('',(-56.3020105575248,20.7076314833174,1.55499905977322));
#6608=CARTESIAN_POINT('',(-56.90605219399,20.5737319075576,1.5531235303029));
#6609=CARTESIAN_POINT('',(-57.5101829859352,20.4402353307312,1.5508771585842));
#6610=CARTESIAN_POINT('',(-58.1144879474416,20.3075503466089,1.54785704762487));
#6611=CARTESIAN_POINT('',(-47.0862539875716,22.76774349098,1.56871827735523));
#6612=CARTESIAN_POINT('',(-64.6702112088539,22.76774349098,7.105427357601E-15));
#6613=CARTESIAN_POINT('',(-64.6702112088539,22.8160358038941,7.105427357601E-15));
#6614=CARTESIAN_POINT('',(-58.227040075109,17.1608422173552,1.43022576584145));
#6615=CARTESIAN_POINT('',(-58.227040075109,14.7320377268023,1.43022576584146));
#6616=CARTESIAN_POINT('',(-71.1133823425988,17.1516961466777,1.43022576584146));
#6617=CARTESIAN_POINT('',(-71.1133823425988,14.7320377268023,1.43022576584146));
#6618=CARTESIAN_POINT('',(-64.6702112088539,14.2193816907878,7.105427357601E-15));
#6619=CARTESIAN_POINT('',(-64.6702112088539,13.7970679149762,7.105427357601E-15));
#6620=CARTESIAN_POINT('',(-71.8897942719698,14.5061369979615,0.800000000000025));
#6621=CARTESIAN_POINT('',(-70.9700527348667,14.6468351123908,1.19252452780325));
#6622=CARTESIAN_POINT('',(-70.8897942719698,14.6468351123908,1.19252452780324));
#6623=CARTESIAN_POINT('',(-58.3703696828412,14.6468351123908,1.19252452780324));
#6624=CARTESIAN_POINT('',(-57.4506281457381,14.5061369979615,0.800000000000025));
#6625=CARTESIAN_POINT('',(-77.2702112088539,17.129956043091,8.1200222754095));
#6626=CARTESIAN_POINT('',(-71.8897942719698,13.7270935752877,0.800000000000025));
#6627=CARTESIAN_POINT('',(-71.8897942719698,19.7765620338985,0.800000000000025));
#6628=CARTESIAN_POINT('',(-71.8897942719698,20.5762987180677,0.800000000000025));
#6629=CARTESIAN_POINT('',(-57.4506281457381,13.7270935752877,0.800000000000025));
#6630=CARTESIAN_POINT('',(-70.8897942719698,13.7270935752877,0.800000000000025));
#6631=CARTESIAN_POINT('',(-57.450628145738,19.7766373100413,0.800000000000025));
#6632=CARTESIAN_POINT('',(-57.4506281457381,14.7270935752877,0.800000000000025));
#6633=CARTESIAN_POINT('',(-82.2541737938637,22.76774349098,1.56865815350936));
#6634=CARTESIAN_POINT('',(-82.2583818617478,22.8077355768218,1.53696151683777));
#6635=CARTESIAN_POINT('',(-82.2626938776984,22.8455155726304,1.50226423909117));
#6636=CARTESIAN_POINT('',(-82.2669955758891,22.8804407518248,1.4650690943475));
#6637=CARTESIAN_POINT('',(-82.2761555622763,22.9548100245637,1.38586618321536));
#6638=CARTESIAN_POINT('',(-82.2854303308703,23.0173706698922,1.29360255493262));
#6639=CARTESIAN_POINT('',(-82.293691973928,23.062750270317,1.19480866681496));
#6640=CARTESIAN_POINT('',(-82.3017762860491,23.1071558263545,1.09813532694633));
#6641=CARTESIAN_POINT('',(-82.3090776290017,23.1361710353691,0.992715650645644));
#6642=CARTESIAN_POINT('',(-82.3147741769881,23.1469127316898,0.886719851426926));
#6643=CARTESIAN_POINT('',(-82.3163218864134,23.1498311701333,0.857921586603869));
#6644=CARTESIAN_POINT('',(-82.3177622223384,23.1514477734441,0.828955382667747));
#6645=CARTESIAN_POINT('',(-82.3190849897649,23.1517458424713,0.800000000000218));
#6646=CARTESIAN_POINT('',(-82.5571741571009,22.1803221208907,0.800000000000025));
#6647=CARTESIAN_POINT('',(-47.0213348169753,23.1518217069721,0.799999999999267));
#6648=CARTESIAN_POINT('',(-47.0247364452408,23.1510551927631,0.874461663267715));
#6649=CARTESIAN_POINT('',(-47.0289430688154,23.1414582918498,0.949285515624151));
#6650=CARTESIAN_POINT('',(-47.0337413033537,23.123565851657,1.02149033156363));
#6651=CARTESIAN_POINT('',(-47.0411763231684,23.0958409361055,1.13337403231943));
#6652=CARTESIAN_POINT('',(-47.0502436649975,23.0471990656417,1.24164667950873));
#6653=CARTESIAN_POINT('',(-47.059708757849,22.982793709556,1.33706300453531));
#6654=CARTESIAN_POINT('',(-47.0683729250681,22.9238382630867,1.42440530623634));
#6655=CARTESIAN_POINT('',(-47.0775646651502,22.8503322595269,1.50327302455419));
#6656=CARTESIAN_POINT('',(-47.0862539875716,22.76774349098,1.56871827735523));
#6657=CARTESIAN_POINT('',(-58.2308026369509,19.6008347865481,0.800000000000025));
#6658=CARTESIAN_POINT('',(-64.6702112088539,22.299151894011,0.));
#6659=CARTESIAN_POINT('',(-81.3797293069213,37.94451399291,7.82991722728531));
#6660=CARTESIAN_POINT('',(-64.8332126605697,-89.7054860070901,-0.191424701812506));
#6661=CARTESIAN_POINT('',(-81.2691475531609,42.29451399291,8.05413068748626));
#6662=CARTESIAN_POINT('',(-70.6049767379991,33.59451399291,17.2675523273833));
#6663=CARTESIAN_POINT('',(-70.6049767379991,33.59451399291,17.2675523273833));
#6664=CARTESIAN_POINT('',(-70.6049767379991,42.29451399291,17.2675523273833));
#6665=CARTESIAN_POINT('',(-56.661430190086,33.59451399291,16.2813137082572));
#6666=CARTESIAN_POINT('',(-56.661430190086,33.59451399291,16.2813137082572));
#6667=CARTESIAN_POINT('',(-56.661430190086,42.29451399291,16.2813137082572));
#6668=CARTESIAN_POINT('',(-47.8465959185403,33.59451399291,6.85016539779543));
#6669=CARTESIAN_POINT('',(-47.8465959185403,33.59451399291,6.85016539779543));
#6670=CARTESIAN_POINT('',(-47.8465959185403,42.29451399291,6.85016539779543));
#6671=CARTESIAN_POINT('',(-59.6841402531289,-12.30548600709,0.800000000000001));
#6672=CARTESIAN_POINT('',(-59.1829033617726,-11.9916424456255,0.800000000000001));
#6673=CARTESIAN_POINT('',(-58.6937183255609,-11.6577045661732,0.800000000000001));
#6674=CARTESIAN_POINT('',(-58.2186622352236,-11.30548600709,0.800000000000001));
#6675=CARTESIAN_POINT('',(-59.6841402531289,-12.30548600709,0.800000000000001));
#6676=CARTESIAN_POINT('',(-58.2186622352236,-11.30548600709,0.800000000000001));
#6677=CARTESIAN_POINT('',(-59.6841402531289,-12.30548600709,0.800000000000001));
#6678=CARTESIAN_POINT('',(-60.4522766796855,-12.7864715252293,0.800000000000001));
#6679=CARTESIAN_POINT('',(-61.2577833618632,-13.2268368737207,0.800000000000001));
#6680=CARTESIAN_POINT('',(-62.5031562505792,-13.7996057646453,0.800000000000001));
#6681=CARTESIAN_POINT('',(-62.9242886957984,-13.9772557012477,0.800000000000001));
#6682=CARTESIAN_POINT('',(-63.7881949776729,-14.2834888202178,0.800000000000001));
#6683=CARTESIAN_POINT('',(-64.2292727387499,-14.4262800514348,0.800000000000001));
#6684=CARTESIAN_POINT('',(-65.1516307936516,-14.4175265574695,0.800000000000001));
#6685=CARTESIAN_POINT('',(-65.5854116222426,-14.2731386035235,0.800000000000001));
#6686=CARTESIAN_POINT('',(-66.4440584766377,-13.9658396261945,0.800000000000001));
#6687=CARTESIAN_POINT('',(-66.8614431149017,-13.7890411244126,0.800000000000001));
#6688=CARTESIAN_POINT('',(-68.0939222565999,-13.2204967261632,0.8));
#6689=CARTESIAN_POINT('',(-68.8874397687951,-12.7869135833883,0.800000000000001));
#6690=CARTESIAN_POINT('',(-69.6562821645789,-12.30548600709,0.800000000000001));
#6691=CARTESIAN_POINT('',(-69.6562821645789,-12.30548600709,0.800000000000001));
#6692=CARTESIAN_POINT('',(-71.1217601824843,-11.30548600709,0.800000000000001));
#6693=CARTESIAN_POINT('',(-70.6467040921469,-11.6577045661732,0.800000000000001));
#6694=CARTESIAN_POINT('',(-70.1575190559353,-11.9916424456255,0.800000000000001));
#6695=CARTESIAN_POINT('',(-69.6562821645789,-12.30548600709,0.800000000000001));
#6696=CARTESIAN_POINT('',(-71.1217601824843,-11.30548600709,0.800000000000001));
#6697=CARTESIAN_POINT('',(-74.6142100209376,-8.10548600709003,0.800000000000001));
#6698=CARTESIAN_POINT('',(-73.5697496248435,-9.28296495355227,0.800000000000001));
#6699=CARTESIAN_POINT('',(-72.3893384612111,-10.3657511467807,0.800000000000001));
#6700=CARTESIAN_POINT('',(-71.1217601824843,-11.30548600709,0.800000000000001));
#6701=CARTESIAN_POINT('',(-74.6142100209377,-8.10548600709004,0.800000000000001));
#6702=CARTESIAN_POINT('',(-75.4517555943059,-7.10548600708998,0.800000000000001));
#6703=CARTESIAN_POINT('',(-75.1821561350706,-7.44661611776607,0.800000000000001));
#6704=CARTESIAN_POINT('',(-74.9027546600018,-7.78022363284855,0.800000000000001));
#6705=CARTESIAN_POINT('',(-74.6142100209377,-8.10548600709004,0.800000000000001));
#6706=CARTESIAN_POINT('',(-75.4517555943059,-7.10548600708998,0.800000000000001));
#6707=CARTESIAN_POINT('',(-77.05206407398,-4.80548600709005,0.800000000000001));
#6708=CARTESIAN_POINT('',(-76.5686768828776,-5.59931313924012,0.800000000000001));
#6709=CARTESIAN_POINT('',(-76.030630427731,-6.37307668882434,0.800000000000001));
#6710=CARTESIAN_POINT('',(-75.4517555943059,-7.10548600708998,0.800000000000001));
#6711=CARTESIAN_POINT('',(-77.05206407398,-4.80548600709004,0.800000000000001));
#6712=CARTESIAN_POINT('',(-77.6271485495142,-3.80548600709001,0.800000000000001));
#6713=CARTESIAN_POINT('',(-77.4438686393373,-4.14351927710456,0.800000000000001));
#6714=CARTESIAN_POINT('',(-77.2520558970859,-4.47706358428373,0.800000000000001));
#6715=CARTESIAN_POINT('',(-77.05206407398,-4.80548600709004,0.800000000000001));
#6716=CARTESIAN_POINT('',(-77.6271485495142,-3.80548600709001,0.800000000000001));
#6717=CARTESIAN_POINT('',(-79.6488626835362,1.29451399291002,0.800000000000001));
#6718=CARTESIAN_POINT('',(-79.4160705248477,0.412358097913207,0.800000000000001));
#6719=CARTESIAN_POINT('',(-79.131505862629,-0.454266530778518,0.800000000000001));
#6720=CARTESIAN_POINT('',(-78.4578456884959,-2.15615751199172,0.800000000000001));
#6721=CARTESIAN_POINT('',(-78.065607053464,-2.9968217542899,0.800000000000001));
#6722=CARTESIAN_POINT('',(-77.6271485495142,-3.80548600709001,0.800000000000001));
#6723=CARTESIAN_POINT('',(-79.6488626835362,1.29451399291002,0.800000000000001));
#6724=CARTESIAN_POINT('',(-79.6488626835362,1.29451399291002,0.800000000000001));
#6725=CARTESIAN_POINT('',(-81.1190861776586,6.86586282875496,0.800000000000001));
#6726=CARTESIAN_POINT('',(-81.9554172230143,12.5851420204887,0.800000000000001));
#6727=CARTESIAN_POINT('',(-82.1519159312201,18.29451399291,0.800000000000001));
#6728=CARTESIAN_POINT('',(-82.1519159312201,18.29451399291,0.800000000000001));
#6729=CARTESIAN_POINT('',(-82.1669284971145,18.7307122792968,0.800000000000001));
#6730=CARTESIAN_POINT('',(-82.1619243129604,18.5853128503471,0.800000000000001));
#6731=CARTESIAN_POINT('',(-82.1569201243327,18.4399134215514,0.800000000000001));
#6732=CARTESIAN_POINT('',(-82.1519159312201,18.29451399291,0.800000000000001));
#6733=CARTESIAN_POINT('',(-82.1669284971145,18.7307122792968,0.800000000000001));
#6734=CARTESIAN_POINT('',(-64.6702112088538,18.7307122792968,0.800000000000001));
#6735=CARTESIAN_POINT('',(-82.266736648284,18.7307122792968,0.800000000000001));
#6736=CARTESIAN_POINT('',(-82.266736648284,18.7307122792968,0.800000000000001));
#6737=CARTESIAN_POINT('',(-82.266736648284,21.151765590488,0.800000000000001));
#6738=CARTESIAN_POINT('',(-72.8533605415452,19.0305795060996,0.800000000000001));
#6739=CARTESIAN_POINT('',(-72.8533605415452,19.0305795060996,0.800000000000001));
#6740=CARTESIAN_POINT('',(-72.8533605415452,12.7270935752877,0.800000000000001));
#6741=CARTESIAN_POINT('',(-72.8533605415452,12.7270935752877,0.800000000000001));
#6742=CARTESIAN_POINT('',(-70.8897942719698,12.7270935752877,0.800000000000001));
#6743=CARTESIAN_POINT('',(-56.4870618761627,12.7270935752877,0.800000000000001));
#6744=CARTESIAN_POINT('',(-56.4870618761626,19.0306553699827,0.800000000000001));
#6745=CARTESIAN_POINT('',(-56.4870618761626,19.0306551815906,0.800000000000001));
#6746=CARTESIAN_POINT('',(-47.0555097484113,21.1559371924362,0.800000000000001));
#6747=CARTESIAN_POINT('',(-47.0736857694236,21.1518414543711,0.800000000000001));
#6748=CARTESIAN_POINT('',(-47.0736857694236,18.7307122792968,0.800000000000001));
#6749=CARTESIAN_POINT('',(-47.0736857694236,18.7307122792968,0.800000000000001));
#6750=CARTESIAN_POINT('',(-64.6702112088538,18.7307122792968,0.800000000000001));
#6751=CARTESIAN_POINT('',(-47.1734939205934,18.7307122792968,0.800000000000001));
#6752=CARTESIAN_POINT('',(-47.1885064864878,18.29451399291,0.800000000000001));
#6753=CARTESIAN_POINT('',(-47.1835022933751,18.4399134215514,0.800000000000001));
#6754=CARTESIAN_POINT('',(-47.1784981047475,18.5853128503471,0.800000000000001));
#6755=CARTESIAN_POINT('',(-47.1734939205934,18.7307122792968,0.800000000000001));
#6756=CARTESIAN_POINT('',(-47.1885064864878,18.29451399291,0.800000000000001));
#6757=CARTESIAN_POINT('',(-47.1885064864877,18.29451399291,0.800000000000001));
#6758=CARTESIAN_POINT('',(-47.3864745107391,12.5424502800418,0.800000000000001));
#6759=CARTESIAN_POINT('',(-48.2187903164425,6.87551049700346,0.800000000000001));
#6760=CARTESIAN_POINT('',(-49.6915597341717,1.29451399291002,0.800000000000001));
#6761=CARTESIAN_POINT('',(-49.6915597341717,1.29451399291002,0.800000000000001));
#6762=CARTESIAN_POINT('',(-51.7132738681936,-3.80548600709001,0.800000000000001));
#6763=CARTESIAN_POINT('',(-51.2735166800575,-2.99442654592316,0.800000000000001));
#6764=CARTESIAN_POINT('',(-50.8859135282243,-2.16361211578019,0.800000000000001));
#6765=CARTESIAN_POINT('',(-50.2122042575252,-0.463538086537461,0.800000000000001));
#6766=CARTESIAN_POINT('',(-49.9261027597569,0.405723262947164,0.800000000000001));
#6767=CARTESIAN_POINT('',(-49.6915597341717,1.29451399291003,0.800000000000001));
#6768=CARTESIAN_POINT('',(-51.7132738681936,-3.80548600709001,0.800000000000001));
#6769=CARTESIAN_POINT('',(-52.2883583437278,-4.80548600709004,0.800000000000001));
#6770=CARTESIAN_POINT('',(-52.088366520622,-4.47706358428373,0.800000000000001));
#6771=CARTESIAN_POINT('',(-51.8965537783705,-4.14351927710456,0.800000000000001));
#6772=CARTESIAN_POINT('',(-51.7132738681936,-3.80548600709001,0.800000000000001));
#6773=CARTESIAN_POINT('',(-52.2883583437278,-4.80548600709004,0.800000000000001));
#6774=CARTESIAN_POINT('',(-53.8886668234019,-7.10548600708998,0.800000000000001));
#6775=CARTESIAN_POINT('',(-53.3074683065245,-6.37013669676573,0.800000000000001));
#6776=CARTESIAN_POINT('',(-52.7742069907357,-5.60335538636266,0.800000000000001));
#6777=CARTESIAN_POINT('',(-52.2883583437278,-4.80548600709004,0.800000000000001));
#6778=CARTESIAN_POINT('',(-53.8886668234019,-7.10548600708998,0.800000000000001));
#6779=CARTESIAN_POINT('',(-54.7262123967702,-8.10548600709004,0.800000000000001));
#6780=CARTESIAN_POINT('',(-54.437667757706,-7.78022363284855,0.800000000000001));
#6781=CARTESIAN_POINT('',(-54.1582662826373,-7.44661611776607,0.800000000000001));
#6782=CARTESIAN_POINT('',(-53.8886668234019,-7.10548600708998,0.800000000000001));
#6783=CARTESIAN_POINT('',(-54.7262123967702,-8.10548600709004,0.800000000000001));
#6784=CARTESIAN_POINT('',(-58.2186622352236,-11.30548600709,0.800000000000001));
#6785=CARTESIAN_POINT('',(-56.9564563490316,-10.3697340365422,0.800000000000001));
#6786=CARTESIAN_POINT('',(-55.7736217400822,-9.28628946760402,0.800000000000001));
#6787=CARTESIAN_POINT('',(-54.7262123967702,-8.10548600709003,0.800000000000001));
#6788=CARTESIAN_POINT('',(-69.2827337691911,3.54451399291003,0.800000000000001));
#6789=CARTESIAN_POINT('',(-69.2827337691911,3.54451399291003,0.800000000000001));
#6790=CARTESIAN_POINT('',(-60.0576886485167,3.54451399291003,0.800000000000001));
#6791=CARTESIAN_POINT('',(-69.2827337691911,-0.955486007089965,0.800000000000001));
#6792=CARTESIAN_POINT('',(-69.2827337691911,-0.955486007089965,0.800000000000001));
#6793=CARTESIAN_POINT('',(-60.0576886485167,-0.955486007089966,0.800000000000001));
#6794=CARTESIAN_POINT('',(-60.0576886485167,-0.955486007089965,0.800000000000001));
#6795=CARTESIAN_POINT('',(-60.0576886485167,3.54451399291003,0.800000000000001));
#6796=CARTESIAN_POINT('',(-64.6702112088539,9.29451399290999,0.800000000000001));
#6797=CARTESIAN_POINT('',(-82.2123077489648,21.5438900923175,1.59767221855429));
#6798=CARTESIAN_POINT('',(-79.5597772841516,20.9486772951243,1.59952897938262));
#6799=CARTESIAN_POINT('',(-76.9071671297881,20.3537935036826,1.60168206173667));
#6800=CARTESIAN_POINT('',(-74.2533742737243,19.7642629808425,1.60775067032231));
#6801=CARTESIAN_POINT('',(-73.6479383677014,19.6297675753672,1.60913516177912));
#6802=CARTESIAN_POINT('',(-73.0424287916675,19.4956041458068,1.61076114008941));
#6803=CARTESIAN_POINT('',(-72.4367810478576,19.3620748226358,1.6128341774206));
#6804=CARTESIAN_POINT('',(-82.2123077489648,21.5438900923175,1.59767221855429));
#6805=CARTESIAN_POINT('',(-72.4367810478576,19.3620748226358,1.6128341774206));
#6806=CARTESIAN_POINT('',(-72.8533598632298,19.0305793532498,0.801828673559063));
#6807=CARTESIAN_POINT('',(-72.8532574665444,19.0305562794427,0.889742022242069));
#6808=CARTESIAN_POINT('',(-72.8411347847779,19.0401448745208,0.978741232954685));
#6809=CARTESIAN_POINT('',(-72.818653861404,19.0580134511303,1.06183208653287));
#6810=CARTESIAN_POINT('',(-72.7932589661317,19.0781981483564,1.15569315663291));
#6811=CARTESIAN_POINT('',(-72.7540968089474,19.1093848332443,1.24460294688772));
#6812=CARTESIAN_POINT('',(-72.7062199764166,19.147523369607,1.32280450786479));
#6813=CARTESIAN_POINT('',(-72.6484135122652,19.193571819734,1.41722503429146));
#6814=CARTESIAN_POINT('',(-72.576473676537,19.250896631766,1.49894793607037));
#6815=CARTESIAN_POINT('',(-72.4981779914853,19.3132193563563,1.56500054063222));
#6816=CARTESIAN_POINT('',(-72.4781763754695,19.3291404790272,1.58187450798328));
#6817=CARTESIAN_POINT('',(-72.4576775511464,19.3454529984825,1.59782322553096));
#6818=CARTESIAN_POINT('',(-72.4367810478576,19.3620748226358,1.6128341774206));
#6819=CARTESIAN_POINT('',(-72.8533598632298,19.0305793532498,0.801828673559063));
#6820=CARTESIAN_POINT('',(-72.8533605415452,19.0305795060996,0.801828673559063));
#6821=CARTESIAN_POINT('',(-82.2666534151287,21.1517468349418,0.801828673559063));
#6822=CARTESIAN_POINT('',(-82.2666534151287,21.1517468349418,0.801828673559063));
#6823=CARTESIAN_POINT('',(-82.2623325634678,21.150773185285,0.896651444358544));
#6824=CARTESIAN_POINT('',(-82.2571626874132,21.1637320714592,0.992558329421738));
#6825=CARTESIAN_POINT('',(-82.2515490069081,21.1898887077155,1.08363682625697));
#6826=CARTESIAN_POINT('',(-82.2449981394569,21.2204121151177,1.189920602093));
#6827=CARTESIAN_POINT('',(-82.2376736851712,21.2698427184041,1.29233169224384));
#6828=CARTESIAN_POINT('',(-82.2305883801324,21.3340246020414,1.38233901158529));
#6829=CARTESIAN_POINT('',(-82.2241657303086,21.3922038563405,1.46392837020129));
#6830=CARTESIAN_POINT('',(-82.2178039729618,21.4638220724133,1.53732486392043));
#6831=CARTESIAN_POINT('',(-82.2123077489648,21.5438900923175,1.59767221855429));
#6832=CARTESIAN_POINT('',(0.780391416637788,3.46321238355681,0.801828673559063));
#6833=CARTESIAN_POINT('',(-72.8533605415452,12.7270937956884,0.800663928757049));
#6834=CARTESIAN_POINT('',(-72.8533605415452,12.7271133556167,0.830124806654912));
#6835=CARTESIAN_POINT('',(-72.8520511038409,12.7284423913215,0.859641061670656));
#6836=CARTESIAN_POINT('',(-72.849462622649,12.7310505101661,0.888871887699271));
#6837=CARTESIAN_POINT('',(-72.8421323796707,12.7384363644295,0.971649795421366));
#6838=CARTESIAN_POINT('',(-72.8241157571578,12.7565099319163,1.05348206140267));
#6839=CARTESIAN_POINT('',(-72.7981407484159,12.7825439189093,1.12836861396233));
#6840=CARTESIAN_POINT('',(-72.7665155603358,12.8142409144064,1.21954476458073));
#6841=CARTESIAN_POINT('',(-72.7224415310158,12.8583916738567,1.30310708216052));
#6842=CARTESIAN_POINT('',(-72.6718627526948,12.9090577751975,1.37516730589533));
#6843=CARTESIAN_POINT('',(-72.6090505786655,12.9719783929041,1.46465660287072));
#6844=CARTESIAN_POINT('',(-72.534703834472,13.0464498105283,1.53922762653658));
#6845=CARTESIAN_POINT('',(-72.4560953790025,13.1252387000882,1.59860547781658));
#6846=CARTESIAN_POINT('',(-72.3272512567965,13.2543785649321,1.69592944991283));
#6847=CARTESIAN_POINT('',(-72.1822158914473,13.3988888463763,1.75626556080264));
#6848=CARTESIAN_POINT('',(-72.0387317417771,13.5452771920057,1.78333249858342));
#6849=CARTESIAN_POINT('',(-72.0128477156383,13.5716851246825,1.7882152771107));
#6850=CARTESIAN_POINT('',(-71.9868997127721,13.5982536587518,1.7920391349737));
#6851=CARTESIAN_POINT('',(-71.9614078742078,13.6253404358338,1.79480967959376));
#6852=CARTESIAN_POINT('',(-72.8533605415452,12.7270937956884,0.800663928757049));
#6853=CARTESIAN_POINT('',(-71.9614078742078,13.6253404358338,1.79480967959376));
#6854=CARTESIAN_POINT('',(-72.8533605415452,12.7270935752877,0.800663928757049));
#6855=CARTESIAN_POINT('',(-72.8533605415452,19.0305795060996,0.800663928757049));
#6856=CARTESIAN_POINT('',(-71.8533605415452,18.8052420649588,0.800663928757049));
#6857=CARTESIAN_POINT('',(-72.4367810478576,19.3620748226358,1.6128341774206));
#6858=CARTESIAN_POINT('',(-72.3879563303188,19.3529095476058,1.6479072935239));
#6859=CARTESIAN_POINT('',(-72.3358505197881,19.3429041517216,1.67860944105795));
#6860=CARTESIAN_POINT('',(-72.2817486384696,19.3322703796607,1.70425877071527));
#6861=CARTESIAN_POINT('',(-72.2817486384696,19.3322703796607,1.70425877071527));
#6862=CARTESIAN_POINT('',(-72.2817486384696,16.2518279147935,1.70425877071527));
#6863=CARTESIAN_POINT('',(-72.2817486384696,13.5928829937209,1.70425877071527));
#6864=CARTESIAN_POINT('',(-71.8533605415452,13.268994723138,0.800663928757049));
#6865=CARTESIAN_POINT('',(-71.8533605415452,-1.70485066879575E-13,0.800663928757049));
#6866=CARTESIAN_POINT('',(-47.0555097484113,21.1559371924362,0.801828708281627));
#6867=CARTESIAN_POINT('',(-56.487063548251,19.0306549931986,0.801828708281627));
#6868=CARTESIAN_POINT('',(-47.0737690041611,21.1518226984684,0.801828708281627));
#6869=CARTESIAN_POINT('',(-56.487063548251,19.0306549931986,0.801828708281627));
#6870=CARTESIAN_POINT('',(-56.4871140351412,19.0306436166119,0.829436613988841));
#6871=CARTESIAN_POINT('',(-56.4883123229391,19.0315501036431,0.857081097591773));
#6872=CARTESIAN_POINT('',(-56.4906410290087,19.0333604542872,0.884531031917349));
#6873=CARTESIAN_POINT('',(-56.4982990973307,19.0393138844345,0.974801536747435));
#6874=CARTESIAN_POINT('',(-56.5186892571416,19.0554448035777,1.06441964809027));
#6875=CARTESIAN_POINT('',(-56.5490250339365,19.0795191429759,1.1465355430925));
#6876=CARTESIAN_POINT('',(-56.5841187166622,19.1073693356505,1.24153061064711));
#6877=CARTESIAN_POINT('',(-56.6333111896152,19.1464757290312,1.32921756543785));
#6878=CARTESIAN_POINT('',(-56.6905475185837,19.1919707431628,1.40461961444417));
#6879=CARTESIAN_POINT('',(-56.7529401535051,19.2415643117689,1.48681448264707));
#6880=CARTESIAN_POINT('',(-56.8262758350677,19.2998585943438,1.55671855640996));
#6881=CARTESIAN_POINT('',(-56.9044938668557,19.3618843436534,1.61278196001891));
#6882=CARTESIAN_POINT('',(-56.9044938668557,19.3618843436534,1.61278196001891));
#6883=CARTESIAN_POINT('',(-56.9044938668557,19.3618843436534,1.61278196001891));
#6884=CARTESIAN_POINT('',(-54.2621062130872,19.9444589557757,1.60373434268034));
#6885=CARTESIAN_POINT('',(-51.6217642271872,20.5363768098369,1.60136776233826));
#6886=CARTESIAN_POINT('',(-48.9814237684424,21.1282251890439,1.59906367852943));
#6887=CARTESIAN_POINT('',(-48.3636357808751,21.2667061254415,1.59852456801634));
#6888=CARTESIAN_POINT('',(-47.7458660943274,21.4052689666292,1.59804755144745));
#6889=CARTESIAN_POINT('',(-47.1281094638973,21.5438900923176,1.59761506944084));
#6890=CARTESIAN_POINT('',(-47.1281094638973,21.5438900923176,1.59761506944084));
#6891=CARTESIAN_POINT('',(-47.1281094638973,21.5438900923176,1.59761506944084));
#6892=CARTESIAN_POINT('',(-47.1234278092111,21.475699647139,1.54620965620231));
#6893=CARTESIAN_POINT('',(-47.1181280653091,21.4136926972702,1.48547106787527));
#6894=CARTESIAN_POINT('',(-47.1127030874582,21.3610149948934,1.41831453057552));
#6895=CARTESIAN_POINT('',(-47.1057086768614,21.2930977628152,1.33172977225157));
#6896=CARTESIAN_POINT('',(-47.0983520789046,21.239207778182,1.23222671838003));
#6897=CARTESIAN_POINT('',(-47.0916638058551,21.2038501083648,1.12799766890007));
#6898=CARTESIAN_POINT('',(-47.0849759627094,21.1684947112411,1.02377531897578));
#6899=CARTESIAN_POINT('',(-47.078787773141,21.1506917819088,0.911967541402006));
#6900=CARTESIAN_POINT('',(-47.0737690041611,21.1518226984684,0.801828708281627));
#6901=CARTESIAN_POINT('',(-7.0305578110364,31.2001315690973,0.801828708281627));
#6902=CARTESIAN_POINT('',(-57.0585075061918,19.3322703796607,1.70351599431274));
#6903=CARTESIAN_POINT('',(-57.0047788013204,19.3428310122453,1.67803147449192));
#6904=CARTESIAN_POINT('',(-56.9530212222414,19.3527715072772,1.64756433243199));
#6905=CARTESIAN_POINT('',(-56.9044938668557,19.3618843436534,1.61278196001891));
#6906=CARTESIAN_POINT('',(-57.0585075061918,19.3322703796607,1.70351599431274));
#6907=CARTESIAN_POINT('',(-64.6702112088539,19.3322703796607,7.105427357601E-15));
#6908=CARTESIAN_POINT('',(-64.6702112088539,21.5438900923176,7.105427357601E-15));
#6909=CARTESIAN_POINT('',(-64.6702112088539,19.416792434534,7.105427357601E-15));
#6910=CARTESIAN_POINT('',(-57.0585075061918,16.2484391344293,1.70351599431273));
#6911=CARTESIAN_POINT('',(-57.0585075061918,13.5926167498766,1.70351599431273));
#6912=CARTESIAN_POINT('',(-64.6702112088539,12.9820014345959,6.90558721316847E-15));
#6913=CARTESIAN_POINT('',(-64.6702112088539,13.7970679149762,7.105427357601E-15));
#6914=CARTESIAN_POINT('',(-57.4870618761626,13.2687567417697,0.800000000000025));
#6915=CARTESIAN_POINT('',(-57.3853087367084,13.6253404358334,1.79480967959266));
#6916=CARTESIAN_POINT('',(-70.8897942719698,13.6253404358334,1.79480967959266));
#6917=CARTESIAN_POINT('',(-89.2702112088539,16.4230481397261,9.59995262593786));
#6918=CARTESIAN_POINT('',(-64.6702112088539,-12.30548600709,0.));
#6919=CARTESIAN_POINT('',(-64.6702112088539,-11.30548600709,0.));
#6920=CARTESIAN_POINT('',(-78.2323049753328,-2.65746085045663,1.36001920291372E-15));
#6921=CARTESIAN_POINT('',(-77.8076327617312,-3.55890977539191,3.6505011728833E-16));
#6922=CARTESIAN_POINT('',(-77.0418888316068,-4.94406686957064,-1.42901955239331E-15));
#6923=CARTESIAN_POINT('',(-75.5765204409262,-7.05016707086413,-4.86224687709811E-15));
#6924=CARTESIAN_POINT('',(-73.9910881188826,-8.89616082717793,-8.57677327477907E-15));
#6925=CARTESIAN_POINT('',(-71.3272039469111,-11.3330717942155,-1.48180160825442E-14));
#6926=CARTESIAN_POINT('',(-69.119446607801,-12.7503603739428,-1.9990594439738E-14));
#6927=CARTESIAN_POINT('',(-67.5510084523871,-13.5222664232685,-2.36653050220891E-14));
#6928=CARTESIAN_POINT('',(-64.6702112088539,-7.10548600709004,0.));
#6929=CARTESIAN_POINT('',(-63.934077793357,-14.4430678097363,0.105290070657137));
#6930=CARTESIAN_POINT('',(-64.0984425068993,-14.4430678097363,1.25444266607232));
#6931=CARTESIAN_POINT('',(-65.2592625160667,-14.4430678097363,1.2464206386563));
#6932=CARTESIAN_POINT('',(-65.407729493782,-14.4430678097363,0.0951061711299689));
#6933=CARTESIAN_POINT('',(-62.4419393452955,-13.8819895645314,0.318712473878112));
#6934=CARTESIAN_POINT('',(-62.9394704433791,-13.8819895645314,3.79719115911774));
#6935=CARTESIAN_POINT('',(-66.4532663268838,-13.8819895645314,3.77290852555768));
#6936=CARTESIAN_POINT('',(-66.9026750646831,-13.8819895645314,0.2878858651412));
#6937=CARTESIAN_POINT('',(-61.0158169156948,-13.1668657833938,0.522692524528335));
#6938=CARTESIAN_POINT('',(-61.8317742659808,-13.1668657833938,6.22744196022579));
#6939=CARTESIAN_POINT('',(-67.5944443575465,-13.1668657833938,6.18761813129539));
#6940=CARTESIAN_POINT('',(-68.3314804228347,-13.1668657833938,0.472136492794519));
#6941=CARTESIAN_POINT('',(-59.6712446527631,-12.30548600709,0.715008354223612));
#6942=CARTESIAN_POINT('',(-60.787419640479,-12.30548600709,8.51872337570179));
#6943=CARTESIAN_POINT('',(-68.6703662386193,-12.30548600709,8.46424704584017));
#6944=CARTESIAN_POINT('',(-69.6785821960232,-12.30548600709,0.645851089962578));
#6945=CARTESIAN_POINT('',(-64.6702112088539,-8.10548600709004,0.));
#6946=CARTESIAN_POINT('',(-64.6702112088539,-7.10548600708998,0.));
#6947=CARTESIAN_POINT('',(-78.2323049753328,-2.65746085045663,1.36001920291372E-15));
#6948=CARTESIAN_POINT('',(-77.8076327617312,-3.55890977539191,3.6505011728833E-16));
#6949=CARTESIAN_POINT('',(-77.0418888316068,-4.94406686957064,-1.42901955239331E-15));
#6950=CARTESIAN_POINT('',(-75.5765204409262,-7.05016707086413,-4.86224687709811E-15));
#6951=CARTESIAN_POINT('',(-73.9910881188826,-8.89616082717793,-8.57677327477907E-15));
#6952=CARTESIAN_POINT('',(-71.3272039469111,-11.3330717942155,-1.48180160825442E-14));
#6953=CARTESIAN_POINT('',(-69.119446607801,-12.7503603739428,-1.9990594439738E-14));
#6954=CARTESIAN_POINT('',(-67.5510084523871,-13.5222664232685,-2.36653050220891E-14));
#6955=CARTESIAN_POINT('',(-64.6702112088539,-7.10548600709004,0.));
#6956=CARTESIAN_POINT('',(-64.6702112088539,-4.80548600709004,0.));
#6957=CARTESIAN_POINT('',(-64.6702112088539,-3.80548600709001,0.));
#6958=CARTESIAN_POINT('',(-78.2323049753328,-2.65746085045663,1.36001920291372E-15));
#6959=CARTESIAN_POINT('',(-77.8076327617312,-3.55890977539191,3.6505011728833E-16));
#6960=CARTESIAN_POINT('',(-77.0418888316068,-4.94406686957064,-1.42901955239331E-15));
#6961=CARTESIAN_POINT('',(-75.5765204409262,-7.05016707086413,-4.86224687709811E-15));
#6962=CARTESIAN_POINT('',(-73.9910881188826,-8.89616082717793,-8.57677327477907E-15));
#6963=CARTESIAN_POINT('',(-71.3272039469111,-11.3330717942155,-1.48180160825442E-14));
#6964=CARTESIAN_POINT('',(-69.119446607801,-12.7503603739428,-1.9990594439738E-14));
#6965=CARTESIAN_POINT('',(-67.5510084523871,-13.5222664232685,-2.36653050220891E-14));
#6966=CARTESIAN_POINT('',(-64.6702112088539,-7.10548600709004,0.));
#6967=CARTESIAN_POINT('',(-53.8706860787447,-7.10548600708998,0.501952487404344));
#6968=CARTESIAN_POINT('',(-54.7883005827926,-7.10548600708998,20.2444602842324));
#6969=CARTESIAN_POINT('',(-74.5521218349153,-7.10548600708998,20.2444602842324));
#6970=CARTESIAN_POINT('',(-75.4697363389631,-7.10548600708998,0.501952487404347));
#6971=CARTESIAN_POINT('',(-53.2928831863222,-6.37163180354293,0.528808260745001));
#6972=CARTESIAN_POINT('',(-54.259592470759,-6.37163180354293,21.3275919559345));
#6973=CARTESIAN_POINT('',(-75.0808299469489,-6.37163180354293,21.3275919559345));
#6974=CARTESIAN_POINT('',(-76.0475392313857,-6.37163180354293,0.528808260745004));
#6975=CARTESIAN_POINT('',(-52.7606407660895,-5.60402159221027,0.553546423165964));
#6976=CARTESIAN_POINT('',(-53.772573646804,-5.60402159221028,22.3253173566508));
#6977=CARTESIAN_POINT('',(-75.5678487709039,-5.60402159221028,22.3253173566508));
#6978=CARTESIAN_POINT('',(-76.5797816516184,-5.60402159221027,0.553546423165967));
#6979=CARTESIAN_POINT('',(-52.2759215114393,-4.80548600709003,0.576075750394075));
#6980=CARTESIAN_POINT('',(-53.3290400381058,-4.80548600709003,23.2339572812351));
#6981=CARTESIAN_POINT('',(-76.0113823796021,-4.80548600709003,23.2339572812351));
#6982=CARTESIAN_POINT('',(-77.0645009062686,-4.80548600709003,0.576075750394078));
#6983=CARTESIAN_POINT('',(-64.6702112088539,1.29451399291002,0.));
#6984=CARTESIAN_POINT('',(-51.6966186024756,-3.80548600709,0.456201856115035));
#6985=CARTESIAN_POINT('',(-52.548579267861,-3.80548600709,24.6844912442711));
#6986=CARTESIAN_POINT('',(-76.7918431498468,-3.80548600709,24.6844912442711));
#6987=CARTESIAN_POINT('',(-77.6438038152322,-3.80548600709,0.456201856115043));
#6988=CARTESIAN_POINT('',(-50.8228552291425,-2.18990717583172,0.486926766694076));
#6989=CARTESIAN_POINT('',(-51.7321949141657,-2.18990717583172,26.3469763394174));
#6990=CARTESIAN_POINT('',(-77.6082275035421,-2.18990717583172,26.3469763394175));
#6991=CARTESIAN_POINT('',(-78.5175671885653,-2.18990717583172,0.486926766694085));
#6992=CARTESIAN_POINT('',(-50.1472790816316,-0.48182815545262,0.510682645408042));
#6993=CARTESIAN_POINT('',(-51.1009830627765,-0.48182815545262,27.6323761514844));
#6994=CARTESIAN_POINT('',(-78.2394393549313,-0.48182815545262,27.6323761514844));
#6995=CARTESIAN_POINT('',(-79.1931433360762,-0.48182815545262,0.510682645408051));
#6996=CARTESIAN_POINT('',(-49.6794763560115,1.29451399291004,0.527132404406844));
#6997=CARTESIAN_POINT('',(-50.6639003954687,1.29451399291004,28.5224512937344));
#6998=CARTESIAN_POINT('',(-78.6765220222391,1.29451399291004,28.5224512937344));
#6999=CARTESIAN_POINT('',(-79.6609460616964,1.29451399291004,0.527132404406854));
#7000=CARTESIAN_POINT('',(-64.6702112088539,18.29451399291,0.));
#7001=CARTESIAN_POINT('',(-49.6758536571802,1.29451399291005,0.411389854717361));
#7002=CARTESIAN_POINT('',(-50.4555556675779,1.29451399291005,28.8300068760205));
#7003=CARTESIAN_POINT('',(-78.88486675013,1.29451399291005,28.8300068760205));
#7004=CARTESIAN_POINT('',(-79.6645687605277,1.29451399291005,0.411389854717364));
#7005=CARTESIAN_POINT('',(-48.2108358944731,6.85614053647172,0.451584537449275));
#7006=CARTESIAN_POINT('',(-49.0667183808209,6.85614053647172,31.6468312732499));
#7007=CARTESIAN_POINT('',(-80.273704036887,6.85614053647172,31.64683127325));
#7008=CARTESIAN_POINT('',(-81.1295865232347,6.85614053647172,0.451584537449278));
#7009=CARTESIAN_POINT('',(-47.3743441314558,12.5464250007262,0.474534785479178));
#7010=CARTESIAN_POINT('',(-48.2737239338478,12.5464250007262,33.2551738245339));
#7011=CARTESIAN_POINT('',(-81.0666984838601,12.5464250007262,33.255173824534));
#7012=CARTESIAN_POINT('',(-81.966078286252,12.5464250007262,0.474534785479182));
#7013=CARTESIAN_POINT('',(-47.1767940652346,18.2945139929101,0.479954830503588));
#7014=CARTESIAN_POINT('',(-48.0864464106986,18.2945139929101,33.6350080220239));
#7015=CARTESIAN_POINT('',(-81.2539760070093,18.2945139929101,33.6350080220239));
#7016=CARTESIAN_POINT('',(-82.1636283524733,18.2945139929101,0.479954830503592));
#7017=CARTESIAN_POINT('',(-57.4870618761626,13.7270935752877,0.800000000000025));
#7018=CARTESIAN_POINT('',(-57.4870618761626,18.8053179288419,0.800000000000025));
#7019=CARTESIAN_POINT('',(-57.4870618761626,19.0306553699827,0.800000000000025));
#7020=CARTESIAN_POINT('',(-72.8533605415452,13.7270935752877,0.800000000000025));
#7021=CARTESIAN_POINT('',(-70.8897942719698,13.7270935752877,0.800000000000025));
#7022=CARTESIAN_POINT('',(-72.8533605415452,19.0305795060996,-0.199999999999975));
#7023=CARTESIAN_POINT('',(-72.8533605415452,12.7270935752877,-0.199999999999975));
#7024=CARTESIAN_POINT('',(-64.6702112088538,17.186609574998,5.55111512312578E-14));
#7025=CARTESIAN_POINT('',(-72.8533605415452,19.0305795060996,-0.199999999999975));
#7026=CARTESIAN_POINT('',(-64.6702112088538,17.1866854388811,5.55111512312578E-14));
#7027=CARTESIAN_POINT('',(-47.0555097484113,21.1559371924362,-0.199999999999975));
#7028=CARTESIAN_POINT('',(-64.6702112088538,18.7307122792968,5.55111512312578E-14));
#7029=CARTESIAN_POINT('',(-64.6702112088539,18.7307122792968,0.));
#7030=CARTESIAN_POINT('',(-64.6702112088538,18.7307122792968,5.55111512312578E-14));
#7031=CARTESIAN_POINT('',(-64.6702112088538,18.7307122792968,5.55111512312578E-14));
#7032=CARTESIAN_POINT('',(-64.6702112088539,18.8027565530672,0.));
#7033=CARTESIAN_POINT('',(-58.1818999620941,-11.30548600709,0.40534099758312));
#7034=CARTESIAN_POINT('',(-58.901294720635,-11.30548600709,11.9207246635129));
#7035=CARTESIAN_POINT('',(-70.4391276970729,-11.30548600709,11.9207246635129));
#7036=CARTESIAN_POINT('',(-71.1585224556137,-11.30548600709,0.405340997583118));
#7037=CARTESIAN_POINT('',(-56.9183848893657,-10.3597491296719,0.484275937749075));
#7038=CARTESIAN_POINT('',(-57.7778725143071,-10.3597491296719,14.2421323021672));
#7039=CARTESIAN_POINT('',(-71.5625499034008,-10.3597491296719,14.2421323021673));
#7040=CARTESIAN_POINT('',(-72.4220375283422,-10.3597491296719,0.484275937749073));
#7041=CARTESIAN_POINT('',(-55.7581827510135,-9.28933012385568,0.55675666104862));
#7042=CARTESIAN_POINT('',(-56.7463083690222,-9.28933012385568,16.3737270606988));
#7043=CARTESIAN_POINT('',(-72.5941140486857,-9.28933012385568,16.3737270606988));
#7044=CARTESIAN_POINT('',(-73.5822396666943,-9.28933012385568,0.556756661048617));
#7045=CARTESIAN_POINT('',(-54.7134947651072,-8.10548600709003,0.622020926936271));
#7046=CARTESIAN_POINT('',(-55.8174506866863,-8.10548600709003,18.293092110501));
#7047=CARTESIAN_POINT('',(-73.5229717310216,-8.10548600709003,18.293092110501));
#7048=CARTESIAN_POINT('',(-74.6269276526007,-8.10548600709003,0.622020926936268));
#7049=CARTESIAN_POINT('',(-69.2827337691911,3.54451399291003,-3.2));
#7050=CARTESIAN_POINT('',(-69.2827337691911,3.54451399291003,-3.2));
#7051=CARTESIAN_POINT('',(-69.2827337691911,-0.955486007089965,-3.2));
#7052=CARTESIAN_POINT('',(-69.2827337691911,-0.955486007089965,-3.2));
#7053=CARTESIAN_POINT('',(-69.2827337691911,-0.955486007089965,-3.2));
#7054=CARTESIAN_POINT('',(-69.2827337691911,-0.955486007089965,-3.2));
#7055=CARTESIAN_POINT('',(-60.0576886485167,3.54451399291003,-3.2));
#7056=CARTESIAN_POINT('',(-60.0576886485167,3.54451399291003,-3.2));
#7057=CARTESIAN_POINT('',(-69.2827337691911,3.54451399291003,-3.2));
#7058=CARTESIAN_POINT('',(-69.2827337691911,3.54451399291003,-3.2));
#7059=CARTESIAN_POINT('',(-60.0576886485167,-0.955486007089967,-3.2));
#7060=CARTESIAN_POINT('',(-60.0576886485167,-0.955486007089967,-3.2));
#7061=CARTESIAN_POINT('',(-60.0576886485167,3.54451399291003,-3.2));
#7062=CARTESIAN_POINT('',(-60.0576886485167,3.54451399291003,-3.2));
#7063=CARTESIAN_POINT('',(-60.0576886485167,-0.955486007089966,-3.2));
#7064=CARTESIAN_POINT('',(-60.0576886485167,-0.955486007089966,-3.2));
#7065=CARTESIAN_POINT('',(0.,0.,-3.2));
#7066=CARTESIAN_POINT('',(-64.8332126605697,42.29451399291,-0.191424701812506));
#7067=CARTESIAN_POINT('',(-46.4716708807483,42.29451399291,0.800000000000005));
#7068=CARTESIAN_POINT('',(-47.7524333237117,42.29451399291,6.61857652557758));
#7069=CARTESIAN_POINT('',(-47.8465959185403,42.29451399291,6.85016539779543));
#7070=CARTESIAN_POINT('',(-47.9438983301502,42.29451399291,7.08045269812893));
#7071=CARTESIAN_POINT('',(-64.8332126605697,42.29451399291,-0.191424701812506));
#7072=CARTESIAN_POINT('',(-56.4382336706229,42.29451399291,16.1686934893817));
#7073=CARTESIAN_POINT('',(-56.661430190086,42.29451399291,16.2813137082572));
#7074=CARTESIAN_POINT('',(-56.8861371868927,42.29451399291,16.3908890959412));
#7075=CARTESIAN_POINT('',(-64.8332126605697,42.29451399291,-0.191424701812506));
#7076=CARTESIAN_POINT('',(-70.3670833454727,42.29451399291,17.3444076056163));
#7077=CARTESIAN_POINT('',(-70.6049767379991,42.29451399291,17.2675523273833));
#7078=CARTESIAN_POINT('',(-70.8418032740712,42.29451399291,17.1874699210004));
#7079=CARTESIAN_POINT('',(-64.8332126605697,42.29451399291,-0.191424701812506));
#7080=CARTESIAN_POINT('',(-81.1555277709941,42.29451399291,8.27682003411147));
#7081=CARTESIAN_POINT('',(-81.2691475531609,42.29451399291,8.05413068748626));
#7082=CARTESIAN_POINT('',(-81.3797293069213,42.29451399291,7.82991722728531));
#7083=CARTESIAN_POINT('',(-64.8332126605697,42.29451399291,-0.191424701812506));
#7084=CARTESIAN_POINT('',(-83.1947544403912,42.29451399291,0.8));
#7085=CARTESIAN_POINT('',(-34.670211208854,42.29451399291,0.8));
#7086=CARTESIAN_POINT('',(-94.6702112088539,42.29451399291,0.8));
#7087=CARTESIAN_POINT('',(-94.6702112088539,42.29451399291,-7.));
#7088=CARTESIAN_POINT('',(-94.6702112088539,42.29451399291,30.));
#7089=CARTESIAN_POINT('',(-34.670211208854,42.29451399291,30.));
#7090=CARTESIAN_POINT('',(-34.670211208854,42.29451399291,30.));
#7091=CARTESIAN_POINT('',(-34.670211208854,42.29451399291,-7.));
#7092=CARTESIAN_POINT('',(-34.670211208854,42.29451399291,0.8));
#7093=CARTESIAN_POINT('',(-34.670211208854,42.29451399291,0.8));
#7094=CARTESIAN_POINT('',(-34.670211208854,42.29451399291,-7.));
#7095=CARTESIAN_POINT('',(-47.7524333237117,33.69125298057,6.61857652557757));
#7096=CARTESIAN_POINT('',(-47.0141941780313,33.7247905047095,4.76693222711846));
#7097=CARTESIAN_POINT('',(-46.5801643273907,33.766061651718,2.80933762263555));
#7098=CARTESIAN_POINT('',(-46.4716708807483,33.8113091362541,0.800000000000007));
#7099=CARTESIAN_POINT('',(-47.7524333237117,33.69125298057,6.61857652557757));
#7100=CARTESIAN_POINT('',(-46.4716708807483,33.811309136254,0.800000000000005));
#7101=CARTESIAN_POINT('',(-47.7524333237117,37.94451399291,6.61857652557758));
#7102=CARTESIAN_POINT('',(-46.4716708807483,-89.7054860070901,0.800000000000005));
#7103=CARTESIAN_POINT('',(-64.8332126605697,-89.7054860070901,-0.191424701812506));
#7104=CARTESIAN_POINT('',(-47.9438983301502,37.94451399291,7.08045269812892));
#7105=CARTESIAN_POINT('',(-47.9438983301502,33.6830141289803,7.08045269812892));
#7106=CARTESIAN_POINT('',(-56.4382336706229,33.6297525884702,16.1686934893817));
#7107=CARTESIAN_POINT('',(-52.6557898737994,33.5916565334376,14.2277823153977));
#7108=CARTESIAN_POINT('',(-49.6214964038154,33.6146107542733,10.976761674194));
#7109=CARTESIAN_POINT('',(-47.9438983301502,33.6830141289803,7.08045269812892));
#7110=CARTESIAN_POINT('',(-56.4382336706229,33.6297525884702,16.1686934893817));
#7111=CARTESIAN_POINT('',(-56.4382336706229,37.94451399291,16.1686934893817));
#7112=CARTESIAN_POINT('',(-64.8332126605697,-89.7054860070901,-0.191424701812506));
#7113=CARTESIAN_POINT('',(-56.8861371868927,37.94451399291,16.3908890959412));
#7114=CARTESIAN_POINT('',(-56.8861371868927,33.6344759320177,16.3908890959412));
#7115=CARTESIAN_POINT('',(-70.3670833454588,33.8966132293779,17.3444076056207));
#7116=CARTESIAN_POINT('',(-68.1697104197469,33.8418617559407,18.0378436173354));
#7117=CARTESIAN_POINT('',(-65.8467344750386,33.7882584699253,18.3142055261643));
#7118=CARTESIAN_POINT('',(-61.229434202583,33.695580197344,17.9881890847552));
#7119=CARTESIAN_POINT('',(-58.9850288689981,33.657583172883,17.3967831353498));
#7120=CARTESIAN_POINT('',(-56.8861371868927,33.6344759320177,16.3908890959412));
#7121=CARTESIAN_POINT('',(-70.3670833454588,33.8966132293779,17.3444076056207));
#7122=CARTESIAN_POINT('',(-70.3670833454727,37.94451399291,17.3444076056163));
#7123=CARTESIAN_POINT('',(-64.8332126605697,-89.7054860070901,-0.191424701812506));
#7124=CARTESIAN_POINT('',(-70.8418032740712,37.94451399291,17.1874699210003));
#7125=CARTESIAN_POINT('',(-70.8418032740746,33.9085120364681,17.1874699209952));
#7126=CARTESIAN_POINT('',(-81.1555277709941,34.2203192547724,8.27682003411147));
#7127=CARTESIAN_POINT('',(-79.020722942335,34.131649364465,12.3915992119983));
#7128=CARTESIAN_POINT('',(-75.230976669209,34.0191778580769,15.6699541850766));
#7129=CARTESIAN_POINT('',(-70.841803274076,33.9085120364709,17.1874699209987));
#7130=CARTESIAN_POINT('',(-81.1555277709941,34.2203192547724,8.27682003411148));
#7131=CARTESIAN_POINT('',(-81.1555277709941,37.94451399291,8.27682003411148));
#7132=CARTESIAN_POINT('',(-64.8332126605697,-89.7054860070901,-0.191424701812506));
#7133=CARTESIAN_POINT('',(-94.6702112088539,-23.70548600709,0.8));
#7134=CARTESIAN_POINT('',(-66.3789701164712,-23.70548600709,0.800000000000004));
#7135=CARTESIAN_POINT('',(-94.6702112088539,-23.70548600709,0.8));
#7136=CARTESIAN_POINT('',(-64.7199026019188,-23.70548600709,1.91691314888714));
#7137=CARTESIAN_POINT('',(-63.0608350873664,-23.70548600709,0.800000000000004));
#7138=CARTESIAN_POINT('',(-94.6702112088539,-23.70548600709,0.8));
#7139=CARTESIAN_POINT('',(-34.670211208854,-23.70548600709,0.8));
#7140=CARTESIAN_POINT('',(-34.670211208854,-23.70548600709,-7.));
#7141=CARTESIAN_POINT('',(-34.670211208854,-23.70548600709,30.));
#7142=CARTESIAN_POINT('',(-94.6702112088539,-23.70548600709,30.));
#7143=CARTESIAN_POINT('',(-94.6702112088539,-23.70548600709,30.));
#7144=CARTESIAN_POINT('',(-94.6702112088539,-23.70548600709,-7.));
#7145=CARTESIAN_POINT('',(-94.6702112088539,-23.70548600709,-7.));
#7146=CARTESIAN_POINT('',(-66.3789701164712,-23.70548600709,0.800000000000001));
#7147=CARTESIAN_POINT('',(-66.3789701164712,-16.008884201327,0.800000000000001));
#7148=CARTESIAN_POINT('',(-94.6702112088539,42.29451399291,0.8));
#7149=CARTESIAN_POINT('',(-83.1947544403912,-89.7054860070901,0.8));
#7150=CARTESIAN_POINT('',(-83.1947544403912,34.3486987372274,0.8));
#7151=CARTESIAN_POINT('',(-83.1947544403912,34.3486987372274,0.8));
#7152=CARTESIAN_POINT('',(-83.2825008361937,34.459151596262,0.8));
#7153=CARTESIAN_POINT('',(-83.379972870442,34.5625191196508,0.800000000000001));
#7154=CARTESIAN_POINT('',(-83.4850848435343,34.6565974761304,0.800000000000001));
#7155=CARTESIAN_POINT('',(-83.6936220175193,34.8432444775732,0.800000000000001));
#7156=CARTESIAN_POINT('',(-83.9372342277992,34.9964759716578,0.800000000000001));
#7157=CARTESIAN_POINT('',(-84.195765415971,35.1036509725849,0.800000000000001));
#7158=CARTESIAN_POINT('',(-84.4545172821526,35.2109174563465,0.800000000000001));
#7159=CARTESIAN_POINT('',(-84.7353460208406,35.2750055755815,0.800000000000001));
#7160=CARTESIAN_POINT('',(-85.0150151183282,35.2906203987128,0.800000000000001));
#7161=CARTESIAN_POINT('',(-85.2948117557246,35.3062423428064,0.800000000000001));
#7162=CARTESIAN_POINT('',(-85.5811659722586,35.2737756115924,0.800000000000001));
#7163=CARTESIAN_POINT('',(-85.8503586231599,35.1958941623487,0.800000000000001));
#7164=CARTESIAN_POINT('',(-86.1195298916323,35.1180188993606,0.800000000000001));
#7165=CARTESIAN_POINT('',(-86.3789708050698,34.9925840526574,0.800000000000001));
#7166=CARTESIAN_POINT('',(-86.6071631567271,34.8299618555207,0.800000000000001));
#7167=CARTESIAN_POINT('',(-86.8352435394932,34.6674194534646,0.800000000000001));
#7168=CARTESIAN_POINT('',(-87.0384011904049,34.4632370492885,0.800000000000001));
#7169=CARTESIAN_POINT('',(-87.1997697485879,34.2343246601549,0.800000000000001));
#7170=CARTESIAN_POINT('',(-87.3610331448105,34.0055614504888,0.800000000000001));
#7171=CARTESIAN_POINT('',(-87.4850122310673,33.745785219329,0.800000000000001));
#7172=CARTESIAN_POINT('',(-87.5614104831925,33.476523643663,0.800000000000001));
#7173=CARTESIAN_POINT('',(-87.6377656939901,33.2074137648668,0.800000000000001));
#7174=CARTESIAN_POINT('',(-87.6687004883595,32.9214038781706,0.800000000000001));
#7175=CARTESIAN_POINT('',(-87.6516464150703,32.6421917658511,0.800000000000001));
#7176=CARTESIAN_POINT('',(-87.6345973953489,32.3630623913804,0.800000000000001));
#7177=CARTESIAN_POINT('',(-87.5691188970313,32.0830287879016,0.800000000000001));
#7178=CARTESIAN_POINT('',(-87.4606432840747,31.8252751881991,0.800000000000001));
#7179=CARTESIAN_POINT('',(-87.3928510920782,31.6641912261676,0.800000000000001));
#7180=CARTESIAN_POINT('',(-87.3076053229379,31.5094186563273,0.800000000000001));
#7181=CARTESIAN_POINT('',(-87.2077010622016,31.3660207386082,0.800000000000001));
#7182=CARTESIAN_POINT('',(-87.0476808785008,31.1363352280346,0.800000000000001));
#7183=CARTESIAN_POINT('',(-86.8457793582606,30.9311246540404,0.800000000000001));
#7184=CARTESIAN_POINT('',(-86.6187426110262,30.7673681019142,0.800000000000001));
#7185=CARTESIAN_POINT('',(-86.3917102901447,30.6036147424176,0.800000000000001));
#7186=CARTESIAN_POINT('',(-86.1332859760451,30.4767956684658,0.800000000000001));
#7187=CARTESIAN_POINT('',(-85.8648617640709,30.3973772833319,0.800000000000001));
#7188=CARTESIAN_POINT('',(-85.5963098607202,30.3179211182867,0.800000000000001));
#7189=CARTESIAN_POINT('',(-85.3103465186137,30.2837189006129,0.800000000000001));
#7190=CARTESIAN_POINT('',(-85.0306303264613,30.2975846427397,0.800000000000001));
#7191=CARTESIAN_POINT('',(-84.8753938916264,30.3052798296274,0.800000000000001));
#7192=CARTESIAN_POINT('',(-84.7202116359772,30.3275879413784,0.800000000000001));
#7193=CARTESIAN_POINT('',(-84.5690937347439,30.3639327694613,0.800000000000001));
#7194=CARTESIAN_POINT('',(-84.5690937347439,30.3639327694613,0.800000000000001));
#7195=CARTESIAN_POINT('',(-84.1537940415877,18.29451399291,0.800000000000001));
#7196=CARTESIAN_POINT('',(-84.2922297012359,22.3176535015269,0.800000000000001));
#7197=CARTESIAN_POINT('',(-84.4306628816021,26.3407930954561,0.800000000000001));
#7198=CARTESIAN_POINT('',(-84.5690937347439,30.3639327694613,0.800000000000001));
#7199=CARTESIAN_POINT('',(-84.1537940415877,18.29451399291,0.800000000000001));
#7200=CARTESIAN_POINT('',(-84.1537940415877,18.29451399291,0.800000000000001));
#7201=CARTESIAN_POINT('',(-83.9573422849298,12.5853432073224,0.800000000000001));
#7202=CARTESIAN_POINT('',(-83.1224566352145,6.87086668483789,0.800000000000001));
#7203=CARTESIAN_POINT('',(-81.6513772465558,1.29451399291004,0.800000000000001));
#7204=CARTESIAN_POINT('',(-81.6513772465558,1.29451399291004,0.800000000000001));
#7205=CARTESIAN_POINT('',(-81.6513772465558,1.29451399291004,0.800000000000001));
#7206=CARTESIAN_POINT('',(-80.6376883431523,-2.54802971265159,0.800000000000001));
#7207=CARTESIAN_POINT('',(-78.7222553226197,-6.16040431082029,0.800000000000001));
#7208=CARTESIAN_POINT('',(-74.7519788300641,-10.6749685686706,0.800000000000001));
#7209=CARTESIAN_POINT('',(-73.2781170977897,-12.0022707946366,0.800000000000001));
#7210=CARTESIAN_POINT('',(-70.0334644636769,-14.3064242772392,0.800000000000001));
#7211=CARTESIAN_POINT('',(-68.2607966663804,-15.3031857825401,0.800000000000001));
#7212=CARTESIAN_POINT('',(-66.3789701164712,-16.008884201327,0.800000000000001));
#7213=CARTESIAN_POINT('',(-64.6702112088539,9.29451399290999,0.800000000000001));
#7214=CARTESIAN_POINT('',(-64.6702112088539,30.3639327694613,0.));
#7215=CARTESIAN_POINT('',(-44.7713286829639,30.3639327694613,0.800000000000001));
#7216=CARTESIAN_POINT('',(-44.7713286829639,30.3639327694613,0.800000000000001));
#7217=CARTESIAN_POINT('',(-44.9097595361057,26.3407930954561,0.800000000000001));
#7218=CARTESIAN_POINT('',(-45.0481927164719,22.3176535015269,0.800000000000001));
#7219=CARTESIAN_POINT('',(-45.1866283761201,18.29451399291,0.800000000000001));
#7220=CARTESIAN_POINT('',(-45.1866283761201,18.29451399291,0.800000000000001));
#7221=CARTESIAN_POINT('',(-64.6702112088539,18.29451399291,0.));
#7222=CARTESIAN_POINT('',(-64.6702112088539,18.29451399291,0.));
#7223=CARTESIAN_POINT('',(-94.6702112088539,42.29451399291,30.));
#7224=CARTESIAN_POINT('',(-94.6702112088539,42.29451399291,-7.));
#7225=CARTESIAN_POINT('',(-34.670211208854,-23.70548600709,30.));
#7226=CARTESIAN_POINT('',(0.,0.,30.));
#7227=CARTESIAN_POINT('',(-34.670211208854,-23.70548600709,0.8));
#7228=CARTESIAN_POINT('',(-34.670211208854,-23.70548600709,-7.));
#7229=CARTESIAN_POINT('',(-47.9438983301502,33.6830141289803,7.08045269812892));
#7230=CARTESIAN_POINT('',(-47.9173890392285,33.7587025467237,7.09165356736062));
#7231=CARTESIAN_POINT('',(-47.8853624199975,33.8335903712225,7.10010089777375));
#7232=CARTESIAN_POINT('',(-47.8470141257818,33.9049089716905,7.10016504800087));
#7233=CARTESIAN_POINT('',(-47.8275890684865,33.941034904503,7.10019754284485));
#7234=CARTESIAN_POINT('',(-47.8064017881959,33.9764746238152,7.09803198399951));
#7235=CARTESIAN_POINT('',(-47.7836353066246,34.010075282407,7.09210745975903));
#7236=CARTESIAN_POINT('',(-47.7607349093274,34.0438735849156,7.08614808661306));
#7237=CARTESIAN_POINT('',(-47.735756163642,34.076468198151,7.07630446478821));
#7238=CARTESIAN_POINT('',(-47.7102712813935,34.1043597504717,7.05972587428566));
#7239=CARTESIAN_POINT('',(-47.6966052353877,34.1193163523296,7.05083574961057));
#7240=CARTESIAN_POINT('',(-47.6826043524184,34.1331021079883,7.03982047296654));
#7241=CARTESIAN_POINT('',(-47.6691933242105,34.1443810162705,7.0263139701003));
#7242=CARTESIAN_POINT('',(-47.6556531352502,34.1557685509948,7.01267738697145));
#7243=CARTESIAN_POINT('',(-47.6423410920666,34.1648280010932,6.99596067450914));
#7244=CARTESIAN_POINT('',(-47.6312546773442,34.1695895359065,6.97716205066514));
#7245=CARTESIAN_POINT('',(-47.6234007493217,34.1729627410984,6.96384457677579));
#7246=CARTESIAN_POINT('',(-47.6164914281678,34.1742459002264,6.94916688093537));
#7247=CARTESIAN_POINT('',(-47.6111772193734,34.1732223495711,6.9342964627036));
#7248=CARTESIAN_POINT('',(-47.6058648645886,34.17219915601,6.91943123243088));
#7249=CARTESIAN_POINT('',(-47.602008191719,34.1688629978873,6.90402364956372));
#7250=CARTESIAN_POINT('',(-47.5996693013206,34.1637272686942,6.88924538894739));
#7251=CARTESIAN_POINT('',(-47.5966506710356,34.157098968502,6.87017219719557));
#7252=CARTESIAN_POINT('',(-47.5960273275098,34.1473489845667,6.85162306604553));
#7253=CARTESIAN_POINT('',(-47.5970733776739,34.1359433049249,6.83472190079584));
#7254=CARTESIAN_POINT('',(-47.5986195872122,34.1190841032746,6.80973959706517));
#7255=CARTESIAN_POINT('',(-47.6037234942921,34.0982044335367,6.78749467125939));
#7256=CARTESIAN_POINT('',(-47.610395035823,34.0759310296848,6.76825603933394));
#7257=CARTESIAN_POINT('',(-47.6220031535472,34.0371765240232,6.73478187100148));
#7258=CARTESIAN_POINT('',(-47.6385379460107,33.99302740638,6.70901060328061));
#7259=CARTESIAN_POINT('',(-47.6557883928769,33.9478125404169,6.68863370384584));
#7260=CARTESIAN_POINT('',(-47.6867757342385,33.8665921235155,6.65203024982692));
#7261=CARTESIAN_POINT('',(-47.7210893873722,33.7792980034326,6.63132077511598));
#7262=CARTESIAN_POINT('',(-47.7524333237117,33.69125298057,6.61857652557757));
#7263=CARTESIAN_POINT('',(-44.7713286829639,30.3639327694613,0.800000000000001));
#7264=CARTESIAN_POINT('',(-44.6587755882,30.336863025599,0.800000000000001));
#7265=CARTESIAN_POINT('',(-44.5440664699951,30.3175716774684,0.800000000000001));
#7266=CARTESIAN_POINT('',(-44.4288504732546,30.3063358299798,0.800000000000001));
#7267=CARTESIAN_POINT('',(-44.1499486973357,30.2791373687662,0.800000000000001));
#7268=CARTESIAN_POINT('',(-43.8625040088349,30.2997113765214,0.800000000000001));
#7269=CARTESIAN_POINT('',(-43.5903220628693,30.3663667978571,0.800000000000001));
#7270=CARTESIAN_POINT('',(-43.3181445176895,30.4330211414717,0.800000000000001));
#7271=CARTESIAN_POINT('',(-43.0537180428953,30.5475977060366,0.800000000000001));
#7272=CARTESIAN_POINT('',(-42.8189710207042,30.7006246748859,0.800000000000001));
#7273=CARTESIAN_POINT('',(-42.5843302220859,30.8535823986763,0.800000000000001));
#7274=CARTESIAN_POINT('',(-42.3728657612614,31.0491803832455,0.800000000000001));
#7275=CARTESIAN_POINT('',(-42.2021320879388,31.271221781271,0.800000000000001));
#7276=CARTESIAN_POINT('',(-42.0315087521488,31.4931196838775,0.800000000000001));
#7277=CARTESIAN_POINT('',(-41.8968548153297,31.7475529197422,0.800000000000001));
#7278=CARTESIAN_POINT('',(-41.80935325993,32.0134372549331,0.800000000000001));
#7279=CARTESIAN_POINT('',(-41.7219029491798,32.279165876897,0.800000000000001));
#7280=CARTESIAN_POINT('',(-41.6791368540295,32.5636647063028,0.800000000000001));
#7281=CARTESIAN_POINT('',(-41.6846059800787,32.843359801078,0.800000000000001));
#7282=CARTESIAN_POINT('',(-41.6900732704281,33.1229610168251,0.800000000000001));
#7283=CARTESIAN_POINT('',(-41.7438931839279,33.4054731520273,0.800000000000001));
#7284=CARTESIAN_POINT('',(-41.8416000881761,33.6675038601003,0.800000000000001));
#7285=CARTESIAN_POINT('',(-41.9393080065708,33.9295372879149,0.800000000000001));
#7286=CARTESIAN_POINT('',(-42.0835955335726,34.1783128716764,0.800000000000001));
#7287=CARTESIAN_POINT('',(-42.2625029559356,34.3932558614033,0.800000000000001));
#7288=CARTESIAN_POINT('',(-42.4414736076889,34.6082748161963,0.800000000000001));
#7289=CARTESIAN_POINT('',(-42.6600188420129,34.7953640822459,0.800000000000001));
#7290=CARTESIAN_POINT('',(-42.9000431358101,34.9390720621791,0.800000000000001));
#7291=CARTESIAN_POINT('',(-43.1402102010274,35.0828655225946,0.800000000000001));
#7292=CARTESIAN_POINT('',(-43.4084989761257,35.1871902245942,0.800000000000001));
#7293=CARTESIAN_POINT('',(-43.6827114032249,35.2434425427485,0.800000000000001));
#7294=CARTESIAN_POINT('',(-43.9571000233495,35.2997310053847,0.800000000000001));
#7295=CARTESIAN_POINT('',(-44.2449834034194,35.309437796753,0.800000000000001));
#7296=CARTESIAN_POINT('',(-44.5225417987058,35.2717702631752,0.800000000000001));
#7297=CARTESIAN_POINT('',(-44.8002207744987,35.2340863655805,0.800000000000001));
#7298=CARTESIAN_POINT('',(-45.0752250852765,35.1479465279461,0.800000000000001));
#7299=CARTESIAN_POINT('',(-45.3247762157144,35.0204713419981,0.800000000000001));
#7300=CARTESIAN_POINT('',(-45.5743242111049,34.8929977574884,0.800000000000001));
#7301=CARTESIAN_POINT('',(-45.8053068445448,34.7206683524381,0.800000000000001));
#7302=CARTESIAN_POINT('',(-45.9985534548615,34.5177411133787,0.800000000000001));
#7303=CARTESIAN_POINT('',(-46.1916944150357,34.3149248169726,0.800000000000001));
#7304=CARTESIAN_POINT('',(-46.3524714627566,34.0759405026308,0.800000000000001));
#7305=CARTESIAN_POINT('',(-46.4675120561766,33.8205906593756,0.800000000000001));
#7306=CARTESIAN_POINT('',(-46.4689046242152,33.817499645849,0.800000000000001));
#7307=CARTESIAN_POINT('',(-46.4702909048337,33.8144057920048,0.800000000000005));
#7308=CARTESIAN_POINT('',(-46.4716708807483,33.811309136254,0.800000000000005));
#7309=CARTESIAN_POINT('',(-83.1947544403915,34.3486987372273,0.800000000000072));
#7310=CARTESIAN_POINT('',(-83.06250321743,34.3153737846927,3.24934017823195));
#7311=CARTESIAN_POINT('',(-82.4356064296375,34.2753281313026,5.6518417204685));
#7312=CARTESIAN_POINT('',(-81.3797293069293,34.2298035466842,7.82991722726866));
#7313=CARTESIAN_POINT('',(-81.3797293069293,34.2298035466839,7.82991722726866));
#7314=CARTESIAN_POINT('',(-81.3797293069293,34.2298035466839,7.82991722726866));
#7315=CARTESIAN_POINT('',(-81.4068412529722,34.2729074753408,7.84328879978077));
#7316=CARTESIAN_POINT('',(-81.4331835175403,34.3154456108843,7.8623345086684));
#7317=CARTESIAN_POINT('',(-81.4561177017189,34.3551725968801,7.88817236877876));
#7318=CARTESIAN_POINT('',(-81.4740817037482,34.3862901483698,7.90841077655657));
#7319=CARTESIAN_POINT('',(-81.4902737948386,34.4162570962533,7.93326151847526));
#7320=CARTESIAN_POINT('',(-81.5018633401361,34.4426091313382,7.96278867911913));
#7321=CARTESIAN_POINT('',(-81.5102178510796,34.461605421516,7.9840738098467));
#7322=CARTESIAN_POINT('',(-81.5162932254913,34.4790829969334,8.00827270304577));
#7323=CARTESIAN_POINT('',(-81.518363206806,34.4932171964208,8.03434286349642));
#7324=CARTESIAN_POINT('',(-81.5199779656989,34.5042430564874,8.05467977336519));
#7325=CARTESIAN_POINT('',(-81.5191334576121,34.5134432430307,8.07662437357127));
#7326=CARTESIAN_POINT('',(-81.5151598974176,34.5196761076631,8.09860457278227));
#7327=CARTESIAN_POINT('',(-81.5111616226866,34.5259477391324,8.1207214832568));
#7328=CARTESIAN_POINT('',(-81.5037753416735,34.5293271534375,8.14354132176683));
#7329=CARTESIAN_POINT('',(-81.4934760164447,34.5291982105627,8.16447895689153));
#7330=CARTESIAN_POINT('',(-81.484557723917,34.5290865575901,8.18260907228548));
#7331=CARTESIAN_POINT('',(-81.473242743,34.5263711903614,8.1998324913454));
#7332=CARTESIAN_POINT('',(-81.4606479941559,34.5214328375073,8.21484030480491));
#7333=CARTESIAN_POINT('',(-81.4481664960927,34.5165388898513,8.22971316943663));
#7334=CARTESIAN_POINT('',(-81.4341665642123,34.5093845677386,8.24279493235505));
#7335=CARTESIAN_POINT('',(-81.4197675712091,34.5006972597766,8.25366416879491));
#7336=CARTESIAN_POINT('',(-81.3989500043081,34.4881374498893,8.26937853553569));
#7337=CARTESIAN_POINT('',(-81.3767732299887,34.4720695402046,8.28093603150255));
#7338=CARTESIAN_POINT('',(-81.3552848598347,34.4543463674875,8.28882275040911));
#7339=CARTESIAN_POINT('',(-81.3244908839484,34.4289481195343,8.30012483754231));
#7340=CARTESIAN_POINT('',(-81.2941506462756,34.3994227238441,8.30442309629391));
#7341=CARTESIAN_POINT('',(-81.2663774603183,34.3686066152075,8.30411534018647));
#7342=CARTESIAN_POINT('',(-81.2246161909889,34.3222698422338,8.30365258140501));
#7343=CARTESIAN_POINT('',(-81.1872186255288,34.2715594839666,8.29298923144165));
#7344=CARTESIAN_POINT('',(-81.1555277709941,34.2203192547724,8.27682003411148));
#7345=CARTESIAN_POINT('',(-70.8418032740746,33.9085120364681,17.1874699209952));
#7346=CARTESIAN_POINT('',(-70.8451718675466,33.9296356075215,17.1974318134932));
#7347=CARTESIAN_POINT('',(-70.8480154161532,33.9506191262639,17.2079055880788));
#7348=CARTESIAN_POINT('',(-70.8501960478361,33.9713859119951,17.2188954667872));
#7349=CARTESIAN_POINT('',(-70.8544931069883,34.0123080481767,17.2405516498357));
#7350=CARTESIAN_POINT('',(-70.8562886959396,34.0526322136027,17.2643491204276));
#7351=CARTESIAN_POINT('',(-70.8539588779541,34.0912860034889,17.2900888307375));
#7352=CARTESIAN_POINT('',(-70.8516182886225,34.1301184997584,17.3159475423291));
#7353=CARTESIAN_POINT('',(-70.8451102605669,34.1678873372037,17.3442214474738));
#7354=CARTESIAN_POINT('',(-70.8314330573048,34.2016490233855,17.373465194621));
#7355=CARTESIAN_POINT('',(-70.8233461408166,34.2216112869727,17.3907561375462));
#7356=CARTESIAN_POINT('',(-70.8125818681568,34.240432909245,17.4086274686306));
#7357=CARTESIAN_POINT('',(-70.7983837259439,34.2565816351177,17.4259623555195));
#7358=CARTESIAN_POINT('',(-70.7862800351463,34.2703481675138,17.440740071348));
#7359=CARTESIAN_POINT('',(-70.771348921037,34.282422224124,17.4554319170115));
#7360=CARTESIAN_POINT('',(-70.7537716567767,34.2911373915114,17.4684504910034));
#7361=CARTESIAN_POINT('',(-70.7400853114317,34.2979233616622,17.4785872618295));
#7362=CARTESIAN_POINT('',(-70.7244556380259,34.3027831690689,17.4879067299544));
#7363=CARTESIAN_POINT('',(-70.7078677484659,34.3049852768135,17.4953975379213));
#7364=CARTESIAN_POINT('',(-70.6912221806115,34.3071950415791,17.5029143924222));
#7365=CARTESIAN_POINT('',(-70.673156143245,34.3067503185465,17.5087595296386));
#7366=CARTESIAN_POINT('',(-70.6553809347489,34.3037311511816,17.5124184478451));
#7367=CARTESIAN_POINT('',(-70.6387688899166,34.3009095503191,17.5158379359089));
#7368=CARTESIAN_POINT('',(-70.6220129108957,34.2958184718432,17.5174729213357));
#7369=CARTESIAN_POINT('',(-70.606184815046,34.2891043155262,17.517549408466));
#7370=CARTESIAN_POINT('',(-70.5839430505671,34.2796695303889,17.5176568887815));
#7371=CARTESIAN_POINT('',(-70.5629241109319,34.266826287314,17.5147462003302));
#7372=CARTESIAN_POINT('',(-70.5441847229931,34.2523180639906,17.5100483704675));
#7373=CARTESIAN_POINT('',(-70.5161739171185,34.230631815303,17.5030262627688));
#7374=CARTESIAN_POINT('',(-70.4922517023464,34.2046508074635,17.4919372017444));
#7375=CARTESIAN_POINT('',(-70.4722768943799,34.1772883675234,17.4794267040867));
#7376=CARTESIAN_POINT('',(-70.4381658537202,34.1305614451463,17.4580624889717));
#7377=CARTESIAN_POINT('',(-70.4141152657575,34.0783283035865,17.4320080345865));
#7378=CARTESIAN_POINT('',(-70.3968306172111,34.025134160683,17.4060268463422));
#7379=CARTESIAN_POINT('',(-70.3832282086293,33.9832722469743,17.3855805678431));
#7380=CARTESIAN_POINT('',(-70.3736608277842,33.9401760658295,17.3647671647904));
#7381=CARTESIAN_POINT('',(-70.3670833454588,33.8966132293779,17.3444076056207));
#7382=CARTESIAN_POINT('',(-56.8861371868927,33.6344759320177,16.3908890959412));
#7383=CARTESIAN_POINT('',(-56.8723292087321,33.7227847444151,16.419205211175));
#7384=CARTESIAN_POINT('',(-56.8512117076219,33.8102745748373,16.4501320167059));
#7385=CARTESIAN_POINT('',(-56.8159028924674,33.8925804878959,16.47787968756));
#7386=CARTESIAN_POINT('',(-56.8016063528767,33.9259061528734,16.4891147197518));
#7387=CARTESIAN_POINT('',(-56.7848320917362,33.9585664736375,16.4998433647907));
#7388=CARTESIAN_POINT('',(-56.7648172119062,33.989517674313,16.5089342778882));
#7389=CARTESIAN_POINT('',(-56.7446943607434,34.0206358428853,16.5180742323995));
#7390=CARTESIAN_POINT('',(-56.7209337332665,34.0505844301623,16.525760993886));
#7391=CARTESIAN_POINT('',(-56.6929605496483,34.0763072064585,16.5293174107011));
#7392=CARTESIAN_POINT('',(-56.6771777277219,34.0908203202777,16.5313239857858));
#7393=CARTESIAN_POINT('',(-56.6597916577105,34.1041669436263,16.5319994263604));
#7394=CARTESIAN_POINT('',(-56.6412509005009,34.1150177608759,16.5304979699429));
#7395=CARTESIAN_POINT('',(-56.6225287548005,34.1259747341655,16.528981824432));
#7396=CARTESIAN_POINT('',(-56.6020022894722,34.1345997275255,16.5250802060412));
#7397=CARTESIAN_POINT('',(-56.5818093916034,34.1389691539491,16.5182958351128));
#7398=CARTESIAN_POINT('',(-56.5674621788101,34.1420736657974,16.5134754861955));
#7399=CARTESIAN_POINT('',(-56.5529529056,34.1430927744145,16.5070787513831));
#7400=CARTESIAN_POINT('',(-56.5395079836165,34.1418516759798,16.4995680909615));
#7401=CARTESIAN_POINT('',(-56.5260719410151,34.1406113971993,16.4920623907785));
#7402=CARTESIAN_POINT('',(-56.5133737396853,34.1371048839574,16.4832796963711));
#7403=CARTESIAN_POINT('',(-56.5021771617366,34.1318676893471,16.4740271560535));
#7404=CARTESIAN_POINT('',(-56.4874192181701,34.1249646674719,16.4618316023335));
#7405=CARTESIAN_POINT('',(-56.4748261868681,34.1149260757717,16.4485179171234));
#7406=CARTESIAN_POINT('',(-56.464545429863,34.1032693755383,16.435379899201));
#7407=CARTESIAN_POINT('',(-56.4491014276935,34.0857583981266,16.4156436504796));
#7408=CARTESIAN_POINT('',(-56.4382216360373,34.0641749530355,16.395709177438));
#7409=CARTESIAN_POINT('',(-56.4304836402046,34.0412339618423,16.3770408783703));
#7410=CARTESIAN_POINT('',(-56.416740268064,34.0004887112559,16.3438843108478));
#7411=CARTESIAN_POINT('',(-56.4120841732665,33.954210851649,16.3135204823835));
#7412=CARTESIAN_POINT('',(-56.4114918951834,33.9069065041783,16.2868678725664));
#7413=CARTESIAN_POINT('',(-56.4103921098341,33.81906832513,16.2373773534408));
#7414=CARTESIAN_POINT('',(-56.4230587680359,33.7247858434031,16.1987678887607));
#7415=CARTESIAN_POINT('',(-56.4382336706229,33.6297525884702,16.1686934893817));
#7416=CARTESIAN_POINT('',(-64.6702112088539,32.79451399291,0.));
#7417=CARTESIAN_POINT('',(-47.689045171152,1.29451399291004,0.800000000000001));
#7418=CARTESIAN_POINT('',(-46.2279587684743,6.83298673443908,0.800000000000001));
#7419=CARTESIAN_POINT('',(-45.3842256677241,12.5520523131155,0.800000000000001));
#7420=CARTESIAN_POINT('',(-45.1866283761201,18.29451399291,0.800000000000001));
#7421=CARTESIAN_POINT('',(-47.689045171152,1.29451399291004,0.800000000000001));
#7422=CARTESIAN_POINT('',(-64.6702112088539,1.29451399291004,0.));
#7423=CARTESIAN_POINT('',(-45.1752262435609,18.29451399291,0.442223024047457));
#7424=CARTESIAN_POINT('',(-46.0210801053505,18.29451399291,37.7308928167222));
#7425=CARTESIAN_POINT('',(-83.3193423123573,18.29451399291,37.7308928167221));
#7426=CARTESIAN_POINT('',(-84.1651961741469,18.29451399291,0.442223024047462));
#7427=CARTESIAN_POINT('',(-45.3727998235202,12.5464250007262,0.437741277272221));
#7428=CARTESIAN_POINT('',(-46.2100813075473,12.5464250007262,37.3485058806906));
#7429=CARTESIAN_POINT('',(-83.1303411101605,12.5464250007262,37.3485058806905));
#7430=CARTESIAN_POINT('',(-83.9676225941876,12.5464250007262,0.437741277272226));
#7431=CARTESIAN_POINT('',(-46.2093911514152,6.85614053647171,0.418764091725668));
#7432=CARTESIAN_POINT('',(-47.0103743768543,6.85614053647171,35.7293541973011));
#7433=CARTESIAN_POINT('',(-82.3300480408535,6.85614053647171,35.7293541973011));
#7434=CARTESIAN_POINT('',(-83.1310312662926,6.85614053647171,0.418764091725673));
#7435=CARTESIAN_POINT('',(-47.6745832903933,1.29451399291004,0.385527764554194));
#7436=CARTESIAN_POINT('',(-48.4119943493894,1.29451399291004,32.8935988658604));
#7437=CARTESIAN_POINT('',(-80.9284280683184,1.29451399291004,32.8935988658604));
#7438=CARTESIAN_POINT('',(-81.6658391273145,1.29451399291004,0.385527764554198));
#7439=CARTESIAN_POINT('',(-63.0608350873664,-23.70548600709,0.800000000000001));
#7440=CARTESIAN_POINT('',(-63.0608350873665,-16.0457527545018,0.799999999999849));
#7441=CARTESIAN_POINT('',(-63.0608350873665,-16.0457527545018,0.800000000000001));
#7442=CARTESIAN_POINT('',(-61.167072489755,-15.3509943249733,0.800000000000001));
#7443=CARTESIAN_POINT('',(-59.389302879074,-14.3559444833976,0.800000000000001));
#7444=CARTESIAN_POINT('',(-56.1292833914202,-12.0583891157919,0.8));
#7445=CARTESIAN_POINT('',(-54.624317698458,-10.7104619213554,0.800000000000001));
#7446=CARTESIAN_POINT('',(-50.6344718089957,-6.18936811239766,0.800000000000001));
#7447=CARTESIAN_POINT('',(-48.7056525055064,-2.55909247405922,0.800000000000001));
#7448=CARTESIAN_POINT('',(-47.689045171152,1.29451399291004,0.800000000000001));
#7449=CARTESIAN_POINT('',(-64.6702112088539,9.29451399290999,0.800000000000001));
#7450=CARTESIAN_POINT('',(-81.3797293069213,37.94451399291,7.82991722728531));
#7451=CARTESIAN_POINT('',(-64.8332126605697,-89.7054860070901,-0.191424701812506));
#7452=CARTESIAN_POINT('',(-63.0608350873665,-16.0457527545018,0.799999999999849));
#7453=CARTESIAN_POINT('',(-62.9284971895831,-15.961354000708,0.996575272997029));
#7454=CARTESIAN_POINT('',(-62.8300935614667,-15.8763965134839,1.22026320247172));
#7455=CARTESIAN_POINT('',(-62.7747243084285,-15.7952857893437,1.45185250065503));
#7456=CARTESIAN_POINT('',(-62.7194349363612,-15.7142920832783,1.68310768600532));
#7457=CARTESIAN_POINT('',(-62.7055633743935,-15.634797463162,1.92879640930933));
#7458=CARTESIAN_POINT('',(-62.7356158387424,-15.5613664042595,2.16712514197118));
#7459=CARTESIAN_POINT('',(-62.7433759831124,-15.542405043497,2.22866636373212));
#7460=CARTESIAN_POINT('',(-62.7540252643723,-15.5237520650785,2.29000793559055));
#7461=CARTESIAN_POINT('',(-62.7675259841371,-15.50548600709,2.35076282600959));
#7462=CARTESIAN_POINT('',(-62.7675259841371,-15.50548600709,2.35076282600959));
#7463=CARTESIAN_POINT('',(-62.7675259841371,-15.50548600709,2.35076282600959));
#7464=CARTESIAN_POINT('',(-62.8988740344265,-15.4588735729479,2.58422762265935));
#7465=CARTESIAN_POINT('',(-63.0722973740941,-15.4156845647842,2.79953395921923));
#7466=CARTESIAN_POINT('',(-63.2758018800683,-15.3799041535948,2.97627251989429));
#7467=CARTESIAN_POINT('',(-63.4773426390893,-15.3444690107969,3.15130561558033));
#7468=CARTESIAN_POINT('',(-63.7147674387089,-15.315298924956,3.29345470979077));
#7469=CARTESIAN_POINT('',(-63.9668379829863,-15.2957719524319,3.38613722987442));
#7470=CARTESIAN_POINT('',(-64.200038474454,-15.2777067730888,3.47188151743462));
#7471=CARTESIAN_POINT('',(-64.4527099890922,-15.2673842617984,3.51773128150086));
#7472=CARTESIAN_POINT('',(-64.7018259017903,-15.266009236816,3.51825484771361));
#7473=CARTESIAN_POINT('',(-64.9379487350308,-15.2647059286848,3.51875110640783));
#7474=CARTESIAN_POINT('',(-65.1774244900779,-15.2713823852436,3.47865584984067));
#7475=CARTESIAN_POINT('',(-65.4003429942926,-15.285325869871,3.4020473843983));
#7476=CARTESIAN_POINT('',(-65.6218893320348,-15.2991835259029,3.32591047948495));
#7477=CARTESIAN_POINT('',(-65.8329422840139,-15.3205391683857,3.21191352330616));
#7478=CARTESIAN_POINT('',(-66.0183247346457,-15.3473916299681,3.07054897685899));
#7479=CARTESIAN_POINT('',(-66.2109351002486,-15.3752910477669,2.92367273867314));
#7480=CARTESIAN_POINT('',(-66.3808180056513,-15.4097912718529,2.74371578963393));
#7481=CARTESIAN_POINT('',(-66.5175904665406,-15.4480592298768,2.54552745212195));
#7482=CARTESIAN_POINT('',(-66.5828141575356,-15.4663083529307,2.45101591960549));
#7483=CARTESIAN_POINT('',(-66.6412145386325,-15.4855530962811,2.3516394686737));
#7484=CARTESIAN_POINT('',(-66.6921349865792,-15.50548600709,2.24902671515131));
#7485=CARTESIAN_POINT('',(-66.6921349865792,-15.50548600709,2.24902671515131));
#7486=CARTESIAN_POINT('',(-66.6921349865792,-15.50548600709,2.24902671515131));
#7487=CARTESIAN_POINT('',(-66.7350202558187,-15.5812824304374,1.99435564654581));
#7488=CARTESIAN_POINT('',(-66.7273290025069,-15.6648320243911,1.72891054139579));
#7489=CARTESIAN_POINT('',(-66.6715774874534,-15.7504816775886,1.47991756404292));
#7490=CARTESIAN_POINT('',(-66.6174440583022,-15.8336455060289,1.23815115310761));
#7491=CARTESIAN_POINT('',(-66.5165038516702,-15.9214404399241,1.00429319186644));
#7492=CARTESIAN_POINT('',(-66.3789701164712,-16.008884201327,0.800000000000001));
#7493=CARTESIAN_POINT('',(-47.6772568345896,1.29451399291005,0.489389041736066));
#7494=CARTESIAN_POINT('',(-48.6023659403225,1.29451399291005,32.6117609877234));
#7495=CARTESIAN_POINT('',(-80.7380564773853,1.29451399291005,32.6117609877235));
#7496=CARTESIAN_POINT('',(-81.6631655831183,1.29451399291005,0.489389041736062));
#7497=CARTESIAN_POINT('',(-49.7960351496407,-6.74928271243947,0.428369229264588));
#7498=CARTESIAN_POINT('',(-50.6057963841846,-6.74928271243947,28.5455409253037));
#7499=CARTESIAN_POINT('',(-78.7346260335233,-6.74928271243947,28.5455409253037));
#7500=CARTESIAN_POINT('',(-79.5443872680672,-6.74928271243947,0.428369229264585));
#7501=CARTESIAN_POINT('',(-55.2949069631211,-12.9889092828817,0.270004324130476));
#7502=CARTESIAN_POINT('',(-55.8053055162932,-12.9889092828817,17.9924676142293));
#7503=CARTESIAN_POINT('',(-73.5351169014147,-12.9889092828817,17.9924676142294));
#7504=CARTESIAN_POINT('',(-74.0455154545868,-12.9889092828817,0.270004324130474));
#7505=CARTESIAN_POINT('',(-63.0065166292632,-16.0997552252911,0.0479136163209204));
#7506=CARTESIAN_POINT('',(-63.0970894025926,-16.0997552252911,3.192853272669));
#7507=CARTESIAN_POINT('',(-66.2433330151152,-16.0997552252911,3.192853272669));
#7508=CARTESIAN_POINT('',(-66.3339057884447,-16.0997552252911,0.0479136163209202));
#7509=CARTESIAN_POINT('',(-64.7199026019188,-15.50548600709,1.91691314888714));
#7510=CARTESIAN_POINT('',(-64.7199026019188,-15.50548600709,1.91691314888714));
#7511=CARTESIAN_POINT('',(-64.7199026019188,-23.70548600709,1.91691314888714));
#7512=CARTESIAN_POINT('',(-81.2691475531609,42.29451399291,8.05413068748626));
#7513=CARTESIAN_POINT('',(-70.6049767379991,42.29451399291,17.2675523273833));
#7514=CARTESIAN_POINT('',(-56.661430190086,42.29451399291,16.2813137082572));
#7515=CARTESIAN_POINT('',(-47.8465959185403,42.29451399291,6.85016539779543));
#7516=MECHANICAL_DESIGN_GEOMETRIC_PRESENTATION_REPRESENTATION('',(#72,#23,
#24,#25,#26,#27,#28,#29,#30,#31,#32,#33,#34,#35,#36,#37,#38,#39,#40,#41,
#42,#43,#44,#45,#46,#47,#48,#49,#50,#51,#52,#53,#73,#54,#55,#74,#56,#57,
#58,#59,#60,#61,#62,#63,#64,#65,#66,#75,#67,#68,#69,#70),#7517);
#7517=(
GEOMETRIC_REPRESENTATION_CONTEXT(3)
GLOBAL_UNCERTAINTY_ASSIGNED_CONTEXT((#7518))
GLOBAL_UNIT_ASSIGNED_CONTEXT((#7524,#7520,#7519))
REPRESENTATION_CONTEXT('duckbill_half_withrim_mold',
'TOP_LEVEL_ASSEMBLY_PART')
);
#7518=UNCERTAINTY_MEASURE_WITH_UNIT(LENGTH_MEASURE(0.0508),#7524,
'DISTANCE_ACCURACY_VALUE','Maximum Tolerance applied to model');
#7519=(
NAMED_UNIT(*)
SI_UNIT($,.STERADIAN.)
SOLID_ANGLE_UNIT()
);
#7520=(
CONVERSION_BASED_UNIT('DEGREE',#7522)
NAMED_UNIT(#7521)
PLANE_ANGLE_UNIT()
);
#7521=DIMENSIONAL_EXPONENTS(0.,0.,0.,0.,0.,0.,0.);
#7522=PLANE_ANGLE_MEASURE_WITH_UNIT(PLANE_ANGLE_MEASURE(0.0174532925),#7523);
#7523=(
NAMED_UNIT(*)
PLANE_ANGLE_UNIT()
SI_UNIT($,.RADIAN.)
);
#7524=(
LENGTH_UNIT()
NAMED_UNIT(*)
SI_UNIT(.MILLI.,.METRE.)
);
ENDSEC;
END-ISO-10303-21;
